t,x,y,yaw,speed
0.0,20.000,7.475,3.14159,3.00
1.0,17.000,7.475,3.14159,3.00
2.0,14.000,7.475,3.14159,3.00
3.0,11.000,7.475,3.14159,3.00
4.0,8.000,7.475,3.14159,3.00
5.0,5.000,7.475,3.14159,3.00
6.0,2.000,7.475,3.14159,3.00
7.0,-1.000,7.475,3.14159,3.00
8.0,-4.000,7.475,3.14159,3.00
9.0,-7.000,7.475,3.14159,3.00
10.0,-10.000,7.475,3.14159,3.00
