t,x,y,yaw,speed
0.0,20.000,7.475,3.14159,5.00
1.0,15.000,7.475,3.14159,5.00
2.0,10.000,7.475,3.14159,5.00
3.0,5.000,7.475,3.14159,5.00
4.0,0.000,7.475,3.14159,5.00
5.0,-5.000,7.475,3.14159,5.00
6.0,-10.000,7.475,3.14159,5.00
