t,x,y,yaw,speed
0.0,20.000,7.475,3.14159,4.00
1.0,16.000,7.475,3.14159,4.00
2.0,12.000,7.475,3.14159,4.00
3.0,8.000,7.475,3.14159,4.00
4.0,4.000,7.475,3.14159,4.00
5.0,0.000,7.475,3.14159,4.00
6.0,-4.000,7.475,3.14159,4.00
7.0,-8.000,7.475,3.14159,4.00
