t,x,y,yaw,speed,yaw_rate,a_lat,planner,min_d,track_error,fre_min_d,fgm_min_d,fre_track,fgm_track,collision
3.0745e-05,-9.99917,7.475,0,0.118901,0,0,FGM,0.415368,0.145487,0.367442,0.415368,0.381943,0.145487,0
0.00265976,-9.99917,7.475,0,0.118901,0,0,FGM,0.415368,0.145487,0.367442,0.415368,0.381943,0.145487,0
0.00663593,-9.99917,7.475,0,0.118901,0,0,FGM,0.415368,0.145487,0.367442,0.415368,0.381943,0.145487,0
0.0106577,-9.9975,7.475,8.8351e-05,0.214001,0.0207461,0.00443967,FGM,0.415368,0.145487,0.367442,0.415368,0.381943,0.145487,0
0.0146709,-9.9975,7.475,8.8351e-05,0.214001,0.0207461,0.00443967,FGM,0.415368,0.145487,0.367442,0.415368,0.381943,0.145487,0
0.0199794,-9.99489,7.475,0.000476581,0.309101,0.0599924,0.0185437,FGM,0.415368,0.145487,0.367442,0.415368,0.381943,0.145487,0
0.0226489,-9.99489,7.475,0.000476581,0.309101,0.0599924,0.0185437,FGM,0.415368,0.145487,0.367442,0.415368,0.381943,0.145487,0
0.0266341,-9.99489,7.475,0.000476581,0.309101,0.0599924,0.0185437,FGM,0.420989,0.163166,0.385769,0.420989,0.381943,0.163166,0
0.0306512,-9.99132,7.475,0.00135032,0.404201,0.117877,0.0476459,FGM,0.420989,0.163166,0.385769,0.420989,0.381943,0.163166,0
0.034678,-9.99132,7.475,0.00135032,0.404201,0.117877,0.0476459,FGM,0.420989,0.163166,0.385769,0.420989,0.381943,0.163166,0
0.0399751,-9.9868,7.47501,0.00243951,0.499301,0.0969078,0.0483861,FGM,0.420989,0.163166,0.385769,0.420989,0.381943,0.163166,0
0.0426564,-9.9868,7.47501,0.00243951,0.499301,0.0969078,0.0483861,FGM,0.420989,0.163166,0.385769,0.420989,0.381943,0.163166,0
0.046678,-9.9868,7.47501,0.00243951,0.499301,0.0969078,0.0483861,FGM,0.420989,0.163166,0.385769,0.420989,0.381943,0.163166,0
0.0506144,-9.98134,7.47506,0.00323538,0.594401,0.0427774,0.0254269,FGM,0.420989,0.163166,0.385769,0.420989,0.381943,0.163166,0
0.0546364,-9.98134,7.47506,0.00323538,0.594401,0.0427774,0.0254269,FGM,0.420989,0.163166,0.385769,0.420989,0.381943,0.163166,0
0.0599739,-9.97494,7.47517,0.00380114,0.685243,0.0773948,0.0530342,FGM,0.420989,0.163166,0.385769,0.420989,0.381943,0.163166,0
0.0626488,-9.97494,7.47517,0.00380114,0.685243,0.0773948,0.0530342,FGM,0.420989,0.163166,0.385769,0.420989,0.381943,0.163166,0
0.0666654,-9.97494,7.47517,0.00380114,0.685243,0.0773948,0.0530342,FGM,0.420989,0.163166,0.385769,0.420989,0.381943,0.163166,0
0.0706529,-9.96766,7.47534,0.00469116,0.771765,0.0863987,0.0666795,FGM,0.420989,0.163166,0.385769,0.420989,0.381943,0.163166,0
0.0746787,-9.96766,7.47534,0.00469116,0.771765,0.0863987,0.0666795,FGM,0.420989,0.163166,0.385769,0.420989,0.381943,0.163166,0
0.0799983,-9.95953,7.47554,0.00560783,0.854173,0.108827,0.0929567,FGM,0.427556,0.195203,0.366499,0.427556,0.381943,0.195203,0
0.0826469,-9.95953,7.47554,0.00560783,0.854173,0.108827,0.0929567,FGM,0.427556,0.195203,0.366499,0.427556,0.381943,0.195203,0
0.0866707,-9.95953,7.47554,0.00560783,0.854173,0.108827,0.0929567,FGM,0.427556,0.195203,0.366499,0.427556,0.381943,0.195203,0
0.0906524,-9.95059,7.47579,0.00678642,0.933725,0.114055,0.106496,FGM,0.427556,0.195203,0.366499,0.427556,0.381943,0.195203,0
0.0946665,-9.95059,7.47579,0.00678642,0.933725,0.114055,0.106496,FGM,0.427556,0.195203,0.366499,0.427556,0.381943,0.195203,0
0.0999563,-9.94088,7.47606,0.00795425,1.00949,0.131782,0.133033,FGM,0.427556,0.195203,0.366499,0.427556,0.381943,0.195203,0
0.102645,-9.94088,7.47606,0.00795425,1.00949,0.131782,0.133033,FGM,0.427556,0.195203,0.366499,0.427556,0.381943,0.195203,0
0.106669,-9.94088,7.47606,0.00795425,1.00949,0.131782,0.133033,FGM,0.427556,0.195203,0.366499,0.427556,0.381943,0.195203,0
0.110651,-9.93043,7.47638,0.00935725,1.08166,0.135963,0.147066,FGM,0.427556,0.195203,0.366499,0.427556,0.381943,0.195203,0
0.114649,-9.93043,7.47638,0.00935725,1.08166,0.135963,0.147066,FGM,0.427556,0.195203,0.366499,0.427556,0.381943,0.195203,0
0.119996,-9.91927,7.47672,0.0107306,1.1504,0.15123,0.173975,FGM,0.427556,0.195203,0.366499,0.427556,0.381943,0.195203,0
0.122645,-9.91927,7.47672,0.0107306,1.1504,0.15123,0.173975,FGM,0.427556,0.195203,0.366499,0.427556,0.381943,0.195203,0
0.126663,-9.91927,7.47672,0.0107306,1.1504,0.15123,0.173975,FGM,0.422282,0.23753,0.378905,0.422282,0.381943,0.23753,0
0.130648,-9.90744,7.47711,0.0123245,1.21748,0.154702,0.188347,FGM,0.422282,0.23753,0.378905,0.422282,0.381943,0.23753,0
0.134688,-9.90744,7.47711,0.0123245,1.21748,0.154702,0.188347,FGM,0.422282,0.23753,0.378905,0.422282,0.381943,0.23753,0
0.139938,-9.89495,7.47753,0.0138761,1.28138,0.168331,0.215695,FGM,0.422282,0.23753,0.378905,0.422282,0.381943,0.23753,0
0.142647,-9.89495,7.47753,0.0138761,1.28138,0.168331,0.215695,FGM,0.422282,0.23753,0.378905,0.422282,0.381943,0.23753,0
0.146632,-9.89495,7.47753,0.0138761,1.28138,0.168331,0.215695,FGM,0.422282,0.23753,0.378905,0.422282,0.381943,0.23753,0
0.150617,-9.88184,7.478,0.0156405,1.34223,0.171398,0.230057,FGM,0.422282,0.23753,0.378905,0.422282,0.381943,0.23753,0
0.154684,-9.88184,7.478,0.0156405,1.34223,0.171398,0.230057,FGM,0.422282,0.23753,0.378905,0.422282,0.381943,0.23753,0
0.160013,-9.86814,7.47849,0.0173518,1.4002,0.183871,0.257456,FGM,0.422282,0.23753,0.378905,0.422282,0.381943,0.23753,0
0.162648,-9.86814,7.47849,0.0173518,1.4002,0.183871,0.257456,FGM,0.422282,0.23753,0.378905,0.422282,0.381943,0.23753,0
0.166669,-9.86814,7.47849,0.0173518,1.4002,0.183871,0.257456,FGM,0.422282,0.23753,0.378905,0.422282,0.381943,0.23753,0
0.170654,-9.85387,7.47905,0.0192706,1.45541,0.186434,0.271338,FGM,0.422282,0.23753,0.378905,0.422282,0.381943,0.23753,0
0.17465,-9.85387,7.47905,0.0192706,1.45541,0.186434,0.271338,FGM,0.422282,0.23753,0.378905,0.422282,0.381943,0.23753,0
0.179981,-9.83907,7.47963,0.0211259,1.50799,0.197948,0.298503,FGM,0.429566,0.260154,0.37917,0.429566,0.381943,0.260154,0
0.182626,-9.83907,7.47963,0.0211259,1.50799,0.197948,0.298503,FGM,0.429566,0.260154,0.37917,0.429566,0.381943,0.260154,0
0.186643,-9.83907,7.47963,0.0211259,1.50799,0.197948,0.298503,FGM,0.429566,0.260154,0.37917,0.429566,0.381943,0.260154,0
0.19063,-9.82375,7.48027,0.023184,1.55869,0.200004,0.311744,FGM,0.429566,0.260154,0.37917,0.429566,0.381943,0.260154,0
0.194644,-9.82375,7.48027,0.023184,1.55869,0.200004,0.311744,FGM,0.429566,0.260154,0.37917,0.429566,0.381943,0.260154,0
0.199951,-9.80793,7.48095,0.0251696,1.60698,0.210707,0.338602,FGM,0.429566,0.260154,0.37917,0.429566,0.381943,0.260154,0
0.202625,-9.80793,7.48095,0.0251696,1.60698,0.210707,0.338602,FGM,0.429566,0.260154,0.37917,0.429566,0.381943,0.260154,0
0.206645,-9.80793,7.48095,0.0251696,1.60698,0.210707,0.338602,FGM,0.429566,0.260154,0.37917,0.429566,0.381943,0.260154,0
0.210631,-9.79165,7.48169,0.0273551,1.65297,0.212417,0.35112,FGM,0.429566,0.260154,0.37917,0.429566,0.381943,0.260154,0
0.214649,-9.79165,7.48169,0.0273551,1.65297,0.212417,0.35112,FGM,0.429566,0.260154,0.37917,0.429566,0.381943,0.260154,0
0.219974,-9.77492,7.48246,0.0294602,1.69678,0.222481,0.377502,FGM,0.429566,0.260154,0.37917,0.429566,0.381943,0.260154,0
0.222624,-9.77492,7.48246,0.0294602,1.69678,0.222481,0.377502,FGM,0.429566,0.260154,0.37917,0.429566,0.381943,0.260154,0
0.226643,-9.77492,7.48246,0.0294602,1.69678,0.222481,0.377502,FGM,0.430717,0.28989,0.371325,0.430717,0.381943,0.28989,0
0.23063,-9.75775,7.4833,0.0317604,1.741,0.22358,0.389254,FGM,0.430717,0.28989,0.371325,0.430717,0.381943,0.28989,0
0.234643,-9.75775,7.4833,0.0317604,1.741,0.22358,0.389254,FGM,0.430717,0.28989,0.371325,0.430717,0.381943,0.28989,0
0.23995,-9.74015,7.48419,0.0339732,1.78312,0.232965,0.415405,FGM,0.430717,0.28989,0.371325,0.430717,0.381943,0.28989,0
0.242626,-9.74015,7.48419,0.0339732,1.78312,0.232965,0.415405,FGM,0.430717,0.28989,0.371325,0.430717,0.381943,0.28989,0
0.246642,-9.74015,7.48419,0.0339732,1.78312,0.232965,0.415405,FGM,0.430717,0.28989,0.371325,0.430717,0.381943,0.28989,0
0.250627,-9.72215,7.48514,0.0363802,1.82324,0.234117,0.426852,FGM,0.430717,0.28989,0.371325,0.430717,0.381943,0.28989,0
0.254648,-9.72215,7.48514,0.0363802,1.82324,0.234117,0.426852,FGM,0.430717,0.28989,0.371325,0.430717,0.381943,0.28989,0
0.259967,-9.70375,7.48614,0.0386955,1.86145,0.24318,0.452667,FGM,0.430717,0.28989,0.371325,0.430717,0.381943,0.28989,0
0.262623,-9.70375,7.48614,0.0386955,1.86145,0.24318,0.452667,FGM,0.430717,0.28989,0.371325,0.430717,0.381943,0.28989,0
0.266645,-9.70375,7.48614,0.0386955,1.86145,0.24318,0.452667,FGM,0.430717,0.28989,0.371325,0.430717,0.381943,0.28989,0
0.27063,-9.68498,7.48721,0.0412046,1.89784,0.244081,0.463227,FGM,0.430717,0.28989,0.371325,0.430717,0.381943,0.28989,0
0.274642,-9.68498,7.48721,0.0412046,1.89784,0.244081,0.463227,FGM,0.430717,0.28989,0.371325,0.430717,0.381943,0.28989,0
0.279959,-9.66587,7.48833,0.0436163,1.9325,0.252721,0.488384,FGM,0.419984,0.31519,0.374978,0.419984,0.381943,0.31519,0
0.282624,-9.66587,7.48833,0.0436163,1.9325,0.252721,0.488384,FGM,0.419984,0.31519,0.374978,0.419984,0.381943,0.31519,0
0.286648,-9.66587,7.48833,0.0436163,1.9325,0.252721,0.488384,FGM,0.419984,0.31519,0.374978,0.419984,0.381943,0.31519,0
0.290632,-9.64639,7.48953,0.046215,1.96985,0.252684,0.49775,FGM,0.419984,0.31519,0.374978,0.419984,0.381943,0.31519,0
0.29466,-9.64639,7.48953,0.046215,1.96985,0.252684,0.49775,FGM,0.419984,0.31519,0.374978,0.419984,0.381943,0.31519,0
0.299966,-9.62655,7.49078,0.0487093,2.00542,0.260603,0.522618,FGM,0.419984,0.31519,0.374978,0.419984,0.381943,0.31519,0
0.302625,-9.62655,7.49078,0.0487093,2.00542,0.260603,0.522618,FGM,0.419984,0.31519,0.374978,0.419984,0.381943,0.31519,0
0.306645,-9.62655,7.49078,0.0487093,2.00542,0.260603,0.522618,FGM,0.419984,0.31519,0.374978,0.419984,0.381943,0.31519,0
0.310632,-9.60637,7.49211,0.0513913,2.0393,0.261132,0.532525,FGM,0.419984,0.31519,0.374978,0.419984,0.381943,0.31519,0
0.314643,-9.60637,7.49211,0.0513913,2.0393,0.261132,0.532525,FGM,0.419984,0.31519,0.374978,0.419984,0.381943,0.31519,0
0.319948,-9.58587,7.4935,0.0539694,2.07156,0.269113,0.557485,FGM,0.419984,0.31519,0.374978,0.419984,0.381943,0.31519,0
0.322625,-9.58587,7.4935,0.0539694,2.07156,0.269113,0.557485,FGM,0.419984,0.31519,0.374978,0.419984,0.381943,0.31519,0
0.326645,-9.58587,7.4935,0.0539694,2.07156,0.269113,0.557485,FGM,0.34124,0.254828,0.372743,0.34124,0.381943,0.254828,0
0.33063,-9.56503,7.49497,0.0567307,2.107,0.268726,0.566207,FGM,0.34124,0.254828,0.372743,0.34124,0.381943,0.254828,0
0.334652,-9.56503,7.49497,0.0567307,2.107,0.268726,0.566207,FGM,0.34124,0.254828,0.372743,0.34124,0.381943,0.254828,0
0.339988,-9.54384,7.49649,0.0591284,2.14076,0.201757,0.431912,FGM,0.34124,0.254828,0.372743,0.34124,0.381943,0.254828,0
0.342626,-9.54384,7.49649,0.0591284,2.14076,0.201757,0.431912,FGM,0.34124,0.254828,0.372743,0.34124,0.381943,0.254828,0
0.346652,-9.54384,7.49649,0.0591284,2.14076,0.201757,0.431912,FGM,0.34124,0.254828,0.372743,0.34124,0.381943,0.254828,0
0.35063,-9.52233,7.498,0.0608811,2.17291,0.166745,0.362322,FGM,0.34124,0.254828,0.372743,0.34124,0.381943,0.254828,0
0.354646,-9.52233,7.498,0.0608811,2.17291,0.166745,0.362322,FGM,0.34124,0.254828,0.372743,0.34124,0.381943,0.254828,0
0.359953,-9.5005,7.49955,0.0624768,2.20353,0.139572,0.30755,FGM,0.34124,0.254828,0.372743,0.34124,0.381943,0.254828,0
0.362623,-9.5005,7.49955,0.0624768,2.20353,0.139572,0.30755,FGM,0.34124,0.254828,0.372743,0.34124,0.381943,0.254828,0
0.366646,-9.5005,7.49955,0.0624768,2.20353,0.139572,0.30755,FGM,0.34124,0.254828,0.372743,0.34124,0.381943,0.254828,0
0.370631,-9.47837,7.50111,0.0637367,2.23269,0.128511,0.286924,FGM,0.34124,0.254828,0.372743,0.34124,0.381943,0.254828,0
0.37465,-9.47837,7.50111,0.0637367,2.23269,0.128511,0.286924,FGM,0.34124,0.254828,0.372743,0.34124,0.381943,0.254828,0
0.379972,-9.45596,7.50271,0.0650308,2.26047,0.116045,0.262315,FGM,0.29889,0.280807,0.338426,0.29889,0.387747,0.280807,0
0.382626,-9.45596,7.50271,0.0650308,2.26047,0.116045,0.262315,FGM,0.29889,0.280807,0.338426,0.29889,0.387747,0.280807,0
0.386643,-9.45596,7.50271,0.0650308,2.26047,0.116045,0.262315,FGM,0.29889,0.280807,0.338426,0.29889,0.387747,0.280807,0
0.390629,-9.43326,7.50433,0.0661037,2.29113,0.113781,0.260688,FGM,0.29889,0.280807,0.338426,0.29889,0.387747,0.280807,0
0.394644,-9.43326,7.50433,0.0661037,2.29113,0.113781,0.260688,FGM,0.29889,0.280807,0.338426,0.29889,0.387747,0.280807,0
0.399958,-9.41027,7.506,0.067281,2.32033,0.107094,0.248494,FGM,0.29889,0.280807,0.338426,0.29889,0.387747,0.280807,0
0.402625,-9.41027,7.506,0.067281,2.32033,0.107094,0.248494,FGM,0.29889,0.280807,0.338426,0.29889,0.387747,0.280807,0
0.406642,-9.41027,7.506,0.067281,2.32033,0.107094,0.248494,FGM,0.29889,0.280807,0.338426,0.29889,0.387747,0.280807,0
0.410632,-9.38699,7.50769,0.0682838,2.34815,0.108629,0.255076,FGM,0.29889,0.280807,0.338426,0.29889,0.387747,0.280807,0
0.414665,-9.38699,7.50769,0.0682838,2.34815,0.108629,0.255076,FGM,0.29889,0.280807,0.338426,0.29889,0.387747,0.280807,0
0.419969,-9.36344,7.50944,0.0694239,2.37464,0.10441,0.247935,FGM,0.29889,0.280807,0.338426,0.29889,0.387747,0.280807,0
0.422627,-9.36344,7.50944,0.0694239,2.37464,0.10441,0.247935,FGM,0.29889,0.280807,0.338426,0.29889,0.387747,0.280807,0
0.426642,-9.36344,7.50944,0.0694239,2.37464,0.10441,0.247935,FGM,0.369391,0.387329,0.329886,0.369391,0.387747,0.387329,0
0.430633,-9.33962,7.51121,0.070407,2.40169,0.107314,0.257735,FGM,0.369391,0.387329,0.329886,0.369391,0.387747,0.387329,0
0.434643,-9.33962,7.51121,0.070407,2.40169,0.107314,0.257735,FGM,0.369391,0.387329,0.329886,0.369391,0.387747,0.387329,0
0.439948,-9.31554,7.51303,0.0715395,2.42747,0.104115,0.252735,FGM,0.369391,0.387329,0.329886,0.369391,0.387747,0.387329,0
0.442625,-9.31554,7.51303,0.0715395,2.42747,0.104115,0.252735,FGM,0.369391,0.387329,0.329886,0.369391,0.387747,0.387329,0
0.446641,-9.31554,7.51303,0.0715395,2.42747,0.104115,0.252735,FGM,0.369391,0.387329,0.329886,0.369391,0.387747,0.387329,0
0.450628,-9.29122,7.51487,0.072523,2.45201,0.1078,0.264326,FGM,0.369391,0.387329,0.329886,0.369391,0.387747,0.387329,0
0.454654,-9.29122,7.51487,0.072523,2.45201,0.1078,0.264326,FGM,0.369391,0.387329,0.329886,0.369391,0.387747,0.387329,0
0.459975,-9.26665,7.51678,0.0736641,2.47539,0.105126,0.260228,FGM,0.369391,0.387329,0.329886,0.369391,0.387747,0.387329,0
0.462623,-9.26665,7.51678,0.0736641,2.47539,0.105126,0.260228,FGM,0.369391,0.387329,0.329886,0.369391,0.387747,0.387329,0
0.466643,-9.26665,7.51678,0.0736641,2.47539,0.105126,0.260228,FGM,0.369391,0.387329,0.329886,0.369391,0.387747,0.387329,0
0.470627,-9.24186,7.5187,0.0746584,2.49766,0.109116,0.272535,FGM,0.369391,0.387329,0.329886,0.369391,0.387747,0.387329,0
0.474643,-9.24186,7.5187,0.0746584,2.49766,0.109116,0.272535,FGM,0.369391,0.387329,0.329886,0.369391,0.387747,0.387329,0
0.47995,-9.21686,7.52069,0.0758147,2.51887,0.106652,0.268641,FGM,0.35324,0.398038,0.335787,0.35324,0.387747,0.398038,0
0.482623,-9.21686,7.52069,0.0758147,2.51887,0.106652,0.268641,FGM,0.35324,0.398038,0.335787,0.35324,0.387747,0.398038,0
0.486643,-9.21686,7.52069,0.0758147,2.51887,0.106652,0.268641,FGM,0.35324,0.398038,0.335787,0.35324,0.387747,0.398038,0
0.49063,-9.19161,7.5227,0.0768217,2.54649,0.109791,0.279582,FGM,0.35324,0.398038,0.335787,0.35324,0.387747,0.398038,0
0.494645,-9.19161,7.5227,0.0768217,2.54649,0.109791,0.279582,FGM,0.35324,0.398038,0.335787,0.35324,0.387747,0.398038,0
0.499966,-9.1661,7.52477,0.0779818,2.5728,0.107184,0.275763,FGM,0.35324,0.398038,0.335787,0.35324,0.387747,0.398038,0
0.502625,-9.1661,7.52477,0.0779818,2.5728,0.107184,0.275763,FGM,0.35324,0.398038,0.335787,0.35324,0.387747,0.398038,0
0.506644,-9.1661,7.52477,0.0779818,2.5728,0.107184,0.275763,FGM,0.35324,0.398038,0.335787,0.35324,0.387747,0.398038,0
0.510629,-9.14033,7.52688,0.078997,2.59786,0.111007,0.288381,FGM,0.35324,0.398038,0.335787,0.35324,0.387747,0.398038,0
0.514644,-9.14033,7.52688,0.078997,2.59786,0.111007,0.288381,FGM,0.35324,0.398038,0.335787,0.35324,0.387747,0.398038,0
0.519952,-9.11432,7.52904,0.0801724,2.62173,0.10882,0.285296,FGM,0.35324,0.398038,0.335787,0.35324,0.387747,0.398038,0
0.522627,-9.11432,7.52904,0.0801724,2.62173,0.10882,0.285296,FGM,0.35324,0.398038,0.335787,0.35324,0.387747,0.398038,0
0.526644,-9.11432,7.52904,0.0801724,2.62173,0.10882,0.285296,FGM,0.343414,0.420369,0.326521,0.343414,0.387747,0.420369,0
0.530634,-9.08806,7.53124,0.0812024,2.64929,0.112188,0.297218,FGM,0.343414,0.420369,0.326521,0.343414,0.387747,0.420369,0
0.534667,-9.08806,7.53124,0.0812024,2.64929,0.112188,0.297218,FGM,0.343414,0.420369,0.326521,0.343414,0.387747,0.420369,0
0.539987,-9.06153,7.5335,0.0823883,2.67555,0.109938,0.294144,FGM,0.343414,0.420369,0.326521,0.343414,0.387747,0.420369,0
0.542624,-9.06153,7.5335,0.0823883,2.67555,0.109938,0.294144,FGM,0.343414,0.420369,0.326521,0.343414,0.387747,0.420369,0
0.546644,-9.06153,7.5335,0.0823883,2.67555,0.109938,0.294144,FGM,0.343414,0.420369,0.326521,0.343414,0.387747,0.420369,0
0.550627,-9.03475,7.53579,0.0834314,2.70055,0.113807,0.307341,FGM,0.343414,0.420369,0.326521,0.343414,0.387747,0.420369,0
0.554643,-9.03475,7.53579,0.0834314,2.70055,0.113807,0.307341,FGM,0.343414,0.420369,0.326521,0.343414,0.387747,0.420369,0
0.55995,-9.00773,7.53815,0.084636,2.72437,0.111855,0.304735,FGM,0.343414,0.420369,0.326521,0.343414,0.387747,0.420369,0
0.562623,-9.00773,7.53815,0.084636,2.72437,0.111855,0.304735,FGM,0.343414,0.420369,0.326521,0.343414,0.387747,0.420369,0
0.566666,-9.00773,7.53815,0.084636,2.72437,0.111855,0.304735,FGM,0.343414,0.420369,0.326521,0.343414,0.387747,0.420369,0
0.570629,-8.98048,7.54055,0.0856981,2.74706,0.115866,0.318291,FGM,0.343414,0.420369,0.326521,0.343414,0.387747,0.420369,0
0.574639,-8.98048,7.54055,0.0856981,2.74706,0.115866,0.318291,FGM,0.343414,0.420369,0.326521,0.343414,0.387747,0.420369,0
0.579976,-8.95301,7.543,0.0869245,2.76867,0.113984,0.315582,FGM,0.357339,0.419148,0.232722,0.357339,0.3893,0.419148,0
0.582617,-8.95301,7.543,0.0869245,2.76867,0.113984,0.315582,FGM,0.357339,0.419148,0.232722,0.357339,0.3893,0.419148,0
0.586636,-8.95301,7.543,0.0869245,2.76867,0.113984,0.315582,FGM,0.357339,0.419148,0.232722,0.357339,0.3893,0.419148,0
0.590654,-8.92531,7.54549,0.0880055,2.79283,0.11744,0.327989,FGM,0.357339,0.419148,0.232722,0.357339,0.3893,0.419148,0
0.594665,-8.92531,7.54549,0.0880055,2.79283,0.11744,0.327989,FGM,0.357339,0.419148,0.232722,0.357339,0.3893,0.419148,0
0.599975,-8.89738,7.54805,0.089246,2.81585,0.115351,0.324811,FGM,0.357339,0.419148,0.232722,0.357339,0.3893,0.419148,0
0.602658,-8.89738,7.54805,0.089246,2.81585,0.115351,0.324811,FGM,0.357339,0.419148,0.232722,0.357339,0.3893,0.419148,0
0.606669,-8.89738,7.54805,0.089246,2.81585,0.115351,0.324811,FGM,0.357339,0.419148,0.232722,0.357339,0.3893,0.419148,0
0.610652,-8.86923,7.55064,0.0903416,2.83778,0.119131,0.338067,FGM,0.357339,0.419148,0.232722,0.357339,0.3893,0.419148,0
0.614679,-8.86923,7.55064,0.0903416,2.83778,0.119131,0.338067,FGM,0.357339,0.419148,0.232722,0.357339,0.3893,0.419148,0
0.619966,-8.84088,7.5533,0.0916008,2.85866,0.117231,0.335124,FGM,0.357339,0.419148,0.232722,0.357339,0.3893,0.419148,0
0.622651,-8.84088,7.5533,0.0916008,2.85866,0.117231,0.335124,FGM,0.357339,0.419148,0.232722,0.357339,0.3893,0.419148,0
0.626675,-8.84088,7.5533,0.0916008,2.85866,0.117231,0.335124,FGM,0.231038,0.371634,0.232779,0.231038,0.3893,0.371634,0
0.630654,-8.81228,7.556,0.092711,2.88642,0.119797,0.345785,FGM,0.231038,0.371634,0.232779,0.231038,0.3893,0.371634,0
0.634672,-8.81228,7.556,0.092711,2.88642,0.119797,0.345785,FGM,0.231038,0.371634,0.232779,0.231038,0.3893,0.371634,0
0.63995,-8.78341,7.55876,0.0939722,2.91287,0.117451,0.342118,FGM,0.231038,0.371634,0.232779,0.231038,0.3893,0.371634,0
0.642654,-8.78341,7.55876,0.0939722,2.91287,0.117451,0.342118,FGM,0.231038,0.371634,0.232779,0.231038,0.3893,0.371634,0
0.646669,-8.78341,7.55876,0.0939722,2.91287,0.117451,0.342118,FGM,0.231038,0.371634,0.232779,0.231038,0.3893,0.371634,0
0.650623,-8.7543,7.56157,0.0950882,2.93805,0.120865,0.355109,FGM,0.231038,0.371634,0.232779,0.231038,0.3893,0.371634,0
0.65468,-8.7543,7.56157,0.0950882,2.93805,0.120865,0.355109,FGM,0.231038,0.371634,0.232779,0.231038,0.3893,0.371634,0
0.659973,-8.72494,7.56445,0.0963638,2.96204,0.119049,0.352628,FGM,0.231038,0.371634,0.232779,0.231038,0.3893,0.371634,0
0.662652,-8.72494,7.56445,0.0963638,2.96204,0.119049,0.352628,FGM,0.231038,0.371634,0.232779,0.231038,0.3893,0.371634,0
0.666696,-8.72494,7.56445,0.0963638,2.96204,0.119049,0.352628,FGM,0.231038,0.371634,0.232779,0.231038,0.3893,0.371634,0
0.670673,-8.69534,7.56738,0.0974966,2.98489,0.122772,0.366461,FGM,0.231038,0.371634,0.232779,0.231038,0.3893,0.371634,0
0.674671,-8.69534,7.56738,0.0974966,2.98489,0.122772,0.366461,FGM,0.231038,0.371634,0.232779,0.231038,0.3893,0.371634,0
0.679981,-8.66554,7.57037,0.0987931,3.00665,0.121128,0.36419,FGM,0.11043,0.320025,0.231332,0.11043,0.3893,0.320025,0
0.682668,-8.66554,7.57037,0.0987931,3.00665,0.121128,0.36419,FGM,0.11043,0.320025,0.231332,0.11043,0.3893,0.320025,0
0.686668,-8.66554,7.57037,0.0987931,3.00665,0.121128,0.36419,FGM,0.11043,0.320025,0.231332,0.11043,0.3893,0.320025,0
0.690659,-8.6355,7.57341,0.0999436,3.0321,0.124076,0.376211,FGM,0.11043,0.320025,0.231332,0.11043,0.3893,0.320025,0
0.69468,-8.6355,7.57341,0.0999436,3.0321,0.124076,0.376211,FGM,0.11043,0.320025,0.231332,0.11043,0.3893,0.320025,0
0.699982,-8.60521,7.57651,0.10125,3.05635,0.1221,0.373181,FGM,0.11043,0.320025,0.231332,0.11043,0.3893,0.320025,0
0.702655,-8.60521,7.57651,0.10125,3.05635,0.1221,0.373181,FGM,0.11043,0.320025,0.231332,0.11043,0.3893,0.320025,0
0.706676,-8.60521,7.57651,0.10125,3.05635,0.1221,0.373181,FGM,0.11043,0.320025,0.231332,0.11043,0.3893,0.320025,0
0.710656,-8.57469,7.57965,0.102134,3.07944,0.043849,0.135031,FGM,0.11043,0.320025,0.231332,0.11043,0.3893,0.320025,0
0.714673,-8.57469,7.57965,0.102134,3.07944,0.043849,0.135031,FGM,0.11043,0.320025,0.231332,0.11043,0.3893,0.320025,0
0.719974,-8.54395,7.58276,0.102225,3.10144,-0.00710627,-0.0220397,FGM,0.11043,0.320025,0.231332,0.11043,0.3893,0.320025,0
0.722651,-8.54395,7.58276,0.102225,3.10144,-0.00710627,-0.0220397,FGM,0.11043,0.320025,0.231332,0.11043,0.3893,0.320025,0
0.726668,-8.54395,7.58276,0.102225,3.10144,-0.00710627,-0.0220397,FGM,0.281915,0.474465,0.246444,0.281915,0.377694,0.474465,0
0.730653,-8.51294,7.58588,0.102022,3.13172,-0.0462241,-0.144761,FGM,0.281915,0.474465,0.246444,0.281915,0.377694,0.474465,0
0.73468,-8.51294,7.58588,0.102022,3.13172,-0.0462241,-0.144761,FGM,0.281915,0.474465,0.246444,0.281915,0.377694,0.474465,0
0.739975,-8.48163,7.58899,0.101359,3.16056,-0.0698722,-0.220835,FGM,0.281915,0.474465,0.246444,0.281915,0.377694,0.474465,0
0.742648,-8.48163,7.58899,0.101359,3.16056,-0.0698722,-0.220835,FGM,0.281915,0.474465,0.246444,0.281915,0.377694,0.474465,0
0.746667,-8.48163,7.58899,0.101359,3.16056,-0.0698722,-0.220835,FGM,0.281915,0.474465,0.246444,0.281915,0.377694,0.474465,0
0.750622,-8.45004,7.59214,0.100898,3.18803,-0.0106505,-0.0339543,FGM,0.281915,0.474465,0.246444,0.281915,0.377694,0.474465,0
0.754674,-8.45004,7.59214,0.100898,3.18803,-0.0106505,-0.0339543,FGM,0.281915,0.474465,0.246444,0.281915,0.377694,0.474465,0
0.759994,-8.4182,7.59537,0.101072,3.2142,0.028129,0.090412,FGM,0.281915,0.474465,0.246444,0.281915,0.377694,0.474465,0
0.762651,-8.4182,7.59537,0.101072,3.2142,0.028129,0.090412,FGM,0.281915,0.474465,0.246444,0.281915,0.377694,0.474465,0
0.766664,-8.4182,7.59537,0.101072,3.2142,0.028129,0.090412,FGM,0.281915,0.474465,0.246444,0.281915,0.377694,0.474465,0
0.770652,-8.3861,7.59865,0.101448,3.23911,0.0605795,0.196224,FGM,0.281915,0.474465,0.246444,0.281915,0.377694,0.474465,0
0.774676,-8.3861,7.59865,0.101448,3.23911,0.0605795,0.196224,FGM,0.281915,0.474465,0.246444,0.281915,0.377694,0.474465,0
0.779966,-8.35376,7.602,0.102232,3.26285,0.0799416,0.260837,FGM,0.213362,0.42187,0.247446,0.213362,0.377694,0.42187,0
0.782651,-8.35376,7.602,0.102232,3.26285,0.0799416,0.260837,FGM,0.213362,0.42187,0.247446,0.213362,0.377694,0.42187,0
0.786683,-8.35376,7.602,0.102232,3.26285,0.0799416,0.260837,FGM,0.213362,0.42187,0.247446,0.213362,0.377694,0.42187,0
0.790656,-8.32117,7.60539,0.103049,3.28983,0.0975267,0.320846,FGM,0.213362,0.42187,0.247446,0.213362,0.377694,0.42187,0
0.794666,-8.32117,7.60539,0.103049,3.28983,0.0975267,0.320846,FGM,0.213362,0.42187,0.247446,0.213362,0.377694,0.42187,0
0.799943,-8.28833,7.60886,0.104147,3.31552,0.106326,0.352526,FGM,0.213362,0.42187,0.247446,0.213362,0.377694,0.42187,0
0.802652,-8.28833,7.60886,0.104147,3.31552,0.106326,0.352526,FGM,0.213362,0.42187,0.247446,0.213362,0.377694,0.42187,0
0.80667,-8.28833,7.60886,0.104147,3.31552,0.106326,0.352526,FGM,0.213362,0.42187,0.247446,0.213362,0.377694,0.42187,0
0.810658,-8.25524,7.61237,0.10519,3.34,0.117015,0.390831,FGM,0.213362,0.42187,0.247446,0.213362,0.377694,0.42187,0
0.814678,-8.25524,7.61237,0.10519,3.34,0.117015,0.390831,FGM,0.213362,0.42187,0.247446,0.213362,0.377694,0.42187,0
0.820025,-8.22191,7.61596,0.106457,3.36331,0.120815,0.406338,FGM,0.213362,0.42187,0.247446,0.213362,0.377694,0.42187,0
0.822649,-8.22191,7.61596,0.106457,3.36331,0.120815,0.406338,FGM,0.213362,0.42187,0.247446,0.213362,0.377694,0.42187,0
0.826638,-8.22191,7.61596,0.106457,3.36331,0.120815,0.406338,FGM,0.261921,0.508864,0.244086,0.261921,0.377694,0.508864,0
0.830681,-8.18833,7.6196,0.107621,3.39205,0.126624,0.429516,FGM,0.261921,0.508864,0.244086,0.261921,0.377694,0.508864,0
0.834657,-8.18833,7.6196,0.107621,3.39205,0.126624,0.429516,FGM,0.261921,0.508864,0.244086,0.261921,0.377694,0.508864,0
0.839994,-8.15448,7.62332,0.108965,3.41943,0.127179,0.434881,FGM,0.261921,0.508864,0.244086,0.261921,0.377694,0.508864,0
0.842675,-8.15448,7.62332,0.108965,3.41943,0.127179,0.434881,FGM,0.261921,0.508864,0.244086,0.261921,0.377694,0.508864,0
0.846686,-8.15448,7.62332,0.108965,3.41943,0.127179,0.434881,FGM,0.261921,0.508864,0.244086,0.261921,0.377694,0.508864,0
0.850654,-8.12036,7.62709,0.110186,3.44551,0.131841,0.45426,FGM,0.261921,0.508864,0.244086,0.261921,0.377694,0.508864,0
0.854669,-8.12036,7.62709,0.110186,3.44551,0.131841,0.45426,FGM,0.261921,0.508864,0.244086,0.261921,0.377694,0.508864,0
0.859989,-8.086,7.63094,0.111579,3.47034,0.131554,0.456536,FGM,0.261921,0.508864,0.244086,0.261921,0.377694,0.508864,0
0.862653,-8.086,7.63094,0.111579,3.47034,0.131554,0.456536,FGM,0.261921,0.508864,0.244086,0.261921,0.377694,0.508864,0
0.866668,-8.086,7.63094,0.111579,3.47034,0.131554,0.456536,FGM,0.261921,0.508864,0.244086,0.261921,0.377694,0.508864,0
0.870655,-8.0514,7.63484,0.112839,3.494,0.135605,0.473802,FGM,0.261921,0.508864,0.244086,0.261921,0.377694,0.508864,0
0.87467,-8.0514,7.63484,0.112839,3.494,0.135605,0.473802,FGM,0.261921,0.508864,0.244086,0.261921,0.377694,0.508864,0
0.879989,-8.01657,7.63883,0.114268,3.51653,0.134861,0.474244,FRENET,0.23708,0.397451,0.23708,0.213908,0.397451,0.48255,0
0.882647,-8.01657,7.63883,0.114268,3.51653,0.134861,0.474244,FRENET,0.23708,0.397451,0.23708,0.213908,0.397451,0.48255,0
0.886669,-8.01657,7.63883,0.114268,3.51653,0.134861,0.474244,FRENET,0.23708,0.397451,0.23708,0.213908,0.397451,0.48255,0
0.890656,-7.98211,7.6428,0.115655,3.42143,0.165146,0.565036,FRENET,0.23708,0.397451,0.23708,0.213908,0.397451,0.48255,0
0.894669,-7.98211,7.6428,0.115655,3.42143,0.165146,0.565036,FRENET,0.23708,0.397451,0.23708,0.213908,0.397451,0.48255,0
0.899994,-7.9486,7.64672,0.117503,3.32633,0.179243,0.596222,FRENET,0.23708,0.397451,0.23708,0.213908,0.397451,0.48255,0
0.902649,-7.9486,7.64672,0.117503,3.32633,0.179243,0.596222,FRENET,0.23708,0.397451,0.23708,0.213908,0.397451,0.48255,0
0.906669,-7.9486,7.64672,0.117503,3.32633,0.179243,0.596222,FRENET,0.23708,0.397451,0.23708,0.213908,0.397451,0.48255,0
0.910654,-7.91603,7.65052,0.118833,3.23123,0.0694682,0.224468,FRENET,0.23708,0.397451,0.23708,0.213908,0.397451,0.48255,0
0.914672,-7.91603,7.65052,0.118833,3.23123,0.0694682,0.224468,FRENET,0.23708,0.397451,0.23708,0.213908,0.397451,0.48255,0
0.919976,-7.8844,7.65415,0.119048,3.13613,0.00242315,0.00759933,FRENET,0.23708,0.397451,0.23708,0.213908,0.397451,0.48255,0
0.92265,-7.8844,7.65415,0.119048,3.13613,0.00242315,0.00759933,FRENET,0.23708,0.397451,0.23708,0.213908,0.397451,0.48255,0
0.926667,-7.8844,7.65415,0.119048,3.13613,0.00242315,0.00759933,FRENET,0.23542,0.397451,0.23542,0.228296,0.397451,0.519923,0
0.930655,-7.85372,7.65765,0.118907,3.04103,-0.0516406,-0.157041,FRENET,0.23542,0.397451,0.23542,0.228296,0.397451,0.519923,0
0.934672,-7.85372,7.65765,0.118907,3.04103,-0.0516406,-0.157041,FRENET,0.23542,0.397451,0.23542,0.228296,0.397451,0.519923,0
0.94001,-7.82397,7.66101,0.118116,2.94593,-0.0802432,-0.236391,FRENET,0.23542,0.397451,0.23542,0.228296,0.397451,0.519923,0
0.942722,-7.82397,7.66101,0.118116,2.94593,-0.0802432,-0.236391,FRENET,0.23542,0.397451,0.23542,0.228296,0.397451,0.519923,0
0.946705,-7.82397,7.66101,0.118116,2.94593,-0.0802432,-0.236391,FRENET,0.23542,0.397451,0.23542,0.228296,0.397451,0.519923,0
0.950728,-7.79517,7.66426,0.117286,2.85083,-0.108572,-0.309521,FRENET,0.23542,0.397451,0.23542,0.228296,0.397451,0.519923,0
0.954706,-7.79517,7.66426,0.117286,2.85083,-0.108572,-0.309521,FRENET,0.23542,0.397451,0.23542,0.228296,0.397451,0.519923,0
0.959374,-7.76731,7.66736,0.116022,2.75573,-0.118858,-0.327542,FRENET,0.23542,0.397451,0.23542,0.228296,0.397451,0.519923,0
0.962719,-7.76731,7.66736,0.116022,2.75573,-0.118858,-0.327542,FRENET,0.23542,0.397451,0.23542,0.228296,0.397451,0.519923,0
0.966707,-7.76731,7.66736,0.116022,2.75573,-0.118858,-0.327542,FRENET,0.23542,0.397451,0.23542,0.228296,0.397451,0.519923,0
0.970707,-7.74039,7.67037,0.11487,2.66063,-0.13499,-0.359159,FRENET,0.23542,0.397451,0.23542,0.228296,0.397451,0.519923,0
0.974724,-7.74039,7.67037,0.11487,2.66063,-0.13499,-0.359159,FRENET,0.23542,0.397451,0.23542,0.228296,0.397451,0.519923,0
0.979327,-7.71442,7.67323,0.113392,2.56553,-0.13587,-0.348579,FRENET,0.11383,0.397451,0.11383,0.223552,0.397451,0.510794,0
0.982707,-7.71442,7.67323,0.113392,2.56553,-0.13587,-0.348579,FRENET,0.11383,0.397451,0.11383,0.223552,0.397451,0.510794,0
0.986705,-7.71442,7.67323,0.113392,2.56553,-0.13587,-0.348579,FRENET,0.11383,0.397451,0.11383,0.223552,0.397451,0.510794,0
0.990692,-7.68939,7.67598,0.112103,2.47043,-0.145792,-0.36017,FRENET,0.11383,0.397451,0.11383,0.223552,0.397451,0.510794,0
0.994705,-7.68939,7.67598,0.112103,2.47043,-0.145792,-0.36017,FRENET,0.11383,0.397451,0.11383,0.223552,0.397451,0.510794,0
0.999359,-7.6653,7.67859,0.110545,2.37533,-0.141118,-0.335202,FRENET,0.11383,0.397451,0.11383,0.223552,0.397451,0.510794,0
1.00271,-7.6653,7.67859,0.110545,2.37533,-0.141118,-0.335202,FRENET,0.11383,0.397451,0.11383,0.223552,0.397451,0.510794,0
1.0067,-7.6653,7.67859,0.110545,2.37533,-0.141118,-0.335202,FRENET,0.11383,0.397451,0.11383,0.223552,0.397451,0.510794,0
1.01069,-7.64216,7.68109,0.109222,2.28023,-0.147514,-0.336367,FRENET,0.11383,0.397451,0.11383,0.223552,0.397451,0.510794,0
1.01471,-7.64216,7.68109,0.109222,2.28023,-0.147514,-0.336367,FRENET,0.11383,0.397451,0.11383,0.223552,0.397451,0.510794,0
1.01937,-7.61996,7.68345,0.107666,2.18513,-0.138971,-0.30367,FRENET,0.11383,0.397451,0.11383,0.223552,0.397451,0.510794,0
1.02271,-7.61996,7.68345,0.107666,2.18513,-0.138971,-0.30367,FRENET,0.11383,0.397451,0.11383,0.223552,0.397451,0.510794,0
1.02671,-7.61996,7.68345,0.107666,2.18513,-0.138971,-0.30367,FRENET,0,0.922589,0,0.182418,0.922589,0.456043,0
1.0307,-7.5987,7.6857,0.106377,2.09003,-0.143186,-0.299262,FRENET,0,0.922589,0,0.182418,0.922589,0.456043,0
1.03471,-7.5987,7.6857,0.106377,2.09003,-0.143186,-0.299262,FRENET,0,0.922589,0,0.182418,0.922589,0.456043,0
1.03936,-7.57839,7.6878,0.104879,1.99493,-0.131593,-0.262519,FRENET,0,0.922589,0,0.182418,0.922589,0.456043,0
1.04271,-7.57839,7.6878,0.104879,1.99493,-0.131593,-0.262519,FRENET,0,0.922589,0,0.182418,0.922589,0.456043,0
1.04671,-7.57839,7.6878,0.104879,1.99493,-0.131593,-0.262519,FRENET,0,0.922589,0,0.182418,0.922589,0.456043,0
1.05069,-7.55902,7.68984,0.104074,1.89983,-0.0165196,-0.0313845,FRENET,0,0.922589,0,0.182418,0.922589,0.456043,0
1.05471,-7.55902,7.68984,0.104074,1.89983,-0.0165196,-0.0313845,FRENET,0,0.922589,0,0.182418,0.922589,0.456043,0
1.05936,-7.54061,7.69187,0.104707,1.80473,0.148695,0.268355,FRENET,0,0.922589,0,0.182418,0.922589,0.456043,0
1.06271,-7.54061,7.69187,0.104707,1.80473,0.148695,0.268355,FRENET,0,0.922589,0,0.182418,0.922589,0.456043,0
1.06671,-7.54061,7.69187,0.104707,1.80473,0.148695,0.268355,FRENET,0,0.922589,0,0.182418,0.922589,0.456043,0
1.07071,-7.52316,7.69392,0.106709,1.70963,0.216056,0.369375,FRENET,0,0.922589,0,0.182418,0.922589,0.456043,0
1.07472,-7.52316,7.69392,0.106709,1.70963,0.216056,0.369375,FRENET,0,0.922589,0,0.182418,0.922589,0.456043,0
1.07939,-7.50664,7.69591,0.108976,1.61717,0.256531,0.414856,FRENET,0,0.922589,0,0.148383,0.922589,0.409024,0
1.08273,-7.50664,7.69591,0.108976,1.61717,0.256531,0.414856,FRENET,0,0.922589,0,0.148383,0.922589,0.409024,0
1.08672,-7.50664,7.69591,0.108976,1.61717,0.256531,0.414856,FRENET,0,0.922589,0,0.148383,0.922589,0.409024,0
1.09071,-7.49097,7.69787,0.111643,1.54231,0.251017,0.387145,FRENET,0,0.922589,0,0.148383,0.922589,0.409024,0
1.09471,-7.49097,7.69787,0.111643,1.54231,0.251017,0.387145,FRENET,0,0.922589,0,0.148383,0.922589,0.409024,0
1.09933,-7.47597,7.69978,0.114047,1.48168,0.25177,0.373041,FRENET,0,0.922589,0,0.148383,0.922589,0.409024,0
1.10271,-7.47597,7.69978,0.114047,1.48168,0.25177,0.373041,FRENET,0,0.922589,0,0.148383,0.922589,0.409024,0
1.1067,-7.47597,7.69978,0.114047,1.48168,0.25177,0.373041,FRENET,0,0.922589,0,0.148383,0.922589,0.409024,0
1.1107,-7.46152,7.70169,0.116567,1.43258,0.23103,0.330969,FRENET,0,0.922589,0,0.148383,0.922589,0.409024,0
1.11471,-7.46152,7.70169,0.116567,1.43258,0.23103,0.330969,FRENET,0,0.922589,0,0.148383,0.922589,0.409024,0
1.11933,-7.44752,7.70356,0.118753,1.39282,0.227794,0.317275,FRENET,0,0.922589,0,0.148383,0.922589,0.409024,0
1.12271,-7.44752,7.70356,0.118753,1.39282,0.227794,0.317275,FRENET,0,0.922589,0,0.148383,0.922589,0.409024,0
1.1267,-7.44752,7.70356,0.118753,1.39282,0.227794,0.317275,FRENET,0.098975,0.818021,0.098975,0.147008,0.818021,0.395713,0
1.13071,-7.43394,7.70544,0.121049,1.34853,0.210122,0.283355,FRENET,0.098975,0.818021,0.098975,0.147008,0.818021,0.395713,0
1.13471,-7.43394,7.70544,0.121049,1.34853,0.210122,0.283355,FRENET,0.098975,0.818021,0.098975,0.147008,0.818021,0.395713,0
1.13933,-7.42076,7.70728,0.123044,1.31266,0.210126,0.275823,FRENET,0.098975,0.818021,0.098975,0.147008,0.818021,0.395713,0
1.14271,-7.42076,7.70728,0.123044,1.31266,0.210126,0.275823,FRENET,0.098975,0.818021,0.098975,0.147008,0.818021,0.395713,0
1.14671,-7.42076,7.70728,0.123044,1.31266,0.210126,0.275823,FRENET,0.098975,0.818021,0.098975,0.147008,0.818021,0.395713,0
1.15069,-7.40791,7.70913,0.125159,1.28361,0.19313,0.247904,FRENET,0.098975,0.818021,0.098975,0.147008,0.818021,0.395713,0
1.15471,-7.40791,7.70913,0.125159,1.28361,0.19313,0.247904,FRENET,0.098975,0.818021,0.098975,0.147008,0.818021,0.395713,0
1.15936,-7.39532,7.71093,0.12671,1.26009,0.109354,0.137796,FRENET,0.098975,0.818021,0.098975,0.147008,0.818021,0.395713,0
1.1627,-7.39532,7.71093,0.12671,1.26009,0.109354,0.137796,FRENET,0.098975,0.818021,0.098975,0.147008,0.818021,0.395713,0
1.16671,-7.39532,7.71093,0.12671,1.26009,0.109354,0.137796,FRENET,0.098975,0.818021,0.098975,0.147008,0.818021,0.395713,0
1.17069,-7.38294,7.71266,0.127566,1.24104,0.0866826,0.107577,FRENET,0.098975,0.818021,0.098975,0.147008,0.818021,0.395713,0
1.17471,-7.38294,7.71266,0.127566,1.24104,0.0866826,0.107577,FRENET,0.098975,0.818021,0.098975,0.147008,0.818021,0.395713,0
1.17937,-7.37072,7.71437,0.128408,1.22561,0.0645027,0.0790554,FRENET,0.102921,0.818021,0.102921,0.131938,0.818021,0.388896,0
1.18272,-7.37072,7.71437,0.128408,1.22561,0.0645027,0.0790554,FRENET,0.102921,0.818021,0.102921,0.131938,0.818021,0.388896,0
1.18671,-7.37072,7.71437,0.128408,1.22561,0.0645027,0.0790554,FRENET,0.102921,0.818021,0.102921,0.131938,0.818021,0.388896,0
1.19069,-7.35865,7.71603,0.128967,1.21312,0.0674212,0.0817902,FRENET,0.102921,0.818021,0.102921,0.131938,0.818021,0.388896,0
1.19471,-7.35865,7.71603,0.128967,1.21312,0.0674212,0.0817902,FRENET,0.102921,0.818021,0.102921,0.131938,0.818021,0.388896,0
1.19933,-7.34668,7.7177,0.129677,1.20301,0.0559198,0.067272,FRENET,0.102921,0.818021,0.102921,0.131938,0.818021,0.388896,0
1.20271,-7.34668,7.7177,0.129677,1.20301,0.0559198,0.067272,FRENET,0.102921,0.818021,0.102921,0.131938,0.818021,0.388896,0
1.2067,-7.34668,7.7177,0.129677,1.20301,0.0559198,0.067272,FRENET,0.102921,0.818021,0.102921,0.131938,0.818021,0.388896,0
1.21069,-7.3348,7.71934,0.130178,1.19482,0.063212,0.0755267,FRENET,0.102921,0.818021,0.102921,0.131938,0.818021,0.388896,0
1.21471,-7.3348,7.71934,0.130178,1.19482,0.063212,0.0755267,FRENET,0.102921,0.818021,0.102921,0.131938,0.818021,0.388896,0
1.21937,-7.323,7.72098,0.130855,1.18818,0.0536462,0.0637415,FRENET,0.102921,0.818021,0.102921,0.131938,0.818021,0.388896,0
1.22271,-7.323,7.72098,0.130855,1.18818,0.0536462,0.0637415,FRENET,0.102921,0.818021,0.102921,0.131938,0.818021,0.388896,0
1.2267,-7.323,7.72098,0.130855,1.18818,0.0536462,0.0637415,FGM,0.125237,0.384306,0.0856102,0.125237,0.818021,0.384306,0
1.23069,-7.31076,7.72268,0.131357,1.28328,0.0578959,0.0742968,FGM,0.125237,0.384306,0.0856102,0.125237,0.818021,0.384306,0
1.23471,-7.31076,7.72268,0.131357,1.28328,0.0578959,0.0742968,FGM,0.125237,0.384306,0.0856102,0.125237,0.818021,0.384306,0
1.23934,-7.29758,7.72452,0.131979,1.37838,0.0562946,0.0775955,FGM,0.125237,0.384306,0.0856102,0.125237,0.818021,0.384306,0
1.24271,-7.29758,7.72452,0.131979,1.37838,0.0562946,0.0775955,FGM,0.125237,0.384306,0.0856102,0.125237,0.818021,0.384306,0
1.24672,-7.29758,7.72452,0.131979,1.37838,0.0562946,0.0775955,FGM,0.125237,0.384306,0.0856102,0.125237,0.818021,0.384306,0
1.25066,-7.28346,7.72648,0.132356,1.47348,0.0134525,0.0198221,FGM,0.125237,0.384306,0.0856102,0.125237,0.818021,0.384306,0
1.25467,-7.28346,7.72648,0.132356,1.47348,0.0134525,0.0198221,FGM,0.125237,0.384306,0.0856102,0.125237,0.818021,0.384306,0
1.25933,-7.26839,7.72852,0.132327,1.56665,-0.0071189,-0.0111528,FGM,0.125237,0.384306,0.0856102,0.125237,0.818021,0.384306,0
1.26267,-7.26839,7.72852,0.132327,1.56665,-0.0071189,-0.0111528,FGM,0.125237,0.384306,0.0856102,0.125237,0.818021,0.384306,0
1.26667,-7.26839,7.72852,0.132327,1.56665,-0.0071189,-0.0111528,FGM,0.125237,0.384306,0.0856102,0.125237,0.818021,0.384306,0
1.27066,-7.25243,7.73065,0.132203,1.65539,-0.0270778,-0.0448243,FGM,0.125237,0.384306,0.0856102,0.125237,0.818021,0.384306,0
1.27467,-7.25243,7.73065,0.132203,1.65539,-0.0270778,-0.0448243,FGM,0.125237,0.384306,0.0856102,0.125237,0.818021,0.384306,0
1.27933,-7.23559,7.73286,0.131826,1.73991,-0.0368381,-0.0640948,FGM,0.146076,0.421736,0,0.146076,0.959976,0.421736,0
1.28267,-7.23559,7.73286,0.131826,1.73991,-0.0368381,-0.0640948,FGM,0.146076,0.421736,0,0.146076,0.959976,0.421736,0
1.28667,-7.23559,7.73286,0.131826,1.73991,-0.0368381,-0.0640948,FGM,0.146076,0.421736,0,0.146076,0.959976,0.421736,0
1.29065,-7.21797,7.73516,0.131442,1.81451,-0.0509015,-0.0923612,FGM,0.146076,0.421736,0,0.146076,0.959976,0.421736,0
1.29467,-7.21797,7.73516,0.131442,1.81451,-0.0509015,-0.0923612,FGM,0.146076,0.421736,0,0.146076,0.959976,0.421736,0
1.29933,-7.19962,7.73752,0.130845,1.88556,-0.0563373,-0.106227,FGM,0.146076,0.421736,0,0.146076,0.959976,0.421736,0
1.30267,-7.19962,7.73752,0.130845,1.88556,-0.0563373,-0.106227,FGM,0.146076,0.421736,0,0.146076,0.959976,0.421736,0
1.30667,-7.19962,7.73752,0.130845,1.88556,-0.0563373,-0.106227,FGM,0.146076,0.421736,0,0.146076,0.959976,0.421736,0
1.31066,-7.18058,7.73996,0.13029,1.95324,-0.0663606,-0.129618,FGM,0.146076,0.421736,0,0.146076,0.959976,0.421736,0
1.31467,-7.18058,7.73996,0.13029,1.95324,-0.0663606,-0.129618,FGM,0.146076,0.421736,0,0.146076,0.959976,0.421736,0
1.31933,-7.16089,7.74245,0.12955,2.0177,-0.0690716,-0.139366,FGM,0.146076,0.421736,0,0.146076,0.959976,0.421736,0
1.32267,-7.16089,7.74245,0.12955,2.0177,-0.0690716,-0.139366,FGM,0.146076,0.421736,0,0.146076,0.959976,0.421736,0
1.32667,-7.16089,7.74245,0.12955,2.0177,-0.0690716,-0.139366,FGM,0.161529,0.4618,0,0.161529,0.959976,0.4618,0
1.33066,-7.1406,7.745,0.12888,2.07186,-0.0777426,-0.161072,FGM,0.161529,0.4618,0,0.161529,0.959976,0.4618,0
1.33467,-7.1406,7.745,0.12888,2.07186,-0.0777426,-0.161072,FGM,0.161529,0.4618,0,0.161529,0.959976,0.4618,0
1.33934,-7.11978,7.7476,0.12803,2.12345,-0.0789672,-0.167683,FGM,0.161529,0.4618,0,0.161529,0.959976,0.4618,0
1.34267,-7.11978,7.7476,0.12803,2.12345,-0.0789672,-0.167683,FGM,0.161529,0.4618,0,0.161529,0.959976,0.4618,0
1.34667,-7.11978,7.7476,0.12803,2.12345,-0.0789672,-0.167683,FGM,0.161529,0.4618,0,0.161529,0.959976,0.4618,0
1.35066,-7.09847,7.75025,0.127272,2.17258,-0.0857927,-0.186392,FGM,0.161529,0.4618,0,0.161529,0.959976,0.4618,0
1.35467,-7.09847,7.75025,0.127272,2.17258,-0.0857927,-0.186392,FGM,0.161529,0.4618,0,0.161529,0.959976,0.4618,0
1.35933,-7.07667,7.75292,0.126346,2.21938,-0.0858012,-0.190426,FGM,0.161529,0.4618,0,0.161529,0.959976,0.4618,0
1.36267,-7.07667,7.75292,0.126346,2.21938,-0.0858012,-0.190426,FGM,0.161529,0.4618,0,0.161529,0.959976,0.4618,0
1.36667,-7.07667,7.75292,0.126346,2.21938,-0.0858012,-0.190426,FGM,0.161529,0.4618,0,0.161529,0.959976,0.4618,0
1.37066,-7.05442,7.75565,0.125526,2.26396,-0.0916814,-0.207563,FGM,0.161529,0.4618,0,0.161529,0.959976,0.4618,0
1.37467,-7.05442,7.75565,0.125526,2.26396,-0.0916814,-0.207563,FGM,0.161529,0.4618,0,0.161529,0.959976,0.4618,0
1.37934,-7.03173,7.7584,0.124543,2.30641,-0.0910414,-0.209979,FGM,0.175699,0.489046,0,0.175699,0.959976,0.489046,0
1.38267,-7.03173,7.7584,0.124543,2.30641,-0.0910414,-0.209979,FGM,0.175699,0.489046,0,0.175699,0.959976,0.489046,0
1.38667,-7.03173,7.7584,0.124543,2.30641,-0.0910414,-0.209979,FGM,0.175699,0.489046,0,0.175699,0.959976,0.489046,0
1.39066,-7.00867,7.76118,0.123674,2.33896,-0.0972213,-0.227397,FGM,0.175699,0.489046,0,0.175699,0.959976,0.489046,0
1.39467,-7.00867,7.76118,0.123674,2.33896,-0.0972213,-0.227397,FGM,0.175699,0.489046,0,0.175699,0.959976,0.489046,0
1.39933,-6.9853,7.76397,0.122632,2.36997,-0.0962945,-0.228215,FGM,0.175699,0.489046,0,0.175699,0.959976,0.489046,0
1.40267,-6.9853,7.76397,0.122632,2.36997,-0.0962945,-0.228215,FGM,0.175699,0.489046,0,0.175699,0.959976,0.489046,0
1.40667,-6.9853,7.76397,0.122632,2.36997,-0.0962945,-0.228215,FGM,0.175699,0.489046,0,0.175699,0.959976,0.489046,0
1.41066,-6.96161,7.76679,0.121717,2.3995,-0.101502,-0.243554,FGM,0.175699,0.489046,0,0.175699,0.959976,0.489046,0
1.41467,-6.96161,7.76679,0.121717,2.3995,-0.101502,-0.243554,FGM,0.175699,0.489046,0,0.175699,0.959976,0.489046,0
1.41934,-6.93764,7.7696,0.120634,2.42762,-0.0999652,-0.242678,FGM,0.175699,0.489046,0,0.175699,0.959976,0.489046,0
1.42267,-6.93764,7.7696,0.120634,2.42762,-0.0999652,-0.242678,FGM,0.175699,0.489046,0,0.175699,0.959976,0.489046,0
1.42667,-6.93764,7.7696,0.120634,2.42762,-0.0999652,-0.242678,FGM,0.169196,0.501578,0,0.169196,0.959976,0.501578,0
1.43066,-6.91344,7.77244,0.119684,2.44651,-0.105662,-0.258503,FGM,0.169196,0.501578,0,0.169196,0.959976,0.501578,0
1.43467,-6.91344,7.77244,0.119684,2.44651,-0.105662,-0.258503,FGM,0.169196,0.501578,0,0.169196,0.959976,0.501578,0
1.43934,-6.88905,7.77526,0.118557,2.46449,-0.103995,-0.256294,FGM,0.169196,0.501578,0,0.169196,0.959976,0.501578,0
1.44267,-6.88905,7.77526,0.118557,2.46449,-0.103995,-0.256294,FGM,0.169196,0.501578,0,0.169196,0.959976,0.501578,0
1.44667,-6.88905,7.77526,0.118557,2.46449,-0.103995,-0.256294,FGM,0.169196,0.501578,0,0.169196,0.959976,0.501578,0
1.45066,-6.86448,7.77809,0.117571,2.48162,-0.108772,-0.269932,FGM,0.169196,0.501578,0,0.169196,0.959976,0.501578,0
1.45467,-6.86448,7.77809,0.117571,2.48162,-0.108772,-0.269932,FGM,0.169196,0.501578,0,0.169196,0.959976,0.501578,0
1.45934,-6.83974,7.7809,0.116415,2.49794,-0.106532,-0.26611,FGM,0.169196,0.501578,0,0.169196,0.959976,0.501578,0
1.46267,-6.83974,7.7809,0.116415,2.49794,-0.106532,-0.26611,FGM,0.169196,0.501578,0,0.169196,0.959976,0.501578,0
1.46667,-6.83974,7.7809,0.116415,2.49794,-0.106532,-0.26611,FGM,0.169196,0.501578,0,0.169196,0.959976,0.501578,0
1.47066,-6.81484,7.78372,0.115407,2.51347,-0.110914,-0.278779,FGM,0.169196,0.501578,0,0.169196,0.959976,0.501578,0
1.47467,-6.81484,7.78372,0.115407,2.51347,-0.110914,-0.278779,FGM,0.169196,0.501578,0,0.169196,0.959976,0.501578,0
1.47933,-6.78979,7.78652,0.114231,2.52828,-0.108425,-0.274128,FGM,0.161003,0.516803,0,0.161003,0.973303,0.516803,0
1.48267,-6.78979,7.78652,0.114231,2.52828,-0.108425,-0.274128,FGM,0.161003,0.516803,0,0.161003,0.973303,0.516803,0
1.48667,-6.78979,7.78652,0.114231,2.52828,-0.108425,-0.274128,FGM,0.161003,0.516803,0,0.161003,0.973303,0.516803,0
1.49066,-6.76463,7.78932,0.113203,2.53488,-0.113628,-0.288032,FGM,0.161003,0.516803,0,0.161003,0.973303,0.516803,0
1.49467,-6.76463,7.78932,0.113203,2.53488,-0.113628,-0.288032,FGM,0.161003,0.516803,0,0.161003,0.973303,0.516803,0
1.49935,-6.7394,7.79208,0.111995,2.54117,-0.111242,-0.282684,FGM,0.161003,0.516803,0,0.161003,0.973303,0.516803,0
1.50267,-6.7394,7.79208,0.111995,2.54117,-0.111242,-0.282684,FGM,0.161003,0.516803,0,0.161003,0.973303,0.516803,0
1.50667,-6.7394,7.79208,0.111995,2.54117,-0.111242,-0.282684,FGM,0.161003,0.516803,0,0.161003,0.973303,0.516803,0
1.51066,-6.71411,7.79484,0.110944,2.54716,-0.11561,-0.294477,FGM,0.161003,0.516803,0,0.161003,0.973303,0.516803,0
1.51467,-6.71411,7.79484,0.110944,2.54716,-0.11561,-0.294477,FGM,0.161003,0.516803,0,0.161003,0.973303,0.516803,0
1.51934,-6.68875,7.79756,0.109719,2.55287,-0.112695,-0.287696,FGM,0.161003,0.516803,0,0.161003,0.973303,0.516803,0
1.52267,-6.68875,7.79756,0.109719,2.55287,-0.112695,-0.287696,FGM,0.161003,0.516803,0,0.161003,0.973303,0.516803,0
1.52667,-6.68875,7.79756,0.109719,2.55287,-0.112695,-0.287696,FGM,0.148739,0.513959,0,0.148739,0.973303,0.513959,0
1.53066,-6.6634,7.80027,0.10865,2.54715,-0.11832,-0.301378,FGM,0.148739,0.513959,0,0.148739,0.973303,0.513959,0
1.53467,-6.6634,7.80027,0.10865,2.54715,-0.11832,-0.301378,FGM,0.148739,0.513959,0,0.148739,0.973303,0.513959,0
1.53934,-6.63809,7.80294,0.107394,2.54252,-0.115476,-0.293599,FGM,0.148739,0.513959,0,0.148739,0.973303,0.513959,0
1.54267,-6.63809,7.80294,0.107394,2.54252,-0.115476,-0.293599,FGM,0.148739,0.513959,0,0.148739,0.973303,0.513959,0
1.54667,-6.63809,7.80294,0.107394,2.54252,-0.115476,-0.293599,FGM,0.148739,0.513959,0,0.148739,0.973303,0.513959,0
1.55066,-6.61282,7.80558,0.106305,2.53877,-0.119623,-0.303695,FGM,0.148739,0.513959,0,0.148739,0.973303,0.513959,0
1.55467,-6.61282,7.80558,0.106305,2.53877,-0.119623,-0.303695,FGM,0.148739,0.513959,0,0.148739,0.973303,0.513959,0
1.55934,-6.58758,7.80818,0.10504,2.53573,-0.115953,-0.294025,FGM,0.148739,0.513959,0,0.148739,0.973303,0.513959,0
1.56267,-6.58758,7.80818,0.10504,2.53573,-0.115953,-0.294025,FGM,0.148739,0.513959,0,0.148739,0.973303,0.513959,0
1.56667,-6.58758,7.80818,0.10504,2.53573,-0.115953,-0.294025,FGM,0.148739,0.513959,0,0.148739,0.973303,0.513959,0
1.57066,-6.56237,7.81076,0.103949,2.53327,-0.119602,-0.302985,FGM,0.148739,0.513959,0,0.148739,0.973303,0.513959,0
1.57467,-6.56237,7.81076,0.103949,2.53327,-0.119602,-0.302985,FGM,0.148739,0.513959,0,0.148739,0.973303,0.513959,0
1.57935,-6.53717,7.8133,0.102686,2.53128,-0.1157,-0.292868,FGM,0.153263,0.521884,0,0.153263,0.994239,0.521884,0
1.58267,-6.53717,7.8133,0.102686,2.53128,-0.1157,-0.292868,FGM,0.153263,0.521884,0,0.153263,0.994239,0.521884,0
1.58667,-6.53717,7.8133,0.102686,2.53128,-0.1157,-0.292868,FGM,0.153263,0.521884,0,0.153263,0.994239,0.521884,0
1.59066,-6.51211,7.81581,0.101587,2.50549,-0.1229,-0.307926,FGM,0.153263,0.521884,0,0.153263,0.994239,0.521884,0
1.59468,-6.51211,7.81581,0.101587,2.50549,-0.1229,-0.307926,FGM,0.153263,0.521884,0,0.153263,0.994239,0.521884,0
1.59935,-6.48728,7.81825,0.100281,2.4846,-0.119426,-0.296726,FGM,0.153263,0.521884,0,0.153263,0.994239,0.521884,0
1.60267,-6.48728,7.81825,0.100281,2.4846,-0.119426,-0.296726,FGM,0.153263,0.521884,0,0.153263,0.994239,0.521884,0
1.60667,-6.48728,7.81825,0.100281,2.4846,-0.119426,-0.296726,FGM,0.153263,0.521884,0,0.153263,0.994239,0.521884,0
1.61066,-6.46264,7.82066,0.0991599,2.46769,-0.123182,-0.303976,FGM,0.153263,0.521884,0,0.153263,0.994239,0.521884,0
1.61467,-6.46264,7.82066,0.0991599,2.46769,-0.123182,-0.303976,FGM,0.153263,0.521884,0,0.153263,0.994239,0.521884,0
1.61935,-6.43814,7.823,0.0978632,2.45399,-0.118064,-0.289727,FGM,0.153263,0.521884,0,0.153263,0.994239,0.521884,0
1.62267,-6.43814,7.823,0.0978632,2.45399,-0.118064,-0.289727,FGM,0.153263,0.521884,0,0.153263,0.994239,0.521884,0
1.62666,-6.43814,7.823,0.0978632,2.45399,-0.118064,-0.289727,FGM,0.13866,0.506943,0,0.13866,0.994239,0.506943,0
1.63065,-6.41387,7.82532,0.0967488,2.42265,-0.124047,-0.300523,FGM,0.13866,0.506943,0,0.13866,0.994239,0.506943,0
1.63468,-6.41387,7.82532,0.0967488,2.42265,-0.124047,-0.300523,FGM,0.13866,0.506943,0,0.13866,0.994239,0.506943,0
1.63936,-6.38988,7.82756,0.095438,2.39728,-0.119045,-0.285385,FGM,0.13866,0.506943,0,0.13866,0.994239,0.506943,0
1.64266,-6.38988,7.82756,0.095438,2.39728,-0.119045,-0.285385,FGM,0.13866,0.506943,0,0.13866,0.994239,0.506943,0
1.64667,-6.38988,7.82756,0.095438,2.39728,-0.119045,-0.285385,FGM,0.13866,0.506943,0,0.13866,0.994239,0.506943,0
1.65065,-6.36611,7.82977,0.094326,2.37673,-0.12203,-0.290032,FGM,0.13866,0.506943,0,0.13866,0.994239,0.506943,0
1.65467,-6.36611,7.82977,0.094326,2.37673,-0.12203,-0.290032,FGM,0.13866,0.506943,0,0.13866,0.994239,0.506943,0
1.65935,-6.34252,7.83191,0.0930452,2.36009,-0.115862,-0.273445,FGM,0.13866,0.506943,0,0.13866,0.994239,0.506943,0
1.66267,-6.34252,7.83191,0.0930452,2.36009,-0.115862,-0.273445,FGM,0.13866,0.506943,0,0.13866,0.994239,0.506943,0
1.66667,-6.34252,7.83191,0.0930452,2.36009,-0.115862,-0.273445,FGM,0.13866,0.506943,0,0.13866,0.994239,0.506943,0
1.67066,-6.31908,7.83403,0.0919653,2.34662,-0.118319,-0.277648,FGM,0.13866,0.506943,0,0.13866,0.994239,0.506943,0
1.67467,-6.31908,7.83403,0.0919653,2.34662,-0.118319,-0.277648,FGM,0.13866,0.506943,0,0.13866,0.994239,0.506943,0
1.67935,-6.29576,7.83609,0.090723,2.33571,-0.112327,-0.262362,FGM,0.0630949,0.291221,0,0.0630949,1.0106,0.291221,0
1.68267,-6.29576,7.83609,0.090723,2.33571,-0.112327,-0.262362,FGM,0.0630949,0.291221,0,0.0630949,1.0106,0.291221,0
1.68667,-6.29576,7.83609,0.090723,2.33571,-0.112327,-0.262362,FGM,0.0630949,0.291221,0,0.0630949,1.0106,0.291221,0
1.69066,-6.27262,7.83813,0.0896685,2.31044,-0.117454,-0.271369,FGM,0.0630949,0.291221,0,0.0630949,1.0106,0.291221,0
1.69467,-6.27262,7.83813,0.0896685,2.31044,-0.117454,-0.271369,FGM,0.0630949,0.291221,0,0.0630949,1.0106,0.291221,0
1.69935,-6.2497,7.8401,0.0884276,2.28997,-0.112049,-0.256588,FGM,0.0630949,0.291221,0,0.0630949,1.0106,0.291221,0
1.70267,-6.2497,7.8401,0.0884276,2.28997,-0.112049,-0.256588,FGM,0.0630949,0.291221,0,0.0630949,1.0106,0.291221,0
1.70667,-6.2497,7.8401,0.0884276,2.28997,-0.112049,-0.256588,FGM,0.0630949,0.291221,0,0.0630949,1.0106,0.291221,0
1.71065,-6.22697,7.84204,0.0873834,2.2734,-0.115203,-0.261902,FGM,0.0630949,0.291221,0,0.0630949,1.0106,0.291221,0
1.71467,-6.22697,7.84204,0.0873834,2.2734,-0.115203,-0.261902,FGM,0.0630949,0.291221,0,0.0630949,1.0106,0.291221,0
1.71936,-6.20438,7.8439,0.0858566,2.25998,-0.201294,-0.45492,FGM,0.0630949,0.291221,0,0.0630949,1.0106,0.291221,0
1.72267,-6.20438,7.8439,0.0858566,2.25998,-0.201294,-0.45492,FGM,0.0630949,0.291221,0,0.0630949,1.0106,0.291221,0
1.72667,-6.20438,7.8439,0.0858566,2.25998,-0.201294,-0.45492,FGM,0.0331151,0.700934,0,0.0331151,1.0106,0.700934,0
1.73066,-6.18232,7.8456,0.0833055,2.16488,-0.275844,-0.597169,FGM,0.0331151,0.700934,0,0.0331151,1.0106,0.700934,0
1.73467,-6.18232,7.8456,0.0833055,2.16488,-0.275844,-0.597169,FGM,0.0331151,0.700934,0,0.0331151,1.0106,0.700934,0
1.73936,-6.1612,7.84716,0.0803941,2.06978,-0.32565,-0.674025,FGM,0.0331151,0.700934,0,0.0331151,1.0106,0.700934,0
1.74267,-6.1612,7.84716,0.0803941,2.06978,-0.32565,-0.674025,FGM,0.0331151,0.700934,0,0.0331151,1.0106,0.700934,0
1.74667,-6.1612,7.84716,0.0803941,2.06978,-0.32565,-0.674025,FGM,0.0331151,0.700934,0,0.0331151,1.0106,0.700934,0
1.75066,-6.14103,7.84855,0.0769432,1.97468,-0.33665,-0.664777,FGM,0.0331151,0.700934,0,0.0331151,1.0106,0.700934,0
1.75467,-6.14103,7.84855,0.0769432,1.97468,-0.33665,-0.664777,FGM,0.0331151,0.700934,0,0.0331151,1.0106,0.700934,0
1.75936,-6.1218,7.84986,0.0740331,1.87958,-0.230673,-0.433569,FGM,0.0331151,0.700934,0,0.0331151,1.0106,0.700934,0
1.76267,-6.1218,7.84986,0.0740331,1.87958,-0.230673,-0.433569,FGM,0.0331151,0.700934,0,0.0331151,1.0106,0.700934,0
1.76667,-6.1218,7.84986,0.0740331,1.87958,-0.230673,-0.433569,FGM,0.0331151,0.700934,0,0.0331151,1.0106,0.700934,0
1.77066,-6.10353,7.85117,0.0725128,1.78448,-0.0667144,-0.119051,FGM,0.0331151,0.700934,0,0.0331151,1.0106,0.700934,0
1.77467,-6.10353,7.85117,0.0725128,1.78448,-0.0667144,-0.119051,FGM,0.0331151,0.700934,0,0.0331151,1.0106,0.700934,0
1.77938,-6.08621,7.85252,0.0727685,1.68938,0.119686,0.202195,FGM,0.0338053,0.705224,0,0.0338053,1.0106,0.705224,0
1.78267,-6.08621,7.85252,0.0727685,1.68938,0.119686,0.202195,FGM,0.0338053,0.705224,0,0.0338053,1.0106,0.705224,0
1.78667,-6.08621,7.85252,0.0727685,1.68938,0.119686,0.202195,FGM,0.0338053,0.705224,0,0.0338053,1.0106,0.705224,0
1.79066,-6.06985,7.85392,0.0745198,1.59428,0.193058,0.307789,FGM,0.0338053,0.705224,0,0.0338053,1.0106,0.705224,0
1.79467,-6.06985,7.85392,0.0745198,1.59428,0.193058,0.307789,FGM,0.0338053,0.705224,0,0.0338053,1.0106,0.705224,0
1.79937,-6.05444,7.85526,0.0761894,1.49918,0.123448,0.18507,FGM,0.0338053,0.705224,0,0.0338053,1.0106,0.705224,0
1.80267,-6.05444,7.85526,0.0761894,1.49918,0.123448,0.18507,FGM,0.0338053,0.705224,0,0.0338053,1.0106,0.705224,0
1.80667,-6.05444,7.85526,0.0761894,1.49918,0.123448,0.18507,FGM,0.0338053,0.705224,0,0.0338053,1.0106,0.705224,0
1.81066,-6.03994,7.85645,0.0768173,1.41249,-0.00419639,-0.00592737,FGM,0.0338053,0.705224,0,0.0338053,1.0106,0.705224,0
1.81467,-6.03994,7.85645,0.0768173,1.41249,-0.00419639,-0.00592737,FGM,0.0338053,0.705224,0,0.0338053,1.0106,0.705224,0
1.81937,-6.0262,7.85747,0.0760942,1.3423,-0.141819,-0.190363,FGM,0.0338053,0.705224,0,0.0338053,1.0106,0.705224,0
1.82267,-6.0262,7.85747,0.0760942,1.3423,-0.141819,-0.190363,FGM,0.0338053,0.705224,0,0.0338053,1.0106,0.705224,0
1.82667,-6.0262,7.85747,0.0760942,1.3423,-0.141819,-0.190363,FGM,0.0280201,0.710607,0.113294,0.0280201,0.901419,0.710607,0
1.83066,-6.0131,7.85832,0.0743486,1.28263,-0.17513,-0.224627,FGM,0.0280201,0.710607,0.113294,0.0280201,0.901419,0.710607,0
1.83467,-6.0131,7.85832,0.0743486,1.28263,-0.17513,-0.224627,FGM,0.0280201,0.710607,0.113294,0.0280201,0.901419,0.710607,0
1.83936,-6.00054,7.85911,0.07291,1.23432,-0.100883,-0.124522,FGM,0.0280201,0.710607,0.113294,0.0280201,0.901419,0.710607,0
1.84269,-6.00054,7.85911,0.07291,1.23432,-0.100883,-0.124522,FGM,0.0280201,0.710607,0.113294,0.0280201,0.901419,0.710607,0
1.84667,-6.00054,7.85911,0.07291,1.23432,-0.100883,-0.124522,FGM,0.0280201,0.710607,0.113294,0.0280201,0.901419,0.710607,0
1.85063,-5.98842,7.85991,0.0722704,1.19519,-0.0382754,-0.0457465,FGM,0.0280201,0.710607,0.113294,0.0280201,0.901419,0.710607,0
1.85468,-5.98842,7.85991,0.0722704,1.19519,-0.0382754,-0.0457465,FGM,0.0280201,0.710607,0.113294,0.0280201,0.901419,0.710607,0
1.85938,-5.97666,7.86074,0.0721775,1.16351,0.0295198,0.0343466,FGM,0.0280201,0.710607,0.113294,0.0280201,0.901419,0.710607,0
1.86267,-5.97666,7.86074,0.0721775,1.16351,0.0295198,0.0343466,FGM,0.0280201,0.710607,0.113294,0.0280201,0.901419,0.710607,0
1.8667,-5.97666,7.86074,0.0721775,1.16351,0.0295198,0.0343466,FGM,0.0280201,0.710607,0.113294,0.0280201,0.901419,0.710607,0
1.87069,-5.96518,7.86162,0.0729315,1.13785,0.124615,0.141794,FGM,0.0280201,0.710607,0.113294,0.0280201,0.901419,0.710607,0
1.87467,-5.96518,7.86162,0.0729315,1.13785,0.124615,0.141794,FGM,0.0280201,0.710607,0.113294,0.0280201,0.901419,0.710607,0
1.87941,-5.95395,7.86261,0.07468,1.11708,0.226165,0.252643,FGM,0.0227654,0.713356,0.102106,0.0227654,0.901419,0.713356,0
1.88271,-5.95395,7.86261,0.07468,1.11708,0.226165,0.252643,FGM,0.0227654,0.713356,0.102106,0.0227654,0.901419,0.713356,0
1.8867,-5.95395,7.86261,0.07468,1.11708,0.226165,0.252643,FGM,0.0227654,0.713356,0.102106,0.0227654,0.901419,0.713356,0
1.89069,-5.94293,7.86372,0.0771787,1.09849,0.246353,0.270616,FGM,0.0227654,0.713356,0.102106,0.0227654,0.901419,0.713356,0
1.89471,-5.94293,7.86372,0.0771787,1.09849,0.246353,0.270616,FGM,0.0227654,0.713356,0.102106,0.0227654,0.901419,0.713356,0
1.89938,-5.93208,7.86484,0.0793757,1.08344,0.183548,0.198863,FGM,0.0227654,0.713356,0.102106,0.0227654,0.901419,0.713356,0
1.90271,-5.93208,7.86484,0.0793757,1.08344,0.183548,0.198863,FGM,0.0227654,0.713356,0.102106,0.0227654,0.901419,0.713356,0
1.9067,-5.93208,7.86484,0.0793757,1.08344,0.183548,0.198863,FGM,0.0227654,0.713356,0.102106,0.0227654,0.901419,0.713356,0
1.91069,-5.92136,7.86592,0.0807758,1.07125,0.0933459,0.099997,FGM,0.0227654,0.713356,0.102106,0.0227654,0.901419,0.713356,0
1.9147,-5.92136,7.86592,0.0807758,1.07125,0.0933459,0.099997,FGM,0.0227654,0.713356,0.102106,0.0227654,0.901419,0.713356,0
1.91939,-5.91074,7.86691,0.0812236,1.06138,-0.00473221,-0.00502268,FGM,0.0227654,0.713356,0.102106,0.0227654,0.901419,0.713356,0
1.92268,-5.91074,7.86691,0.0812236,1.06138,-0.00473221,-0.00502268,FGM,0.0227654,0.713356,0.102106,0.0227654,0.901419,0.713356,0
1.92671,-5.91074,7.86691,0.0812236,1.06138,-0.00473221,-0.00502268,FGM,0.0283345,0.713822,0.118113,0.0283345,0.901419,0.713822,0
1.93069,-5.90021,7.86777,0.0806773,1.05244,-0.10472,-0.110211,FGM,0.0283345,0.713822,0.118113,0.0283345,0.901419,0.713822,0
1.93471,-5.90021,7.86777,0.0806773,1.05244,-0.10472,-0.110211,FGM,0.0283345,0.713822,0.118113,0.0283345,0.901419,0.713822,0
1.93941,-5.88974,7.86849,0.0791342,1.0452,-0.203991,-0.213211,FGM,0.0283345,0.713822,0.118113,0.0283345,0.901419,0.713822,0
1.94267,-5.88974,7.86849,0.0791342,1.0452,-0.203991,-0.213211,FGM,0.0283345,0.713822,0.118113,0.0283345,0.901419,0.713822,0
1.94667,-5.88974,7.86849,0.0791342,1.0452,-0.203991,-0.213211,FGM,0.0283345,0.713822,0.118113,0.0283345,0.901419,0.713822,0
1.95066,-5.87934,7.86906,0.0768581,1.03933,-0.225111,-0.233966,FGM,0.0283345,0.713822,0.118113,0.0283345,0.901419,0.713822,0
1.95467,-5.87934,7.86906,0.0768581,1.03933,-0.225111,-0.233966,FGM,0.0283345,0.713822,0.118113,0.0283345,0.901419,0.713822,0
1.95939,-5.86898,7.86959,0.0748395,1.03459,-0.169417,-0.175277,FGM,0.0283345,0.713822,0.118113,0.0283345,0.901419,0.713822,0
1.96267,-5.86898,7.86959,0.0748395,1.03459,-0.169417,-0.175277,FGM,0.0283345,0.713822,0.118113,0.0283345,0.901419,0.713822,0
1.96667,-5.86898,7.86959,0.0748395,1.03459,-0.169417,-0.175277,FGM,0.0283345,0.713822,0.118113,0.0283345,0.901419,0.713822,0
1.97066,-5.85867,7.87015,0.0735426,1.03074,-0.0867179,-0.0893836,FGM,0.0283345,0.713822,0.118113,0.0283345,0.901419,0.713822,0
1.97467,-5.85867,7.87015,0.0735426,1.03074,-0.0867179,-0.0893836,FGM,0.0283345,0.713822,0.118113,0.0283345,0.901419,0.713822,0
1.97939,-5.8484,7.87078,0.0731304,1.02763,0.00545052,0.0056011,FGM,0.0282709,0.718534,0.111837,0.0282709,0.91373,0.718534,0
1.98267,-5.8484,7.87078,0.0731304,1.02763,0.00545052,0.0056011,FGM,0.0282709,0.718534,0.111837,0.0282709,0.91373,0.718534,0
1.98671,-5.8484,7.87078,0.0731304,1.02763,0.00545052,0.0056011,FGM,0.0282709,0.718534,0.111837,0.0282709,0.91373,0.718534,0
1.9907,-5.83816,7.87153,0.0736604,1.02499,0.100977,0.103501,FGM,0.0282709,0.718534,0.111837,0.0282709,0.91373,0.718534,0
1.99471,-5.83816,7.87153,0.0736604,1.02499,0.100977,0.103501,FGM,0.0282709,0.718534,0.111837,0.0282709,0.91373,0.718534,0
1.99939,-5.82796,7.87241,0.0751523,1.02286,0.197603,0.202121,FGM,0.0282709,0.718534,0.111837,0.0282709,0.91373,0.718534,0
2.00271,-5.82796,7.87241,0.0751523,1.02286,0.197603,0.202121,FGM,0.0282709,0.718534,0.111837,0.0282709,0.91373,0.718534,0
2.00672,-5.82796,7.87241,0.0751523,1.02286,0.197603,0.202121,FGM,0.0282709,0.718534,0.111837,0.0282709,0.91373,0.718534,0
2.01069,-5.81779,7.87345,0.0776128,1.02113,0.294587,0.300813,FGM,0.0282709,0.718534,0.111837,0.0282709,0.91373,0.718534,0
2.01471,-5.81779,7.87345,0.0776128,1.02113,0.294587,0.300813,FGM,0.0282709,0.718534,0.111837,0.0282709,0.91373,0.718534,0
2.0194,-5.80766,7.87465,0.0810437,1.01973,0.391673,0.399402,FGM,0.0282709,0.718534,0.111837,0.0282709,0.91373,0.718534,0
2.0227,-5.80766,7.87465,0.0810437,1.01973,0.391673,0.399402,FGM,0.0282709,0.718534,0.111837,0.0282709,0.91373,0.718534,0
2.0267,-5.80766,7.87465,0.0810437,1.01973,0.391673,0.399402,FGM,0.0275286,0.721978,0.0964185,0.0275286,0.91373,0.721978,0
2.03069,-5.79756,7.87602,0.0851951,1.01927,0.413124,0.421086,FGM,0.0275286,0.721978,0.0964185,0.0275286,0.91373,0.721978,0
2.03471,-5.79756,7.87602,0.0851951,1.01927,0.413124,0.421086,FGM,0.0275286,0.721978,0.0964185,0.0275286,0.91373,0.721978,0
2.03944,-5.78747,7.87745,0.0891079,1.0189,0.360348,0.367158,FGM,0.0275286,0.721978,0.0964185,0.0275286,0.91373,0.721978,0
2.04271,-5.78747,7.87745,0.0891079,1.0189,0.360348,0.367158,FGM,0.0275286,0.721978,0.0964185,0.0275286,0.91373,0.721978,0
2.04671,-5.78747,7.87745,0.0891079,1.0189,0.360348,0.367158,FGM,0.0275286,0.721978,0.0964185,0.0275286,0.91373,0.721978,0
2.05069,-5.77738,7.87888,0.0923287,1.0186,0.280487,0.285704,FGM,0.0275286,0.721978,0.0964185,0.0275286,0.91373,0.721978,0
2.05471,-5.77738,7.87888,0.0923287,1.0186,0.280487,0.285704,FGM,0.0275286,0.721978,0.0964185,0.0275286,0.91373,0.721978,0
2.05945,-5.76729,7.88024,0.0946893,1.01835,0.190353,0.193846,FGM,0.0275286,0.721978,0.0964185,0.0275286,0.91373,0.721978,0
2.06271,-5.76729,7.88024,0.0946893,1.01835,0.190353,0.193846,FGM,0.0275286,0.721978,0.0964185,0.0275286,0.91373,0.721978,0
2.06671,-5.76729,7.88024,0.0946893,1.01835,0.190353,0.193846,FGM,0.0275286,0.721978,0.0964185,0.0275286,0.91373,0.721978,0
2.0707,-5.75719,7.88152,0.0961242,1.01815,0.0961019,0.0978464,FGM,0.0275286,0.721978,0.0964185,0.0275286,0.91373,0.721978,0
2.07471,-5.75719,7.88152,0.0961242,1.01815,0.0961019,0.0978464,FGM,0.0275286,0.721978,0.0964185,0.0275286,0.91373,0.721978,0
2.07946,-5.74707,7.88267,0.0966062,1.01799,8.52788e-05,8.68132e-05,FGM,0.0234107,0.726083,0.107128,0.0234107,0.91373,0.726083,0
2.0827,-5.74707,7.88267,0.0966062,1.01799,8.52788e-05,8.68132e-05,FGM,0.0234107,0.726083,0.107128,0.0234107,0.91373,0.726083,0
2.08671,-5.74707,7.88267,0.0966062,1.01799,8.52788e-05,8.68132e-05,FGM,0.0234107,0.726083,0.107128,0.0234107,0.91373,0.726083,0
2.09069,-5.73694,7.88369,0.0961249,1.01833,-0.096524,-0.0982932,FGM,0.0234107,0.726083,0.107128,0.0234107,0.91373,0.726083,0
2.09471,-5.73694,7.88369,0.0961249,1.01833,-0.096524,-0.0982932,FGM,0.0234107,0.726083,0.107128,0.0234107,0.91373,0.726083,0
2.09946,-5.72679,7.88456,0.0946739,1.01865,-0.193743,-0.197356,FGM,0.0234107,0.726083,0.107128,0.0234107,0.91373,0.726083,0
2.1027,-5.72679,7.88456,0.0946739,1.01865,-0.193743,-0.197356,FGM,0.0234107,0.726083,0.107128,0.0234107,0.91373,0.726083,0
2.10671,-5.72679,7.88456,0.0946739,1.01865,-0.193743,-0.197356,FGM,0.0234107,0.726083,0.107128,0.0234107,0.91373,0.726083,0
2.11069,-5.71663,7.88527,0.092249,1.01896,-0.291295,-0.296817,FGM,0.0234107,0.726083,0.107128,0.0234107,0.91373,0.726083,0
2.11471,-5.71663,7.88527,0.092249,1.01896,-0.291295,-0.296817,FGM,0.0234107,0.726083,0.107128,0.0234107,0.91373,0.726083,0
2.11942,-5.70645,7.8858,0.0888474,1.01925,-0.38905,-0.396539,FGM,0.0234107,0.726083,0.107128,0.0234107,0.91373,0.726083,0
2.12268,-5.70645,7.8858,0.0888474,1.01925,-0.38905,-0.396539,FGM,0.0234107,0.726083,0.107128,0.0234107,0.91373,0.726083,0
2.12666,-5.70645,7.8858,0.0888474,1.01925,-0.38905,-0.396539,FRENET,0.358322,0.796114,0.358322,0.0258,0.796114,0.730508,0
2.13066,-5.69651,7.88613,0.0842999,0.971282,-0.509774,-0.495134,FRENET,0.358322,0.796114,0.358322,0.0258,0.796114,0.730508,0
2.13467,-5.69651,7.88613,0.0842999,0.971282,-0.509774,-0.495134,FRENET,0.358322,0.796114,0.358322,0.0258,0.796114,0.730508,0
2.13944,-5.68699,7.88627,0.0790519,0.932438,-0.50704,-0.472784,FRENET,0.358322,0.796114,0.358322,0.0258,0.796114,0.730508,0
2.14267,-5.68699,7.88627,0.0790519,0.932438,-0.50704,-0.472784,FRENET,0.358322,0.796114,0.358322,0.0258,0.796114,0.730508,0
2.14667,-5.68699,7.88627,0.0790519,0.932438,-0.50704,-0.472784,FRENET,0.358322,0.796114,0.358322,0.0258,0.796114,0.730508,0
2.15066,-5.67782,7.88634,0.0743512,0.900983,-0.424933,-0.382857,FRENET,0.358322,0.796114,0.358322,0.0258,0.796114,0.730508,0
2.15467,-5.67782,7.88634,0.0743512,0.900983,-0.424933,-0.382857,FRENET,0.358322,0.796114,0.358322,0.0258,0.796114,0.730508,0
2.15944,-5.66894,7.88641,0.0705805,0.87551,-0.328341,-0.287466,FRENET,0.358322,0.796114,0.358322,0.0258,0.796114,0.730508,0
2.16267,-5.66894,7.88641,0.0705805,0.87551,-0.328341,-0.287466,FRENET,0.358322,0.796114,0.358322,0.0258,0.796114,0.730508,0
2.16667,-5.66894,7.88641,0.0705805,0.87551,-0.328341,-0.287466,FRENET,0.358322,0.796114,0.358322,0.0258,0.796114,0.730508,0
2.17066,-5.66029,7.88654,0.0677708,0.854882,-0.234381,-0.200368,FRENET,0.358322,0.796114,0.358322,0.0258,0.796114,0.730508,0
2.17467,-5.66029,7.88654,0.0677708,0.854882,-0.234381,-0.200368,FRENET,0.358322,0.796114,0.358322,0.0258,0.796114,0.730508,0
2.17945,-5.65183,7.88674,0.065874,0.838177,-0.145832,-0.122233,FRENET,0.352419,0.796114,0.352419,0.0161256,0.796114,0.734365,0
2.18267,-5.65183,7.88674,0.065874,0.838177,-0.145832,-0.122233,FRENET,0.352419,0.796114,0.352419,0.0161256,0.796114,0.734365,0
2.18667,-5.65183,7.88674,0.065874,0.838177,-0.145832,-0.122233,FRENET,0.352419,0.796114,0.352419,0.0161256,0.796114,0.734365,0
2.19066,-5.64352,7.88704,0.064838,0.82465,-0.0619371,-0.0510764,FRENET,0.352419,0.796114,0.352419,0.0161256,0.796114,0.734365,0
2.19467,-5.64352,7.88704,0.064838,0.82465,-0.0619371,-0.0510764,FRENET,0.352419,0.796114,0.352419,0.0161256,0.796114,0.734365,0
2.19945,-5.63526,7.88745,0.0645891,0.827968,0.0133746,0.0110737,FRENET,0.352419,0.796114,0.352419,0.0161256,0.796114,0.734365,0
2.20267,-5.63526,7.88745,0.0645891,0.827968,0.0133746,0.0110737,FRENET,0.352419,0.796114,0.352419,0.0161256,0.796114,0.734365,0
2.20667,-5.63526,7.88745,0.0645891,0.827968,0.0133746,0.0110737,FRENET,0.352419,0.796114,0.352419,0.0161256,0.796114,0.734365,0
2.21066,-5.62699,7.88798,0.0651125,0.831128,0.0917541,0.0762594,FRENET,0.352419,0.796114,0.352419,0.0161256,0.796114,0.734365,0
2.21467,-5.62699,7.88798,0.0651125,0.831128,0.0917541,0.0762594,FRENET,0.352419,0.796114,0.352419,0.0161256,0.796114,0.734365,0
2.21946,-5.61868,7.88862,0.0662028,0.834138,0.100324,0.0836844,FRENET,0.352419,0.796114,0.352419,0.0161256,0.796114,0.734365,0
2.22267,-5.61868,7.88862,0.0662028,0.834138,0.100324,0.0836844,FRENET,0.352419,0.796114,0.352419,0.0161256,0.796114,0.734365,0
2.22667,-5.61868,7.88862,0.0662028,0.834138,0.100324,0.0836844,FRENET,0.362023,0.796114,0.362023,0.0234253,0.796114,0.735872,0
2.23066,-5.61036,7.88931,0.0672213,0.837004,0.12157,0.101754,FRENET,0.362023,0.796114,0.362023,0.0234253,0.796114,0.735872,0
2.23467,-5.61036,7.88931,0.0672213,0.837004,0.12157,0.101754,FRENET,0.362023,0.796114,0.362023,0.0234253,0.796114,0.735872,0
2.23946,-5.60201,7.89005,0.0684918,0.839734,0.111864,0.0939361,FRENET,0.362023,0.796114,0.362023,0.0234253,0.796114,0.735872,0
2.24267,-5.60201,7.89005,0.0684918,0.839734,0.111864,0.0939361,FRENET,0.362023,0.796114,0.362023,0.0234253,0.796114,0.735872,0
2.24667,-5.60201,7.89005,0.0684918,0.839734,0.111864,0.0939361,FRENET,0.362023,0.796114,0.362023,0.0234253,0.796114,0.735872,0
2.25066,-5.59363,7.8908,0.0695853,0.842335,0.12662,0.106656,FRENET,0.362023,0.796114,0.362023,0.0234253,0.796114,0.735872,0
2.25468,-5.59363,7.8908,0.0695853,0.842335,0.12662,0.106656,FRENET,0.362023,0.796114,0.362023,0.0234253,0.796114,0.735872,0
2.25947,-5.58523,7.89158,0.0708918,0.844812,0.114574,0.0967933,FRENET,0.362023,0.796114,0.362023,0.0234253,0.796114,0.735872,0
2.26267,-5.58523,7.89158,0.0708918,0.844812,0.114574,0.0967933,FRENET,0.362023,0.796114,0.362023,0.0234253,0.796114,0.735872,0
2.26667,-5.58523,7.89158,0.0708918,0.844812,0.114574,0.0967933,FRENET,0.362023,0.796114,0.362023,0.0234253,0.796114,0.735872,0
2.27066,-5.57681,7.89237,0.0720059,0.847171,0.128203,0.108609,FRENET,0.362023,0.796114,0.362023,0.0234253,0.796114,0.735872,0
2.27467,-5.57681,7.89237,0.0720059,0.847171,0.128203,0.108609,FRENET,0.362023,0.796114,0.362023,0.0234253,0.796114,0.735872,0
2.27947,-5.56836,7.89318,0.0733258,0.849418,0.115757,0.0983262,FRENET,0.368189,0.803772,0.368189,0.0278283,0.803772,0.735413,0
2.28267,-5.56836,7.89318,0.0733258,0.849418,0.115757,0.0983262,FRENET,0.368189,0.803772,0.368189,0.0278283,0.803772,0.735413,0
2.28667,-5.56836,7.89318,0.0733258,0.849418,0.115757,0.0983262,FRENET,0.368189,0.803772,0.368189,0.0278283,0.803772,0.735413,0
2.29066,-5.56,7.89399,0.074445,0.83156,0.129646,0.107808,FRENET,0.368189,0.803772,0.368189,0.0278283,0.803772,0.735413,0
2.29467,-5.56,7.89399,0.074445,0.83156,0.129646,0.107808,FRENET,0.368189,0.803772,0.368189,0.0278283,0.803772,0.735413,0
2.29948,-5.55179,7.8948,0.0757669,0.817099,0.112732,0.092113,FRENET,0.368189,0.803772,0.368189,0.0278283,0.803772,0.735413,0
2.30267,-5.55179,7.8948,0.0757669,0.817099,0.112732,0.092113,FRENET,0.368189,0.803772,0.368189,0.0278283,0.803772,0.735413,0
2.30667,-5.55179,7.8948,0.0757669,0.817099,0.112732,0.092113,FRENET,0.368189,0.803772,0.368189,0.0278283,0.803772,0.735413,0
2.31066,-5.54372,7.8956,0.0768497,0.805388,0.125766,0.101291,FRENET,0.368189,0.803772,0.368189,0.0278283,0.803772,0.735413,0
2.31467,-5.54372,7.8956,0.0768497,0.805388,0.125766,0.101291,FRENET,0.368189,0.803772,0.368189,0.0278283,0.803772,0.735413,0
2.31948,-5.53576,7.89643,0.078362,0.795905,0.182926,0.145592,FRENET,0.368189,0.803772,0.368189,0.0278283,0.803772,0.735413,0
2.32268,-5.53576,7.89643,0.078362,0.795905,0.182926,0.145592,FRENET,0.368189,0.803772,0.368189,0.0278283,0.803772,0.735413,0
2.32667,-5.53576,7.89643,0.078362,0.795905,0.182926,0.145592,FRENET,0.345831,0.803772,0.345831,0.00825965,0.803772,0.744359,0
2.33066,-5.52789,7.89733,0.0802987,0.788225,0.178415,0.140631,FRENET,0.345831,0.803772,0.345831,0.00825965,0.803772,0.744359,0
2.33467,-5.52789,7.89733,0.0802987,0.788225,0.178415,0.140631,FRENET,0.345831,0.803772,0.345831,0.00825965,0.803772,0.744359,0
2.3395,-5.52009,7.89824,0.0820668,0.782006,0.195681,0.153024,FRENET,0.345831,0.803772,0.345831,0.00825965,0.803772,0.744359,0
2.34268,-5.52009,7.89824,0.0820668,0.782006,0.195681,0.153024,FRENET,0.345831,0.803772,0.345831,0.00825965,0.803772,0.744359,0
2.34667,-5.52009,7.89824,0.0820668,0.782006,0.195681,0.153024,FRENET,0.345831,0.803772,0.345831,0.00825965,0.803772,0.744359,0
2.35066,-5.51235,7.89918,0.0840547,0.77697,0.180092,0.139926,FRENET,0.345831,0.803772,0.345831,0.00825965,0.803772,0.744359,0
2.35467,-5.51235,7.89918,0.0840547,0.77697,0.180092,0.139926,FRENET,0.345831,0.803772,0.345831,0.00825965,0.803772,0.744359,0
2.35949,-5.50466,7.90012,0.0858209,0.772892,0.194669,0.150458,FRENET,0.345831,0.803772,0.345831,0.00825965,0.803772,0.744359,0
2.36267,-5.50466,7.90012,0.0858209,0.772892,0.194669,0.150458,FRENET,0.345831,0.803772,0.345831,0.00825965,0.803772,0.744359,0
2.36667,-5.50466,7.90012,0.0858209,0.772892,0.194669,0.150458,FRENET,0.345831,0.803772,0.345831,0.00825965,0.803772,0.744359,0
2.37066,-5.49701,7.90109,0.0877938,0.769589,0.178458,0.13734,FRENET,0.345831,0.803772,0.345831,0.00825965,0.803772,0.744359,0
2.37467,-5.49701,7.90109,0.0877938,0.769589,0.178458,0.13734,FRENET,0.345831,0.803772,0.345831,0.00825965,0.803772,0.744359,0
2.37951,-5.48939,7.90206,0.0895444,0.766915,0.193172,0.148147,FRENET,0.351816,0.803772,0.351816,0.00406918,0.803772,0.747629,0
2.38267,-5.48939,7.90206,0.0895444,0.766915,0.193172,0.148147,FRENET,0.351816,0.803772,0.351816,0.00406918,0.803772,0.747629,0
2.38667,-5.48939,7.90206,0.0895444,0.766915,0.193172,0.148147,FRENET,0.351816,0.803772,0.351816,0.00406918,0.803772,0.747629,0
2.39066,-5.48179,7.90305,0.0915028,0.764749,0.17711,0.135445,FRENET,0.351816,0.803772,0.351816,0.00406918,0.803772,0.747629,0
2.39467,-5.48179,7.90305,0.0915028,0.764749,0.17711,0.135445,FRENET,0.351816,0.803772,0.351816,0.00406918,0.803772,0.747629,0
2.39953,-5.47422,7.90404,0.0932414,0.762995,0.192089,0.146563,FRENET,0.351816,0.803772,0.351816,0.00406918,0.803772,0.747629,0
2.40267,-5.47422,7.90404,0.0932414,0.762995,0.192089,0.146563,FRENET,0.351816,0.803772,0.351816,0.00406918,0.803772,0.747629,0
2.40667,-5.47422,7.90404,0.0932414,0.762995,0.192089,0.146563,FRENET,0.351816,0.803772,0.351816,0.00406918,0.803772,0.747629,0
2.41066,-5.46667,7.90506,0.0951897,0.761575,0.176184,0.134177,FRENET,0.351816,0.803772,0.351816,0.00406918,0.803772,0.747629,0
2.41467,-5.46667,7.90506,0.0951897,0.761575,0.176184,0.134177,FRENET,0.351816,0.803772,0.351816,0.00406918,0.803772,0.747629,0
2.41952,-5.45909,7.90608,0.0969229,0.767452,0.191429,0.146913,FRENET,0.351816,0.803772,0.351816,0.00406918,0.803772,0.747629,0
2.42267,-5.45909,7.90608,0.0969229,0.767452,0.191429,0.146913,FRENET,0.351816,0.803772,0.351816,0.00406918,0.803772,0.747629,0
2.42667,-5.45909,7.90608,0.0969229,0.767452,0.191429,0.146913,FRENET,0.353048,0.807459,0.353048,0.00234199,0.807459,0.7521,0
2.43065,-5.45153,7.90713,0.0988749,0.758739,0.175737,0.133339,FRENET,0.353048,0.807459,0.353048,0.00234199,0.807459,0.7521,0
2.43467,-5.45153,7.90713,0.0988749,0.758739,0.175737,0.133339,FRENET,0.353048,0.807459,0.353048,0.00234199,0.807459,0.7521,0
2.43952,-5.44405,7.90814,0.100376,0.751682,0.118231,0.0888719,FRENET,0.353048,0.807459,0.353048,0.00234199,0.807459,0.7521,0
2.44267,-5.44405,7.90814,0.100376,0.751682,0.118231,0.0888719,FRENET,0.353048,0.807459,0.353048,0.00234199,0.807459,0.7521,0
2.44667,-5.44405,7.90814,0.100376,0.751682,0.118231,0.0888719,FRENET,0.353048,0.807459,0.353048,0.00234199,0.807459,0.7521,0
2.45066,-5.43662,7.9091,0.101445,0.745968,0.122104,0.0910859,FRENET,0.353048,0.807459,0.353048,0.00234199,0.807459,0.7521,0
2.45467,-5.43662,7.9091,0.101445,0.745968,0.122104,0.0910859,FRENET,0.353048,0.807459,0.353048,0.00234199,0.807459,0.7521,0
2.45952,-5.42925,7.91008,0.102884,0.741341,0.173123,0.128343,FRENET,0.353048,0.807459,0.353048,0.00234199,0.807459,0.7521,0
2.46267,-5.42925,7.91008,0.102884,0.741341,0.173123,0.128343,FRENET,0.353048,0.807459,0.353048,0.00234199,0.807459,0.7521,0
2.46667,-5.42925,7.91008,0.102884,0.741341,0.173123,0.128343,FRENET,0.353048,0.807459,0.353048,0.00234199,0.807459,0.7521,0
2.47066,-5.42193,7.91111,0.104709,0.737593,0.165857,0.122335,FRENET,0.353048,0.807459,0.353048,0.00234199,0.807459,0.7521,0
2.47467,-5.42193,7.91111,0.104709,0.737593,0.165857,0.122335,FRENET,0.353048,0.807459,0.353048,0.00234199,0.807459,0.7521,0
2.47952,-5.41464,7.91215,0.106357,0.734559,0.184554,0.135565,FRENET,0.344158,0.807459,0.344158,0.0231826,0.807459,0.746574,0
2.48267,-5.41464,7.91215,0.106357,0.734559,0.184554,0.135565,FRENET,0.344158,0.807459,0.344158,0.0231826,0.807459,0.746574,0
2.48667,-5.41464,7.91215,0.106357,0.734559,0.184554,0.135565,FRENET,0.344158,0.807459,0.344158,0.0231826,0.807459,0.746574,0
2.49065,-5.40738,7.91322,0.108232,0.732101,0.168263,0.123186,FRENET,0.344158,0.807459,0.344158,0.0231826,0.807459,0.746574,0
2.49467,-5.40738,7.91322,0.108232,0.732101,0.168263,0.123186,FRENET,0.344158,0.807459,0.344158,0.0231826,0.807459,0.746574,0
2.49953,-5.40015,7.91429,0.109887,0.730111,0.184601,0.13478,FRENET,0.344158,0.807459,0.344158,0.0231826,0.807459,0.746574,0
2.50267,-5.40015,7.91429,0.109887,0.730111,0.184601,0.13478,FRENET,0.344158,0.807459,0.344158,0.0231826,0.807459,0.746574,0
2.50667,-5.40015,7.91429,0.109887,0.730111,0.184601,0.13478,FRENET,0.344158,0.807459,0.344158,0.0231826,0.807459,0.746574,0
2.51066,-5.39294,7.91538,0.111758,0.7285,0.167656,0.122138,FRENET,0.344158,0.807459,0.344158,0.0231826,0.807459,0.746574,0
2.51467,-5.39294,7.91538,0.111758,0.7285,0.167656,0.122138,FRENET,0.344158,0.807459,0.344158,0.0231826,0.807459,0.746574,0
2.51954,-5.38574,7.91647,0.113406,0.727195,0.183956,0.133772,FRENET,0.344158,0.807459,0.344158,0.0231826,0.807459,0.746574,0
2.52267,-5.38574,7.91647,0.113406,0.727195,0.183956,0.133772,FRENET,0.344158,0.807459,0.344158,0.0231826,0.807459,0.746574,0
2.52667,-5.38574,7.91647,0.113406,0.727195,0.183956,0.133772,FRENET,0.333921,0.807459,0.333921,0.01536,0.807459,0.751656,0
2.53066,-5.37856,7.91759,0.11527,0.726138,0.167031,0.121288,FRENET,0.333921,0.807459,0.333921,0.01536,0.807459,0.751656,0
2.53467,-5.37856,7.91759,0.11527,0.726138,0.167031,0.121288,FRENET,0.333921,0.807459,0.333921,0.01536,0.807459,0.751656,0
2.53954,-5.37139,7.91871,0.116913,0.725282,0.183449,0.133052,FRENET,0.333921,0.807459,0.333921,0.01536,0.807459,0.751656,0
2.54267,-5.37139,7.91871,0.116913,0.725282,0.183449,0.133052,FRENET,0.333921,0.807459,0.333921,0.01536,0.807459,0.751656,0
2.54667,-5.37139,7.91871,0.116913,0.725282,0.183449,0.133052,FRENET,0.333921,0.807459,0.333921,0.01536,0.807459,0.751656,0
2.55066,-5.36423,7.91985,0.118773,0.724589,0.166587,0.120707,FRENET,0.333921,0.807459,0.333921,0.01536,0.807459,0.751656,0
2.55467,-5.36423,7.91985,0.118773,0.724589,0.166587,0.120707,FRENET,0.333921,0.807459,0.333921,0.01536,0.807459,0.751656,0
2.55955,-5.35708,7.92098,0.120412,0.724028,0.183101,0.13257,FRENET,0.333921,0.807459,0.333921,0.01536,0.807459,0.751656,0
2.56267,-5.35708,7.92098,0.120412,0.724028,0.183101,0.13257,FRENET,0.333921,0.807459,0.333921,0.01536,0.807459,0.751656,0
2.56667,-5.35708,7.92098,0.120412,0.724028,0.183101,0.13257,FRENET,0.333921,0.807459,0.333921,0.01536,0.807459,0.751656,0
2.57066,-5.34994,7.92215,0.122268,0.723574,0.166289,0.120322,FRENET,0.333921,0.807459,0.333921,0.01536,0.807459,0.751656,0
2.57467,-5.34994,7.92215,0.122268,0.723574,0.166289,0.120322,FRENET,0.333921,0.807459,0.333921,0.01536,0.807459,0.751656,0
2.57956,-5.3428,7.92331,0.123904,0.723206,0.18287,0.132253,FRENET,0.32889,0.814092,0.32889,0.0123513,0.814092,0.751866,0
2.58267,-5.3428,7.92331,0.123904,0.723206,0.18287,0.132253,FRENET,0.32889,0.814092,0.32889,0.0123513,0.814092,0.751866,0
2.58667,-5.3428,7.92331,0.123904,0.723206,0.18287,0.132253,FRENET,0.32889,0.814092,0.32889,0.0123513,0.814092,0.751866,0
2.59066,-5.33567,7.92449,0.125759,0.721045,0.165767,0.119526,FRENET,0.32889,0.814092,0.32889,0.0123513,0.814092,0.751866,0
2.59467,-5.33567,7.92449,0.125759,0.721045,0.165767,0.119526,FRENET,0.32889,0.814092,0.32889,0.0123513,0.814092,0.751866,0
2.59956,-5.32853,7.92568,0.127392,0.727184,0.182436,0.132664,FRENET,0.32889,0.814092,0.32889,0.0123513,0.814092,0.751866,0
2.60267,-5.32853,7.92568,0.127392,0.727184,0.182436,0.132664,FRENET,0.32889,0.814092,0.32889,0.0123513,0.814092,0.751866,0
2.60667,-5.32853,7.92568,0.127392,0.727184,0.182436,0.132664,FRENET,0.32889,0.814092,0.32889,0.0123513,0.814092,0.751866,0
2.61066,-5.32134,7.92693,0.129456,0.733031,0.236526,0.173381,FRENET,0.32889,0.814092,0.32889,0.0123513,0.814092,0.751866,0
2.61467,-5.32134,7.92693,0.129456,0.733031,0.236526,0.173381,FRENET,0.32889,0.814092,0.32889,0.0123513,0.814092,0.751866,0
2.61958,-5.3141,7.92825,0.131934,0.7386,0.233947,0.172793,FRENET,0.32889,0.814092,0.32889,0.0123513,0.814092,0.751866,0
2.62267,-5.3141,7.92825,0.131934,0.7386,0.233947,0.172793,FRENET,0.32889,0.814092,0.32889,0.0123513,0.814092,0.751866,0
2.62667,-5.3141,7.92825,0.131934,0.7386,0.233947,0.172793,FRENET,0.340861,0.814092,0.340861,0.013035,0.814092,0.757158,0
2.63066,-5.30681,7.92958,0.13407,0.743905,0.185985,0.138355,FRENET,0.340861,0.814092,0.340861,0.013035,0.814092,0.757158,0
2.63467,-5.30681,7.92958,0.13407,0.743905,0.185985,0.138355,FRENET,0.340861,0.814092,0.340861,0.013035,0.814092,0.757158,0
2.63958,-5.29945,7.93088,0.135628,0.748957,0.123239,0.0923008,FRENET,0.340861,0.814092,0.340861,0.013035,0.814092,0.757158,0
2.64267,-5.29945,7.93088,0.135628,0.748957,0.123239,0.0923008,FRENET,0.340861,0.814092,0.340861,0.013035,0.814092,0.757158,0
2.64667,-5.29945,7.93088,0.135628,0.748957,0.123239,0.0923008,FRENET,0.340861,0.814092,0.340861,0.013035,0.814092,0.757158,0
2.65066,-5.29204,7.9321,0.136524,0.753769,0.0549121,0.041391,FRENET,0.340861,0.814092,0.340861,0.013035,0.814092,0.757158,0
2.65467,-5.29204,7.9321,0.136524,0.753769,0.0549121,0.041391,FRENET,0.340861,0.814092,0.340861,0.013035,0.814092,0.757158,0
2.65959,-5.28457,7.93325,0.136933,0.758352,0.0534532,0.0405363,FRENET,0.340861,0.814092,0.340861,0.013035,0.814092,0.757158,0
2.66267,-5.28457,7.93325,0.136933,0.758352,0.0534532,0.0405363,FRENET,0.340861,0.814092,0.340861,0.013035,0.814092,0.757158,0
2.66667,-5.28457,7.93325,0.136933,0.758352,0.0534532,0.0405363,FRENET,0.340861,0.814092,0.340861,0.013035,0.814092,0.757158,0
2.67065,-5.27705,7.93439,0.13746,0.762717,0.0328954,0.0250899,FRENET,0.340861,0.814092,0.340861,0.013035,0.814092,0.757158,0
2.67467,-5.27705,7.93439,0.13746,0.762717,0.0328954,0.0250899,FRENET,0.340861,0.814092,0.340861,0.013035,0.814092,0.757158,0
2.6796,-5.26948,7.93551,0.137748,0.766874,0.0458634,0.0351715,FRENET,0.340685,0.814092,0.340685,0.0163966,0.814092,0.758667,0
2.68267,-5.26948,7.93551,0.137748,0.766874,0.0458634,0.0351715,FRENET,0.340685,0.814092,0.340685,0.0163966,0.814092,0.758667,0
2.68667,-5.26948,7.93551,0.137748,0.766874,0.0458634,0.0351715,FRENET,0.340685,0.814092,0.340685,0.0163966,0.814092,0.758667,0
2.69066,-5.26188,7.93664,0.138232,0.770834,0.030362,0.0234041,FRENET,0.340685,0.814092,0.340685,0.0163966,0.814092,0.758667,0
2.69467,-5.26188,7.93664,0.138232,0.770834,0.030362,0.0234041,FRENET,0.340685,0.814092,0.340685,0.0163966,0.814092,0.758667,0
2.69961,-5.25423,7.93777,0.138504,0.774606,0.0448761,0.0347613,FRENET,0.340685,0.814092,0.340685,0.0163966,0.814092,0.758667,0
2.70267,-5.25423,7.93777,0.138504,0.774606,0.0448761,0.0347613,FRENET,0.340685,0.814092,0.340685,0.0163966,0.814092,0.758667,0
2.70667,-5.25423,7.93777,0.138504,0.774606,0.0448761,0.0347613,FRENET,0.340685,0.814092,0.340685,0.0163966,0.814092,0.758667,0
2.71065,-5.24655,7.93891,0.138983,0.778198,0.0302429,0.0235349,FRENET,0.340685,0.814092,0.340685,0.0163966,0.814092,0.758667,0
2.71467,-5.24655,7.93891,0.138983,0.778198,0.0302429,0.0235349,FRENET,0.340685,0.814092,0.340685,0.0163966,0.814092,0.758667,0
2.71962,-5.23884,7.94004,0.139255,0.781619,0.0448677,0.0350694,FRENET,0.340685,0.814092,0.340685,0.0163966,0.814092,0.758667,0
2.72267,-5.23884,7.94004,0.139255,0.781619,0.0448677,0.0350694,FRENET,0.340685,0.814092,0.340685,0.0163966,0.814092,0.758667,0
2.72667,-5.23884,7.94004,0.139255,0.781619,0.0448677,0.0350694,FRENET,0.330626,0.814092,0.330626,0.0125893,0.814092,0.766687,0
2.73065,-5.23109,7.9412,0.139735,0.784878,0.0305208,0.0239551,FRENET,0.330626,0.814092,0.330626,0.0125893,0.814092,0.766687,0
2.73467,-5.23109,7.9412,0.139735,0.784878,0.0305208,0.0239551,FRENET,0.330626,0.814092,0.330626,0.0125893,0.814092,0.766687,0
2.73964,-5.22331,7.94235,0.14001,0.787982,0.0450425,0.0354927,FRENET,0.330626,0.814092,0.330626,0.0125893,0.814092,0.766687,0
2.74268,-5.22331,7.94235,0.14001,0.787982,0.0450425,0.0354927,FRENET,0.330626,0.814092,0.330626,0.0125893,0.814092,0.766687,0
2.74667,-5.22331,7.94235,0.14001,0.787982,0.0450425,0.0354927,FRENET,0.330626,0.814092,0.330626,0.0125893,0.814092,0.766687,0
2.75066,-5.21551,7.94352,0.140492,0.790938,0.0308586,0.0244072,FRENET,0.330626,0.814092,0.330626,0.0125893,0.814092,0.766687,0
2.75467,-5.21551,7.94352,0.140492,0.790938,0.0308586,0.0244072,FRENET,0.330626,0.814092,0.330626,0.0125893,0.814092,0.766687,0
2.75964,-5.20767,7.94469,0.14077,0.793753,0.045246,0.0359141,FRENET,0.330626,0.814092,0.330626,0.0125893,0.814092,0.766687,0
2.76267,-5.20767,7.94469,0.14077,0.793753,0.045246,0.0359141,FRENET,0.330626,0.814092,0.330626,0.0125893,0.814092,0.766687,0
2.76667,-5.20767,7.94469,0.14077,0.793753,0.045246,0.0359141,FRENET,0.330626,0.814092,0.330626,0.0125893,0.814092,0.766687,0
2.77066,-5.19981,7.94587,0.141255,0.796435,0.0311855,0.0248372,FRENET,0.330626,0.814092,0.330626,0.0125893,0.814092,0.766687,0
2.77467,-5.19981,7.94587,0.141255,0.796435,0.0311855,0.0248372,FRENET,0.330626,0.814092,0.330626,0.0125893,0.814092,0.766687,0
2.77965,-5.19192,7.94705,0.141535,0.798989,0.045443,0.0363085,FRENET,0.3299,0.822467,0.3299,0.0248833,0.822467,0.767789,0
2.78267,-5.19192,7.94705,0.141535,0.798989,0.045443,0.0363085,FRENET,0.3299,0.822467,0.3299,0.0248833,0.822467,0.767789,0
2.78667,-5.19192,7.94705,0.141535,0.798989,0.045443,0.0363085,FRENET,0.3299,0.822467,0.3299,0.0248833,0.822467,0.767789,0
2.79066,-5.18401,7.94825,0.142023,0.801112,0.0314618,0.0252045,FRENET,0.3299,0.822467,0.3299,0.0248833,0.822467,0.767789,0
2.79469,-5.18401,7.94825,0.142023,0.801112,0.0314618,0.0252045,FRENET,0.3299,0.822467,0.3299,0.0248833,0.822467,0.767789,0
2.79966,-5.17607,7.94944,0.142306,0.803134,0.0456281,0.0366455,FRENET,0.3299,0.822467,0.3299,0.0248833,0.822467,0.767789,0
2.80267,-5.17607,7.94944,0.142306,0.803134,0.0456281,0.0366455,FRENET,0.3299,0.822467,0.3299,0.0248833,0.822467,0.767789,0
2.80667,-5.17607,7.94944,0.142306,0.803134,0.0456281,0.0366455,FRENET,0.3299,0.822467,0.3299,0.0248833,0.822467,0.767789,0
2.81066,-5.16812,7.95065,0.142795,0.80506,0.0317086,0.0255273,FRENET,0.3299,0.822467,0.3299,0.0248833,0.822467,0.767789,0
2.81467,-5.16812,7.95065,0.142795,0.80506,0.0317086,0.0255273,FRENET,0.3299,0.822467,0.3299,0.0248833,0.822467,0.767789,0
2.81966,-5.16015,7.95185,0.14308,0.806895,0.0457763,0.0369366,FRENET,0.3299,0.822467,0.3299,0.0248833,0.822467,0.767789,0
2.82267,-5.16015,7.95185,0.14308,0.806895,0.0457763,0.0369366,FRENET,0.3299,0.822467,0.3299,0.0248833,0.822467,0.767789,0
2.82667,-5.16015,7.95185,0.14308,0.806895,0.0457763,0.0369366,FRENET,0.336894,0.822467,0.336894,0.0112124,0.822467,0.774805,0
2.83066,-5.15217,7.95307,0.143571,0.808642,0.0319264,0.025817,FRENET,0.336894,0.822467,0.336894,0.0112124,0.822467,0.774805,0
2.83467,-5.15217,7.95307,0.143571,0.808642,0.0319264,0.025817,FRENET,0.336894,0.822467,0.336894,0.0112124,0.822467,0.774805,0
2.83967,-5.14417,7.95429,0.143858,0.810306,0.0459097,0.0372009,FRENET,0.336894,0.822467,0.336894,0.0112124,0.822467,0.774805,0
2.84267,-5.14417,7.95429,0.143858,0.810306,0.0459097,0.0372009,FRENET,0.336894,0.822467,0.336894,0.0112124,0.822467,0.774805,0
2.84667,-5.14417,7.95429,0.143858,0.810306,0.0459097,0.0372009,FRENET,0.336894,0.822467,0.336894,0.0112124,0.822467,0.774805,0
2.85066,-5.13615,7.95552,0.14435,0.811891,0.0321232,0.0260805,FRENET,0.336894,0.822467,0.336894,0.0112124,0.822467,0.774805,0
2.85467,-5.13615,7.95552,0.14435,0.811891,0.0321232,0.0260805,FRENET,0.336894,0.822467,0.336894,0.0112124,0.822467,0.774805,0
2.85969,-5.12812,7.95675,0.144639,0.8134,0.0460311,0.0374417,FRENET,0.336894,0.822467,0.336894,0.0112124,0.822467,0.774805,0
2.86268,-5.12812,7.95675,0.144639,0.8134,0.0460311,0.0374417,FRENET,0.336894,0.822467,0.336894,0.0112124,0.822467,0.774805,0
2.86667,-5.12812,7.95675,0.144639,0.8134,0.0460311,0.0374417,FRENET,0.336894,0.822467,0.336894,0.0112124,0.822467,0.774805,0
2.87066,-5.12007,7.95799,0.145132,0.814838,0.0323014,0.0263204,FRENET,0.336894,0.822467,0.336894,0.0112124,0.822467,0.774805,0
2.87468,-5.12007,7.95799,0.145132,0.814838,0.0323014,0.0263204,FRENET,0.336894,0.822467,0.336894,0.0112124,0.822467,0.774805,0
2.87968,-5.11201,7.95923,0.145422,0.816207,0.0461417,0.0376612,FRENET,0.327381,0.822467,0.327381,0.0121543,0.822467,0.780335,0
2.88271,-5.11201,7.95923,0.145422,0.816207,0.0461417,0.0376612,FRENET,0.327381,0.822467,0.327381,0.0121543,0.822467,0.780335,0
2.8867,-5.11201,7.95923,0.145422,0.816207,0.0461417,0.0376612,FRENET,0.327381,0.822467,0.327381,0.0121543,0.822467,0.780335,0
2.89069,-5.10394,7.96048,0.145918,0.817512,0.0324628,0.0265387,FRENET,0.327381,0.822467,0.327381,0.0121543,0.822467,0.780335,0
2.8947,-5.10394,7.96048,0.145918,0.817512,0.0324628,0.0265387,FRENET,0.327381,0.822467,0.327381,0.0121543,0.822467,0.780335,0
2.89973,-5.09585,7.96173,0.146209,0.818754,0.0462423,0.037861,FRENET,0.327381,0.822467,0.327381,0.0121543,0.822467,0.780335,0
2.90271,-5.09585,7.96173,0.146209,0.818754,0.0462423,0.037861,FRENET,0.327381,0.822467,0.327381,0.0121543,0.822467,0.780335,0
2.9067,-5.09585,7.96173,0.146209,0.818754,0.0462423,0.037861,FRENET,0.327381,0.822467,0.327381,0.0121543,0.822467,0.780335,0
2.9107,-5.08776,7.96299,0.146705,0.819937,0.0326091,0.0267374,FRENET,0.327381,0.822467,0.327381,0.0121543,0.822467,0.780335,0
2.91471,-5.08776,7.96299,0.146705,0.819937,0.0326091,0.0267374,FRENET,0.327381,0.822467,0.327381,0.0121543,0.822467,0.780335,0
2.91971,-5.07965,7.96425,0.146998,0.821064,0.0463338,0.038043,FRENET,0.327381,0.822467,0.327381,0.0121543,0.822467,0.780335,0
2.92266,-5.07965,7.96425,0.146998,0.821064,0.0463338,0.038043,FRENET,0.327381,0.822467,0.327381,0.0121543,0.822467,0.780335,0
2.9267,-5.07965,7.96425,0.146998,0.821064,0.0463338,0.038043,FRENET,0.335629,0.822467,0.335629,0,0.822467,1.01132,0
2.93069,-5.07153,7.96552,0.147495,0.822137,0.0327416,0.0269181,FRENET,0.335629,0.822467,0.335629,0,0.822467,1.01132,0
2.93471,-5.07153,7.96552,0.147495,0.822137,0.0327416,0.0269181,FRENET,0.335629,0.822467,0.335629,0,0.822467,1.01132,0
2.93974,-5.0634,7.96679,0.147789,0.82316,0.046417,0.0382086,FRENET,0.335629,0.822467,0.335629,0,0.822467,1.01132,0
2.9427,-5.0634,7.96679,0.147789,0.82316,0.046417,0.0382086,FRENET,0.335629,0.822467,0.335629,0,0.822467,1.01132,0
2.94671,-5.0634,7.96679,0.147789,0.82316,0.046417,0.0382086,FRENET,0.335629,0.822467,0.335629,0,0.822467,1.01132,0
2.95069,-5.05527,7.96807,0.148288,0.824133,0.0328617,0.0270824,FRENET,0.335629,0.822467,0.335629,0,0.822467,1.01132,0
2.95475,-5.05527,7.96807,0.148288,0.824133,0.0328617,0.0270824,FRENET,0.335629,0.822467,0.335629,0,0.822467,1.01132,0
2.95972,-5.04712,7.96935,0.148582,0.825061,0.0464927,0.0383593,FRENET,0.335629,0.822467,0.335629,0,0.822467,1.01132,0
2.96269,-5.04712,7.96935,0.148582,0.825061,0.0464927,0.0383593,FRENET,0.335629,0.822467,0.335629,0,0.822467,1.01132,0
2.9667,-5.04712,7.96935,0.148582,0.825061,0.0464927,0.0383593,FRENET,0.335629,0.822467,0.335629,0,0.822467,1.01132,0
2.97069,-5.03897,7.97064,0.149082,0.825944,0.0329705,0.0272318,FRENET,0.335629,0.822467,0.335629,0,0.822467,1.01132,0
2.97467,-5.03897,7.97064,0.149082,0.825944,0.0329705,0.0272318,FRENET,0.335629,0.822467,0.335629,0,0.822467,1.01132,0
2.97975,-5.03081,7.97193,0.149377,0.826785,0.0465615,0.0384963,FRENET,0.332182,0.83226,0.332182,0,0.83226,0.9762,0
2.98269,-5.03081,7.97193,0.149377,0.826785,0.0465615,0.0384963,FRENET,0.332182,0.83226,0.332182,0,0.83226,0.9762,0
2.9867,-5.03081,7.97193,0.149377,0.826785,0.0465615,0.0384963,FRENET,0.332182,0.83226,0.332182,0,0.83226,0.9762,0
2.9907,-5.0226,7.97324,0.149875,0.835377,0.0336533,0.0281132,FRENET,0.332182,0.83226,0.332182,0,0.83226,0.9762,0
2.9947,-5.0226,7.97324,0.149875,0.835377,0.0336533,0.0281132,FRENET,0.332182,0.83226,0.332182,0,0.83226,0.9762,0
2.99973,-5.01431,7.97455,0.150179,0.843559,0.0465905,0.0393018,FRENET,0.332182,0.83226,0.332182,0,0.83226,0.9762,0
3.00269,-5.01431,7.97455,0.150179,0.843559,0.0465905,0.0393018,FRENET,0.332182,0.83226,0.332182,0,0.83226,0.9762,0
3.00671,-5.01431,7.97455,0.150179,0.843559,0.0465905,0.0393018,FRENET,0.332182,0.83226,0.332182,0,0.83226,0.9762,0
3.01069,-5.00594,7.97589,0.150681,0.851353,0.0343973,0.0292842,FRENET,0.332182,0.83226,0.332182,0,0.83226,0.9762,0
3.01471,-5.00594,7.97589,0.150681,0.851353,0.0343973,0.0292842,FRENET,0.332182,0.83226,0.332182,0,0.83226,0.9762,0
3.01973,-4.99749,7.97723,0.150992,0.858776,0.0471514,0.0404925,FRENET,0.332182,0.83226,0.332182,0,0.83226,0.9762,0
3.02266,-4.99749,7.97723,0.150992,0.858776,0.0471514,0.0404925,FRENET,0.332182,0.83226,0.332182,0,0.83226,0.9762,0
3.02671,-4.99749,7.97723,0.150992,0.858776,0.0471514,0.0404925,FRENET,0.321548,0.83226,0.321548,0,0.83226,0.95784,0
3.03069,-4.98898,7.9786,0.151501,0.865846,0.0352192,0.0304944,FRENET,0.321548,0.83226,0.321548,0,0.83226,0.95784,0
3.0347,-4.98898,7.9786,0.151501,0.865846,0.0352192,0.0304944,FRENET,0.321548,0.83226,0.321548,0,0.83226,0.95784,0
3.03974,-4.9804,7.97997,0.151819,0.87258,0.0477128,0.0416333,FRENET,0.321548,0.83226,0.321548,0,0.83226,0.95784,0
3.04271,-4.9804,7.97997,0.151819,0.87258,0.0477128,0.0416333,FRENET,0.321548,0.83226,0.321548,0,0.83226,0.95784,0
3.04671,-4.9804,7.97997,0.151819,0.87258,0.0477128,0.0416333,FRENET,0.321548,0.83226,0.321548,0,0.83226,0.95784,0
3.05069,-4.97175,7.98137,0.152334,0.878994,0.0359746,0.0316214,FRENET,0.321548,0.83226,0.321548,0,0.83226,0.95784,0
3.0547,-4.97175,7.98137,0.152334,0.878994,0.0359746,0.0316214,FRENET,0.321548,0.83226,0.321548,0,0.83226,0.95784,0
3.05972,-4.96304,7.98277,0.152658,0.885103,0.0482324,0.0426906,FRENET,0.321548,0.83226,0.321548,0,0.83226,0.95784,0
3.06271,-4.96304,7.98277,0.152658,0.885103,0.0482324,0.0426906,FRENET,0.321548,0.83226,0.321548,0,0.83226,0.95784,0
3.0667,-4.96304,7.98277,0.152658,0.885103,0.0482324,0.0426906,FRENET,0.321548,0.83226,0.321548,0,0.83226,0.95784,0
3.07069,-4.95428,7.9842,0.153179,0.890921,0.0366583,0.0326596,FRENET,0.321548,0.83226,0.321548,0,0.83226,0.95784,0
3.07467,-4.95428,7.9842,0.153179,0.890921,0.0366583,0.0326596,FRENET,0.321548,0.83226,0.321548,0,0.83226,0.95784,0
3.0797,-4.94546,7.98562,0.15351,0.896463,0.0487089,0.0436657,FRENET,0.331432,0.83226,0.331432,0,0.83226,0.941376,0
3.0827,-4.94546,7.98562,0.15351,0.896463,0.0487089,0.0436657,FRENET,0.331432,0.83226,0.331432,0,0.83226,0.941376,0
3.08671,-4.94546,7.98562,0.15351,0.896463,0.0487089,0.0436657,FRENET,0.331432,0.83226,0.331432,0,0.83226,0.941376,0
3.0907,-4.93658,7.98708,0.154036,0.901741,0.0372764,0.0336136,FRENET,0.331432,0.83226,0.331432,0,0.83226,0.941376,0
3.09471,-4.93658,7.98708,0.154036,0.901741,0.0372764,0.0336136,FRENET,0.331432,0.83226,0.331432,0,0.83226,0.941376,0
3.09971,-4.92766,7.98852,0.154372,0.906768,0.0491449,0.044563,FRENET,0.331432,0.83226,0.331432,0,0.83226,0.941376,0
3.1027,-4.92766,7.98852,0.154372,0.906768,0.0491449,0.044563,FRENET,0.331432,0.83226,0.331432,0,0.83226,0.941376,0
3.10671,-4.92766,7.98852,0.154372,0.906768,0.0491449,0.044563,FRENET,0.331432,0.83226,0.331432,0,0.83226,0.941376,0
3.11069,-4.91869,7.99,0.154903,0.911556,0.0378354,0.0344891,FRENET,0.331432,0.83226,0.331432,0,0.83226,0.941376,0
3.11471,-4.91869,7.99,0.154903,0.911556,0.0378354,0.0344891,FRENET,0.331432,0.83226,0.331432,0,0.83226,0.941376,0
3.11969,-4.90967,7.99147,0.155244,0.916117,0.0495433,0.0453875,FRENET,0.331432,0.83226,0.331432,0,0.83226,0.941376,0
3.12268,-4.90967,7.99147,0.155244,0.916117,0.0495433,0.0453875,FRENET,0.331432,0.83226,0.331432,0,0.83226,0.941376,0
3.1267,-4.90967,7.99147,0.155244,0.916117,0.0495433,0.0453875,FRENET,0.321523,0.83226,0.321523,0,0.83226,0.921481,0
3.1307,-4.90061,7.99297,0.155779,0.920461,0.0383412,0.0352916,FRENET,0.321523,0.83226,0.321523,0,0.83226,0.921481,0
3.13471,-4.90061,7.99297,0.155779,0.920461,0.0383412,0.0352916,FRENET,0.321523,0.83226,0.321523,0,0.83226,0.921481,0
3.13967,-4.8915,7.99446,0.156124,0.924598,0.0499072,0.0461441,FRENET,0.321523,0.83226,0.321523,0,0.83226,0.921481,0
3.14271,-4.8915,7.99446,0.156124,0.924598,0.0499072,0.0461441,FRENET,0.321523,0.83226,0.321523,0,0.83226,0.921481,0
3.1467,-4.8915,7.99446,0.156124,0.924598,0.0499072,0.0461441,FRENET,0.321523,0.83226,0.321523,0,0.83226,0.921481,0
3.15069,-4.88236,7.99598,0.156664,0.928538,0.038799,0.0360264,FRENET,0.321523,0.83226,0.321523,0,0.83226,0.921481,0
3.1547,-4.88236,7.99598,0.156664,0.928538,0.038799,0.0360264,FRENET,0.321523,0.83226,0.321523,0,0.83226,0.921481,0
3.15967,-4.87318,7.9975,0.157013,0.932291,0.0502391,0.0468375,FRENET,0.321523,0.83226,0.321523,0,0.83226,0.921481,0
3.1627,-4.87318,7.9975,0.157013,0.932291,0.0502391,0.0468375,FRENET,0.321523,0.83226,0.321523,0,0.83226,0.921481,0
3.1667,-4.87318,7.9975,0.157013,0.932291,0.0502391,0.0468375,FRENET,0.321523,0.83226,0.321523,0,0.83226,0.921481,0
3.17066,-4.86397,7.99904,0.157556,0.935865,0.0392135,0.0366986,FRENET,0.321523,0.83226,0.321523,0,0.83226,0.921481,0
3.17509,-4.86397,7.99904,0.157556,0.935865,0.0392135,0.0366986,FRENET,0.321523,0.83226,0.321523,0,0.83226,0.921481,0
3.17965,-4.85472,8.00057,0.157909,0.93927,0.0505418,0.0474724,FRENET,0.326438,0.843875,0.326438,0,0.843875,0.889332,0
3.18268,-4.85472,8.00057,0.157909,0.93927,0.0505418,0.0474724,FRENET,0.326438,0.843875,0.326438,0,0.843875,0.889332,0
3.18668,-4.85472,8.00057,0.157909,0.93927,0.0505418,0.0474724,FRENET,0.326438,0.843875,0.326438,0,0.843875,0.889332,0
3.19067,-4.84539,8.00214,0.158453,0.95364,0.0402262,0.0383614,FRENET,0.326438,0.843875,0.326438,0,0.843875,0.889332,0
3.19468,-4.84539,8.00214,0.158453,0.95364,0.0402262,0.0383614,FRENET,0.326438,0.843875,0.326438,0,0.843875,0.889332,0
3.19962,-4.83591,8.00372,0.158817,0.967327,0.050821,0.0491606,FRENET,0.326438,0.843875,0.326438,0,0.843875,0.889332,0
3.20269,-4.83591,8.00372,0.158817,0.967327,0.050821,0.0491606,FRENET,0.326438,0.843875,0.326438,0,0.843875,0.889332,0
3.20668,-4.83591,8.00372,0.158817,0.967327,0.050821,0.0491606,FRENET,0.326438,0.843875,0.326438,0,0.843875,0.889332,0
3.21067,-4.82631,8.00534,0.159368,0.980363,0.0413843,0.0405716,FRENET,0.326438,0.843875,0.326438,0,0.843875,0.889332,0
3.21468,-4.82631,8.00534,0.159368,0.980363,0.0413843,0.0405716,FRENET,0.326438,0.843875,0.326438,0,0.843875,0.889332,0
3.21962,-4.81658,8.00698,0.159745,0.992779,0.0518348,0.0514605,FRENET,0.326438,0.843875,0.326438,0,0.843875,0.889332,0
3.22269,-4.81658,8.00698,0.159745,0.992779,0.0518348,0.0514605,FRENET,0.326438,0.843875,0.326438,0,0.843875,0.889332,0
3.22667,-4.81658,8.00698,0.159745,0.992779,0.0518348,0.0514605,FRENET,0.329214,0.843875,0.329214,0,0.843875,0.887896,0
3.23067,-4.80674,8.00865,0.160307,1.00461,0.0426642,0.0428607,FRENET,0.329214,0.843875,0.329214,0,0.843875,0.887896,0
3.23467,-4.80674,8.00865,0.160307,1.00461,0.0426642,0.0428607,FRENET,0.329214,0.843875,0.329214,0,0.843875,0.887896,0
3.2396,-4.79677,8.01033,0.160695,1.01587,0.0528431,0.0536817,FRENET,0.329214,0.843875,0.329214,0,0.843875,0.887896,0
3.24267,-4.79677,8.01033,0.160695,1.01587,0.0528431,0.0536817,FRENET,0.329214,0.843875,0.329214,0,0.843875,0.887896,0
3.24667,-4.79677,8.01033,0.160695,1.01587,0.0528431,0.0536817,FRENET,0.329214,0.843875,0.329214,0,0.843875,0.887896,0
3.25067,-4.78671,8.01205,0.161268,1.0266,0.0438466,0.0450127,FRENET,0.329214,0.843875,0.329214,0,0.843875,0.887896,0
3.25468,-4.78671,8.01205,0.161268,1.0266,0.0438466,0.0450127,FRENET,0.329214,0.843875,0.329214,0,0.843875,0.887896,0
3.25956,-4.77654,8.01378,0.161666,1.03681,0.0537763,0.0557561,FRENET,0.329214,0.843875,0.329214,0,0.843875,0.887896,0
3.26268,-4.77654,8.01378,0.161666,1.03681,0.0537763,0.0557561,FRENET,0.329214,0.843875,0.329214,0,0.843875,0.887896,0
3.26667,-4.77654,8.01378,0.161666,1.03681,0.0537763,0.0557561,FRENET,0.329214,0.843875,0.329214,0,0.843875,0.887896,0
3.27067,-4.76627,8.01554,0.16225,1.04655,0.0449197,0.0470105,FRENET,0.329214,0.843875,0.329214,0,0.843875,0.887896,0
3.27467,-4.76627,8.01554,0.16225,1.04655,0.0449197,0.0470105,FRENET,0.329214,0.843875,0.329214,0,0.843875,0.887896,0
3.27958,-4.75591,8.01731,0.162658,1.05582,0.0546319,0.0576812,FRENET,0.332334,0.843875,0.332334,0,0.843875,0.876746,0
3.28267,-4.75591,8.01731,0.162658,1.05582,0.0546319,0.0576812,FRENET,0.332334,0.843875,0.332334,0,0.843875,0.876746,0
3.28668,-4.75591,8.01731,0.162658,1.05582,0.0546319,0.0576812,FRENET,0.332334,0.843875,0.332334,0,0.843875,0.876746,0
3.29067,-4.74546,8.01911,0.16325,1.06464,0.045892,0.0488587,FRENET,0.332334,0.843875,0.332334,0,0.843875,0.876746,0
3.29467,-4.74546,8.01911,0.16325,1.06464,0.045892,0.0488587,FRENET,0.332334,0.843875,0.332334,0,0.843875,0.876746,0
3.2996,-4.73493,8.02092,0.163667,1.07305,0.0554146,0.0594627,FRENET,0.332334,0.843875,0.332334,0,0.843875,0.876746,0
3.30271,-4.73493,8.02092,0.163667,1.07305,0.0554146,0.0594627,FRENET,0.332334,0.843875,0.332334,0,0.843875,0.876746,0
3.3067,-4.73493,8.02092,0.163667,1.07305,0.0554146,0.0594627,FRENET,0.332334,0.843875,0.332334,0,0.843875,0.876746,0
3.31071,-4.72431,8.02276,0.164268,1.08106,0.0467733,0.0505648,FRENET,0.332334,0.843875,0.332334,0,0.843875,0.876746,0
3.31471,-4.72431,8.02276,0.164268,1.08106,0.0467733,0.0505648,FRENET,0.332334,0.843875,0.332334,0,0.843875,0.876746,0
3.31958,-4.71362,8.02461,0.164693,1.08869,0.0561297,0.0611078,FRENET,0.332334,0.843875,0.332334,0,0.843875,0.876746,0
3.32268,-4.71362,8.02461,0.164693,1.08869,0.0561297,0.0611078,FRENET,0.332334,0.843875,0.332334,0,0.843875,0.876746,0
3.32671,-4.71362,8.02461,0.164693,1.08869,0.0561297,0.0611078,FRENET,0.326533,0.843875,0.326533,0.168148,0.843875,0.348944,0
3.33071,-4.70286,8.02649,0.165301,1.09595,0.0475723,0.0521371,FRENET,0.326533,0.843875,0.326533,0.168148,0.843875,0.348944,0
3.33471,-4.70286,8.02649,0.165301,1.09595,0.0475723,0.0521371,FRENET,0.326533,0.843875,0.326533,0.168148,0.843875,0.348944,0
3.33958,-4.69203,8.02837,0.165733,1.10287,0.0567826,0.0626241,FRENET,0.326533,0.843875,0.326533,0.168148,0.843875,0.348944,0
3.34271,-4.69203,8.02837,0.165733,1.10287,0.0567826,0.0626241,FRENET,0.326533,0.843875,0.326533,0.168148,0.843875,0.348944,0
3.34672,-4.69203,8.02837,0.165733,1.10287,0.0567826,0.0626241,FRENET,0.326533,0.843875,0.326533,0.168148,0.843875,0.348944,0
3.35068,-4.68114,8.03028,0.166348,1.10947,0.048297,0.0535838,FRENET,0.326533,0.843875,0.326533,0.168148,0.843875,0.348944,0
3.35468,-4.68114,8.03028,0.166348,1.10947,0.048297,0.0535838,FRENET,0.326533,0.843875,0.326533,0.168148,0.843875,0.348944,0
3.35957,-4.67013,8.03221,0.166788,1.12466,0.0569845,0.0640884,FRENET,0.326533,0.843875,0.326533,0.168148,0.843875,0.348944,0
3.36271,-4.67013,8.03221,0.166788,1.12466,0.0569845,0.0640884,FRENET,0.326533,0.843875,0.326533,0.168148,0.843875,0.348944,0
3.36671,-4.67013,8.03221,0.166788,1.12466,0.0569845,0.0640884,FRENET,0.326533,0.843875,0.326533,0.168148,0.843875,0.348944,0
3.37071,-4.65899,8.03418,0.167406,1.13914,0.0494249,0.0563017,FRENET,0.326533,0.843875,0.326533,0.168148,0.843875,0.348944,0
3.37469,-4.65899,8.03418,0.167406,1.13914,0.0494249,0.0563017,FRENET,0.326533,0.843875,0.326533,0.168148,0.843875,0.348944,0
3.37953,-4.6477,8.03614,0.167614,1.15292,-0.0148309,-0.0170989,FRENET,0.205561,0.508083,0.205561,0.201194,0.508083,0.354873,0
3.38267,-4.6477,8.03614,0.167614,1.15292,-0.0148309,-0.0170989,FRENET,0.205561,0.508083,0.205561,0.201194,0.508083,0.354873,0
3.38667,-4.6477,8.03614,0.167614,1.15292,-0.0148309,-0.0170989,FRENET,0.205561,0.508083,0.205561,0.201194,0.508083,0.354873,0
3.39071,-4.6362,8.03808,0.167297,1.17894,-0.029196,-0.0344202,FRENET,0.205561,0.508083,0.205561,0.201194,0.508083,0.354873,0
3.39468,-4.6362,8.03808,0.167297,1.17894,-0.029196,-0.0344202,FRENET,0.205561,0.508083,0.205561,0.201194,0.508083,0.354873,0
3.39954,-4.62445,8.04004,0.166989,1.20371,-0.0471988,-0.0568138,FRENET,0.205561,0.508083,0.205561,0.201194,0.508083,0.354873,0
3.40268,-4.62445,8.04004,0.166989,1.20371,-0.0471988,-0.0568138,FRENET,0.205561,0.508083,0.205561,0.201194,0.508083,0.354873,0
3.40667,-4.62445,8.04004,0.166989,1.20371,-0.0471988,-0.0568138,FRENET,0.205561,0.508083,0.205561,0.201194,0.508083,0.354873,0
3.41067,-4.61245,8.04198,0.1662,1.22731,-0.117012,-0.143611,FRENET,0.205561,0.508083,0.205561,0.201194,0.508083,0.354873,0
3.41464,-4.61245,8.04198,0.1662,1.22731,-0.117012,-0.143611,FRENET,0.205561,0.508083,0.205561,0.201194,0.508083,0.354873,0
3.4196,-4.6002,8.04385,0.164573,1.24979,-0.211592,-0.264445,FRENET,0.205561,0.508083,0.205561,0.201194,0.508083,0.354873,0
3.42271,-4.6002,8.04385,0.164573,1.24979,-0.211592,-0.264445,FRENET,0.205561,0.508083,0.205561,0.201194,0.508083,0.354873,0
3.42671,-4.6002,8.04385,0.164573,1.24979,-0.211592,-0.264445,FRENET,0.20557,0.508083,0.20557,0.162059,0.508083,0.360904,0
3.43072,-4.58773,8.04563,0.162168,1.27119,-0.247732,-0.314915,FRENET,0.20557,0.508083,0.20557,0.162059,0.508083,0.360904,0
3.43471,-4.58773,8.04563,0.162168,1.27119,-0.247732,-0.314915,FRENET,0.20557,0.508083,0.20557,0.162059,0.508083,0.360904,0
3.43949,-4.57503,8.04736,0.159608,1.29158,-0.278022,-0.359089,FRENET,0.20557,0.508083,0.20557,0.162059,0.508083,0.360904,0
3.44268,-4.57503,8.04736,0.159608,1.29158,-0.278022,-0.359089,FRENET,0.20557,0.508083,0.20557,0.162059,0.508083,0.360904,0
3.44668,-4.57503,8.04736,0.159608,1.29158,-0.278022,-0.359089,FRENET,0.20557,0.508083,0.20557,0.162059,0.508083,0.360904,0
3.45073,-4.56213,8.04904,0.156701,1.311,-0.285794,-0.374677,FRENET,0.20557,0.508083,0.20557,0.162059,0.508083,0.360904,0
3.45471,-4.56213,8.04904,0.156701,1.311,-0.285794,-0.374677,FRENET,0.20557,0.508083,0.20557,0.162059,0.508083,0.360904,0
3.45951,-4.54903,8.05069,0.153839,1.3295,-0.302333,-0.401951,FRENET,0.20557,0.508083,0.20557,0.162059,0.508083,0.360904,0
3.46271,-4.54903,8.05069,0.153839,1.3295,-0.302333,-0.401951,FRENET,0.20557,0.508083,0.20557,0.162059,0.508083,0.360904,0
3.46673,-4.54903,8.05069,0.153839,1.3295,-0.302333,-0.401951,FRENET,0.20557,0.508083,0.20557,0.162059,0.508083,0.360904,0
3.47074,-4.53574,8.0523,0.150727,1.34712,-0.303255,-0.408521,FRENET,0.20557,0.508083,0.20557,0.162059,0.508083,0.360904,0
3.47474,-4.53574,8.0523,0.150727,1.34712,-0.303255,-0.408521,FRENET,0.20557,0.508083,0.20557,0.162059,0.508083,0.360904,0
3.4795,-4.52228,8.05389,0.147713,1.3639,-0.315775,-0.430685,FRENET,0.205586,0.508083,0.205586,0.10798,0.508083,0.36157,0
3.48269,-4.52228,8.05389,0.147713,1.3639,-0.315775,-0.430685,FRENET,0.205586,0.508083,0.205586,0.10798,0.508083,0.36157,0
3.48669,-4.52228,8.05389,0.147713,1.3639,-0.315775,-0.430685,FRENET,0.205586,0.508083,0.205586,0.10798,0.508083,0.36157,0
3.49069,-4.50865,8.05544,0.144479,1.37988,-0.314475,-0.433938,FRENET,0.205586,0.508083,0.205586,0.10798,0.508083,0.36157,0
3.49469,-4.50865,8.05544,0.144479,1.37988,-0.314475,-0.433938,FRENET,0.205586,0.508083,0.205586,0.10798,0.508083,0.36157,0
3.4995,-4.49486,8.05698,0.141361,1.3951,-0.32537,-0.453924,FRENET,0.205586,0.508083,0.205586,0.10798,0.508083,0.36157,0
3.50269,-4.49486,8.05698,0.141361,1.3951,-0.32537,-0.453924,FRENET,0.205586,0.508083,0.205586,0.10798,0.508083,0.36157,0
3.50671,-4.49486,8.05698,0.141361,1.3951,-0.32537,-0.453924,FRENET,0.205586,0.508083,0.205586,0.10798,0.508083,0.36157,0
3.51069,-4.48092,8.05847,0.138036,1.4096,-0.323121,-0.455471,FRENET,0.205586,0.508083,0.205586,0.10798,0.508083,0.36157,0
3.51469,-4.48092,8.05847,0.138036,1.4096,-0.323121,-0.455471,FRENET,0.205586,0.508083,0.205586,0.10798,0.508083,0.36157,0
3.5195,-4.46683,8.05995,0.134837,1.42341,-0.333151,-0.47421,FRENET,0.205586,0.508083,0.205586,0.10798,0.508083,0.36157,0
3.52269,-4.46683,8.05995,0.134837,1.42341,-0.333151,-0.47421,FRENET,0.205586,0.508083,0.205586,0.10798,0.508083,0.36157,0
3.52671,-4.46683,8.05995,0.134837,1.42341,-0.333151,-0.47421,FRENET,0.20644,0.508083,0.20644,0.0912706,0.508083,0.361105,0
3.53069,-4.4526,8.06138,0.131436,1.43656,-0.330391,-0.474626,FRENET,0.20644,0.508083,0.20644,0.0912706,0.508083,0.361105,0
3.53467,-4.4526,8.06138,0.131436,1.43656,-0.330391,-0.474626,FRENET,0.20644,0.508083,0.20644,0.0912706,0.508083,0.361105,0
3.53944,-4.43818,8.06279,0.128175,1.46097,-0.338053,-0.493886,FRENET,0.20644,0.508083,0.20644,0.0912706,0.508083,0.361105,0
3.54268,-4.43818,8.06279,0.128175,1.46097,-0.338053,-0.493886,FRENET,0.20644,0.508083,0.20644,0.0912706,0.508083,0.361105,0
3.54668,-4.43818,8.06279,0.128175,1.46097,-0.338053,-0.493886,FRENET,0.20644,0.508083,0.20644,0.0912706,0.508083,0.361105,0
3.55067,-4.42352,8.06417,0.124725,1.48423,-0.336325,-0.499182,FRENET,0.20644,0.508083,0.20644,0.0912706,0.508083,0.361105,0
3.55468,-4.42352,8.06417,0.124725,1.48423,-0.336325,-0.499182,FRENET,0.20644,0.508083,0.20644,0.0912706,0.508083,0.361105,0
3.55947,-4.40863,8.06556,0.121641,1.50637,-0.272445,-0.410404,FRENET,0.20644,0.508083,0.20644,0.0912706,0.508083,0.361105,0
3.56268,-4.40863,8.06556,0.121641,1.50637,-0.272445,-0.410404,FRENET,0.20644,0.508083,0.20644,0.0912706,0.508083,0.361105,0
3.5667,-4.40863,8.06556,0.121641,1.50637,-0.272445,-0.410404,FRENET,0.20644,0.508083,0.20644,0.0912706,0.508083,0.361105,0
3.57067,-4.39353,8.06699,0.119126,1.52747,-0.250073,-0.381979,FRENET,0.20644,0.508083,0.20644,0.0912706,0.508083,0.361105,0
3.57472,-4.39353,8.06699,0.119126,1.52747,-0.250073,-0.381979,FRENET,0.20644,0.508083,0.20644,0.0912706,0.508083,0.361105,0
3.5795,-4.37822,8.06843,0.116649,1.54756,-0.231282,-0.357923,FRENET,0.243104,0.523767,0.243104,0.0524111,0.523767,0.362743,0
3.58272,-4.37822,8.06843,0.116649,1.54756,-0.231282,-0.357923,FRENET,0.243104,0.523767,0.243104,0.0524111,0.523767,0.362743,0
3.58672,-4.37822,8.06843,0.116649,1.54756,-0.231282,-0.357923,FRENET,0.243104,0.523767,0.243104,0.0524111,0.523767,0.362743,0
3.5907,-4.36275,8.06988,0.114424,1.56048,-0.231022,-0.360504,FRENET,0.243104,0.523767,0.243104,0.0524111,0.523767,0.362743,0
3.59471,-4.36275,8.06988,0.114424,1.56048,-0.231022,-0.360504,FRENET,0.243104,0.523767,0.243104,0.0524111,0.523767,0.362743,0
3.59949,-4.34715,8.07132,0.112075,1.57278,-0.222751,-0.350338,FRENET,0.243104,0.523767,0.243104,0.0524111,0.523767,0.362743,0
3.60272,-4.34715,8.07132,0.112075,1.57278,-0.222751,-0.350338,FRENET,0.243104,0.523767,0.243104,0.0524111,0.523767,0.362743,0
3.60672,-4.34715,8.07132,0.112075,1.57278,-0.222751,-0.350338,FRENET,0.243104,0.523767,0.243104,0.0524111,0.523767,0.362743,0
3.6107,-4.33143,8.07275,0.109907,1.58449,-0.227557,-0.360563,FRENET,0.243104,0.523767,0.243104,0.0524111,0.523767,0.362743,0
3.61468,-4.33143,8.07275,0.109907,1.58449,-0.227557,-0.360563,FRENET,0.243104,0.523767,0.243104,0.0524111,0.523767,0.362743,0
3.61946,-4.31559,8.07416,0.107576,1.59565,-0.222054,-0.354321,FRENET,0.243104,0.523767,0.243104,0.0524111,0.523767,0.362743,0
3.62272,-4.31559,8.07416,0.107576,1.59565,-0.222054,-0.354321,FRENET,0.243104,0.523767,0.243104,0.0524111,0.523767,0.362743,0
3.62671,-4.31559,8.07416,0.107576,1.59565,-0.222054,-0.354321,FRENET,0.29844,0.523767,0.29844,0.0135166,0.523767,0.366439,0
3.6307,-4.29964,8.07556,0.105408,1.60628,-0.228276,-0.366677,FRENET,0.29844,0.523767,0.29844,0.0135166,0.523767,0.366439,0
3.63471,-4.29964,8.07556,0.105408,1.60628,-0.228276,-0.366677,FRENET,0.29844,0.523767,0.29844,0.0135166,0.523767,0.366439,0
3.63948,-4.28359,8.07693,0.103065,1.61641,-0.223615,-0.361453,FRENET,0.29844,0.523767,0.29844,0.0135166,0.523767,0.366439,0
3.64272,-4.28359,8.07693,0.103065,1.61641,-0.223615,-0.361453,FRENET,0.29844,0.523767,0.29844,0.0135166,0.523767,0.366439,0
3.64671,-4.28359,8.07693,0.103065,1.61641,-0.223615,-0.361453,FRENET,0.29844,0.523767,0.29844,0.0135166,0.523767,0.366439,0
3.6507,-4.26743,8.07829,0.10088,1.62605,-0.230224,-0.374356,FRENET,0.29844,0.523767,0.29844,0.0135166,0.523767,0.366439,0
3.65472,-4.26743,8.07829,0.10088,1.62605,-0.230224,-0.374356,FRENET,0.29844,0.523767,0.29844,0.0135166,0.523767,0.366439,0
3.65947,-4.25118,8.07961,0.0985158,1.63523,-0.225822,-0.369271,FRENET,0.29844,0.523767,0.29844,0.0135166,0.523767,0.366439,0
3.66272,-4.25118,8.07961,0.0985158,1.63523,-0.225822,-0.369271,FRENET,0.29844,0.523767,0.29844,0.0135166,0.523767,0.366439,0
3.66671,-4.25118,8.07961,0.0985158,1.63523,-0.225822,-0.369271,FRENET,0.29844,0.523767,0.29844,0.0135166,0.523767,0.366439,0
3.6707,-4.23483,8.08091,0.0963078,1.64398,-0.232491,-0.382211,FRENET,0.29844,0.523767,0.29844,0.0135166,0.523767,0.366439,0
3.67468,-4.23483,8.08091,0.0963078,1.64398,-0.232491,-0.382211,FRENET,0.29844,0.523767,0.29844,0.0135166,0.523767,0.366439,0
3.67944,-4.2184,8.08218,0.0939207,1.65231,-0.228149,-0.376974,FRENET,0.378244,0.523767,0.378244,0.0484062,0.523767,0.363029,0
3.68268,-4.2184,8.08218,0.0939207,1.65231,-0.228149,-0.376974,FRENET,0.378244,0.523767,0.378244,0.0484062,0.523767,0.363029,0
3.68668,-4.2184,8.08218,0.0939207,1.65231,-0.228149,-0.376974,FRENET,0.378244,0.523767,0.378244,0.0484062,0.523767,0.363029,0
3.69067,-4.20189,8.08342,0.09169,1.66025,-0.234767,-0.389772,FRENET,0.378244,0.523767,0.378244,0.0484062,0.523767,0.363029,0
3.69468,-4.20189,8.08342,0.09169,1.66025,-0.234767,-0.389772,FRENET,0.378244,0.523767,0.378244,0.0484062,0.523767,0.363029,0
3.69942,-4.18529,8.08463,0.08928,1.66781,-0.23041,-0.38428,FRENET,0.378244,0.523767,0.378244,0.0484062,0.523767,0.363029,0
3.70269,-4.18529,8.08463,0.08928,1.66781,-0.23041,-0.38428,FRENET,0.378244,0.523767,0.378244,0.0484062,0.523767,0.363029,0
3.70669,-4.18529,8.08463,0.08928,1.66781,-0.23041,-0.38428,FRENET,0.378244,0.523767,0.378244,0.0484062,0.523767,0.363029,0
3.71067,-4.16862,8.08581,0.0870272,1.67501,-0.236937,-0.396871,FRENET,0.378244,0.523767,0.378244,0.0484062,0.523767,0.363029,0
3.71468,-4.16862,8.08581,0.0870272,1.67501,-0.236937,-0.396871,FRENET,0.378244,0.523767,0.378244,0.0484062,0.523767,0.363029,0
3.71942,-4.15181,8.08695,0.084608,1.69375,-0.231358,-0.391862,FRENET,0.378244,0.523767,0.378244,0.0484062,0.523767,0.363029,0
3.72268,-4.15181,8.08695,0.084608,1.69375,-0.231358,-0.391862,FRENET,0.378244,0.523767,0.378244,0.0484062,0.523767,0.363029,0
3.72668,-4.15181,8.08695,0.084608,1.69375,-0.231358,-0.391862,FRENET,0.457083,0.523767,0.457083,0.0100456,0.523767,0.365972,0
3.73067,-4.13482,8.08808,0.0823449,1.7116,-0.237381,-0.406301,FRENET,0.457083,0.523767,0.457083,0.0100456,0.523767,0.365972,0
3.73468,-4.13482,8.08808,0.0823449,1.7116,-0.237381,-0.406301,FRENET,0.457083,0.523767,0.457083,0.0100456,0.523767,0.365972,0
3.73941,-4.11766,8.08917,0.0799073,1.7286,-0.234156,-0.404763,FRENET,0.457083,0.523767,0.457083,0.0100456,0.523767,0.365972,0
3.74268,-4.11766,8.08917,0.0799073,1.7286,-0.234156,-0.404763,FRENET,0.457083,0.523767,0.457083,0.0100456,0.523767,0.365972,0
3.74668,-4.11766,8.08917,0.0799073,1.7286,-0.234156,-0.404763,FRENET,0.457083,0.523767,0.457083,0.0100456,0.523767,0.365972,0
3.75067,-4.10032,8.09024,0.0776112,1.7448,-0.24115,-0.420758,FRENET,0.457083,0.523767,0.457083,0.0100456,0.523767,0.365972,0
3.75468,-4.10032,8.09024,0.0776112,1.7448,-0.24115,-0.420758,FRENET,0.457083,0.523767,0.457083,0.0100456,0.523767,0.365972,0
3.75941,-4.08283,8.09128,0.0751328,1.76023,-0.238374,-0.419592,FRENET,0.457083,0.523767,0.457083,0.0100456,0.523767,0.365972,0
3.76268,-4.08283,8.09128,0.0751328,1.76023,-0.238374,-0.419592,FRENET,0.457083,0.523767,0.457083,0.0100456,0.523767,0.365972,0
3.76668,-4.08283,8.09128,0.0751328,1.76023,-0.238374,-0.419592,FRENET,0.457083,0.523767,0.457083,0.0100456,0.523767,0.365972,0
3.77067,-4.06518,8.09229,0.0727946,1.77492,-0.245415,-0.435592,FRENET,0.457083,0.523767,0.457083,0.0100456,0.523767,0.365972,0
3.77468,-4.06518,8.09229,0.0727946,1.77492,-0.245415,-0.435592,FRENET,0.457083,0.523767,0.457083,0.0100456,0.523767,0.365972,0
3.77939,-4.04739,8.09326,0.070273,1.78891,-0.242629,-0.434042,FRENET,0.575662,0.543044,0.575662,0,0.543044,0.369879,0
3.78268,-4.04739,8.09326,0.070273,1.78891,-0.242629,-0.434042,FRENET,0.575662,0.543044,0.575662,0,0.543044,0.369879,0
3.78668,-4.04739,8.09326,0.070273,1.78891,-0.242629,-0.434042,FRENET,0.575662,0.543044,0.575662,0,0.543044,0.369879,0
3.79067,-4.0294,8.0942,0.0679008,1.81373,-0.247501,-0.448901,FRENET,0.575662,0.543044,0.575662,0,0.543044,0.369879,0
3.79468,-4.0294,8.0942,0.0679008,1.81373,-0.247501,-0.448901,FRENET,0.575662,0.543044,0.575662,0,0.543044,0.369879,0
3.7994,-4.01117,8.09511,0.0653624,1.83738,-0.244854,-0.449889,FRENET,0.575662,0.543044,0.575662,0,0.543044,0.369879,0
3.80268,-4.01117,8.09511,0.0653624,1.83738,-0.244854,-0.449889,FRENET,0.575662,0.543044,0.575662,0,0.543044,0.369879,0
3.80668,-4.01117,8.09511,0.0653624,1.83738,-0.244854,-0.449889,FRENET,0.575662,0.543044,0.575662,0,0.543044,0.369879,0
3.81067,-3.9927,8.096,0.062957,1.8599,-0.251783,-0.46829,FRENET,0.575662,0.543044,0.575662,0,0.543044,0.369879,0
3.81468,-3.9927,8.096,0.062957,1.8599,-0.251783,-0.46829,FRENET,0.575662,0.543044,0.575662,0,0.543044,0.369879,0
3.81939,-3.97401,8.09684,0.0603693,1.88134,-0.250129,-0.470578,FRENET,0.575662,0.543044,0.575662,0,0.543044,0.369879,0
3.82268,-3.97401,8.09684,0.0603693,1.88134,-0.250129,-0.470578,FRENET,0.575662,0.543044,0.575662,0,0.543044,0.369879,0
3.82668,-3.97401,8.09684,0.0603693,1.88134,-0.250129,-0.470578,FRENET,0.617437,0.543044,0.617437,0,0.543044,0.36935,0
3.83067,-3.95512,8.09766,0.05791,1.90177,-0.257359,-0.489438,FRENET,0.617437,0.543044,0.617437,0,0.543044,0.36935,0
3.83468,-3.95512,8.09766,0.05791,1.90177,-0.257359,-0.489438,FRENET,0.617437,0.543044,0.617437,0,0.543044,0.36935,0
3.83941,-3.93602,8.09843,0.0552652,1.92123,-0.255799,-0.491449,FRENET,0.617437,0.543044,0.617437,0,0.543044,0.36935,0
3.84268,-3.93602,8.09843,0.0552652,1.92123,-0.255799,-0.491449,FRENET,0.617437,0.543044,0.617437,0,0.543044,0.36935,0
3.84668,-3.93602,8.09843,0.0552652,1.92123,-0.255799,-0.491449,FRENET,0.617437,0.543044,0.617437,0,0.543044,0.36935,0
3.85066,-3.91673,8.09918,0.0527505,1.93976,-0.262892,-0.509949,FRENET,0.617437,0.543044,0.617437,0,0.543044,0.36935,0
3.85468,-3.91673,8.09918,0.0527505,1.93976,-0.262892,-0.509949,FRENET,0.617437,0.543044,0.617437,0,0.543044,0.36935,0
3.85939,-3.89725,8.09987,0.0500504,1.95741,-0.261204,-0.511284,FRENET,0.617437,0.543044,0.617437,0,0.543044,0.36935,0
3.86268,-3.89725,8.09987,0.0500504,1.95741,-0.261204,-0.511284,FRENET,0.617437,0.543044,0.617437,0,0.543044,0.36935,0
3.86668,-3.89725,8.09987,0.0500504,1.95741,-0.261204,-0.511284,FRENET,0.617437,0.543044,0.617437,0,0.543044,0.36935,0
3.87067,-3.87761,8.10053,0.0474833,1.97422,-0.268066,-0.529223,FRENET,0.617437,0.543044,0.617437,0,0.543044,0.36935,0
3.87468,-3.87761,8.10053,0.0474833,1.97422,-0.268066,-0.529223,FRENET,0.617437,0.543044,0.617437,0,0.543044,0.36935,0
3.87939,-3.85779,8.10114,0.0447318,1.99024,-0.266204,-0.52981,FRENET,0.624445,0.543044,0.624445,0,0.543044,0.366416,0
3.88269,-3.85779,8.10114,0.0447318,1.99024,-0.266204,-0.52981,FRENET,0.624445,0.543044,0.624445,0,0.543044,0.366416,0
3.88668,-3.85779,8.10114,0.0447318,1.99024,-0.266204,-0.52981,FRENET,0.624445,0.543044,0.624445,0,0.543044,0.366416,0
3.89067,-3.83782,8.10171,0.0421165,2.00549,-0.27283,-0.547158,FRENET,0.624445,0.543044,0.624445,0,0.543044,0.366416,0
3.89468,-3.83782,8.10171,0.0421165,2.00549,-0.27283,-0.547158,FRENET,0.624445,0.543044,0.624445,0,0.543044,0.366416,0
3.89939,-3.8177,8.10222,0.0393177,2.02001,-0.270795,-0.54701,FRENET,0.624445,0.543044,0.624445,0,0.543044,0.366416,0
3.90267,-3.8177,8.10222,0.0393177,2.02001,-0.270795,-0.54701,FRENET,0.624445,0.543044,0.624445,0,0.543044,0.366416,0
3.90664,-3.8177,8.10222,0.0393177,2.02001,-0.270795,-0.54701,FRENET,0.624445,0.543044,0.624445,0,0.543044,0.366416,0
3.91064,-3.79738,8.1027,0.0366691,2.04573,-0.274473,-0.561499,FRENET,0.624445,0.543044,0.624445,0,0.543044,0.366416,0
3.91464,-3.79738,8.1027,0.0366691,2.04573,-0.274473,-0.561499,FRENET,0.624445,0.543044,0.624445,0,0.543044,0.366416,0
3.91938,-3.7768,8.10312,0.033861,2.07023,-0.271974,-0.56305,FRENET,0.624445,0.543044,0.624445,0,0.543044,0.366416,0
3.92268,-3.7768,8.10312,0.033861,2.07023,-0.271974,-0.56305,FRENET,0.624445,0.543044,0.624445,0,0.543044,0.366416,0
3.92665,-3.7768,8.10312,0.033861,2.07023,-0.271974,-0.56305,FRENET,0.626839,0.543044,0.626839,0,0.543044,0.370972,0
3.93067,-3.75599,8.10353,0.031453,2.09357,-0.200327,-0.419397,FRENET,0.626839,0.543044,0.626839,0,0.543044,0.370972,0
3.93467,-3.75599,8.10353,0.031453,2.09357,-0.200327,-0.419397,FRENET,0.626839,0.543044,0.626839,0,0.543044,0.370972,0
3.93938,-3.73495,8.10396,0.0297279,2.11579,-0.163732,-0.346424,FRENET,0.626839,0.543044,0.626839,0,0.543044,0.370972,0
3.94267,-3.73495,8.10396,0.0297279,2.11579,-0.163732,-0.346424,FRENET,0.626839,0.543044,0.626839,0,0.543044,0.370972,0
3.94665,-3.73495,8.10396,0.0297279,2.11579,-0.163732,-0.346424,FRENET,0.626839,0.543044,0.626839,0,0.543044,0.370972,0
3.95064,-3.71369,8.10439,0.0281645,2.13696,-0.135535,-0.289633,FRENET,0.626839,0.543044,0.626839,0,0.543044,0.370972,0
3.95467,-3.71369,8.10439,0.0281645,2.13696,-0.135535,-0.289633,FRENET,0.626839,0.543044,0.626839,0,0.543044,0.370972,0
3.95937,-3.69222,8.10483,0.0269476,2.15712,-0.124718,-0.269033,FRENET,0.626839,0.543044,0.626839,0,0.543044,0.370972,0
3.96264,-3.69222,8.10483,0.0269476,2.15712,-0.124718,-0.269033,FRENET,0.626839,0.543044,0.626839,0,0.543044,0.370972,0
3.96668,-3.69222,8.10483,0.0269476,2.15712,-0.124718,-0.269033,FRENET,0.626839,0.543044,0.626839,0,0.543044,0.370972,0
3.97068,-3.67056,8.10525,0.0256893,2.17632,-0.112043,-0.243842,FRENET,0.626839,0.543044,0.626839,0,0.543044,0.370972,0
3.97467,-3.67056,8.10525,0.0256893,2.17632,-0.112043,-0.243842,FRENET,0.626839,0.543044,0.626839,0,0.543044,0.370972,0
3.97937,-3.64871,8.10568,0.0246571,2.19461,-0.110598,-0.242721,FRENET,0.600099,0.556592,0.600099,0,0.556592,0.377235,0
3.98264,-3.64871,8.10568,0.0246571,2.19461,-0.110598,-0.242721,FRENET,0.600099,0.556592,0.600099,0,0.556592,0.377235,0
3.98667,-3.64871,8.10568,0.0246571,2.19461,-0.110598,-0.242721,FRENET,0.600099,0.556592,0.600099,0,0.556592,0.377235,0
3.99067,-3.62659,8.10608,0.0235185,2.22922,-0.103037,-0.229693,FRENET,0.600099,0.556592,0.600099,0,0.556592,0.377235,0
3.99467,-3.62659,8.10608,0.0235185,2.22922,-0.103037,-0.229693,FRENET,0.600099,0.556592,0.600099,0,0.556592,0.377235,0
3.99937,-3.60414,8.10649,0.0225562,2.26219,-0.10428,-0.235901,FRENET,0.600099,0.556592,0.600099,0,0.556592,0.377235,0
4.00265,-3.60414,8.10649,0.0225562,2.26219,-0.10428,-0.235901,FRENET,0.600099,0.556592,0.600099,0,0.556592,0.377235,0
4.00667,-3.60414,8.10649,0.0225562,2.26219,-0.10428,-0.235901,FRENET,0.600099,0.556592,0.600099,0,0.556592,0.377235,0
4.01068,-3.58136,8.10688,0.0214618,2.29359,-0.100017,-0.229399,FRENET,0.600099,0.556592,0.600099,0,0.556592,0.377235,0
4.01468,-3.58136,8.10688,0.0214618,2.29359,-0.100017,-0.229399,FRENET,0.600099,0.556592,0.600099,0,0.556592,0.377235,0
4.01937,-3.55828,8.10726,0.0205201,2.32349,-0.103231,-0.239857,FRENET,0.600099,0.556592,0.600099,0,0.556592,0.377235,0
4.02268,-3.55828,8.10726,0.0205201,2.32349,-0.103231,-0.239857,FRENET,0.600099,0.556592,0.600099,0,0.556592,0.377235,0
4.02667,-3.55828,8.10726,0.0205201,2.32349,-0.103231,-0.239857,FRENET,0.598984,0.556592,0.598984,0,0.556592,0.3764,0
4.03068,-3.53491,8.10762,0.0194283,2.35197,-0.100219,-0.235713,FRENET,0.598984,0.556592,0.598984,0,0.556592,0.3764,0
4.0347,-3.53491,8.10762,0.0194283,2.35197,-0.100219,-0.235713,FRENET,0.598984,0.556592,0.598984,0,0.556592,0.3764,0
4.03933,-3.51125,8.10797,0.0184816,2.3791,-0.104163,-0.247816,FRENET,0.598984,0.556592,0.598984,0,0.556592,0.3764,0
4.04267,-3.51125,8.10797,0.0184816,2.3791,-0.104163,-0.247816,FRENET,0.598984,0.556592,0.598984,0,0.556592,0.3764,0
4.04667,-3.51125,8.10797,0.0184816,2.3791,-0.104163,-0.247816,FRENET,0.598984,0.556592,0.598984,0,0.556592,0.3764,0
4.05064,-3.48733,8.10829,0.017377,2.40494,-0.101629,-0.244411,FRENET,0.598984,0.556592,0.598984,0,0.556592,0.3764,0
4.05468,-3.48733,8.10829,0.017377,2.40494,-0.101629,-0.244411,FRENET,0.598984,0.556592,0.598984,0,0.556592,0.3764,0
4.05936,-3.46316,8.10861,0.0164157,2.42955,-0.105826,-0.25711,FRENET,0.598984,0.556592,0.598984,0,0.556592,0.3764,0
4.06267,-3.46316,8.10861,0.0164157,2.42955,-0.105826,-0.25711,FRENET,0.598984,0.556592,0.598984,0,0.556592,0.3764,0
4.06669,-3.46316,8.10861,0.0164157,2.42955,-0.105826,-0.25711,FRENET,0.598984,0.556592,0.598984,0,0.556592,0.3764,0
4.07067,-3.43875,8.1089,0.0152927,2.45299,-0.103461,-0.253789,FRENET,0.598984,0.556592,0.598984,0,0.556592,0.3764,0
4.07467,-3.43875,8.1089,0.0152927,2.45299,-0.103461,-0.253789,FRENET,0.598984,0.556592,0.598984,0,0.556592,0.3764,0
4.07938,-3.41411,8.10918,0.0143135,2.47532,-0.10772,-0.266641,FRENET,0.606164,0.556592,0.606164,0,0.556592,0.384661,0
4.08267,-3.41411,8.10918,0.0143135,2.47532,-0.10772,-0.266641,FRENET,0.606164,0.556592,0.606164,0,0.556592,0.384661,0
4.08667,-3.41411,8.10918,0.0143135,2.47532,-0.10772,-0.266641,FRENET,0.606164,0.556592,0.606164,0,0.556592,0.384661,0
4.09069,-3.38925,8.10942,0.0131705,2.49658,-0.105397,-0.263133,FRENET,0.606164,0.556592,0.606164,0,0.556592,0.384661,0
4.0947,-3.38925,8.10942,0.0131705,2.49658,-0.105397,-0.263133,FRENET,0.606164,0.556592,0.606164,0,0.556592,0.384661,0
4.09933,-3.36419,8.10966,0.0121729,2.51683,-0.109639,-0.275942,FRENET,0.606164,0.556592,0.606164,0,0.556592,0.384661,0
4.10272,-3.36419,8.10966,0.0121729,2.51683,-0.109639,-0.275942,FRENET,0.606164,0.556592,0.606164,0,0.556592,0.384661,0
4.10671,-3.36419,8.10966,0.0121729,2.51683,-0.109639,-0.275942,FRENET,0.606164,0.556592,0.606164,0,0.556592,0.384661,0
4.11072,-3.33893,8.10986,0.01101,2.53612,-0.107304,-0.272136,FRENET,0.606164,0.556592,0.606164,0,0.556592,0.384661,0
4.11471,-3.33893,8.10986,0.01101,2.53612,-0.107304,-0.272136,FRENET,0.606164,0.556592,0.606164,0,0.556592,0.384661,0
4.11936,-3.31347,8.11005,0.00999423,2.55449,-0.111496,-0.284816,FRENET,0.606164,0.556592,0.606164,0,0.556592,0.384661,0
4.12271,-3.31347,8.11005,0.00999423,2.55449,-0.111496,-0.284816,FRENET,0.606164,0.556592,0.606164,0,0.556592,0.384661,0
4.12671,-3.31347,8.11005,0.00999423,2.55449,-0.111496,-0.284816,FRENET,0.611568,0.556592,0.611568,0,0.556592,0.38821,0
4.13071,-3.28784,8.1102,0.00881233,2.57199,-0.109125,-0.28067,FRENET,0.611568,0.556592,0.611568,0,0.556592,0.38821,0
4.13471,-3.28784,8.1102,0.00881233,2.57199,-0.109125,-0.28067,FRENET,0.611568,0.556592,0.611568,0,0.556592,0.38821,0
4.13932,-3.26198,8.11034,0.00778362,2.60055,-0.111622,-0.290279,FRENET,0.611568,0.556592,0.611568,0,0.556592,0.38821,0
4.14272,-3.26198,8.11034,0.00778362,2.60055,-0.111622,-0.290279,FRENET,0.611568,0.556592,0.611568,0,0.556592,0.38821,0
4.1467,-3.26198,8.11034,0.00778362,2.60055,-0.111622,-0.290279,FRENET,0.611568,0.556592,0.611568,0,0.556592,0.38821,0
4.15069,-3.23584,8.11044,0.00660684,2.62774,-0.108792,-0.285878,FRENET,0.611568,0.556592,0.611568,0,0.556592,0.38821,0
4.15468,-3.23584,8.11044,0.00660684,2.62774,-0.108792,-0.285878,FRENET,0.611568,0.556592,0.611568,0,0.556592,0.38821,0
4.15935,-3.20943,8.11053,0.00557651,2.65364,-0.112381,-0.298219,FRENET,0.611568,0.556592,0.611568,0,0.556592,0.38821,0
4.16272,-3.20943,8.11053,0.00557651,2.65364,-0.112381,-0.298219,FRENET,0.611568,0.556592,0.611568,0,0.556592,0.38821,0
4.16673,-3.20943,8.11053,0.00557651,2.65364,-0.112381,-0.298219,FRENET,0.611568,0.556592,0.611568,0,0.556592,0.38821,0
4.17069,-3.18277,8.11058,0.00438761,2.67832,-0.110218,-0.295198,FRENET,0.611568,0.556592,0.611568,0,0.556592,0.38821,0
4.17469,-3.18277,8.11058,0.00438761,2.67832,-0.110218,-0.295198,FRENET,0.611568,0.556592,0.611568,0,0.556592,0.38821,0
4.1794,-3.15587,8.11062,0.00334189,2.70181,-0.114174,-0.308477,FRENET,0.589403,0.565345,0.589403,0,0.565345,0.394402,0
4.18271,-3.15587,8.11062,0.00334189,2.70181,-0.114174,-0.308477,FRENET,0.589403,0.565345,0.589403,0,0.565345,0.394402,0
4.18669,-3.15587,8.11062,0.00334189,2.70181,-0.114174,-0.308477,FRENET,0.589403,0.565345,0.589403,0,0.565345,0.394402,0
4.1907,-3.12873,8.11061,0.00213584,2.72694,-0.111906,-0.305159,FRENET,0.589403,0.565345,0.589403,0,0.565345,0.394402,0
4.19469,-3.12873,8.11061,0.00213584,2.72694,-0.111906,-0.305159,FRENET,0.589403,0.565345,0.589403,0,0.565345,0.394402,0
4.19935,-3.10134,8.11059,0.00107392,2.75087,-0.115697,-0.318267,FRENET,0.589403,0.565345,0.589403,0,0.565345,0.394402,0
4.20269,-3.10134,8.11059,0.00107392,2.75087,-0.115697,-0.318267,FRENET,0.589403,0.565345,0.589403,0,0.565345,0.394402,0
4.20669,-3.10134,8.11059,0.00107392,2.75087,-0.115697,-0.318267,FRENET,0.589403,0.565345,0.589403,0,0.565345,0.394402,0
4.21069,-3.07371,8.11053,-0.000149957,2.77366,-0.113747,-0.315494,FRENET,0.589403,0.565345,0.589403,0,0.565345,0.394402,0
4.2147,-3.07371,8.11053,-0.000149957,2.77366,-0.113747,-0.315494,FRENET,0.589403,0.565345,0.589403,0,0.565345,0.394402,0
4.21937,-3.04587,8.11044,-0.00123034,2.79536,-0.117695,-0.329001,FRENET,0.589403,0.565345,0.589403,0,0.565345,0.394402,0
4.22269,-3.04587,8.11044,-0.00123034,2.79536,-0.117695,-0.329001,FRENET,0.589403,0.565345,0.589403,0,0.565345,0.394402,0
4.22669,-3.04587,8.11044,-0.00123034,2.79536,-0.117695,-0.329001,FRENET,0.588816,0.565345,0.588816,0,0.565345,0.397762,0
4.2307,-3.01781,8.11032,-0.00247542,2.81604,-0.115822,-0.326159,FRENET,0.588816,0.565345,0.588816,0,0.565345,0.397762,0
4.2347,-3.01781,8.11032,-0.00247542,2.81604,-0.115822,-0.326159,FRENET,0.588816,0.565345,0.588816,0,0.565345,0.397762,0
4.23937,-2.98955,8.11018,-0.00357588,2.83573,-0.119778,-0.339659,FRENET,0.588816,0.565345,0.588816,0,0.565345,0.397762,0
4.2427,-2.98955,8.11018,-0.00357588,2.83573,-0.119778,-0.339659,FRENET,0.588816,0.565345,0.588816,0,0.565345,0.397762,0
4.24669,-2.98955,8.11018,-0.00357588,2.83573,-0.119778,-0.339659,FRENET,0.588816,0.565345,0.588816,0,0.565345,0.397762,0
4.25067,-2.9611,8.10999,-0.00484242,2.85448,-0.117887,-0.336507,FRENET,0.588816,0.565345,0.588816,0,0.565345,0.397762,0
4.25471,-2.9611,8.10999,-0.00484242,2.85448,-0.117887,-0.336507,FRENET,0.588816,0.565345,0.588816,0,0.565345,0.397762,0
4.25936,-2.93247,8.10978,-0.00596262,2.87235,-0.121794,-0.349836,FRENET,0.588816,0.565345,0.588816,0,0.565345,0.397762,0
4.26269,-2.93247,8.10978,-0.00596262,2.87235,-0.121794,-0.349836,FRENET,0.588816,0.565345,0.588816,0,0.565345,0.397762,0
4.26669,-2.93247,8.10978,-0.00596262,2.87235,-0.121794,-0.349836,FRENET,0.588816,0.565345,0.588816,0,0.565345,0.397762,0
4.27069,-2.90366,8.10953,-0.00724969,2.88936,-0.119851,-0.346292,FRENET,0.588816,0.565345,0.588816,0,0.565345,0.397762,0
4.27469,-2.90366,8.10953,-0.00724969,2.88936,-0.119851,-0.346292,FRENET,0.588816,0.565345,0.588816,0,0.565345,0.397762,0
4.27936,-2.87469,8.10925,-0.00838858,2.90557,-0.12369,-0.35939,FRENET,0.589799,0.565345,0.589799,0,0.565345,0.403637,0
4.28269,-2.87469,8.10925,-0.00838858,2.90557,-0.12369,-0.35939,FRENET,0.589799,0.565345,0.589799,0,0.565345,0.403637,0
4.28669,-2.87469,8.10925,-0.00838858,2.90557,-0.12369,-0.35939,FRENET,0.589799,0.565345,0.589799,0,0.565345,0.403637,0
4.29069,-2.84556,8.10893,-0.00969487,2.921,-0.121684,-0.355439,FRENET,0.589799,0.565345,0.589799,0,0.565345,0.403637,0
4.29469,-2.84556,8.10893,-0.00969487,2.921,-0.121684,-0.355439,FRENET,0.589799,0.565345,0.589799,0,0.565345,0.403637,0
4.29937,-2.81628,8.10858,-0.0108512,2.9357,-0.125453,-0.368293,FRENET,0.589799,0.565345,0.589799,0,0.565345,0.403637,0
4.30269,-2.81628,8.10858,-0.0108512,2.9357,-0.125453,-0.368293,FRENET,0.589799,0.565345,0.589799,0,0.565345,0.403637,0
4.30669,-2.81628,8.10858,-0.0108512,2.9357,-0.125453,-0.368293,FRENET,0.589799,0.565345,0.589799,0,0.565345,0.403637,0
4.31071,-2.78685,8.10819,-0.0121753,2.9497,-0.123383,-0.363944,FRENET,0.589799,0.565345,0.589799,0,0.565345,0.403637,0
4.31471,-2.78685,8.10819,-0.0121753,2.9497,-0.123383,-0.363944,FRENET,0.589799,0.565345,0.589799,0,0.565345,0.403637,0
4.31935,-2.75729,8.10777,-0.0133477,2.96304,-0.127084,-0.376556,FRENET,0.589799,0.565345,0.589799,0,0.565345,0.403637,0
4.32271,-2.75729,8.10777,-0.0133477,2.96304,-0.127084,-0.376556,FRENET,0.589799,0.565345,0.589799,0,0.565345,0.403637,0
4.32671,-2.75729,8.10777,-0.0133477,2.96304,-0.127084,-0.376556,FRENET,0.593292,0.565345,0.593292,0,0.565345,0.40466,0
4.33071,-2.7276,8.1073,-0.0146883,2.97574,-0.124954,-0.371831,FRENET,0.593292,0.565345,0.593292,0,0.565345,0.40466,0
4.33471,-2.7276,8.1073,-0.0146883,2.97574,-0.124954,-0.371831,FRENET,0.593292,0.565345,0.593292,0,0.565345,0.40466,0
4.33934,-2.69773,8.10681,-0.0158684,2.99973,-0.126396,-0.379154,FRENET,0.593292,0.565345,0.593292,0,0.565345,0.40466,0
4.34264,-2.69773,8.10681,-0.0158684,2.99973,-0.126396,-0.379154,FRENET,0.593292,0.565345,0.593292,0,0.565345,0.40466,0
4.34672,-2.69773,8.10681,-0.0158684,2.99973,-0.126396,-0.379154,FRENET,0.593292,0.565345,0.593292,0,0.565345,0.40466,0
4.35069,-2.66762,8.10627,-0.017193,3.02257,-0.123316,-0.372732,FRENET,0.593292,0.565345,0.593292,0,0.565345,0.40466,0
4.35474,-2.66762,8.10627,-0.017193,3.02257,-0.123316,-0.372732,FRENET,0.593292,0.565345,0.593292,0,0.565345,0.40466,0
4.35936,-2.63729,8.10569,-0.0183633,3.04433,-0.126139,-0.384009,FRENET,0.593292,0.565345,0.593292,0,0.565345,0.40466,0
4.36271,-2.63729,8.10569,-0.0183633,3.04433,-0.126139,-0.384009,FRENET,0.593292,0.565345,0.593292,0,0.565345,0.40466,0
4.36669,-2.63729,8.10569,-0.0183633,3.04433,-0.126139,-0.384009,FRENET,0.593292,0.565345,0.593292,0,0.565345,0.40466,0
4.37072,-2.60675,8.10507,-0.019691,3.06505,-0.123961,-0.379946,FRENET,0.593292,0.565345,0.593292,0,0.565345,0.40466,0
4.37471,-2.60675,8.10507,-0.019691,3.06505,-0.123961,-0.379946,FRENET,0.593292,0.565345,0.593292,0,0.565345,0.40466,0
4.37934,-2.57601,8.10442,-0.02087,3.08479,-0.127354,-0.39286,FRENET,0.591603,0.570384,0.591603,0,0.570384,0.400457,0
4.38269,-2.57601,8.10442,-0.02087,3.08479,-0.127354,-0.39286,FRENET,0.591603,0.570384,0.591603,0,0.570384,0.400457,0
4.38671,-2.57601,8.10442,-0.02087,3.08479,-0.127354,-0.39286,FRENET,0.591603,0.570384,0.591603,0,0.570384,0.400457,0
4.39069,-2.54504,8.10371,-0.0222031,3.11099,-0.12432,-0.386758,FRENET,0.591603,0.570384,0.591603,0,0.570384,0.400457,0
4.39469,-2.54504,8.10371,-0.0222031,3.11099,-0.12432,-0.386758,FRENET,0.591603,0.570384,0.591603,0,0.570384,0.400457,0
4.39936,-2.51381,8.10297,-0.0233839,3.13595,-0.127003,-0.398275,FRENET,0.591603,0.570384,0.591603,0,0.570384,0.400457,0
4.40268,-2.51381,8.10297,-0.0233839,3.13595,-0.127003,-0.398275,FRENET,0.591603,0.570384,0.591603,0,0.570384,0.400457,0
4.40669,-2.51381,8.10297,-0.0233839,3.13595,-0.127003,-0.398275,FRENET,0.591603,0.570384,0.591603,0,0.570384,0.400457,0
4.41068,-2.48235,8.10218,-0.0247199,3.15972,-0.125003,-0.394975,FRENET,0.591603,0.570384,0.591603,0,0.570384,0.400457,0
4.4147,-2.48235,8.10218,-0.0247199,3.15972,-0.125003,-0.394975,FRENET,0.591603,0.570384,0.591603,0,0.570384,0.400457,0
4.4194,-2.45064,8.10138,-0.0256306,3.18236,-0.0461699,-0.146929,FRENET,0.591603,0.570384,0.591603,0,0.570384,0.400457,0
4.4227,-2.45064,8.10138,-0.0256306,3.18236,-0.0461699,-0.146929,FRENET,0.591603,0.570384,0.591603,0,0.570384,0.400457,0
4.42669,-2.45064,8.10138,-0.0256306,3.18236,-0.0461699,-0.146929,FRENET,0.59255,0.570384,0.59255,0,0.570384,0.400754,0
4.43068,-2.41872,8.10062,-0.0257397,3.20393,0.00586176,0.0187807,FRENET,0.59255,0.570384,0.59255,0,0.570384,0.400754,0
4.43469,-2.41872,8.10062,-0.0257397,3.20393,0.00586176,0.0187807,FRENET,0.59255,0.570384,0.59255,0,0.570384,0.400754,0
4.43934,-2.38659,8.09986,-0.0255395,3.22447,0.0473984,0.152835,FRENET,0.59255,0.570384,0.59255,0,0.570384,0.400754,0
4.44269,-2.38659,8.09986,-0.0255395,3.22447,0.0473984,0.152835,FRENET,0.59255,0.570384,0.59255,0,0.570384,0.400754,0
4.44669,-2.38659,8.09986,-0.0255395,3.22447,0.0473984,0.152835,FRENET,0.59255,0.570384,0.59255,0,0.570384,0.400754,0
4.45068,-2.35425,8.09914,-0.0248534,3.24403,0.0726718,0.235749,FRENET,0.59255,0.570384,0.59255,0,0.570384,0.400754,0
4.45468,-2.35425,8.09914,-0.0248534,3.24403,0.0726718,0.235749,FRENET,0.59255,0.570384,0.59255,0,0.570384,0.400754,0
4.45938,-2.32173,8.09842,-0.0240871,3.26266,0.0950395,0.310082,FRENET,0.59255,0.570384,0.59255,0,0.570384,0.400754,0
4.46271,-2.32173,8.09842,-0.0240871,3.26266,0.0950395,0.310082,FRENET,0.59255,0.570384,0.59255,0,0.570384,0.400754,0
4.46671,-2.32173,8.09842,-0.0240871,3.26266,0.0950395,0.310082,FRENET,0.59255,0.570384,0.59255,0,0.570384,0.400754,0
4.47071,-2.28902,8.09775,-0.0229964,3.28041,0.106606,0.349712,FRENET,0.59255,0.570384,0.59255,0,0.570384,0.400754,0
4.47473,-2.28902,8.09775,-0.0229964,3.28041,0.106606,0.349712,FRENET,0.59255,0.570384,0.59255,0,0.570384,0.400754,0
4.47939,-2.25614,8.09708,-0.021943,3.29731,0.119198,0.393031,FRENET,0.593681,0.570384,0.593681,0,0.570384,0.395033,0
4.48271,-2.25614,8.09708,-0.021943,3.29731,0.119198,0.393031,FRENET,0.593681,0.570384,0.593681,0,0.570384,0.395033,0
4.48671,-2.25614,8.09708,-0.021943,3.29731,0.119198,0.393031,FRENET,0.593681,0.570384,0.593681,0,0.570384,0.395033,0
4.49071,-2.22309,8.09645,-0.0206469,3.31341,0.12381,0.410234,FRENET,0.593681,0.570384,0.593681,0,0.570384,0.395033,0
4.49471,-2.22309,8.09645,-0.0206469,3.31341,0.12381,0.410234,FRENET,0.593681,0.570384,0.593681,0,0.570384,0.395033,0
4.49934,-2.18989,8.09584,-0.0194481,3.32874,0.131473,0.437639,FRENET,0.593681,0.570384,0.593681,0,0.570384,0.395033,0
4.50271,-2.18989,8.09584,-0.0194481,3.32874,0.131473,0.437639,FRENET,0.593681,0.570384,0.593681,0,0.570384,0.395033,0
4.50671,-2.18989,8.09584,-0.0194481,3.32874,0.131473,0.437639,FRENET,0.593681,0.570384,0.593681,0,0.570384,0.395033,0
4.51072,-2.15653,8.09528,-0.0180471,3.34334,0.132605,0.443345,FRENET,0.593681,0.570384,0.593681,0,0.570384,0.395033,0
4.51473,-2.15653,8.09528,-0.0180471,3.34334,0.132605,0.443345,FRENET,0.593681,0.570384,0.593681,0,0.570384,0.395033,0
4.51939,-2.12303,8.09473,-0.0167738,3.35725,0.137823,0.462708,FRENET,0.593681,0.570384,0.593681,0,0.570384,0.395033,0
4.52271,-2.12303,8.09473,-0.0167738,3.35725,0.137823,0.462708,FRENET,0.593681,0.570384,0.593681,0,0.570384,0.395033,0
4.52672,-2.12303,8.09473,-0.0167738,3.35725,0.137823,0.462708,FRENET,0.57963,0.570384,0.57963,0,0.570384,0.396046,0
4.53071,-2.0894,8.09423,-0.0153179,3.3705,0.137246,0.462586,FRENET,0.57963,0.570384,0.57963,0,0.570384,0.396046,0
4.53471,-2.0894,8.09423,-0.0153179,3.3705,0.137246,0.462586,FRENET,0.57963,0.570384,0.57963,0,0.570384,0.396046,0
4.53936,-2.05557,8.09375,-0.0140134,3.39501,0.138843,0.471373,FRENET,0.57963,0.570384,0.57963,0,0.570384,0.396046,0
4.54272,-2.05557,8.09375,-0.0140134,3.39501,0.138843,0.471373,FRENET,0.57963,0.570384,0.57963,0,0.570384,0.396046,0
4.54671,-2.05557,8.09375,-0.0140134,3.39501,0.138843,0.471373,FRENET,0.57963,0.570384,0.57963,0,0.570384,0.396046,0
4.55067,-2.02151,8.09332,-0.0125621,3.41835,0.136222,0.465655,FRENET,0.57963,0.570384,0.57963,0,0.570384,0.396046,0
4.55471,-2.02151,8.09332,-0.0125621,3.41835,0.136222,0.465655,FRENET,0.57963,0.570384,0.57963,0,0.570384,0.396046,0
4.55938,-1.98722,8.09292,-0.0112642,3.44058,0.138678,0.477131,FRENET,0.57963,0.570384,0.57963,0,0.570384,0.396046,0
4.56271,-1.98722,8.09292,-0.0112642,3.44058,0.138678,0.477131,FRENET,0.57963,0.570384,0.57963,0,0.570384,0.396046,0
4.56671,-1.98722,8.09292,-0.0112642,3.44058,0.138678,0.477131,FRENET,0.57963,0.570384,0.57963,0,0.570384,0.396046,0
4.57071,-1.95271,8.09257,-0.00981041,3.46175,0.136679,0.473149,FRENET,0.57963,0.570384,0.57963,0,0.570384,0.396046,0
4.57471,-1.95271,8.09257,-0.00981041,3.46175,0.136679,0.473149,FRENET,0.57963,0.570384,0.57963,0,0.570384,0.396046,0
4.57933,-1.91799,8.09222,-0.00879151,3.48192,0.0557079,0.19397,FRENET,0.588748,0.569018,0.588748,0,0.569018,0.396472,0
4.58272,-1.91799,8.09222,-0.00879151,3.48192,0.0557079,0.19397,FRENET,0.588748,0.569018,0.588748,0,0.569018,0.396472,0
4.58672,-1.91799,8.09222,-0.00879151,3.48192,0.0557079,0.19397,FRENET,0.588748,0.569018,0.588748,0,0.569018,0.396472,0
4.59067,-1.88313,8.09183,-0.0086156,3.48971,-0.000992246,-0.00346265,FRENET,0.588748,0.569018,0.588748,0,0.569018,0.396472,0
4.59468,-1.88313,8.09183,-0.0086156,3.48971,-0.000992246,-0.00346265,FRENET,0.588748,0.569018,0.588748,0,0.569018,0.396472,0
4.59934,-1.84815,8.09143,-0.00878073,3.50706,-0.0454669,-0.159455,FRENET,0.588748,0.569018,0.588748,0,0.569018,0.396472,0
4.60268,-1.84815,8.09143,-0.00878073,3.50706,-0.0454669,-0.159455,FRENET,0.588748,0.569018,0.588748,0,0.569018,0.396472,0
4.60668,-1.84815,8.09143,-0.00878073,3.50706,-0.0454669,-0.159455,FRENET,0.588748,0.569018,0.588748,0,0.569018,0.396472,0
4.61067,-1.813,8.09099,-0.00946384,3.52359,-0.0737552,-0.259883,FRENET,0.588748,0.569018,0.588748,0,0.569018,0.396472,0
4.61468,-1.813,8.09099,-0.00946384,3.52359,-0.0737552,-0.259883,FRENET,0.588748,0.569018,0.588748,0,0.569018,0.396472,0
4.61935,-1.77769,8.09055,-0.0101061,3.53933,-0.0555357,-0.196559,FRENET,0.588748,0.569018,0.588748,0,0.569018,0.396472,0
4.62268,-1.77769,8.09055,-0.0101061,3.53933,-0.0555357,-0.196559,FRENET,0.588748,0.569018,0.588748,0,0.569018,0.396472,0
4.62668,-1.77769,8.09055,-0.0101061,3.53933,-0.0555357,-0.196559,FRENET,0.586987,0.569018,0.586987,0,0.569018,0.39272,0
4.63067,-1.74222,8.09012,-0.010589,3.55432,-0.0416956,-0.1482,FRENET,0.586987,0.569018,0.586987,0,0.569018,0.39272,0
4.63468,-1.74222,8.09012,-0.010589,3.55432,-0.0416956,-0.1482,FRENET,0.586987,0.569018,0.586987,0,0.569018,0.39272,0
4.63934,-1.70661,8.0897,-0.0108042,3.5686,0.0119928,0.0427973,FRENET,0.586987,0.569018,0.586987,0,0.569018,0.39272,0
4.64268,-1.70661,8.0897,-0.0108042,3.5686,0.0119928,0.0427973,FRENET,0.586987,0.569018,0.586987,0,0.569018,0.39272,0
4.64668,-1.70661,8.0897,-0.0108042,3.5686,0.0119928,0.0427973,FRENET,0.586987,0.569018,0.586987,0,0.569018,0.39272,0
4.65066,-1.67086,8.08934,-0.010416,3.5822,0.0477584,0.17108,FRENET,0.586987,0.569018,0.586987,0,0.569018,0.39272,0
4.65468,-1.67086,8.08934,-0.010416,3.5822,0.0477584,0.17108,FRENET,0.586987,0.569018,0.586987,0,0.569018,0.39272,0
4.65934,-1.63498,8.089,-0.00985771,3.59515,0.0784537,0.282053,FRENET,0.586987,0.569018,0.586987,0,0.569018,0.39272,0
4.66268,-1.63498,8.089,-0.00985771,3.59515,0.0784537,0.282053,FRENET,0.586987,0.569018,0.586987,0,0.569018,0.39272,0
4.66668,-1.63498,8.089,-0.00985771,3.59515,0.0784537,0.282053,FRENET,0.586987,0.569018,0.586987,0,0.569018,0.39272,0
4.67068,-1.59896,8.0887,-0.00889473,3.60749,0.0970044,0.349942,FRENET,0.586987,0.569018,0.586987,0,0.569018,0.39272,0
4.67468,-1.59896,8.0887,-0.00889473,3.60749,0.0970044,0.349942,FRENET,0.586987,0.569018,0.586987,0,0.569018,0.39272,0
4.67934,-1.56283,8.08843,-0.00791186,3.61924,0.114851,0.415674,FRENET,0.590593,0.569018,0.590593,0,0.569018,0.395535,0
4.68268,-1.56283,8.08843,-0.00791186,3.61924,0.114851,0.415674,FRENET,0.590593,0.569018,0.590593,0,0.569018,0.395535,0
4.68668,-1.56283,8.08843,-0.00791186,3.61924,0.114851,0.415674,FRENET,0.590593,0.569018,0.590593,0,0.569018,0.395535,0
4.69067,-1.52658,8.0882,-0.0066347,3.63043,0.123836,0.449578,FRENET,0.590593,0.569018,0.590593,0,0.569018,0.395535,0
4.69468,-1.52658,8.0882,-0.0066347,3.63043,0.123836,0.449578,FRENET,0.590593,0.569018,0.590593,0,0.569018,0.395535,0
4.69934,-1.49023,8.088,-0.00542119,3.64109,0.134588,0.490048,FRENET,0.590593,0.569018,0.590593,0,0.569018,0.395535,0
4.70268,-1.49023,8.088,-0.00542119,3.64109,0.134588,0.490048,FRENET,0.590593,0.569018,0.590593,0,0.569018,0.395535,0
4.70668,-1.49023,8.088,-0.00542119,3.64109,0.134588,0.490048,FRENET,0.590593,0.569018,0.590593,0,0.569018,0.395535,0
4.71067,-1.45376,8.08785,-0.00397385,3.65125,0.138326,0.505061,FRENET,0.590593,0.569018,0.590593,0,0.569018,0.395535,0
4.71468,-1.45376,8.08785,-0.00397385,3.65125,0.138326,0.505061,FRENET,0.590593,0.569018,0.590593,0,0.569018,0.395535,0
4.71934,-1.4172,8.08771,-0.00293659,3.66092,0.0567952,0.207923,FRENET,0.590593,0.569018,0.590593,0,0.569018,0.395535,0
4.72268,-1.4172,8.08771,-0.00293659,3.66092,0.0567952,0.207923,FRENET,0.590593,0.569018,0.590593,0,0.569018,0.395535,0
4.72668,-1.4172,8.08771,-0.00293659,3.66092,0.0567952,0.207923,FRENET,0.585908,0.569018,0.585908,0,0.569018,0.396951,0
4.73067,-1.38055,8.08752,-0.00274732,3.67013,0.000295466,0.0010844,FRENET,0.585908,0.569018,0.585908,0,0.569018,0.396951,0
4.73464,-1.38055,8.08752,-0.00274732,3.67013,0.000295466,0.0010844,FRENET,0.585908,0.569018,0.585908,0,0.569018,0.396951,0
4.73931,-1.3438,8.08732,-0.0029042,3.6789,-0.0457682,-0.168377,FRENET,0.585908,0.569018,0.585908,0,0.569018,0.396951,0
4.74264,-1.3438,8.08732,-0.0029042,3.6789,-0.0457682,-0.168377,FRENET,0.585908,0.569018,0.585908,0,0.569018,0.396951,0
4.74663,-1.3438,8.08732,-0.0029042,3.6789,-0.0457682,-0.168377,FRENET,0.585908,0.569018,0.585908,0,0.569018,0.396951,0
4.75064,-1.30697,8.08708,-0.00360118,3.68726,-0.0756153,-0.278813,FRENET,0.585908,0.569018,0.585908,0,0.569018,0.396951,0
4.75464,-1.30697,8.08708,-0.00360118,3.68726,-0.0756153,-0.278813,FRENET,0.585908,0.569018,0.585908,0,0.569018,0.396951,0
4.7593,-1.27006,8.08683,-0.00441216,3.69521,-0.101712,-0.375849,FRENET,0.585908,0.569018,0.585908,0,0.569018,0.396951,0
4.76265,-1.27006,8.08683,-0.00441216,3.69521,-0.101712,-0.375849,FRENET,0.585908,0.569018,0.585908,0,0.569018,0.396951,0
4.76664,-1.27006,8.08683,-0.00441216,3.69521,-0.101712,-0.375849,FRENET,0.585908,0.569018,0.585908,0,0.569018,0.396951,0
4.77064,-1.23307,8.08654,-0.00559063,3.70279,-0.116646,-0.431918,FRENET,0.585908,0.569018,0.585908,0,0.569018,0.396951,0
4.77464,-1.23307,8.08654,-0.00559063,3.70279,-0.116646,-0.431918,FRENET,0.585908,0.569018,0.585908,0,0.569018,0.396951,0
4.77929,-1.19601,8.08623,-0.0067534,3.71001,-0.131648,-0.488416,FRENET,0.593261,0.563702,0.593261,0,0.563702,0.397864,0
4.78264,-1.19601,8.08623,-0.0067534,3.71001,-0.131648,-0.488416,FRENET,0.593261,0.563702,0.593261,0,0.563702,0.397864,0
4.78664,-1.19601,8.08623,-0.0067534,3.71001,-0.131648,-0.488416,FRENET,0.593261,0.563702,0.593261,0,0.563702,0.397864,0
4.79064,-1.15887,8.08588,-0.00818698,3.71802,-0.138189,-0.51379,FRENET,0.593261,0.563702,0.593261,0,0.563702,0.397864,0
4.79464,-1.15887,8.08588,-0.00818698,3.71802,-0.138189,-0.51379,FRENET,0.593261,0.563702,0.593261,0,0.563702,0.397864,0
4.79929,-1.12166,8.0855,-0.00953267,3.72564,-0.146976,-0.547579,FRENET,0.593261,0.563702,0.593261,0,0.563702,0.397864,0
4.80265,-1.12166,8.0855,-0.00953267,3.72564,-0.146976,-0.547579,FRENET,0.593261,0.563702,0.593261,0,0.563702,0.397864,0
4.80664,-1.12166,8.0855,-0.00953267,3.72564,-0.146976,-0.547579,FRENET,0.593261,0.563702,0.593261,0,0.563702,0.397864,0
4.81064,-1.08437,8.08508,-0.0110969,3.7329,-0.149157,-0.556787,FRENET,0.593261,0.563702,0.593261,0,0.563702,0.397864,0
4.81464,-1.08437,8.08508,-0.0110969,3.7329,-0.149157,-0.556787,FRENET,0.593261,0.563702,0.593261,0,0.563702,0.397864,0
4.81929,-1.04701,8.08465,-0.0122305,3.73981,-0.0650834,-0.2434,FRENET,0.593261,0.563702,0.593261,0,0.563702,0.397864,0
4.82264,-1.04701,8.08465,-0.0122305,3.73981,-0.0650834,-0.2434,FRENET,0.593261,0.563702,0.593261,0,0.563702,0.397864,0
4.82665,-1.04701,8.08465,-0.0122305,3.73981,-0.0650834,-0.2434,FRENET,0.593168,0.563702,0.593168,0,0.563702,0.397155,0
4.83064,-1.00958,8.08427,-0.0124901,3.7464,-0.00630957,-0.0236382,FRENET,0.593168,0.563702,0.593168,0,0.563702,0.397155,0
4.83468,-1.00958,8.08427,-0.0124901,3.7464,-0.00630957,-0.0236382,FRENET,0.593168,0.563702,0.593168,0,0.563702,0.397155,0
4.8393,-0.972083,8.0839,-0.0123844,3.75267,0.0416905,0.156451,FRENET,0.593168,0.563702,0.593168,0,0.563702,0.397155,0
4.84265,-0.972083,8.0839,-0.0123844,3.75267,0.0416905,0.156451,FRENET,0.593168,0.563702,0.593168,0,0.563702,0.397155,0
4.84665,-0.972083,8.0839,-0.0123844,3.75267,0.0416905,0.156451,FRENET,0.593168,0.563702,0.593168,0,0.563702,0.397155,0
4.85065,-0.934528,8.08356,-0.0117188,3.75865,0.0731885,0.27509,FRENET,0.593168,0.563702,0.593168,0,0.563702,0.397155,0
4.85464,-0.934528,8.08356,-0.0117188,3.75865,0.0731885,0.27509,FRENET,0.593168,0.563702,0.593168,0,0.563702,0.397155,0
4.85935,-0.896914,8.08324,-0.010926,3.76434,0.100625,0.378786,FRENET,0.593168,0.563702,0.593168,0,0.563702,0.397155,0
4.8627,-0.896914,8.08324,-0.010926,3.76434,0.100625,0.378786,FRENET,0.593168,0.563702,0.593168,0,0.563702,0.397155,0
4.86669,-0.896914,8.08324,-0.010926,3.76434,0.100625,0.378786,FRENET,0.593168,0.563702,0.593168,0,0.563702,0.397155,0
4.87069,-0.859245,8.08296,-0.0097519,3.76976,0.116664,0.439796,FRENET,0.593168,0.563702,0.593168,0,0.563702,0.397155,0
4.8747,-0.859245,8.08296,-0.0097519,3.76976,0.116664,0.439796,FRENET,0.593168,0.563702,0.593168,0,0.563702,0.397155,0
4.87931,-0.821523,8.08269,-0.00858527,3.77492,0.132522,0.500258,FRENET,0.606067,0.563702,0.606067,0,0.563702,0.387236,0
4.88271,-0.821523,8.08269,-0.00858527,3.77492,0.132522,0.500258,FRENET,0.606067,0.563702,0.606067,0,0.563702,0.387236,0
4.8867,-0.821523,8.08269,-0.00858527,3.77492,0.132522,0.500258,FRENET,0.606067,0.563702,0.606067,0,0.563702,0.387236,0
4.89068,-0.783749,8.08247,-0.00713736,3.77983,0.139918,0.528865,FRENET,0.606067,0.563702,0.606067,0,0.563702,0.387236,0
4.89465,-0.783749,8.08247,-0.00713736,3.77983,0.139918,0.528865,FRENET,0.606067,0.563702,0.606067,0,0.563702,0.387236,0
4.8993,-0.745928,8.08227,-0.0057721,3.78452,0.149353,0.565228,FRENET,0.606067,0.563702,0.606067,0,0.563702,0.387236,0
4.9027,-0.745928,8.08227,-0.0057721,3.78452,0.149353,0.565228,FRENET,0.606067,0.563702,0.606067,0,0.563702,0.387236,0
4.9067,-0.745928,8.08227,-0.0057721,3.78452,0.149353,0.565228,FRENET,0.606067,0.563702,0.606067,0,0.563702,0.387236,0
4.91065,-0.708061,8.08212,-0.00418067,3.78898,0.151998,0.575916,FRENET,0.606067,0.563702,0.606067,0,0.563702,0.387236,0
4.91471,-0.708061,8.08212,-0.00418067,3.78898,0.151998,0.575916,FRENET,0.606067,0.563702,0.606067,0,0.563702,0.387236,0
4.91934,-0.67015,8.08199,-0.00271315,3.79322,0.157939,0.5991,FRENET,0.606067,0.563702,0.606067,0,0.563702,0.387236,0
4.9227,-0.67015,8.08199,-0.00271315,3.79322,0.157939,0.5991,FRENET,0.606067,0.563702,0.606067,0,0.563702,0.387236,0
4.9267,-0.67015,8.08199,-0.00271315,3.79322,0.157939,0.5991,FRENET,0.599042,0.563702,0.599042,0,0.563702,0.398273,0
4.93069,-0.632198,8.08192,-0.00104915,3.79727,0.15803,0.600083,FRENET,0.599042,0.563702,0.599042,0,0.563702,0.398273,0
4.93471,-0.632198,8.08192,-0.00104915,3.79727,0.15803,0.600083,FRENET,0.599042,0.563702,0.599042,0,0.563702,0.398273,0
4.9393,-0.594206,8.08186,0.000159574,3.80112,0.0710907,0.270224,FRENET,0.599042,0.563702,0.599042,0,0.563702,0.398273,0
4.94271,-0.594206,8.08186,0.000159574,3.80112,0.0710907,0.270224,FRENET,0.599042,0.563702,0.599042,0,0.563702,0.398273,0
4.94671,-0.594206,8.08186,0.000159574,3.80112,0.0710907,0.270224,FRENET,0.599042,0.563702,0.599042,0,0.563702,0.398273,0
4.95069,-0.556176,8.08175,0.000466289,3.80479,0.0100318,0.0381691,FRENET,0.599042,0.563702,0.599042,0,0.563702,0.398273,0
4.95468,-0.556176,8.08175,0.000466289,3.80479,0.0100318,0.0381691,FRENET,0.599042,0.563702,0.599042,0,0.563702,0.398273,0
4.95937,-0.518111,8.08164,0.000389372,3.80829,-0.0397866,-0.151519,FRENET,0.599042,0.563702,0.599042,0,0.563702,0.398273,0
4.9627,-0.518111,8.08164,0.000389372,3.80829,-0.0397866,-0.151519,FRENET,0.599042,0.563702,0.599042,0,0.563702,0.398273,0
4.9667,-0.518111,8.08164,0.000389372,3.80829,-0.0397866,-0.151519,FRENET,0.599042,0.563702,0.599042,0,0.563702,0.398273,0
4.9707,-0.480012,8.0815,-0.000265517,3.81162,-0.0727012,-0.27711,FRENET,0.599042,0.563702,0.599042,0,0.563702,0.398273,0
4.9747,-0.480012,8.0815,-0.000265517,3.81162,-0.0727012,-0.27711,FRENET,0.599042,0.563702,0.599042,0,0.563702,0.398273,0
4.9793,-0.441841,8.08134,-0.00105627,3.82253,-0.1003,-0.383401,FRENET,0.600386,0.558763,0.600386,0,0.558763,0.397581,0
4.9827,-0.441841,8.08134,-0.00105627,3.82253,-0.1003,-0.383401,FRENET,0.600386,0.558763,0.600386,0,0.558763,0.397581,0
4.9867,-0.441841,8.08134,-0.00105627,3.82253,-0.1003,-0.383401,FRENET,0.600386,0.558763,0.600386,0,0.558763,0.397581,0
4.9907,-0.403559,8.08115,-0.00222583,3.83412,-0.116533,-0.4468,FRENET,0.600386,0.558763,0.600386,0,0.558763,0.397581,0
4.99469,-0.403559,8.08115,-0.00222583,3.83412,-0.116533,-0.4468,FRENET,0.600386,0.558763,0.600386,0,0.558763,0.397581,0
4.99935,-0.365163,8.08094,-0.00339302,3.84515,-0.132315,-0.508772,FRENET,0.600386,0.558763,0.600386,0,0.558763,0.397581,0
5.00269,-0.365163,8.08094,-0.00339302,3.84515,-0.132315,-0.508772,FRENET,0.600386,0.558763,0.600386,0,0.558763,0.397581,0
5.0067,-0.365163,8.08094,-0.00339302,3.84515,-0.132315,-0.508772,FRENET,0.600386,0.558763,0.600386,0,0.558763,0.397581,0
5.0107,-0.32666,8.08069,-0.00483762,3.85566,-0.139874,-0.539308,FRENET,0.600386,0.558763,0.600386,0,0.558763,0.397581,0
5.0147,-0.32666,8.08069,-0.00483762,3.85566,-0.139874,-0.539308,FRENET,0.600386,0.558763,0.600386,0,0.558763,0.397581,0
5.01934,-0.288054,8.08043,-0.00620403,3.86567,-0.149216,-0.576819,FRENET,0.600386,0.558763,0.600386,0,0.558763,0.397581,0
5.02269,-0.288054,8.08043,-0.00620403,3.86567,-0.149216,-0.576819,FRENET,0.600386,0.558763,0.600386,0,0.558763,0.397581,0
5.02672,-0.288054,8.08043,-0.00620403,3.86567,-0.149216,-0.576819,FRENET,0.603003,0.558763,0.603003,0,0.558763,0.390982,0
5.0307,-0.249351,8.08011,-0.00779298,3.87521,-0.152015,-0.589088,FRENET,0.603003,0.558763,0.603003,0,0.558763,0.390982,0
5.0347,-0.249351,8.08011,-0.00779298,3.87521,-0.152015,-0.589088,FRENET,0.603003,0.558763,0.603003,0,0.558763,0.390982,0
5.0393,-0.210555,8.07976,-0.00926209,3.88429,-0.157868,-0.613203,FRENET,0.603003,0.558763,0.603003,0,0.558763,0.390982,0
5.04268,-0.210555,8.07976,-0.00926209,3.88429,-0.157868,-0.613203,FRENET,0.603003,0.558763,0.603003,0,0.558763,0.390982,0
5.04671,-0.210555,8.07976,-0.00926209,3.88429,-0.157868,-0.613203,FRENET,0.603003,0.558763,0.603003,0,0.558763,0.390982,0
5.05069,-0.171671,8.07936,-0.0109245,3.89294,-0.158124,-0.615569,FRENET,0.603003,0.558763,0.603003,0,0.558763,0.390982,0
5.05469,-0.171671,8.07936,-0.0109245,3.89294,-0.158124,-0.615569,FRENET,0.603003,0.558763,0.603003,0,0.558763,0.390982,0
5.05934,-0.132702,8.07896,-0.0121409,3.90117,-0.0726542,-0.283437,FRENET,0.603003,0.558763,0.603003,0,0.558763,0.390982,0
5.0627,-0.132702,8.07896,-0.0121409,3.90117,-0.0726542,-0.283437,FRENET,0.603003,0.558763,0.603003,0,0.558763,0.390982,0
5.06669,-0.132702,8.07896,-0.0121409,3.90117,-0.0726542,-0.283437,FRENET,0.603003,0.558763,0.603003,0,0.558763,0.390982,0
5.07071,-0.0936531,8.07859,-0.0124668,3.90902,-0.0118857,-0.0464615,FRENET,0.603003,0.558763,0.603003,0,0.558763,0.390982,0
5.07471,-0.0936531,8.07859,-0.0124668,3.90902,-0.0118857,-0.0464615,FRENET,0.603003,0.558763,0.603003,0,0.558763,0.390982,0
5.07935,-0.0545272,8.07823,-0.0124072,3.91649,0.0379364,0.148578,FRENET,0.613118,0.558763,0.613118,0,0.558763,0.391365,0
5.0827,-0.0545272,8.07823,-0.0124072,3.91649,0.0379364,0.148578,FRENET,0.613118,0.558763,0.613118,0,0.558763,0.391365,0
5.0867,-0.0545272,8.07823,-0.0124072,3.91649,0.0379364,0.148578,FRENET,0.613118,0.558763,0.613118,0,0.558763,0.391365,0
5.09069,-0.0153281,8.0779,-0.0117698,3.92361,0.0713784,0.280061,FRENET,0.613118,0.558763,0.613118,0,0.558763,0.391365,0
5.0947,-0.0153281,8.0779,-0.0117698,3.92361,0.0713784,0.280061,FRENET,0.613118,0.558763,0.613118,0,0.558763,0.391365,0
5.09934,0.0239407,8.07759,-0.010987,3.93039,0.100325,0.394317,FRENET,0.613118,0.558763,0.613118,0,0.558763,0.391365,0
5.1027,0.0239407,8.07759,-0.010987,3.93039,0.100325,0.394317,FRENET,0.613118,0.558763,0.613118,0,0.558763,0.391365,0
5.1067,0.0239407,8.07759,-0.010987,3.93039,0.100325,0.394317,FRENET,0.613118,0.558763,0.613118,0,0.558763,0.391365,0
5.11069,0.0632759,8.07731,-0.00980852,3.93685,0.117871,0.464041,FRENET,0.613118,0.558763,0.613118,0,0.558763,0.391365,0
5.11471,0.0632759,8.07731,-0.00980852,3.93685,0.117871,0.464041,FRENET,0.613118,0.558763,0.613118,0,0.558763,0.391365,0
5.11937,0.102674,8.07704,-0.00862406,3.943,0.134764,0.531374,FRENET,0.613118,0.558763,0.613118,0,0.558763,0.391365,0
5.1227,0.102674,8.07704,-0.00862406,3.943,0.134764,0.531374,FRENET,0.613118,0.558763,0.613118,0,0.558763,0.391365,0
5.1267,0.102674,8.07704,-0.00862406,3.943,0.134764,0.531374,FRENET,0.61358,0.558763,0.61358,0,0.558763,0.397732,0
5.1307,0.142133,8.07681,-0.0071487,3.94886,0.143203,0.565489,FRENET,0.61358,0.558763,0.61358,0,0.558763,0.397732,0
5.13471,0.142133,8.07681,-0.0071487,3.94886,0.143203,0.565489,FRENET,0.61358,0.558763,0.61358,0,0.558763,0.397732,0
5.1393,0.181649,8.07661,-0.005747,3.95443,0.153252,0.606023,FRENET,0.61358,0.558763,0.61358,0,0.558763,0.397732,0
5.1427,0.181649,8.07661,-0.005747,3.95443,0.153252,0.606023,FRENET,0.61358,0.558763,0.61358,0,0.558763,0.397732,0
5.1467,0.181649,8.07661,-0.005747,3.95443,0.153252,0.606023,FRENET,0.61358,0.558763,0.61358,0,0.558763,0.397732,0
5.15069,0.221219,8.07645,-0.00411342,3.95975,0.15657,0.619979,FRENET,0.61358,0.558763,0.61358,0,0.558763,0.397732,0
5.15469,0.221219,8.07645,-0.00411342,3.95975,0.15657,0.619979,FRENET,0.61358,0.558763,0.61358,0,0.558763,0.397732,0
5.15933,0.260842,8.07633,-0.00259822,3.96481,0.162814,0.645525,FRENET,0.61358,0.558763,0.61358,0,0.558763,0.397732,0
5.1627,0.260842,8.07633,-0.00259822,3.96481,0.162814,0.645525,FRENET,0.61358,0.558763,0.61358,0,0.558763,0.397732,0
5.1667,0.260842,8.07633,-0.00259822,3.96481,0.162814,0.645525,FRENET,0.61358,0.558763,0.61358,0,0.558763,0.397732,0
5.1707,0.300544,8.07625,-0.000892469,3.9756,0.162059,0.64428,FRENET,0.61358,0.558763,0.61358,0,0.558763,0.397732,0
5.17469,0.300544,8.07625,-0.000892469,3.9756,0.162059,0.64428,FRENET,0.61358,0.558763,0.61358,0,0.558763,0.397732,0
5.17936,0.340351,8.07619,0.00036171,3.98588,0.0763582,0.304354,FRENET,0.60592,0.557131,0.60592,0,0.557131,0.393354,0
5.1827,0.340351,8.07619,0.00036171,3.98588,0.0763582,0.304354,FRENET,0.60592,0.557131,0.60592,0,0.557131,0.393354,0
5.1867,0.340351,8.07619,0.00036171,3.98588,0.0763582,0.304354,FRENET,0.60592,0.557131,0.60592,0,0.557131,0.393354,0
5.1907,0.380224,8.07608,0.000715907,3.98877,0.0142128,0.0566915,FRENET,0.60592,0.557131,0.60592,0,0.557131,0.393354,0
5.19469,0.380224,8.07608,0.000715907,3.98877,0.0142128,0.0566915,FRENET,0.60592,0.557131,0.60592,0,0.557131,0.393354,0
5.1993,0.420151,8.07597,0.000675819,3.99666,-0.0363377,-0.14523,FRENET,0.60592,0.557131,0.60592,0,0.557131,0.393354,0
5.2027,0.420151,8.07597,0.000675819,3.99666,-0.0363377,-0.14523,FRENET,0.60592,0.557131,0.60592,0,0.557131,0.393354,0
5.20669,0.420151,8.07597,0.000675819,3.99666,-0.0363377,-0.14523,FRENET,0.60592,0.557131,0.60592,0,0.557131,0.393354,0
5.2107,0.460155,8.07582,5.03671e-05,4.00418,-0.0706054,-0.282717,FRENET,0.60592,0.557131,0.60592,0,0.557131,0.393354,0
5.2147,0.460155,8.07582,5.03671e-05,4.00418,-0.0706054,-0.282717,FRENET,0.60592,0.557131,0.60592,0,0.557131,0.393354,0
5.21933,0.500233,8.07567,-0.000728283,4.01134,-0.100216,-0.402,FRENET,0.60592,0.557131,0.60592,0,0.557131,0.393354,0
5.2227,0.500233,8.07567,-0.000728283,4.01134,-0.100216,-0.402,FRENET,0.60592,0.557131,0.60592,0,0.557131,0.393354,0
5.2267,0.500233,8.07567,-0.000728283,4.01134,-0.100216,-0.402,FRENET,0.608879,0.557131,0.608879,0,0.557131,0.390361,0
5.2307,0.54038,8.07548,-0.00190896,4.01816,-0.118442,-0.475917,FRENET,0.608879,0.557131,0.608879,0,0.557131,0.390361,0
5.2347,0.54038,8.07548,-0.00190896,4.01816,-0.118442,-0.475917,FRENET,0.608879,0.557131,0.608879,0,0.557131,0.390361,0
5.2393,0.580593,8.07528,-0.00310175,4.02465,-0.135816,-0.546611,FRENET,0.608879,0.557131,0.608879,0,0.557131,0.390361,0
5.24269,0.580593,8.07528,-0.00310175,4.02465,-0.135816,-0.546611,FRENET,0.608879,0.557131,0.608879,0,0.557131,0.390361,0
5.24671,0.580593,8.07528,-0.00310175,4.02465,-0.135816,-0.546611,FRENET,0.608879,0.557131,0.608879,0,0.557131,0.390361,0
5.25071,0.62087,8.07503,-0.00459002,4.03083,-0.144744,-0.583437,FRENET,0.608879,0.557131,0.608879,0,0.557131,0.390361,0
5.2547,0.62087,8.07503,-0.00459002,4.03083,-0.144744,-0.583437,FRENET,0.608879,0.557131,0.608879,0,0.557131,0.390361,0
5.25935,0.661207,8.07477,-0.00600881,4.03672,-0.155091,-0.626061,FRENET,0.608879,0.557131,0.608879,0,0.557131,0.390361,0
5.2627,0.661207,8.07477,-0.00600881,4.03672,-0.155091,-0.626061,FRENET,0.608879,0.557131,0.608879,0,0.557131,0.390361,0
5.26671,0.661207,8.07477,-0.00600881,4.03672,-0.155091,-0.626061,FRENET,0.608879,0.557131,0.608879,0,0.557131,0.390361,0
5.2707,0.701601,8.07445,-0.00766235,4.04233,-0.158733,-0.641653,FRENET,0.608879,0.557131,0.608879,0,0.557131,0.390361,0
5.2747,0.701601,8.07445,-0.00766235,4.04233,-0.158733,-0.641653,FRENET,0.608879,0.557131,0.608879,0,0.557131,0.390361,0
5.2793,0.742049,8.07411,-0.00920013,4.04768,-0.165133,-0.668405,FRENET,0.615975,0.557131,0.615975,0,0.557131,0.396107,0
5.2827,0.742049,8.07411,-0.00920013,4.04768,-0.165133,-0.668405,FRENET,0.615975,0.557131,0.615975,0,0.557131,0.396107,0
5.28669,0.742049,8.07411,-0.00920013,4.04768,-0.165133,-0.668405,FRENET,0.615975,0.557131,0.615975,0,0.557131,0.396107,0
5.29073,0.78255,8.07371,-0.0109389,4.05277,-0.165843,-0.672123,FRENET,0.615975,0.557131,0.615975,0,0.557131,0.396107,0
5.29469,0.78255,8.07371,-0.0109389,4.05277,-0.165843,-0.672123,FRENET,0.615975,0.557131,0.615975,0,0.557131,0.396107,0
5.29933,0.823099,8.0733,-0.0122269,4.05762,-0.0789371,-0.320296,FRENET,0.615975,0.557131,0.615975,0,0.557131,0.396107,0
5.3027,0.823099,8.0733,-0.0122269,4.05762,-0.0789371,-0.320296,FRENET,0.615975,0.557131,0.615975,0,0.557131,0.396107,0
5.3067,0.823099,8.0733,-0.0122269,4.05762,-0.0789371,-0.320296,FRENET,0.615975,0.557131,0.615975,0,0.557131,0.396107,0
5.3107,0.863697,8.07293,-0.0126057,4.06223,-0.0163899,-0.0665798,FRENET,0.615975,0.557131,0.615975,0,0.557131,0.396107,0
5.3147,0.863697,8.07293,-0.0126057,4.06223,-0.0163899,-0.0665798,FRENET,0.615975,0.557131,0.615975,0,0.557131,0.396107,0
5.31935,0.90434,8.07256,-0.0125836,4.06663,0.035169,0.143019,FRENET,0.615975,0.557131,0.615975,0,0.557131,0.396107,0
5.3227,0.90434,8.07256,-0.0125836,4.06663,0.035169,0.143019,FRENET,0.615975,0.557131,0.615975,0,0.557131,0.396107,0
5.32669,0.90434,8.07256,-0.0125836,4.06663,0.035169,0.143019,FRENET,0.609085,0.557131,0.609085,0,0.557131,0.393875,0
5.33069,0.945026,8.07223,-0.011964,4.07082,0.0703486,0.286376,FRENET,0.609085,0.557131,0.609085,0,0.557131,0.393875,0
5.33472,0.945026,8.07223,-0.011964,4.07082,0.0703486,0.286376,FRENET,0.609085,0.557131,0.609085,0,0.557131,0.393875,0
5.33939,0.985752,8.07191,-0.0111849,4.07481,0.100784,0.410676,FRENET,0.609085,0.557131,0.609085,0,0.557131,0.393875,0
5.34269,0.985752,8.07191,-0.0111849,4.07481,0.100784,0.410676,FRENET,0.609085,0.557131,0.609085,0,0.557131,0.393875,0
5.3467,0.985752,8.07191,-0.0111849,4.07481,0.100784,0.410676,FRENET,0.609085,0.557131,0.609085,0,0.557131,0.393875,0
5.35069,1.02652,8.07162,-0.00999382,4.07861,0.11971,0.488248,FRENET,0.609085,0.557131,0.609085,0,0.557131,0.393875,0
5.35471,1.02652,8.07162,-0.00999382,4.07861,0.11971,0.488248,FRENET,0.609085,0.557131,0.609085,0,0.557131,0.393875,0
5.35935,1.06732,8.07134,-0.00878635,4.08223,0.137685,0.56206,FRENET,0.609085,0.557131,0.609085,0,0.557131,0.393875,0
5.3627,1.06732,8.07134,-0.00878635,4.08223,0.137685,0.56206,FRENET,0.609085,0.557131,0.609085,0,0.557131,0.393875,0
5.3667,1.06732,8.07134,-0.00878635,4.08223,0.137685,0.56206,FRENET,0.609085,0.557131,0.609085,0,0.557131,0.393875,0
5.3707,1.10816,8.07111,-0.0072759,4.08567,0.147093,0.600972,FRENET,0.609085,0.557131,0.609085,0,0.557131,0.393875,0
5.37469,1.10816,8.07111,-0.0072759,4.08567,0.147093,0.600972,FRENET,0.609085,0.557131,0.609085,0,0.557131,0.393875,0
5.37933,1.14903,8.07089,-0.00583257,4.08896,0.157832,0.645368,FRENET,0.620525,0.553731,0.620525,0,0.553731,0.391446,0
5.3827,1.14903,8.07089,-0.00583257,4.08896,0.157832,0.645368,FRENET,0.620525,0.553731,0.620525,0,0.553731,0.391446,0
5.3867,1.14903,8.07089,-0.00583257,4.08896,0.157832,0.645368,FRENET,0.620525,0.553731,0.620525,0,0.553731,0.391446,0
5.39069,1.18994,8.07073,-0.00414884,4.09181,0.161814,0.662112,FRENET,0.620525,0.553731,0.620525,0,0.553731,0.391446,0
5.3947,1.18994,8.07073,-0.00414884,4.09181,0.161814,0.662112,FRENET,0.620525,0.553731,0.620525,0,0.553731,0.391446,0
5.39934,1.23089,8.07059,-0.00258331,4.09885,0.167503,0.686568,FRENET,0.620525,0.553731,0.620525,0,0.553731,0.391446,0
5.4027,1.23089,8.07059,-0.00258331,4.09885,0.167503,0.686568,FRENET,0.620525,0.553731,0.620525,0,0.553731,0.391446,0
5.4067,1.23089,8.07059,-0.00258331,4.09885,0.167503,0.686568,FRENET,0.620525,0.553731,0.620525,0,0.553731,0.391446,0
5.4107,1.27191,8.07051,-0.000823823,4.10556,0.167763,0.688761,FRENET,0.620525,0.553731,0.620525,0,0.553731,0.391446,0
5.4147,1.27191,8.07051,-0.000823823,4.10556,0.167763,0.688761,FRENET,0.620525,0.553731,0.620525,0,0.553731,0.391446,0
5.41938,1.313,8.07044,0.00048356,4.11195,0.0809507,0.332865,FRENET,0.620525,0.553731,0.620525,0,0.553731,0.391446,0
5.42268,1.313,8.07044,0.00048356,4.11195,0.0809507,0.332865,FRENET,0.620525,0.553731,0.620525,0,0.553731,0.391446,0
5.42668,1.313,8.07044,0.00048356,4.11195,0.0809507,0.332865,FRENET,0.61826,0.553731,0.61826,0,0.553731,0.390194,0
5.43068,1.35415,8.07033,0.000881824,4.11803,0.0181145,0.0745959,FRENET,0.61826,0.553731,0.61826,0,0.553731,0.390194,0
5.43468,1.35415,8.07033,0.000881824,4.11803,0.0181145,0.0745959,FRENET,0.61826,0.553731,0.61826,0,0.553731,0.390194,0
5.43929,1.39536,8.07021,0.000874862,4.12383,-0.0337757,-0.139285,FRENET,0.61826,0.553731,0.61826,0,0.553731,0.390194,0
5.4427,1.39536,8.07021,0.000874862,4.12383,-0.0337757,-0.139285,FRENET,0.61826,0.553731,0.61826,0,0.553731,0.390194,0
5.44669,1.39536,8.07021,0.000874862,4.12383,-0.0337757,-0.139285,FRENET,0.61826,0.553731,0.61826,0,0.553731,0.390194,0
5.45069,1.43662,8.07006,0.000267282,4.12935,-0.0694364,-0.286727,FRENET,0.61826,0.553731,0.61826,0,0.553731,0.390194,0
5.45469,1.43662,8.07006,0.000267282,4.12935,-0.0694364,-0.286727,FRENET,0.61826,0.553731,0.61826,0,0.553731,0.390194,0
5.4593,1.47794,8.0699,-0.000505101,4.1346,-0.100253,-0.414506,FRENET,0.61826,0.553731,0.61826,0,0.553731,0.390194,0
5.4627,1.47794,8.0699,-0.000505101,4.1346,-0.100253,-0.414506,FRENET,0.61826,0.553731,0.61826,0,0.553731,0.390194,0
5.46669,1.47794,8.0699,-0.000505101,4.1346,-0.100253,-0.414506,FRENET,0.61826,0.553731,0.61826,0,0.553731,0.390194,0
5.4707,1.51931,8.06971,-0.00169266,4.13961,-0.119624,-0.495199,FRENET,0.61826,0.553731,0.61826,0,0.553731,0.390194,0
5.4747,1.51931,8.06971,-0.00169266,4.13961,-0.119624,-0.495199,FRENET,0.61826,0.553731,0.61826,0,0.553731,0.390194,0
5.47934,1.56073,8.06951,-0.00290128,4.14438,-0.137902,-0.571518,FRENET,0.605337,0.553731,0.605337,0,0.553731,0.39897,0
5.4827,1.56073,8.06951,-0.00290128,4.14438,-0.137902,-0.571518,FRENET,0.605337,0.553731,0.605337,0,0.553731,0.39897,0
5.48669,1.56073,8.06951,-0.00290128,4.14438,-0.137902,-0.571518,FRENET,0.605337,0.553731,0.605337,0,0.553731,0.39897,0
5.4907,1.6022,8.06926,-0.00441527,4.14892,-0.147658,-0.61262,FRENET,0.605337,0.553731,0.605337,0,0.553731,0.39897,0
5.4947,1.6022,8.06926,-0.00441527,4.14892,-0.147658,-0.61262,FRENET,0.605337,0.553731,0.605337,0,0.553731,0.39897,0
5.4993,1.64371,8.06899,-0.0058657,4.15325,-0.158598,-0.658697,FRENET,0.605337,0.553731,0.605337,0,0.553731,0.39897,0
5.50265,1.64371,8.06899,-0.0058657,4.15325,-0.158598,-0.658697,FRENET,0.605337,0.553731,0.605337,0,0.553731,0.39897,0
5.50669,1.64371,8.06899,-0.0058657,4.15325,-0.158598,-0.658697,FRENET,0.605337,0.553731,0.605337,0,0.553731,0.39897,0
5.51065,1.68526,8.06867,-0.00755765,4.15737,-0.162781,-0.67674,FRENET,0.605337,0.553731,0.605337,0,0.553731,0.39897,0
5.51469,1.68526,8.06867,-0.00755765,4.15737,-0.162781,-0.67674,FRENET,0.605337,0.553731,0.605337,0,0.553731,0.39897,0
5.51934,1.72685,8.06833,-0.00913713,4.1613,-0.169516,-0.705405,FRENET,0.605337,0.553731,0.605337,0,0.553731,0.39897,0
5.5227,1.72685,8.06833,-0.00913713,4.1613,-0.169516,-0.705405,FRENET,0.605337,0.553731,0.605337,0,0.553731,0.39897,0
5.5267,1.72685,8.06833,-0.00913713,4.1613,-0.169516,-0.705405,FRENET,0.608572,0.553731,0.608572,0,0.553731,0.397436,0
5.5307,1.76848,8.06793,-0.0109219,4.16504,-0.170543,-0.710317,FRENET,0.608572,0.553731,0.608572,0,0.553731,0.397436,0
5.53469,1.76848,8.06793,-0.0109219,4.16504,-0.170543,-0.710317,FRENET,0.608572,0.553731,0.608572,0,0.553731,0.397436,0
5.53934,1.81015,8.06751,-0.0122548,4.1686,-0.0830623,-0.346253,FRENET,0.608572,0.553731,0.608572,0,0.553731,0.397436,0
5.5427,1.81015,8.06751,-0.0122548,4.1686,-0.0830623,-0.346253,FRENET,0.608572,0.553731,0.608572,0,0.553731,0.397436,0
5.5467,1.81015,8.06751,-0.0122548,4.1686,-0.0830623,-0.346253,FRENET,0.608572,0.553731,0.608572,0,0.553731,0.397436,0
5.5507,1.85185,8.06714,-0.0126698,4.17199,-0.0195514,-0.081568,FRENET,0.608572,0.553731,0.608572,0,0.553731,0.397436,0
5.55465,1.85185,8.06714,-0.0126698,4.17199,-0.0195514,-0.081568,FRENET,0.608572,0.553731,0.608572,0,0.553731,0.397436,0
5.55935,1.89358,8.06677,-0.0126748,4.17522,0.0330114,0.13783,FRENET,0.608572,0.553731,0.608572,0,0.553731,0.397436,0
5.56271,1.89358,8.06677,-0.0126748,4.17522,0.0330114,0.13783,FRENET,0.608572,0.553731,0.608572,0,0.553731,0.397436,0
5.5667,1.89358,8.06677,-0.0126748,4.17522,0.0330114,0.13783,FRENET,0.608572,0.553731,0.608572,0,0.553731,0.397436,0
5.5707,1.93535,8.06644,-0.0120708,4.17829,0.0692917,0.289521,FRENET,0.608572,0.553731,0.608572,0,0.553731,0.397436,0
5.57471,1.93535,8.06644,-0.0120708,4.17829,0.0692917,0.289521,FRENET,0.608572,0.553731,0.608572,0,0.553731,0.397436,0
5.57935,1.97715,8.06611,-0.0112978,4.18122,0.100682,0.420975,FRENET,0.62065,0.551905,0.62065,0,0.551905,0.391836,0
5.5827,1.97715,8.06611,-0.0112978,4.18122,0.100682,0.420975,FRENET,0.62065,0.551905,0.62065,0,0.551905,0.391836,0
5.5867,1.97715,8.06611,-0.0112978,4.18122,0.100682,0.420975,FRENET,0.62065,0.551905,0.62065,0,0.551905,0.391836,0
5.5907,2.01897,8.06581,-0.0101028,4.18421,0.12053,0.504323,FRENET,0.62065,0.551905,0.62065,0,0.551905,0.391836,0
5.59468,2.01897,8.06581,-0.0101028,4.18421,0.12053,0.504323,FRENET,0.62065,0.551905,0.62065,0,0.551905,0.391836,0
5.5993,2.06083,8.06553,-0.00888374,4.18705,0.139222,0.582931,FRENET,0.62065,0.551905,0.62065,0,0.551905,0.391836,0
5.6027,2.06083,8.06553,-0.00888374,4.18705,0.139222,0.582931,FRENET,0.62065,0.551905,0.62065,0,0.551905,0.391836,0
5.60669,2.06083,8.06553,-0.00888374,4.18705,0.139222,0.582931,FRENET,0.62065,0.551905,0.62065,0,0.551905,0.391836,0
5.6107,2.10273,8.06528,-0.0073581,4.19334,0.148808,0.624004,FRENET,0.62065,0.551905,0.62065,0,0.551905,0.391836,0
5.6147,2.10273,8.06528,-0.0073581,4.19334,0.148808,0.624004,FRENET,0.62065,0.551905,0.62065,0,0.551905,0.391836,0
5.61935,2.14469,8.06506,-0.00589659,4.19933,0.159543,0.669972,FRENET,0.62065,0.551905,0.62065,0,0.551905,0.391836,0
5.6227,2.14469,8.06506,-0.00589659,4.19933,0.159543,0.669972,FRENET,0.62065,0.551905,0.62065,0,0.551905,0.391836,0
5.62669,2.14469,8.06506,-0.00589659,4.19933,0.159543,0.669972,FRENET,0.619775,0.551905,0.619775,0,0.551905,0.392278,0
5.63069,2.18671,8.06489,-0.00419618,4.20504,0.163651,0.688158,FRENET,0.619775,0.551905,0.619775,0,0.551905,0.392278,0
5.63469,2.18671,8.06489,-0.00419618,4.20504,0.163651,0.688158,FRENET,0.619775,0.551905,0.619775,0,0.551905,0.392278,0
5.63929,2.22879,8.06474,-0.00260809,4.21047,0.170253,0.716845,FRENET,0.619775,0.551905,0.619775,0,0.551905,0.392278,0
5.64268,2.22879,8.06474,-0.00260809,4.21047,0.170253,0.716845,FRENET,0.619775,0.551905,0.619775,0,0.551905,0.392278,0
5.64668,2.22879,8.06474,-0.00260809,4.21047,0.170253,0.716845,FRENET,0.619775,0.551905,0.619775,0,0.551905,0.392278,0
5.65065,2.27092,8.06465,-0.000816635,4.21565,0.171262,0.721981,FRENET,0.619775,0.551905,0.619775,0,0.551905,0.392278,0
5.6547,2.27092,8.06465,-0.000816635,4.21565,0.171262,0.721981,FRENET,0.619775,0.551905,0.619775,0,0.551905,0.392278,0
5.6593,2.3131,8.06459,0.000680239,4.22058,0.129857,0.548074,FRENET,0.619775,0.551905,0.619775,0,0.551905,0.392278,0
5.66268,2.3131,8.06459,0.000680239,4.22058,0.129857,0.548074,FRENET,0.619775,0.551905,0.619775,0,0.551905,0.392278,0
5.6667,2.3131,8.06459,0.000680239,4.22058,0.129857,0.548074,FRENET,0.619775,0.551905,0.619775,0,0.551905,0.392278,0
5.6707,2.35533,8.06452,0.00165611,4.22527,0.0519783,0.219623,FRENET,0.619775,0.551905,0.619775,0,0.551905,0.392278,0
5.6747,2.35533,8.06452,0.00165611,4.22527,0.0519783,0.219623,FRENET,0.619775,0.551905,0.619775,0,0.551905,0.392278,0
5.67934,2.39761,8.06442,0.00179845,4.22975,-0.00431849,-0.0182661,FRENET,0.615842,0.551905,0.615842,0,0.551905,0.38647,0
5.68268,2.39761,8.06442,0.00179845,4.22975,-0.00431849,-0.0182661,FRENET,0.615842,0.551905,0.615842,0,0.551905,0.38647,0
5.68665,2.39761,8.06442,0.00179845,4.22975,-0.00431849,-0.0182661,FRENET,0.615842,0.551905,0.615842,0,0.551905,0.38647,0
5.69069,2.43993,8.06431,0.00159337,4.23401,-0.051331,-0.217336,FRENET,0.615842,0.551905,0.615842,0,0.551905,0.38647,0
5.69468,2.43993,8.06431,0.00159337,4.23401,-0.051331,-0.217336,FRENET,0.615842,0.551905,0.615842,0,0.551905,0.38647,0
5.69934,2.48229,8.06418,0.000828194,4.23806,-0.083481,-0.353798,FRENET,0.615842,0.551905,0.615842,0,0.551905,0.38647,0
5.7027,2.48229,8.06418,0.000828194,4.23806,-0.083481,-0.353798,FRENET,0.615842,0.551905,0.615842,0,0.551905,0.38647,0
5.70671,2.48229,8.06418,0.000828194,4.23806,-0.083481,-0.353798,FRENET,0.615842,0.551905,0.615842,0,0.551905,0.38647,0
5.7107,2.52469,8.06403,-7.02826e-05,4.24193,-0.111668,-0.473689,FRENET,0.615842,0.551905,0.615842,0,0.551905,0.38647,0
5.71469,2.52469,8.06403,-7.02826e-05,4.24193,-0.111668,-0.473689,FRENET,0.615842,0.551905,0.615842,0,0.551905,0.38647,0
5.71934,2.56712,8.06386,-0.00136272,4.24561,-0.12919,-0.548491,FRENET,0.615842,0.551905,0.615842,0,0.551905,0.38647,0
5.7227,2.56712,8.06386,-0.00136272,4.24561,-0.12919,-0.548491,FRENET,0.615842,0.551905,0.615842,0,0.551905,0.38647,0
5.72668,2.56712,8.06386,-0.00136272,4.24561,-0.12919,-0.548491,FRENET,0.619554,0.551905,0.619554,0,0.551905,0.38898,0
5.73065,2.6096,8.06366,-0.00265911,4.24911,-0.146057,-0.620611,FRENET,0.619554,0.551905,0.619554,0,0.551905,0.38898,0
5.73468,2.6096,8.06366,-0.00265911,4.24911,-0.146057,-0.620611,FRENET,0.619554,0.551905,0.619554,0,0.551905,0.38898,0
5.7393,2.6521,8.06343,-0.00425001,4.25245,-0.154851,-0.658497,FRENET,0.619554,0.551905,0.619554,0,0.551905,0.38898,0
5.74268,2.6521,8.06343,-0.00425001,4.25245,-0.154851,-0.658497,FRENET,0.619554,0.551905,0.619554,0,0.551905,0.38898,0
5.74667,2.6521,8.06343,-0.00425001,4.25245,-0.154851,-0.658497,FRENET,0.619554,0.551905,0.619554,0,0.551905,0.38898,0
5.75064,2.69464,8.06317,-0.00576791,4.25563,-0.165024,-0.70228,FRENET,0.619554,0.551905,0.619554,0,0.551905,0.38898,0
5.75469,2.69464,8.06317,-0.00576791,4.25563,-0.165024,-0.70228,FRENET,0.619554,0.551905,0.619554,0,0.551905,0.38898,0
5.75935,2.73721,8.06286,-0.00752188,4.25866,-0.168708,-0.71847,FRENET,0.619554,0.551905,0.619554,0,0.551905,0.38898,0
5.7627,2.73721,8.06286,-0.00752188,4.25866,-0.168708,-0.71847,FRENET,0.619554,0.551905,0.619554,0,0.551905,0.38898,0
5.7667,2.73721,8.06286,-0.00752188,4.25866,-0.168708,-0.71847,FRENET,0.619554,0.551905,0.619554,0,0.551905,0.38898,0
5.7707,2.77981,8.06253,-0.00915796,4.26154,-0.175005,-0.745792,FRENET,0.619554,0.551905,0.619554,0,0.551905,0.38898,0
5.77468,2.77981,8.06253,-0.00915796,4.26154,-0.175005,-0.745792,FRENET,0.619554,0.551905,0.619554,0,0.551905,0.38898,0
5.77932,2.82244,8.06213,-0.0109965,4.26429,-0.175768,-0.749526,FRENET,0.619191,0.550036,0.619191,0,0.550036,0.386711,0
5.7827,2.82244,8.06213,-0.0109965,4.26429,-0.175768,-0.749526,FRENET,0.619191,0.550036,0.619191,0,0.550036,0.386711,0
5.7867,2.82244,8.06213,-0.0109965,4.26429,-0.175768,-0.749526,FRENET,0.619191,0.550036,0.619191,0,0.550036,0.386711,0
5.7907,2.86509,8.06172,-0.0123781,4.26656,-0.0874157,-0.372964,FRENET,0.619191,0.550036,0.619191,0,0.550036,0.386711,0
5.79471,2.86509,8.06172,-0.0123781,4.26656,-0.0874157,-0.372964,FRENET,0.619191,0.550036,0.619191,0,0.550036,0.386711,0
5.79933,2.90778,8.06135,-0.0128331,4.27176,-0.0230342,-0.0983967,FRENET,0.619191,0.550036,0.619191,0,0.550036,0.386711,0
5.8027,2.90778,8.06135,-0.0128331,4.27176,-0.0230342,-0.0983967,FRENET,0.619191,0.550036,0.619191,0,0.550036,0.386711,0
5.8067,2.90778,8.06135,-0.0128331,4.27176,-0.0230342,-0.0983967,FRENET,0.619191,0.550036,0.619191,0,0.550036,0.386711,0
5.81069,2.95052,8.06098,-0.0128681,4.27672,0.0303852,0.129949,FRENET,0.619191,0.550036,0.619191,0,0.550036,0.386711,0
5.81468,2.95052,8.06098,-0.0128681,4.27672,0.0303852,0.129949,FRENET,0.619191,0.550036,0.619191,0,0.550036,0.386711,0
5.8193,2.99331,8.06064,-0.0122859,4.28144,0.0676827,0.289779,FRENET,0.619191,0.550036,0.619191,0,0.550036,0.386711,0
5.8227,2.99331,8.06064,-0.0122859,4.28144,0.0676827,0.289779,FRENET,0.619191,0.550036,0.619191,0,0.550036,0.386711,0
5.82669,2.99331,8.06064,-0.0122859,4.28144,0.0676827,0.289779,FRENET,0.625714,0.550036,0.625714,0,0.550036,0.385617,0
5.8307,3.03615,8.0603,-0.0115242,4.28593,0.0998857,0.428104,FRENET,0.625714,0.550036,0.625714,0,0.550036,0.385617,0
5.83469,3.03615,8.0603,-0.0115242,4.28593,0.0998857,0.428104,FRENET,0.625714,0.550036,0.625714,0,0.550036,0.385617,0
5.83936,3.07903,8.06,-0.0103332,4.29022,0.120618,0.517477,FRENET,0.625714,0.550036,0.625714,0,0.550036,0.385617,0
5.8427,3.07903,8.06,-0.0103332,4.29022,0.120618,0.517477,FRENET,0.625714,0.550036,0.625714,0,0.550036,0.385617,0
5.84671,3.07903,8.06,-0.0103332,4.29022,0.120618,0.517477,FRENET,0.625714,0.550036,0.625714,0,0.550036,0.385617,0
5.8507,3.12195,8.05971,-0.00910949,4.2943,0.13994,0.600943,FRENET,0.625714,0.550036,0.625714,0,0.550036,0.385617,0
5.8547,3.12195,8.05971,-0.00910949,4.2943,0.13994,0.600943,FRENET,0.625714,0.550036,0.625714,0,0.550036,0.385617,0
5.8593,3.16491,8.05946,-0.00756975,4.29818,0.150693,0.647707,FRENET,0.625714,0.550036,0.625714,0,0.550036,0.385617,0
5.8627,3.16491,8.05946,-0.00756975,4.29818,0.150693,0.647707,FRENET,0.625714,0.550036,0.625714,0,0.550036,0.385617,0
5.8667,3.16491,8.05946,-0.00756975,4.29818,0.150693,0.647707,FRENET,0.625714,0.550036,0.625714,0,0.550036,0.385617,0
5.87071,3.20791,8.05923,-0.00608561,4.30188,0.162324,0.698297,FRENET,0.625714,0.550036,0.625714,0,0.550036,0.385617,0
5.8747,3.20791,8.05923,-0.00608561,4.30188,0.162324,0.698297,FRENET,0.625714,0.550036,0.625714,0,0.550036,0.385617,0
5.87933,3.25095,8.05904,-0.00435273,4.30541,0.167175,0.719758,FRENET,0.617091,0.550036,0.617091,0,0.550036,0.388828,0
5.8827,3.25095,8.05904,-0.00435273,4.30541,0.167175,0.719758,FRENET,0.617091,0.550036,0.617091,0,0.550036,0.388828,0
5.8867,3.25095,8.05904,-0.00435273,4.30541,0.167175,0.719758,FRENET,0.617091,0.550036,0.617091,0,0.550036,0.388828,0
5.8907,3.29402,8.05889,-0.00272742,4.30876,0.174306,0.751042,FRENET,0.617091,0.550036,0.617091,0,0.550036,0.388828,0
5.8947,3.29402,8.05889,-0.00272742,4.30876,0.174306,0.751042,FRENET,0.617091,0.550036,0.617091,0,0.550036,0.388828,0
5.89933,3.33712,8.05879,-0.000892456,4.31196,0.175746,0.75781,FRENET,0.617091,0.550036,0.617091,0,0.550036,0.388828,0
5.9027,3.33712,8.05879,-0.000892456,4.31196,0.175746,0.75781,FRENET,0.617091,0.550036,0.617091,0,0.550036,0.388828,0
5.90669,3.33712,8.05879,-0.000892456,4.31196,0.175746,0.75781,FRENET,0.617091,0.550036,0.617091,0,0.550036,0.388828,0
5.91071,3.38026,8.05872,0.000805005,4.315,0.180312,0.778049,FRENET,0.617091,0.550036,0.617091,0,0.550036,0.388828,0
5.91468,3.38026,8.05872,0.000805005,4.315,0.180312,0.778049,FRENET,0.617091,0.550036,0.617091,0,0.550036,0.388828,0
5.91933,3.42342,8.05872,0.0026901,4.3179,0.17984,0.776531,FRENET,0.617091,0.550036,0.617091,0,0.550036,0.388828,0
5.92271,3.42342,8.05872,0.0026901,4.3179,0.17984,0.776531,FRENET,0.617091,0.550036,0.617091,0,0.550036,0.388828,0
5.9267,3.42342,8.05872,0.0026901,4.3179,0.17984,0.776531,FRENET,0.617395,0.550036,0.617395,0,0.550036,0.391949,0
5.9307,3.46661,8.05874,0.00410742,4.32067,0.0905401,0.391194,FRENET,0.617395,0.550036,0.617395,0,0.550036,0.391949,0
5.93472,3.46661,8.05874,0.00410742,4.32067,0.0905401,0.391194,FRENET,0.617395,0.550036,0.617395,0,0.550036,0.391949,0
5.93934,3.50983,8.05873,0.00458661,4.3233,0.0249572,0.107897,FRENET,0.617395,0.550036,0.617395,0,0.550036,0.391949,0
5.9427,3.50983,8.05873,0.00458661,4.3233,0.0249572,0.107897,FRENET,0.617395,0.550036,0.617395,0,0.550036,0.391949,0
5.9467,3.50983,8.05873,0.00458661,4.3233,0.0249572,0.107897,FRENET,0.617395,0.550036,0.617395,0,0.550036,0.391949,0
5.9507,3.55308,8.05871,0.00463639,4.3258,-0.0294956,-0.127592,FRENET,0.617395,0.550036,0.617395,0,0.550036,0.391949,0
5.9547,3.55308,8.05871,0.00463639,4.3258,-0.0294956,-0.127592,FRENET,0.617395,0.550036,0.617395,0,0.550036,0.391949,0
5.95934,3.59635,8.05867,0.0040578,4.32819,-0.0676536,-0.292818,FRENET,0.617395,0.550036,0.617395,0,0.550036,0.391949,0
5.9627,3.59635,8.05867,0.0040578,4.32819,-0.0676536,-0.292818,FRENET,0.617395,0.550036,0.617395,0,0.550036,0.391949,0
5.9667,3.59635,8.05867,0.0040578,4.32819,-0.0676536,-0.292818,FRENET,0.617395,0.550036,0.617395,0,0.550036,0.391949,0
5.97071,3.63964,8.05862,0.00329354,4.33046,-0.100587,-0.43559,FRENET,0.617395,0.550036,0.617395,0,0.550036,0.391949,0
5.9747,3.63964,8.05862,0.00329354,4.33046,-0.100587,-0.43559,FRENET,0.617395,0.550036,0.617395,0,0.550036,0.391949,0
5.97936,3.68296,8.05855,0.00209161,4.33263,-0.121911,-0.528197,FRENET,0.620322,0.547618,0.620322,0,0.547618,0.386859,0
5.98268,3.68296,8.05855,0.00209161,4.33263,-0.121911,-0.528197,FRENET,0.620322,0.547618,0.620322,0,0.547618,0.386859,0
5.98668,3.68296,8.05855,0.00209161,4.33263,-0.121911,-0.528197,FRENET,0.620322,0.547618,0.620322,0,0.547618,0.386859,0
5.99065,3.7263,8.05847,0.000853876,4.33708,-0.141417,-0.613338,FRENET,0.620322,0.547618,0.620322,0,0.547618,0.386859,0
5.99469,3.7263,8.05847,0.000853876,4.33708,-0.141417,-0.613338,FRENET,0.620322,0.547618,0.620322,0,0.547618,0.386859,0
5.99934,3.7697,8.05835,-0.000701415,4.34132,-0.152346,-0.661382,FRENET,0.620322,0.547618,0.620322,0,0.547618,0.386859,0
6.0027,3.7697,8.05835,-0.000701415,4.34132,-0.152346,-0.661382,FRENET,0.620322,0.547618,0.620322,0,0.547618,0.386859,0
6.0067,3.7697,8.05835,-0.000701415,4.34132,-0.152346,-0.661382,FRENET,0.620322,0.547618,0.620322,0,0.547618,0.386859,0
6.0107,3.81313,8.05821,-0.00220263,4.34536,-0.16405,-0.712857,FRENET,0.620322,0.547618,0.620322,0,0.547618,0.386859,0
6.0147,3.81313,8.05821,-0.00220263,4.34536,-0.16405,-0.712857,FRENET,0.620322,0.547618,0.620322,0,0.547618,0.386859,0
6.01934,3.8566,8.05802,-0.0039531,4.34921,-0.168986,-0.734957,FRENET,0.620322,0.547618,0.620322,0,0.547618,0.386859,0
6.02271,3.8566,8.05802,-0.0039531,4.34921,-0.168986,-0.734957,FRENET,0.620322,0.547618,0.620322,0,0.547618,0.386859,0
6.0267,3.8566,8.05802,-0.0039531,4.34921,-0.168986,-0.734957,FRENET,0.6213,0.547618,0.6213,0,0.547618,0.39215,0
6.0307,3.90011,8.05781,-0.00559667,4.35287,-0.176119,-0.766624,FRENET,0.6213,0.547618,0.6213,0,0.547618,0.39215,0
6.0347,3.90011,8.05781,-0.00559667,4.35287,-0.176119,-0.766624,FRENET,0.6213,0.547618,0.6213,0,0.547618,0.39215,0
6.03933,3.94366,8.05754,-0.00744982,4.35636,-0.177588,-0.773638,FRENET,0.6213,0.547618,0.6213,0,0.547618,0.39215,0
6.0427,3.94366,8.05754,-0.00744982,4.35636,-0.177588,-0.773638,FRENET,0.6213,0.547618,0.6213,0,0.547618,0.39215,0
6.0467,3.94366,8.05754,-0.00744982,4.35636,-0.177588,-0.773638,FRENET,0.6213,0.547618,0.6213,0,0.547618,0.39215,0
6.0507,3.98724,8.05723,-0.00916563,4.35968,-0.182115,-0.793963,FRENET,0.6213,0.547618,0.6213,0,0.547618,0.39215,0
6.05468,3.98724,8.05723,-0.00916563,4.35968,-0.182115,-0.793963,FRENET,0.6213,0.547618,0.6213,0,0.547618,0.39215,0
6.05929,4.03085,8.05687,-0.0110686,4.36285,-0.181641,-0.79247,FRENET,0.6213,0.547618,0.6213,0,0.547618,0.39215,0
6.06268,4.03085,8.05687,-0.0110686,4.36285,-0.181641,-0.79247,FRENET,0.6213,0.547618,0.6213,0,0.547618,0.39215,0
6.06672,4.03085,8.05687,-0.0110686,4.36285,-0.181641,-0.79247,FRENET,0.6213,0.547618,0.6213,0,0.547618,0.39215,0
6.0707,4.07449,8.05648,-0.0125039,4.36587,-0.0923064,-0.402998,FRENET,0.6213,0.547618,0.6213,0,0.547618,0.39215,0
6.0747,4.07449,8.05648,-0.0125039,4.36587,-0.0923064,-0.402998,FRENET,0.6213,0.547618,0.6213,0,0.547618,0.39215,0
6.07934,4.11816,8.05613,-0.0129996,4.36874,-0.0264552,-0.115576,FRENET,0.627725,0.547618,0.627725,0,0.547618,0.389166,0
6.08271,4.11816,8.05613,-0.0129996,4.36874,-0.0264552,-0.115576,FRENET,0.627725,0.547618,0.627725,0,0.547618,0.389166,0
6.0867,4.11816,8.05613,-0.0129996,4.36874,-0.0264552,-0.115576,FRENET,0.627725,0.547618,0.627725,0,0.547618,0.389166,0
6.0907,4.16186,8.05578,-0.0130628,4.37147,0.0283109,0.12376,FRENET,0.627725,0.547618,0.627725,0,0.547618,0.389166,0
6.0947,4.16186,8.05578,-0.0130628,4.37147,0.0283109,0.12376,FRENET,0.627725,0.547618,0.627725,0,0.547618,0.389166,0
6.09934,4.20559,8.05545,-0.0124941,4.37408,0.0668687,0.292489,FRENET,0.627725,0.547618,0.627725,0,0.547618,0.389166,0
6.1027,4.20559,8.05545,-0.0124941,4.37408,0.0668687,0.292489,FRENET,0.627725,0.547618,0.627725,0,0.547618,0.389166,0
6.10671,4.20559,8.05545,-0.0124941,4.37408,0.0668687,0.292489,FRENET,0.627725,0.547618,0.627725,0,0.547618,0.389166,0
6.1107,4.24934,8.05512,-0.0117359,4.37656,0.100151,0.438319,FRENET,0.627725,0.547618,0.627725,0,0.547618,0.389166,0
6.1147,4.24934,8.05512,-0.0117359,4.37656,0.100151,0.438319,FRENET,0.627725,0.547618,0.627725,0,0.547618,0.389166,0
6.11933,4.29312,8.05483,-0.0105365,4.37892,0.121851,0.533576,FRENET,0.627725,0.547618,0.627725,0,0.547618,0.389166,0
6.12271,4.29312,8.05483,-0.0105365,4.37892,0.121851,0.533576,FRENET,0.627725,0.547618,0.627725,0,0.547618,0.389166,0
6.12669,4.29312,8.05483,-0.0105365,4.37892,0.121851,0.533576,FRENET,0.630037,0.547618,0.630037,0,0.547618,0.385542,0
6.1307,4.33692,8.05454,-0.00929715,4.38117,0.141953,0.621922,FRENET,0.630037,0.547618,0.630037,0,0.547618,0.385542,0
6.1347,4.33692,8.05454,-0.00929715,4.38117,0.141953,0.621922,FRENET,0.630037,0.547618,0.630037,0,0.547618,0.385542,0
6.13928,4.38074,8.0543,-0.00773314,4.38332,0.153385,0.672337,FRENET,0.630037,0.547618,0.630037,0,0.547618,0.385542,0
6.1427,4.38074,8.0543,-0.00773314,4.38332,0.153385,0.672337,FRENET,0.630037,0.547618,0.630037,0,0.547618,0.385542,0
6.14671,4.38074,8.0543,-0.00773314,4.38332,0.153385,0.672337,FRENET,0.630037,0.547618,0.630037,0,0.547618,0.385542,0
6.15065,4.42458,8.05407,-0.00622006,4.38536,0.165525,0.725887,FRENET,0.630037,0.547618,0.630037,0,0.547618,0.385542,0
6.15469,4.42458,8.05407,-0.00622006,4.38536,0.165525,0.725887,FRENET,0.630037,0.547618,0.630037,0,0.547618,0.385542,0
6.1593,4.46844,8.05388,-0.00445234,4.3873,0.17081,0.749394,FRENET,0.630037,0.547618,0.630037,0,0.547618,0.385542,0
6.1627,4.46844,8.05388,-0.00445234,4.3873,0.17081,0.749394,FRENET,0.630037,0.547618,0.630037,0,0.547618,0.385542,0
6.16668,4.46844,8.05388,-0.00445234,4.3873,0.17081,0.749394,FRENET,0.630037,0.547618,0.630037,0,0.547618,0.385542,0
6.17066,4.51232,8.05373,-0.00278973,4.38916,0.178231,0.782283,FRENET,0.630037,0.547618,0.630037,0,0.547618,0.385542,0
6.17467,4.51232,8.05373,-0.00278973,4.38916,0.178231,0.782283,FRENET,0.630037,0.547618,0.630037,0,0.547618,0.385542,0
6.1793,4.55623,8.05363,-0.000913716,4.39092,0.179914,0.789988,FRENET,0.631377,0.545049,0.631377,0,0.545049,0.384204,0
6.18268,4.55623,8.05363,-0.000913716,4.39092,0.179914,0.789988,FRENET,0.631377,0.545049,0.631377,0,0.545049,0.384204,0
6.18669,4.55623,8.05363,-0.000913716,4.39092,0.179914,0.789988,FRENET,0.631377,0.545049,0.631377,0,0.545049,0.384204,0
6.19069,4.60014,8.05356,0.000825574,4.39262,0.184602,0.810886,FRENET,0.631377,0.545049,0.631377,0,0.545049,0.384204,0
6.19469,4.60014,8.05356,0.000825574,4.39262,0.184602,0.810886,FRENET,0.631377,0.545049,0.631377,0,0.545049,0.384204,0
6.19935,4.64408,8.05356,0.00275458,4.39424,0.184232,0.809559,FRENET,0.631377,0.545049,0.631377,0,0.545049,0.384204,0
6.20269,4.64408,8.05356,0.00275458,4.39424,0.184232,0.809559,FRENET,0.631377,0.545049,0.631377,0,0.545049,0.384204,0
6.20669,4.64408,8.05356,0.00275458,4.39424,0.184232,0.809559,FRENET,0.631377,0.545049,0.631377,0,0.545049,0.384204,0
6.21069,4.68803,8.05358,0.00421341,4.39579,0.0943253,0.414634,FRENET,0.631377,0.545049,0.631377,0,0.545049,0.384204,0
6.21469,4.68803,8.05358,0.00421341,4.39579,0.0943253,0.414634,FRENET,0.631377,0.545049,0.631377,0,0.545049,0.384204,0
6.21932,4.73199,8.05356,0.00472614,4.39726,0.0279487,0.122898,FRENET,0.631377,0.545049,0.631377,0,0.545049,0.384204,0
6.2227,4.73199,8.05356,0.00472614,4.39726,0.0279487,0.122898,FRENET,0.631377,0.545049,0.631377,0,0.545049,0.384204,0
6.22669,4.73199,8.05356,0.00472614,4.39726,0.0279487,0.122898,FRENET,0.627531,0.545049,0.627531,0,0.545049,0.387942,0
6.23069,4.77598,8.05355,0.00480214,4.4008,-0.0271736,-0.119586,FRENET,0.627531,0.545049,0.627531,0,0.545049,0.387942,0
6.23469,4.77598,8.05355,0.00480214,4.4008,-0.0271736,-0.119586,FRENET,0.627531,0.545049,0.627531,0,0.545049,0.387942,0
6.23929,4.82001,8.05351,0.00424323,4.40418,-0.0661109,-0.291165,FRENET,0.627531,0.545049,0.627531,0,0.545049,0.387942,0
6.2427,4.82001,8.05351,0.00424323,4.40418,-0.0661109,-0.291165,FRENET,0.627531,0.545049,0.627531,0,0.545049,0.387942,0
6.2467,4.82001,8.05351,0.00424323,4.40418,-0.0661109,-0.291165,FRENET,0.627531,0.545049,0.627531,0,0.545049,0.387942,0
6.25069,4.86407,8.05347,0.00349079,4.4074,-0.0996867,-0.439359,FRENET,0.627531,0.545049,0.627531,0,0.545049,0.387942,0
6.25469,4.86407,8.05347,0.00349079,4.4074,-0.0996867,-0.439359,FRENET,0.627531,0.545049,0.627531,0,0.545049,0.387942,0
6.25932,4.90815,8.05339,0.00229477,4.41046,-0.121682,-0.536675,FRENET,0.627531,0.545049,0.627531,0,0.545049,0.387942,0
6.2627,4.90815,8.05339,0.00229477,4.41046,-0.121682,-0.536675,FRENET,0.627531,0.545049,0.627531,0,0.545049,0.387942,0
6.26669,4.90815,8.05339,0.00229477,4.41046,-0.121682,-0.536675,FRENET,0.627531,0.545049,0.627531,0,0.545049,0.387942,0
6.27069,4.95227,8.05332,0.00105581,4.41338,-0.141988,-0.62665,FRENET,0.627531,0.545049,0.627531,0,0.545049,0.387942,0
6.27469,4.95227,8.05332,0.00105581,4.41338,-0.141988,-0.62665,FRENET,0.627531,0.545049,0.627531,0,0.545049,0.387942,0
6.27933,4.99642,8.0532,-0.000509392,4.41616,-0.15363,-0.678454,FRENET,0.636691,0.545049,0.636691,0,0.545049,0.380884,0
6.28269,4.99642,8.0532,-0.000509392,4.41616,-0.15363,-0.678454,FRENET,0.636691,0.545049,0.636691,0,0.545049,0.380884,0
6.2867,4.99642,8.0532,-0.000509392,4.41616,-0.15363,-0.678454,FRENET,0.636691,0.545049,0.636691,0,0.545049,0.380884,0
6.29069,5.0406,8.05306,-0.00202581,4.41881,-0.165894,-0.733056,FRENET,0.636691,0.545049,0.636691,0,0.545049,0.380884,0
6.29469,5.0406,8.05306,-0.00202581,4.41881,-0.165894,-0.733056,FRENET,0.636691,0.545049,0.636691,0,0.545049,0.380884,0
6.29929,5.0848,8.05288,-0.00379773,4.42133,-0.171319,-0.757457,FRENET,0.636691,0.545049,0.636691,0,0.545049,0.380884,0
6.30269,5.0848,8.05288,-0.00379773,4.42133,-0.171319,-0.757457,FRENET,0.636691,0.545049,0.636691,0,0.545049,0.380884,0
6.3067,5.0848,8.05288,-0.00379773,4.42133,-0.171319,-0.757457,FRENET,0.636691,0.545049,0.636691,0,0.545049,0.380884,0
6.31069,5.12902,8.05267,-0.005466,4.42374,-0.178806,-0.790991,FRENET,0.636691,0.545049,0.636691,0,0.545049,0.380884,0
6.3147,5.12902,8.05267,-0.005466,4.42374,-0.178806,-0.790991,FRENET,0.636691,0.545049,0.636691,0,0.545049,0.380884,0
6.31933,5.17327,8.05241,-0.00734804,4.42602,-0.18058,-0.799253,FRENET,0.636691,0.545049,0.636691,0,0.545049,0.380884,0
6.3227,5.17327,8.05241,-0.00734804,4.42602,-0.18058,-0.799253,FRENET,0.636691,0.545049,0.636691,0,0.545049,0.380884,0
6.32669,5.17327,8.05241,-0.00734804,4.42602,-0.18058,-0.799253,FRENET,0.637154,0.545049,0.637154,0,0.545049,0.384215,0
6.33069,5.21754,8.05211,-0.00909436,4.4282,-0.185301,-0.820553,FRENET,0.637154,0.545049,0.637154,0,0.545049,0.384215,0
6.33468,5.21754,8.05211,-0.00909436,4.4282,-0.185301,-0.820553,FRENET,0.637154,0.545049,0.637154,0,0.545049,0.384215,0
6.33932,5.26183,8.05174,-0.0110305,4.43028,-0.184995,-0.81958,FRENET,0.637154,0.545049,0.637154,0,0.545049,0.384215,0
6.34268,5.26183,8.05174,-0.0110305,4.43028,-0.184995,-0.81958,FRENET,0.637154,0.545049,0.637154,0,0.545049,0.384215,0
6.34668,5.26183,8.05174,-0.0110305,4.43028,-0.184995,-0.81958,FRENET,0.637154,0.545049,0.637154,0,0.545049,0.384215,0
6.35069,5.30614,8.05136,-0.0124976,4.43226,-0.095211,-0.422,FRENET,0.637154,0.545049,0.637154,0,0.545049,0.384215,0
6.35469,5.30614,8.05136,-0.0124976,4.43226,-0.095211,-0.422,FRENET,0.637154,0.545049,0.637154,0,0.545049,0.384215,0
6.35931,5.35047,8.05101,-0.013019,4.43414,-0.0287342,-0.127411,FRENET,0.637154,0.545049,0.637154,0,0.545049,0.384215,0
6.3627,5.35047,8.05101,-0.013019,4.43414,-0.0287342,-0.127411,FRENET,0.637154,0.545049,0.637154,0,0.545049,0.384215,0
6.36669,5.35047,8.05101,-0.013019,4.43414,-0.0287342,-0.127411,FRENET,0.637154,0.545049,0.637154,0,0.545049,0.384215,0
6.3707,5.39482,8.05066,-0.0131021,4.43593,0.0266772,0.118338,FRENET,0.637154,0.545049,0.637154,0,0.545049,0.384215,0
6.37471,5.39482,8.05066,-0.0131021,4.43593,0.0266772,0.118338,FRENET,0.637154,0.545049,0.637154,0,0.545049,0.384215,0
6.37933,5.43919,8.05033,-0.012546,4.43764,0.0659205,0.292532,FRENET,0.624225,0.543085,0.624225,0,0.543085,0.331064,0
6.38268,5.43919,8.05033,-0.012546,4.43764,0.0659205,0.292532,FRENET,0.624225,0.543085,0.624225,0,0.543085,0.331064,0
6.38669,5.43919,8.05033,-0.012546,4.43764,0.0659205,0.292532,FRENET,0.624225,0.543085,0.624225,0,0.543085,0.331064,0
6.39069,5.48357,8.05001,-0.0117945,4.4392,0.0998227,0.443133,FRENET,0.624225,0.543085,0.624225,0,0.543085,0.331064,0
6.39469,5.48357,8.05001,-0.0117945,4.4392,0.0998227,0.443133,FRENET,0.624225,0.543085,0.624225,0,0.543085,0.331064,0
6.39933,5.52797,8.04971,-0.010595,4.44068,0.122123,0.542309,FRENET,0.624225,0.543085,0.624225,0,0.543085,0.331064,0
6.40269,5.52797,8.04971,-0.010595,4.44068,0.122123,0.542309,FRENET,0.624225,0.543085,0.624225,0,0.543085,0.331064,0
6.40669,5.52797,8.04971,-0.010595,4.44068,0.122123,0.542309,FRENET,0.624225,0.543085,0.624225,0,0.543085,0.331064,0
6.41069,5.57239,8.04942,-0.00935114,4.4439,0.142496,0.633239,FRENET,0.624225,0.543085,0.624225,0,0.543085,0.331064,0
6.41472,5.57239,8.04942,-0.00935114,4.4439,0.142496,0.633239,FRENET,0.624225,0.543085,0.624225,0,0.543085,0.331064,0
6.41943,5.61684,8.04917,-0.00778047,4.44696,0.154236,0.685881,FRENET,0.624225,0.543085,0.624225,0,0.543085,0.331064,0
6.42272,5.61684,8.04917,-0.00778047,4.44696,0.154236,0.685881,FRENET,0.624225,0.543085,0.624225,0,0.543085,0.331064,0
6.42671,5.61684,8.04917,-0.00778047,4.44696,0.154236,0.685881,FRENET,0.641537,0.543085,0.641537,0,0.543085,0.380832,0
6.43071,5.66133,8.04894,-0.0062576,4.44988,0.166555,0.741148,FRENET,0.641537,0.543085,0.641537,0,0.543085,0.380832,0
6.43471,5.66133,8.04894,-0.0062576,4.44988,0.166555,0.741148,FRENET,0.641537,0.543085,0.641537,0,0.543085,0.380832,0
6.43932,5.70584,8.04875,-0.00447877,4.45266,0.172058,0.766115,FRENET,0.641537,0.543085,0.641537,0,0.543085,0.380832,0
6.44271,5.70584,8.04875,-0.00447877,4.45266,0.172058,0.766115,FRENET,0.641537,0.543085,0.641537,0,0.543085,0.380832,0
6.44671,5.70584,8.04875,-0.00447877,4.45266,0.172058,0.766115,FRENET,0.641537,0.543085,0.641537,0,0.543085,0.380832,0
6.45073,5.75038,8.04859,-0.00280285,4.45531,0.179578,0.800073,FRENET,0.641537,0.543085,0.641537,0,0.543085,0.380832,0
6.45471,5.75038,8.04859,-0.00280285,4.45531,0.179578,0.800073,FRENET,0.641537,0.543085,0.641537,0,0.543085,0.380832,0
6.45934,5.79495,8.04849,-0.000912885,4.45783,0.181409,0.80869,FRENET,0.641537,0.543085,0.641537,0,0.543085,0.380832,0
6.46271,5.79495,8.04849,-0.000912885,4.45783,0.181409,0.80869,FRENET,0.641537,0.543085,0.641537,0,0.543085,0.380832,0
6.46671,5.79495,8.04849,-0.000912885,4.45783,0.181409,0.80869,FRENET,0.641537,0.543085,0.641537,0,0.543085,0.380832,0
6.47071,5.83954,8.04842,0.000841882,4.46023,0.186143,0.830239,FRENET,0.641537,0.543085,0.641537,0,0.543085,0.380832,0
6.47471,5.83954,8.04842,0.000841882,4.46023,0.186143,0.830239,FRENET,0.641537,0.543085,0.641537,0,0.543085,0.380832,0
6.47928,5.88415,8.04842,0.00278659,4.46252,0.185876,0.829476,FRENET,0.643638,0.543085,0.643638,0,0.543085,0.387046,0
6.4827,5.88415,8.04842,0.00278659,4.46252,0.185876,0.829476,FRENET,0.643638,0.543085,0.643638,0,0.543085,0.387046,0
6.48668,5.88415,8.04842,0.00278659,4.46252,0.185876,0.829476,FRENET,0.643638,0.543085,0.643638,0,0.543085,0.387046,0
6.49068,5.92879,8.04843,0.0042627,4.4647,0.0961188,0.429141,FRENET,0.643638,0.543085,0.643638,0,0.543085,0.387046,0
6.49467,5.92879,8.04843,0.0042627,4.4647,0.0961188,0.429141,FRENET,0.643638,0.543085,0.643638,0,0.543085,0.387046,0
6.49927,5.97344,8.04842,0.00479259,4.46677,0.0295011,0.131775,FRENET,0.643638,0.543085,0.643638,0,0.543085,0.387046,0
6.50267,5.97344,8.04842,0.00479259,4.46677,0.0295011,0.131775,FRENET,0.643638,0.543085,0.643638,0,0.543085,0.387046,0
6.50668,5.97344,8.04842,0.00479259,4.46677,0.0295011,0.131775,FRENET,0.643638,0.543085,0.643638,0,0.543085,0.387046,0
6.51067,6.01812,8.0484,0.00488244,4.46875,-0.0260881,-0.116581,FRENET,0.643638,0.543085,0.643638,0,0.543085,0.387046,0
6.51467,6.01812,8.0484,0.00488244,4.46875,-0.0260881,-0.116581,FRENET,0.643638,0.543085,0.643638,0,0.543085,0.387046,0
6.51931,6.06282,8.04836,0.00433111,4.47063,-0.0655756,-0.293164,FRENET,0.643638,0.543085,0.643638,0,0.543085,0.387046,0
6.52268,6.06282,8.04836,0.00433111,4.47063,-0.0655756,-0.293164,FRENET,0.643638,0.543085,0.643638,0,0.543085,0.387046,0
6.52667,6.06282,8.04836,0.00433111,4.47063,-0.0655756,-0.293164,FRENET,0.64781,0.543085,0.64781,0,0.543085,0.388831,0
6.53068,6.10753,8.04832,0.00358187,4.47242,-0.0996864,-0.44584,FRENET,0.64781,0.543085,0.64781,0,0.543085,0.388831,0
6.53469,6.10753,8.04832,0.00358187,4.47242,-0.0996864,-0.44584,FRENET,0.64781,0.543085,0.64781,0,0.543085,0.388831,0
6.53931,6.15227,8.04825,0.00238264,4.47413,-0.122221,-0.546832,FRENET,0.64781,0.543085,0.64781,0,0.543085,0.388831,0
6.54272,6.15227,8.04825,0.00238264,4.47413,-0.122221,-0.546832,FRENET,0.64781,0.543085,0.64781,0,0.543085,0.388831,0
6.54668,6.15227,8.04825,0.00238264,4.47413,-0.122221,-0.546832,FRENET,0.64781,0.543085,0.64781,0,0.543085,0.388831,0
6.5507,6.19701,8.04817,0.00113638,4.47576,-0.142997,-0.640021,FRENET,0.64781,0.543085,0.64781,0,0.543085,0.388831,0
6.55469,6.19701,8.04817,0.00113638,4.47576,-0.142997,-0.640021,FRENET,0.64781,0.543085,0.64781,0,0.543085,0.388831,0
6.55933,6.24178,8.04805,-0.00044161,4.4773,-0.155081,-0.694344,FRENET,0.64781,0.543085,0.64781,0,0.543085,0.388831,0
6.56269,6.24178,8.04805,-0.00044161,4.4773,-0.155081,-0.694344,FRENET,0.64781,0.543085,0.64781,0,0.543085,0.388831,0
6.56667,6.24178,8.04805,-0.00044161,4.4773,-0.155081,-0.694344,FRENET,0.64781,0.543085,0.64781,0,0.543085,0.388831,0
6.57068,6.28656,8.04792,-0.00197393,4.47878,-0.167702,-0.7511,FRENET,0.64781,0.543085,0.64781,0,0.543085,0.388831,0
6.57468,6.28656,8.04792,-0.00197393,4.47878,-0.167702,-0.7511,FRENET,0.64781,0.543085,0.64781,0,0.543085,0.388831,0
6.57931,6.33135,8.04774,-0.00376599,4.48018,-0.173449,-0.777084,FRENET,0.638668,0.54161,0.638668,0,0.54161,0.398454,0
6.58268,6.33135,8.04774,-0.00376599,4.48018,-0.173449,-0.777084,FRENET,0.638668,0.54161,0.638668,0,0.54161,0.398454,0
6.58667,6.33135,8.04774,-0.00376599,4.48018,-0.173449,-0.777084,FRENET,0.638668,0.54161,0.638668,0,0.54161,0.398454,0
6.59067,6.37616,8.04753,-0.0054565,4.48139,-0.181204,-0.812046,FRENET,0.638668,0.54161,0.638668,0,0.54161,0.398454,0
6.59468,6.37616,8.04753,-0.0054565,4.48139,-0.181204,-0.812046,FRENET,0.638668,0.54161,0.638668,0,0.54161,0.398454,0
6.59931,6.42098,8.04726,-0.00736414,4.48254,-0.18321,-0.821246,FRENET,0.638668,0.54161,0.638668,0,0.54161,0.398454,0
6.60267,6.42098,8.04726,-0.00736414,4.48254,-0.18321,-0.821246,FRENET,0.638668,0.54161,0.638668,0,0.54161,0.398454,0
6.60667,6.42098,8.04726,-0.00736414,4.48254,-0.18321,-0.821246,FRENET,0.638668,0.54161,0.638668,0,0.54161,0.398454,0
6.61067,6.46581,8.04699,-0.00882053,4.48363,-0.0946854,-0.424534,FRENET,0.638668,0.54161,0.638668,0,0.54161,0.398454,0
6.61467,6.46581,8.04699,-0.00882053,4.48363,-0.0946854,-0.424534,FRENET,0.638668,0.54161,0.638668,0,0.54161,0.398454,0
6.61931,6.51065,8.04675,-0.00934025,4.48467,-0.0289211,-0.129701,FRENET,0.638668,0.54161,0.638668,0,0.54161,0.398454,0
6.62268,6.51065,8.04675,-0.00934025,4.48467,-0.0289211,-0.129701,FRENET,0.638668,0.54161,0.638668,0,0.54161,0.398454,0
6.62667,6.51065,8.04675,-0.00934025,4.48467,-0.0289211,-0.129701,FRENET,0.648708,0.54161,0.648708,0,0.54161,0.387015,0
6.63067,6.5555,8.04652,-0.00942762,4.48566,0.0261187,0.117159,FRENET,0.648708,0.54161,0.648708,0,0.54161,0.387015,0
6.63469,6.5555,8.04652,-0.00942762,4.48566,0.0261187,0.117159,FRENET,0.648708,0.54161,0.648708,0,0.54161,0.387015,0
6.63934,6.60037,8.04631,-0.00887859,4.48813,0.0651657,0.292472,FRENET,0.648708,0.54161,0.648708,0,0.54161,0.387015,0
6.64268,6.60037,8.04631,-0.00887859,4.48813,0.0651657,0.292472,FRENET,0.648708,0.54161,0.648708,0,0.54161,0.387015,0
6.64671,6.60037,8.04631,-0.00887859,4.48813,0.0651657,0.292472,FRENET,0.648708,0.54161,0.648708,0,0.54161,0.387015,0
6.65071,6.64526,8.04611,-0.00813481,4.49049,0.0989873,0.444501,FRENET,0.648708,0.54161,0.648708,0,0.54161,0.387015,0
6.65471,6.64526,8.04611,-0.00813481,4.49049,0.0989873,0.444501,FRENET,0.648708,0.54161,0.648708,0,0.54161,0.387015,0
6.65927,6.69018,8.04595,-0.00694352,4.49273,0.12139,0.545374,FRENET,0.648708,0.54161,0.648708,0,0.54161,0.387015,0
6.66271,6.69018,8.04595,-0.00694352,4.49273,0.12139,0.545374,FRENET,0.648708,0.54161,0.648708,0,0.54161,0.387015,0
6.6667,6.69018,8.04595,-0.00694352,4.49273,0.12139,0.545374,FRENET,0.648708,0.54161,0.648708,0,0.54161,0.387015,0
6.67067,6.73512,8.04579,-0.00570579,4.49486,0.142094,0.638693,FRENET,0.648708,0.54161,0.648708,0,0.54161,0.387015,0
6.67472,6.73512,8.04579,-0.00570579,4.49486,0.142094,0.638693,FRENET,0.648708,0.54161,0.648708,0,0.54161,0.387015,0
6.67935,6.78008,8.04568,-0.00413697,4.4969,0.154195,0.693398,FRENET,0.636717,0.54161,0.636717,0,0.54161,0.385189,0
6.68271,6.78008,8.04568,-0.00413697,4.4969,0.154195,0.693398,FRENET,0.636717,0.54161,0.636717,0,0.54161,0.385189,0
6.68671,6.78008,8.04568,-0.00413697,4.4969,0.154195,0.693398,FRENET,0.636717,0.54161,0.636717,0,0.54161,0.385189,0
6.69071,6.82505,8.04559,-0.00261322,4.49884,0.166842,0.750597,FRENET,0.636717,0.54161,0.636717,0,0.54161,0.385189,0
6.69471,6.82505,8.04559,-0.00261322,4.49884,0.166842,0.750597,FRENET,0.636717,0.54161,0.636717,0,0.54161,0.385189,0
6.69934,6.87005,8.04555,-0.000829528,4.50068,0.172671,0.777136,FRENET,0.636717,0.54161,0.636717,0,0.54161,0.385189,0
6.70269,6.87005,8.04555,-0.000829528,4.50068,0.172671,0.777136,FRENET,0.636717,0.54161,0.636717,0,0.54161,0.385189,0
6.70668,6.87005,8.04555,-0.000829528,4.50068,0.172671,0.777136,FRENET,0.636717,0.54161,0.636717,0,0.54161,0.385189,0
6.71067,6.91507,8.04553,0.000853577,4.50244,0.180462,0.812518,FRENET,0.636717,0.54161,0.636717,0,0.54161,0.385189,0
6.71468,6.91507,8.04553,0.000853577,4.50244,0.180462,0.812518,FRENET,0.636717,0.54161,0.636717,0,0.54161,0.385189,0
6.71931,6.9601,8.04558,0.002754,4.50411,0.18255,0.822224,FRENET,0.636717,0.54161,0.636717,0,0.54161,0.385189,0
6.72268,6.9601,8.04558,0.002754,4.50411,0.18255,0.822224,FRENET,0.636717,0.54161,0.636717,0,0.54161,0.385189,0
6.72669,6.9601,8.04558,0.002754,4.50411,0.18255,0.822224,FRENET,0.648112,0.54161,0.648112,0,0.54161,0.379768,0
6.73067,7.00515,8.04563,0.00420485,4.50571,0.0942496,0.424661,FRENET,0.648112,0.54161,0.648112,0,0.54161,0.379768,0
6.73468,7.00515,8.04563,0.00420485,4.50571,0.0942496,0.424661,FRENET,0.648112,0.54161,0.648112,0,0.54161,0.379768,0
6.73931,7.05021,8.04565,0.00472082,4.50723,0.0285533,0.128696,FRENET,0.648112,0.54161,0.648112,0,0.54161,0.379768,0
6.74267,7.05021,8.04565,0.00472082,4.50723,0.0285533,0.128696,FRENET,0.648112,0.54161,0.648112,0,0.54161,0.379768,0
6.74668,7.05021,8.04565,0.00472082,4.50723,0.0285533,0.128696,FRENET,0.648112,0.54161,0.648112,0,0.54161,0.379768,0
6.75068,7.09529,8.04567,0.00480452,4.50867,-0.0264605,-0.119302,FRENET,0.648112,0.54161,0.648112,0,0.54161,0.379768,0
6.75468,7.09529,8.04567,0.00480452,4.50867,-0.0264605,-0.119302,FRENET,0.648112,0.54161,0.648112,0,0.54161,0.379768,0
6.75931,7.14039,8.04565,0.00425091,4.51005,-0.065658,-0.296121,FRENET,0.648112,0.54161,0.648112,0,0.54161,0.379768,0
6.76268,7.14039,8.04565,0.00425091,4.51005,-0.065658,-0.296121,FRENET,0.648112,0.54161,0.648112,0,0.54161,0.379768,0
6.76667,7.14039,8.04565,0.00425091,4.51005,-0.065658,-0.296121,FRENET,0.648112,0.54161,0.648112,0,0.54161,0.379768,0
6.77067,7.18549,8.04564,0.00350182,4.51136,-0.0996352,-0.44949,FRENET,0.648112,0.54161,0.648112,0,0.54161,0.379768,0
6.77468,7.18549,8.04564,0.00350182,4.51136,-0.0996352,-0.44949,FRENET,0.648112,0.54161,0.648112,0,0.54161,0.379768,0
6.77931,7.23061,8.04559,0.00230297,4.51261,-0.12218,-0.551351,FRENET,0.644738,0.539839,0.644738,0,0.539839,0.349463,0
6.78268,7.23061,8.04559,0.00230297,4.51261,-0.12218,-0.551351,FRENET,0.644738,0.539839,0.644738,0,0.539839,0.349463,0
6.78668,7.23061,8.04559,0.00230297,4.51261,-0.12218,-0.551351,FRENET,0.644738,0.539839,0.644738,0,0.539839,0.349463,0
6.79068,7.27575,8.04553,0.00105701,4.51378,-0.143022,-0.64557,FRENET,0.644738,0.539839,0.644738,0,0.539839,0.349463,0
6.79468,7.27575,8.04553,0.00105701,4.51378,-0.143022,-0.64557,FRENET,0.644738,0.539839,0.644738,0,0.539839,0.349463,0
6.79931,7.32089,8.04543,-0.000522031,4.51489,-0.155239,-0.700886,FRENET,0.644738,0.539839,0.644738,0,0.539839,0.349463,0
6.80268,7.32089,8.04543,-0.000522031,4.51489,-0.155239,-0.700886,FRENET,0.644738,0.539839,0.644738,0,0.539839,0.349463,0
6.80667,7.32089,8.04543,-0.000522031,4.51489,-0.155239,-0.700886,FRENET,0.644738,0.539839,0.644738,0,0.539839,0.349463,0
6.81067,7.36604,8.04531,-0.00205641,4.51595,-0.16799,-0.758635,FRENET,0.644738,0.539839,0.644738,0,0.539839,0.349463,0
6.81469,7.36604,8.04531,-0.00205641,4.51595,-0.16799,-0.758635,FRENET,0.644738,0.539839,0.644738,0,0.539839,0.349463,0
6.81931,7.41121,8.04514,-0.00385057,4.51824,-0.173655,-0.784616,FRENET,0.644738,0.539839,0.644738,0,0.539839,0.349463,0
6.82268,7.41121,8.04514,-0.00385057,4.51824,-0.173655,-0.784616,FRENET,0.644738,0.539839,0.644738,0,0.539839,0.349463,0
6.82664,7.41121,8.04514,-0.00385057,4.51824,-0.173655,-0.784616,FRENET,0.643595,0.539839,0.643595,0,0.539839,0.376848,0
6.83067,7.45641,8.04494,-0.00554288,4.52042,-0.18129,-0.819508,FRENET,0.643595,0.539839,0.643595,0,0.539839,0.376848,0
6.83468,7.45641,8.04494,-0.00554288,4.52042,-0.18129,-0.819508,FRENET,0.643595,0.539839,0.643595,0,0.539839,0.376848,0
6.83934,7.50162,8.04468,-0.00745091,4.5225,-0.183276,-0.828865,FRENET,0.643595,0.539839,0.643595,0,0.539839,0.376848,0
6.84267,7.50162,8.04468,-0.00745091,4.5225,-0.183276,-0.828865,FRENET,0.643595,0.539839,0.643595,0,0.539839,0.376848,0
6.84669,7.50162,8.04468,-0.00745091,4.5225,-0.183276,-0.828865,FRENET,0.643595,0.539839,0.643595,0,0.539839,0.376848,0
6.85066,7.54685,8.0444,-0.00906687,4.52447,-0.141548,-0.640432,FRENET,0.643595,0.539839,0.643595,0,0.539839,0.376848,0
6.85468,7.54685,8.0444,-0.00906687,4.52447,-0.141548,-0.640432,FRENET,0.643595,0.539839,0.643595,0,0.539839,0.376848,0
6.85932,7.59211,8.04411,-0.0101531,4.52636,-0.0620094,-0.280676,FRENET,0.643595,0.539839,0.643595,0,0.539839,0.376848,0
6.86268,7.59211,8.04411,-0.0101531,4.52636,-0.0620094,-0.280676,FRENET,0.643595,0.539839,0.643595,0,0.539839,0.376848,0
6.86668,7.59211,8.04411,-0.0101531,4.52636,-0.0620094,-0.280676,FRENET,0.643595,0.539839,0.643595,0,0.539839,0.376848,0
6.87066,7.63738,8.04386,-0.0103827,4.52815,-0.00322272,-0.0145929,FRENET,0.643595,0.539839,0.643595,0,0.539839,0.376848,0
6.87467,7.63738,8.04386,-0.0103827,4.52815,-0.00322272,-0.0145929,FRENET,0.643595,0.539839,0.643595,0,0.539839,0.376848,0
6.87931,7.68267,8.04361,-0.0102415,4.52986,0.0463094,0.209775,FRENET,0.646883,0.539839,0.646883,0,0.539839,0.382879,0
6.88268,7.68267,8.04361,-0.0102415,4.52986,0.0463094,0.209775,FRENET,0.646883,0.539839,0.646883,0,0.539839,0.382879,0
6.88668,7.68267,8.04361,-0.0102415,4.52986,0.0463094,0.209775,FRENET,0.646883,0.539839,0.646883,0,0.539839,0.382879,0
6.89067,7.72798,8.04338,-0.00951184,4.53149,0.0812061,0.367984,FRENET,0.646883,0.539839,0.646883,0,0.539839,0.382879,0
6.89468,7.72798,8.04338,-0.00951184,4.53149,0.0812061,0.367984,FRENET,0.646883,0.539839,0.646883,0,0.539839,0.382879,0
6.89932,7.7733,8.04316,-0.0086249,4.53303,0.111775,0.506681,FRENET,0.646883,0.539839,0.646883,0,0.539839,0.382879,0
6.90268,7.7733,8.04316,-0.0086249,4.53303,0.111775,0.506681,FRENET,0.646883,0.539839,0.646883,0,0.539839,0.382879,0
6.90668,7.7733,8.04316,-0.0086249,4.53303,0.111775,0.506681,FRENET,0.646883,0.539839,0.646883,0,0.539839,0.382879,0
6.91067,7.81863,8.04298,-0.00731855,4.53451,0.131666,0.59704,FRENET,0.646883,0.539839,0.646883,0,0.539839,0.382879,0
6.91468,7.81863,8.04298,-0.00731855,4.53451,0.131666,0.59704,FRENET,0.646883,0.539839,0.646883,0,0.539839,0.382879,0
6.9194,7.86399,8.0428,-0.00598859,4.53592,0.150402,0.682212,FRENET,0.646883,0.539839,0.646883,0,0.539839,0.382879,0
6.92268,7.86399,8.0428,-0.00598859,4.53592,0.150402,0.682212,FRENET,0.646883,0.539839,0.646883,0,0.539839,0.382879,0
6.92668,7.86399,8.0428,-0.00598859,4.53592,0.150402,0.682212,FRENET,0.652891,0.539839,0.652891,0,0.539839,0.372627,0
6.93067,7.90935,8.04267,-0.00434429,4.53726,0.160996,0.730482,FRENET,0.652891,0.539839,0.652891,0,0.539839,0.372627,0
6.93468,7.90935,8.04267,-0.00434429,4.53726,0.160996,0.730482,FRENET,0.652891,0.539839,0.652891,0,0.539839,0.372627,0
6.93931,7.95473,8.04256,-0.00275895,4.53853,0.172461,0.782721,FRENET,0.652891,0.539839,0.652891,0,0.539839,0.372627,0
6.94267,7.95473,8.04256,-0.00275895,4.53853,0.172461,0.782721,FRENET,0.652891,0.539839,0.652891,0,0.539839,0.372627,0
6.94668,7.95473,8.04256,-0.00275895,4.53853,0.172461,0.782721,FRENET,0.652891,0.539839,0.652891,0,0.539839,0.372627,0
6.95066,8.00012,8.0425,-0.000923514,4.53975,0.177393,0.805319,FRENET,0.652891,0.539839,0.652891,0,0.539839,0.372627,0
6.95468,8.00012,8.0425,-0.000923514,4.53975,0.177393,0.805319,FRENET,0.652891,0.539839,0.652891,0,0.539839,0.372627,0
6.95932,8.04553,8.04247,0.000802878,4.5409,0.184473,0.837674,FRENET,0.652891,0.539839,0.652891,0,0.539839,0.372627,0
6.96268,8.04553,8.04247,0.000802878,4.5409,0.184473,0.837674,FRENET,0.652891,0.539839,0.652891,0,0.539839,0.372627,0
6.96668,8.04553,8.04247,0.000802878,4.5409,0.184473,0.837674,FRENET,0.652891,0.539839,0.652891,0,0.539839,0.372627,0
6.97067,8.09094,8.0425,0.00274084,4.542,0.186029,0.844945,FRENET,0.652891,0.539839,0.652891,0,0.539839,0.372627,0
6.97468,8.09094,8.0425,0.00274084,4.542,0.186029,0.844945,FRENET,0.652891,0.539839,0.652891,0,0.539839,0.372627,0
6.97931,8.13637,8.04254,0.00422313,4.54305,0.0970197,0.440766,FRENET,0.64663,0.538655,0.64663,0,0.538655,0.385861,0
6.98268,8.13637,8.04254,0.00422313,4.54305,0.0970197,0.440766,FRENET,0.64663,0.538655,0.64663,0,0.538655,0.385861,0
6.98668,8.13637,8.04254,0.00422313,4.54305,0.0970197,0.440766,FRENET,0.64663,0.538655,0.64663,0,0.538655,0.385861,0
6.99066,8.1818,8.04255,0.004763,4.5439,0.0306224,0.139145,FRENET,0.64663,0.538655,0.64663,0,0.538655,0.385861,0
6.99468,8.1818,8.04255,0.004763,4.5439,0.0306224,0.139145,FRENET,0.64663,0.538655,0.64663,0,0.538655,0.385861,0
6.99931,8.22724,8.04255,0.00486445,4.54472,-0.0250161,-0.113691,FRENET,0.64663,0.538655,0.64663,0,0.538655,0.385861,0
7.00268,8.22724,8.04255,0.00486445,4.54472,-0.0250161,-0.113691,FRENET,0.64663,0.538655,0.64663,0,0.538655,0.385861,0
7.00668,8.22724,8.04255,0.00486445,4.54472,-0.0250161,-0.113691,FRENET,0.64663,0.538655,0.64663,0,0.538655,0.385861,0
7.01067,8.27269,8.04253,0.00432213,4.54549,-0.0647892,-0.294499,FRENET,0.64663,0.538655,0.64663,0,0.538655,0.385861,0
7.01468,8.27269,8.04253,0.00432213,4.54549,-0.0647892,-0.294499,FRENET,0.64663,0.538655,0.64663,0,0.538655,0.385861,0
7.01931,8.31815,8.04251,0.00357944,4.54622,-0.0992556,-0.451238,FRENET,0.64663,0.538655,0.64663,0,0.538655,0.385861,0
7.02268,8.31815,8.04251,0.00357944,4.54622,-0.0992556,-0.451238,FRENET,0.64663,0.538655,0.64663,0,0.538655,0.385861,0
7.02668,8.31815,8.04251,0.00357944,4.54622,-0.0992556,-0.451238,FRENET,0.641197,0.538655,0.641197,0,0.538655,0.379307,0
7.03066,8.36362,8.04245,0.00238193,4.54692,-0.122239,-0.555811,FRENET,0.641197,0.538655,0.641197,0,0.538655,0.379307,0
7.03468,8.36362,8.04245,0.00238193,4.54692,-0.122239,-0.555811,FRENET,0.641197,0.538655,0.641197,0,0.538655,0.379307,0
7.03931,8.4091,8.04238,0.00113409,4.54868,-0.143288,-0.651769,FRENET,0.641197,0.538655,0.641197,0,0.538655,0.379307,0
7.04267,8.4091,8.04238,0.00113409,4.54868,-0.143288,-0.651769,FRENET,0.641197,0.538655,0.641197,0,0.538655,0.379307,0
7.04668,8.4091,8.04238,0.00113409,4.54868,-0.143288,-0.651769,FRENET,0.641197,0.538655,0.641197,0,0.538655,0.379307,0
7.05066,8.45459,8.04228,-0.000448473,4.55036,-0.155713,-0.70855,FRENET,0.641197,0.538655,0.641197,0,0.538655,0.379307,0
7.05468,8.45459,8.04228,-0.000448473,4.55036,-0.155713,-0.70855,FRENET,0.641197,0.538655,0.641197,0,0.538655,0.379307,0
7.05931,8.5001,8.04215,-0.00198846,4.55195,-0.168589,-0.76741,FRENET,0.641197,0.538655,0.641197,0,0.538655,0.379307,0
7.06268,8.5001,8.04215,-0.00198846,4.55195,-0.168589,-0.76741,FRENET,0.641197,0.538655,0.641197,0,0.538655,0.379307,0
7.06667,8.5001,8.04215,-0.00198846,4.55195,-0.168589,-0.76741,FRENET,0.641197,0.538655,0.641197,0,0.538655,0.379307,0
7.07066,8.54563,8.04198,-0.00379086,4.55347,-0.174633,-0.795189,FRENET,0.641197,0.538655,0.641197,0,0.538655,0.379307,0
7.07467,8.54563,8.04198,-0.00379086,4.55347,-0.174633,-0.795189,FRENET,0.641197,0.538655,0.641197,0,0.538655,0.379307,0
7.07932,8.59117,8.04178,-0.00549416,4.55492,-0.182554,-0.831518,FRENET,0.650089,0.538655,0.650089,0,0.538655,0.384445,0
7.08268,8.59117,8.04178,-0.00549416,4.55492,-0.182554,-0.831518,FRENET,0.650089,0.538655,0.650089,0,0.538655,0.384445,0
7.08668,8.59117,8.04178,-0.00549416,4.55492,-0.182554,-0.831518,FRENET,0.650089,0.538655,0.650089,0,0.538655,0.384445,0
7.09068,8.63673,8.04152,-0.00741628,4.5563,-0.18477,-0.841869,FRENET,0.650089,0.538655,0.650089,0,0.538655,0.384445,0
7.09468,8.63673,8.04152,-0.00741628,4.5563,-0.18477,-0.841869,FRENET,0.650089,0.538655,0.650089,0,0.538655,0.384445,0
7.09931,8.6823,8.04124,-0.00904724,4.55761,-0.143042,-0.651931,FRENET,0.650089,0.538655,0.650089,0,0.538655,0.384445,0
7.10268,8.6823,8.04124,-0.00904724,4.55761,-0.143042,-0.651931,FRENET,0.650089,0.538655,0.650089,0,0.538655,0.384445,0
7.10668,8.6823,8.04124,-0.00904724,4.55761,-0.143042,-0.651931,FRENET,0.650089,0.538655,0.650089,0,0.538655,0.384445,0
7.11067,8.72788,8.04095,-0.0101476,4.55886,-0.0632877,-0.28852,FRENET,0.650089,0.538655,0.650089,0,0.538655,0.384445,0
7.11468,8.72788,8.04095,-0.0101476,4.55886,-0.0632877,-0.28852,FRENET,0.650089,0.538655,0.650089,0,0.538655,0.384445,0
7.11931,8.77347,8.0407,-0.0103884,4.56005,-0.00421748,-0.0192319,FRENET,0.650089,0.538655,0.650089,0,0.538655,0.384445,0
7.12268,8.77347,8.0407,-0.0103884,4.56005,-0.00421748,-0.0192319,FRENET,0.650089,0.538655,0.650089,0,0.538655,0.384445,0
7.12668,8.77347,8.0407,-0.0103884,4.56005,-0.00421748,-0.0192319,FRENET,0.658463,0.538655,0.658463,0.0861685,0.538655,0.312836,0
7.1307,8.81908,8.04044,-0.0102559,4.56119,0.0456075,0.208024,FRENET,0.658463,0.538655,0.658463,0.0861685,0.538655,0.312836,0
7.13467,8.81908,8.04044,-0.0102559,4.56119,0.0456075,0.208024,FRENET,0.658463,0.538655,0.658463,0.0861685,0.538655,0.312836,0
7.13931,8.86469,8.04022,-0.00953152,4.56227,0.0808132,0.368692,FRENET,0.658463,0.538655,0.658463,0.0861685,0.538655,0.312836,0
7.14268,8.86469,8.04022,-0.00953152,4.56227,0.0808132,0.368692,FRENET,0.658463,0.538655,0.658463,0.0861685,0.538655,0.312836,0
7.14665,8.86469,8.04022,-0.00953152,4.56227,0.0808132,0.368692,FRENET,0.658463,0.538655,0.658463,0.0861685,0.538655,0.312836,0
7.15063,8.91032,8.04,-0.00864729,4.5633,0.111664,0.509555,FRENET,0.658463,0.538655,0.658463,0.0861685,0.538655,0.312836,0
7.15464,8.91032,8.04,-0.00864729,4.5633,0.111664,0.509555,FRENET,0.658463,0.538655,0.658463,0.0861685,0.538655,0.312836,0
7.15928,8.95596,8.03981,-0.00734047,4.56428,0.131828,0.601698,FRENET,0.658463,0.538655,0.658463,0.0861685,0.538655,0.312836,0
7.16264,8.95596,8.03981,-0.00734047,4.56428,0.131828,0.601698,FRENET,0.658463,0.538655,0.658463,0.0861685,0.538655,0.312836,0
7.16664,8.95596,8.03981,-0.00734047,4.56428,0.131828,0.601698,FRENET,0.658463,0.538655,0.658463,0.0861685,0.538655,0.312836,0
7.17063,9.0016,8.03963,-0.00600791,4.56521,0.150795,0.68841,FRENET,0.658463,0.538655,0.658463,0.0861685,0.538655,0.312836,0
7.17464,9.0016,8.03963,-0.00600791,4.56521,0.150795,0.68841,FRENET,0.658463,0.538655,0.658463,0.0861685,0.538655,0.312836,0
7.17928,9.04726,8.0395,-0.00435841,4.5661,0.161604,0.737899,FRENET,0.654808,0.537112,0.654808,0,0.537112,0.384336,0
7.18264,9.04726,8.0395,-0.00435841,4.5661,0.161604,0.737899,FRENET,0.654808,0.537112,0.654808,0,0.537112,0.384336,0
7.18664,9.04726,8.0395,-0.00435841,4.5661,0.161604,0.737899,FRENET,0.654808,0.537112,0.654808,0,0.537112,0.384336,0
7.19063,9.09293,8.03938,-0.00276628,4.56693,0.173241,0.79118,FRENET,0.654808,0.537112,0.654808,0,0.537112,0.384336,0
7.19465,9.09293,8.03938,-0.00276628,4.56693,0.173241,0.79118,FRENET,0.654808,0.537112,0.654808,0,0.537112,0.384336,0
7.19928,9.1386,8.03932,-0.000922088,4.56772,0.178329,0.814558,FRENET,0.654808,0.537112,0.654808,0,0.537112,0.384336,0
7.20264,9.1386,8.03932,-0.000922088,4.56772,0.178329,0.814558,FRENET,0.654808,0.537112,0.654808,0,0.537112,0.384336,0
7.20664,9.1386,8.03932,-0.000922088,4.56772,0.178329,0.814558,FRENET,0.654808,0.537112,0.654808,0,0.537112,0.384336,0
7.21063,9.18428,8.03929,0.000814101,4.56847,0.185523,0.847555,FRENET,0.654808,0.537112,0.654808,0,0.537112,0.384336,0
7.21464,9.18428,8.03929,0.000814101,4.56847,0.185523,0.847555,FRENET,0.654808,0.537112,0.654808,0,0.537112,0.384336,0
7.21927,9.22997,8.03932,0.00276172,4.5701,0.186955,0.854405,FRENET,0.654808,0.537112,0.654808,0,0.537112,0.384336,0
7.22264,9.22997,8.03932,0.00276172,4.5701,0.186955,0.854405,FRENET,0.654808,0.537112,0.654808,0,0.537112,0.384336,0
7.22664,9.22997,8.03932,0.00276172,4.5701,0.186955,0.854405,FRENET,0.647362,0.537112,0.647362,0,0.537112,0.373014,0
7.23063,9.27568,8.03936,0.00425335,4.57166,0.0979749,0.447907,FRENET,0.647362,0.537112,0.647362,0,0.537112,0.373014,0
7.23465,9.27568,8.03936,0.00425335,4.57166,0.0979749,0.447907,FRENET,0.647362,0.537112,0.647362,0,0.537112,0.373014,0
7.23927,9.32141,8.03937,0.00480249,4.57314,0.0314573,0.143858,FRENET,0.647362,0.537112,0.647362,0,0.537112,0.373014,0
7.24264,9.32141,8.03937,0.00480249,4.57314,0.0314573,0.143858,FRENET,0.647362,0.537112,0.647362,0,0.537112,0.373014,0
7.24664,9.32141,8.03937,0.00480249,4.57314,0.0314573,0.143858,FRENET,0.647362,0.537112,0.647362,0,0.537112,0.373014,0
7.25063,9.36714,8.03937,0.00491137,4.57454,-0.0243295,-0.111296,FRENET,0.647362,0.537112,0.647362,0,0.537112,0.373014,0
7.25464,9.36714,8.03937,0.00491137,4.57454,-0.0243295,-0.111296,FRENET,0.647362,0.537112,0.647362,0,0.537112,0.373014,0
7.25928,9.4129,8.03935,0.00437505,4.57589,-0.0643209,-0.294325,FRENET,0.647362,0.537112,0.647362,0,0.537112,0.373014,0
7.26264,9.4129,8.03935,0.00437505,4.57589,-0.0643209,-0.294325,FRENET,0.647362,0.537112,0.647362,0,0.537112,0.373014,0
7.26664,9.4129,8.03935,0.00437505,4.57589,-0.0643209,-0.294325,FRENET,0.647362,0.537112,0.647362,0,0.537112,0.373014,0
7.27063,9.45866,8.03933,0.00363592,4.57716,-0.0989692,-0.452998,FRENET,0.647362,0.537112,0.647362,0,0.537112,0.373014,0
7.27465,9.45866,8.03933,0.00363592,4.57716,-0.0989692,-0.452998,FRENET,0.647362,0.537112,0.647362,0,0.537112,0.373014,0
7.27929,9.50444,8.03927,0.0024404,4.57838,-0.122165,-0.559316,FRENET,0.650913,0.537112,0.650913,0,0.537112,0.338502,0
7.28265,9.50444,8.03927,0.0024404,4.57838,-0.122165,-0.559316,FRENET,0.650913,0.537112,0.650913,0,0.537112,0.338502,0
7.28665,9.50444,8.03927,0.0024404,4.57838,-0.122165,-0.559316,FRENET,0.650913,0.537112,0.650913,0,0.537112,0.338502,0
7.29063,9.55023,8.03921,0.001192,4.57954,-0.143512,-0.657217,FRENET,0.650913,0.537112,0.650913,0,0.537112,0.338502,0
7.29465,9.55023,8.03921,0.001192,4.57954,-0.143512,-0.657217,FRENET,0.650913,0.537112,0.650913,0,0.537112,0.338502,0
7.29928,9.59603,8.0391,-0.000394403,4.58065,-0.156209,-0.715539,FRENET,0.650913,0.537112,0.650913,0,0.537112,0.338502,0
7.30265,9.59603,8.0391,-0.000394403,4.58065,-0.156209,-0.715539,FRENET,0.650913,0.537112,0.650913,0,0.537112,0.338502,0
7.30665,9.59603,8.0391,-0.000394403,4.58065,-0.156209,-0.715539,FRENET,0.650913,0.537112,0.650913,0,0.537112,0.338502,0
7.31064,9.64184,8.03898,-0.00194028,4.5817,-0.169305,-0.775705,FRENET,0.650913,0.537112,0.650913,0,0.537112,0.338502,0
7.31469,9.64184,8.03898,-0.00194028,4.5817,-0.169305,-0.775705,FRENET,0.650913,0.537112,0.650913,0,0.537112,0.338502,0
7.31928,9.68766,8.03881,-0.00375103,4.5827,-0.175545,-0.80447,FRENET,0.650913,0.537112,0.650913,0,0.537112,0.338502,0
7.32265,9.68766,8.03881,-0.00375103,4.5827,-0.175545,-0.80447,FRENET,0.650913,0.537112,0.650913,0,0.537112,0.338502,0
7.32669,9.68766,8.03881,-0.00375103,4.5827,-0.175545,-0.80447,FRENET,0.659281,0.537112,0.659281,0,0.537112,0.382923,0
7.33068,9.73349,8.03861,-0.00546402,4.58365,-0.183613,-0.841616,FRENET,0.659281,0.537112,0.659281,0,0.537112,0.382923,0
7.33469,9.73349,8.03861,-0.00546402,4.58365,-0.183613,-0.841616,FRENET,0.659281,0.537112,0.659281,0,0.537112,0.382923,0
7.33928,9.77933,8.03835,-0.00739757,4.58456,-0.185958,-0.852536,FRENET,0.659281,0.537112,0.659281,0,0.537112,0.382923,0
7.34269,9.77933,8.03835,-0.00739757,4.58456,-0.185958,-0.852536,FRENET,0.659281,0.537112,0.659281,0,0.537112,0.382923,0
7.3467,9.77933,8.03835,-0.00739757,4.58456,-0.185958,-0.852536,FRENET,0.659281,0.537112,0.659281,0,0.537112,0.382923,0
7.35064,9.82518,8.03807,-0.00904032,4.58543,-0.144205,-0.66124,FRENET,0.659281,0.537112,0.659281,0,0.537112,0.382923,0
7.35469,9.82518,8.03807,-0.00904032,4.58543,-0.144205,-0.66124,FRENET,0.659281,0.537112,0.659281,0,0.537112,0.382923,0
7.35928,9.87104,8.03778,-0.0101517,4.58625,-0.0642747,-0.29478,FRENET,0.659281,0.537112,0.659281,0,0.537112,0.382923,0
7.36269,9.87104,8.03778,-0.0101517,4.58625,-0.0642747,-0.29478,FRENET,0.659281,0.537112,0.659281,0,0.537112,0.382923,0
7.36665,9.87104,8.03778,-0.0101517,4.58625,-0.0642747,-0.29478,FRENET,0.659281,0.537112,0.659281,0,0.537112,0.382923,0
7.37063,9.91691,8.03753,-0.010401,4.58704,-0.00497068,-0.0228007,FRENET,0.659281,0.537112,0.659281,0,0.537112,0.382923,0
7.37465,9.91691,8.03753,-0.010401,4.58704,-0.00497068,-0.0228007,FRENET,0.659281,0.537112,0.659281,0,0.537112,0.382923,0
7.37928,9.96278,8.03727,-0.010275,4.58779,0.0450924,0.206874,FRENET,0.653919,0.537112,0.653919,0,0.537112,0.387132,0
7.38269,9.96278,8.03727,-0.010275,4.58779,0.0450924,0.206874,FRENET,0.653919,0.537112,0.653919,0,0.537112,0.387132,0
7.38669,9.96278,8.03727,-0.010275,4.58779,0.0450924,0.206874,FRENET,0.653919,0.537112,0.653919,0,0.537112,0.387132,0
7.39068,10.0087,8.03705,-0.00955438,4.5885,0.0805511,0.369608,FRENET,0.653919,0.537112,0.653919,0,0.537112,0.387132,0
7.39469,10.0087,8.03705,-0.00955438,4.5885,0.0805511,0.369608,FRENET,0.653919,0.537112,0.653919,0,0.537112,0.387132,0
7.39928,10.0545,8.03683,-0.00867175,4.58918,0.111629,0.512283,FRENET,0.653919,0.537112,0.653919,0,0.537112,0.387132,0
7.4027,10.0545,8.03683,-0.00867175,4.58918,0.111629,0.512283,FRENET,0.653919,0.537112,0.653919,0,0.537112,0.387132,0
7.4067,10.0545,8.03683,-0.00867175,4.58918,0.111629,0.512283,FRENET,0.653919,0.537112,0.653919,0,0.537112,0.387132,0
7.41064,10.1004,8.03664,-0.00736404,4.58982,0.132015,0.605925,FRENET,0.653919,0.537112,0.653919,0,0.537112,0.387132,0
7.41465,10.1004,8.03664,-0.00736404,4.58982,0.132015,0.605925,FRENET,0.653919,0.537112,0.653919,0,0.537112,0.387132,0
7.41932,10.1463,8.03646,-0.0060291,4.59135,0.151034,0.693451,FRENET,0.653919,0.537112,0.653919,0,0.537112,0.387132,0
7.42271,10.1463,8.03646,-0.0060291,4.59135,0.151034,0.693451,FRENET,0.653919,0.537112,0.653919,0,0.537112,0.387132,0
7.42672,10.1463,8.03646,-0.0060291,4.59135,0.151034,0.693451,FRENET,0.653394,0.535823,0.653394,0,0.535823,0.379028,0
7.4307,10.1923,8.03633,-0.00437591,4.59183,0.162068,0.744191,FRENET,0.653394,0.535823,0.653394,0,0.535823,0.379028,0
7.43469,10.1923,8.03633,-0.00437591,4.59183,0.162068,0.744191,FRENET,0.653394,0.535823,0.653394,0,0.535823,0.379028,0
7.43931,10.2382,8.03621,-0.00277886,4.59307,0.173727,0.797939,FRENET,0.653394,0.535823,0.653394,0,0.535823,0.379028,0
7.44269,10.2382,8.03621,-0.00277886,4.59307,0.173727,0.797939,FRENET,0.653394,0.535823,0.653394,0,0.535823,0.379028,0
7.44669,10.2382,8.03621,-0.00277886,4.59307,0.173727,0.797939,FRENET,0.653394,0.535823,0.653394,0,0.535823,0.379028,0
7.45068,10.2841,8.03615,-0.000929707,4.59424,0.178863,0.82174,FRENET,0.653394,0.535823,0.653394,0,0.535823,0.379028,0
7.45472,10.2841,8.03615,-0.000929707,4.59424,0.178863,0.82174,FRENET,0.653394,0.535823,0.653394,0,0.535823,0.379028,0
7.45934,10.3301,8.03612,0.000812016,4.59536,0.186066,0.855039,FRENET,0.653394,0.535823,0.653394,0,0.535823,0.379028,0
7.46268,10.3301,8.03612,0.000812016,4.59536,0.186066,0.855039,FRENET,0.653394,0.535823,0.653394,0,0.535823,0.379028,0
7.46668,10.3301,8.03612,0.000812016,4.59536,0.186066,0.855039,FRENET,0.653394,0.535823,0.653394,0,0.535823,0.379028,0
7.47064,10.376,8.03614,0.00276664,4.59642,0.18776,0.863026,FRENET,0.653394,0.535823,0.653394,0,0.535823,0.379028,0
7.47465,10.376,8.03614,0.00276664,4.59642,0.18776,0.863026,FRENET,0.653394,0.535823,0.653394,0,0.535823,0.379028,0
7.47927,10.422,8.03618,0.00426627,4.59744,0.0987156,0.453838,FRENET,0.646528,0.535823,0.646528,0,0.535823,0.3803,0
7.48265,10.422,8.03618,0.00426627,4.59744,0.0987156,0.453838,FRENET,0.646528,0.535823,0.646528,0,0.535823,0.3803,0
7.48665,10.422,8.03618,0.00426627,4.59744,0.0987156,0.453838,FRENET,0.646528,0.535823,0.646528,0,0.535823,0.3803,0
7.49063,10.468,8.03619,0.00482196,4.5984,0.0320559,0.147406,FRENET,0.646528,0.535823,0.646528,0,0.535823,0.3803,0
7.49465,10.468,8.03619,0.00482196,4.5984,0.0320559,0.147406,FRENET,0.646528,0.535823,0.646528,0,0.535823,0.3803,0
7.49928,10.514,8.0362,0.00493617,4.59932,-0.0239018,-0.109932,FRENET,0.646528,0.535823,0.646528,0,0.535823,0.3803,0
7.50269,10.514,8.0362,0.00493617,4.59932,-0.0239018,-0.109932,FRENET,0.646528,0.535823,0.646528,0,0.535823,0.3803,0
7.50669,10.514,8.0362,0.00493617,4.59932,-0.0239018,-0.109932,FRENET,0.646528,0.535823,0.646528,0,0.535823,0.3803,0
7.51068,10.56,8.03618,0.00440298,4.6002,-0.0640924,-0.294838,FRENET,0.646528,0.535823,0.646528,0,0.535823,0.3803,0
7.51469,10.56,8.03618,0.00440298,4.6002,-0.0640924,-0.294838,FRENET,0.646528,0.535823,0.646528,0,0.535823,0.3803,0
7.51928,10.606,8.03615,0.00366534,4.60103,-0.0989324,-0.455191,FRENET,0.646528,0.535823,0.646528,0,0.535823,0.3803,0
7.52265,10.606,8.03615,0.00366534,4.60103,-0.0989324,-0.455191,FRENET,0.646528,0.535823,0.646528,0,0.535823,0.3803,0
7.5267,10.606,8.03615,0.00366534,4.60103,-0.0989324,-0.455191,FRENET,0.659155,0.535823,0.659155,0,0.535823,0.377322,0
7.53068,10.652,8.0361,0.00246905,4.60183,-0.122322,-0.562905,FRENET,0.659155,0.535823,0.659155,0,0.535823,0.377322,0
7.53469,10.652,8.0361,0.00246905,4.60183,-0.122322,-0.562905,FRENET,0.659155,0.535823,0.659155,0,0.535823,0.377322,0
7.53929,10.698,8.03603,0.00121836,4.60258,-0.143838,-0.662028,FRENET,0.659155,0.535823,0.659155,0,0.535823,0.377322,0
7.54265,10.698,8.03603,0.00121836,4.60258,-0.143838,-0.662028,FRENET,0.659155,0.535823,0.659155,0,0.535823,0.377322,0
7.54669,10.698,8.03603,0.00121836,4.60258,-0.143838,-0.662028,FRENET,0.659155,0.535823,0.659155,0,0.535823,0.377322,0
7.55068,10.744,8.03593,-0.000372273,4.6033,-0.156698,-0.721327,FRENET,0.659155,0.535823,0.659155,0,0.535823,0.377322,0
7.55469,10.744,8.03593,-0.000372273,4.6033,-0.156698,-0.721327,FRENET,0.659155,0.535823,0.659155,0,0.535823,0.377322,0
7.55928,10.7901,8.0358,-0.00192356,4.60399,-0.169924,-0.782328,FRENET,0.659155,0.535823,0.659155,0,0.535823,0.377322,0
7.56269,10.7901,8.0358,-0.00192356,4.60399,-0.169924,-0.782328,FRENET,0.659155,0.535823,0.659155,0,0.535823,0.377322,0
7.56669,10.7901,8.0358,-0.00192356,4.60399,-0.169924,-0.782328,FRENET,0.659155,0.535823,0.659155,0,0.535823,0.377322,0
7.57067,10.8361,8.03563,-0.00374125,4.60464,-0.176284,-0.811726,FRENET,0.659155,0.535823,0.659155,0,0.535823,0.377322,0
7.57469,10.8361,8.03563,-0.00374125,4.60464,-0.176284,-0.811726,FRENET,0.659155,0.535823,0.659155,0,0.535823,0.377322,0
7.57933,10.8822,8.03543,-0.00546197,4.60527,-0.184441,-0.849398,FRENET,0.655728,0.535823,0.655728,0,0.535823,0.385786,0
7.58271,10.8822,8.03543,-0.00546197,4.60527,-0.184441,-0.849398,FRENET,0.655728,0.535823,0.655728,0,0.535823,0.385786,0
7.58669,10.8822,8.03543,-0.00546197,4.60527,-0.184441,-0.849398,FRENET,0.655728,0.535823,0.655728,0,0.535823,0.385786,0
7.59068,10.9282,8.03517,-0.00740433,4.60586,-0.186867,-0.860684,FRENET,0.655728,0.535823,0.655728,0,0.535823,0.385786,0
7.5947,10.9282,8.03517,-0.00740433,4.60586,-0.186867,-0.860684,FRENET,0.655728,0.535823,0.655728,0,0.535823,0.385786,0
7.59928,10.9743,8.03489,-0.00905608,4.60642,-0.145089,-0.668343,FRENET,0.655728,0.535823,0.655728,0,0.535823,0.385786,0
7.6027,10.9743,8.03489,-0.00905608,4.60642,-0.145089,-0.668343,FRENET,0.655728,0.535823,0.655728,0,0.535823,0.385786,0
7.6067,10.9743,8.03489,-0.00905608,4.60642,-0.145089,-0.668343,FRENET,0.655728,0.535823,0.655728,0,0.535823,0.385786,0
7.61068,11.0203,8.0346,-0.0101758,4.60696,-0.06503,-0.299591,FRENET,0.655728,0.535823,0.655728,0,0.535823,0.385786,0
7.6147,11.0203,8.0346,-0.0101758,4.60696,-0.06503,-0.299591,FRENET,0.655728,0.535823,0.655728,0,0.535823,0.385786,0
7.61928,11.0664,8.03435,-0.0104317,4.60748,-0.00555086,-0.0255755,FRENET,0.655728,0.535823,0.655728,0,0.535823,0.385786,0
7.62265,11.0664,8.03435,-0.0104317,4.60748,-0.00555086,-0.0255755,FRENET,0.655728,0.535823,0.655728,0,0.535823,0.385786,0
7.62671,11.0664,8.03435,-0.0104317,4.60748,-0.00555086,-0.0255755,FRENET,0.641373,0.534499,0.641373,0,0.534499,0.375793,0
7.63069,11.1125,8.0341,-0.0103107,4.60795,0.0446916,0.205936,FRENET,0.641373,0.534499,0.641373,0,0.534499,0.375793,0
7.63469,11.1125,8.0341,-0.0103107,4.60795,0.0446916,0.205936,FRENET,0.641373,0.534499,0.641373,0,0.534499,0.375793,0
7.63932,11.1586,8.03387,-0.00959305,4.6084,0.0803415,0.370245,FRENET,0.641373,0.534499,0.641373,0,0.534499,0.375793,0
7.64265,11.1586,8.03387,-0.00959305,4.6084,0.0803415,0.370245,FRENET,0.641373,0.534499,0.641373,0,0.534499,0.375793,0
7.64665,11.1586,8.03387,-0.00959305,4.6084,0.0803415,0.370245,FRENET,0.641373,0.534499,0.641373,0,0.534499,0.375793,0
7.65068,11.2047,8.03365,-0.00871174,4.60883,0.11159,0.514301,FRENET,0.641373,0.534499,0.641373,0,0.534499,0.375793,0
7.65469,11.2047,8.03365,-0.00871174,4.60883,0.11159,0.514301,FRENET,0.641373,0.534499,0.641373,0,0.534499,0.375793,0
7.65928,11.2508,8.03346,-0.00740403,4.60988,0.132083,0.608885,FRENET,0.641373,0.534499,0.641373,0,0.534499,0.375793,0
7.66265,11.2508,8.03346,-0.00740403,4.60988,0.132083,0.608885,FRENET,0.641373,0.534499,0.641373,0,0.534499,0.375793,0
7.66665,11.2508,8.03346,-0.00740403,4.60988,0.132083,0.608885,FRENET,0.641373,0.534499,0.641373,0,0.534499,0.375793,0
7.67065,11.2969,8.03328,-0.00606759,4.61089,0.151303,0.697639,FRENET,0.641373,0.534499,0.641373,0,0.534499,0.375793,0
7.67465,11.2969,8.03328,-0.00606759,4.61089,0.151303,0.697639,FRENET,0.641373,0.534499,0.641373,0,0.534499,0.375793,0
7.67932,11.343,8.03314,-0.00441172,4.61185,0.16237,0.748824,FRENET,0.647171,0.534499,0.647171,0,0.534499,0.376881,0
7.68269,11.343,8.03314,-0.00441172,4.61185,0.16237,0.748824,FRENET,0.647171,0.534499,0.647171,0,0.534499,0.376881,0
7.68664,11.343,8.03314,-0.00441172,4.61185,0.16237,0.748824,FRENET,0.647171,0.534499,0.647171,0,0.534499,0.376881,0
7.69063,11.3891,8.03303,-0.00281099,4.61276,0.174182,0.80346,FRENET,0.647171,0.534499,0.647171,0,0.534499,0.376881,0
7.69464,11.3891,8.03303,-0.00281099,4.61276,0.174182,0.80346,FRENET,0.647171,0.534499,0.647171,0,0.534499,0.376881,0
7.69927,11.4352,8.03296,-0.000956475,4.61363,0.179453,0.827932,FRENET,0.647171,0.534499,0.647171,0,0.534499,0.376881,0
7.70264,11.4352,8.03296,-0.000956475,4.61363,0.179453,0.827932,FRENET,0.647171,0.534499,0.647171,0,0.534499,0.376881,0
7.70664,11.4352,8.03296,-0.000956475,4.61363,0.179453,0.827932,FRENET,0.647171,0.534499,0.647171,0,0.534499,0.376881,0
7.71063,11.4814,8.03293,0.000791558,4.61446,0.186756,0.861776,FRENET,0.647171,0.534499,0.647171,0,0.534499,0.376881,0
7.71465,11.4814,8.03293,0.000791558,4.61446,0.186756,0.861776,FRENET,0.647171,0.534499,0.647171,0,0.534499,0.376881,0
7.71927,11.5275,8.03295,0.00275363,4.61525,0.188537,0.870145,FRENET,0.647171,0.534499,0.647171,0,0.534499,0.376881,0
7.72264,11.5275,8.03295,0.00275363,4.61525,0.188537,0.870145,FRENET,0.647171,0.534499,0.647171,0,0.534499,0.376881,0
7.72664,11.5275,8.03295,0.00275363,4.61525,0.188537,0.870145,FRENET,0.65536,0.534499,0.65536,0,0.534499,0.384375,0
7.73063,11.5737,8.03299,0.00426079,4.616,0.0994146,0.458898,FRENET,0.65536,0.534499,0.65536,0,0.534499,0.384375,0
7.73464,11.5737,8.03299,0.00426079,4.616,0.0994146,0.458898,FRENET,0.65536,0.534499,0.65536,0,0.534499,0.384375,0
7.73927,11.6198,8.033,0.00482275,4.61672,0.0326229,0.150611,FRENET,0.65536,0.534499,0.65536,0,0.534499,0.384375,0
7.74264,11.6198,8.033,0.00482275,4.61672,0.0326229,0.150611,FRENET,0.65536,0.534499,0.65536,0,0.534499,0.384375,0
7.74664,11.6198,8.033,0.00482275,4.61672,0.0326229,0.150611,FRENET,0.65536,0.534499,0.65536,0,0.534499,0.384375,0
7.75063,11.666,8.033,0.004942,4.6174,-0.0234803,-0.108418,FRENET,0.65536,0.534499,0.65536,0,0.534499,0.384375,0
7.75464,11.666,8.033,0.004942,4.6174,-0.0234803,-0.108418,FRENET,0.65536,0.534499,0.65536,0,0.534499,0.384375,0
7.75928,11.7122,8.03298,0.00441212,4.61805,-0.0638347,-0.294792,FRENET,0.65536,0.534499,0.65536,0,0.534499,0.384375,0
7.76264,11.7122,8.03298,0.00441212,4.61805,-0.0638347,-0.294792,FRENET,0.65536,0.534499,0.65536,0,0.534499,0.384375,0
7.76664,11.7122,8.03298,0.00441212,4.61805,-0.0638347,-0.294792,FRENET,0.65536,0.534499,0.65536,0,0.534499,0.384375,0
7.77062,11.7584,8.03295,0.00367638,4.61867,-0.098826,-0.456444,FRENET,0.65536,0.534499,0.65536,0,0.534499,0.384375,0
7.77464,11.7584,8.03295,0.00367638,4.61867,-0.098826,-0.456444,FRENET,0.65536,0.534499,0.65536,0,0.534499,0.384375,0
7.77927,11.8046,8.0329,0.0024803,4.61925,-0.122368,-0.56525,FRENET,0.651282,0.534499,0.651282,0,0.534499,0.338712,0
7.78269,11.8046,8.0329,0.0024803,4.61925,-0.122368,-0.56525,FRENET,0.651282,0.534499,0.651282,0,0.534499,0.338712,0
7.7867,11.8046,8.0329,0.0024803,4.61925,-0.122368,-0.56525,FRENET,0.651282,0.534499,0.651282,0,0.534499,0.338712,0
7.79068,11.8508,8.03283,0.00122858,4.61982,-0.144013,-0.665315,FRENET,0.651282,0.534499,0.651282,0,0.534499,0.338712,0
7.79469,11.8508,8.03283,0.00122858,4.61982,-0.144013,-0.665315,FRENET,0.651282,0.534499,0.651282,0,0.534499,0.338712,0
7.79932,11.897,8.03273,-0.000364509,4.62035,-0.156996,-0.725378,FRENET,0.651282,0.534499,0.651282,0,0.534499,0.338712,0
7.80271,11.897,8.03273,-0.000364509,4.62035,-0.156996,-0.725378,FRENET,0.651282,0.534499,0.651282,0,0.534499,0.338712,0
7.80669,11.897,8.03273,-0.000364509,4.62035,-0.156996,-0.725378,FRENET,0.651282,0.534499,0.651282,0,0.534499,0.338712,0
7.81068,11.9432,8.0326,-0.00191921,4.62086,-0.170319,-0.787021,FRENET,0.651282,0.534499,0.651282,0,0.534499,0.338712,0
7.81468,11.9432,8.0326,-0.00191921,4.62086,-0.170319,-0.787021,FRENET,0.651282,0.534499,0.651282,0,0.534499,0.338712,0
7.81928,11.9894,8.03243,-0.00374138,4.62134,-0.176771,-0.816918,FRENET,0.651282,0.534499,0.651282,0,0.534499,0.338712,0
7.8227,11.9894,8.03243,-0.00374138,4.62134,-0.176771,-0.816918,FRENET,0.651282,0.534499,0.651282,0,0.534499,0.338712,0
7.82664,11.9894,8.03243,-0.00374138,4.62134,-0.176771,-0.816918,FRENET,0.662942,0.533803,0.662942,0,0.533803,0.395115,0
7.83062,12.0356,8.03223,-0.00546572,4.62364,-0.184561,-0.853344,FRENET,0.662942,0.533803,0.662942,0,0.533803,0.395115,0
7.83464,12.0356,8.03223,-0.00546572,4.62364,-0.184561,-0.853344,FRENET,0.662942,0.533803,0.662942,0,0.533803,0.395115,0
7.83926,12.0818,8.03197,-0.00740744,4.62582,-0.186746,-0.863854,FRENET,0.662942,0.533803,0.662942,0,0.533803,0.395115,0
7.84265,12.0818,8.03197,-0.00740744,4.62582,-0.186746,-0.863854,FRENET,0.662942,0.533803,0.662942,0,0.533803,0.395115,0
7.84664,12.0818,8.03197,-0.00740744,4.62582,-0.186746,-0.863854,FRENET,0.662942,0.533803,0.662942,0,0.533803,0.395115,0
7.85064,12.1281,8.03167,-0.00921629,4.6279,-0.191634,-0.886862,FRENET,0.662942,0.533803,0.662942,0,0.533803,0.395115,0
7.85464,12.1281,8.03167,-0.00921629,4.6279,-0.191634,-0.886862,FRENET,0.662942,0.533803,0.662942,0,0.533803,0.395115,0
7.85926,12.1744,8.03131,-0.0112172,4.62988,-0.191608,-0.887121,FRENET,0.662942,0.533803,0.662942,0,0.533803,0.395115,0
7.86263,12.1744,8.03131,-0.0112172,4.62988,-0.191608,-0.887121,FRENET,0.662942,0.533803,0.662942,0,0.533803,0.395115,0
7.86663,12.1744,8.03131,-0.0112172,4.62988,-0.191608,-0.887121,FRENET,0.662942,0.533803,0.662942,0,0.533803,0.395115,0
7.87067,12.2207,8.0309,-0.0130659,4.63177,-0.19483,-0.902407,FRENET,0.662942,0.533803,0.662942,0,0.533803,0.395115,0
7.87467,12.2207,8.0309,-0.0130659,4.63177,-0.19483,-0.902407,FRENET,0.662942,0.533803,0.662942,0,0.533803,0.395115,0
7.87926,12.267,8.03042,-0.0150924,4.63356,-0.193563,-0.896885,FRENET,0.655074,0.533803,0.655074,0,0.533803,0.382069,0
7.88267,12.267,8.03042,-0.0150924,4.63356,-0.193563,-0.896885,FRENET,0.655074,0.533803,0.655074,0,0.533803,0.382069,0
7.88667,12.267,8.03042,-0.0150924,4.63356,-0.193563,-0.896885,FRENET,0.655074,0.533803,0.655074,0,0.533803,0.382069,0
7.89067,12.3134,8.02991,-0.0166393,4.63528,-0.102491,-0.475075,FRENET,0.655074,0.533803,0.655074,0,0.533803,0.382069,0
7.89468,12.3134,8.02991,-0.0166393,4.63528,-0.102491,-0.475075,FRENET,0.655074,0.533803,0.655074,0,0.533803,0.382069,0
7.8993,12.3597,8.02942,-0.0172243,4.63691,-0.0341538,-0.158368,FRENET,0.655074,0.533803,0.655074,0,0.533803,0.382069,0
7.90267,12.3597,8.02942,-0.0172243,4.63691,-0.0341538,-0.158368,FRENET,0.655074,0.533803,0.655074,0,0.533803,0.382069,0
7.90668,12.3597,8.02942,-0.0172243,4.63691,-0.0341538,-0.158368,FRENET,0.655074,0.533803,0.655074,0,0.533803,0.382069,0
7.91064,12.4061,8.02893,-0.0173526,4.63846,0.0230877,0.107091,FRENET,0.655074,0.533803,0.655074,0,0.533803,0.382069,0
7.91467,12.4061,8.02893,-0.0173526,4.63846,0.0230877,0.107091,FRENET,0.655074,0.533803,0.655074,0,0.533803,0.382069,0
7.9193,12.4525,8.02845,-0.0168223,4.63994,0.064317,0.298427,FRENET,0.655074,0.533803,0.655074,0,0.533803,0.382069,0
7.92267,12.4525,8.02845,-0.0168223,4.63994,0.064317,0.298427,FRENET,0.655074,0.533803,0.655074,0,0.533803,0.382069,0
7.92668,12.4525,8.02845,-0.0168223,4.63994,0.064317,0.298427,FRENET,0.670956,0.533803,0.670956,0,0.533803,0.37608,0
7.93067,12.4989,8.02797,-0.0160783,4.64135,0.0999015,0.463677,FRENET,0.670956,0.533803,0.670956,0,0.533803,0.37608,0
7.93467,12.4989,8.02797,-0.0160783,4.64135,0.0999015,0.463677,FRENET,0.670956,0.533803,0.670956,0,0.533803,0.37608,0
7.9393,12.5453,8.02751,-0.0148694,4.64269,0.123882,0.575144,FRENET,0.670956,0.533803,0.670956,0,0.533803,0.37608,0
7.9427,12.5453,8.02751,-0.0148694,4.64269,0.123882,0.575144,FRENET,0.670956,0.533803,0.670956,0,0.533803,0.37608,0
7.9467,12.5453,8.02751,-0.0148694,4.64269,0.123882,0.575144,FRENET,0.670956,0.533803,0.670956,0,0.533803,0.37608,0
7.95064,12.5917,8.02705,-0.0136009,4.64396,0.145776,0.676979,FRENET,0.670956,0.533803,0.670956,0,0.533803,0.37608,0
7.95468,12.5917,8.02705,-0.0136009,4.64396,0.145776,0.676979,FRENET,0.670956,0.533803,0.670956,0,0.533803,0.37608,0
7.9593,12.6382,8.02663,-0.0119895,4.64518,0.15893,0.73826,FRENET,0.670956,0.533803,0.670956,0,0.533803,0.37608,0
7.9627,12.6382,8.02663,-0.0119895,4.64518,0.15893,0.73826,FRENET,0.670956,0.533803,0.670956,0,0.533803,0.37608,0
7.9667,12.6382,8.02663,-0.0119895,4.64518,0.15893,0.73826,FRENET,0.670956,0.533803,0.670956,0,0.533803,0.37608,0
7.97068,12.6846,8.02622,-0.0104149,4.64634,0.1723,0.800566,FRENET,0.670956,0.533803,0.670956,0,0.533803,0.37608,0
7.9747,12.6846,8.02622,-0.0104149,4.64634,0.1723,0.800566,FRENET,0.670956,0.533803,0.670956,0,0.533803,0.37608,0
7.9793,12.7311,8.02585,-0.00857304,4.64744,0.178772,0.830834,FRENET,0.660778,0.533803,0.660778,0,0.533803,0.39257,0
7.9827,12.7311,8.02585,-0.00857304,4.64744,0.178772,0.830834,FRENET,0.660778,0.533803,0.660778,0,0.533803,0.39257,0
7.98669,12.7311,8.02585,-0.00857304,4.64744,0.178772,0.830834,FRENET,0.660778,0.533803,0.660778,0,0.533803,0.39257,0
7.99071,12.7776,8.02551,-0.00682722,4.6485,0.186932,0.868954,FRENET,0.660778,0.533803,0.660778,0,0.533803,0.39257,0
7.99472,12.7776,8.02551,-0.00682722,4.6485,0.186932,0.868954,FRENET,0.660778,0.533803,0.660778,0,0.533803,0.39257,0
7.99929,12.8241,8.02523,-0.00486003,4.6495,0.189366,0.880456,FRENET,0.660778,0.533803,0.660778,0,0.533803,0.39257,0
8.00266,12.8241,8.02523,-0.00486003,4.6495,0.189366,0.880456,FRENET,0.660778,0.533803,0.660778,0,0.533803,0.39257,0
8.00666,12.8241,8.02523,-0.00486003,4.6495,0.189366,0.880456,FRENET,0.660778,0.533803,0.660778,0,0.533803,0.39257,0
8.0107,12.8706,8.02498,-0.00302453,4.65045,0.194418,0.904131,FRENET,0.660778,0.533803,0.660778,0,0.533803,0.39257,0
8.01471,12.8706,8.02498,-0.00302453,4.65045,0.194418,0.904131,FRENET,0.660778,0.533803,0.660778,0,0.533803,0.39257,0
8.0193,12.9171,8.02479,-0.00099486,4.65136,0.194478,0.904585,FRENET,0.660778,0.533803,0.660778,0,0.533803,0.39257,0
8.02272,12.9171,8.02479,-0.00099486,4.65136,0.194478,0.904585,FRENET,0.660778,0.533803,0.660778,0,0.533803,0.39257,0
8.02671,12.9171,8.02479,-0.00099486,4.65136,0.194478,0.904585,FRENET,0.666097,0.531936,0.666097,0,0.531936,0.37009,0
8.0307,12.9636,8.02462,0.000564593,4.65179,0.103944,0.483526,FRENET,0.666097,0.531936,0.666097,0,0.531936,0.37009,0
8.0347,12.9636,8.02462,0.000564593,4.65179,0.103944,0.483526,FRENET,0.666097,0.531936,0.666097,0,0.531936,0.37009,0
8.03929,13.0101,8.02443,0.00116542,4.6522,0.0359231,0.167121,FRENET,0.666097,0.531936,0.666097,0,0.531936,0.37009,0
8.0427,13.0101,8.02443,0.00116542,4.6522,0.0359231,0.167121,FRENET,0.666097,0.531936,0.666097,0,0.531936,0.37009,0
8.04672,13.0101,8.02443,0.00116542,4.6522,0.0359231,0.167121,FRENET,0.666097,0.531936,0.666097,0,0.531936,0.37009,0
8.05071,13.0566,8.02423,0.00131248,4.65324,-0.0211656,-0.0984887,FRENET,0.666097,0.531936,0.666097,0,0.531936,0.37009,0
8.05472,13.0566,8.02423,0.00131248,4.65324,-0.0211656,-0.0984887,FRENET,0.666097,0.531936,0.666097,0,0.531936,0.37009,0
8.05935,13.1032,8.02401,0.000801434,4.65422,-0.0623811,-0.290335,FRENET,0.666097,0.531936,0.666097,0,0.531936,0.37009,0
8.0627,13.1032,8.02401,0.000801434,4.65422,-0.0623811,-0.290335,FRENET,0.666097,0.531936,0.666097,0,0.531936,0.37009,0
8.06672,13.1032,8.02401,0.000801434,4.65422,-0.0623811,-0.290335,FRENET,0.666097,0.531936,0.666097,0,0.531936,0.37009,0
8.07072,13.1497,8.02379,7.66217e-05,4.65516,-0.0980462,-0.456421,FRENET,0.666097,0.531936,0.666097,0,0.531936,0.37009,0
8.07471,13.1497,8.02379,7.66217e-05,4.65516,-0.0980462,-0.456421,FRENET,0.666097,0.531936,0.666097,0,0.531936,0.37009,0
8.07934,13.1963,8.02354,-0.00111455,4.65606,-0.12217,-0.568831,FRENET,0.659452,0.531936,0.659452,0,0.531936,0.376611,0
8.08271,13.1963,8.02354,-0.00111455,4.65606,-0.12217,-0.568831,FRENET,0.659452,0.531936,0.659452,0,0.531936,0.376611,0
8.08672,13.1963,8.02354,-0.00111455,4.65606,-0.12217,-0.568831,FRENET,0.659452,0.531936,0.659452,0,0.531936,0.376611,0
8.09071,13.2429,8.02329,-0.00236664,4.65691,-0.144244,-0.671733,FRENET,0.659452,0.531936,0.659452,0,0.531936,0.376611,0
8.09473,13.2429,8.02329,-0.00236664,4.65691,-0.144244,-0.671733,FRENET,0.659452,0.531936,0.659452,0,0.531936,0.376611,0
8.09936,13.2894,8.023,-0.00396386,4.65772,-0.157598,-0.734049,FRENET,0.659452,0.531936,0.659452,0,0.531936,0.376611,0
8.10271,13.2894,8.023,-0.00396386,4.65772,-0.157598,-0.734049,FRENET,0.659452,0.531936,0.659452,0,0.531936,0.376611,0
8.10672,13.2894,8.023,-0.00396386,4.65772,-0.157598,-0.734049,FRENET,0.659452,0.531936,0.659452,0,0.531936,0.376611,0
8.11072,13.336,8.02269,-0.00552601,4.65849,-0.171173,-0.797406,FRENET,0.659452,0.531936,0.659452,0,0.531936,0.376611,0
8.11472,13.336,8.02269,-0.00552601,4.65849,-0.171173,-0.797406,FRENET,0.659452,0.531936,0.659452,0,0.531936,0.376611,0
8.11935,13.3826,8.02233,-0.00735778,4.65923,-0.177846,-0.828625,FRENET,0.659452,0.531936,0.659452,0,0.531936,0.376611,0
8.12272,13.3826,8.02233,-0.00735778,4.65923,-0.177846,-0.828625,FRENET,0.659452,0.531936,0.659452,0,0.531936,0.376611,0
8.12672,13.3826,8.02233,-0.00735778,4.65923,-0.177846,-0.828625,FRENET,0.66845,0.531936,0.66845,0,0.531936,0.37395,0
8.13071,13.4292,8.02195,-0.00909517,4.65993,-0.186196,-0.867661,FRENET,0.66845,0.531936,0.66845,0,0.531936,0.37395,0
8.13473,13.4292,8.02195,-0.00909517,4.65993,-0.186196,-0.867661,FRENET,0.66845,0.531936,0.66845,0,0.531936,0.37395,0
8.1393,13.4758,8.02151,-0.011056,4.6606,-0.188807,-0.879952,FRENET,0.66845,0.531936,0.66845,0,0.531936,0.37395,0
8.14272,13.4758,8.02151,-0.011056,4.6606,-0.188807,-0.879952,FRENET,0.66845,0.531936,0.66845,0,0.531936,0.37395,0
8.14672,13.4758,8.02151,-0.011056,4.6606,-0.188807,-0.879952,FRENET,0.66845,0.531936,0.66845,0,0.531936,0.37395,0
8.15071,13.5224,8.02106,-0.0125686,4.66123,-0.100159,-0.466866,FRENET,0.66845,0.531936,0.66845,0,0.531936,0.37395,0
8.15473,13.5224,8.02106,-0.0125686,4.66123,-0.100159,-0.466866,FRENET,0.66845,0.531936,0.66845,0,0.531936,0.37395,0
8.15931,13.569,8.02065,-0.0131389,4.66184,-0.0335208,-0.156269,FRENET,0.66845,0.531936,0.66845,0,0.531936,0.37395,0
8.16268,13.569,8.02065,-0.0131389,4.66184,-0.0335208,-0.156269,FRENET,0.66845,0.531936,0.66845,0,0.531936,0.37395,0
8.16667,13.569,8.02065,-0.0131389,4.66184,-0.0335208,-0.156269,FRENET,0.66845,0.531936,0.66845,0,0.531936,0.37395,0
8.17066,13.6156,8.02023,-0.0132673,4.66242,0.0225819,0.105286,FRENET,0.66845,0.531936,0.66845,0,0.531936,0.37395,0
8.17471,13.6156,8.02023,-0.0132673,4.66242,0.0225819,0.105286,FRENET,0.66845,0.531936,0.66845,0,0.531936,0.37395,0
8.1793,13.6622,8.01985,-0.0127457,4.66297,0.0630907,0.29419,FRENET,0.664417,0.531936,0.664417,0,0.531936,0.376034,0
8.18271,13.6622,8.01985,-0.0127457,4.66297,0.0630907,0.29419,FRENET,0.664417,0.531936,0.664417,0,0.531936,0.376034,0
8.18671,13.6622,8.01985,-0.0127457,4.66297,0.0630907,0.29419,FRENET,0.664417,0.531936,0.664417,0,0.531936,0.376034,0
8.19071,13.7089,8.01948,-0.0120165,4.66349,0.0982685,0.458274,FRENET,0.664417,0.531936,0.664417,0,0.531936,0.376034,0
8.19471,13.7089,8.01948,-0.0120165,4.66349,0.0982685,0.458274,FRENET,0.664417,0.531936,0.664417,0,0.531936,0.376034,0
8.19931,13.7555,8.01913,-0.0108247,4.66399,0.122066,0.569317,FRENET,0.664417,0.531936,0.664417,0,0.531936,0.376034,0
8.2027,13.7555,8.01913,-0.0108247,4.66399,0.122066,0.569317,FRENET,0.664417,0.531936,0.664417,0,0.531936,0.376034,0
8.20671,13.7555,8.01913,-0.0108247,4.66399,0.122066,0.569317,FRENET,0.664417,0.531936,0.664417,0,0.531936,0.376034,0
8.21071,13.8022,8.0188,-0.00957491,4.66446,0.14394,0.671403,FRENET,0.664417,0.531936,0.664417,0,0.531936,0.376034,0
8.21471,13.8022,8.0188,-0.00957491,4.66446,0.14394,0.671403,FRENET,0.664417,0.531936,0.664417,0,0.531936,0.376034,0
8.21928,13.8488,8.0185,-0.00798123,4.66491,0.157181,0.733236,FRENET,0.664417,0.531936,0.664417,0,0.531936,0.376034,0
8.22271,13.8488,8.0185,-0.00798123,4.66491,0.157181,0.733236,FRENET,0.664417,0.531936,0.664417,0,0.531936,0.376034,0
8.22672,13.8488,8.0185,-0.00798123,4.66491,0.157181,0.733236,FRENET,0.661043,0.528839,0.661043,0,0.528839,0.376395,0
8.23071,13.8955,8.01823,-0.00642363,4.66529,0.17072,0.796457,FRENET,0.661043,0.528839,0.661043,0,0.528839,0.376395,0
8.23471,13.8955,8.01823,-0.00642363,4.66529,0.17072,0.796457,FRENET,0.661043,0.528839,0.661043,0,0.528839,0.376395,0
8.23932,13.9421,8.01801,-0.00459626,4.66564,0.177398,0.827676,FRENET,0.661043,0.528839,0.661043,0,0.528839,0.376395,0
8.24266,13.9421,8.01801,-0.00459626,4.66564,0.177398,0.827676,FRENET,0.661043,0.528839,0.661043,0,0.528839,0.376395,0
8.24664,13.9421,8.01801,-0.00459626,4.66564,0.177398,0.827676,FRENET,0.661043,0.528839,0.661043,0,0.528839,0.376395,0
8.25067,13.9888,8.01781,-0.00286332,4.66598,0.185785,0.86687,FRENET,0.661043,0.528839,0.661043,0,0.528839,0.376395,0
8.25472,13.9888,8.01781,-0.00286332,4.66598,0.185785,0.86687,FRENET,0.661043,0.528839,0.661043,0,0.528839,0.376395,0
8.25929,14.0354,8.01767,-0.00090621,4.6663,0.188447,0.879352,FRENET,0.661043,0.528839,0.661043,0,0.528839,0.376395,0
8.26271,14.0354,8.01767,-0.00090621,4.6663,0.188447,0.879352,FRENET,0.661043,0.528839,0.661043,0,0.528839,0.376395,0
8.26671,14.0354,8.01767,-0.00090621,4.6663,0.188447,0.879352,FRENET,0.661043,0.528839,0.661043,0,0.528839,0.376395,0
8.27071,14.0821,8.01758,0.000920487,4.66706,0.193595,0.903521,FRENET,0.661043,0.528839,0.661043,0,0.528839,0.376395,0
8.27471,14.0821,8.01758,0.000920487,4.66706,0.193595,0.903521,FRENET,0.661043,0.528839,0.661043,0,0.528839,0.376395,0
8.2793,14.1288,8.01755,0.00294259,4.66777,0.193775,0.904497,FRENET,0.666127,0.528839,0.666127,0,0.528839,0.374135,0
8.28272,14.1288,8.01755,0.00294259,4.66777,0.193775,0.904497,FRENET,0.666127,0.528839,0.666127,0,0.528839,0.374135,0
8.28673,14.1288,8.01755,0.00294259,4.66777,0.193775,0.904497,FRENET,0.666127,0.528839,0.666127,0,0.528839,0.374135,0
8.29072,14.1754,8.01754,0.00449526,4.66845,0.103297,0.482239,FRENET,0.666127,0.528839,0.666127,0,0.528839,0.374135,0
8.29472,14.1754,8.01754,0.00449526,4.66845,0.103297,0.482239,FRENET,0.666127,0.528839,0.666127,0,0.528839,0.374135,0
8.2993,14.2221,8.0175,0.00508968,4.6691,0.0352647,0.164654,FRENET,0.666127,0.528839,0.666127,0,0.528839,0.374135,0
8.30272,14.2221,8.0175,0.00508968,4.6691,0.0352647,0.164654,FRENET,0.666127,0.528839,0.666127,0,0.528839,0.374135,0
8.30672,14.2221,8.0175,0.00508968,4.6691,0.0352647,0.164654,FRENET,0.666127,0.528839,0.666127,0,0.528839,0.374135,0
8.31066,14.2688,8.01747,0.00523007,4.66972,-0.0218735,-0.102143,FRENET,0.666127,0.528839,0.666127,0,0.528839,0.374135,0
8.31472,14.2688,8.01747,0.00523007,4.66972,-0.0218735,-0.102143,FRENET,0.666127,0.528839,0.666127,0,0.528839,0.374135,0
8.31934,14.3155,8.01741,0.00471151,4.67031,-0.0631481,-0.294921,FRENET,0.666127,0.528839,0.666127,0,0.528839,0.374135,0
8.32272,14.3155,8.01741,0.00471151,4.67031,-0.0631481,-0.294921,FRENET,0.666127,0.528839,0.666127,0,0.528839,0.374135,0
8.32672,14.3155,8.01741,0.00471151,4.67031,-0.0631481,-0.294921,FRENET,0.665527,0.528839,0.665527,0,0.528839,0.369909,0
8.33072,14.3622,8.01736,0.00397889,4.67087,-0.0988679,-0.461799,FRENET,0.665527,0.528839,0.665527,0,0.528839,0.369909,0
8.33468,14.3622,8.01736,0.00397889,4.67087,-0.0988679,-0.461799,FRENET,0.665527,0.528839,0.665527,0,0.528839,0.369909,0
8.33931,14.4089,8.01728,0.00277909,4.6714,-0.123047,-0.574802,FRENET,0.665527,0.528839,0.665527,0,0.528839,0.369909,0
8.34271,14.4089,8.01728,0.00277909,4.6714,-0.123047,-0.574802,FRENET,0.665527,0.528839,0.665527,0,0.528839,0.369909,0
8.34671,14.4089,8.01728,0.00277909,4.6714,-0.123047,-0.574802,FRENET,0.665527,0.528839,0.665527,0,0.528839,0.369909,0
8.35066,14.4557,8.0172,0.00151813,4.67191,-0.145165,-0.678199,FRENET,0.665527,0.528839,0.665527,0,0.528839,0.369909,0
8.35471,14.4557,8.0172,0.00151813,4.67191,-0.145165,-0.678199,FRENET,0.665527,0.528839,0.665527,0,0.528839,0.369909,0
8.35933,14.5024,8.01708,-8.86304e-05,4.67239,-0.15856,-0.740855,FRENET,0.665527,0.528839,0.665527,0,0.528839,0.369909,0
8.3627,14.5024,8.01708,-8.86304e-05,4.67239,-0.15856,-0.740855,FRENET,0.665527,0.528839,0.665527,0,0.528839,0.369909,0
8.3667,14.5024,8.01708,-8.86304e-05,4.67239,-0.15856,-0.740855,FRENET,0.665527,0.528839,0.665527,0,0.528839,0.369909,0
8.37069,14.5491,8.01694,-0.00166042,4.67285,-0.172161,-0.804482,FRENET,0.665527,0.528839,0.665527,0,0.528839,0.369909,0
8.37471,14.5491,8.01694,-0.00166042,4.67285,-0.172161,-0.804482,FRENET,0.665527,0.528839,0.665527,0,0.528839,0.369909,0
8.37933,14.5958,8.01676,-0.0035023,4.67329,-0.178857,-0.835851,FRENET,0.670532,0.528839,0.670532,0,0.528839,0.370183,0
8.3827,14.5958,8.01676,-0.0035023,4.67329,-0.178857,-0.835851,FRENET,0.670532,0.528839,0.670532,0,0.528839,0.370183,0
8.38669,14.5958,8.01676,-0.0035023,4.67329,-0.178857,-0.835851,FRENET,0.670532,0.528839,0.670532,0,0.528839,0.370183,0
8.39069,14.6426,8.01655,-0.00524974,4.67371,-0.187216,-0.874993,FRENET,0.670532,0.528839,0.670532,0,0.528839,0.370183,0
8.39469,14.6426,8.01655,-0.00524974,4.67371,-0.187216,-0.874993,FRENET,0.670532,0.528839,0.670532,0,0.528839,0.370183,0
8.3993,14.6893,8.01629,-0.00722092,4.67411,-0.189833,-0.887298,FRENET,0.670532,0.528839,0.670532,0,0.528839,0.370183,0
8.40269,14.6893,8.01629,-0.00722092,4.67411,-0.189833,-0.887298,FRENET,0.670532,0.528839,0.670532,0,0.528839,0.370183,0
8.4067,14.6893,8.01629,-0.00722092,4.67411,-0.189833,-0.887298,FRENET,0.670532,0.528839,0.670532,0,0.528839,0.370183,0
8.41069,14.7361,8.01598,-0.00906165,4.67449,-0.195037,-0.9117,FRENET,0.670532,0.528839,0.670532,0,0.528839,0.370183,0
8.41469,14.7361,8.01598,-0.00906165,4.67449,-0.195037,-0.9117,FRENET,0.670532,0.528839,0.670532,0,0.528839,0.370183,0
8.41933,14.7828,8.01562,-0.0110984,4.67485,-0.195233,-0.912685,FRENET,0.670532,0.528839,0.670532,0,0.528839,0.370183,0
8.42269,14.7828,8.01562,-0.0110984,4.67485,-0.195233,-0.912685,FRENET,0.670532,0.528839,0.670532,0,0.528839,0.370183,0
8.4267,14.7828,8.01562,-0.0110984,4.67485,-0.195233,-0.912685,FRENET,0.674147,0.525906,0.674147,0,0.525906,0.381832,0
8.43069,14.8296,8.01523,-0.012665,4.67516,-0.104596,-0.489001,FRENET,0.674147,0.525906,0.674147,0,0.525906,0.381832,0
8.43469,14.8296,8.01523,-0.012665,4.67516,-0.104596,-0.489001,FRENET,0.674147,0.525906,0.674147,0,0.525906,0.381832,0
8.43929,14.8763,8.01487,-0.0132717,4.67575,-0.0364145,-0.170265,FRENET,0.674147,0.525906,0.674147,0,0.525906,0.381832,0
8.44269,14.8763,8.01487,-0.0132717,4.67575,-0.0364145,-0.170265,FRENET,0.674147,0.525906,0.674147,0,0.525906,0.381832,0
8.44669,14.8763,8.01487,-0.0132717,4.67575,-0.0364145,-0.170265,FRENET,0.674147,0.525906,0.674147,0,0.525906,0.381832,0
8.45067,14.9231,8.01451,-0.0134228,4.67632,0.020872,0.097604,FRENET,0.674147,0.525906,0.674147,0,0.525906,0.381832,0
8.4547,14.9231,8.01451,-0.0134228,4.67632,0.020872,0.097604,FRENET,0.674147,0.525906,0.674147,0,0.525906,0.381832,0
8.45932,14.9698,8.01418,-0.0129135,4.67686,0.0622966,0.291352,FRENET,0.674147,0.525906,0.674147,0,0.525906,0.381832,0
8.4627,14.9698,8.01418,-0.0129135,4.67686,0.0622966,0.291352,FRENET,0.674147,0.525906,0.674147,0,0.525906,0.381832,0
8.4667,14.9698,8.01418,-0.0129135,4.67686,0.0622966,0.291352,FRENET,0.674147,0.525906,0.674147,0,0.525906,0.381832,0
8.47069,15.0166,8.01384,-0.0121887,4.67737,0.0981545,0.459105,FRENET,0.674147,0.525906,0.674147,0,0.525906,0.381832,0
8.47469,15.0166,8.01384,-0.0121887,4.67737,0.0981545,0.459105,FRENET,0.674147,0.525906,0.674147,0,0.525906,0.381832,0
8.47929,15.0634,8.01353,-0.0109954,4.67786,0.122466,0.572879,FRENET,0.675587,0.525906,0.675587,0,0.525906,0.36788,0
8.48272,15.0634,8.01353,-0.0109954,4.67786,0.122466,0.572879,FRENET,0.675587,0.525906,0.675587,0,0.525906,0.36788,0
8.48672,15.0634,8.01353,-0.0109954,4.67786,0.122466,0.572879,FRENET,0.675587,0.525906,0.675587,0,0.525906,0.36788,0
8.49071,15.1102,8.01322,-0.00973964,4.67833,0.1447,0.676956,FRENET,0.675587,0.525906,0.675587,0,0.525906,0.36788,0
8.49471,15.1102,8.01322,-0.00973964,4.67833,0.1447,0.676956,FRENET,0.675587,0.525906,0.675587,0,0.525906,0.36788,0
8.49933,15.1569,8.01295,-0.00813696,4.67878,0.158203,0.740196,FRENET,0.675587,0.525906,0.675587,0,0.525906,0.36788,0
8.50272,15.1569,8.01295,-0.00813696,4.67878,0.158203,0.740196,FRENET,0.675587,0.525906,0.675587,0,0.525906,0.36788,0
8.50672,15.1569,8.01295,-0.00813696,4.67878,0.158203,0.740196,FRENET,0.675587,0.525906,0.675587,0,0.525906,0.36788,0
8.5107,15.2037,8.0127,-0.0065683,4.6792,0.171895,0.80433,FRENET,0.675587,0.525906,0.675587,0,0.525906,0.36788,0
8.51471,15.2037,8.0127,-0.0065683,4.6792,0.171895,0.80433,FRENET,0.675587,0.525906,0.675587,0,0.525906,0.36788,0
8.51933,15.2505,8.01249,-0.00472864,4.6796,0.178674,0.836126,FRENET,0.675587,0.525906,0.675587,0,0.525906,0.36788,0
8.52271,15.2505,8.01249,-0.00472864,4.6796,0.178674,0.836126,FRENET,0.675587,0.525906,0.675587,0,0.525906,0.36788,0
8.52671,15.2505,8.01249,-0.00472864,4.6796,0.178674,0.836126,FRENET,0.67305,0.525906,0.67305,0,0.525906,0.3708,0
8.53069,15.2973,8.01231,-0.00298269,4.67999,0.187101,0.875632,FRENET,0.67305,0.525906,0.67305,0,0.525906,0.3708,0
8.53471,15.2973,8.01231,-0.00298269,4.67999,0.187101,0.875632,FRENET,0.67305,0.525906,0.67305,0,0.525906,0.3708,0
8.53933,15.3441,8.01219,-0.00101232,4.68035,0.18978,0.888238,FRENET,0.67305,0.525906,0.67305,0,0.525906,0.3708,0
8.54271,15.3441,8.01219,-0.00101232,4.68035,0.18978,0.888238,FRENET,0.67305,0.525906,0.67305,0,0.525906,0.3708,0
8.5467,15.3441,8.01219,-0.00101232,4.68035,0.18978,0.888238,FRENET,0.67305,0.525906,0.67305,0,0.525906,0.3708,0
8.55069,15.3909,8.01209,0.000668867,4.6807,0.148031,0.69289,FRENET,0.67305,0.525906,0.67305,0,0.525906,0.3708,0
8.55471,15.3909,8.01209,0.000668867,4.6807,0.148031,0.69289,FRENET,0.67305,0.525906,0.67305,0,0.525906,0.3708,0
8.55932,15.4377,8.012,0.00181717,4.68104,0.0677488,0.317135,FRENET,0.67305,0.525906,0.67305,0,0.525906,0.3708,0
8.5627,15.4377,8.012,0.00181717,4.68104,0.0677488,0.317135,FRENET,0.67305,0.525906,0.67305,0,0.525906,0.3708,0
8.5667,15.4377,8.012,0.00181717,4.68104,0.0677488,0.317135,FRENET,0.67305,0.525906,0.67305,0,0.525906,0.3708,0
8.57069,15.4845,8.01187,0.00209796,4.68135,0.00779249,0.0364794,FRENET,0.67305,0.525906,0.67305,0,0.525906,0.3708,0
8.57471,15.4845,8.01187,0.00209796,4.68135,0.00779249,0.0364794,FRENET,0.67305,0.525906,0.67305,0,0.525906,0.3708,0
8.57933,15.5314,8.01174,0.0019969,4.68165,-0.0429682,-0.201162,FRENET,0.675243,0.525906,0.675243,0,0.525906,0.376729,0
8.58271,15.5314,8.01174,0.0019969,4.68165,-0.0429682,-0.201162,FRENET,0.675243,0.525906,0.675243,0,0.525906,0.376729,0
8.58671,15.5314,8.01174,0.0019969,4.68165,-0.0429682,-0.201162,FRENET,0.675243,0.525906,0.675243,0,0.525906,0.376729,0
8.59069,15.5782,8.01158,0.00129335,4.68194,-0.0792323,-0.370961,FRENET,0.675243,0.525906,0.675243,0,0.525906,0.376729,0
8.59471,15.5782,8.01158,0.00129335,4.68194,-0.0792323,-0.370961,FRENET,0.675243,0.525906,0.675243,0,0.525906,0.376729,0
8.59933,15.625,8.01142,0.000420426,4.68221,-0.111029,-0.519862,FRENET,0.675243,0.525906,0.675243,0,0.525906,0.376729,0
8.6027,15.625,8.01142,0.000420426,4.68221,-0.111029,-0.519862,FRENET,0.675243,0.525906,0.675243,0,0.525906,0.376729,0
8.6067,15.625,8.01142,0.000420426,4.68221,-0.111029,-0.519862,FRENET,0.675243,0.525906,0.675243,0,0.525906,0.376729,0
8.61069,15.6718,8.01122,-0.000885186,4.68247,-0.132157,-0.618822,FRENET,0.675243,0.525906,0.675243,0,0.525906,0.376729,0
8.6147,15.6718,8.01122,-0.000885186,4.68247,-0.132157,-0.618822,FRENET,0.675243,0.525906,0.675243,0,0.525906,0.376729,0
8.61933,15.7186,8.01102,-0.00222481,4.68272,-0.151911,-0.711358,FRENET,0.675243,0.525906,0.675243,0,0.525906,0.376729,0
8.62271,15.7186,8.01102,-0.00222481,4.68272,-0.151911,-0.711358,FRENET,0.675243,0.525906,0.675243,0,0.525906,0.376729,0
8.62671,15.7186,8.01102,-0.00222481,4.68272,-0.151911,-0.711358,FRENET,0.673144,0.523956,0.673144,0,0.523956,0.367266,0
8.63071,15.7655,8.01077,-0.00388971,4.6829,-0.1635,-0.765654,FRENET,0.673144,0.523956,0.673144,0,0.523956,0.367266,0
8.63471,15.7655,8.01077,-0.00388971,4.6829,-0.1635,-0.765654,FRENET,0.673144,0.523956,0.673144,0,0.523956,0.367266,0
8.63933,15.8123,8.0105,-0.00550358,4.68306,-0.175722,-0.822917,FRENET,0.673144,0.523956,0.673144,0,0.523956,0.367266,0
8.64271,15.8123,8.0105,-0.00550358,4.68306,-0.175722,-0.822917,FRENET,0.673144,0.523956,0.673144,0,0.523956,0.367266,0
8.64671,15.8123,8.0105,-0.00550358,4.68306,-0.175722,-0.822917,FRENET,0.673144,0.523956,0.673144,0,0.523956,0.367266,0
8.65069,15.8591,8.01018,-0.00737541,4.68344,-0.181333,-0.849261,FRENET,0.673144,0.523956,0.673144,0,0.523956,0.367266,0
8.65471,15.8591,8.01018,-0.00737541,4.68344,-0.181333,-0.849261,FRENET,0.673144,0.523956,0.673144,0,0.523956,0.367266,0
8.65933,15.906,8.00986,-0.00882478,4.68381,-0.0948672,-0.444339,FRENET,0.673144,0.523956,0.673144,0,0.523956,0.367266,0
8.6627,15.906,8.00986,-0.00882478,4.68381,-0.0948672,-0.444339,FRENET,0.673144,0.523956,0.673144,0,0.523956,0.367266,0
8.66671,15.906,8.00986,-0.00882478,4.68381,-0.0948672,-0.444339,FRENET,0.673144,0.523956,0.673144,0,0.523956,0.367266,0
8.67069,15.9528,8.00957,-0.00935052,4.68415,-0.0298315,-0.139735,FRENET,0.673144,0.523956,0.673144,0,0.523956,0.367266,0
8.67471,15.9528,8.00957,-0.00935052,4.68415,-0.0298315,-0.139735,FRENET,0.673144,0.523956,0.673144,0,0.523956,0.367266,0
8.67929,15.9997,8.0093,-0.00944834,4.68448,0.0250906,0.117536,FRENET,0.679963,0.523956,0.679963,0,0.523956,0.364334,0
8.68271,15.9997,8.0093,-0.00944834,4.68448,0.0250906,0.117536,FRENET,0.679963,0.523956,0.679963,0,0.523956,0.364334,0
8.68671,15.9997,8.0093,-0.00944834,4.68448,0.0250906,0.117536,FRENET,0.679963,0.523956,0.679963,0,0.523956,0.364334,0
8.69069,16.0465,8.00906,-0.00890596,4.68479,0.0647642,0.303407,FRENET,0.679963,0.523956,0.679963,0,0.523956,0.364334,0
8.6947,16.0465,8.00906,-0.00890596,4.68479,0.0647642,0.303407,FRENET,0.679963,0.523956,0.679963,0,0.523956,0.364334,0
8.69929,16.0933,8.00882,-0.00816331,4.68509,0.0993451,0.465441,FRENET,0.679963,0.523956,0.679963,0,0.523956,0.364334,0
8.70271,16.0933,8.00882,-0.00816331,4.68509,0.0993451,0.465441,FRENET,0.679963,0.523956,0.679963,0,0.523956,0.364334,0
8.70671,16.0933,8.00882,-0.00816331,4.68509,0.0993451,0.465441,FRENET,0.679963,0.523956,0.679963,0,0.523956,0.364334,0
8.71069,16.1402,8.00863,-0.00696279,4.68537,0.122748,0.57512,FRENET,0.679963,0.523956,0.679963,0,0.523956,0.364334,0
8.71471,16.1402,8.00863,-0.00696279,4.68537,0.122748,0.57512,FRENET,0.679963,0.523956,0.679963,0,0.523956,0.364334,0
8.71929,16.1871,8.00844,-0.00570767,4.68565,0.144353,0.676386,FRENET,0.679963,0.523956,0.679963,0,0.523956,0.364334,0
8.72271,16.1871,8.00844,-0.00570767,4.68565,0.144353,0.676386,FRENET,0.679963,0.523956,0.679963,0,0.523956,0.364334,0
8.72671,16.1871,8.00844,-0.00570767,4.68565,0.144353,0.676386,FRENET,0.680138,0.523956,0.680138,0,0.523956,0.36511,0
8.7307,16.2339,8.0083,-0.00411064,4.6859,0.15744,0.73775,FRENET,0.680138,0.523956,0.680138,0,0.523956,0.36511,0
8.73471,16.2339,8.0083,-0.00411064,4.6859,0.15744,0.73775,FRENET,0.680138,0.523956,0.680138,0,0.523956,0.36511,0
8.73929,16.2808,8.00818,-0.00255107,4.68615,0.170875,0.800744,FRENET,0.680138,0.523956,0.680138,0,0.523956,0.36511,0
8.74271,16.2808,8.00818,-0.00255107,4.68615,0.170875,0.800744,FRENET,0.680138,0.523956,0.680138,0,0.523956,0.36511,0
8.74671,16.2808,8.00818,-0.00255107,4.68615,0.170875,0.800744,FRENET,0.680138,0.523956,0.680138,0,0.523956,0.36511,0
8.75069,16.3276,8.00812,-0.00072232,4.68638,0.177516,0.831909,FRENET,0.680138,0.523956,0.680138,0,0.523956,0.36511,0
8.75471,16.3276,8.00812,-0.00072232,4.68638,0.177516,0.831909,FRENET,0.680138,0.523956,0.680138,0,0.523956,0.36511,0
8.75932,16.3745,8.00807,0.000852305,4.6866,0.138856,0.650765,FRENET,0.680138,0.523956,0.680138,0,0.523956,0.36511,0
8.76271,16.3745,8.00807,0.000852305,4.6866,0.138856,0.650765,FRENET,0.680138,0.523956,0.680138,0,0.523956,0.36511,0
8.76671,16.3745,8.00807,0.000852305,4.6866,0.138856,0.650765,FRENET,0.680138,0.523956,0.680138,0,0.523956,0.36511,0
8.77069,16.4214,8.00802,0.00192133,4.68682,0.0609575,0.285696,FRENET,0.680138,0.523956,0.680138,0,0.523956,0.36511,0
8.77471,16.4214,8.00802,0.00192133,4.68682,0.0609575,0.285696,FRENET,0.680138,0.523956,0.680138,0,0.523956,0.36511,0
8.77932,16.4682,8.00794,0.00214376,4.68702,0.0028403,0.0133125,FRENET,0.67552,0.523956,0.67552,0,0.523956,0.36962,0
8.78271,16.4682,8.00794,0.00214376,4.68702,0.0028403,0.0133125,FRENET,0.67552,0.523956,0.67552,0,0.523956,0.36962,0
8.7867,16.4682,8.00794,0.00214376,4.68702,0.0028403,0.0133125,FRENET,0.67552,0.523956,0.67552,0,0.523956,0.36962,0
8.79069,16.5151,8.00785,0.0020006,4.68721,-0.0465081,-0.217993,FRENET,0.67552,0.523956,0.67552,0,0.523956,0.36962,0
8.79471,16.5151,8.00785,0.0020006,4.68721,-0.0465081,-0.217993,FRENET,0.67552,0.523956,0.67552,0,0.523956,0.36962,0
8.79932,16.562,8.00772,0.00126722,4.68739,-0.0817004,-0.382962,FRENET,0.67552,0.523956,0.67552,0,0.523956,0.36962,0
8.80271,16.562,8.00772,0.00126722,4.68739,-0.0817004,-0.382962,FRENET,0.67552,0.523956,0.67552,0,0.523956,0.36962,0
8.8067,16.562,8.00772,0.00126722,4.68739,-0.0817004,-0.382962,FRENET,0.67552,0.523956,0.67552,0,0.523956,0.36962,0
8.81069,16.6089,8.00759,0.000373896,4.68757,-0.112688,-0.528235,FRENET,0.67552,0.523956,0.67552,0,0.523956,0.36962,0
8.81471,16.6089,8.00759,0.000373896,4.68757,-0.112688,-0.528235,FRENET,0.67552,0.523956,0.67552,0,0.523956,0.36962,0
8.8193,16.6557,8.00743,-0.000945194,4.68773,-0.133217,-0.624487,FRENET,0.67552,0.523956,0.67552,0,0.523956,0.36962,0
8.82268,16.6557,8.00743,-0.000945194,4.68773,-0.133217,-0.624487,FRENET,0.67552,0.523956,0.67552,0,0.523956,0.36962,0
8.82671,16.6557,8.00743,-0.000945194,4.68773,-0.133217,-0.624487,FRENET,0.312127,0.619409,0.312127,0,0.619409,0.366074,0
8.83069,16.7025,8.00725,-0.00229943,4.67345,-0.154849,-0.723676,FRENET,0.312127,0.619409,0.312127,0,0.619409,0.366074,0
8.83471,16.7025,8.00725,-0.00229943,4.67345,-0.154849,-0.723676,FRENET,0.312127,0.619409,0.312127,0,0.619409,0.366074,0
8.83933,16.7492,8.00702,-0.00400305,4.66188,-0.167424,-0.780509,FRENET,0.312127,0.619409,0.312127,0,0.619409,0.366074,0
8.84272,16.7492,8.00702,-0.00400305,4.66188,-0.167424,-0.780509,FRENET,0.312127,0.619409,0.312127,0,0.619409,0.366074,0
8.84672,16.7492,8.00702,-0.00400305,4.66188,-0.167424,-0.780509,FRENET,0.312127,0.619409,0.312127,0,0.619409,0.366074,0
8.85069,16.7958,8.00677,-0.00565654,4.65251,-0.180444,-0.839519,FRENET,0.312127,0.619409,0.312127,0,0.619409,0.366074,0
8.85471,16.7958,8.00677,-0.00565654,4.65251,-0.180444,-0.839519,FRENET,0.312127,0.619409,0.312127,0,0.619409,0.366074,0
8.85932,16.8423,8.00646,-0.00757964,4.64492,-0.186279,-0.865251,FRENET,0.312127,0.619409,0.312127,0,0.619409,0.366074,0
8.86271,16.8423,8.00646,-0.00757964,4.64492,-0.186279,-0.865251,FRENET,0.312127,0.619409,0.312127,0,0.619409,0.366074,0
8.86671,16.8423,8.00646,-0.00757964,4.64492,-0.186279,-0.865251,FRENET,0.312127,0.619409,0.312127,0,0.619409,0.366074,0
8.87069,16.8887,8.00615,-0.00907108,4.64713,-0.0985383,-0.45792,FRENET,0.312127,0.619409,0.312127,0,0.619409,0.366074,0
8.87471,16.8887,8.00615,-0.00907108,4.64713,-0.0985383,-0.45792,FRENET,0.312127,0.619409,0.312127,0,0.619409,0.366074,0
8.87932,16.9352,8.00588,-0.00962926,4.64923,-0.032573,-0.151439,FRENET,0.339668,0.619409,0.339668,0,0.619409,0.366022,0
8.88271,16.9352,8.00588,-0.00962926,4.64923,-0.032573,-0.151439,FRENET,0.339668,0.619409,0.339668,0,0.619409,0.366022,0
8.88671,16.9352,8.00588,-0.00962926,4.64923,-0.032573,-0.151439,FRENET,0.339668,0.619409,0.339668,0,0.619409,0.366022,0
8.89069,16.9817,8.00561,-0.00975048,4.65123,0.0229847,0.106907,FRENET,0.339668,0.619409,0.339668,0,0.619409,0.366022,0
8.89471,16.9817,8.00561,-0.00975048,4.65123,0.0229847,0.106907,FRENET,0.339668,0.619409,0.339668,0,0.619409,0.366022,0
8.89929,17.0282,8.00537,-0.00922745,4.65314,0.063086,0.293548,FRENET,0.339668,0.619409,0.339668,0,0.619409,0.366022,0
8.9027,17.0282,8.00537,-0.00922745,4.65314,0.063086,0.293548,FRENET,0.339668,0.619409,0.339668,0,0.619409,0.366022,0
8.90671,17.0282,8.00537,-0.00922745,4.65314,0.063086,0.293548,FRENET,0.339668,0.619409,0.339668,0,0.619409,0.366022,0
8.91069,17.0748,8.00514,-0.00849963,4.65496,0.0979201,0.455814,FRENET,0.339668,0.619409,0.339668,0,0.619409,0.366022,0
8.91471,17.0748,8.00514,-0.00849963,4.65496,0.0979201,0.455814,FRENET,0.339668,0.619409,0.339668,0,0.619409,0.366022,0
8.91932,17.1213,8.00495,-0.00731309,4.65669,0.121466,0.565628,FRENET,0.339668,0.619409,0.339668,0,0.619409,0.366022,0
8.92271,17.1213,8.00495,-0.00731309,4.65669,0.121466,0.565628,FRENET,0.339668,0.619409,0.339668,0,0.619409,0.366022,0
8.92672,17.1213,8.00495,-0.00731309,4.65669,0.121466,0.565628,FRENET,0.302649,0.619409,0.302649,0,0.619409,0.360772,0
8.93071,17.1679,8.00476,-0.00606997,4.65833,0.14312,0.6667,FRENET,0.302649,0.619409,0.302649,0,0.619409,0.360772,0
8.93467,17.1679,8.00476,-0.00606997,4.65833,0.14312,0.6667,FRENET,0.302649,0.619409,0.302649,0,0.619409,0.360772,0
8.93933,17.2145,8.00462,-0.00448569,4.6599,0.156209,0.727917,FRENET,0.302649,0.619409,0.302649,0,0.619409,0.360772,0
8.94272,17.2145,8.00462,-0.00448569,4.6599,0.156209,0.727917,FRENET,0.302649,0.619409,0.302649,0,0.619409,0.360772,0
8.94671,17.2145,8.00462,-0.00448569,4.6599,0.156209,0.727917,FRENET,0.302649,0.619409,0.302649,0,0.619409,0.360772,0
8.95071,17.2611,8.0045,-0.00293815,4.6614,0.169601,0.790577,FRENET,0.302649,0.619409,0.302649,0,0.619409,0.360772,0
8.95472,17.2611,8.0045,-0.00293815,4.6614,0.169601,0.790577,FRENET,0.302649,0.619409,0.302649,0,0.619409,0.360772,0
8.95933,17.3077,8.00443,-0.00112283,4.66282,0.176189,0.82154,FRENET,0.302649,0.619409,0.302649,0,0.619409,0.360772,0
8.96271,17.3077,8.00443,-0.00112283,4.66282,0.176189,0.82154,FRENET,0.302649,0.619409,0.302649,0,0.619409,0.360772,0
8.96672,17.3077,8.00443,-0.00112283,4.66282,0.176189,0.82154,FRENET,0.302649,0.619409,0.302649,0,0.619409,0.360772,0
8.97071,17.3544,8.00439,0.000597975,4.66418,0.184494,0.860511,FRENET,0.302649,0.619409,0.302649,0,0.619409,0.360772,0
8.97472,17.3544,8.00439,0.000597975,4.66418,0.184494,0.860511,FRENET,0.302649,0.619409,0.302649,0,0.619409,0.360772,0
8.97934,17.401,8.00441,0.00254162,4.66547,0.18712,0.873003,FRENET,0.312614,0.619409,0.312614,0,0.619409,0.36205,0
8.98272,17.401,8.00441,0.00254162,4.66547,0.18712,0.873003,FRENET,0.312614,0.619409,0.312614,0,0.619409,0.36205,0
8.98672,17.401,8.00441,0.00254162,4.66547,0.18712,0.873003,FRENET,0.312614,0.619409,0.312614,0,0.619409,0.36205,0
8.99071,17.4477,8.00444,0.00403847,4.6667,0.098734,0.460762,FRENET,0.312614,0.619409,0.312614,0,0.619409,0.36205,0
8.99472,17.4477,8.00444,0.00403847,4.6667,0.098734,0.460762,FRENET,0.312614,0.619409,0.312614,0,0.619409,0.36205,0
8.99932,17.4943,8.00444,0.0045957,4.66787,0.0322777,0.150668,FRENET,0.312614,0.619409,0.312614,0,0.619409,0.36205,0
9.00271,17.4943,8.00444,0.0045957,4.66787,0.0322777,0.150668,FRENET,0.312614,0.619409,0.312614,0,0.619409,0.36205,0
9.0067,17.4943,8.00444,0.0045957,4.66787,0.0322777,0.150668,FRENET,0.312614,0.619409,0.312614,0,0.619409,0.36205,0
9.01069,17.541,8.00443,0.0047123,4.66899,-0.0236634,-0.110484,FRENET,0.312614,0.619409,0.312614,0,0.619409,0.36205,0
9.0147,17.541,8.00443,0.0047123,4.66899,-0.0236634,-0.110484,FRENET,0.312614,0.619409,0.312614,0,0.619409,0.36205,0
9.01932,17.5877,8.0044,0.00418066,4.67005,-0.0640544,-0.299138,FRENET,0.312614,0.619409,0.312614,0,0.619409,0.36205,0
9.02271,17.5877,8.0044,0.00418066,4.67005,-0.0640544,-0.299138,FRENET,0.312614,0.619409,0.312614,0,0.619409,0.36205,0
9.0267,17.5877,8.0044,0.00418066,4.67005,-0.0640544,-0.299138,FRENET,0.259727,2.36408,0.259727,0,2.36408,0.368119,0
9.03069,17.6339,8.00437,0.00343578,4.57495,-0.107513,-0.491867,FRENET,0.259727,2.36408,0.259727,0,2.36408,0.368119,0
9.03471,17.6339,8.00437,0.00343578,4.57495,-0.107513,-0.491867,FRENET,0.259727,2.36408,0.259727,0,2.36408,0.368119,0
9.03933,17.6792,8.00428,0.00208889,4.47985,-0.136642,-0.612138,FRENET,0.259727,2.36408,0.259727,0,2.36408,0.368119,0
9.04271,17.6792,8.00428,0.00208889,4.47985,-0.136642,-0.612138,FRENET,0.259727,2.36408,0.259727,0,2.36408,0.368119,0
9.04672,17.6792,8.00428,0.00208889,4.47985,-0.136642,-0.612138,FRENET,0.259727,2.36408,0.259727,0,2.36408,0.368119,0
9.05069,17.7235,8.0042,0.000688063,4.38475,-0.166789,-0.73133,FRENET,0.259727,2.36408,0.259727,0,2.36408,0.368119,0
9.05471,17.7235,8.0042,0.000688063,4.38475,-0.166789,-0.73133,FRENET,0.259727,2.36408,0.259727,0,2.36408,0.368119,0
9.05932,17.7669,8.00406,-0.00119799,4.28965,-0.185667,-0.796448,FRENET,0.259727,2.36408,0.259727,0,2.36408,0.368119,0
9.06271,17.7669,8.00406,-0.00119799,4.28965,-0.185667,-0.796448,FRENET,0.259727,2.36408,0.259727,0,2.36408,0.368119,0
9.0667,17.7669,8.00406,-0.00119799,4.28965,-0.185667,-0.796448,FRENET,0.259727,2.36408,0.259727,0,2.36408,0.368119,0
9.07069,17.8093,8.00392,-0.00304948,4.19455,-0.208239,-0.873468,FRENET,0.259727,2.36408,0.259727,0,2.36408,0.368119,0
9.07471,17.8093,8.00392,-0.00304948,4.19455,-0.208239,-0.873468,FRENET,0.259727,2.36408,0.259727,0,2.36408,0.368119,0
9.07932,17.8508,8.00372,-0.00531776,4.09945,-0.220887,-0.905515,FRENET,0.226112,2.36408,0.226112,0,2.36408,0.36023,0
9.08271,17.8508,8.00372,-0.00531776,4.09945,-0.220887,-0.905515,FRENET,0.226112,2.36408,0.226112,0,2.36408,0.36023,0
9.08671,17.8508,8.00372,-0.00531776,4.09945,-0.220887,-0.905515,FRENET,0.226112,2.36408,0.226112,0,2.36408,0.36023,0
9.09069,17.8914,8.00353,-0.00727179,4.01434,-0.172662,-0.693122,FRENET,0.226112,2.36408,0.226112,0,2.36408,0.36023,0
9.09471,17.8914,8.00353,-0.00727179,4.01434,-0.172662,-0.693122,FRENET,0.226112,2.36408,0.226112,0,2.36408,0.36023,0
9.09932,17.9312,8.00335,-0.00860291,3.94542,-0.076213,-0.300692,FRENET,0.226112,2.36408,0.226112,0,2.36408,0.36023,0
9.10271,17.9312,8.00335,-0.00860291,3.94542,-0.076213,-0.300692,FRENET,0.226112,2.36408,0.226112,0,2.36408,0.36023,0
9.10671,17.9312,8.00335,-0.00860291,3.94542,-0.076213,-0.300692,FRENET,0.226112,2.36408,0.226112,0,2.36408,0.36023,0
9.11069,17.9703,8.00322,-0.00891708,3.8896,-0.0111883,-0.0435181,FRENET,0.226112,2.36408,0.226112,0,2.36408,0.36023,0
9.11471,17.9703,8.00322,-0.00891708,3.8896,-0.0111883,-0.0435181,FRENET,0.226112,2.36408,0.226112,0,2.36408,0.36023,0
9.11932,18.009,8.0031,-0.00885004,3.8444,0.0424875,0.163339,FRENET,0.226112,2.36408,0.226112,0,2.36408,0.36023,0
9.12271,18.009,8.0031,-0.00885004,3.8444,0.0424875,0.163339,FRENET,0.226112,2.36408,0.226112,0,2.36408,0.36023,0
9.12671,18.009,8.0031,-0.00885004,3.8444,0.0424875,0.163339,FRENET,0.226446,2.36408,0.226446,0,2.36408,0.353467,0
9.1307,18.0473,8.00301,-0.00814459,3.8078,0.0770472,0.29338,FRENET,0.226446,2.36408,0.226446,0,2.36408,0.353467,0
9.13471,18.0473,8.00301,-0.00814459,3.8078,0.0770472,0.29338,FRENET,0.226446,2.36408,0.226446,0,2.36408,0.353467,0
9.13928,18.0852,8.00292,-0.00731004,3.77816,0.107697,0.406895,FRENET,0.226446,2.36408,0.226446,0,2.36408,0.353467,0
9.14271,18.0852,8.00292,-0.00731004,3.77816,0.107697,0.406895,FRENET,0.226446,2.36408,0.226446,0,2.36408,0.353467,0
9.1467,18.0852,8.00292,-0.00731004,3.77816,0.107697,0.406895,FRENET,0.226446,2.36408,0.226446,0,2.36408,0.353467,0
9.15069,18.1229,8.00286,-0.0060469,3.75415,0.125136,0.46978,FRENET,0.226446,2.36408,0.226446,0,2.36408,0.353467,0
9.15471,18.1229,8.00286,-0.0060469,3.75415,0.125136,0.46978,FRENET,0.226446,2.36408,0.226446,0,2.36408,0.353467,0
9.15932,18.1603,8.00281,-0.00479716,3.73472,0.142493,0.53217,FRENET,0.226446,2.36408,0.226446,0,2.36408,0.353467,0
9.16271,18.1603,8.00281,-0.00479716,3.73472,0.142493,0.53217,FRENET,0.226446,2.36408,0.226446,0,2.36408,0.353467,0
9.16672,18.1603,8.00281,-0.00479716,3.73472,0.142493,0.53217,FRENET,0.226446,2.36408,0.226446,0,2.36408,0.353467,0
9.17071,18.1976,8.0028,-0.00324115,3.71898,0.150002,0.557853,FRENET,0.226446,2.36408,0.226446,0,2.36408,0.353467,0
9.1747,18.1976,8.0028,-0.00324115,3.71898,0.150002,0.557853,FRENET,0.226446,2.36408,0.226446,0,2.36408,0.353467,0
9.17927,18.2347,8.00279,-0.00178042,3.70623,0.159681,0.591813,FRENET,0.237885,2.36408,0.237885,0,2.36408,0.351766,0
9.18271,18.2347,8.00279,-0.00178042,3.70623,0.159681,0.591813,FRENET,0.237885,2.36408,0.237885,0,2.36408,0.351766,0
9.18671,18.2347,8.00279,-0.00178042,3.70623,0.159681,0.591813,FRENET,0.237885,2.36408,0.237885,0,2.36408,0.351766,0
9.1907,18.2717,8.00284,-8.40587e-05,3.69591,0.161565,0.597128,FRENET,0.237885,2.36408,0.237885,0,2.36408,0.351766,0
9.19472,18.2717,8.00284,-8.40587e-05,3.69591,0.161565,0.597128,FRENET,0.237885,2.36408,0.237885,0,2.36408,0.351766,0
9.19935,18.3086,8.0029,0.00147163,3.68755,0.166988,0.615775,FRENET,0.237885,2.36408,0.237885,0,2.36408,0.351766,0
9.20274,18.3086,8.0029,0.00147163,3.68755,0.166988,0.615775,FRENET,0.237885,2.36408,0.237885,0,2.36408,0.351766,0
9.20675,18.3086,8.0029,0.00147163,3.68755,0.166988,0.615775,FRENET,0.237885,2.36408,0.237885,0,2.36408,0.351766,0
9.21072,18.3455,8.00302,0.00322393,3.68078,0.165867,0.61052,FRENET,0.237885,2.36408,0.237885,0,2.36408,0.351766,0
9.21474,18.3455,8.00302,0.00322393,3.68078,0.165867,0.61052,FRENET,0.237885,2.36408,0.237885,0,2.36408,0.351766,0
9.21933,18.3823,8.00314,0.00449124,3.6753,0.0746594,0.274395,FRENET,0.237885,2.36408,0.237885,0,2.36408,0.351766,0
9.22275,18.3823,8.00314,0.00449124,3.6753,0.0746594,0.274395,FRENET,0.237885,2.36408,0.237885,0,2.36408,0.351766,0
9.22674,18.3823,8.00314,0.00449124,3.6753,0.0746594,0.274395,FRENET,0.35897,1.12338,0.35897,0,1.12338,0.353159,0
9.23073,18.4194,8.00322,0.00489478,3.74807,0.0202711,0.0759775,FRENET,0.35897,1.12338,0.35897,0,1.12338,0.353159,0
9.23474,18.4194,8.00322,0.00489478,3.74807,0.0202711,0.0759775,FRENET,0.35897,1.12338,0.35897,0,1.12338,0.353159,0
9.23932,18.4572,8.0033,0.00492755,3.81738,-0.0234257,-0.0894247,FRENET,0.35897,1.12338,0.35897,0,1.12338,0.353159,0
9.24274,18.4572,8.0033,0.00492755,3.81738,-0.0234257,-0.0894247,FRENET,0.35897,1.12338,0.35897,0,1.12338,0.353159,0
9.24674,18.4572,8.0033,0.00492755,3.81738,-0.0234257,-0.0894247,FRENET,0.35897,1.12338,0.35897,0,1.12338,0.353159,0
9.25072,18.4957,8.00337,0.00447419,3.8834,-0.0536284,-0.20826,FRENET,0.35897,1.12338,0.35897,0,1.12338,0.353159,0
9.25474,18.4957,8.00337,0.00447419,3.8834,-0.0536284,-0.20826,FRENET,0.35897,1.12338,0.35897,0,1.12338,0.353159,0
9.25932,18.5348,8.00342,0.00386637,3.94628,-0.0789691,-0.311634,FRENET,0.35897,1.12338,0.35897,0,1.12338,0.353159,0
9.26274,18.5348,8.00342,0.00386637,3.94628,-0.0789691,-0.311634,FRENET,0.35897,1.12338,0.35897,0,1.12338,0.353159,0
9.26672,18.5348,8.00342,0.00386637,3.94628,-0.0789691,-0.311634,FRENET,0.35897,1.12338,0.35897,0,1.12338,0.353159,0
9.27072,18.5746,8.00344,0.00292835,4.00616,-0.0952062,-0.381412,FRENET,0.35897,1.12338,0.35897,0,1.12338,0.353159,0
9.27473,18.5746,8.00344,0.00292835,4.00616,-0.0952062,-0.381412,FRENET,0.35897,1.12338,0.35897,0,1.12338,0.353159,0
9.27935,18.615,8.00346,0.0019619,4.0632,-0.110045,-0.447136,FRENET,0.396766,1.12338,0.396766,0,1.12338,0.355831,0
9.28274,18.615,8.00346,0.0019619,4.0632,-0.110045,-0.447136,FRENET,0.396766,1.12338,0.396766,0,1.12338,0.355831,0
9.28674,18.615,8.00346,0.0019619,4.0632,-0.110045,-0.447136,FRENET,0.396766,1.12338,0.396766,0,1.12338,0.355831,0
9.29072,18.6559,8.00343,0.000761792,4.12558,-0.117162,-0.483362,FRENET,0.396766,1.12338,0.396766,0,1.12338,0.355831,0
9.29474,18.6559,8.00343,0.000761792,4.12558,-0.117162,-0.483362,FRENET,0.396766,1.12338,0.396766,0,1.12338,0.355831,0
9.29928,18.6975,8.00338,-0.000388851,4.18499,-0.125073,-0.523431,FRENET,0.396766,1.12338,0.396766,0,1.12338,0.355831,0
9.30274,18.6975,8.00338,-0.000388851,4.18499,-0.125073,-0.523431,FRENET,0.396766,1.12338,0.396766,0,1.12338,0.355831,0
9.30674,18.6975,8.00338,-0.000388851,4.18499,-0.125073,-0.523431,FRENET,0.396766,1.12338,0.396766,0,1.12338,0.355831,0
9.31067,18.7396,8.0033,-0.0017215,4.24157,-0.128406,-0.544642,FRENET,0.396766,1.12338,0.396766,0,1.12338,0.355831,0
9.31474,18.7396,8.0033,-0.0017215,4.24157,-0.128406,-0.544642,FRENET,0.396766,1.12338,0.396766,0,1.12338,0.355831,0
9.31932,18.7823,8.00318,-0.00296834,4.29546,-0.133628,-0.573996,FRENET,0.396766,1.12338,0.396766,0,1.12338,0.355831,0
9.32274,18.7823,8.00318,-0.00296834,4.29546,-0.133628,-0.573996,FRENET,0.396766,1.12338,0.396766,0,1.12338,0.355831,0
9.32672,18.7823,8.00318,-0.00296834,4.29546,-0.133628,-0.573996,FRENET,0.363532,1.12338,0.363532,0,1.12338,0.361316,0
9.33071,18.8255,8.00301,-0.0043782,4.3468,-0.135013,-0.586875,FRENET,0.363532,1.12338,0.363532,0,1.12338,0.361316,0
9.33473,18.8255,8.00301,-0.0043782,4.3468,-0.135013,-0.586875,FRENET,0.363532,1.12338,0.363532,0,1.12338,0.361316,0
9.33933,18.8692,8.00282,-0.00568223,4.39568,-0.138912,-0.610614,FRENET,0.363532,1.12338,0.363532,0,1.12338,0.361316,0
9.34272,18.8692,8.00282,-0.00568223,4.39568,-0.138912,-0.610614,FRENET,0.363532,1.12338,0.363532,0,1.12338,0.361316,0
9.34672,18.8692,8.00282,-0.00568223,4.39568,-0.138912,-0.610614,FRENET,0.363532,1.12338,0.363532,0,1.12338,0.361316,0
9.3507,18.9134,8.00256,-0.00714173,4.44225,-0.139361,-0.619078,FRENET,0.363532,1.12338,0.363532,0,1.12338,0.361316,0
9.35472,18.9134,8.00256,-0.00714173,4.44225,-0.139361,-0.619078,FRENET,0.363532,1.12338,0.363532,0,1.12338,0.361316,0
9.35928,18.958,8.00228,-0.00835581,4.4866,-0.104739,-0.469921,FRENET,0.363532,1.12338,0.363532,0,1.12338,0.361316,0
9.36273,18.958,8.00228,-0.00835581,4.4866,-0.104739,-0.469921,FRENET,0.363532,1.12338,0.363532,0,1.12338,0.361316,0
9.36672,18.958,8.00228,-0.00835581,4.4866,-0.104739,-0.469921,FRENET,0.363532,1.12338,0.363532,0,1.12338,0.361316,0
9.37071,19.0031,8.002,-0.00913052,4.52884,-0.0388915,-0.176134,FRENET,0.363532,1.12338,0.363532,0,1.12338,0.361316,0
9.37472,19.0031,8.002,-0.00913052,4.52884,-0.0388915,-0.176134,FRENET,0.363532,1.12338,0.363532,0,1.12338,0.361316,0
9.37928,19.0486,8.00173,-0.00919239,4.56908,0.0105242,0.0480861,FRENET,0.219403,2.12346,0.219403,0,2.12346,0.373511,0
9.38272,19.0486,8.00173,-0.00919239,4.56908,0.0105242,0.0480861,FRENET,0.219403,2.12346,0.219403,0,2.12346,0.373511,0
9.38672,19.0486,8.00173,-0.00919239,4.56908,0.0105242,0.0480861,FRENET,0.219403,2.12346,0.219403,0,2.12346,0.373511,0
9.39065,19.0938,8.00148,-0.00891286,4.47398,0.0671775,0.30055,FRENET,0.219403,2.12346,0.219403,0,2.12346,0.373511,0
9.39473,19.0938,8.00148,-0.00891286,4.47398,0.0671775,0.30055,FRENET,0.219403,2.12346,0.219403,0,2.12346,0.373511,0
9.39932,19.1381,8.00129,-0.00792132,4.37888,0.105329,0.461222,FRENET,0.219403,2.12346,0.219403,0,2.12346,0.373511,0
9.40272,19.1381,8.00129,-0.00792132,4.37888,0.105329,0.461222,FRENET,0.219403,2.12346,0.219403,0,2.12346,0.373511,0
9.40672,19.1381,8.00129,-0.00792132,4.37888,0.105329,0.461222,FRENET,0.219403,2.12346,0.219403,0,2.12346,0.373511,0
9.41074,19.1814,8.00107,-0.00724574,4.28378,0.0103606,0.0443826,FRENET,0.219403,2.12346,0.219403,0,2.12346,0.373511,0
9.41472,19.1814,8.00107,-0.00724574,4.28378,0.0103606,0.0443826,FRENET,0.219403,2.12346,0.219403,0,2.12346,0.373511,0
9.41935,19.2237,8.00078,-0.00760102,4.18868,-0.0539164,-0.225838,FRENET,0.219403,2.12346,0.219403,0,2.12346,0.373511,0
9.42272,19.2237,8.00078,-0.00760102,4.18868,-0.0539164,-0.225838,FRENET,0.219403,2.12346,0.219403,0,2.12346,0.373511,0
9.42671,19.2237,8.00078,-0.00760102,4.18868,-0.0539164,-0.225838,FRENET,0.25643,2.12346,0.25643,0,2.12346,0.360225,0
9.43071,19.2652,8.00046,-0.00830406,4.09358,-0.10836,-0.443579,FRENET,0.25643,2.12346,0.25643,0,2.12346,0.360225,0
9.43468,19.2652,8.00046,-0.00830406,4.09358,-0.10836,-0.443579,FRENET,0.25643,2.12346,0.25643,0,2.12346,0.360225,0
9.43926,19.3056,8.00008,-0.00969043,3.99848,-0.143003,-0.571793,FRENET,0.25643,2.12346,0.25643,0,2.12346,0.360225,0
9.44271,19.3056,8.00008,-0.00969043,3.99848,-0.143003,-0.571793,FRENET,0.25643,2.12346,0.25643,0,2.12346,0.360225,0
9.44671,19.3056,8.00008,-0.00969043,3.99848,-0.143003,-0.571793,FRENET,0.25643,2.12346,0.25643,0,2.12346,0.360225,0
9.45071,19.3451,7.99968,-0.0111722,3.90338,-0.17617,-0.687657,FRENET,0.25643,2.12346,0.25643,0,2.12346,0.360225,0
9.45471,19.3451,7.99968,-0.0111722,3.90338,-0.17617,-0.687657,FRENET,0.25643,2.12346,0.25643,0,2.12346,0.360225,0
9.45929,19.3837,7.99923,-0.0131529,3.80828,-0.194856,-0.742064,FRENET,0.25643,2.12346,0.25643,0,2.12346,0.360225,0
9.46271,19.3837,7.99923,-0.0131529,3.80828,-0.194856,-0.742064,FRENET,0.25643,2.12346,0.25643,0,2.12346,0.360225,0
9.46671,19.3837,7.99923,-0.0131529,3.80828,-0.194856,-0.742064,FRENET,0.25643,2.12346,0.25643,0,2.12346,0.360225,0
9.47071,19.4213,7.99876,-0.0150925,3.71318,-0.216449,-0.803714,FRENET,0.25643,2.12346,0.25643,0,2.12346,0.360225,0
9.47471,19.4213,7.99876,-0.0150925,3.71318,-0.216449,-0.803714,FRENET,0.25643,2.12346,0.25643,0,2.12346,0.360225,0
9.47929,19.4579,7.99824,-0.0174282,3.61808,-0.225957,-0.81753,FRENET,0.235638,2.12346,0.235638,0,2.12346,0.361776,0
9.4827,19.4579,7.99824,-0.0174282,3.61808,-0.225957,-0.81753,FRENET,0.235638,2.12346,0.235638,0,2.12346,0.361776,0
9.48669,19.4579,7.99824,-0.0174282,3.61808,-0.225957,-0.81753,FRENET,0.235638,2.12346,0.235638,0,2.12346,0.361776,0
9.49069,19.4936,7.9977,-0.0196432,3.52298,-0.240733,-0.848095,FRENET,0.235638,2.12346,0.235638,0,2.12346,0.361776,0
9.49469,19.4936,7.9977,-0.0196432,3.52298,-0.240733,-0.848095,FRENET,0.235638,2.12346,0.235638,0,2.12346,0.361776,0
9.49929,19.5284,7.9971,-0.0221913,3.42788,-0.244307,-0.837455,FRENET,0.235638,2.12346,0.235638,0,2.12346,0.361776,0
9.50269,19.5284,7.9971,-0.0221913,3.42788,-0.244307,-0.837455,FRENET,0.235638,2.12346,0.235638,0,2.12346,0.361776,0
9.5067,19.5284,7.9971,-0.0221913,3.42788,-0.244307,-0.837455,FRENET,0.235638,2.12346,0.235638,0,2.12346,0.361776,0
9.51069,19.5622,7.99649,-0.0245663,3.33278,-0.254527,-0.848283,FRENET,0.235638,2.12346,0.235638,0,2.12346,0.361776,0
9.51469,19.5622,7.99649,-0.0245663,3.33278,-0.254527,-0.848283,FRENET,0.235638,2.12346,0.235638,0,2.12346,0.361776,0
9.51924,19.595,7.99581,-0.0272298,3.23768,-0.253667,-0.821292,FRENET,0.235638,2.12346,0.235638,0,2.12346,0.361776,0
9.52269,19.595,7.99581,-0.0272298,3.23768,-0.253667,-0.821292,FRENET,0.235638,2.12346,0.235638,0,2.12346,0.361776,0
9.52669,19.595,7.99581,-0.0272298,3.23768,-0.253667,-0.821292,FRENET,0.229297,2.12346,0.229297,0,2.12346,0.361997,0
9.5307,19.6269,7.99512,-0.029464,3.14258,-0.196803,-0.618467,FRENET,0.229297,2.12346,0.229297,0,2.12346,0.361997,0
9.53464,19.6269,7.99512,-0.029464,3.14258,-0.196803,-0.618467,FRENET,0.229297,2.12346,0.229297,0,2.12346,0.361997,0
9.53924,19.6579,7.99446,-0.0310068,3.04748,-0.0939821,-0.286408,FRENET,0.229297,2.12346,0.229297,0,2.12346,0.361997,0
9.54263,19.6579,7.99446,-0.0310068,3.04748,-0.0939821,-0.286408,FRENET,0.229297,2.12346,0.229297,0,2.12346,0.361997,0
9.54664,19.6579,7.99446,-0.0310068,3.04748,-0.0939821,-0.286408,FRENET,0.229297,2.12346,0.229297,0,2.12346,0.361997,0
9.55069,19.6879,7.99385,-0.0314947,2.95238,-0.0321491,-0.0949161,FRENET,0.229297,2.12346,0.229297,0,2.12346,0.361997,0
9.5547,19.6879,7.99385,-0.0314947,2.95238,-0.0321491,-0.0949161,FRENET,0.229297,2.12346,0.229297,0,2.12346,0.361997,0
9.55929,19.7169,7.99325,-0.0316596,2.86486,0.0198836,0.0569637,FRENET,0.229297,2.12346,0.229297,0,2.12346,0.361997,0
9.5627,19.7169,7.99325,-0.0316596,2.86486,0.0198836,0.0569637,FRENET,0.229297,2.12346,0.229297,0,2.12346,0.361997,0
9.5667,19.7169,7.99325,-0.0316596,2.86486,0.0198836,0.0569637,FRENET,0.229297,2.12346,0.229297,0,2.12346,0.361997,0
9.57063,19.7452,7.99267,-0.031191,2.79398,0.0492965,0.137734,FRENET,0.229297,2.12346,0.229297,0,2.12346,0.361997,0
9.57464,19.7452,7.99267,-0.031191,2.79398,0.0492965,0.137734,FRENET,0.229297,2.12346,0.229297,0,2.12346,0.361997,0
9.57928,19.7729,7.99209,-0.0306499,2.73659,0.0787457,0.215495,FRENET,0.222882,2.12346,0.222882,0,2.12346,0.348246,0
9.58267,19.7729,7.99209,-0.0306499,2.73659,0.0787457,0.215495,FRENET,0.222882,2.12346,0.222882,0,2.12346,0.348246,0
9.58667,19.7729,7.99209,-0.0306499,2.73659,0.0787457,0.215495,FRENET,0.222882,2.12346,0.222882,0,2.12346,0.348246,0
9.59067,19.8,7.99153,-0.0296884,2.69011,0.0918338,0.247043,FRENET,0.222882,2.12346,0.222882,0,2.12346,0.348246,0
9.59467,19.8,7.99153,-0.0296884,2.69011,0.0918338,0.247043,FRENET,0.222882,2.12346,0.222882,0,2.12346,0.348246,0
9.59928,19.8267,7.99096,-0.0287837,2.65248,0.108172,0.286924,FRENET,0.222882,2.12346,0.222882,0,2.12346,0.348246,0
9.60268,19.8267,7.99096,-0.0287837,2.65248,0.108172,0.286924,FRENET,0.222882,2.12346,0.222882,0,2.12346,0.348246,0
9.60668,19.8267,7.99096,-0.0287837,2.65248,0.108172,0.286924,FRENET,0.222882,2.12346,0.222882,0,2.12346,0.348246,0
9.61067,19.8531,7.99042,-0.0275842,2.622,0.11178,0.293086,FRENET,0.222882,2.12346,0.222882,0,2.12346,0.348246,0
9.61468,19.8531,7.99042,-0.0275842,2.622,0.11178,0.293086,FRENET,0.222882,2.12346,0.222882,0,2.12346,0.348246,0
9.61928,19.8792,7.98987,-0.0265145,2.59732,0.120689,0.313468,FRENET,0.222882,2.12346,0.222882,0,2.12346,0.348246,0
9.62268,19.8792,7.98987,-0.0265145,2.59732,0.120689,0.313468,FRENET,0.222882,2.12346,0.222882,0,2.12346,0.348246,0
9.62668,19.8792,7.98987,-0.0265145,2.59732,0.120689,0.313468,FRENET,0.324481,1.42324,0.324481,0,1.42324,0.334663,0
9.63068,19.9055,7.98935,-0.0252762,2.67232,0.1157,0.309188,FRENET,0.324481,1.42324,0.324481,0,1.42324,0.334663,0
9.63468,19.9055,7.98935,-0.0252762,2.67232,0.1157,0.309188,FRENET,0.324481,1.42324,0.324481,0,1.42324,0.334663,0
9.63929,19.9326,7.98881,-0.0241777,2.75064,0.115269,0.317063,FRENET,0.324481,1.42324,0.324481,0,1.42324,0.334663,0
9.64267,19.9326,7.98881,-0.0241777,2.75064,0.115269,0.317063,FRENET,0.324481,1.42324,0.324481,0,1.42324,0.334663,0
9.64667,19.9326,7.98881,-0.0241777,2.75064,0.115269,0.317063,FRENET,0.324481,1.42324,0.324481,0,1.42324,0.334663,0
9.65068,19.9605,7.98829,-0.0229854,2.82522,0.111858,0.316025,FRENET,0.324481,1.42324,0.324481,0,1.42324,0.334663,0
9.65469,19.9605,7.98829,-0.0229854,2.82522,0.111858,0.316025,FRENET,0.324481,1.42324,0.324481,0,1.42324,0.334663,0
9.65929,19.9891,7.98776,-0.0219188,2.89627,0.113163,0.327752,FRENET,0.324481,1.42324,0.324481,0,1.42324,0.334663,0
9.66268,19.9891,7.98776,-0.0219188,2.89627,0.113163,0.327752,FRENET,0.324481,1.42324,0.324481,0,1.42324,0.334663,0
9.66668,19.9891,7.98776,-0.0219188,2.89627,0.113163,0.327752,FRENET,0.324481,1.42324,0.324481,0,1.42324,0.334663,0
9.67068,20.0184,7.98724,-0.020738,2.96393,0.111081,0.329236,FRENET,0.324481,1.42324,0.324481,0,1.42324,0.334663,0
9.67467,20.0184,7.98724,-0.020738,2.96393,0.111081,0.329236,FRENET,0.324481,1.42324,0.324481,0,1.42324,0.334663,0
9.67928,20.0483,7.98673,-0.0196762,3.02838,0.113442,0.343544,FRENET,0.285917,1.42324,0.285917,0,1.42324,0.368111,0
9.68268,20.0483,7.98673,-0.0196762,3.02838,0.113442,0.343544,FRENET,0.285917,1.42324,0.285917,0,1.42324,0.368111,0
9.68667,20.0483,7.98673,-0.0196762,3.02838,0.113442,0.343544,FRENET,0.285917,1.42324,0.285917,0,1.42324,0.368111,0
9.69067,20.0789,7.98624,-0.0184861,3.08976,0.112158,0.346542,FRENET,0.285917,1.42324,0.285917,0,1.42324,0.368111,0
9.69468,20.0789,7.98624,-0.0184861,3.08976,0.112158,0.346542,FRENET,0.285917,1.42324,0.285917,0,1.42324,0.368111,0
9.69927,20.1101,7.98576,-0.0174123,3.14822,0.115158,0.362544,FRENET,0.285917,1.42324,0.285917,0,1.42324,0.368111,0
9.70268,20.1101,7.98576,-0.0174123,3.14822,0.115158,0.362544,FRENET,0.285917,1.42324,0.285917,0,1.42324,0.368111,0
9.70668,20.1101,7.98576,-0.0174123,3.14822,0.115158,0.362544,FRENET,0.285917,1.42324,0.285917,0,1.42324,0.368111,0
9.71067,20.1419,7.98531,-0.0162072,3.21024,0.113526,0.364447,FRENET,0.285917,1.42324,0.285917,0,1.42324,0.368111,0
9.71467,20.1419,7.98531,-0.0162072,3.21024,0.113526,0.364447,FRENET,0.285917,1.42324,0.285917,0,1.42324,0.368111,0
9.71928,20.1743,7.98487,-0.0151211,3.26932,0.116231,0.379997,FRENET,0.285917,1.42324,0.285917,0,1.42324,0.368111,0
9.72268,20.1743,7.98487,-0.0151211,3.26932,0.116231,0.379997,FRENET,0.285917,1.42324,0.285917,0,1.42324,0.368111,0
9.72669,20.1743,7.98487,-0.0151211,3.26932,0.116231,0.379997,FRENET,0.277276,1.42324,0.277276,0,1.42324,0.395437,0
9.73067,20.2073,7.98445,-0.0138988,3.32558,0.115431,0.383876,FRENET,0.277276,1.42324,0.277276,0,1.42324,0.395437,0
9.73468,20.2073,7.98445,-0.0138988,3.32558,0.115431,0.383876,FRENET,0.277276,1.42324,0.277276,0,1.42324,0.395437,0
9.73928,20.2408,7.98406,-0.0127925,3.37916,0.118741,0.401247,FRENET,0.277276,1.42324,0.277276,0,1.42324,0.395437,0
9.74268,20.2408,7.98406,-0.0127925,3.37916,0.118741,0.401247,FRENET,0.277276,1.42324,0.277276,0,1.42324,0.395437,0
9.74671,20.2408,7.98406,-0.0127925,3.37916,0.118741,0.401247,FRENET,0.277276,1.42324,0.277276,0,1.42324,0.395437,0
9.75068,20.2748,7.9837,-0.011541,3.4302,0.118336,0.405915,FRENET,0.277276,1.42324,0.277276,0,1.42324,0.395437,0
9.75469,20.2748,7.9837,-0.011541,3.4302,0.118336,0.405915,FRENET,0.277276,1.42324,0.277276,0,1.42324,0.395437,0
9.75928,20.3094,7.98335,-0.010406,3.47881,0.121933,0.424183,FRENET,0.277276,1.42324,0.277276,0,1.42324,0.395437,0
9.76267,20.3094,7.98335,-0.010406,3.47881,0.121933,0.424183,FRENET,0.277276,1.42324,0.277276,0,1.42324,0.395437,0
9.76667,20.3094,7.98335,-0.010406,3.47881,0.121933,0.424183,FRENET,0.277276,1.42324,0.277276,0,1.42324,0.395437,0
9.77068,20.3444,7.98305,-0.00911995,3.52512,0.121693,0.428982,FRENET,0.277276,1.42324,0.277276,0,1.42324,0.395437,0
9.77467,20.3444,7.98305,-0.00911995,3.52512,0.121693,0.428982,FRENET,0.277276,1.42324,0.277276,0,1.42324,0.395437,0
9.77928,20.3799,7.98277,-0.0079524,3.56921,0.12541,0.447616,FRENET,0.134877,2.40521,0.134877,0,2.40521,0.41933,0
9.78268,20.3799,7.98277,-0.0079524,3.56921,0.12541,0.447616,FRENET,0.134877,2.40521,0.134877,0,2.40521,0.41933,0
9.78668,20.3799,7.98277,-0.0079524,3.56921,0.12541,0.447616,FRENET,0.134877,2.40521,0.134877,0,2.40521,0.41933,0
9.79068,20.4151,7.98255,-0.00644638,3.47411,0.15004,0.521257,FRENET,0.134877,2.40521,0.134877,0,2.40521,0.41933,0
9.79468,20.4151,7.98255,-0.00644638,3.47411,0.15004,0.521257,FRENET,0.134877,2.40521,0.134877,0,2.40521,0.41933,0
9.79925,20.4494,7.98235,-0.00493418,3.37901,0.175416,0.592735,FRENET,0.134877,2.40521,0.134877,0,2.40521,0.41933,0
9.80267,20.4494,7.98235,-0.00493418,3.37901,0.175416,0.592735,FRENET,0.134877,2.40521,0.134877,0,2.40521,0.41933,0
9.80668,20.4494,7.98235,-0.00493418,3.37901,0.175416,0.592735,FRENET,0.134877,2.40521,0.134877,0,2.40521,0.41933,0
9.81067,20.4827,7.98222,-0.00300218,3.28391,0.185944,0.610623,FRENET,0.134877,2.40521,0.134877,0,2.40521,0.41933,0
9.81469,20.4827,7.98222,-0.00300218,3.28391,0.185944,0.610623,FRENET,0.134877,2.40521,0.134877,0,2.40521,0.41933,0
9.81924,20.515,7.98208,-0.00161738,3.18881,0.0739084,0.23568,FRENET,0.134877,2.40521,0.134877,0,2.40521,0.41933,0
9.82267,20.515,7.98208,-0.00161738,3.18881,0.0739084,0.23568,FRENET,0.134877,2.40521,0.134877,0,2.40521,0.41933,0
9.82665,20.515,7.98208,-0.00161738,3.18881,0.0739084,0.23568,FRENET,0.173831,2.40521,0.173831,0.0512819,2.40521,0.286903,0
9.83067,20.5464,7.98184,-0.00179654,3.09371,-0.121196,-0.374946,FRENET,0.173831,2.40521,0.173831,0.0512819,2.40521,0.286903,0
9.83465,20.5464,7.98184,-0.00179654,3.09371,-0.121196,-0.374946,FRENET,0.173831,2.40521,0.173831,0.0512819,2.40521,0.286903,0
9.83932,20.5769,7.98144,-0.00422103,2.99861,-0.371078,-1.11272,FRENET,0.173831,2.40521,0.173831,0.0512819,2.40521,0.286903,0
9.84268,20.5769,7.98144,-0.00422103,2.99861,-0.371078,-1.11272,FRENET,0.173831,2.40521,0.173831,0.0512819,2.40521,0.286903,0
9.84669,20.5769,7.98144,-0.00422103,2.99861,-0.371078,-1.11272,FRENET,0.173831,2.40521,0.173831,0.0512819,2.40521,0.286903,0
9.85073,20.6064,7.98085,-0.00890107,2.90351,-0.529226,-1.53662,FRENET,0.173831,2.40521,0.173831,0.0512819,2.40521,0.286903,0
9.85472,20.6064,7.98085,-0.00890107,2.90351,-0.529226,-1.53662,FRENET,0.173831,2.40521,0.173831,0.0512819,2.40521,0.286903,0
9.85933,20.635,7.98014,-0.0146762,2.80841,-0.642202,-1.80357,FRENET,0.173831,2.40521,0.173831,0.0512819,2.40521,0.286903,0
9.86271,20.635,7.98014,-0.0146762,2.80841,-0.642202,-1.80357,FRENET,0.173831,2.40521,0.173831,0.0512819,2.40521,0.286903,0
9.86671,20.635,7.98014,-0.0146762,2.80841,-0.642202,-1.80357,FRENET,0.173831,2.40521,0.173831,0.0512819,2.40521,0.286903,0
9.87071,20.6626,7.97929,-0.0215658,2.71331,-0.705973,-1.91553,FRENET,0.173831,2.40521,0.173831,0.0512819,2.40521,0.286903,0
9.87471,20.6626,7.97929,-0.0215658,2.71331,-0.705973,-1.91553,FRENET,0.173831,2.40521,0.173831,0.0512819,2.40521,0.286903,0
9.87928,20.6892,7.97838,-0.0283401,2.61821,-0.629879,-1.64916,FRENET,0.174963,2.40521,0.174963,0,2.40521,0.448762,0
9.8827,20.6892,7.97838,-0.0283401,2.61821,-0.629879,-1.64916,FRENET,0.174963,2.40521,0.174963,0,2.40521,0.448762,0
9.88668,20.6892,7.97838,-0.0283401,2.61821,-0.629879,-1.64916,FRENET,0.174963,2.40521,0.174963,0,2.40521,0.448762,0
9.89068,20.7149,7.97745,-0.0342984,2.52311,-0.589229,-1.48669,FRENET,0.174963,2.40521,0.174963,0,2.40521,0.448762,0
9.89468,20.7149,7.97745,-0.0342984,2.52311,-0.589229,-1.48669,FRENET,0.174963,2.40521,0.174963,0,2.40521,0.448762,0
9.89928,20.7396,7.97647,-0.0401083,2.42801,-0.550159,-1.33579,FRENET,0.174963,2.40521,0.174963,0,2.40521,0.448762,0
9.90267,20.7396,7.97647,-0.0401083,2.42801,-0.550159,-1.33579,FRENET,0.174963,2.40521,0.174963,0,2.40521,0.448762,0
9.9067,20.7396,7.97647,-0.0401083,2.42801,-0.550159,-1.33579,FRENET,0.174963,2.40521,0.174963,0,2.40521,0.448762,0
9.91068,20.7634,7.97545,-0.0453875,2.33291,-0.53097,-1.23871,FRENET,0.174963,2.40521,0.174963,0,2.40521,0.448762,0
9.91468,20.7634,7.97545,-0.0453875,2.33291,-0.53097,-1.23871,FRENET,0.174963,2.40521,0.174963,0,2.40521,0.448762,0
9.91928,20.7862,7.97435,-0.0506729,2.23781,-0.502027,-1.12344,FRENET,0.174963,2.40521,0.174963,0,2.40521,0.448762,0
9.92269,20.7862,7.97435,-0.0506729,2.23781,-0.502027,-1.12344,FRENET,0.174963,2.40521,0.174963,0,2.40521,0.448762,0
9.92668,20.7862,7.97435,-0.0506729,2.23781,-0.502027,-1.12344,FRENET,0.155782,2.40521,0.155782,0,2.40521,0.360581,0
9.93068,20.8081,7.97325,-0.0550878,2.14271,-0.367351,-0.787129,FRENET,0.155782,2.40521,0.155782,0,2.40521,0.360581,0
9.93467,20.8081,7.97325,-0.0550878,2.14271,-0.367351,-0.787129,FRENET,0.155782,2.40521,0.155782,0,2.40521,0.360581,0
9.93928,20.829,7.97219,-0.0582452,2.04761,-0.29512,-0.604293,FRENET,0.155782,2.40521,0.155782,0,2.40521,0.360581,0
9.94268,20.829,7.97219,-0.0582452,2.04761,-0.29512,-0.604293,FRENET,0.155782,2.40521,0.155782,0,2.40521,0.360581,0
9.9467,20.829,7.97219,-0.0582452,2.04761,-0.29512,-0.604293,FRENET,0.155782,2.40521,0.155782,0,2.40521,0.360581,0
9.95068,20.849,7.97112,-0.0610049,1.95251,-0.235938,-0.460672,FRENET,0.155782,2.40521,0.155782,0,2.40521,0.360581,0
9.95468,20.849,7.97112,-0.0610049,1.95251,-0.235938,-0.460672,FRENET,0.155782,2.40521,0.155782,0,2.40521,0.360581,0
9.95927,20.868,7.97007,-0.0630939,1.85741,-0.208738,-0.387713,FRENET,0.155782,2.40521,0.155782,0,2.40521,0.360581,0
9.96268,20.868,7.97007,-0.0630939,1.85741,-0.208738,-0.387713,FRENET,0.155782,2.40521,0.155782,0,2.40521,0.360581,0
9.96672,20.868,7.97007,-0.0630939,1.85741,-0.208738,-0.387713,FRENET,0.155782,2.40521,0.155782,0,2.40521,0.360581,0
9.97069,20.8861,7.969,-0.0651262,1.76231,-0.174156,-0.306918,FRENET,0.155782,2.40521,0.155782,0,2.40521,0.360581,0
9.97469,20.8861,7.969,-0.0651262,1.76231,-0.174156,-0.306918,FRENET,0.155782,2.40521,0.155782,0,2.40521,0.360581,0
9.97927,20.9032,7.96795,-0.0666814,1.66721,-0.162573,-0.271044,FRENET,0.24928,3.0025,0.24928,0,3.0025,0.310743,0
9.98267,20.9032,7.96795,-0.0666814,1.66721,-0.162573,-0.271044,FRENET,0.24928,3.0025,0.24928,0,3.0025,0.310743,0
9.98672,20.9032,7.96795,-0.0666814,1.66721,-0.162573,-0.271044,FRENET,0.24928,3.0025,0.24928,0,3.0025,0.310743,0
9.99068,20.92,7.96686,-0.0680806,1.69305,-0.108737,-0.184098,FRENET,0.24928,3.0025,0.24928,0,3.0025,0.310743,0
9.99472,20.92,7.96686,-0.0680806,1.69305,-0.108737,-0.184098,FRENET,0.24928,3.0025,0.24928,0,3.0025,0.310743,0
9.99928,20.937,7.9657,-0.0689892,1.71767,-0.0916603,-0.157442,FRENET,0.24928,3.0025,0.24928,0,3.0025,0.310743,0
10.0027,20.937,7.9657,-0.0689892,1.71767,-0.0916603,-0.157442,FRENET,0.24928,3.0025,0.24928,0,3.0025,0.310743,0
10.0067,20.937,7.9657,-0.0689892,1.71767,-0.0916603,-0.157442,FRENET,0.24928,3.0025,0.24928,0,3.0025,0.310743,0
10.0107,20.9542,7.96447,-0.0699073,1.74111,-0.0779414,-0.135704,FRENET,0.24928,3.0025,0.24928,0,3.0025,0.310743,0
10.0147,20.9542,7.96447,-0.0699073,1.74111,-0.0779414,-0.135704,FRENET,0.24928,3.0025,0.24928,0,3.0025,0.310743,0
10.0193,20.9717,7.96323,-0.0703546,1.76343,-0.00355084,-0.00626166,FRENET,0.24928,3.0025,0.24928,0,3.0025,0.310743,0
10.0227,20.9717,7.96323,-0.0703546,1.76343,-0.00355084,-0.00626166,FRENET,0.24928,3.0025,0.24928,0,3.0025,0.310743,0
10.0267,20.9717,7.96323,-0.0703546,1.76343,-0.00355084,-0.00626166,FRENET,0.210019,3.0025,0.210019,0,3.0025,0.30659,0
10.0307,20.9894,7.96202,-0.0701248,1.7847,0.0298324,0.0532419,FRENET,0.210019,3.0025,0.210019,0,3.0025,0.30659,0
10.0347,20.9894,7.96202,-0.0701248,1.7847,0.0298324,0.0532419,FRENET,0.210019,3.0025,0.210019,0,3.0025,0.30659,0
10.0393,21.0073,7.96081,-0.0697646,1.80495,0.0558092,0.100733,FRENET,0.210019,3.0025,0.210019,0,3.0025,0.30659,0
10.0427,21.0073,7.96081,-0.0697646,1.80495,0.0558092,0.100733,FRENET,0.210019,3.0025,0.210019,0,3.0025,0.30659,0
10.0467,21.0073,7.96081,-0.0697646,1.80495,0.0558092,0.100733,FRENET,0.210019,3.0025,0.210019,0,3.0025,0.30659,0
10.0507,21.0254,7.95962,-0.0690831,1.82424,0.0635061,0.11585,FRENET,0.210019,3.0025,0.210019,0,3.0025,0.30659,0
10.0547,21.0254,7.95962,-0.0690831,1.82424,0.0635061,0.11585,FRENET,0.210019,3.0025,0.210019,0,3.0025,0.30659,0
10.0593,21.0437,7.95843,-0.0684641,1.84262,0.0755027,0.139122,FRENET,0.210019,3.0025,0.210019,0,3.0025,0.30659,0
10.0627,21.0437,7.95843,-0.0684641,1.84262,0.0755027,0.139122,FRENET,0.210019,3.0025,0.210019,0,3.0025,0.30659,0
10.0667,21.0437,7.95843,-0.0684641,1.84262,0.0755027,0.139122,FRENET,0.210019,3.0025,0.210019,0,3.0025,0.30659,0
10.0707,21.0622,7.95726,-0.0676273,1.86012,0.0755675,0.140564,FRENET,0.210019,3.0025,0.210019,0,3.0025,0.30659,0
10.0747,21.0622,7.95726,-0.0676273,1.86012,0.0755675,0.140564,FRENET,0.210019,3.0025,0.210019,0,3.0025,0.30659,0
10.0793,21.0809,7.95609,-0.0669122,1.87678,0.0832055,0.156159,FRENET,0.224531,3.0025,0.224531,0,3.0025,0.330652,0
10.0827,21.0809,7.95609,-0.0669122,1.87678,0.0832055,0.156159,FRENET,0.224531,3.0025,0.224531,0,3.0025,0.330652,0
10.0867,21.0809,7.95609,-0.0669122,1.87678,0.0832055,0.156159,FRENET,0.224531,3.0025,0.224531,0,3.0025,0.330652,0
10.0907,21.0997,7.95493,-0.0660113,1.89266,0.0808268,0.152977,FRENET,0.224531,3.0025,0.224531,0,3.0025,0.330652,0
10.0947,21.0997,7.95493,-0.0660113,1.89266,0.0808268,0.152977,FRENET,0.224531,3.0025,0.224531,0,3.0025,0.330652,0
10.0993,21.1186,7.95377,-0.0652523,1.90778,0.0869629,0.165906,FRENET,0.224531,3.0025,0.224531,0,3.0025,0.330652,0
10.1027,21.1186,7.95377,-0.0652523,1.90778,0.0869629,0.165906,FRENET,0.224531,3.0025,0.224531,0,3.0025,0.330652,0
10.1067,21.1186,7.95377,-0.0652523,1.90778,0.0869629,0.165906,FRENET,0.224531,3.0025,0.224531,0,3.0025,0.330652,0
10.1107,21.1377,7.95263,-0.0643179,1.92218,0.0837263,0.160937,FRENET,0.224531,3.0025,0.224531,0,3.0025,0.330652,0
10.1147,21.1377,7.95263,-0.0643179,1.92218,0.0837263,0.160937,FRENET,0.224531,3.0025,0.224531,0,3.0025,0.330652,0
10.1192,21.157,7.95149,-0.0635336,1.9359,0.089269,0.172815,FRENET,0.224531,3.0025,0.224531,0,3.0025,0.330652,0
10.1227,21.157,7.95149,-0.0635336,1.9359,0.089269,0.172815,FRENET,0.224531,3.0025,0.224531,0,3.0025,0.330652,0
10.1267,21.157,7.95149,-0.0635336,1.9359,0.089269,0.172815,FRENET,0.223366,3.0025,0.223366,0,3.0025,0.363479,0
10.1307,21.1764,7.95037,-0.0625775,1.94896,0.0856936,0.167013,FRENET,0.223366,3.0025,0.223366,0,3.0025,0.363479,0
10.1347,21.1764,7.95037,-0.0625775,1.94896,0.0856936,0.167013,FRENET,0.223366,3.0025,0.223366,0,3.0025,0.363479,0
10.1393,21.1959,7.94925,-0.0617754,1.9614,0.0909566,0.178402,FRENET,0.223366,3.0025,0.223366,0,3.0025,0.363479,0
10.1427,21.1959,7.94925,-0.0617754,1.9614,0.0909566,0.178402,FRENET,0.223366,3.0025,0.223366,0,3.0025,0.363479,0
10.1467,21.1959,7.94925,-0.0617754,1.9614,0.0909566,0.178402,FRENET,0.223366,3.0025,0.223366,0,3.0025,0.363479,0
10.1507,21.2156,7.94814,-0.060806,1.97804,0.087018,0.172125,FRENET,0.223366,3.0025,0.223366,0,3.0025,0.363479,0
10.1547,21.2156,7.94814,-0.060806,1.97804,0.087018,0.172125,FRENET,0.223366,3.0025,0.223366,0,3.0025,0.363479,0
10.1593,21.2354,7.94704,-0.0599915,1.99389,0.0918889,0.183216,FRENET,0.223366,3.0025,0.223366,0,3.0025,0.363479,0
10.1627,21.2354,7.94704,-0.0599915,1.99389,0.0918889,0.183216,FRENET,0.223366,3.0025,0.223366,0,3.0025,0.363479,0
10.1667,21.2354,7.94704,-0.0599915,1.99389,0.0918889,0.183216,FRENET,0.223366,3.0025,0.223366,0,3.0025,0.363479,0
10.1707,21.2554,7.94595,-0.0590105,2.00898,0.0882662,0.177325,FRENET,0.223366,3.0025,0.223366,0,3.0025,0.363479,0
10.1747,21.2554,7.94595,-0.0590105,2.00898,0.0882662,0.177325,FRENET,0.223366,3.0025,0.223366,0,3.0025,0.363479,0
10.1793,21.2755,7.94486,-0.0581834,2.02336,0.0932291,0.188636,FRENET,0.162957,1.16928,0.162957,0,1.16928,0.380529,0
10.1827,21.2755,7.94486,-0.0581834,2.02336,0.0932291,0.188636,FRENET,0.162957,1.16928,0.162957,0,1.16928,0.380529,0
10.1867,21.2755,7.94486,-0.0581834,2.02336,0.0932291,0.188636,FRENET,0.162957,1.16928,0.162957,0,1.16928,0.380529,0
10.1907,21.2953,7.94383,-0.0571136,1.92826,0.0947853,0.182771,FRENET,0.162957,1.16928,0.162957,0,1.16928,0.380529,0
10.1947,21.2953,7.94383,-0.0571136,1.92826,0.0947853,0.182771,FRENET,0.162957,1.16928,0.162957,0,1.16928,0.380529,0
10.1993,21.314,7.94284,-0.0562268,1.83316,0.106515,0.195259,FRENET,0.162957,1.16928,0.162957,0,1.16928,0.380529,0
10.2026,21.314,7.94284,-0.0562268,1.83316,0.106515,0.195259,FRENET,0.162957,1.16928,0.162957,0,1.16928,0.380529,0
10.2067,21.314,7.94284,-0.0562268,1.83316,0.106515,0.195259,FRENET,0.162957,1.16928,0.162957,0,1.16928,0.380529,0
10.2106,21.3319,7.94194,-0.0550788,1.73806,0.0977123,0.16983,FRENET,0.162957,1.16928,0.162957,0,1.16928,0.380529,0
10.2147,21.3319,7.94194,-0.0550788,1.73806,0.0977123,0.16983,FRENET,0.162957,1.16928,0.162957,0,1.16928,0.380529,0
10.2192,21.3488,7.94105,-0.0545806,1.64498,-0.00989407,-0.0162755,FRENET,0.162957,1.16928,0.162957,0,1.16928,0.380529,0
10.2227,21.3488,7.94105,-0.0545806,1.64498,-0.00989407,-0.0162755,FRENET,0.162957,1.16928,0.162957,0,1.16928,0.380529,0
10.2267,21.3488,7.94105,-0.0545806,1.64498,-0.00989407,-0.0162755,FRENET,0.137791,1.16928,0.137791,0,1.16928,0.34115,0
10.2307,21.3648,7.9401,-0.055368,1.5696,-0.15202,-0.238611,FRENET,0.137791,1.16928,0.137791,0,1.16928,0.34115,0
10.2346,21.3648,7.9401,-0.055368,1.5696,-0.15202,-0.238611,FRENET,0.137791,1.16928,0.137791,0,1.16928,0.34115,0
10.2392,21.3802,7.93908,-0.0572666,1.50856,-0.196542,-0.296497,FRENET,0.137791,1.16928,0.137791,0,1.16928,0.34115,0
10.2426,21.3802,7.93908,-0.0572666,1.50856,-0.196542,-0.296497,FRENET,0.137791,1.16928,0.137791,0,1.16928,0.34115,0
10.2466,21.3802,7.93908,-0.0572666,1.50856,-0.196542,-0.296497,FRENET,0.137791,1.16928,0.137791,0,1.16928,0.34115,0
10.2506,21.395,7.93803,-0.059268,1.45913,-0.22169,-0.323476,FRENET,0.137791,1.16928,0.137791,0,1.16928,0.34115,0
10.2547,21.395,7.93803,-0.059268,1.45913,-0.22169,-0.323476,FRENET,0.137791,1.16928,0.137791,0,1.16928,0.34115,0
10.2592,21.4093,7.93695,-0.0615576,1.41911,-0.214123,-0.303863,FRENET,0.137791,1.16928,0.137791,0,1.16928,0.34115,0
10.2626,21.4093,7.93695,-0.0615576,1.41911,-0.214123,-0.303863,FRENET,0.137791,1.16928,0.137791,0,1.16928,0.34115,0
10.2666,21.4093,7.93695,-0.0615576,1.41911,-0.214123,-0.303863,FRENET,0.137791,1.16928,0.137791,0,1.16928,0.34115,0
10.2706,21.4233,7.93586,-0.0636159,1.38669,-0.217728,-0.301922,FRENET,0.137791,1.16928,0.137791,0,1.16928,0.34115,0
10.2747,21.4233,7.93586,-0.0636159,1.38669,-0.217728,-0.301922,FRENET,0.137791,1.16928,0.137791,0,1.16928,0.34115,0
10.2792,21.437,7.93474,-0.0658198,1.36044,-0.20341,-0.276728,FRENET,0.181606,1.16928,0.181606,0,1.16928,0.306605,0
10.2826,21.437,7.93474,-0.0658198,1.36044,-0.20341,-0.276728,FRENET,0.181606,1.16928,0.181606,0,1.16928,0.306605,0
10.2866,21.437,7.93474,-0.0658198,1.36044,-0.20341,-0.276728,FRENET,0.181606,1.16928,0.181606,0,1.16928,0.306605,0
10.2906,21.4504,7.93361,-0.0677674,1.33919,-0.205978,-0.275843,FRENET,0.181606,1.16928,0.181606,0,1.16928,0.306605,0
10.2946,21.4504,7.93361,-0.0677674,1.33919,-0.205978,-0.275843,FRENET,0.181606,1.16928,0.181606,0,1.16928,0.306605,0
10.2993,21.4637,7.93244,-0.0698574,1.32197,-0.193119,-0.255297,FRENET,0.181606,1.16928,0.181606,0,1.16928,0.306605,0
10.3027,21.4637,7.93244,-0.0698574,1.32197,-0.193119,-0.255297,FRENET,0.181606,1.16928,0.181606,0,1.16928,0.306605,0
10.3067,21.4637,7.93244,-0.0698574,1.32197,-0.193119,-0.255297,FRENET,0.181606,1.16928,0.181606,0,1.16928,0.306605,0
10.3106,21.4768,7.93127,-0.0717138,1.30803,-0.197446,-0.258266,FRENET,0.181606,1.16928,0.181606,0,1.16928,0.306605,0
10.3147,21.4768,7.93127,-0.0717138,1.30803,-0.197446,-0.258266,FRENET,0.181606,1.16928,0.181606,0,1.16928,0.306605,0
10.3192,21.4898,7.93007,-0.0737261,1.29674,-0.186422,-0.241742,FRENET,0.181606,1.16928,0.181606,0,1.16928,0.306605,0
10.3227,21.4898,7.93007,-0.0737261,1.29674,-0.186422,-0.241742,FRENET,0.181606,1.16928,0.181606,0,1.16928,0.306605,0
10.3267,21.4898,7.93007,-0.0737261,1.29674,-0.186422,-0.241742,FRENET,0.150162,1.16928,0.150162,0,1.16928,0.296379,0
10.3307,21.5026,7.92886,-0.0755247,1.2876,-0.192139,-0.247399,FRENET,0.150162,1.16928,0.150162,0,1.16928,0.296379,0
10.3347,21.5026,7.92886,-0.0755247,1.2876,-0.192139,-0.247399,FRENET,0.150162,1.16928,0.150162,0,1.16928,0.296379,0
10.3392,21.5154,7.92762,-0.0774891,1.2802,-0.182316,-0.233401,FRENET,0.150162,1.16928,0.150162,0,1.16928,0.296379,0
10.3427,21.5154,7.92762,-0.0774891,1.2802,-0.182316,-0.233401,FRENET,0.150162,1.16928,0.150162,0,1.16928,0.296379,0
10.3467,21.5154,7.92762,-0.0774891,1.2802,-0.182316,-0.233401,FRENET,0.150162,1.16928,0.150162,0,1.16928,0.296379,0
10.3506,21.5282,7.92637,-0.0792502,1.28544,-0.18788,-0.241508,FRENET,0.150162,1.16928,0.150162,0,1.16928,0.296379,0
10.3547,21.5282,7.92637,-0.0792502,1.28544,-0.18788,-0.241508,FRENET,0.150162,1.16928,0.150162,0,1.16928,0.296379,0
10.3593,21.541,7.92507,-0.0811773,1.29043,-0.180209,-0.232547,FRENET,0.150162,1.16928,0.150162,0,1.16928,0.296379,0
10.3627,21.541,7.92507,-0.0811773,1.29043,-0.180209,-0.232547,FRENET,0.150162,1.16928,0.150162,0,1.16928,0.296379,0
10.3666,21.541,7.92507,-0.0811773,1.29043,-0.180209,-0.232547,FRENET,0.150162,1.16928,0.150162,0,1.16928,0.296379,0
10.3707,21.5539,7.92378,-0.082668,1.29518,-0.110312,-0.142874,FRENET,0.150162,1.16928,0.150162,0,1.16928,0.296379,0
10.3747,21.5539,7.92378,-0.082668,1.29518,-0.110312,-0.142874,FRENET,0.150162,1.16928,0.150162,0,1.16928,0.296379,0
10.3792,21.5668,7.92253,-0.0835615,1.29971,-0.0901523,-0.117172,FRENET,0.18214,3.0781,0.18214,0,3.0781,0.300313,0
10.3826,21.5668,7.92253,-0.0835615,1.29971,-0.0901523,-0.117172,FRENET,0.18214,3.0781,0.18214,0,3.0781,0.300313,0
10.3867,21.5668,7.92253,-0.0835615,1.29971,-0.0901523,-0.117172,FRENET,0.18214,3.0781,0.18214,0,3.0781,0.300313,0
10.3906,21.5796,7.9213,-0.0844399,1.28698,-0.0686083,-0.0882975,FRENET,0.18214,3.0781,0.18214,0,3.0781,0.300313,0
10.3946,21.5796,7.9213,-0.0844399,1.28698,-0.0686083,-0.0882975,FRENET,0.18214,3.0781,0.18214,0,3.0781,0.300313,0
10.3992,21.5924,7.9201,-0.0850384,1.27667,-0.0707398,-0.0903114,FRENET,0.18214,3.0781,0.18214,0,3.0781,0.300313,0
10.4026,21.5924,7.9201,-0.0850384,1.27667,-0.0707398,-0.0903114,FRENET,0.18214,3.0781,0.18214,0,3.0781,0.300313,0
10.4067,21.5924,7.9201,-0.0850384,1.27667,-0.0707398,-0.0903114,FRENET,0.18214,3.0781,0.18214,0,3.0781,0.300313,0
10.4106,21.6051,7.91887,-0.0860567,1.26832,-0.141144,-0.179016,FRENET,0.18214,3.0781,0.18214,0,3.0781,0.300313,0
10.4146,21.6051,7.91887,-0.0860567,1.26832,-0.141144,-0.179016,FRENET,0.18214,3.0781,0.18214,0,3.0781,0.300313,0
10.4192,21.6176,7.91755,-0.0879423,1.26156,-0.23944,-0.302068,FRENET,0.18214,3.0781,0.18214,0,3.0781,0.300313,0
10.4226,21.6176,7.91755,-0.0879423,1.26156,-0.23944,-0.302068,FRENET,0.18214,3.0781,0.18214,0,3.0781,0.300313,0
10.4266,21.6176,7.91755,-0.0879423,1.26156,-0.23944,-0.302068,FRENET,0.182405,3.0781,0.182405,0,3.0781,0.380072,0
10.4306,21.6302,7.91613,-0.0906058,1.25609,-0.268539,-0.337309,FRENET,0.182405,3.0781,0.182405,0,3.0781,0.380072,0
10.4346,21.6302,7.91613,-0.0906058,1.25609,-0.268539,-0.337309,FRENET,0.182405,3.0781,0.182405,0,3.0781,0.380072,0
10.4392,21.6426,7.91464,-0.0933283,1.25165,-0.29177,-0.365196,FRENET,0.182405,3.0781,0.182405,0,3.0781,0.380072,0
10.4426,21.6426,7.91464,-0.0933283,1.25165,-0.29177,-0.365196,FRENET,0.182405,3.0781,0.182405,0,3.0781,0.380072,0
10.4466,21.6426,7.91464,-0.0933283,1.25165,-0.29177,-0.365196,FRENET,0.182405,3.0781,0.182405,0,3.0781,0.380072,0
10.4507,21.655,7.91308,-0.0963323,1.24806,-0.289697,-0.361561,FRENET,0.182405,3.0781,0.182405,0,3.0781,0.380072,0
10.4546,21.655,7.91308,-0.0963323,1.24806,-0.289697,-0.361561,FRENET,0.182405,3.0781,0.182405,0,3.0781,0.380072,0
10.4592,21.6674,7.91148,-0.0991916,1.24516,-0.300009,-0.373558,FRENET,0.182405,3.0781,0.182405,0,3.0781,0.380072,0
10.4626,21.6674,7.91148,-0.0991916,1.24516,-0.300009,-0.373558,FRENET,0.182405,3.0781,0.182405,0,3.0781,0.380072,0
10.4666,21.6674,7.91148,-0.0991916,1.24516,-0.300009,-0.373558,FRENET,0.182405,3.0781,0.182405,0,3.0781,0.380072,0
10.4706,21.6797,7.90982,-0.102247,1.2428,-0.292652,-0.363709,FRENET,0.182405,3.0781,0.182405,0,3.0781,0.380072,0
10.4747,21.6797,7.90982,-0.102247,1.2428,-0.292652,-0.363709,FRENET,0.182405,3.0781,0.182405,0,3.0781,0.380072,0
10.4792,21.692,7.90813,-0.105123,1.2409,-0.300801,-0.373263,FRENET,0.167046,3.0781,0.167046,0,3.0781,0.431229,0
10.4826,21.692,7.90813,-0.105123,1.2409,-0.300801,-0.373263,FRENET,0.167046,3.0781,0.167046,0,3.0781,0.431229,0
10.4866,21.692,7.90813,-0.105123,1.2409,-0.300801,-0.373263,FRENET,0.167046,3.0781,0.167046,0,3.0781,0.431229,0
10.4906,21.7043,7.90639,-0.108181,1.23935,-0.292609,-0.362646,FRENET,0.167046,3.0781,0.167046,0,3.0781,0.431229,0
10.4947,21.7043,7.90639,-0.108181,1.23935,-0.292609,-0.362646,FRENET,0.167046,3.0781,0.167046,0,3.0781,0.431229,0
10.4993,21.7165,7.90462,-0.111056,1.2381,-0.300444,-0.37198,FRENET,0.167046,3.0781,0.167046,0,3.0781,0.431229,0
10.5026,21.7165,7.90462,-0.111056,1.2381,-0.300444,-0.37198,FRENET,0.167046,3.0781,0.167046,0,3.0781,0.431229,0
10.5066,21.7165,7.90462,-0.111056,1.2381,-0.300444,-0.37198,FRENET,0.167046,3.0781,0.167046,0,3.0781,0.431229,0
10.5106,21.7288,7.90281,-0.114109,1.23709,-0.292175,-0.361447,FRENET,0.167046,3.0781,0.167046,0,3.0781,0.431229,0
10.5146,21.7288,7.90281,-0.114109,1.23709,-0.292175,-0.361447,FRENET,0.167046,3.0781,0.167046,0,3.0781,0.431229,0
10.5192,21.741,7.90099,-0.116715,1.23627,-0.221371,-0.273674,FRENET,0.167046,3.0781,0.167046,0,3.0781,0.431229,0
10.5226,21.741,7.90099,-0.116715,1.23627,-0.221371,-0.273674,FRENET,0.167046,3.0781,0.167046,0,3.0781,0.431229,0
10.5266,21.741,7.90099,-0.116715,1.23627,-0.221371,-0.273674,FRENET,0.194297,2.4124,0.194297,0.0354609,2.4124,0.2375,0
10.5306,21.7533,7.8992,-0.118738,1.25512,-0.203934,-0.255961,FRENET,0.194297,2.4124,0.194297,0.0354609,2.4124,0.2375,0
10.5346,21.7533,7.8992,-0.118738,1.25512,-0.203934,-0.255961,FRENET,0.194297,2.4124,0.194297,0.0354609,2.4124,0.2375,0
10.5392,21.7659,7.89737,-0.120767,1.27306,-0.187166,-0.238275,FRENET,0.194297,2.4124,0.194297,0.0354609,2.4124,0.2375,0
10.5426,21.7659,7.89737,-0.120767,1.27306,-0.187166,-0.238275,FRENET,0.194297,2.4124,0.194297,0.0354609,2.4124,0.2375,0
10.5466,21.7659,7.89737,-0.120767,1.27306,-0.187166,-0.238275,FRENET,0.194297,2.4124,0.194297,0.0354609,2.4124,0.2375,0
10.5506,21.7785,7.89554,-0.122321,1.29016,-0.116975,-0.150916,FRENET,0.194297,2.4124,0.194297,0.0354609,2.4124,0.2375,0
10.5546,21.7785,7.89554,-0.122321,1.29016,-0.116975,-0.150916,FRENET,0.194297,2.4124,0.194297,0.0354609,2.4124,0.2375,0
10.5592,21.7914,7.89378,-0.123028,1.30644,-0.0211696,-0.0276569,FRENET,0.194297,2.4124,0.194297,0.0354609,2.4124,0.2375,0
10.5626,21.7914,7.89378,-0.123028,1.30644,-0.0211696,-0.0276569,FRENET,0.194297,2.4124,0.194297,0.0354609,2.4124,0.2375,0
10.5666,21.7914,7.89378,-0.123028,1.30644,-0.0211696,-0.0276569,FRENET,0.194297,2.4124,0.194297,0.0354609,2.4124,0.2375,0
10.5706,21.8044,7.89211,-0.122702,1.32195,0.0882601,0.116676,FRENET,0.194297,2.4124,0.194297,0.0354609,2.4124,0.2375,0
10.5746,21.8044,7.89211,-0.122702,1.32195,0.0882601,0.116676,FRENET,0.194297,2.4124,0.194297,0.0354609,2.4124,0.2375,0
10.5792,21.8176,7.89058,-0.121236,1.33672,0.20586,0.275178,FRENET,0.184362,2.4124,0.184362,0.0304227,2.4124,0.237844,0
10.5826,21.8176,7.89058,-0.121236,1.33672,0.20586,0.275178,FRENET,0.184362,2.4124,0.184362,0.0304227,2.4124,0.237844,0
10.5866,21.8176,7.89058,-0.121236,1.33672,0.20586,0.275178,FRENET,0.184362,2.4124,0.184362,0.0304227,2.4124,0.237844,0
10.5906,21.831,7.88918,-0.11882,1.35079,0.253708,0.342706,FRENET,0.184362,2.4124,0.184362,0.0304227,2.4124,0.237844,0
10.5946,21.831,7.88918,-0.11882,1.35079,0.253708,0.342706,FRENET,0.184362,2.4124,0.184362,0.0304227,2.4124,0.237844,0
10.5992,21.8445,7.88788,-0.116174,1.36419,0.289093,0.394379,FRENET,0.184362,2.4124,0.184362,0.0304227,2.4124,0.237844,0
10.6026,21.8445,7.88788,-0.116174,1.36419,0.289093,0.394379,FRENET,0.184362,2.4124,0.184362,0.0304227,2.4124,0.237844,0
10.6066,21.8445,7.88788,-0.116174,1.36419,0.289093,0.394379,FRENET,0.184362,2.4124,0.184362,0.0304227,2.4124,0.237844,0
10.6106,21.8582,7.88665,-0.113164,1.38814,0.296525,0.411619,FRENET,0.184362,2.4124,0.184362,0.0304227,2.4124,0.237844,0
10.6146,21.8582,7.88665,-0.113164,1.38814,0.296525,0.411619,FRENET,0.184362,2.4124,0.184362,0.0304227,2.4124,0.237844,0
10.6192,21.8722,7.88547,-0.11019,1.41095,0.313548,0.442401,FRENET,0.184362,2.4124,0.184362,0.0304227,2.4124,0.237844,0
10.6226,21.8722,7.88547,-0.11019,1.41095,0.313548,0.442401,FRENET,0.184362,2.4124,0.184362,0.0304227,2.4124,0.237844,0
10.6266,21.8722,7.88547,-0.11019,1.41095,0.313548,0.442401,FRENET,0.177242,2.4124,0.177242,0.0429953,2.4124,0.232495,0
10.6306,21.8863,7.88435,-0.106958,1.43267,0.316685,0.453706,FRENET,0.177242,2.4124,0.177242,0.0429953,2.4124,0.232495,0
10.6346,21.8863,7.88435,-0.106958,1.43267,0.316685,0.453706,FRENET,0.177242,2.4124,0.177242,0.0429953,2.4124,0.232495,0
10.6392,21.9007,7.88324,-0.104053,1.45337,0.256096,0.372202,FRENET,0.177242,2.4124,0.177242,0.0429953,2.4124,0.232495,0
10.6426,21.9007,7.88324,-0.104053,1.45337,0.256096,0.372202,FRENET,0.177242,2.4124,0.177242,0.0429953,2.4124,0.232495,0
10.6466,21.9007,7.88324,-0.104053,1.45337,0.256096,0.372202,FRENET,0.177242,2.4124,0.177242,0.0429953,2.4124,0.232495,0
10.6506,21.9153,7.8821,-0.101686,1.47307,0.236871,0.348929,FRENET,0.177242,2.4124,0.177242,0.0429953,2.4124,0.232495,0
10.6546,21.9153,7.8821,-0.101686,1.47307,0.236871,0.348929,FRENET,0.177242,2.4124,0.177242,0.0429953,2.4124,0.232495,0
10.6592,21.9301,7.88096,-0.0993309,1.49184,0.219821,0.327939,FRENET,0.177242,2.4124,0.177242,0.0429953,2.4124,0.232495,0
10.6626,21.9301,7.88096,-0.0993309,1.49184,0.219821,0.327939,FRENET,0.177242,2.4124,0.177242,0.0429953,2.4124,0.232495,0
10.6666,21.9301,7.88096,-0.0993309,1.49184,0.219821,0.327939,FRENET,0.177242,2.4124,0.177242,0.0429953,2.4124,0.232495,0
10.6706,21.9451,7.8798,-0.0972121,1.50972,0.220878,0.333465,FRENET,0.177242,2.4124,0.177242,0.0429953,2.4124,0.232495,0
10.6747,21.9451,7.8798,-0.0972121,1.50972,0.220878,0.333465,FRENET,0.177242,2.4124,0.177242,0.0429953,2.4124,0.232495,0
10.6792,21.9602,7.87867,-0.0949601,1.52675,0.21372,0.326296,FRENET,0.199343,2.4124,0.199343,0,2.4124,0.463234,0
10.6826,21.9602,7.87867,-0.0949601,1.52675,0.21372,0.326296,FRENET,0.199343,2.4124,0.199343,0,2.4124,0.463234,0
10.6866,21.9602,7.87867,-0.0949601,1.52675,0.21372,0.326296,FRENET,0.199343,2.4124,0.199343,0,2.4124,0.463234,0
10.6906,21.9755,7.87753,-0.0928759,1.54297,0.219524,0.338719,FRENET,0.199343,2.4124,0.199343,0,2.4124,0.463234,0
10.6947,21.9755,7.87753,-0.0928759,1.54297,0.219524,0.338719,FRENET,0.199343,2.4124,0.199343,0,2.4124,0.463234,0
10.6992,21.991,7.87642,-0.0906229,1.55841,0.214868,0.334853,FRENET,0.199343,2.4124,0.199343,0,2.4124,0.463234,0
10.7026,21.991,7.87642,-0.0906229,1.55841,0.214868,0.334853,FRENET,0.199343,2.4124,0.199343,0,2.4124,0.463234,0
10.7066,21.991,7.87642,-0.0906229,1.55841,0.214868,0.334853,FRENET,0.199343,2.4124,0.199343,0,2.4124,0.463234,0
10.7106,22.0066,7.87532,-0.0885212,1.57313,0.221833,0.348971,FRENET,0.199343,2.4124,0.199343,0,2.4124,0.463234,0
10.7146,22.0066,7.87532,-0.0885212,1.57313,0.221833,0.348971,FRENET,0.199343,2.4124,0.199343,0,2.4124,0.463234,0
10.7192,22.0224,7.87424,-0.0862409,1.58714,0.217858,0.34577,FRENET,0.199343,2.4124,0.199343,0,2.4124,0.463234,0
10.7226,22.0224,7.87424,-0.0862409,1.58714,0.217858,0.34577,FRENET,0.199343,2.4124,0.199343,0,2.4124,0.463234,0
10.7266,22.0224,7.87424,-0.0862409,1.58714,0.217858,0.34577,FRENET,0.137867,2.25108,0.137867,0.0327014,2.25108,0.230478,0
10.7306,22.0377,7.87321,-0.0840681,1.49204,0.239,0.356597,FRENET,0.137867,2.25108,0.137867,0.0327014,2.25108,0.230478,0
10.7346,22.0377,7.87321,-0.0840681,1.49204,0.239,0.356597,FRENET,0.137867,2.25108,0.137867,0.0327014,2.25108,0.230478,0
10.7392,22.0522,7.87229,-0.0816098,1.4032,0.226194,0.317395,FRENET,0.137867,2.25108,0.137867,0.0327014,2.25108,0.230478,0
10.7426,22.0522,7.87229,-0.0816098,1.4032,0.226194,0.317395,FRENET,0.137867,2.25108,0.137867,0.0327014,2.25108,0.230478,0
10.7466,22.0522,7.87229,-0.0816098,1.4032,0.226194,0.317395,FRENET,0.137867,2.25108,0.137867,0.0327014,2.25108,0.230478,0
10.7506,22.0658,7.8714,-0.0798094,1.33125,0.124241,0.165396,FRENET,0.137867,2.25108,0.137867,0.0327014,2.25108,0.230478,0
10.7546,22.0658,7.8714,-0.0798094,1.33125,0.124241,0.165396,FRENET,0.137867,2.25108,0.137867,0.0327014,2.25108,0.230478,0
10.7592,22.0788,7.87047,-0.0791865,1.27299,-0.00223114,-0.00284023,FRENET,0.137867,2.25108,0.137867,0.0327014,2.25108,0.230478,0
10.7626,22.0788,7.87047,-0.0791865,1.27299,-0.00223114,-0.00284023,FRENET,0.137867,2.25108,0.137867,0.0327014,2.25108,0.230478,0
10.7666,22.0788,7.87047,-0.0791865,1.27299,-0.00223114,-0.00284023,FRENET,0.137867,2.25108,0.137867,0.0327014,2.25108,0.230478,0
10.7706,22.0913,7.86947,-0.0798362,1.22581,-0.127831,-0.156697,FRENET,0.137867,2.25108,0.137867,0.0327014,2.25108,0.230478,0
10.7746,22.0913,7.86947,-0.0798362,1.22581,-0.127831,-0.156697,FRENET,0.137867,2.25108,0.137867,0.0327014,2.25108,0.230478,0
10.7792,22.1033,7.86838,-0.0814022,1.18761,-0.155597,-0.184788,FRENET,0.138653,2.25108,0.138653,0.0428021,2.25108,0.230378,0
10.7826,22.1033,7.86838,-0.0814022,1.18761,-0.155597,-0.184788,FRENET,0.138653,2.25108,0.138653,0.0428021,2.25108,0.230378,0
10.7866,22.1033,7.86838,-0.0814022,1.18761,-0.155597,-0.184788,FRENET,0.138653,2.25108,0.138653,0.0428021,2.25108,0.230378,0
10.7906,22.1149,7.86727,-0.0829641,1.15667,-0.174837,-0.202228,FRENET,0.138653,2.25108,0.138653,0.0428021,2.25108,0.230378,0
10.7946,22.1149,7.86727,-0.0829641,1.15667,-0.174837,-0.202228,FRENET,0.138653,2.25108,0.138653,0.0428021,2.25108,0.230378,0
10.7992,22.1263,7.86612,-0.0847637,1.13161,-0.163871,-0.185438,FRENET,0.138653,2.25108,0.138653,0.0428021,2.25108,0.230378,0
10.8026,22.1263,7.86612,-0.0847637,1.13161,-0.163871,-0.185438,FRENET,0.138653,2.25108,0.138653,0.0428021,2.25108,0.230378,0
10.8066,22.1263,7.86612,-0.0847637,1.13161,-0.163871,-0.185438,FRENET,0.138653,2.25108,0.138653,0.0428021,2.25108,0.230378,0
10.8106,22.1375,7.86497,-0.0863359,1.11132,-0.170745,-0.189753,FRENET,0.138653,2.25108,0.138653,0.0428021,2.25108,0.230378,0
10.8146,22.1375,7.86497,-0.0863359,1.11132,-0.170745,-0.189753,FRENET,0.138653,2.25108,0.138653,0.0428021,2.25108,0.230378,0
10.8192,22.1484,7.86379,-0.088074,1.09489,-0.157152,-0.172065,FRENET,0.138653,2.25108,0.138653,0.0428021,2.25108,0.230378,0
10.8226,22.1484,7.86379,-0.088074,1.09489,-0.157152,-0.172065,FRENET,0.138653,2.25108,0.138653,0.0428021,2.25108,0.230378,0
10.8267,22.1484,7.86379,-0.088074,1.09489,-0.157152,-0.172065,FRENET,0.122501,2.25108,0.122501,0.0280925,2.25108,0.227434,0
10.8306,22.1593,7.86261,-0.0895819,1.08159,-0.164372,-0.177783,FRENET,0.122501,2.25108,0.122501,0.0280925,2.25108,0.227434,0
10.8346,22.1593,7.86261,-0.0895819,1.08159,-0.164372,-0.177783,FRENET,0.122501,2.25108,0.122501,0.0280925,2.25108,0.227434,0
10.8392,22.17,7.86141,-0.0912602,1.07081,-0.151897,-0.162653,FRENET,0.122501,2.25108,0.122501,0.0280925,2.25108,0.227434,0
10.8427,22.17,7.86141,-0.0912602,1.07081,-0.151897,-0.162653,FRENET,0.122501,2.25108,0.122501,0.0280925,2.25108,0.227434,0
10.8467,22.17,7.86141,-0.0912602,1.07081,-0.151897,-0.162653,FRENET,0.122501,2.25108,0.122501,0.0280925,2.25108,0.227434,0
10.8506,22.1806,7.86022,-0.0927227,1.06209,-0.160173,-0.170118,FRENET,0.122501,2.25108,0.122501,0.0280925,2.25108,0.227434,0
10.8547,22.1806,7.86022,-0.0927227,1.06209,-0.160173,-0.170118,FRENET,0.122501,2.25108,0.122501,0.0280925,2.25108,0.227434,0
10.8592,22.1911,7.859,-0.0943626,1.05502,-0.148591,-0.156767,FRENET,0.122501,2.25108,0.122501,0.0280925,2.25108,0.227434,0
10.8627,22.1911,7.859,-0.0943626,1.05502,-0.148591,-0.156767,FRENET,0.122501,2.25108,0.122501,0.0280925,2.25108,0.227434,0
10.8666,22.1911,7.859,-0.0943626,1.05502,-0.148591,-0.156767,FRENET,0.122501,2.25108,0.122501,0.0280925,2.25108,0.227434,0
10.8707,22.2015,7.85778,-0.0957966,1.0493,-0.157547,-0.165314,FRENET,0.122501,2.25108,0.122501,0.0280925,2.25108,0.227434,0
10.8746,22.2015,7.85778,-0.0957966,1.0493,-0.157547,-0.165314,FRENET,0.122501,2.25108,0.122501,0.0280925,2.25108,0.227434,0
10.8793,22.2119,7.85654,-0.0974124,1.04467,-0.146504,-0.153048,FRENET,0.119683,2.25108,0.119683,0,2.25108,0.419472,0
10.8827,22.2119,7.85654,-0.0974124,1.04467,-0.146504,-0.153048,FRENET,0.119683,2.25108,0.119683,0,2.25108,0.419472,0
10.8867,22.2119,7.85654,-0.0974124,1.04467,-0.146504,-0.153048,FRENET,0.119683,2.25108,0.119683,0,2.25108,0.419472,0
10.8907,22.2223,7.8553,-0.0988285,1.04092,-0.155872,-0.16225,FRENET,0.119683,2.25108,0.119683,0,2.25108,0.419472,0
10.8946,22.2223,7.8553,-0.0988285,1.04092,-0.155872,-0.16225,FRENET,0.119683,2.25108,0.119683,0,2.25108,0.419472,0
10.8993,22.2326,7.85403,-0.100429,1.03788,-0.145161,-0.150659,FRENET,0.119683,2.25108,0.119683,0,2.25108,0.419472,0
10.9027,22.2326,7.85403,-0.100429,1.03788,-0.145161,-0.150659,FRENET,0.119683,2.25108,0.119683,0,2.25108,0.419472,0
10.9067,22.2326,7.85403,-0.100429,1.03788,-0.145161,-0.150659,FRENET,0.119683,2.25108,0.119683,0,2.25108,0.419472,0
10.9107,22.2429,7.85277,-0.101833,1.03542,-0.154788,-0.16027,FRENET,0.119683,2.25108,0.119683,0,2.25108,0.419472,0
10.9147,22.2429,7.85277,-0.101833,1.03542,-0.154788,-0.16027,FRENET,0.119683,2.25108,0.119683,0,2.25108,0.419472,0
10.9193,22.2531,7.85147,-0.103423,1.03342,-0.144287,-0.149109,FRENET,0.119683,2.25108,0.119683,0,2.25108,0.419472,0
10.9227,22.2531,7.85147,-0.103423,1.03342,-0.144287,-0.149109,FRENET,0.119683,2.25108,0.119683,0,2.25108,0.419472,0
10.9267,22.2531,7.85147,-0.103423,1.03342,-0.144287,-0.149109,FRENET,0.13805,2.80572,0.13805,0,2.80572,0.41989,0
10.9307,22.2633,7.8502,-0.104818,1.00619,-0.155257,-0.156218,FRENET,0.13805,2.80572,0.13805,0,2.80572,0.41989,0
10.9347,22.2633,7.8502,-0.104818,1.00619,-0.155257,-0.156218,FRENET,0.13805,2.80572,0.13805,0,2.80572,0.41989,0
10.9393,22.2731,7.84892,-0.106401,0.984141,-0.140299,-0.138074,FRENET,0.13805,2.80572,0.13805,0,2.80572,0.41989,0
10.9427,22.2731,7.84892,-0.106401,0.984141,-0.140299,-0.138074,FRENET,0.13805,2.80572,0.13805,0,2.80572,0.41989,0
10.9467,22.2731,7.84892,-0.106401,0.984141,-0.140299,-0.138074,FRENET,0.13805,2.80572,0.13805,0,2.80572,0.41989,0
10.9507,22.2828,7.84768,-0.107744,0.966283,-0.149167,-0.144138,FRENET,0.13805,2.80572,0.13805,0,2.80572,0.41989,0
10.9546,22.2828,7.84768,-0.107744,0.966283,-0.149167,-0.144138,FRENET,0.13805,2.80572,0.13805,0,2.80572,0.41989,0
10.9593,22.2923,7.84642,-0.109264,0.951822,-0.134349,-0.127877,FRENET,0.13805,2.80572,0.13805,0,2.80572,0.41989,0
10.9627,22.2923,7.84642,-0.109264,0.951822,-0.134349,-0.127877,FRENET,0.13805,2.80572,0.13805,0,2.80572,0.41989,0
10.9667,22.2923,7.84642,-0.109264,0.951822,-0.134349,-0.127877,FRENET,0.13805,2.80572,0.13805,0,2.80572,0.41989,0
10.9707,22.3017,7.84518,-0.110553,0.940112,-0.144124,-0.135492,FRENET,0.13805,2.80572,0.13805,0,2.80572,0.41989,0
10.9747,22.3017,7.84518,-0.110553,0.940112,-0.144124,-0.135492,FRENET,0.13805,2.80572,0.13805,0,2.80572,0.41989,0
10.9792,22.311,7.84393,-0.112025,0.930629,-0.130167,-0.121137,FRENET,0.137991,2.80572,0.137991,0,2.80572,0.402318,0
10.9827,22.311,7.84393,-0.112025,0.930629,-0.130167,-0.121137,FRENET,0.137991,2.80572,0.137991,0,2.80572,0.402318,0
10.9867,22.311,7.84393,-0.112025,0.930629,-0.130167,-0.121137,FRENET,0.137991,2.80572,0.137991,0,2.80572,0.402318,0
10.9907,22.3201,7.84269,-0.113279,0.922949,-0.140792,-0.129943,FRENET,0.137991,2.80572,0.137991,0,2.80572,0.402318,0
10.9947,22.3201,7.84269,-0.113279,0.922949,-0.140792,-0.129943,FRENET,0.137991,2.80572,0.137991,0,2.80572,0.402318,0
10.9993,22.3293,7.84143,-0.11472,0.916731,-0.127455,-0.116842,FRENET,0.137991,2.80572,0.137991,0,2.80572,0.402318,0
11.0027,22.3293,7.84143,-0.11472,0.916731,-0.127455,-0.116842,FRENET,0.137991,2.80572,0.137991,0,2.80572,0.402318,0
11.0067,22.3293,7.84143,-0.11472,0.916731,-0.127455,-0.116842,FRENET,0.137991,2.80572,0.137991,0,2.80572,0.402318,0
11.0107,22.3383,7.84018,-0.11595,0.911695,-0.138647,-0.126404,FRENET,0.137991,2.80572,0.137991,0,2.80572,0.402318,0
11.0147,22.3383,7.84018,-0.11595,0.911695,-0.138647,-0.126404,FRENET,0.137991,2.80572,0.137991,0,2.80572,0.402318,0
11.0193,22.3473,7.83891,-0.117372,0.907616,-0.125705,-0.114092,FRENET,0.137991,2.80572,0.137991,0,2.80572,0.402318,0
11.0227,22.3473,7.83891,-0.117372,0.907616,-0.125705,-0.114092,FRENET,0.137991,2.80572,0.137991,0,2.80572,0.402318,0
11.0267,22.3473,7.83891,-0.117372,0.907616,-0.125705,-0.114092,FRENET,0.120762,2.80572,0.120762,0,2.80572,0.412837,0
11.0307,22.3563,7.83765,-0.118586,0.904314,-0.137263,-0.124129,FRENET,0.120762,2.80572,0.120762,0,2.80572,0.412837,0
11.0347,22.3563,7.83765,-0.118586,0.904314,-0.137263,-0.124129,FRENET,0.120762,2.80572,0.120762,0,2.80572,0.412837,0
11.0393,22.3652,7.83636,-0.119995,0.90164,-0.124571,-0.112318,FRENET,0.120762,2.80572,0.120762,0,2.80572,0.412837,0
11.0427,22.3652,7.83636,-0.119995,0.90164,-0.124571,-0.112318,FRENET,0.120762,2.80572,0.120762,0,2.80572,0.412837,0
11.0467,22.3652,7.83636,-0.119995,0.90164,-0.124571,-0.112318,FRENET,0.120762,2.80572,0.120762,0,2.80572,0.412837,0
11.0507,22.3741,7.83509,-0.1212,0.899474,-0.136364,-0.122656,FRENET,0.120762,2.80572,0.120762,0,2.80572,0.412837,0
11.0547,22.3741,7.83509,-0.1212,0.899474,-0.136364,-0.122656,FRENET,0.120762,2.80572,0.120762,0,2.80572,0.412837,0
11.0593,22.383,7.83378,-0.1226,0.89772,-0.123833,-0.111167,FRENET,0.120762,2.80572,0.120762,0,2.80572,0.412837,0
11.0627,22.383,7.83378,-0.1226,0.89772,-0.123833,-0.111167,FRENET,0.120762,2.80572,0.120762,0,2.80572,0.412837,0
11.0667,22.383,7.83378,-0.1226,0.89772,-0.123833,-0.111167,FRENET,0.120762,2.80572,0.120762,0,2.80572,0.412837,0
11.0707,22.3919,7.83251,-0.123562,0.8963,-0.0622496,-0.0557943,FRENET,0.120762,2.80572,0.120762,0,2.80572,0.412837,0
11.0747,22.3919,7.83251,-0.123562,0.8963,-0.0622496,-0.0557943,FRENET,0.120762,2.80572,0.120762,0,2.80572,0.412837,0
11.0792,22.4008,7.83129,-0.124044,0.89515,-0.0582948,-0.0521826,FRENET,0.104246,2.80572,0.104246,0.0200955,2.80572,0.212757,0
11.0826,22.4008,7.83129,-0.124044,0.89515,-0.0582948,-0.0521826,FRENET,0.104246,2.80572,0.104246,0.0200955,2.80572,0.212757,0
11.0867,22.4008,7.83129,-0.124044,0.89515,-0.0582948,-0.0521826,FRENET,0.104246,2.80572,0.104246,0.0200955,2.80572,0.212757,0
11.0907,22.4096,7.83008,-0.124631,0.894218,-0.040513,-0.0362275,FRENET,0.104246,2.80572,0.104246,0.0200955,2.80572,0.212757,0
11.0947,22.4096,7.83008,-0.124631,0.894218,-0.040513,-0.0362275,FRENET,0.104246,2.80572,0.104246,0.0200955,2.80572,0.212757,0
11.0993,22.4185,7.82889,-0.124985,0.893464,-0.0506706,-0.0452724,FRENET,0.104246,2.80572,0.104246,0.0200955,2.80572,0.212757,0
11.1027,22.4185,7.82889,-0.124985,0.893464,-0.0506706,-0.0452724,FRENET,0.104246,2.80572,0.104246,0.0200955,2.80572,0.212757,0
11.1067,22.4185,7.82889,-0.124985,0.893464,-0.0506706,-0.0452724,FRENET,0.104246,2.80572,0.104246,0.0200955,2.80572,0.212757,0
11.1107,22.4274,7.82769,-0.125525,0.892854,-0.0376044,-0.0335752,FRENET,0.104246,2.80572,0.104246,0.0200955,2.80572,0.212757,0
11.1147,22.4274,7.82769,-0.125525,0.892854,-0.0376044,-0.0335752,FRENET,0.104246,2.80572,0.104246,0.0200955,2.80572,0.212757,0
11.1193,22.4362,7.8265,-0.125861,0.892359,-0.0494459,-0.0441235,FRENET,0.104246,2.80572,0.104246,0.0200955,2.80572,0.212757,0
11.1227,22.4362,7.8265,-0.125861,0.892359,-0.0494459,-0.0441235,FRENET,0.104246,2.80572,0.104246,0.0200955,2.80572,0.212757,0
11.1267,22.4362,7.8265,-0.125861,0.892359,-0.0494459,-0.0441235,FRENET,0.116922,2.77452,0.116922,0.0183476,2.77452,0.212067,0
11.1307,22.445,7.82531,-0.126395,0.879428,-0.0361251,-0.0317694,FRENET,0.116922,2.77452,0.116922,0.0183476,2.77452,0.212067,0
11.1347,22.445,7.82531,-0.126395,0.879428,-0.0361251,-0.0317694,FRENET,0.116922,2.77452,0.116922,0.0183476,2.77452,0.212067,0
11.1393,22.4536,7.82415,-0.126716,0.868956,-0.0490828,-0.0426508,FRENET,0.116922,2.77452,0.116922,0.0183476,2.77452,0.212067,0
11.1427,22.4536,7.82415,-0.126716,0.868956,-0.0490828,-0.0426508,FRENET,0.116922,2.77452,0.116922,0.0183476,2.77452,0.212067,0
11.1467,22.4536,7.82415,-0.126716,0.868956,-0.0490828,-0.0426508,FRENET,0.116922,2.77452,0.116922,0.0183476,2.77452,0.212067,0
11.1507,22.4622,7.82296,-0.127481,0.860476,-0.110077,-0.0947187,FRENET,0.116922,2.77452,0.116922,0.0183476,2.77452,0.212067,0
11.1547,22.4622,7.82296,-0.127481,0.860476,-0.110077,-0.0947187,FRENET,0.116922,2.77452,0.116922,0.0183476,2.77452,0.212067,0
11.1592,22.4707,7.82171,-0.128709,0.853609,-0.110391,-0.0942307,FRENET,0.116922,2.77452,0.116922,0.0183476,2.77452,0.212067,0
11.1627,22.4707,7.82171,-0.128709,0.853609,-0.110391,-0.0942307,FRENET,0.116922,2.77452,0.116922,0.0183476,2.77452,0.212067,0
11.1667,22.4707,7.82171,-0.128709,0.853609,-0.110391,-0.0942307,FRENET,0.116922,2.77452,0.116922,0.0183476,2.77452,0.212067,0
11.1707,22.4791,7.82046,-0.129801,0.848048,-0.127603,-0.108213,FRENET,0.116922,2.77452,0.116922,0.0183476,2.77452,0.212067,0
11.1747,22.4791,7.82046,-0.129801,0.848048,-0.127603,-0.108213,FRENET,0.116922,2.77452,0.116922,0.0183476,2.77452,0.212067,0
11.1793,22.4875,7.81917,-0.131119,0.843545,-0.114828,-0.0968628,FRENET,0.123304,2.77452,0.123304,0.0322547,2.77452,0.20746,0
11.1827,22.4875,7.81917,-0.131119,0.843545,-0.114828,-0.0968628,FRENET,0.123304,2.77452,0.123304,0.0322547,2.77452,0.20746,0
11.1867,22.4875,7.81917,-0.131119,0.843545,-0.114828,-0.0968628,FRENET,0.123304,2.77452,0.123304,0.0322547,2.77452,0.20746,0
11.1907,22.4958,7.81789,-0.132232,0.839898,-0.128292,-0.107752,FRENET,0.123304,2.77452,0.123304,0.0322547,2.77452,0.20746,0
11.1947,22.4958,7.81789,-0.132232,0.839898,-0.128292,-0.107752,FRENET,0.123304,2.77452,0.123304,0.0322547,2.77452,0.20746,0
11.1993,22.5041,7.81659,-0.133548,0.836945,-0.114416,-0.0957601,FRENET,0.123304,2.77452,0.123304,0.0322547,2.77452,0.20746,0
11.2027,22.5041,7.81659,-0.133548,0.836945,-0.114416,-0.0957601,FRENET,0.123304,2.77452,0.123304,0.0322547,2.77452,0.20746,0
11.2067,22.5041,7.81659,-0.133548,0.836945,-0.114416,-0.0957601,FRENET,0.123304,2.77452,0.123304,0.0322547,2.77452,0.20746,0
11.2107,22.5123,7.81529,-0.134656,0.834553,-0.127679,-0.106555,FRENET,0.123304,2.77452,0.123304,0.0322547,2.77452,0.20746,0
11.2147,22.5123,7.81529,-0.134656,0.834553,-0.127679,-0.106555,FRENET,0.123304,2.77452,0.123304,0.0322547,2.77452,0.20746,0
11.2193,22.5206,7.81397,-0.135966,0.832617,-0.113777,-0.0947327,FRENET,0.123304,2.77452,0.123304,0.0322547,2.77452,0.20746,0
11.2227,22.5206,7.81397,-0.135966,0.832617,-0.113777,-0.0947327,FRENET,0.123304,2.77452,0.123304,0.0322547,2.77452,0.20746,0
11.2267,22.5206,7.81397,-0.135966,0.832617,-0.113777,-0.0947327,FRENET,0.135302,2.77452,0.135302,0.0257265,2.77452,0.20542,0
11.2307,22.5288,7.81265,-0.137067,0.831048,-0.127136,-0.105656,FRENET,0.135302,2.77452,0.135302,0.0257265,2.77452,0.20542,0
11.2347,22.5288,7.81265,-0.137067,0.831048,-0.127136,-0.105656,FRENET,0.135302,2.77452,0.135302,0.0257265,2.77452,0.20542,0
11.2393,22.537,7.81132,-0.138372,0.829778,-0.113296,-0.0940109,FRENET,0.135302,2.77452,0.135302,0.0257265,2.77452,0.20542,0
11.2427,22.537,7.81132,-0.138372,0.829778,-0.113296,-0.0940109,FRENET,0.135302,2.77452,0.135302,0.0257265,2.77452,0.20542,0
11.2467,22.537,7.81132,-0.138372,0.829778,-0.113296,-0.0940109,FRENET,0.135302,2.77452,0.135302,0.0257265,2.77452,0.20542,0
11.2507,22.5451,7.80999,-0.13947,0.82875,-0.12675,-0.105044,FRENET,0.135302,2.77452,0.135302,0.0257265,2.77452,0.20542,0
11.2547,22.5451,7.80999,-0.13947,0.82875,-0.12675,-0.105044,FRENET,0.135302,2.77452,0.135302,0.0257265,2.77452,0.20542,0
11.2593,22.5533,7.80864,-0.140771,0.827917,-0.112966,-0.0935267,FRENET,0.135302,2.77452,0.135302,0.0257265,2.77452,0.20542,0
11.2627,22.5533,7.80864,-0.140771,0.827917,-0.112966,-0.0935267,FRENET,0.135302,2.77452,0.135302,0.0257265,2.77452,0.20542,0
11.2667,22.5533,7.80864,-0.140771,0.827917,-0.112966,-0.0935267,FRENET,0.135302,2.77452,0.135302,0.0257265,2.77452,0.20542,0
11.2707,22.5615,7.80728,-0.141867,0.834678,-0.126306,-0.105425,FRENET,0.135302,2.77452,0.135302,0.0257265,2.77452,0.20542,0
11.2747,22.5615,7.80728,-0.141867,0.834678,-0.126306,-0.105425,FRENET,0.135302,2.77452,0.135302,0.0257265,2.77452,0.20542,0
11.2793,22.5698,7.8059,-0.143168,0.841117,-0.114246,-0.0960939,FRENET,0.11684,2.77452,0.11684,0,2.77452,0.458929,0
11.2827,22.5698,7.8059,-0.143168,0.841117,-0.114246,-0.0960939,FRENET,0.11684,2.77452,0.11684,0,2.77452,0.458929,0
11.2867,22.5698,7.8059,-0.143168,0.841117,-0.114246,-0.0960939,FRENET,0.11684,2.77452,0.11684,0,2.77452,0.458929,0
11.2907,22.5781,7.80453,-0.144057,0.84725,-0.0572926,-0.0485412,FRENET,0.11684,2.77452,0.11684,0,2.77452,0.458929,0
11.2947,22.5781,7.80453,-0.144057,0.84725,-0.0572926,-0.0485412,FRENET,0.11684,2.77452,0.11684,0,2.77452,0.458929,0
11.2992,22.5865,7.80319,-0.144504,0.853092,-0.0557126,-0.047528,FRENET,0.11684,2.77452,0.11684,0,2.77452,0.458929,0
11.3027,22.5865,7.80319,-0.144504,0.853092,-0.0557126,-0.047528,FRENET,0.11684,2.77452,0.11684,0,2.77452,0.458929,0
11.3067,22.5865,7.80319,-0.144504,0.853092,-0.0557126,-0.047528,FRENET,0.11684,2.77452,0.11684,0,2.77452,0.458929,0
11.3107,22.595,7.80186,-0.145066,0.858655,-0.038385,-0.0329595,FRENET,0.11684,2.77452,0.11684,0,2.77452,0.458929,0
11.3147,22.595,7.80186,-0.145066,0.858655,-0.038385,-0.0329595,FRENET,0.11684,2.77452,0.11684,0,2.77452,0.458929,0
11.3193,22.6035,7.80054,-0.145403,0.863955,-0.0491226,-0.0424397,FRENET,0.11684,2.77452,0.11684,0,2.77452,0.458929,0
11.3227,22.6035,7.80054,-0.145403,0.863955,-0.0491226,-0.0424397,FRENET,0.11684,2.77452,0.11684,0,2.77452,0.458929,0
11.3267,22.6035,7.80054,-0.145403,0.863955,-0.0491226,-0.0424397,FRENET,0.117399,2.77452,0.117399,0.0146522,2.77452,0.202132,0
11.3307,22.612,7.7992,-0.145927,0.869002,-0.0362064,-0.0314634,FRENET,0.117399,2.77452,0.117399,0.0146522,2.77452,0.202132,0
11.3347,22.612,7.7992,-0.145927,0.869002,-0.0362064,-0.0314634,FRENET,0.117399,2.77452,0.117399,0.0146522,2.77452,0.202132,0
11.3393,22.6207,7.79787,-0.146252,0.873809,-0.0483219,-0.0422241,FRENET,0.117399,2.77452,0.117399,0.0146522,2.77452,0.202132,0
11.3427,22.6207,7.79787,-0.146252,0.873809,-0.0483219,-0.0422241,FRENET,0.117399,2.77452,0.117399,0.0146522,2.77452,0.202132,0
11.3467,22.6207,7.79787,-0.146252,0.873809,-0.0483219,-0.0422241,FRENET,0.117399,2.77452,0.117399,0.0146522,2.77452,0.202132,0
11.3507,22.6293,7.79652,-0.146772,0.878388,-0.0361807,-0.0317807,FRENET,0.117399,2.77452,0.117399,0.0146522,2.77452,0.202132,0
11.3547,22.6293,7.79652,-0.146772,0.878388,-0.0361807,-0.0317807,FRENET,0.117399,2.77452,0.117399,0.0146522,2.77452,0.202132,0
11.3592,22.638,7.79517,-0.147097,0.882748,-0.0484098,-0.0427337,FRENET,0.117399,2.77452,0.117399,0.0146522,2.77452,0.202132,0
11.3627,22.638,7.79517,-0.147097,0.882748,-0.0484098,-0.0427337,FRENET,0.117399,2.77452,0.117399,0.0146522,2.77452,0.202132,0
11.3667,22.638,7.79517,-0.147097,0.882748,-0.0484098,-0.0427337,FRENET,0.117399,2.77452,0.117399,0.0146522,2.77452,0.202132,0
11.3707,22.6467,7.79379,-0.147619,0.886902,-0.036524,-0.0323932,FRENET,0.117399,2.77452,0.117399,0.0146522,2.77452,0.202132,0
11.3747,22.6467,7.79379,-0.147619,0.886902,-0.036524,-0.0323932,FRENET,0.117399,2.77452,0.117399,0.0146522,2.77452,0.202132,0
11.3792,22.6555,7.79242,-0.147948,0.890858,-0.0486711,-0.043359,FRENET,0.133555,2.7811,0.133555,0,2.7811,0.492218,0
11.3827,22.6555,7.79242,-0.147948,0.890858,-0.0486711,-0.043359,FRENET,0.133555,2.7811,0.133555,0,2.7811,0.492218,0
11.3866,22.6555,7.79242,-0.147948,0.890858,-0.0486711,-0.043359,FRENET,0.133555,2.7811,0.133555,0,2.7811,0.492218,0
11.3906,22.6644,7.79103,-0.148473,0.895965,-0.0370129,-0.0331623,FRENET,0.133555,2.7811,0.133555,0,2.7811,0.492218,0
11.3946,22.6644,7.79103,-0.148473,0.895965,-0.0370129,-0.0331623,FRENET,0.133555,2.7811,0.133555,0,2.7811,0.492218,0
11.3993,22.6732,7.78964,-0.148806,0.90083,-0.0489564,-0.0441014,FRENET,0.133555,2.7811,0.133555,0,2.7811,0.492218,0
11.4027,22.6732,7.78964,-0.148806,0.90083,-0.0489564,-0.0441014,FRENET,0.133555,2.7811,0.133555,0,2.7811,0.492218,0
11.4067,22.6732,7.78964,-0.148806,0.90083,-0.0489564,-0.0441014,FRENET,0.133555,2.7811,0.133555,0,2.7811,0.492218,0
11.4107,22.6821,7.7882,-0.149567,0.905463,-0.109468,-0.0991188,FRENET,0.133555,2.7811,0.133555,0,2.7811,0.492218,0
11.4147,22.6821,7.7882,-0.149567,0.905463,-0.109468,-0.0991188,FRENET,0.133555,2.7811,0.133555,0,2.7811,0.492218,0
11.4193,22.6911,7.78669,-0.150805,0.909876,-0.114771,-0.104427,FRENET,0.133555,2.7811,0.133555,0,2.7811,0.492218,0
11.4227,22.6911,7.78669,-0.150805,0.909876,-0.114771,-0.104427,FRENET,0.133555,2.7811,0.133555,0,2.7811,0.492218,0
11.4267,22.6911,7.78669,-0.150805,0.909876,-0.114771,-0.104427,FRENET,0.137867,2.7811,0.137867,0,2.7811,0.532938,0
11.4307,22.7001,7.78515,-0.151953,0.914079,-0.13278,-0.121372,FRENET,0.137867,2.7811,0.137867,0,2.7811,0.532938,0
11.4347,22.7001,7.78515,-0.151953,0.914079,-0.13278,-0.121372,FRENET,0.137867,2.7811,0.137867,0,2.7811,0.532938,0
11.4392,22.7092,7.78355,-0.153331,0.927133,-0.124585,-0.115507,FRENET,0.137867,2.7811,0.137867,0,2.7811,0.532938,0
11.4427,22.7092,7.78355,-0.153331,0.927133,-0.124585,-0.115507,FRENET,0.137867,2.7811,0.137867,0,2.7811,0.532938,0
11.4467,22.7092,7.78355,-0.153331,0.927133,-0.124585,-0.115507,FRENET,0.137867,2.7811,0.137867,0,2.7811,0.532938,0
11.4507,22.7183,7.78193,-0.154551,0.939566,-0.137652,-0.129333,FRENET,0.137867,2.7811,0.137867,0,2.7811,0.532938,0
11.4547,22.7183,7.78193,-0.154551,0.939566,-0.137652,-0.129333,FRENET,0.137867,2.7811,0.137867,0,2.7811,0.532938,0
11.4592,22.7277,7.78026,-0.155978,0.951408,-0.129317,-0.123033,FRENET,0.137867,2.7811,0.137867,0,2.7811,0.532938,0
11.4627,22.7277,7.78026,-0.155978,0.951408,-0.129317,-0.123033,FRENET,0.137867,2.7811,0.137867,0,2.7811,0.532938,0
11.4667,22.7277,7.78026,-0.155978,0.951408,-0.129317,-0.123033,FRENET,0.137867,2.7811,0.137867,0,2.7811,0.532938,0
11.4707,22.7371,7.77859,-0.15701,0.962688,-0.0706113,-0.0679766,FRENET,0.137867,2.7811,0.137867,0,2.7811,0.532938,0
11.4747,22.7371,7.77859,-0.15701,0.962688,-0.0706113,-0.0679766,FRENET,0.137867,2.7811,0.137867,0,2.7811,0.532938,0
11.4793,22.7466,7.77695,-0.157571,0.97343,-0.0637641,-0.0620699,FRENET,0.13841,2.7811,0.13841,0.0153532,2.7811,0.194257,0
11.4827,22.7466,7.77695,-0.157571,0.97343,-0.0637641,-0.0620699,FRENET,0.13841,2.7811,0.13841,0.0153532,2.7811,0.194257,0
11.4867,22.7466,7.77695,-0.157571,0.97343,-0.0637641,-0.0620699,FRENET,0.13841,2.7811,0.13841,0.0153532,2.7811,0.194257,0
11.4907,22.7563,7.77529,-0.158211,0.983662,-0.0473312,-0.0465579,FRENET,0.13841,2.7811,0.13841,0.0153532,2.7811,0.194257,0
11.4947,22.7563,7.77529,-0.158211,0.983662,-0.0473312,-0.0465579,FRENET,0.13841,2.7811,0.13841,0.0153532,2.7811,0.194257,0
11.4992,22.766,7.77364,-0.158629,0.993408,-0.0549215,-0.0545594,FRENET,0.13841,2.7811,0.13841,0.0153532,2.7811,0.194257,0
11.5027,22.766,7.77364,-0.158629,0.993408,-0.0549215,-0.0545594,FRENET,0.13841,2.7811,0.13841,0.0153532,2.7811,0.194257,0
11.5067,22.766,7.77364,-0.158629,0.993408,-0.0549215,-0.0545594,FRENET,0.13841,2.7811,0.13841,0.0153532,2.7811,0.194257,0
11.5107,22.7758,7.77197,-0.159214,1.00269,-0.0441398,-0.0442585,FRENET,0.13841,2.7811,0.13841,0.0153532,2.7811,0.194257,0
11.5147,22.7758,7.77197,-0.159214,1.00269,-0.0441398,-0.0442585,FRENET,0.13841,2.7811,0.13841,0.0153532,2.7811,0.194257,0
11.5192,22.7858,7.7703,-0.159612,1.01153,-0.0537188,-0.0543382,FRENET,0.13841,2.7811,0.13841,0.0153532,2.7811,0.194257,0
11.5227,22.7858,7.7703,-0.159612,1.01153,-0.0537188,-0.0543382,FRENET,0.13841,2.7811,0.13841,0.0153532,2.7811,0.194257,0
11.5267,22.7858,7.7703,-0.159612,1.01153,-0.0537188,-0.0543382,FRENET,0.0925945,2.56875,0.0925945,0.0127647,2.56875,0.192476,0
11.5307,22.7956,7.76863,-0.1602,0.982686,-0.0418442,-0.0411197,FRENET,0.0925945,2.56875,0.0925945,0.0127647,2.56875,0.192476,0
11.5347,22.7956,7.76863,-0.1602,0.982686,-0.0418442,-0.0411197,FRENET,0.0925945,2.56875,0.0925945,0.0127647,2.56875,0.192476,0
11.5393,22.8052,7.76701,-0.160572,0.959328,-0.0536441,-0.0514622,FRENET,0.0925945,2.56875,0.0925945,0.0127647,2.56875,0.192476,0
11.5427,22.8052,7.76701,-0.160572,0.959328,-0.0536441,-0.0514622,FRENET,0.0925945,2.56875,0.0925945,0.0127647,2.56875,0.192476,0
11.5467,22.8052,7.76701,-0.160572,0.959328,-0.0536441,-0.0514622,FRENET,0.0925945,2.56875,0.0925945,0.0127647,2.56875,0.192476,0
11.5507,22.8145,7.76541,-0.161146,0.940412,-0.040155,-0.0377623,FRENET,0.0925945,2.56875,0.0925945,0.0127647,2.56875,0.192476,0
11.5547,22.8145,7.76541,-0.161146,0.940412,-0.040155,-0.0377623,FRENET,0.0925945,2.56875,0.0925945,0.0127647,2.56875,0.192476,0
11.5593,22.8237,7.76385,-0.161501,0.925095,-0.0518101,-0.0479293,FRENET,0.0925945,2.56875,0.0925945,0.0127647,2.56875,0.192476,0
11.5627,22.8237,7.76385,-0.161501,0.925095,-0.0518101,-0.0479293,FRENET,0.0925945,2.56875,0.0925945,0.0127647,2.56875,0.192476,0
11.5667,22.8237,7.76385,-0.161501,0.925095,-0.0518101,-0.0479293,FRENET,0.0925945,2.56875,0.0925945,0.0127647,2.56875,0.192476,0
11.5707,22.8328,7.7623,-0.162056,0.91269,-0.0384109,-0.0350573,FRENET,0.0925945,2.56875,0.0925945,0.0127647,2.56875,0.192476,0
11.5747,22.8328,7.7623,-0.162056,0.91269,-0.0384109,-0.0350573,FRENET,0.0925945,2.56875,0.0925945,0.0127647,2.56875,0.192476,0
11.5793,22.8417,7.76077,-0.162397,0.902645,-0.0504193,-0.0455108,FRENET,0.0955127,2.56875,0.0955127,0,2.56875,0.593362,0
11.5827,22.8417,7.76077,-0.162397,0.902645,-0.0504193,-0.0455108,FRENET,0.0955127,2.56875,0.0955127,0,2.56875,0.593362,0
11.5867,22.8417,7.76077,-0.162397,0.902645,-0.0504193,-0.0455108,FRENET,0.0955127,2.56875,0.0955127,0,2.56875,0.593362,0
11.5907,22.8506,7.75924,-0.162937,0.894511,-0.0372136,-0.0332879,FRENET,0.0955127,2.56875,0.0955127,0,2.56875,0.593362,0
11.5947,22.8506,7.75924,-0.162937,0.894511,-0.0372136,-0.0332879,FRENET,0.0955127,2.56875,0.0955127,0,2.56875,0.593362,0
11.5993,22.8594,7.75774,-0.163268,0.887924,-0.0495087,-0.0439599,FRENET,0.0955127,2.56875,0.0955127,0,2.56875,0.593362,0
11.6027,22.8594,7.75774,-0.163268,0.887924,-0.0495087,-0.0439599,FRENET,0.0955127,2.56875,0.0955127,0,2.56875,0.593362,0
11.6067,22.8594,7.75774,-0.163268,0.887924,-0.0495087,-0.0439599,FRENET,0.0955127,2.56875,0.0955127,0,2.56875,0.593362,0
11.6107,22.8681,7.75622,-0.1638,0.882589,-0.0364346,-0.0321568,FRENET,0.0955127,2.56875,0.0955127,0,2.56875,0.593362,0
11.6147,22.8681,7.75622,-0.1638,0.882589,-0.0364346,-0.0321568,FRENET,0.0955127,2.56875,0.0955127,0,2.56875,0.593362,0
11.6192,22.8768,7.75473,-0.164125,0.87827,-0.0489224,-0.0429671,FRENET,0.0955127,2.56875,0.0955127,0,2.56875,0.593362,0
11.6227,22.8768,7.75473,-0.164125,0.87827,-0.0489224,-0.0429671,FRENET,0.0955127,2.56875,0.0955127,0,2.56875,0.593362,0
11.6267,22.8768,7.75473,-0.164125,0.87827,-0.0489224,-0.0429671,FRENET,0.0865746,2.56875,0.0865746,0,2.56875,0.601163,0
11.6307,22.8854,7.75322,-0.16465,0.874771,-0.0359298,-0.0314303,FRENET,0.0865746,2.56875,0.0865746,0,2.56875,0.601163,0
11.6347,22.8854,7.75322,-0.16465,0.874771,-0.0359298,-0.0314303,FRENET,0.0865746,2.56875,0.0865746,0,2.56875,0.601163,0
11.6393,22.894,7.75173,-0.164972,0.871939,-0.0485436,-0.042327,FRENET,0.0865746,2.56875,0.0865746,0,2.56875,0.601163,0
11.6427,22.894,7.75173,-0.164972,0.871939,-0.0485436,-0.042327,FRENET,0.0865746,2.56875,0.0865746,0,2.56875,0.601163,0
11.6467,22.894,7.75173,-0.164972,0.871939,-0.0485436,-0.042327,FRENET,0.0865746,2.56875,0.0865746,0,2.56875,0.601163,0
11.6507,22.9026,7.75022,-0.165493,0.869645,-0.0356014,-0.0309606,FRENET,0.0865746,2.56875,0.0865746,0,2.56875,0.601163,0
11.6547,22.9026,7.75022,-0.165493,0.869645,-0.0356014,-0.0309606,FRENET,0.0865746,2.56875,0.0865746,0,2.56875,0.601163,0
11.6593,22.9112,7.74873,-0.165812,0.867787,-0.0482976,-0.041912,FRENET,0.0865746,2.56875,0.0865746,0,2.56875,0.601163,0
11.6627,22.9112,7.74873,-0.165812,0.867787,-0.0482976,-0.041912,FRENET,0.0865746,2.56875,0.0865746,0,2.56875,0.601163,0
11.6667,22.9112,7.74873,-0.165812,0.867787,-0.0482976,-0.041912,FRENET,0.0865746,2.56875,0.0865746,0,2.56875,0.601163,0
11.6707,22.9197,7.74723,-0.166331,0.866283,-0.0353872,-0.0306553,FRENET,0.0865746,2.56875,0.0865746,0,2.56875,0.601163,0
11.6747,22.9197,7.74723,-0.166331,0.866283,-0.0353872,-0.0306553,FRENET,0.0865746,2.56875,0.0865746,0,2.56875,0.601163,0
11.6793,22.9282,7.74574,-0.166648,0.865064,-0.0481372,-0.0416418,FRENET,0.0717339,3.4121,0.0717339,0,3.4121,0.614359,0
11.6827,22.9282,7.74574,-0.166648,0.865064,-0.0481372,-0.0416418,FRENET,0.0717339,3.4121,0.0717339,0,3.4121,0.614359,0
11.6867,22.9282,7.74574,-0.166648,0.865064,-0.0481372,-0.0416418,FRENET,0.0717339,3.4121,0.0717339,0,3.4121,0.614359,0
11.6907,22.9367,7.74423,-0.167165,0.865195,-0.0353251,-0.0305631,FRENET,0.0717339,3.4121,0.0717339,0,3.4121,0.614359,0
11.6947,22.9367,7.74423,-0.167165,0.865195,-0.0353251,-0.0305631,FRENET,0.0717339,3.4121,0.0717339,0,3.4121,0.614359,0
11.6993,22.9453,7.74273,-0.167482,0.865319,-0.0480344,-0.0415651,FRENET,0.0717339,3.4121,0.0717339,0,3.4121,0.614359,0
11.7027,22.9453,7.74273,-0.167482,0.865319,-0.0480344,-0.0415651,FRENET,0.0717339,3.4121,0.0717339,0,3.4121,0.614359,0
11.7067,22.9453,7.74273,-0.167482,0.865319,-0.0480344,-0.0415651,FRENET,0.0717339,3.4121,0.0717339,0,3.4121,0.614359,0
11.7107,22.9538,7.74121,-0.167999,0.865438,-0.0353058,-0.030555,FRENET,0.0717339,3.4121,0.0717339,0,3.4121,0.614359,0
11.7147,22.9538,7.74121,-0.167999,0.865438,-0.0353058,-0.030555,FRENET,0.0717339,3.4121,0.0717339,0,3.4121,0.614359,0
11.7192,22.9623,7.7397,-0.168315,0.865551,-0.0480341,-0.0415759,FRENET,0.0717339,3.4121,0.0717339,0,3.4121,0.614359,0
11.7227,22.9623,7.7397,-0.168315,0.865551,-0.0480341,-0.0415759,FRENET,0.0717339,3.4121,0.0717339,0,3.4121,0.614359,0
11.7267,22.9623,7.7397,-0.168315,0.865551,-0.0480341,-0.0415759,FRENET,0.058668,3.4121,0.058668,0.0466408,3.4121,0.195269,0
11.7307,22.9708,7.73818,-0.168832,0.865658,-0.0353159,-0.0305715,FRENET,0.058668,3.4121,0.058668,0.0466408,3.4121,0.195269,0
11.7347,22.9708,7.73818,-0.168832,0.865658,-0.0353159,-0.0305715,FRENET,0.058668,3.4121,0.058668,0.0466408,3.4121,0.195269,0
11.7392,22.9793,7.73667,-0.169149,0.865761,-0.0480419,-0.0415928,FRENET,0.058668,3.4121,0.058668,0.0466408,3.4121,0.195269,0
11.7427,22.9793,7.73667,-0.169149,0.865761,-0.0480419,-0.0415928,FRENET,0.058668,3.4121,0.058668,0.0466408,3.4121,0.195269,0
11.7467,22.9793,7.73667,-0.169149,0.865761,-0.0480419,-0.0415928,FRENET,0.058668,3.4121,0.058668,0.0466408,3.4121,0.195269,0
11.7507,22.9879,7.73513,-0.169666,0.865858,-0.0353274,-0.0305885,FRENET,0.058668,3.4121,0.058668,0.0466408,3.4121,0.195269,0
11.7547,22.9879,7.73513,-0.169666,0.865858,-0.0353274,-0.0305885,FRENET,0.058668,3.4121,0.058668,0.0466408,3.4121,0.195269,0
11.7593,22.9964,7.73361,-0.169982,0.865951,-0.0480497,-0.0416087,FRENET,0.058668,3.4121,0.058668,0.0466408,3.4121,0.195269,0
11.7627,22.9964,7.73361,-0.169982,0.865951,-0.0480497,-0.0416087,FRENET,0.058668,3.4121,0.058668,0.0466408,3.4121,0.195269,0
11.7667,22.9964,7.73361,-0.169982,0.865951,-0.0480497,-0.0416087,FRENET,0.058668,3.4121,0.058668,0.0466408,3.4121,0.195269,0
11.7707,23.0049,7.73207,-0.1705,0.866039,-0.035338,-0.0306041,FRENET,0.058668,3.4121,0.058668,0.0466408,3.4121,0.195269,0
11.7747,23.0049,7.73207,-0.1705,0.866039,-0.035338,-0.0306041,FRENET,0.058668,3.4121,0.058668,0.0466408,3.4121,0.195269,0
11.7793,23.0134,7.73054,-0.170816,0.866124,-0.0480569,-0.0416232,FGM,0.12889,0.207862,0.0605892,0.12889,3.4121,0.207862,0
11.7827,23.0134,7.73054,-0.170816,0.866124,-0.0480569,-0.0416232,FGM,0.12889,0.207862,0.0605892,0.12889,3.4121,0.207862,0
11.7867,23.0134,7.73054,-0.170816,0.866124,-0.0480569,-0.0416232,FGM,0.12889,0.207862,0.0605892,0.12889,3.4121,0.207862,0
11.7907,23.0221,7.72898,-0.171329,0.884502,-0.0365835,-0.0323582,FGM,0.12889,0.207862,0.0605892,0.12889,3.4121,0.207862,0
11.7947,23.0221,7.72898,-0.171329,0.884502,-0.0365835,-0.0323582,FGM,0.12889,0.207862,0.0605892,0.12889,3.4121,0.207862,0
11.7993,23.0308,7.7274,-0.171661,0.902006,-0.048051,-0.0433423,FGM,0.12889,0.207862,0.0605892,0.12889,3.4121,0.207862,0
11.8027,23.0308,7.7274,-0.171661,0.902006,-0.048051,-0.0433423,FGM,0.12889,0.207862,0.0605892,0.12889,3.4121,0.207862,0
11.8067,23.0308,7.7274,-0.171661,0.902006,-0.048051,-0.0433423,FGM,0.12889,0.207862,0.0605892,0.12889,3.4121,0.207862,0
11.8107,23.0398,7.72574,-0.172404,0.918677,-0.10674,-0.0980597,FGM,0.12889,0.207862,0.0605892,0.12889,3.4121,0.207862,0
11.8147,23.0398,7.72574,-0.172404,0.918677,-0.10674,-0.0980597,FGM,0.12889,0.207862,0.0605892,0.12889,3.4121,0.207862,0
11.8192,23.0489,7.72397,-0.173845,0.934556,-0.184013,-0.171971,FGM,0.12889,0.207862,0.0605892,0.12889,3.4121,0.207862,0
11.8227,23.0489,7.72397,-0.173845,0.934556,-0.184013,-0.171971,FGM,0.12889,0.207862,0.0605892,0.12889,3.4121,0.207862,0
11.8266,23.0489,7.72397,-0.173845,0.934556,-0.184013,-0.171971,FGM,0.181217,0.207996,0.122709,0.181217,2.29056,0.207996,0
11.8307,23.0581,7.72208,-0.175883,0.949847,-0.200554,-0.190496,FGM,0.181217,0.207996,0.122709,0.181217,2.29056,0.207996,0
11.8346,23.0581,7.72208,-0.175883,0.949847,-0.200554,-0.190496,FGM,0.181217,0.207996,0.122709,0.181217,2.29056,0.207996,0
11.8392,23.0675,7.7201,-0.177923,0.964411,-0.223665,-0.215705,FGM,0.181217,0.207996,0.122709,0.181217,2.29056,0.207996,0
11.8427,23.0675,7.7201,-0.177923,0.964411,-0.223665,-0.215705,FGM,0.181217,0.207996,0.122709,0.181217,2.29056,0.207996,0
11.8467,23.0675,7.7201,-0.177923,0.964411,-0.223665,-0.215705,FGM,0.181217,0.207996,0.122709,0.181217,2.29056,0.207996,0
11.8507,23.077,7.71804,-0.180241,0.978282,-0.221298,-0.216492,FGM,0.181217,0.207996,0.122709,0.181217,2.29056,0.207996,0
11.8546,23.077,7.71804,-0.180241,0.978282,-0.221298,-0.216492,FGM,0.181217,0.207996,0.122709,0.181217,2.29056,0.207996,0
11.8592,23.0866,7.71596,-0.18221,0.991493,-0.165597,-0.164189,FGM,0.181217,0.207996,0.122709,0.181217,2.29056,0.207996,0
11.8627,23.0866,7.71596,-0.18221,0.991493,-0.165597,-0.164189,FGM,0.181217,0.207996,0.122709,0.181217,2.29056,0.207996,0
11.8667,23.0866,7.71596,-0.18221,0.991493,-0.165597,-0.164189,FGM,0.181217,0.207996,0.122709,0.181217,2.29056,0.207996,0
11.8707,23.0964,7.71387,-0.183728,1.00408,-0.159734,-0.160385,FGM,0.181217,0.207996,0.122709,0.181217,2.29056,0.207996,0
11.8747,23.0964,7.71387,-0.183728,1.00408,-0.159734,-0.160385,FGM,0.181217,0.207996,0.122709,0.181217,2.29056,0.207996,0
11.8793,23.1062,7.71176,-0.185335,1.01606,-0.145084,-0.147414,FGM,0.177329,0.206893,0.121152,0.177329,2.29056,0.206893,0
11.8827,23.1062,7.71176,-0.185335,1.01606,-0.145084,-0.147414,FGM,0.177329,0.206893,0.121152,0.177329,2.29056,0.206893,0
11.8867,23.1062,7.71176,-0.185335,1.01606,-0.145084,-0.147414,FGM,0.177329,0.206893,0.121152,0.177329,2.29056,0.206893,0
11.8907,23.1162,7.70964,-0.186735,1.02591,-0.153341,-0.157315,FGM,0.177329,0.206893,0.121152,0.177329,2.29056,0.206893,0
11.8947,23.1162,7.70964,-0.186735,1.02591,-0.153341,-0.157315,FGM,0.177329,0.206893,0.121152,0.177329,2.29056,0.206893,0
11.8993,23.1263,7.70748,-0.188311,1.03529,-0.143954,-0.149034,FGM,0.177329,0.206893,0.121152,0.177329,2.29056,0.206893,0
11.9027,23.1263,7.70748,-0.188311,1.03529,-0.143954,-0.149034,FGM,0.177329,0.206893,0.121152,0.177329,2.29056,0.206893,0
11.9067,23.1263,7.70748,-0.188311,1.03529,-0.143954,-0.149034,FGM,0.177329,0.206893,0.121152,0.177329,2.29056,0.206893,0
11.9107,23.1365,7.7053,-0.18971,1.04423,-0.154037,-0.160849,FGM,0.177329,0.206893,0.121152,0.177329,2.29056,0.206893,0
11.9147,23.1365,7.7053,-0.18971,1.04423,-0.154037,-0.160849,FGM,0.177329,0.206893,0.121152,0.177329,2.29056,0.206893,0
11.9192,23.1467,7.70307,-0.191299,1.05273,-0.145629,-0.153308,FGM,0.177329,0.206893,0.121152,0.177329,2.29056,0.206893,0
11.9227,23.1467,7.70307,-0.191299,1.05273,-0.145629,-0.153308,FGM,0.177329,0.206893,0.121152,0.177329,2.29056,0.206893,0
11.9267,23.1467,7.70307,-0.191299,1.05273,-0.145629,-0.153308,FGM,0.197528,0.206958,0.119731,0.197528,2.29056,0.206958,0
11.9307,23.157,7.70084,-0.192716,1.05968,-0.155942,-0.165249,FGM,0.197528,0.206958,0.119731,0.197528,2.29056,0.206958,0
11.9347,23.157,7.70084,-0.192716,1.05968,-0.155942,-0.165249,FGM,0.197528,0.206958,0.119731,0.197528,2.29056,0.206958,0
11.9392,23.1674,7.69856,-0.194325,1.0663,-0.1476,-0.157386,FGM,0.197528,0.206958,0.119731,0.197528,2.29056,0.206958,0
11.9427,23.1674,7.69856,-0.194325,1.0663,-0.1476,-0.157386,FGM,0.197528,0.206958,0.119731,0.197528,2.29056,0.206958,0
11.9467,23.1674,7.69856,-0.194325,1.0663,-0.1476,-0.157386,FGM,0.197528,0.206958,0.119731,0.197528,2.29056,0.206958,0
11.9507,23.1779,7.69628,-0.195515,1.0726,-0.0835802,-0.0896483,FGM,0.197528,0.206958,0.119731,0.197528,2.29056,0.206958,0
11.9547,23.1779,7.69628,-0.195515,1.0726,-0.0835802,-0.0896483,FGM,0.197528,0.206958,0.119731,0.197528,2.29056,0.206958,0
11.9593,23.1884,7.69405,-0.196181,1.0786,-0.071809,-0.0774534,FGM,0.197528,0.206958,0.119731,0.197528,2.29056,0.206958,0
11.9627,23.1884,7.69405,-0.196181,1.0786,-0.071809,-0.0774534,FGM,0.197528,0.206958,0.119731,0.197528,2.29056,0.206958,0
11.9667,23.1884,7.69405,-0.196181,1.0786,-0.071809,-0.0774534,FGM,0.197528,0.206958,0.119731,0.197528,2.29056,0.206958,0
11.9707,23.199,7.69181,-0.196894,1.08432,-0.0543801,-0.0589655,FGM,0.197528,0.206958,0.119731,0.197528,2.29056,0.206958,0
11.9747,23.199,7.69181,-0.196894,1.08432,-0.0543801,-0.0589655,FGM,0.197528,0.206958,0.119731,0.197528,2.29056,0.206958,0
11.9793,23.2096,7.68958,-0.197373,1.08977,-0.0600218,-0.0654097,FGM,0.191665,0.205934,0.115648,0.191665,2.29056,0.205934,0
11.9827,23.2096,7.68958,-0.197373,1.08977,-0.0600218,-0.0654097,FGM,0.191665,0.205934,0.115648,0.191665,2.29056,0.205934,0
11.9867,23.2096,7.68958,-0.197373,1.08977,-0.0600218,-0.0654097,FGM,0.191665,0.205934,0.115648,0.191665,2.29056,0.205934,0
11.9907,23.2203,7.68733,-0.19801,1.09366,-0.0494482,-0.0540795,FGM,0.191665,0.205934,0.115648,0.191665,2.29056,0.205934,0
11.9947,23.2203,7.68733,-0.19801,1.09366,-0.0494482,-0.0540795,FGM,0.191665,0.205934,0.115648,0.191665,2.29056,0.205934,0
11.9993,23.231,7.6851,-0.198455,1.09737,-0.0578952,-0.0635324,FGM,0.191665,0.205934,0.115648,0.191665,2.29056,0.205934,0
12.0027,23.231,7.6851,-0.198455,1.09737,-0.0578952,-0.0635324,FGM,0.191665,0.205934,0.115648,0.191665,2.29056,0.205934,0
12.0067,23.231,7.6851,-0.198455,1.09737,-0.0578952,-0.0635324,FGM,0.191665,0.205934,0.115648,0.191665,2.29056,0.205934,0
12.0107,23.2418,7.68284,-0.199079,1.1009,-0.0485927,-0.0534957,FGM,0.191665,0.205934,0.115648,0.191665,2.29056,0.205934,0
12.0147,23.2418,7.68284,-0.199079,1.1009,-0.0485927,-0.0534957,FGM,0.191665,0.205934,0.115648,0.191665,2.29056,0.205934,0
12.0192,23.2526,7.68058,-0.199518,1.10426,-0.0575483,-0.0635485,FGM,0.191665,0.205934,0.115648,0.191665,2.29056,0.205934,0
12.0227,23.2526,7.68058,-0.199518,1.10426,-0.0575483,-0.0635485,FGM,0.191665,0.205934,0.115648,0.191665,2.29056,0.205934,0
12.0267,23.2526,7.68058,-0.199518,1.10426,-0.0575483,-0.0635485,FGM,0.116031,0.21666,0.0358341,0.116031,3.1855,0.21666,0
12.0307,23.2634,7.67829,-0.20014,1.10759,-0.0485794,-0.0538062,FGM,0.116031,0.21666,0.0358341,0.116031,3.1855,0.21666,0
12.0347,23.2634,7.67829,-0.20014,1.10759,-0.0485794,-0.0538062,FGM,0.116031,0.21666,0.0358341,0.116031,3.1855,0.21666,0
12.0392,23.2742,7.67601,-0.20058,1.11077,-0.0576224,-0.064005,FGM,0.116031,0.21666,0.0358341,0.116031,3.1855,0.21666,0
12.0427,23.2742,7.67601,-0.20058,1.11077,-0.0576224,-0.064005,FGM,0.116031,0.21666,0.0358341,0.116031,3.1855,0.21666,0
12.0467,23.2742,7.67601,-0.20058,1.11077,-0.0576224,-0.064005,FGM,0.116031,0.21666,0.0358341,0.116031,3.1855,0.21666,0
12.0507,23.2851,7.67369,-0.201455,1.11379,-0.124516,-0.138684,FGM,0.116031,0.21666,0.0358341,0.116031,3.1855,0.21666,0
12.0547,23.2851,7.67369,-0.201455,1.11379,-0.124516,-0.138684,FGM,0.116031,0.21666,0.0358341,0.116031,3.1855,0.21666,0
12.0593,23.296,7.67128,-0.202883,1.11666,-0.138618,-0.15479,FGM,0.116031,0.21666,0.0358341,0.116031,3.1855,0.21666,0
12.0627,23.296,7.67128,-0.202883,1.11666,-0.138618,-0.15479,FGM,0.116031,0.21666,0.0358341,0.116031,3.1855,0.21666,0
12.0667,23.296,7.67128,-0.202883,1.11666,-0.138618,-0.15479,FGM,0.116031,0.21666,0.0358341,0.116031,3.1855,0.21666,0
12.0707,23.3069,7.66884,-0.204279,1.1194,-0.157142,-0.175906,FGM,0.116031,0.21666,0.0358341,0.116031,3.1855,0.21666,0
12.0747,23.3069,7.66884,-0.204279,1.1194,-0.157142,-0.175906,FGM,0.116031,0.21666,0.0358341,0.116031,3.1855,0.21666,0
12.0793,23.3178,7.66632,-0.206175,1.12201,-0.228579,-0.256469,FGM,0.126428,0.221271,0.0332991,0.126428,3.1855,0.221271,0
12.0827,23.3178,7.66632,-0.206175,1.12201,-0.228579,-0.256469,FGM,0.126428,0.221271,0.0332991,0.126428,3.1855,0.221271,0
12.0867,23.3178,7.66632,-0.206175,1.12201,-0.228579,-0.256469,FGM,0.126428,0.221271,0.0332991,0.126428,3.1855,0.221271,0
12.0907,23.3288,7.6637,-0.208658,1.12392,-0.245103,-0.275477,FGM,0.126428,0.221271,0.0332991,0.126428,3.1855,0.221271,0
12.0947,23.3288,7.6637,-0.208658,1.12392,-0.245103,-0.275477,FGM,0.126428,0.221271,0.0332991,0.126428,3.1855,0.221271,0
12.0993,23.3397,7.66105,-0.21087,1.12574,-0.188469,-0.212167,FGM,0.126428,0.221271,0.0332991,0.126428,3.1855,0.221271,0
12.1027,23.3397,7.66105,-0.21087,1.12574,-0.188469,-0.212167,FGM,0.126428,0.221271,0.0332991,0.126428,3.1855,0.221271,0
12.1067,23.3397,7.66105,-0.21087,1.12574,-0.188469,-0.212167,FGM,0.126428,0.221271,0.0332991,0.126428,3.1855,0.221271,0
12.1107,23.3507,7.65844,-0.212344,1.12747,-0.102692,-0.115783,FGM,0.126428,0.221271,0.0332991,0.126428,3.1855,0.221271,0
12.1147,23.3507,7.65844,-0.212344,1.12747,-0.102692,-0.115783,FGM,0.126428,0.221271,0.0332991,0.126428,3.1855,0.221271,0
12.1193,23.3616,7.65591,-0.212889,1.12912,-0.00479069,-0.00540927,FGM,0.126428,0.221271,0.0332991,0.126428,3.1855,0.221271,0
12.1227,23.3616,7.65591,-0.212889,1.12912,-0.00479069,-0.00540927,FGM,0.126428,0.221271,0.0332991,0.126428,3.1855,0.221271,0
12.1267,23.3616,7.65591,-0.212889,1.12912,-0.00479069,-0.00540927,FGM,0.113707,0.221388,0.0588026,0.113707,1.98699,0.221388,0
12.1307,23.3727,7.65349,-0.212422,1.13009,0.0987772,0.111627,FGM,0.113707,0.221388,0.0588026,0.113707,1.98699,0.221388,0
12.1347,23.3727,7.65349,-0.212422,1.13009,0.0987772,0.111627,FGM,0.113707,0.221388,0.0588026,0.113707,1.98699,0.221388,0
12.1393,23.3838,7.65122,-0.210906,1.13102,0.204731,0.231554,FGM,0.113707,0.221388,0.0588026,0.113707,1.98699,0.221388,0
12.1427,23.3838,7.65122,-0.210906,1.13102,0.204731,0.231554,FGM,0.113707,0.221388,0.0588026,0.113707,1.98699,0.221388,0
12.1467,23.3838,7.65122,-0.210906,1.13102,0.204731,0.231554,FGM,0.113707,0.221388,0.0588026,0.113707,1.98699,0.221388,0
12.1507,23.3949,7.64909,-0.208579,1.1319,0.235273,0.266305,FGM,0.113707,0.221388,0.0588026,0.113707,1.98699,0.221388,0
12.1547,23.3949,7.64909,-0.208579,1.1319,0.235273,0.266305,FGM,0.113707,0.221388,0.0588026,0.113707,1.98699,0.221388,0
12.1593,23.406,7.64704,-0.206177,1.13274,0.260846,0.29547,FGM,0.113707,0.221388,0.0588026,0.113707,1.98699,0.221388,0
12.1627,23.406,7.64704,-0.206177,1.13274,0.260846,0.29547,FGM,0.113707,0.221388,0.0588026,0.113707,1.98699,0.221388,0
12.1667,23.406,7.64704,-0.206177,1.13274,0.260846,0.29547,FGM,0.113707,0.221388,0.0588026,0.113707,1.98699,0.221388,0
12.1707,23.4172,7.64507,-0.203478,1.13354,0.259509,0.294162,FGM,0.113707,0.221388,0.0588026,0.113707,1.98699,0.221388,0
12.1747,23.4172,7.64507,-0.203478,1.13354,0.259509,0.294162,FGM,0.113707,0.221388,0.0588026,0.113707,1.98699,0.221388,0
12.1792,23.4283,7.64312,-0.201166,1.1343,0.195277,0.221502,FGM,0.100986,0.227597,0.0577279,0.100986,1.98699,0.227597,0
12.1827,23.4283,7.64312,-0.201166,1.1343,0.195277,0.221502,FGM,0.100986,0.227597,0.0577279,0.100986,1.98699,0.227597,0
12.1867,23.4283,7.64312,-0.201166,1.1343,0.195277,0.221502,FGM,0.100986,0.227597,0.0577279,0.100986,1.98699,0.227597,0
12.1907,23.4395,7.64112,-0.199644,1.1352,0.1059,0.120217,FGM,0.100986,0.227597,0.0577279,0.100986,1.98699,0.227597,0
12.1947,23.4395,7.64112,-0.199644,1.1352,0.1059,0.120217,FGM,0.100986,0.227597,0.0577279,0.100986,1.98699,0.227597,0
12.1993,23.4507,7.63903,-0.199078,1.13606,0.00602131,0.00684058,FGM,0.100986,0.227597,0.0577279,0.100986,1.98699,0.227597,0
12.2027,23.4507,7.63903,-0.199078,1.13606,0.00602131,0.00684058,FGM,0.100986,0.227597,0.0577279,0.100986,1.98699,0.227597,0
12.2067,23.4507,7.63903,-0.199078,1.13606,0.00602131,0.00684058,FGM,0.100986,0.227597,0.0577279,0.100986,1.98699,0.227597,0
12.2107,23.4618,7.63681,-0.199538,1.13688,-0.0984945,-0.111977,FGM,0.100986,0.227597,0.0577279,0.100986,1.98699,0.227597,0
12.2147,23.4618,7.63681,-0.199538,1.13688,-0.0984945,-0.111977,FGM,0.100986,0.227597,0.0577279,0.100986,1.98699,0.227597,0
12.2193,23.4729,7.63444,-0.201055,1.13766,-0.205218,-0.233469,FGM,0.100986,0.227597,0.0577279,0.100986,1.98699,0.227597,0
12.2227,23.4729,7.63444,-0.201055,1.13766,-0.205218,-0.233469,FGM,0.100986,0.227597,0.0577279,0.100986,1.98699,0.227597,0
12.2267,23.4729,7.63444,-0.201055,1.13766,-0.205218,-0.233469,FGM,0.115899,0.233952,0.55345,0.115899,0.218503,0.233952,0
12.2307,23.484,7.63191,-0.20365,1.1371,-0.313839,-0.356866,FGM,0.115899,0.233952,0.55345,0.115899,0.218503,0.233952,0
12.2347,23.484,7.63191,-0.20365,1.1371,-0.313839,-0.356866,FGM,0.115899,0.233952,0.55345,0.115899,0.218503,0.233952,0
12.2393,23.4951,7.6292,-0.207331,1.13664,-0.422343,-0.480053,FGM,0.115899,0.233952,0.55345,0.115899,0.218503,0.233952,0
12.2427,23.4951,7.6292,-0.207331,1.13664,-0.422343,-0.480053,FGM,0.115899,0.233952,0.55345,0.115899,0.218503,0.233952,0
12.2467,23.4951,7.6292,-0.207331,1.13664,-0.422343,-0.480053,FGM,0.115899,0.233952,0.55345,0.115899,0.218503,0.233952,0
12.2507,23.5061,7.62631,-0.211839,1.13627,-0.453753,-0.515586,FGM,0.115899,0.233952,0.55345,0.115899,0.218503,0.233952,0
12.2547,23.5061,7.62631,-0.211839,1.13627,-0.453753,-0.515586,FGM,0.115899,0.233952,0.55345,0.115899,0.218503,0.233952,0
12.2593,23.517,7.62334,-0.21617,1.13597,-0.402449,-0.45717,FGM,0.115899,0.233952,0.55345,0.115899,0.218503,0.233952,0
12.2627,23.517,7.62334,-0.21617,1.13597,-0.402449,-0.45717,FGM,0.115899,0.233952,0.55345,0.115899,0.218503,0.233952,0
12.2667,23.517,7.62334,-0.21617,1.13597,-0.402449,-0.45717,FGM,0.115899,0.233952,0.55345,0.115899,0.218503,0.233952,0
12.2707,23.528,7.62036,-0.219794,1.13573,-0.318228,-0.36142,FGM,0.115899,0.233952,0.55345,0.115899,0.218503,0.233952,0
12.2747,23.528,7.62036,-0.219794,1.13573,-0.318228,-0.36142,FGM,0.115899,0.233952,0.55345,0.115899,0.218503,0.233952,0
12.2793,23.5389,7.61743,-0.22249,1.13178,-0.219219,-0.248108,FGM,0.0927027,0.239143,0.542505,0.0927027,0.218503,0.239143,0
12.2827,23.5389,7.61743,-0.22249,1.13178,-0.219219,-0.248108,FGM,0.0927027,0.239143,0.542505,0.0927027,0.218503,0.239143,0
12.2867,23.5389,7.61743,-0.22249,1.13178,-0.219219,-0.248108,FGM,0.0927027,0.239143,0.542505,0.0927027,0.218503,0.239143,0
12.2907,23.5499,7.61461,-0.224164,1.12859,-0.114895,-0.12967,FGM,0.0927027,0.239143,0.542505,0.0927027,0.218503,0.239143,0
12.2947,23.5499,7.61461,-0.224164,1.12859,-0.114895,-0.12967,FGM,0.0927027,0.239143,0.542505,0.0927027,0.218503,0.239143,0
12.2993,23.5608,7.6119,-0.224783,1.126,-0.00873071,-0.00983081,FGM,0.0927027,0.239143,0.542505,0.0927027,0.218503,0.239143,0
12.3027,23.5608,7.6119,-0.224783,1.126,-0.00873071,-0.00983081,FGM,0.0927027,0.239143,0.542505,0.0927027,0.218503,0.239143,0
12.3067,23.5608,7.6119,-0.224783,1.126,-0.00873071,-0.00983081,FGM,0.0927027,0.239143,0.542505,0.0927027,0.218503,0.239143,0
12.3106,23.5718,7.60934,-0.224337,1.12391,0.0980063,0.11015,FGM,0.0927027,0.239143,0.542505,0.0927027,0.218503,0.239143,0
12.3147,23.5718,7.60934,-0.224337,1.12391,0.0980063,0.11015,FGM,0.0927027,0.239143,0.542505,0.0927027,0.218503,0.239143,0
12.3193,23.5827,7.60693,-0.222823,1.12221,0.204869,0.229907,FGM,0.0927027,0.239143,0.542505,0.0927027,0.218503,0.239143,0
12.3227,23.5827,7.60693,-0.222823,1.12221,0.204869,0.229907,FGM,0.0927027,0.239143,0.542505,0.0927027,0.218503,0.239143,0
12.3267,23.5827,7.60693,-0.222823,1.12221,0.204869,0.229907,FGM,0.107588,0.248396,0.553464,0.107588,0.218503,0.248396,0
12.3307,23.5937,7.60471,-0.220237,1.11983,0.312293,0.349716,FGM,0.107588,0.248396,0.553464,0.107588,0.218503,0.248396,0
12.3347,23.5937,7.60471,-0.220237,1.11983,0.312293,0.349716,FGM,0.107588,0.248396,0.553464,0.107588,0.218503,0.248396,0
12.3393,23.6047,7.60267,-0.21658,1.11791,0.419,0.468404,FGM,0.107588,0.248396,0.553464,0.107588,0.218503,0.248396,0
12.3427,23.6047,7.60267,-0.21658,1.11791,0.419,0.468404,FGM,0.107588,0.248396,0.553464,0.107588,0.218503,0.248396,0
12.3467,23.6047,7.60267,-0.21658,1.11791,0.419,0.468404,FGM,0.107588,0.248396,0.553464,0.107588,0.218503,0.248396,0
12.3507,23.6158,7.60082,-0.212116,1.11635,0.448186,0.500332,FGM,0.107588,0.248396,0.553464,0.107588,0.218503,0.248396,0
12.3547,23.6158,7.60082,-0.212116,1.11635,0.448186,0.500332,FGM,0.107588,0.248396,0.553464,0.107588,0.218503,0.248396,0
12.3593,23.6268,7.59905,-0.207847,1.11509,0.395716,0.441257,FGM,0.107588,0.248396,0.553464,0.107588,0.218503,0.248396,0
12.3627,23.6268,7.59905,-0.207847,1.11509,0.395716,0.441257,FGM,0.107588,0.248396,0.553464,0.107588,0.218503,0.248396,0
12.3667,23.6268,7.59905,-0.207847,1.11509,0.395716,0.441257,FGM,0.107588,0.248396,0.553464,0.107588,0.218503,0.248396,0
12.3707,23.6378,7.59729,-0.204292,1.11406,0.311528,0.347062,FGM,0.107588,0.248396,0.553464,0.107588,0.218503,0.248396,0
12.3747,23.6378,7.59729,-0.204292,1.11406,0.311528,0.347062,FGM,0.107588,0.248396,0.553464,0.107588,0.218503,0.248396,0
12.3793,23.6488,7.59549,-0.201653,1.11323,0.214721,0.239034,FGM,0.0878857,0.247104,0.0741188,0.0878857,3.73098,0.247104,0
12.3827,23.6488,7.59549,-0.201653,1.11323,0.214721,0.239034,FGM,0.0878857,0.247104,0.0741188,0.0878857,3.73098,0.247104,0
12.3867,23.6488,7.59549,-0.201653,1.11323,0.214721,0.239034,FGM,0.0878857,0.247104,0.0741188,0.0878857,3.73098,0.247104,0
12.3907,23.6597,7.59359,-0.200011,1.11325,0.11301,0.125808,FGM,0.0878857,0.247104,0.0741188,0.0878857,3.73098,0.247104,0
12.3947,23.6597,7.59359,-0.200011,1.11325,0.11301,0.125808,FGM,0.0878857,0.247104,0.0741188,0.0878857,3.73098,0.247104,0
12.3992,23.6707,7.59158,-0.1994,1.11328,0.00886098,0.00986471,FGM,0.0878857,0.247104,0.0741188,0.0878857,3.73098,0.247104,0
12.4027,23.6707,7.59158,-0.1994,1.11328,0.00886098,0.00986471,FGM,0.0878857,0.247104,0.0741188,0.0878857,3.73098,0.247104,0
12.4067,23.6707,7.59158,-0.1994,1.11328,0.00886098,0.00986471,FGM,0.0878857,0.247104,0.0741188,0.0878857,3.73098,0.247104,0
12.4107,23.6816,7.58943,-0.199837,1.11329,-0.096474,-0.107404,FGM,0.0878857,0.247104,0.0741188,0.0878857,3.73098,0.247104,0
12.4147,23.6816,7.58943,-0.199837,1.11329,-0.096474,-0.107404,FGM,0.0878857,0.247104,0.0741188,0.0878857,3.73098,0.247104,0
12.4193,23.6925,7.58712,-0.201332,1.11331,-0.202426,-0.225364,FGM,0.0878857,0.247104,0.0741188,0.0878857,3.73098,0.247104,0
12.4227,23.6925,7.58712,-0.201332,1.11331,-0.202426,-0.225364,FGM,0.0878857,0.247104,0.0741188,0.0878857,3.73098,0.247104,0
12.4267,23.6925,7.58712,-0.201332,1.11331,-0.202426,-0.225364,FGM,0.0701065,0.27071,0.0758143,0.0701065,3.73098,0.27071,0
12.4307,23.7034,7.58464,-0.203887,1.11331,-0.30873,-0.343712,FGM,0.0701065,0.27071,0.0758143,0.0701065,3.73098,0.27071,0
12.4347,23.7034,7.58464,-0.203887,1.11331,-0.30873,-0.343712,FGM,0.0701065,0.27071,0.0758143,0.0701065,3.73098,0.27071,0
12.4393,23.7142,7.58198,-0.207507,1.11331,-0.415217,-0.462264,FGM,0.0701065,0.27071,0.0758143,0.0701065,3.73098,0.27071,0
12.4427,23.7142,7.58198,-0.207507,1.11331,-0.415217,-0.462264,FGM,0.0701065,0.27071,0.0758143,0.0701065,3.73098,0.27071,0
12.4467,23.7142,7.58198,-0.207507,1.11331,-0.415217,-0.462264,FGM,0.0701065,0.27071,0.0758143,0.0701065,3.73098,0.27071,0
12.4507,23.7249,7.57915,-0.211936,1.1133,-0.445165,-0.495603,FGM,0.0701065,0.27071,0.0758143,0.0701065,3.73098,0.27071,0
12.4547,23.7249,7.57915,-0.211936,1.1133,-0.445165,-0.495603,FGM,0.0701065,0.27071,0.0758143,0.0701065,3.73098,0.27071,0
12.4593,23.7357,7.57623,-0.216181,1.1133,-0.393923,-0.438555,FGM,0.0701065,0.27071,0.0758143,0.0701065,3.73098,0.27071,0
12.4627,23.7357,7.57623,-0.216181,1.1133,-0.393923,-0.438555,FGM,0.0701065,0.27071,0.0758143,0.0701065,3.73098,0.27071,0
12.4667,23.7357,7.57623,-0.216181,1.1133,-0.393923,-0.438555,FGM,0.0701065,0.27071,0.0758143,0.0701065,3.73098,0.27071,0
12.4707,23.7464,7.57331,-0.219724,1.1133,-0.310766,-0.345976,FGM,0.0701065,0.27071,0.0758143,0.0701065,3.73098,0.27071,0
12.4747,23.7464,7.57331,-0.219724,1.1133,-0.310766,-0.345976,FGM,0.0701065,0.27071,0.0758143,0.0701065,3.73098,0.27071,0
12.4792,23.7572,7.57044,-0.222359,1.1133,-0.21464,-0.238959,FGM,0.0679014,0.276394,0.0847101,0.0679014,3.73098,0.276394,0
12.4827,23.7572,7.57044,-0.222359,1.1133,-0.21464,-0.238959,FGM,0.0679014,0.276394,0.0847101,0.0679014,3.73098,0.276394,0
12.4867,23.7572,7.57044,-0.222359,1.1133,-0.21464,-0.238959,FGM,0.0679014,0.276394,0.0847101,0.0679014,3.73098,0.276394,0
12.4907,23.7679,7.56765,-0.223992,1.10979,-0.111478,-0.123717,FGM,0.0679014,0.276394,0.0847101,0.0679014,3.73098,0.276394,0
12.4947,23.7679,7.56765,-0.223992,1.10979,-0.111478,-0.123717,FGM,0.0679014,0.276394,0.0847101,0.0679014,3.73098,0.276394,0
12.4992,23.7787,7.565,-0.224585,1.10695,-0.0067951,-0.00752185,FGM,0.0679014,0.276394,0.0847101,0.0679014,3.73098,0.276394,0
12.5026,23.7787,7.565,-0.224585,1.10695,-0.0067951,-0.00752185,FGM,0.0679014,0.276394,0.0847101,0.0679014,3.73098,0.276394,0
12.5067,23.7787,7.565,-0.224585,1.10695,-0.0067951,-0.00752185,FGM,0.0679014,0.276394,0.0847101,0.0679014,3.73098,0.276394,0
12.5107,23.7895,7.56248,-0.224128,1.10465,0.0982846,0.10857,FGM,0.0679014,0.276394,0.0847101,0.0679014,3.73098,0.276394,0
12.5147,23.7895,7.56248,-0.224128,1.10465,0.0982846,0.10857,FGM,0.0679014,0.276394,0.0847101,0.0679014,3.73098,0.276394,0
12.5193,23.8002,7.56013,-0.22262,1.10279,0.203391,0.224297,FGM,0.0679014,0.276394,0.0847101,0.0679014,3.73098,0.276394,0
12.5227,23.8002,7.56013,-0.22262,1.10279,0.203391,0.224297,FGM,0.0679014,0.276394,0.0847101,0.0679014,3.73098,0.276394,0
12.5267,23.8002,7.56013,-0.22262,1.10279,0.203391,0.224297,FGM,0.0566542,0.288129,0.0809911,0.0566542,2.54518,0.288129,0
12.5307,23.811,7.55795,-0.220051,1.09848,0.309987,0.340514,FGM,0.0566542,0.288129,0.0809911,0.0566542,2.54518,0.288129,0
12.5347,23.811,7.55795,-0.220051,1.09848,0.309987,0.340514,FGM,0.0566542,0.288129,0.0809911,0.0566542,2.54518,0.288129,0
12.5393,23.8218,7.55596,-0.216427,1.09499,0.414646,0.454032,FGM,0.0566542,0.288129,0.0809911,0.0566542,2.54518,0.288129,0
12.5427,23.8218,7.55596,-0.216427,1.09499,0.414646,0.454032,FGM,0.0566542,0.288129,0.0809911,0.0566542,2.54518,0.288129,0
12.5467,23.8218,7.55596,-0.216427,1.09499,0.414646,0.454032,FGM,0.0566542,0.288129,0.0809911,0.0566542,2.54518,0.288129,0
12.5507,23.8326,7.55416,-0.212019,1.09216,0.441217,0.481879,FGM,0.0566542,0.288129,0.0809911,0.0566542,2.54518,0.288129,0
12.5547,23.8326,7.55416,-0.212019,1.09216,0.441217,0.481879,FGM,0.0566542,0.288129,0.0809911,0.0566542,2.54518,0.288129,0
12.5593,23.8434,7.55244,-0.207827,1.08987,0.387479,0.4223,FGM,0.0566542,0.288129,0.0809911,0.0566542,2.54518,0.288129,0
12.5627,23.8434,7.55244,-0.207827,1.08987,0.387479,0.4223,FGM,0.0566542,0.288129,0.0809911,0.0566542,2.54518,0.288129,0
12.5667,23.8434,7.55244,-0.207827,1.08987,0.387479,0.4223,FGM,0.0566542,0.288129,0.0809911,0.0566542,2.54518,0.288129,0
12.5707,23.8541,7.55072,-0.204354,1.08801,0.303465,0.330174,FGM,0.0566542,0.288129,0.0809911,0.0566542,2.54518,0.288129,0
12.5747,23.8541,7.55072,-0.204354,1.08801,0.303465,0.330174,FGM,0.0566542,0.288129,0.0809911,0.0566542,2.54518,0.288129,0
12.5793,23.8644,7.54902,-0.201938,0.992913,0.177635,0.176376,FRENET,0.467471,0.137163,0.467471,0.0540712,0.137163,0.29976,0
12.5827,23.8644,7.54902,-0.201938,0.992913,0.177635,0.176376,FRENET,0.467471,0.137163,0.467471,0.0540712,0.137163,0.29976,0
12.5867,23.8644,7.54902,-0.201938,0.992913,0.177635,0.176376,FRENET,0.467471,0.137163,0.467471,0.0540712,0.137163,0.29976,0
12.5907,23.8737,7.54738,-0.200783,0.897813,0.0558868,0.0501759,FRENET,0.467471,0.137163,0.467471,0.0540712,0.137163,0.29976,0
12.5947,23.8737,7.54738,-0.200783,0.897813,0.0558868,0.0501759,FRENET,0.467471,0.137163,0.467471,0.0540712,0.137163,0.29976,0
12.5993,23.8821,7.54582,-0.200464,0.802713,0.0500133,0.0401463,FRENET,0.467471,0.137163,0.467471,0.0540712,0.137163,0.29976,0
12.6027,23.8821,7.54582,-0.200464,0.802713,0.0500133,0.0401463,FRENET,0.467471,0.137163,0.467471,0.0540712,0.137163,0.29976,0
12.6067,23.8821,7.54582,-0.200464,0.802713,0.0500133,0.0401463,FRENET,0.467471,0.137163,0.467471,0.0540712,0.137163,0.29976,0
12.6107,23.8895,7.54444,-0.199696,0.707613,0.113588,0.0803761,FRENET,0.467471,0.137163,0.467471,0.0540712,0.137163,0.29976,0
12.6147,23.8895,7.54444,-0.199696,0.707613,0.113588,0.0803761,FRENET,0.467471,0.137163,0.467471,0.0540712,0.137163,0.29976,0
12.6192,23.896,7.54329,-0.1985,0.612513,0.0791722,0.048494,FRENET,0.467471,0.137163,0.467471,0.0540712,0.137163,0.29976,0
12.6227,23.896,7.54329,-0.1985,0.612513,0.0791722,0.048494,FRENET,0.467471,0.137163,0.467471,0.0540712,0.137163,0.29976,0
12.6267,23.896,7.54329,-0.1985,0.612513,0.0791722,0.048494,FRENET,0.468932,0.137163,0.468932,0.0128852,0.137163,0.324116,0
12.6307,23.9015,7.54229,-0.197759,0.517413,0.108157,0.0559619,FRENET,0.468932,0.137163,0.468932,0.0128852,0.137163,0.324116,0
12.6347,23.9015,7.54229,-0.197759,0.517413,0.108157,0.0559619,FRENET,0.468932,0.137163,0.468932,0.0128852,0.137163,0.324116,0
12.6393,23.9062,7.54139,-0.197055,0.422313,0.0609498,0.0257399,FRENET,0.468932,0.137163,0.468932,0.0128852,0.137163,0.324116,0
12.6427,23.9062,7.54139,-0.197055,0.422313,0.0609498,0.0257399,FRENET,0.468932,0.137163,0.468932,0.0128852,0.137163,0.324116,0
12.6467,23.9062,7.54139,-0.197055,0.422313,0.0609498,0.0257399,FRENET,0.468932,0.137163,0.468932,0.0128852,0.137163,0.324116,0
12.6507,23.9099,7.54064,-0.196505,0.341989,0.0863847,0.0295426,FRENET,0.468932,0.137163,0.468932,0.0128852,0.137163,0.324116,0
12.6547,23.9099,7.54064,-0.196505,0.341989,0.0863847,0.0295426,FRENET,0.468932,0.137163,0.468932,0.0128852,0.137163,0.324116,0
12.6593,23.9129,7.54003,-0.19605,0.276942,0.0468571,0.0129767,FRENET,0.468932,0.137163,0.468932,0.0128852,0.137163,0.324116,0
12.6627,23.9129,7.54003,-0.19605,0.276942,0.0468571,0.0129767,FRENET,0.468932,0.137163,0.468932,0.0128852,0.137163,0.324116,0
12.6667,23.9129,7.54003,-0.19605,0.276942,0.0468571,0.0129767,FRENET,0.468932,0.137163,0.468932,0.0128852,0.137163,0.324116,0
12.6707,23.9154,7.53955,-0.195689,0.224268,0.0635367,0.0142492,FRENET,0.468932,0.137163,0.468932,0.0128852,0.137163,0.324116,0
12.6747,23.9154,7.53955,-0.195689,0.224268,0.0635367,0.0142492,FRENET,0.468932,0.137163,0.468932,0.0128852,0.137163,0.324116,0
12.6793,23.9174,7.53915,-0.195391,0.181612,0.0376154,0.00683141,FRENET,0.442596,0.0851273,0.442596,0.0356285,0.0851273,0.33271,0
12.6827,23.9174,7.53915,-0.195391,0.181612,0.0376154,0.00683141,FRENET,0.442596,0.0851273,0.442596,0.0356285,0.0851273,0.33271,0
12.6867,23.9174,7.53915,-0.195391,0.181612,0.0376154,0.00683141,FRENET,0.442596,0.0851273,0.442596,0.0356285,0.0851273,0.33271,0
12.6907,23.919,7.53883,-0.195154,0.14707,0.0485534,0.00714074,FRENET,0.442596,0.0851273,0.442596,0.0356285,0.0851273,0.33271,0
12.6947,23.919,7.53883,-0.195154,0.14707,0.0485534,0.00714074,FRENET,0.442596,0.0851273,0.442596,0.0356285,0.0851273,0.33271,0
12.6993,23.9203,7.53858,-0.194958,0.119097,0.0315549,0.00375809,FRENET,0.442596,0.0851273,0.442596,0.0356285,0.0851273,0.33271,0
12.7027,23.9203,7.53858,-0.194958,0.119097,0.0315549,0.00375809,FRENET,0.442596,0.0851273,0.442596,0.0356285,0.0851273,0.33271,0
12.7067,23.9203,7.53858,-0.194958,0.119097,0.0315549,0.00375809,FRENET,0.442596,0.0851273,0.442596,0.0356285,0.0851273,0.33271,0
12.7107,23.9214,7.53837,-0.194904,0.0964447,0.0200092,0.00192978,FRENET,0.442596,0.0851273,0.442596,0.0356285,0.0851273,0.33271,0
12.7147,23.9214,7.53837,-0.194904,0.0964447,0.0200092,0.00192978,FRENET,0.442596,0.0851273,0.442596,0.0356285,0.0851273,0.33271,0
12.7193,23.9222,7.5382,-0.194945,0.0781009,0.0124377,0.000971399,FRENET,0.442596,0.0851273,0.442596,0.0356285,0.0851273,0.33271,0
12.7227,23.9222,7.5382,-0.194945,0.0781009,0.0124377,0.000971399,FRENET,0.442596,0.0851273,0.442596,0.0356285,0.0851273,0.33271,0
12.7267,23.9222,7.5382,-0.194945,0.0781009,0.0124377,0.000971399,FRENET,0.449028,0.0851273,0.449028,0.0275928,0.0851273,0.337651,0
12.7307,23.9229,7.53806,-0.195047,0.0632461,0.00773391,0.00048914,FRENET,0.449028,0.0851273,0.449028,0.0275928,0.0851273,0.337651,0
12.7347,23.9229,7.53806,-0.195047,0.0632461,0.00773391,0.00048914,FRENET,0.449028,0.0851273,0.449028,0.0275928,0.0851273,0.337651,0
12.7393,23.9235,7.53795,-0.195185,0.0512167,0.00507286,0.000259815,FRENET,0.449028,0.0851273,0.449028,0.0275928,0.0851273,0.337651,0
12.7427,23.9235,7.53795,-0.195185,0.0512167,0.00507286,0.000259815,FRENET,0.449028,0.0851273,0.449028,0.0275928,0.0851273,0.337651,0
12.7467,23.9235,7.53795,-0.195185,0.0512167,0.00507286,0.000259815,FRENET,0.449028,0.0851273,0.449028,0.0275928,0.0851273,0.337651,0
12.7507,23.9239,7.53786,-0.195298,0.0414753,0.0119593,0.000496017,FRENET,0.449028,0.0851273,0.449028,0.0275928,0.0851273,0.337651,0
12.7547,23.9239,7.53786,-0.195298,0.0414753,0.0119593,0.000496017,FRENET,0.449028,0.0851273,0.449028,0.0275928,0.0851273,0.337651,0
12.7593,23.9243,7.53779,-0.195389,0.0335867,0.0102143,0.000343064,FRENET,0.449028,0.0851273,0.449028,0.0275928,0.0851273,0.337651,0
12.7627,23.9243,7.53779,-0.195389,0.0335867,0.0102143,0.000343064,FRENET,0.449028,0.0851273,0.449028,0.0275928,0.0851273,0.337651,0
12.7667,23.9243,7.53779,-0.195389,0.0335867,0.0102143,0.000343064,FRENET,0.449028,0.0851273,0.449028,0.0275928,0.0851273,0.337651,0
12.7707,23.9246,7.53773,-0.195463,0.0271985,0.0147303,0.000400642,FRENET,0.449028,0.0851273,0.449028,0.0275928,0.0851273,0.337651,0
12.7747,23.9246,7.53773,-0.195463,0.0271985,0.0147303,0.000400642,FRENET,0.449028,0.0851273,0.449028,0.0275928,0.0851273,0.337651,0
12.7793,23.9248,7.53768,-0.195522,0.0220253,0.0135859,0.000299235,FRENET,0.026841,2.4957,0.026841,0.0320018,2.4957,0.333767,0
12.7827,23.9248,7.53768,-0.195522,0.0220253,0.0135859,0.000299235,FRENET,0.026841,2.4957,0.026841,0.0320018,2.4957,0.333767,0
12.7867,23.9248,7.53768,-0.195522,0.0220253,0.0135859,0.000299235,FRENET,0.026841,2.4957,0.026841,0.0320018,2.4957,0.333767,0
12.7907,23.9253,7.5376,-0.195624,0.0647034,0.00745107,0.00048211,FRENET,0.026841,2.4957,0.026841,0.0320018,2.4957,0.333767,0
12.7947,23.9253,7.5376,-0.195624,0.0647034,0.00745107,0.00048211,FRENET,0.026841,2.4957,0.026841,0.0320018,2.4957,0.333767,0
12.7993,23.9261,7.53743,-0.195834,0.105352,-0.0107146,-0.0011288,FRENET,0.026841,2.4957,0.026841,0.0320018,2.4957,0.333767,0
12.8027,23.9261,7.53743,-0.195834,0.105352,-0.0107146,-0.0011288,FRENET,0.026841,2.4957,0.026841,0.0320018,2.4957,0.333767,0
12.8067,23.9261,7.53743,-0.195834,0.105352,-0.0107146,-0.0011288,FRENET,0.026841,2.4957,0.026841,0.0320018,2.4957,0.333767,0
12.8107,23.9273,7.53719,-0.196134,0.144068,-0.00795255,-0.00114571,FRENET,0.026841,2.4957,0.026841,0.0320018,2.4957,0.333767,0
12.8147,23.9273,7.53719,-0.196134,0.144068,-0.00795255,-0.00114571,FRENET,0.026841,2.4957,0.026841,0.0320018,2.4957,0.333767,0
12.8193,23.9289,7.53687,-0.196367,0.180943,0.00246783,0.000446536,FRENET,0.026841,2.4957,0.026841,0.0320018,2.4957,0.333767,0
12.8227,23.9289,7.53687,-0.196367,0.180943,0.00246783,0.000446536,FRENET,0.026841,2.4957,0.026841,0.0320018,2.4957,0.333767,0
12.8267,23.9289,7.53687,-0.196367,0.180943,0.00246783,0.000446536,FRENET,0.0181223,2.4957,0.0181223,0.0216778,2.4957,0.33844,0
12.8307,23.9309,7.53648,-0.196659,0.216064,-0.0219261,-0.00473745,FRENET,0.0181223,2.4957,0.0181223,0.0216778,2.4957,0.33844,0
12.8347,23.9309,7.53648,-0.196659,0.216064,-0.0219261,-0.00473745,FRENET,0.0181223,2.4957,0.0181223,0.0216778,2.4957,0.33844,0
12.8393,23.9331,7.53603,-0.196995,0.249516,-0.00417991,-0.00104295,FRENET,0.0181223,2.4957,0.0181223,0.0216778,2.4957,0.33844,0
12.8427,23.9331,7.53603,-0.196995,0.249516,-0.00417991,-0.00104295,FRENET,0.0181223,2.4957,0.0181223,0.0216778,2.4957,0.33844,0
12.8467,23.9331,7.53603,-0.196995,0.249516,-0.00417991,-0.00104295,FRENET,0.0181223,2.4957,0.0181223,0.0216778,2.4957,0.33844,0
12.8507,23.9357,7.53551,-0.197383,0.281377,-0.0346024,-0.0097363,FRENET,0.0181223,2.4957,0.0181223,0.0216778,2.4957,0.33844,0
12.8547,23.9357,7.53551,-0.197383,0.281377,-0.0346024,-0.0097363,FRENET,0.0181223,2.4957,0.0181223,0.0216778,2.4957,0.33844,0
12.8593,23.9387,7.53493,-0.197812,0.311722,-0.0102105,-0.00318284,FRENET,0.0181223,2.4957,0.0181223,0.0216778,2.4957,0.33844,0
12.8627,23.9387,7.53493,-0.197812,0.311722,-0.0102105,-0.00318284,FRENET,0.0181223,2.4957,0.0181223,0.0216778,2.4957,0.33844,0
12.8667,23.9387,7.53493,-0.197812,0.311722,-0.0102105,-0.00318284,FRENET,0.0181223,2.4957,0.0181223,0.0216778,2.4957,0.33844,0
12.8707,23.9419,7.53428,-0.198289,0.340625,-0.0461018,-0.0157034,FRENET,0.0181223,2.4957,0.0181223,0.0216778,2.4957,0.33844,0
12.8747,23.9419,7.53428,-0.198289,0.340625,-0.0461018,-0.0157034,FRENET,0.0181223,2.4957,0.0181223,0.0216778,2.4957,0.33844,0
12.8793,23.9449,7.53368,-0.198743,0.275838,-0.00673174,-0.00185687,FRENET,0.43005,0.0995938,0.43005,0.0302507,0.0995938,0.329369,0
12.8827,23.9449,7.53368,-0.198743,0.275838,-0.00673174,-0.00185687,FRENET,0.43005,0.0995938,0.43005,0.0302507,0.0995938,0.329369,0
12.8867,23.9449,7.53368,-0.198743,0.275838,-0.00673174,-0.00185687,FRENET,0.43005,0.0995938,0.43005,0.0302507,0.0995938,0.329369,0
12.8907,23.9473,7.53318,-0.199102,0.223374,-0.0233448,-0.00521463,FRENET,0.43005,0.0995938,0.43005,0.0302507,0.0995938,0.329369,0
12.8947,23.9473,7.53318,-0.199102,0.223374,-0.0233448,-0.00521463,FRENET,0.43005,0.0995938,0.43005,0.0302507,0.0995938,0.329369,0
12.8993,23.9493,7.53278,-0.199399,0.180888,0.00247312,0.000447358,FRENET,0.43005,0.0995938,0.43005,0.0302507,0.0995938,0.329369,0
12.9027,23.9493,7.53278,-0.199399,0.180888,0.00247312,0.000447358,FRENET,0.43005,0.0995938,0.43005,0.0302507,0.0995938,0.329369,0
12.9067,23.9493,7.53278,-0.199399,0.180888,0.00247312,0.000447358,FRENET,0.43005,0.0995938,0.43005,0.0302507,0.0995938,0.329369,0
12.9107,23.9509,7.53246,-0.199635,0.146483,-0.00842135,-0.00123359,FRENET,0.43005,0.0995938,0.43005,0.0302507,0.0995938,0.329369,0
12.9147,23.9509,7.53246,-0.199635,0.146483,-0.00842135,-0.00123359,FRENET,0.43005,0.0995938,0.43005,0.0302507,0.0995938,0.329369,0
12.9193,23.9522,7.5322,-0.19983,0.118622,0.00850944,0.00100941,FRENET,0.43005,0.0995938,0.43005,0.0302507,0.0995938,0.329369,0
12.9227,23.9522,7.5322,-0.19983,0.118622,0.00850944,0.00100941,FRENET,0.43005,0.0995938,0.43005,0.0302507,0.0995938,0.329369,0
12.9267,23.9522,7.5322,-0.19983,0.118622,0.00850944,0.00100941,FRENET,0.428907,0.0995938,0.428907,0.027179,0.0995938,0.338861,0
12.9307,23.9533,7.53198,-0.199984,0.0960602,0.00136511,0.000131133,FRENET,0.428907,0.0995938,0.428907,0.027179,0.0995938,0.338861,0
12.9347,23.9533,7.53198,-0.199984,0.0960602,0.00136511,0.000131133,FRENET,0.428907,0.0995938,0.428907,0.027179,0.0995938,0.338861,0
12.9393,23.9541,7.53181,-0.200112,0.0777896,0.0124679,0.000969874,FRENET,0.428907,0.0995938,0.428907,0.027179,0.0995938,0.338861,0
12.9427,23.9541,7.53181,-0.200112,0.0777896,0.0124679,0.000969874,FRENET,0.428907,0.0995938,0.428907,0.027179,0.0995938,0.338861,0
12.9467,23.9541,7.53181,-0.200112,0.0777896,0.0124679,0.000969874,FRENET,0.428907,0.0995938,0.428907,0.027179,0.0995938,0.338861,0
12.9507,23.9548,7.53167,-0.200213,0.062994,0.00778284,0.000490272,FRENET,0.428907,0.0995938,0.428907,0.027179,0.0995938,0.338861,0
12.9547,23.9548,7.53167,-0.200213,0.062994,0.00778284,0.000490272,FRENET,0.428907,0.0995938,0.428907,0.027179,0.0995938,0.338861,0
12.9593,23.9554,7.53156,-0.200297,0.0510125,0.0150638,0.000768442,FRENET,0.428907,0.0995938,0.428907,0.027179,0.0995938,0.338861,0
12.9627,23.9554,7.53156,-0.200297,0.0510125,0.0150638,0.000768442,FRENET,0.428907,0.0995938,0.428907,0.027179,0.0995938,0.338861,0
12.9667,23.9554,7.53156,-0.200297,0.0510125,0.0150638,0.000768442,FRENET,0.428907,0.0995938,0.428907,0.027179,0.0995938,0.338861,0
12.9707,23.9558,7.53146,-0.200364,0.04131,0.0119914,0.000495366,FRENET,0.428907,0.0995938,0.428907,0.027179,0.0995938,0.338861,0
12.9747,23.9558,7.53146,-0.200364,0.04131,0.0119914,0.000495366,FRENET,0.433581,0.0995938,0.433581,0.0145825,0.0995938,0.343157,0
12.9793,23.9562,7.53139,-0.200419,0.0334528,0.0167661,0.000560873,FRENET,0.433581,0.0995938,0.433581,0.0145825,0.0995938,0.343157,0
12.9827,23.9562,7.53139,-0.200419,0.0334528,0.0167661,0.000560873,FRENET,0.433581,0.0995938,0.433581,0.0145825,0.0995938,0.343157,0
12.9867,23.9562,7.53139,-0.200419,0.0334528,0.0167661,0.000560873,FRENET,0.433581,0.0995938,0.433581,0.0145825,0.0995938,0.343157,0
12.9907,23.9565,7.53133,-0.200462,0.0270901,0.0147513,0.000399615,FRENET,0.433581,0.0995938,0.433581,0.0145825,0.0995938,0.343157,0
12.9947,23.9565,7.53133,-0.200462,0.0270901,0.0147513,0.000399615,FRENET,0.433581,0.0995938,0.433581,0.0145825,0.0995938,0.343157,0
12.9993,23.9567,7.53128,-0.200498,0.0219375,0.0178824,0.000392297,FRENET,0.433581,0.0995938,0.433581,0.0145825,0.0995938,0.343157,0
13.0027,23.9567,7.53128,-0.200498,0.0219375,0.0178824,0.000392297,FRENET,0.433581,0.0995938,0.433581,0.0145825,0.0995938,0.343157,0
13.0067,23.9567,7.53128,-0.200498,0.0219375,0.0178824,0.000392297,FRENET,0.433581,0.0995938,0.433581,0.0145825,0.0995938,0.343157,0
13.0107,23.9569,7.53124,-0.200527,0.017765,0.0165612,0.00029421,FRENET,0.433581,0.0995938,0.433581,0.0145825,0.0995938,0.343157,0
13.0147,23.9569,7.53124,-0.200527,0.017765,0.0165612,0.00029421,FRENET,0.433581,0.0995938,0.433581,0.0145825,0.0995938,0.343157,0
13.0193,23.9571,7.53121,-0.200551,0.0143861,0.0186145,0.000267791,FRENET,0.433581,0.0995938,0.433581,0.0145825,0.0995938,0.343157,0
13.0227,23.9571,7.53121,-0.200551,0.0143861,0.0186145,0.000267791,FRENET,0.433581,0.0995938,0.433581,0.0145825,0.0995938,0.343157,0
13.0267,23.9571,7.53121,-0.200551,0.0143861,0.0186145,0.000267791,FGM,0.0197447,0.341207,0.0058635,0.0197447,2.74535,0.341207,0
13.0307,23.9575,7.53113,-0.200612,0.0640718,0.00757366,0.000485258,FGM,0.0197447,0.341207,0.0058635,0.0197447,2.74535,0.341207,0
13.0347,23.9575,7.53113,-0.200612,0.0640718,0.00757366,0.000485258,FGM,0.0197447,0.341207,0.0058635,0.0197447,2.74535,0.341207,0
13.0393,23.9583,7.53096,-0.200735,0.111395,0.00921008,0.00102596,FGM,0.0197447,0.341207,0.0058635,0.0197447,2.74535,0.341207,0
13.0427,23.9583,7.53096,-0.200735,0.111395,0.00921008,0.00102596,FGM,0.0197447,0.341207,0.0058635,0.0197447,2.74535,0.341207,0
13.0467,23.9583,7.53096,-0.200735,0.111395,0.00921008,0.00102596,FGM,0.0197447,0.341207,0.0058635,0.0197447,2.74535,0.341207,0
13.0507,23.9596,7.53069,-0.200797,0.156468,0.0200092,0.00313079,FGM,0.0197447,0.341207,0.0058635,0.0197447,2.74535,0.341207,0
13.0547,23.9596,7.53069,-0.200797,0.156468,0.0200092,0.00313079,FGM,0.0197447,0.341207,0.0058635,0.0197447,2.74535,0.341207,0
13.0593,23.9614,7.53033,-0.200797,0.199398,0.0200092,0.00398978,FGM,0.0197447,0.341207,0.0058635,0.0197447,2.74535,0.341207,0
13.0627,23.9614,7.53033,-0.200797,0.199398,0.0200092,0.00398978,FGM,0.0197447,0.341207,0.0058635,0.0197447,2.74535,0.341207,0
13.0667,23.9614,7.53033,-0.200797,0.199398,0.0200092,0.00398978,FGM,0.0197447,0.341207,0.0058635,0.0197447,2.74535,0.341207,0
13.0707,23.9635,7.5299,-0.200907,0.240286,-0.00328513,-0.000789371,FGM,0.0197447,0.341207,0.0058635,0.0197447,2.74535,0.341207,0
13.0747,23.9635,7.5299,-0.200907,0.240286,-0.00328513,-0.000789371,FGM,0.0197447,0.341207,0.0058635,0.0197447,2.74535,0.341207,0
13.0793,23.9661,7.52938,-0.201029,0.27923,0.0200092,0.00558716,FGM,0.0249767,0.341698,0.0172412,0.0249767,2.74535,0.341698,0
13.0827,23.9661,7.52938,-0.201029,0.27923,0.0200092,0.00558716,FGM,0.0249767,0.341698,0.0172412,0.0249767,2.74535,0.341698,0
13.0867,23.9661,7.52938,-0.201029,0.27923,0.0200092,0.00558716,FGM,0.0249767,0.341698,0.0172412,0.0249767,2.74535,0.341698,0
13.0907,23.969,7.52878,-0.201177,0.316345,-0.0106587,-0.00337182,FGM,0.0249767,0.341698,0.0172412,0.0249767,2.74535,0.341698,0
13.0947,23.969,7.52878,-0.201177,0.316345,-0.0106587,-0.00337182,FGM,0.0249767,0.341698,0.0172412,0.0249767,2.74535,0.341698,0
13.0993,23.9723,7.52811,-0.201336,0.351696,0.0200092,0.00703714,FGM,0.0249767,0.341698,0.0172412,0.0249767,2.74535,0.341698,0
13.1027,23.9723,7.52811,-0.201336,0.351696,0.0200092,0.00703714,FGM,0.0249767,0.341698,0.0172412,0.0249767,2.74535,0.341698,0
13.1067,23.9723,7.52811,-0.201336,0.351696,0.0200092,0.00703714,FGM,0.0249767,0.341698,0.0172412,0.0249767,2.74535,0.341698,0
13.1107,23.9759,7.52738,-0.201517,0.385366,-0.0173498,-0.006686,FGM,0.0249767,0.341698,0.0172412,0.0249767,2.74535,0.341698,0
13.1147,23.9759,7.52738,-0.201517,0.385366,-0.0173498,-0.006686,FGM,0.0249767,0.341698,0.0172412,0.0249767,2.74535,0.341698,0
13.1193,23.9798,7.52657,-0.201709,0.417434,0.0200092,0.00835251,FGM,0.0249767,0.341698,0.0172412,0.0249767,2.74535,0.341698,0
13.1227,23.9798,7.52657,-0.201709,0.417434,0.0200092,0.00835251,FGM,0.0249767,0.341698,0.0172412,0.0249767,2.74535,0.341698,0
13.1267,23.9798,7.52657,-0.201709,0.417434,0.0200092,0.00835251,FGM,0.023309,0.362595,0.430741,0.023309,0.0730287,0.362595,0
13.1307,23.984,7.52571,-0.201921,0.447859,-0.0234081,-0.0104835,FGM,0.023309,0.362595,0.430741,0.023309,0.0730287,0.362595,0
13.1347,23.984,7.52571,-0.201921,0.447859,-0.0234081,-0.0104835,FGM,0.023309,0.362595,0.430741,0.023309,0.0730287,0.362595,0
13.1392,23.9886,7.52478,-0.202143,0.476836,0.0200092,0.00954109,FGM,0.023309,0.362595,0.430741,0.023309,0.0730287,0.362595,0
13.1427,23.9886,7.52478,-0.202143,0.476836,0.0200092,0.00954109,FGM,0.023309,0.362595,0.430741,0.023309,0.0730287,0.362595,0
13.1467,23.9886,7.52478,-0.202143,0.476836,0.0200092,0.00954109,FGM,0.023309,0.362595,0.430741,0.023309,0.0730287,0.362595,0
13.1507,23.9934,7.52381,-0.202109,0.504436,0.0182492,0.00920557,FGM,0.023309,0.362595,0.430741,0.023309,0.0730287,0.362595,0
13.1547,23.9934,7.52381,-0.202109,0.504436,0.0182492,0.00920557,FGM,0.023309,0.362595,0.430741,0.023309,0.0730287,0.362595,0
13.1593,23.9985,7.52283,-0.202052,0.530723,-0.0240286,-0.0127526,FGM,0.023309,0.362595,0.430741,0.023309,0.0730287,0.362595,0
13.1627,23.9985,7.52283,-0.202052,0.530723,-0.0240286,-0.0127526,FGM,0.023309,0.362595,0.430741,0.023309,0.0730287,0.362595,0
13.1667,23.9985,7.52283,-0.202052,0.530723,-0.0240286,-0.0127526,FGM,0.023309,0.362595,0.430741,0.023309,0.0730287,0.362595,0
13.1707,24.0038,7.52173,-0.20234,0.555761,-0.010643,-0.00591494,FGM,0.023309,0.362595,0.430741,0.023309,0.0730287,0.362595,0

--- Experiment Summary ---
Scenario,Mux_playground_WS2.61_WT1.60_WC0.73_WCL1.11_WD1.12_DM0.32_Opp_bumper_slow_2.csv
Mode,MUX_OBSTACLE
Finish Reason,GOAL REACHED
Duration (s),13.17
Total Dist (m),34.08
Collision,NO
FRENET Usage (%),79.30
FGM Usage (%),20.70
Max Speed (m/s),4.69
Max Lat Acc (m/s^2),1.92
Global Min Dist (m),0.00
Global Unsafe Ratio,0.62
Global Track RMS (m),1.24
Global Lat Acc RMS,0.43
FGM Min Dist (m),0.02
FGM Unsafe Ratio,1.00
FGM Track RMS (m),0.42
