t,x,y,yaw,speed,yaw_rate,a_lat,planner,min_d,track_error,fre_min_d,fgm_min_d,fre_track,fgm_track,collision
2.5398e-05,-9.99917,7.475,0,0.118883,0,0,FGM,0.425869,0.141581,0.416458,0.425869,0.0473625,0.141581,0
0.004019,-9.99917,7.475,0,0.118883,0,0,FGM,0.425869,0.141581,0.416458,0.425869,0.0473625,0.141581,0
0.00874079,-9.9975,7.475,8.83427e-05,0.213983,0.0207444,0.00443896,FGM,0.425869,0.141581,0.416458,0.425869,0.0473625,0.141581,0
0.0120299,-9.9975,7.475,8.83427e-05,0.213983,0.0207444,0.00443896,FGM,0.425869,0.141581,0.416458,0.425869,0.0473625,0.141581,0
0.0159973,-9.9975,7.475,8.83427e-05,0.213983,0.0207444,0.00443896,FGM,0.425869,0.141581,0.416458,0.425869,0.0473625,0.141581,0
0.0199835,-9.99489,7.475,0.000476548,0.309083,0.0599891,0.0185416,FGM,0.425869,0.141581,0.416458,0.425869,0.0473625,0.141581,0
0.0240161,-9.99489,7.475,0.000476548,0.309083,0.0599891,0.0185416,FGM,0.425869,0.141581,0.416458,0.425869,0.0473625,0.141581,0
0.0286537,-9.99132,7.475,0.000987717,0.404183,0.0391832,0.0158372,FGM,0.425869,0.141581,0.416458,0.425869,0.0473625,0.141581,0
0.0320469,-9.99132,7.475,0.000987717,0.404183,0.0391832,0.0158372,FGM,0.417203,0.167145,0.416286,0.417203,0.0473625,0.167145,0
0.0360147,-9.99132,7.475,0.000987717,0.404183,0.0391832,0.0158372,FGM,0.417203,0.167145,0.416286,0.417203,0.0473625,0.167145,0
0.040013,-9.9868,7.47501,0.00165265,0.499283,0.0969044,0.0483828,FGM,0.417203,0.167145,0.416286,0.417203,0.0473625,0.167145,0
0.0440107,-9.9868,7.47501,0.00165265,0.499283,0.0969044,0.0483828,FGM,0.417203,0.167145,0.416286,0.417203,0.0473625,0.167145,0
0.0486329,-9.98134,7.47505,0.00244849,0.594383,0.0427741,0.0254242,FGM,0.417203,0.167145,0.416286,0.417203,0.0473625,0.167145,0
0.0520181,-9.98134,7.47505,0.00244849,0.594383,0.0427741,0.0254242,FGM,0.417203,0.167145,0.416286,0.417203,0.0473625,0.167145,0
0.0560149,-9.98134,7.47505,0.00244849,0.594383,0.0427741,0.0254242,FGM,0.417203,0.167145,0.416286,0.417203,0.0473625,0.167145,0
0.0600125,-9.97494,7.47516,0.00301396,0.6857,0.0773299,0.0530251,FGM,0.417203,0.167145,0.416286,0.417203,0.0473625,0.167145,0
0.0640113,-9.97494,7.47516,0.00301396,0.6857,0.0773299,0.0530251,FGM,0.417203,0.167145,0.416286,0.417203,0.0473625,0.167145,0
0.0686432,-9.96765,7.47533,0.00390345,0.772674,0.0864165,0.0667717,FGM,0.417203,0.167145,0.416286,0.417203,0.0473625,0.167145,0
0.072016,-9.96765,7.47533,0.00390345,0.772674,0.0864165,0.0667717,FGM,0.417203,0.167145,0.416286,0.417203,0.0473625,0.167145,0
0.0759828,-9.96765,7.47533,0.00390345,0.772674,0.0864165,0.0667717,FGM,0.417203,0.167145,0.416286,0.417203,0.0473625,0.167145,0
0.0800163,-9.95951,7.47552,0.00482054,0.855512,0.108851,0.093123,FGM,0.417203,0.167145,0.416286,0.417203,0.0473625,0.167145,0
0.084027,-9.95951,7.47552,0.00482054,0.855512,0.108851,0.093123,FGM,0.428727,0.201034,0.420424,0.428727,0.0473625,0.201034,0
0.0886373,-9.95057,7.47576,0.00600065,0.933566,0.114112,0.106531,FGM,0.428727,0.201034,0.420424,0.428727,0.0473625,0.201034,0
0.0920191,-9.95057,7.47576,0.00600065,0.933566,0.114112,0.106531,FGM,0.428727,0.201034,0.420424,0.428727,0.0473625,0.201034,0
0.0960171,-9.95057,7.47576,0.00600065,0.933566,0.114112,0.106531,FGM,0.428727,0.201034,0.420424,0.428727,0.0473625,0.201034,0
0.100015,-9.94086,7.47602,0.0071686,1.00791,0.131853,0.132896,FGM,0.428727,0.201034,0.420424,0.428727,0.0473625,0.201034,0
0.104022,-9.94086,7.47602,0.0071686,1.00791,0.131853,0.132896,FGM,0.428727,0.201034,0.420424,0.428727,0.0473625,0.201034,0
0.108657,-9.93043,7.47633,0.00857194,1.07872,0.135838,0.14653,FGM,0.428727,0.201034,0.420424,0.428727,0.0473625,0.201034,0
0.112024,-9.93043,7.47633,0.00857194,1.07872,0.135838,0.14653,FGM,0.428727,0.201034,0.420424,0.428727,0.0473625,0.201034,0
0.115987,-9.93043,7.47633,0.00857194,1.07872,0.135838,0.14653,FGM,0.428727,0.201034,0.420424,0.428727,0.0473625,0.201034,0
0.119984,-9.91931,7.47666,0.00994321,1.14616,0.151058,0.173136,FGM,0.428727,0.201034,0.420424,0.428727,0.0473625,0.201034,0
0.124014,-9.91931,7.47666,0.00994321,1.14616,0.151058,0.173136,FGM,0.428727,0.201034,0.420424,0.428727,0.0473625,0.201034,0
0.128659,-9.90754,7.47704,0.0115357,1.21039,0.154314,0.18678,FGM,0.428727,0.201034,0.420424,0.428727,0.0473625,0.201034,0
0.131989,-9.90754,7.47704,0.0115357,1.21039,0.154314,0.18678,FGM,0.423992,0.238164,0.413423,0.423992,0.0473625,0.238164,0
0.136017,-9.90754,7.47704,0.0115357,1.21039,0.154314,0.18678,FGM,0.423992,0.238164,0.413423,0.423992,0.0473625,0.238164,0
0.140014,-9.89512,7.47745,0.013082,1.27421,0.16772,0.21371,FGM,0.423992,0.238164,0.413423,0.423992,0.0473625,0.238164,0
0.144014,-9.89512,7.47745,0.013082,1.27421,0.16772,0.21371,FGM,0.423992,0.238164,0.413423,0.423992,0.0473625,0.238164,0
0.148672,-9.88208,7.4779,0.0148396,1.33499,0.17065,0.227816,FGM,0.423992,0.238164,0.413423,0.423992,0.0473625,0.238164,0
0.152012,-9.88208,7.4779,0.0148396,1.33499,0.17065,0.227816,FGM,0.423992,0.238164,0.413423,0.423992,0.0473625,0.238164,0
0.156021,-9.88208,7.4779,0.0148396,1.33499,0.17065,0.227816,FGM,0.423992,0.238164,0.413423,0.423992,0.0473625,0.238164,0
0.160012,-9.86845,7.47839,0.0165433,1.39288,0.18311,0.255051,FGM,0.423992,0.238164,0.413423,0.423992,0.0473625,0.238164,0
0.164015,-9.86845,7.47839,0.0165433,1.39288,0.18311,0.255051,FGM,0.423992,0.238164,0.413423,0.423992,0.0473625,0.238164,0
0.168623,-9.85426,7.47893,0.0184542,1.44802,0.185622,0.268785,FGM,0.423992,0.238164,0.413423,0.423992,0.0473625,0.238164,0
0.172011,-9.85426,7.47893,0.0184542,1.44802,0.185622,0.268785,FGM,0.423992,0.238164,0.413423,0.423992,0.0473625,0.238164,0
0.17601,-9.85426,7.47893,0.0184542,1.44802,0.185622,0.268785,FGM,0.423992,0.238164,0.413423,0.423992,0.0473625,0.238164,0
0.180014,-9.83953,7.4795,0.0203014,1.50054,0.197151,0.295834,FGM,0.423992,0.238164,0.413423,0.423992,0.0473625,0.238164,0
0.184016,-9.83953,7.4795,0.0203014,1.50054,0.197151,0.295834,FGM,0.418359,0.263683,0.411075,0.418359,0.0473625,0.263683,0
0.188623,-9.82428,7.48012,0.0223516,1.5509,0.199188,0.30892,FGM,0.418359,0.263683,0.411075,0.418359,0.0473625,0.263683,0
0.192016,-9.82428,7.48012,0.0223516,1.5509,0.199188,0.30892,FGM,0.418359,0.263683,0.411075,0.418359,0.0473625,0.263683,0
0.196009,-9.82428,7.48012,0.0223516,1.5509,0.199188,0.30892,FGM,0.418359,0.263683,0.411075,0.418359,0.0473625,0.263683,0
0.200025,-9.80855,7.48078,0.0243291,1.59886,0.209917,0.335627,FGM,0.418359,0.263683,0.411075,0.418359,0.0473625,0.263683,0
0.204018,-9.80855,7.48078,0.0243291,1.59886,0.209917,0.335627,FGM,0.418359,0.263683,0.411075,0.418359,0.0473625,0.263683,0
0.208636,-9.79235,7.48151,0.0265065,1.64454,0.211571,0.347937,FGM,0.418359,0.263683,0.411075,0.418359,0.0473625,0.263683,0
0.212015,-9.79235,7.48151,0.0265065,1.64454,0.211571,0.347937,FGM,0.418359,0.263683,0.411075,0.418359,0.0473625,0.263683,0
0.216012,-9.79235,7.48151,0.0265065,1.64454,0.211571,0.347937,FGM,0.418359,0.263683,0.411075,0.418359,0.0473625,0.263683,0
0.220022,-9.7757,7.48227,0.0286031,1.68805,0.221643,0.374144,FGM,0.418359,0.263683,0.411075,0.418359,0.0473625,0.263683,0
0.224019,-9.7757,7.48227,0.0286031,1.68805,0.221643,0.374144,FGM,0.418359,0.263683,0.411075,0.418359,0.0473625,0.263683,0
0.228629,-9.75863,7.48309,0.0308972,1.72949,0.22291,0.38552,FGM,0.418359,0.263683,0.411075,0.418359,0.0473625,0.263683,0
0.232012,-9.75863,7.48309,0.0308972,1.72949,0.22291,0.38552,FGM,0.423193,0.28785,0.413791,0.423193,0.0473625,0.28785,0
0.236033,-9.75863,7.48309,0.0308972,1.72949,0.22291,0.38552,FGM,0.423193,0.28785,0.413791,0.423193,0.0473625,0.28785,0
0.240013,-9.74115,7.48395,0.0331013,1.77228,0.231911,0.411011,FGM,0.423193,0.28785,0.413791,0.423193,0.0473625,0.28785,0
0.244014,-9.74115,7.48395,0.0331013,1.77228,0.231911,0.411011,FGM,0.423193,0.28785,0.413791,0.423193,0.0473625,0.28785,0
0.248659,-9.72324,7.48489,0.0354965,1.81304,0.232898,0.422254,FGM,0.423193,0.28785,0.413791,0.423193,0.0473625,0.28785,0
0.252009,-9.72324,7.48489,0.0354965,1.81304,0.232898,0.422254,FGM,0.423193,0.28785,0.413791,0.423193,0.0473625,0.28785,0
0.256014,-9.72324,7.48489,0.0354965,1.81304,0.232898,0.422254,FGM,0.423193,0.28785,0.413791,0.423193,0.0473625,0.28785,0
0.260011,-9.70494,7.48587,0.0377996,1.85186,0.241923,0.448008,FGM,0.423193,0.28785,0.413791,0.423193,0.0473625,0.28785,0
0.26401,-9.70494,7.48587,0.0377996,1.85186,0.241923,0.448008,FGM,0.423193,0.28785,0.413791,0.423193,0.0473625,0.28785,0
0.268672,-9.68627,7.48692,0.040296,1.88884,0.242831,0.458667,FGM,0.423193,0.28785,0.413791,0.423193,0.0473625,0.28785,0
0.272043,-9.68627,7.48692,0.040296,1.88884,0.242831,0.458667,FGM,0.423193,0.28785,0.413791,0.423193,0.0473625,0.28785,0
0.276031,-9.68627,7.48692,0.040296,1.88884,0.242831,0.458667,FGM,0.423193,0.28785,0.413791,0.423193,0.0473625,0.28785,0
0.28003,-9.66724,7.48802,0.0426955,1.92405,0.251512,0.483921,FGM,0.423193,0.28785,0.413791,0.423193,0.0473625,0.28785,0
0.284034,-9.66724,7.48802,0.0426955,1.92405,0.251512,0.483921,FGM,0.42735,0.323446,0.41479,0.42735,0.0544975,0.323446,0
0.288657,-9.64784,7.48919,0.045281,1.96294,0.251383,0.493448,FGM,0.42735,0.323446,0.41479,0.42735,0.0544975,0.323446,0
0.292043,-9.64784,7.48919,0.045281,1.96294,0.251383,0.493448,FGM,0.42735,0.323446,0.41479,0.42735,0.0544975,0.323446,0
0.296029,-9.64784,7.48919,0.045281,1.96294,0.251383,0.493448,FGM,0.42735,0.323446,0.41479,0.42735,0.0544975,0.323446,0
0.300036,-9.62806,7.49042,0.0477627,1.99997,0.259291,0.518574,FGM,0.42735,0.323446,0.41479,0.42735,0.0544975,0.323446,0
0.304035,-9.62806,7.49042,0.0477627,1.99997,0.259291,0.518574,FGM,0.42735,0.323446,0.41479,0.42735,0.0544975,0.323446,0
0.308655,-9.60793,7.49173,0.0504316,2.03524,0.259926,0.529014,FGM,0.42735,0.323446,0.41479,0.42735,0.0544975,0.323446,0
0.312034,-9.60793,7.49173,0.0504316,2.03524,0.259926,0.529014,FGM,0.42735,0.323446,0.41479,0.42735,0.0544975,0.323446,0
0.316029,-9.60793,7.49173,0.0504316,2.03524,0.259926,0.529014,FGM,0.42735,0.323446,0.41479,0.42735,0.0544975,0.323446,0
0.320026,-9.58745,7.4931,0.0529985,2.06884,0.267992,0.554433,FGM,0.42735,0.323446,0.41479,0.42735,0.0544975,0.323446,0
0.324053,-9.58745,7.4931,0.0529985,2.06884,0.267992,0.554433,FGM,0.42735,0.323446,0.41479,0.42735,0.0544975,0.323446,0
0.32867,-9.56666,7.49455,0.0557557,2.10084,0.268619,0.564325,FGM,0.42735,0.323446,0.41479,0.42735,0.0544975,0.323446,0
0.332033,-9.56666,7.49455,0.0557557,2.10084,0.268619,0.564325,FGM,0.46659,0.307011,0.430771,0.46659,0.0544975,0.307011,0
0.336036,-9.56666,7.49455,0.0557557,2.10084,0.268619,0.564325,FGM,0.46659,0.307011,0.430771,0.46659,0.0544975,0.307011,0
0.340024,-9.54553,7.49605,0.0582779,2.13439,0.238593,0.50925,FGM,0.46659,0.307011,0.430771,0.46659,0.0544975,0.307011,0
0.34404,-9.54553,7.49605,0.0582779,2.13439,0.238593,0.50925,FGM,0.46659,0.307011,0.430771,0.46659,0.0544975,0.307011,0
0.34868,-9.52408,7.49758,0.0604408,2.16634,0.183686,0.397926,FGM,0.46659,0.307011,0.430771,0.46659,0.0544975,0.307011,0
0.352036,-9.52408,7.49758,0.0604408,2.16634,0.183686,0.397926,FGM,0.46659,0.307011,0.430771,0.46659,0.0544975,0.307011,0
0.356041,-9.52408,7.49758,0.0604408,2.16634,0.183686,0.397926,FGM,0.46659,0.307011,0.430771,0.46659,0.0544975,0.307011,0
0.360027,-9.50232,7.49912,0.0620511,2.19678,0.155825,0.342312,FGM,0.46659,0.307011,0.430771,0.46659,0.0544975,0.307011,0
0.364037,-9.50232,7.49912,0.0620511,2.19678,0.155825,0.342312,FGM,0.46659,0.307011,0.430771,0.46659,0.0544975,0.307011,0
0.368679,-9.48027,7.5007,0.0635617,2.22576,0.132968,0.295956,FGM,0.46659,0.307011,0.430771,0.46659,0.0544975,0.307011,0
0.372036,-9.48027,7.5007,0.0635617,2.22576,0.132968,0.295956,FGM,0.46659,0.307011,0.430771,0.46659,0.0544975,0.307011,0
0.376039,-9.48027,7.5007,0.0635617,2.22576,0.132968,0.295956,FGM,0.46659,0.307011,0.430771,0.46659,0.0544975,0.307011,0
0.380036,-9.45793,7.50228,0.0647694,2.25337,0.124559,0.280678,FGM,0.46659,0.307011,0.430771,0.46659,0.0544975,0.307011,0
0.384044,-9.45793,7.50228,0.0647694,2.25337,0.124559,0.280678,FGM,0.46014,0.342552,0.4286,0.46014,0.0544975,0.342552,0
0.388672,-9.4353,7.50391,0.0660312,2.28392,0.113648,0.259563,FGM,0.46014,0.342552,0.4286,0.46014,0.0544975,0.342552,0
0.392044,-9.4353,7.50391,0.0660312,2.28392,0.113648,0.259563,FGM,0.46014,0.342552,0.4286,0.46014,0.0544975,0.342552,0
0.396034,-9.4353,7.50391,0.0660312,2.28392,0.113648,0.259563,FGM,0.46014,0.342552,0.4286,0.46014,0.0544975,0.342552,0
0.400038,-9.41237,7.50557,0.0670857,2.31302,0.11253,0.260285,FGM,0.46014,0.342552,0.4286,0.46014,0.0544975,0.342552,0
0.404027,-9.41237,7.50557,0.0670857,2.31302,0.11253,0.260285,FGM,0.46014,0.342552,0.4286,0.46014,0.0544975,0.342552,0
0.408672,-9.38917,7.50727,0.068255,2.34074,0.106563,0.249436,FGM,0.46014,0.342552,0.4286,0.46014,0.0544975,0.342552,0
0.412037,-9.38917,7.50727,0.068255,2.34074,0.106563,0.249436,FGM,0.46014,0.342552,0.4286,0.46014,0.0544975,0.342552,0
0.416033,-9.38917,7.50727,0.068255,2.34074,0.106563,0.249436,FGM,0.46014,0.342552,0.4286,0.46014,0.0544975,0.342552,0
0.420034,-9.36569,7.50899,0.0692544,2.36714,0.108557,0.256969,FGM,0.46014,0.342552,0.4286,0.46014,0.0544975,0.342552,0
0.424038,-9.36569,7.50899,0.0692544,2.36714,0.108557,0.256969,FGM,0.46014,0.342552,0.4286,0.46014,0.0544975,0.342552,0
0.428658,-9.34196,7.51077,0.0703958,2.39228,0.104623,0.250289,FGM,0.46014,0.342552,0.4286,0.46014,0.0544975,0.342552,0
0.432037,-9.34196,7.51077,0.0703958,2.39228,0.104623,0.250289,FRENET,0.431743,0.0544975,0.431743,0.386841,0.0544975,0.382224,0
0.436035,-9.34196,7.51077,0.0703958,2.39228,0.104623,0.250289,FRENET,0.431743,0.0544975,0.431743,0.386841,0.0544975,0.382224,0
0.440025,-9.31814,7.51255,0.0713884,2.38454,0.111321,0.26545,FRENET,0.431743,0.0544975,0.431743,0.386841,0.0544975,0.382224,0
0.444041,-9.31814,7.51255,0.0713884,2.38454,0.111321,0.26545,FRENET,0.431743,0.0544975,0.431743,0.386841,0.0544975,0.382224,0
0.448668,-9.2944,7.51437,0.0725763,2.37827,0.108548,0.258156,FRENET,0.431743,0.0544975,0.431743,0.386841,0.0544975,0.382224,0
0.452035,-9.2944,7.51437,0.0725763,2.37827,0.108548,0.258156,FRENET,0.431743,0.0544975,0.431743,0.386841,0.0544975,0.382224,0
0.456042,-9.2944,7.51437,0.0725763,2.37827,0.108548,0.258156,FRENET,0.431743,0.0544975,0.431743,0.386841,0.0544975,0.382224,0
0.460175,-9.27071,7.51617,0.0732916,2.3732,0.0234711,0.0557015,FRENET,0.431743,0.0544975,0.431743,0.386841,0.0544975,0.382224,0
0.464036,-9.27071,7.51617,0.0732916,2.3732,0.0234711,0.0557015,FRENET,0.431743,0.0544975,0.431743,0.386841,0.0544975,0.382224,0
0.468762,-9.24706,7.5179,0.0731854,2.36909,-0.0232634,-0.0551131,FRENET,0.431743,0.0544975,0.431743,0.386841,0.0544975,0.382224,0
0.472033,-9.24706,7.5179,0.0731854,2.36909,-0.0232634,-0.0551131,FRENET,0.431743,0.0544975,0.431743,0.386841,0.0544975,0.382224,0
0.476031,-9.24706,7.5179,0.0731854,2.36909,-0.0232634,-0.0551131,FRENET,0.431743,0.0544975,0.431743,0.386841,0.0544975,0.382224,0
0.480014,-9.22345,7.5196,0.0728478,2.36576,-0.0590683,-0.139742,FRENET,0.431743,0.0544975,0.431743,0.386841,0.0544975,0.382224,0
0.484028,-9.22345,7.5196,0.0728478,2.36576,-0.0590683,-0.139742,FRENET,0.442273,0.0471465,0.442273,0.383218,0.0471465,0.388088,0
0.488685,-9.1997,7.52127,0.0721177,2.39558,-0.0710659,-0.170244,FRENET,0.442273,0.0471465,0.442273,0.383218,0.0471465,0.388088,0
0.49203,-9.1997,7.52127,0.0721177,2.39558,-0.0710659,-0.170244,FRENET,0.442273,0.0471465,0.442273,0.383218,0.0471465,0.388088,0
0.49603,-9.1997,7.52127,0.0721177,2.39558,-0.0710659,-0.170244,FRENET,0.442273,0.0471465,0.442273,0.383218,0.0471465,0.388088,0
0.500014,-9.17566,7.52295,0.0714098,2.42398,-0.0847528,-0.205439,FRENET,0.442273,0.0471465,0.442273,0.383218,0.0471465,0.388088,0
0.50403,-9.17566,7.52295,0.0714098,2.42398,-0.0847528,-0.205439,FRENET,0.442273,0.0471465,0.442273,0.383218,0.0471465,0.388088,0
0.508682,-9.15134,7.5246,0.0704643,2.45103,-0.0888567,-0.21779,FRENET,0.442273,0.0471465,0.442273,0.383218,0.0471465,0.388088,0
0.51203,-9.15134,7.5246,0.0704643,2.45103,-0.0888567,-0.21779,FRENET,0.442273,0.0471465,0.442273,0.383218,0.0471465,0.388088,0
0.51603,-9.15134,7.5246,0.0704643,2.45103,-0.0888567,-0.21779,FRENET,0.442273,0.0471465,0.442273,0.383218,0.0471465,0.388088,0
0.520013,-9.12676,7.52626,0.0696072,2.47679,-0.0973718,-0.241169,FRENET,0.442273,0.0471465,0.442273,0.383218,0.0471465,0.388088,0
0.52403,-9.12676,7.52626,0.0696072,2.47679,-0.0973718,-0.241169,FRENET,0.442273,0.0471465,0.442273,0.383218,0.0471465,0.388088,0
0.528679,-9.10192,7.52789,0.0685528,2.50133,-0.0980906,-0.245357,FRENET,0.442273,0.0471465,0.442273,0.383218,0.0471465,0.388088,0
0.53203,-9.10192,7.52789,0.0685528,2.50133,-0.0980906,-0.245357,FRENET,0.434736,0.0471465,0.434736,0.378592,0.0471465,0.399474,0
0.536033,-9.10192,7.52789,0.0685528,2.50133,-0.0980906,-0.245357,FRENET,0.434736,0.0471465,0.434736,0.378592,0.0471465,0.399474,0
0.540013,-9.07685,7.52953,0.0676164,2.5247,-0.104319,-0.263374,FRENET,0.434736,0.0471465,0.434736,0.378592,0.0471465,0.399474,0
0.54403,-9.07685,7.52953,0.0676164,2.5247,-0.104319,-0.263374,FRENET,0.434736,0.0471465,0.434736,0.378592,0.0471465,0.399474,0
0.548678,-9.05154,7.53114,0.0664998,2.54696,-0.103511,-0.263639,FRENET,0.434736,0.0471465,0.434736,0.378592,0.0471465,0.399474,0
0.552029,-9.05154,7.53114,0.0664998,2.54696,-0.103511,-0.263639,FRENET,0.434736,0.0471465,0.434736,0.378592,0.0471465,0.399474,0
0.556031,-9.05154,7.53114,0.0664998,2.54696,-0.103511,-0.263639,FRENET,0.434736,0.0471465,0.434736,0.378592,0.0471465,0.399474,0
0.560012,-9.02601,7.53276,0.0655157,2.56816,-0.108668,-0.279078,FRENET,0.434736,0.0471465,0.434736,0.378592,0.0471465,0.399474,0
0.564027,-9.02601,7.53276,0.0655157,2.56816,-0.108668,-0.279078,FRENET,0.434736,0.0471465,0.434736,0.378592,0.0471465,0.399474,0
0.568625,-9.00028,7.53434,0.0643587,2.58835,-0.107131,-0.277293,FRENET,0.434736,0.0471465,0.434736,0.378592,0.0471465,0.399474,0
0.572028,-9.00028,7.53434,0.0643587,2.58835,-0.107131,-0.277293,FRENET,0.434736,0.0471465,0.434736,0.378592,0.0471465,0.399474,0
0.576072,-9.00028,7.53434,0.0643587,2.58835,-0.107131,-0.277293,FRENET,0.434736,0.0471465,0.434736,0.378592,0.0471465,0.399474,0
0.579985,-8.97435,7.53593,0.063342,2.60759,-0.11175,-0.291398,FRENET,0.434736,0.0471465,0.434736,0.378592,0.0471465,0.399474,0
0.583971,-8.97435,7.53593,0.063342,2.60759,-0.11175,-0.291398,FRENET,0.433511,0.0471465,0.433511,0.506944,0.0471465,0.117943,0
0.588627,-8.94823,7.53749,0.0621555,2.6259,-0.109838,-0.288424,FRENET,0.433511,0.0471465,0.433511,0.506944,0.0471465,0.117943,0
0.591976,-8.94823,7.53749,0.0621555,2.6259,-0.109838,-0.288424,FRENET,0.433511,0.0471465,0.433511,0.506944,0.0471465,0.117943,0
0.595977,-8.94823,7.53749,0.0621555,2.6259,-0.109838,-0.288424,FRENET,0.433511,0.0471465,0.433511,0.506944,0.0471465,0.117943,0
0.599967,-8.92193,7.53904,0.0611139,2.64335,-0.114161,-0.301769,FRENET,0.433511,0.0471465,0.433511,0.506944,0.0471465,0.117943,0
0.603976,-8.92193,7.53904,0.0611139,2.64335,-0.114161,-0.301769,FRENET,0.433511,0.0471465,0.433511,0.506944,0.0471465,0.117943,0
0.608621,-8.89545,7.54056,0.0599038,2.65997,-0.112039,-0.29802,FRENET,0.433511,0.0471465,0.433511,0.506944,0.0471465,0.117943,0
0.61201,-8.89545,7.54056,0.0599038,2.65997,-0.112039,-0.29802,FRENET,0.433511,0.0471465,0.433511,0.506944,0.0471465,0.117943,0
0.616011,-8.89545,7.54056,0.0599038,2.65997,-0.112039,-0.29802,FRENET,0.433511,0.0471465,0.433511,0.506944,0.0471465,0.117943,0
0.62001,-8.86882,7.54208,0.0588418,2.6758,-0.116182,-0.310879,FRENET,0.433511,0.0471465,0.433511,0.506944,0.0471465,0.117943,0
0.62402,-8.86882,7.54208,0.0588418,2.6758,-0.116182,-0.310879,FRENET,0.433511,0.0471465,0.433511,0.506944,0.0471465,0.117943,0
0.628652,-8.84203,7.54356,0.0576115,2.69087,-0.113927,-0.306563,FRENET,0.433511,0.0471465,0.433511,0.506944,0.0471465,0.117943,0
0.632027,-8.84203,7.54356,0.0576115,2.69087,-0.113927,-0.306563,FRENET,0.434952,0.0471465,0.434952,0.512213,0.0471465,0.312364,0
0.636014,-8.84203,7.54356,0.0576115,2.69087,-0.113927,-0.306563,FRENET,0.434952,0.0471465,0.434952,0.512213,0.0471465,0.312364,0
0.639989,-8.81503,7.54504,0.0565371,2.71712,-0.11614,-0.315565,FRENET,0.434952,0.0471465,0.434952,0.512213,0.0471465,0.312364,0
0.644002,-8.81503,7.54504,0.0565371,2.71712,-0.11614,-0.315565,FRENET,0.434952,0.0471465,0.434952,0.512213,0.0471465,0.312364,0
0.648623,-8.78777,7.54648,0.0551785,2.74211,-0.153219,-0.420143,FRENET,0.434952,0.0471465,0.434952,0.512213,0.0471465,0.312364,0
0.651984,-8.78777,7.54648,0.0551785,2.74211,-0.153219,-0.420143,FRENET,0.434952,0.0471465,0.434952,0.512213,0.0471465,0.312364,0
0.655983,-8.78777,7.54648,0.0551785,2.74211,-0.153219,-0.420143,FRENET,0.434952,0.0471465,0.434952,0.512213,0.0471465,0.312364,0
0.659967,-8.76026,7.54788,0.0536457,2.76592,-0.138913,-0.384222,FRENET,0.434952,0.0471465,0.434952,0.512213,0.0471465,0.312364,0
0.663983,-8.76026,7.54788,0.0536457,2.76592,-0.138913,-0.384222,FRENET,0.434952,0.0471465,0.434952,0.512213,0.0471465,0.312364,0
0.668632,-8.73253,7.54928,0.0523579,2.7886,-0.134476,-0.374999,FRENET,0.434952,0.0471465,0.434952,0.512213,0.0471465,0.312364,0
0.671983,-8.73253,7.54928,0.0523579,2.7886,-0.134476,-0.374999,FRENET,0.434952,0.0471465,0.434952,0.512213,0.0471465,0.312364,0
0.675982,-8.73253,7.54928,0.0523579,2.7886,-0.134476,-0.374999,FRENET,0.434952,0.0471465,0.434952,0.512213,0.0471465,0.312364,0
0.68,-8.70457,7.55065,0.0509756,2.8102,-0.126944,-0.356737,FRENET,0.434952,0.0471465,0.434952,0.512213,0.0471465,0.312364,0
0.684013,-8.70457,7.55065,0.0509756,2.8102,-0.126944,-0.356737,FRENET,0.459973,0.0519157,0.459973,0.514208,0.0519157,0.123608,0
0.688658,-8.67638,7.55201,0.0497856,2.83394,-0.126551,-0.358638,FRENET,0.459973,0.0519157,0.459973,0.514208,0.0519157,0.123608,0
0.692016,-8.67638,7.55201,0.0497856,2.83394,-0.126551,-0.358638,FRENET,0.459973,0.0519157,0.459973,0.514208,0.0519157,0.123608,0
0.696018,-8.67638,7.55201,0.0497856,2.83394,-0.126551,-0.358638,FRENET,0.459973,0.0519157,0.459973,0.514208,0.0519157,0.123608,0
0.700013,-8.64796,7.55334,0.0484675,2.85655,-0.121909,-0.34824,FRENET,0.459973,0.0519157,0.459973,0.514208,0.0519157,0.123608,0
0.704015,-8.64796,7.55334,0.0484675,2.85655,-0.121909,-0.34824,FRENET,0.459973,0.0519157,0.459973,0.514208,0.0519157,0.123608,0
0.708653,-8.61925,7.55466,0.047322,2.88998,-0.12193,-0.352375,FRENET,0.459973,0.0519157,0.459973,0.514208,0.0519157,0.123608,0
0.712019,-8.61925,7.55466,0.047322,2.88998,-0.12193,-0.352375,FRENET,0.459973,0.0519157,0.459973,0.514208,0.0519157,0.123608,0
0.71598,-8.61925,7.55466,0.047322,2.88998,-0.12193,-0.352375,FRENET,0.459973,0.0519157,0.459973,0.514208,0.0519157,0.123608,0
0.72,-8.59022,7.55595,0.0460493,2.92182,-0.118147,-0.345203,FRENET,0.459973,0.0519157,0.459973,0.514208,0.0519157,0.123608,0
0.72402,-8.59022,7.55595,0.0460493,2.92182,-0.118147,-0.345203,FRENET,0.459973,0.0519157,0.459973,0.514208,0.0519157,0.123608,0
0.728657,-8.56088,7.55724,0.04493,2.95214,-0.120521,-0.355794,FRENET,0.459973,0.0519157,0.459973,0.514208,0.0519157,0.123608,0
0.732016,-8.56088,7.55724,0.04493,2.95214,-0.120521,-0.355794,FRENET,0.458943,0.0519157,0.458943,0.527403,0.0519157,0.226234,0
0.736014,-8.56088,7.55724,0.04493,2.95214,-0.120521,-0.355794,FRENET,0.458943,0.0519157,0.458943,0.527403,0.0519157,0.226234,0
0.740001,-8.53124,7.55849,0.043662,2.98102,-0.118266,-0.352553,FRENET,0.458943,0.0519157,0.458943,0.527403,0.0519157,0.226234,0
0.744015,-8.53124,7.55849,0.043662,2.98102,-0.118266,-0.352553,FRENET,0.458943,0.0519157,0.458943,0.527403,0.0519157,0.226234,0
0.748635,-8.50132,7.55974,0.0425373,3.00853,-0.12161,-0.365868,FRENET,0.458943,0.0519157,0.458943,0.527403,0.0519157,0.226234,0
0.752018,-8.50132,7.55974,0.0425373,3.00853,-0.12161,-0.365868,FRENET,0.458943,0.0519157,0.458943,0.527403,0.0519157,0.226234,0
0.756018,-8.50132,7.55974,0.0425373,3.00853,-0.12161,-0.365868,FRENET,0.458943,0.0519157,0.458943,0.527403,0.0519157,0.226234,0
0.759972,-8.47113,7.56095,0.0412542,3.03473,-0.119962,-0.364053,FRENET,0.458943,0.0519157,0.458943,0.527403,0.0519157,0.226234,0
0.764016,-8.47113,7.56095,0.0412542,3.03473,-0.119962,-0.364053,FRENET,0.458943,0.0519157,0.458943,0.527403,0.0519157,0.226234,0
0.768658,-8.44068,7.56214,0.0401116,3.05968,-0.123666,-0.378379,FRENET,0.458943,0.0519157,0.458943,0.527403,0.0519157,0.226234,0
0.772015,-8.44068,7.56214,0.0401116,3.05968,-0.123666,-0.378379,FRENET,0.458943,0.0519157,0.458943,0.527403,0.0519157,0.226234,0
0.776016,-8.44068,7.56214,0.0401116,3.05968,-0.123666,-0.378379,FRENET,0.458943,0.0519157,0.458943,0.527403,0.0519157,0.226234,0
0.780001,-8.40999,7.56331,0.0388059,3.08345,-0.12222,-0.376858,FRENET,0.458943,0.0519157,0.458943,0.527403,0.0519157,0.226234,0
0.784012,-8.40999,7.56331,0.0388059,3.08345,-0.12222,-0.376858,FRENET,0.463799,0.0519157,0.463799,0.521863,0.0519157,0.200057,0
0.788655,-8.37906,7.56445,0.037641,3.10608,-0.126017,-0.391419,FRENET,0.463799,0.0519157,0.463799,0.521863,0.0519157,0.200057,0
0.792022,-8.37906,7.56445,0.037641,3.10608,-0.126017,-0.391419,FRENET,0.463799,0.0519157,0.463799,0.521863,0.0519157,0.200057,0
0.796012,-8.37906,7.56445,0.037641,3.10608,-0.126017,-0.391419,FRENET,0.463799,0.0519157,0.463799,0.521863,0.0519157,0.200057,0
0.800025,-8.34791,7.56556,0.0363109,3.12765,-0.124598,-0.389697,FRENET,0.463799,0.0519157,0.463799,0.521863,0.0519157,0.200057,0
0.804017,-8.34791,7.56556,0.0363109,3.12765,-0.124598,-0.389697,FRENET,0.463799,0.0519157,0.463799,0.521863,0.0519157,0.200057,0
0.808671,-8.31655,7.56665,0.0351231,3.14818,-0.128377,-0.404153,FRENET,0.463799,0.0519157,0.463799,0.521863,0.0519157,0.200057,0
0.812014,-8.31655,7.56665,0.0351231,3.14818,-0.128377,-0.404153,FRENET,0.463799,0.0519157,0.463799,0.521863,0.0519157,0.200057,0
0.816016,-8.31655,7.56665,0.0351231,3.14818,-0.128377,-0.404153,FRENET,0.463799,0.0519157,0.463799,0.521863,0.0519157,0.200057,0
0.819999,-8.28499,7.5677,0.0337688,3.16774,-0.126914,-0.402029,FRENET,0.463799,0.0519157,0.463799,0.521863,0.0519157,0.200057,0
0.824017,-8.28499,7.5677,0.0337688,3.16774,-0.126914,-0.402029,FRENET,0.463799,0.0519157,0.463799,0.521863,0.0519157,0.200057,0
0.828656,-8.25324,7.56873,0.0325588,3.18637,-0.130632,-0.416241,FRENET,0.463799,0.0519157,0.463799,0.521863,0.0519157,0.200057,0
0.832014,-8.25324,7.56873,0.0325588,3.18637,-0.130632,-0.416241,FRENET,0.44371,0.0519157,0.44371,0.513426,0.0519157,0.11843,0
0.836012,-8.25324,7.56873,0.0325588,3.18637,-0.130632,-0.416241,FRENET,0.44371,0.0519157,0.44371,0.513426,0.0519157,0.11843,0
0.84,-8.2213,7.56972,0.0311817,3.20411,-0.1291,-0.41365,FRENET,0.44371,0.0519157,0.44371,0.513426,0.0519157,0.11843,0
0.844016,-8.2213,7.56972,0.0311817,3.20411,-0.1291,-0.41365,FRENET,0.44371,0.0519157,0.44371,0.513426,0.0519157,0.11843,0
0.848627,-8.18919,7.57068,0.0299509,3.22101,-0.132743,-0.427568,FRENET,0.44371,0.0519157,0.44371,0.513426,0.0519157,0.11843,0
0.852019,-8.18919,7.57068,0.0299509,3.22101,-0.132743,-0.427568,FRENET,0.44371,0.0519157,0.44371,0.513426,0.0519157,0.11843,0
0.856015,-8.18919,7.57068,0.0299509,3.22101,-0.132743,-0.427568,FRENET,0.44371,0.0519157,0.44371,0.513426,0.0519157,0.11843,0
0.859999,-8.15691,7.5716,0.0285524,3.23711,-0.131136,-0.424501,FRENET,0.44371,0.0519157,0.44371,0.513426,0.0519157,0.11843,0
0.864017,-8.15691,7.5716,0.0285524,3.23711,-0.131136,-0.424501,FRENET,0.44371,0.0519157,0.44371,0.513426,0.0519157,0.11843,0
0.868657,-8.12447,7.57249,0.0273022,3.25244,-0.134704,-0.438118,FRENET,0.44371,0.0519157,0.44371,0.513426,0.0519157,0.11843,0
0.872014,-8.12447,7.57249,0.0273022,3.25244,-0.134704,-0.438118,FRENET,0.44371,0.0519157,0.44371,0.513426,0.0519157,0.11843,0
0.876014,-8.12447,7.57249,0.0273022,3.25244,-0.134704,-0.438118,FRENET,0.44371,0.0519157,0.44371,0.513426,0.0519157,0.11843,0
0.880006,-8.09183,7.57334,0.0259,3.27893,-0.130849,-0.429046,FRENET,0.44371,0.0519157,0.44371,0.513426,0.0519157,0.11843,0
0.88402,-8.09183,7.57334,0.0259,3.27893,-0.130849,-0.429046,FRENET,0.480882,0.174997,0.480882,0.509431,0.174997,0.234582,0
0.888655,-8.059,7.57417,0.0246469,3.28946,-0.135857,-0.446897,FRENET,0.480882,0.174997,0.480882,0.509431,0.174997,0.234582,0
0.892011,-8.059,7.57417,0.0246469,3.28946,-0.135857,-0.446897,FRENET,0.480882,0.174997,0.480882,0.509431,0.174997,0.234582,0
0.896073,-8.059,7.57417,0.0246469,3.28946,-0.135857,-0.446897,FRENET,0.480882,0.174997,0.480882,0.509431,0.174997,0.234582,0
0.900047,-8.02606,7.57494,0.0232108,3.29949,-0.135028,-0.445525,FRENET,0.480882,0.174997,0.480882,0.509431,0.174997,0.234582,0
0.90406,-8.02606,7.57494,0.0232108,3.29949,-0.135028,-0.445525,FRENET,0.480882,0.174997,0.480882,0.509431,0.174997,0.234582,0
0.908677,-7.99303,7.57569,0.021921,3.30905,-0.139125,-0.460372,FRENET,0.480882,0.174997,0.480882,0.509431,0.174997,0.234582,0
0.912026,-7.99303,7.57569,0.021921,3.30905,-0.139125,-0.460372,FRENET,0.480882,0.174997,0.480882,0.509431,0.174997,0.234582,0
0.916027,-7.99303,7.57569,0.021921,3.30905,-0.139125,-0.460372,FRENET,0.480882,0.174997,0.480882,0.509431,0.174997,0.234582,0
0.920005,-7.9599,7.57638,0.0204554,3.31815,-0.137636,-0.456699,FRENET,0.480882,0.174997,0.480882,0.509431,0.174997,0.234582,0
0.924023,-7.9599,7.57638,0.0204554,3.31815,-0.137636,-0.456699,FRENET,0.480882,0.174997,0.480882,0.509431,0.174997,0.234582,0
0.928663,-7.92662,7.57705,0.0191517,3.33812,-0.138703,-0.463006,FRENET,0.480882,0.174997,0.480882,0.509431,0.174997,0.234582,0
0.932019,-7.92662,7.57705,0.0191517,3.33812,-0.138703,-0.463006,FRENET,0.490544,0.174997,0.490544,0.450707,0.174997,0.0933079,0
0.936048,-7.92662,7.57705,0.0191517,3.33812,-0.138703,-0.463006,FRENET,0.490544,0.174997,0.490544,0.450707,0.174997,0.0933079,0
0.940034,-7.89315,7.57766,0.0177027,3.35714,-0.135606,-0.45525,FRENET,0.490544,0.174997,0.490544,0.450707,0.174997,0.0933079,0
0.944046,-7.89315,7.57766,0.0177027,3.35714,-0.135606,-0.45525,FRENET,0.490544,0.174997,0.490544,0.450707,0.174997,0.0933079,0
0.948656,-7.8595,7.57825,0.0164131,3.37526,-0.137978,-0.46571,FRENET,0.490544,0.174997,0.490544,0.450707,0.174997,0.0933079,0
0.952053,-7.8595,7.57825,0.0164131,3.37526,-0.137978,-0.46571,FRENET,0.490544,0.174997,0.490544,0.450707,0.174997,0.0933079,0
0.956061,-7.8595,7.57825,0.0164131,3.37526,-0.137978,-0.46571,FRENET,0.490544,0.174997,0.490544,0.450707,0.174997,0.0933079,0
0.960041,-7.82566,7.57878,0.0149659,3.39251,-0.135778,-0.460628,FRENET,0.490544,0.174997,0.490544,0.450707,0.174997,0.0933079,0
0.964048,-7.82566,7.57878,0.0149659,3.39251,-0.135778,-0.460628,FRENET,0.490544,0.174997,0.490544,0.450707,0.174997,0.0933079,0
0.968656,-7.79166,7.57929,0.013672,3.40894,-0.138758,-0.473017,FRENET,0.490544,0.174997,0.490544,0.450707,0.174997,0.0933079,0
0.972019,-7.79166,7.57929,0.013672,3.40894,-0.138758,-0.473017,FRENET,0.490544,0.174997,0.490544,0.450707,0.174997,0.0933079,0
0.976017,-7.79166,7.57929,0.013672,3.40894,-0.138758,-0.473017,FRENET,0.490544,0.174997,0.490544,0.450707,0.174997,0.0933079,0
0.980015,-7.75749,7.57974,0.0122143,3.42459,-0.136957,-0.469022,FRENET,0.490544,0.174997,0.490544,0.450707,0.174997,0.0933079,0
0.984028,-7.75749,7.57974,0.0122143,3.42459,-0.136957,-0.469022,FRENET,0.485747,0.174997,0.485747,0.526739,0.174997,0.228236,0
0.988672,-7.72318,7.58016,0.0109078,3.4395,-0.140192,-0.482191,FRENET,0.485747,0.174997,0.485747,0.526739,0.174997,0.228236,0
0.99203,-7.72318,7.58016,0.0109078,3.4395,-0.140192,-0.482191,FRENET,0.485747,0.174997,0.485747,0.526739,0.174997,0.228236,0
0.996031,-7.72318,7.58016,0.0109078,3.4395,-0.140192,-0.482191,FRENET,0.485747,0.174997,0.485747,0.526739,0.174997,0.228236,0
1.00002,-7.68871,7.58052,0.00943437,3.4537,-0.138542,-0.478481,FRENET,0.485747,0.174997,0.485747,0.526739,0.174997,0.228236,0
1.00403,-7.68871,7.58052,0.00943437,3.4537,-0.138542,-0.478481,FRENET,0.485747,0.174997,0.485747,0.526739,0.174997,0.228236,0
1.00867,-7.65411,7.58085,0.00811207,3.46722,-0.141858,-0.491852,FRENET,0.485747,0.174997,0.485747,0.526739,0.174997,0.228236,0
1.01203,-7.65411,7.58085,0.00811207,3.46722,-0.141858,-0.491852,FRENET,0.485747,0.174997,0.485747,0.526739,0.174997,0.228236,0
1.01602,-7.65411,7.58085,0.00811207,3.46722,-0.141858,-0.491852,FRENET,0.485747,0.174997,0.485747,0.526739,0.174997,0.228236,0
1.02,-7.61937,7.58113,0.00662138,3.4801,-0.140236,-0.488037,FRENET,0.485747,0.174997,0.485747,0.526739,0.174997,0.228236,0
1.02401,-7.61937,7.58113,0.00662138,3.4801,-0.140236,-0.488037,FRENET,0.485747,0.174997,0.485747,0.526739,0.174997,0.228236,0
1.02865,-7.58451,7.58137,0.0052826,3.49237,-0.14355,-0.50133,FRENET,0.485747,0.174997,0.485747,0.526739,0.174997,0.228236,0
1.03202,-7.58451,7.58137,0.0052826,3.49237,-0.14355,-0.50133,FRENET,0.481321,0.174997,0.481321,0.518412,0.174997,0.328918,0
1.03601,-7.58451,7.58137,0.0052826,3.49237,-0.14355,-0.50133,FRENET,0.481321,0.174997,0.481321,0.518412,0.174997,0.328918,0
1.04001,-7.54953,7.58155,0.00377466,3.50405,-0.141902,-0.497234,FRENET,0.481321,0.174997,0.481321,0.518412,0.174997,0.328918,0
1.04402,-7.54953,7.58155,0.00377466,3.50405,-0.141902,-0.497234,FRENET,0.481321,0.174997,0.481321,0.518412,0.174997,0.328918,0
1.04866,-7.51443,7.58172,0.00271736,3.51518,-0.0576642,-0.2027,FRENET,0.481321,0.174997,0.481321,0.518412,0.174997,0.328918,0
1.05201,-7.51443,7.58172,0.00271736,3.51518,-0.0576642,-0.2027,FRENET,0.481321,0.174997,0.481321,0.518412,0.174997,0.328918,0
1.05601,-7.51443,7.58172,0.00271736,3.51518,-0.0576642,-0.2027,FRENET,0.481321,0.174997,0.481321,0.518412,0.174997,0.328918,0
1.06001,-7.47923,7.58193,0.00252489,3.52578,-0.000169577,-0.000597892,FRENET,0.481321,0.174997,0.481321,0.518412,0.174997,0.328918,0
1.06404,-7.47923,7.58193,0.00252489,3.52578,-0.000169577,-0.000597892,FRENET,0.481321,0.174997,0.481321,0.518412,0.174997,0.328918,0
1.06866,-7.44392,7.58215,0.00268522,3.53588,0.0461208,0.163077,FRENET,0.481321,0.174997,0.481321,0.518412,0.174997,0.328918,0
1.07203,-7.44392,7.58215,0.00268522,3.53588,0.0461208,0.163077,FRENET,0.481321,0.174997,0.481321,0.518412,0.174997,0.328918,0
1.07604,-7.44392,7.58215,0.00268522,3.53588,0.0461208,0.163077,FRENET,0.481321,0.174997,0.481321,0.518412,0.174997,0.328918,0
1.08003,-7.40852,7.5824,0.00338338,3.54549,0.0755278,0.267783,FRENET,0.481321,0.174997,0.481321,0.518412,0.174997,0.328918,0
1.08401,-7.40852,7.5824,0.00338338,3.54549,0.0755278,0.267783,FRENET,0.500762,0.179322,0.500762,0.524214,0.179322,0.153208,0
1.08868,-7.373,7.58266,0.00419076,3.55721,0.100786,0.358518,FRENET,0.500762,0.179322,0.500762,0.524214,0.179322,0.153208,0
1.09203,-7.373,7.58266,0.00419076,3.55721,0.100786,0.358518,FRENET,0.500762,0.179322,0.500762,0.524214,0.179322,0.153208,0
1.09604,-7.373,7.58266,0.00419076,3.55721,0.100786,0.358518,FRENET,0.500762,0.179322,0.500762,0.524214,0.179322,0.153208,0
1.10003,-7.33738,7.58295,0.00535401,3.56838,0.114796,0.409636,FRENET,0.500762,0.179322,0.500762,0.524214,0.179322,0.153208,0
1.10402,-7.33738,7.58295,0.00535401,3.56838,0.114796,0.409636,FRENET,0.500762,0.179322,0.500762,0.524214,0.179322,0.153208,0
1.10919,-7.30164,7.58326,0.00649558,3.57901,0.129017,0.461753,FRENET,0.500762,0.179322,0.500762,0.524214,0.179322,0.153208,0
1.11208,-7.30164,7.58326,0.00649558,3.57901,0.129017,0.461753,FRENET,0.500762,0.179322,0.500762,0.524214,0.179322,0.153208,0
1.11606,-7.30164,7.58326,0.00649558,3.57901,0.129017,0.461753,FRENET,0.500762,0.179322,0.500762,0.524214,0.179322,0.153208,0
1.12005,-7.2658,7.58361,0.00789912,3.58914,0.134976,0.484448,FRENET,0.500762,0.179322,0.500762,0.524214,0.179322,0.153208,0
1.12403,-7.2658,7.58361,0.00789912,3.58914,0.134976,0.484448,FRENET,0.500762,0.179322,0.500762,0.524214,0.179322,0.153208,0
1.12867,-7.22986,7.58398,0.00921134,3.59878,0.143358,0.515913,FRENET,0.500762,0.179322,0.500762,0.524214,0.179322,0.153208,0
1.13202,-7.22986,7.58398,0.00921134,3.59878,0.143358,0.515913,FRENET,0.518468,0.179322,0.518468,0.528926,0.179322,0.157494,0
1.13602,-7.22986,7.58398,0.00921134,3.59878,0.143358,0.515913,FRENET,0.518468,0.179322,0.518468,0.528926,0.179322,0.157494,0
1.14001,-7.19383,7.5844,0.0107364,3.60797,0.145103,0.523527,FRENET,0.518468,0.179322,0.518468,0.528926,0.179322,0.157494,0
1.14402,-7.19383,7.5844,0.0107364,3.60797,0.145103,0.523527,FRENET,0.518468,0.179322,0.518468,0.528926,0.179322,0.157494,0
1.14867,-7.15771,7.58482,0.0118322,3.61672,0.0617814,0.223446,FRENET,0.518468,0.179322,0.518468,0.528926,0.179322,0.157494,0
1.15202,-7.15771,7.58482,0.0118322,3.61672,0.0617814,0.223446,FRENET,0.518468,0.179322,0.518468,0.528926,0.179322,0.157494,0
1.15602,-7.15771,7.58482,0.0118322,3.61672,0.0617814,0.223446,FRENET,0.518468,0.179322,0.518468,0.528926,0.179322,0.157494,0
1.16001,-7.12151,7.58519,0.0120651,3.62506,0.00418453,0.0151692,FRENET,0.518468,0.179322,0.518468,0.528926,0.179322,0.157494,0
1.16402,-7.12151,7.58519,0.0120651,3.62506,0.00418453,0.0151692,FRENET,0.518468,0.179322,0.518468,0.528926,0.179322,0.157494,0
1.16866,-7.08522,7.58555,0.0119433,3.63299,-0.0426612,-0.154988,FRENET,0.518468,0.179322,0.518468,0.528926,0.179322,0.157494,0
1.17202,-7.08522,7.58555,0.0119433,3.63299,-0.0426612,-0.154988,FRENET,0.518468,0.179322,0.518468,0.528926,0.179322,0.157494,0
1.17602,-7.08522,7.58555,0.0119433,3.63299,-0.0426612,-0.154988,FRENET,0.518468,0.179322,0.518468,0.528926,0.179322,0.157494,0
1.18,-7.04885,7.58587,0.0112747,3.64055,-0.0729434,-0.265554,FRENET,0.518468,0.179322,0.518468,0.528926,0.179322,0.157494,0
1.18402,-7.04885,7.58587,0.0112747,3.64055,-0.0729434,-0.265554,FRENET,0.513285,0.179322,0.513285,0.525433,0.179322,0.130125,0
1.18866,-7.01241,7.58617,0.0104888,3.64776,-0.0993925,-0.36256,FRENET,0.513285,0.179322,0.513285,0.525433,0.179322,0.130125,0
1.19206,-7.01241,7.58617,0.0104888,3.64776,-0.0993925,-0.36256,FRENET,0.513285,0.179322,0.513285,0.525433,0.179322,0.130125,0
1.19606,-7.01241,7.58617,0.0104888,3.64776,-0.0993925,-0.36256,FRENET,0.513285,0.179322,0.513285,0.525433,0.179322,0.130125,0
1.20005,-6.9759,7.58644,0.00933242,3.65461,-0.114486,-0.418404,FRENET,0.513285,0.179322,0.513285,0.525433,0.179322,0.130125,0
1.20407,-6.9759,7.58644,0.00933242,3.65461,-0.114486,-0.418404,FRENET,0.513285,0.179322,0.513285,0.525433,0.179322,0.130125,0
1.2087,-6.93932,7.58669,0.00819059,3.66115,-0.129665,-0.474724,FRENET,0.513285,0.179322,0.513285,0.525433,0.179322,0.130125,0
1.21205,-6.93932,7.58669,0.00819059,3.66115,-0.129665,-0.474724,FRENET,0.513285,0.179322,0.513285,0.525433,0.179322,0.130125,0
1.21605,-6.93932,7.58669,0.00819059,3.66115,-0.129665,-0.474724,FRENET,0.513285,0.179322,0.513285,0.525433,0.179322,0.130125,0
1.22003,-6.90268,7.58689,0.006775,3.66737,-0.136425,-0.50032,FRENET,0.513285,0.179322,0.513285,0.525433,0.179322,0.130125,0
1.22405,-6.90268,7.58689,0.006775,3.66737,-0.136425,-0.50032,FRENET,0.513285,0.179322,0.513285,0.525433,0.179322,0.130125,0
1.22867,-6.86598,7.58708,0.00544628,3.67329,-0.145468,-0.534347,FRENET,0.513285,0.179322,0.513285,0.525433,0.179322,0.130125,0
1.23205,-6.86598,7.58708,0.00544628,3.67329,-0.145468,-0.534347,FRENET,0.506785,0.179322,0.506785,0.519784,0.179322,0.117998,0
1.23605,-6.86598,7.58708,0.00544628,3.67329,-0.145468,-0.534347,FRENET,0.506785,0.179322,0.506785,0.519784,0.179322,0.117998,0
1.24004,-6.82922,7.58721,0.00389612,3.67894,-0.147729,-0.543487,FRENET,0.506785,0.179322,0.506785,0.519784,0.179322,0.117998,0
1.24403,-6.82922,7.58721,0.00389612,3.67894,-0.147729,-0.543487,FRENET,0.506785,0.179322,0.506785,0.519784,0.179322,0.117998,0
1.24864,-6.7924,7.58733,0.00262502,3.68431,-0.10841,-0.399416,FRENET,0.506785,0.179322,0.506785,0.519784,0.179322,0.117998,0
1.25205,-6.7924,7.58733,0.00262502,3.68431,-0.10841,-0.399416,FRENET,0.506785,0.179322,0.506785,0.519784,0.179322,0.117998,0
1.25605,-6.7924,7.58733,0.00262502,3.68431,-0.10841,-0.399416,FRENET,0.506785,0.179322,0.506785,0.519784,0.179322,0.117998,0
1.26003,-6.75553,7.58746,0.00184832,3.68943,-0.0339142,-0.125124,FRENET,0.506785,0.179322,0.506785,0.519784,0.179322,0.117998,0
1.26405,-6.75553,7.58746,0.00184832,3.68943,-0.0339142,-0.125124,FRENET,0.506785,0.179322,0.506785,0.519784,0.179322,0.117998,0
1.26867,-6.71861,7.58763,0.00186131,3.69431,0.0172123,0.0635875,FRENET,0.506785,0.179322,0.506785,0.519784,0.179322,0.117998,0
1.27205,-6.71861,7.58763,0.00186131,3.69431,0.0172123,0.0635875,FRENET,0.506785,0.179322,0.506785,0.519784,0.179322,0.117998,0
1.27605,-6.71861,7.58763,0.00186131,3.69431,0.0172123,0.0635875,FRENET,0.506785,0.179322,0.506785,0.519784,0.179322,0.117998,0
1.28002,-6.68165,7.58781,0.002171,3.69896,0.0593305,0.219461,FRENET,0.506785,0.179322,0.506785,0.519784,0.179322,0.117998,0
1.28405,-6.68165,7.58781,0.002171,3.69896,0.0593305,0.219461,FRENET,0.521063,0.190286,0.521063,0.511876,0.190286,0.15999,0
1.28867,-6.64463,7.58802,0.00298731,3.70538,0.085937,0.318429,FRENET,0.521063,0.190286,0.521063,0.511876,0.190286,0.15999,0
1.29204,-6.64463,7.58802,0.00298731,3.70538,0.085937,0.318429,FRENET,0.521063,0.190286,0.521063,0.511876,0.190286,0.15999,0
1.29605,-6.64463,7.58802,0.00298731,3.70538,0.085937,0.318429,FRENET,0.521063,0.190286,0.521063,0.511876,0.190286,0.15999,0
1.30003,-6.60754,7.58826,0.0038883,3.7115,0.109653,0.406976,FRENET,0.521063,0.190286,0.521063,0.511876,0.190286,0.15999,0
1.30405,-6.60754,7.58826,0.0038883,3.7115,0.109653,0.406976,FRENET,0.521063,0.190286,0.521063,0.511876,0.190286,0.15999,0
1.30863,-6.5704,7.58853,0.0051374,3.71732,0.122791,0.456454,FRENET,0.521063,0.190286,0.521063,0.511876,0.190286,0.15999,0
1.31205,-6.5704,7.58853,0.0051374,3.71732,0.122791,0.456454,FRENET,0.521063,0.190286,0.521063,0.511876,0.190286,0.15999,0
1.31605,-6.5704,7.58853,0.0051374,3.71732,0.122791,0.456454,FRENET,0.521063,0.190286,0.521063,0.511876,0.190286,0.15999,0
1.32003,-6.5332,7.58882,0.00635413,3.72287,0.136488,0.508128,FRENET,0.521063,0.190286,0.521063,0.511876,0.190286,0.15999,0
1.32405,-6.5332,7.58882,0.00635413,3.72287,0.136488,0.508128,FRENET,0.521063,0.190286,0.521063,0.511876,0.190286,0.15999,0
1.32867,-6.49591,7.58915,0.00782473,3.73496,0.141157,0.527214,FRENET,0.521063,0.190286,0.521063,0.511876,0.190286,0.15999,0
1.33206,-6.49591,7.58915,0.00782473,3.73496,0.141157,0.527214,FRENET,0.518798,0.190286,0.518798,0.525313,0.190286,0.189167,0
1.33599,-6.49591,7.58915,0.00782473,3.73496,0.141157,0.527214,FRENET,0.518798,0.190286,0.518798,0.525313,0.190286,0.189167,0
1.34004,-6.45851,7.58951,0.00919381,3.74647,0.148465,0.556221,FRENET,0.518798,0.190286,0.518798,0.525313,0.190286,0.189167,0
1.34404,-6.45851,7.58951,0.00919381,3.74647,0.148465,0.556221,FRENET,0.518798,0.190286,0.518798,0.525313,0.190286,0.189167,0
1.3487,-6.42099,7.58991,0.0107666,3.75744,0.149708,0.56252,FRENET,0.518798,0.190286,0.518798,0.525313,0.190286,0.189167,0
1.35204,-6.42099,7.58991,0.0107666,3.75744,0.149708,0.56252,FRENET,0.518798,0.190286,0.518798,0.525313,0.190286,0.189167,0
1.35605,-6.42099,7.58991,0.0107666,3.75744,0.149708,0.56252,FRENET,0.518798,0.190286,0.518798,0.525313,0.190286,0.189167,0
1.36003,-6.38336,7.59035,0.0122077,3.76789,0.15455,0.582326,FRENET,0.518798,0.190286,0.518798,0.525313,0.190286,0.189167,0
1.36404,-6.38336,7.59035,0.0122077,3.76789,0.15455,0.582326,FRENET,0.518798,0.190286,0.518798,0.525313,0.190286,0.189167,0
1.36864,-6.34564,7.59084,0.0138324,3.77783,0.154026,0.581885,FRENET,0.518798,0.190286,0.518798,0.525313,0.190286,0.189167,0
1.37205,-6.34564,7.59084,0.0138324,3.77783,0.154026,0.581885,FRENET,0.518798,0.190286,0.518798,0.525313,0.190286,0.189167,0
1.37603,-6.34564,7.59084,0.0138324,3.77783,0.154026,0.581885,FRENET,0.518798,0.190286,0.518798,0.525313,0.190286,0.189167,0
1.38003,-6.30782,7.59135,0.0150082,3.78731,0.0688502,0.260757,FRENET,0.518798,0.190286,0.518798,0.525313,0.190286,0.189167,0
1.38405,-6.30782,7.59135,0.0150082,3.78731,0.0688502,0.260757,FRENET,0.524953,0.190286,0.524953,0.520561,0.190286,0.257547,0
1.38867,-6.2699,7.59181,0.0153005,3.79633,0.00892652,0.033888,FRENET,0.524953,0.190286,0.524953,0.520561,0.190286,0.257547,0
1.39204,-6.2699,7.59181,0.0153005,3.79633,0.00892652,0.033888,FRENET,0.524953,0.190286,0.524953,0.520561,0.190286,0.257547,0
1.39604,-6.2699,7.59181,0.0153005,3.79633,0.00892652,0.033888,FRENET,0.524953,0.190286,0.524953,0.520561,0.190286,0.257547,0
1.40005,-6.2319,7.59227,0.0152156,3.80493,-0.0399541,-0.152022,FRENET,0.524953,0.190286,0.524953,0.520561,0.190286,0.257547,0
1.40405,-6.2319,7.59227,0.0152156,3.80493,-0.0399541,-0.152022,FRENET,0.524953,0.190286,0.524953,0.520561,0.190286,0.257547,0
1.4087,-6.19381,7.59269,0.0145638,3.81311,-0.0723092,-0.275723,FRENET,0.524953,0.190286,0.524953,0.520561,0.190286,0.257547,0
1.41205,-6.19381,7.59269,0.0145638,3.81311,-0.0723092,-0.275723,FRENET,0.524953,0.190286,0.524953,0.520561,0.190286,0.257547,0
1.41605,-6.19381,7.59269,0.0145638,3.81311,-0.0723092,-0.275723,FRENET,0.524953,0.190286,0.524953,0.520561,0.190286,0.257547,0
1.42002,-6.15564,7.5931,0.013776,3.82091,-0.100321,-0.383319,FRENET,0.524953,0.190286,0.524953,0.520561,0.190286,0.257547,0
1.42405,-6.15564,7.5931,0.013776,3.82091,-0.100321,-0.383319,FRENET,0.524953,0.190286,0.524953,0.520561,0.190286,0.257547,0
1.42868,-6.1174,7.59348,0.0126027,3.82834,-0.11693,-0.44765,FRENET,0.524953,0.190286,0.524953,0.520561,0.190286,0.257547,0
1.43205,-6.1174,7.59348,0.0126027,3.82834,-0.11693,-0.44765,FRENET,0.521658,0.190286,0.521658,0.524727,0.190286,0.239219,0
1.43605,-6.1174,7.59348,0.0126027,3.82834,-0.11693,-0.44765,FRENET,0.521658,0.190286,0.521658,0.524727,0.190286,0.239219,0
1.44002,-6.07908,7.59385,0.011431,3.83541,-0.133111,-0.510536,FRENET,0.521658,0.190286,0.521658,0.524727,0.190286,0.239219,0
1.44405,-6.07908,7.59385,0.011431,3.83541,-0.133111,-0.510536,FRENET,0.521658,0.190286,0.521658,0.524727,0.190286,0.239219,0
1.44869,-6.04069,7.59417,0.00997599,3.84215,-0.140863,-0.541218,FRENET,0.521658,0.190286,0.521658,0.524727,0.190286,0.239219,0
1.45204,-6.04069,7.59417,0.00997599,3.84215,-0.140863,-0.541218,FRENET,0.521658,0.190286,0.521658,0.524727,0.190286,0.239219,0
1.45605,-6.04069,7.59417,0.00997599,3.84215,-0.140863,-0.541218,FRENET,0.521658,0.190286,0.521658,0.524727,0.190286,0.239219,0
1.46003,-6.00224,7.59448,0.00859979,3.84857,-0.150449,-0.579013,FRENET,0.521658,0.190286,0.521658,0.524727,0.190286,0.239219,0
1.46403,-6.00224,7.59448,0.00859979,3.84857,-0.150449,-0.579013,FRENET,0.521658,0.190286,0.521658,0.524727,0.190286,0.239219,0
1.46869,-5.96373,7.59473,0.00699687,3.85468,-0.153313,-0.590974,FRENET,0.521658,0.190286,0.521658,0.524727,0.190286,0.239219,0
1.47205,-5.96373,7.59473,0.00699687,3.85468,-0.153313,-0.590974,FRENET,0.521658,0.190286,0.521658,0.524727,0.190286,0.239219,0
1.47605,-5.96373,7.59473,0.00699687,3.85468,-0.153313,-0.590974,FRENET,0.521658,0.190286,0.521658,0.524727,0.190286,0.239219,0
1.48003,-5.92515,7.59496,0.00551531,3.8605,-0.159302,-0.614984,FRENET,0.521658,0.190286,0.521658,0.524727,0.190286,0.239219,0
1.48405,-5.92515,7.59496,0.00551531,3.8605,-0.159302,-0.614984,FRENET,0.523055,0.189621,0.523055,0.526564,0.189621,0.139081,0
1.48864,-5.88652,7.59514,0.00383652,3.86535,-0.159675,-0.6172,FRENET,0.523055,0.189621,0.523055,0.526564,0.189621,0.139081,0
1.49204,-5.88652,7.59514,0.00383652,3.86535,-0.159675,-0.6172,FRENET,0.523055,0.189621,0.523055,0.526564,0.189621,0.139081,0
1.49604,-5.88652,7.59514,0.00383652,3.86535,-0.159675,-0.6172,FRENET,0.523055,0.189621,0.523055,0.526564,0.189621,0.139081,0
1.50003,-5.84782,7.59531,0.00260721,3.87577,-0.0738901,-0.286381,FRENET,0.523055,0.189621,0.523055,0.526564,0.189621,0.139081,0
1.50405,-5.84782,7.59531,0.00260721,3.87577,-0.0738901,-0.286381,FRENET,0.523055,0.189621,0.523055,0.526564,0.189621,0.139081,0
1.50864,-5.80901,7.59552,0.00226918,3.88569,-0.0129301,-0.0502424,FRENET,0.523055,0.189621,0.523055,0.526564,0.189621,0.139081,0
1.51205,-5.80901,7.59552,0.00226918,3.88569,-0.0129301,-0.0502424,FRENET,0.523055,0.189621,0.523055,0.526564,0.189621,0.139081,0
1.51605,-5.80901,7.59552,0.00226918,3.88569,-0.0129301,-0.0502424,FRENET,0.523055,0.189621,0.523055,0.526564,0.189621,0.139081,0
1.52004,-5.77011,7.59573,0.00231943,3.89513,0.0369498,0.143924,FRENET,0.523055,0.189621,0.523055,0.526564,0.189621,0.139081,0
1.52405,-5.77011,7.59573,0.00231943,3.89513,0.0369498,0.143924,FRENET,0.523055,0.189621,0.523055,0.526564,0.189621,0.139081,0
1.52868,-5.73111,7.59598,0.00294645,3.90413,0.0704116,0.274896,FRENET,0.523055,0.189621,0.523055,0.526564,0.189621,0.139081,0
1.53205,-5.73111,7.59598,0.00294645,3.90413,0.0704116,0.274896,FRENET,0.532674,0.189621,0.532674,0.534062,0.189621,0.186131,0
1.53605,-5.73111,7.59598,0.00294645,3.90413,0.0704116,0.274896,FRENET,0.532674,0.189621,0.532674,0.534062,0.189621,0.186131,0
1.54002,-5.69203,7.59624,0.00372009,3.9127,0.0993102,0.388571,FRENET,0.532674,0.189621,0.532674,0.534062,0.189621,0.186131,0
1.54405,-5.69203,7.59624,0.00372009,3.9127,0.0993102,0.388571,FRENET,0.532674,0.189621,0.532674,0.534062,0.189621,0.186131,0
1.54864,-5.65286,7.59654,0.00488756,3.92087,0.116817,0.458022,FRENET,0.532674,0.189621,0.532674,0.534062,0.189621,0.186131,0
1.55205,-5.65286,7.59654,0.00488756,3.92087,0.116817,0.458022,FRENET,0.532674,0.189621,0.532674,0.534062,0.189621,0.186131,0
1.55605,-5.65286,7.59654,0.00488756,3.92087,0.116817,0.458022,FRENET,0.532674,0.189621,0.532674,0.534062,0.189621,0.186131,0
1.56003,-5.61362,7.59685,0.00606173,3.92864,0.133636,0.525008,FRENET,0.532674,0.189621,0.532674,0.534062,0.189621,0.186131,0
1.56399,-5.61362,7.59685,0.00606173,3.92864,0.133636,0.525008,FRENET,0.532674,0.189621,0.532674,0.534062,0.189621,0.186131,0
1.56868,-5.57429,7.59721,0.00752502,3.93605,0.142033,0.559047,FRENET,0.532674,0.189621,0.532674,0.534062,0.189621,0.186131,0
1.57204,-5.57429,7.59721,0.00752502,3.93605,0.142033,0.559047,FRENET,0.532674,0.189621,0.532674,0.534062,0.189621,0.186131,0
1.57603,-5.57429,7.59721,0.00752502,3.93605,0.142033,0.559047,FRENET,0.532674,0.189621,0.532674,0.534062,0.189621,0.186131,0
1.58002,-5.5349,7.59759,0.00891526,3.9431,0.15202,0.599431,FRENET,0.532674,0.189621,0.532674,0.534062,0.189621,0.186131,0
1.58399,-5.5349,7.59759,0.00891526,3.9431,0.15202,0.599431,FRENET,0.52623,0.189621,0.52623,0.531363,0.189621,0.128318,0
1.58867,-5.49544,7.59801,0.0105359,3.94982,0.155317,0.613473,FRENET,0.52623,0.189621,0.52623,0.531363,0.189621,0.128318,0
1.59203,-5.49544,7.59801,0.0105359,3.94982,0.155317,0.613473,FRENET,0.52623,0.189621,0.52623,0.531363,0.189621,0.128318,0
1.59604,-5.49544,7.59801,0.0105359,3.94982,0.155317,0.613473,FRENET,0.52623,0.189621,0.52623,0.531363,0.189621,0.128318,0
1.60001,-5.45591,7.59845,0.0118855,3.95622,0.116357,0.460334,FRENET,0.52623,0.189621,0.52623,0.531363,0.189621,0.128318,0
1.60403,-5.45591,7.59845,0.0118855,3.95622,0.116357,0.460334,FRENET,0.52623,0.189621,0.52623,0.531363,0.189621,0.128318,0
1.60867,-5.41632,7.59889,0.01274,3.96231,0.0413584,0.163875,FRENET,0.52623,0.189621,0.52623,0.531363,0.189621,0.128318,0
1.61203,-5.41632,7.59889,0.01274,3.96231,0.0413584,0.163875,FRENET,0.52623,0.189621,0.52623,0.531363,0.189621,0.128318,0
1.61603,-5.41632,7.59889,0.01274,3.96231,0.0413584,0.163875,FRENET,0.52623,0.189621,0.52623,0.531363,0.189621,0.128318,0
1.62002,-5.37667,7.59928,0.0127931,3.96812,-0.0116278,-0.0461407,FRENET,0.52623,0.189621,0.52623,0.531363,0.189621,0.128318,0
1.62403,-5.37667,7.59928,0.0127931,3.96812,-0.0116278,-0.0461407,FRENET,0.52623,0.189621,0.52623,0.531363,0.189621,0.128318,0
1.62864,-5.33696,7.59967,0.0125294,3.97364,-0.0556731,-0.221225,FRENET,0.52623,0.189621,0.52623,0.531363,0.189621,0.128318,0
1.63205,-5.33696,7.59967,0.0125294,3.97364,-0.0556731,-0.221225,FRENET,0.53602,0.189621,0.53602,0.546753,0.189621,0.249782,0
1.63604,-5.33696,7.59967,0.0125294,3.97364,-0.0556731,-0.221225,FRENET,0.53602,0.189621,0.53602,0.546753,0.189621,0.249782,0
1.64003,-5.2972,7.60001,0.0117363,3.97891,-0.0848661,-0.337675,FRENET,0.53602,0.189621,0.53602,0.546753,0.189621,0.249782,0
1.64406,-5.2972,7.60001,0.0117363,3.97891,-0.0848661,-0.337675,FRENET,0.53602,0.189621,0.53602,0.546753,0.189621,0.249782,0
1.64867,-5.25739,7.60035,0.0108357,3.98393,-0.110682,-0.440951,FRENET,0.53602,0.189621,0.53602,0.546753,0.189621,0.249782,0
1.65204,-5.25739,7.60035,0.0108357,3.98393,-0.110682,-0.440951,FRENET,0.53602,0.189621,0.53602,0.546753,0.189621,0.249782,0
1.65607,-5.25739,7.60035,0.0108357,3.98393,-0.110682,-0.440951,FRENET,0.53602,0.189621,0.53602,0.546753,0.189621,0.249782,0
1.66005,-5.21753,7.60065,0.00956505,3.9887,-0.125953,-0.50239,FRENET,0.53602,0.189621,0.53602,0.546753,0.189621,0.249782,0
1.66404,-5.21753,7.60065,0.00956505,3.9887,-0.125953,-0.50239,FRENET,0.53602,0.189621,0.53602,0.546753,0.189621,0.249782,0
1.6687,-5.17762,7.60093,0.00830915,3.99325,-0.141179,-0.563765,FRENET,0.53602,0.189621,0.53602,0.546753,0.189621,0.249782,0
1.67207,-5.17762,7.60093,0.00830915,3.99325,-0.141179,-0.563765,FRENET,0.53602,0.189621,0.53602,0.546753,0.189621,0.249782,0
1.67605,-5.17762,7.60093,0.00830915,3.99325,-0.141179,-0.563765,FRENET,0.53602,0.189621,0.53602,0.546753,0.189621,0.249782,0
1.68003,-5.13766,7.60116,0.00677538,3.99759,-0.148424,-0.593338,FRENET,0.53602,0.189621,0.53602,0.546753,0.189621,0.249782,0
1.68404,-5.13766,7.60116,0.00677538,3.99759,-0.148424,-0.593338,FRENET,0.527141,0.192416,0.527141,0.549238,0.192416,0.175174,0
1.68867,-5.09767,7.60138,0.00532618,4.00105,-0.157733,-0.631098,FRENET,0.527141,0.192416,0.527141,0.549238,0.192416,0.175174,0
1.69207,-5.09767,7.60138,0.00532618,4.00105,-0.157733,-0.631098,FRENET,0.527141,0.192416,0.527141,0.549238,0.192416,0.175174,0
1.69607,-5.09767,7.60138,0.00532618,4.00105,-0.157733,-0.631098,FRENET,0.527141,0.192416,0.527141,0.549238,0.192416,0.175174,0
1.70006,-5.05764,7.60154,0.00364987,4.00435,-0.160518,-0.64277,FRENET,0.527141,0.192416,0.527141,0.549238,0.192416,0.175174,0
1.70406,-5.05764,7.60154,0.00364987,4.00435,-0.160518,-0.64277,FRENET,0.527141,0.192416,0.527141,0.549238,0.192416,0.175174,0
1.70869,-5.01759,7.60167,0.00209794,4.00749,-0.166379,-0.666764,FRENET,0.527141,0.192416,0.527141,0.549238,0.192416,0.175174,0
1.71207,-5.01759,7.60167,0.00209794,4.00749,-0.166379,-0.666764,FRENET,0.527141,0.192416,0.527141,0.549238,0.192416,0.175174,0
1.71607,-5.01759,7.60167,0.00209794,4.00749,-0.166379,-0.666764,FRENET,0.527141,0.192416,0.527141,0.549238,0.192416,0.175174,0
1.72004,-4.97747,7.60174,0.000356178,4.01543,-0.165492,-0.664521,FRENET,0.527141,0.192416,0.527141,0.549238,0.192416,0.175174,0
1.72404,-4.97747,7.60174,0.000356178,4.01543,-0.165492,-0.664521,FRENET,0.527141,0.192416,0.527141,0.549238,0.192416,0.175174,0
1.72868,-4.93728,7.60179,-0.00107975,4.02299,-0.12356,-0.497082,FRENET,0.527141,0.192416,0.527141,0.549238,0.192416,0.175174,0
1.73206,-4.93728,7.60179,-0.00107975,4.02299,-0.12356,-0.497082,FRENET,0.533987,0.192416,0.533987,0.542039,0.192416,0.156032,0
1.73607,-4.93728,7.60179,-0.00107975,4.02299,-0.12356,-0.497082,FRENET,0.533987,0.192416,0.533987,0.542039,0.192416,0.156032,0
1.74005,-4.89701,7.60184,-0.00199478,4.03019,-0.0464176,-0.187072,FRENET,0.533987,0.192416,0.533987,0.542039,0.192416,0.156032,0
1.74407,-4.89701,7.60184,-0.00199478,4.03019,-0.0464176,-0.187072,FRENET,0.533987,0.192416,0.533987,0.542039,0.192416,0.156032,0
1.7487,-4.85668,7.60192,-0.00208913,4.03705,0.00846536,0.0341751,FRENET,0.533987,0.192416,0.533987,0.542039,0.192416,0.156032,0
1.75207,-4.85668,7.60192,-0.00208913,4.03705,0.00846536,0.0341751,FRENET,0.533987,0.192416,0.533987,0.542039,0.192416,0.156032,0
1.75606,-4.85668,7.60192,-0.00208913,4.03705,0.00846536,0.0341751,FRENET,0.533987,0.192416,0.533987,0.542039,0.192416,0.156032,0
1.76002,-4.81627,7.60201,-0.00184918,4.04358,0.0539665,0.218218,FRENET,0.533987,0.192416,0.533987,0.542039,0.192416,0.156032,0
1.76405,-4.81627,7.60201,-0.00184918,4.04358,0.0539665,0.218218,FRENET,0.533987,0.192416,0.533987,0.542039,0.192416,0.156032,0
1.76868,-4.77581,7.60212,-0.00106694,4.0498,0.0844185,0.341878,FRENET,0.533987,0.192416,0.533987,0.542039,0.192416,0.156032,0
1.77207,-4.77581,7.60212,-0.00106694,4.0498,0.0844185,0.341878,FRENET,0.533987,0.192416,0.533987,0.542039,0.192416,0.156032,0
1.77606,-4.77581,7.60212,-0.00106694,4.0498,0.0844185,0.341878,FRENET,0.533987,0.192416,0.533987,0.542039,0.192416,0.156032,0
1.78006,-4.73528,7.60225,-0.000165818,4.05573,0.111126,0.450697,FRENET,0.533987,0.192416,0.533987,0.542039,0.192416,0.156032,0
1.78407,-4.73528,7.60225,-0.000165818,4.05573,0.111126,0.450697,FRENET,0.536082,0.192416,0.536082,0.519824,0.192416,0.121446,0
1.78868,-4.69469,7.60241,0.00111297,4.06138,0.12717,0.516486,FRENET,0.536082,0.192416,0.536082,0.519824,0.192416,0.121446,0
1.79206,-4.69469,7.60241,0.00111297,4.06138,0.12717,0.516486,FRENET,0.536082,0.192416,0.536082,0.519824,0.192416,0.121446,0
1.79607,-4.69469,7.60241,0.00111297,4.06138,0.12717,0.516486,FRENET,0.536082,0.192416,0.536082,0.519824,0.192416,0.121446,0
1.80005,-4.65405,7.60258,0.00238392,4.06675,0.142882,0.581065,FRENET,0.536082,0.192416,0.536082,0.519824,0.192416,0.121446,0
1.80404,-4.65405,7.60258,0.00238392,4.06675,0.142882,0.581065,FRENET,0.536082,0.192416,0.536082,0.519824,0.192416,0.121446,0
1.80868,-4.61336,7.6028,0.00393673,4.07187,0.150568,0.613092,FRENET,0.536082,0.192416,0.536082,0.519824,0.192416,0.121446,0
1.81207,-4.61336,7.6028,0.00393673,4.07187,0.150568,0.613092,FRENET,0.536082,0.192416,0.536082,0.519824,0.192416,0.121446,0
1.81604,-4.61336,7.6028,0.00393673,4.07187,0.150568,0.613092,FRENET,0.536082,0.192416,0.536082,0.519824,0.192416,0.121446,0
1.82005,-4.57262,7.60304,0.00540839,4.07675,0.159961,0.65212,FRENET,0.536082,0.192416,0.536082,0.519824,0.192416,0.121446,0
1.82407,-4.57262,7.60304,0.00540839,4.07675,0.159961,0.65212,FRENET,0.536082,0.192416,0.536082,0.519824,0.192416,0.121446,0
1.82867,-4.53183,7.60333,0.00710726,4.08139,0.162894,0.664836,FRENET,0.536082,0.192416,0.536082,0.519824,0.192416,0.121446,0
1.83206,-4.53183,7.60333,0.00710726,4.08139,0.162894,0.664836,FRENET,0.537121,0.192416,0.537121,0.555334,0.192416,0.332952,0
1.83606,-4.53183,7.60333,0.00710726,4.08139,0.162894,0.664836,FRENET,0.537121,0.192416,0.537121,0.555334,0.192416,0.332952,0
1.84005,-4.49099,7.60364,0.0086834,4.08582,0.168739,0.689438,FRENET,0.537121,0.192416,0.537121,0.555334,0.192416,0.332952,0
1.84407,-4.49099,7.60364,0.0086834,4.08582,0.168739,0.689438,FRENET,0.537121,0.192416,0.537121,0.555334,0.192416,0.332952,0
1.84867,-4.45012,7.60402,0.0104564,4.09003,0.16904,0.691378,FRENET,0.537121,0.192416,0.537121,0.555334,0.192416,0.332952,0
1.85204,-4.45012,7.60402,0.0104564,4.09003,0.16904,0.691378,FRENET,0.537121,0.192416,0.537121,0.555334,0.192416,0.332952,0
1.85603,-4.45012,7.60402,0.0104564,4.09003,0.16904,0.691378,FRENET,0.537121,0.192416,0.537121,0.555334,0.192416,0.332952,0
1.86001,-4.4092,7.60443,0.0120837,4.09405,0.172951,0.708071,FRENET,0.537121,0.192416,0.537121,0.555334,0.192416,0.332952,0
1.86403,-4.4092,7.60443,0.0120837,4.09405,0.172951,0.708071,FRENET,0.537121,0.192416,0.537121,0.555334,0.192416,0.332952,0
1.86867,-4.36824,7.6049,0.0138915,4.09787,0.171844,0.704196,FRENET,0.537121,0.192416,0.537121,0.555334,0.192416,0.332952,0
1.87202,-4.36824,7.6049,0.0138915,4.09787,0.171844,0.704196,FRENET,0.537121,0.192416,0.537121,0.555334,0.192416,0.332952,0
1.87603,-4.36824,7.6049,0.0138915,4.09787,0.171844,0.704196,FRENET,0.537121,0.192416,0.537121,0.555334,0.192416,0.332952,0
1.88001,-4.32725,7.60539,0.0152301,4.10151,0.0830333,0.340562,FRENET,0.537121,0.192416,0.537121,0.555334,0.192416,0.332952,0
1.88403,-4.32725,7.60539,0.0152301,4.10151,0.0830333,0.340562,FRENET,0.545143,0.192721,0.545143,0.558244,0.192721,0.29288,0
1.88864,-4.28622,7.60584,0.0156415,4.10507,0.0189313,0.0777144,FRENET,0.545143,0.192721,0.545143,0.558244,0.192721,0.29288,0
1.89202,-4.28622,7.60584,0.0156415,4.10507,0.0189313,0.0777144,FRENET,0.545143,0.192721,0.545143,0.558244,0.192721,0.29288,0
1.89603,-4.28622,7.60584,0.0156415,4.10507,0.0189313,0.0777144,FRENET,0.545143,0.192721,0.545143,0.558244,0.192721,0.29288,0
1.90002,-4.24515,7.60629,0.0156388,4.10846,-0.0338603,-0.139114,FRENET,0.545143,0.192721,0.545143,0.558244,0.192721,0.29288,0
1.90403,-4.24515,7.60629,0.0156388,4.10846,-0.0338603,-0.139114,FRENET,0.545143,0.192721,0.545143,0.558244,0.192721,0.29288,0
1.90865,-4.20405,7.60672,0.0150267,4.11168,-0.0700356,-0.287964,FRENET,0.545143,0.192721,0.545143,0.558244,0.192721,0.29288,0
1.91199,-4.20405,7.60672,0.0150267,4.11168,-0.0700356,-0.287964,FRENET,0.545143,0.192721,0.545143,0.558244,0.192721,0.29288,0
1.91603,-4.20405,7.60672,0.0150267,4.11168,-0.0700356,-0.287964,FRENET,0.545143,0.192721,0.545143,0.558244,0.192721,0.29288,0
1.92001,-4.1629,7.60714,0.0142476,4.11887,-0.100842,-0.415355,FRENET,0.545143,0.192721,0.545143,0.558244,0.192721,0.29288,0
1.92403,-4.1629,7.60714,0.0142476,4.11887,-0.100842,-0.415355,FRENET,0.545143,0.192721,0.545143,0.558244,0.192721,0.29288,0
1.92864,-4.12168,7.60753,0.0130551,4.12572,-0.120142,-0.495671,FRENET,0.545143,0.192721,0.545143,0.558244,0.192721,0.29288,0
1.93199,-4.12168,7.60753,0.0130551,4.12572,-0.120142,-0.495671,FRENET,0.546385,0.192721,0.546385,0.553364,0.192721,0.23762,0
1.93603,-4.12168,7.60753,0.0130551,4.12572,-0.120142,-0.495671,FRENET,0.546385,0.192721,0.546385,0.553364,0.192721,0.23762,0
1.94004,-4.08039,7.60792,0.0118414,4.13224,-0.138258,-0.571317,FRENET,0.546385,0.192721,0.546385,0.553364,0.192721,0.23762,0
1.94403,-4.08039,7.60792,0.0118414,4.13224,-0.138258,-0.571317,FRENET,0.546385,0.192721,0.546385,0.553364,0.192721,0.23762,0
1.94868,-4.03904,7.60826,0.0103252,4.13845,-0.147859,-0.611905,FRENET,0.546385,0.192721,0.546385,0.553364,0.192721,0.23762,0
1.95203,-4.03904,7.60826,0.0103252,4.13845,-0.147859,-0.611905,FRENET,0.546385,0.192721,0.546385,0.553364,0.192721,0.23762,0
1.95603,-4.03904,7.60826,0.0103252,4.13845,-0.147859,-0.611905,FRENET,0.546385,0.192721,0.546385,0.553364,0.192721,0.23762,0
1.96001,-3.99763,7.60859,0.00887317,4.14437,-0.158604,-0.657312,FRENET,0.546385,0.192721,0.546385,0.553364,0.192721,0.23762,0
1.96403,-3.99763,7.60859,0.00887317,4.14437,-0.158604,-0.657312,FRENET,0.546385,0.192721,0.546385,0.553364,0.192721,0.23762,0
1.96863,-3.95616,7.60887,0.00718251,4.15,-0.162629,-0.674911,FRENET,0.546385,0.192721,0.546385,0.553364,0.192721,0.23762,0
1.97202,-3.95616,7.60887,0.00718251,4.15,-0.162629,-0.674911,FRENET,0.546385,0.192721,0.546385,0.553364,0.192721,0.23762,0
1.97603,-3.95616,7.60887,0.00718251,4.15,-0.162629,-0.674911,FRENET,0.546385,0.192721,0.546385,0.553364,0.192721,0.23762,0
1.98001,-3.91463,7.60912,0.00560488,4.15537,-0.16919,-0.703046,FRENET,0.546385,0.192721,0.546385,0.553364,0.192721,0.23762,0
1.98403,-3.91463,7.60912,0.00560488,4.15537,-0.16919,-0.703046,FRENET,0.544339,0.192721,0.544339,0.556131,0.192721,0.287613,0
1.98864,-3.87305,7.60932,0.00382455,4.16048,-0.170093,-0.70767,FRENET,0.544339,0.192721,0.544339,0.556131,0.192721,0.287613,0
1.99203,-3.87305,7.60932,0.00382455,4.16048,-0.170093,-0.70767,FRENET,0.544339,0.192721,0.544339,0.556131,0.192721,0.287613,0
1.99603,-3.87305,7.60932,0.00382455,4.16048,-0.170093,-0.70767,FRENET,0.544339,0.192721,0.544339,0.556131,0.192721,0.287613,0
2,-3.83143,7.60949,0.00218457,4.16534,-0.174349,-0.726224,FRENET,0.544339,0.192721,0.544339,0.556131,0.192721,0.287613,0
2.00403,-3.83143,7.60949,0.00218457,4.16534,-0.174349,-0.726224,FRENET,0.544339,0.192721,0.544339,0.556131,0.192721,0.287613,0
2.0087,-3.78975,7.60959,0.000361367,4.16998,-0.173564,-0.723761,FRENET,0.544339,0.192721,0.544339,0.556131,0.192721,0.287613,0
2.01203,-3.78975,7.60959,0.000361367,4.16998,-0.173564,-0.723761,FRENET,0.544339,0.192721,0.544339,0.556131,0.192721,0.287613,0
2.01603,-3.78975,7.60959,0.000361367,4.16998,-0.173564,-0.723761,FRENET,0.544339,0.192721,0.544339,0.556131,0.192721,0.287613,0
2.02002,-3.74803,7.60969,-0.000996155,4.1744,-0.0850661,-0.3551,FRENET,0.544339,0.192721,0.544339,0.556131,0.192721,0.287613,0
2.02403,-3.74803,7.60969,-0.000996155,4.1744,-0.0850661,-0.3551,FRENET,0.544339,0.192721,0.544339,0.556131,0.192721,0.287613,0
2.02867,-3.70626,7.60981,-0.00142735,4.1786,-0.0207589,-0.0867434,FRENET,0.544339,0.192721,0.544339,0.556131,0.192721,0.287613,0
2.03203,-3.70626,7.60981,-0.00142735,4.1786,-0.0207589,-0.0867434,FRENET,0.547713,0.192721,0.547713,0.563052,0.192721,0.328043,0
2.036,-3.70626,7.60981,-0.00142735,4.1786,-0.0207589,-0.0867434,FRENET,0.547713,0.192721,0.547713,0.563052,0.192721,0.328043,0
2.04001,-3.66446,7.60994,-0.00144114,4.18261,0.0323695,0.135389,FRENET,0.547713,0.192721,0.547713,0.563052,0.192721,0.328043,0
2.04402,-3.66446,7.60994,-0.00144114,4.18261,0.0323695,0.135389,FRENET,0.547713,0.192721,0.547713,0.563052,0.192721,0.328043,0
2.04863,-3.62261,7.6101,-0.000841578,4.18642,0.0690822,0.289207,FRENET,0.547713,0.192721,0.547713,0.563052,0.192721,0.328043,0
2.05203,-3.62261,7.6101,-0.000841578,4.18642,0.0690822,0.289207,FRENET,0.547713,0.192721,0.547713,0.563052,0.192721,0.328043,0
2.05603,-3.62261,7.6101,-0.000841578,4.18642,0.0690822,0.289207,FRENET,0.547713,0.192721,0.547713,0.563052,0.192721,0.328043,0
2.06001,-3.58073,7.61026,-6.89414e-05,4.19006,0.100752,0.422155,FRENET,0.547713,0.192721,0.547713,0.563052,0.192721,0.328043,0
2.06403,-3.58073,7.61026,-6.89414e-05,4.19006,0.100752,0.422155,FRENET,0.547713,0.192721,0.547713,0.563052,0.192721,0.328043,0
2.06866,-3.53881,7.61045,0.00112782,4.19352,0.120829,0.506699,FRENET,0.547713,0.192721,0.547713,0.563052,0.192721,0.328043,0
2.07203,-3.53881,7.61045,0.00112782,4.19352,0.120829,0.506699,FRENET,0.547713,0.192721,0.547713,0.563052,0.192721,0.328043,0
2.07602,-3.53881,7.61045,0.00112782,4.19352,0.120829,0.506699,FRENET,0.547713,0.192721,0.547713,0.563052,0.192721,0.328043,0
2.08002,-3.49686,7.61065,0.00235077,4.19682,0.139652,0.586094,FRENET,0.547713,0.192721,0.547713,0.563052,0.192721,0.328043,0
2.08403,-3.49686,7.61065,0.00235077,4.19682,0.139652,0.586094,FRENET,0.541121,0.19594,0.541121,0,0.19594,0.711788,0
2.08864,-3.45488,7.6109,0.0038855,4.19954,0.149901,0.629517,FRENET,0.541121,0.19594,0.541121,0,0.19594,0.711788,0
2.09202,-3.45488,7.6109,0.0038855,4.19954,0.149901,0.629517,FRENET,0.541121,0.19594,0.541121,0,0.19594,0.711788,0
2.09603,-3.45488,7.6109,0.0038855,4.19954,0.149901,0.629517,FRENET,0.541121,0.19594,0.541121,0,0.19594,0.711788,0
2.09999,-3.41287,7.61116,0.00535964,4.20214,0.161211,0.67743,FRENET,0.541121,0.19594,0.541121,0,0.19594,0.711788,0
2.10399,-3.41287,7.61116,0.00535964,4.20214,0.161211,0.67743,FRENET,0.541121,0.19594,0.541121,0,0.19594,0.711788,0
2.10867,-3.37084,7.61147,0.00707977,4.20461,0.165669,0.696574,FRENET,0.541121,0.19594,0.541121,0,0.19594,0.711788,0
2.11203,-3.37084,7.61147,0.00707977,4.20461,0.165669,0.696574,FRENET,0.541121,0.19594,0.541121,0,0.19594,0.711788,0
2.116,-3.37084,7.61147,0.00707977,4.20461,0.165669,0.696574,FRENET,0.541121,0.19594,0.541121,0,0.19594,0.711788,0
2.12002,-3.32877,7.61178,0.00837702,4.21046,0.080787,0.340151,FRENET,0.541121,0.19594,0.541121,0,0.19594,0.711788,0
2.12399,-3.32877,7.61178,0.00837702,4.21046,0.080787,0.340151,FRENET,0.541121,0.19594,0.541121,0,0.19594,0.711788,0
2.12864,-3.28663,7.61205,0.00877858,4.21604,0.0188451,0.0794519,FRENET,0.541121,0.19594,0.541121,0,0.19594,0.711788,0
2.13203,-3.28663,7.61205,0.00877858,4.21604,0.0188451,0.0794519,FRENET,0.547778,0.19594,0.547778,0.555271,0.19594,0.250984,0
2.13602,-3.28663,7.61205,0.00877858,4.21604,0.0188451,0.0794519,FRENET,0.547778,0.19594,0.547778,0.555271,0.19594,0.250984,0
2.14008,-3.24445,7.61231,0.00878132,4.22136,-0.0326834,-0.137968,FRENET,0.547778,0.19594,0.547778,0.555271,0.19594,0.250984,0
2.14403,-3.24445,7.61231,0.00878132,4.22136,-0.0326834,-0.137968,FRENET,0.547778,0.19594,0.547778,0.555271,0.19594,0.250984,0
2.14879,-3.20221,7.61252,0.00818416,4.22642,-0.0684617,-0.289348,FRENET,0.547778,0.19594,0.547778,0.555271,0.19594,0.250984,0
2.15202,-3.20221,7.61252,0.00818416,4.22642,-0.0684617,-0.289348,FRENET,0.547778,0.19594,0.547778,0.555271,0.19594,0.250984,0
2.15599,-3.20221,7.61252,0.00818416,4.22642,-0.0684617,-0.289348,FRENET,0.547778,0.19594,0.547778,0.555271,0.19594,0.250984,0
2.15998,-3.15992,7.61273,0.00742053,4.23124,-0.0995367,-0.421163,FRENET,0.547778,0.19594,0.547778,0.555271,0.19594,0.250984,0
2.164,-3.15992,7.61273,0.00742053,4.23124,-0.0995367,-0.421163,FRENET,0.547778,0.19594,0.547778,0.555271,0.19594,0.250984,0
2.16864,-3.11759,7.6129,0.00623772,4.23583,-0.119376,-0.505654,FRENET,0.547778,0.19594,0.547778,0.555271,0.19594,0.250984,0
2.17199,-3.11759,7.6129,0.00623772,4.23583,-0.119376,-0.505654,FRENET,0.547778,0.19594,0.547778,0.555271,0.19594,0.250984,0
2.17599,-3.11759,7.6129,0.00623772,4.23583,-0.119376,-0.505654,FRENET,0.547778,0.19594,0.547778,0.555271,0.19594,0.250984,0
2.17998,-3.07521,7.61306,0.00502962,4.2402,-0.138078,-0.585479,FRENET,0.547778,0.19594,0.547778,0.555271,0.19594,0.250984,0
2.18399,-3.07521,7.61306,0.00502962,4.2402,-0.138078,-0.585479,FRENET,0.547915,0.19594,0.547915,0,0.19594,0.668706,0
2.18864,-3.03278,7.61316,0.00351115,4.24436,-0.148348,-0.629642,FRENET,0.547915,0.19594,0.547915,0,0.19594,0.668706,0
2.19199,-3.03278,7.61316,0.00351115,4.24436,-0.148348,-0.629642,FRENET,0.547915,0.19594,0.547915,0,0.19594,0.668706,0
2.19599,-3.03278,7.61316,0.00351115,4.24436,-0.148348,-0.629642,FRENET,0.547915,0.19594,0.547915,0,0.19594,0.668706,0
2.19999,-2.99032,7.61325,0.00205193,4.24833,-0.159685,-0.678395,FRENET,0.547915,0.19594,0.547915,0,0.19594,0.668706,0
2.20405,-2.99032,7.61325,0.00205193,4.24833,-0.159685,-0.678395,FRENET,0.547915,0.19594,0.547915,0,0.19594,0.668706,0
2.20873,-2.94782,7.61328,0.000346738,4.25211,-0.16431,-0.698662,FRENET,0.547915,0.19594,0.547915,0,0.19594,0.668706,0
2.21206,-2.94782,7.61328,0.000346738,4.25211,-0.16431,-0.698662,FRENET,0.547915,0.19594,0.547915,0,0.19594,0.668706,0
2.21603,-2.94782,7.61328,0.000346738,4.25211,-0.16431,-0.698662,FRENET,0.547915,0.19594,0.547915,0,0.19594,0.668706,0
2.21999,-2.90528,7.61331,-0.000937376,4.2557,-0.079338,-0.337639,FRENET,0.547915,0.19594,0.547915,0,0.19594,0.668706,0
2.224,-2.90528,7.61331,-0.000937376,4.2557,-0.079338,-0.337639,FRENET,0.547915,0.19594,0.547915,0,0.19594,0.668706,0
2.2287,-2.8627,7.61338,-0.00132308,4.25913,-0.0172739,-0.073572,FRENET,0.547915,0.19594,0.547915,0,0.19594,0.668706,0
2.23203,-2.8627,7.61338,-0.00132308,4.25913,-0.0172739,-0.073572,FRENET,0.556146,0.19594,0.556146,0,0.19594,0.701166,0
2.23603,-2.8627,7.61338,-0.00132308,4.25913,-0.0172739,-0.073572,FRENET,0.556146,0.19594,0.556146,0,0.19594,0.701166,0
2.24002,-2.8201,7.61346,-0.0013101,4.2624,0.034413,0.146682,FRENET,0.556146,0.19594,0.556146,0,0.19594,0.701166,0
2.24403,-2.8201,7.61346,-0.0013101,4.2624,0.034413,0.146682,FRENET,0.556146,0.19594,0.556146,0,0.19594,0.701166,0
2.24867,-2.77746,7.61358,-0.00069415,4.2655,0.0703478,0.300069,FRENET,0.556146,0.19594,0.556146,0,0.19594,0.701166,0
2.25203,-2.77746,7.61358,-0.00069415,4.2655,0.0703478,0.300069,FRENET,0.556146,0.19594,0.556146,0,0.19594,0.701166,0
2.25603,-2.77746,7.61358,-0.00069415,4.2655,0.0703478,0.300069,FRENET,0.556146,0.19594,0.556146,0,0.19594,0.701166,0
2.26002,-2.73479,7.6137,8.84575e-05,4.26847,0.101585,0.433611,FRENET,0.556146,0.19594,0.556146,0,0.19594,0.701166,0
2.26402,-2.73479,7.6137,8.84575e-05,4.26847,0.101585,0.433611,FRENET,0.556146,0.19594,0.556146,0,0.19594,0.701166,0
2.26867,-2.69209,7.61387,0.00129311,4.27129,0.121562,0.519227,FRENET,0.556146,0.19594,0.556146,0,0.19594,0.701166,0
2.27202,-2.69209,7.61387,0.00129311,4.27129,0.121562,0.519227,FRENET,0.556146,0.19594,0.556146,0,0.19594,0.701166,0
2.27607,-2.69209,7.61387,0.00129311,4.27129,0.121562,0.519227,FRENET,0.556146,0.19594,0.556146,0,0.19594,0.701166,0
2.28006,-2.64936,7.61404,0.00252309,4.27397,0.140392,0.600031,FRENET,0.556146,0.19594,0.556146,0,0.19594,0.701166,0
2.28403,-2.64936,7.61404,0.00252309,4.27397,0.140392,0.600031,FRENET,0.545334,0.200097,0.545334,0.55848,0.200097,0.213325,0
2.28864,-2.60661,7.61427,0.004066,4.27634,0.150786,0.644811,FRENET,0.545334,0.200097,0.545334,0.55848,0.200097,0.213325,0
2.29203,-2.60661,7.61427,0.004066,4.27634,0.150786,0.644811,FRENET,0.545334,0.200097,0.545334,0.55848,0.200097,0.213325,0
2.29604,-2.60661,7.61427,0.004066,4.27634,0.150786,0.644811,FRENET,0.545334,0.200097,0.545334,0.55848,0.200097,0.213325,0
2.30002,-2.56384,7.61451,0.00554949,4.27859,0.162228,0.694108,FRENET,0.545334,0.200097,0.545334,0.55848,0.200097,0.213325,0
2.30407,-2.56384,7.61451,0.00554949,4.27859,0.162228,0.694108,FRENET,0.545334,0.200097,0.545334,0.55848,0.200097,0.213325,0
2.30869,-2.52104,7.61481,0.00728103,4.28074,0.166914,0.714514,FRENET,0.545334,0.200097,0.545334,0.55848,0.200097,0.213325,0
2.3121,-2.52104,7.61481,0.00728103,4.28074,0.166914,0.714514,FRENET,0.545334,0.200097,0.545334,0.55848,0.200097,0.213325,0
2.31607,-2.52104,7.61481,0.00728103,4.28074,0.166914,0.714514,FRENET,0.545334,0.200097,0.545334,0.55848,0.200097,0.213325,0
2.32005,-2.47821,7.61512,0.00874521,4.28574,0.127539,0.546599,FRENET,0.545334,0.200097,0.545334,0.55848,0.200097,0.213325,0
2.32407,-2.47821,7.61512,0.00874521,4.28574,0.127539,0.546599,FRENET,0.545334,0.200097,0.545334,0.55848,0.200097,0.213325,0
2.32868,-2.43533,7.61543,0.00970511,4.29051,0.0509886,0.218767,FRENET,0.545334,0.200097,0.545334,0.55848,0.200097,0.213325,0
2.33203,-2.43533,7.61543,0.00970511,4.29051,0.0509886,0.218767,FRENET,0.551297,0.200097,0.551297,0.365939,0.200097,0.428767,0
2.33604,-2.43533,7.61543,0.00970511,4.29051,0.0509886,0.218767,FRENET,0.551297,0.200097,0.551297,0.365939,0.200097,0.428767,0
2.34072,-2.39241,7.6157,0.00984135,4.29504,-0.00463399,-0.0199032,FRENET,0.551297,0.200097,0.551297,0.365939,0.200097,0.428767,0
2.34405,-2.39241,7.6157,0.00984135,4.29504,-0.00463399,-0.0199032,FRENET,0.551297,0.200097,0.551297,0.365939,0.200097,0.428767,0
2.34878,-2.34943,7.61597,0.0096351,4.29936,-0.0512974,-0.220546,FRENET,0.551297,0.200097,0.551297,0.365939,0.200097,0.428767,0
2.35203,-2.34943,7.61597,0.0096351,4.29936,-0.0512974,-0.220546,FRENET,0.551297,0.200097,0.551297,0.365939,0.200097,0.428767,0
2.35602,-2.34943,7.61597,0.0096351,4.29936,-0.0512974,-0.220546,FRENET,0.551297,0.200097,0.551297,0.365939,0.200097,0.428767,0
2.36001,-2.30642,7.6162,0.00887059,4.30348,-0.083418,-0.358988,FRENET,0.551297,0.200097,0.551297,0.365939,0.200097,0.428767,0
2.36402,-2.30642,7.6162,0.00887059,4.30348,-0.083418,-0.358988,FRENET,0.551297,0.200097,0.551297,0.365939,0.200097,0.428767,0
2.36867,-2.26337,7.61643,0.00797252,4.3074,-0.111664,-0.480981,FRENET,0.551297,0.200097,0.551297,0.365939,0.200097,0.428767,0
2.37202,-2.26337,7.61643,0.00797252,4.3074,-0.111664,-0.480981,FRENET,0.551297,0.200097,0.551297,0.365939,0.200097,0.428767,0
2.37602,-2.26337,7.61643,0.00797252,4.3074,-0.111664,-0.480981,FRENET,0.551297,0.200097,0.551297,0.365939,0.200097,0.428767,0
2.38001,-2.22027,7.61661,0.00667914,4.31113,-0.129398,-0.557853,FRENET,0.551297,0.200097,0.551297,0.365939,0.200097,0.428767,0
2.38404,-2.22027,7.61661,0.00667914,4.31113,-0.129398,-0.557853,FRENET,0.556875,0.200097,0.556875,0.555729,0.200097,0.354308,0
2.38864,-2.17715,7.61678,0.00537973,4.31469,-0.146453,-0.631897,FRENET,0.556875,0.200097,0.556875,0.555729,0.200097,0.354308,0
2.39202,-2.17715,7.61678,0.00537973,4.31469,-0.146453,-0.631897,FRENET,0.556875,0.200097,0.556875,0.555729,0.200097,0.354308,0
2.39602,-2.17715,7.61678,0.00537973,4.31469,-0.146453,-0.631897,FRENET,0.556875,0.200097,0.556875,0.555729,0.200097,0.354308,0
2.40001,-2.13398,7.61691,0.00378357,4.31807,-0.155513,-0.671518,FRENET,0.556875,0.200097,0.556875,0.555729,0.200097,0.354308,0
2.404,-2.13398,7.61691,0.00378357,4.31807,-0.155513,-0.671518,FRENET,0.556875,0.200097,0.556875,0.555729,0.200097,0.354308,0
2.40889,-2.09079,7.61702,0.0024145,4.3213,-0.119744,-0.517448,FRENET,0.556875,0.200097,0.556875,0.555729,0.200097,0.354308,0
2.412,-2.09079,7.61702,0.0024145,4.3213,-0.119744,-0.517448,FRENET,0.556875,0.200097,0.556875,0.555729,0.200097,0.354308,0
2.416,-2.09079,7.61702,0.0024145,4.3213,-0.119744,-0.517448,FRENET,0.556875,0.200097,0.556875,0.555729,0.200097,0.354308,0
2.41999,-2.04756,7.61714,0.0015197,4.32437,-0.0455116,-0.196809,FRENET,0.556875,0.200097,0.556875,0.555729,0.200097,0.354308,0
2.424,-2.04756,7.61714,0.0015197,4.32437,-0.0455116,-0.196809,FRENET,0.556875,0.200097,0.556875,0.555729,0.200097,0.354308,0
2.42865,-2.0043,7.61731,0.00143003,4.3273,0.00844977,0.0365647,FRENET,0.556875,0.200097,0.556875,0.555729,0.200097,0.354308,0
2.432,-2.0043,7.61731,0.00143003,4.3273,0.00844977,0.0365647,FRENET,0.557617,0.200097,0.557617,0.469881,0.200097,0.3854,0
2.436,-2.0043,7.61731,0.00143003,4.3273,0.00844977,0.0365647,FRENET,0.557617,0.200097,0.557617,0.469881,0.200097,0.3854,0
2.44062,-1.96101,7.61749,0.00166775,4.33009,0.0539635,0.233667,FRENET,0.557617,0.200097,0.557617,0.469881,0.200097,0.3854,0
2.44401,-1.96101,7.61749,0.00166775,4.33009,0.0539635,0.233667,FRENET,0.557617,0.200097,0.557617,0.469881,0.200097,0.3854,0
2.44874,-1.9177,7.61771,0.00245527,4.33274,0.0853007,0.369586,FRENET,0.557617,0.200097,0.557617,0.469881,0.200097,0.3854,0
2.452,-1.9177,7.61771,0.00245527,4.33274,0.0853007,0.369586,FRENET,0.557617,0.200097,0.557617,0.469881,0.200097,0.3854,0
2.45601,-1.9177,7.61771,0.00245527,4.33274,0.0853007,0.369586,FRENET,0.557617,0.200097,0.557617,0.469881,0.200097,0.3854,0
2.45999,-1.87436,7.61795,0.00336894,4.33527,0.113046,0.490083,FRENET,0.557617,0.200097,0.557617,0.469881,0.200097,0.3854,0
2.464,-1.87436,7.61795,0.00336894,4.33527,0.113046,0.490083,FRENET,0.557617,0.200097,0.557617,0.469881,0.200097,0.3854,0
2.46864,-1.831,7.61822,0.00467494,4.33768,0.130469,0.565931,FRENET,0.557617,0.200097,0.557617,0.469881,0.200097,0.3854,0
2.472,-1.831,7.61822,0.00467494,4.33768,0.130469,0.565931,FRENET,0.557617,0.200097,0.557617,0.469881,0.200097,0.3854,0
2.47599,-1.831,7.61822,0.00467494,4.33768,0.130469,0.565931,FRENET,0.557617,0.200097,0.557617,0.469881,0.200097,0.3854,0
2.47998,-1.78761,7.61852,0.00598365,4.33997,0.147357,0.639527,FRENET,0.557617,0.200097,0.557617,0.469881,0.200097,0.3854,0
2.48399,-1.78761,7.61852,0.00598365,4.33997,0.147357,0.639527,FRENET,0.553448,0.202044,0.553448,0.16374,0.202044,0.5082,0
2.48864,-1.7442,7.61886,0.00758908,4.34197,0.156373,0.678966,FRENET,0.553448,0.202044,0.553448,0.16374,0.202044,0.5082,0
2.492,-1.7442,7.61886,0.00758908,4.34197,0.156373,0.678966,FRENET,0.553448,0.202044,0.553448,0.16374,0.202044,0.5082,0
2.49599,-1.7442,7.61886,0.00758908,4.34197,0.156373,0.678966,FRENET,0.553448,0.202044,0.553448,0.16374,0.202044,0.5082,0
2.49998,-1.70077,7.61923,0.00912277,4.34388,0.166758,0.724377,FRENET,0.553448,0.202044,0.553448,0.16374,0.202044,0.5082,0
2.50399,-1.70077,7.61923,0.00912277,4.34388,0.166758,0.724377,FRENET,0.553448,0.202044,0.553448,0.16374,0.202044,0.5082,0
2.50864,-1.65731,7.61966,0.0108922,4.34819,0.170182,0.739985,FRENET,0.553448,0.202044,0.553448,0.16374,0.202044,0.5082,0
2.51204,-1.65731,7.61966,0.0108922,4.34819,0.170182,0.739985,FRENET,0.553448,0.202044,0.553448,0.16374,0.202044,0.5082,0
2.51603,-1.65731,7.61966,0.0108922,4.34819,0.170182,0.739985,FRENET,0.553448,0.202044,0.553448,0.16374,0.202044,0.5082,0
2.51998,-1.61381,7.62009,0.0122303,4.3523,0.0842627,0.366736,FRENET,0.553448,0.202044,0.553448,0.16374,0.202044,0.5082,0
2.52404,-1.61381,7.62009,0.0122303,4.3523,0.0842627,0.366736,FRENET,0.553448,0.202044,0.553448,0.16374,0.202044,0.5082,0
2.52868,-1.57027,7.62049,0.0126595,4.35621,0.0210042,0.0914989,FRENET,0.553448,0.202044,0.553448,0.16374,0.202044,0.5082,0
2.53204,-1.57027,7.62049,0.0126595,4.35621,0.0210042,0.0914989,FRENET,0.555917,0.202044,0.555917,0.139205,0.202044,0.521729,0
2.53604,-1.57027,7.62049,0.0126595,4.35621,0.0210042,0.0914989,FRENET,0.555917,0.202044,0.555917,0.139205,0.202044,0.521729,0
2.54002,-1.52669,7.62088,0.0126781,4.35994,-0.031782,-0.138567,FRENET,0.555917,0.202044,0.555917,0.139205,0.202044,0.521729,0
2.54404,-1.52669,7.62088,0.0126781,4.35994,-0.031782,-0.138567,FRENET,0.555917,0.202044,0.555917,0.139205,0.202044,0.521729,0
2.54864,-1.48308,7.62123,0.0120829,4.36349,-0.0688592,-0.300466,FRENET,0.555917,0.202044,0.555917,0.139205,0.202044,0.521729,0
2.55204,-1.48308,7.62123,0.0120829,4.36349,-0.0688592,-0.300466,FRENET,0.555917,0.202044,0.555917,0.139205,0.202044,0.521729,0
2.55604,-1.48308,7.62123,0.0120829,4.36349,-0.0688592,-0.300466,FRENET,0.555917,0.202044,0.555917,0.139205,0.202044,0.521729,0
2.56003,-1.43943,7.62158,0.0113102,4.36687,-0.101025,-0.441163,FRENET,0.555917,0.202044,0.555917,0.139205,0.202044,0.521729,0
2.564,-1.43943,7.62158,0.0113102,4.36687,-0.101025,-0.441163,FRENET,0.555917,0.202044,0.555917,0.139205,0.202044,0.521729,0
2.5687,-1.39574,7.6219,0.0101067,4.37009,-0.121912,-0.532767,FRENET,0.555917,0.202044,0.555917,0.139205,0.202044,0.521729,0
2.57201,-1.39574,7.6219,0.0101067,4.37009,-0.121912,-0.532767,FRENET,0.555917,0.202044,0.555917,0.139205,0.202044,0.521729,0
2.57601,-1.39574,7.6219,0.0101067,4.37009,-0.121912,-0.532767,FRENET,0.555917,0.202044,0.555917,0.139205,0.202044,0.521729,0
2.58001,-1.35203,7.6222,0.00886959,4.37315,-0.141415,-0.618428,FRENET,0.555917,0.202044,0.555917,0.139205,0.202044,0.521729,0
2.58401,-1.35203,7.6222,0.00886959,4.37315,-0.141415,-0.618428,FRENET,0.557212,0.202044,0.557212,0.572739,0.202044,0.336484,0
2.58865,-1.30828,7.62246,0.00731345,4.37608,-0.152433,-0.667058,FRENET,0.557212,0.202044,0.557212,0.572739,0.202044,0.336484,0
2.592,-1.30828,7.62246,0.00731345,4.37608,-0.152433,-0.667058,FRENET,0.557212,0.202044,0.557212,0.572739,0.202044,0.336484,0
2.596,-1.30828,7.62246,0.00731345,4.37608,-0.152433,-0.667058,FRENET,0.557212,0.202044,0.557212,0.572739,0.202044,0.336484,0
2.59999,-1.26451,7.6227,0.00581116,4.37886,-0.16428,-0.719358,FRENET,0.557212,0.202044,0.557212,0.572739,0.202044,0.336484,0
2.604,-1.26451,7.6227,0.00581116,4.37886,-0.16428,-0.719358,FRENET,0.557212,0.202044,0.557212,0.572739,0.202044,0.336484,0
2.609,-1.22071,7.62289,0.00405713,4.38151,-0.169385,-0.742163,FRENET,0.557212,0.202044,0.557212,0.572739,0.202044,0.336484,0
2.612,-1.22071,7.62289,0.00405713,4.38151,-0.169385,-0.742163,FRENET,0.557212,0.202044,0.557212,0.572739,0.202044,0.336484,0
2.616,-1.22071,7.62289,0.00405713,4.38151,-0.169385,-0.742163,FRENET,0.557212,0.202044,0.557212,0.572739,0.202044,0.336484,0
2.62002,-1.17688,7.62305,0.00240912,4.38403,-0.176692,-0.774624,FRENET,0.557212,0.202044,0.557212,0.572739,0.202044,0.336484,0
2.624,-1.17688,7.62305,0.00240912,4.38403,-0.176692,-0.774624,FRENET,0.557212,0.202044,0.557212,0.572739,0.202044,0.336484,0
2.62864,-1.13303,7.62315,0.000548995,4.38643,-0.178331,-0.782237,FRENET,0.557212,0.202044,0.557212,0.572739,0.202044,0.336484,0
2.63199,-1.13303,7.62315,0.000548995,4.38643,-0.178331,-0.782237,FRENET,0.558399,0.202044,0.558399,0.107291,0.202044,0.533519,0
2.636,-1.13303,7.62315,0.000548995,4.38643,-0.178331,-0.782237,FRENET,0.558399,0.202044,0.558399,0.107291,0.202044,0.533519,0
2.64078,-1.08915,7.62324,-0.000860088,4.38872,-0.09025,-0.396082,FRENET,0.558399,0.202044,0.558399,0.107291,0.202044,0.533519,0
2.64404,-1.08915,7.62324,-0.000860088,4.38872,-0.09025,-0.396082,FRENET,0.558399,0.202044,0.558399,0.107291,0.202044,0.533519,0
2.64877,-1.04526,7.62337,-0.00133953,4.3909,-0.0252486,-0.110864,FRENET,0.558399,0.202044,0.558399,0.107291,0.202044,0.533519,0
2.65203,-1.04526,7.62337,-0.00133953,4.3909,-0.0252486,-0.110864,FRENET,0.558399,0.202044,0.558399,0.107291,0.202044,0.533519,0
2.65603,-1.04526,7.62337,-0.00133953,4.3909,-0.0252486,-0.110864,FRENET,0.558399,0.202044,0.558399,0.107291,0.202044,0.533519,0
2.66002,-1.00134,7.6235,-0.00139386,4.39298,0.028959,0.127216,FRENET,0.558399,0.202044,0.558399,0.107291,0.202044,0.533519,0
2.66403,-1.00134,7.6235,-0.00139386,4.39298,0.028959,0.127216,FRENET,0.558399,0.202044,0.558399,0.107291,0.202044,0.533519,0
2.66867,-0.957396,7.62365,-0.000820353,4.39496,0.0671777,0.295243,FRENET,0.558399,0.202044,0.558399,0.107291,0.202044,0.533519,0
2.67203,-0.957396,7.62365,-0.000820353,4.39496,0.0671777,0.295243,FRENET,0.558399,0.202044,0.558399,0.107291,0.202044,0.533519,0
2.67602,-0.957396,7.62365,-0.000820353,4.39496,0.0671777,0.295243,FRENET,0.558399,0.202044,0.558399,0.107291,0.202044,0.533519,0
2.68001,-0.913438,7.62382,-6.03041e-05,4.39684,0.10027,0.440872,FRENET,0.558399,0.202044,0.558399,0.107291,0.202044,0.533519,0
2.68403,-0.913438,7.62382,-6.03041e-05,4.39684,0.10027,0.440872,FRENET,0.560298,0.204817,0.560298,0.265295,0.204817,0.469869,0
2.68866,-0.869462,7.62402,0.00114017,4.39848,0.121906,0.536201,FRENET,0.560298,0.204817,0.560298,0.265295,0.204817,0.469869,0
2.69203,-0.869462,7.62402,0.00114017,4.39848,0.121906,0.536201,FRENET,0.560298,0.204817,0.560298,0.265295,0.204817,0.469869,0
2.69603,-0.869462,7.62402,0.00114017,4.39848,0.121906,0.536201,FRENET,0.560298,0.204817,0.560298,0.265295,0.204817,0.469869,0
2.70001,-0.82547,7.62422,0.00237978,4.40003,0.142013,0.624862,FRENET,0.560298,0.204817,0.560298,0.265295,0.204817,0.469869,0
2.70403,-0.82547,7.62422,0.00237978,4.40003,0.142013,0.624862,FRENET,0.560298,0.204817,0.560298,0.265295,0.204817,0.469869,0
2.70867,-0.781463,7.62447,0.00394484,4.40151,0.153494,0.675607,FRENET,0.560298,0.204817,0.560298,0.265295,0.204817,0.469869,0
2.71203,-0.781463,7.62447,0.00394484,4.40151,0.153494,0.675607,FRENET,0.560298,0.204817,0.560298,0.265295,0.204817,0.469869,0
2.71603,-0.781463,7.62447,0.00394484,4.40151,0.153494,0.675607,FRENET,0.560298,0.204817,0.560298,0.265295,0.204817,0.469869,0
2.72001,-0.737441,7.62474,0.00545913,4.40292,0.165707,0.729594,FRENET,0.560298,0.204817,0.560298,0.265295,0.204817,0.469869,0
2.72403,-0.737441,7.62474,0.00545913,4.40292,0.165707,0.729594,FRENET,0.560298,0.204817,0.560298,0.265295,0.204817,0.469869,0
2.72867,-0.693406,7.62506,0.00722931,4.40427,0.171077,0.753469,FRENET,0.560298,0.204817,0.560298,0.265295,0.204817,0.469869,0
2.73203,-0.693406,7.62506,0.00722931,4.40427,0.171077,0.753469,FRENET,0.55541,0.204817,0.55541,0.2061,0.204817,0.494551,0
2.73603,-0.693406,7.62506,0.00722931,4.40427,0.171077,0.753469,FRENET,0.55541,0.204817,0.55541,0.2061,0.204817,0.494551,0
2.74001,-0.649348,7.62538,0.00857995,4.40766,0.0857449,0.377934,FRENET,0.55541,0.204817,0.55541,0.2061,0.204817,0.494551,0
2.74403,-0.649348,7.62538,0.00857995,4.40766,0.0857449,0.377934,FRENET,0.55541,0.204817,0.55541,0.2061,0.204817,0.494551,0
2.74866,-0.605256,7.62566,0.00902482,4.41089,0.0226495,0.0999042,FRENET,0.55541,0.204817,0.55541,0.2061,0.204817,0.494551,0
2.75204,-0.605256,7.62566,0.00902482,4.41089,0.0226495,0.0999042,FRENET,0.55541,0.204817,0.55541,0.2061,0.204817,0.494551,0
2.75603,-0.605256,7.62566,0.00902482,4.41089,0.0226495,0.0999042,FRENET,0.55541,0.204817,0.55541,0.2061,0.204817,0.494551,0
2.76002,-0.561133,7.62592,0.00906003,4.41396,-0.0301932,-0.133272,FRENET,0.55541,0.204817,0.55541,0.2061,0.204817,0.494551,0
2.76403,-0.561133,7.62592,0.00906003,4.41396,-0.0301932,-0.133272,FRENET,0.55541,0.204817,0.55541,0.2061,0.204817,0.494551,0
2.76867,-0.516979,7.62615,0.0084793,4.41689,-0.0675192,-0.298225,FRENET,0.55541,0.204817,0.55541,0.2061,0.204817,0.494551,0
2.77203,-0.516979,7.62615,0.0084793,4.41689,-0.0675192,-0.298225,FRENET,0.55541,0.204817,0.55541,0.2061,0.204817,0.494551,0
2.77603,-0.516979,7.62615,0.0084793,4.41689,-0.0675192,-0.298225,FRENET,0.55541,0.204817,0.55541,0.2061,0.204817,0.494551,0
2.78002,-0.472797,7.62637,0.00771883,4.41968,-0.0999857,-0.441905,FRENET,0.55541,0.204817,0.55541,0.2061,0.204817,0.494551,0
2.78403,-0.472797,7.62637,0.00771883,4.41968,-0.0999857,-0.441905,FRENET,0.567628,0.204817,0.567628,0.418626,0.204817,0.414462,0
2.78867,-0.428587,7.62656,0.00652361,4.42234,-0.121248,-0.536201,FRENET,0.567628,0.204817,0.567628,0.418626,0.204817,0.414462,0
2.79202,-0.428587,7.62656,0.00652361,4.42234,-0.121248,-0.536201,FRENET,0.567628,0.204817,0.567628,0.418626,0.204817,0.414462,0
2.79603,-0.428587,7.62656,0.00652361,4.42234,-0.121248,-0.536201,FRENET,0.567628,0.204817,0.567628,0.418626,0.204817,0.414462,0
2.80002,-0.384351,7.62672,0.00529162,4.42487,-0.141096,-0.624334,FRENET,0.567628,0.204817,0.567628,0.418626,0.204817,0.414462,0
2.80403,-0.384351,7.62672,0.00529162,4.42487,-0.141096,-0.624334,FRENET,0.567628,0.204817,0.567628,0.418626,0.204817,0.414462,0
2.80866,-0.340091,7.62685,0.00373662,4.42729,-0.152481,-0.675078,FRENET,0.567628,0.204817,0.567628,0.418626,0.204817,0.414462,0
2.81202,-0.340091,7.62685,0.00373662,4.42729,-0.152481,-0.675078,FRENET,0.567628,0.204817,0.567628,0.418626,0.204817,0.414462,0
2.81603,-0.340091,7.62685,0.00373662,4.42729,-0.152481,-0.675078,FRENET,0.567628,0.204817,0.567628,0.418626,0.204817,0.414462,0
2.82001,-0.295806,7.62695,0.00223249,4.42958,-0.164631,-0.729247,FRENET,0.567628,0.204817,0.567628,0.418626,0.204817,0.414462,0
2.82403,-0.295806,7.62695,0.00223249,4.42958,-0.164631,-0.729247,FRENET,0.567628,0.204817,0.567628,0.418626,0.204817,0.414462,0
2.82865,-0.2515,7.62699,0.000473225,4.43177,-0.170041,-0.753581,FRENET,0.567628,0.204817,0.567628,0.418626,0.204817,0.414462,0
2.83202,-0.2515,7.62699,0.000473225,4.43177,-0.170041,-0.753581,FRENET,0.566821,0.204817,0.566821,0.396698,0.204817,0.426299,0
2.83602,-0.2515,7.62699,0.000473225,4.43177,-0.170041,-0.753581,FRENET,0.566821,0.204817,0.566821,0.396698,0.204817,0.426299,0
2.84,-0.207172,7.62703,-0.000867321,4.43385,-0.08466,-0.37537,FRENET,0.566821,0.204817,0.566821,0.396698,0.204817,0.426299,0
2.84403,-0.207172,7.62703,-0.000867321,4.43385,-0.08466,-0.37537,FRENET,0.566821,0.204817,0.566821,0.396698,0.204817,0.426299,0
2.84866,-0.162823,7.62712,-0.00130063,4.43584,-0.0215093,-0.0954116,FRENET,0.566821,0.204817,0.566821,0.396698,0.204817,0.426299,0
2.85203,-0.162823,7.62712,-0.00130063,4.43584,-0.0215093,-0.0954116,FRENET,0.566821,0.204817,0.566821,0.396698,0.204817,0.426299,0
2.85602,-0.162823,7.62712,-0.00130063,4.43584,-0.0215093,-0.0954116,FRENET,0.566821,0.204817,0.566821,0.396698,0.204817,0.426299,0
2.86002,-0.118455,7.62721,-0.00132452,4.43773,0.0314061,0.139372,FRENET,0.566821,0.204817,0.566821,0.396698,0.204817,0.426299,0
2.86408,-0.118455,7.62721,-0.00132452,4.43773,0.0314061,0.139372,FRENET,0.566821,0.204817,0.566821,0.396698,0.204817,0.426299,0
2.86872,-0.0740693,7.62734,-0.000730891,4.43953,0.068803,0.305453,FRENET,0.566821,0.204817,0.566821,0.396698,0.204817,0.426299,0
2.87208,-0.0740693,7.62734,-0.000730891,4.43953,0.068803,0.305453,FRENET,0.566821,0.204817,0.566821,0.396698,0.204817,0.426299,0
2.87607,-0.0740693,7.62734,-0.000730891,4.43953,0.068803,0.305453,FRENET,0.566821,0.204817,0.566821,0.396698,0.204817,0.426299,0
2.88006,-0.0296657,7.62747,4.23867e-05,4.44124,0.101346,0.450103,FRENET,0.566821,0.204817,0.566821,0.396698,0.204817,0.426299,0
2.88408,-0.0296657,7.62747,4.23867e-05,4.44124,0.101346,0.450103,FRENET,0.552981,0.206917,0.552981,0,0.206917,0.638215,0
2.88867,0.0147542,7.62764,0.001252,4.4428,0.122683,0.545057,FRENET,0.552981,0.206917,0.552981,0,0.206917,0.638215,0
2.89208,0.0147542,7.62764,0.001252,4.4428,0.122683,0.545057,FRENET,0.552981,0.206917,0.552981,0,0.206917,0.638215,0
2.89606,0.0147542,7.62764,0.001252,4.4428,0.122683,0.545057,FRENET,0.552981,0.206917,0.552981,0,0.206917,0.638215,0
2.90007,0.0591891,7.62783,0.00249832,4.44428,0.142604,0.633771,FRENET,0.552981,0.206917,0.552981,0,0.206917,0.638215,0
2.90411,0.0591891,7.62783,0.00249832,4.44428,0.142604,0.633771,FRENET,0.552981,0.206917,0.552981,0,0.206917,0.638215,0
2.9087,0.103638,7.62806,0.00406902,4.44568,0.154041,0.684817,FRENET,0.552981,0.206917,0.552981,0,0.206917,0.638215,0
2.9121,0.103638,7.62806,0.00406902,4.44568,0.154041,0.684817,FRENET,0.552981,0.206917,0.552981,0,0.206917,0.638215,0
2.9161,0.103638,7.62806,0.00406902,4.44568,0.154041,0.684817,FRENET,0.552981,0.206917,0.552981,0,0.206917,0.638215,0
2.92008,0.148101,7.62831,0.00558863,4.44703,0.166236,0.739258,FRENET,0.552981,0.206917,0.552981,0,0.206917,0.638215,0
2.9241,0.148101,7.62831,0.00558863,4.44703,0.166236,0.739258,FRENET,0.552981,0.206917,0.552981,0,0.206917,0.638215,0
2.92866,0.192586,7.62862,0.00736191,4.45008,0.171314,0.762362,FRENET,0.552981,0.206917,0.552981,0,0.206917,0.638215,0
2.93209,0.192586,7.62862,0.00736191,4.45008,0.171314,0.762362,FRENET,0.563968,0.206917,0.563968,0.574937,0.206917,0.291163,0
2.93607,0.192586,7.62862,0.00736191,4.45008,0.171314,0.762362,FRENET,0.563968,0.206917,0.563968,0.574937,0.206917,0.291163,0
2.94008,0.2371,7.62893,0.00871499,4.45299,0.0859356,0.38267,FRENET,0.563968,0.206917,0.563968,0.574937,0.206917,0.291163,0
2.9441,0.2371,7.62893,0.00871499,4.45299,0.0859356,0.38267,FRENET,0.563968,0.206917,0.563968,0.574937,0.206917,0.291163,0
2.94874,0.281643,7.6292,0.00916073,4.45576,0.0226496,0.100921,FRENET,0.563968,0.206917,0.563968,0.574937,0.206917,0.291163,0
2.9521,0.281643,7.6292,0.00916073,4.45576,0.0226496,0.100921,FRENET,0.563968,0.206917,0.563968,0.574937,0.206917,0.291163,0
2.95609,0.281643,7.6292,0.00916073,4.45576,0.0226496,0.100921,FRENET,0.563968,0.206917,0.563968,0.574937,0.206917,0.291163,0
2.9602,0.326213,7.62946,0.00919504,4.4584,-0.0304128,-0.135593,FRENET,0.563968,0.206917,0.563968,0.574937,0.206917,0.291163,0
2.96411,0.326213,7.62946,0.00919504,4.4584,-0.0304128,-0.135593,FRENET,0.563968,0.206917,0.563968,0.574937,0.206917,0.291163,0
2.96877,0.370809,7.62969,0.0086106,4.46091,-0.0680119,-0.303395,FRENET,0.563968,0.206917,0.563968,0.574937,0.206917,0.291163,0
2.9721,0.370809,7.62969,0.0086106,4.46091,-0.0680119,-0.303395,FRENET,0.563968,0.206917,0.563968,0.574937,0.206917,0.291163,0
2.97603,0.370809,7.62969,0.0086106,4.46091,-0.0680119,-0.303395,FRENET,0.563968,0.206917,0.563968,0.574937,0.206917,0.291163,0
2.98005,0.415429,7.6299,0.00784415,4.46331,-0.100718,-0.449538,FRENET,0.563968,0.206917,0.563968,0.574937,0.206917,0.291163,0
2.98408,0.415429,7.6299,0.00784415,4.46331,-0.100718,-0.449538,FRENET,0.563147,0.206917,0.563147,0.571312,0.206917,0.338274,0
2.9887,0.460074,7.63008,0.00664018,4.46559,-0.122234,-0.545848,FRENET,0.563147,0.206917,0.563147,0.571312,0.206917,0.338274,0
2.99206,0.460074,7.63008,0.00664018,4.46559,-0.122234,-0.545848,FRENET,0.563147,0.206917,0.563147,0.571312,0.206917,0.338274,0
2.99606,0.460074,7.63008,0.00664018,4.46559,-0.122234,-0.545848,FRENET,0.563147,0.206917,0.563147,0.571312,0.206917,0.338274,0
3.00004,0.50474,7.63025,0.00539745,4.46776,-0.142279,-0.635666,FRENET,0.563147,0.206917,0.563147,0.571312,0.206917,0.338274,0
3.00405,0.50474,7.63025,0.00539745,4.46776,-0.142279,-0.635666,FRENET,0.563147,0.206917,0.563147,0.571312,0.206917,0.338274,0
3.00869,0.549428,7.63037,0.00382951,4.46983,-0.15386,-0.687727,FRENET,0.563147,0.206917,0.563147,0.571312,0.206917,0.338274,0
3.01206,0.549428,7.63037,0.00382951,4.46983,-0.15386,-0.687727,FRENET,0.563147,0.206917,0.563147,0.571312,0.206917,0.338274,0
3.01606,0.549428,7.63037,0.00382951,4.46983,-0.15386,-0.687727,FRENET,0.563147,0.206917,0.563147,0.571312,0.206917,0.338274,0
3.02004,0.594136,7.63047,0.00231102,4.4718,-0.166143,-0.742958,FRENET,0.563147,0.206917,0.563147,0.571312,0.206917,0.338274,0
3.02406,0.594136,7.63047,0.00231102,4.4718,-0.166143,-0.742958,FRENET,0.563147,0.206917,0.563147,0.571312,0.206917,0.338274,0
3.0287,0.638863,7.63052,0.00053583,4.47368,-0.171687,-0.76807,FRENET,0.563147,0.206917,0.563147,0.571312,0.206917,0.338274,0
3.03206,0.638863,7.63052,0.00053583,4.47368,-0.171687,-0.76807,FRENET,0.565579,0.206917,0.565579,0.0240146,0.206917,0.571627,0
3.03606,0.638863,7.63052,0.00053583,4.47368,-0.171687,-0.76807,FRENET,0.565579,0.206917,0.565579,0.0240146,0.206917,0.571627,0
3.04004,0.683609,7.63056,-0.000820859,4.47546,-0.0861933,-0.385755,FRENET,0.565579,0.206917,0.565579,0.0240146,0.206917,0.571627,0
3.04406,0.683609,7.63056,-0.000820859,4.47546,-0.0861933,-0.385755,FRENET,0.565579,0.206917,0.565579,0.0240146,0.206917,0.571627,0
3.04869,0.728372,7.63065,-0.00126813,4.47717,-0.0227741,-0.101963,FRENET,0.565579,0.206917,0.565579,0.0240146,0.206917,0.571627,0
3.05206,0.728372,7.63065,-0.00126813,4.47717,-0.0227741,-0.101963,FRENET,0.565579,0.206917,0.565579,0.0240146,0.206917,0.571627,0
3.05606,0.728372,7.63065,-0.00126813,4.47717,-0.0227741,-0.101963,FRENET,0.565579,0.206917,0.565579,0.0240146,0.206917,0.571627,0
3.06018,0.773152,7.63074,-0.0013033,4.47879,0.030443,0.136348,FRENET,0.565579,0.206917,0.565579,0.0240146,0.206917,0.571627,0
3.06407,0.773152,7.63074,-0.0013033,4.47879,0.030443,0.136348,FRENET,0.565579,0.206917,0.565579,0.0240146,0.206917,0.571627,0
3.06877,0.817947,7.63087,-0.000717433,4.48033,0.0681969,0.305545,FRENET,0.565579,0.206917,0.565579,0.0240146,0.206917,0.571627,0
3.07206,0.817947,7.63087,-0.000717433,4.48033,0.0681969,0.305545,FRENET,0.565579,0.206917,0.565579,0.0240146,0.206917,0.571627,0
3.07605,0.817947,7.63087,-0.000717433,4.48033,0.0681969,0.305545,FRENET,0.565579,0.206917,0.565579,0.0240146,0.206917,0.571627,0
3.08005,0.862757,7.631,5.13161e-05,4.4818,0.101062,0.452941,FRENET,0.565579,0.206917,0.565579,0.0240146,0.206917,0.571627,0
3.08405,0.862757,7.631,5.13161e-05,4.4818,0.101062,0.452941,FRENET,0.554036,0.209031,0.554036,0,0.209031,0.638959,0
3.0887,0.907581,7.63118,0.00125993,4.48305,0.122741,0.550255,FRENET,0.554036,0.209031,0.554036,0,0.209031,0.638959,0
3.09206,0.907581,7.63118,0.00125993,4.48305,0.122741,0.550255,FRENET,0.554036,0.209031,0.554036,0,0.209031,0.638959,0
3.09605,0.907581,7.63118,0.00125993,4.48305,0.122741,0.550255,FRENET,0.554036,0.209031,0.554036,0,0.209031,0.638959,0
3.10006,0.952417,7.63137,0.00250815,4.48424,0.142942,0.640985,FRENET,0.554036,0.209031,0.554036,0,0.209031,0.638959,0
3.10408,0.952417,7.63137,0.00250815,4.48424,0.142942,0.640985,FRENET,0.554036,0.209031,0.554036,0,0.209031,0.638959,0
3.1087,0.997265,7.6316,0.00408373,4.48537,0.154652,0.693673,FRENET,0.554036,0.209031,0.554036,0,0.209031,0.638959,0
3.11208,0.997265,7.6316,0.00408373,4.48537,0.154652,0.693673,FRENET,0.554036,0.209031,0.554036,0,0.209031,0.638959,0
3.11608,0.997265,7.6316,0.00408373,4.48537,0.154652,0.693673,FRENET,0.554036,0.209031,0.554036,0,0.209031,0.638959,0
3.12007,1.04212,7.63185,0.00561041,4.48645,0.167054,0.749478,FRENET,0.554036,0.209031,0.554036,0,0.209031,0.638959,0
3.12408,1.04212,7.63185,0.00561041,4.48645,0.167054,0.749478,FRENET,0.554036,0.209031,0.554036,0,0.209031,0.638959,0
3.1287,1.08699,7.63216,0.00739549,4.48747,0.172688,0.774932,FRENET,0.554036,0.209031,0.554036,0,0.209031,0.638959,0
3.13206,1.08699,7.63216,0.00739549,4.48747,0.172688,0.774932,FRENET,0.575886,0.209031,0.575886,0.404026,0.209031,0.419676,0
3.13604,1.08699,7.63216,0.00739549,4.48747,0.172688,0.774932,FRENET,0.575886,0.209031,0.575886,0.404026,0.209031,0.419676,0
3.14005,1.13187,7.63247,0.00876112,4.48845,0.0869253,0.39016,FRENET,0.575886,0.209031,0.575886,0.404026,0.209031,0.419676,0
3.14408,1.13187,7.63247,0.00876112,4.48845,0.0869253,0.39016,FRENET,0.575886,0.209031,0.575886,0.404026,0.209031,0.419676,0
3.14869,1.17677,7.63274,0.00921565,4.49089,0.0234298,0.10522,FRENET,0.575886,0.209031,0.575886,0.404026,0.209031,0.419676,0
3.15206,1.17677,7.63274,0.00921565,4.49089,0.0234298,0.10522,FRENET,0.575886,0.209031,0.575886,0.404026,0.209031,0.419676,0
3.15606,1.17677,7.63274,0.00921565,4.49089,0.0234298,0.10522,FRENET,0.575886,0.209031,0.575886,0.404026,0.209031,0.419676,0
3.16004,1.22169,7.63301,0.00925672,4.49321,-0.0298691,-0.134208,FRENET,0.575886,0.209031,0.575886,0.404026,0.209031,0.419676,0
3.16405,1.22169,7.63301,0.00925672,4.49321,-0.0298691,-0.134208,FRENET,0.575886,0.209031,0.575886,0.404026,0.209031,0.419676,0
3.16869,1.26663,7.63323,0.00867622,4.49543,-0.0677477,-0.304555,FRENET,0.575886,0.209031,0.575886,0.404026,0.209031,0.419676,0
3.17206,1.26663,7.63323,0.00867622,4.49543,-0.0677477,-0.304555,FRENET,0.575886,0.209031,0.575886,0.404026,0.209031,0.419676,0
3.17606,1.26663,7.63323,0.00867622,4.49543,-0.0677477,-0.304555,FRENET,0.575886,0.209031,0.575886,0.404026,0.209031,0.419676,0
3.18005,1.31159,7.63345,0.00791125,4.49753,-0.100707,-0.452932,FRENET,0.575886,0.209031,0.575886,0.404026,0.209031,0.419676,0
3.18408,1.31159,7.63345,0.00791125,4.49753,-0.100707,-0.452932,FRENET,0.577053,0.209031,0.577053,0.310255,0.209031,0.464207,0
3.18869,1.35658,7.63364,0.00670598,4.49954,-0.122483,-0.551118,FRENET,0.577053,0.209031,0.577053,0.310255,0.209031,0.464207,0
3.19206,1.35658,7.63364,0.00670598,4.49954,-0.122483,-0.551118,FRENET,0.577053,0.209031,0.577053,0.310255,0.209031,0.464207,0
3.19603,1.35658,7.63364,0.00670598,4.49954,-0.122483,-0.551118,FRENET,0.577053,0.209031,0.577053,0.310255,0.209031,0.464207,0
3.20002,1.40158,7.63381,0.00545977,4.50145,-0.142739,-0.642534,FRENET,0.577053,0.209031,0.577053,0.310255,0.209031,0.464207,0
3.20407,1.40158,7.63381,0.00545977,4.50145,-0.142739,-0.642534,FRENET,0.577053,0.209031,0.577053,0.310255,0.209031,0.464207,0
3.20873,1.44661,7.63393,0.00388607,4.50328,-0.154529,-0.695885,FRENET,0.577053,0.209031,0.577053,0.310255,0.209031,0.464207,0
3.21203,1.44661,7.63393,0.00388607,4.50328,-0.154529,-0.695885,FRENET,0.577053,0.209031,0.577053,0.310255,0.209031,0.464207,0
3.21604,1.44661,7.63393,0.00388607,4.50328,-0.154529,-0.695885,FRENET,0.577053,0.209031,0.577053,0.310255,0.209031,0.464207,0
3.22002,1.49165,7.63403,0.00236019,4.50501,-0.166966,-0.752184,FRENET,0.577053,0.209031,0.577053,0.310255,0.209031,0.464207,0
3.22405,1.49165,7.63403,0.00236019,4.50501,-0.166966,-0.752184,FRENET,0.577053,0.209031,0.577053,0.310255,0.209031,0.464207,0
3.22868,1.53671,7.63408,0.000575911,4.50666,-0.17266,-0.77812,FRENET,0.577053,0.209031,0.577053,0.310255,0.209031,0.464207,0
3.23205,1.53671,7.63408,0.000575911,4.50666,-0.17266,-0.77812,FRENET,0.568675,0.209031,0.568675,0.572741,0.209031,0.255334,0
3.23603,1.53671,7.63408,0.000575911,4.50666,-0.17266,-0.77812,FRENET,0.568675,0.209031,0.568675,0.572741,0.209031,0.255334,0
3.24002,1.58178,7.63413,-0.000790503,4.50824,-0.0871267,-0.392788,FRENET,0.568675,0.209031,0.568675,0.572741,0.209031,0.255334,0
3.24404,1.58178,7.63413,-0.000790503,4.50824,-0.0871267,-0.392788,FRENET,0.568675,0.209031,0.568675,0.572741,0.209031,0.255334,0
3.24868,1.62687,7.63422,-0.00124626,4.50973,-0.0235392,-0.106155,FRENET,0.568675,0.209031,0.568675,0.572741,0.209031,0.255334,0
3.25204,1.62687,7.63422,-0.00124626,4.50973,-0.0235392,-0.106155,FRENET,0.568675,0.209031,0.568675,0.572741,0.209031,0.255334,0
3.25605,1.62687,7.63422,-0.00124626,4.50973,-0.0235392,-0.106155,FRENET,0.568675,0.209031,0.568675,0.572741,0.209031,0.255334,0
3.26015,1.67197,7.63431,-0.00128819,4.51116,0.0298779,0.134784,FRENET,0.568675,0.209031,0.568675,0.572741,0.209031,0.255334,0
3.26405,1.67197,7.63431,-0.00128819,4.51116,0.0298779,0.134784,FRENET,0.568675,0.209031,0.568675,0.572741,0.209031,0.255334,0
3.26875,1.71709,7.63444,-0.000706668,4.51252,0.0678808,0.306313,FRENET,0.568675,0.209031,0.568675,0.572741,0.209031,0.255334,0
3.27204,1.71709,7.63444,-0.000706668,4.51252,0.0678808,0.306313,FRENET,0.568675,0.209031,0.568675,0.572741,0.209031,0.255334,0
3.27604,1.71709,7.63444,-0.000706668,4.51252,0.0678808,0.306313,FRENET,0.568675,0.209031,0.568675,0.572741,0.209031,0.255334,0
3.28002,1.76222,7.63458,5.99892e-05,4.51382,0.100972,0.45577,FRENET,0.568675,0.209031,0.568675,0.572741,0.209031,0.255334,0
3.28404,1.76222,7.63458,5.99892e-05,4.51382,0.100972,0.45577,FRENET,0.571526,0.211224,0.571526,0.555553,0.211224,0.364162,0
3.28865,1.80737,7.63476,0.00126891,4.51497,0.122883,0.554811,FRENET,0.571526,0.211224,0.571526,0.555553,0.211224,0.364162,0
3.29204,1.80737,7.63476,0.00126891,4.51497,0.122883,0.554811,FRENET,0.571526,0.211224,0.571526,0.555553,0.211224,0.364162,0
3.29604,1.80737,7.63476,0.00126891,4.51497,0.122883,0.554811,FRENET,0.571526,0.211224,0.571526,0.555553,0.211224,0.364162,0
3.30002,1.85252,7.63495,0.00251945,4.51606,0.143269,0.647012,FRENET,0.571526,0.211224,0.571526,0.555553,0.211224,0.364162,0
3.30404,1.85252,7.63495,0.00251945,4.51606,0.143269,0.647012,FRENET,0.571526,0.211224,0.571526,0.555553,0.211224,0.364162,0
3.30867,1.89769,7.63518,0.00409931,4.51711,0.155169,0.700917,FRENET,0.571526,0.211224,0.571526,0.555553,0.211224,0.364162,0
3.31204,1.89769,7.63518,0.00409931,4.51711,0.155169,0.700917,FRENET,0.571526,0.211224,0.571526,0.555553,0.211224,0.364162,0
3.31604,1.89769,7.63518,0.00409931,4.51711,0.155169,0.700917,FRENET,0.571526,0.211224,0.571526,0.555553,0.211224,0.364162,0
3.32004,1.94286,7.63544,0.00563184,4.5181,0.167709,0.757726,FRENET,0.571526,0.211224,0.571526,0.555553,0.211224,0.364162,0
3.32407,1.94286,7.63544,0.00563184,4.5181,0.167709,0.757726,FRENET,0.571526,0.211224,0.571526,0.555553,0.211224,0.364162,0
3.32862,1.98805,7.63575,0.00742421,4.51905,0.173483,0.783979,FRENET,0.571526,0.211224,0.571526,0.555553,0.211224,0.364162,0
3.33204,1.98805,7.63575,0.00742421,4.51905,0.173483,0.783979,FRENET,0.571933,0.211224,0.571933,0.4098,0.211224,0.425808,0
3.33605,1.98805,7.63575,0.00742421,4.51905,0.173483,0.783979,FRENET,0.571933,0.211224,0.571933,0.4098,0.211224,0.425808,0
3.34,2.03325,7.63606,0.00879859,4.52122,0.0879272,0.397538,FRENET,0.571933,0.211224,0.571933,0.4098,0.211224,0.425808,0
3.34405,2.03325,7.63606,0.00879859,4.52122,0.0879272,0.397538,FRENET,0.571933,0.211224,0.571933,0.4098,0.211224,0.425808,0
3.34865,2.07847,7.63634,0.00926206,4.52329,0.0242333,0.109614,FRENET,0.571933,0.211224,0.571933,0.4098,0.211224,0.425808,0
3.35205,2.07847,7.63634,0.00926206,4.52329,0.0242333,0.109614,FRENET,0.571933,0.211224,0.571933,0.4098,0.211224,0.425808,0
3.35603,2.07847,7.63634,0.00926206,4.52329,0.0242333,0.109614,FRENET,0.571933,0.211224,0.571933,0.4098,0.211224,0.425808,0
3.36018,2.12371,7.6366,0.0093102,4.52526,-0.0292902,-0.132546,FRENET,0.571933,0.211224,0.571933,0.4098,0.211224,0.425808,0
3.36405,2.12371,7.6366,0.0093102,4.52526,-0.0292902,-0.132546,FRENET,0.571933,0.211224,0.571933,0.4098,0.211224,0.425808,0
3.3687,2.16897,7.63683,0.00873406,4.52714,-0.0674318,-0.305273,FRENET,0.571933,0.211224,0.571933,0.4098,0.211224,0.425808,0
3.37205,2.16897,7.63683,0.00873406,4.52714,-0.0674318,-0.305273,FRENET,0.571933,0.211224,0.571933,0.4098,0.211224,0.425808,0
3.37603,2.16897,7.63683,0.00873406,4.52714,-0.0674318,-0.305273,FRENET,0.571933,0.211224,0.571933,0.4098,0.211224,0.425808,0
3.38005,2.21425,7.63706,0.00797116,4.52893,-0.100632,-0.455753,FRENET,0.571933,0.211224,0.571933,0.4098,0.211224,0.425808,0
3.38403,2.21425,7.63706,0.00797116,4.52893,-0.100632,-0.455753,FRENET,0.564859,0.211224,0.564859,0.567622,0.211224,0.333457,0
3.38885,2.25955,7.63724,0.00676528,4.53063,-0.122655,-0.555705,FRENET,0.564859,0.211224,0.564859,0.567622,0.211224,0.333457,0
3.39207,2.25955,7.63724,0.00676528,4.53063,-0.122655,-0.555705,FRENET,0.564859,0.211224,0.564859,0.567622,0.211224,0.333457,0
3.39603,2.25955,7.63724,0.00676528,4.53063,-0.122655,-0.555705,FRENET,0.564859,0.211224,0.564859,0.567622,0.211224,0.333457,0
3.40001,2.30486,7.63741,0.00551643,4.53226,-0.143115,-0.648635,FRENET,0.564859,0.211224,0.564859,0.567622,0.211224,0.333457,0
3.40403,2.30486,7.63741,0.00551643,4.53226,-0.143115,-0.648635,FRENET,0.564859,0.211224,0.564859,0.567622,0.211224,0.333457,0
3.40867,2.35019,7.63754,0.00393785,4.5338,-0.155104,-0.70321,FRENET,0.564859,0.211224,0.564859,0.567622,0.211224,0.333457,0
3.41204,2.35019,7.63754,0.00393785,4.5338,-0.155104,-0.70321,FRENET,0.564859,0.211224,0.564859,0.567622,0.211224,0.333457,0
3.41604,2.35019,7.63754,0.00393785,4.5338,-0.155104,-0.70321,FRENET,0.564859,0.211224,0.564859,0.567622,0.211224,0.333457,0
3.42001,2.39554,7.63765,0.00240553,4.53528,-0.167692,-0.76053,FRENET,0.564859,0.211224,0.564859,0.567622,0.211224,0.333457,0
3.42403,2.39554,7.63765,0.00240553,4.53528,-0.167692,-0.76053,FRENET,0.564859,0.211224,0.564859,0.567622,0.211224,0.333457,0
3.42866,2.4409,7.6377,0.000613159,4.53668,-0.173531,-0.787256,FRENET,0.564859,0.211224,0.564859,0.567622,0.211224,0.333457,0
3.43203,2.4409,7.6377,0.000613159,4.53668,-0.173531,-0.787256,FRENET,0.563198,0.211224,0.563198,0.515133,0.211224,0.382391,0
3.43602,2.4409,7.6377,0.000613159,4.53668,-0.173531,-0.787256,FRENET,0.563198,0.211224,0.563198,0.515133,0.211224,0.382391,0
3.44002,2.48627,7.63775,-0.000761935,4.53801,-0.0879541,-0.399137,FRENET,0.563198,0.211224,0.563198,0.515133,0.211224,0.382391,0
3.44402,2.48627,7.63775,-0.000761935,4.53801,-0.0879541,-0.399137,FRENET,0.563198,0.211224,0.563198,0.515133,0.211224,0.382391,0
3.44866,2.53166,7.63784,-0.00122517,4.53929,-0.0242118,-0.109904,FRENET,0.563198,0.211224,0.563198,0.515133,0.211224,0.382391,0
3.45203,2.53166,7.63784,-0.00122517,4.53929,-0.0242118,-0.109904,FRENET,0.563198,0.211224,0.563198,0.515133,0.211224,0.382391,0
3.45604,2.53166,7.63784,-0.00122517,4.53929,-0.0242118,-0.109904,FRENET,0.563198,0.211224,0.563198,0.515133,0.211224,0.382391,0
3.46002,2.57706,7.63794,-0.00127302,4.5405,0.0293878,0.133435,FRENET,0.563198,0.211224,0.563198,0.515133,0.211224,0.382391,0
3.46403,2.57706,7.63794,-0.00127302,4.5405,0.0293878,0.133435,FRENET,0.563198,0.211224,0.563198,0.515133,0.211224,0.382391,0
3.46866,2.62247,7.63807,-0.000695211,4.54165,0.0676153,0.307085,FRENET,0.563198,0.211224,0.563198,0.515133,0.211224,0.382391,0
3.47203,2.62247,7.63807,-0.000695211,4.54165,0.0676153,0.307085,FRENET,0.563198,0.211224,0.563198,0.515133,0.211224,0.382391,0
3.47603,2.62247,7.63807,-0.000695211,4.54165,0.0676153,0.307085,FRENET,0.563198,0.211224,0.563198,0.515133,0.211224,0.382391,0
3.48001,2.66789,7.63821,6.97488e-05,4.54275,0.100912,0.458418,FRENET,0.563198,0.211224,0.563198,0.515133,0.211224,0.382391,0
3.48403,2.66789,7.63821,6.97488e-05,4.54275,0.100912,0.458418,FRENET,0.56091,0.213169,0.56091,0.577811,0.213169,0.31912,0
3.48865,2.71332,7.63839,0.00127929,4.54365,0.123046,0.559077,FRENET,0.56091,0.213169,0.56091,0.577811,0.213169,0.31912,0
3.49202,2.71332,7.63839,0.00127929,4.54365,0.123046,0.559077,FRENET,0.56091,0.213169,0.56091,0.577811,0.213169,0.31912,0
3.49603,2.71332,7.63839,0.00127929,4.54365,0.123046,0.559077,FRENET,0.56091,0.213169,0.56091,0.577811,0.213169,0.31912,0
3.50002,2.75876,7.63859,0.00253232,4.5445,0.143617,0.652667,FRENET,0.56091,0.213169,0.56091,0.577811,0.213169,0.31912,0
3.50403,2.75876,7.63859,0.00253232,4.5445,0.143617,0.652667,FRENET,0.56091,0.213169,0.56091,0.577811,0.213169,0.31912,0
3.50866,2.80422,7.63882,0.00411537,4.5464,0.155528,0.707092,FRENET,0.56091,0.213169,0.56091,0.577811,0.213169,0.31912,0
3.51203,2.80422,7.63882,0.00411537,4.5464,0.155528,0.707092,FRENET,0.56091,0.213169,0.56091,0.577811,0.213169,0.31912,0
3.51603,2.80422,7.63882,0.00411537,4.5464,0.155528,0.707092,FRENET,0.56091,0.213169,0.56091,0.577811,0.213169,0.31912,0
3.52001,2.84969,7.63908,0.00565166,4.54821,0.168041,0.764285,FRENET,0.56091,0.213169,0.56091,0.577811,0.213169,0.31912,0
3.52402,2.84969,7.63908,0.00565166,4.54821,0.168041,0.764285,FRENET,0.56091,0.213169,0.56091,0.577811,0.213169,0.31912,0
3.52865,2.89518,7.63939,0.0074472,4.54993,0.173841,0.790963,FRENET,0.56091,0.213169,0.56091,0.577811,0.213169,0.31912,0
3.53202,2.89518,7.63939,0.0074472,4.54993,0.173841,0.790963,FRENET,0.572228,0.213169,0.572228,0.577904,0.213169,0.359053,0
3.53603,2.89518,7.63939,0.0074472,4.54993,0.173841,0.790963,FRENET,0.572228,0.213169,0.572228,0.577904,0.213169,0.359053,0
3.54001,2.94068,7.63972,0.00898371,4.55157,0.134962,0.614287,FRENET,0.572228,0.213169,0.572228,0.577904,0.213169,0.359053,0
3.54403,2.94068,7.63972,0.00898371,4.55157,0.134962,0.614287,FRENET,0.572228,0.213169,0.572228,0.577904,0.213169,0.359053,0
3.54866,2.98621,7.64005,0.010015,4.55314,0.0574795,0.261712,FRENET,0.572228,0.213169,0.572228,0.577904,0.213169,0.359053,0
3.55201,2.98621,7.64005,0.010015,4.55314,0.0574795,0.261712,FRENET,0.572228,0.213169,0.572228,0.577904,0.213169,0.359053,0
3.55602,2.98621,7.64005,0.010015,4.55314,0.0574795,0.261712,FRENET,0.572228,0.213169,0.572228,0.577904,0.213169,0.359053,0
3.56,3.03174,7.64034,0.010207,4.55463,0.00016215,0.000738534,FRENET,0.572228,0.213169,0.572228,0.577904,0.213169,0.359053,0
3.56401,3.03174,7.64034,0.010207,4.55463,0.00016215,0.000738534,FRENET,0.572228,0.213169,0.572228,0.577904,0.213169,0.359053,0
3.56865,3.0773,7.64063,0.0100408,4.55604,-0.0483158,-0.220129,FRENET,0.572228,0.213169,0.572228,0.577904,0.213169,0.359053,0
3.57202,3.0773,7.64063,0.0100408,4.55604,-0.0483158,-0.220129,FRENET,0.572228,0.213169,0.572228,0.577904,0.213169,0.359053,0
3.57606,3.0773,7.64063,0.0100408,4.55604,-0.0483158,-0.220129,FRENET,0.572228,0.213169,0.572228,0.577904,0.213169,0.359053,0
3.58001,3.12286,7.64088,0.00929484,4.55739,-0.0824979,-0.375975,FRENET,0.572228,0.213169,0.572228,0.577904,0.213169,0.359053,0
3.58403,3.12286,7.64088,0.00929484,4.55739,-0.0824979,-0.375975,FRENET,0.576599,0.213169,0.576599,0.572612,0.213169,0.292269,0
3.58861,3.16844,7.64112,0.00839771,4.55868,-0.112575,-0.513193,FRENET,0.576599,0.213169,0.576599,0.572612,0.213169,0.292269,0
3.59203,3.16844,7.64112,0.00839771,4.55868,-0.112575,-0.513193,FRENET,0.576599,0.213169,0.576599,0.572612,0.213169,0.292269,0
3.59603,3.16844,7.64112,0.00839771,4.55868,-0.112575,-0.513193,FRENET,0.576599,0.213169,0.576599,0.572612,0.213169,0.292269,0
3.60002,3.21404,7.64133,0.00708489,4.55991,-0.132165,-0.602659,FRENET,0.576599,0.213169,0.576599,0.572612,0.213169,0.292269,0
3.60403,3.21404,7.64133,0.00708489,4.55991,-0.132165,-0.602659,FRENET,0.576599,0.213169,0.576599,0.572612,0.213169,0.292269,0
3.60867,3.25964,7.64152,0.00575109,4.56107,-0.15071,-0.687398,FRENET,0.576599,0.213169,0.576599,0.572612,0.213169,0.292269,0
3.61203,3.25964,7.64152,0.00575109,4.56107,-0.15071,-0.687398,FRENET,0.576599,0.213169,0.576599,0.572612,0.213169,0.292269,0
3.61602,3.25964,7.64152,0.00575109,4.56107,-0.15071,-0.687398,FRENET,0.576599,0.213169,0.576599,0.572612,0.213169,0.292269,0
3.62002,3.30526,7.64167,0.00410412,4.56219,-0.161218,-0.735507,FRENET,0.576599,0.213169,0.576599,0.572612,0.213169,0.292269,0
3.62403,3.30526,7.64167,0.00410412,4.56219,-0.161218,-0.735507,FRENET,0.576599,0.213169,0.576599,0.572612,0.213169,0.292269,0
3.62865,3.35088,7.64179,0.00251689,4.56324,-0.172641,-0.787804,FRENET,0.576599,0.213169,0.576599,0.572612,0.213169,0.292269,0
3.63203,3.35088,7.64179,0.00251689,4.56324,-0.172641,-0.787804,FRENET,0.576789,0.213169,0.576789,0.52013,0.213169,0.385758,0
3.63603,3.35088,7.64179,0.00251689,4.56324,-0.172641,-0.787804,FRENET,0.576789,0.213169,0.576789,0.52013,0.213169,0.385758,0
3.64002,3.39652,7.64186,0.000679529,4.56425,-0.177589,-0.810561,FRENET,0.576789,0.213169,0.576789,0.52013,0.213169,0.385758,0
3.64402,3.39652,7.64186,0.000679529,4.56425,-0.177589,-0.810561,FRENET,0.576789,0.213169,0.576789,0.52013,0.213169,0.385758,0
3.64865,3.44217,7.64192,-0.000890275,4.56521,-0.137903,-0.629558,FRENET,0.576789,0.213169,0.576789,0.52013,0.213169,0.385758,0
3.65204,3.44217,7.64192,-0.000890275,4.56521,-0.137903,-0.629558,FRENET,0.576789,0.213169,0.576789,0.52013,0.213169,0.385758,0
3.65602,3.44217,7.64192,-0.000890275,4.56521,-0.137903,-0.629558,FRENET,0.576789,0.213169,0.576789,0.52013,0.213169,0.385758,0
3.66,3.48782,7.64197,-0.00194722,4.56613,-0.0596389,-0.272319,FRENET,0.576789,0.213169,0.576789,0.52013,0.213169,0.385758,0
3.66403,3.48782,7.64197,-0.00194722,4.56613,-0.0596389,-0.272319,FRENET,0.576789,0.213169,0.576789,0.52013,0.213169,0.385758,0
3.66866,3.53349,7.64206,-0.00215724,4.567,-0.00169002,-0.00771833,FRENET,0.576789,0.213169,0.576789,0.52013,0.213169,0.385758,0
3.67203,3.53349,7.64206,-0.00215724,4.567,-0.00169002,-0.00771833,FRENET,0.576789,0.213169,0.576789,0.52013,0.213169,0.385758,0
3.67603,3.53349,7.64206,-0.00215724,4.567,-0.00169002,-0.00771833,FRENET,0.576789,0.213169,0.576789,0.52013,0.213169,0.385758,0
3.68002,3.57916,7.64215,-0.00200394,4.56783,0.047304,0.216077,FRENET,0.576789,0.213169,0.576789,0.52013,0.213169,0.385758,0
3.68403,3.57916,7.64215,-0.00200394,4.56783,0.047304,0.216077,FRENET,0.570693,0.21442,0.570693,0.577524,0.21442,0.31709,0
3.68867,3.62485,7.64227,-0.00126566,4.56855,0.0819066,0.374195,FRENET,0.570693,0.21442,0.570693,0.577524,0.21442,0.31709,0
3.69203,3.62485,7.64227,-0.00126566,4.56855,0.0819066,0.374195,FRENET,0.570693,0.21442,0.570693,0.577524,0.21442,0.31709,0
3.69604,3.62485,7.64227,-0.00126566,4.56855,0.0819066,0.374195,FRENET,0.570693,0.21442,0.570693,0.577524,0.21442,0.31709,0
3.70002,3.67053,7.6424,-0.000372886,4.56924,0.112328,0.513254,FRENET,0.570693,0.21442,0.570693,0.577524,0.21442,0.31709,0
3.70403,3.67053,7.6424,-0.000372886,4.56924,0.112328,0.513254,FRENET,0.570693,0.21442,0.570693,0.577524,0.21442,0.31709,0
3.70866,3.71623,7.64257,0.000939088,4.5699,0.132191,0.604098,FRENET,0.570693,0.21442,0.570693,0.577524,0.21442,0.31709,0
3.71203,3.71623,7.64257,0.000939088,4.5699,0.132191,0.604098,FRENET,0.570693,0.21442,0.570693,0.577524,0.21442,0.31709,0
3.71603,3.71623,7.64257,0.000939088,4.5699,0.132191,0.604098,FRENET,0.570693,0.21442,0.570693,0.577524,0.21442,0.31709,0
3.72001,3.76193,7.64275,0.0022741,4.57053,0.150957,0.689953,FRENET,0.570693,0.21442,0.570693,0.577524,0.21442,0.31709,0
3.72403,3.76193,7.64275,0.0022741,4.57053,0.150957,0.689953,FRENET,0.570693,0.21442,0.570693,0.577524,0.21442,0.31709,0
3.72866,3.80764,7.64298,0.00392352,4.57204,0.161489,0.738336,FRENET,0.570693,0.21442,0.570693,0.577524,0.21442,0.31709,0
3.73203,3.80764,7.64298,0.00392352,4.57204,0.161489,0.738336,FRENET,0.578259,0.21442,0.578259,0.327923,0.21442,0.456845,0
3.73602,3.80764,7.64298,0.00392352,4.57204,0.161489,0.738336,FRENET,0.578259,0.21442,0.578259,0.327923,0.21442,0.456845,0
3.74002,3.85337,7.64323,0.00551359,4.57348,0.172907,0.790788,FRENET,0.578259,0.21442,0.578259,0.327923,0.21442,0.456845,0
3.74403,3.85337,7.64323,0.00551359,4.57348,0.172907,0.790788,FRENET,0.578259,0.21442,0.578259,0.327923,0.21442,0.456845,0
3.74862,3.89911,7.64353,0.00735351,4.57486,0.17786,0.813685,FRENET,0.578259,0.21442,0.578259,0.327923,0.21442,0.456845,0
3.75203,3.89911,7.64353,0.00735351,4.57486,0.17786,0.813685,FRENET,0.578259,0.21442,0.578259,0.327923,0.21442,0.456845,0
3.75603,3.89911,7.64353,0.00735351,4.57486,0.17786,0.813685,FRENET,0.578259,0.21442,0.578259,0.327923,0.21442,0.456845,0
3.76021,3.94487,7.64385,0.00892629,4.57617,0.138219,0.632511,FRENET,0.578259,0.21442,0.578259,0.327923,0.21442,0.456845,0
3.76408,3.94487,7.64385,0.00892629,4.57617,0.138219,0.632511,FRENET,0.578259,0.21442,0.578259,0.327923,0.21442,0.456845,0
3.76877,3.99063,7.64417,0.00998663,4.57741,0.0600168,0.274722,FRENET,0.578259,0.21442,0.578259,0.327923,0.21442,0.456845,0
3.77208,3.99063,7.64417,0.00998663,4.57741,0.0600168,0.274722,FRENET,0.578259,0.21442,0.578259,0.327923,0.21442,0.456845,0
3.77606,3.99063,7.64417,0.00998663,4.57741,0.0600168,0.274722,FRENET,0.578259,0.21442,0.578259,0.327923,0.21442,0.456845,0
3.78044,4.03641,7.64445,0.0102005,4.5786,0.00205299,0.00939982,FRENET,0.578259,0.21442,0.578259,0.327923,0.21442,0.456845,0
3.78409,4.03641,7.64445,0.0102005,4.5786,0.00205299,0.00939982,FRENET,0.578158,0.21442,0.578158,0.586741,0.21442,0.29296,0
3.78882,4.0822,7.64473,0.0100506,4.57973,-0.0469731,-0.215124,FRENET,0.578158,0.21442,0.578158,0.586741,0.21442,0.29296,0
3.79214,4.0822,7.64473,0.0100506,4.57973,-0.0469731,-0.215124,FRENET,0.578158,0.21442,0.578158,0.586741,0.21442,0.29296,0
3.7961,4.0822,7.64473,0.0100506,4.57973,-0.0469731,-0.215124,FRENET,0.578158,0.21442,0.578158,0.586741,0.21442,0.29296,0
3.80008,4.128,7.64498,0.00931545,4.58081,-0.0816381,-0.373969,FRENET,0.578158,0.21442,0.578158,0.586741,0.21442,0.29296,0
3.80409,4.128,7.64498,0.00931545,4.58081,-0.0816381,-0.373969,FRENET,0.578158,0.21442,0.578158,0.586741,0.21442,0.29296,0
3.8087,4.17382,7.64522,0.00842498,4.58184,-0.112111,-0.513674,FRENET,0.578158,0.21442,0.578158,0.586741,0.21442,0.29296,0
3.81203,4.17382,7.64522,0.00842498,4.58184,-0.112111,-0.513674,FRENET,0.578158,0.21442,0.578158,0.586741,0.21442,0.29296,0
3.81607,4.17382,7.64522,0.00842498,4.58184,-0.112111,-0.513674,FRENET,0.578158,0.21442,0.578158,0.586741,0.21442,0.29296,0
3.82007,4.21964,7.64542,0.00711494,4.58281,-0.132045,-0.605136,FRENET,0.578158,0.21442,0.578158,0.586741,0.21442,0.29296,0
3.82407,4.21964,7.64542,0.00711494,4.58281,-0.132045,-0.605136,FRENET,0.578158,0.21442,0.578158,0.586741,0.21442,0.29296,0
3.82873,4.26547,7.64561,0.00578103,4.58374,-0.15086,-0.691505,FRENET,0.578158,0.21442,0.578158,0.586741,0.21442,0.29296,0
3.83206,4.26547,7.64561,0.00578103,4.58374,-0.15086,-0.691505,FRENET,0.566755,0.21442,0.566755,0.57283,0.21442,0.28334,0
3.83607,4.26547,7.64561,0.00578103,4.58374,-0.15086,-0.691505,FRENET,0.566755,0.21442,0.566755,0.57283,0.21442,0.28334,0
3.84001,4.31131,7.64575,0.00413126,4.58463,-0.161602,-0.740884,FRENET,0.566755,0.21442,0.566755,0.57283,0.21442,0.28334,0
3.84407,4.31131,7.64575,0.00413126,4.58463,-0.161602,-0.740884,FRENET,0.566755,0.21442,0.566755,0.57283,0.21442,0.28334,0
3.84866,4.35716,7.64588,0.00253938,4.58547,-0.173198,-0.794197,FRENET,0.566755,0.21442,0.566755,0.57283,0.21442,0.28334,0
3.85207,4.35716,7.64588,0.00253938,4.58547,-0.173198,-0.794197,FRENET,0.566755,0.21442,0.566755,0.57283,0.21442,0.28334,0
3.85608,4.35716,7.64588,0.00253938,4.58547,-0.173198,-0.794197,FRENET,0.566755,0.21442,0.566755,0.57283,0.21442,0.28334,0
3.86006,4.40302,7.64594,0.000695599,4.58628,-0.178295,-0.817712,FRENET,0.566755,0.21442,0.566755,0.57283,0.21442,0.28334,0
3.86406,4.40302,7.64594,0.000695599,4.58628,-0.178295,-0.817712,FRENET,0.566755,0.21442,0.566755,0.57283,0.21442,0.28334,0
3.86869,4.44889,7.64599,-0.000881547,4.58704,-0.138655,-0.636018,FRENET,0.566755,0.21442,0.566755,0.57283,0.21442,0.28334,0
3.87205,4.44889,7.64599,-0.000881547,4.58704,-0.138655,-0.636018,FRENET,0.566755,0.21442,0.566755,0.57283,0.21442,0.28334,0
3.87607,4.44889,7.64599,-0.000881547,4.58704,-0.138655,-0.636018,FRENET,0.566755,0.21442,0.566755,0.57283,0.21442,0.28334,0
3.88043,4.49476,7.64604,-0.00194584,4.58777,-0.0603313,-0.276786,FRENET,0.566755,0.21442,0.566755,0.57283,0.21442,0.28334,0
3.88407,4.49476,7.64604,-0.00194584,4.58777,-0.0603313,-0.276786,FRENET,0.579717,0.216049,0.579717,0.579673,0.216049,0.298286,0
3.88871,4.54065,7.64613,-0.00216211,4.58846,-0.00225158,-0.0103313,FRENET,0.579717,0.216049,0.579717,0.579673,0.216049,0.298286,0
3.89203,4.54065,7.64613,-0.00216211,4.58846,-0.00225158,-0.0103313,FRENET,0.579717,0.216049,0.579717,0.579673,0.216049,0.298286,0
3.89603,4.54065,7.64613,-0.00216211,4.58846,-0.00225158,-0.0103313,FRENET,0.579717,0.216049,0.579717,0.579673,0.216049,0.298286,0
3.90002,4.58653,7.64622,-0.00201377,4.58911,0.0468882,0.215175,FRENET,0.579717,0.216049,0.579717,0.579673,0.216049,0.298286,0
3.90402,4.58653,7.64622,-0.00201377,4.58911,0.0468882,0.215175,FRENET,0.579717,0.216049,0.579717,0.579673,0.216049,0.298286,0
3.90865,4.63243,7.64635,-0.00127878,4.58973,0.0816573,0.374785,FRENET,0.579717,0.216049,0.579717,0.579673,0.216049,0.298286,0
3.91203,4.63243,7.64635,-0.00127878,4.58973,0.0816573,0.374785,FRENET,0.579717,0.216049,0.579717,0.579673,0.216049,0.298286,0
3.91602,4.63243,7.64635,-0.00127878,4.58973,0.0816573,0.374785,FRENET,0.579717,0.216049,0.579717,0.579673,0.216049,0.298286,0
3.92002,4.67833,7.64648,-0.000387785,4.59032,0.112229,0.515166,FRENET,0.579717,0.216049,0.579717,0.579673,0.216049,0.298286,0
3.92403,4.67833,7.64648,-0.000387785,4.59032,0.112229,0.515166,FRENET,0.579717,0.216049,0.579717,0.579673,0.216049,0.298286,0
3.92865,4.72423,7.64664,0.000924027,4.59089,0.132249,0.607141,FRENET,0.579717,0.216049,0.579717,0.579673,0.216049,0.298286,0
3.93204,4.72423,7.64664,0.000924027,4.59089,0.132249,0.607141,FRENET,0.583324,0.216049,0.583324,0.567541,0.216049,0.350737,0
3.93604,4.72423,7.64664,0.000924027,4.59089,0.132249,0.607141,FRENET,0.583324,0.216049,0.583324,0.567541,0.216049,0.350737,0
3.94002,4.77014,7.64682,0.00226024,4.59142,0.151144,0.693965,FRENET,0.583324,0.216049,0.583324,0.567541,0.216049,0.350737,0
3.94404,4.77014,7.64682,0.00226024,4.59142,0.151144,0.693965,FRENET,0.583324,0.216049,0.583324,0.567541,0.216049,0.350737,0
3.94866,4.81606,7.64705,0.0039124,4.5927,0.161828,0.743229,FRENET,0.583324,0.216049,0.583324,0.567541,0.216049,0.350737,0
3.95203,4.81606,7.64705,0.0039124,4.5927,0.161828,0.743229,FRENET,0.583324,0.216049,0.583324,0.567541,0.216049,0.350737,0
3.95603,4.81606,7.64705,0.0039124,4.5927,0.161828,0.743229,FRENET,0.583324,0.216049,0.583324,0.567541,0.216049,0.350737,0
3.96007,4.862,7.6473,0.00550638,4.59392,0.173364,0.796422,FRENET,0.583324,0.216049,0.583324,0.567541,0.216049,0.350737,0
3.96405,4.862,7.6473,0.00550638,4.59392,0.173364,0.796422,FRENET,0.583324,0.216049,0.583324,0.567541,0.216049,0.350737,0
3.96861,4.90794,7.6476,0.00735151,4.59508,0.178427,0.819889,FRENET,0.583324,0.216049,0.583324,0.567541,0.216049,0.350737,0
3.97205,4.90794,7.6476,0.00735151,4.59508,0.178427,0.819889,FRENET,0.583324,0.216049,0.583324,0.567541,0.216049,0.350737,0
3.97604,4.90794,7.6476,0.00735151,4.59508,0.178427,0.819889,FRENET,0.583324,0.216049,0.583324,0.567541,0.216049,0.350737,0
3.98004,4.9539,7.64792,0.00893011,4.59619,0.138808,0.637986,FRENET,0.583324,0.216049,0.583324,0.567541,0.216049,0.350737,0
3.98406,4.9539,7.64792,0.00893011,4.59619,0.138808,0.637986,FRENET,0.589913,0.216049,0.589913,0.575854,0.216049,0.300357,0
3.98861,4.99986,7.64824,0.00999612,4.59724,0.0605363,0.2783,FRENET,0.589913,0.216049,0.589913,0.575854,0.216049,0.300357,0
3.99206,4.99986,7.64824,0.00999612,4.59724,0.0605363,0.2783,FRENET,0.589913,0.216049,0.589913,0.575854,0.216049,0.300357,0
3.99605,4.99986,7.64824,0.00999612,4.59724,0.0605363,0.2783,FRENET,0.589913,0.216049,0.589913,0.575854,0.216049,0.300357,0
4.00004,5.04584,7.64852,0.0102145,4.59824,0.00244707,0.0112522,FRENET,0.589913,0.216049,0.589913,0.575854,0.216049,0.300357,0
4.00405,5.04584,7.64852,0.0102145,4.59824,0.00244707,0.0112522,FRENET,0.589913,0.216049,0.589913,0.575854,0.216049,0.300357,0
4.00866,5.09182,7.6488,0.010068,4.5992,-0.0467131,-0.214843,FRENET,0.589913,0.216049,0.589913,0.575854,0.216049,0.300357,0
4.01203,5.09182,7.6488,0.010068,4.5992,-0.0467131,-0.214843,FRENET,0.589913,0.216049,0.589913,0.575854,0.216049,0.300357,0
4.01601,5.09182,7.6488,0.010068,4.5992,-0.0467131,-0.214843,FRENET,0.589913,0.216049,0.589913,0.575854,0.216049,0.300357,0
4.02,5.13782,7.64905,0.00933459,4.60011,-0.0815319,-0.375056,FRENET,0.589913,0.216049,0.589913,0.575854,0.216049,0.300357,0
4.02401,5.13782,7.64905,0.00933459,4.60011,-0.0815319,-0.375056,FRENET,0.589913,0.216049,0.589913,0.575854,0.216049,0.300357,0
4.02864,5.18383,7.64929,0.00844454,4.60097,-0.112142,-0.515963,FRENET,0.589913,0.216049,0.589913,0.575854,0.216049,0.300357,0
4.03201,5.18383,7.64929,0.00844454,4.60097,-0.112142,-0.515963,FRENET,0.598898,0.216049,0.598898,0,0.216049,0.742918,0
4.03601,5.18383,7.64929,0.00844454,4.60097,-0.112142,-0.515963,FRENET,0.598898,0.216049,0.598898,0,0.216049,0.742918,0
4.03997,5.22984,7.64949,0.00713342,4.6018,-0.132217,-0.608435,FRENET,0.598898,0.216049,0.598898,0,0.216049,0.742918,0
4.04401,5.22984,7.64949,0.00713342,4.6018,-0.132217,-0.608435,FRENET,0.598898,0.216049,0.598898,0,0.216049,0.742918,0
4.04862,5.27586,7.64968,0.00579726,4.60259,-0.151147,-0.695665,FRENET,0.598898,0.216049,0.598898,0,0.216049,0.742918,0
4.05202,5.27586,7.64968,0.00579726,4.60259,-0.151147,-0.695665,FRENET,0.598898,0.216049,0.598898,0,0.216049,0.742918,0
4.05598,5.27586,7.64968,0.00579726,4.60259,-0.151147,-0.695665,FRENET,0.598898,0.216049,0.598898,0,0.216049,0.742918,0
4.06019,5.32189,7.64983,0.00414401,4.60333,-0.162,-0.745741,FRENET,0.598898,0.216049,0.598898,0,0.216049,0.742918,0
4.06402,5.32189,7.64983,0.00414401,4.60333,-0.162,-0.745741,FRENET,0.598898,0.216049,0.598898,0,0.216049,0.742918,0
4.06879,5.36793,7.64995,0.00254776,4.60405,-0.17368,-0.799631,FRENET,0.598898,0.216049,0.598898,0,0.216049,0.742918,0
4.07202,5.36793,7.64995,0.00254776,4.60405,-0.17368,-0.799631,FRENET,0.598898,0.216049,0.598898,0,0.216049,0.742918,0
4.07602,5.36793,7.64995,0.00254776,4.60405,-0.17368,-0.799631,FRENET,0.598898,0.216049,0.598898,0,0.216049,0.742918,0
4.08,5.41397,7.65002,0.000698702,4.60473,-0.178858,-0.823593,FRENET,0.598898,0.216049,0.598898,0,0.216049,0.742918,0
4.08401,5.41397,7.65002,0.000698702,4.60473,-0.178858,-0.823593,FRENET,0.579927,0.217017,0.579927,0,0.217017,0.743999,0
4.08861,5.46002,7.65005,-0.00104314,4.6053,-0.186137,-0.857215,FRENET,0.579927,0.217017,0.579927,0,0.217017,0.743999,0
4.09201,5.46002,7.65005,-0.00104314,4.6053,-0.186137,-0.857215,FRENET,0.579927,0.217017,0.579927,0,0.217017,0.743999,0
4.09601,5.46002,7.65005,-0.00104314,4.6053,-0.186137,-0.857215,FRENET,0.579927,0.217017,0.579927,0,0.217017,0.743999,0
4.1,5.50608,7.65003,-0.00299902,4.60585,-0.187905,-0.865461,FRENET,0.579927,0.217017,0.579927,0,0.217017,0.743999,0
4.10401,5.50608,7.65003,-0.00299902,4.60585,-0.187905,-0.865461,FRENET,0.579927,0.217017,0.579927,0,0.217017,0.743999,0
4.10865,5.55214,7.64999,-0.00449957,4.60637,-0.0987214,-0.454747,FRENET,0.579927,0.217017,0.579927,0,0.217017,0.743999,0
4.11202,5.55214,7.64999,-0.00449957,4.60637,-0.0987214,-0.454747,FRENET,0.579927,0.217017,0.579927,0,0.217017,0.743999,0
4.11604,5.55214,7.64999,-0.00449957,4.60637,-0.0987214,-0.454747,FRENET,0.579927,0.217017,0.579927,0,0.217017,0.743999,0
4.12003,5.5982,7.64998,-0.00505457,4.60687,-0.0319493,-0.147186,FRENET,0.579927,0.217017,0.579927,0,0.217017,0.743999,0
4.12404,5.5982,7.64998,-0.00505457,4.60687,-0.0319493,-0.147186,FRENET,0.579927,0.217017,0.579927,0,0.217017,0.743999,0
4.12867,5.64428,7.64998,-0.00516735,4.60799,0.0240651,0.110892,FRENET,0.579927,0.217017,0.579927,0,0.217017,0.743999,0
4.13204,5.64428,7.64998,-0.00516735,4.60799,0.0240651,0.110892,FRENET,0.589477,0.217017,0.589477,0.586528,0.217017,0.270759,0
4.13604,5.64428,7.64998,-0.00516735,4.60799,0.0240651,0.110892,FRENET,0.589477,0.217017,0.589477,0.586528,0.217017,0.270759,0
4.14003,5.69036,7.65,-0.00463227,4.60907,0.0643182,0.296447,FRENET,0.589477,0.217017,0.589477,0.586528,0.217017,0.270759,0
4.14404,5.69036,7.65,-0.00463227,4.60907,0.0643182,0.296447,FRENET,0.589477,0.217017,0.589477,0.586528,0.217017,0.270759,0
4.14875,5.73646,7.65002,-0.00389209,4.61009,0.0991992,0.457317,FRENET,0.589477,0.217017,0.589477,0.586528,0.217017,0.270759,0
4.15203,5.73646,7.65002,-0.00389209,4.61009,0.0991992,0.457317,FRENET,0.589477,0.217017,0.589477,0.586528,0.217017,0.270759,0
4.15604,5.73646,7.65002,-0.00389209,4.61009,0.0991992,0.457317,FRENET,0.589477,0.217017,0.589477,0.586528,0.217017,0.270759,0
4.16016,5.78256,7.65007,-0.00269298,4.61106,0.122632,0.565465,FRENET,0.589477,0.217017,0.589477,0.586528,0.217017,0.270759,0
4.16405,5.78256,7.65007,-0.00269298,4.61106,0.122632,0.565465,FRENET,0.589477,0.217017,0.589477,0.586528,0.217017,0.270759,0
4.16874,5.82868,7.65013,-0.00143901,4.61199,0.14417,0.66491,FRENET,0.589477,0.217017,0.589477,0.586528,0.217017,0.270759,0
4.17206,5.82868,7.65013,-0.00143901,4.61199,0.14417,0.66491,FRENET,0.589477,0.217017,0.589477,0.586528,0.217017,0.270759,0
4.17605,5.82868,7.65013,-0.00143901,4.61199,0.14417,0.66491,FRENET,0.589477,0.217017,0.589477,0.586528,0.217017,0.270759,0
4.18006,5.8748,7.65023,0.000155012,4.61287,0.157054,0.72447,FRENET,0.589477,0.217017,0.589477,0.586528,0.217017,0.270759,0
4.18406,5.8748,7.65023,0.000155012,4.61287,0.157054,0.72447,FRENET,0.596707,0.217017,0.596707,0.586531,0.217017,0.230168,0
4.18867,5.92094,7.65035,0.00170996,4.61371,0.170285,0.785648,FRENET,0.596707,0.217017,0.596707,0.586531,0.217017,0.230168,0
4.19206,5.92094,7.65035,0.00170996,4.61371,0.170285,0.785648,FRENET,0.596707,0.217017,0.596707,0.586531,0.217017,0.230168,0
4.19608,5.92094,7.65035,0.00170996,4.61371,0.170285,0.785648,FRENET,0.596707,0.217017,0.596707,0.586531,0.217017,0.230168,0
4.20007,5.96708,7.65051,0.00353126,4.61451,0.176657,0.815185,FRENET,0.596707,0.217017,0.596707,0.586531,0.217017,0.230168,0
4.20406,5.96708,7.65051,0.00353126,4.61451,0.176657,0.815185,FRENET,0.596707,0.217017,0.596707,0.586531,0.217017,0.230168,0
4.20869,6.01323,7.65071,0.00525573,4.61528,0.184807,0.852936,FRENET,0.596707,0.217017,0.596707,0.586531,0.217017,0.230168,0
4.21206,6.01323,7.65071,0.00525573,4.61528,0.184807,0.852936,FRENET,0.596707,0.217017,0.596707,0.586531,0.217017,0.230168,0
4.21608,6.01323,7.65071,0.00525573,4.61528,0.184807,0.852936,FRENET,0.596707,0.217017,0.596707,0.586531,0.217017,0.230168,0
4.22007,6.05938,7.65096,0.00720173,4.616,0.187236,0.864283,FRENET,0.596707,0.217017,0.596707,0.586531,0.217017,0.230168,0
4.22408,6.05938,7.65096,0.00720173,4.616,0.187236,0.864283,FRENET,0.596707,0.217017,0.596707,0.586531,0.217017,0.230168,0
4.22868,6.10554,7.65125,0.0090161,4.61669,0.192348,0.888013,FRENET,0.596707,0.217017,0.596707,0.586531,0.217017,0.230168,0
4.2321,6.10554,7.65125,0.0090161,4.61669,0.192348,0.888013,FRENET,0.608167,0.217017,0.608167,0.326911,0.217017,0.461137,0
4.23607,6.10554,7.65125,0.0090161,4.61669,0.192348,0.888013,FRENET,0.608167,0.217017,0.608167,0.326911,0.217017,0.461137,0
4.24004,6.15171,7.6516,0.0110254,4.61735,0.192452,0.888621,FRENET,0.608167,0.217017,0.608167,0.326911,0.217017,0.461137,0
4.24407,6.15171,7.6516,0.0110254,4.61735,0.192452,0.888621,FRENET,0.608167,0.217017,0.608167,0.326911,0.217017,0.461137,0
4.24871,6.19789,7.65198,0.0125648,4.61798,0.102006,0.47106,FRENET,0.608167,0.217017,0.608167,0.326911,0.217017,0.461137,0
4.25209,6.19789,7.65198,0.0125648,4.61798,0.102006,0.47106,FRENET,0.608167,0.217017,0.608167,0.326911,0.217017,0.461137,0
4.25605,6.19789,7.65198,0.0125648,4.61798,0.102006,0.47106,FRENET,0.608167,0.217017,0.608167,0.326911,0.217017,0.461137,0
4.26021,6.24407,7.65232,0.0131474,4.61858,0.0342152,0.158026,FRENET,0.608167,0.217017,0.608167,0.326911,0.217017,0.461137,0
4.26405,6.24407,7.65232,0.0131474,4.61858,0.0342152,0.158026,FRENET,0.608167,0.217017,0.608167,0.326911,0.217017,0.461137,0
4.26877,6.29026,7.65267,0.0132787,4.61915,-0.0226341,-0.10455,FRENET,0.608167,0.217017,0.608167,0.326911,0.217017,0.461137,0
4.27204,6.29026,7.65267,0.0132787,4.61915,-0.0226341,-0.10455,FRENET,0.608167,0.217017,0.608167,0.326911,0.217017,0.461137,0
4.27607,6.29026,7.65267,0.0132787,4.61915,-0.0226341,-0.10455,FRENET,0.608167,0.217017,0.608167,0.326911,0.217017,0.461137,0
4.28004,6.33645,7.653,0.0127544,4.61969,-0.0635363,-0.293518,FRENET,0.608167,0.217017,0.608167,0.326911,0.217017,0.461137,0
4.28406,6.33645,7.653,0.0127544,4.61969,-0.0635363,-0.293518,FRENET,0.589154,0.220149,0.589154,0.583155,0.220149,0.370749,0
4.2887,6.38265,7.65333,0.0120195,4.62127,-0.0988513,-0.456819,FRENET,0.589154,0.220149,0.589154,0.583155,0.220149,0.370749,0
4.29213,6.38265,7.65333,0.0120195,4.62127,-0.0988513,-0.456819,FRENET,0.589154,0.220149,0.589154,0.583155,0.220149,0.370749,0
4.29605,6.38265,7.65333,0.0120195,4.62127,-0.0988513,-0.456819,FRENET,0.589154,0.220149,0.589154,0.583155,0.220149,0.370749,0
4.30004,6.42887,7.65363,0.0108223,4.62278,-0.122623,-0.566858,FRENET,0.589154,0.220149,0.589154,0.583155,0.220149,0.370749,0
4.30404,6.42887,7.65363,0.0108223,4.62278,-0.122623,-0.566858,FRENET,0.589154,0.220149,0.589154,0.583155,0.220149,0.370749,0
4.30869,6.47511,7.65392,0.00956705,4.62421,-0.144383,-0.667656,FRENET,0.589154,0.220149,0.589154,0.583155,0.220149,0.370749,0
4.31208,6.47511,7.65392,0.00956705,4.62421,-0.144383,-0.667656,FRENET,0.589154,0.220149,0.589154,0.583155,0.220149,0.370749,0
4.31603,6.47511,7.65392,0.00956705,4.62421,-0.144383,-0.667656,FRENET,0.589154,0.220149,0.589154,0.583155,0.220149,0.370749,0
4.32003,6.52136,7.65418,0.00797017,4.62558,-0.157438,-0.728241,FRENET,0.589154,0.220149,0.589154,0.583155,0.220149,0.370749,0
4.32405,6.52136,7.65418,0.00797017,4.62558,-0.157438,-0.728241,FRENET,0.589154,0.220149,0.589154,0.583155,0.220149,0.370749,0
4.32866,6.56762,7.65442,0.0064107,4.62688,-0.170762,-0.790094,FRENET,0.589154,0.220149,0.589154,0.583155,0.220149,0.370749,0
4.33205,6.56762,7.65442,0.0064107,4.62688,-0.170762,-0.790094,FRENET,0.595261,0.220149,0.595261,0.112196,0.220149,0.547819,0
4.33605,6.56762,7.65442,0.0064107,4.62688,-0.170762,-0.790094,FRENET,0.595261,0.220149,0.595261,0.112196,0.220149,0.547819,0
4.34004,6.61389,7.65462,0.00458441,4.62812,-0.177205,-0.820126,FRENET,0.595261,0.220149,0.595261,0.112196,0.220149,0.547819,0
4.34404,6.61389,7.65462,0.00458441,4.62812,-0.177205,-0.820126,FRENET,0.595261,0.220149,0.595261,0.112196,0.220149,0.547819,0
4.34869,6.66018,7.6548,0.00301282,4.63007,-0.138561,-0.641545,FRENET,0.595261,0.220149,0.595261,0.112196,0.220149,0.547819,0
4.35204,6.66018,7.6548,0.00301282,4.63007,-0.138561,-0.641545,FRENET,0.595261,0.220149,0.595261,0.112196,0.220149,0.547819,0
4.35604,6.66018,7.6548,0.00301282,4.63007,-0.138561,-0.641545,FRENET,0.595261,0.220149,0.595261,0.112196,0.220149,0.547819,0
4.36017,6.70649,7.65499,0.00194538,4.63192,-0.061063,-0.282839,FRENET,0.595261,0.220149,0.595261,0.112196,0.220149,0.547819,0
4.36405,6.70649,7.65499,0.00194538,4.63192,-0.061063,-0.282839,FRENET,0.595261,0.220149,0.595261,0.112196,0.220149,0.547819,0
4.36872,6.75282,7.65522,0.00171925,4.63369,-0.00335818,-0.0155607,FRENET,0.595261,0.220149,0.595261,0.112196,0.220149,0.547819,0
4.37204,6.75282,7.65522,0.00171925,4.63369,-0.00335818,-0.0155607,FRENET,0.595261,0.220149,0.595261,0.112196,0.220149,0.547819,0
4.37604,6.75282,7.65522,0.00171925,4.63369,-0.00335818,-0.0155607,FRENET,0.595261,0.220149,0.595261,0.112196,0.220149,0.547819,0
4.38004,6.79916,7.65545,0.00185582,4.63537,0.0455988,0.211367,FRENET,0.595261,0.220149,0.595261,0.112196,0.220149,0.547819,0
4.38404,6.79916,7.65545,0.00185582,4.63537,0.0455988,0.211367,FRENET,0.596038,0.220149,0.596038,0.588447,0.220149,0.178416,0
4.3887,6.84552,7.65573,0.00257767,4.63697,0.0804137,0.372876,FRENET,0.596038,0.220149,0.596038,0.588447,0.220149,0.178416,0
4.39208,6.84552,7.65573,0.00257767,4.63697,0.0804137,0.372876,FRENET,0.596038,0.220149,0.596038,0.588447,0.220149,0.178416,0
4.39605,6.84552,7.65573,0.00257767,4.63697,0.0804137,0.372876,FRENET,0.596038,0.220149,0.596038,0.588447,0.220149,0.178416,0
4.40004,6.8919,7.65601,0.00345694,4.63849,0.111067,0.515184,FRENET,0.596038,0.220149,0.596038,0.588447,0.220149,0.178416,0
4.40403,6.8919,7.65601,0.00345694,4.63849,0.111067,0.515184,FRENET,0.596038,0.220149,0.596038,0.588447,0.220149,0.178416,0
4.40868,6.93829,7.65633,0.00475778,4.63995,0.131289,0.609174,FRENET,0.596038,0.220149,0.596038,0.588447,0.220149,0.178416,0
4.41205,6.93829,7.65633,0.00475778,4.63995,0.131289,0.609174,FRENET,0.596038,0.220149,0.596038,0.588447,0.220149,0.178416,0
4.41605,6.93829,7.65633,0.00475778,4.63995,0.131289,0.609174,FRENET,0.596038,0.220149,0.596038,0.588447,0.220149,0.178416,0
4.4201,6.9847,7.65667,0.00608553,4.64133,0.150348,0.697816,FRENET,0.596038,0.220149,0.596038,0.588447,0.220149,0.178416,0
4.4241,6.9847,7.65667,0.00608553,4.64133,0.150348,0.697816,FRENET,0.596038,0.220149,0.596038,0.588447,0.220149,0.178416,0
4.42868,7.03112,7.65706,0.00773153,4.64265,0.161391,0.749281,FRENET,0.596038,0.220149,0.596038,0.588447,0.220149,0.178416,0
4.43207,7.03112,7.65706,0.00773153,4.64265,0.161391,0.749281,FRENET,0.602233,0.220149,0.602233,0.609717,0.220149,0.304094,0
4.43607,7.03112,7.65706,0.00773153,4.64265,0.161391,0.749281,FRENET,0.602233,0.220149,0.602233,0.609717,0.220149,0.304094,0
4.44005,7.07755,7.65747,0.00932261,4.64391,0.173213,0.804384,FRENET,0.602233,0.220149,0.602233,0.609717,0.220149,0.304094,0
4.44406,7.07755,7.65747,0.00932261,4.64391,0.173213,0.804384,FRENET,0.602233,0.220149,0.602233,0.609717,0.220149,0.304094,0
4.44869,7.12399,7.65793,0.0111677,4.6451,0.178574,0.829494,FRENET,0.602233,0.220149,0.602233,0.609717,0.220149,0.304094,0
4.45207,7.12399,7.65793,0.0111677,4.6451,0.178574,0.829494,FRENET,0.602233,0.220149,0.602233,0.609717,0.220149,0.304094,0
4.45606,7.12399,7.65793,0.0111677,4.6451,0.178574,0.829494,FRENET,0.602233,0.220149,0.602233,0.609717,0.220149,0.304094,0
4.46005,7.17044,7.65843,0.0129075,4.64624,0.185959,0.86401,FRENET,0.602233,0.220149,0.602233,0.609717,0.220149,0.304094,0
4.46407,7.17044,7.65843,0.0129075,4.64624,0.185959,0.86401,FRENET,0.602233,0.220149,0.602233,0.609717,0.220149,0.304094,0
4.46869,7.21691,7.659,0.0148621,4.64733,0.187874,0.873109,FRENET,0.602233,0.220149,0.602233,0.609717,0.220149,0.304094,0
4.47207,7.21691,7.659,0.0148621,4.64733,0.187874,0.873109,FRENET,0.602233,0.220149,0.602233,0.609717,0.220149,0.304094,0
4.47607,7.21691,7.659,0.0148621,4.64733,0.187874,0.873109,FRENET,0.602233,0.220149,0.602233,0.609717,0.220149,0.304094,0
4.48047,7.26338,7.65959,0.0165223,4.64836,0.145761,0.67755,FRENET,0.602233,0.220149,0.602233,0.609717,0.220149,0.304094,0
4.48408,7.26338,7.65959,0.0165223,4.64836,0.145761,0.67755,FRENET,0.60847,0.220287,0.60847,0.0593324,0.220287,0.575662,0
4.48867,7.30986,7.66019,0.0176474,4.64893,0.0654277,0.304169,FRENET,0.60847,0.220287,0.60847,0.0593324,0.220287,0.575662,0
4.49206,7.30986,7.66019,0.0176474,4.64893,0.0654277,0.304169,FRENET,0.60847,0.220287,0.60847,0.0593324,0.220287,0.575662,0
4.49606,7.30986,7.66019,0.0176474,4.64893,0.0654277,0.304169,FRENET,0.60847,0.220287,0.60847,0.0593324,0.220287,0.575662,0
4.50005,7.35635,7.66076,0.0179056,4.64948,0.00560099,0.0260417,FRENET,0.60847,0.220287,0.60847,0.0593324,0.220287,0.575662,0
4.50407,7.35635,7.66076,0.0179056,4.64948,0.00560099,0.0260417,FRENET,0.60847,0.220287,0.60847,0.0593324,0.220287,0.575662,0
4.50879,7.40285,7.66134,0.0177835,4.65,-0.0449522,-0.209028,FRENET,0.60847,0.220287,0.60847,0.0593324,0.220287,0.575662,0
4.51204,7.40285,7.66134,0.0177835,4.65,-0.0449522,-0.209028,FRENET,0.60847,0.220287,0.60847,0.0593324,0.220287,0.575662,0
4.51602,7.40285,7.66134,0.0177835,4.65,-0.0449522,-0.209028,FRENET,0.60847,0.220287,0.60847,0.0593324,0.220287,0.575662,0
4.52003,7.44935,7.66189,0.0170616,4.65049,-0.0809306,-0.376367,FRENET,0.60847,0.220287,0.60847,0.0593324,0.220287,0.575662,0
4.52404,7.44935,7.66189,0.0170616,4.65049,-0.0809306,-0.376367,FRENET,0.60847,0.220287,0.60847,0.0593324,0.220287,0.575662,0
4.52869,7.49585,7.66244,0.016173,4.65096,-0.112438,-0.522946,FRENET,0.60847,0.220287,0.60847,0.0593324,0.220287,0.575662,0
4.53204,7.49585,7.66244,0.016173,4.65096,-0.112438,-0.522946,FRENET,0.602609,0.220287,0.602609,0.0458767,0.220287,0.589879,0
4.53601,7.49585,7.66244,0.016173,4.65096,-0.112438,-0.522946,FRENET,0.602609,0.220287,0.602609,0.0458767,0.220287,0.589879,0
4.54003,7.54236,7.66296,0.014855,4.65141,-0.133251,-0.619805,FRENET,0.602609,0.220287,0.602609,0.0458767,0.220287,0.589879,0
4.54404,7.54236,7.66296,0.014855,4.65141,-0.133251,-0.619805,FRENET,0.602609,0.220287,0.602609,0.0458767,0.220287,0.589879,0
4.54867,7.58887,7.66347,0.0135058,4.65184,-0.152722,-0.710438,FRENET,0.602609,0.220287,0.602609,0.0458767,0.220287,0.589879,0
4.55204,7.58887,7.66347,0.0135058,4.65184,-0.152722,-0.710438,FRENET,0.602609,0.220287,0.602609,0.0458767,0.220287,0.589879,0
4.55604,7.58887,7.66347,0.0135058,4.65184,-0.152722,-0.710438,FRENET,0.602609,0.220287,0.602609,0.0458767,0.220287,0.589879,0
4.56003,7.63539,7.66394,0.011835,4.65289,-0.163926,-0.762729,FRENET,0.602609,0.220287,0.602609,0.0458767,0.220287,0.589879,0
4.56405,7.63539,7.66394,0.011835,4.65289,-0.163926,-0.762729,FRENET,0.602609,0.220287,0.602609,0.0458767,0.220287,0.589879,0
4.56867,7.68193,7.66439,0.0102183,4.6539,-0.175808,-0.818191,FRENET,0.602609,0.220287,0.602609,0.0458767,0.220287,0.589879,0
4.57205,7.68193,7.66439,0.0102183,4.6539,-0.175808,-0.818191,FRENET,0.602609,0.220287,0.602609,0.0458767,0.220287,0.589879,0
4.57604,7.68193,7.66439,0.0102183,4.6539,-0.175808,-0.818191,FRENET,0.602609,0.220287,0.602609,0.0458767,0.220287,0.589879,0
4.58002,7.72847,7.66479,0.00834716,4.65485,-0.18116,-0.843271,FRENET,0.602609,0.220287,0.602609,0.0458767,0.220287,0.589879,0
4.58404,7.72847,7.66479,0.00834716,4.65485,-0.18116,-0.843271,FRENET,0.597539,0.220287,0.597539,0.618766,0.220287,0.337961,0
4.58868,7.77502,7.66516,0.00658191,4.65576,-0.188482,-0.877526,FRENET,0.597539,0.220287,0.597539,0.618766,0.220287,0.337961,0
4.59206,7.77502,7.66516,0.00658191,4.65576,-0.188482,-0.877526,FRENET,0.597539,0.220287,0.597539,0.618766,0.220287,0.337961,0
4.59606,7.77502,7.66516,0.00658191,4.65576,-0.188482,-0.877526,FRENET,0.597539,0.220287,0.597539,0.618766,0.220287,0.337961,0
4.60005,7.82158,7.66547,0.00460241,4.65662,-0.190301,-0.886162,FRENET,0.597539,0.220287,0.597539,0.618766,0.220287,0.337961,0
4.60405,7.82158,7.66547,0.00460241,4.65662,-0.190301,-0.886162,FRENET,0.597539,0.220287,0.597539,0.618766,0.220287,0.337961,0
4.60945,7.86815,7.66574,0.00275996,4.65745,-0.194908,-0.907772,FRENET,0.597539,0.220287,0.597539,0.618766,0.220287,0.337961,0
4.61207,7.86815,7.66574,0.00275996,4.65745,-0.194908,-0.907772,FRENET,0.597539,0.220287,0.597539,0.618766,0.220287,0.337961,0
4.61607,7.86815,7.66574,0.00275996,4.65745,-0.194908,-0.907772,FRENET,0.597539,0.220287,0.597539,0.618766,0.220287,0.337961,0
4.62,7.91473,7.66595,0.000727002,4.65823,-0.194655,-0.90675,FRENET,0.597539,0.220287,0.597539,0.618766,0.220287,0.337961,0
4.62402,7.91473,7.66595,0.000727002,4.65823,-0.194655,-0.90675,FRENET,0.597539,0.220287,0.597539,0.618766,0.220287,0.337961,0
4.62862,7.96131,7.66613,-0.000832895,4.65898,-0.103887,-0.484009,FRENET,0.597539,0.220287,0.597539,0.618766,0.220287,0.337961,0
4.63201,7.96131,7.66613,-0.000832895,4.65898,-0.103887,-0.484009,FRENET,0.596311,0.220287,0.596311,0.168461,0.220287,0.536226,0
4.63601,7.96131,7.66613,-0.000832895,4.65898,-0.103887,-0.484009,FRENET,0.596311,0.220287,0.596311,0.168461,0.220287,0.536226,0
4.64043,8.00791,7.66634,-0.00143224,4.6597,-0.0356675,-0.1662,FRENET,0.596311,0.220287,0.596311,0.168461,0.220287,0.536226,0
4.64405,8.00791,7.66634,-0.00143224,4.6597,-0.0356675,-0.1662,FRENET,0.596311,0.220287,0.596311,0.168461,0.220287,0.536226,0
4.64873,8.05451,7.66655,-0.00157596,4.66037,0.0215945,0.100638,FRENET,0.596311,0.220287,0.596311,0.168461,0.220287,0.536226,0
4.65206,8.05451,7.66655,-0.00157596,4.66037,0.0215945,0.100638,FRENET,0.596311,0.220287,0.596311,0.168461,0.220287,0.536226,0
4.65599,8.05451,7.66655,-0.00157596,4.66037,0.0215945,0.100638,FRENET,0.596311,0.220287,0.596311,0.168461,0.220287,0.536226,0
4.65998,8.10111,7.66678,-0.00105984,4.66102,0.0629365,0.293348,FRENET,0.596311,0.220287,0.596311,0.168461,0.220287,0.536226,0
4.66399,8.10111,7.66678,-0.00105984,4.66102,0.0629365,0.293348,FRENET,0.596311,0.220287,0.596311,0.168461,0.220287,0.536226,0
4.66865,8.14773,7.667,-0.000329097,4.66164,0.0986957,0.460083,FRENET,0.596311,0.220287,0.596311,0.168461,0.220287,0.536226,0
4.67204,8.14773,7.667,-0.000329097,4.66164,0.0986957,0.460083,FRENET,0.596311,0.220287,0.596311,0.168461,0.220287,0.536226,0
4.67604,8.14773,7.667,-0.000329097,4.66164,0.0986957,0.460083,FRENET,0.596311,0.220287,0.596311,0.168461,0.220287,0.536226,0
4.68003,8.19434,7.66725,0.000869026,4.66222,0.122884,0.572913,FRENET,0.596311,0.220287,0.596311,0.168461,0.220287,0.536226,0
4.68404,8.19434,7.66725,0.000869026,4.66222,0.122884,0.572913,FRENET,0.600869,0.222279,0.600869,0.585224,0.222279,0.182939,0
4.68867,8.24097,7.66751,0.0021284,4.66272,0.14501,0.67614,FRENET,0.600869,0.222279,0.600869,0.585224,0.222279,0.182939,0
4.69205,8.24097,7.66751,0.0021284,4.66272,0.14501,0.67614,FRENET,0.600869,0.222279,0.600869,0.585224,0.222279,0.182939,0
4.69604,8.24097,7.66751,0.0021284,4.66272,0.14501,0.67614,FRENET,0.600869,0.222279,0.600869,0.585224,0.222279,0.182939,0
4.70002,8.2876,7.6678,0.00373356,4.6632,0.158394,0.738623,FRENET,0.600869,0.222279,0.600869,0.585224,0.222279,0.182939,0
4.70403,8.2876,7.6678,0.00373356,4.6632,0.158394,0.738623,FRENET,0.600869,0.222279,0.600869,0.585224,0.222279,0.182939,0
4.70935,8.33423,7.66811,0.00530365,4.66365,0.171987,0.802088,FRENET,0.600869,0.222279,0.600869,0.585224,0.222279,0.182939,0
4.71207,8.33423,7.66811,0.00530365,4.66365,0.171987,0.802088,FRENET,0.600869,0.222279,0.600869,0.585224,0.222279,0.182939,0
4.71602,8.33423,7.66811,0.00530365,4.66365,0.171987,0.802088,FRENET,0.600869,0.222279,0.600869,0.585224,0.222279,0.182939,0
4.72001,8.38087,7.66846,0.0071437,4.66409,0.178665,0.833307,FRENET,0.600869,0.222279,0.600869,0.585224,0.222279,0.182939,0
4.72402,8.38087,7.66846,0.0071437,4.66409,0.178665,0.833307,FRENET,0.600869,0.222279,0.600869,0.585224,0.222279,0.182939,0
4.72866,8.42751,7.66884,0.00888916,4.6645,0.187013,0.87232,FRENET,0.600869,0.222279,0.600869,0.585224,0.222279,0.182939,0
4.73203,8.42751,7.66884,0.00888916,4.6645,0.187013,0.87232,FRENET,0.604515,0.222279,0.604515,0.286309,0.222279,0.486386,0
4.73603,8.42751,7.66884,0.00888916,4.6645,0.187013,0.87232,FRENET,0.604515,0.222279,0.604515,0.286309,0.222279,0.486386,0
4.74072,8.47416,7.66928,0.0108575,4.66533,0.189509,0.884123,FRENET,0.604515,0.222279,0.604515,0.286309,0.222279,0.486386,0
4.74405,8.47416,7.66928,0.0108575,4.66533,0.189509,0.884123,FRENET,0.604515,0.222279,0.604515,0.286309,0.222279,0.486386,0
4.74878,8.52081,7.66973,0.0123768,4.66613,0.100813,0.470407,FRENET,0.604515,0.222279,0.604515,0.286309,0.222279,0.486386,0
4.75204,8.52081,7.66973,0.0123768,4.66613,0.100813,0.470407,FRENET,0.604515,0.222279,0.604515,0.286309,0.222279,0.486386,0
4.75602,8.52081,7.66973,0.0123768,4.66613,0.100813,0.470407,FRENET,0.604515,0.222279,0.604515,0.286309,0.222279,0.486386,0
4.76001,8.56747,7.67014,0.0129534,4.66689,0.0340996,0.159139,FRENET,0.604515,0.222279,0.604515,0.286309,0.222279,0.486386,0
4.76402,8.56747,7.67014,0.0129534,4.66689,0.0340996,0.159139,FRENET,0.604515,0.222279,0.604515,0.286309,0.222279,0.486386,0
4.76866,8.61415,7.67054,0.0130872,4.66761,-0.0220774,-0.103049,FRENET,0.604515,0.222279,0.604515,0.286309,0.222279,0.486386,0
4.77202,8.61415,7.67054,0.0130872,4.66761,-0.0220774,-0.103049,FRENET,0.604515,0.222279,0.604515,0.286309,0.222279,0.486386,0
4.77602,8.61415,7.67054,0.0130872,4.66761,-0.0220774,-0.103049,FRENET,0.604515,0.222279,0.604515,0.286309,0.222279,0.486386,0
4.78001,8.66082,7.67092,0.0125702,4.6683,-0.0626687,-0.292556,FRENET,0.604515,0.222279,0.604515,0.286309,0.222279,0.486386,0
4.78401,8.66082,7.67092,0.0125702,4.6683,-0.0626687,-0.292556,FRENET,0.605692,0.222279,0.605692,0.620671,0.222279,0.27334,0
4.78866,8.70751,7.67129,0.0118449,4.66895,-0.0979172,-0.457171,FRENET,0.605692,0.222279,0.605692,0.620671,0.222279,0.27334,0
4.79204,8.70751,7.67129,0.0118449,4.66895,-0.0979172,-0.457171,FRENET,0.605692,0.222279,0.605692,0.620671,0.222279,0.27334,0
4.79601,8.70751,7.67129,0.0118449,4.66895,-0.0979172,-0.457171,FRENET,0.605692,0.222279,0.605692,0.620671,0.222279,0.27334,0
4.8,8.7542,7.67163,0.0106563,4.66958,-0.121788,-0.568697,FRENET,0.605692,0.222279,0.605692,0.620671,0.222279,0.27334,0
4.80401,8.7542,7.67163,0.0106563,4.66958,-0.121788,-0.568697,FRENET,0.605692,0.222279,0.605692,0.620671,0.222279,0.27334,0
4.80946,8.8009,7.67196,0.00940889,4.67017,-0.143719,-0.67119,FRENET,0.605692,0.222279,0.605692,0.620671,0.222279,0.27334,0
4.81201,8.8009,7.67196,0.00940889,4.67017,-0.143719,-0.67119,FRENET,0.605692,0.222279,0.605692,0.620671,0.222279,0.27334,0
4.81602,8.8009,7.67196,0.00940889,4.67017,-0.143719,-0.67119,FRENET,0.605692,0.222279,0.605692,0.620671,0.222279,0.27334,0
4.82,8.8476,7.67225,0.00781718,4.67074,-0.157017,-0.733385,FRENET,0.605692,0.222279,0.605692,0.620671,0.222279,0.27334,0
4.82402,8.8476,7.67225,0.00781718,4.67074,-0.157017,-0.733385,FRENET,0.605692,0.222279,0.605692,0.620671,0.222279,0.27334,0
4.82866,8.89431,7.67252,0.00626099,4.67128,-0.170587,-0.796861,FRENET,0.605692,0.222279,0.605692,0.620671,0.222279,0.27334,0
4.83201,8.89431,7.67252,0.00626099,4.67128,-0.170587,-0.796861,FRENET,0.614259,0.222279,0.614259,0.619671,0.222279,0.278792,0
4.83601,8.89431,7.67252,0.00626099,4.67128,-0.170587,-0.796861,FRENET,0.614259,0.222279,0.614259,0.619671,0.222279,0.278792,0
4.84,8.94102,7.67274,0.00443481,4.67179,-0.177301,-0.828315,FRENET,0.614259,0.222279,0.614259,0.619671,0.222279,0.278792,0
4.84401,8.94102,7.67274,0.00443481,4.67179,-0.177301,-0.828315,FRENET,0.614259,0.222279,0.614259,0.619671,0.222279,0.278792,0
4.84865,8.98774,7.67293,0.00270267,4.67228,-0.185711,-0.867693,FRENET,0.614259,0.222279,0.614259,0.619671,0.222279,0.278792,0
4.85201,8.98774,7.67293,0.00270267,4.67228,-0.185711,-0.867693,FRENET,0.614259,0.222279,0.614259,0.619671,0.222279,0.278792,0
4.85601,8.98774,7.67293,0.00270267,4.67228,-0.185711,-0.867693,FRENET,0.614259,0.222279,0.614259,0.619671,0.222279,0.278792,0
4.86,9.03447,7.67305,0.000746213,4.67275,-0.1884,-0.880347,FRENET,0.614259,0.222279,0.614259,0.619671,0.222279,0.278792,0
4.86401,9.03447,7.67305,0.000746213,4.67275,-0.1884,-0.880347,FRENET,0.614259,0.222279,0.614259,0.619671,0.222279,0.278792,0
4.86867,9.0812,7.67317,-0.000762295,4.67319,-0.0997369,-0.466089,FRENET,0.614259,0.222279,0.614259,0.619671,0.222279,0.278792,0
4.87201,9.0812,7.67317,-0.000762295,4.67319,-0.0997369,-0.466089,FRENET,0.614259,0.222279,0.614259,0.619671,0.222279,0.278792,0
4.87601,9.0812,7.67317,-0.000762295,4.67319,-0.0997369,-0.466089,FRENET,0.614259,0.222279,0.614259,0.619671,0.222279,0.278792,0
4.88,9.12793,7.67332,-0.00132816,4.67361,-0.0330628,-0.154523,FRENET,0.614259,0.222279,0.614259,0.619671,0.222279,0.278792,0
4.88406,9.12793,7.67332,-0.00132816,4.67361,-0.0330628,-0.154523,FRENET,0.613616,0.226731,0.613616,0.534763,0.226731,0.393266,0
4.88865,9.17467,7.67348,-0.00145187,4.67394,0.0230815,0.107882,FRENET,0.613616,0.226731,0.613616,0.534763,0.226731,0.393266,0
4.89206,9.17467,7.67348,-0.00145187,4.67394,0.0230815,0.107882,FRENET,0.613616,0.226731,0.613616,0.534763,0.226731,0.393266,0
4.89606,9.17467,7.67348,-0.00145187,4.67394,0.0230815,0.107882,FRENET,0.613616,0.226731,0.613616,0.534763,0.226731,0.393266,0
4.90004,9.22141,7.67366,-0.000924926,4.67425,0.0636364,0.297452,FRENET,0.613616,0.226731,0.613616,0.534763,0.226731,0.393266,0
4.90406,9.22141,7.67366,-0.000924926,4.67425,0.0636364,0.297452,FRENET,0.613616,0.226731,0.613616,0.534763,0.226731,0.393266,0
4.90867,9.26815,7.67384,-0.000190196,4.67455,0.0988534,0.462095,FRENET,0.613616,0.226731,0.613616,0.534763,0.226731,0.393266,0
4.91206,9.26815,7.67384,-0.000190196,4.67455,0.0988534,0.462095,FRENET,0.613616,0.226731,0.613616,0.534763,0.226731,0.393266,0
4.91606,9.26815,7.67384,-0.000190196,4.67455,0.0988534,0.462095,FRENET,0.613616,0.226731,0.613616,0.534763,0.226731,0.393266,0
4.92005,9.3149,7.67406,0.00100772,4.67483,0.12269,0.573556,FRENET,0.613616,0.226731,0.613616,0.534763,0.226731,0.393266,0
4.92406,9.3149,7.67406,0.00100772,4.67483,0.12269,0.573556,FRENET,0.613616,0.226731,0.613616,0.534763,0.226731,0.393266,0
4.92869,9.36165,7.67429,0.00226385,4.6751,0.144592,0.675984,FRENET,0.613616,0.226731,0.613616,0.534763,0.226731,0.393266,0
4.93206,9.36165,7.67429,0.00226385,4.6751,0.144592,0.675984,FRENET,0.606694,0.226731,0.606694,0.6124,0.226731,0.278792,0
4.93606,9.36165,7.67429,0.00226385,4.6751,0.144592,0.675984,FRENET,0.606694,0.226731,0.606694,0.6124,0.226731,0.278792,0
4.94004,9.4084,7.67455,0.00386426,4.67536,0.15786,0.738052,FRENET,0.606694,0.226731,0.606694,0.6124,0.226731,0.278792,0
4.94406,9.4084,7.67455,0.00386426,4.67536,0.15786,0.738052,FRENET,0.606694,0.226731,0.606694,0.6124,0.226731,0.278792,0
4.94865,9.45516,7.67484,0.00542845,4.67592,0.171344,0.801192,FRENET,0.606694,0.226731,0.606694,0.6124,0.226731,0.278792,0
4.95206,9.45516,7.67484,0.00542845,4.67592,0.171344,0.801192,FRENET,0.606694,0.226731,0.606694,0.6124,0.226731,0.278792,0
4.95602,9.45516,7.67484,0.00542845,4.67592,0.171344,0.801192,FRENET,0.606694,0.226731,0.606694,0.6124,0.226731,0.278792,0
4.96004,9.50192,7.67517,0.00726181,4.67646,0.177986,0.832343,FRENET,0.606694,0.226731,0.606694,0.6124,0.226731,0.278792,0
4.96406,9.50192,7.67517,0.00726181,4.67646,0.177986,0.832343,FRENET,0.606694,0.226731,0.606694,0.6124,0.226731,0.278792,0
4.96865,9.54868,7.67553,0.00900046,4.67697,0.186327,0.871444,FRENET,0.606694,0.226731,0.606694,0.6124,0.226731,0.278792,0
4.97207,9.54868,7.67553,0.00900046,4.67697,0.186327,0.871444,FRENET,0.606694,0.226731,0.606694,0.6124,0.226731,0.278792,0
4.97605,9.54868,7.67553,0.00900046,4.67697,0.186327,0.871444,FRENET,0.606694,0.226731,0.606694,0.6124,0.226731,0.278792,0
4.98004,9.59545,7.67595,0.0109628,4.67745,0.18896,0.883849,FRENET,0.606694,0.226731,0.606694,0.6124,0.226731,0.278792,0
4.98405,9.59545,7.67595,0.0109628,4.67745,0.18896,0.883849,FRENET,0.602301,0.226731,0.602301,0.541175,0.226731,0.395638,0
4.98865,9.64223,7.67639,0.0124766,4.67792,0.100242,0.468924,FRENET,0.602301,0.226731,0.602301,0.541175,0.226731,0.395638,0
4.99206,9.64223,7.67639,0.0124766,4.67792,0.100242,0.468924,FRENET,0.602301,0.226731,0.602301,0.541175,0.226731,0.395638,0
4.99605,9.64223,7.67639,0.0124766,4.67792,0.100242,0.468924,FRENET,0.602301,0.226731,0.602301,0.541175,0.226731,0.395638,0
5,9.68901,7.67679,0.0130472,4.67836,0.0334992,0.156721,FRENET,0.602301,0.226731,0.602301,0.541175,0.226731,0.395638,0
5.00402,9.68901,7.67679,0.0130472,4.67836,0.0334992,0.156721,FRENET,0.602301,0.226731,0.602301,0.541175,0.226731,0.395638,0
5.00872,9.73579,7.67718,0.0131749,4.67878,-0.0227077,-0.106244,FRENET,0.602301,0.226731,0.602301,0.541175,0.226731,0.395638,0
5.01205,9.73579,7.67718,0.0131749,4.67878,-0.0227077,-0.106244,FRENET,0.602301,0.226731,0.602301,0.541175,0.226731,0.395638,0
5.01605,9.73579,7.67718,0.0131749,4.67878,-0.0227077,-0.106244,FRENET,0.602301,0.226731,0.602301,0.541175,0.226731,0.395638,0
5.02004,9.78258,7.67755,0.0126514,4.67918,-0.0633314,-0.296339,FRENET,0.602301,0.226731,0.602301,0.541175,0.226731,0.395638,0
5.02405,9.78258,7.67755,0.0126514,4.67918,-0.0633314,-0.296339,FRENET,0.602301,0.226731,0.602301,0.541175,0.226731,0.395638,0
5.02869,9.82937,7.67792,0.0119194,4.67956,-0.0986078,-0.461441,FRENET,0.602301,0.226731,0.602301,0.541175,0.226731,0.395638,0
5.03205,9.82937,7.67792,0.0119194,4.67956,-0.0986078,-0.461441,FRENET,0.60797,0.226731,0.60797,0.510217,0.226731,0.41311,0
5.03605,9.82937,7.67792,0.0119194,4.67956,-0.0986078,-0.461441,FRENET,0.60797,0.226731,0.60797,0.510217,0.226731,0.41311,0
5.04004,9.87617,7.67825,0.0107237,4.67992,-0.122505,-0.573313,FRENET,0.60797,0.226731,0.60797,0.510217,0.226731,0.41311,0
5.04402,9.87617,7.67825,0.0107237,4.67992,-0.122505,-0.573313,FRENET,0.60797,0.226731,0.60797,0.510217,0.226731,0.41311,0
5.04865,9.92297,7.67858,0.00946911,4.68026,-0.144455,-0.676088,FRENET,0.60797,0.226731,0.60797,0.510217,0.226731,0.41311,0
5.05204,9.92297,7.67858,0.00946911,4.68026,-0.144455,-0.676088,FRENET,0.60797,0.226731,0.60797,0.510217,0.226731,0.41311,0
5.05606,9.92297,7.67858,0.00946911,4.68026,-0.144455,-0.676088,FRENET,0.60797,0.226731,0.60797,0.510217,0.226731,0.41311,0
5.06003,9.96977,7.67886,0.00786985,4.68059,-0.15777,-0.738459,FRENET,0.60797,0.226731,0.60797,0.510217,0.226731,0.41311,0
5.06406,9.96977,7.67886,0.00786985,4.68059,-0.15777,-0.738459,FRENET,0.60797,0.226731,0.60797,0.510217,0.226731,0.41311,0
5.06869,10.0166,7.67913,0.00630617,4.68091,-0.171349,-0.802069,FRENET,0.60797,0.226731,0.60797,0.510217,0.226731,0.41311,0
5.07206,10.0166,7.67913,0.00630617,4.68091,-0.171349,-0.802069,FRENET,0.60797,0.226731,0.60797,0.510217,0.226731,0.41311,0
5.07606,10.0166,7.67913,0.00630617,4.68091,-0.171349,-0.802069,FRENET,0.60797,0.226731,0.60797,0.510217,0.226731,0.41311,0
5.08004,10.0634,7.67934,0.00447227,4.68121,-0.178069,-0.833576,FRENET,0.60797,0.226731,0.60797,0.510217,0.226731,0.41311,0
5.08406,10.0634,7.67934,0.00447227,4.68121,-0.178069,-0.833576,FRENET,0.614316,0.230158,0.614316,0.616295,0.230158,0.308895,0
5.08865,10.1102,7.67953,0.0027325,4.68145,-0.186485,-0.873021,FRENET,0.614316,0.230158,0.614316,0.616295,0.230158,0.308895,0
5.09206,10.1102,7.67953,0.0027325,4.68145,-0.186485,-0.873021,FRENET,0.614316,0.230158,0.614316,0.616295,0.230158,0.308895,0
5.09606,10.1102,7.67953,0.0027325,4.68145,-0.186485,-0.873021,FRENET,0.614316,0.230158,0.614316,0.616295,0.230158,0.308895,0
5.10005,10.157,7.67966,0.000768201,4.68168,-0.189177,-0.885668,FRENET,0.614316,0.230158,0.614316,0.616295,0.230158,0.308895,0
5.10406,10.157,7.67966,0.000768201,4.68168,-0.189177,-0.885668,FRENET,0.614316,0.230158,0.614316,0.616295,0.230158,0.308895,0
5.1087,10.2038,7.67975,-0.00106631,4.68191,-0.194463,-0.910457,FRENET,0.614316,0.230158,0.614316,0.616295,0.230158,0.308895,0
5.11206,10.2038,7.67975,-0.00106631,4.68191,-0.194463,-0.910457,FRENET,0.614316,0.230158,0.614316,0.616295,0.230158,0.308895,0
5.11606,10.2038,7.67975,-0.00106631,4.68191,-0.194463,-0.910457,FRENET,0.614316,0.230158,0.614316,0.616295,0.230158,0.308895,0
5.12005,10.2507,7.67977,-0.0030974,4.68234,-0.194681,-0.911563,FRENET,0.614316,0.230158,0.614316,0.616295,0.230158,0.308895,0
5.12406,10.2507,7.67977,-0.0030974,4.68234,-0.194681,-0.911563,FRENET,0.614316,0.230158,0.614316,0.616295,0.230158,0.308895,0
5.12865,10.2975,7.67977,-0.0046587,4.68275,-0.104092,-0.487439,FRENET,0.614316,0.230158,0.614316,0.616295,0.230158,0.308895,0
5.13207,10.2975,7.67977,-0.0046587,4.68275,-0.104092,-0.487439,FRENET,0.610723,0.230158,0.610723,0.507601,0.230158,0.406333,0
5.13606,10.2975,7.67977,-0.0046587,4.68275,-0.104092,-0.487439,FRENET,0.610723,0.230158,0.610723,0.507601,0.230158,0.406333,0
5.14003,10.3443,7.6798,-0.00526029,4.68315,-0.0359178,-0.168208,FRENET,0.610723,0.230158,0.610723,0.507601,0.230158,0.406333,0
5.14406,10.3443,7.6798,-0.00526029,4.68315,-0.0359178,-0.168208,FRENET,0.610723,0.230158,0.610723,0.507601,0.230158,0.406333,0
5.14865,10.3911,7.67982,-0.00540656,4.68352,0.0213678,0.100076,FRENET,0.610723,0.230158,0.610723,0.507601,0.230158,0.406333,0
5.15205,10.3911,7.67982,-0.00540656,4.68352,0.0213678,0.100076,FRENET,0.610723,0.230158,0.610723,0.507601,0.230158,0.406333,0
5.15606,10.3911,7.67982,-0.00540656,4.68352,0.0213678,0.100076,FRENET,0.610723,0.230158,0.610723,0.507601,0.230158,0.406333,0
5.16004,10.438,7.67987,-0.00489219,4.68388,0.0627973,0.294135,FRENET,0.610723,0.230158,0.610723,0.507601,0.230158,0.406333,0
5.16406,10.438,7.67987,-0.00489219,4.68388,0.0627973,0.294135,FRENET,0.610723,0.230158,0.610723,0.507601,0.230158,0.406333,0
5.1687,10.4848,7.67992,-0.00416244,4.68422,0.0986605,0.462147,FRENET,0.610723,0.230158,0.610723,0.507601,0.230158,0.406333,0
5.17211,10.4848,7.67992,-0.00416244,4.68422,0.0986605,0.462147,FRENET,0.610723,0.230158,0.610723,0.507601,0.230158,0.406333,0
5.17604,10.4848,7.67992,-0.00416244,4.68422,0.0986605,0.462147,FRENET,0.610723,0.230158,0.610723,0.507601,0.230158,0.406333,0
5.18009,10.5317,7.67999,-0.00296393,4.68454,0.122979,0.576101,FRENET,0.610723,0.230158,0.610723,0.507601,0.230158,0.406333,0
5.1841,10.5317,7.67999,-0.00296393,4.68454,0.122979,0.576101,FRENET,0.606129,0.230158,0.606129,0.0611593,0.230158,0.581586,0
5.18871,10.5785,7.68006,-0.00170312,4.68485,0.145218,0.680323,FRENET,0.606129,0.230158,0.606129,0.0611593,0.230158,0.581586,0
5.1921,10.5785,7.68006,-0.00170312,4.68485,0.145218,0.680323,FRENET,0.606129,0.230158,0.606129,0.0611593,0.230158,0.581586,0
5.19612,10.5785,7.68006,-0.00170312,4.68485,0.145218,0.680323,FRENET,0.606129,0.230158,0.606129,0.0611593,0.230158,0.581586,0
5.2001,10.6254,7.68018,-9.51882e-05,4.68514,0.158725,0.743648,FRENET,0.606129,0.230158,0.606129,0.0611593,0.230158,0.581586,0
5.2041,10.6254,7.68018,-9.51882e-05,4.68514,0.158725,0.743648,FRENET,0.606129,0.230158,0.606129,0.0611593,0.230158,0.581586,0
5.20875,10.6722,7.6803,0.00147864,4.68542,0.172417,0.807845,FRENET,0.606129,0.230158,0.606129,0.0611593,0.230158,0.581586,0
5.21212,10.6722,7.6803,0.00147864,4.68542,0.172417,0.807845,FRENET,0.606129,0.230158,0.606129,0.0611593,0.230158,0.581586,0
5.21608,10.6722,7.6803,0.00147864,4.68542,0.172417,0.807845,FRENET,0.606129,0.230158,0.606129,0.0611593,0.230158,0.581586,0
5.22004,10.7191,7.68048,0.00332357,4.68569,0.179196,0.839656,FRENET,0.606129,0.230158,0.606129,0.0611593,0.230158,0.581586,0
5.22407,10.7191,7.68048,0.00332357,4.68569,0.179196,0.839656,FRENET,0.606129,0.230158,0.606129,0.0611593,0.230158,0.581586,0
5.22868,10.7659,7.68068,0.00507466,4.68594,0.187618,0.879165,FRENET,0.606129,0.230158,0.606129,0.0611593,0.230158,0.581586,0
5.23206,10.7659,7.68068,0.00507466,4.68594,0.187618,0.879165,FRENET,0.617508,0.230158,0.617508,0.625306,0.230158,0.234022,0
5.23603,10.7659,7.68068,0.00507466,4.68594,0.187618,0.879165,FRENET,0.617508,0.230158,0.617508,0.625306,0.230158,0.234022,0
5.24045,10.8128,7.68094,0.00705021,4.68618,0.190291,0.891737,FRENET,0.617508,0.230158,0.617508,0.625306,0.230158,0.234022,0
5.24408,10.8128,7.68094,0.00705021,4.68618,0.190291,0.891737,FRENET,0.617508,0.230158,0.617508,0.625306,0.230158,0.234022,0
5.24882,10.8597,7.68123,0.00889566,4.68641,0.195534,0.916353,FRENET,0.617508,0.230158,0.617508,0.625306,0.230158,0.234022,0
5.25208,10.8597,7.68123,0.00889566,4.68641,0.195534,0.916353,FRENET,0.617508,0.230158,0.617508,0.625306,0.230158,0.234022,0
5.25607,10.8597,7.68123,0.00889566,4.68641,0.195534,0.916353,FRENET,0.617508,0.230158,0.617508,0.625306,0.230158,0.234022,0
5.26005,10.9065,7.68159,0.0109376,4.68663,0.195765,0.917478,FRENET,0.617508,0.230158,0.617508,0.625306,0.230158,0.234022,0
5.26404,10.9065,7.68159,0.0109376,4.68663,0.195765,0.917478,FRENET,0.617508,0.230158,0.617508,0.625306,0.230158,0.234022,0
5.26871,10.9534,7.68198,0.0126687,4.68684,0.152113,0.71293,FRENET,0.617508,0.230158,0.617508,0.625306,0.230158,0.234022,0
5.27206,10.9534,7.68198,0.0126687,4.68684,0.152113,0.71293,FRENET,0.617508,0.230158,0.617508,0.625306,0.230158,0.234022,0
5.27607,10.9534,7.68198,0.0126687,4.68684,0.152113,0.71293,FRENET,0.617508,0.230158,0.617508,0.625306,0.230158,0.234022,0
5.28005,11.0002,7.68238,0.0138502,4.68704,0.0703516,0.329741,FRENET,0.617508,0.230158,0.617508,0.625306,0.230158,0.234022,0
5.28407,11.0002,7.68238,0.0138502,4.68704,0.0703516,0.329741,FRENET,0.390301,0.232885,0.390301,0.563961,0.232885,0.394307,0
5.28867,11.0471,7.68276,0.014151,4.68719,0.00926989,0.0434498,FRENET,0.390301,0.232885,0.390301,0.563961,0.232885,0.394307,0
5.29206,11.0471,7.68276,0.014151,4.68719,0.00926989,0.0434498,FRENET,0.390301,0.232885,0.390301,0.563961,0.232885,0.394307,0
5.29606,11.0471,7.68276,0.014151,4.68719,0.00926989,0.0434498,FRENET,0.390301,0.232885,0.390301,0.563961,0.232885,0.394307,0
5.30005,11.094,7.68314,0.0140604,4.68734,-0.0423335,-0.198431,FRENET,0.390301,0.232885,0.390301,0.563961,0.232885,0.394307,0
5.30408,11.094,7.68314,0.0140604,4.68734,-0.0423335,-0.198431,FRENET,0.390301,0.232885,0.390301,0.563961,0.232885,0.394307,0
5.30867,11.1409,7.6835,0.0133598,4.68748,-0.0792207,-0.371346,FRENET,0.390301,0.232885,0.390301,0.563961,0.232885,0.394307,0
5.31207,11.1409,7.6835,0.0133598,4.68748,-0.0792207,-0.371346,FRENET,0.390301,0.232885,0.390301,0.563961,0.232885,0.394307,0
5.31606,11.1409,7.6835,0.0133598,4.68748,-0.0792207,-0.371346,FRENET,0.390301,0.232885,0.390301,0.563961,0.232885,0.394307,0
5.32009,11.1877,7.68386,0.0124847,4.68762,-0.111467,-0.522514,FRENET,0.390301,0.232885,0.390301,0.563961,0.232885,0.394307,0
5.3241,11.1877,7.68386,0.0124847,4.68762,-0.111467,-0.522514,FRENET,0.390301,0.232885,0.390301,0.563961,0.232885,0.394307,0
5.32875,11.2346,7.68419,0.011173,4.68774,-0.132912,-0.623057,FRENET,0.390301,0.232885,0.390301,0.563961,0.232885,0.394307,0
5.3321,11.2346,7.68419,0.011173,4.68774,-0.132912,-0.623057,FRENET,0.344143,0.232885,0.344143,0.630166,0.232885,0.365834,0
5.33611,11.2346,7.68419,0.011173,4.68774,-0.132912,-0.623057,FRENET,0.344143,0.232885,0.344143,0.630166,0.232885,0.365834,0
5.34009,11.2815,7.68452,0.00982476,4.68802,-0.152859,-0.716605,FRENET,0.344143,0.232885,0.344143,0.630166,0.232885,0.365834,0
5.3441,11.2815,7.68452,0.00982476,4.68802,-0.152859,-0.716605,FRENET,0.344143,0.232885,0.344143,0.630166,0.232885,0.365834,0
5.34871,11.3284,7.68481,0.00814981,4.68829,-0.164559,-0.771499,FRENET,0.344143,0.232885,0.344143,0.630166,0.232885,0.365834,0
5.35208,11.3284,7.68481,0.00814981,4.68829,-0.164559,-0.771499,FRENET,0.344143,0.232885,0.344143,0.630166,0.232885,0.365834,0
5.3561,11.3284,7.68481,0.00814981,4.68829,-0.164559,-0.771499,FRENET,0.344143,0.232885,0.344143,0.630166,0.232885,0.365834,0
5.36008,11.3753,7.68507,0.00652504,4.68854,-0.176829,-0.82907,FRENET,0.344143,0.232885,0.344143,0.630166,0.232885,0.365834,0
5.36411,11.3753,7.68507,0.00652504,4.68854,-0.176829,-0.82907,FRENET,0.344143,0.232885,0.344143,0.630166,0.232885,0.365834,0
5.36874,11.4221,7.68529,0.00464177,4.68878,-0.182498,-0.855693,FRENET,0.344143,0.232885,0.344143,0.630166,0.232885,0.365834,0
5.37211,11.4221,7.68529,0.00464177,4.68878,-0.182498,-0.855693,FRENET,0.344143,0.232885,0.344143,0.630166,0.232885,0.365834,0
5.3761,11.4221,7.68529,0.00464177,4.68878,-0.182498,-0.855693,FRENET,0.344143,0.232885,0.344143,0.630166,0.232885,0.365834,0
5.38005,11.469,7.68549,0.00286217,4.68901,-0.190054,-0.891166,FRENET,0.344143,0.232885,0.344143,0.630166,0.232885,0.365834,0
5.38407,11.469,7.68549,0.00286217,4.68901,-0.190054,-0.891166,FRENET,0.395895,0.232885,0.395895,0.626486,0.232885,0.346155,0
5.3887,11.5159,7.68562,0.000865733,4.68923,-0.19206,-0.900613,FRENET,0.395895,0.232885,0.395895,0.626486,0.232885,0.346155,0
5.39211,11.5159,7.68562,0.000865733,4.68923,-0.19206,-0.900613,FRENET,0.395895,0.232885,0.395895,0.626486,0.232885,0.346155,0
5.39607,11.5159,7.68562,0.000865733,4.68923,-0.19206,-0.900613,FRENET,0.395895,0.232885,0.395895,0.626486,0.232885,0.346155,0
5.40009,11.5628,7.68574,-0.000675982,4.68944,-0.102715,-0.481676,FRENET,0.395895,0.232885,0.395895,0.626486,0.232885,0.346155,0
5.4041,11.5628,7.68574,-0.000675982,4.68944,-0.102715,-0.481676,FRENET,0.395895,0.232885,0.395895,0.626486,0.232885,0.346155,0
5.40871,11.6097,7.68589,-0.00126845,4.68964,-0.0354336,-0.166171,FRENET,0.395895,0.232885,0.395895,0.626486,0.232885,0.346155,0
5.4121,11.6097,7.68589,-0.00126845,4.68964,-0.0354336,-0.166171,FRENET,0.395895,0.232885,0.395895,0.626486,0.232885,0.346155,0
5.41611,11.6097,7.68589,-0.00126845,4.68964,-0.0354336,-0.166171,FRENET,0.395895,0.232885,0.395895,0.626486,0.232885,0.346155,0
5.42009,11.6566,7.68605,-0.00141327,4.68983,0.0212273,0.0995525,FRENET,0.395895,0.232885,0.395895,0.626486,0.232885,0.346155,0
5.4241,11.6566,7.68605,-0.00141327,4.68983,0.0212273,0.0995525,FRENET,0.395895,0.232885,0.395895,0.626486,0.232885,0.346155,0
5.42874,11.7035,7.68624,-0.000902481,4.69001,0.0622386,0.2919,FRENET,0.395895,0.232885,0.395895,0.626486,0.232885,0.346155,0
5.4321,11.7035,7.68624,-0.000902481,4.69001,0.0622386,0.2919,FRENET,0.34405,0.232885,0.34405,0.603345,0.232885,0.376108,0
5.4361,11.7035,7.68624,-0.000902481,4.69001,0.0622386,0.2919,FRENET,0.34405,0.232885,0.34405,0.603345,0.232885,0.376108,0
5.44007,11.7504,7.68642,-0.000179816,4.69018,0.0978371,0.458873,FRENET,0.34405,0.232885,0.34405,0.603345,0.232885,0.376108,0
5.4441,11.7504,7.68642,-0.000179816,4.69018,0.0978371,0.458873,FRENET,0.34405,0.232885,0.34405,0.603345,0.232885,0.376108,0
5.4487,11.7973,7.68664,0.00100969,4.69034,0.122007,0.572254,FRENET,0.34405,0.232885,0.34405,0.603345,0.232885,0.376108,0
5.4521,11.7973,7.68664,0.00100969,4.69034,0.122007,0.572254,FRENET,0.34405,0.232885,0.34405,0.603345,0.232885,0.376108,0
5.4561,11.7973,7.68664,0.00100969,4.69034,0.122007,0.572254,FRENET,0.34405,0.232885,0.34405,0.603345,0.232885,0.376108,0
5.46009,11.8442,7.68687,0.00226034,4.6905,0.144179,0.676273,FRENET,0.34405,0.232885,0.34405,0.603345,0.232885,0.376108,0
5.46411,11.8442,7.68687,0.00226034,4.6905,0.144179,0.676273,FRENET,0.34405,0.232885,0.34405,0.603345,0.232885,0.376108,0
5.4687,11.8911,7.68714,0.00385787,4.69064,0.157681,0.739625,FRENET,0.34405,0.232885,0.34405,0.603345,0.232885,0.376108,0
5.4721,11.8911,7.68714,0.00385787,4.69064,0.157681,0.739625,FRENET,0.34405,0.232885,0.34405,0.603345,0.232885,0.376108,0
5.4761,11.8911,7.68714,0.00385787,4.69064,0.157681,0.739625,FRENET,0.34405,0.232885,0.34405,0.603345,0.232885,0.376108,0
5.48009,11.938,7.68742,0.00542136,4.69079,0.171407,0.804035,FRENET,0.34405,0.232885,0.34405,0.603345,0.232885,0.376108,0
5.48408,11.938,7.68742,0.00542136,4.69079,0.171407,0.804035,FGM,0.631338,0.277521,0.251337,0.631338,0.357305,0.277521,0
5.48867,11.9845,7.68776,0.00738532,4.59569,0.19645,0.902821,FGM,0.631338,0.277521,0.251337,0.631338,0.357305,0.277521,0
5.49211,11.9845,7.68776,0.00738532,4.59569,0.19645,0.902821,FGM,0.631338,0.277521,0.251337,0.631338,0.357305,0.277521,0
5.49613,11.9845,7.68776,0.00738532,4.59569,0.19645,0.902821,FGM,0.631338,0.277521,0.251337,0.631338,0.357305,0.277521,0
5.50009,12.0299,7.68811,0.00936897,4.50059,0.223739,1.00696,FGM,0.631338,0.277521,0.251337,0.631338,0.357305,0.277521,0
5.5041,12.0299,7.68811,0.00936897,4.50059,0.223739,1.00696,FGM,0.631338,0.277521,0.251337,0.631338,0.357305,0.277521,0
5.50963,12.0745,7.68853,0.0118153,4.40549,0.240908,1.06132,FGM,0.631338,0.277521,0.251337,0.631338,0.357305,0.277521,0
5.51212,12.0745,7.68853,0.0118153,4.40549,0.240908,1.06132,FGM,0.631338,0.277521,0.251337,0.631338,0.357305,0.277521,0
5.51609,12.0745,7.68853,0.0118153,4.40549,0.240908,1.06132,FGM,0.631338,0.277521,0.251337,0.631338,0.357305,0.277521,0
5.52009,12.118,7.68896,0.0142126,4.31039,0.262241,1.13036,FGM,0.631338,0.277521,0.251337,0.631338,0.357305,0.277521,0
5.5241,12.118,7.68896,0.0142126,4.31039,0.262241,1.13036,FGM,0.631338,0.277521,0.251337,0.631338,0.357305,0.277521,0
5.52871,12.1607,7.68946,0.0170175,4.21529,0.27428,1.15617,FGM,0.631338,0.277521,0.251337,0.631338,0.357305,0.277521,0
5.53209,12.1607,7.68946,0.0170175,4.21529,0.27428,1.15617,FGM,0.628643,0.211328,0.433077,0.628643,0.357305,0.211328,0
5.5361,12.1607,7.68946,0.0170175,4.21529,0.27428,1.15617,FGM,0.628643,0.211328,0.433077,0.628643,0.357305,0.211328,0
5.54009,12.2023,7.68999,0.0197276,4.12019,0.291551,1.20124,FGM,0.628643,0.211328,0.433077,0.628643,0.357305,0.211328,0
5.54409,12.2023,7.68999,0.0197276,4.12019,0.291551,1.20124,FGM,0.628643,0.211328,0.433077,0.628643,0.357305,0.211328,0
5.54867,12.2431,7.69059,0.0228059,4.02509,0.299689,1.20627,FGM,0.628643,0.211328,0.433077,0.628643,0.357305,0.211328,0
5.55209,12.2431,7.69059,0.0228059,4.02509,0.299689,1.20627,FGM,0.628643,0.211328,0.433077,0.628643,0.357305,0.211328,0
5.5561,12.2431,7.69059,0.0228059,4.02509,0.299689,1.20627,FGM,0.628643,0.211328,0.433077,0.628643,0.357305,0.211328,0
5.56009,12.2828,7.69119,0.025311,3.92999,0.183355,0.720581,FGM,0.628643,0.211328,0.433077,0.628643,0.357305,0.211328,0
5.56409,12.2828,7.69119,0.025311,3.92999,0.183355,0.720581,FGM,0.628643,0.211328,0.433077,0.628643,0.357305,0.211328,0
5.56872,12.3216,7.69174,0.0266121,3.83489,0.10534,0.403967,FGM,0.628643,0.211328,0.433077,0.628643,0.357305,0.211328,0
5.57203,12.3216,7.69174,0.0266121,3.83489,0.10534,0.403967,FGM,0.628643,0.211328,0.433077,0.628643,0.357305,0.211328,0
5.57605,12.3216,7.69174,0.0266121,3.83489,0.10534,0.403967,FGM,0.628643,0.211328,0.433077,0.628643,0.357305,0.211328,0
5.57999,12.3595,7.69229,0.0274477,3.7411,0.0408126,0.152684,FGM,0.628643,0.211328,0.433077,0.628643,0.357305,0.211328,0
5.584,12.3595,7.69229,0.0274477,3.7411,0.0408126,0.152684,FGM,0.478209,0.440883,0.443521,0.478209,0.357305,0.440883,0
5.58862,12.3966,7.69282,0.0274978,3.68331,-0.00698039,-0.0257109,FGM,0.478209,0.440883,0.443521,0.478209,0.357305,0.440883,0
5.59199,12.3966,7.69282,0.0274978,3.68331,-0.00698039,-0.0257109,FGM,0.478209,0.440883,0.443521,0.478209,0.357305,0.440883,0
5.59599,12.3966,7.69282,0.0274978,3.68331,-0.00698039,-0.0257109,FGM,0.478209,0.440883,0.443521,0.478209,0.357305,0.440883,0
5.59998,12.4332,7.69338,0.0273032,3.63651,-0.0505128,-0.18369,FGM,0.478209,0.440883,0.443521,0.478209,0.357305,0.440883,0
5.60414,12.4332,7.69338,0.0273032,3.63651,-0.0505128,-0.18369,FGM,0.478209,0.440883,0.443521,0.478209,0.357305,0.440883,0
5.60865,12.4694,7.69393,0.0265506,3.59861,-0.0786525,-0.28304,FGM,0.478209,0.440883,0.443521,0.478209,0.357305,0.440883,0
5.61199,12.4694,7.69393,0.0265506,3.59861,-0.0786525,-0.28304,FGM,0.478209,0.440883,0.443521,0.478209,0.357305,0.440883,0
5.61602,12.4694,7.69393,0.0265506,3.59861,-0.0786525,-0.28304,FGM,0.478209,0.440883,0.443521,0.478209,0.357305,0.440883,0
5.62002,12.5052,7.69453,0.0260725,3.56792,-0.00174686,-0.00623268,FGM,0.478209,0.440883,0.443521,0.478209,0.357305,0.440883,0
5.624,12.5052,7.69453,0.0260725,3.56792,-0.00174686,-0.00623268,FGM,0.478209,0.440883,0.443521,0.478209,0.357305,0.440883,0
5.62862,12.5408,7.69523,0.0264027,3.54307,0.0461344,0.163458,FGM,0.478209,0.440883,0.443521,0.478209,0.357305,0.440883,0
5.632,12.5408,7.69523,0.0264027,3.54307,0.0461344,0.163458,FGM,0.456497,0.450496,0.440552,0.456497,0.357305,0.450496,0
5.63599,12.5408,7.69523,0.0264027,3.54307,0.0461344,0.163458,FGM,0.456497,0.450496,0.440552,0.456497,0.357305,0.450496,0
5.63999,12.5761,7.69598,0.0269707,3.5234,0.0840124,0.296009,FGM,0.456497,0.450496,0.440552,0.456497,0.357305,0.450496,0
5.644,12.5761,7.69598,0.0269707,3.5234,0.0840124,0.296009,FGM,0.456497,0.450496,0.440552,0.456497,0.357305,0.450496,0
5.64863,12.6113,7.69681,0.0280138,3.50746,0.105122,0.368712,FGM,0.456497,0.450496,0.440552,0.456497,0.357305,0.450496,0
5.65199,12.6113,7.69681,0.0280138,3.50746,0.105122,0.368712,FGM,0.456497,0.450496,0.440552,0.456497,0.357305,0.450496,0
5.65599,12.6113,7.69681,0.0280138,3.50746,0.105122,0.368712,FGM,0.456497,0.450496,0.440552,0.456497,0.357305,0.450496,0
5.65999,12.6463,7.69769,0.0290762,3.49456,0.124394,0.434702,FGM,0.456497,0.450496,0.440552,0.456497,0.357305,0.450496,0
5.66399,12.6463,7.69769,0.0290762,3.49456,0.124394,0.434702,FGM,0.456497,0.450496,0.440552,0.456497,0.357305,0.450496,0
5.66864,12.6811,7.69863,0.0304534,3.48411,0.13266,0.462202,FGM,0.456497,0.450496,0.440552,0.456497,0.357305,0.450496,0
5.67199,12.6811,7.69863,0.0304534,3.48411,0.13266,0.462202,FGM,0.456497,0.450496,0.440552,0.456497,0.357305,0.450496,0
5.67599,12.6811,7.69863,0.0304534,3.48411,0.13266,0.462202,FGM,0.456497,0.450496,0.440552,0.456497,0.357305,0.450496,0
5.67999,12.7159,7.69962,0.031745,3.47565,0.14288,0.4966,FGM,0.456497,0.450496,0.440552,0.456497,0.357305,0.450496,0
5.68399,12.7159,7.69962,0.031745,3.47565,0.14288,0.4966,FGM,0.542158,0.19761,0.350752,0.542158,0.360066,0.19761,0
5.68863,12.7506,7.70067,0.0332652,3.47321,0.143794,0.499426,FGM,0.542158,0.19761,0.350752,0.542158,0.360066,0.19761,0
5.69199,12.7506,7.70067,0.0332652,3.47321,0.143794,0.499426,FGM,0.542158,0.19761,0.350752,0.542158,0.360066,0.19761,0
5.69599,12.7506,7.70067,0.0332652,3.47321,0.143794,0.499426,FGM,0.542158,0.19761,0.350752,0.542158,0.360066,0.19761,0
5.69999,12.7854,7.70176,0.0346442,3.47124,0.149014,0.517264,FGM,0.542158,0.19761,0.350752,0.542158,0.360066,0.19761,0
5.70399,12.7854,7.70176,0.0346442,3.47124,0.149014,0.517264,FGM,0.542158,0.19761,0.350752,0.542158,0.360066,0.19761,0
5.70862,12.82,7.70292,0.0362155,3.46964,0.148033,0.51362,FGM,0.542158,0.19761,0.350752,0.542158,0.360066,0.19761,0
5.71199,12.82,7.70292,0.0362155,3.46964,0.148033,0.51362,FGM,0.542158,0.19761,0.350752,0.542158,0.360066,0.19761,0
5.71599,12.82,7.70292,0.0362155,3.46964,0.148033,0.51362,FGM,0.542158,0.19761,0.350752,0.542158,0.360066,0.19761,0
5.71999,12.8547,7.7041,0.0373162,3.46835,0.0596273,0.206808,FGM,0.542158,0.19761,0.350752,0.542158,0.360066,0.19761,0
5.72399,12.8547,7.7041,0.0373162,3.46835,0.0596273,0.206808,FGM,0.542158,0.19761,0.350752,0.542158,0.360066,0.19761,0
5.72862,12.8894,7.70524,0.0375125,3.4673,5.60759e-05,0.000194432,FGM,0.542158,0.19761,0.350752,0.542158,0.360066,0.19761,0
5.73199,12.8894,7.70524,0.0375125,3.4673,5.60759e-05,0.000194432,FGM,0.666655,0.317905,0.378116,0.666655,0.360066,0.317905,0
5.73598,12.8894,7.70524,0.0375125,3.4673,5.60759e-05,0.000194432,FGM,0.666655,0.317905,0.378116,0.666655,0.360066,0.317905,0
5.73999,12.924,7.70638,0.0373474,3.47265,-0.0472169,-0.163968,FGM,0.666655,0.317905,0.378116,0.666655,0.360066,0.317905,0
5.74399,12.924,7.70638,0.0373474,3.47265,-0.0472169,-0.163968,FGM,0.666655,0.317905,0.378116,0.666655,0.360066,0.317905,0
5.74862,12.9588,7.70749,0.0366351,3.47774,-0.0768464,-0.267252,FGM,0.666655,0.317905,0.378116,0.666655,0.360066,0.317905,0
5.75199,12.9588,7.70749,0.0366351,3.47774,-0.0768464,-0.267252,FGM,0.666655,0.317905,0.378116,0.666655,0.360066,0.317905,0
5.75599,12.9588,7.70749,0.0366351,3.47774,-0.0768464,-0.267252,FGM,0.666655,0.317905,0.378116,0.666655,0.360066,0.317905,0
5.75999,12.9936,7.70861,0.0358147,3.4826,-0.102557,-0.357166,FGM,0.666655,0.317905,0.378116,0.666655,0.360066,0.317905,0
5.76399,12.9936,7.70861,0.0358147,3.4826,-0.102557,-0.357166,FGM,0.666655,0.317905,0.378116,0.666655,0.360066,0.317905,0
5.76862,13.0284,7.70969,0.0346317,3.48722,-0.116452,-0.406093,FGM,0.666655,0.317905,0.378116,0.666655,0.360066,0.317905,0
5.77199,13.0284,7.70969,0.0346317,3.48722,-0.116452,-0.406093,FGM,0.666655,0.317905,0.378116,0.666655,0.360066,0.317905,0
5.776,13.0284,7.70969,0.0346317,3.48722,-0.116452,-0.406093,FGM,0.666655,0.317905,0.378116,0.666655,0.360066,0.317905,0
5.77999,13.0633,7.71076,0.0334756,3.49162,-0.13072,-0.456426,FGM,0.666655,0.317905,0.378116,0.666655,0.360066,0.317905,0
5.78399,13.0633,7.71076,0.0334756,3.49162,-0.13072,-0.456426,FGM,0.396075,0.486557,0.238625,0.396075,0.360066,0.486557,0
5.78862,13.0982,7.71179,0.0320522,3.49346,-0.136603,-0.477217,FGM,0.396075,0.486557,0.238625,0.396075,0.360066,0.486557,0
5.79199,13.0982,7.71179,0.0320522,3.49346,-0.136603,-0.477217,FGM,0.396075,0.486557,0.238625,0.396075,0.360066,0.486557,0
5.79599,13.0982,7.71179,0.0320522,3.49346,-0.136603,-0.477217,FGM,0.396075,0.486557,0.238625,0.396075,0.360066,0.486557,0
5.79999,13.1331,7.71281,0.0307258,3.49522,-0.145156,-0.507353,FGM,0.396075,0.486557,0.238625,0.396075,0.360066,0.486557,0
5.80399,13.1331,7.71281,0.0307258,3.49522,-0.145156,-0.507353,FGM,0.396075,0.486557,0.238625,0.396075,0.360066,0.486557,0
5.80863,13.1681,7.71379,0.0291815,3.49689,-0.146589,-0.512606,FGM,0.396075,0.486557,0.238625,0.396075,0.360066,0.486557,0
5.81199,13.1681,7.71379,0.0291815,3.49689,-0.146589,-0.512606,FGM,0.396075,0.486557,0.238625,0.396075,0.360066,0.486557,0
5.81599,13.1681,7.71379,0.0291815,3.49689,-0.146589,-0.512606,FGM,0.396075,0.486557,0.238625,0.396075,0.360066,0.486557,0
5.81999,13.203,7.71477,0.0280822,3.49848,-0.0607433,-0.212509,FGM,0.396075,0.486557,0.238625,0.396075,0.360066,0.486557,0
5.82399,13.203,7.71477,0.0280822,3.49848,-0.0607433,-0.212509,FGM,0.396075,0.486557,0.238625,0.396075,0.360066,0.486557,0
5.82862,13.238,7.7158,0.0278667,3.5,-0.00244842,-0.00856947,FGM,0.396075,0.486557,0.238625,0.396075,0.360066,0.486557,0
5.83199,13.238,7.7158,0.0278667,3.5,-0.00244842,-0.00856947,FGM,0.506695,0.445617,0.345172,0.506695,0.360066,0.445617,0
5.83599,13.238,7.7158,0.0278667,3.5,-0.00244842,-0.00856947,FGM,0.506695,0.445617,0.345172,0.506695,0.360066,0.445617,0
5.83999,13.273,7.71684,0.0280055,3.50087,0.0447398,0.156628,FGM,0.506695,0.445617,0.345172,0.506695,0.360066,0.445617,0
5.84399,13.273,7.71684,0.0280055,3.50087,0.0447398,0.156628,FGM,0.506695,0.445617,0.345172,0.506695,0.360066,0.445617,0
5.84863,13.308,7.71793,0.028695,3.50169,0.0744897,0.26084,FGM,0.506695,0.445617,0.345172,0.506695,0.360066,0.445617,0
5.85199,13.308,7.71793,0.028695,3.50169,0.0744897,0.26084,FGM,0.506695,0.445617,0.345172,0.506695,0.360066,0.445617,0
5.856,13.308,7.71793,0.028695,3.50169,0.0744897,0.26084,FGM,0.506695,0.445617,0.345172,0.506695,0.360066,0.445617,0
5.85999,13.343,7.71904,0.0294921,3.50248,0.100584,0.352292,FGM,0.506695,0.445617,0.345172,0.506695,0.360066,0.445617,0
5.864,13.343,7.71904,0.0294921,3.50248,0.100584,0.352292,FGM,0.506695,0.445617,0.345172,0.506695,0.360066,0.445617,0
5.86863,13.378,7.72018,0.0306586,3.50323,0.114841,0.402313,FGM,0.506695,0.445617,0.345172,0.506695,0.360066,0.445617,0
5.87199,13.378,7.72018,0.0306586,3.50323,0.114841,0.402313,FGM,0.506695,0.445617,0.345172,0.506695,0.360066,0.445617,0
5.87599,13.378,7.72018,0.0306586,3.50323,0.114841,0.402313,FGM,0.506695,0.445617,0.345172,0.506695,0.360066,0.445617,0
5.87999,13.413,7.72135,0.0317995,3.50394,0.129584,0.454056,FGM,0.506695,0.445617,0.345172,0.506695,0.360066,0.445617,0
5.88398,13.413,7.72135,0.0317995,3.50394,0.129584,0.454056,FGM,0.41229,0.169659,0.300713,0.41229,0.364851,0.169659,0
5.88863,13.4481,7.72255,0.0332068,3.50942,0.13484,0.473209,FGM,0.41229,0.169659,0.300713,0.41229,0.364851,0.169659,0
5.89203,13.4481,7.72255,0.0332068,3.50942,0.13484,0.473209,FGM,0.41229,0.169659,0.300713,0.41229,0.364851,0.169659,0
5.89602,13.4481,7.72255,0.0332068,3.50942,0.13484,0.473209,FGM,0.41229,0.169659,0.300713,0.41229,0.364851,0.169659,0
5.90002,13.4832,7.72379,0.0345144,3.51465,0.142939,0.502379,FGM,0.41229,0.169659,0.300713,0.41229,0.364851,0.169659,0
5.90399,13.4832,7.72379,0.0345144,3.51465,0.142939,0.502379,FGM,0.41229,0.169659,0.300713,0.41229,0.364851,0.169659,0
5.90867,13.5183,7.72507,0.0360347,3.51962,0.144268,0.50777,FGM,0.41229,0.169659,0.300713,0.41229,0.364851,0.169659,0
5.912,13.5183,7.72507,0.0360347,3.51962,0.144268,0.50777,FGM,0.41229,0.169659,0.300713,0.41229,0.364851,0.169659,0
5.91599,13.5183,7.72507,0.0360347,3.51962,0.144268,0.50777,FGM,0.41229,0.169659,0.300713,0.41229,0.364851,0.169659,0
5.92002,13.5535,7.72636,0.0371154,3.52436,0.0595021,0.209707,FGM,0.41229,0.169659,0.300713,0.41229,0.364851,0.169659,0
5.92403,13.5535,7.72636,0.0371154,3.52436,0.0595021,0.209707,FGM,0.41229,0.169659,0.300713,0.41229,0.364851,0.169659,0
5.92863,13.5887,7.7276,0.0373224,3.52887,0.00169979,0.00599836,FGM,0.41229,0.169659,0.300713,0.41229,0.364851,0.169659,0
5.93201,13.5887,7.7276,0.0373224,3.52887,0.00169979,0.00599836,FGM,0.386717,0.50063,0.301886,0.386717,0.364851,0.50063,0
5.93604,13.5887,7.7276,0.0373224,3.52887,0.00169979,0.00599836,FGM,0.386717,0.50063,0.301886,0.386717,0.364851,0.50063,0
5.94005,13.6241,7.72883,0.037179,3.53812,-0.0443664,-0.156974,FGM,0.386717,0.50063,0.301886,0.386717,0.364851,0.50063,0
5.94405,13.6241,7.72883,0.037179,3.53812,-0.0443664,-0.156974,FGM,0.386717,0.50063,0.301886,0.386717,0.364851,0.50063,0
5.94867,13.6595,7.73002,0.0364985,3.54693,-0.0737184,-0.261474,FGM,0.386717,0.50063,0.301886,0.386717,0.364851,0.50063,0
5.95204,13.6595,7.73002,0.0364985,3.54693,-0.0737184,-0.261474,FGM,0.386717,0.50063,0.301886,0.386717,0.364851,0.50063,0
5.95604,13.6595,7.73002,0.0364985,3.54693,-0.0737184,-0.261474,FGM,0.386717,0.50063,0.301886,0.386717,0.364851,0.50063,0
5.96006,13.695,7.73123,0.03601,3.55532,-0.0106819,-0.0379776,FGM,0.386717,0.50063,0.301886,0.386717,0.364851,0.50063,0
5.96404,13.695,7.73123,0.03601,3.55532,-0.0106819,-0.0379776,FGM,0.386717,0.50063,0.301886,0.386717,0.364851,0.50063,0
5.96863,13.7305,7.7325,0.0362085,3.56331,0.0317321,0.113071,FGM,0.386717,0.50063,0.301886,0.386717,0.364851,0.50063,0
5.97204,13.7305,7.7325,0.0362085,3.56331,0.0317321,0.113071,FGM,0.386717,0.50063,0.301886,0.386717,0.364851,0.50063,0
5.97603,13.7305,7.7325,0.0362085,3.56331,0.0317321,0.113071,FGM,0.386717,0.50063,0.301886,0.386717,0.364851,0.50063,0
5.98002,13.7662,7.73381,0.0366308,3.57092,0.0674265,0.240775,FGM,0.386717,0.50063,0.301886,0.386717,0.364851,0.50063,0
5.98402,13.7662,7.73381,0.0366308,3.57092,0.0674265,0.240775,FGM,0.376911,0.502595,0.301109,0.376911,0.364851,0.502595,0
5.98862,13.8019,7.73516,0.0375039,3.57796,0.0894661,0.320106,FGM,0.376911,0.502595,0.301109,0.376911,0.364851,0.502595,0
5.99199,13.8019,7.73516,0.0375039,3.57796,0.0894661,0.320106,FGM,0.376911,0.502595,0.301109,0.376911,0.364851,0.502595,0
5.99599,13.8019,7.73516,0.0375039,3.57796,0.0894661,0.320106,FGM,0.376911,0.502595,0.301109,0.376911,0.364851,0.502595,0
6.00002,13.8377,7.73654,0.0384236,3.58467,0.10999,0.394277,FGM,0.376911,0.502595,0.301109,0.376911,0.364851,0.502595,0
6.00402,13.8377,7.73654,0.0384236,3.58467,0.10999,0.394277,FGM,0.376911,0.502595,0.301109,0.376911,0.364851,0.502595,0
6.00868,13.8735,7.73798,0.0396631,3.59106,0.120714,0.43349,FGM,0.376911,0.502595,0.301109,0.376911,0.364851,0.502595,0
6.01202,13.8735,7.73798,0.0396631,3.59106,0.120714,0.43349,FGM,0.376911,0.502595,0.301109,0.376911,0.364851,0.502595,0
6.01602,13.8735,7.73798,0.0396631,3.59106,0.120714,0.43349,FGM,0.376911,0.502595,0.301109,0.376911,0.364851,0.502595,0
6.02002,13.9094,7.73944,0.040851,3.59714,0.132856,0.477902,FGM,0.376911,0.502595,0.301109,0.376911,0.364851,0.502595,0
6.02403,13.9094,7.73944,0.040851,3.59714,0.132856,0.477902,FGM,0.376911,0.502595,0.301109,0.376911,0.364851,0.502595,0
6.02862,13.9454,7.74096,0.0422869,3.60294,0.137389,0.495003,FGM,0.376911,0.502595,0.301109,0.376911,0.364851,0.502595,0
6.03203,13.9454,7.74096,0.0422869,3.60294,0.137389,0.495003,FGM,0.400198,0.503081,0.439037,0.400198,0.497183,0.503081,0
6.03601,13.9454,7.74096,0.0422869,3.60294,0.137389,0.495003,FGM,0.400198,0.503081,0.439037,0.400198,0.497183,0.503081,0
6.04002,13.9815,7.74251,0.0436118,3.61543,0.143434,0.518575,FGM,0.400198,0.503081,0.439037,0.400198,0.497183,0.503081,0
6.04402,13.9815,7.74251,0.0436118,3.61543,0.143434,0.518575,FGM,0.400198,0.503081,0.439037,0.400198,0.497183,0.503081,0
6.04862,14.0176,7.74412,0.0451291,3.62734,0.143785,0.521557,FGM,0.400198,0.503081,0.439037,0.400198,0.497183,0.503081,0
6.05199,14.0176,7.74412,0.0451291,3.62734,0.143785,0.521557,FGM,0.400198,0.503081,0.439037,0.400198,0.497183,0.503081,0
6.05602,14.0176,7.74412,0.0451291,3.62734,0.143785,0.521557,FGM,0.400198,0.503081,0.439037,0.400198,0.497183,0.503081,0
6.06002,14.0539,7.74576,0.0465092,3.63867,0.148237,0.539385,FGM,0.400198,0.503081,0.439037,0.400198,0.497183,0.503081,0
6.06403,14.0539,7.74576,0.0465092,3.63867,0.148237,0.539385,FGM,0.400198,0.503081,0.439037,0.400198,0.497183,0.503081,0
6.06863,14.0903,7.74747,0.0480688,3.64947,0.147435,0.53806,FGM,0.400198,0.503081,0.439037,0.400198,0.497183,0.503081,0
6.07202,14.0903,7.74747,0.0480688,3.64947,0.147435,0.53806,FGM,0.400198,0.503081,0.439037,0.400198,0.497183,0.503081,0
6.07599,14.0903,7.74747,0.0480688,3.64947,0.147435,0.53806,FGM,0.400198,0.503081,0.439037,0.400198,0.497183,0.503081,0
6.08002,14.1268,7.74922,0.0494807,3.65975,0.151061,0.552846,FGM,0.400198,0.503081,0.439037,0.400198,0.497183,0.503081,0
6.08403,14.1268,7.74922,0.0494807,3.65975,0.151061,0.552846,FGM,0.419328,0.504384,0.445596,0.419328,0.497183,0.504384,0
6.08863,14.1635,7.75103,0.0510563,3.67556,0.148304,0.5451,FGM,0.419328,0.504384,0.445596,0.419328,0.497183,0.504384,0
6.09202,14.1635,7.75103,0.0510563,3.67556,0.148304,0.5451,FGM,0.419328,0.504384,0.445596,0.419328,0.497183,0.504384,0
6.09603,14.1635,7.75103,0.0510563,3.67556,0.148304,0.5451,FGM,0.419328,0.504384,0.445596,0.419328,0.497183,0.504384,0
6.09999,14.2003,7.75289,0.0524709,3.69062,0.150466,0.555312,FGM,0.419328,0.504384,0.445596,0.419328,0.497183,0.504384,0
6.10402,14.2003,7.75289,0.0524709,3.69062,0.150466,0.555312,FGM,0.419328,0.504384,0.445596,0.419328,0.497183,0.504384,0
6.10866,14.2372,7.75482,0.0540441,3.70496,0.148273,0.549344,FGM,0.419328,0.504384,0.445596,0.419328,0.497183,0.504384,0
6.11202,14.2372,7.75482,0.0540441,3.70496,0.148273,0.549344,FGM,0.419328,0.504384,0.445596,0.419328,0.497183,0.504384,0
6.11605,14.2372,7.75482,0.0540441,3.70496,0.148273,0.549344,FGM,0.419328,0.504384,0.445596,0.419328,0.497183,0.504384,0
6.12005,14.2743,7.75679,0.05546,3.71861,0.150858,0.560983,FGM,0.419328,0.504384,0.445596,0.419328,0.497183,0.504384,0
6.12405,14.2743,7.75679,0.05546,3.71861,0.150858,0.560983,FGM,0.419328,0.504384,0.445596,0.419328,0.497183,0.504384,0
6.12866,14.3114,7.75883,0.0570392,3.73162,0.148971,0.555905,FGM,0.419328,0.504384,0.445596,0.419328,0.497183,0.504384,0
6.13207,14.3114,7.75883,0.0570392,3.73162,0.148971,0.555905,FGM,0.401101,0.522928,0.427257,0.401101,0.497183,0.522928,0
6.13605,14.3114,7.75883,0.0570392,3.73162,0.148971,0.555905,FGM,0.401101,0.522928,0.427257,0.401101,0.497183,0.522928,0
6.14004,14.3488,7.76091,0.0584666,3.74046,0.152753,0.571366,FGM,0.401101,0.522928,0.427257,0.401101,0.497183,0.522928,0
6.14405,14.3488,7.76091,0.0584666,3.74046,0.152753,0.571366,FGM,0.401101,0.522928,0.427257,0.401101,0.497183,0.522928,0
6.14864,14.3861,7.76307,0.0600702,3.74889,0.151571,0.568223,FGM,0.401101,0.522928,0.427257,0.401101,0.497183,0.522928,0
6.15206,14.3861,7.76307,0.0600702,3.74889,0.151571,0.568223,FGM,0.401101,0.522928,0.427257,0.401101,0.497183,0.522928,0
6.15605,14.3861,7.76307,0.0600702,3.74889,0.151571,0.568223,FGM,0.401101,0.522928,0.427257,0.401101,0.497183,0.522928,0
6.15999,14.4236,7.76527,0.0615211,3.75691,0.154913,0.581992,FGM,0.401101,0.522928,0.427257,0.401101,0.497183,0.522928,0
6.164,14.4236,7.76527,0.0615211,3.75691,0.154913,0.581992,FGM,0.401101,0.522928,0.427257,0.401101,0.497183,0.522928,0
6.16863,14.4611,7.76754,0.0631448,3.76455,0.153397,0.577469,FGM,0.401101,0.522928,0.427257,0.401101,0.497183,0.522928,0
6.17205,14.4611,7.76754,0.0631448,3.76455,0.153397,0.577469,FGM,0.401101,0.522928,0.427257,0.401101,0.497183,0.522928,0
6.17605,14.4611,7.76754,0.0631448,3.76455,0.153397,0.577469,FGM,0.401101,0.522928,0.427257,0.401101,0.497183,0.522928,0
6.17999,14.4987,7.76986,0.0646123,3.77182,0.156487,0.590242,FGM,0.401101,0.522928,0.427257,0.401101,0.497183,0.522928,0
6.18406,14.4987,7.76986,0.0646123,3.77182,0.156487,0.590242,FGM,0.380392,0.540516,0.427758,0.380392,0.497183,0.540516,0
6.18867,14.5364,7.77224,0.066258,3.77483,0.155816,0.588178,FGM,0.380392,0.540516,0.427758,0.380392,0.497183,0.540516,0
6.19206,14.5364,7.77224,0.066258,3.77483,0.155816,0.588178,FGM,0.380392,0.540516,0.427758,0.380392,0.497183,0.540516,0
6.19601,14.5364,7.77224,0.066258,3.77483,0.155816,0.588178,FGM,0.380392,0.540516,0.427758,0.380392,0.497183,0.540516,0
6.20003,14.5741,7.77467,0.0677513,3.77769,0.159543,0.602704,FGM,0.380392,0.540516,0.427758,0.380392,0.497183,0.540516,0
6.20401,14.5741,7.77467,0.0677513,3.77769,0.159543,0.602704,FGM,0.380392,0.540516,0.427758,0.380392,0.497183,0.540516,0
6.20869,14.6118,7.77718,0.0694237,3.78041,0.158111,0.597727,FGM,0.380392,0.540516,0.427758,0.380392,0.497183,0.540516,0
6.21201,14.6118,7.77718,0.0694237,3.78041,0.158111,0.597727,FGM,0.380392,0.540516,0.427758,0.380392,0.497183,0.540516,0
6.21605,14.6118,7.77718,0.0694237,3.78041,0.158111,0.597727,FGM,0.380392,0.540516,0.427758,0.380392,0.497183,0.540516,0
6.22004,14.6495,7.77972,0.070937,3.78301,0.161275,0.610104,FGM,0.380392,0.540516,0.427758,0.380392,0.497183,0.540516,0
6.22401,14.6495,7.77972,0.070937,3.78301,0.161275,0.610104,FGM,0.380392,0.540516,0.427758,0.380392,0.497183,0.540516,0
6.22863,14.6873,7.78234,0.0726246,3.78548,0.159425,0.603502,FGM,0.380392,0.540516,0.427758,0.380392,0.497183,0.540516,0
6.23205,14.6873,7.78234,0.0726246,3.78548,0.159425,0.603502,FGM,0.39056,0.546622,0.246885,0.39056,0.385426,0.546622,0
6.23605,14.6873,7.78234,0.0726246,3.78548,0.159425,0.603502,FGM,0.39056,0.546622,0.246885,0.39056,0.385426,0.546622,0
6.24,14.7249,7.785,0.0741762,3.766,0.168964,0.636319,FGM,0.39056,0.546622,0.246885,0.39056,0.385426,0.546622,0
6.24405,14.7249,7.785,0.0741762,3.766,0.168964,0.636319,FGM,0.39056,0.546622,0.246885,0.39056,0.385426,0.546622,0
6.24863,14.7624,7.78771,0.0759628,3.75022,0.169978,0.637455,FGM,0.39056,0.546622,0.246885,0.39056,0.385426,0.546622,0
6.25204,14.7624,7.78771,0.0759628,3.75022,0.169978,0.637455,FGM,0.39056,0.546622,0.246885,0.39056,0.385426,0.546622,0
6.25605,14.7624,7.78771,0.0759628,3.75022,0.169978,0.637455,FGM,0.39056,0.546622,0.246885,0.39056,0.385426,0.546622,0
6.26003,14.7998,7.79046,0.0775953,3.73745,0.174327,0.651537,FGM,0.39056,0.546622,0.246885,0.39056,0.385426,0.546622,0
6.26405,14.7998,7.79046,0.0775953,3.73745,0.174327,0.651537,FGM,0.39056,0.546622,0.246885,0.39056,0.385426,0.546622,0
6.26866,14.837,7.79327,0.079416,3.7271,0.172012,0.641105,FGM,0.39056,0.546622,0.246885,0.39056,0.385426,0.546622,0
6.27205,14.837,7.79327,0.079416,3.7271,0.172012,0.641105,FGM,0.39056,0.546622,0.246885,0.39056,0.385426,0.546622,0
6.27605,14.837,7.79327,0.079416,3.7271,0.172012,0.641105,FGM,0.39056,0.546622,0.246885,0.39056,0.385426,0.546622,0
6.28003,14.8741,7.79613,0.0810586,3.71872,0.174132,0.647547,FGM,0.39056,0.546622,0.246885,0.39056,0.385426,0.546622,0
6.28404,14.8741,7.79613,0.0810586,3.71872,0.174132,0.647547,FGM,0.397809,0.554368,0.240967,0.397809,0.385426,0.554368,0
6.28863,14.911,7.79904,0.0829274,3.68214,0.179406,0.6606,FGM,0.397809,0.554368,0.240967,0.397809,0.385426,0.554368,0
6.29205,14.911,7.79904,0.0829274,3.68214,0.179406,0.6606,FGM,0.397809,0.554368,0.240967,0.397809,0.385426,0.554368,0
6.29605,14.911,7.79904,0.0829274,3.68214,0.179406,0.6606,FGM,0.397809,0.554368,0.240967,0.397809,0.385426,0.554368,0
6.30004,14.9475,7.80197,0.0846598,3.65251,0.18602,0.679442,FGM,0.397809,0.554368,0.240967,0.397809,0.385426,0.554368,0
6.30405,14.9475,7.80197,0.0846598,3.65251,0.18602,0.679442,FGM,0.397809,0.554368,0.240967,0.397809,0.385426,0.554368,0
6.30868,14.9838,7.80495,0.0866022,3.62852,0.1836,0.666196,FGM,0.397809,0.554368,0.240967,0.397809,0.385426,0.554368,0
6.31205,14.9838,7.80495,0.0866022,3.62852,0.1836,0.666196,FGM,0.397809,0.554368,0.240967,0.397809,0.385426,0.554368,0
6.31605,14.9838,7.80495,0.0866022,3.62852,0.1836,0.666196,FGM,0.397809,0.554368,0.240967,0.397809,0.385426,0.554368,0
6.32004,15.0199,7.80797,0.0883533,3.60909,0.185081,0.667975,FGM,0.397809,0.554368,0.240967,0.397809,0.385426,0.554368,0
6.32405,15.0199,7.80797,0.0883533,3.60909,0.185081,0.667975,FGM,0.397809,0.554368,0.240967,0.397809,0.385426,0.554368,0
6.32864,15.0558,7.81105,0.0902679,3.59336,0.179768,0.64597,FGM,0.397809,0.554368,0.240967,0.397809,0.385426,0.554368,0
6.33205,15.0558,7.81105,0.0902679,3.59336,0.179768,0.64597,FGM,0.395607,0.567546,0.244688,0.395607,0.385426,0.567546,0
6.33605,15.0558,7.81105,0.0902679,3.59336,0.179768,0.64597,FGM,0.395607,0.567546,0.244688,0.395607,0.385426,0.567546,0
6.34003,15.0914,7.81415,0.0919939,3.56681,0.184261,0.657225,FGM,0.395607,0.567546,0.244688,0.395607,0.385426,0.567546,0
6.34404,15.0914,7.81415,0.0919939,3.56681,0.184261,0.657225,FGM,0.395607,0.567546,0.244688,0.395607,0.385426,0.567546,0
6.34867,15.1269,7.81732,0.0939101,3.54531,0.180364,0.639445,FGM,0.395607,0.567546,0.244688,0.395607,0.385426,0.567546,0
6.35205,15.1269,7.81732,0.0939101,3.54531,0.180364,0.639445,FGM,0.395607,0.567546,0.244688,0.395607,0.385426,0.567546,0
6.35604,15.1269,7.81732,0.0939101,3.54531,0.180364,0.639445,FGM,0.395607,0.567546,0.244688,0.395607,0.385426,0.567546,0
6.36003,15.1621,7.82052,0.0956249,3.5279,0.18096,0.638407,FGM,0.395607,0.567546,0.244688,0.395607,0.385426,0.567546,0
6.36404,15.1621,7.82052,0.0956249,3.5279,0.18096,0.638407,FGM,0.395607,0.567546,0.244688,0.395607,0.385426,0.567546,0
6.36863,15.1971,7.82378,0.0974947,3.51379,0.175084,0.61521,FGM,0.395607,0.567546,0.244688,0.395607,0.385426,0.567546,0
6.37204,15.1971,7.82378,0.0974947,3.51379,0.175084,0.61521,FGM,0.395607,0.567546,0.244688,0.395607,0.385426,0.567546,0
6.37604,15.1971,7.82378,0.0974947,3.51379,0.175084,0.61521,FGM,0.395607,0.567546,0.244688,0.395607,0.385426,0.567546,0
6.38003,15.2321,7.82705,0.098826,3.50238,0.0783523,0.274419,FGM,0.395607,0.567546,0.244688,0.395607,0.385426,0.567546,0
6.38405,15.2321,7.82705,0.098826,3.50238,0.0783523,0.274419,FGM,0.386356,0.586633,0.234321,0.386356,0.385426,0.586633,0
6.38866,15.2668,7.83027,0.0991681,3.47462,0.0128682,0.0447122,FGM,0.386356,0.586633,0.234321,0.386356,0.385426,0.586633,0
6.39204,15.2668,7.83027,0.0991681,3.47462,0.0128682,0.0447122,FGM,0.386356,0.586633,0.234321,0.386356,0.385426,0.586633,0
6.39605,15.2668,7.83027,0.0991681,3.47462,0.0128682,0.0447122,FGM,0.386356,0.586633,0.234321,0.386356,0.385426,0.586633,0
6.40002,15.3013,7.83348,0.0991131,3.45214,-0.0398327,-0.137508,FGM,0.386356,0.586633,0.234321,0.386356,0.385426,0.586633,0
6.40404,15.3013,7.83348,0.0991131,3.45214,-0.0398327,-0.137508,FGM,0.386356,0.586633,0.234321,0.386356,0.385426,0.586633,0
6.40866,15.3356,7.83664,0.0984492,3.43394,-0.0726105,-0.24934,FGM,0.386356,0.586633,0.234321,0.386356,0.385426,0.586633,0
6.41205,15.3356,7.83664,0.0984492,3.43394,-0.0726105,-0.24934,FGM,0.386356,0.586633,0.234321,0.386356,0.385426,0.586633,0
6.41604,15.3356,7.83664,0.0984492,3.43394,-0.0726105,-0.24934,FGM,0.386356,0.586633,0.234321,0.386356,0.385426,0.586633,0
6.42003,15.3697,7.83979,0.0976635,3.4192,-0.101183,-0.345964,FGM,0.386356,0.586633,0.234321,0.386356,0.385426,0.586633,0
6.42404,15.3697,7.83979,0.0976635,3.4192,-0.101183,-0.345964,FGM,0.386356,0.586633,0.234321,0.386356,0.385426,0.586633,0
6.42863,15.4037,7.84291,0.096481,3.40726,-0.116401,-0.396608,FGM,0.386356,0.586633,0.234321,0.386356,0.385426,0.586633,0
6.43203,15.4037,7.84291,0.096481,3.40726,-0.116401,-0.396608,FGM,0,0.280422,0.193126,0,0.399919,0.280422,0
6.43603,15.4037,7.84291,0.096481,3.40726,-0.116401,-0.396608,FGM,0,0.280422,0.193126,0,0.399919,0.280422,0
6.44002,15.4375,7.846,0.0953217,3.37759,-0.133871,-0.452163,FGM,0,0.280422,0.193126,0,0.399919,0.280422,0
6.44404,15.4375,7.846,0.0953217,3.37759,-0.133871,-0.452163,FGM,0,0.280422,0.193126,0,0.399919,0.280422,0
6.44862,15.471,7.84903,0.0938541,3.35357,-0.140297,-0.470496,FGM,0,0.280422,0.193126,0,0.399919,0.280422,0
6.45204,15.471,7.84903,0.0938541,3.35357,-0.140297,-0.470496,FGM,0,0.280422,0.193126,0,0.399919,0.280422,0
6.45605,15.471,7.84903,0.0938541,3.35357,-0.140297,-0.470496,FGM,0,0.280422,0.193126,0,0.399919,0.280422,0
6.46002,15.5043,7.85204,0.0924949,3.33411,-0.149616,-0.498838,FGM,0,0.280422,0.193126,0,0.399919,0.280422,0
6.46403,15.5043,7.85204,0.0924949,3.33411,-0.149616,-0.498838,FGM,0,0.280422,0.193126,0,0.399919,0.280422,0
6.46866,15.5374,7.85496,0.0905715,3.31836,-0.247767,-0.822181,FGM,0,0.280422,0.193126,0,0.399919,0.280422,0
6.47204,15.5374,7.85496,0.0905715,3.31836,-0.247767,-0.822181,FGM,0,0.280422,0.193126,0,0.399919,0.280422,0
6.47604,15.5374,7.85496,0.0905715,3.31836,-0.247767,-0.822181,FGM,0,0.280422,0.193126,0,0.399919,0.280422,0
6.48003,15.5704,7.85775,0.0876699,3.3056,-0.310763,-1.02726,FGM,0,0.280422,0.193126,0,0.399919,0.280422,0
6.48403,15.5704,7.85775,0.0876699,3.3056,-0.310763,-1.02726,FGM,0,0.269765,0.288457,0,0.399919,0.269765,0
6.48866,15.6034,7.86045,0.08457,3.30272,-0.309204,-1.02121,FGM,0,0.269765,0.288457,0,0.399919,0.269765,0
6.49203,15.6034,7.86045,0.08457,3.30272,-0.309204,-1.02121,FGM,0,0.269765,0.288457,0,0.399919,0.269765,0
6.49603,15.6034,7.86045,0.08457,3.30272,-0.309204,-1.02121,FGM,0,0.269765,0.288457,0,0.399919,0.269765,0
6.50002,15.6363,7.86307,0.0813299,3.30038,-0.353583,-1.16696,FGM,0,0.269765,0.288457,0,0.399919,0.269765,0
6.50404,15.6363,7.86307,0.0813299,3.30038,-0.353583,-1.16696,FGM,0,0.269765,0.288457,0,0.399919,0.269765,0
6.50863,15.6692,7.86557,0.0775686,3.29849,-0.379813,-1.25281,FGM,0,0.269765,0.288457,0,0.399919,0.269765,0
6.51203,15.6692,7.86557,0.0775686,3.29849,-0.379813,-1.25281,FGM,0,0.269765,0.288457,0,0.399919,0.269765,0
6.51603,15.6692,7.86557,0.0775686,3.29849,-0.379813,-1.25281,FGM,0,0.269765,0.288457,0,0.399919,0.269765,0
6.52003,15.7021,7.86797,0.0737346,3.29696,-0.402868,-1.32824,FGM,0,0.269765,0.288457,0,0.399919,0.269765,0
6.52404,15.7021,7.86797,0.0737346,3.29696,-0.402868,-1.32824,FGM,0,0.269765,0.288457,0,0.399919,0.269765,0
6.52863,15.7349,7.87024,0.0695609,3.29572,-0.413934,-1.36421,FGM,0,0.269765,0.288457,0,0.399919,0.269765,0
6.53203,15.7349,7.87024,0.0695609,3.29572,-0.413934,-1.36421,FGM,0,0.265031,0.189415,0,0.399919,0.265031,0
6.53603,15.7349,7.87024,0.0695609,3.29572,-0.413934,-1.36421,FGM,0,0.265031,0.189415,0,0.399919,0.265031,0
6.54002,15.7678,7.87241,0.0654529,3.29848,-0.423983,-1.3985,FGM,0,0.265031,0.189415,0,0.399919,0.265031,0
6.544,15.7678,7.87241,0.0654529,3.29848,-0.423983,-1.3985,FGM,0,0.265031,0.189415,0,0.399919,0.265031,0
6.54863,15.8008,7.87445,0.0611161,3.30111,-0.426266,-1.40715,FGM,0,0.265031,0.189415,0,0.399919,0.265031,0
6.55203,15.8008,7.87445,0.0611161,3.30111,-0.426266,-1.40715,FGM,0,0.265031,0.189415,0,0.399919,0.265031,0
6.55603,15.8008,7.87445,0.0611161,3.30111,-0.426266,-1.40715,FGM,0,0.265031,0.189415,0,0.399919,0.265031,0
6.56002,15.8337,7.87637,0.0569049,3.30361,-0.432536,-1.42893,FGM,0,0.265031,0.189415,0,0.399919,0.265031,0
6.56403,15.8337,7.87637,0.0569049,3.30361,-0.432536,-1.42893,FGM,0,0.265031,0.189415,0,0.399919,0.265031,0
6.56866,15.8667,7.87816,0.0524964,3.30599,-0.432175,-1.42877,FGM,0,0.265031,0.189415,0,0.399919,0.265031,0
6.57204,15.8667,7.87816,0.0524964,3.30599,-0.432175,-1.42877,FGM,0,0.265031,0.189415,0,0.399919,0.265031,0
6.57606,15.8667,7.87816,0.0524964,3.30599,-0.432175,-1.42877,FGM,0,0.265031,0.189415,0,0.399919,0.265031,0
6.58002,15.8998,7.87984,0.048236,3.30826,-0.436609,-1.44442,FGM,0,0.265031,0.189415,0,0.399919,0.265031,0
6.58405,15.8998,7.87984,0.048236,3.30826,-0.436609,-1.44442,FGM,0,0.273471,0.201785,0,0.399919,0.273471,0
6.58866,15.9328,7.88137,0.043807,3.31402,-0.432707,-1.434,FGM,0,0.273471,0.201785,0,0.399919,0.273471,0
6.59204,15.9328,7.88137,0.043807,3.31402,-0.432707,-1.434,FGM,0,0.273471,0.201785,0,0.399919,0.273471,0
6.59604,15.9328,7.88137,0.043807,3.31402,-0.432707,-1.434,FGM,0,0.273471,0.201785,0,0.399919,0.273471,0
6.60004,15.966,7.88282,0.0398563,3.31951,-0.345553,-1.14707,FGM,0,0.273471,0.201785,0,0.399919,0.273471,0
6.60405,15.966,7.88282,0.0398563,3.31951,-0.345553,-1.14707,FGM,0,0.273471,0.201785,0,0.399919,0.273471,0
6.60867,15.9992,7.88421,0.03679,3.32473,-0.287697,-0.956514,FGM,0,0.273471,0.201785,0,0.399919,0.273471,0
6.61206,15.9992,7.88421,0.03679,3.32473,-0.287697,-0.956514,FGM,0,0.273471,0.201785,0,0.399919,0.273471,0
6.61606,15.9992,7.88421,0.03679,3.32473,-0.287697,-0.956514,FGM,0,0.273471,0.201785,0,0.399919,0.273471,0
6.62002,16.0324,7.8855,0.0337677,3.32971,-0.331179,-1.10273,FGM,0,0.273471,0.201785,0,0.399919,0.273471,0
6.62406,16.0324,7.8855,0.0337677,3.32971,-0.331179,-1.10273,FGM,0,0.273471,0.201785,0,0.399919,0.273471,0
6.62866,16.0657,7.88664,0.0302293,3.33445,-0.358259,-1.1946,FGM,0,0.273471,0.201785,0,0.399919,0.273471,0
6.63206,16.0657,7.88664,0.0302293,3.33445,-0.358259,-1.1946,FGM,0,0.286946,0.334209,0,0.552009,0.286946,0
6.63604,16.0657,7.88664,0.0302293,3.33445,-0.358259,-1.1946,FGM,0,0.286946,0.334209,0,0.552009,0.286946,0
6.64002,16.0991,7.88766,0.0266298,3.34751,-0.376875,-1.26159,FGM,0,0.286946,0.334209,0,0.552009,0.286946,0
6.64405,16.0991,7.88766,0.0266298,3.34751,-0.376875,-1.26159,FGM,0,0.286946,0.334209,0,0.552009,0.286946,0
6.64866,16.1326,7.88853,0.0227283,3.35996,-0.38677,-1.29953,FGM,0,0.286946,0.334209,0,0.552009,0.286946,0
6.65205,16.1326,7.88853,0.0227283,3.35996,-0.38677,-1.29953,FGM,0,0.286946,0.334209,0,0.552009,0.286946,0
6.65605,16.1326,7.88853,0.0227283,3.35996,-0.38677,-1.29953,FGM,0,0.286946,0.334209,0,0.552009,0.286946,0
6.66004,16.1663,7.88928,0.018877,3.37181,-0.399111,-1.34573,FGM,0,0.286946,0.334209,0,0.552009,0.286946,0
6.66403,16.1663,7.88928,0.018877,3.37181,-0.399111,-1.34573,FGM,0,0.286946,0.334209,0,0.552009,0.286946,0
6.66867,16.2001,7.88989,0.0147774,3.3831,-0.404296,-1.36777,FGM,0,0.286946,0.334209,0,0.552009,0.286946,0
6.67205,16.2001,7.88989,0.0147774,3.3831,-0.404296,-1.36777,FGM,0,0.286946,0.334209,0,0.552009,0.286946,0
6.67605,16.2001,7.88989,0.0147774,3.3831,-0.404296,-1.36777,FGM,0,0.286946,0.334209,0,0.552009,0.286946,0
6.68004,16.2339,7.89038,0.0107699,3.39385,-0.413096,-1.40199,FGM,0,0.286946,0.334209,0,0.552009,0.286946,0
6.68403,16.2339,7.89038,0.0107699,3.39385,-0.413096,-1.40199,FGM,0,0.266692,0.327039,0,0.552009,0.266692,0
6.68863,16.268,7.89072,0.00656597,3.40972,-0.41191,-1.4045,FGM,0,0.266692,0.327039,0,0.552009,0.266692,0
6.69205,16.268,7.89072,0.00656597,3.40972,-0.41191,-1.4045,FGM,0,0.266692,0.327039,0,0.552009,0.266692,0
6.69605,16.268,7.89072,0.00656597,3.40972,-0.41191,-1.4045,FGM,0,0.266692,0.327039,0,0.552009,0.266692,0
6.70003,16.3021,7.89094,0.00250429,3.42483,-0.416251,-1.42559,FGM,0,0.266692,0.327039,0,0.552009,0.266692,0
6.70405,16.3021,7.89094,0.00250429,3.42483,-0.416251,-1.42559,FGM,0,0.266692,0.327039,0,0.552009,0.266692,0
6.70867,16.3365,7.89101,-0.0017367,3.43922,-0.415992,-1.43069,FGM,0,0.266692,0.327039,0,0.552009,0.266692,0
6.71206,16.3365,7.89101,-0.0017367,3.43922,-0.415992,-1.43069,FGM,0,0.266692,0.327039,0,0.552009,0.266692,0
6.71605,16.3365,7.89101,-0.0017367,3.43922,-0.415992,-1.43069,FGM,0,0.266692,0.327039,0,0.552009,0.266692,0
6.72004,16.3709,7.89095,-0.00584169,3.45293,-0.420891,-1.45331,FGM,0,0.266692,0.327039,0,0.552009,0.266692,0
6.72404,16.3709,7.89095,-0.00584169,3.45293,-0.420891,-1.45331,FGM,0,0.266692,0.327039,0,0.552009,0.266692,0
6.72867,16.4055,7.89074,-0.0101312,3.46599,-0.420931,-1.45894,FGM,0,0.266692,0.327039,0,0.552009,0.266692,0
6.73206,16.4055,7.89074,-0.0101312,3.46599,-0.420931,-1.45894,FGM,0.459971,0.335977,0.325535,0.459971,0.552009,0.335977,0
6.73605,16.4055,7.89074,-0.0101312,3.46599,-0.420931,-1.45894,FGM,0.459971,0.335977,0.325535,0.459971,0.552009,0.335977,0
6.74004,16.4397,7.89041,-0.0146552,3.37089,-0.503454,-1.69709,FGM,0.459971,0.335977,0.325535,0.459971,0.552009,0.335977,0
6.74405,16.4397,7.89041,-0.0146552,3.37089,-0.503454,-1.69709,FGM,0.459971,0.335977,0.325535,0.459971,0.552009,0.335977,0
6.74867,16.4729,7.88994,-0.0200799,3.27579,-0.553971,-1.81469,FGM,0.459971,0.335977,0.325535,0.459971,0.552009,0.335977,0
6.75205,16.4729,7.88994,-0.0200799,3.27579,-0.553971,-1.81469,FGM,0.459971,0.335977,0.325535,0.459971,0.552009,0.335977,0
6.75604,16.4729,7.88994,-0.0200799,3.27579,-0.553971,-1.81469,FGM,0.459971,0.335977,0.325535,0.459971,0.552009,0.335977,0
6.76005,16.5052,7.88939,-0.0252919,3.18069,-0.469538,-1.49345,FGM,0.459971,0.335977,0.325535,0.459971,0.552009,0.335977,0
6.76405,16.5052,7.88939,-0.0252919,3.18069,-0.469538,-1.49345,FGM,0.459971,0.335977,0.325535,0.459971,0.552009,0.335977,0
6.76863,16.5365,7.88883,-0.0296005,3.08559,-0.419845,-1.29547,FGM,0.459971,0.335977,0.325535,0.459971,0.552009,0.335977,0
6.77204,16.5365,7.88883,-0.0296005,3.08559,-0.419845,-1.29547,FGM,0.459971,0.335977,0.325535,0.459971,0.552009,0.335977,0
6.77606,16.5365,7.88883,-0.0296005,3.08559,-0.419845,-1.29547,FGM,0.459971,0.335977,0.325535,0.459971,0.552009,0.335977,0
6.78004,16.5669,7.88821,-0.0336926,2.99049,-0.376568,-1.12612,FGM,0.459971,0.335977,0.325535,0.459971,0.552009,0.335977,0
6.78406,16.5669,7.88821,-0.0336926,2.99049,-0.376568,-1.12612,FGM,0,0.270832,0.325772,0,0.552009,0.270832,0
6.78868,16.597,7.8875,-0.0368565,3.02648,-0.277573,-0.840071,FGM,0,0.270832,0.325772,0,0.552009,0.270832,0
6.79206,16.597,7.8875,-0.0368565,3.02648,-0.277573,-0.840071,FGM,0,0.270832,0.325772,0,0.552009,0.270832,0
6.79606,16.597,7.8875,-0.0368565,3.02648,-0.277573,-0.840071,FGM,0,0.270832,0.325772,0,0.552009,0.270832,0
6.80006,16.6274,7.88667,-0.039339,3.06077,-0.209221,-0.640379,FGM,0,0.270832,0.325772,0,0.552009,0.270832,0
6.80407,16.6274,7.88667,-0.039339,3.06077,-0.209221,-0.640379,FGM,0,0.270832,0.325772,0,0.552009,0.270832,0
6.80867,16.6582,7.88573,-0.0411451,3.09342,-0.169684,-0.524903,FGM,0,0.270832,0.325772,0,0.552009,0.270832,0
6.81207,16.6582,7.88573,-0.0411451,3.09342,-0.169684,-0.524903,FGM,0,0.270832,0.325772,0,0.552009,0.270832,0
6.81604,16.6582,7.88573,-0.0411451,3.09342,-0.169684,-0.524903,FGM,0,0.270832,0.325772,0,0.552009,0.270832,0
6.82005,16.6892,7.88468,-0.0427628,3.12452,-0.141234,-0.441288,FGM,0,0.270832,0.325772,0,0.552009,0.270832,0
6.82405,16.6892,7.88468,-0.0427628,3.12452,-0.141234,-0.441288,FGM,0,0.270832,0.325772,0,0.552009,0.270832,0
6.82867,16.7206,7.88355,-0.04403,3.15415,-0.128314,-0.40472,FGM,0,0.270832,0.325772,0,0.552009,0.270832,0
6.83205,16.7206,7.88355,-0.04403,3.15415,-0.128314,-0.40472,FGM,0.372397,0.32081,0.223829,0.372397,1.13142,0.32081,0
6.83605,16.7206,7.88355,-0.04403,3.15415,-0.128314,-0.40472,FGM,0.372397,0.32081,0.223829,0.372397,1.13142,0.32081,0
6.84004,16.7516,7.8823,-0.0460424,3.05905,-0.287547,-0.879621,FGM,0.372397,0.32081,0.223829,0.372397,1.13142,0.32081,0
6.84405,16.7516,7.8823,-0.0460424,3.05905,-0.287547,-0.879621,FGM,0.372397,0.32081,0.223829,0.372397,1.13142,0.32081,0
6.84868,16.7817,7.88092,-0.0495594,2.96395,-0.384215,-1.13879,FGM,0.372397,0.32081,0.223829,0.372397,1.13142,0.32081,0
6.85204,16.7817,7.88092,-0.0495594,2.96395,-0.384215,-1.13879,FGM,0.372397,0.32081,0.223829,0.372397,1.13142,0.32081,0
6.85601,16.7817,7.88092,-0.0495594,2.96395,-0.384215,-1.13879,FGM,0.372397,0.32081,0.223829,0.372397,1.13142,0.32081,0
6.86004,16.8109,7.87949,-0.0532317,2.86885,-0.32941,-0.945026,FGM,0.372397,0.32081,0.223829,0.372397,1.13142,0.32081,0
6.86404,16.8109,7.87949,-0.0532317,2.86885,-0.32941,-0.945026,FGM,0.372397,0.32081,0.223829,0.372397,1.13142,0.32081,0
6.86867,16.839,7.8781,-0.0562519,2.77375,-0.301019,-0.83495,FGM,0.372397,0.32081,0.223829,0.372397,1.13142,0.32081,0
6.87204,16.839,7.8781,-0.0562519,2.77375,-0.301019,-0.83495,FGM,0.372397,0.32081,0.223829,0.372397,1.13142,0.32081,0
6.87604,16.839,7.8781,-0.0562519,2.77375,-0.301019,-0.83495,FGM,0.372397,0.32081,0.223829,0.372397,1.13142,0.32081,0
6.88003,16.8663,7.87668,-0.0592291,2.67865,-0.27144,-0.727092,FGM,0.372397,0.32081,0.223829,0.372397,1.13142,0.32081,0
6.88404,16.8663,7.87668,-0.0592291,2.67865,-0.27144,-0.727092,FGM,0.114886,0.420754,0.212827,0.114886,1.13142,0.420754,0
6.88864,16.8932,7.87522,-0.061513,2.71536,-0.205125,-0.556987,FGM,0.114886,0.420754,0.212827,0.114886,1.13142,0.420754,0
6.89205,16.8932,7.87522,-0.061513,2.71536,-0.205125,-0.556987,FGM,0.114886,0.420754,0.212827,0.114886,1.13142,0.420754,0
6.89606,16.8932,7.87522,-0.061513,2.71536,-0.205125,-0.556987,FGM,0.114886,0.420754,0.212827,0.114886,1.13142,0.420754,0
6.9,16.9205,7.87365,-0.063394,2.75032,-0.160151,-0.440466,FGM,0.114886,0.420754,0.212827,0.114886,1.13142,0.420754,0
6.90405,16.9205,7.87365,-0.063394,2.75032,-0.160151,-0.440466,FGM,0.114886,0.420754,0.212827,0.114886,1.13142,0.420754,0
6.90863,16.9481,7.87202,-0.0645375,2.78362,-0.060731,-0.169052,FGM,0.114886,0.420754,0.212827,0.114886,1.13142,0.420754,0
6.912,16.9481,7.87202,-0.0645375,2.78362,-0.060731,-0.169052,FGM,0.114886,0.420754,0.212827,0.114886,1.13142,0.420754,0
6.916,16.9481,7.87202,-0.0645375,2.78362,-0.060731,-0.169052,FGM,0.114886,0.420754,0.212827,0.114886,1.13142,0.420754,0
6.91999,16.976,7.87039,-0.0647415,2.81534,0.00083652,0.00235509,FGM,0.114886,0.420754,0.212827,0.114886,1.13142,0.420754,0
6.924,16.976,7.87039,-0.0647415,2.81534,0.00083652,0.00235509,FGM,0.114886,0.420754,0.212827,0.114886,1.13142,0.420754,0
6.92864,17.0043,7.86873,-0.0645648,2.84555,0.0462833,0.131702,FGM,0.114886,0.420754,0.212827,0.114886,1.13142,0.420754,0
6.932,17.0043,7.86873,-0.0645648,2.84555,0.0462833,0.131702,FGM,0.105894,0.418713,0.216304,0.105894,1.13142,0.418713,0
6.936,17.0043,7.86873,-0.0645648,2.84555,0.0462833,0.131702,FGM,0.105894,0.418713,0.216304,0.105894,1.13142,0.418713,0
6.93999,17.0328,7.86707,-0.0638872,2.86993,0.0720733,0.206846,FGM,0.105894,0.418713,0.216304,0.105894,1.13142,0.418713,0
6.94401,17.0328,7.86707,-0.0638872,2.86993,0.0720733,0.206846,FGM,0.105894,0.418713,0.216304,0.105894,1.13142,0.418713,0
6.94864,17.0616,7.86539,-0.0631272,2.89316,0.0938615,0.271556,FGM,0.105894,0.418713,0.216304,0.105894,1.13142,0.418713,0
6.952,17.0616,7.86539,-0.0631272,2.89316,0.0938615,0.271556,FGM,0.105894,0.418713,0.216304,0.105894,1.13142,0.418713,0
6.95601,17.0616,7.86539,-0.0631272,2.89316,0.0938615,0.271556,FGM,0.105894,0.418713,0.216304,0.105894,1.13142,0.418713,0
6.95999,17.0906,7.86373,-0.0620583,2.91527,0.103675,0.302241,FGM,0.105894,0.418713,0.216304,0.105894,1.13142,0.418713,0
6.964,17.0906,7.86373,-0.0620583,2.91527,0.103675,0.302241,FGM,0.105894,0.418713,0.216304,0.105894,1.13142,0.418713,0
6.96864,17.1198,7.86206,-0.06104,2.93634,0.114828,0.337173,FGM,0.105894,0.418713,0.216304,0.105894,1.13142,0.418713,0
6.972,17.1198,7.86206,-0.06104,2.93634,0.114828,0.337173,FGM,0.105894,0.418713,0.216304,0.105894,1.13142,0.418713,0
6.97598,17.1198,7.86206,-0.06104,2.93634,0.114828,0.337173,FGM,0.105894,0.418713,0.216304,0.105894,1.13142,0.418713,0
6.97997,17.1492,7.8604,-0.0597983,2.9564,0.117599,0.347671,FGM,0.105894,0.418713,0.216304,0.105894,1.13142,0.418713,0
6.98404,17.1492,7.8604,-0.0597983,2.9564,0.117599,0.347671,FGM,0.107568,0.431562,0,0.107568,1.0268,0.431562,0
6.98862,17.1788,7.85875,-0.0586665,2.97616,0.124024,0.369115,FGM,0.107568,0.431562,0,0.107568,1.0268,0.431562,0
6.99201,17.1788,7.85875,-0.0586665,2.97616,0.124024,0.369115,FGM,0.107568,0.431562,0,0.107568,1.0268,0.431562,0
6.99601,17.1788,7.85875,-0.0586665,2.97616,0.124024,0.369115,FGM,0.107568,0.431562,0,0.107568,1.0268,0.431562,0
7,17.2086,7.85712,-0.0573488,2.99498,0.12373,0.370571,FGM,0.107568,0.431562,0,0.107568,1.0268,0.431562,0
7.00401,17.2086,7.85712,-0.0573488,2.99498,0.12373,0.370571,FGM,0.107568,0.431562,0,0.107568,1.0268,0.431562,0
7.00865,17.2386,7.8555,-0.0561667,3.01291,0.12823,0.386346,FGM,0.107568,0.431562,0,0.107568,1.0268,0.431562,0
7.01201,17.2386,7.8555,-0.0561667,3.01291,0.12823,0.386346,FGM,0.107568,0.431562,0,0.107568,1.0268,0.431562,0
7.01598,17.2386,7.8555,-0.0561667,3.01291,0.12823,0.386346,FGM,0.107568,0.431562,0,0.107568,1.0268,0.431562,0
7.02,17.2688,7.85391,-0.0548129,3.02999,0.126711,0.383933,FGM,0.107568,0.431562,0,0.107568,1.0268,0.431562,0
7.02401,17.2688,7.85391,-0.0548129,3.02999,0.126711,0.383933,FGM,0.107568,0.431562,0,0.107568,1.0268,0.431562,0
7.02862,17.2991,7.85233,-0.0536058,3.04625,0.130437,0.397343,FGM,0.107568,0.431562,0,0.107568,1.0268,0.431562,0
7.03201,17.2991,7.85233,-0.0536058,3.04625,0.130437,0.397343,FGM,0.10496,0.439431,0,0.10496,1.0268,0.439431,0
7.03601,17.2991,7.85233,-0.0536058,3.04625,0.130437,0.397343,FGM,0.10496,0.439431,0,0.10496,1.0268,0.439431,0
7.04,17.3296,7.85078,-0.052231,3.0609,0.12856,0.393509,FGM,0.10496,0.439431,0,0.10496,1.0268,0.439431,0
7.04401,17.3296,7.85078,-0.052231,3.0609,0.12856,0.393509,FGM,0.10496,0.439431,0,0.10496,1.0268,0.439431,0
7.04865,17.3603,7.84925,-0.0510073,3.07486,0.132091,0.40616,FGM,0.10496,0.439431,0,0.10496,1.0268,0.439431,0
7.05201,17.3603,7.84925,-0.0510073,3.07486,0.132091,0.40616,FGM,0.10496,0.439431,0,0.10496,1.0268,0.439431,0
7.05604,17.3603,7.84925,-0.0510073,3.07486,0.132091,0.40616,FGM,0.10496,0.439431,0,0.10496,1.0268,0.439431,0
7.06,17.3911,7.84775,-0.0496168,3.08815,0.12996,0.401336,FGM,0.10496,0.439431,0,0.10496,1.0268,0.439431,0
7.06402,17.3911,7.84775,-0.0496168,3.08815,0.12996,0.401336,FGM,0.10496,0.439431,0,0.10496,1.0268,0.439431,0
7.06869,17.422,7.84627,-0.0483805,3.10082,0.133336,0.413449,FGM,0.10496,0.439431,0,0.10496,1.0268,0.439431,0
7.07202,17.422,7.84627,-0.0483805,3.10082,0.133336,0.413449,FGM,0.10496,0.439431,0,0.10496,1.0268,0.439431,0
7.07599,17.422,7.84627,-0.0483805,3.10082,0.133336,0.413449,FGM,0.10496,0.439431,0,0.10496,1.0268,0.439431,0
7.07998,17.453,7.84484,-0.0469776,3.11288,0.131116,0.408148,FGM,0.10496,0.439431,0,0.10496,1.0268,0.439431,0
7.08399,17.453,7.84484,-0.0469776,3.11288,0.131116,0.408148,FGM,0.089348,0.427581,0,0.089348,1.0268,0.427581,0
7.08862,17.4842,7.84342,-0.0457331,3.12853,0.133629,0.418064,FGM,0.089348,0.427581,0,0.089348,1.0268,0.427581,0
7.09198,17.4842,7.84342,-0.0457331,3.12853,0.133629,0.418064,FGM,0.089348,0.427581,0,0.089348,1.0268,0.427581,0
7.09598,17.4842,7.84342,-0.0457331,3.12853,0.133629,0.418064,FGM,0.089348,0.427581,0,0.089348,1.0268,0.427581,0
7.09997,17.5155,7.84205,-0.0443305,3.14344,0.131023,0.411861,FGM,0.089348,0.427581,0,0.089348,1.0268,0.427581,0
7.10398,17.5155,7.84205,-0.0443305,3.14344,0.131023,0.411861,FGM,0.089348,0.427581,0,0.089348,1.0268,0.427581,0
7.10862,17.547,7.84069,-0.043085,3.15764,0.134025,0.423204,FGM,0.089348,0.427581,0,0.089348,1.0268,0.427581,0
7.11201,17.547,7.84069,-0.043085,3.15764,0.134025,0.423204,FGM,0.089348,0.427581,0,0.089348,1.0268,0.427581,0
7.11602,17.547,7.84069,-0.043085,3.15764,0.134025,0.423204,FGM,0.089348,0.427581,0,0.089348,1.0268,0.427581,0
7.11997,17.5786,7.83938,-0.0416761,3.17117,0.131753,0.417811,FGM,0.089348,0.427581,0,0.089348,1.0268,0.427581,0
7.12402,17.5786,7.83938,-0.0416761,3.17117,0.131753,0.417811,FGM,0.089348,0.427581,0,0.089348,1.0268,0.427581,0
7.12865,17.6104,7.83809,-0.0404226,3.18405,0.134977,0.429774,FGM,0.089348,0.427581,0,0.089348,1.0268,0.427581,0
7.13204,17.6104,7.83809,-0.0404226,3.18405,0.134977,0.429774,FGM,0.10759,0.454134,0,0.10759,1.27281,0.454134,0
7.13604,17.6104,7.83809,-0.0404226,3.18405,0.134977,0.429774,FGM,0.10759,0.454134,0,0.10759,1.27281,0.454134,0
7.13999,17.6422,7.83685,-0.0390045,3.19749,0.132639,0.424112,FGM,0.10759,0.454134,0,0.10759,1.27281,0.454134,0
7.14403,17.6422,7.83685,-0.0390045,3.19749,0.132639,0.424112,FGM,0.10759,0.454134,0,0.10759,1.27281,0.454134,0
7.14868,17.6743,7.83563,-0.0377425,3.21029,0.135791,0.435928,FGM,0.10759,0.454134,0,0.10759,1.27281,0.454134,0
7.15203,17.6743,7.83563,-0.0377425,3.21029,0.135791,0.435928,FGM,0.10759,0.454134,0,0.10759,1.27281,0.454134,0
7.15605,17.6743,7.83563,-0.0377425,3.21029,0.135791,0.435928,FGM,0.10759,0.454134,0,0.10759,1.27281,0.454134,0
7.16003,17.7064,7.83446,-0.0363148,3.22249,0.133655,0.430702,FGM,0.10759,0.454134,0,0.10759,1.27281,0.454134,0
7.16404,17.7064,7.83446,-0.0363148,3.22249,0.133655,0.430702,FGM,0.10759,0.454134,0,0.10759,1.27281,0.454134,0
7.16865,17.7387,7.83331,-0.0350424,3.2341,0.136931,0.442849,FGM,0.10759,0.454134,0,0.10759,1.27281,0.454134,0
7.17203,17.7387,7.83331,-0.0350424,3.2341,0.136931,0.442849,FGM,0.10759,0.454134,0,0.10759,1.27281,0.454134,0
7.17603,17.7387,7.83331,-0.0350424,3.2341,0.136931,0.442849,FGM,0.10759,0.454134,0,0.10759,1.27281,0.454134,0
7.18002,17.771,7.83221,-0.0336025,3.24516,0.134867,0.437664,FGM,0.10759,0.454134,0,0.10759,1.27281,0.454134,0
7.184,17.771,7.83221,-0.0336025,3.24516,0.134867,0.437664,FGM,0.112239,0.481853,0,0.112239,1.27281,0.481853,0
7.18868,17.8035,7.83114,-0.0323134,3.24964,0.139508,0.453352,FGM,0.112239,0.481853,0,0.112239,1.27281,0.481853,0
7.19204,17.8035,7.83114,-0.0323134,3.24964,0.139508,0.453352,FGM,0.112239,0.481853,0,0.112239,1.27281,0.481853,0
7.19604,17.8035,7.83114,-0.0323134,3.24964,0.139508,0.453352,FGM,0.112239,0.481853,0,0.112239,1.27281,0.481853,0
7.20002,17.836,7.83012,-0.0308417,3.2539,0.138086,0.449319,FGM,0.112239,0.481853,0,0.112239,1.27281,0.481853,0
7.20404,17.836,7.83012,-0.0308417,3.2539,0.138086,0.449319,FGM,0.112239,0.481853,0,0.112239,1.27281,0.481853,0
7.20869,17.8685,7.82913,-0.0295249,3.25796,0.141888,0.462266,FGM,0.112239,0.481853,0,0.112239,1.27281,0.481853,0
7.21205,17.8685,7.82913,-0.0295249,3.25796,0.141888,0.462266,FGM,0.112239,0.481853,0,0.112239,1.27281,0.481853,0
7.21604,17.8685,7.82913,-0.0295249,3.25796,0.141888,0.462266,FGM,0.112239,0.481853,0,0.112239,1.27281,0.481853,0
7.21999,17.9011,7.8282,-0.0280324,3.26183,0.139869,0.456227,FGM,0.112239,0.481853,0,0.112239,1.27281,0.481853,0
7.22405,17.9011,7.8282,-0.0280324,3.26183,0.139869,0.456227,FGM,0.112239,0.481853,0,0.112239,1.27281,0.481853,0
7.22868,17.9338,7.82729,-0.0267003,3.26551,0.143245,0.467769,FGM,0.112239,0.481853,0,0.112239,1.27281,0.481853,0
7.23203,17.9338,7.82729,-0.0267003,3.26551,0.143245,0.467769,FGM,0.100082,0.467373,0,0.100082,1.27281,0.467373,0
7.23604,17.9338,7.82729,-0.0267003,3.26551,0.143245,0.467769,FGM,0.100082,0.467373,0,0.100082,1.27281,0.467373,0
7.24002,17.9662,7.82645,-0.0251219,3.21858,0.151115,0.486377,FGM,0.100082,0.467373,0,0.100082,1.27281,0.467373,0
7.24403,17.9662,7.82645,-0.0251219,3.21858,0.151115,0.486377,FGM,0.100082,0.467373,0,0.100082,1.27281,0.467373,0
7.24869,17.9981,7.82565,-0.0236613,3.18058,0.160454,0.510337,FGM,0.100082,0.467373,0,0.100082,1.27281,0.467373,0
7.25203,17.9981,7.82565,-0.0236613,3.18058,0.160454,0.510337,FGM,0.100082,0.467373,0,0.100082,1.27281,0.467373,0
7.25603,17.9981,7.82565,-0.0236613,3.18058,0.160454,0.510337,FGM,0.100082,0.467373,0,0.100082,1.27281,0.467373,0
7.26002,18.0298,7.82492,-0.0219671,3.1498,0.158876,0.500428,FGM,0.100082,0.467373,0,0.100082,1.27281,0.467373,0
7.26403,18.0298,7.82492,-0.0219671,3.1498,0.158876,0.500428,FGM,0.100082,0.467373,0,0.100082,1.27281,0.467373,0
7.26865,18.0612,7.82423,-0.0204574,3.12488,0.161896,0.505907,FGM,0.100082,0.467373,0,0.100082,1.27281,0.467373,0
7.27204,18.0612,7.82423,-0.0204574,3.12488,0.161896,0.505907,FGM,0.100082,0.467373,0,0.100082,1.27281,0.467373,0
7.27603,18.0612,7.82423,-0.0204574,3.12488,0.161896,0.505907,FGM,0.100082,0.467373,0,0.100082,1.27281,0.467373,0
7.28002,18.0923,7.8236,-0.0187716,3.1047,0.156777,0.486747,FGM,0.100082,0.467373,0,0.100082,1.27281,0.467373,0
7.28403,18.0923,7.8236,-0.0187716,3.1047,0.156777,0.486747,FGM,0.092203,0.46458,0.153013,0.092203,0.884178,0.46458,0
7.28869,18.1231,7.82301,-0.017257,3.05321,0.166558,0.508537,FGM,0.092203,0.46458,0.153013,0.092203,0.884178,0.46458,0
7.29203,18.1231,7.82301,-0.017257,3.05321,0.166558,0.508537,FGM,0.092203,0.46458,0.153013,0.092203,0.884178,0.46458,0
7.29604,18.1231,7.82301,-0.017257,3.05321,0.166558,0.508537,FGM,0.092203,0.46458,0.153013,0.092203,0.884178,0.46458,0
7.30002,18.1534,7.82249,-0.0155045,3.01151,0.163601,0.492686,FGM,0.092203,0.46458,0.153013,0.092203,0.884178,0.46458,0
7.30403,18.1534,7.82249,-0.0155045,3.01151,0.163601,0.492686,FGM,0.092203,0.46458,0.153013,0.092203,0.884178,0.46458,0
7.30869,18.1833,7.82201,-0.013957,2.97774,0.165462,0.492702,FGM,0.092203,0.46458,0.153013,0.092203,0.884178,0.46458,0
7.31203,18.1833,7.82201,-0.013957,2.97774,0.165462,0.492702,FGM,0.092203,0.46458,0.153013,0.092203,0.884178,0.46458,0
7.31604,18.1833,7.82201,-0.013957,2.97774,0.165462,0.492702,FGM,0.092203,0.46458,0.153013,0.092203,0.884178,0.46458,0
7.32002,18.213,7.8216,-0.0122432,2.95039,0.158346,0.467182,FGM,0.092203,0.46458,0.153013,0.092203,0.884178,0.46458,0
7.32405,18.213,7.8216,-0.0122432,2.95039,0.158346,0.467182,FGM,0.092203,0.46458,0.153013,0.092203,0.884178,0.46458,0
7.3287,18.2424,7.82122,-0.0107564,2.92825,0.157881,0.462314,FGM,0.092203,0.46458,0.153013,0.092203,0.884178,0.46458,0
7.332,18.2424,7.82122,-0.0107564,2.92825,0.157881,0.462314,FGM,0.0848946,0.461067,0.130807,0.0848946,0.884178,0.461067,0
7.33604,18.2424,7.82122,-0.0107564,2.92825,0.157881,0.462314,FGM,0.0848946,0.461067,0.130807,0.0848946,0.884178,0.461067,0
7.34002,18.2713,7.82091,-0.00905627,2.86642,0.159812,0.458089,FGM,0.0848946,0.461067,0.130807,0.0848946,0.884178,0.461067,0
7.34403,18.2713,7.82091,-0.00905627,2.86642,0.159812,0.458089,FGM,0.0848946,0.461067,0.130807,0.0848946,0.884178,0.461067,0
7.3487,18.2998,7.82064,-0.00753689,2.81636,0.164658,0.463737,FGM,0.0848946,0.461067,0.130807,0.0848946,0.884178,0.461067,0
7.35204,18.2998,7.82064,-0.00753689,2.81636,0.164658,0.463737,FGM,0.0848946,0.461067,0.130807,0.0848946,0.884178,0.461067,0
7.35603,18.2998,7.82064,-0.00753689,2.81636,0.164658,0.463737,FGM,0.0848946,0.461067,0.130807,0.0848946,0.884178,0.461067,0
7.36002,18.3277,7.82044,-0.00582536,2.77582,0.157577,0.437404,FGM,0.0848946,0.461067,0.130807,0.0848946,0.884178,0.461067,0
7.36403,18.3277,7.82044,-0.00582536,2.77582,0.157577,0.437404,FGM,0.0848946,0.461067,0.130807,0.0848946,0.884178,0.461067,0
7.3687,18.3553,7.82026,-0.00435042,2.74298,0.157102,0.430928,FGM,0.0848946,0.461067,0.130807,0.0848946,0.884178,0.461067,0
7.37203,18.3553,7.82026,-0.00435042,2.74298,0.157102,0.430928,FGM,0.0848946,0.461067,0.130807,0.0848946,0.884178,0.461067,0
7.37603,18.3553,7.82026,-0.00435042,2.74298,0.157102,0.430928,FGM,0.0848946,0.461067,0.130807,0.0848946,0.884178,0.461067,0
7.38003,18.3826,7.82015,-0.00273107,2.7164,0.147965,0.401931,FGM,0.0848946,0.461067,0.130807,0.0848946,0.884178,0.461067,0
7.38403,18.3826,7.82015,-0.00273107,2.7164,0.147965,0.401931,FGM,0.0886344,0.469748,0.13804,0.0886344,0.884178,0.469748,0
7.38867,18.4095,7.82008,-0.00133003,2.6712,0.152508,0.407379,FGM,0.0886344,0.469748,0.13804,0.0886344,0.884178,0.469748,0
7.39204,18.4095,7.82008,-0.00133003,2.6712,0.152508,0.407379,FGM,0.0886344,0.469748,0.13804,0.0886344,0.884178,0.469748,0
7.39604,18.4095,7.82008,-0.00133003,2.6712,0.152508,0.407379,FGM,0.0886344,0.469748,0.13804,0.0886344,0.884178,0.469748,0
7.40002,18.4361,7.82006,0.000258269,2.6346,0.145364,0.382975,FGM,0.0886344,0.469748,0.13804,0.0886344,0.884178,0.469748,0
7.40404,18.4361,7.82006,0.000258269,2.6346,0.145364,0.382975,FGM,0.0886344,0.469748,0.13804,0.0886344,0.884178,0.469748,0
7.40875,18.4623,7.82007,0.00161516,2.60496,0.145475,0.378956,FGM,0.0886344,0.469748,0.13804,0.0886344,0.884178,0.469748,0
7.41203,18.4623,7.82007,0.00161516,2.60496,0.145475,0.378956,FGM,0.0886344,0.469748,0.13804,0.0886344,0.884178,0.469748,0
7.41604,18.4623,7.82007,0.00161516,2.60496,0.145475,0.378956,FGM,0.0886344,0.469748,0.13804,0.0886344,0.884178,0.469748,0
7.42003,18.4882,7.82014,0.00312,2.58096,0.136843,0.353187,FGM,0.0886344,0.469748,0.13804,0.0886344,0.884178,0.469748,0
7.42401,18.4882,7.82014,0.00312,2.58096,0.136843,0.353187,FGM,0.0886344,0.469748,0.13804,0.0886344,0.884178,0.469748,0
7.42872,18.5139,7.82024,0.00439335,2.56152,0.136597,0.349897,FGM,0.0886344,0.469748,0.13804,0.0886344,0.884178,0.469748,0
7.43203,18.5139,7.82024,0.00439335,2.56152,0.136597,0.349897,FGM,0.0807778,0.441026,0.274948,0.0807778,0.990832,0.441026,0
7.43604,18.5139,7.82024,0.00439335,2.56152,0.136597,0.349897,FGM,0.0807778,0.441026,0.274948,0.0807778,0.990832,0.441026,0
7.44002,18.5393,7.82039,0.00584819,2.51717,0.133599,0.33629,FGM,0.0807778,0.441026,0.274948,0.0807778,0.990832,0.441026,0
7.44403,18.5393,7.82039,0.00584819,2.51717,0.133599,0.33629,FGM,0.0807778,0.441026,0.274948,0.0807778,0.990832,0.441026,0
7.44869,18.5643,7.82056,0.00710124,2.48125,0.136751,0.339313,FGM,0.0807778,0.441026,0.274948,0.0807778,0.990832,0.441026,0
7.45204,18.5643,7.82056,0.00710124,2.48125,0.136751,0.339313,FGM,0.0807778,0.441026,0.274948,0.0807778,0.990832,0.441026,0
7.45604,18.5643,7.82056,0.00710124,2.48125,0.136751,0.339313,FGM,0.0807778,0.441026,0.274948,0.0807778,0.990832,0.441026,0
7.46003,18.589,7.82078,0.00852747,2.45216,0.129304,0.317073,FGM,0.0807778,0.441026,0.274948,0.0807778,0.990832,0.441026,0
7.46404,18.589,7.82078,0.00852747,2.45216,0.129304,0.317073,FGM,0.0807778,0.441026,0.274948,0.0807778,0.990832,0.441026,0
7.46869,18.6134,7.82103,0.00972991,2.4286,0.130219,0.316249,FGM,0.0807778,0.441026,0.274948,0.0807778,0.990832,0.441026,0
7.47204,18.6134,7.82103,0.00972991,2.4286,0.130219,0.316249,FGM,0.0807778,0.441026,0.274948,0.0807778,0.990832,0.441026,0
7.47602,18.6134,7.82103,0.00972991,2.4286,0.130219,0.316249,FGM,0.0807778,0.441026,0.274948,0.0807778,0.990832,0.441026,0
7.48002,18.6376,7.82132,0.0110849,2.40952,0.122442,0.295028,FGM,0.0807778,0.441026,0.274948,0.0807778,0.990832,0.441026,0
7.48403,18.6376,7.82132,0.0110849,2.40952,0.122442,0.295028,FGM,0.0712641,0.427813,0.265056,0.0712641,0.990832,0.427813,0
7.4887,18.6615,7.82163,0.012232,2.379,0.126313,0.300498,FGM,0.0712641,0.427813,0.265056,0.0712641,0.990832,0.427813,0
7.49203,18.6615,7.82163,0.012232,2.379,0.126313,0.300498,FGM,0.0712641,0.427813,0.265056,0.0712641,0.990832,0.427813,0
7.49605,18.6615,7.82163,0.012232,2.379,0.126313,0.300498,FGM,0.0712641,0.427813,0.265056,0.0712641,0.990832,0.427813,0
7.50002,18.6852,7.82198,0.0135566,2.35427,0.119678,0.281756,FGM,0.0712641,0.427813,0.265056,0.0712641,0.990832,0.427813,0
7.50403,18.6852,7.82198,0.0135566,2.35427,0.119678,0.281756,FGM,0.0712641,0.427813,0.265056,0.0712641,0.990832,0.427813,0
7.50869,18.7086,7.82235,0.0146696,2.33425,0.121655,0.283974,FGM,0.0712641,0.427813,0.265056,0.0712641,0.990832,0.427813,0
7.51205,18.7086,7.82235,0.0146696,2.33425,0.121655,0.283974,FGM,0.0712641,0.427813,0.265056,0.0712641,0.990832,0.427813,0
7.51604,18.7086,7.82235,0.0146696,2.33425,0.121655,0.283974,FGM,0.0712641,0.427813,0.265056,0.0712641,0.990832,0.427813,0
7.52003,18.7319,7.82276,0.0159424,2.31804,0.114707,0.265896,FGM,0.0712641,0.427813,0.265056,0.0712641,0.990832,0.427813,0
7.52404,18.7319,7.82276,0.0159424,2.31804,0.114707,0.265896,FGM,0.0712641,0.427813,0.265056,0.0712641,0.990832,0.427813,0
7.52872,18.755,7.82319,0.0170086,2.30491,0.116792,0.269196,FGM,0.0712641,0.427813,0.265056,0.0712641,0.990832,0.427813,0
7.53201,18.755,7.82319,0.0170086,2.30491,0.116792,0.269196,FGM,0.0815692,0.443714,0.0649278,0.0815692,2.01604,0.443714,0
7.53601,18.755,7.82319,0.0170086,2.30491,0.116792,0.269196,FGM,0.0815692,0.443714,0.0649278,0.0815692,2.01604,0.443714,0
7.54,18.7779,7.82366,0.0182523,2.27644,0.112478,0.256048,FGM,0.0815692,0.443714,0.0649278,0.0815692,2.01604,0.443714,0
7.54402,18.7779,7.82366,0.0182523,2.27644,0.112478,0.256048,FGM,0.0815692,0.443714,0.0649278,0.0815692,2.01604,0.443714,0
7.54871,18.8005,7.82414,0.0193015,2.25338,0.116219,0.261887,FGM,0.0815692,0.443714,0.0649278,0.0815692,2.01604,0.443714,0
7.55201,18.8005,7.82414,0.0193015,2.25338,0.116219,0.261887,FGM,0.0815692,0.443714,0.0649278,0.0815692,2.01604,0.443714,0
7.55602,18.8005,7.82414,0.0193015,2.25338,0.116219,0.261887,FGM,0.0815692,0.443714,0.0649278,0.0815692,2.01604,0.443714,0
7.56001,18.8229,7.82466,0.0205246,2.23471,0.109913,0.245624,FGM,0.0815692,0.443714,0.0649278,0.0815692,2.01604,0.443714,0
7.56401,18.8229,7.82466,0.0205246,2.23471,0.109913,0.245624,FGM,0.0815692,0.443714,0.0649278,0.0815692,2.01604,0.443714,0
7.56872,18.8452,7.82518,0.0215458,2.21959,0.112709,0.250166,FGM,0.0815692,0.443714,0.0649278,0.0815692,2.01604,0.443714,0
7.57204,18.8452,7.82518,0.0215458,2.21959,0.112709,0.250166,FGM,0.0815692,0.443714,0.0649278,0.0815692,2.01604,0.443714,0
7.57601,18.8452,7.82518,0.0215458,2.21959,0.112709,0.250166,FGM,0.0815692,0.443714,0.0649278,0.0815692,2.01604,0.443714,0
7.58,18.8673,7.82575,0.0227313,2.20734,0.106422,0.23491,FGM,0.0815692,0.443714,0.0649278,0.0815692,2.01604,0.443714,0
7.58401,18.8673,7.82575,0.0227313,2.20734,0.106422,0.23491,FGM,0.0196636,0.691784,0.10311,0.0196636,2.01604,0.691784,0
7.58869,18.8889,7.82631,0.0237533,2.11224,0.1214,0.256427,FGM,0.0196636,0.691784,0.10311,0.0196636,2.01604,0.691784,0
7.59201,18.8889,7.82631,0.0237533,2.11224,0.1214,0.256427,FGM,0.0196636,0.691784,0.10311,0.0196636,2.01604,0.691784,0
7.59601,18.8889,7.82631,0.0237533,2.11224,0.1214,0.256427,FGM,0.0196636,0.691784,0.10311,0.0196636,2.01604,0.691784,0
7.60001,18.9096,7.82689,0.0250705,2.01714,0.116755,0.235511,FGM,0.0196636,0.691784,0.10311,0.0196636,2.01604,0.691784,0
7.60401,18.9096,7.82689,0.0250705,2.01714,0.116755,0.235511,FGM,0.0196636,0.691784,0.10311,0.0196636,2.01604,0.691784,0
7.6087,18.9293,7.82741,0.0257499,1.92204,0.00583048,0.0112064,FGM,0.0196636,0.691784,0.10311,0.0196636,2.01604,0.691784,0
7.61201,18.9293,7.82741,0.0257499,1.92204,0.00583048,0.0112064,FGM,0.0196636,0.691784,0.10311,0.0196636,2.01604,0.691784,0
7.61601,18.9293,7.82741,0.0257499,1.92204,0.00583048,0.0112064,FGM,0.0196636,0.691784,0.10311,0.0196636,2.01604,0.691784,0
7.62,18.948,7.82784,0.0254217,1.82694,-0.0402453,-0.0735259,FGM,0.0196636,0.691784,0.10311,0.0196636,2.01604,0.691784,0
7.62401,18.948,7.82784,0.0254217,1.82694,-0.0402453,-0.0735259,FGM,0.0196636,0.691784,0.10311,0.0196636,2.01604,0.691784,0
7.62875,18.9658,7.82823,0.0249473,1.73184,-0.0758504,-0.131361,FGM,0.0196636,0.691784,0.10311,0.0196636,2.01604,0.691784,0
7.63202,18.9658,7.82823,0.0249473,1.73184,-0.0758504,-0.131361,FGM,0.0253846,0.694932,0.0575241,0.0253846,2.01604,0.694932,0
7.63601,18.9658,7.82823,0.0249473,1.73184,-0.0758504,-0.131361,FGM,0.0253846,0.694932,0.0575241,0.0253846,2.01604,0.694932,0
7.64,18.9826,7.82856,0.0240415,1.63674,-0.0782922,-0.128144,FGM,0.0253846,0.694932,0.0575241,0.0253846,2.01604,0.694932,0
7.64402,18.9826,7.82856,0.0240415,1.63674,-0.0782922,-0.128144,FGM,0.0253846,0.694932,0.0575241,0.0253846,2.01604,0.694932,0
7.64872,18.9985,7.82887,0.0233128,1.54164,-0.0915056,-0.141069,FGM,0.0253846,0.694932,0.0575241,0.0253846,2.01604,0.694932,0
7.65201,18.9985,7.82887,0.0233128,1.54164,-0.0915056,-0.141069,FGM,0.0253846,0.694932,0.0575241,0.0253846,2.01604,0.694932,0
7.65602,18.9985,7.82887,0.0233128,1.54164,-0.0915056,-0.141069,FGM,0.0253846,0.694932,0.0575241,0.0253846,2.01604,0.694932,0
7.66,19.0135,7.82912,0.0223264,1.44654,-0.0797664,-0.115386,FGM,0.0253846,0.694932,0.0575241,0.0253846,2.01604,0.694932,0
7.66401,19.0135,7.82912,0.0223264,1.44654,-0.0797664,-0.115386,FGM,0.0253846,0.694932,0.0575241,0.0253846,2.01604,0.694932,0
7.66872,19.0275,7.8294,0.0219765,1.36703,0.0196327,0.0268385,FGM,0.0253846,0.694932,0.0575241,0.0253846,2.01604,0.694932,0
7.67202,19.0275,7.8294,0.0219765,1.36703,0.0196327,0.0268385,FGM,0.0253846,0.694932,0.0575241,0.0253846,2.01604,0.694932,0
7.67598,19.0275,7.8294,0.0219765,1.36703,0.0196327,0.0268385,FGM,0.0253846,0.694932,0.0575241,0.0253846,2.01604,0.694932,0
7.67997,19.0409,7.82976,0.0227744,1.30264,0.142834,0.186062,FGM,0.0253846,0.694932,0.0575241,0.0253846,2.01604,0.694932,0
7.68401,19.0409,7.82976,0.0227744,1.30264,0.142834,0.186062,FGM,0.0375823,0.691818,0.20612,0.0375823,1.91428,0.691818,0
7.68876,19.0536,7.83021,0.0244929,1.24866,0.17007,0.21236,FGM,0.0375823,0.691818,0.20612,0.0375823,1.91428,0.691818,0
7.69202,19.0536,7.83021,0.0244929,1.24866,0.17007,0.21236,FGM,0.0375823,0.691818,0.20612,0.0375823,1.91428,0.691818,0
7.69602,19.0536,7.83021,0.0244929,1.24866,0.17007,0.21236,FGM,0.0375823,0.691818,0.20612,0.0375823,1.91428,0.691818,0
7.7,19.0659,7.83067,0.0258802,1.20495,0.0963191,0.11606,FGM,0.0375823,0.691818,0.20612,0.0375823,1.91428,0.691818,0
7.70401,19.0659,7.83067,0.0258802,1.20495,0.0963191,0.11606,FGM,0.0375823,0.691818,0.20612,0.0375823,1.91428,0.691818,0
7.70875,19.0777,7.83105,0.0263364,1.16955,-0.00841169,-0.00983789,FGM,0.0375823,0.691818,0.20612,0.0375823,1.91428,0.691818,0
7.71201,19.0777,7.83105,0.0263364,1.16955,-0.00841169,-0.00983789,FGM,0.0375823,0.691818,0.20612,0.0375823,1.91428,0.691818,0
7.71599,19.0777,7.83105,0.0263364,1.16955,-0.00841169,-0.00983789,FGM,0.0375823,0.691818,0.20612,0.0375823,1.91428,0.691818,0
7.71998,19.0893,7.83132,0.0257067,1.14088,-0.118226,-0.134882,FGM,0.0375823,0.691818,0.20612,0.0375823,1.91428,0.691818,0
7.724,19.0893,7.83132,0.0257067,1.14088,-0.118226,-0.134882,FGM,0.0375823,0.691818,0.20612,0.0375823,1.91428,0.691818,0
7.72876,19.1006,7.83145,0.0239893,1.11767,-0.225277,-0.251786,FGM,0.0375823,0.691818,0.20612,0.0375823,1.91428,0.691818,0
7.73202,19.1006,7.83145,0.0239893,1.11767,-0.225277,-0.251786,FGM,0.0271816,0.69375,0.20449,0.0271816,1.91428,0.69375,0
7.73601,19.1006,7.83145,0.0239893,1.11767,-0.225277,-0.251786,FGM,0.0271816,0.69375,0.20449,0.0271816,1.91428,0.69375,0
7.74,19.1117,7.83145,0.0214912,1.09721,-0.24655,-0.270516,FGM,0.0271816,0.69375,0.20449,0.0271816,1.91428,0.69375,0
7.74401,19.1117,7.83145,0.0214912,1.09721,-0.24655,-0.270516,FGM,0.0271816,0.69375,0.20449,0.0271816,1.91428,0.69375,0
7.74876,19.1225,7.8314,0.0192937,1.08064,-0.18334,-0.198124,FGM,0.0271816,0.69375,0.20449,0.0271816,1.91428,0.69375,0
7.75201,19.1225,7.8314,0.0192937,1.08064,-0.18334,-0.198124,FGM,0.0271816,0.69375,0.20449,0.0271816,1.91428,0.69375,0
7.75601,19.1225,7.8314,0.0192937,1.08064,-0.18334,-0.198124,FGM,0.0271816,0.69375,0.20449,0.0271816,1.91428,0.69375,0
7.76,19.1333,7.83138,0.0178979,1.06722,-0.0927246,-0.0989575,FGM,0.0271816,0.69375,0.20449,0.0271816,1.91428,0.69375,0
7.76401,19.1333,7.83138,0.0178979,1.06722,-0.0927246,-0.0989575,FGM,0.0271816,0.69375,0.20449,0.0271816,1.91428,0.69375,0
7.76874,19.1439,7.83145,0.0174569,1.05635,0.00541793,0.00572325,FGM,0.0271816,0.69375,0.20449,0.0271816,1.91428,0.69375,0
7.77201,19.1439,7.83145,0.0174569,1.05635,0.00541793,0.00572325,FGM,0.0271816,0.69375,0.20449,0.0271816,1.91428,0.69375,0
7.77602,19.1439,7.83145,0.0174569,1.05635,0.00541793,0.00572325,FGM,0.0271816,0.69375,0.20449,0.0271816,1.91428,0.69375,0
7.78001,19.1544,7.83163,0.0180064,1.04755,0.104722,0.109702,FGM,0.0271816,0.69375,0.20449,0.0271816,1.91428,0.69375,0
7.78401,19.1544,7.83163,0.0180064,1.04755,0.104722,0.109702,FGM,0.0312526,0.697588,0.0505022,0.0312526,1.80156,0.697588,0
7.78878,19.1648,7.83195,0.019549,1.03967,0.20381,0.211895,FGM,0.0312526,0.697588,0.0505022,0.0312526,1.80156,0.697588,0
7.79202,19.1648,7.83195,0.019549,1.03967,0.20381,0.211895,FGM,0.0312526,0.697588,0.0505022,0.0312526,1.80156,0.697588,0
7.79601,19.1648,7.83195,0.019549,1.03967,0.20381,0.211895,FGM,0.0312526,0.697588,0.0505022,0.0312526,1.80156,0.697588,0
7.8,19.1752,7.83243,0.0220763,1.03329,0.301674,0.311716,FGM,0.0312526,0.697588,0.0505022,0.0312526,1.80156,0.697588,0
7.80402,19.1752,7.83243,0.0220763,1.03329,0.301674,0.311716,FGM,0.0312526,0.697588,0.0505022,0.0312526,1.80156,0.697588,0
7.80878,19.1855,7.83305,0.0253237,1.02812,0.321786,0.330833,FGM,0.0312526,0.697588,0.0505022,0.0312526,1.80156,0.697588,0
7.81201,19.1855,7.83305,0.0253237,1.02812,0.321786,0.330833,FGM,0.0312526,0.697588,0.0505022,0.0312526,1.80156,0.697588,0
7.81601,19.1855,7.83305,0.0253237,1.02812,0.321786,0.330833,FGM,0.0312526,0.697588,0.0505022,0.0312526,1.80156,0.697588,0
7.82001,19.1957,7.83373,0.0283083,1.02393,0.266029,0.272395,FGM,0.0312526,0.697588,0.0505022,0.0312526,1.80156,0.697588,0
7.82403,19.1957,7.83373,0.0283083,1.02393,0.266029,0.272395,FGM,0.0312526,0.697588,0.0505022,0.0312526,1.80156,0.697588,0
7.82879,19.2059,7.83439,0.030573,1.02054,0.183722,0.187495,FGM,0.0312526,0.697588,0.0505022,0.0312526,1.80156,0.697588,0
7.83201,19.2059,7.83439,0.030573,1.02054,0.183722,0.187495,FGM,0.0300958,0.69812,0.110119,0.0300958,1.80156,0.69812,0
7.83602,19.2059,7.83439,0.030573,1.02054,0.183722,0.187495,FGM,0.0300958,0.69812,0.110119,0.0300958,1.80156,0.69812,0
7.84,19.2161,7.83497,0.0319565,1.01707,0.0918542,0.0934218,FGM,0.0300958,0.69812,0.110119,0.0300958,1.80156,0.69812,0
7.84401,19.2161,7.83497,0.0319565,1.01707,0.0918542,0.0934218,FGM,0.0300958,0.69812,0.110119,0.0300958,1.80156,0.69812,0
7.8488,19.2262,7.83545,0.0324023,1.01425,-0.00310513,-0.00314938,FGM,0.0300958,0.69812,0.110119,0.0300958,1.80156,0.69812,0
7.85201,19.2262,7.83545,0.0324023,1.01425,-0.00310513,-0.00314938,FGM,0.0300958,0.69812,0.110119,0.0300958,1.80156,0.69812,0
7.85601,19.2262,7.83545,0.0324023,1.01425,-0.00310513,-0.00314938,FGM,0.0300958,0.69812,0.110119,0.0300958,1.80156,0.69812,0
7.86,19.2364,7.8358,0.0318924,1.01197,-0.0990394,-0.100225,FGM,0.0300958,0.69812,0.110119,0.0300958,1.80156,0.69812,0
7.86402,19.2364,7.8358,0.0318924,1.01197,-0.0990394,-0.100225,FGM,0.0300958,0.69812,0.110119,0.0300958,1.80156,0.69812,0
7.8688,19.2465,7.83601,0.0304214,1.01013,-0.195233,-0.197211,FGM,0.0300958,0.69812,0.110119,0.0300958,1.80156,0.69812,0
7.87202,19.2465,7.83601,0.0304214,1.01013,-0.195233,-0.197211,FGM,0.0300958,0.69812,0.110119,0.0300958,1.80156,0.69812,0
7.87598,19.2465,7.83601,0.0304214,1.01013,-0.195233,-0.197211,FGM,0.0300958,0.69812,0.110119,0.0300958,1.80156,0.69812,0
7.88,19.2566,7.83605,0.0279883,1.00863,-0.291455,-0.293971,FGM,0.0300958,0.69812,0.110119,0.0300958,1.80156,0.69812,0
7.88401,19.2566,7.83605,0.0279883,1.00863,-0.291455,-0.293971,FGM,0.013122,0.709356,0.0699401,0.013122,1.80156,0.709356,0
7.8888,19.2667,7.83592,0.0245923,1.00722,-0.387734,-0.390535,FGM,0.013122,0.709356,0.0699401,0.013122,1.80156,0.709356,0
7.89201,19.2667,7.83592,0.0245923,1.00722,-0.387734,-0.390535,FGM,0.013122,0.709356,0.0699401,0.013122,1.80156,0.709356,0
7.89601,19.2667,7.83592,0.0245923,1.00722,-0.387734,-0.390535,FGM,0.013122,0.709356,0.0699401,0.013122,1.80156,0.709356,0
7.9,19.2767,7.83561,0.0202346,1.00608,-0.483829,-0.48677,FGM,0.013122,0.709356,0.0699401,0.013122,1.80156,0.709356,0
7.90402,19.2767,7.83561,0.0202346,1.00608,-0.483829,-0.48677,FGM,0.013122,0.709356,0.0699401,0.013122,1.80156,0.709356,0
7.90885,19.2868,7.83512,0.015164,1.00515,-0.504596,-0.507196,FGM,0.013122,0.709356,0.0699401,0.013122,1.80156,0.709356,0
7.91202,19.2868,7.83512,0.015164,1.00515,-0.504596,-0.507196,FGM,0.013122,0.709356,0.0699401,0.013122,1.80156,0.709356,0
7.91602,19.2868,7.83512,0.015164,1.00515,-0.504596,-0.507196,FGM,0.013122,0.709356,0.0699401,0.013122,1.80156,0.709356,0
7.92,19.2968,7.83456,0.0103376,1.0044,-0.451645,-0.453634,FGM,0.013122,0.709356,0.0699401,0.013122,1.80156,0.709356,0
7.92401,19.2968,7.83456,0.0103376,1.0044,-0.451645,-0.453634,FGM,0.013122,0.709356,0.0699401,0.013122,1.80156,0.709356,0
7.92879,19.3068,7.83399,0.006202,1.0038,-0.372229,-0.373642,FGM,0.013122,0.709356,0.0699401,0.013122,1.80156,0.709356,0
7.93201,19.3068,7.83399,0.006202,1.0038,-0.372229,-0.373642,FGM,0.0307017,0.707205,0.246058,0.0307017,1.54182,0.707205,0
7.93602,19.3068,7.83399,0.006202,1.0038,-0.372229,-0.373642,FGM,0.0307017,0.707205,0.246058,0.0307017,1.54182,0.707205,0
7.94001,19.3168,7.83348,0.00292026,1.00313,-0.282895,-0.283781,FGM,0.0307017,0.707205,0.246058,0.0307017,1.54182,0.707205,0
7.94402,19.3168,7.83348,0.00292026,1.00313,-0.282895,-0.283781,FGM,0.0307017,0.707205,0.246058,0.0307017,1.54182,0.707205,0
7.94882,19.3269,7.83305,0.000554785,1.0026,-0.189717,-0.19021,FGM,0.0307017,0.707205,0.246058,0.0307017,1.54182,0.707205,0
7.95203,19.3269,7.83305,0.000554785,1.0026,-0.189717,-0.19021,FGM,0.0307017,0.707205,0.246058,0.0307017,1.54182,0.707205,0
7.95602,19.3269,7.83305,0.000554785,1.0026,-0.189717,-0.19021,FGM,0.0307017,0.707205,0.246058,0.0307017,1.54182,0.707205,0
7.96001,19.3369,7.83273,-0.000869618,1.00216,-0.0949591,-0.0951642,FGM,0.0307017,0.707205,0.246058,0.0307017,1.54182,0.707205,0
7.96402,19.3369,7.83273,-0.000869618,1.00216,-0.0949591,-0.0951642,FGM,0.0307017,0.707205,0.246058,0.0307017,1.54182,0.707205,0
7.96882,19.3469,7.83253,-0.00134243,1.00181,0.000492157,0.000493046,FGM,0.0307017,0.707205,0.246058,0.0307017,1.54182,0.707205,0
7.97202,19.3469,7.83253,-0.00134243,1.00181,0.000492157,0.000493046,FGM,0.0307017,0.707205,0.246058,0.0307017,1.54182,0.707205,0
7.97602,19.3469,7.83253,-0.00134243,1.00181,0.000492157,0.000493046,FGM,0.0307017,0.707205,0.246058,0.0307017,1.54182,0.707205,0
7.97998,19.3569,7.83248,-0.000858876,1.00152,0.0962659,0.0964124,FGM,0.0307017,0.707205,0.246058,0.0307017,1.54182,0.707205,0
7.98402,19.3569,7.83248,-0.000858876,1.00152,0.0962659,0.0964124,FGM,0.00958407,0.711391,0.218394,0.00958407,1.54182,0.711391,0
7.98882,19.3669,7.83257,0.000583405,1.00126,0.192213,0.192454,FGM,0.00958407,0.711391,0.218394,0.00958407,1.54182,0.711391,0
7.99202,19.3669,7.83257,0.000583405,1.00126,0.192213,0.192454,FGM,0.00958407,0.711391,0.218394,0.00958407,1.54182,0.711391,0
7.99603,19.3669,7.83257,0.000583405,1.00126,0.192213,0.192454,FGM,0.00958407,0.711391,0.218394,0.00958407,1.54182,0.711391,0
7.99998,19.3769,7.83283,0.00298548,1.00104,0.288219,0.288519,FGM,0.00958407,0.711391,0.218394,0.00958407,1.54182,0.711391,0
8.00398,19.3769,7.83283,0.00298548,1.00104,0.288219,0.288519,FGM,0.00958407,0.711391,0.218394,0.00958407,1.54182,0.711391,0
8.00888,19.3869,7.83327,0.0063478,1.00087,0.384256,0.38459,FGM,0.00958407,0.711391,0.218394,0.00958407,1.54182,0.711391,0
8.01198,19.3869,7.83327,0.0063478,1.00087,0.384256,0.38459,FGM,0.00958407,0.711391,0.218394,0.00958407,1.54182,0.711391,0
8.01603,19.3869,7.83327,0.0063478,1.00087,0.384256,0.38459,FGM,0.00958407,0.711391,0.218394,0.00958407,1.54182,0.711391,0
8.01997,19.3969,7.83387,0.0104243,1.00073,0.405379,0.405674,FGM,0.00958407,0.711391,0.218394,0.00958407,1.54182,0.711391,0
8.02403,19.3969,7.83387,0.0104243,1.00073,0.405379,0.405674,FGM,0.00958407,0.711391,0.218394,0.00958407,1.54182,0.711391,0
8.02886,19.4069,7.83453,0.0142621,1.00062,0.353148,0.353365,FGM,0.00958407,0.711391,0.218394,0.00958407,1.54182,0.711391,0
8.03203,19.4069,7.83453,0.0142621,1.00062,0.353148,0.353365,FGM,0.0388726,0.704795,0.100419,0.0388726,1.50496,0.704795,0
8.03603,19.4069,7.83453,0.0142621,1.00062,0.353148,0.353365,FGM,0.0388726,0.704795,0.100419,0.0388726,1.50496,0.704795,0
8.04003,19.4169,7.83519,0.0174165,1.0006,0.274455,0.274619,FGM,0.0388726,0.704795,0.100419,0.0388726,1.50496,0.704795,0
8.04401,19.4169,7.83519,0.0174165,1.0006,0.274455,0.274619,FGM,0.0388726,0.704795,0.100419,0.0388726,1.50496,0.704795,0
8.04886,19.4269,7.83579,0.0197239,1.00058,0.185779,0.185887,FGM,0.0388726,0.704795,0.100419,0.0388726,1.50496,0.704795,0
8.05204,19.4269,7.83579,0.0197239,1.00058,0.185779,0.185887,FGM,0.0388726,0.704795,0.100419,0.0388726,1.50496,0.704795,0
8.05603,19.4269,7.83579,0.0197239,1.00058,0.185779,0.185887,FGM,0.0388726,0.704795,0.100419,0.0388726,1.50496,0.704795,0
8.06002,19.4369,7.83629,0.0211207,1.00057,0.0930923,0.0931455,FGM,0.0388726,0.704795,0.100419,0.0388726,1.50496,0.704795,0
8.06403,19.4369,7.83629,0.0211207,1.00057,0.0930923,0.0931455,FGM,0.0388726,0.704795,0.100419,0.0388726,1.50496,0.704795,0
8.06887,19.4469,7.83668,0.0215806,1.00056,-0.00133008,-0.00133083,FGM,0.0388726,0.704795,0.100419,0.0388726,1.50496,0.704795,0
8.07203,19.4469,7.83668,0.0215806,1.00056,-0.00133008,-0.00133083,FGM,0.0388726,0.704795,0.100419,0.0388726,1.50496,0.704795,0
8.07603,19.4469,7.83668,0.0215806,1.00056,-0.00133008,-0.00133083,FGM,0.0388726,0.704795,0.100419,0.0388726,1.50496,0.704795,0
8.08002,19.4569,7.83693,0.0210917,1.00056,-0.0965655,-0.0966191,FGM,0.0388726,0.704795,0.100419,0.0388726,1.50496,0.704795,0
8.08404,19.4569,7.83693,0.0210917,1.00056,-0.0965655,-0.0966191,FGM,0.0433193,0.719098,0.0862603,0.0433193,1.50496,0.719098,0
8.08889,19.4669,7.83703,0.0196481,1.00057,-0.192199,-0.192309,FGM,0.0433193,0.719098,0.0862603,0.0433193,1.50496,0.719098,0
8.09203,19.4669,7.83703,0.0196481,1.00057,-0.192199,-0.192309,FGM,0.0433193,0.719098,0.0862603,0.0433193,1.50496,0.719098,0
8.09603,19.4669,7.83703,0.0196481,1.00057,-0.192199,-0.192309,FGM,0.0433193,0.719098,0.0862603,0.0433193,1.50496,0.719098,0
8.10002,19.4769,7.83696,0.017247,1.00059,-0.288063,-0.288232,FGM,0.0433193,0.719098,0.0862603,0.0433193,1.50496,0.719098,0
8.10403,19.4769,7.83696,0.017247,1.00059,-0.288063,-0.288232,FGM,0.0433193,0.719098,0.0862603,0.0433193,1.50496,0.719098,0
8.10889,19.4869,7.83673,0.0138865,1.0006,-0.384053,-0.384285,FGM,0.0433193,0.719098,0.0862603,0.0433193,1.50496,0.719098,0
8.11201,19.4869,7.83673,0.0138865,1.0006,-0.384053,-0.384285,FGM,0.0433193,0.719098,0.0862603,0.0433193,1.50496,0.719098,0
8.11602,19.4869,7.83673,0.0138865,1.0006,-0.384053,-0.384285,FGM,0.0433193,0.719098,0.0862603,0.0433193,1.50496,0.719098,0
8.12,19.4969,7.83633,0.00981181,1.00062,-0.405233,-0.405484,FGM,0.0433193,0.719098,0.0862603,0.0433193,1.50496,0.719098,0
8.12401,19.4969,7.83633,0.00981181,1.00062,-0.405233,-0.405484,FGM,0.0433193,0.719098,0.0862603,0.0433193,1.50496,0.719098,0
8.12891,19.5069,7.83587,0.00597499,1.00063,-0.3531,-0.353323,FGM,0.0433193,0.719098,0.0862603,0.0433193,1.50496,0.719098,0
8.13201,19.5069,7.83587,0.00597499,1.00063,-0.3531,-0.353323,FGM,0.0350556,0.721887,0.121325,0.0350556,1.50496,0.721887,0
8.13602,19.5069,7.83587,0.00597499,1.00063,-0.3531,-0.353323,FGM,0.0350556,0.721887,0.121325,0.0350556,1.50496,0.721887,0
8.14,19.5169,7.83541,0.00282082,1.00061,-0.274451,-0.274617,FGM,0.0350556,0.721887,0.121325,0.0350556,1.50496,0.721887,0
8.14401,19.5169,7.83541,0.00282082,1.00061,-0.274451,-0.274617,FGM,0.0350556,0.721887,0.121325,0.0350556,1.50496,0.721887,0
8.14888,19.5269,7.83502,0.000513405,1.00059,-0.185783,-0.185893,FGM,0.0350556,0.721887,0.121325,0.0350556,1.50496,0.721887,0
8.15201,19.5269,7.83502,0.000513405,1.00059,-0.185783,-0.185893,FGM,0.0350556,0.721887,0.121325,0.0350556,1.50496,0.721887,0
8.15601,19.5269,7.83502,0.000513405,1.00059,-0.185783,-0.185893,FGM,0.0350556,0.721887,0.121325,0.0350556,1.50496,0.721887,0
8.16,19.5369,7.83472,-0.000883519,1.00057,-0.0930961,-0.0931496,FGM,0.0350556,0.721887,0.121325,0.0350556,1.50496,0.721887,0
8.16401,19.5369,7.83472,-0.000883519,1.00057,-0.0930961,-0.0931496,FGM,0.0350556,0.721887,0.121325,0.0350556,1.50496,0.721887,0
8.1689,19.5469,7.83454,-0.00134346,1.00056,0.00132802,0.00132876,FGM,0.0350556,0.721887,0.121325,0.0350556,1.50496,0.721887,0
8.17203,19.5469,7.83454,-0.00134346,1.00056,0.00132802,0.00132876,FGM,0.0350556,0.721887,0.121325,0.0350556,1.50496,0.721887,0
8.17601,19.5469,7.83454,-0.00134346,1.00056,0.00132802,0.00132876,FGM,0.0350556,0.721887,0.121325,0.0350556,1.50496,0.721887,0
8.18,19.5569,7.83449,-0.000854524,1.00055,0.0965647,0.0966181,FGM,0.0350556,0.721887,0.121325,0.0350556,1.50496,0.721887,0
8.18403,19.5569,7.83449,-0.000854524,1.00055,0.0965647,0.0966181,FRENET,0.258641,1.56271,0.258641,0.0394055,1.56271,0.725487,0
8.18891,19.5666,7.83459,0.000731866,0.953381,0.213682,0.203721,FRENET,0.258641,1.56271,0.258641,0.0394055,1.56271,0.725487,0
8.19201,19.5666,7.83459,0.000731866,0.953381,0.213682,0.203721,FRENET,0.258641,1.56271,0.258641,0.0394055,1.56271,0.725487,0
8.19601,19.5666,7.83459,0.000731866,0.953381,0.213682,0.203721,FRENET,0.258641,1.56271,0.258641,0.0394055,1.56271,0.725487,0
8.20002,19.576,7.83486,0.00332817,0.915182,0.30326,0.277538,FRENET,0.258641,1.56271,0.258641,0.0394055,1.56271,0.725487,0
8.20403,19.576,7.83486,0.00332817,0.915182,0.30326,0.277538,FRENET,0.258641,1.56271,0.258641,0.0394055,1.56271,0.725487,0
8.20934,19.585,7.83526,0.00648686,0.884248,0.298849,0.264256,FRENET,0.258641,1.56271,0.258641,0.0394055,1.56271,0.725487,0
8.21198,19.585,7.83526,0.00648686,0.884248,0.298849,0.264256,FRENET,0.258641,1.56271,0.258641,0.0394055,1.56271,0.725487,0
8.216,19.585,7.83526,0.00648686,0.884248,0.298849,0.264256,FRENET,0.258641,1.56271,0.258641,0.0394055,1.56271,0.725487,0
8.22002,19.5937,7.83571,0.00941071,0.859198,0.307245,0.263984,FRENET,0.258641,1.56271,0.258641,0.0394055,1.56271,0.725487,0
8.22403,19.5937,7.83571,0.00941071,0.859198,0.307245,0.263984,FRENET,0.258641,1.56271,0.258641,0.0394055,1.56271,0.725487,0
8.22893,19.6022,7.83622,0.0124763,0.838912,0.283965,0.238222,FRENET,0.258641,1.56271,0.258641,0.0394055,1.56271,0.725487,0
8.23198,19.6022,7.83622,0.0124763,0.838912,0.283965,0.238222,FRENET,0.248307,1.56271,0.248307,0.0423752,1.56271,0.727715,0
8.23599,19.6022,7.83622,0.0124763,0.838912,0.283965,0.238222,FRENET,0.248307,1.56271,0.248307,0.0423752,1.56271,0.727715,0
8.23997,19.6104,7.83675,0.0152401,0.822485,0.291442,0.239707,FRENET,0.248307,1.56271,0.248307,0.0423752,1.56271,0.727715,0
8.24399,19.6104,7.83675,0.0152401,0.822485,0.291442,0.239707,FRENET,0.248307,1.56271,0.248307,0.0423752,1.56271,0.727715,0
8.24889,19.6186,7.83732,0.0181567,0.809182,0.270438,0.218833,FRENET,0.248307,1.56271,0.248307,0.0423752,1.56271,0.727715,0
8.25198,19.6186,7.83732,0.0181567,0.809182,0.270438,0.218833,FRENET,0.248307,1.56271,0.248307,0.0423752,1.56271,0.727715,0
8.25599,19.6186,7.83732,0.0181567,0.809182,0.270438,0.218833,FRENET,0.248307,1.56271,0.248307,0.0423752,1.56271,0.727715,0
8.26001,19.6266,7.83789,0.0208019,0.798409,0.280856,0.224238,FRENET,0.248307,1.56271,0.248307,0.0423752,1.56271,0.727715,0
8.26398,19.6266,7.83789,0.0208019,0.798409,0.280856,0.224238,FRENET,0.248307,1.56271,0.248307,0.0423752,1.56271,0.727715,0
8.2689,19.6345,7.8385,0.0236228,0.789686,0.26188,0.206802,FRENET,0.248307,1.56271,0.248307,0.0423752,1.56271,0.727715,0
8.27201,19.6345,7.8385,0.0236228,0.789686,0.26188,0.206802,FRENET,0.248307,1.56271,0.248307,0.0423752,1.56271,0.727715,0
8.27601,19.6345,7.8385,0.0236228,0.789686,0.26188,0.206802,FRENET,0.248307,1.56271,0.248307,0.0423752,1.56271,0.727715,0
8.28,19.6424,7.83911,0.0261935,0.782621,0.274192,0.214588,FRENET,0.248307,1.56271,0.248307,0.0423752,1.56271,0.727715,0
8.28398,19.6424,7.83911,0.0261935,0.782621,0.274192,0.214588,FRENET,0.269248,1.56447,0.269248,0.0432899,1.56447,0.730634,0
8.28894,19.6501,7.83975,0.0289538,0.776859,0.256413,0.199196,FRENET,0.269248,1.56447,0.269248,0.0432899,1.56447,0.730634,0
8.29202,19.6501,7.83975,0.0289538,0.776859,0.256413,0.199196,FRENET,0.269248,1.56447,0.269248,0.0432899,1.56447,0.730634,0
8.29599,19.6501,7.83975,0.0289538,0.776859,0.256413,0.199196,FRENET,0.269248,1.56447,0.269248,0.0432899,1.56447,0.730634,0
8.3,19.6578,7.8404,0.0314766,0.772192,0.269896,0.208412,FRENET,0.269248,1.56447,0.269248,0.0432899,1.56447,0.730634,0
8.30408,19.6578,7.8404,0.0314766,0.772192,0.269896,0.208412,FRENET,0.269248,1.56447,0.269248,0.0432899,1.56447,0.730634,0
8.30899,19.6655,7.84107,0.0341975,0.768413,0.252854,0.194296,FRENET,0.269248,1.56447,0.269248,0.0432899,1.56447,0.730634,0
8.31204,19.6655,7.84107,0.0341975,0.768413,0.252854,0.194296,FRENET,0.269248,1.56447,0.269248,0.0432899,1.56447,0.730634,0
8.31603,19.6655,7.84107,0.0341975,0.768413,0.252854,0.194296,FRENET,0.269248,1.56447,0.269248,0.0432899,1.56447,0.730634,0
8.32002,19.6732,7.84175,0.0366891,0.765353,0.267095,0.204422,FRENET,0.269248,1.56447,0.269248,0.0432899,1.56447,0.730634,0
8.32403,19.6732,7.84175,0.0366891,0.765353,0.267095,0.204422,FRENET,0.269248,1.56447,0.269248,0.0432899,1.56447,0.730634,0
8.32894,19.6808,7.84246,0.0393844,0.762875,0.25053,0.191123,FRENET,0.269248,1.56447,0.269248,0.0432899,1.56447,0.730634,0
8.33203,19.6808,7.84246,0.0393844,0.762875,0.25053,0.191123,FRENET,0.273101,1.56447,0.273101,0.00936813,1.56447,0.728554,0
8.33603,19.6808,7.84246,0.0393844,0.762875,0.25053,0.191123,FRENET,0.273101,1.56447,0.273101,0.00936813,1.56447,0.728554,0
8.34002,19.6884,7.84318,0.0418556,0.760868,0.265266,0.201833,FRENET,0.273101,1.56447,0.273101,0.00936813,1.56447,0.728554,0
8.34403,19.6884,7.84318,0.0418556,0.760868,0.265266,0.201833,FRENET,0.273101,1.56447,0.273101,0.00936813,1.56447,0.728554,0
8.34897,19.6959,7.84393,0.0445341,0.759243,0.249011,0.18906,FRENET,0.273101,1.56447,0.273101,0.00936813,1.56447,0.728554,0
8.35204,19.6959,7.84393,0.0445341,0.759243,0.249011,0.18906,FRENET,0.273101,1.56447,0.273101,0.00936813,1.56447,0.728554,0
8.35603,19.6959,7.84393,0.0445341,0.759243,0.249011,0.18906,FRENET,0.273101,1.56447,0.273101,0.00936813,1.56447,0.728554,0
8.36002,19.7035,7.84468,0.046992,0.757927,0.264071,0.200147,FRENET,0.273101,1.56447,0.273101,0.00936813,1.56447,0.728554,0
8.36403,19.7035,7.84468,0.046992,0.757927,0.264071,0.200147,FRENET,0.273101,1.56447,0.273101,0.00936813,1.56447,0.728554,0
8.36897,19.711,7.84546,0.0496595,0.756861,0.248018,0.187715,FRENET,0.273101,1.56447,0.273101,0.00936813,1.56447,0.728554,0
8.37203,19.711,7.84546,0.0496595,0.756861,0.248018,0.187715,FRENET,0.273101,1.56447,0.273101,0.00936813,1.56447,0.728554,0
8.37603,19.711,7.84546,0.0496595,0.756861,0.248018,0.187715,FRENET,0.273101,1.56447,0.273101,0.00936813,1.56447,0.728554,0
8.38,19.7185,7.84625,0.0521087,0.755998,0.263289,0.199046,FRENET,0.273101,1.56447,0.273101,0.00936813,1.56447,0.728554,0
8.38403,19.7185,7.84625,0.0521087,0.755998,0.263289,0.199046,FRENET,0.262609,1.56447,0.262609,0.0133772,1.56447,0.725157,0
8.38899,19.726,7.84707,0.054769,0.755299,0.247367,0.186836,FRENET,0.262609,1.56447,0.262609,0.0133772,1.56447,0.725157,0
8.39202,19.726,7.84707,0.054769,0.755299,0.247367,0.186836,FRENET,0.262609,1.56447,0.262609,0.0133772,1.56447,0.725157,0
8.39603,19.726,7.84707,0.054769,0.755299,0.247367,0.186836,FRENET,0.262609,1.56447,0.262609,0.0133772,1.56447,0.725157,0
8.40002,19.7335,7.8479,0.0572125,0.754733,0.262777,0.198327,FRENET,0.262609,1.56447,0.262609,0.0133772,1.56447,0.725157,0
8.40403,19.7335,7.8479,0.0572125,0.754733,0.262777,0.198327,FRENET,0.262609,1.56447,0.262609,0.0133772,1.56447,0.725157,0
8.40901,19.7411,7.84876,0.0598671,0.760814,0.24819,0.188826,FRENET,0.262609,1.56447,0.262609,0.0133772,1.56447,0.725157,0
8.41203,19.7411,7.84876,0.0598671,0.760814,0.24819,0.188826,FRENET,0.262609,1.56447,0.262609,0.0133772,1.56447,0.725157,0
8.41603,19.7411,7.84876,0.0598671,0.760814,0.24819,0.188826,FRENET,0.262609,1.56447,0.262609,0.0133772,1.56447,0.725157,0
8.42002,19.7487,7.84963,0.0623268,0.766605,0.264526,0.202787,FRENET,0.262609,1.56447,0.262609,0.0133772,1.56447,0.725157,0
8.42403,19.7487,7.84963,0.0623268,0.766605,0.264526,0.202787,FRENET,0.262609,1.56447,0.262609,0.0133772,1.56447,0.725157,0
8.42901,19.7563,7.85054,0.0650104,0.772121,0.251644,0.1943,FRENET,0.262609,1.56447,0.262609,0.0133772,1.56447,0.725157,0
8.43203,19.7563,7.85054,0.0650104,0.772121,0.251644,0.1943,FRENET,0.227369,1.5736,0.227369,0,1.5736,0.731776,0
8.43604,19.7563,7.85054,0.0650104,0.772121,0.251644,0.1943,FRENET,0.227369,1.5736,0.227369,0,1.5736,0.731776,0
8.44002,19.7639,7.85144,0.0672758,0.763576,0.194273,0.148342,FRENET,0.227369,1.5736,0.227369,0,1.5736,0.731776,0
8.44403,19.7639,7.85144,0.0672758,0.763576,0.194273,0.148342,FRENET,0.227369,1.5736,0.227369,0,1.5736,0.731776,0
8.44903,19.7715,7.85226,0.0688792,0.756655,0.124619,0.0942936,FRENET,0.227369,1.5736,0.227369,0,1.5736,0.731776,0
8.45203,19.7715,7.85226,0.0688792,0.756655,0.124619,0.0942936,FRENET,0.227369,1.5736,0.227369,0,1.5736,0.731776,0
8.45603,19.7715,7.85226,0.0688792,0.756655,0.124619,0.0942936,FRENET,0.227369,1.5736,0.227369,0,1.5736,0.731776,0
8.46002,19.779,7.85301,0.0699869,0.751051,0.124639,0.0936101,FRENET,0.227369,1.5736,0.227369,0,1.5736,0.731776,0
8.46403,19.779,7.85301,0.0699869,0.751051,0.124639,0.0936101,FRENET,0.227369,1.5736,0.227369,0,1.5736,0.731776,0
8.46905,19.7864,7.85377,0.071445,0.746513,0.174735,0.130442,FRENET,0.227369,1.5736,0.227369,0,1.5736,0.731776,0
8.47203,19.7864,7.85377,0.071445,0.746513,0.174735,0.130442,FRENET,0.227369,1.5736,0.227369,0,1.5736,0.731776,0
8.47603,19.7864,7.85377,0.071445,0.746513,0.174735,0.130442,FRENET,0.227369,1.5736,0.227369,0,1.5736,0.731776,0
8.48001,19.7938,7.85461,0.0735019,0.742838,0.238851,0.177428,FRENET,0.227369,1.5736,0.227369,0,1.5736,0.731776,0
8.48403,19.7938,7.85461,0.0735019,0.742838,0.238851,0.177428,FRENET,0.247522,1.5736,0.247522,0.00314093,1.5736,0.727251,0
8.48906,19.8012,7.85552,0.0760114,0.739862,0.235722,0.174402,FRENET,0.247522,1.5736,0.247522,0.00314093,1.5736,0.727251,0
8.49203,19.8012,7.85552,0.0760114,0.739862,0.235722,0.174402,FRENET,0.247522,1.5736,0.247522,0.00314093,1.5736,0.727251,0
8.49603,19.8012,7.85552,0.0760114,0.739862,0.235722,0.174402,FRENET,0.247522,1.5736,0.247522,0.00314093,1.5736,0.727251,0
8.50002,19.8085,7.85646,0.0783657,0.737452,0.255532,0.188443,FRENET,0.247522,1.5736,0.247522,0.00314093,1.5736,0.727251,0
8.50404,19.8085,7.85646,0.0783657,0.737452,0.255532,0.188443,FRENET,0.247522,1.5736,0.247522,0.00314093,1.5736,0.727251,0
8.50906,19.8158,7.85744,0.0809537,0.7355,0.239817,0.176385,FRENET,0.247522,1.5736,0.247522,0.00314093,1.5736,0.727251,0
8.51203,19.8158,7.85744,0.0809537,0.7355,0.239817,0.176385,FRENET,0.247522,1.5736,0.247522,0.00314093,1.5736,0.727251,0
8.51603,19.8158,7.85744,0.0809537,0.7355,0.239817,0.176385,FRENET,0.247522,1.5736,0.247522,0.00314093,1.5736,0.727251,0
8.52002,19.8231,7.85842,0.0833246,0.73392,0.256121,0.187972,FRENET,0.247522,1.5736,0.247522,0.00314093,1.5736,0.727251,0
8.52404,19.8231,7.85842,0.0833246,0.73392,0.256121,0.187972,FRENET,0.247522,1.5736,0.247522,0.00314093,1.5736,0.727251,0
8.52909,19.8303,7.85945,0.0859113,0.73264,0.239381,0.17538,FRENET,0.247522,1.5736,0.247522,0.00314093,1.5736,0.727251,0
8.53202,19.8303,7.85945,0.0859113,0.73264,0.239381,0.17538,FRENET,0.193257,1.53956,0.193257,0.0224327,1.53956,0.72605,0
8.53601,19.8303,7.85945,0.0859113,0.73264,0.239381,0.17538,FRENET,0.193257,1.53956,0.193257,0.0224327,1.53956,0.72605,0
8.53999,19.8376,7.86048,0.0882793,0.738146,0.255807,0.188823,FRENET,0.193257,1.53956,0.193257,0.0224327,1.53956,0.72605,0
8.54401,19.8376,7.86048,0.0882793,0.738146,0.255807,0.188823,FRENET,0.193257,1.53956,0.193257,0.0224327,1.53956,0.72605,0
8.54909,19.845,7.86155,0.0908715,0.74339,0.241773,0.179732,FRENET,0.193257,1.53956,0.193257,0.0224327,1.53956,0.72605,0
8.55203,19.845,7.86155,0.0908715,0.74339,0.241773,0.179732,FRENET,0.193257,1.53956,0.193257,0.0224327,1.53956,0.72605,0
8.55603,19.845,7.86155,0.0908715,0.74339,0.241773,0.179732,FRENET,0.193257,1.53956,0.193257,0.0224327,1.53956,0.72605,0
8.56002,19.8523,7.86261,0.0930592,0.748385,0.189656,0.141936,FRENET,0.193257,1.53956,0.193257,0.0224327,1.53956,0.72605,0
8.56403,19.8523,7.86261,0.0930592,0.748385,0.189656,0.141936,FRENET,0.193257,1.53956,0.193257,0.0224327,1.53956,0.72605,0
8.56908,19.8598,7.86361,0.0946429,0.753143,0.125106,0.0942224,FRENET,0.193257,1.53956,0.193257,0.0224327,1.53956,0.72605,0
8.57201,19.8598,7.86361,0.0946429,0.753143,0.125106,0.0942224,FRENET,0.193257,1.53956,0.193257,0.0224327,1.53956,0.72605,0
8.576,19.8598,7.86361,0.0946429,0.753143,0.125106,0.0942224,FRENET,0.193257,1.53956,0.193257,0.0224327,1.53956,0.72605,0
8.57997,19.8673,7.86456,0.095764,0.757674,0.125297,0.0949346,FRENET,0.193257,1.53956,0.193257,0.0224327,1.53956,0.72605,0
8.58402,19.8673,7.86456,0.095764,0.757674,0.125297,0.0949346,FRENET,0.196936,1.53956,0.196936,0.0313387,1.53956,0.723078,0
8.58906,19.8748,7.86551,0.0970148,0.76199,0.105598,0.0804645,FRENET,0.196936,1.53956,0.196936,0.0313387,1.53956,0.723078,0
8.59198,19.8748,7.86551,0.0970148,0.76199,0.105598,0.0804645,FRENET,0.196936,1.53956,0.196936,0.0313387,1.53956,0.723078,0
8.59598,19.8748,7.86551,0.0970148,0.76199,0.105598,0.0804645,FRENET,0.196936,1.53956,0.196936,0.0313387,1.53956,0.723078,0
8.59997,19.8824,7.86644,0.0980324,0.7661,0.119192,0.0913128,FRENET,0.196936,1.53956,0.196936,0.0313387,1.53956,0.723078,0
8.60402,19.8824,7.86644,0.0980324,0.7661,0.119192,0.0913128,FRENET,0.196936,1.53956,0.196936,0.0313387,1.53956,0.723078,0
8.60915,19.89,7.86739,0.099252,0.770016,0.104137,0.0801871,FRENET,0.196936,1.53956,0.196936,0.0313387,1.53956,0.723078,0
8.61201,19.89,7.86739,0.099252,0.770016,0.104137,0.0801871,FRENET,0.196936,1.53956,0.196936,0.0313387,1.53956,0.723078,0
8.61603,19.89,7.86739,0.099252,0.770016,0.104137,0.0801871,FRENET,0.196936,1.53956,0.196936,0.0313387,1.53956,0.723078,0
8.62002,19.8977,7.86833,0.100264,0.773744,0.119089,0.0921442,FRENET,0.196936,1.53956,0.196936,0.0313387,1.53956,0.723078,0
8.62399,19.8977,7.86833,0.100264,0.773744,0.119089,0.0921442,FRENET,0.196936,1.53956,0.196936,0.0313387,1.53956,0.723078,0
8.62909,19.9054,7.8693,0.101487,0.777296,0.104798,0.0814589,FRENET,0.196936,1.53956,0.196936,0.0313387,1.53956,0.723078,0
8.63203,19.9054,7.8693,0.101487,0.777296,0.104798,0.0814589,FRENET,0.186305,1.53956,0.186305,0.0194609,1.53956,0.725061,0
8.63603,19.9054,7.8693,0.101487,0.777296,0.104798,0.0814589,FRENET,0.186305,1.53956,0.186305,0.0194609,1.53956,0.725061,0
8.64001,19.9131,7.87027,0.102507,0.780679,0.119796,0.0935222,FRENET,0.186305,1.53956,0.186305,0.0194609,1.53956,0.725061,0
8.64403,19.9131,7.87027,0.102507,0.780679,0.119796,0.0935222,FRENET,0.186305,1.53956,0.186305,0.0194609,1.53956,0.725061,0
8.64911,19.9209,7.87126,0.103738,0.783901,0.105743,0.0828917,FRENET,0.186305,1.53956,0.186305,0.0194609,1.53956,0.725061,0
8.65201,19.9209,7.87126,0.103738,0.783901,0.105743,0.0828917,FRENET,0.186305,1.53956,0.186305,0.0194609,1.53956,0.725061,0
8.65603,19.9209,7.87126,0.103738,0.783901,0.105743,0.0828917,FRENET,0.186305,1.53956,0.186305,0.0194609,1.53956,0.725061,0
8.66002,19.9287,7.87225,0.104766,0.78697,0.1206,0.0949088,FRENET,0.186305,1.53956,0.186305,0.0194609,1.53956,0.725061,0
8.66404,19.9287,7.87225,0.104766,0.78697,0.1206,0.0949088,FRENET,0.186305,1.53956,0.186305,0.0194609,1.53956,0.725061,0
8.66909,19.9365,7.87327,0.106006,0.789892,0.106676,0.0842624,FRENET,0.186305,1.53956,0.186305,0.0194609,1.53956,0.725061,0
8.67204,19.9365,7.87327,0.106006,0.789892,0.106676,0.0842624,FRENET,0.186305,1.53956,0.186305,0.0194609,1.53956,0.725061,0
8.67601,19.9365,7.87327,0.106006,0.789892,0.106676,0.0842624,FRENET,0.186305,1.53956,0.186305,0.0194609,1.53956,0.725061,0
8.68001,19.9443,7.87429,0.107043,0.792676,0.12137,0.0962074,FRENET,0.186305,1.53956,0.186305,0.0194609,1.53956,0.725061,0
8.68402,19.9443,7.87429,0.107043,0.792676,0.12137,0.0962074,FRENET,0.144438,1.54027,0.144438,0.0365121,1.54027,0.725407,0
8.68908,19.9522,7.87533,0.10829,0.79523,0.10753,0.0855111,FRENET,0.144438,1.54027,0.144438,0.0365121,1.54027,0.725407,0
8.69201,19.9522,7.87533,0.10829,0.79523,0.10753,0.0855111,FRENET,0.144438,1.54027,0.144438,0.0365121,1.54027,0.725407,0
8.69601,19.9522,7.87533,0.10829,0.79523,0.10753,0.0855111,FRENET,0.144438,1.54027,0.144438,0.0365121,1.54027,0.725407,0
8.7,19.9601,7.87637,0.109336,0.797663,0.122071,0.0973715,FRENET,0.144438,1.54027,0.144438,0.0365121,1.54027,0.725407,0
8.70403,19.9601,7.87637,0.109336,0.797663,0.122071,0.0973715,FRENET,0.144438,1.54027,0.144438,0.0365121,1.54027,0.725407,0
8.7091,19.968,7.87744,0.11059,0.79998,0.108295,0.0866337,FRENET,0.144438,1.54027,0.144438,0.0365121,1.54027,0.725407,0
8.71202,19.968,7.87744,0.11059,0.79998,0.108295,0.0866337,FRENET,0.144438,1.54027,0.144438,0.0365121,1.54027,0.725407,0
8.71598,19.968,7.87744,0.11059,0.79998,0.108295,0.0866337,FRENET,0.144438,1.54027,0.144438,0.0365121,1.54027,0.725407,0
8.72,19.976,7.87848,0.111421,0.802187,0.0518282,0.0415759,FRENET,0.144438,1.54027,0.144438,0.0365121,1.54027,0.725407,0
8.72401,19.976,7.87848,0.111421,0.802187,0.0518282,0.0415759,FRENET,0.144438,1.54027,0.144438,0.0365121,1.54027,0.725407,0
8.72906,19.9839,7.87948,0.111821,0.804289,0.0527612,0.0424353,FRENET,0.144438,1.54027,0.144438,0.0365121,1.54027,0.725407,0
8.73201,19.9839,7.87948,0.111821,0.804289,0.0527612,0.0424353,FRENET,0.178589,1.54027,0.178589,0.0210554,1.54027,0.73254,0
8.73601,19.9839,7.87948,0.111821,0.804289,0.0527612,0.0424353,FRENET,0.178589,1.54027,0.178589,0.0210554,1.54027,0.73254,0
8.74,19.9919,7.88047,0.112354,0.806291,0.0345095,0.0278247,FRENET,0.178589,1.54027,0.178589,0.0210554,1.54027,0.73254,0
8.74402,19.9919,7.88047,0.112354,0.806291,0.0345095,0.0278247,FRENET,0.178589,1.54027,0.178589,0.0210554,1.54027,0.73254,0
8.74905,19.9999,7.88145,0.112657,0.808197,0.0469652,0.0379572,FRENET,0.178589,1.54027,0.178589,0.0210554,1.54027,0.73254,0
8.75202,19.9999,7.88145,0.112657,0.808197,0.0469652,0.0379572,FRENET,0.178589,1.54027,0.178589,0.0210554,1.54027,0.73254,0
8.75603,19.9999,7.88145,0.112657,0.808197,0.0469652,0.0379572,FRENET,0.178589,1.54027,0.178589,0.0210554,1.54027,0.73254,0
8.76001,20.008,7.88243,0.113156,0.810014,0.032533,0.0263521,FRENET,0.178589,1.54027,0.178589,0.0210554,1.54027,0.73254,0
8.76401,20.008,7.88243,0.113156,0.810014,0.032533,0.0263521,FRENET,0.178589,1.54027,0.178589,0.0210554,1.54027,0.73254,0
8.76905,20.016,7.88341,0.113447,0.811743,0.0462072,0.0375084,FRENET,0.178589,1.54027,0.178589,0.0210554,1.54027,0.73254,0
8.77205,20.016,7.88341,0.113447,0.811743,0.0462072,0.0375084,FRENET,0.178589,1.54027,0.178589,0.0210554,1.54027,0.73254,0
8.77605,20.016,7.88341,0.113447,0.811743,0.0462072,0.0375084,FRENET,0.178589,1.54027,0.178589,0.0210554,1.54027,0.73254,0
8.78002,20.0241,7.8844,0.113942,0.813391,0.0323396,0.0263047,FRENET,0.178589,1.54027,0.178589,0.0210554,1.54027,0.73254,0
8.78403,20.0241,7.8844,0.113942,0.813391,0.0323396,0.0263047,FRENET,0.169792,1.54027,0.169792,0.00945573,1.54027,0.735564,0
8.78905,20.0322,7.88538,0.114232,0.81496,0.0461455,0.0376067,FRENET,0.169792,1.54027,0.169792,0.00945573,1.54027,0.735564,0
8.79202,20.0322,7.88538,0.114232,0.81496,0.0461455,0.0376067,FRENET,0.169792,1.54027,0.169792,0.00945573,1.54027,0.735564,0
8.79602,20.0322,7.88538,0.114232,0.81496,0.0461455,0.0376067,FRENET,0.169792,1.54027,0.169792,0.00945573,1.54027,0.735564,0
8.80001,20.0402,7.88639,0.114727,0.816454,0.0324315,0.0264789,FRENET,0.169792,1.54027,0.169792,0.00945573,1.54027,0.735564,0
8.80401,20.0402,7.88639,0.114727,0.816454,0.0324315,0.0264789,FRENET,0.169792,1.54027,0.169792,0.00945573,1.54027,0.735564,0
8.80903,20.0484,7.88738,0.115018,0.817878,0.0462133,0.0377968,FRENET,0.169792,1.54027,0.169792,0.00945573,1.54027,0.735564,0
8.81201,20.0484,7.88738,0.115018,0.817878,0.0462133,0.0377968,FRENET,0.169792,1.54027,0.169792,0.00945573,1.54027,0.735564,0
8.81601,20.0484,7.88738,0.115018,0.817878,0.0462133,0.0377968,FRENET,0.169792,1.54027,0.169792,0.00945573,1.54027,0.735564,0
8.82001,20.0565,7.88839,0.115514,0.819234,0.0325747,0.0266863,FRENET,0.169792,1.54027,0.169792,0.00945573,1.54027,0.735564,0
8.82401,20.0565,7.88839,0.115514,0.819234,0.0325747,0.0266863,FRENET,0.169792,1.54027,0.169792,0.00945573,1.54027,0.735564,0
8.82903,20.0646,7.88939,0.115807,0.820525,0.0463053,0.0379947,FRENET,0.169792,1.54027,0.169792,0.00945573,1.54027,0.735564,0
8.83201,20.0646,7.88939,0.115807,0.820525,0.0463053,0.0379947,FRENET,0.152504,1.54027,0.152504,0.0222748,1.54027,0.733899,0
8.83602,20.0646,7.88939,0.115807,0.820525,0.0463053,0.0379947,FRENET,0.152504,1.54027,0.152504,0.0222748,1.54027,0.733899,0
8.83998,20.0728,7.89041,0.116304,0.821755,0.0327199,0.0268877,FRENET,0.152504,1.54027,0.152504,0.0222748,1.54027,0.733899,0
8.84399,20.0728,7.89041,0.116304,0.821755,0.0327199,0.0268877,FRENET,0.152504,1.54027,0.152504,0.0222748,1.54027,0.733899,0
8.84898,20.0809,7.89142,0.116597,0.822926,0.0463971,0.0381814,FRENET,0.152504,1.54027,0.152504,0.0222748,1.54027,0.733899,0
8.85203,20.0809,7.89142,0.116597,0.822926,0.0463971,0.0381814,FRENET,0.152504,1.54027,0.152504,0.0222748,1.54027,0.733899,0
8.85603,20.0809,7.89142,0.116597,0.822926,0.0463971,0.0381814,FRENET,0.152504,1.54027,0.152504,0.0222748,1.54027,0.733899,0
8.86003,20.0891,7.89245,0.117096,0.824042,0.0328556,0.0270744,FRENET,0.152504,1.54027,0.152504,0.0222748,1.54027,0.733899,0
8.86403,20.0891,7.89245,0.117096,0.824042,0.0328556,0.0270744,FRENET,0.152504,1.54027,0.152504,0.0222748,1.54027,0.733899,0
8.869,20.0973,7.89347,0.11739,0.825105,0.0464828,0.0383532,FRENET,0.152504,1.54027,0.152504,0.0222748,1.54027,0.733899,0
8.87203,20.0973,7.89347,0.11739,0.825105,0.0464828,0.0383532,FRENET,0.152504,1.54027,0.152504,0.0222748,1.54027,0.733899,0
8.87603,20.0973,7.89347,0.11739,0.825105,0.0464828,0.0383532,FRENET,0.152504,1.54027,0.152504,0.0222748,1.54027,0.733899,0
8.88001,20.1055,7.89451,0.117889,0.826117,0.0329797,0.0272451,FRENET,0.152504,1.54027,0.152504,0.0222748,1.54027,0.733899,0
8.88402,20.1055,7.89451,0.117889,0.826117,0.0329797,0.0272451,FRENET,0.169308,1.87307,0.169308,0.00789165,1.87307,0.738967,0
8.88898,20.1136,7.89553,0.118182,0.816155,0.0471253,0.0384616,FRENET,0.169308,1.87307,0.169308,0.00789165,1.87307,0.738967,0
8.89202,20.1136,7.89553,0.118182,0.816155,0.0471253,0.0384616,FRENET,0.169308,1.87307,0.169308,0.00789165,1.87307,0.738967,0
8.89601,20.1136,7.89553,0.118182,0.816155,0.0471253,0.0384616,FRENET,0.169308,1.87307,0.169308,0.00789165,1.87307,0.738967,0
8.90001,20.1217,7.89656,0.118685,0.808088,0.0320041,0.0258621,FRENET,0.169308,1.87307,0.169308,0.00789165,1.87307,0.738967,0
8.90402,20.1217,7.89656,0.118685,0.808088,0.0320041,0.0258621,FRENET,0.169308,1.87307,0.169308,0.00789165,1.87307,0.738967,0
8.90899,20.1297,7.89757,0.11897,0.801555,0.0463467,0.0371494,FRENET,0.169308,1.87307,0.169308,0.00789165,1.87307,0.738967,0
8.91201,20.1297,7.89757,0.11897,0.801555,0.0463467,0.0371494,FRENET,0.169308,1.87307,0.169308,0.00789165,1.87307,0.738967,0
8.91605,20.1297,7.89757,0.11897,0.801555,0.0463467,0.0371494,FRENET,0.169308,1.87307,0.169308,0.00789165,1.87307,0.738967,0
8.92,20.1376,7.89861,0.119691,0.796265,0.10407,0.0828672,FRENET,0.169308,1.87307,0.169308,0.00789165,1.87307,0.738967,0
8.92402,20.1376,7.89861,0.119691,0.796265,0.10407,0.0828672,FRENET,0.169308,1.87307,0.169308,0.00789165,1.87307,0.738967,0
8.92894,20.1454,7.89971,0.120847,0.791981,0.101492,0.0803801,FRENET,0.169308,1.87307,0.169308,0.00789165,1.87307,0.738967,0
8.93201,20.1454,7.89971,0.120847,0.791981,0.101492,0.0803801,FRENET,0.189524,1.87307,0.189524,0.0116968,1.87307,0.739234,0
8.93601,20.1454,7.89971,0.120847,0.791981,0.101492,0.0803801,FRENET,0.189524,1.87307,0.189524,0.0116968,1.87307,0.739234,0
8.94001,20.1533,7.90082,0.121853,0.788512,0.119763,0.0944349,FRENET,0.189524,1.87307,0.189524,0.0116968,1.87307,0.739234,0
8.94405,20.1533,7.90082,0.121853,0.788512,0.119763,0.0944349,FRENET,0.189524,1.87307,0.189524,0.0116968,1.87307,0.739234,0
8.94899,20.1611,7.90196,0.123089,0.785703,0.105715,0.0830607,FRENET,0.189524,1.87307,0.189524,0.0116968,1.87307,0.739234,0
8.95205,20.1611,7.90196,0.123089,0.785703,0.105715,0.0830607,FRENET,0.189524,1.87307,0.189524,0.0116968,1.87307,0.739234,0
8.95603,20.1611,7.90196,0.123089,0.785703,0.105715,0.0830607,FRENET,0.189524,1.87307,0.189524,0.0116968,1.87307,0.739234,0
8.96002,20.1688,7.90309,0.124115,0.783428,0.120715,0.0945711,FRENET,0.189524,1.87307,0.189524,0.0116968,1.87307,0.739234,0
8.96403,20.1688,7.90309,0.124115,0.783428,0.120715,0.0945711,FRENET,0.189524,1.87307,0.189524,0.0116968,1.87307,0.739234,0
8.96893,20.1766,7.90425,0.125353,0.781585,0.105655,0.0825784,FRENET,0.189524,1.87307,0.189524,0.0116968,1.87307,0.739234,0
8.97203,20.1766,7.90425,0.125353,0.781585,0.105655,0.0825784,FRENET,0.189524,1.87307,0.189524,0.0116968,1.87307,0.739234,0
8.97604,20.1766,7.90425,0.125353,0.781585,0.105655,0.0825784,FRENET,0.189524,1.87307,0.189524,0.0116968,1.87307,0.739234,0
8.98002,20.1843,7.9054,0.126377,0.780093,0.120428,0.093945,FRENET,0.189524,1.87307,0.189524,0.0116968,1.87307,0.739234,0
8.98404,20.1843,7.9054,0.126377,0.780093,0.120428,0.093945,FRENET,0.149191,1.87307,0.149191,0.0204254,1.87307,0.739641,0
8.98893,20.192,7.90657,0.127612,0.778885,0.105295,0.0820125,FRENET,0.149191,1.87307,0.149191,0.0204254,1.87307,0.739641,0
8.99204,20.192,7.90657,0.127612,0.778885,0.105295,0.0820125,FRENET,0.149191,1.87307,0.149191,0.0204254,1.87307,0.739641,0
8.99603,20.192,7.90657,0.127612,0.778885,0.105295,0.0820125,FRENET,0.149191,1.87307,0.149191,0.0204254,1.87307,0.739641,0
9.00002,20.1997,7.90774,0.128633,0.777907,0.120114,0.0934379,FRENET,0.149191,1.87307,0.149191,0.0204254,1.87307,0.739641,0
9.00403,20.1997,7.90774,0.128633,0.777907,0.120114,0.0934379,FRENET,0.149191,1.87307,0.149191,0.0204254,1.87307,0.739641,0
9.0089,20.2074,7.90893,0.129864,0.777115,0.105004,0.0816001,FRENET,0.149191,1.87307,0.149191,0.0204254,1.87307,0.739641,0
9.01203,20.2074,7.90893,0.129864,0.777115,0.105004,0.0816001,FRENET,0.149191,1.87307,0.149191,0.0204254,1.87307,0.739641,0
9.01603,20.2074,7.90893,0.129864,0.777115,0.105004,0.0816001,FRENET,0.149191,1.87307,0.149191,0.0204254,1.87307,0.739641,0
9.02002,20.215,7.91011,0.130883,0.776473,0.119884,0.0930864,FRENET,0.149191,1.87307,0.149191,0.0204254,1.87307,0.739641,0
9.02399,20.215,7.91011,0.130883,0.776473,0.119884,0.0930864,FRENET,0.149191,1.87307,0.149191,0.0204254,1.87307,0.739641,0
9.02888,20.2227,7.91131,0.132112,0.775954,0.104801,0.0813206,FRENET,0.149191,1.87307,0.149191,0.0204254,1.87307,0.739641,0
9.03203,20.2227,7.91131,0.132112,0.775954,0.104801,0.0813206,FRENET,0.163183,1.87307,0.163183,0.00481896,1.87307,0.745685,0
9.03604,20.2227,7.91131,0.132112,0.775954,0.104801,0.0813206,FRENET,0.163183,1.87307,0.163183,0.00481896,1.87307,0.745685,0
9.04002,20.2304,7.91251,0.133129,0.775533,0.119726,0.0928515,FRENET,0.163183,1.87307,0.163183,0.00481896,1.87307,0.745685,0
9.04403,20.2304,7.91251,0.133129,0.775533,0.119726,0.0928515,FRENET,0.163183,1.87307,0.163183,0.00481896,1.87307,0.745685,0
9.04889,20.238,7.91373,0.134357,0.775192,0.104665,0.0811351,FRENET,0.163183,1.87307,0.163183,0.00481896,1.87307,0.745685,0
9.05203,20.238,7.91373,0.134357,0.775192,0.104665,0.0811351,FRENET,0.163183,1.87307,0.163183,0.00481896,1.87307,0.745685,0
9.05603,20.238,7.91373,0.134357,0.775192,0.104665,0.0811351,FRENET,0.163183,1.87307,0.163183,0.00481896,1.87307,0.745685,0
9.06002,20.2457,7.91494,0.135372,0.774916,0.119621,0.0926964,FRENET,0.163183,1.87307,0.163183,0.00481896,1.87307,0.745685,0
9.06403,20.2457,7.91494,0.135372,0.774916,0.119621,0.0926964,FRENET,0.163183,1.87307,0.163183,0.00481896,1.87307,0.745685,0
9.06883,20.2533,7.91618,0.136599,0.774693,0.104574,0.0810129,FRENET,0.163183,1.87307,0.163183,0.00481896,1.87307,0.745685,0
9.07203,20.2533,7.91618,0.136599,0.774693,0.104574,0.0810129,FRENET,0.163183,1.87307,0.163183,0.00481896,1.87307,0.745685,0
9.07603,20.2533,7.91618,0.136599,0.774693,0.104574,0.0810129,FRENET,0.163183,1.87307,0.163183,0.00481896,1.87307,0.745685,0
9.07998,20.261,7.91741,0.137614,0.774512,0.119552,0.0925944,FRENET,0.163183,1.87307,0.163183,0.00481896,1.87307,0.745685,0
9.08399,20.261,7.91741,0.137614,0.774512,0.119552,0.0925944,FRENET,0.218175,1.90216,0.218175,0.0169827,1.90216,0.752477,0
9.08886,20.2686,7.91866,0.13884,0.77483,0.10457,0.0810237,FRENET,0.218175,1.90216,0.218175,0.0169827,1.90216,0.752477,0
9.09204,20.2686,7.91866,0.13884,0.77483,0.10457,0.0810237,FRENET,0.218175,1.90216,0.218175,0.0169827,1.90216,0.752477,0
9.09604,20.2686,7.91866,0.13884,0.77483,0.10457,0.0810237,FRENET,0.218175,1.90216,0.218175,0.0169827,1.90216,0.752477,0
9.10002,20.2763,7.91991,0.139855,0.775133,0.119552,0.0926686,FRENET,0.218175,1.90216,0.218175,0.0169827,1.90216,0.752477,0
9.10403,20.2763,7.91991,0.139855,0.775133,0.119552,0.0926686,FRENET,0.218175,1.90216,0.218175,0.0169827,1.90216,0.752477,0
9.10884,20.284,7.92118,0.14108,0.782757,0.105497,0.0825782,FRENET,0.218175,1.90216,0.218175,0.0169827,1.90216,0.752477,0
9.11203,20.284,7.92118,0.14108,0.782757,0.105497,0.0825782,FRENET,0.218175,1.90216,0.218175,0.0169827,1.90216,0.752477,0
9.11603,20.284,7.92118,0.14108,0.782757,0.105497,0.0825782,FRENET,0.218175,1.90216,0.218175,0.0169827,1.90216,0.752477,0
9.12002,20.2917,7.92247,0.142108,0.790019,0.120343,0.0950733,FRENET,0.218175,1.90216,0.218175,0.0169827,1.90216,0.752477,0
9.12404,20.2917,7.92247,0.142108,0.790019,0.120343,0.0950733,FRENET,0.218175,1.90216,0.218175,0.0169827,1.90216,0.752477,0
9.12882,20.2995,7.92378,0.143347,0.796935,0.10741,0.0855987,FRENET,0.218175,1.90216,0.218175,0.0169827,1.90216,0.752477,0
9.13205,20.2995,7.92378,0.143347,0.796935,0.10741,0.0855987,FRENET,0.233681,1.90216,0.233681,0.143962,1.90216,0.286611,0
9.13603,20.2995,7.92378,0.143347,0.796935,0.10741,0.0855987,FRENET,0.233681,1.90216,0.233681,0.143962,1.90216,0.286611,0
9.14002,20.3074,7.92509,0.144176,0.803523,0.0524131,0.0421151,FRENET,0.233681,1.90216,0.233681,0.143962,1.90216,0.286611,0
9.14403,20.3074,7.92509,0.144176,0.803523,0.0524131,0.0421151,FRENET,0.233681,1.90216,0.233681,0.143962,1.90216,0.286611,0
9.14881,20.3154,7.92635,0.144584,0.809798,0.0531068,0.0430057,FRENET,0.233681,1.90216,0.233681,0.143962,1.90216,0.286611,0
9.15203,20.3154,7.92635,0.144584,0.809798,0.0531068,0.0430057,FRENET,0.233681,1.90216,0.233681,0.143962,1.90216,0.286611,0
9.15599,20.3154,7.92635,0.144584,0.809798,0.0531068,0.0430057,FRENET,0.233681,1.90216,0.233681,0.143962,1.90216,0.286611,0
9.16002,20.3234,7.92761,0.14512,0.815774,0.0353932,0.0288729,FRENET,0.233681,1.90216,0.233681,0.143962,1.90216,0.286611,0
9.16403,20.3234,7.92761,0.14512,0.815774,0.0353932,0.0288729,FRENET,0.233681,1.90216,0.233681,0.143962,1.90216,0.286611,0
9.1688,20.3315,7.92887,0.145432,0.821466,0.0473108,0.0388642,FRENET,0.233681,1.90216,0.233681,0.143962,1.90216,0.286611,0
9.17203,20.3315,7.92887,0.145432,0.821466,0.0473108,0.0388642,FRENET,0.233681,1.90216,0.233681,0.143962,1.90216,0.286611,0
9.17603,20.3315,7.92887,0.145432,0.821466,0.0473108,0.0388642,FRENET,0.233681,1.90216,0.233681,0.143962,1.90216,0.286611,0
9.18002,20.3397,7.93014,0.145936,0.826887,0.033626,0.0278049,FRENET,0.233681,1.90216,0.233681,0.143962,1.90216,0.286611,0
9.18399,20.3397,7.93014,0.145936,0.826887,0.033626,0.0278049,FRENET,0.198924,1.90216,0.198924,0.151888,1.90216,0.291211,0
9.18875,20.3479,7.93141,0.146238,0.83205,0.0466945,0.0388522,FRENET,0.198924,1.90216,0.198924,0.151888,1.90216,0.291211,0
9.19198,20.3479,7.93141,0.146238,0.83205,0.0466945,0.0388522,FRENET,0.198924,1.90216,0.198924,0.151888,1.90216,0.291211,0
9.19598,20.3479,7.93141,0.146238,0.83205,0.0466945,0.0388522,FRENET,0.198924,1.90216,0.198924,0.151888,1.90216,0.291211,0
9.19997,20.3561,7.9327,0.146739,0.836968,0.0337434,0.0282422,FRENET,0.198924,1.90216,0.198924,0.151888,1.90216,0.291211,0
9.20398,20.3561,7.9327,0.146739,0.836968,0.0337434,0.0282422,FRENET,0.198924,1.90216,0.198924,0.151888,1.90216,0.291211,0
9.20874,20.3644,7.93397,0.14693,0.841653,0.0114157,0.00960802,FRENET,0.198924,1.90216,0.198924,0.151888,1.90216,0.291211,0
9.21199,20.3644,7.93397,0.14693,0.841653,0.0114157,0.00960802,FRENET,0.198924,1.90216,0.198924,0.151888,1.90216,0.291211,0
9.21598,20.3644,7.93397,0.14693,0.841653,0.0114157,0.00960802,FRENET,0.198924,1.90216,0.198924,0.151888,1.90216,0.291211,0
9.21997,20.3728,7.93522,0.146886,0.846114,-0.0312924,-0.0264769,FRENET,0.198924,1.90216,0.198924,0.151888,1.90216,0.291211,0
9.22398,20.3728,7.93522,0.146886,0.846114,-0.0312924,-0.0264769,FRENET,0.198924,1.90216,0.198924,0.151888,1.90216,0.291211,0
9.22874,20.3812,7.93643,0.146475,0.850363,-0.028455,-0.0241971,FRENET,0.198924,1.90216,0.198924,0.151888,1.90216,0.291211,0
9.23198,20.3812,7.93643,0.146475,0.850363,-0.028455,-0.0241971,FRENET,0.206229,1.90216,0.206229,0.17007,1.90216,0.30436,0
9.23598,20.3812,7.93643,0.146475,0.850363,-0.028455,-0.0241971,FRENET,0.206229,1.90216,0.206229,0.17007,1.90216,0.30436,0
9.23997,20.3896,7.93764,0.146203,0.85441,-0.0448175,-0.0382925,FRENET,0.206229,1.90216,0.206229,0.17007,1.90216,0.30436,0
9.24398,20.3896,7.93764,0.146203,0.85441,-0.0448175,-0.0382925,FRENET,0.206229,1.90216,0.206229,0.17007,1.90216,0.30436,0
9.24874,20.3981,7.93882,0.14571,0.858265,-0.0337121,-0.0289339,FRENET,0.206229,1.90216,0.206229,0.17007,1.90216,0.30436,0
9.25198,20.3981,7.93882,0.14571,0.858265,-0.0337121,-0.0289339,FRENET,0.206229,1.90216,0.206229,0.17007,1.90216,0.30436,0
9.25598,20.3981,7.93882,0.14571,0.858265,-0.0337121,-0.0289339,FRENET,0.206229,1.90216,0.206229,0.17007,1.90216,0.30436,0
9.25996,20.4066,7.94002,0.145405,0.861937,-0.0470419,-0.0405472,FRENET,0.206229,1.90216,0.206229,0.17007,1.90216,0.30436,0
9.26398,20.4066,7.94002,0.145405,0.861937,-0.0470419,-0.0405472,FRENET,0.206229,1.90216,0.206229,0.17007,1.90216,0.30436,0
9.26872,20.4151,7.9412,0.144896,0.865434,-0.0349709,-0.0302649,FRENET,0.206229,1.90216,0.206229,0.17007,1.90216,0.30436,0
9.27198,20.4151,7.9412,0.144896,0.865434,-0.0349709,-0.0302649,FRENET,0.206229,1.90216,0.206229,0.17007,1.90216,0.30436,0
9.27598,20.4151,7.9412,0.144896,0.865434,-0.0349709,-0.0302649,FRENET,0.206229,1.90216,0.206229,0.17007,1.90216,0.30436,0
9.27997,20.4237,7.94241,0.144695,0.868764,-0.0118692,-0.0103116,FRENET,0.206229,1.90216,0.206229,0.17007,1.90216,0.30436,0
9.28398,20.4237,7.94241,0.144695,0.868764,-0.0118692,-0.0103116,FRENET,0.232512,1.97184,0.232512,0.185919,1.97184,0.298587,0
9.28871,20.4322,7.94363,0.144755,0.850685,0.0352608,0.0299958,FRENET,0.232512,1.97184,0.232512,0.185919,1.97184,0.298587,0
9.29197,20.4322,7.94363,0.144755,0.850685,0.0352608,0.0299958,FRENET,0.232512,1.97184,0.232512,0.185919,1.97184,0.298587,0
9.29597,20.4322,7.94363,0.144755,0.850685,0.0352608,0.0299958,FRENET,0.232512,1.97184,0.232512,0.185919,1.97184,0.298587,0
9.30002,20.4406,7.94489,0.145203,0.836044,0.0297084,0.0248375,FRENET,0.232512,1.97184,0.232512,0.185919,1.97184,0.298587,0
9.30401,20.4406,7.94489,0.145203,0.836044,0.0297084,0.0248375,FRENET,0.232512,1.97184,0.232512,0.185919,1.97184,0.298587,0
9.30876,20.4488,7.94612,0.14548,0.824188,0.046321,0.0381772,FRENET,0.232512,1.97184,0.232512,0.185919,1.97184,0.298587,0
9.31202,20.4488,7.94612,0.14548,0.824188,0.046321,0.0381772,FRENET,0.232512,1.97184,0.232512,0.185919,1.97184,0.298587,0
9.31603,20.4488,7.94612,0.14548,0.824188,0.046321,0.0381772,FRENET,0.232512,1.97184,0.232512,0.185919,1.97184,0.298587,0
9.32,20.4569,7.9474,0.146213,0.814587,0.106301,0.086591,FRENET,0.232512,1.97184,0.232512,0.185919,1.97184,0.298587,0
9.32403,20.4569,7.9474,0.146213,0.814587,0.106301,0.086591,FRENET,0.232512,1.97184,0.232512,0.185919,1.97184,0.298587,0
9.32869,20.4649,7.94872,0.147394,0.806812,0.104053,0.083951,FRENET,0.232512,1.97184,0.232512,0.185919,1.97184,0.298587,0
9.33203,20.4649,7.94872,0.147394,0.806812,0.104053,0.083951,FRENET,0.231158,1.97184,0.231158,0.214018,1.97184,0.29959,0
9.33602,20.4649,7.94872,0.147394,0.806812,0.104053,0.083951,FRENET,0.231158,1.97184,0.231158,0.214018,1.97184,0.29959,0
9.34,20.4729,7.95007,0.148422,0.812645,0.120999,0.098329,FRENET,0.231158,1.97184,0.231158,0.214018,1.97184,0.29959,0
9.34404,20.4729,7.95007,0.148422,0.812645,0.120999,0.098329,FRENET,0.231158,1.97184,0.231158,0.214018,1.97184,0.29959,0
9.34872,20.4809,7.95146,0.149675,0.8182,0.109574,0.0896531,FRENET,0.231158,1.97184,0.231158,0.214018,1.97184,0.29959,0
9.35202,20.4809,7.95146,0.149675,0.8182,0.109574,0.0896531,FRENET,0.231158,1.97184,0.231158,0.214018,1.97184,0.29959,0
9.35601,20.4809,7.95146,0.149675,0.8182,0.109574,0.0896531,FRENET,0.231158,1.97184,0.231158,0.214018,1.97184,0.29959,0
9.36001,20.489,7.95284,0.150524,0.823491,0.0538936,0.0443809,FRENET,0.231158,1.97184,0.231158,0.214018,1.97184,0.29959,0
9.36401,20.489,7.95284,0.150524,0.823491,0.0538936,0.0443809,FRENET,0.231158,1.97184,0.231158,0.214018,1.97184,0.29959,0
9.36873,20.4971,7.95415,0.15072,0.82853,-0.0166646,-0.0138071,FRENET,0.231158,1.97184,0.231158,0.214018,1.97184,0.29959,0
9.37203,20.4971,7.95415,0.15072,0.82853,-0.0166646,-0.0138071,FRENET,0.231158,1.97184,0.231158,0.214018,1.97184,0.29959,0
9.37599,20.4971,7.95415,0.15072,0.82853,-0.0166646,-0.0138071,FRENET,0.231158,1.97184,0.231158,0.214018,1.97184,0.29959,0
9.38001,20.5054,7.9554,0.150399,0.83333,-0.0223053,-0.0185877,FRENET,0.231158,1.97184,0.231158,0.214018,1.97184,0.29959,0
9.38402,20.5054,7.9554,0.150399,0.83333,-0.0223053,-0.0185877,FGM,0.235372,0.306755,0.213097,0.235372,1.97184,0.306755,0
9.38873,20.514,7.9567,0.150198,0.920974,-0.0324039,-0.0298431,FGM,0.235372,0.306755,0.213097,0.235372,1.97184,0.306755,0
9.39202,20.514,7.9567,0.150198,0.920974,-0.0324039,-0.0298431,FGM,0.235372,0.306755,0.213097,0.235372,1.97184,0.306755,0
9.39601,20.514,7.9567,0.150198,0.920974,-0.0324039,-0.0298431,FGM,0.235372,0.306755,0.213097,0.235372,1.97184,0.306755,0
9.40001,20.5236,7.95809,0.149818,1.00445,-0.0319274,-0.0320695,FGM,0.235372,0.306755,0.213097,0.235372,1.97184,0.306755,0
9.40401,20.5236,7.95809,0.149818,1.00445,-0.0319274,-0.0320695,FGM,0.235372,0.306755,0.213097,0.235372,1.97184,0.306755,0
9.40897,20.5339,7.9596,0.149502,1.08396,-0.0432597,-0.0468917,FGM,0.235372,0.306755,0.213097,0.235372,1.97184,0.306755,0
9.41205,20.5339,7.9596,0.149502,1.08396,-0.0432597,-0.0468917,FGM,0.235372,0.306755,0.213097,0.235372,1.97184,0.306755,0
9.41603,20.5339,7.9596,0.149502,1.08396,-0.0432597,-0.0468917,FGM,0.235372,0.306755,0.213097,0.235372,1.97184,0.306755,0
9.42002,20.545,7.96118,0.148833,1.15968,-0.0962842,-0.111659,FGM,0.235372,0.306755,0.213097,0.235372,1.97184,0.306755,0
9.42406,20.545,7.96118,0.148833,1.15968,-0.0962842,-0.111659,FGM,0.235372,0.306755,0.213097,0.235372,1.97184,0.306755,0
9.42872,20.5569,7.96278,0.147494,1.23181,-0.175053,-0.215632,FGM,0.235372,0.306755,0.213097,0.235372,1.97184,0.306755,0
9.43202,20.5569,7.96278,0.147494,1.23181,-0.175053,-0.215632,FGM,0.211831,0.311212,0.229534,0.211831,1.83681,0.311212,0
9.43604,20.5569,7.96278,0.147494,1.23181,-0.175053,-0.215632,FGM,0.211831,0.311212,0.229534,0.211831,1.83681,0.311212,0
9.44004,20.5694,7.96435,0.145266,1.30025,-0.273075,-0.355065,FGM,0.211831,0.311212,0.229534,0.211831,1.83681,0.311212,0
9.44405,20.5694,7.96435,0.145266,1.30025,-0.273075,-0.355065,FGM,0.211831,0.311212,0.229534,0.211831,1.83681,0.311212,0
9.44865,20.5827,7.96585,0.141977,1.36543,-0.386564,-0.527827,FGM,0.211831,0.311212,0.229534,0.211831,1.83681,0.311212,0
9.45205,20.5827,7.96585,0.141977,1.36543,-0.386564,-0.527827,FGM,0.211831,0.311212,0.229534,0.211831,1.83681,0.311212,0
9.45605,20.5827,7.96585,0.141977,1.36543,-0.386564,-0.527827,FGM,0.211831,0.311212,0.229534,0.211831,1.83681,0.311212,0
9.46003,20.5966,7.96725,0.137688,1.42752,-0.453254,-0.647028,FGM,0.211831,0.311212,0.229534,0.211831,1.83681,0.311212,0
9.46402,20.5966,7.96725,0.137688,1.42752,-0.453254,-0.647028,FGM,0.211831,0.311212,0.229534,0.211831,1.83681,0.311212,0
9.46871,20.6111,7.96859,0.133131,1.48665,-0.448375,-0.666576,FGM,0.211831,0.311212,0.229534,0.211831,1.83681,0.311212,0
9.47206,20.6111,7.96859,0.133131,1.48665,-0.448375,-0.666576,FGM,0.211831,0.311212,0.229534,0.211831,1.83681,0.311212,0
9.47606,20.6111,7.96859,0.133131,1.48665,-0.448375,-0.666576,FGM,0.211831,0.311212,0.229534,0.211831,1.83681,0.311212,0
9.48004,20.6261,7.96993,0.128643,1.54297,-0.463401,-0.715013,FGM,0.211831,0.311212,0.229534,0.211831,1.83681,0.311212,0
9.48402,20.6261,7.96993,0.128643,1.54297,-0.463401,-0.715013,FGM,0.107615,0.313136,0.222367,0.107615,1.83681,0.313136,0
9.4887,20.6418,7.97124,0.123897,1.59918,-0.473009,-0.756426,FGM,0.107615,0.313136,0.222367,0.107615,1.83681,0.313136,0
9.49204,20.6418,7.97124,0.123897,1.59918,-0.473009,-0.756426,FGM,0.107615,0.313136,0.222367,0.107615,1.83681,0.313136,0
9.49605,20.6418,7.97124,0.123897,1.59918,-0.473009,-0.756426,FGM,0.107615,0.313136,0.222367,0.107615,1.83681,0.313136,0
9.50005,20.658,7.97253,0.119135,1.65272,-0.492535,-0.814022,FGM,0.107615,0.313136,0.222367,0.107615,1.83681,0.313136,0
9.50403,20.658,7.97253,0.119135,1.65272,-0.492535,-0.814022,FGM,0.107615,0.313136,0.222367,0.107615,1.83681,0.313136,0
9.50863,20.6748,7.97377,0.114084,1.70371,-0.504045,-0.858747,FGM,0.107615,0.313136,0.222367,0.107615,1.83681,0.313136,0
9.51202,20.6748,7.97377,0.114084,1.70371,-0.504045,-0.858747,FGM,0.107615,0.313136,0.222367,0.107615,1.83681,0.313136,0
9.51601,20.6748,7.97377,0.114084,1.70371,-0.504045,-0.858747,FGM,0.107615,0.313136,0.222367,0.107615,1.83681,0.313136,0
9.52001,20.692,7.97499,0.109014,1.75228,-0.523183,-0.916762,FGM,0.107615,0.313136,0.222367,0.107615,1.83681,0.313136,0
9.52401,20.692,7.97499,0.109014,1.75228,-0.523183,-0.916762,FGM,0.107615,0.313136,0.222367,0.107615,1.83681,0.313136,0
9.52865,20.7097,7.97615,0.103659,1.79854,-0.533779,-0.960021,FGM,0.107615,0.313136,0.222367,0.107615,1.83681,0.313136,0
9.53202,20.7097,7.97615,0.103659,1.79854,-0.533779,-0.960021,FGM,0.0569164,0.323033,0.207955,0.0569164,1.83681,0.323033,0
9.53601,20.7097,7.97615,0.103659,1.79854,-0.533779,-0.960021,FGM,0.0569164,0.323033,0.207955,0.0569164,1.83681,0.323033,0
9.54,20.7279,7.97726,0.0983074,1.84699,-0.550036,-1.01591,FGM,0.0569164,0.323033,0.207955,0.0569164,1.83681,0.323033,0
9.54401,20.7279,7.97726,0.0983074,1.84699,-0.550036,-1.01591,FGM,0.0569164,0.323033,0.207955,0.0569164,1.83681,0.323033,0
9.54864,20.7466,7.97831,0.092691,1.89314,-0.559336,-1.0589,FGM,0.0569164,0.323033,0.207955,0.0569164,1.83681,0.323033,0
9.55201,20.7466,7.97831,0.092691,1.89314,-0.559336,-1.0589,FGM,0.0569164,0.323033,0.207955,0.0569164,1.83681,0.323033,0
9.55601,20.7466,7.97831,0.092691,1.89314,-0.559336,-1.0589,FGM,0.0569164,0.323033,0.207955,0.0569164,1.83681,0.323033,0
9.56,20.7657,7.97932,0.0873191,1.9371,-0.506502,-0.981145,FGM,0.0569164,0.323033,0.207955,0.0569164,1.83681,0.323033,0
9.56402,20.7657,7.97932,0.0873191,1.9371,-0.506502,-0.981145,FGM,0.0569164,0.323033,0.207955,0.0569164,1.83681,0.323033,0
9.5686,20.7852,7.98032,0.0824491,1.97897,-0.484396,-0.958603,FGM,0.0569164,0.323033,0.207955,0.0569164,1.83681,0.323033,0
9.57201,20.7852,7.98032,0.0824491,1.97897,-0.484396,-0.958603,FGM,0.0569164,0.323033,0.207955,0.0569164,1.83681,0.323033,0
9.576,20.7852,7.98032,0.0824491,1.97897,-0.484396,-0.958603,FGM,0.0569164,0.323033,0.207955,0.0569164,1.83681,0.323033,0
9.57998,20.8052,7.98129,0.0776238,2.01884,-0.468117,-0.945056,FGM,0.0569164,0.323033,0.207955,0.0569164,1.83681,0.323033,0
9.58403,20.8052,7.98129,0.0776238,2.01884,-0.468117,-0.945056,FGM,0,0.348981,0.229975,0,1.83681,0.348981,0
9.58863,20.8256,7.98223,0.0730283,2.05933,-0.466015,-0.959679,FGM,0,0.348981,0.229975,0,1.83681,0.348981,0
9.59199,20.8256,7.98223,0.0730283,2.05933,-0.466015,-0.959679,FGM,0,0.348981,0.229975,0,1.83681,0.348981,0
9.59604,20.8256,7.98223,0.0730283,2.05933,-0.466015,-0.959679,FGM,0,0.348981,0.229975,0,1.83681,0.348981,0
9.60003,20.8464,7.98311,0.0683211,2.09789,-0.46169,-0.968576,FGM,0,0.348981,0.229975,0,1.83681,0.348981,0
9.60404,20.8464,7.98311,0.0683211,2.09789,-0.46169,-0.968576,FGM,0,0.348981,0.229975,0,1.83681,0.348981,0
9.6086,20.8675,7.98395,0.0637494,2.13462,-0.467249,-0.997399,FGM,0,0.348981,0.229975,0,1.83681,0.348981,0
9.61201,20.8675,7.98395,0.0637494,2.13462,-0.467249,-0.997399,FGM,0,0.348981,0.229975,0,1.83681,0.348981,0
9.616,20.8675,7.98395,0.0637494,2.13462,-0.467249,-0.997399,FGM,0,0.348981,0.229975,0,1.83681,0.348981,0
9.61999,20.889,7.98471,0.0590035,2.1696,-0.467522,-1.01434,FGM,0,0.348981,0.229975,0,1.83681,0.348981,0
9.624,20.889,7.98471,0.0590035,2.1696,-0.467522,-1.01434,FGM,0,0.348981,0.229975,0,1.83681,0.348981,0
9.62859,20.9109,7.98542,0.0543601,2.20292,-0.475743,-1.04802,FGM,0,0.348981,0.229975,0,1.83681,0.348981,0
9.63201,20.9109,7.98542,0.0543601,2.20292,-0.475743,-1.04802,FGM,0,0.389122,0.0860555,0,1.92993,0.389122,0
9.63605,20.9109,7.98542,0.0543601,2.20292,-0.475743,-1.04802,FGM,0,0.389122,0.0860555,0,1.92993,0.389122,0
9.63999,20.9331,7.98604,0.0495398,2.24327,-0.474589,-1.06463,FGM,0,0.389122,0.0860555,0,1.92993,0.389122,0
9.64405,20.9331,7.98604,0.0495398,2.24327,-0.474589,-1.06463,FGM,0,0.389122,0.0860555,0,1.92993,0.389122,0
9.64858,20.9557,7.98659,0.0448274,2.28169,-0.482197,-1.10023,FGM,0,0.389122,0.0860555,0,1.92993,0.389122,0
9.65201,20.9557,7.98659,0.0448274,2.28169,-0.482197,-1.10023,FGM,0,0.389122,0.0860555,0,1.92993,0.389122,0
9.65604,20.9557,7.98659,0.0448274,2.28169,-0.482197,-1.10023,FGM,0,0.389122,0.0860555,0,1.92993,0.389122,0
9.65999,20.9787,7.98704,0.0399216,2.3183,-0.484622,-1.1235,FGM,0,0.389122,0.0860555,0,1.92993,0.389122,0
9.664,20.9787,7.98704,0.0399216,2.3183,-0.484622,-1.1235,FGM,0,0.389122,0.0860555,0,1.92993,0.389122,0
9.66858,21.002,7.98742,0.0350996,2.35316,-0.494121,-1.16274,FGM,0,0.389122,0.0860555,0,1.92993,0.389122,0
9.67201,21.002,7.98742,0.0350996,2.35316,-0.494121,-1.16274,FGM,0,0.389122,0.0860555,0,1.92993,0.389122,0
9.676,21.002,7.98742,0.0350996,2.35316,-0.494121,-1.16274,FGM,0,0.389122,0.0860555,0,1.92993,0.389122,0
9.67999,21.0257,7.98769,0.0300678,2.38636,-0.497529,-1.18728,FGM,0,0.389122,0.0860555,0,1.92993,0.389122,0
9.68401,21.0257,7.98769,0.0300678,2.38636,-0.497529,-1.18728,FGM,0,0.443262,0.073714,0,1.92993,0.443262,0
9.68864,21.0498,7.98787,0.02513,2.42416,-0.504396,-1.22274,FGM,0,0.443262,0.073714,0,1.92993,0.443262,0
9.69203,21.0498,7.98787,0.02513,2.42416,-0.504396,-1.22274,FGM,0,0.443262,0.073714,0,1.92993,0.443262,0
9.69604,21.0498,7.98787,0.02513,2.42416,-0.504396,-1.22274,FGM,0,0.443262,0.073714,0,1.92993,0.443262,0
9.70004,21.0742,7.98793,0.0200026,2.46015,-0.506737,-1.24665,FGM,0,0.443262,0.073714,0,1.92993,0.443262,0
9.70403,21.0742,7.98793,0.0200026,2.46015,-0.506737,-1.24665,FGM,0,0.443262,0.073714,0,1.92993,0.443262,0
9.70862,21.099,7.98792,0.0152186,2.49444,-0.4404,-1.09855,FGM,0,0.443262,0.073714,0,1.92993,0.443262,0
9.712,21.099,7.98792,0.0152186,2.49444,-0.4404,-1.09855,FGM,0,0.443262,0.073714,0,1.92993,0.443262,0
9.716,21.099,7.98792,0.0152186,2.49444,-0.4404,-1.09855,FGM,0,0.443262,0.073714,0,1.92993,0.443262,0
9.71999,21.1241,7.98787,0.0110883,2.5271,-0.403298,-1.01917,FGM,0,0.443262,0.073714,0,1.92993,0.443262,0
9.72405,21.1241,7.98787,0.0110883,2.5271,-0.403298,-1.01917,FGM,0,0.443262,0.073714,0,1.92993,0.443262,0
9.72859,21.1495,7.98775,0.00713226,2.5582,-0.375143,-0.959693,FGM,0,0.443262,0.073714,0,1.92993,0.443262,0
9.73206,21.1495,7.98775,0.00713226,2.5582,-0.375143,-0.959693,FGM,0.0546426,0.290526,0.070463,0.0546426,1.92993,0.290526,0
9.73603,21.1495,7.98775,0.00713226,2.5582,-0.375143,-0.959693,FGM,0.0546426,0.290526,0.070463,0.0546426,1.92993,0.290526,0
9.74002,21.1746,7.98758,0.00335714,2.4631,-0.402265,-0.99082,FGM,0.0546426,0.290526,0.070463,0.0546426,1.92993,0.290526,0
9.74403,21.1746,7.98758,0.00335714,2.4631,-0.402265,-0.99082,FGM,0.0546426,0.290526,0.070463,0.0546426,1.92993,0.290526,0
9.74861,21.1988,7.98734,-0.000819117,2.368,-0.407153,-0.964141,FGM,0.0546426,0.290526,0.070463,0.0546426,1.92993,0.290526,0
9.75203,21.1988,7.98734,-0.000819117,2.368,-0.407153,-0.964141,FGM,0.0546426,0.290526,0.070463,0.0546426,1.92993,0.290526,0
9.756,21.1988,7.98734,-0.000819117,2.368,-0.407153,-0.964141,FGM,0.0546426,0.290526,0.070463,0.0546426,1.92993,0.290526,0
9.76004,21.222,7.9871,-0.0044108,2.2729,-0.295968,-0.672706,FGM,0.0546426,0.290526,0.070463,0.0546426,1.92993,0.290526,0
9.76403,21.222,7.9871,-0.0044108,2.2729,-0.295968,-0.672706,FGM,0.0546426,0.290526,0.070463,0.0546426,1.92993,0.290526,0
9.76858,21.2442,7.98693,-0.00652508,2.1778,-0.118597,-0.258281,FGM,0.0546426,0.290526,0.070463,0.0546426,1.92993,0.290526,0
9.77201,21.2442,7.98693,-0.00652508,2.1778,-0.118597,-0.258281,FGM,0.0546426,0.290526,0.070463,0.0546426,1.92993,0.290526,0
9.776,21.2442,7.98693,-0.00652508,2.1778,-0.118597,-0.258281,FGM,0.0546426,0.290526,0.070463,0.0546426,1.92993,0.290526,0
9.77999,21.2655,7.98689,-0.00667556,2.08319,0.0922463,0.192167,FGM,0.0546426,0.290526,0.070463,0.0546426,1.92993,0.290526,0
9.78403,21.2655,7.98689,-0.00667556,2.08319,0.0922463,0.192167,FGM,0.0579709,0.282296,0.0705431,0.0579709,1.92993,0.282296,0
9.78858,21.2861,7.98698,-0.00511134,2.02153,0.188058,0.380166,FGM,0.0579709,0.282296,0.0705431,0.0579709,1.92993,0.282296,0
9.79204,21.2861,7.98698,-0.00511134,2.02153,0.188058,0.380166,FGM,0.0579709,0.282296,0.0705431,0.0579709,1.92993,0.282296,0
9.79604,21.2861,7.98698,-0.00511134,2.02153,0.188058,0.380166,FGM,0.0579709,0.282296,0.0705431,0.0579709,1.92993,0.282296,0
9.80002,21.306,7.9871,-0.00336723,1.9716,0.143424,0.282774,FGM,0.0579709,0.282296,0.0705431,0.0579709,1.92993,0.282296,0
9.80403,21.306,7.9871,-0.00336723,1.9716,0.143424,0.282774,FGM,0.0579709,0.282296,0.0705431,0.0579709,1.92993,0.282296,0
9.80863,21.3255,7.98717,-0.00246558,1.93117,0.0279023,0.0538841,FGM,0.0579709,0.282296,0.0705431,0.0579709,1.92993,0.282296,0
9.81205,21.3255,7.98717,-0.00246558,1.93117,0.0279023,0.0538841,FGM,0.0579709,0.282296,0.0705431,0.0579709,1.92993,0.282296,0
9.81601,21.3255,7.98717,-0.00246558,1.93117,0.0279023,0.0538841,FGM,0.0579709,0.282296,0.0705431,0.0579709,1.92993,0.282296,0
9.82002,21.3447,7.98713,-0.00290768,1.89843,-0.12089,-0.229502,FGM,0.0579709,0.282296,0.0705431,0.0579709,1.92993,0.282296,0
9.82403,21.3447,7.98713,-0.00290768,1.89843,-0.12089,-0.229502,FGM,0.0579709,0.282296,0.0705431,0.0579709,1.92993,0.282296,0
9.82858,21.3635,7.98692,-0.00491758,1.87191,-0.283407,-0.530513,FGM,0.0579709,0.282296,0.0705431,0.0579709,1.92993,0.282296,0
9.83205,21.3635,7.98692,-0.00491758,1.87191,-0.283407,-0.530513,FGM,0.0514526,0.284114,0.163044,0.0514526,2.66611,0.284114,0
9.83603,21.3635,7.98692,-0.00491758,1.87191,-0.283407,-0.530513,FGM,0.0514526,0.284114,0.163044,0.0514526,2.66611,0.284114,0
9.84004,21.3821,7.98654,-0.00829186,1.84293,-0.362139,-0.667396,FGM,0.0514526,0.284114,0.163044,0.0514526,2.66611,0.284114,0
9.84405,21.3821,7.98654,-0.00829186,1.84293,-0.362139,-0.667396,FGM,0.0514526,0.284114,0.163044,0.0514526,2.66611,0.284114,0
9.84858,21.4004,7.98607,-0.0117562,1.81946,-0.315547,-0.574124,FGM,0.0514526,0.284114,0.163044,0.0514526,2.66611,0.284114,0
9.852,21.4004,7.98607,-0.0117562,1.81946,-0.315547,-0.574124,FGM,0.0514526,0.284114,0.163044,0.0514526,2.66611,0.284114,0
9.85604,21.4004,7.98607,-0.0117562,1.81946,-0.315547,-0.574124,FGM,0.0514526,0.284114,0.163044,0.0514526,2.66611,0.284114,0
9.85999,21.4185,7.9856,-0.0144013,1.80045,-0.205805,-0.370542,FGM,0.0514526,0.284114,0.163044,0.0514526,2.66611,0.284114,0
9.864,21.4185,7.9856,-0.0144013,1.80045,-0.205805,-0.370542,FGM,0.0514526,0.284114,0.163044,0.0514526,2.66611,0.284114,0
9.86858,21.4364,7.98519,-0.0157773,1.78506,-0.0655899,-0.117082,FGM,0.0514526,0.284114,0.163044,0.0514526,2.66611,0.284114,0
9.872,21.4364,7.98519,-0.0157773,1.78506,-0.0655899,-0.117082,FGM,0.0514526,0.284114,0.163044,0.0514526,2.66611,0.284114,0
9.87601,21.4364,7.98519,-0.0157773,1.78506,-0.0655899,-0.117082,FGM,0.0514526,0.284114,0.163044,0.0514526,2.66611,0.284114,0
9.87998,21.4542,7.98489,-0.0156724,1.7726,0.0884307,0.156752,FGM,0.0514526,0.284114,0.163044,0.0514526,2.66611,0.284114,0
9.88403,21.4542,7.98489,-0.0156724,1.7726,0.0884307,0.156752,FGM,0,0.413509,0.137933,0,2.66611,0.413509,0
9.88862,21.4724,7.9847,-0.0145542,1.86082,0.122772,0.228457,FGM,0,0.413509,0.137933,0,2.66611,0.413509,0
9.89203,21.4724,7.9847,-0.0145542,1.86082,0.122772,0.228457,FGM,0,0.413509,0.137933,0,2.66611,0.413509,0
9.89603,21.4724,7.9847,-0.0145542,1.86082,0.122772,0.228457,FGM,0,0.413509,0.137933,0,2.66611,0.413509,0
9.90004,21.4914,7.98456,-0.0132108,1.94485,0.155367,0.302164,FGM,0,0.413509,0.137933,0,2.66611,0.413509,0
9.90401,21.4914,7.98456,-0.0132108,1.94485,0.155367,0.302164,FGM,0,0.413509,0.137933,0,2.66611,0.413509,0
9.90858,21.5113,7.9845,-0.0114863,2.02488,0.177375,0.359164,FGM,0,0.413509,0.137933,0,2.66611,0.413509,0
9.91204,21.5113,7.9845,-0.0114863,2.02488,0.177375,0.359164,FGM,0,0.413509,0.137933,0,2.66611,0.413509,0
9.916,21.5113,7.9845,-0.0114863,2.02488,0.177375,0.359164,FGM,0,0.413509,0.137933,0,2.66611,0.413509,0
9.92004,21.5319,7.98446,-0.00984681,2.1011,0.142363,0.299119,FGM,0,0.413509,0.137933,0,2.66611,0.413509,0
9.92403,21.5319,7.98446,-0.00984681,2.1011,0.142363,0.299119,FGM,0,0.413509,0.137933,0,2.66611,0.413509,0
9.92858,21.5533,7.98441,-0.00877326,2.17371,0.0665458,0.144651,FGM,0,0.413509,0.137933,0,2.66611,0.413509,0
9.93204,21.5533,7.98441,-0.00877326,2.17371,0.0665458,0.144651,FGM,0.0479167,0.286931,0.143402,0.0479167,2.66611,0.286931,0
9.93603,21.5533,7.98441,-0.00877326,2.17371,0.0665458,0.144651,FGM,0.0479167,0.286931,0.143402,0.0479167,2.66611,0.286931,0
9.94004,21.5746,7.98425,-0.00904609,2.09771,-0.125343,-0.262933,FGM,0.0479167,0.286931,0.143402,0.0479167,2.66611,0.286931,0
9.94405,21.5746,7.98425,-0.00904609,2.09771,-0.125343,-0.262933,FGM,0.0479167,0.286931,0.143402,0.0479167,2.66611,0.286931,0
9.94862,21.5953,7.98391,-0.0112727,2.03616,-0.321936,-0.655515,FGM,0.0479167,0.286931,0.143402,0.0479167,2.66611,0.286931,0
9.95205,21.5953,7.98391,-0.0112727,2.03616,-0.321936,-0.655515,FGM,0.0479167,0.286931,0.143402,0.0479167,2.66611,0.286931,0
9.95604,21.5953,7.98391,-0.0112727,2.03616,-0.321936,-0.655515,FGM,0.0479167,0.286931,0.143402,0.0479167,2.66611,0.286931,0
9.96003,21.6154,7.98337,-0.0154436,1.98632,-0.513214,-1.01941,FGM,0.0479167,0.286931,0.143402,0.0479167,2.66611,0.286931,0
9.96404,21.6154,7.98337,-0.0154436,1.98632,-0.513214,-1.01941,FGM,0.0479167,0.286931,0.143402,0.0479167,2.66611,0.286931,0
9.96858,21.635,7.9826,-0.0211445,1.94597,-0.596167,-1.16012,FGM,0.0479167,0.286931,0.143402,0.0479167,2.66611,0.286931,0
9.97203,21.635,7.9826,-0.0211445,1.94597,-0.596167,-1.16012,FGM,0.0479167,0.286931,0.143402,0.0479167,2.66611,0.286931,0
9.97603,21.635,7.9826,-0.0211445,1.94597,-0.596167,-1.16012,FGM,0.0479167,0.286931,0.143402,0.0479167,2.66611,0.286931,0
9.97998,21.6543,7.9817,-0.0269206,1.91328,-0.54312,-1.03914,FGM,0.0479167,0.286931,0.143402,0.0479167,2.66611,0.286931,0
9.98404,21.6543,7.9817,-0.0269206,1.91328,-0.54312,-1.03914,FGM,0.0383439,0.278083,0.137482,0.0383439,2.66611,0.278083,0
9.98859,21.6733,7.98076,-0.0317737,1.89672,-0.420637,-0.797832,FGM,0.0383439,0.278083,0.137482,0.0383439,2.66611,0.278083,0
9.99203,21.6733,7.98076,-0.0317737,1.89672,-0.420637,-0.797832,FGM,0.0383439,0.278083,0.137482,0.0383439,2.66611,0.278083,0
9.99603,21.6733,7.98076,-0.0317737,1.89672,-0.420637,-0.797832,FGM,0.0383439,0.278083,0.137482,0.0383439,2.66611,0.278083,0
10,21.6922,7.97983,-0.0352417,1.88331,-0.269512,-0.507576,FGM,0.0383439,0.278083,0.137482,0.0383439,2.66611,0.278083,0
10.004,21.6922,7.97983,-0.0352417,1.88331,-0.269512,-0.507576,FGM,0.0383439,0.278083,0.137482,0.0383439,2.66611,0.278083,0
10.0086,21.711,7.97897,-0.0371228,1.87246,-0.105033,-0.19667,FGM,0.0383439,0.278083,0.137482,0.0383439,2.66611,0.278083,0
10.012,21.711,7.97897,-0.0371228,1.87246,-0.105033,-0.19667,FGM,0.0383439,0.278083,0.137482,0.0383439,2.66611,0.278083,0
10.016,21.711,7.97897,-0.0371228,1.87246,-0.105033,-0.19667,FGM,0.0383439,0.278083,0.137482,0.0383439,2.66611,0.278083,0
10.02,21.7296,7.97823,-0.0373266,1.86366,0.0650707,0.12127,FGM,0.0383439,0.278083,0.137482,0.0383439,2.66611,0.278083,0
10.024,21.7296,7.97823,-0.0373266,1.86366,0.0650707,0.12127,FGM,0.0383439,0.278083,0.137482,0.0383439,2.66611,0.278083,0
10.0286,21.7482,7.97765,-0.0358179,1.85654,0.237091,0.44017,FGM,0.0383439,0.278083,0.137482,0.0383439,2.66611,0.278083,0
10.032,21.7482,7.97765,-0.0358179,1.85654,0.237091,0.44017,FGM,0.0404319,0.286767,0.0859996,0.0404319,3.14302,0.286767,0
10.036,21.7482,7.97765,-0.0358179,1.85654,0.237091,0.44017,FGM,0.0404319,0.286767,0.0859996,0.0404319,3.14302,0.286767,0
10.04,21.7668,7.97725,-0.0329154,1.85965,0.317788,0.590975,FGM,0.0404319,0.286767,0.0859996,0.0404319,3.14302,0.286767,0
10.044,21.7668,7.97725,-0.0329154,1.85965,0.317788,0.590975,FGM,0.0404319,0.286767,0.0859996,0.0404319,3.14302,0.286767,0
10.0486,21.7854,7.97694,-0.0298159,1.86262,0.287804,0.536068,FGM,0.0404319,0.286767,0.0859996,0.0404319,3.14302,0.286767,0
10.052,21.7854,7.97694,-0.0298159,1.86262,0.287804,0.536068,FGM,0.0404319,0.286767,0.0859996,0.0404319,3.14302,0.286767,0
10.056,21.7854,7.97694,-0.0298159,1.86262,0.287804,0.536068,FGM,0.0404319,0.286767,0.0859996,0.0404319,3.14302,0.286767,0
10.06,21.8041,7.97665,-0.0273579,1.86544,0.195749,0.365158,FGM,0.0404319,0.286767,0.0859996,0.0404319,3.14302,0.286767,0
10.064,21.8041,7.97665,-0.0273579,1.86544,0.195749,0.365158,FGM,0.0404319,0.286767,0.0859996,0.0404319,3.14302,0.286767,0
10.0686,21.8227,7.97631,-0.0260134,1.86813,0.06858,0.128116,FGM,0.0404319,0.286767,0.0859996,0.0404319,3.14302,0.286767,0
10.072,21.8227,7.97631,-0.0260134,1.86813,0.06858,0.128116,FGM,0.0404319,0.286767,0.0859996,0.0404319,3.14302,0.286767,0
10.076,21.8227,7.97631,-0.0260134,1.86813,0.06858,0.128116,FGM,0.0404319,0.286767,0.0859996,0.0404319,3.14302,0.286767,0
10.08,21.8414,7.97587,-0.0260508,1.87069,-0.0786864,-0.147198,FGM,0.0404319,0.286767,0.0859996,0.0404319,3.14302,0.286767,0
10.084,21.8414,7.97587,-0.0260508,1.87069,-0.0786864,-0.147198,FGM,0.0168987,0.275585,0.102505,0.0168987,3.14302,0.275585,0
10.0886,21.8601,7.97529,-0.027345,1.87077,-0.154698,-0.289404,FGM,0.0168987,0.275585,0.102505,0.0168987,3.14302,0.275585,0
10.092,21.8601,7.97529,-0.027345,1.87077,-0.154698,-0.289404,FGM,0.0168987,0.275585,0.102505,0.0168987,3.14302,0.275585,0
10.096,21.8601,7.97529,-0.027345,1.87077,-0.154698,-0.289404,FGM,0.0168987,0.275585,0.102505,0.0168987,3.14302,0.275585,0
10.1,21.8788,7.97464,-0.0290818,1.87085,-0.205326,-0.384135,FGM,0.0168987,0.275585,0.102505,0.0168987,3.14302,0.275585,0
10.104,21.8788,7.97464,-0.0290818,1.87085,-0.205326,-0.384135,FGM,0.0168987,0.275585,0.102505,0.0168987,3.14302,0.275585,0
10.1086,21.8975,7.97386,-0.0316269,1.87093,-0.310761,-0.581411,FGM,0.0168987,0.275585,0.102505,0.0168987,3.14302,0.275585,0
10.112,21.8975,7.97386,-0.0316269,1.87093,-0.310761,-0.581411,FGM,0.0168987,0.275585,0.102505,0.0168987,3.14302,0.275585,0
10.116,21.8975,7.97386,-0.0316269,1.87093,-0.310761,-0.581411,FGM,0.0168987,0.275585,0.102505,0.0168987,3.14302,0.275585,0
10.12,21.9162,7.97293,-0.0351059,1.871,-0.362125,-0.677537,FGM,0.0168987,0.275585,0.102505,0.0168987,3.14302,0.275585,0
10.124,21.9162,7.97293,-0.0351059,1.871,-0.362125,-0.677537,FGM,0.0168987,0.275585,0.102505,0.0168987,3.14302,0.275585,0
10.1286,21.9349,7.97191,-0.0385521,1.87107,-0.314321,-0.588118,FGM,0.0168987,0.275585,0.102505,0.0168987,3.14302,0.275585,0
10.132,21.9349,7.97191,-0.0385521,1.87107,-0.314321,-0.588118,FGM,0.0606721,0.283948,0.0952536,0.0606721,3.14302,0.283948,0
10.136,21.9349,7.97191,-0.0385521,1.87107,-0.314321,-0.588118,FGM,0.0606721,0.283948,0.0952536,0.0606721,3.14302,0.283948,0
10.14,21.9536,7.97089,-0.0412162,1.87464,-0.211541,-0.396562,FGM,0.0606721,0.283948,0.0952536,0.0606721,3.14302,0.283948,0
10.144,21.9536,7.97089,-0.0412162,1.87464,-0.211541,-0.396562,FGM,0.0606721,0.283948,0.0952536,0.0606721,3.14302,0.283948,0
10.1486,21.9723,7.96992,-0.0426851,1.87803,-0.0782634,-0.146981,FGM,0.0606721,0.283948,0.0952536,0.0606721,3.14302,0.283948,0
10.152,21.9723,7.96992,-0.0426851,1.87803,-0.0782634,-0.146981,FGM,0.0606721,0.283948,0.0952536,0.0606721,3.14302,0.283948,0
10.1561,21.9723,7.96992,-0.0426851,1.87803,-0.0782634,-0.146981,FGM,0.0606721,0.283948,0.0952536,0.0606721,3.14302,0.283948,0
10.16,21.9911,7.96906,-0.0427247,1.88126,0.0726592,0.136691,FGM,0.0606721,0.283948,0.0952536,0.0606721,3.14302,0.283948,0
10.164,21.9911,7.96906,-0.0427247,1.88126,0.0726592,0.136691,FGM,0.0606721,0.283948,0.0952536,0.0606721,3.14302,0.283948,0
10.1686,22.0099,7.96836,-0.0411983,1.88434,0.233987,0.44091,FGM,0.0606721,0.283948,0.0952536,0.0606721,3.14302,0.283948,0
10.172,22.0099,7.96836,-0.0411983,1.88434,0.233987,0.44091,FGM,0.0606721,0.283948,0.0952536,0.0606721,3.14302,0.283948,0
10.176,22.0099,7.96836,-0.0411983,1.88434,0.233987,0.44091,FGM,0.0606721,0.283948,0.0952536,0.0606721,3.14302,0.283948,0
10.18,22.0288,7.96785,-0.0380244,1.88727,0.401607,0.75794,FGM,0.0606721,0.283948,0.0952536,0.0606721,3.14302,0.283948,0
10.184,22.0288,7.96785,-0.0380244,1.88727,0.401607,0.75794,FGM,0.0401333,0.269221,0.208113,0.0401333,1.51664,0.269221,0
10.1886,22.0476,7.96757,-0.0334449,1.89118,0.488425,0.923701,FGM,0.0401333,0.269221,0.208113,0.0401333,1.51664,0.269221,0
10.192,22.0476,7.96757,-0.0334449,1.89118,0.488425,0.923701,FGM,0.0401333,0.269221,0.208113,0.0401333,1.51664,0.269221,0
10.196,22.0476,7.96757,-0.0334449,1.89118,0.488425,0.923701,FGM,0.0401333,0.269221,0.208113,0.0401333,1.51664,0.269221,0
10.2,22.0666,7.96742,-0.0286163,1.89491,0.462678,0.876735,FGM,0.0401333,0.269221,0.208113,0.0401333,1.51664,0.269221,0
10.204,22.0666,7.96742,-0.0286163,1.89491,0.462678,0.876735,FGM,0.0401333,0.269221,0.208113,0.0401333,1.51664,0.269221,0
10.2086,22.0855,7.96733,-0.0243959,1.89846,0.373069,0.708258,FGM,0.0401333,0.269221,0.208113,0.0401333,1.51664,0.269221,0
10.212,22.0855,7.96733,-0.0243959,1.89846,0.373069,0.708258,FGM,0.0401333,0.269221,0.208113,0.0401333,1.51664,0.269221,0
10.216,22.0855,7.96733,-0.0243959,1.89846,0.373069,0.708258,FGM,0.0401333,0.269221,0.208113,0.0401333,1.51664,0.269221,0
10.22,22.1045,7.96724,-0.0212722,1.90185,0.246882,0.469532,FGM,0.0401333,0.269221,0.208113,0.0401333,1.51664,0.269221,0
10.224,22.1045,7.96724,-0.0212722,1.90185,0.246882,0.469532,FGM,0.0401333,0.269221,0.208113,0.0401333,1.51664,0.269221,0
10.2286,22.1236,7.96707,-0.0195265,1.90507,0.0994811,0.189518,FGM,0.0401333,0.269221,0.208113,0.0401333,1.51664,0.269221,0
10.232,22.1236,7.96707,-0.0195265,1.90507,0.0994811,0.189518,FGM,0.0463276,0.284473,0.190977,0.0463276,1.51664,0.284473,0
10.236,22.1236,7.96707,-0.0195265,1.90507,0.0994811,0.189518,FGM,0.0463276,0.284473,0.190977,0.0463276,1.51664,0.284473,0
10.24,22.1426,7.96679,-0.0193559,1.89778,-0.0668105,-0.126791,FGM,0.0463276,0.284473,0.190977,0.0463276,1.51664,0.284473,0
10.244,22.1426,7.96679,-0.0193559,1.89778,-0.0668105,-0.126791,FGM,0.0463276,0.284473,0.190977,0.0463276,1.51664,0.284473,0
10.2486,22.1615,7.96633,-0.0208763,1.89188,-0.238072,-0.450402,FGM,0.0463276,0.284473,0.190977,0.0463276,1.51664,0.284473,0
10.252,22.1615,7.96633,-0.0208763,1.89188,-0.238072,-0.450402,FGM,0.0463276,0.284473,0.190977,0.0463276,1.51664,0.284473,0
10.256,22.1615,7.96633,-0.0208763,1.89188,-0.238072,-0.450402,FGM,0.0463276,0.284473,0.190977,0.0463276,1.51664,0.284473,0
10.26,22.1804,7.96567,-0.0241219,1.8871,-0.411497,-0.776534,FGM,0.0463276,0.284473,0.190977,0.0463276,1.51664,0.284473,0
10.264,22.1804,7.96567,-0.0241219,1.8871,-0.411497,-0.776534,FGM,0.0463276,0.284473,0.190977,0.0463276,1.51664,0.284473,0
10.2686,22.1992,7.96476,-0.0291066,1.88322,-0.58574,-1.10308,FGM,0.0463276,0.284473,0.190977,0.0463276,1.51664,0.284473,0
10.272,22.1992,7.96476,-0.0291066,1.88322,-0.58574,-1.10308,FGM,0.0463276,0.284473,0.190977,0.0463276,1.51664,0.284473,0
10.276,22.1992,7.96476,-0.0291066,1.88322,-0.58574,-1.10308,FGM,0.0463276,0.284473,0.190977,0.0463276,1.51664,0.284473,0
10.28,22.218,7.9636,-0.035542,1.88009,-0.674301,-1.26775,FGM,0.0463276,0.284473,0.190977,0.0463276,1.51664,0.284473,0
10.284,22.218,7.9636,-0.035542,1.88009,-0.674301,-1.26775,FGM,0.0490039,0.269875,0.186471,0.0490039,1.51664,0.269875,0
10.2886,22.2368,7.96225,-0.0422011,1.882,-0.643308,-1.21071,FGM,0.0490039,0.269875,0.186471,0.0490039,1.51664,0.269875,0
10.292,22.2368,7.96225,-0.0422011,1.882,-0.643308,-1.21071,FGM,0.0490039,0.269875,0.186471,0.0490039,1.51664,0.269875,0
10.296,22.2368,7.96225,-0.0422011,1.882,-0.643308,-1.21071,FGM,0.0490039,0.269875,0.186471,0.0490039,1.51664,0.269875,0
10.3,22.2556,7.96081,-0.04821,1.88382,-0.550423,-1.0369,FGM,0.0490039,0.269875,0.186471,0.0490039,1.51664,0.269875,0
10.304,22.2556,7.96081,-0.04821,1.88382,-0.550423,-1.0369,FGM,0.0490039,0.269875,0.186471,0.0490039,1.51664,0.269875,0
10.3086,22.2743,7.95934,-0.0530969,1.88555,-0.422376,-0.796411,FGM,0.0490039,0.269875,0.186471,0.0490039,1.51664,0.269875,0
10.312,22.2743,7.95934,-0.0530969,1.88555,-0.422376,-0.796411,FGM,0.0490039,0.269875,0.186471,0.0490039,1.51664,0.269875,0
10.316,22.2743,7.95934,-0.0530969,1.88555,-0.422376,-0.796411,FGM,0.0490039,0.269875,0.186471,0.0490039,1.51664,0.269875,0
10.32,22.2932,7.9579,-0.0565928,1.8872,-0.274162,-0.517397,FGM,0.0490039,0.269875,0.186471,0.0490039,1.51664,0.269875,0
10.324,22.2932,7.9579,-0.0565928,1.8872,-0.274162,-0.517397,FGM,0.0490039,0.269875,0.186471,0.0490039,1.51664,0.269875,0
10.3286,22.312,7.95654,-0.0585424,1.88877,-0.11423,-0.215755,FGM,0.0490039,0.269875,0.186471,0.0490039,1.51664,0.269875,0
10.332,22.312,7.95654,-0.0585424,1.88877,-0.11423,-0.215755,FGM,0.0213513,0.269855,0.206662,0.0213513,1.71724,0.269855,0
10.336,22.312,7.95654,-0.0585424,1.88877,-0.11423,-0.215755,FGM,0.0213513,0.269855,0.206662,0.0213513,1.71724,0.269855,0
10.34,22.3308,7.95532,-0.0588405,1.88601,0.0554115,0.104507,FGM,0.0213513,0.269855,0.206662,0.0213513,1.71724,0.269855,0
10.344,22.3308,7.95532,-0.0588405,1.88601,0.0554115,0.104507,FGM,0.0213513,0.269855,0.206662,0.0213513,1.71724,0.269855,0
10.3486,22.3496,7.95427,-0.0574254,1.88378,0.228064,0.429622,FGM,0.0213513,0.269855,0.206662,0.0213513,1.71724,0.269855,0
10.352,22.3496,7.95427,-0.0574254,1.88378,0.228064,0.429622,FGM,0.0213513,0.269855,0.206662,0.0213513,1.71724,0.269855,0
10.356,22.3496,7.95427,-0.0574254,1.88378,0.228064,0.429622,FGM,0.0213513,0.269855,0.206662,0.0213513,1.71724,0.269855,0
10.36,22.3685,7.95343,-0.0542753,1.88197,0.402237,0.757,FGM,0.0213513,0.269855,0.206662,0.0213513,1.71724,0.269855,0
10.364,22.3685,7.95343,-0.0542753,1.88197,0.402237,0.757,FGM,0.0213513,0.269855,0.206662,0.0213513,1.71724,0.269855,0
10.3686,22.3873,7.95285,-0.0493791,1.88051,0.577168,1.08537,FGM,0.0213513,0.269855,0.206662,0.0213513,1.71724,0.269855,0
10.372,22.3873,7.95285,-0.0493791,1.88051,0.577168,1.08537,FGM,0.0213513,0.269855,0.206662,0.0213513,1.71724,0.269855,0
10.376,22.3873,7.95285,-0.0493791,1.88051,0.577168,1.08537,FGM,0.0213513,0.269855,0.206662,0.0213513,1.71724,0.269855,0
10.38,22.4061,7.95253,-0.0430224,1.87932,0.667259,1.254,FGM,0.0213513,0.269855,0.206662,0.0213513,1.71724,0.269855,0
10.384,22.4061,7.95253,-0.0430224,1.87932,0.667259,1.254,FGM,0.0290517,0.266692,0.220057,0.0290517,1.71724,0.266692,0
10.3886,22.4249,7.95239,-0.0364205,1.88207,0.638759,1.20219,FGM,0.0290517,0.266692,0.220057,0.0290517,1.71724,0.266692,0
10.392,22.4249,7.95239,-0.0364205,1.88207,0.638759,1.20219,FGM,0.0290517,0.266692,0.220057,0.0290517,1.71724,0.266692,0
10.396,22.4249,7.95239,-0.0364205,1.88207,0.638759,1.20219,FGM,0.0290517,0.266692,0.220057,0.0290517,1.71724,0.266692,0
10.4,22.4437,7.95235,-0.0304476,1.88469,0.547691,1.03223,FGM,0.0290517,0.266692,0.220057,0.0290517,1.71724,0.266692,0
10.404,22.4437,7.95235,-0.0304476,1.88469,0.547691,1.03223,FGM,0.0290517,0.266692,0.220057,0.0290517,1.71724,0.266692,0
10.4086,22.4626,7.95234,-0.025581,1.88718,0.420967,0.794441,FGM,0.0290517,0.266692,0.220057,0.0290517,1.71724,0.266692,0
10.412,22.4626,7.95234,-0.025581,1.88718,0.420967,0.794441,FGM,0.0290517,0.266692,0.220057,0.0290517,1.71724,0.266692,0
10.416,22.4626,7.95234,-0.025581,1.88718,0.420967,0.794441,FGM,0.0290517,0.266692,0.220057,0.0290517,1.71724,0.266692,0
10.42,22.4814,7.95229,-0.0220942,1.88955,0.273693,0.517157,FGM,0.0290517,0.266692,0.220057,0.0290517,1.71724,0.266692,0
10.424,22.4814,7.95229,-0.0220942,1.88955,0.273693,0.517157,FGM,0.0290517,0.266692,0.220057,0.0290517,1.71724,0.266692,0
10.4286,22.5003,7.95216,-0.0201459,1.89181,0.114391,0.216406,FGM,0.0290517,0.266692,0.220057,0.0290517,1.71724,0.266692,0
10.4321,22.5003,7.95216,-0.0201459,1.89181,0.114391,0.216406,FGM,0.0525527,0.273191,0.207496,0.0525527,1.71724,0.273191,0
10.4361,22.5003,7.95216,-0.0201459,1.89181,0.114391,0.216406,FGM,0.0525527,0.273191,0.207496,0.0525527,1.71724,0.273191,0
10.44,22.5193,7.9519,-0.0198314,1.89345,-0.052429,-0.0992718,FGM,0.0525527,0.273191,0.207496,0.0525527,1.71724,0.273191,0
10.444,22.5193,7.9519,-0.0198314,1.89345,-0.052429,-0.0992718,FGM,0.0525527,0.273191,0.207496,0.0525527,1.71724,0.273191,0
10.4486,22.5382,7.95147,-0.0212084,1.89502,-0.223549,-0.423629,FGM,0.0525527,0.273191,0.207496,0.0525527,1.71724,0.273191,0
10.4521,22.5382,7.95147,-0.0212084,1.89502,-0.223549,-0.423629,FGM,0.0525527,0.273191,0.207496,0.0525527,1.71724,0.273191,0
10.4561,22.5382,7.95147,-0.0212084,1.89502,-0.223549,-0.423629,FGM,0.0525527,0.273191,0.207496,0.0525527,1.71724,0.273191,0
10.4601,22.5571,7.95083,-0.0243112,1.8965,-0.397349,-0.753574,FGM,0.0525527,0.273191,0.207496,0.0525527,1.71724,0.273191,0
10.4641,22.5571,7.95083,-0.0243112,1.8965,-0.397349,-0.753574,FGM,0.0525527,0.273191,0.207496,0.0525527,1.71724,0.273191,0
10.4686,22.5761,7.94993,-0.0291612,1.89792,-0.572879,-1.08728,FGM,0.0525527,0.273191,0.207496,0.0525527,1.71724,0.273191,0
10.472,22.5761,7.94993,-0.0291612,1.89792,-0.572879,-1.08728,FGM,0.0525527,0.273191,0.207496,0.0525527,1.71724,0.273191,0
10.4761,22.5761,7.94993,-0.0291612,1.89792,-0.572879,-1.08728,FGM,0.0525527,0.273191,0.207496,0.0525527,1.71724,0.273191,0
10.48,22.5951,7.94877,-0.0354844,1.89927,-0.665105,-1.26321,FGM,0.0525527,0.273191,0.207496,0.0525527,1.71724,0.273191,0
10.4841,22.5951,7.94877,-0.0354844,1.89927,-0.665105,-1.26321,FGM,0.0569197,0.265712,0.207756,0.0569197,1.71724,0.265712,0
10.4886,22.614,7.94743,-0.0420862,1.9021,-0.640497,-1.21829,FGM,0.0569197,0.265712,0.207756,0.0569197,1.71724,0.265712,0
10.4921,22.614,7.94743,-0.0420862,1.9021,-0.640497,-1.21829,FGM,0.0569197,0.265712,0.207756,0.0569197,1.71724,0.265712,0
10.4961,22.614,7.94743,-0.0420862,1.9021,-0.640497,-1.21829,FGM,0.0569197,0.265712,0.207756,0.0569197,1.71724,0.265712,0
10.5001,22.633,7.94598,-0.0480873,1.90478,-0.551299,-1.05011,FGM,0.0569197,0.265712,0.207756,0.0569197,1.71724,0.265712,0
10.5041,22.633,7.94598,-0.0480873,1.90478,-0.551299,-1.05011,FGM,0.0569197,0.265712,0.207756,0.0569197,1.71724,0.265712,0
10.5086,22.652,7.94451,-0.0529936,1.90735,-0.425113,-0.810838,FGM,0.0569197,0.265712,0.207756,0.0569197,1.71724,0.265712,0
10.5121,22.652,7.94451,-0.0529936,1.90735,-0.425113,-0.810838,FGM,0.0569197,0.265712,0.207756,0.0569197,1.71724,0.265712,0
10.516,22.652,7.94451,-0.0529936,1.90735,-0.425113,-0.810838,FGM,0.0569197,0.265712,0.207756,0.0569197,1.71724,0.265712,0
10.52,22.671,7.94306,-0.0565208,1.90979,-0.277516,-0.529996,FGM,0.0569197,0.265712,0.207756,0.0569197,1.71724,0.265712,0
10.5241,22.671,7.94306,-0.0565208,1.90979,-0.277516,-0.529996,FGM,0.0569197,0.265712,0.207756,0.0569197,1.71724,0.265712,0
10.5286,22.6901,7.94169,-0.0585034,1.91211,-0.117345,-0.224376,FGM,0.0569197,0.265712,0.207756,0.0569197,1.71724,0.265712,0
10.5321,22.6901,7.94169,-0.0585034,1.91211,-0.117345,-0.224376,FGM,0.0317229,0.261024,0.0858832,0.0317229,3.13317,0.261024,0
10.5361,22.6901,7.94169,-0.0585034,1.91211,-0.117345,-0.224376,FGM,0.0317229,0.261024,0.0858832,0.0317229,3.13317,0.261024,0
10.5401,22.7091,7.94046,-0.058797,1.90062,0.0592884,0.112685,FGM,0.0317229,0.261024,0.0858832,0.0317229,3.13317,0.261024,0
10.5441,22.7091,7.94046,-0.058797,1.90062,0.0592884,0.112685,FGM,0.0317229,0.261024,0.0858832,0.0317229,3.13317,0.261024,0
10.5486,22.728,7.93941,-0.0573195,1.89131,0.236517,0.447328,FGM,0.0317229,0.261024,0.0858832,0.0317229,3.13317,0.261024,0
10.5521,22.728,7.93941,-0.0573195,1.89131,0.236517,0.447328,FGM,0.0317229,0.261024,0.0858832,0.0317229,3.13317,0.261024,0
10.5561,22.728,7.93941,-0.0573195,1.89131,0.236517,0.447328,FGM,0.0317229,0.261024,0.0858832,0.0317229,3.13317,0.261024,0
10.56,22.7469,7.93858,-0.0540727,1.88378,0.413047,0.778088,FGM,0.0317229,0.261024,0.0858832,0.0317229,3.13317,0.261024,0
10.564,22.7469,7.93858,-0.0540727,1.88378,0.413047,0.778088,FGM,0.0317229,0.261024,0.0858832,0.0317229,3.13317,0.261024,0
10.5686,22.7657,7.93801,-0.0490657,1.87767,0.588514,1.10504,FGM,0.0317229,0.261024,0.0858832,0.0317229,3.13317,0.261024,0
10.5721,22.7657,7.93801,-0.0490657,1.87767,0.588514,1.10504,FGM,0.0317229,0.261024,0.0858832,0.0317229,3.13317,0.261024,0
10.576,22.7657,7.93801,-0.0490657,1.87767,0.588514,1.10504,FGM,0.0317229,0.261024,0.0858832,0.0317229,3.13317,0.261024,0
10.58,22.7844,7.9377,-0.0426043,1.87273,0.676492,1.26689,FGM,0.0317229,0.261024,0.0858832,0.0317229,3.13317,0.261024,0
10.584,22.7844,7.9377,-0.0426043,1.87273,0.676492,1.26689,FGM,0.0203216,0.266228,0.113794,0.0203216,3.13317,0.266228,0
10.5886,22.8031,7.93758,-0.0358784,1.85784,0.651744,1.21083,FGM,0.0203216,0.266228,0.113794,0.0203216,3.13317,0.266228,0
10.592,22.8031,7.93758,-0.0358784,1.85784,0.651744,1.21083,FGM,0.0203216,0.266228,0.113794,0.0203216,3.13317,0.266228,0
10.596,22.8031,7.93758,-0.0358784,1.85784,0.651744,1.21083,FGM,0.0203216,0.266228,0.113794,0.0203216,3.13317,0.266228,0
10.6,22.8216,7.93755,-0.0298047,1.84577,0.554142,1.02282,FGM,0.0203216,0.266228,0.113794,0.0203216,3.13317,0.266228,0
10.604,22.8216,7.93755,-0.0298047,1.84577,0.554142,1.02282,FGM,0.0203216,0.266228,0.113794,0.0203216,3.13317,0.266228,0
10.6086,22.84,7.93754,-0.0249156,1.83601,0.41912,0.769507,FGM,0.0203216,0.266228,0.113794,0.0203216,3.13317,0.266228,0
10.612,22.84,7.93754,-0.0249156,1.83601,0.41912,0.769507,FGM,0.0203216,0.266228,0.113794,0.0203216,3.13317,0.266228,0
10.616,22.84,7.93754,-0.0249156,1.83601,0.41912,0.769507,FGM,0.0203216,0.266228,0.113794,0.0203216,3.13317,0.266228,0
10.62,22.8583,7.93749,-0.0214812,1.82809,0.265463,0.485291,FGM,0.0203216,0.266228,0.113794,0.0203216,3.13317,0.266228,0
10.6241,22.8583,7.93749,-0.0214812,1.82809,0.265463,0.485291,FGM,0.0203216,0.266228,0.113794,0.0203216,3.13317,0.266228,0
10.6287,22.8766,7.93737,-0.0196335,1.82169,0.102913,0.187475,FGM,0.0203216,0.266228,0.113794,0.0203216,3.13317,0.266228,0
10.6321,22.8766,7.93737,-0.0196335,1.82169,0.102913,0.187475,FGM,0.0434487,0.260733,0.113667,0.0434487,3.13317,0.260733,0
10.6361,22.8766,7.93737,-0.0196335,1.82169,0.102913,0.187475,FGM,0.0434487,0.260733,0.113667,0.0434487,3.13317,0.260733,0
10.6401,22.8947,7.93711,-0.0195134,1.79212,-0.078765,-0.141156,FGM,0.0434487,0.260733,0.113667,0.0434487,3.13317,0.260733,0
10.6441,22.8947,7.93711,-0.0195134,1.79212,-0.078765,-0.141156,FGM,0.0434487,0.260733,0.113667,0.0434487,3.13317,0.260733,0
10.6487,22.9125,7.93667,-0.0211787,1.76817,-0.254056,-0.449216,FGM,0.0434487,0.260733,0.113667,0.0434487,3.13317,0.260733,0
10.6521,22.9125,7.93667,-0.0211787,1.76817,-0.254056,-0.449216,FGM,0.0434487,0.260733,0.113667,0.0434487,3.13317,0.260733,0
10.6561,22.9125,7.93667,-0.0211787,1.76817,-0.254056,-0.449216,FGM,0.0434487,0.260733,0.113667,0.0434487,3.13317,0.260733,0
10.6601,22.93,7.93603,-0.0245646,1.74878,-0.423012,-0.739757,FGM,0.0434487,0.260733,0.113667,0.0434487,3.13317,0.260733,0
10.6641,22.93,7.93603,-0.0245646,1.74878,-0.423012,-0.739757,FGM,0.0434487,0.260733,0.113667,0.0434487,3.13317,0.260733,0
10.6687,22.9474,7.93514,-0.0296129,1.73308,-0.586682,-1.01677,FGM,0.0434487,0.260733,0.113667,0.0434487,3.13317,0.260733,0
10.6721,22.9474,7.93514,-0.0296129,1.73308,-0.586682,-1.01677,FGM,0.0434487,0.260733,0.113667,0.0434487,3.13317,0.260733,0
10.6761,22.9474,7.93514,-0.0296129,1.73308,-0.586682,-1.01677,FGM,0.0434487,0.260733,0.113667,0.0434487,3.13317,0.260733,0
10.6801,22.9646,7.93401,-0.0359772,1.72036,-0.658458,-1.13279,FGM,0.0434487,0.260733,0.113667,0.0434487,3.13317,0.260733,0
10.6841,22.9646,7.93401,-0.0359772,1.72036,-0.658458,-1.13279,FGM,0.0152347,0.266314,0.132617,0.0152347,1.99881,0.266314,0
10.6887,22.9817,7.93273,-0.0424336,1.70238,-0.617349,-1.05096,FGM,0.0152347,0.266314,0.132617,0.0152347,1.99881,0.266314,0
10.6921,22.9817,7.93273,-0.0424336,1.70238,-0.617349,-1.05096,FGM,0.0152347,0.266314,0.132617,0.0152347,1.99881,0.266314,0
10.6961,22.9817,7.93273,-0.0424336,1.70238,-0.617349,-1.05096,FGM,0.0152347,0.266314,0.132617,0.0152347,1.99881,0.266314,0
10.7001,22.9986,7.93139,-0.0481201,1.68782,-0.512479,-0.864971,FGM,0.0152347,0.266314,0.132617,0.0152347,1.99881,0.266314,0
10.7041,22.9986,7.93139,-0.0481201,1.68782,-0.512479,-0.864971,FGM,0.0152347,0.266314,0.132617,0.0152347,1.99881,0.266314,0
10.7087,23.0154,7.93004,-0.0525887,1.67602,-0.37776,-0.633134,FGM,0.0152347,0.266314,0.132617,0.0152347,1.99881,0.266314,0
10.7121,23.0154,7.93004,-0.0525887,1.67602,-0.37776,-0.633134,FGM,0.0152347,0.266314,0.132617,0.0152347,1.99881,0.266314,0
10.7161,23.0154,7.93004,-0.0525887,1.67602,-0.37776,-0.633134,FGM,0.0152347,0.266314,0.132617,0.0152347,1.99881,0.266314,0
10.7201,23.032,7.92876,-0.0556349,1.66647,-0.22991,-0.383138,FGM,0.0152347,0.266314,0.132617,0.0152347,1.99881,0.266314,0
10.7241,23.032,7.92876,-0.0556349,1.66647,-0.22991,-0.383138,FGM,0.0152347,0.266314,0.132617,0.0152347,1.99881,0.266314,0
10.7287,23.0486,7.92757,-0.0571723,1.65874,-0.0768712,-0.127509,FGM,0.0152347,0.266314,0.132617,0.0152347,1.99881,0.266314,0
10.7321,23.0486,7.92757,-0.0571723,1.65874,-0.0768712,-0.127509,FGM,0.0364795,0.251164,0.12931,0.0364795,1.99881,0.251164,0
10.7361,23.0486,7.92757,-0.0571723,1.65874,-0.0768712,-0.127509,FGM,0.0364795,0.251164,0.12931,0.0364795,1.99881,0.251164,0
10.7401,23.0651,7.92653,-0.057118,1.63703,0.0873951,0.143068,FGM,0.0364795,0.251164,0.12931,0.0364795,1.99881,0.251164,0
10.7441,23.0651,7.92653,-0.057118,1.63703,0.0873951,0.143068,FGM,0.0364795,0.251164,0.12931,0.0364795,1.99881,0.251164,0
10.7487,23.0813,7.92569,-0.0554496,1.61944,0.246008,0.398396,FGM,0.0364795,0.251164,0.12931,0.0364795,1.99881,0.251164,0
10.7521,23.0813,7.92569,-0.0554496,1.61944,0.246008,0.398396,FGM,0.0364795,0.251164,0.12931,0.0364795,1.99881,0.251164,0
10.7561,23.0813,7.92569,-0.0554496,1.61944,0.246008,0.398396,FGM,0.0364795,0.251164,0.12931,0.0364795,1.99881,0.251164,0
10.7601,23.0974,7.92506,-0.0522203,1.6052,0.399758,0.641694,FGM,0.0364795,0.251164,0.12931,0.0364795,1.99881,0.251164,0
10.7641,23.0974,7.92506,-0.0522203,1.6052,0.399758,0.641694,FGM,0.0364795,0.251164,0.12931,0.0364795,1.99881,0.251164,0
10.7687,23.1134,7.92467,-0.0474729,1.59367,0.549786,0.876179,FGM,0.0364795,0.251164,0.12931,0.0364795,1.99881,0.251164,0
10.7721,23.1134,7.92467,-0.0474729,1.59367,0.549786,0.876179,FGM,0.0364795,0.251164,0.12931,0.0364795,1.99881,0.251164,0
10.7761,23.1134,7.92467,-0.0474729,1.59367,0.549786,0.876179,FGM,0.0364795,0.251164,0.12931,0.0364795,1.99881,0.251164,0
10.7801,23.1293,7.92452,-0.04153,1.58434,0.611714,0.969161,FGM,0.0364795,0.251164,0.12931,0.0364795,1.99881,0.251164,0
10.7841,23.1293,7.92452,-0.04153,1.58434,0.611714,0.969161,FGM,0.0442893,0.258759,0.132807,0.0442893,1.99881,0.258759,0
10.7887,23.1451,7.92453,-0.0355634,1.56956,0.567126,0.890136,FGM,0.0442893,0.258759,0.132807,0.0442893,1.99881,0.258759,0
10.7921,23.1451,7.92453,-0.0355634,1.56956,0.567126,0.890136,FGM,0.0442893,0.258759,0.132807,0.0442893,1.99881,0.258759,0
10.7961,23.1451,7.92453,-0.0355634,1.56956,0.567126,0.890136,FGM,0.0442893,0.258759,0.132807,0.0442893,1.99881,0.258759,0
10.8001,23.1607,7.92459,-0.0303676,1.55759,0.465367,0.72485,FGM,0.0442893,0.258759,0.132807,0.0442893,1.99881,0.258759,0
10.8041,23.1607,7.92459,-0.0303676,1.55759,0.465367,0.72485,FGM,0.0442893,0.258759,0.132807,0.0442893,1.99881,0.258759,0
10.8087,23.1762,7.92465,-0.0263357,1.54789,0.338025,0.523226,FGM,0.0442893,0.258759,0.132807,0.0442893,1.99881,0.258759,0
10.8121,23.1762,7.92465,-0.0263357,1.54789,0.338025,0.523226,FGM,0.0442893,0.258759,0.132807,0.0442893,1.99881,0.258759,0
10.8161,23.1762,7.92465,-0.0263357,1.54789,0.338025,0.523226,FGM,0.0442893,0.258759,0.132807,0.0442893,1.99881,0.258759,0
10.8201,23.1917,7.92465,-0.0236396,1.54004,0.199899,0.307854,FGM,0.0442893,0.258759,0.132807,0.0442893,1.99881,0.258759,0
10.8241,23.1917,7.92465,-0.0236396,1.54004,0.199899,0.307854,FGM,0.0442893,0.258759,0.132807,0.0442893,1.99881,0.258759,0
10.8287,23.2071,7.92454,-0.0223489,1.53369,0.0576782,0.0884604,FGM,0.0442893,0.258759,0.132807,0.0442893,1.99881,0.258759,0
10.8321,23.2071,7.92454,-0.0223489,1.53369,0.0576782,0.0884604,FGM,0.0350415,0.255916,0.100998,0.0350415,3.84033,0.255916,0
10.8361,23.2071,7.92454,-0.0223489,1.53369,0.0576782,0.0884604,FGM,0.0350415,0.255916,0.100998,0.0350415,3.84033,0.255916,0
10.8401,23.2223,7.9243,-0.0225391,1.51345,-0.0951362,-0.143984,FGM,0.0350415,0.255916,0.100998,0.0350415,3.84033,0.255916,0
10.8441,23.2223,7.9243,-0.0225391,1.51345,-0.0951362,-0.143984,FGM,0.0350415,0.255916,0.100998,0.0350415,3.84033,0.255916,0
10.8487,23.2373,7.92388,-0.0242253,1.49706,-0.241762,-0.361932,FGM,0.0350415,0.255916,0.100998,0.0350415,3.84033,0.255916,0
10.8521,23.2373,7.92388,-0.0242253,1.49706,-0.241762,-0.361932,FGM,0.0350415,0.255916,0.100998,0.0350415,3.84033,0.255916,0
10.8561,23.2373,7.92388,-0.0242253,1.49706,-0.241762,-0.361932,FGM,0.0350415,0.255916,0.100998,0.0350415,3.84033,0.255916,0
10.8601,23.2522,7.92326,-0.0273529,1.48378,-0.383649,-0.569253,FGM,0.0350415,0.255916,0.100998,0.0350415,3.84033,0.255916,0
10.8641,23.2522,7.92326,-0.0273529,1.48378,-0.383649,-0.569253,FGM,0.0350415,0.255916,0.100998,0.0350415,3.84033,0.255916,0
10.8687,23.267,7.92242,-0.0318816,1.47304,-0.52216,-0.769161,FGM,0.0350415,0.255916,0.100998,0.0350415,3.84033,0.255916,0
10.8721,23.267,7.92242,-0.0318816,1.47304,-0.52216,-0.769161,FGM,0.0350415,0.255916,0.100998,0.0350415,3.84033,0.255916,0
10.8761,23.267,7.92242,-0.0318816,1.47304,-0.52216,-0.769161,FGM,0.0350415,0.255916,0.100998,0.0350415,3.84033,0.255916,0
10.8801,23.2816,7.92135,-0.0374982,1.46433,-0.574425,-0.841148,FGM,0.0350415,0.255916,0.100998,0.0350415,3.84033,0.255916,0
10.8841,23.2816,7.92135,-0.0374982,1.46433,-0.574425,-0.841148,FGM,0.0178057,0.257019,0.113985,0.0178057,3.84033,0.257019,0
10.8887,23.2962,7.92016,-0.0430637,1.45107,-0.525231,-0.762149,FGM,0.0178057,0.257019,0.113985,0.0178057,3.84033,0.257019,0
10.8921,23.2962,7.92016,-0.0430637,1.45107,-0.525231,-0.762149,FGM,0.0178057,0.257019,0.113985,0.0178057,3.84033,0.257019,0
10.8961,23.2962,7.92016,-0.0430637,1.45107,-0.525231,-0.762149,FGM,0.0178057,0.257019,0.113985,0.0178057,3.84033,0.257019,0
10.9001,23.3106,7.91893,-0.0478458,1.44034,-0.425339,-0.612632,FGM,0.0178057,0.257019,0.113985,0.0178057,3.84033,0.257019,0
10.9041,23.3106,7.91893,-0.0478458,1.44034,-0.425339,-0.612632,FGM,0.0178057,0.257019,0.113985,0.0178057,3.84033,0.257019,0
10.9087,23.3249,7.91773,-0.0515052,1.43164,-0.304053,-0.435295,FGM,0.0178057,0.257019,0.113985,0.0178057,3.84033,0.257019,0
10.9121,23.3249,7.91773,-0.0515052,1.43164,-0.304053,-0.435295,FGM,0.0178057,0.257019,0.113985,0.0178057,3.84033,0.257019,0
10.9161,23.3249,7.91773,-0.0515052,1.43164,-0.304053,-0.435295,FGM,0.0178057,0.257019,0.113985,0.0178057,3.84033,0.257019,0
10.9201,23.3391,7.9166,-0.0539022,1.4246,-0.174332,-0.248355,FGM,0.0178057,0.257019,0.113985,0.0178057,3.84033,0.257019,0
10.9241,23.3391,7.9166,-0.0539022,1.4246,-0.174332,-0.248355,FGM,0.0178057,0.257019,0.113985,0.0178057,3.84033,0.257019,0
10.9287,23.3533,7.91558,-0.0549843,1.4189,-0.0416862,-0.0591487,FGM,0.0178057,0.257019,0.113985,0.0178057,3.84033,0.257019,0
10.9321,23.3533,7.91558,-0.0549843,1.4189,-0.0416862,-0.0591487,FGM,0.0290425,0.259254,0.0941456,0.0290425,3.84033,0.259254,0
10.9361,23.3533,7.91558,-0.0549843,1.4189,-0.0416862,-0.0591487,FGM,0.0290425,0.259254,0.0941456,0.0290425,3.84033,0.259254,0
10.9401,23.3674,7.91472,-0.054691,1.40111,0.0996708,0.13965,FGM,0.0290425,0.259254,0.0941456,0.0290425,3.84033,0.259254,0
10.9441,23.3674,7.91472,-0.054691,1.40111,0.0996708,0.13965,FGM,0.0290425,0.259254,0.0941456,0.0290425,3.84033,0.259254,0
10.9487,23.3813,7.91404,-0.0530156,1.3867,0.235054,0.32595,FGM,0.0290425,0.259254,0.0941456,0.0290425,3.84033,0.259254,0
10.9521,23.3813,7.91404,-0.0530156,1.3867,0.235054,0.32595,FGM,0.0290425,0.259254,0.0941456,0.0290425,3.84033,0.259254,0
10.9561,23.3813,7.91404,-0.0530156,1.3867,0.235054,0.32595,FGM,0.0290425,0.259254,0.0941456,0.0290425,3.84033,0.259254,0
10.9601,23.3951,7.91356,-0.0500086,1.37503,0.366251,0.503606,FGM,0.0290425,0.259254,0.0941456,0.0290425,3.84033,0.259254,0
10.9641,23.3951,7.91356,-0.0500086,1.37503,0.366251,0.503606,FGM,0.0290425,0.259254,0.0941456,0.0290425,3.84033,0.259254,0
10.9687,23.4088,7.91331,-0.0457045,1.36558,0.494632,0.67546,FGM,0.0290425,0.259254,0.0941456,0.0290425,3.84033,0.259254,0
10.9721,23.4088,7.91331,-0.0457045,1.36558,0.494632,0.67546,FGM,0.0290425,0.259254,0.0941456,0.0290425,3.84033,0.259254,0
10.9761,23.4088,7.91331,-0.0457045,1.36558,0.494632,0.67546,FGM,0.0290425,0.259254,0.0941456,0.0290425,3.84033,0.259254,0
10.9801,23.4224,7.91328,-0.0404052,1.35793,0.538814,0.731672,FGM,0.0290425,0.259254,0.0941456,0.0290425,3.84033,0.259254,0
10.9841,23.4224,7.91328,-0.0404052,1.35793,0.538814,0.731672,FGM,0.0387095,0.249055,0.0552442,0.0387095,2.66084,0.249055,0
10.9887,23.4359,7.91337,-0.0352155,1.34671,0.486675,0.655411,FGM,0.0387095,0.249055,0.0552442,0.0387095,2.66084,0.249055,0
10.9921,23.4359,7.91337,-0.0352155,1.34671,0.486675,0.655411,FGM,0.0387095,0.249055,0.0552442,0.0387095,2.66084,0.249055,0
10.9961,23.4359,7.91337,-0.0352155,1.34671,0.486675,0.655411,FGM,0.0387095,0.249055,0.0552442,0.0387095,2.66084,0.249055,0
11.0001,23.4494,7.91349,-0.0308076,1.33763,0.389739,0.521325,FGM,0.0387095,0.249055,0.0552442,0.0387095,2.66084,0.249055,0
11.0041,23.4494,7.91349,-0.0308076,1.33763,0.389739,0.521325,FGM,0.0387095,0.249055,0.0552442,0.0387095,2.66084,0.249055,0
11.0087,23.4627,7.91358,-0.0274745,1.33027,0.274809,0.36557,FGM,0.0387095,0.249055,0.0552442,0.0387095,2.66084,0.249055,0
11.0121,23.4627,7.91358,-0.0274745,1.33027,0.274809,0.36557,FGM,0.0387095,0.249055,0.0552442,0.0387095,2.66084,0.249055,0
11.0161,23.4627,7.91358,-0.0274745,1.33027,0.274809,0.36557,FGM,0.0387095,0.249055,0.0552442,0.0387095,2.66084,0.249055,0
11.0201,23.476,7.9136,-0.0253308,1.32431,0.153119,0.202777,FGM,0.0387095,0.249055,0.0552442,0.0387095,2.66084,0.249055,0
11.0241,23.476,7.9136,-0.0253308,1.32431,0.153119,0.202777,FGM,0.0387095,0.249055,0.0552442,0.0387095,2.66084,0.249055,0
11.0287,23.4892,7.9135,-0.0244175,1.31949,0.029202,0.0385316,FGM,0.0387095,0.249055,0.0552442,0.0387095,2.66084,0.249055,0
11.0321,23.4892,7.9135,-0.0244175,1.31949,0.029202,0.0385316,FGM,0.0359749,0.254076,0.0590227,0.0359749,2.66084,0.254076,0
11.0361,23.4892,7.9135,-0.0244175,1.31949,0.029202,0.0385316,FGM,0.0359749,0.254076,0.0590227,0.0359749,2.66084,0.254076,0
11.0401,23.5023,7.91326,-0.0247894,1.30275,-0.102737,-0.133841,FGM,0.0359749,0.254076,0.0590227,0.0359749,2.66084,0.254076,0
11.0441,23.5023,7.91326,-0.0247894,1.30275,-0.102737,-0.133841,FGM,0.0359749,0.254076,0.0590227,0.0359749,2.66084,0.254076,0
11.0487,23.5152,7.91285,-0.0264478,1.2892,-0.228553,-0.294651,FGM,0.0359749,0.254076,0.0590227,0.0359749,2.66084,0.254076,0
11.0521,23.5152,7.91285,-0.0264478,1.2892,-0.228553,-0.294651,FGM,0.0359749,0.254076,0.0590227,0.0359749,2.66084,0.254076,0
11.0561,23.5152,7.91285,-0.0264478,1.2892,-0.228553,-0.294651,FGM,0.0359749,0.254076,0.0590227,0.0359749,2.66084,0.254076,0
11.0601,23.5281,7.91225,-0.029343,1.27823,-0.3504,-0.447892,FGM,0.0359749,0.254076,0.0590227,0.0359749,2.66084,0.254076,0
11.0641,23.5281,7.91225,-0.029343,1.27823,-0.3504,-0.447892,FGM,0.0359749,0.254076,0.0590227,0.0359749,2.66084,0.254076,0
11.0686,23.5408,7.91145,-0.0334433,1.26934,-0.469714,-0.596229,FGM,0.0359749,0.254076,0.0590227,0.0359749,2.66084,0.254076,0
11.0721,23.5408,7.91145,-0.0334433,1.26934,-0.469714,-0.596229,FGM,0.0359749,0.254076,0.0590227,0.0359749,2.66084,0.254076,0
11.0761,23.5408,7.91145,-0.0334433,1.26934,-0.469714,-0.596229,FGM,0.0359749,0.254076,0.0590227,0.0359749,2.66084,0.254076,0
11.0801,23.5534,7.91045,-0.0384551,1.26215,-0.506446,-0.63921,FGM,0.0359749,0.254076,0.0590227,0.0359749,2.66084,0.254076,0
11.0841,23.5534,7.91045,-0.0384551,1.26215,-0.506446,-0.63921,FGM,0.039031,0.259072,0.0768151,0.039031,3.74668,0.259072,0
11.0887,23.5659,7.90935,-0.0433025,1.25382,-0.451772,-0.566442,FGM,0.039031,0.259072,0.0768151,0.039031,3.74668,0.259072,0
11.0921,23.5659,7.90935,-0.0433025,1.25382,-0.451772,-0.566442,FGM,0.039031,0.259072,0.0768151,0.039031,3.74668,0.259072,0
11.0961,23.5659,7.90935,-0.0433025,1.25382,-0.451772,-0.566442,FGM,0.039031,0.259072,0.0768151,0.039031,3.74668,0.259072,0
11.1001,23.5784,7.90823,-0.0473756,1.24708,-0.358351,-0.446891,FGM,0.039031,0.259072,0.0768151,0.039031,3.74668,0.259072,0
11.1041,23.5784,7.90823,-0.0473756,1.24708,-0.358351,-0.446891,FGM,0.039031,0.259072,0.0768151,0.039031,3.74668,0.259072,0
11.1087,23.5908,7.90715,-0.0504254,1.24162,-0.249834,-0.310198,FGM,0.039031,0.259072,0.0768151,0.039031,3.74668,0.259072,0
11.1121,23.5908,7.90715,-0.0504254,1.24162,-0.249834,-0.310198,FGM,0.039031,0.259072,0.0768151,0.039031,3.74668,0.259072,0
11.1161,23.5908,7.90715,-0.0504254,1.24162,-0.249834,-0.310198,FGM,0.039031,0.259072,0.0768151,0.039031,3.74668,0.259072,0
11.1201,23.6031,7.90616,-0.0523565,1.23719,-0.135707,-0.167896,FGM,0.039031,0.259072,0.0768151,0.039031,3.74668,0.259072,0
11.1241,23.6031,7.90616,-0.0523565,1.23719,-0.135707,-0.167896,FGM,0.039031,0.259072,0.0768151,0.039031,3.74668,0.259072,0
11.1287,23.6155,7.90529,-0.0531348,1.23361,-0.0196693,-0.0242642,FGM,0.039031,0.259072,0.0768151,0.039031,3.74668,0.259072,0
11.1321,23.6155,7.90529,-0.0531348,1.23361,-0.0196693,-0.0242642,FGM,0.105228,0.388412,0.0661298,0.105228,3.74668,0.388412,0
11.1361,23.6155,7.90529,-0.0531348,1.23361,-0.0196693,-0.0242642,FGM,0.105228,0.388412,0.0661298,0.105228,3.74668,0.388412,0
11.1401,23.6277,7.90457,-0.0527325,1.22553,0.0998219,0.122335,FGM,0.105228,0.388412,0.0661298,0.105228,3.74668,0.388412,0
11.1441,23.6277,7.90457,-0.0527325,1.22553,0.0998219,0.122335,FGM,0.105228,0.388412,0.0661298,0.105228,3.74668,0.388412,0
11.1487,23.6399,7.90402,-0.0511485,1.21899,0.216857,0.264346,FGM,0.105228,0.388412,0.0661298,0.105228,3.74668,0.388412,0
11.1521,23.6399,7.90402,-0.0511485,1.21899,0.216857,0.264346,FGM,0.105228,0.388412,0.0661298,0.105228,3.74668,0.388412,0
11.1561,23.6399,7.90402,-0.0511485,1.21899,0.216857,0.264346,FGM,0.105228,0.388412,0.0661298,0.105228,3.74668,0.388412,0
11.1601,23.6521,7.90365,-0.0484025,1.21369,0.332331,0.403346,FGM,0.105228,0.388412,0.0661298,0.105228,3.74668,0.388412,0
11.1641,23.6521,7.90365,-0.0484025,1.21369,0.332331,0.403346,FGM,0.105228,0.388412,0.0661298,0.105228,3.74668,0.388412,0
11.1687,23.6642,7.90349,-0.0445071,1.2094,0.446815,0.540376,FGM,0.105228,0.388412,0.0661298,0.105228,3.74668,0.388412,0
11.1721,23.6642,7.90349,-0.0445071,1.2094,0.446815,0.540376,FGM,0.105228,0.388412,0.0661298,0.105228,3.74668,0.388412,0
11.1761,23.6642,7.90349,-0.0445071,1.2094,0.446815,0.540376,FGM,0.105228,0.388412,0.0661298,0.105228,3.74668,0.388412,0
11.1801,23.6763,7.90352,-0.0397357,1.20592,0.481621,0.580796,FGM,0.105228,0.388412,0.0661298,0.105228,3.74668,0.388412,0
11.1841,23.6763,7.90352,-0.0397357,1.20592,0.481621,0.580796,FGM,0.0275955,0.253177,0.0740279,0.0275955,3.74668,0.253177,0
11.1887,23.6883,7.90366,-0.0351265,1.19932,0.429071,0.514595,FGM,0.0275955,0.253177,0.0740279,0.0275955,3.74668,0.253177,0
11.1921,23.6883,7.90366,-0.0351265,1.19932,0.429071,0.514595,FGM,0.0275955,0.253177,0.0740279,0.0275955,3.74668,0.253177,0
11.1961,23.6883,7.90366,-0.0351265,1.19932,0.429071,0.514595,FGM,0.0275955,0.253177,0.0740279,0.0275955,3.74668,0.253177,0
11.2001,23.7003,7.9038,-0.0312628,1.19398,0.339319,0.40514,FGM,0.0275955,0.253177,0.0740279,0.0275955,3.74668,0.253177,0
11.2041,23.7003,7.9038,-0.0312628,1.19398,0.339319,0.40514,FGM,0.0275955,0.253177,0.0740279,0.0275955,3.74668,0.253177,0
11.2087,23.7122,7.90391,-0.0283815,1.18965,0.235251,0.279868,FGM,0.0275955,0.253177,0.0740279,0.0275955,3.74668,0.253177,0
11.2121,23.7122,7.90391,-0.0283815,1.18965,0.235251,0.279868,FGM,0.0275955,0.253177,0.0740279,0.0275955,3.74668,0.253177,0
11.2161,23.7122,7.90391,-0.0283815,1.18965,0.235251,0.279868,FGM,0.0275955,0.253177,0.0740279,0.0275955,3.74668,0.253177,0
11.2201,23.7241,7.90393,-0.0265728,1.18615,0.125828,0.149251,FGM,0.0275955,0.253177,0.0740279,0.0275955,3.74668,0.253177,0
11.2241,23.7241,7.90393,-0.0265728,1.18615,0.125828,0.149251,FGM,0.0275955,0.253177,0.0740279,0.0275955,3.74668,0.253177,0
11.2287,23.7359,7.90383,-0.0258698,1.18331,0.0145,0.017158,FGM,0.0275955,0.253177,0.0740279,0.0275955,3.74668,0.253177,0
11.2321,23.7359,7.90383,-0.0258698,1.18331,0.0145,0.017158,FGM,0.0287217,0.33285,0.0429663,0.0287217,2.74016,0.33285,0
11.2361,23.7359,7.90383,-0.0258698,1.18331,0.0145,0.017158,FGM,0.0287217,0.33285,0.0429663,0.0287217,2.74016,0.33285,0
11.2401,23.7477,7.90359,-0.0263085,1.17332,-0.101647,-0.119265,FGM,0.0287217,0.33285,0.0429663,0.0287217,2.74016,0.33285,0
11.2441,23.7477,7.90359,-0.0263085,1.17332,-0.101647,-0.119265,FGM,0.0287217,0.33285,0.0429663,0.0287217,2.74016,0.33285,0
11.2487,23.7594,7.90318,-0.0278886,1.16523,-0.214158,-0.249542,FGM,0.0287217,0.33285,0.0429663,0.0287217,2.74016,0.33285,0
11.2521,23.7594,7.90318,-0.0278886,1.16523,-0.214158,-0.249542,FGM,0.0287217,0.33285,0.0429663,0.0287217,2.74016,0.33285,0
11.2561,23.7594,7.90318,-0.0278886,1.16523,-0.214158,-0.249542,FGM,0.0287217,0.33285,0.0429663,0.0287217,2.74016,0.33285,0
11.2601,23.771,7.9026,-0.0305821,1.15867,-0.324513,-0.376004,FGM,0.0287217,0.33285,0.0429663,0.0287217,2.74016,0.33285,0
11.2641,23.771,7.9026,-0.0305821,1.15867,-0.324513,-0.376004,FGM,0.0287217,0.33285,0.0429663,0.0287217,2.74016,0.33285,0
11.2686,23.7825,7.90182,-0.0343722,1.15337,-0.433559,-0.500052,FGM,0.0287217,0.33285,0.0429663,0.0287217,2.74016,0.33285,0
11.2721,23.7825,7.90182,-0.0343722,1.15337,-0.433559,-0.500052,FGM,0.0287217,0.33285,0.0429663,0.0287217,2.74016,0.33285,0
11.2761,23.7825,7.90182,-0.0343722,1.15337,-0.433559,-0.500052,FGM,0.0287217,0.33285,0.0429663,0.0287217,2.74016,0.33285,0
11.2801,23.794,7.90087,-0.0389859,1.14907,-0.463309,-0.532374,FGM,0.0287217,0.33285,0.0429663,0.0287217,2.74016,0.33285,0
11.2841,23.794,7.90087,-0.0389859,1.14907,-0.463309,-0.532374,FGM,0.0459821,0.442866,0.0426439,0.0459821,2.74016,0.442866,0
11.2887,23.8054,7.89982,-0.0434008,1.14168,-0.408966,-0.46691,FGM,0.0459821,0.442866,0.0426439,0.0459821,2.74016,0.442866,0
11.2921,23.8054,7.89982,-0.0434008,1.14168,-0.408966,-0.46691,FGM,0.0459821,0.442866,0.0426439,0.0459821,2.74016,0.442866,0
11.2961,23.8054,7.89982,-0.0434008,1.14168,-0.408966,-0.46691,FGM,0.0459821,0.442866,0.0426439,0.0459821,2.74016,0.442866,0
11.3001,23.8167,7.89878,-0.0470678,1.1357,-0.320486,-0.363977,FGM,0.0459821,0.442866,0.0426439,0.0459821,2.74016,0.442866,0
11.3041,23.8167,7.89878,-0.0470678,1.1357,-0.320486,-0.363977,FGM,0.0459821,0.442866,0.0426439,0.0459821,2.74016,0.442866,0
11.3086,23.828,7.89779,-0.0497758,1.13086,-0.219662,-0.248408,FGM,0.0459821,0.442866,0.0426439,0.0459821,2.74016,0.442866,0
11.3121,23.828,7.89779,-0.0497758,1.13086,-0.219662,-0.248408,FGM,0.0459821,0.442866,0.0426439,0.0459821,2.74016,0.442866,0
11.3161,23.828,7.89779,-0.0497758,1.13086,-0.219662,-0.248408,FGM,0.0459821,0.442866,0.0426439,0.0459821,2.74016,0.442866,0
11.3201,23.8393,7.89689,-0.0514498,1.12694,-0.114599,-0.129146,FGM,0.0459821,0.442866,0.0426439,0.0459821,2.74016,0.442866,0
11.3241,23.8393,7.89689,-0.0514498,1.12694,-0.114599,-0.129146,FGM,0.0459821,0.442866,0.0426439,0.0459821,2.74016,0.442866,0
11.3287,23.8505,7.8961,-0.0520649,1.12376,-0.00823347,-0.00925246,FGM,0.0459821,0.442866,0.0426439,0.0459821,2.74016,0.442866,0
11.3321,23.8505,7.8961,-0.0520649,1.12376,-0.00823347,-0.00925246,FGM,0.0448,0.42668,0.0485358,0.0448,2.33835,0.42668,0
11.3361,23.8505,7.8961,-0.0520649,1.12376,-0.00823347,-0.00925246,FGM,0.0448,0.42668,0.0485358,0.0448,2.33835,0.42668,0
11.3401,23.8617,7.89547,-0.0516035,1.11765,0.100268,0.112065,FGM,0.0448,0.42668,0.0485358,0.0448,2.33835,0.42668,0
11.3441,23.8617,7.89547,-0.0516035,1.11765,0.100268,0.112065,FGM,0.0448,0.42668,0.0485358,0.0448,2.33835,0.42668,0
11.3486,23.8728,7.89499,-0.0500668,1.11269,0.206987,0.230312,FGM,0.0448,0.42668,0.0485358,0.0448,2.33835,0.42668,0
11.3521,23.8728,7.89499,-0.0500668,1.11269,0.206987,0.230312,FGM,0.0448,0.42668,0.0485358,0.0448,2.33835,0.42668,0
11.3562,23.8728,7.89499,-0.0500668,1.11269,0.206987,0.230312,FGM,0.0448,0.42668,0.0485358,0.0448,2.33835,0.42668,0
11.3601,23.884,7.8947,-0.0474687,1.10868,0.312634,0.346611,FGM,0.0448,0.42668,0.0485358,0.0448,2.33835,0.42668,0
11.3642,23.884,7.8947,-0.0474687,1.10868,0.312634,0.346611,FGM,0.0448,0.42668,0.0485358,0.0448,2.33835,0.42668,0
11.3687,23.895,7.89459,-0.0438177,1.10543,0.417616,0.461646,FGM,0.0448,0.42668,0.0485358,0.0448,2.33835,0.42668,0
11.3722,23.895,7.89459,-0.0438177,1.10543,0.417616,0.461646,FGM,0.0448,0.42668,0.0485358,0.0448,2.33835,0.42668,0
11.3762,23.895,7.89459,-0.0438177,1.10543,0.417616,0.461646,FGM,0.0448,0.42668,0.0485358,0.0448,2.33835,0.42668,0
11.3801,23.9061,7.89466,-0.0393765,1.1028,0.444893,0.490629,FGM,0.0448,0.42668,0.0485358,0.0448,2.33835,0.42668,0
11.3842,23.9061,7.89466,-0.0393765,1.1028,0.444893,0.490629,FGM,0.0237233,0.474264,0.0613671,0.0237233,2.33835,0.474264,0
11.3887,23.9171,7.89482,-0.0351448,1.09799,0.391266,0.429607,FGM,0.0237233,0.474264,0.0613671,0.0237233,2.33835,0.474264,0
11.3921,23.9171,7.89482,-0.0351448,1.09799,0.391266,0.429607,FGM,0.0237233,0.474264,0.0613671,0.0237233,2.33835,0.474264,0
11.3961,23.9171,7.89482,-0.0351448,1.09799,0.391266,0.429607,FGM,0.0237233,0.474264,0.0613671,0.0237233,2.33835,0.474264,0
11.4001,23.928,7.89497,-0.0316401,1.0941,0.30594,0.334728,FGM,0.0237233,0.474264,0.0613671,0.0237233,2.33835,0.474264,0
11.4041,23.928,7.89497,-0.0316401,1.0941,0.30594,0.334728,FGM,0.0237233,0.474264,0.0613671,0.0237233,2.33835,0.474264,0
11.4087,23.9389,7.89508,-0.0290584,1.09094,0.208998,0.228004,FGM,0.0237233,0.474264,0.0613671,0.0237233,2.33835,0.474264,0
11.4121,23.9389,7.89508,-0.0290584,1.09094,0.208998,0.228004,FGM,0.0237233,0.474264,0.0613671,0.0237233,2.33835,0.474264,0
11.4161,23.9389,7.89508,-0.0290584,1.09094,0.208998,0.228004,FGM,0.0237233,0.474264,0.0613671,0.0237233,2.33835,0.474264,0
11.4201,23.9498,7.89509,-0.0274716,1.08839,0.107843,0.117375,FGM,0.0237233,0.474264,0.0613671,0.0237233,2.33835,0.474264,0
11.4241,23.9498,7.89509,-0.0274716,1.08839,0.107843,0.117375,FGM,0.0237233,0.474264,0.0613671,0.0237233,2.33835,0.474264,0
11.4287,23.9607,7.89499,-0.0269053,1.08632,0.00519539,0.00564386,FGM,0.0237233,0.474264,0.0613671,0.0237233,2.33835,0.474264,0
11.4321,23.9607,7.89499,-0.0269053,1.08632,0.00519539,0.00564386,FGM,0.0357744,0.362951,0.0446237,0.0357744,4.36894,0.362951,0
11.4361,23.9607,7.89499,-0.0269053,1.08632,0.00519539,0.00564386,FGM,0.0357744,0.362951,0.0446237,0.0357744,4.36894,0.362951,0
11.4401,23.9716,7.89474,-0.027376,1.08223,-0.0991755,-0.107331,FGM,0.0357744,0.362951,0.0446237,0.0357744,4.36894,0.362951,0
11.4441,23.9716,7.89474,-0.027376,1.08223,-0.0991755,-0.107331,FGM,0.0357744,0.362951,0.0446237,0.0357744,4.36894,0.362951,0
11.4487,23.9824,7.89435,-0.0288845,1.07892,-0.202495,-0.218475,FGM,0.0357744,0.362951,0.0446237,0.0357744,4.36894,0.362951,0
11.4521,23.9824,7.89435,-0.0288845,1.07892,-0.202495,-0.218475,FGM,0.0357744,0.362951,0.0446237,0.0357744,4.36894,0.362951,0
11.4561,23.9824,7.89435,-0.0288845,1.07892,-0.202495,-0.218475,FGM,0.0357744,0.362951,0.0446237,0.0357744,4.36894,0.362951,0
11.4601,23.9931,7.89378,-0.0314229,1.07624,-0.305192,-0.328458,FGM,0.0357744,0.362951,0.0446237,0.0357744,4.36894,0.362951,0
11.4641,23.9931,7.89378,-0.0314229,1.07624,-0.305192,-0.328458,FGM,0.0357744,0.362951,0.0446237,0.0357744,4.36894,0.362951,0
11.4687,24.0038,7.89302,-0.0349862,1.07406,-0.407503,-0.437685,FGM,0.0357744,0.362951,0.0446237,0.0357744,4.36894,0.362951,0

--- Experiment Summary ---
Scenario,Mux_playground_WS1.80_WT1.65_WC1.02_WCL1.35_WD0.55_DM0.49_Opp_bumper_v_3.csv
Mode,MUX_OBSTACLE
Finish Reason,GOAL REACHED
Duration (s),11.47
Total Dist (m),34.03
Collision,NO
FRENET Usage (%),54.50
FGM Usage (%),45.50
Max Speed (m/s),4.69
Max Lat Acc (m/s^2),1.81
Global Min Dist (m),0.00
Global Unsafe Ratio,0.61
Global Track RMS (m),0.63
Global Lat Acc RMS,0.55
FGM Min Dist (m),0.00
FGM Unsafe Ratio,0.95
FGM Track RMS (m),0.42
