t,x,y,yaw,speed,yaw_rate,a_lat,planner,min_d,track_error,fre_min_d,fgm_min_d,fre_track,fgm_track,collision
3.6022e-05,-9.99917,7.475,0,0.118853,0,0,FGM,0.419848,0.147402,0.367442,0.419848,0.381943,0.147402,0
0.00267469,-9.99917,7.475,0,0.118853,0,0,FGM,0.419848,0.147402,0.367442,0.419848,0.381943,0.147402,0
0.00668998,-9.99917,7.475,0,0.118853,0,0,FGM,0.419848,0.147402,0.367442,0.419848,0.381943,0.147402,0
0.010752,-9.9975,7.475,8.83281e-05,0.213953,0.0207415,0.00443771,FGM,0.419848,0.147402,0.367442,0.419848,0.381943,0.147402,0
0.0146969,-9.9975,7.475,8.83281e-05,0.213953,0.0207415,0.00443771,FGM,0.419848,0.147402,0.367442,0.419848,0.381943,0.147402,0
0.0200339,-9.99489,7.475,0.00047649,0.309053,0.0599832,0.018538,FGM,0.419848,0.147402,0.367442,0.419848,0.381943,0.147402,0
0.0227085,-9.99489,7.475,0.00047649,0.309053,0.0599832,0.018538,FGM,0.419848,0.147402,0.367442,0.419848,0.381943,0.147402,0
0.0266959,-9.99489,7.475,0.00047649,0.309053,0.0599832,0.018538,FGM,0.411981,0.161675,0.38577,0.411981,0.381943,0.161675,0
0.0307104,-9.99132,7.475,0.00135011,0.404153,0.117863,0.0476347,FGM,0.411981,0.161675,0.38577,0.411981,0.381943,0.161675,0
0.0347369,-9.99132,7.475,0.00135011,0.404153,0.117863,0.0476347,FGM,0.411981,0.161675,0.38577,0.411981,0.381943,0.161675,0
0.0400014,-9.98681,7.47501,0.00243919,0.499253,0.0968986,0.0483769,FGM,0.411981,0.161675,0.38577,0.411981,0.381943,0.161675,0
0.0426747,-9.98681,7.47501,0.00243919,0.499253,0.0968986,0.0483769,FGM,0.411981,0.161675,0.38577,0.411981,0.381943,0.161675,0
0.0467255,-9.98681,7.47501,0.00243919,0.499253,0.0968986,0.0483769,FGM,0.411981,0.161675,0.38577,0.411981,0.381943,0.161675,0
0.050708,-9.98134,7.47507,0.00354806,0.594353,0.0605834,0.0360079,FGM,0.411981,0.161675,0.38577,0.411981,0.381943,0.161675,0
0.0547237,-9.98134,7.47507,0.00354806,0.594353,0.0605834,0.0360079,FGM,0.411981,0.161675,0.38577,0.411981,0.381943,0.161675,0
0.0600328,-9.97494,7.47526,0.00459579,0.685124,0.106397,0.0728948,FGM,0.411981,0.161675,0.38577,0.411981,0.381943,0.161675,0
0.0627069,-9.97494,7.47526,0.00459579,0.685124,0.106397,0.0728948,FGM,0.411981,0.161675,0.38577,0.411981,0.381943,0.161675,0
0.0667422,-9.97494,7.47526,0.00459579,0.685124,0.106397,0.0728948,FGM,0.411981,0.161675,0.38577,0.411981,0.381943,0.161675,0
0.0707088,-9.96766,7.47551,0.00572634,0.771578,0.105279,0.0812311,FGM,0.411981,0.161675,0.38577,0.411981,0.381943,0.161675,0
0.0747388,-9.96766,7.47551,0.00572634,0.771578,0.105279,0.0812311,FGM,0.416728,0.200378,0.381801,0.416728,0.381943,0.200378,0
0.0799967,-9.95954,7.47576,0.00679894,0.854577,0.121342,0.103696,FGM,0.416728,0.200378,0.381801,0.416728,0.381943,0.200378,0
0.0826722,-9.95954,7.47576,0.00679894,0.854577,0.121342,0.103696,FGM,0.416728,0.200378,0.381801,0.416728,0.381943,0.200378,0
0.0866911,-9.95954,7.47576,0.00679894,0.854577,0.121342,0.103696,FGM,0.416728,0.200378,0.381801,0.416728,0.381943,0.200378,0
0.0906722,-9.9506,7.47605,0.00808139,0.933629,0.122491,0.114361,FGM,0.416728,0.200378,0.381801,0.416728,0.381943,0.200378,0
0.0946892,-9.9506,7.47605,0.00808139,0.933629,0.122491,0.114361,FGM,0.416728,0.200378,0.381801,0.416728,0.381943,0.200378,0
0.0999997,-9.94089,7.47635,0.00931893,1.00892,0.137519,0.138746,FGM,0.416728,0.200378,0.381801,0.416728,0.381943,0.200378,0
0.102701,-9.94089,7.47635,0.00931893,1.00892,0.137519,0.138746,FGM,0.416728,0.200378,0.381801,0.416728,0.381943,0.200378,0
0.106723,-9.94089,7.47635,0.00931893,1.00892,0.137519,0.138746,FGM,0.416728,0.200378,0.381801,0.416728,0.381943,0.200378,0
0.11071,-9.93045,7.47669,0.0107695,1.08063,0.139836,0.151111,FGM,0.416728,0.200378,0.381801,0.416728,0.381943,0.200378,0
0.114694,-9.93045,7.47669,0.0107695,1.08063,0.139836,0.151111,FGM,0.416728,0.200378,0.381801,0.416728,0.381943,0.200378,0
0.119997,-9.91931,7.47706,0.0121748,1.14894,0.153878,0.176796,FGM,0.416728,0.200378,0.381801,0.416728,0.381943,0.200378,0
0.12271,-9.91931,7.47706,0.0121748,1.14894,0.153878,0.176796,FGM,0.416728,0.200378,0.381801,0.416728,0.381943,0.200378,0
0.126723,-9.91931,7.47706,0.0121748,1.14894,0.153878,0.176796,FGM,0.421692,0.226727,0.3719,0.421692,0.381943,0.226727,0
0.130709,-9.90749,7.47748,0.0137905,1.21598,0.156483,0.190281,FGM,0.421692,0.226727,0.3719,0.421692,0.381943,0.226727,0
0.134721,-9.90749,7.47748,0.0137905,1.21598,0.156483,0.190281,FGM,0.421692,0.226727,0.3719,0.421692,0.381943,0.226727,0
0.140029,-9.89502,7.47792,0.0153569,1.27983,0.169538,0.216981,FGM,0.421692,0.226727,0.3719,0.421692,0.381943,0.226727,0
0.142704,-9.89502,7.47792,0.0153569,1.27983,0.169538,0.216981,FGM,0.421692,0.226727,0.3719,0.421692,0.381943,0.226727,0
0.146696,-9.89502,7.47792,0.0153569,1.27983,0.169538,0.216981,FGM,0.421692,0.226727,0.3719,0.421692,0.381943,0.226727,0
0.150712,-9.88193,7.47841,0.0171312,1.34065,0.172194,0.230853,FGM,0.421692,0.226727,0.3719,0.421692,0.381943,0.226727,0
0.154726,-9.88193,7.47841,0.0171312,1.34065,0.172194,0.230853,FGM,0.421692,0.226727,0.3719,0.421692,0.381943,0.226727,0
0.160049,-9.86824,7.47893,0.0188489,1.39858,0.184392,0.257887,FGM,0.421692,0.226727,0.3719,0.421692,0.381943,0.226727,0
0.1627,-9.86824,7.47893,0.0188489,1.39858,0.184392,0.257887,FGM,0.421692,0.226727,0.3719,0.421692,0.381943,0.226727,0
0.16672,-9.86824,7.47893,0.0188489,1.39858,0.184392,0.257887,FGM,0.421692,0.226727,0.3719,0.421692,0.381943,0.226727,0
0.170702,-9.85399,7.4795,0.0207718,1.45375,0.186749,0.271486,FGM,0.421692,0.226727,0.3719,0.421692,0.381943,0.226727,0
0.174719,-9.85399,7.4795,0.0207718,1.45375,0.186749,0.271486,FGM,0.421929,0.262753,0.371884,0.421929,0.381943,0.262753,0
0.180032,-9.83919,7.48011,0.022629,1.50896,0.197874,0.298584,FGM,0.421929,0.262753,0.371884,0.421929,0.381943,0.262753,0
0.1827,-9.83919,7.48011,0.022629,1.50896,0.197874,0.298584,FGM,0.421929,0.262753,0.371884,0.421929,0.381943,0.262753,0
0.186719,-9.83919,7.48011,0.022629,1.50896,0.197874,0.298584,FGM,0.421929,0.262753,0.371884,0.421929,0.381943,0.262753,0
0.190704,-9.82385,7.48077,0.024686,1.56154,0.200024,0.312347,FGM,0.421929,0.262753,0.371884,0.421929,0.381943,0.262753,0
0.194736,-9.82385,7.48077,0.024686,1.56154,0.200024,0.312347,FGM,0.421929,0.262753,0.371884,0.421929,0.381943,0.262753,0
0.200021,-9.808,7.48148,0.0266726,1.61163,0.210746,0.339644,FGM,0.421929,0.262753,0.371884,0.421929,0.381943,0.262753,0
0.202703,-9.808,7.48148,0.0266726,1.61163,0.210746,0.339644,FGM,0.421929,0.262753,0.371884,0.421929,0.381943,0.262753,0
0.20673,-9.808,7.48148,0.0266726,1.61163,0.210746,0.339644,FGM,0.421929,0.262753,0.371884,0.421929,0.381943,0.262753,0
0.210706,-9.79167,7.48224,0.0288587,1.65933,0.212641,0.352841,FGM,0.421929,0.262753,0.371884,0.421929,0.381943,0.262753,0
0.214724,-9.79167,7.48224,0.0288587,1.65933,0.212641,0.352841,FGM,0.421929,0.262753,0.371884,0.421929,0.381943,0.262753,0
0.220042,-9.77486,7.48305,0.0309671,1.70476,0.222766,0.379764,FGM,0.421929,0.262753,0.371884,0.421929,0.381943,0.262753,0
0.222701,-9.77486,7.48305,0.0309671,1.70476,0.222766,0.379764,FGM,0.421929,0.262753,0.371884,0.421929,0.381943,0.262753,0
0.226691,-9.77486,7.48305,0.0309671,1.70476,0.222766,0.379764,FGM,0.427793,0.285347,0.38346,0.427793,0.381943,0.285347,0
0.230679,-9.75762,7.48392,0.033272,1.7491,0.224201,0.392149,FGM,0.427793,0.285347,0.38346,0.427793,0.381943,0.285347,0
0.234704,-9.75762,7.48392,0.033272,1.7491,0.224201,0.392149,FGM,0.427793,0.285347,0.38346,0.427793,0.381943,0.285347,0
0.240047,-9.73994,7.48484,0.0354918,1.79133,0.233712,0.418654,FGM,0.427793,0.285347,0.38346,0.427793,0.381943,0.285347,0
0.242716,-9.73994,7.48484,0.0354918,1.79133,0.233712,0.418654,FGM,0.427793,0.285347,0.38346,0.427793,0.381943,0.285347,0
0.246711,-9.73994,7.48484,0.0354918,1.79133,0.233712,0.418654,FGM,0.427793,0.285347,0.38346,0.427793,0.381943,0.285347,0
0.250679,-9.72185,7.48582,0.0379066,1.83155,0.23496,0.43034,FGM,0.427793,0.285347,0.38346,0.427793,0.381943,0.285347,0
0.254727,-9.72185,7.48582,0.0379066,1.83155,0.23496,0.43034,FGM,0.427793,0.285347,0.38346,0.427793,0.381943,0.285347,0
0.260007,-9.70337,7.48685,0.0402306,1.86985,0.244038,0.456315,FGM,0.427793,0.285347,0.38346,0.427793,0.381943,0.285347,0
0.262708,-9.70337,7.48685,0.0402306,1.86985,0.244038,0.456315,FGM,0.427793,0.285347,0.38346,0.427793,0.381943,0.285347,0
0.266726,-9.70337,7.48685,0.0402306,1.86985,0.244038,0.456315,FGM,0.427793,0.285347,0.38346,0.427793,0.381943,0.285347,0
0.270708,-9.68452,7.48796,0.0427484,1.90634,0.244981,0.467016,FGM,0.427793,0.285347,0.38346,0.427793,0.381943,0.285347,0
0.274743,-9.68452,7.48796,0.0427484,1.90634,0.244981,0.467016,FGM,0.438474,0.315564,0.20176,0.438474,0.26614,0.315564,0
0.280052,-9.6653,7.48911,0.0451661,1.94554,0.252791,0.491815,FGM,0.438474,0.315564,0.20176,0.438474,0.26614,0.315564,0
0.282702,-9.6653,7.48911,0.0451661,1.94554,0.252791,0.491815,FGM,0.438474,0.315564,0.20176,0.438474,0.26614,0.315564,0
0.286719,-9.6653,7.48911,0.0451661,1.94554,0.252791,0.491815,FGM,0.438474,0.315564,0.20176,0.438474,0.26614,0.315564,0
0.290713,-9.6457,7.49034,0.0477691,1.98289,0.253396,0.502456,FGM,0.438474,0.315564,0.20176,0.438474,0.26614,0.315564,0
0.294724,-9.6457,7.49034,0.0477691,1.98289,0.253396,0.502456,FGM,0.438474,0.315564,0.20176,0.438474,0.26614,0.315564,0
0.30003,-9.62573,7.49163,0.0502722,2.01845,0.261619,0.528066,FGM,0.438474,0.315564,0.20176,0.438474,0.26614,0.315564,0
0.302703,-9.62573,7.49163,0.0502722,2.01845,0.261619,0.528066,FGM,0.438474,0.315564,0.20176,0.438474,0.26614,0.315564,0
0.306724,-9.62573,7.49163,0.0502722,2.01845,0.261619,0.528066,FGM,0.438474,0.315564,0.20176,0.438474,0.26614,0.315564,0
0.310733,-9.60542,7.493,0.0529654,2.05233,0.262349,0.538427,FGM,0.438474,0.315564,0.20176,0.438474,0.26614,0.315564,0
0.314723,-9.60542,7.493,0.0529654,2.05233,0.262349,0.538427,FGM,0.438474,0.315564,0.20176,0.438474,0.26614,0.315564,0
0.320031,-9.58479,7.49442,0.0554291,2.08459,0.233135,0.485991,FGM,0.438474,0.315564,0.20176,0.438474,0.26614,0.315564,0
0.322705,-9.58479,7.49442,0.0554291,2.08459,0.233135,0.485991,FGM,0.438474,0.315564,0.20176,0.438474,0.26614,0.315564,0
0.326747,-9.58479,7.49442,0.0554291,2.08459,0.233135,0.485991,FGM,0.459009,0.327229,0.200181,0.459009,0.26614,0.327229,0
0.330706,-9.56382,7.49587,0.057541,2.11833,0.179096,0.379383,FGM,0.459009,0.327229,0.200181,0.459009,0.26614,0.327229,0
0.334729,-9.56382,7.49587,0.057541,2.11833,0.179096,0.379383,FGM,0.459009,0.327229,0.200181,0.459009,0.26614,0.327229,0
0.340069,-9.54253,7.49732,0.0591105,2.15046,0.152119,0.327125,FGM,0.459009,0.327229,0.200181,0.459009,0.26614,0.327229,0
0.342704,-9.54253,7.49732,0.0591105,2.15046,0.152119,0.327125,FGM,0.459009,0.327229,0.200181,0.459009,0.26614,0.327229,0
0.346695,-9.54253,7.49732,0.0591105,2.15046,0.152119,0.327125,FGM,0.459009,0.327229,0.200181,0.459009,0.26614,0.327229,0
0.350708,-9.52092,7.4988,0.0605867,2.18107,0.129888,0.283295,FGM,0.459009,0.327229,0.200181,0.459009,0.26614,0.327229,0
0.35475,-9.52092,7.4988,0.0605867,2.18107,0.129888,0.283295,FGM,0.459009,0.327229,0.200181,0.459009,0.26614,0.327229,0
0.360048,-9.49902,7.5003,0.0617669,2.21022,0.122001,0.269648,FGM,0.459009,0.327229,0.200181,0.459009,0.26614,0.327229,0
0.362711,-9.49902,7.5003,0.0617669,2.21022,0.122001,0.269648,FGM,0.459009,0.327229,0.200181,0.459009,0.26614,0.327229,0
0.36672,-9.49902,7.5003,0.0617669,2.21022,0.122001,0.269648,FGM,0.459009,0.327229,0.200181,0.459009,0.26614,0.327229,0
0.370713,-9.47683,7.50184,0.0630065,2.23798,0.111491,0.249514,FGM,0.459009,0.327229,0.200181,0.459009,0.26614,0.327229,0
0.374729,-9.47683,7.50184,0.0630065,2.23798,0.111491,0.249514,FGM,0.383189,0.318999,0.200584,0.383189,0.26614,0.318999,0
0.380052,-9.45434,7.50339,0.0640407,2.26935,0.110485,0.250729,FGM,0.383189,0.318999,0.200584,0.383189,0.26614,0.318999,0
0.382699,-9.45434,7.50339,0.0640407,2.26935,0.110485,0.250729,FGM,0.383189,0.318999,0.200584,0.383189,0.26614,0.318999,0
0.386721,-9.45434,7.50339,0.0640407,2.26935,0.110485,0.250729,FGM,0.383189,0.318999,0.200584,0.383189,0.26614,0.318999,0
0.390702,-9.43156,7.505,0.0651892,2.29923,0.104596,0.24049,FGM,0.383189,0.318999,0.200584,0.383189,0.26614,0.318999,0
0.394731,-9.43156,7.505,0.0651892,2.29923,0.104596,0.24049,FGM,0.383189,0.318999,0.200584,0.383189,0.26614,0.318999,0
0.400042,-9.40848,7.50663,0.0661702,2.32768,0.10669,0.24834,FGM,0.383189,0.318999,0.200584,0.383189,0.26614,0.318999,0
0.40277,-9.40848,7.50663,0.0661702,2.32768,0.10669,0.24834,FGM,0.383189,0.318999,0.200584,0.383189,0.26614,0.318999,0
0.406729,-9.40848,7.50663,0.0661702,2.32768,0.10669,0.24834,FGM,0.383189,0.318999,0.200584,0.383189,0.26614,0.318999,0
0.410728,-9.38513,7.5083,0.0672925,2.35479,0.102821,0.242121,FGM,0.383189,0.318999,0.200584,0.383189,0.26614,0.318999,0
0.414739,-9.38513,7.5083,0.0672925,2.35479,0.102821,0.242121,FGM,0.383189,0.318999,0.200584,0.383189,0.26614,0.318999,0
0.420052,-9.36151,7.51001,0.0682617,2.3806,0.10618,0.252773,FGM,0.383189,0.318999,0.200584,0.383189,0.26614,0.318999,0
0.422721,-9.36151,7.51001,0.0682617,2.3806,0.10618,0.252773,FGM,0.383189,0.318999,0.200584,0.383189,0.26614,0.318999,0
0.426732,-9.36151,7.51001,0.0682617,2.3806,0.10618,0.252773,FGM,0.320626,0.313504,0.336642,0.320626,0.388598,0.313504,0
0.430704,-9.33763,7.51176,0.0693816,2.40875,0.102915,0.247896,FGM,0.320626,0.313504,0.336642,0.320626,0.388598,0.313504,0
0.434731,-9.33763,7.51176,0.0693816,2.40875,0.102915,0.247896,FGM,0.320626,0.313504,0.336642,0.320626,0.388598,0.313504,0
0.440029,-9.31348,7.51355,0.0703537,2.43556,0.106564,0.259544,FGM,0.320626,0.313504,0.336642,0.320626,0.388598,0.313504,0
0.442723,-9.31348,7.51355,0.0703537,2.43556,0.106564,0.259544,FGM,0.320626,0.313504,0.336642,0.320626,0.388598,0.313504,0
0.446731,-9.31348,7.51355,0.0703537,2.43556,0.106564,0.259544,FGM,0.320626,0.313504,0.336642,0.320626,0.388598,0.313504,0
0.450727,-9.28906,7.51538,0.0714819,2.4611,0.10395,0.255832,FGM,0.320626,0.313504,0.336642,0.320626,0.388598,0.313504,0
0.454734,-9.28906,7.51538,0.0714819,2.4611,0.10395,0.255832,FGM,0.320626,0.313504,0.336642,0.320626,0.388598,0.313504,0
0.460022,-9.2644,7.51725,0.0724654,2.48542,0.107973,0.268359,FGM,0.320626,0.313504,0.336642,0.320626,0.388598,0.313504,0
0.462731,-9.2644,7.51725,0.0724654,2.48542,0.107973,0.268359,FGM,0.320626,0.313504,0.336642,0.320626,0.388598,0.313504,0
0.466724,-9.2644,7.51725,0.0724654,2.48542,0.107973,0.268359,FGM,0.320626,0.313504,0.336642,0.320626,0.388598,0.313504,0
0.470692,-9.2395,7.51917,0.07361,2.50859,0.105606,0.264922,FGM,0.320626,0.313504,0.336642,0.320626,0.388598,0.313504,0
0.474733,-9.2395,7.51917,0.07361,2.50859,0.105606,0.264922,FGM,0.368827,0.390325,0.328858,0.368827,0.388598,0.390325,0
0.48008,-9.21435,7.52112,0.0746081,2.53646,0.109011,0.276503,FGM,0.368827,0.390325,0.328858,0.368827,0.388598,0.390325,0
0.482764,-9.21435,7.52112,0.0746081,2.53646,0.109011,0.276503,FGM,0.368827,0.390325,0.328858,0.368827,0.388598,0.390325,0
0.486763,-9.21435,7.52112,0.0746081,2.53646,0.109011,0.276503,FGM,0.368827,0.390325,0.328858,0.368827,0.388598,0.390325,0
0.490768,-9.18893,7.52313,0.0757611,2.56301,0.106561,0.273118,FGM,0.368827,0.390325,0.328858,0.368827,0.388598,0.390325,0
0.494735,-9.18893,7.52313,0.0757611,2.56301,0.106561,0.273118,FGM,0.368827,0.390325,0.328858,0.368827,0.388598,0.390325,0
0.500056,-9.16326,7.52517,0.0767708,2.5883,0.110497,0.285998,FGM,0.368827,0.390325,0.328858,0.368827,0.388598,0.390325,0
0.502767,-9.16326,7.52517,0.0767708,2.5883,0.110497,0.285998,FGM,0.368827,0.390325,0.328858,0.368827,0.388598,0.390325,0
0.506767,-9.16326,7.52517,0.0767708,2.5883,0.110497,0.285998,FGM,0.368827,0.390325,0.328858,0.368827,0.388598,0.390325,0
0.51073,-9.13734,7.52727,0.0779413,2.61238,0.108369,0.283102,FGM,0.368827,0.390325,0.328858,0.368827,0.388598,0.390325,0
0.514768,-9.13734,7.52727,0.0779413,2.61238,0.108369,0.283102,FGM,0.368827,0.390325,0.328858,0.368827,0.388598,0.390325,0
0.520055,-9.11119,7.5294,0.078969,2.63532,0.11246,0.296367,FGM,0.368827,0.390325,0.328858,0.368827,0.388598,0.390325,0
0.522727,-9.11119,7.5294,0.078969,2.63532,0.11246,0.296367,FGM,0.368827,0.390325,0.328858,0.368827,0.388598,0.390325,0
0.526766,-9.11119,7.5294,0.078969,2.63532,0.11246,0.296367,FGM,0.268799,0.342451,0.333396,0.268799,0.388598,0.342451,0
0.530731,-9.08479,7.53159,0.0801557,2.66213,0.109892,0.292546,FGM,0.268799,0.342451,0.333396,0.268799,0.388598,0.342451,0
0.534732,-9.08479,7.53159,0.0801557,2.66213,0.109892,0.292546,FGM,0.268799,0.342451,0.333396,0.268799,0.388598,0.342451,0
0.540088,-9.05814,7.53382,0.0811974,2.68767,0.113569,0.305235,FGM,0.268799,0.342451,0.333396,0.268799,0.388598,0.342451,0
0.542707,-9.05814,7.53382,0.0811974,2.68767,0.113569,0.305235,FGM,0.268799,0.342451,0.333396,0.268799,0.388598,0.342451,0
0.546705,-9.05814,7.53382,0.0811974,2.68767,0.113569,0.305235,FGM,0.268799,0.342451,0.333396,0.268799,0.388598,0.342451,0
0.550725,-9.03124,7.53611,0.0823988,2.71199,0.111493,0.302367,FGM,0.268799,0.342451,0.333396,0.268799,0.388598,0.342451,0
0.554734,-9.03124,7.53611,0.0823988,2.71199,0.111493,0.302367,FGM,0.268799,0.342451,0.333396,0.268799,0.388598,0.342451,0
0.560046,-9.0041,7.53843,0.0834571,2.73515,0.115437,0.315737,FGM,0.268799,0.342451,0.333396,0.268799,0.388598,0.342451,0
0.56271,-9.0041,7.53843,0.0834571,2.73515,0.115437,0.315737,FGM,0.268799,0.342451,0.333396,0.268799,0.388598,0.342451,0
0.566729,-9.0041,7.53843,0.0834571,2.73515,0.115437,0.315737,FGM,0.268799,0.342451,0.333396,0.268799,0.388598,0.342451,0
0.570717,-8.97674,7.54082,0.0846788,2.75721,0.113511,0.312975,FGM,0.268799,0.342451,0.333396,0.268799,0.388598,0.342451,0
0.574746,-8.97674,7.54082,0.0846788,2.75721,0.113511,0.312975,FGM,0.0750471,0.254019,0.335459,0.0750471,0.388598,0.254019,0
0.580079,-8.94916,7.54324,0.0857558,2.78058,0.117146,0.325734,FGM,0.0750471,0.254019,0.335459,0.0750471,0.388598,0.254019,0
0.582713,-8.94916,7.54324,0.0857558,2.78058,0.117146,0.325734,FGM,0.0750471,0.254019,0.335459,0.0750471,0.388598,0.254019,0
0.586729,-8.94916,7.54324,0.0857558,2.78058,0.117146,0.325734,FGM,0.0750471,0.254019,0.335459,0.0750471,0.388598,0.254019,0
0.590713,-8.92135,7.54572,0.0869939,2.80284,0.115114,0.322647,FGM,0.0750471,0.254019,0.335459,0.0750471,0.388598,0.254019,0
0.594744,-8.92135,7.54572,0.0869939,2.80284,0.115114,0.322647,FGM,0.0750471,0.254019,0.335459,0.0750471,0.388598,0.254019,0
0.60006,-8.89333,7.54822,0.087809,2.82404,0.037279,0.105277,FGM,0.0750471,0.254019,0.335459,0.0750471,0.388598,0.254019,0
0.602718,-8.89333,7.54822,0.087809,2.82404,0.037279,0.105277,FGM,0.0750471,0.254019,0.335459,0.0750471,0.388598,0.254019,0
0.606728,-8.89333,7.54822,0.087809,2.82404,0.037279,0.105277,FGM,0.0750471,0.254019,0.335459,0.0750471,0.388598,0.254019,0
0.610715,-8.86509,7.55068,0.0878448,2.84423,-0.0113304,-0.0322262,FGM,0.0750471,0.254019,0.335459,0.0750471,0.388598,0.254019,0
0.614742,-8.86509,7.55068,0.0878448,2.84423,-0.0113304,-0.0322262,FGM,0.0750471,0.254019,0.335459,0.0750471,0.388598,0.254019,0
0.620052,-8.83666,7.55315,0.0876062,2.86346,-0.049696,-0.142303,FGM,0.0750471,0.254019,0.335459,0.0750471,0.388598,0.254019,0
0.622711,-8.83666,7.55315,0.0876062,2.86346,-0.049696,-0.142303,FGM,0.0750471,0.254019,0.335459,0.0750471,0.388598,0.254019,0
0.62673,-8.83666,7.55315,0.0876062,2.86346,-0.049696,-0.142303,FGM,0.301716,0.41889,0,0.301716,0.863245,0.41889,0
0.630713,-8.80802,7.55559,0.0869205,2.88663,-0.0706767,-0.204018,FGM,0.301716,0.41889,0,0.301716,0.863245,0.41889,0
0.634739,-8.80802,7.55559,0.0869205,2.88663,-0.0706767,-0.204018,FGM,0.301716,0.41889,0,0.301716,0.863245,0.41889,0
0.640038,-8.77914,7.55803,0.0861885,2.9087,-0.0900341,-0.261882,FGM,0.301716,0.41889,0,0.301716,0.863245,0.41889,0
0.642686,-8.77914,7.55803,0.0861885,2.9087,-0.0900341,-0.261882,FGM,0.301716,0.41889,0,0.301716,0.863245,0.41889,0
0.646729,-8.77914,7.55803,0.0861885,2.9087,-0.0900341,-0.261882,FGM,0.301716,0.41889,0,0.301716,0.863245,0.41889,0
0.650717,-8.75005,7.56045,0.0851634,2.92972,-0.0988329,-0.289553,FGM,0.301716,0.41889,0,0.301716,0.863245,0.41889,0
0.654742,-8.75005,7.56045,0.0851634,2.92972,-0.0988329,-0.289553,FGM,0.301716,0.41889,0,0.301716,0.863245,0.41889,0
0.66005,-8.72076,7.5629,0.0844763,2.94974,-0.0272765,-0.0804586,FGM,0.301716,0.41889,0,0.301716,0.863245,0.41889,0
0.662732,-8.72076,7.5629,0.0844763,2.94974,-0.0272765,-0.0804586,FGM,0.301716,0.41889,0,0.301716,0.863245,0.41889,0
0.666731,-8.72076,7.5629,0.0844763,2.94974,-0.0272765,-0.0804586,FGM,0.301716,0.41889,0,0.301716,0.863245,0.41889,0
0.670719,-8.69127,7.56541,0.0845227,2.96881,0.0180527,0.053595,FGM,0.301716,0.41889,0,0.301716,0.863245,0.41889,0
0.674763,-8.69127,7.56541,0.0845227,2.96881,0.0180527,0.053595,FGM,0.0345542,0.264881,0,0.0345542,0.863245,0.264881,0
0.680085,-8.6616,7.56796,0.0848177,2.98707,0.054538,0.162909,FGM,0.0345542,0.264881,0,0.0345542,0.863245,0.264881,0
0.682724,-8.6616,7.56796,0.0848177,2.98707,0.054538,0.162909,FGM,0.0345542,0.264881,0,0.0345542,0.863245,0.264881,0
0.686726,-8.6616,7.56796,0.0848177,2.98707,0.054538,0.162909,FGM,0.0345542,0.264881,0,0.0345542,0.863245,0.264881,0
0.690727,-8.63175,7.57056,0.085553,3.00447,0.0753838,0.226488,FGM,0.0345542,0.264881,0,0.0345542,0.863245,0.264881,0
0.694766,-8.63175,7.57056,0.085553,3.00447,0.0753838,0.226488,FGM,0.0345542,0.264881,0,0.0345542,0.863245,0.264881,0
0.700073,-8.60174,7.57318,0.0860438,3.02103,0.0106987,0.0323211,FGM,0.0345542,0.264881,0,0.0345542,0.863245,0.264881,0
0.702746,-8.60174,7.57318,0.0860438,3.02103,0.0106987,0.0323211,FGM,0.0345542,0.264881,0,0.0345542,0.863245,0.264881,0
0.706748,-8.60174,7.57318,0.0860438,3.02103,0.0106987,0.0323211,FGM,0.0345542,0.264881,0,0.0345542,0.863245,0.264881,0
0.710748,-8.57156,7.57576,0.0858545,3.03681,-0.0301283,-0.091494,FGM,0.0345542,0.264881,0,0.0345542,0.863245,0.264881,0
0.714752,-8.57156,7.57576,0.0858545,3.03681,-0.0301283,-0.091494,FGM,0.0345542,0.264881,0,0.0345542,0.863245,0.264881,0
0.720037,-8.54123,7.57833,0.0854558,3.05184,-0.0636475,-0.194242,FGM,0.0345542,0.264881,0,0.0345542,0.863245,0.264881,0
0.722742,-8.54123,7.57833,0.0854558,3.05184,-0.0636475,-0.194242,FGM,0.0345542,0.264881,0,0.0345542,0.863245,0.264881,0
0.726737,-8.54123,7.57833,0.0854558,3.05184,-0.0636475,-0.194242,FGM,0.125336,0.346734,0,0.125336,0.863245,0.346734,0
0.730717,-8.51072,7.58087,0.0846451,3.07173,-0.0817584,-0.251139,FGM,0.125336,0.346734,0,0.125336,0.863245,0.346734,0
0.734743,-8.51072,7.58087,0.0846451,3.07173,-0.0817584,-0.251139,FGM,0.125336,0.346734,0,0.125336,0.863245,0.346734,0
0.740079,-8.48001,7.58341,0.0838137,3.09067,-0.0992217,-0.306661,FGM,0.125336,0.346734,0,0.125336,0.863245,0.346734,0
0.742718,-8.48001,7.58341,0.0838137,3.09067,-0.0992217,-0.306661,FGM,0.125336,0.346734,0,0.125336,0.863245,0.346734,0
0.746707,-8.48001,7.58341,0.0838137,3.09067,-0.0992217,-0.306661,FGM,0.125336,0.346734,0,0.125336,0.863245,0.346734,0
0.750722,-8.44911,7.58593,0.0827008,3.10871,-0.107079,-0.332878,FGM,0.125336,0.346734,0,0.125336,0.863245,0.346734,0
0.754744,-8.44911,7.58593,0.0827008,3.10871,-0.107079,-0.332878,FGM,0.125336,0.346734,0,0.125336,0.863245,0.346734,0
0.760063,-8.41804,7.58846,0.0819416,3.12589,-0.0331718,-0.103691,FGM,0.125336,0.346734,0,0.125336,0.863245,0.346734,0
0.762724,-8.41804,7.58846,0.0819416,3.12589,-0.0331718,-0.103691,FGM,0.125336,0.346734,0,0.125336,0.863245,0.346734,0
0.766739,-8.41804,7.58846,0.0819416,3.12589,-0.0331718,-0.103691,FGM,0.125336,0.346734,0,0.125336,0.863245,0.346734,0
0.770721,-8.38681,7.59105,0.0819435,3.14225,0.0148521,0.0466691,FGM,0.125336,0.346734,0,0.125336,0.863245,0.346734,0
0.774734,-8.38681,7.59105,0.0819435,3.14225,0.0148521,0.0466691,FRENET,0.248631,0.0637751,0.248631,0.216731,0.0637751,0.427447,0
0.780079,-8.35592,7.59364,0.0822684,3.05698,0.0702021,0.214606,FRENET,0.248631,0.0637751,0.248631,0.216731,0.0637751,0.427447,0
0.782714,-8.35592,7.59364,0.0822684,3.05698,0.0702021,0.214606,FRENET,0.248631,0.0637751,0.248631,0.216731,0.0637751,0.427447,0
0.786736,-8.35592,7.59364,0.0822684,3.05698,0.0702021,0.214606,FRENET,0.248631,0.0637751,0.248631,0.216731,0.0637751,0.427447,0
0.790723,-8.32594,7.59621,0.083256,2.96188,0.100647,0.298103,FRENET,0.248631,0.0637751,0.248631,0.216731,0.0637751,0.427447,0
0.79473,-8.32594,7.59621,0.083256,2.96188,0.100647,0.298103,FRENET,0.248631,0.0637751,0.248631,0.216731,0.0637751,0.427447,0
0.800074,-8.29688,7.59867,0.0838674,2.86971,0.00434351,0.0124646,FRENET,0.248631,0.0637751,0.248631,0.216731,0.0637751,0.427447,0
0.802717,-8.29688,7.59867,0.0838674,2.86971,0.00434351,0.0124646,FRENET,0.248631,0.0637751,0.248631,0.216731,0.0637751,0.427447,0
0.806732,-8.29688,7.59867,0.0838674,2.86971,0.00434351,0.0124646,FRENET,0.248631,0.0637751,0.248631,0.216731,0.0637751,0.427447,0
0.810723,-8.26865,7.60097,0.0831182,2.79506,-0.164772,-0.460548,FRENET,0.248631,0.0637751,0.248631,0.216731,0.0637751,0.427447,0
0.814747,-8.26865,7.60097,0.0831182,2.79506,-0.164772,-0.460548,FRENET,0.248631,0.0637751,0.248631,0.216731,0.0637751,0.427447,0
0.820086,-8.24109,7.60307,0.0808491,2.73462,-0.259973,-0.710928,FRENET,0.248631,0.0637751,0.248631,0.216731,0.0637751,0.427447,0
0.822716,-8.24109,7.60307,0.0808491,2.73462,-0.259973,-0.710928,FRENET,0.248631,0.0637751,0.248631,0.216731,0.0637751,0.427447,0
0.826749,-8.24109,7.60307,0.0808491,2.73462,-0.259973,-0.710928,FRENET,0.248656,0.0637751,0.248656,0.239401,0.0637751,0.465479,0
0.83072,-8.21406,7.60504,0.0780121,2.68567,-0.323609,-0.869108,FRENET,0.248656,0.0637751,0.248656,0.239401,0.0637751,0.465479,0
0.834728,-8.21406,7.60504,0.0780121,2.68567,-0.323609,-0.869108,FRENET,0.248656,0.0637751,0.248656,0.239401,0.0637751,0.465479,0
0.840061,-8.18746,7.60687,0.0745183,2.64603,-0.352388,-0.93243,FRENET,0.248656,0.0637751,0.248656,0.239401,0.0637751,0.465479,0
0.842722,-8.18746,7.60687,0.0745183,2.64603,-0.352388,-0.93243,FRENET,0.248656,0.0637751,0.248656,0.239401,0.0637751,0.465479,0
0.846734,-8.18746,7.60687,0.0745183,2.64603,-0.352388,-0.93243,FRENET,0.248656,0.0637751,0.248656,0.239401,0.0637751,0.465479,0
0.85074,-8.16122,7.6086,0.0709784,2.61393,-0.373549,-0.976432,FRENET,0.248656,0.0637751,0.248656,0.239401,0.0637751,0.465479,0
0.854732,-8.16122,7.6086,0.0709784,2.61393,-0.373549,-0.976432,FRENET,0.248656,0.0637751,0.248656,0.239401,0.0637751,0.465479,0
0.860079,-8.13511,7.61022,0.0672086,2.61773,-0.364119,-0.953166,FRENET,0.248656,0.0637751,0.248656,0.239401,0.0637751,0.465479,0
0.862714,-8.13511,7.61022,0.0672086,2.61773,-0.364119,-0.953166,FRENET,0.248656,0.0637751,0.248656,0.239401,0.0637751,0.465479,0
0.866734,-8.13511,7.61022,0.0672086,2.61773,-0.364119,-0.953166,FRENET,0.248656,0.0637751,0.248656,0.239401,0.0637751,0.465479,0
0.870723,-8.10896,7.61176,0.0636535,2.62136,-0.363967,-0.954088,FRENET,0.248656,0.0637751,0.248656,0.239401,0.0637751,0.465479,0
0.874733,-8.10896,7.61176,0.0636535,2.62136,-0.363967,-0.954088,FRENET,0.248681,0.0637751,0.248681,0.197096,0.0637751,0.437011,0
0.880073,-8.08277,7.61319,0.059959,2.62481,-0.358349,-0.940598,FRENET,0.248681,0.0637751,0.248681,0.197096,0.0637751,0.437011,0
0.882706,-8.08277,7.61319,0.059959,2.62481,-0.358349,-0.940598,FRENET,0.248681,0.0637751,0.248681,0.197096,0.0637751,0.437011,0
0.886734,-8.08277,7.61319,0.059959,2.62481,-0.358349,-0.940598,FRENET,0.248681,0.0637751,0.248681,0.197096,0.0637751,0.437011,0
0.890716,-8.05654,7.61457,0.0567477,2.62809,-0.272915,-0.717247,FRENET,0.248681,0.0637751,0.248681,0.197096,0.0637751,0.437011,0
0.894743,-8.05654,7.61457,0.0567477,2.62809,-0.272915,-0.717247,FRENET,0.248681,0.0637751,0.248681,0.197096,0.0637751,0.437011,0
0.900078,-8.03028,7.61594,0.0543741,2.63122,-0.222469,-0.585364,FRENET,0.248681,0.0637751,0.248681,0.197096,0.0637751,0.437011,0
0.902708,-8.03028,7.61594,0.0543741,2.63122,-0.222469,-0.585364,FRENET,0.248681,0.0637751,0.248681,0.197096,0.0637751,0.437011,0
0.906732,-8.03028,7.61594,0.0543741,2.63122,-0.222469,-0.585364,FRENET,0.248681,0.0637751,0.248681,0.197096,0.0637751,0.437011,0
0.910757,-8.00398,7.61727,0.0522724,2.6342,-0.183575,-0.483573,FRENET,0.248681,0.0637751,0.248681,0.197096,0.0637751,0.437011,0
0.914752,-8.00398,7.61727,0.0522724,2.6342,-0.183575,-0.483573,FRENET,0.248681,0.0637751,0.248681,0.197096,0.0637751,0.437011,0
0.920067,-7.97766,7.61858,0.0506278,2.63704,-0.163862,-0.432112,FRENET,0.248681,0.0637751,0.248681,0.197096,0.0637751,0.437011,0
0.922711,-7.97766,7.61858,0.0506278,2.63704,-0.163862,-0.432112,FRENET,0.248681,0.0637751,0.248681,0.197096,0.0637751,0.437011,0
0.926731,-7.97766,7.61858,0.0506278,2.63704,-0.163862,-0.432112,FRENET,0.363076,0.653831,0.363076,0.179672,0.653831,0.428244,0
0.93075,-7.9518,7.61982,0.0488852,2.54194,-0.159968,-0.406629,FRENET,0.363076,0.653831,0.363076,0.179672,0.653831,0.428244,0
0.934757,-7.9518,7.61982,0.0488852,2.54194,-0.159968,-0.406629,FRENET,0.363076,0.653831,0.363076,0.179672,0.653831,0.428244,0
0.94006,-7.92688,7.621,0.0473748,2.44684,-0.166169,-0.406588,FRENET,0.363076,0.653831,0.363076,0.179672,0.653831,0.428244,0
0.942745,-7.92688,7.621,0.0473748,2.44684,-0.166169,-0.406588,FRENET,0.363076,0.653831,0.363076,0.179672,0.653831,0.428244,0
0.946768,-7.92688,7.621,0.0473748,2.44684,-0.166169,-0.406588,FRENET,0.363076,0.653831,0.363076,0.179672,0.653831,0.428244,0
0.950751,-7.90291,7.62209,0.0456294,2.35174,-0.158278,-0.372229,FRENET,0.363076,0.653831,0.363076,0.179672,0.653831,0.428244,0
0.954769,-7.90291,7.62209,0.0456294,2.35174,-0.158278,-0.372229,FRENET,0.363076,0.653831,0.363076,0.179672,0.653831,0.428244,0
0.960032,-7.87989,7.62315,0.0445639,2.25664,-0.0405512,-0.0915096,FRENET,0.363076,0.653831,0.363076,0.179672,0.653831,0.428244,0
0.962681,-7.87989,7.62315,0.0445639,2.25664,-0.0405512,-0.0915096,FRENET,0.363076,0.653831,0.363076,0.179672,0.653831,0.428244,0
0.966704,-7.87989,7.62315,0.0445639,2.25664,-0.0405512,-0.0915096,FRENET,0.363076,0.653831,0.363076,0.179672,0.653831,0.428244,0
0.970688,-7.85783,7.62428,0.0450153,2.16154,0.138369,0.299089,FRENET,0.363076,0.653831,0.363076,0.179672,0.653831,0.428244,0
0.974703,-7.85783,7.62428,0.0450153,2.16154,0.138369,0.299089,FRENET,0.365187,0.653831,0.365187,0.133875,0.653831,0.391506,0
0.98003,-7.83673,7.62547,0.0470169,2.06644,0.227139,0.46937,FRENET,0.365187,0.653831,0.365187,0.133875,0.653831,0.391506,0
0.982681,-7.83673,7.62547,0.0470169,2.06644,0.227139,0.46937,FRENET,0.365187,0.653831,0.365187,0.133875,0.653831,0.391506,0
0.986699,-7.83673,7.62547,0.0470169,2.06644,0.227139,0.46937,FRENET,0.365187,0.653831,0.365187,0.133875,0.653831,0.391506,0
0.990685,-7.81657,7.62668,0.0494859,1.97134,0.285086,0.562002,FRENET,0.365187,0.653831,0.365187,0.133875,0.653831,0.391506,0
0.994702,-7.81657,7.62668,0.0494859,1.97134,0.285086,0.562002,FRENET,0.365187,0.653831,0.365187,0.133875,0.653831,0.391506,0
1.00002,-7.79737,7.62791,0.0525532,1.87624,0.299934,0.562748,FRENET,0.365187,0.653831,0.365187,0.133875,0.653831,0.391506,0
1.00268,-7.79737,7.62791,0.0525532,1.87624,0.299934,0.562748,FRENET,0.365187,0.653831,0.365187,0.133875,0.653831,0.391506,0
1.0067,-7.79737,7.62791,0.0525532,1.87624,0.299934,0.562748,FRENET,0.365187,0.653831,0.365187,0.133875,0.653831,0.391506,0
1.01068,-7.77913,7.62911,0.0555137,1.78114,0.314693,0.560513,FRENET,0.365187,0.653831,0.365187,0.133875,0.653831,0.391506,0
1.01471,-7.77913,7.62911,0.0555137,1.78114,0.314693,0.560513,FRENET,0.365187,0.653831,0.365187,0.133875,0.653831,0.391506,0
1.02003,-7.76183,7.63032,0.0587283,1.68604,0.3019,0.509017,FRENET,0.365187,0.653831,0.365187,0.133875,0.653831,0.391506,0
1.02268,-7.76183,7.63032,0.0587283,1.68604,0.3019,0.509017,FRENET,0.365187,0.653831,0.365187,0.133875,0.653831,0.391506,0
1.0267,-7.76183,7.63032,0.0587283,1.68604,0.3019,0.509017,FRENET,0.360699,0.653831,0.360699,0.129268,0.653831,0.361402,0
1.03068,-7.74549,7.6315,0.0616233,1.59094,0.301292,0.479338,FRENET,0.360699,0.653831,0.360699,0.129268,0.653831,0.361402,0
1.0347,-7.74549,7.6315,0.0616233,1.59094,0.301292,0.479338,FRENET,0.360699,0.653831,0.360699,0.129268,0.653831,0.361402,0
1.04002,-7.73002,7.63269,0.0646148,1.51184,0.273411,0.413353,FRENET,0.360699,0.653831,0.360699,0.129268,0.653831,0.361402,0
1.04271,-7.73002,7.63269,0.0646148,1.51184,0.273411,0.413353,FRENET,0.360699,0.653831,0.360699,0.129268,0.653831,0.361402,0
1.04673,-7.73002,7.63269,0.0646148,1.51184,0.273411,0.413353,FRENET,0.360699,0.653831,0.360699,0.129268,0.653831,0.361402,0
1.05071,-7.71527,7.63385,0.0671731,1.44778,0.262026,0.379355,FRENET,0.360699,0.653831,0.360699,0.129268,0.653831,0.361402,0
1.05473,-7.71527,7.63385,0.0671731,1.44778,0.262026,0.379355,FRENET,0.360699,0.653831,0.360699,0.129268,0.653831,0.361402,0
1.06005,-7.7011,7.63504,0.069755,1.3959,0.233689,0.326208,FRENET,0.360699,0.653831,0.360699,0.129268,0.653831,0.361402,0
1.06271,-7.7011,7.63504,0.069755,1.3959,0.233689,0.326208,FRENET,0.360699,0.653831,0.360699,0.129268,0.653831,0.361402,0
1.06673,-7.7011,7.63504,0.069755,1.3959,0.233689,0.326208,FRENET,0.360699,0.653831,0.360699,0.129268,0.653831,0.361402,0
1.07071,-7.6874,7.63621,0.0719452,1.35389,0.22669,0.306915,FRENET,0.360699,0.653831,0.360699,0.129268,0.653831,0.361402,0
1.07473,-7.6874,7.63621,0.0719452,1.35389,0.22669,0.306915,FRENET,0.347696,0.54626,0.347696,0.111102,0.54626,0.338896,0
1.08005,-7.67391,7.63743,0.0741606,1.35588,0.201733,0.273527,FRENET,0.347696,0.54626,0.347696,0.111102,0.54626,0.338896,0
1.08271,-7.67391,7.63743,0.0741606,1.35588,0.201733,0.273527,FRENET,0.347696,0.54626,0.347696,0.111102,0.54626,0.338896,0
1.08673,-7.67391,7.63743,0.0741606,1.35588,0.201733,0.273527,FRENET,0.347696,0.54626,0.347696,0.111102,0.54626,0.338896,0
1.09072,-7.6604,7.63868,0.0760827,1.35778,0.201591,0.273716,FRENET,0.347696,0.54626,0.347696,0.111102,0.54626,0.338896,0
1.09473,-7.6604,7.63868,0.0760827,1.35778,0.201591,0.273716,FRENET,0.347696,0.54626,0.347696,0.111102,0.54626,0.338896,0
1.10002,-7.64687,7.63999,0.0781349,1.35958,0.191754,0.260706,FRENET,0.347696,0.54626,0.347696,0.111102,0.54626,0.338896,0
1.10271,-7.64687,7.63999,0.0781349,1.35958,0.191754,0.260706,FRENET,0.347696,0.54626,0.347696,0.111102,0.54626,0.338896,0
1.10672,-7.64687,7.63999,0.0781349,1.35958,0.191754,0.260706,FRENET,0.347696,0.54626,0.347696,0.111102,0.54626,0.338896,0
1.11071,-7.63333,7.64131,0.0799943,1.3613,0.197969,0.269496,FRENET,0.347696,0.54626,0.347696,0.111102,0.54626,0.338896,0
1.11473,-7.63333,7.64131,0.0799943,1.3613,0.197969,0.269496,FRENET,0.347696,0.54626,0.347696,0.111102,0.54626,0.338896,0
1.12003,-7.61978,7.64268,0.0820257,1.36294,0.190772,0.260011,FRENET,0.347696,0.54626,0.347696,0.111102,0.54626,0.338896,0
1.12268,-7.61978,7.64268,0.0820257,1.36294,0.190772,0.260011,FRENET,0.347696,0.54626,0.347696,0.111102,0.54626,0.338896,0
1.1267,-7.61978,7.64268,0.0820257,1.36294,0.190772,0.260011,FRENET,0.347734,0.54626,0.347734,0.119288,0.54626,0.349174,0
1.13068,-7.60622,7.64406,0.0838813,1.3645,0.19801,0.270184,FRENET,0.347734,0.54626,0.347734,0.119288,0.54626,0.349174,0
1.13476,-7.60622,7.64406,0.0838813,1.3645,0.19801,0.270184,FRENET,0.347734,0.54626,0.347734,0.119288,0.54626,0.349174,0
1.14003,-7.59264,7.64549,0.0859155,1.36598,0.191197,0.261172,FRENET,0.347734,0.54626,0.347734,0.119288,0.54626,0.349174,0
1.14267,-7.59264,7.64549,0.0859155,1.36598,0.191197,0.261172,FRENET,0.347734,0.54626,0.347734,0.119288,0.54626,0.349174,0
1.1467,-7.59264,7.64549,0.0859155,1.36598,0.191197,0.261172,FRENET,0.347734,0.54626,0.347734,0.119288,0.54626,0.349174,0
1.15069,-7.57905,7.64694,0.0877759,1.3674,0.198529,0.271468,FRENET,0.347734,0.54626,0.347734,0.119288,0.54626,0.349174,0
1.1547,-7.57905,7.64694,0.0877759,1.3674,0.198529,0.271468,FRENET,0.347734,0.54626,0.347734,0.119288,0.54626,0.349174,0
1.16002,-7.56545,7.64842,0.0898155,1.36874,0.19173,0.26243,FRENET,0.347734,0.54626,0.347734,0.119288,0.54626,0.349174,0
1.16268,-7.56545,7.64842,0.0898155,1.36874,0.19173,0.26243,FRENET,0.347734,0.54626,0.347734,0.119288,0.54626,0.349174,0
1.16675,-7.56545,7.64842,0.0898155,1.36874,0.19173,0.26243,FRENET,0.347734,0.54626,0.347734,0.119288,0.54626,0.349174,0
1.17071,-7.55184,7.64993,0.091681,1.37003,0.19902,0.272663,FRENET,0.347734,0.54626,0.347734,0.119288,0.54626,0.349174,0
1.17475,-7.55184,7.64993,0.091681,1.37003,0.19902,0.272663,FRENET,0.347587,0.54626,0.347587,0.124107,0.54626,0.354676,0
1.18003,-7.53822,7.65147,0.0937254,1.37125,0.192193,0.263545,FRENET,0.347587,0.54626,0.347587,0.124107,0.54626,0.354676,0
1.18271,-7.53822,7.65147,0.0937254,1.37125,0.192193,0.263545,FRENET,0.347587,0.54626,0.347587,0.124107,0.54626,0.354676,0
1.18673,-7.53822,7.65147,0.0937254,1.37125,0.192193,0.263545,FRENET,0.347587,0.54626,0.347587,0.124107,0.54626,0.354676,0
1.19072,-7.52459,7.65303,0.0955953,1.37241,0.199438,0.273711,FRENET,0.347587,0.54626,0.347587,0.124107,0.54626,0.354676,0
1.19474,-7.52459,7.65303,0.0955953,1.37241,0.199438,0.273711,FRENET,0.347587,0.54626,0.347587,0.124107,0.54626,0.354676,0
1.20004,-7.51095,7.65463,0.0976437,1.37352,0.192588,0.264523,FRENET,0.347587,0.54626,0.347587,0.124107,0.54626,0.354676,0
1.20273,-7.51095,7.65463,0.0976437,1.37352,0.192588,0.264523,FRENET,0.347587,0.54626,0.347587,0.124107,0.54626,0.354676,0
1.20673,-7.51095,7.65463,0.0976437,1.37352,0.192588,0.264523,FRENET,0.347587,0.54626,0.347587,0.124107,0.54626,0.354676,0
1.21072,-7.49731,7.65624,0.0995173,1.37458,0.199796,0.274635,FRENET,0.347587,0.54626,0.347587,0.124107,0.54626,0.354676,0
1.21474,-7.49731,7.65624,0.0995173,1.37458,0.199796,0.274635,FRENET,0.347587,0.54626,0.347587,0.124107,0.54626,0.354676,0
1.22008,-7.48366,7.6579,0.101569,1.37558,0.19293,0.265391,FRENET,0.347587,0.54626,0.347587,0.124107,0.54626,0.354676,0
1.22273,-7.48366,7.6579,0.101569,1.37558,0.19293,0.265391,FRENET,0.347587,0.54626,0.347587,0.124107,0.54626,0.354676,0
1.22675,-7.48366,7.6579,0.101569,1.37558,0.19293,0.265391,FRENET,0.346082,0.54626,0.346082,0.113174,0.54626,0.363028,0
1.23075,-7.47,7.65957,0.103446,1.37654,0.20011,0.27546,FRENET,0.346082,0.54626,0.346082,0.113174,0.54626,0.363028,0
1.23473,-7.47,7.65957,0.103446,1.37654,0.20011,0.27546,FRENET,0.346082,0.54626,0.346082,0.113174,0.54626,0.363028,0
1.23944,-7.45633,7.66128,0.105501,1.37745,0.193233,0.26617,FRENET,0.346082,0.54626,0.346082,0.113174,0.54626,0.363028,0
1.24275,-7.45633,7.66128,0.105501,1.37745,0.193233,0.26617,FRENET,0.346082,0.54626,0.346082,0.113174,0.54626,0.363028,0
1.24675,-7.45633,7.66128,0.105501,1.37745,0.193233,0.26617,FRENET,0.346082,0.54626,0.346082,0.113174,0.54626,0.363028,0
1.25074,-7.44266,7.66301,0.107381,1.37832,0.20039,0.276202,FRENET,0.346082,0.54626,0.346082,0.113174,0.54626,0.363028,0
1.25475,-7.44266,7.66301,0.107381,1.37832,0.20039,0.276202,FRENET,0.346082,0.54626,0.346082,0.113174,0.54626,0.363028,0
1.25942,-7.42899,7.66478,0.109439,1.37915,0.193505,0.266872,FRENET,0.346082,0.54626,0.346082,0.113174,0.54626,0.363028,0
1.26275,-7.42899,7.66478,0.109439,1.37915,0.193505,0.266872,FRENET,0.346082,0.54626,0.346082,0.113174,0.54626,0.363028,0
1.26674,-7.42899,7.66478,0.109439,1.37915,0.193505,0.266872,FRENET,0.346082,0.54626,0.346082,0.113174,0.54626,0.363028,0
1.27073,-7.41531,7.66656,0.111321,1.37994,0.200642,0.276873,FRENET,0.346082,0.54626,0.346082,0.113174,0.54626,0.363028,0
1.27475,-7.41531,7.66656,0.111321,1.37994,0.200642,0.276873,FRENET,0.085998,0.804281,0.085998,0.120123,0.804281,0.36943,0
1.27941,-7.40171,7.66838,0.113394,1.36435,0.194249,0.265023,FRENET,0.085998,0.804281,0.085998,0.120123,0.804281,0.36943,0
1.28274,-7.40171,7.66838,0.113394,1.36435,0.194249,0.265023,FRENET,0.085998,0.804281,0.085998,0.120123,0.804281,0.36943,0
1.28675,-7.40171,7.66838,0.113394,1.36435,0.194249,0.265023,FRENET,0.085998,0.804281,0.085998,0.120123,0.804281,0.36943,0
1.29073,-7.38825,7.67018,0.115277,1.35172,0.201155,0.271906,FRENET,0.085998,0.804281,0.085998,0.120123,0.804281,0.36943,0
1.29474,-7.38825,7.67018,0.115277,1.35172,0.201155,0.271906,FRENET,0.085998,0.804281,0.085998,0.120123,0.804281,0.36943,0
1.29942,-7.37491,7.67202,0.117336,1.3415,0.191898,0.257431,FRENET,0.085998,0.804281,0.085998,0.120123,0.804281,0.36943,0
1.30275,-7.37491,7.67202,0.117336,1.3415,0.191898,0.257431,FRENET,0.085998,0.804281,0.085998,0.120123,0.804281,0.36943,0
1.30674,-7.37491,7.67202,0.117336,1.3415,0.191898,0.257431,FRENET,0.085998,0.804281,0.085998,0.120123,0.804281,0.36943,0
1.31072,-7.36166,7.67385,0.119192,1.33322,0.197947,0.263907,FRENET,0.085998,0.804281,0.085998,0.120123,0.804281,0.36943,0
1.31473,-7.36166,7.67385,0.119192,1.33322,0.197947,0.263907,FRENET,0.085998,0.804281,0.085998,0.120123,0.804281,0.36943,0
1.31937,-7.3485,7.67571,0.121217,1.32651,0.188819,0.250471,FRENET,0.085998,0.804281,0.085998,0.120123,0.804281,0.36943,0
1.32274,-7.3485,7.67571,0.121217,1.32651,0.188819,0.250471,FRENET,0.085998,0.804281,0.085998,0.120123,0.804281,0.36943,0
1.32671,-7.3485,7.67571,0.121217,1.32651,0.188819,0.250471,FRENET,0.0925374,0.804281,0.0925374,0.132532,0.804281,0.382245,0
1.33071,-7.33539,7.67758,0.123046,1.32108,0.195206,0.257884,FRENET,0.0925374,0.804281,0.0925374,0.132532,0.804281,0.382245,0
1.33473,-7.33539,7.67758,0.123046,1.32108,0.195206,0.257884,FRENET,0.0925374,0.804281,0.0925374,0.132532,0.804281,0.382245,0
1.33937,-7.32234,7.67948,0.125045,1.31669,0.186553,0.245632,FRENET,0.0925374,0.804281,0.0925374,0.132532,0.804281,0.382245,0
1.3427,-7.32234,7.67948,0.125045,1.31669,0.186553,0.245632,FRENET,0.0925374,0.804281,0.0925374,0.132532,0.804281,0.382245,0
1.34671,-7.32234,7.67948,0.125045,1.31669,0.186553,0.245632,FRENET,0.0925374,0.804281,0.0925374,0.132532,0.804281,0.382245,0
1.35069,-7.30933,7.68139,0.126854,1.31313,0.193326,0.253862,FRENET,0.0925374,0.804281,0.0925374,0.132532,0.804281,0.382245,0
1.35473,-7.30933,7.68139,0.126854,1.31313,0.193326,0.253862,FRENET,0.0925374,0.804281,0.0925374,0.132532,0.804281,0.382245,0
1.3594,-7.29636,7.68332,0.128836,1.31024,0.185049,0.24246,FRENET,0.0925374,0.804281,0.0925374,0.132532,0.804281,0.382245,0
1.36273,-7.29636,7.68332,0.128836,1.31024,0.185049,0.24246,FRENET,0.0925374,0.804281,0.0925374,0.132532,0.804281,0.382245,0
1.36673,-7.29636,7.68332,0.128836,1.31024,0.185049,0.24246,FRENET,0.0925374,0.804281,0.0925374,0.132532,0.804281,0.382245,0
1.37069,-7.28341,7.68527,0.130631,1.30791,0.192097,0.251246,FRENET,0.0925374,0.804281,0.0925374,0.132532,0.804281,0.382245,0
1.3747,-7.28341,7.68527,0.130631,1.30791,0.192097,0.251246,FRENET,0.0922273,0.804281,0.0922273,0.117299,0.804281,0.382444,0
1.37937,-7.27049,7.68725,0.132602,1.30602,0.184073,0.240403,FRENET,0.0922273,0.804281,0.0922273,0.117299,0.804281,0.382444,0
1.38273,-7.27049,7.68725,0.132602,1.30602,0.184073,0.240403,FRENET,0.0922273,0.804281,0.0922273,0.117299,0.804281,0.382444,0
1.38673,-7.27049,7.68725,0.132602,1.30602,0.184073,0.240403,FRENET,0.0922273,0.804281,0.0922273,0.117299,0.804281,0.382444,0
1.39069,-7.25759,7.68925,0.134389,1.30449,0.191302,0.24955,FRENET,0.0922273,0.804281,0.0922273,0.117299,0.804281,0.382444,0
1.39473,-7.25759,7.68925,0.134389,1.30449,0.191302,0.24955,FRENET,0.0922273,0.804281,0.0922273,0.117299,0.804281,0.382444,0
1.39937,-7.24471,7.69127,0.136352,1.30325,0.183441,0.239068,FRENET,0.0922273,0.804281,0.0922273,0.117299,0.804281,0.382444,0
1.40274,-7.24471,7.69127,0.136352,1.30325,0.183441,0.239068,FRENET,0.0922273,0.804281,0.0922273,0.117299,0.804281,0.382444,0
1.40673,-7.24471,7.69127,0.136352,1.30325,0.183441,0.239068,FRENET,0.0922273,0.804281,0.0922273,0.117299,0.804281,0.382444,0
1.41072,-7.23184,7.69331,0.138133,1.30224,0.190785,0.248449,FRENET,0.0922273,0.804281,0.0922273,0.117299,0.804281,0.382444,0
1.41473,-7.23184,7.69331,0.138133,1.30224,0.190785,0.248449,FRENET,0.0922273,0.804281,0.0922273,0.117299,0.804281,0.382444,0
1.41937,-7.21899,7.69538,0.140092,1.30143,0.18303,0.2382,FRENET,0.0922273,0.804281,0.0922273,0.117299,0.804281,0.382444,0
1.4227,-7.21899,7.69538,0.140092,1.30143,0.18303,0.2382,FRENET,0.0922273,0.804281,0.0922273,0.117299,0.804281,0.382444,0
1.42673,-7.21899,7.69538,0.140092,1.30143,0.18303,0.2382,FRENET,0.109789,0.817008,0.109789,0.131726,0.817008,0.392406,0
1.43072,-7.2066,7.69739,0.141884,1.20964,0.198678,0.240328,FRENET,0.109789,0.817008,0.109789,0.131726,0.817008,0.392406,0
1.43474,-7.2066,7.69739,0.141884,1.20964,0.198678,0.240328,FRENET,0.109789,0.817008,0.109789,0.131726,0.817008,0.392406,0
1.43937,-7.19503,7.6993,0.143894,1.1353,0.177844,0.201907,FRENET,0.109789,0.817008,0.109789,0.131726,0.817008,0.392406,0
1.44273,-7.19503,7.6993,0.143894,1.1353,0.177844,0.201907,FRENET,0.109789,0.817008,0.109789,0.131726,0.817008,0.392406,0
1.4467,-7.19503,7.6993,0.143894,1.1353,0.177844,0.201907,FRENET,0.109789,0.817008,0.109789,0.131726,0.817008,0.392406,0
1.45069,-7.18413,7.7011,0.145561,1.07511,0.179734,0.193234,FRENET,0.109789,0.817008,0.109789,0.131726,0.817008,0.392406,0
1.45473,-7.18413,7.7011,0.145561,1.07511,0.179734,0.193234,FRENET,0.109789,0.817008,0.109789,0.131726,0.817008,0.392406,0
1.45937,-7.17377,7.70286,0.147353,1.02636,0.155957,0.160068,FRENET,0.109789,0.817008,0.109789,0.131726,0.817008,0.392406,0
1.46273,-7.17377,7.70286,0.147353,1.02636,0.155957,0.160068,FRENET,0.109789,0.817008,0.109789,0.131726,0.817008,0.392406,0
1.46675,-7.17377,7.70286,0.147353,1.02636,0.155957,0.160068,FRENET,0.109789,0.817008,0.109789,0.131726,0.817008,0.392406,0
1.47072,-7.16384,7.70454,0.148815,0.986884,0.159786,0.15769,FRENET,0.109789,0.817008,0.109789,0.131726,0.817008,0.392406,0
1.47473,-7.16384,7.70454,0.148815,0.986884,0.159786,0.15769,FRENET,0.0946948,0.817008,0.0946948,0.115009,0.817008,0.372168,0
1.47941,-7.15428,7.7062,0.150419,0.954917,0.139267,0.132988,FRENET,0.0946948,0.817008,0.0946948,0.115009,0.817008,0.372168,0
1.48273,-7.15428,7.7062,0.150419,0.954917,0.139267,0.132988,FRENET,0.0946948,0.817008,0.0946948,0.115009,0.817008,0.372168,0
1.48673,-7.15428,7.7062,0.150419,0.954917,0.139267,0.132988,FRENET,0.0946948,0.817008,0.0946948,0.115009,0.817008,0.372168,0
1.49072,-7.145,7.70781,0.151737,0.92903,0.146671,0.136262,FRENET,0.0946948,0.817008,0.0946948,0.115009,0.817008,0.372168,0
1.49473,-7.145,7.70781,0.151737,0.92903,0.146671,0.136262,FRENET,0.0946948,0.817008,0.0946948,0.115009,0.817008,0.372168,0
1.49937,-7.13595,7.70941,0.153221,0.908067,0.128897,0.117047,FRENET,0.0946948,0.817008,0.0946948,0.115009,0.817008,0.372168,0
1.50273,-7.13595,7.70941,0.153221,0.908067,0.128897,0.117047,FRENET,0.0946948,0.817008,0.0946948,0.115009,0.817008,0.372168,0
1.50673,-7.13595,7.70941,0.153221,0.908067,0.128897,0.117047,FRENET,0.0946948,0.817008,0.0946948,0.115009,0.817008,0.372168,0
1.51072,-7.12709,7.71098,0.154451,0.891091,0.138743,0.123633,FRENET,0.0946948,0.817008,0.0946948,0.115009,0.817008,0.372168,0
1.51472,-7.12709,7.71098,0.154451,0.891091,0.138743,0.123633,FRENET,0.0946948,0.817008,0.0946948,0.115009,0.817008,0.372168,0
1.51942,-7.11839,7.71255,0.155862,0.877344,0.122579,0.107544,FRENET,0.0946948,0.817008,0.0946948,0.115009,0.817008,0.372168,0
1.52273,-7.11839,7.71255,0.155862,0.877344,0.122579,0.107544,FRENET,0.0946948,0.817008,0.0946948,0.115009,0.817008,0.372168,0
1.52673,-7.11839,7.71255,0.155862,0.877344,0.122579,0.107544,FRENET,0.0815722,0.817008,0.0815722,0.109761,0.817008,0.36841,0
1.53072,-7.10981,7.71409,0.157038,0.866211,0.133892,0.115979,FRENET,0.0815722,0.817008,0.0815722,0.109761,0.817008,0.36841,0
1.53472,-7.10981,7.71409,0.157038,0.866211,0.133892,0.115979,FRENET,0.0815722,0.817008,0.0815722,0.109761,0.817008,0.36841,0
1.53937,-7.10133,7.71565,0.158405,0.857196,0.118638,0.101696,FRENET,0.0815722,0.817008,0.0815722,0.109761,0.817008,0.36841,0
1.5427,-7.10133,7.71565,0.158405,0.857196,0.118638,0.101696,FRENET,0.0815722,0.817008,0.0815722,0.109761,0.817008,0.36841,0
1.54673,-7.10133,7.71565,0.158405,0.857196,0.118638,0.101696,FRENET,0.0815722,0.817008,0.0815722,0.109761,0.817008,0.36841,0
1.55072,-7.09294,7.71718,0.159548,0.849896,0.130844,0.111203,FRENET,0.0815722,0.817008,0.0815722,0.109761,0.817008,0.36841,0
1.55473,-7.09294,7.71718,0.159548,0.849896,0.130844,0.111203,FRENET,0.0815722,0.817008,0.0815722,0.109761,0.817008,0.36841,0
1.5594,-7.08461,7.71873,0.160886,0.843984,0.116126,0.0980087,FRENET,0.0815722,0.817008,0.0815722,0.109761,0.817008,0.36841,0
1.56273,-7.08461,7.71873,0.160886,0.843984,0.116126,0.0980087,FRENET,0.0815722,0.817008,0.0815722,0.109761,0.817008,0.36841,0
1.56676,-7.08461,7.71873,0.160886,0.843984,0.116126,0.0980087,FRENET,0.0815722,0.817008,0.0815722,0.109761,0.817008,0.36841,0
1.57072,-7.07634,7.72027,0.162007,0.839197,0.128892,0.108166,FRENET,0.0815722,0.817008,0.0815722,0.109761,0.817008,0.36841,0
1.57473,-7.07634,7.72027,0.162007,0.839197,0.128892,0.108166,FRENET,0,0.956408,0,0.115439,0.956408,0.378566,0
1.57943,-7.06812,7.72182,0.163328,0.833002,0.114274,0.0951906,FRENET,0,0.956408,0,0.115439,0.956408,0.378566,0
1.58276,-7.06812,7.72182,0.163328,0.833002,0.114274,0.0951906,FRENET,0,0.956408,0,0.115439,0.956408,0.378566,0
1.58673,-7.06812,7.72182,0.163328,0.833002,0.114274,0.0951906,FRENET,0,0.956408,0,0.115439,0.956408,0.378566,0
1.59072,-7.05996,7.72335,0.164432,0.827985,0.12741,0.105494,FRENET,0,0.956408,0,0.115439,0.956408,0.378566,0
1.59475,-7.05996,7.72335,0.164432,0.827985,0.12741,0.105494,FRENET,0,0.956408,0,0.115439,0.956408,0.378566,0
1.59938,-7.05185,7.7249,0.165737,0.823922,0.112735,0.0928846,FRENET,0,0.956408,0,0.115439,0.956408,0.378566,0
1.60275,-7.05185,7.7249,0.165737,0.823922,0.112735,0.0928846,FRENET,0,0.956408,0,0.115439,0.956408,0.378566,0
1.60673,-7.05185,7.7249,0.165737,0.823922,0.112735,0.0928846,FRENET,0,0.956408,0,0.115439,0.956408,0.378566,0
1.61074,-7.04377,7.72644,0.166827,0.820633,0.126139,0.103513,FRENET,0,0.956408,0,0.115439,0.956408,0.378566,0
1.61473,-7.04377,7.72644,0.166827,0.820633,0.126139,0.103513,FRENET,0,0.956408,0,0.115439,0.956408,0.378566,0
1.61941,-7.03573,7.728,0.168119,0.817968,0.111643,0.0913207,FRENET,0,0.956408,0,0.115439,0.956408,0.378566,0
1.62273,-7.03573,7.728,0.168119,0.817968,0.111643,0.0913207,FRENET,0,0.956408,0,0.115439,0.956408,0.378566,0
1.62674,-7.03573,7.728,0.168119,0.817968,0.111643,0.0913207,FRENET,0,0.956408,0,0.113886,0.956408,0.376361,0
1.63072,-7.02771,7.72955,0.1692,0.815811,0.125286,0.10221,FRENET,0,0.956408,0,0.113886,0.956408,0.376361,0
1.63473,-7.02771,7.72955,0.1692,0.815811,0.125286,0.10221,FRENET,0,0.956408,0,0.113886,0.956408,0.376361,0
1.63941,-7.01971,7.73112,0.170485,0.814064,0.110924,0.0902995,FRENET,0,0.956408,0,0.113886,0.956408,0.376361,0
1.64273,-7.01971,7.73112,0.170485,0.814064,0.110924,0.0902995,FRENET,0,0.956408,0,0.113886,0.956408,0.376361,0
1.64678,-7.01971,7.73112,0.170485,0.814064,0.110924,0.0902995,FRENET,0,0.956408,0,0.113886,0.956408,0.376361,0
1.65072,-7.01173,7.73268,0.171559,0.812649,0.124728,0.10136,FRENET,0,0.956408,0,0.113886,0.956408,0.376361,0
1.65473,-7.01173,7.73268,0.171559,0.812649,0.124728,0.10136,FRENET,0,0.956408,0,0.113886,0.956408,0.376361,0
1.6594,-7.00376,7.73427,0.172839,0.811503,0.110454,0.0896337,FRENET,0,0.956408,0,0.113886,0.956408,0.376361,0
1.66273,-7.00376,7.73427,0.172839,0.811503,0.110454,0.0896337,FRENET,0,0.956408,0,0.113886,0.956408,0.376361,0
1.66673,-7.00376,7.73427,0.172839,0.811503,0.110454,0.0896337,FRENET,0,0.956408,0,0.113886,0.956408,0.376361,0
1.67072,-6.99581,7.73584,0.173909,0.810576,0.124363,0.100806,FRENET,0,0.956408,0,0.113886,0.956408,0.376361,0
1.67473,-6.99581,7.73584,0.173909,0.810576,0.124363,0.100806,FRENET,0,0.956408,0,0.109448,0.956408,0.376367,0
1.6794,-6.98786,7.73744,0.175185,0.809824,0.110146,0.0891989,FRENET,0,0.956408,0,0.109448,0.956408,0.376367,0
1.68273,-6.98786,7.73744,0.175185,0.809824,0.110146,0.0891989,FRENET,0,0.956408,0,0.109448,0.956408,0.376367,0
1.68673,-6.98786,7.73744,0.175185,0.809824,0.110146,0.0891989,FRENET,0,0.956408,0,0.109448,0.956408,0.376367,0
1.69072,-6.97993,7.73903,0.176253,0.809216,0.124125,0.100444,FRENET,0,0.956408,0,0.109448,0.956408,0.376367,0
1.69474,-6.97993,7.73903,0.176253,0.809216,0.124125,0.100444,FRENET,0,0.956408,0,0.109448,0.956408,0.376367,0
1.69942,-6.972,7.74065,0.177527,0.808723,0.109944,0.0889146,FRENET,0,0.956408,0,0.109448,0.956408,0.376367,0
1.70273,-6.972,7.74065,0.177527,0.808723,0.109944,0.0889146,FRENET,0,0.956408,0,0.109448,0.956408,0.376367,0
1.70673,-6.972,7.74065,0.177527,0.808723,0.109944,0.0889146,FRENET,0,0.956408,0,0.109448,0.956408,0.376367,0
1.71072,-6.96408,7.74225,0.178593,0.808324,0.123968,0.100207,FRENET,0,0.956408,0,0.109448,0.956408,0.376367,0
1.71473,-6.96408,7.74225,0.178593,0.808324,0.123968,0.100207,FRENET,0,0.956408,0,0.109448,0.956408,0.376367,0
1.71941,-6.95616,7.74388,0.179865,0.808001,0.109812,0.0887284,FRENET,0,0.956408,0,0.109448,0.956408,0.376367,0
1.72273,-6.95616,7.74388,0.179865,0.808001,0.109812,0.0887284,FRENET,0,0.956408,0,0.109448,0.956408,0.376367,0
1.72673,-6.95616,7.74388,0.179865,0.808001,0.109812,0.0887284,FRENET,0,0.956408,0,0.117064,0.956408,0.384191,0
1.73073,-6.94825,7.74551,0.18093,0.80774,0.123866,0.100051,FRENET,0,0.956408,0,0.117064,0.956408,0.384191,0
1.73473,-6.94825,7.74551,0.18093,0.80774,0.123866,0.100051,FRENET,0,0.956408,0,0.117064,0.956408,0.384191,0
1.73939,-6.94034,7.74716,0.182201,0.807528,0.109726,0.0886065,FRENET,0,0.956408,0,0.117064,0.956408,0.384191,0
1.74268,-6.94034,7.74716,0.182201,0.807528,0.109726,0.0886065,FRENET,0,0.956408,0,0.117064,0.956408,0.384191,0
1.74674,-6.94034,7.74716,0.182201,0.807528,0.109726,0.0886065,FRENET,0,0.956408,0,0.117064,0.956408,0.384191,0
1.75072,-6.93243,7.7488,0.183266,0.807356,0.123799,0.0999497,FRENET,0,0.956408,0,0.117064,0.956408,0.384191,0
1.75473,-6.93243,7.7488,0.183266,0.807356,0.123799,0.0999497,FRENET,0,0.956408,0,0.117064,0.956408,0.384191,0
1.75941,-6.92454,7.75047,0.184536,0.807217,0.109669,0.0885266,FRENET,0,0.956408,0,0.117064,0.956408,0.384191,0
1.76273,-6.92454,7.75047,0.184536,0.807217,0.109669,0.0885266,FRENET,0,0.956408,0,0.117064,0.956408,0.384191,0
1.76673,-6.92454,7.75047,0.184536,0.807217,0.109669,0.0885266,FRENET,0,0.956408,0,0.117064,0.956408,0.384191,0
1.77072,-6.91664,7.75213,0.1856,0.807105,0.123755,0.099883,FRENET,0,0.956408,0,0.117064,0.956408,0.384191,0
1.77473,-6.91664,7.75213,0.1856,0.807105,0.123755,0.099883,FGM,0.123071,0.393285,0,0.123071,0.968903,0.393285,0
1.77941,-6.90828,7.75391,0.186847,0.901604,0.118697,0.107017,FGM,0.123071,0.393285,0,0.123071,0.968903,0.393285,0
1.78273,-6.90828,7.75391,0.186847,0.901604,0.118697,0.107017,FGM,0.123071,0.393285,0,0.123071,0.968903,0.393285,0
1.78674,-6.90828,7.75391,0.186847,0.901604,0.118697,0.107017,FGM,0.123071,0.393285,0,0.123071,0.968903,0.393285,0
1.79072,-6.89902,7.75588,0.188043,0.991609,0.13274,0.131626,FGM,0.123071,0.393285,0,0.123071,0.968903,0.393285,0
1.79473,-6.89902,7.75588,0.188043,0.991609,0.13274,0.131626,FGM,0.123071,0.393285,0,0.123071,0.968903,0.393285,0
1.79941,-6.88891,7.75805,0.189448,1.07733,0.136697,0.147269,FGM,0.123071,0.393285,0,0.123071,0.968903,0.393285,0
1.80273,-6.88891,7.75805,0.189448,1.07733,0.136697,0.147269,FGM,0.123071,0.393285,0,0.123071,0.968903,0.393285,0
1.80673,-6.88891,7.75805,0.189448,1.07733,0.136697,0.147269,FGM,0.123071,0.393285,0,0.123071,0.968903,0.393285,0
1.81071,-6.87797,7.76038,0.19066,1.15898,0.0999464,0.115836,FGM,0.123071,0.393285,0,0.123071,0.968903,0.393285,0
1.81473,-6.87797,7.76038,0.19066,1.15898,0.0999464,0.115836,FGM,0.123071,0.393285,0,0.123071,0.968903,0.393285,0
1.81941,-6.86624,7.76282,0.191363,1.23675,0.0366893,0.0453756,FGM,0.123071,0.393285,0,0.123071,0.968903,0.393285,0
1.82276,-6.86624,7.76282,0.191363,1.23675,0.0366893,0.0453756,FGM,0.123071,0.393285,0,0.123071,0.968903,0.393285,0
1.82674,-6.86624,7.76282,0.191363,1.23675,0.0366893,0.0453756,FGM,0.155069,0.43311,0,0.155069,0.968903,0.43311,0
1.83073,-6.85377,7.76531,0.191316,1.3077,-0.0488036,-0.0638205,FGM,0.155069,0.43311,0,0.155069,0.968903,0.43311,0
1.83474,-6.85377,7.76531,0.191316,1.3077,-0.0488036,-0.0638205,FGM,0.155069,0.43311,0,0.155069,0.968903,0.43311,0
1.83941,-6.84059,7.76782,0.190525,1.37528,-0.0927054,-0.127496,FGM,0.155069,0.43311,0,0.155069,0.968903,0.43311,0
1.84274,-6.84059,7.76782,0.190525,1.37528,-0.0927054,-0.127496,FGM,0.155069,0.43311,0,0.155069,0.968903,0.43311,0
1.84674,-6.84059,7.76782,0.190525,1.37528,-0.0927054,-0.127496,FGM,0.155069,0.43311,0,0.155069,0.968903,0.43311,0
1.85073,-6.82675,7.77038,0.189463,1.43964,-0.130021,-0.187184,FGM,0.155069,0.43311,0,0.155069,0.968903,0.43311,0
1.85474,-6.82675,7.77038,0.189463,1.43964,-0.130021,-0.187184,FGM,0.155069,0.43311,0,0.155069,0.968903,0.43311,0
1.85941,-6.81228,7.77298,0.187993,1.50095,-0.149777,-0.224807,FGM,0.155069,0.43311,0,0.155069,0.968903,0.43311,0
1.86274,-6.81228,7.77298,0.187993,1.50095,-0.149777,-0.224807,FGM,0.155069,0.43311,0,0.155069,0.968903,0.43311,0
1.86674,-6.81228,7.77298,0.187993,1.50095,-0.149777,-0.224807,FGM,0.155069,0.43311,0,0.155069,0.968903,0.43311,0
1.87075,-6.79721,7.77564,0.186441,1.55934,-0.17268,-0.269266,FGM,0.155069,0.43311,0,0.155069,0.968903,0.43311,0
1.87475,-6.79721,7.77564,0.186441,1.55934,-0.17268,-0.269266,FGM,0.177419,0.469634,0,0.177419,0.968903,0.469634,0
1.87941,-6.78159,7.77834,0.184585,1.61093,-0.18419,-0.296717,FGM,0.177419,0.469634,0,0.177419,0.968903,0.469634,0
1.88274,-6.78159,7.77834,0.184585,1.61093,-0.18419,-0.296717,FGM,0.177419,0.469634,0,0.177419,0.968903,0.469634,0
1.88674,-6.78159,7.77834,0.184585,1.61093,-0.18419,-0.296717,FGM,0.177419,0.469634,0,0.177419,0.968903,0.469634,0
1.89072,-6.76547,7.78108,0.182724,1.66007,-0.200954,-0.333598,FGM,0.177419,0.469634,0,0.177419,0.968903,0.469634,0
1.89474,-6.76547,7.78108,0.182724,1.66007,-0.200954,-0.333598,FGM,0.177419,0.469634,0,0.177419,0.968903,0.469634,0
1.89938,-6.74886,7.78386,0.180613,1.70687,-0.207174,-0.353619,FGM,0.177419,0.469634,0,0.177419,0.968903,0.469634,0
1.90273,-6.74886,7.78386,0.180613,1.70687,-0.207174,-0.353619,FGM,0.177419,0.469634,0,0.177419,0.968903,0.469634,0
1.90674,-6.74886,7.78386,0.180613,1.70687,-0.207174,-0.353619,FGM,0.177419,0.469634,0,0.177419,0.968903,0.469634,0
1.9107,-6.73181,7.7867,0.178776,1.75145,-0.151889,-0.266026,FGM,0.177419,0.469634,0,0.177419,0.968903,0.469634,0
1.91476,-6.73181,7.7867,0.178776,1.75145,-0.151889,-0.266026,FGM,0.177419,0.469634,0,0.177419,0.968903,0.469634,0
1.9194,-6.71432,7.78963,0.177462,1.7939,-0.128012,-0.229641,FGM,0.177419,0.469634,0,0.177419,0.968903,0.469634,0
1.92276,-6.71432,7.78963,0.177462,1.7939,-0.128012,-0.229641,FGM,0.177419,0.469634,0,0.177419,0.968903,0.469634,0
1.92676,-6.71432,7.78963,0.177462,1.7939,-0.128012,-0.229641,FGM,0.174556,0.477451,0,0.174556,0.981801,0.477451,0
1.93076,-6.69646,7.79263,0.176217,1.82982,-0.108026,-0.197668,FGM,0.174556,0.477451,0,0.174556,0.981801,0.477451,0
1.93476,-6.69646,7.79263,0.176217,1.82982,-0.108026,-0.197668,FGM,0.174556,0.477451,0,0.174556,0.981801,0.477451,0
1.93944,-6.67824,7.7957,0.175239,1.86403,-0.103161,-0.192295,FGM,0.174556,0.477451,0,0.174556,0.981801,0.477451,0
1.94276,-6.67824,7.7957,0.175239,1.86403,-0.103161,-0.192295,FGM,0.174556,0.477451,0,0.174556,0.981801,0.477451,0
1.94676,-6.67824,7.7957,0.175239,1.86403,-0.103161,-0.192295,FGM,0.174556,0.477451,0,0.174556,0.981801,0.477451,0
1.95074,-6.6597,7.79882,0.174182,1.89662,-0.0940075,-0.178296,FGM,0.174556,0.477451,0,0.174556,0.981801,0.477451,0
1.95476,-6.6597,7.79882,0.174182,1.89662,-0.0940075,-0.178296,FGM,0.174556,0.477451,0,0.174556,0.981801,0.477451,0
1.95941,-6.64084,7.802,0.173311,1.92765,-0.0952717,-0.183651,FGM,0.174556,0.477451,0,0.174556,0.981801,0.477451,0
1.96276,-6.64084,7.802,0.173311,1.92765,-0.0952717,-0.183651,FGM,0.174556,0.477451,0,0.174556,0.981801,0.477451,0
1.96675,-6.64084,7.802,0.173311,1.92765,-0.0952717,-0.183651,FGM,0.174556,0.477451,0,0.174556,0.981801,0.477451,0
1.97075,-6.62169,7.8052,0.172311,1.95721,-0.0898425,-0.175841,FGM,0.174556,0.477451,0,0.174556,0.981801,0.477451,0
1.97475,-6.62169,7.8052,0.172311,1.95721,-0.0898425,-0.175841,FGM,0.0957135,0.345461,0,0.0957135,0.981801,0.345461,0
1.97945,-6.60227,7.80846,0.171472,1.98081,-0.0935602,-0.185324,FGM,0.0957135,0.345461,0,0.0957135,0.981801,0.345461,0
1.98275,-6.60227,7.80846,0.171472,1.98081,-0.0935602,-0.185324,FGM,0.0957135,0.345461,0,0.0957135,0.981801,0.345461,0
1.98675,-6.60227,7.80846,0.171472,1.98081,-0.0935602,-0.185324,FGM,0.0957135,0.345461,0,0.0957135,0.981801,0.345461,0
1.99074,-6.58262,7.81173,0.17048,2.00328,-0.0894512,-0.179196,FGM,0.0957135,0.345461,0,0.0957135,0.981801,0.345461,0
1.99475,-6.58262,7.81173,0.17048,2.00328,-0.0894512,-0.179196,FGM,0.0957135,0.345461,0,0.0957135,0.981801,0.345461,0
1.9994,-6.56275,7.81503,0.169641,2.02468,-0.0938018,-0.189919,FGM,0.0957135,0.345461,0,0.0957135,0.981801,0.345461,0
2.00276,-6.56275,7.81503,0.169641,2.02468,-0.0938018,-0.189919,FGM,0.0957135,0.345461,0,0.0957135,0.981801,0.345461,0
2.00675,-6.56275,7.81503,0.169641,2.02468,-0.0938018,-0.189919,FGM,0.0957135,0.345461,0,0.0957135,0.981801,0.345461,0
2.01074,-6.54267,7.81832,0.168375,2.04507,-0.16879,-0.345186,FGM,0.0957135,0.345461,0,0.0957135,0.981801,0.345461,0
2.01475,-6.54267,7.81832,0.168375,2.04507,-0.16879,-0.345186,FGM,0.0957135,0.345461,0,0.0957135,0.981801,0.345461,0
2.01943,-6.52238,7.82155,0.166394,2.06449,-0.20806,-0.429537,FGM,0.0957135,0.345461,0,0.0957135,0.981801,0.345461,0
2.02275,-6.52238,7.82155,0.166394,2.06449,-0.20806,-0.429537,FGM,0.0957135,0.345461,0,0.0957135,0.981801,0.345461,0
2.02676,-6.52238,7.82155,0.166394,2.06449,-0.20806,-0.429537,FGM,0.11703,0.300248,0,0.11703,0.981801,0.300248,0
2.03075,-6.50245,7.82466,0.164063,1.96939,-0.275419,-0.542406,FGM,0.11703,0.300248,0,0.11703,0.981801,0.300248,0
2.03475,-6.50245,7.82466,0.164063,1.96939,-0.275419,-0.542406,FGM,0.11703,0.300248,0,0.11703,0.981801,0.300248,0
2.03944,-6.48345,7.82753,0.161065,1.87429,-0.295246,-0.553376,FGM,0.11703,0.300248,0,0.11703,0.981801,0.300248,0
2.04277,-6.48345,7.82753,0.161065,1.87429,-0.295246,-0.553376,FGM,0.11703,0.300248,0,0.11703,0.981801,0.300248,0
2.04676,-6.48345,7.82753,0.161065,1.87429,-0.295246,-0.553376,FGM,0.11703,0.300248,0,0.11703,0.981801,0.300248,0
2.05075,-6.46538,7.83026,0.158535,1.77919,-0.195986,-0.348696,FGM,0.11703,0.300248,0,0.11703,0.981801,0.300248,0
2.05475,-6.46538,7.83026,0.158535,1.77919,-0.195986,-0.348696,FGM,0.11703,0.300248,0,0.11703,0.981801,0.300248,0
2.05943,-6.44827,7.83291,0.157323,1.68409,-0.0400866,-0.0675093,FGM,0.11703,0.300248,0,0.11703,0.981801,0.300248,0
2.06275,-6.44827,7.83291,0.157323,1.68409,-0.0400866,-0.0675093,FGM,0.11703,0.300248,0,0.11703,0.981801,0.300248,0
2.06675,-6.44827,7.83291,0.157323,1.68409,-0.0400866,-0.0675093,FGM,0.11703,0.300248,0,0.11703,0.981801,0.300248,0
2.07074,-6.43212,7.83553,0.157794,1.58899,0.135824,0.215823,FGM,0.11703,0.300248,0,0.11703,0.981801,0.300248,0
2.07475,-6.43212,7.83553,0.157794,1.58899,0.135824,0.215823,FGM,0.0964056,0.342386,0,0.0964056,0.998953,0.342386,0
2.07945,-6.41629,7.83823,0.159393,1.62213,0.165761,0.268886,FGM,0.0964056,0.342386,0,0.0964056,0.998953,0.342386,0
2.08275,-6.41629,7.83823,0.159393,1.62213,0.165761,0.268886,FGM,0.0964056,0.342386,0,0.0964056,0.998953,0.342386,0
2.08676,-6.41629,7.83823,0.159393,1.62213,0.165761,0.268886,FGM,0.0964056,0.342386,0,0.0964056,0.998953,0.342386,0
2.09074,-6.40015,7.841,0.160872,1.65369,0.120167,0.198719,FGM,0.0964056,0.342386,0,0.0964056,0.998953,0.342386,0
2.09476,-6.40015,7.841,0.160872,1.65369,0.120167,0.198719,FGM,0.0964056,0.342386,0,0.0964056,0.998953,0.342386,0
2.09944,-6.3837,7.8438,0.161659,1.68375,0.0315611,0.053141,FGM,0.0964056,0.342386,0,0.0964056,0.998953,0.342386,0
2.10275,-6.3837,7.8438,0.161659,1.68375,0.0315611,0.053141,FGM,0.0964056,0.342386,0,0.0964056,0.998953,0.342386,0
2.10675,-6.3837,7.8438,0.161659,1.68375,0.0315611,0.053141,FGM,0.0964056,0.342386,0,0.0964056,0.998953,0.342386,0
2.11074,-6.36694,7.84656,0.161417,1.71238,-0.083388,-0.142792,FGM,0.0964056,0.342386,0,0.0964056,0.998953,0.342386,0
2.11475,-6.36694,7.84656,0.161417,1.71238,-0.083388,-0.142792,FGM,0.0964056,0.342386,0,0.0964056,0.998953,0.342386,0
2.1194,-6.34989,7.84924,0.160186,1.73965,-0.141475,-0.246117,FGM,0.0964056,0.342386,0,0.0964056,0.998953,0.342386,0
2.12275,-6.34989,7.84924,0.160186,1.73965,-0.141475,-0.246117,FGM,0.0964056,0.342386,0,0.0964056,0.998953,0.342386,0
2.12675,-6.34989,7.84924,0.160186,1.73965,-0.141475,-0.246117,FGM,0,0.325513,0,0,0.998953,0.325513,0
2.13075,-6.33316,7.85179,0.158413,1.64455,-0.226615,-0.37268,FGM,0,0.325513,0,0,0.998953,0.325513,0
2.13476,-6.33316,7.85179,0.158413,1.64455,-0.226615,-0.37268,FGM,0,0.325513,0,0,0.998953,0.325513,0
2.13941,-6.31736,7.85411,0.155893,1.54945,-0.246092,-0.381307,FGM,0,0.325513,0,0,0.998953,0.325513,0
2.14276,-6.31736,7.85411,0.155893,1.54945,-0.246092,-0.381307,FGM,0,0.325513,0,0,0.998953,0.325513,0
2.14675,-6.31736,7.85411,0.155893,1.54945,-0.246092,-0.381307,FGM,0,0.325513,0,0,0.998953,0.325513,0
2.15073,-6.30244,7.85629,0.15385,1.46649,-0.149688,-0.219515,FGM,0,0.325513,0,0,0.998953,0.325513,0
2.15475,-6.30244,7.85629,0.15385,1.46649,-0.149688,-0.219515,FGM,0,0.325513,0,0,0.998953,0.325513,0
2.15944,-6.28827,7.85841,0.153011,1.3993,-0.0139683,-0.0195458,FGM,0,0.325513,0,0,0.998953,0.325513,0
2.16275,-6.28827,7.85841,0.153011,1.3993,-0.0139683,-0.0195458,FGM,0,0.325513,0,0,0.998953,0.325513,0
2.16675,-6.28827,7.85841,0.153011,1.3993,-0.0139683,-0.0195458,FGM,0,0.325513,0,0,0.998953,0.325513,0
2.17074,-6.27472,7.86055,0.153569,1.34489,0.126004,0.169461,FGM,0,0.325513,0,0,0.998953,0.325513,0
2.17475,-6.27472,7.86055,0.153569,1.34489,0.126004,0.169461,FGM,0,0.333842,0.0937991,0,0.895899,0.333842,0
2.17945,-6.26169,7.86272,0.155184,1.29621,0.165618,0.214676,FGM,0,0.333842,0.0937991,0,0.895899,0.333842,0
2.18275,-6.26169,7.86272,0.155184,1.29621,0.165618,0.214676,FGM,0,0.333842,0.0937991,0,0.895899,0.333842,0
2.18675,-6.26169,7.86272,0.155184,1.29621,0.165618,0.214676,FGM,0,0.333842,0.0937991,0,0.895899,0.333842,0
2.19074,-6.2491,7.86485,0.156563,1.25679,0.0980505,0.123229,FGM,0,0.333842,0.0937991,0,0.895899,0.333842,0
2.19475,-6.2491,7.86485,0.156563,1.25679,0.0980505,0.123229,FGM,0,0.333842,0.0937991,0,0.895899,0.333842,0
2.19942,-6.23686,7.86686,0.157044,1.22487,-0.00577273,-0.00707086,FGM,0,0.333842,0.0937991,0,0.895899,0.333842,0
2.20275,-6.23686,7.86686,0.157044,1.22487,-0.00577273,-0.00707086,FGM,0,0.333842,0.0937991,0,0.895899,0.333842,0
2.20675,-6.23686,7.86686,0.157044,1.22487,-0.00577273,-0.00707086,FGM,0,0.333842,0.0937991,0,0.895899,0.333842,0
2.21074,-6.22488,7.86872,0.15643,1.19902,-0.118206,-0.141731,FGM,0,0.333842,0.0937991,0,0.895899,0.333842,0
2.21476,-6.22488,7.86872,0.15643,1.19902,-0.118206,-0.141731,FGM,0,0.333842,0.0937991,0,0.895899,0.333842,0
2.21945,-6.21312,7.87042,0.154691,1.17809,-0.229937,-0.270886,FGM,0,0.333842,0.0937991,0,0.895899,0.333842,0
2.22275,-6.21312,7.87042,0.154691,1.17809,-0.229937,-0.270886,FGM,0,0.333842,0.0937991,0,0.895899,0.333842,0
2.22675,-6.21312,7.87042,0.154691,1.17809,-0.229937,-0.270886,FGM,0,0.342439,0.0997187,0,0.895899,0.342439,0
2.23073,-6.20154,7.87195,0.152116,1.15783,-0.25702,-0.297585,FGM,0,0.342439,0.0997187,0,0.895899,0.342439,0
2.23475,-6.20154,7.87195,0.152116,1.15783,-0.25702,-0.297585,FGM,0,0.342439,0.0997187,0,0.895899,0.342439,0
2.23945,-6.19014,7.8734,0.149806,1.14143,-0.194792,-0.222341,FGM,0,0.342439,0.0997187,0,0.895899,0.342439,0
2.24275,-6.19014,7.8734,0.149806,1.14143,-0.194792,-0.222341,FGM,0,0.342439,0.0997187,0,0.895899,0.342439,0
2.24675,-6.19014,7.8734,0.149806,1.14143,-0.194792,-0.222341,FGM,0,0.342439,0.0997187,0,0.895899,0.342439,0
2.25074,-6.17889,7.87487,0.148306,1.12814,-0.10169,-0.114721,FGM,0,0.342439,0.0997187,0,0.895899,0.342439,0
2.25476,-6.17889,7.87487,0.148306,1.12814,-0.10169,-0.114721,FGM,0,0.342439,0.0997187,0,0.895899,0.342439,0
2.25945,-6.16776,7.8764,0.147796,1.11738,0.00079044,0.000883223,FGM,0,0.342439,0.0997187,0,0.895899,0.342439,0
2.26276,-6.16776,7.8764,0.147796,1.11738,0.00079044,0.000883223,FGM,0,0.342439,0.0997187,0,0.895899,0.342439,0
2.26676,-6.16776,7.8764,0.147796,1.11738,0.00079044,0.000883223,FGM,0,0.342439,0.0997187,0,0.895899,0.342439,0
2.27075,-6.15675,7.87803,0.148325,1.10867,0.105282,0.116723,FGM,0,0.342439,0.0997187,0,0.895899,0.342439,0
2.27476,-6.15675,7.87803,0.148325,1.10867,0.105282,0.116723,FGM,0.0125319,0.722554,0.0825086,0.0125319,0.895899,0.722554,0
2.27946,-6.14586,7.87979,0.149907,1.09891,0.210895,0.231755,FGM,0.0125319,0.722554,0.0825086,0.0125319,0.895899,0.722554,0
2.28276,-6.14586,7.87979,0.149907,1.09891,0.210895,0.231755,FGM,0.0125319,0.722554,0.0825086,0.0125319,0.895899,0.722554,0
2.28676,-6.14586,7.87979,0.149907,1.09891,0.210895,0.231755,FGM,0.0125319,0.722554,0.0825086,0.0125319,0.895899,0.722554,0
2.29075,-6.13507,7.8817,0.152533,1.09101,0.314372,0.342981,FGM,0.0125319,0.722554,0.0825086,0.0125319,0.895899,0.722554,0
2.29476,-6.13507,7.8817,0.152533,1.09101,0.314372,0.342981,FGM,0.0125319,0.722554,0.0825086,0.0125319,0.895899,0.722554,0
2.29946,-6.12439,7.88375,0.155927,1.0846,0.338316,0.366939,FGM,0.0125319,0.722554,0.0825086,0.0125319,0.895899,0.722554,0
2.30279,-6.12439,7.88375,0.155927,1.0846,0.338316,0.366939,FGM,0.0125319,0.722554,0.0825086,0.0125319,0.895899,0.722554,0
2.30679,-6.12439,7.88375,0.155927,1.0846,0.338316,0.366939,FGM,0.0125319,0.722554,0.0825086,0.0125319,0.895899,0.722554,0
2.31076,-6.11378,7.88585,0.159077,1.07942,0.282048,0.304448,FGM,0.0125319,0.722554,0.0825086,0.0125319,0.895899,0.722554,0
2.3148,-6.11378,7.88585,0.159077,1.07942,0.282048,0.304448,FGM,0.0125319,0.722554,0.0825086,0.0125319,0.895899,0.722554,0
2.31948,-6.10321,7.88793,0.161488,1.07522,0.196697,0.211493,FGM,0.0125319,0.722554,0.0825086,0.0125319,0.895899,0.722554,0
2.32279,-6.10321,7.88793,0.161488,1.07522,0.196697,0.211493,FGM,0.0125319,0.722554,0.0825086,0.0125319,0.895899,0.722554,0
2.3268,-6.10321,7.88793,0.161488,1.07522,0.196697,0.211493,FGM,0.0147295,0.730175,0.10028,0.0147295,0.915398,0.730175,0
2.33078,-6.09265,7.88994,0.162986,1.07405,0.101696,0.109227,FGM,0.0147295,0.730175,0.10028,0.0147295,0.915398,0.730175,0
2.3348,-6.09265,7.88994,0.162986,1.07405,0.101696,0.109227,FGM,0.0147295,0.730175,0.10028,0.0147295,0.915398,0.730175,0
2.33951,-6.08209,7.89185,0.16351,1.0731,0.00252296,0.00270739,FGM,0.0147295,0.730175,0.10028,0.0147295,0.915398,0.730175,0
2.34278,-6.08209,7.89185,0.16351,1.0731,0.00252296,0.00270739,FGM,0.0147295,0.730175,0.10028,0.0147295,0.915398,0.730175,0
2.34679,-6.08209,7.89185,0.16351,1.0731,0.00252296,0.00270739,FGM,0.0147295,0.730175,0.10028,0.0147295,0.915398,0.730175,0
2.35078,-6.07151,7.89363,0.163031,1.07233,-0.0984094,-0.105527,FGM,0.0147295,0.730175,0.10028,0.0147295,0.915398,0.730175,0
2.35477,-6.07151,7.89363,0.163031,1.07233,-0.0984094,-0.105527,FGM,0.0147295,0.730175,0.10028,0.0147295,0.915398,0.730175,0
2.35945,-6.06091,7.89526,0.161539,1.07171,-0.200128,-0.214479,FGM,0.0147295,0.730175,0.10028,0.0147295,0.915398,0.730175,0
2.3628,-6.06091,7.89526,0.161539,1.07171,-0.200128,-0.214479,FGM,0.0147295,0.730175,0.10028,0.0147295,0.915398,0.730175,0
2.3668,-6.06091,7.89526,0.161539,1.07171,-0.200128,-0.214479,FGM,0.0147295,0.730175,0.10028,0.0147295,0.915398,0.730175,0
2.37079,-6.0503,7.89672,0.159028,1.0712,-0.30222,-0.323739,FGM,0.0147295,0.730175,0.10028,0.0147295,0.915398,0.730175,0
2.37479,-6.0503,7.89672,0.159028,1.0712,-0.30222,-0.323739,FGM,0.0165823,0.735261,0.0972576,0.0165823,0.915398,0.735261,0
2.37952,-6.03966,7.898,0.155497,1.07143,-0.404158,-0.433027,FGM,0.0165823,0.735261,0.0972576,0.0165823,0.915398,0.735261,0
2.38276,-6.03966,7.898,0.155497,1.07143,-0.404158,-0.433027,FGM,0.0165823,0.735261,0.0972576,0.0165823,0.915398,0.735261,0
2.38676,-6.03966,7.898,0.155497,1.07143,-0.404158,-0.433027,FGM,0.0165823,0.735261,0.0972576,0.0165823,0.915398,0.735261,0
2.39075,-6.029,7.89909,0.150943,1.07164,-0.506629,-0.542925,FGM,0.0165823,0.735261,0.0972576,0.0165823,0.915398,0.735261,0
2.39476,-6.029,7.89909,0.150943,1.07164,-0.506629,-0.542925,FGM,0.0165823,0.735261,0.0972576,0.0165823,0.915398,0.735261,0
2.39949,-6.01832,7.89999,0.145615,1.07184,-0.533392,-0.571714,FGM,0.0165823,0.735261,0.0972576,0.0165823,0.915398,0.735261,0
2.4028,-6.01832,7.89999,0.145615,1.07184,-0.533392,-0.571714,FGM,0.0165823,0.735261,0.0972576,0.0165823,0.915398,0.735261,0
2.40676,-6.01832,7.89999,0.145615,1.07184,-0.533392,-0.571714,FGM,0.0165823,0.735261,0.0972576,0.0165823,0.915398,0.735261,0
2.41075,-6.00763,7.90081,0.140492,1.07204,-0.481835,-0.516546,FGM,0.0165823,0.735261,0.0972576,0.0165823,0.915398,0.735261,0
2.41476,-6.00763,7.90081,0.140492,1.07204,-0.481835,-0.516546,FGM,0.0165823,0.735261,0.0972576,0.0165823,0.915398,0.735261,0
2.41948,-5.99694,7.90162,0.136062,1.07222,-0.40035,-0.429265,FGM,0.0165823,0.735261,0.0972576,0.0165823,0.915398,0.735261,0
2.42277,-5.99694,7.90162,0.136062,1.07222,-0.40035,-0.429265,FGM,0.0165823,0.735261,0.0972576,0.0165823,0.915398,0.735261,0
2.42677,-5.99694,7.90162,0.136062,1.07222,-0.40035,-0.429265,FGM,0.00872402,0.742354,0.0999984,0.00872402,0.915398,0.742354,0
2.43074,-5.98627,7.90247,0.132522,1.06999,-0.306123,-0.327548,FGM,0.00872402,0.742354,0.0999984,0.00872402,0.915398,0.742354,0
2.43476,-5.98627,7.90247,0.132522,1.06999,-0.306123,-0.327548,FGM,0.00872402,0.742354,0.0999984,0.00872402,0.915398,0.742354,0
2.43947,-5.97562,7.9034,0.129953,1.06818,-0.207098,-0.221218,FGM,0.00872402,0.742354,0.0999984,0.00872402,0.915398,0.742354,0
2.44277,-5.97562,7.9034,0.129953,1.06818,-0.207098,-0.221218,FGM,0.00872402,0.742354,0.0999984,0.00872402,0.915398,0.742354,0
2.44677,-5.97562,7.9034,0.129953,1.06818,-0.207098,-0.221218,FGM,0.00872402,0.742354,0.0999984,0.00872402,0.915398,0.742354,0
2.45075,-5.96499,7.90443,0.128385,1.06671,-0.106299,-0.113391,FGM,0.00872402,0.742354,0.0999984,0.00872402,0.915398,0.742354,0
2.45476,-5.96499,7.90443,0.128385,1.06671,-0.106299,-0.113391,FGM,0.00872402,0.742354,0.0999984,0.00872402,0.915398,0.742354,0
2.45948,-5.95439,7.90559,0.127829,1.06553,-0.00485131,-0.00516921,FGM,0.00872402,0.742354,0.0999984,0.00872402,0.915398,0.742354,0
2.46277,-5.95439,7.90559,0.127829,1.06553,-0.00485131,-0.00516921,FGM,0.00872402,0.742354,0.0999984,0.00872402,0.915398,0.742354,0
2.46677,-5.95439,7.90559,0.127829,1.06553,-0.00485131,-0.00516921,FGM,0.00872402,0.742354,0.0999984,0.00872402,0.915398,0.742354,0
2.47075,-5.94382,7.90689,0.128288,1.06457,0.0968209,0.103072,FGM,0.00872402,0.742354,0.0999984,0.00872402,0.915398,0.742354,0
2.47476,-5.94382,7.90689,0.128288,1.06457,0.0968209,0.103072,FGM,0.0101724,0.741484,0.105566,0.0101724,0.927147,0.741484,0
2.47948,-5.93328,7.90835,0.129766,1.06354,0.198687,0.211312,FGM,0.0101724,0.741484,0.105566,0.0101724,0.927147,0.741484,0
2.48276,-5.93328,7.90835,0.129766,1.06354,0.198687,0.211312,FGM,0.0101724,0.741484,0.105566,0.0101724,0.927147,0.741484,0
2.48677,-5.93328,7.90835,0.129766,1.06354,0.198687,0.211312,FGM,0.0101724,0.741484,0.105566,0.0101724,0.927147,0.741484,0
2.49075,-5.92278,7.90998,0.132261,1.06271,0.300416,0.319256,FGM,0.0101724,0.741484,0.105566,0.0101724,0.927147,0.741484,0
2.49477,-5.92278,7.90998,0.132261,1.06271,0.300416,0.319256,FGM,0.0101724,0.741484,0.105566,0.0101724,0.927147,0.741484,0
2.49948,-5.91231,7.91179,0.135774,1.06204,0.402066,0.427011,FGM,0.0101724,0.741484,0.105566,0.0101724,0.927147,0.741484,0
2.50276,-5.91231,7.91179,0.135774,1.06204,0.402066,0.427011,FGM,0.0101724,0.741484,0.105566,0.0101724,0.927147,0.741484,0
2.50676,-5.91231,7.91179,0.135774,1.06204,0.402066,0.427011,FGM,0.0101724,0.741484,0.105566,0.0101724,0.927147,0.741484,0
2.51075,-5.90188,7.91376,0.14005,1.0615,0.427643,0.453942,FGM,0.0101724,0.741484,0.105566,0.0101724,0.927147,0.741484,0
2.51476,-5.90188,7.91376,0.14005,1.0615,0.427643,0.453942,FGM,0.0101724,0.741484,0.105566,0.0101724,0.927147,0.741484,0
2.51949,-5.89146,7.91582,0.144113,1.06106,0.375436,0.398359,FGM,0.0101724,0.741484,0.105566,0.0101724,0.927147,0.741484,0
2.52277,-5.89146,7.91582,0.144113,1.06106,0.375436,0.398359,FGM,0.0101724,0.741484,0.105566,0.0101724,0.927147,0.741484,0
2.52676,-5.89146,7.91582,0.144113,1.06106,0.375436,0.398359,FGM,0.0180691,0.74534,0.107916,0.0180691,0.927147,0.74534,0
2.53075,-5.88105,7.91787,0.147479,1.06202,0.294251,0.312501,FGM,0.0180691,0.74534,0.107916,0.0180691,0.927147,0.74534,0
2.53477,-5.88105,7.91787,0.147479,1.06202,0.294251,0.312501,FGM,0.0180691,0.74534,0.107916,0.0180691,0.927147,0.74534,0
2.53949,-5.87061,7.91987,0.149966,1.06294,0.201743,0.214441,FGM,0.0180691,0.74534,0.107916,0.0180691,0.927147,0.74534,0
2.54276,-5.87061,7.91987,0.149966,1.06294,0.201743,0.214441,FGM,0.0180691,0.74534,0.107916,0.0180691,0.927147,0.74534,0
2.54676,-5.87061,7.91987,0.149966,1.06294,0.201743,0.214441,FGM,0.0180691,0.74534,0.107916,0.0180691,0.927147,0.74534,0
2.55075,-5.86015,7.92178,0.151499,1.06382,0.10436,0.11102,FGM,0.0180691,0.74534,0.107916,0.0180691,0.927147,0.74534,0
2.55476,-5.86015,7.92178,0.151499,1.06382,0.10436,0.11102,FGM,0.0180691,0.74534,0.107916,0.0180691,0.927147,0.74534,0
2.5595,-5.84966,7.92357,0.152046,1.06465,0.00468458,0.00498744,FGM,0.0180691,0.74534,0.107916,0.0180691,0.927147,0.74534,0
2.56276,-5.84966,7.92357,0.152046,1.06465,0.00468458,0.00498744,FGM,0.0180691,0.74534,0.107916,0.0180691,0.927147,0.74534,0
2.56676,-5.84966,7.92357,0.152046,1.06465,0.00468458,0.00498744,FGM,0.0180691,0.74534,0.107916,0.0180691,0.927147,0.74534,0
2.57075,-5.83914,7.92523,0.151589,1.06544,-0.0961838,-0.102478,FGM,0.0180691,0.74534,0.107916,0.0180691,0.927147,0.74534,0
2.57478,-5.83914,7.92523,0.151589,1.06544,-0.0961838,-0.102478,FGM,0.00960703,0.755775,0.0884951,0.00960703,0.927147,0.755775,0
2.57951,-5.82859,7.92674,0.150123,1.0671,-0.197273,-0.210509,FGM,0.00960703,0.755775,0.0884951,0.00960703,0.927147,0.755775,0
2.58276,-5.82859,7.92674,0.150123,1.0671,-0.197273,-0.210509,FGM,0.00960703,0.755775,0.0884951,0.00960703,0.927147,0.755775,0
2.58677,-5.82859,7.92674,0.150123,1.0671,-0.197273,-0.210509,FGM,0.00960703,0.755775,0.0884951,0.00960703,0.927147,0.755775,0
2.59077,-5.81799,7.92808,0.147641,1.06867,-0.299242,-0.319791,FGM,0.00960703,0.755775,0.0884951,0.00960703,0.927147,0.755775,0
2.59477,-5.81799,7.92808,0.147641,1.06867,-0.299242,-0.319791,FGM,0.00960703,0.755775,0.0884951,0.00960703,0.927147,0.755775,0
2.5995,-5.80736,7.92924,0.144136,1.07017,-0.401771,-0.429962,FGM,0.00960703,0.755775,0.0884951,0.00960703,0.927147,0.755775,0
2.60275,-5.80736,7.92924,0.144136,1.07017,-0.401771,-0.429962,FGM,0.00960703,0.755775,0.0884951,0.00960703,0.927147,0.755775,0
2.60674,-5.80736,7.92924,0.144136,1.07017,-0.401771,-0.429962,FGM,0.00960703,0.755775,0.0884951,0.00960703,0.927147,0.755775,0
2.61073,-5.7967,7.93024,0.139855,1.07159,-0.429122,-0.459844,FGM,0.00960703,0.755775,0.0884951,0.00960703,0.927147,0.755775,0
2.61474,-5.7967,7.93024,0.139855,1.07159,-0.429122,-0.459844,FGM,0.00960703,0.755775,0.0884951,0.00960703,0.927147,0.755775,0
2.6195,-5.78602,7.93115,0.13577,1.07295,-0.378465,-0.406075,FGM,0.00960703,0.755775,0.0884951,0.00960703,0.927147,0.755775,0
2.62274,-5.78602,7.93115,0.13577,1.07295,-0.378465,-0.406075,FGM,0.00960703,0.755775,0.0884951,0.00960703,0.927147,0.755775,0
2.62674,-5.78602,7.93115,0.13577,1.07295,-0.378465,-0.406075,FRENET,0.338695,0.814517,0.338695,0.01008,0.814517,0.759023,0
2.63073,-5.77562,7.93205,0.132414,1.01439,-0.284225,-0.288316,FRENET,0.338695,0.814517,0.338695,0.01008,0.814517,0.759023,0
2.63477,-5.77562,7.93205,0.132414,1.01439,-0.284225,-0.288316,FRENET,0.338695,0.814517,0.338695,0.01008,0.814517,0.759023,0
2.63953,-5.76575,7.93297,0.13011,0.966969,-0.17549,-0.169693,FRENET,0.338695,0.814517,0.338695,0.01008,0.814517,0.759023,0
2.64277,-5.76575,7.93297,0.13011,0.966969,-0.17549,-0.169693,FRENET,0.338695,0.814517,0.338695,0.01008,0.814517,0.759023,0
2.64679,-5.76575,7.93297,0.13011,0.966969,-0.17549,-0.169693,FRENET,0.338695,0.814517,0.338695,0.01008,0.814517,0.759023,0
2.65073,-5.75633,7.93394,0.128876,0.928566,-0.0722365,-0.0670764,FRENET,0.338695,0.814517,0.338695,0.01008,0.814517,0.759023,0
2.65474,-5.75633,7.93394,0.128876,0.928566,-0.0722365,-0.0670764,FRENET,0.338695,0.814517,0.338695,0.01008,0.814517,0.759023,0
2.65953,-5.74726,7.93498,0.12863,0.897468,0.0219929,0.0197379,FRENET,0.338695,0.814517,0.338695,0.01008,0.814517,0.759023,0
2.66278,-5.74726,7.93498,0.12863,0.897468,0.0219929,0.0197379,FRENET,0.338695,0.814517,0.338695,0.01008,0.814517,0.759023,0
2.66677,-5.74726,7.93498,0.12863,0.897468,0.0219929,0.0197379,FRENET,0.338695,0.814517,0.338695,0.01008,0.814517,0.759023,0
2.67073,-5.73848,7.93611,0.129285,0.872284,0.10856,0.0946955,FRENET,0.338695,0.814517,0.338695,0.01008,0.814517,0.759023,0
2.67477,-5.73848,7.93611,0.129285,0.872284,0.10856,0.0946955,FRENET,0.344673,0.814517,0.344673,0.00573264,0.814517,0.760723,0
2.67954,-5.72995,7.93733,0.130529,0.851891,0.111563,0.0950391,FRENET,0.344673,0.814517,0.344673,0.00573264,0.814517,0.760723,0
2.68277,-5.72995,7.93733,0.130529,0.851891,0.111563,0.0950391,FRENET,0.344673,0.814517,0.344673,0.00573264,0.814517,0.760723,0
2.68679,-5.72995,7.93733,0.130529,0.851891,0.111563,0.0950391,FRENET,0.344673,0.814517,0.344673,0.00573264,0.814517,0.760723,0
2.69076,-5.7216,7.93856,0.131629,0.835376,0.128658,0.107477,FRENET,0.344673,0.814517,0.344673,0.00573264,0.814517,0.760723,0
2.69474,-5.7216,7.93856,0.131629,0.835376,0.128658,0.107477,FRENET,0.344673,0.814517,0.344673,0.00573264,0.814517,0.760723,0
2.69954,-5.71341,7.93982,0.132947,0.822002,0.112901,0.092805,FRENET,0.344673,0.814517,0.344673,0.00573264,0.814517,0.760723,0
2.70277,-5.71341,7.93982,0.132947,0.822002,0.112901,0.092805,FRENET,0.344673,0.814517,0.344673,0.00573264,0.814517,0.760723,0
2.70678,-5.71341,7.93982,0.132947,0.822002,0.112901,0.092805,FRENET,0.344673,0.814517,0.344673,0.00573264,0.814517,0.760723,0
2.71076,-5.70534,7.94107,0.134033,0.811172,0.126086,0.102278,FRENET,0.344673,0.814517,0.344673,0.00573264,0.814517,0.760723,0
2.71478,-5.70534,7.94107,0.134033,0.811172,0.126086,0.102278,FRENET,0.344673,0.814517,0.344673,0.00573264,0.814517,0.760723,0
2.71954,-5.69737,7.94234,0.135319,0.802402,0.10974,0.0880556,FRENET,0.344673,0.814517,0.344673,0.00573264,0.814517,0.760723,0
2.72274,-5.69737,7.94234,0.135319,0.802402,0.10974,0.0880556,FRENET,0.344673,0.814517,0.344673,0.00573264,0.814517,0.760723,0
2.72678,-5.69737,7.94234,0.135319,0.802402,0.10974,0.0880556,FRENET,0.342521,0.814517,0.342521,0.0229286,0.814517,0.763618,0
2.73076,-5.68948,7.94359,0.136377,0.7953,0.123462,0.098189,FRENET,0.342521,0.814517,0.342521,0.0229286,0.814517,0.763618,0
2.73477,-5.68948,7.94359,0.136377,0.7953,0.123462,0.098189,FRENET,0.342521,0.814517,0.342521,0.0229286,0.814517,0.763618,0
2.73955,-5.68166,7.94486,0.137639,0.789549,0.107457,0.0848428,FRENET,0.342521,0.814517,0.342521,0.0229286,0.814517,0.763618,0
2.74277,-5.68166,7.94486,0.137639,0.789549,0.107457,0.0848428,FRENET,0.342521,0.814517,0.342521,0.0229286,0.814517,0.763618,0
2.74683,-5.68166,7.94486,0.137639,0.789549,0.107457,0.0848428,FRENET,0.342521,0.814517,0.342521,0.0229286,0.814517,0.763618,0
2.75077,-5.67389,7.94611,0.138677,0.784891,0.121698,0.0955196,FRENET,0.342521,0.814517,0.342521,0.0229286,0.814517,0.763618,0
2.75478,-5.67389,7.94611,0.138677,0.784891,0.121698,0.0955196,FRENET,0.342521,0.814517,0.342521,0.0229286,0.814517,0.763618,0
2.75955,-5.66616,7.94739,0.139922,0.78112,0.105943,0.082754,FRENET,0.342521,0.814517,0.342521,0.0229286,0.814517,0.763618,0
2.76278,-5.66616,7.94739,0.139922,0.78112,0.105943,0.082754,FRENET,0.342521,0.814517,0.342521,0.0229286,0.814517,0.763618,0
2.76677,-5.66616,7.94739,0.139922,0.78112,0.105943,0.082754,FRENET,0.342521,0.814517,0.342521,0.0229286,0.814517,0.763618,0
2.77073,-5.65847,7.94865,0.140947,0.778065,0.120534,0.0937833,FRENET,0.342521,0.814517,0.342521,0.0229286,0.814517,0.763618,0
2.77477,-5.65847,7.94865,0.140947,0.778065,0.120534,0.0937833,FRENET,0.341752,0.814517,0.341752,0.00313983,0.814517,0.768548,0
2.77956,-5.65081,7.94993,0.142181,0.775592,0.104943,0.0813928,FRENET,0.341752,0.814517,0.341752,0.00313983,0.814517,0.768548,0
2.78277,-5.65081,7.94993,0.142181,0.775592,0.104943,0.0813928,FRENET,0.341752,0.814517,0.341752,0.00313983,0.814517,0.768548,0
2.78674,-5.65081,7.94993,0.142181,0.775592,0.104943,0.0813928,FRENET,0.341752,0.814517,0.341752,0.00313983,0.814517,0.768548,0
2.79072,-5.64313,7.95121,0.1432,0.781167,0.11959,0.0934195,FRENET,0.341752,0.814517,0.341752,0.00313983,0.814517,0.768548,0
2.79478,-5.64313,7.95121,0.1432,0.781167,0.11959,0.0934195,FRENET,0.341752,0.814517,0.341752,0.00313983,0.814517,0.768548,0
2.79959,-5.6354,7.95252,0.14443,0.786476,0.105953,0.0833296,FRENET,0.341752,0.814517,0.341752,0.00313983,0.814517,0.768548,0
2.80284,-5.6354,7.95252,0.14443,0.786476,0.105953,0.0833296,FRENET,0.341752,0.814517,0.341752,0.00313983,0.814517,0.768548,0
2.80682,-5.6354,7.95252,0.14443,0.786476,0.105953,0.0833296,FRENET,0.341752,0.814517,0.341752,0.00313983,0.814517,0.768548,0
2.8108,-5.62762,7.95381,0.145245,0.791533,0.0509188,0.0403039,FRENET,0.341752,0.814517,0.341752,0.00313983,0.814517,0.768548,0
2.81482,-5.62762,7.95381,0.145245,0.791533,0.0509188,0.0403039,FRENET,0.341752,0.814517,0.341752,0.00313983,0.814517,0.768548,0
2.81961,-5.61978,7.95506,0.145639,0.796349,0.0523212,0.0416659,FRENET,0.341752,0.814517,0.341752,0.00313983,0.814517,0.768548,0
2.8232,-5.61978,7.95506,0.145639,0.796349,0.0523212,0.0416659,FRENET,0.341752,0.814517,0.341752,0.00313983,0.814517,0.768548,0
2.82682,-5.61978,7.95506,0.145639,0.796349,0.0523212,0.0416659,FRENET,0.330645,0.826393,0.330645,0,0.826393,0.774071,0
2.8308,-5.6119,7.95631,0.146167,0.798657,0.0339898,0.0271462,FRENET,0.330645,0.826393,0.330645,0,0.826393,0.774071,0
2.83475,-5.6119,7.95631,0.146167,0.798657,0.0339898,0.0271462,FRENET,0.330645,0.826393,0.330645,0,0.826393,0.774071,0
2.83957,-5.604,7.95754,0.146466,0.800855,0.0466611,0.0373688,FRENET,0.330645,0.826393,0.330645,0,0.826393,0.774071,0
2.84278,-5.604,7.95754,0.146466,0.800855,0.0466611,0.0373688,FRENET,0.330645,0.826393,0.330645,0,0.826393,0.774071,0
2.84683,-5.604,7.95754,0.146466,0.800855,0.0466611,0.0373688,FRENET,0.330645,0.826393,0.330645,0,0.826393,0.774071,0
2.8508,-5.59608,7.95881,0.147183,0.802949,0.103005,0.0827077,FRENET,0.330645,0.826393,0.330645,0,0.826393,0.774071,0
2.85482,-5.59608,7.95881,0.147183,0.802949,0.103005,0.0827077,FRENET,0.330645,0.826393,0.330645,0,0.826393,0.774071,0
2.85963,-5.58815,7.96014,0.148332,0.804943,0.102241,0.0822985,FRENET,0.330645,0.826393,0.330645,0,0.826393,0.774071,0
2.86281,-5.58815,7.96014,0.148332,0.804943,0.102241,0.0822985,FRENET,0.330645,0.826393,0.330645,0,0.826393,0.774071,0
2.86682,-5.58815,7.96014,0.148332,0.804943,0.102241,0.0822985,FRENET,0.330645,0.826393,0.330645,0,0.826393,0.774071,0
2.8708,-5.58021,7.9615,0.149351,0.806843,0.120751,0.0974275,FRENET,0.330645,0.826393,0.330645,0,0.826393,0.774071,0
2.87481,-5.58021,7.9615,0.149351,0.806843,0.120751,0.0974275,FRENET,0.342076,0.826393,0.342076,0.00175424,0.826393,0.777736,0
2.87959,-5.57225,7.96288,0.150602,0.808652,0.108607,0.0878249,FRENET,0.342076,0.826393,0.342076,0.00175424,0.826393,0.777736,0
2.88276,-5.57225,7.96288,0.150602,0.808652,0.108607,0.0878249,FRENET,0.342076,0.826393,0.342076,0.00175424,0.826393,0.777736,0
2.88678,-5.57225,7.96288,0.150602,0.808652,0.108607,0.0878249,FRENET,0.342076,0.826393,0.342076,0.00175424,0.826393,0.777736,0
2.89076,-5.56428,7.96427,0.15166,0.810375,0.123354,0.0999627,FRENET,0.342076,0.826393,0.342076,0.00175424,0.826393,0.777736,0
2.89477,-5.56428,7.96427,0.15166,0.810375,0.123354,0.0999627,FRENET,0.342076,0.826393,0.342076,0.00175424,0.826393,0.777736,0
2.89959,-5.55629,7.96569,0.152929,0.812016,0.109996,0.0893186,FRENET,0.342076,0.826393,0.342076,0.00175424,0.826393,0.777736,0
2.90278,-5.55629,7.96569,0.152929,0.812016,0.109996,0.0893186,FRENET,0.342076,0.826393,0.342076,0.00175424,0.826393,0.777736,0
2.90677,-5.55629,7.96569,0.152929,0.812016,0.109996,0.0893186,FRENET,0.342076,0.826393,0.342076,0.00175424,0.826393,0.777736,0
2.91076,-5.54829,7.96711,0.153998,0.813579,0.124173,0.101024,FRENET,0.342076,0.826393,0.342076,0.00175424,0.826393,0.777736,0
2.91477,-5.54829,7.96711,0.153998,0.813579,0.124173,0.101024,FRENET,0.342076,0.826393,0.342076,0.00175424,0.826393,0.777736,0
2.91959,-5.54027,7.96856,0.155275,0.815068,0.110661,0.0901959,FRENET,0.342076,0.826393,0.342076,0.00175424,0.826393,0.777736,0
2.92274,-5.54027,7.96856,0.155275,0.815068,0.110661,0.0901959,FRENET,0.342076,0.826393,0.342076,0.00175424,0.826393,0.777736,0
2.92678,-5.54027,7.96856,0.155275,0.815068,0.110661,0.0901959,FRENET,0.33199,0.826393,0.33199,0,0.826393,0.782832,0
2.93076,-5.53224,7.97,0.156349,0.816486,0.124664,0.101786,FRENET,0.33199,0.826393,0.33199,0,0.826393,0.782832,0
2.93477,-5.53224,7.97,0.156349,0.816486,0.124664,0.101786,FRENET,0.33199,0.826393,0.33199,0,0.826393,0.782832,0
2.9396,-5.5242,7.97147,0.15763,0.817836,0.111148,0.0909008,FRENET,0.33199,0.826393,0.33199,0,0.826393,0.782832,0
2.94277,-5.5242,7.97147,0.15763,0.817836,0.111148,0.0909008,FRENET,0.33199,0.826393,0.33199,0,0.826393,0.782832,0
2.94682,-5.5242,7.97147,0.15763,0.817836,0.111148,0.0909008,FRENET,0.33199,0.826393,0.33199,0,0.826393,0.782832,0
2.95076,-5.51615,7.97294,0.158709,0.819122,0.125054,0.102434,FRENET,0.33199,0.826393,0.33199,0,0.826393,0.782832,0
2.95478,-5.51615,7.97294,0.158709,0.819122,0.125054,0.102434,FRENET,0.33199,0.826393,0.33199,0,0.826393,0.782832,0
2.9596,-5.50809,7.97443,0.159994,0.820347,0.111562,0.0915195,FRENET,0.33199,0.826393,0.33199,0,0.826393,0.782832,0
2.96277,-5.50809,7.97443,0.159994,0.820347,0.111562,0.0915195,FRENET,0.33199,0.826393,0.33199,0,0.826393,0.782832,0
2.96677,-5.50809,7.97443,0.159994,0.820347,0.111562,0.0915195,FRENET,0.33199,0.826393,0.33199,0,0.826393,0.782832,0
2.97073,-5.50002,7.97592,0.161077,0.821514,0.125393,0.103013,FRENET,0.33199,0.826393,0.33199,0,0.826393,0.782832,0
2.97477,-5.50002,7.97592,0.161077,0.821514,0.125393,0.103013,FRENET,0.329267,0.836139,0.329267,0.00639065,0.836139,0.785558,0
2.9796,-5.49188,7.97745,0.162363,0.834744,0.113157,0.0944574,FRENET,0.329267,0.836139,0.329267,0.00639065,0.836139,0.785558,0
2.98278,-5.49188,7.97745,0.162363,0.834744,0.113157,0.0944574,FRENET,0.329267,0.836139,0.329267,0.00639065,0.836139,0.785558,0
2.98677,-5.49188,7.97745,0.162363,0.834744,0.113157,0.0944574,FRENET,0.329267,0.836139,0.329267,0.00639065,0.836139,0.785558,0
2.99076,-5.48361,7.979,0.163467,0.847346,0.126855,0.10749,FRENET,0.329267,0.836139,0.329267,0.00639065,0.836139,0.785558,0
2.99477,-5.48361,7.979,0.163467,0.847346,0.126855,0.10749,FRENET,0.329267,0.836139,0.329267,0.00639065,0.836139,0.785558,0
2.99961,-5.47523,7.98059,0.164778,0.859347,0.116383,0.100013,FRENET,0.329267,0.836139,0.329267,0.00639065,0.836139,0.785558,0
3.00277,-5.47523,7.98059,0.164778,0.859347,0.116383,0.100013,FRENET,0.329267,0.836139,0.329267,0.00639065,0.836139,0.785558,0
3.00677,-5.47523,7.98059,0.164778,0.859347,0.116383,0.100013,FRENET,0.329267,0.836139,0.329267,0.00639065,0.836139,0.785558,0
3.01076,-5.46673,7.98218,0.165693,0.870779,0.0604784,0.0526633,FRENET,0.329267,0.836139,0.329267,0.00639065,0.836139,0.785558,0
3.01478,-5.46673,7.98218,0.165693,0.870779,0.0604784,0.0526633,FRENET,0.329267,0.836139,0.329267,0.00639065,0.836139,0.785558,0
3.01963,-5.45811,7.98375,0.16617,0.881666,0.057648,0.0508263,FRENET,0.329267,0.836139,0.329267,0.00639065,0.836139,0.785558,0
3.02274,-5.45811,7.98375,0.16617,0.881666,0.057648,0.0508263,FRENET,0.329267,0.836139,0.329267,0.00639065,0.836139,0.785558,0
3.02677,-5.45811,7.98375,0.16617,0.881666,0.057648,0.0508263,FRENET,0.327561,0.836139,0.327561,0.00123796,0.836139,0.793512,0
3.03076,-5.44938,7.98532,0.166751,0.892036,0.0410099,0.0365823,FRENET,0.327561,0.836139,0.327561,0.00123796,0.836139,0.793512,0
3.03477,-5.44938,7.98532,0.166751,0.892036,0.0410099,0.0365823,FRENET,0.327561,0.836139,0.327561,0.00123796,0.836139,0.793512,0
3.03962,-5.44055,7.98689,0.167113,0.901913,0.0506305,0.0456643,FRENET,0.327561,0.836139,0.327561,0.00123796,0.836139,0.793512,0
3.04277,-5.44055,7.98689,0.167113,0.901913,0.0506305,0.0456643,FRENET,0.327561,0.836139,0.327561,0.00123796,0.836139,0.793512,0
3.04683,-5.44055,7.98689,0.167113,0.901913,0.0506305,0.0456643,FRENET,0.327561,0.836139,0.327561,0.00123796,0.836139,0.793512,0
3.05077,-5.43162,7.98848,0.167654,0.91132,0.0387905,0.0353506,FRENET,0.327561,0.836139,0.327561,0.00123796,0.836139,0.793512,0
3.05477,-5.43162,7.98848,0.167654,0.91132,0.0387905,0.0353506,FRENET,0.327561,0.836139,0.327561,0.00123796,0.836139,0.793512,0
3.05964,-5.4226,7.99008,0.168003,0.92028,0.0498828,0.0459062,FRENET,0.327561,0.836139,0.327561,0.00123796,0.836139,0.793512,0
3.06277,-5.4226,7.99008,0.168003,0.92028,0.0498828,0.0459062,FRENET,0.327561,0.836139,0.327561,0.00123796,0.836139,0.793512,0
3.06677,-5.4226,7.99008,0.168003,0.92028,0.0498828,0.0459062,FRENET,0.327561,0.836139,0.327561,0.00123796,0.836139,0.793512,0
3.07073,-5.4135,7.9917,0.168541,0.928814,0.0390141,0.0362368,FRENET,0.327561,0.836139,0.327561,0.00123796,0.836139,0.793512,0
3.07477,-5.4135,7.9917,0.168541,0.928814,0.0390141,0.0362368,FRENET,0.329588,0.836139,0.329588,0,0.836139,0.800097,0
3.07965,-5.40432,7.99334,0.168893,0.936942,0.0502008,0.0470352,FRENET,0.329588,0.836139,0.329588,0,0.836139,0.800097,0
3.08277,-5.40432,7.99334,0.168893,0.936942,0.0502008,0.0470352,FRENET,0.329588,0.836139,0.329588,0,0.836139,0.800097,0
3.08677,-5.40432,7.99334,0.168893,0.936942,0.0502008,0.0470352,FRENET,0.329588,0.836139,0.329588,0,0.836139,0.800097,0
3.09076,-5.39506,7.995,0.169436,0.944684,0.0396857,0.0374904,FRENET,0.329588,0.836139,0.329588,0,0.836139,0.800097,0
3.09477,-5.39506,7.995,0.169436,0.944684,0.0396857,0.0374904,FRENET,0.329588,0.836139,0.329588,0,0.836139,0.800097,0
3.0996,-5.38572,7.99666,0.169795,0.952057,0.0507365,0.048304,FRENET,0.329588,0.836139,0.329588,0,0.836139,0.800097,0
3.10278,-5.38572,7.99666,0.169795,0.952057,0.0507365,0.048304,FRENET,0.329588,0.836139,0.329588,0,0.836139,0.800097,0
3.10677,-5.38572,7.99666,0.169795,0.952057,0.0507365,0.048304,FRENET,0.329588,0.836139,0.329588,0,0.836139,0.800097,0
3.11077,-5.37632,7.99836,0.170344,0.95908,0.0404198,0.0387659,FRENET,0.329588,0.836139,0.329588,0,0.836139,0.800097,0
3.11477,-5.37632,7.99836,0.170344,0.95908,0.0404198,0.0387659,FRENET,0.329588,0.836139,0.329588,0,0.836139,0.800097,0
3.11965,-5.36684,8.00005,0.170709,0.965769,0.0512975,0.0495415,FRENET,0.329588,0.836139,0.329588,0,0.836139,0.800097,0
3.12274,-5.36684,8.00005,0.170709,0.965769,0.0512975,0.0495415,FRENET,0.329588,0.836139,0.329588,0,0.836139,0.800097,0
3.12678,-5.36684,8.00005,0.170709,0.965769,0.0512975,0.0495415,FRENET,0.32851,0.836139,0.32851,0,0.836139,1.02778,0
3.13076,-5.35731,8.00178,0.171265,0.97214,0.0411226,0.0399769,FRENET,0.32851,0.836139,0.32851,0,0.836139,1.02778,0
3.13477,-5.35731,8.00178,0.171265,0.97214,0.0411226,0.0399769,FRENET,0.32851,0.836139,0.32851,0,0.836139,1.02778,0
3.13966,-5.34771,8.00351,0.171636,0.978207,0.0518324,0.0507028,FRENET,0.32851,0.836139,0.32851,0,0.836139,1.02778,0
3.14277,-5.34771,8.00351,0.171636,0.978207,0.0518324,0.0507028,FRENET,0.32851,0.836139,0.32851,0,0.836139,1.02778,0
3.14682,-5.34771,8.00351,0.171636,0.978207,0.0518324,0.0507028,FRENET,0.32851,0.836139,0.32851,0,0.836139,1.02778,0
3.15076,-5.33806,8.00527,0.172198,0.983987,0.0417711,0.0411022,FRENET,0.32851,0.836139,0.32851,0,0.836139,1.02778,0
3.15479,-5.33806,8.00527,0.172198,0.983987,0.0417711,0.0411022,FRENET,0.32851,0.836139,0.32851,0,0.836139,1.02778,0
3.15967,-5.32835,8.00702,0.172575,0.989491,0.0523281,0.0517782,FRENET,0.32851,0.836139,0.32851,0,0.836139,1.02778,0
3.1628,-5.32835,8.00702,0.172575,0.989491,0.0523281,0.0517782,FRENET,0.32851,0.836139,0.32851,0,0.836139,1.02778,0
3.1668,-5.32835,8.00702,0.172575,0.989491,0.0523281,0.0517782,FRENET,0.32851,0.836139,0.32851,0,0.836139,1.02778,0
3.17078,-5.31859,8.00881,0.173141,0.994734,0.0423623,0.0421392,FRENET,0.32851,0.836139,0.32851,0,0.836139,1.02778,0
3.17479,-5.31859,8.00881,0.173141,0.994734,0.0423623,0.0421392,FRENET,0.314136,0.847146,0.314136,0,0.847146,0.905363,0
3.17967,-5.30873,8.0106,0.173526,1.0097,0.0523498,0.0528574,FRENET,0.314136,0.847146,0.314136,0,0.847146,0.905363,0
3.18279,-5.30873,8.0106,0.173526,1.0097,0.0523498,0.0528574,FRENET,0.314136,0.847146,0.314136,0,0.847146,0.905363,0
3.18678,-5.30873,8.0106,0.173526,1.0097,0.0523498,0.0528574,FRENET,0.314136,0.847146,0.314136,0,0.847146,0.905363,0
3.19077,-5.29873,8.01244,0.174094,1.02395,0.0435969,0.0446409,FRENET,0.314136,0.847146,0.314136,0,0.847146,0.905363,0
3.19477,-5.29873,8.01244,0.174094,1.02395,0.0435969,0.0446409,FRENET,0.314136,0.847146,0.314136,0,0.847146,0.905363,0
3.19967,-5.28859,8.0143,0.174492,1.03752,0.0534876,0.0554945,FRENET,0.314136,0.847146,0.314136,0,0.847146,0.905363,0
3.20276,-5.28859,8.0143,0.174492,1.03752,0.0534876,0.0554945,FRENET,0.314136,0.847146,0.314136,0,0.847146,0.905363,0
3.20676,-5.28859,8.0143,0.174492,1.03752,0.0534876,0.0554945,FRENET,0.314136,0.847146,0.314136,0,0.847146,0.905363,0
3.21075,-5.27832,8.0162,0.175072,1.05045,0.0449868,0.0472563,FRENET,0.314136,0.847146,0.314136,0,0.847146,0.905363,0
3.21476,-5.27832,8.0162,0.175072,1.05045,0.0449868,0.0472563,FRENET,0.314136,0.847146,0.314136,0,0.847146,0.905363,0
3.21968,-5.26793,8.01811,0.175482,1.06276,0.0546155,0.0580432,FRENET,0.314136,0.847146,0.314136,0,0.847146,0.905363,0
3.22276,-5.26793,8.01811,0.175482,1.06276,0.0546155,0.0580432,FRENET,0.314136,0.847146,0.314136,0,0.847146,0.905363,0
3.22677,-5.26793,8.01811,0.175482,1.06276,0.0546155,0.0580432,FRENET,0.325325,0.847146,0.325325,0,0.847146,0.895607,0
3.23073,-5.25743,8.02006,0.176075,1.07449,0.0462675,0.049714,FRENET,0.325325,0.847146,0.325325,0,0.847146,0.895607,0
3.23477,-5.25743,8.02006,0.176075,1.07449,0.0462675,0.049714,FRENET,0.325325,0.847146,0.325325,0,0.847146,0.895607,0
3.2397,-5.24681,8.02203,0.176496,1.08566,0.0556541,0.0604214,FRENET,0.325325,0.847146,0.325325,0,0.847146,0.895607,0
3.24276,-5.24681,8.02203,0.176496,1.08566,0.0556541,0.0604214,FRENET,0.325325,0.847146,0.325325,0,0.847146,0.895607,0
3.24676,-5.24681,8.02203,0.176496,1.08566,0.0556541,0.0604214,FRENET,0.325325,0.847146,0.325325,0,0.847146,0.895607,0
3.25072,-5.23608,8.02403,0.1771,1.0963,0.0474279,0.0519951,FRENET,0.325325,0.847146,0.325325,0,0.847146,0.895607,0
3.25476,-5.23608,8.02403,0.1771,1.0963,0.0474279,0.0519951,FRENET,0.325325,0.847146,0.325325,0,0.847146,0.895607,0
3.2597,-5.22525,8.02604,0.177532,1.10643,0.0566037,0.0626281,FRENET,0.325325,0.847146,0.325325,0,0.847146,0.895607,0
3.26276,-5.22525,8.02604,0.177532,1.10643,0.0566037,0.0626281,FRENET,0.325325,0.847146,0.325325,0,0.847146,0.895607,0
3.26676,-5.22525,8.02604,0.177532,1.10643,0.0566037,0.0626281,FRENET,0.325325,0.847146,0.325325,0,0.847146,0.895607,0
3.27075,-5.21433,8.02809,0.178145,1.11608,0.0484789,0.0541064,FRENET,0.325325,0.847146,0.325325,0,0.847146,0.895607,0
3.27476,-5.21433,8.02809,0.178145,1.11608,0.0484789,0.0541064,FRENET,0.317466,0.847146,0.317466,0,0.847146,0.885108,0
3.27969,-5.20332,8.03016,0.178587,1.12527,0.0574713,0.064671,FRENET,0.317466,0.847146,0.317466,0,0.847146,0.885108,0
3.28274,-5.20332,8.03016,0.178587,1.12527,0.0574713,0.064671,FRENET,0.317466,0.847146,0.317466,0,0.847146,0.885108,0
3.28674,-5.20332,8.03016,0.178587,1.12527,0.0574713,0.064671,FRENET,0.317466,0.847146,0.317466,0,0.847146,0.885108,0
3.29074,-5.19222,8.03225,0.17921,1.13403,0.0494317,0.056057,FRENET,0.317466,0.847146,0.317466,0,0.847146,0.885108,0
3.29474,-5.19222,8.03225,0.17921,1.13403,0.0494317,0.056057,FRENET,0.317466,0.847146,0.317466,0,0.847146,0.885108,0
3.2997,-5.18103,8.03436,0.17966,1.14237,0.0582636,0.0665585,FRENET,0.317466,0.847146,0.317466,0,0.847146,0.885108,0
3.30274,-5.18103,8.03436,0.17966,1.14237,0.0582636,0.0665585,FRENET,0.317466,0.847146,0.317466,0,0.847146,0.885108,0
3.30674,-5.18103,8.03436,0.17966,1.14237,0.0582636,0.0665585,FRENET,0.317466,0.847146,0.317466,0,0.847146,0.885108,0
3.31074,-5.16977,8.0365,0.180291,1.15031,0.050296,0.057856,FRENET,0.317466,0.847146,0.317466,0,0.847146,0.885108,0
3.31473,-5.16977,8.0365,0.180291,1.15031,0.050296,0.057856,FRENET,0.317466,0.847146,0.317466,0,0.847146,0.885108,0
3.31972,-5.15843,8.03864,0.180749,1.15788,0.0589867,0.0682992,FRENET,0.317466,0.847146,0.317466,0,0.847146,0.885108,0
3.32275,-5.15843,8.03864,0.180749,1.15788,0.0589867,0.0682992,FRENET,0.317466,0.847146,0.317466,0,0.847146,0.885108,0
3.32676,-5.15843,8.03864,0.180749,1.15788,0.0589867,0.0682992,FRENET,0.318176,0.847146,0.318176,0.025973,0.847146,0.857512,0
3.33075,-5.14702,8.04082,0.181388,1.16508,0.0510803,0.0595127,FRENET,0.318176,0.847146,0.318176,0.025973,0.847146,0.857512,0
3.33477,-5.14702,8.04082,0.181388,1.16508,0.0510803,0.0595127,FRENET,0.318176,0.847146,0.318176,0.025973,0.847146,0.857512,0
3.33973,-5.13554,8.04301,0.181853,1.17194,0.0596464,0.0699021,FRENET,0.318176,0.847146,0.318176,0.025973,0.847146,0.857512,0
3.34274,-5.13554,8.04301,0.181853,1.17194,0.0596464,0.0699021,FRENET,0.318176,0.847146,0.318176,0.025973,0.847146,0.857512,0
3.34679,-5.13554,8.04301,0.181853,1.17194,0.0596464,0.0699021,FRENET,0.318176,0.847146,0.318176,0.025973,0.847146,0.857512,0
3.3507,-5.124,8.04522,0.182499,1.17848,0.0517923,0.0610361,FRENET,0.318176,0.847146,0.318176,0.025973,0.847146,0.857512,0
3.35474,-5.124,8.04522,0.182499,1.17848,0.0517923,0.0610361,FRENET,0.318176,0.847146,0.318176,0.025973,0.847146,0.857512,0
3.35972,-5.1124,8.04745,0.182971,1.1847,0.0602479,0.0713759,FRENET,0.318176,0.847146,0.318176,0.025973,0.847146,0.857512,0
3.36275,-5.1124,8.04745,0.182971,1.1847,0.0602479,0.0713759,FRENET,0.318176,0.847146,0.318176,0.025973,0.847146,0.857512,0
3.36674,-5.1124,8.04745,0.182971,1.1847,0.0602479,0.0713759,FRENET,0.318176,0.847146,0.318176,0.025973,0.847146,0.857512,0
3.37072,-5.10073,8.0497,0.183623,1.19063,0.0524386,0.0624351,FRENET,0.318176,0.847146,0.318176,0.025973,0.847146,0.857512,0
3.37474,-5.10073,8.0497,0.183623,1.19063,0.0524386,0.0624351,FRENET,0.214715,0.513045,0.214715,0.133984,0.513045,0.823818,0
3.37972,-5.08892,8.05198,0.184103,1.21583,0.0599032,0.0728321,FRENET,0.214715,0.513045,0.214715,0.133984,0.513045,0.823818,0
3.38277,-5.08892,8.05198,0.184103,1.21583,0.0599032,0.0728321,FRENET,0.214715,0.513045,0.214715,0.133984,0.513045,0.823818,0
3.38676,-5.08892,8.05198,0.184103,1.21583,0.0599032,0.0728321,FRENET,0.214715,0.513045,0.214715,0.133984,0.513045,0.823818,0
3.39075,-5.07687,8.05432,0.184752,1.23983,0.0538021,0.0667054,FRENET,0.214715,0.513045,0.214715,0.133984,0.513045,0.823818,0
3.39476,-5.07687,8.05432,0.184752,1.23983,0.0538021,0.0667054,FRENET,0.214715,0.513045,0.214715,0.133984,0.513045,0.823818,0
3.39974,-5.06458,8.05668,0.185008,1.26269,-0.0098053,-0.012381,FRENET,0.214715,0.513045,0.214715,0.133984,0.513045,0.823818,0
3.40279,-5.06458,8.05668,0.185008,1.26269,-0.0098053,-0.012381,FRENET,0.214715,0.513045,0.214715,0.133984,0.513045,0.823818,0
3.40676,-5.06458,8.05668,0.185008,1.26269,-0.0098053,-0.012381,FRENET,0.214715,0.513045,0.214715,0.133984,0.513045,0.823818,0
3.41075,-5.05206,8.059,0.184471,1.28446,-0.101266,-0.130072,FRENET,0.214715,0.513045,0.214715,0.133984,0.513045,0.823818,0
3.41476,-5.05206,8.059,0.184471,1.28446,-0.101266,-0.130072,FRENET,0.214715,0.513045,0.214715,0.133984,0.513045,0.823818,0
3.41974,-5.0393,8.06123,0.182935,1.30519,-0.20798,-0.271454,FRENET,0.214715,0.513045,0.214715,0.133984,0.513045,0.823818,0
3.42274,-5.0393,8.06123,0.182935,1.30519,-0.20798,-0.271454,FRENET,0.214715,0.513045,0.214715,0.133984,0.513045,0.823818,0
3.42678,-5.0393,8.06123,0.182935,1.30519,-0.20798,-0.271454,FRENET,0.214657,0.513045,0.214657,0.134452,0.513045,0.83137,0
3.43075,-5.02632,8.06336,0.180527,1.32494,-0.251055,-0.332633,FRENET,0.214657,0.513045,0.214657,0.134452,0.513045,0.83137,0
3.43476,-5.02632,8.06336,0.180527,1.32494,-0.251055,-0.332633,FRENET,0.214657,0.513045,0.214657,0.134452,0.513045,0.83137,0
3.43974,-5.01314,8.06543,0.177916,1.34375,-0.284592,-0.382421,FRENET,0.214657,0.513045,0.214657,0.134452,0.513045,0.83137,0
3.44274,-5.01314,8.06543,0.177916,1.34375,-0.284592,-0.382421,FRENET,0.214657,0.513045,0.214657,0.134452,0.513045,0.83137,0
3.44681,-5.01314,8.06543,0.177916,1.34375,-0.284592,-0.382421,FRENET,0.214657,0.513045,0.214657,0.134452,0.513045,0.83137,0
3.45072,-4.99977,8.06744,0.174932,1.36167,-0.294399,-0.400873,FRENET,0.214657,0.513045,0.214657,0.134452,0.513045,0.83137,0
3.45473,-4.99977,8.06744,0.174932,1.36167,-0.294399,-0.400873,FRENET,0.214657,0.513045,0.214657,0.134452,0.513045,0.83137,0
3.4597,-4.98621,8.06942,0.17198,1.37873,-0.31162,-0.429641,FRENET,0.214657,0.513045,0.214657,0.134452,0.513045,0.83137,0
3.46276,-4.98621,8.06942,0.17198,1.37873,-0.31162,-0.429641,FRENET,0.214657,0.513045,0.214657,0.134452,0.513045,0.83137,0
3.46677,-4.98621,8.06942,0.17198,1.37873,-0.31162,-0.429641,FRENET,0.214657,0.513045,0.214657,0.134452,0.513045,0.83137,0
3.47075,-4.97247,8.07135,0.168772,1.39499,-0.313173,-0.436871,FRENET,0.214657,0.513045,0.214657,0.134452,0.513045,0.83137,0
3.47476,-4.97247,8.07135,0.168772,1.39499,-0.313173,-0.436871,FRENET,0.214611,0.513045,0.214611,0.191934,0.513045,0.817166,0
3.47973,-4.95858,8.07326,0.165659,1.41047,-0.32565,-0.459318,FRENET,0.214611,0.513045,0.214611,0.191934,0.513045,0.817166,0
3.48276,-4.95858,8.07326,0.165659,1.41047,-0.32565,-0.459318,FRENET,0.214611,0.513045,0.214611,0.191934,0.513045,0.817166,0
3.48676,-4.95858,8.07326,0.165659,1.41047,-0.32565,-0.459318,FRENET,0.214611,0.513045,0.214611,0.191934,0.513045,0.817166,0
3.49075,-4.94452,8.07513,0.162324,1.42521,-0.324544,-0.462543,FRENET,0.214611,0.513045,0.214611,0.191934,0.513045,0.817166,0
3.49477,-4.94452,8.07513,0.162324,1.42521,-0.324544,-0.462543,FRENET,0.214611,0.513045,0.214611,0.191934,0.513045,0.817166,0
3.49972,-4.93032,8.07698,0.159108,1.43925,-0.335178,-0.482406,FRENET,0.214611,0.513045,0.214611,0.191934,0.513045,0.817166,0
3.50276,-4.93032,8.07698,0.159108,1.43925,-0.335178,-0.482406,FRENET,0.214611,0.513045,0.214611,0.191934,0.513045,0.817166,0
3.50676,-4.93032,8.07698,0.159108,1.43925,-0.335178,-0.482406,FRENET,0.214611,0.513045,0.214611,0.191934,0.513045,0.817166,0
3.51076,-4.91597,8.07878,0.155683,1.45263,-0.332971,-0.483682,FRENET,0.214611,0.513045,0.214611,0.191934,0.513045,0.817166,0
3.51477,-4.91597,8.07878,0.155683,1.45263,-0.332971,-0.483682,FRENET,0.214611,0.513045,0.214611,0.191934,0.513045,0.817166,0
3.51968,-4.90149,8.08057,0.152388,1.46537,-0.342676,-0.502146,FRENET,0.214611,0.513045,0.214611,0.191934,0.513045,0.817166,0
3.52274,-4.90149,8.08057,0.152388,1.46537,-0.342676,-0.502146,FRENET,0.214611,0.513045,0.214611,0.191934,0.513045,0.817166,0
3.52674,-4.90149,8.08057,0.152388,1.46537,-0.342676,-0.502146,FRENET,0.214581,0.513045,0.214581,0.27538,0.513045,0.78214,0
3.53073,-4.88688,8.08231,0.148891,1.4775,-0.3399,-0.502202,FRENET,0.214581,0.513045,0.214581,0.27538,0.513045,0.78214,0
3.53474,-4.88688,8.08231,0.148891,1.4775,-0.3399,-0.502202,FRENET,0.214581,0.513045,0.214581,0.27538,0.513045,0.78214,0
3.53968,-4.87215,8.08402,0.14553,1.48906,-0.349031,-0.519727,FRENET,0.214581,0.513045,0.214581,0.27538,0.513045,0.78214,0
3.54273,-4.87215,8.08402,0.14553,1.48906,-0.349031,-0.519727,FRENET,0.214581,0.513045,0.214581,0.27538,0.513045,0.78214,0
3.54678,-4.87215,8.08402,0.14553,1.48906,-0.349031,-0.519727,FRENET,0.214581,0.513045,0.214581,0.27538,0.513045,0.78214,0
3.55073,-4.8573,8.08568,0.141971,1.50006,-0.3459,-0.518872,FRENET,0.214581,0.513045,0.214581,0.27538,0.513045,0.78214,0
3.55475,-4.8573,8.08568,0.141971,1.50006,-0.3459,-0.518872,FRENET,0.214581,0.513045,0.214581,0.27538,0.513045,0.78214,0
3.55967,-4.84233,8.08732,0.138552,1.51055,-0.354617,-0.535666,FRENET,0.214581,0.513045,0.214581,0.27538,0.513045,0.78214,0
3.56274,-4.84233,8.08732,0.138552,1.51055,-0.354617,-0.535666,FRENET,0.214581,0.513045,0.214581,0.27538,0.513045,0.78214,0
3.56674,-4.84233,8.08732,0.138552,1.51055,-0.354617,-0.535666,FRENET,0.214581,0.513045,0.214581,0.27538,0.513045,0.78214,0
3.57073,-4.82726,8.08891,0.134939,1.52053,-0.351231,-0.534058,FRENET,0.214581,0.513045,0.214581,0.27538,0.513045,0.78214,0
3.57476,-4.82726,8.08891,0.134939,1.52053,-0.351231,-0.534058,FRENET,0.251347,0.531535,0.251347,0.307315,0.531535,0.735053,0
3.57965,-4.81203,8.09047,0.131476,1.54083,-0.357677,-0.551121,FRENET,0.251347,0.531535,0.251347,0.307315,0.531535,0.735053,0
3.58276,-4.81203,8.09047,0.131476,1.54083,-0.357677,-0.551121,FRENET,0.251347,0.531535,0.251347,0.307315,0.531535,0.735053,0
3.58676,-4.81203,8.09047,0.131476,1.54083,-0.357677,-0.551121,FRENET,0.251347,0.531535,0.251347,0.307315,0.531535,0.735053,0
3.59075,-4.7966,8.09199,0.127833,1.56017,-0.355104,-0.554024,FRENET,0.251347,0.531535,0.251347,0.307315,0.531535,0.735053,0
3.59476,-4.7966,8.09199,0.127833,1.56017,-0.355104,-0.554024,FRENET,0.251347,0.531535,0.251347,0.307315,0.531535,0.735053,0
3.59966,-4.78098,8.09351,0.124575,1.57859,-0.288221,-0.454982,FRENET,0.251347,0.531535,0.251347,0.307315,0.531535,0.735053,0
3.60277,-4.78098,8.09351,0.124575,1.57859,-0.288221,-0.454982,FRENET,0.251347,0.531535,0.251347,0.307315,0.531535,0.735053,0
3.60676,-4.78098,8.09351,0.124575,1.57859,-0.288221,-0.454982,FRENET,0.251347,0.531535,0.251347,0.307315,0.531535,0.735053,0
3.61075,-4.76519,8.09506,0.121918,1.59613,-0.263121,-0.419977,FRENET,0.251347,0.531535,0.251347,0.307315,0.531535,0.735053,0
3.61476,-4.76519,8.09506,0.121918,1.59613,-0.263121,-0.419977,FRENET,0.251347,0.531535,0.251347,0.307315,0.531535,0.735053,0
3.61965,-4.74922,8.09662,0.119318,1.61284,-0.242668,-0.391385,FRENET,0.251347,0.531535,0.251347,0.307315,0.531535,0.735053,0
3.62274,-4.74922,8.09662,0.119318,1.61284,-0.242668,-0.391385,FRENET,0.251347,0.531535,0.251347,0.307315,0.531535,0.735053,0
3.62674,-4.74922,8.09662,0.119318,1.61284,-0.242668,-0.391385,FRENET,0.251294,0.531535,0.251294,0.315054,0.531535,0.494485,0
3.63072,-4.73308,8.09818,0.116987,1.62876,-0.240768,-0.392153,FRENET,0.251294,0.531535,0.251294,0.315054,0.531535,0.494485,0
3.63474,-4.73308,8.09818,0.116987,1.62876,-0.240768,-0.392153,FRENET,0.251294,0.531535,0.251294,0.315054,0.531535,0.494485,0
3.63961,-4.71679,8.09973,0.114543,1.64391,-0.232295,-0.381873,FRENET,0.251294,0.531535,0.251294,0.315054,0.531535,0.494485,0
3.64274,-4.71679,8.09973,0.114543,1.64391,-0.232295,-0.381873,FRENET,0.251294,0.531535,0.251294,0.315054,0.531535,0.494485,0
3.64679,-4.71679,8.09973,0.114543,1.64391,-0.232295,-0.381873,FRENET,0.251294,0.531535,0.251294,0.315054,0.531535,0.494485,0
3.65075,-4.70036,8.10128,0.112281,1.65835,-0.236569,-0.392315,FRENET,0.251294,0.531535,0.251294,0.315054,0.531535,0.494485,0
3.65476,-4.70036,8.10128,0.112281,1.65835,-0.236569,-0.392315,FRENET,0.251294,0.531535,0.251294,0.315054,0.531535,0.494485,0
3.65962,-4.68377,8.10281,0.10986,1.6721,-0.231469,-0.387039,FRENET,0.251294,0.531535,0.251294,0.315054,0.531535,0.494485,0
3.66273,-4.68377,8.10281,0.10986,1.6721,-0.231469,-0.387039,FRENET,0.251294,0.531535,0.251294,0.315054,0.531535,0.494485,0
3.66677,-4.68377,8.10281,0.10986,1.6721,-0.231469,-0.387039,FRENET,0.251294,0.531535,0.251294,0.315054,0.531535,0.494485,0
3.67072,-4.66706,8.10432,0.107597,1.6852,-0.237486,-0.400211,FRENET,0.251294,0.531535,0.251294,0.315054,0.531535,0.494485,0
3.67477,-4.66706,8.10432,0.107597,1.6852,-0.237486,-0.400211,FRENET,0.25123,0.531535,0.25123,0.020919,0.531535,0.379134,0
3.67961,-4.65021,8.10581,0.105161,1.69767,-0.233406,-0.396247,FRENET,0.25123,0.531535,0.25123,0.020919,0.531535,0.379134,0
3.68276,-4.65021,8.10581,0.105161,1.69767,-0.233406,-0.396247,FRENET,0.25123,0.531535,0.25123,0.020919,0.531535,0.379134,0
3.68677,-4.65021,8.10581,0.105161,1.69767,-0.233406,-0.396247,FRENET,0.25123,0.531535,0.25123,0.020919,0.531535,0.379134,0
3.69076,-4.63323,8.10728,0.102877,1.70955,-0.239901,-0.410123,FRENET,0.25123,0.531535,0.25123,0.020919,0.531535,0.379134,0
3.69476,-4.63323,8.10728,0.102877,1.70955,-0.239901,-0.410123,FRENET,0.25123,0.531535,0.25123,0.020919,0.531535,0.379134,0
3.6996,-4.61614,8.10871,0.100414,1.72087,-0.236126,-0.406342,FRENET,0.25123,0.531535,0.25123,0.020919,0.531535,0.379134,0
3.70276,-4.61614,8.10871,0.100414,1.72087,-0.236126,-0.406342,FRENET,0.25123,0.531535,0.25123,0.020919,0.531535,0.379134,0
3.70676,-4.61614,8.10871,0.100414,1.72087,-0.236126,-0.406342,FRENET,0.25123,0.531535,0.25123,0.020919,0.531535,0.379134,0
3.71075,-4.59894,8.11013,0.0981022,1.73164,-0.2427,-0.42027,FRENET,0.25123,0.531535,0.25123,0.020919,0.531535,0.379134,0
3.71476,-4.59894,8.11013,0.0981022,1.73164,-0.2427,-0.42027,FRENET,0.25123,0.531535,0.25123,0.020919,0.531535,0.379134,0
3.7196,-4.58162,8.1115,0.095611,1.74191,-0.238989,-0.416298,FRENET,0.25123,0.531535,0.25123,0.020919,0.531535,0.379134,0
3.72274,-4.58162,8.1115,0.095611,1.74191,-0.238989,-0.416298,FRENET,0.25123,0.531535,0.25123,0.020919,0.531535,0.379134,0
3.72676,-4.58162,8.1115,0.095611,1.74191,-0.238989,-0.416298,FRENET,0.251187,0.531535,0.251187,0,0.531535,0.384718,0
3.73076,-4.56421,8.11285,0.0932712,1.75169,-0.245506,-0.430049,FRENET,0.251187,0.531535,0.251187,0,0.531535,0.384718,0
3.73477,-4.56421,8.11285,0.0932712,1.75169,-0.245506,-0.430049,FRENET,0.251187,0.531535,0.251187,0,0.531535,0.384718,0
3.73959,-4.54669,8.11416,0.0907517,1.761,-0.24177,-0.425756,FRENET,0.251187,0.531535,0.251187,0,0.531535,0.384718,0
3.74276,-4.54669,8.11416,0.0907517,1.761,-0.24177,-0.425756,FRENET,0.251187,0.531535,0.251187,0,0.531535,0.384718,0
3.7468,-4.54669,8.11416,0.0907517,1.761,-0.24177,-0.425756,FRENET,0.251187,0.531535,0.251187,0,0.531535,0.384718,0
3.75075,-4.52909,8.11545,0.088385,1.76987,-0.248181,-0.439247,FRENET,0.251187,0.531535,0.251187,0,0.531535,0.384718,0
3.75476,-4.52909,8.11545,0.088385,1.76987,-0.248181,-0.439247,FRENET,0.251187,0.531535,0.251187,0,0.531535,0.384718,0
3.75958,-4.51133,8.11669,0.0858525,1.7902,-0.242934,-0.4349,FRENET,0.251187,0.531535,0.251187,0,0.531535,0.384718,0
3.76276,-4.51133,8.11669,0.0858525,1.7902,-0.242934,-0.4349,FRENET,0.251187,0.531535,0.251187,0,0.531535,0.384718,0
3.76676,-4.51133,8.11669,0.0858525,1.7902,-0.242934,-0.4349,FRENET,0.251187,0.531535,0.251187,0,0.531535,0.384718,0
3.77072,-4.49337,8.11792,0.0834743,1.80957,-0.248664,-0.449974,FRENET,0.251187,0.531535,0.251187,0,0.531535,0.384718,0
3.77477,-4.49337,8.11792,0.0834743,1.80957,-0.248664,-0.449974,FRENET,0.294816,0.552711,0.294816,0,0.552711,0.385788,0
3.77958,-4.47518,8.11911,0.080934,1.83756,-0.244622,-0.449507,FRENET,0.294816,0.552711,0.294816,0,0.552711,0.385788,0
3.78276,-4.47518,8.11911,0.080934,1.83756,-0.244622,-0.449507,FRENET,0.294816,0.552711,0.294816,0,0.552711,0.385788,0
3.78673,-4.47518,8.11911,0.080934,1.83756,-0.244622,-0.449507,FRENET,0.294816,0.552711,0.294816,0,0.552711,0.385788,0
3.79075,-4.4567,8.12029,0.0785331,1.86422,-0.250905,-0.467741,FRENET,0.294816,0.552711,0.294816,0,0.552711,0.385788,0
3.79477,-4.4567,8.12029,0.0785331,1.86422,-0.250905,-0.467741,FRENET,0.294816,0.552711,0.294816,0,0.552711,0.385788,0
3.79957,-4.43797,8.12143,0.0759555,1.8896,-0.249355,-0.471183,FRENET,0.294816,0.552711,0.294816,0,0.552711,0.385788,0
3.80276,-4.43797,8.12143,0.0759555,1.8896,-0.249355,-0.471183,FRENET,0.294816,0.552711,0.294816,0,0.552711,0.385788,0
3.80676,-4.43797,8.12143,0.0759555,1.8896,-0.249355,-0.471183,FRENET,0.294816,0.552711,0.294816,0,0.552711,0.385788,0
3.81075,-4.41899,8.12255,0.0735021,1.91379,-0.256679,-0.49123,FRENET,0.294816,0.552711,0.294816,0,0.552711,0.385788,0
3.81476,-4.41899,8.12255,0.0735021,1.91379,-0.256679,-0.49123,FRENET,0.294816,0.552711,0.294816,0,0.552711,0.385788,0
3.81956,-4.39976,8.12363,0.0708632,1.93682,-0.255593,-0.495038,FRENET,0.294816,0.552711,0.294816,0,0.552711,0.385788,0
3.82272,-4.39976,8.12363,0.0708632,1.93682,-0.255593,-0.495038,FRENET,0.294816,0.552711,0.294816,0,0.552711,0.385788,0
3.82674,-4.39976,8.12363,0.0708632,1.93682,-0.255593,-0.495038,FRENET,0.294832,0.552711,0.294832,0,0.552711,0.387639,0
3.83073,-4.38031,8.12468,0.0683479,1.95876,-0.262944,-0.515044,FRENET,0.294832,0.552711,0.294832,0,0.552711,0.387639,0
3.83474,-4.38031,8.12468,0.0683479,1.95876,-0.262944,-0.515044,FRENET,0.294832,0.552711,0.294832,0,0.552711,0.387639,0
3.83952,-4.36065,8.12569,0.0656458,1.97965,-0.261801,-0.518276,FRENET,0.294832,0.552711,0.294832,0,0.552711,0.387639,0
3.84274,-4.36065,8.12569,0.0656458,1.97965,-0.261801,-0.518276,FRENET,0.294832,0.552711,0.294832,0,0.552711,0.387639,0
3.84678,-4.36065,8.12569,0.0656458,1.97965,-0.261801,-0.518276,FRENET,0.294832,0.552711,0.294832,0,0.552711,0.387639,0
3.85073,-4.34078,8.12667,0.0630701,1.99955,-0.268935,-0.53775,FRENET,0.294832,0.552711,0.294832,0,0.552711,0.387639,0
3.85474,-4.34078,8.12667,0.0630701,1.99955,-0.268935,-0.53775,FRENET,0.294832,0.552711,0.294832,0,0.552711,0.387639,0
3.85951,-4.32071,8.1276,0.0603083,2.01851,-0.267614,-0.54018,FRENET,0.294832,0.552711,0.294832,0,0.552711,0.387639,0
3.86274,-4.32071,8.1276,0.0603083,2.01851,-0.267614,-0.54018,FRENET,0.294832,0.552711,0.294832,0,0.552711,0.387639,0
3.86674,-4.32071,8.1276,0.0603083,2.01851,-0.267614,-0.54018,FRENET,0.294832,0.552711,0.294832,0,0.552711,0.387639,0
3.87074,-4.30045,8.1285,0.0576765,2.03656,-0.274488,-0.559011,FRENET,0.294832,0.552711,0.294832,0,0.552711,0.387639,0
3.87475,-4.30045,8.1285,0.0576765,2.03656,-0.274488,-0.559011,FRENET,0.294864,0.552711,0.294864,0,0.552711,0.386286,0
3.87954,-4.28002,8.12934,0.0548596,2.05375,-0.27297,-0.560613,FRENET,0.294864,0.552711,0.294864,0,0.552711,0.386286,0
3.88276,-4.28002,8.12934,0.0548596,2.05375,-0.27297,-0.560613,FRENET,0.294864,0.552711,0.294864,0,0.552711,0.386286,0
3.88676,-4.28002,8.12934,0.0548596,2.05375,-0.27297,-0.560613,FRENET,0.294864,0.552711,0.294864,0,0.552711,0.386286,0
3.89075,-4.25941,8.13015,0.0521761,2.07013,-0.279594,-0.578796,FRENET,0.294864,0.552711,0.294864,0,0.552711,0.386286,0
3.89476,-4.25941,8.13015,0.0521761,2.07013,-0.279594,-0.578796,FRENET,0.294864,0.552711,0.294864,0,0.552711,0.386286,0
3.89952,-4.23865,8.1309,0.0493085,2.08573,-0.277888,-0.579599,FRENET,0.294864,0.552711,0.294864,0,0.552711,0.386286,0
3.90276,-4.23865,8.1309,0.0493085,2.08573,-0.277888,-0.579599,FRENET,0.294864,0.552711,0.294864,0,0.552711,0.386286,0
3.90676,-4.23865,8.1309,0.0493085,2.08573,-0.277888,-0.579599,FRENET,0.294864,0.552711,0.294864,0,0.552711,0.386286,0
3.91071,-4.21773,8.13162,0.0465775,2.10059,-0.284281,-0.597157,FRENET,0.294864,0.552711,0.294864,0,0.552711,0.386286,0
3.91472,-4.21773,8.13162,0.0465775,2.10059,-0.284281,-0.597157,FRENET,0.294864,0.552711,0.294864,0,0.552711,0.386286,0
3.91947,-4.19666,8.13227,0.0436634,2.11474,-0.282401,-0.597203,FRENET,0.294864,0.552711,0.294864,0,0.552711,0.386286,0
3.92276,-4.19666,8.13227,0.0436634,2.11474,-0.282401,-0.597203,FRENET,0.294864,0.552711,0.294864,0,0.552711,0.386286,0
3.92676,-4.19666,8.13227,0.0436634,2.11474,-0.282401,-0.597203,FRENET,0.359855,0.552711,0.359855,0,0.552711,0.39001,0
3.93075,-4.1754,8.13288,0.0409014,2.1401,-0.285559,-0.611125,FRENET,0.359855,0.552711,0.359855,0,0.552711,0.39001,0
3.93476,-4.1754,8.13288,0.0409014,2.1401,-0.285559,-0.611125,FRENET,0.359855,0.552711,0.359855,0,0.552711,0.39001,0
3.93951,-4.15388,8.13343,0.0379829,2.16426,-0.282972,-0.612425,FRENET,0.359855,0.552711,0.359855,0,0.552711,0.39001,0
3.94276,-4.15388,8.13343,0.0379829,2.16426,-0.282972,-0.612425,FRENET,0.359855,0.552711,0.359855,0,0.552711,0.39001,0
3.9468,-4.15388,8.13343,0.0379829,2.16426,-0.282972,-0.612425,FRENET,0.359855,0.552711,0.359855,0,0.552711,0.39001,0
3.95072,-4.13213,8.13396,0.0354688,2.18727,-0.210374,-0.460144,FRENET,0.359855,0.552711,0.359855,0,0.552711,0.39001,0
3.95476,-4.13213,8.13396,0.0354688,2.18727,-0.210374,-0.460144,FRENET,0.359855,0.552711,0.359855,0,0.552711,0.39001,0
3.95951,-4.11016,8.13452,0.0336515,2.20919,-0.172098,-0.380196,FRENET,0.359855,0.552711,0.359855,0,0.552711,0.39001,0
3.96273,-4.11016,8.13452,0.0336515,2.20919,-0.172098,-0.380196,FRENET,0.359855,0.552711,0.359855,0,0.552711,0.39001,0
3.96676,-4.11016,8.13452,0.0336515,2.20919,-0.172098,-0.380196,FRENET,0.359855,0.552711,0.359855,0,0.552711,0.39001,0
3.97076,-4.08797,8.13506,0.0320107,2.23006,-0.142677,-0.318178,FRENET,0.359855,0.552711,0.359855,0,0.552711,0.39001,0
3.97476,-4.08797,8.13506,0.0320107,2.23006,-0.142677,-0.318178,FRENET,0.503023,0.569174,0.503023,0,0.569174,0.397664,0
3.97949,-4.06557,8.13562,0.0307289,2.25049,-0.130574,-0.293856,FRENET,0.503023,0.569174,0.503023,0,0.569174,0.397664,0
3.98276,-4.06557,8.13562,0.0307289,2.25049,-0.130574,-0.293856,FRENET,0.503023,0.569174,0.503023,0,0.569174,0.397664,0
3.98676,-4.06557,8.13562,0.0307289,2.25049,-0.130574,-0.293856,FRENET,0.503023,0.569174,0.503023,0,0.569174,0.397664,0
3.99075,-4.04292,8.13616,0.0294222,2.28183,-0.116918,-0.266787,FRENET,0.503023,0.569174,0.503023,0,0.569174,0.397664,0
3.99477,-4.04292,8.13616,0.0294222,2.28183,-0.116918,-0.266787,FRENET,0.503023,0.569174,0.503023,0,0.569174,0.397664,0
3.99948,-4.01995,8.1367,0.0283435,2.31168,-0.114195,-0.263983,FRENET,0.503023,0.569174,0.503023,0,0.569174,0.397664,0
4.00276,-4.01995,8.1367,0.0283435,2.31168,-0.114195,-0.263983,FRENET,0.503023,0.569174,0.503023,0,0.569174,0.397664,0
4.00676,-4.01995,8.1367,0.0283435,2.31168,-0.114195,-0.263983,FRENET,0.503023,0.569174,0.503023,0,0.569174,0.397664,0
4.01077,-3.9967,8.13722,0.0271627,2.34011,-0.107337,-0.25118,FRENET,0.503023,0.569174,0.503023,0,0.569174,0.397664,0
4.01478,-3.9967,8.13722,0.0271627,2.34011,-0.107337,-0.25118,FRENET,0.503023,0.569174,0.503023,0,0.569174,0.397664,0
4.01944,-3.97317,8.13775,0.0261581,2.36719,-0.108813,-0.257582,FRENET,0.503023,0.569174,0.503023,0,0.569174,0.397664,0
4.02277,-3.97317,8.13775,0.0261581,2.36719,-0.108813,-0.257582,FRENET,0.503023,0.569174,0.503023,0,0.569174,0.397664,0
4.02678,-3.97317,8.13775,0.0261581,2.36719,-0.108813,-0.257582,FRENET,0.576317,0.569174,0.576317,0,0.569174,0.39491,0
4.03077,-3.94938,8.13824,0.0250158,2.39299,-0.104627,-0.250372,FRENET,0.576317,0.569174,0.576317,0,0.569174,0.39491,0
4.03478,-3.94938,8.13824,0.0250158,2.39299,-0.104627,-0.250372,FRENET,0.576317,0.569174,0.576317,0,0.569174,0.39491,0
4.03942,-3.92533,8.13874,0.0240303,2.41755,-0.10776,-0.260515,FRENET,0.576317,0.569174,0.576317,0,0.569174,0.39491,0
4.04278,-3.92533,8.13874,0.0240303,2.41755,-0.10776,-0.260515,FRENET,0.576317,0.569174,0.576317,0,0.569174,0.39491,0
4.04682,-3.92533,8.13874,0.0240303,2.41755,-0.10776,-0.260515,FRENET,0.576317,0.569174,0.576317,0,0.569174,0.39491,0
4.05076,-3.90104,8.1392,0.0228919,2.44095,-0.104652,-0.25545,FRENET,0.576317,0.569174,0.576317,0,0.569174,0.39491,0
4.05478,-3.90104,8.1392,0.0228919,2.44095,-0.104652,-0.25545,FRENET,0.576317,0.569174,0.576317,0,0.569174,0.39491,0
4.05947,-3.87652,8.13966,0.0219034,2.46324,-0.108437,-0.267107,FRENET,0.576317,0.569174,0.576317,0,0.569174,0.39491,0
4.06278,-3.87652,8.13966,0.0219034,2.46324,-0.108437,-0.267107,FRENET,0.576317,0.569174,0.576317,0,0.569174,0.39491,0
4.06677,-3.87652,8.13966,0.0219034,2.46324,-0.108437,-0.267107,FRENET,0.576317,0.569174,0.576317,0,0.569174,0.39491,0
4.07077,-3.85179,8.14009,0.0207551,2.48447,-0.105762,-0.262763,FRENET,0.576317,0.569174,0.576317,0,0.569174,0.39491,0
4.07473,-3.85179,8.14009,0.0207551,2.48447,-0.105762,-0.262763,FRENET,0.571482,0.569174,0.571482,0,0.569174,0.404727,0
4.07947,-3.82685,8.14051,0.0197549,2.50468,-0.10979,-0.274989,FRENET,0.571482,0.569174,0.571482,0,0.569174,0.404727,0
4.08277,-3.82685,8.14051,0.0197549,2.50468,-0.10979,-0.274989,FRENET,0.571482,0.569174,0.571482,0,0.569174,0.404727,0
4.08677,-3.82685,8.14051,0.0197549,2.50468,-0.10979,-0.274989,FRENET,0.571482,0.569174,0.571482,0,0.569174,0.404727,0
4.09075,-3.80171,8.1409,0.0185915,2.52394,-0.107277,-0.270761,FRENET,0.571482,0.569174,0.571482,0,0.569174,0.404727,0
4.09476,-3.80171,8.1409,0.0185915,2.52394,-0.107277,-0.270761,FRENET,0.571482,0.569174,0.571482,0,0.569174,0.404727,0
4.09947,-3.77638,8.14128,0.0175765,2.54228,-0.111373,-0.283141,FRENET,0.571482,0.569174,0.571482,0,0.569174,0.404727,0
4.10276,-3.77638,8.14128,0.0175765,2.54228,-0.111373,-0.283141,FRENET,0.571482,0.569174,0.571482,0,0.569174,0.404727,0
4.10676,-3.77638,8.14128,0.0175765,2.54228,-0.111373,-0.283141,FRENET,0.571482,0.569174,0.571482,0,0.569174,0.404727,0
4.11075,-3.75087,8.14162,0.0163963,2.55975,-0.108905,-0.278769,FRENET,0.571482,0.569174,0.571482,0,0.569174,0.404727,0
4.11476,-3.75087,8.14162,0.0163963,2.55975,-0.108905,-0.278769,FRENET,0.571482,0.569174,0.571482,0,0.569174,0.404727,0
4.11946,-3.72519,8.14195,0.0153657,2.57638,-0.112994,-0.291117,FRENET,0.571482,0.569174,0.571482,0,0.569174,0.404727,0
4.12283,-3.72519,8.14195,0.0153657,2.57638,-0.112994,-0.291117,FRENET,0.571482,0.569174,0.571482,0,0.569174,0.404727,0
4.12684,-3.72519,8.14195,0.0153657,2.57638,-0.112994,-0.291117,FRENET,0.590064,0.569174,0.590064,0,0.569174,0.406601,0
4.13082,-3.69935,8.14225,0.0141687,2.59223,-0.11052,-0.286493,FRENET,0.590064,0.569174,0.590064,0,0.569174,0.406601,0
4.13483,-3.69935,8.14225,0.0141687,2.59223,-0.11052,-0.286493,FRENET,0.590064,0.569174,0.590064,0,0.569174,0.406601,0
4.13953,-3.67335,8.14253,0.0131227,2.60732,-0.114571,-0.298725,FRENET,0.590064,0.569174,0.590064,0,0.569174,0.406601,0
4.14283,-3.67335,8.14253,0.0131227,2.60732,-0.114571,-0.298725,FRENET,0.590064,0.569174,0.590064,0,0.569174,0.406601,0
4.14687,-3.67335,8.14253,0.0131227,2.60732,-0.114571,-0.298725,FRENET,0.590064,0.569174,0.590064,0,0.569174,0.406601,0
4.15082,-3.64721,8.14277,0.0119096,2.6217,-0.112067,-0.293807,FRENET,0.590064,0.569174,0.590064,0,0.569174,0.406601,0
4.15474,-3.64721,8.14277,0.0119096,2.6217,-0.112067,-0.293807,FRENET,0.590064,0.569174,0.590064,0,0.569174,0.406601,0
4.15945,-3.62087,8.143,0.0108537,2.64728,-0.114345,-0.302703,FRENET,0.590064,0.569174,0.590064,0,0.569174,0.406601,0
4.16277,-3.62087,8.143,0.0108537,2.64728,-0.114345,-0.302703,FRENET,0.590064,0.569174,0.590064,0,0.569174,0.406601,0
4.16676,-3.62087,8.143,0.0108537,2.64728,-0.114345,-0.302703,FRENET,0.590064,0.569174,0.590064,0,0.569174,0.406601,0
4.17075,-3.59427,8.1432,0.00964962,2.67164,-0.111325,-0.297422,FRENET,0.590064,0.569174,0.590064,0,0.569174,0.406601,0
4.17477,-3.59427,8.1432,0.00964962,2.67164,-0.111325,-0.297422,FRENET,0.560166,0.580282,0.560166,0,0.580282,0.411838,0
4.17947,-3.56747,8.14337,0.00859343,2.68942,-0.115568,-0.310812,FRENET,0.560166,0.580282,0.560166,0,0.580282,0.411838,0
4.18277,-3.56747,8.14337,0.00859343,2.68942,-0.115568,-0.310812,FRENET,0.560166,0.580282,0.560166,0,0.580282,0.411838,0
4.18677,-3.56747,8.14337,0.00859343,2.68942,-0.115568,-0.310812,FRENET,0.560166,0.580282,0.560166,0,0.580282,0.411838,0
4.19076,-3.54049,8.14351,0.00736908,2.70636,-0.113506,-0.307188,FRENET,0.560166,0.580282,0.560166,0,0.580282,0.411838,0
4.19478,-3.54049,8.14351,0.00736908,2.70636,-0.113506,-0.307188,FRENET,0.560166,0.580282,0.560166,0,0.580282,0.411838,0
4.19945,-3.51329,8.14363,0.0062978,2.73438,-0.115783,-0.316595,FRENET,0.560166,0.580282,0.560166,0,0.580282,0.411838,0
4.20277,-3.51329,8.14363,0.0062978,2.73438,-0.115783,-0.316595,FRENET,0.560166,0.580282,0.560166,0,0.580282,0.411838,0
4.20679,-3.51329,8.14363,0.0062978,2.73438,-0.115783,-0.316595,FRENET,0.560166,0.580282,0.560166,0,0.580282,0.411838,0
4.21076,-3.48581,8.14372,0.00507888,2.76106,-0.113035,-0.312097,FRENET,0.560166,0.580282,0.560166,0,0.580282,0.411838,0
4.21479,-3.48581,8.14372,0.00507888,2.76106,-0.113035,-0.312097,FRENET,0.560166,0.580282,0.560166,0,0.580282,0.411838,0
4.21946,-3.45807,8.14378,0.00400711,2.78648,-0.116451,-0.32449,FRENET,0.560166,0.580282,0.560166,0,0.580282,0.411838,0
4.22278,-3.45807,8.14378,0.00400711,2.78648,-0.116451,-0.32449,FRENET,0.560166,0.580282,0.560166,0,0.580282,0.411838,0
4.22678,-3.45807,8.14378,0.00400711,2.78648,-0.116451,-0.32449,FRENET,0.567485,0.580282,0.567485,0,0.580282,0.416729,0
4.23077,-3.43008,8.1438,0.00277679,2.81069,-0.114408,-0.321564,FRENET,0.567485,0.580282,0.567485,0,0.580282,0.416729,0
4.23478,-3.43008,8.1438,0.00277679,2.81069,-0.114408,-0.321564,FRENET,0.567485,0.580282,0.567485,0,0.580282,0.416729,0
4.23945,-3.40186,8.14381,0.00168996,2.83375,-0.118227,-0.335026,FRENET,0.567485,0.580282,0.567485,0,0.580282,0.416729,0
4.24278,-3.40186,8.14381,0.00168996,2.83375,-0.118227,-0.335026,FRENET,0.567485,0.580282,0.567485,0,0.580282,0.416729,0
4.24681,-3.40186,8.14381,0.00168996,2.83375,-0.118227,-0.335026,FRENET,0.567485,0.580282,0.567485,0,0.580282,0.416729,0
4.25076,-3.37341,8.14377,0.000439801,2.85571,-0.116413,-0.332441,FRENET,0.567485,0.580282,0.567485,0,0.580282,0.416729,0
4.25477,-3.37341,8.14377,0.000439801,2.85571,-0.116413,-0.332441,FRENET,0.567485,0.580282,0.567485,0,0.580282,0.416729,0
4.25945,-3.34475,8.14371,-0.000666865,2.87663,-0.120334,-0.346156,FRENET,0.567485,0.580282,0.567485,0,0.580282,0.416729,0
4.26277,-3.34475,8.14371,-0.000666865,2.87663,-0.120334,-0.346156,FRENET,0.567485,0.580282,0.567485,0,0.580282,0.416729,0
4.26677,-3.34475,8.14371,-0.000666865,2.87663,-0.120334,-0.346156,FRENET,0.567485,0.580282,0.567485,0,0.580282,0.416729,0
4.27076,-3.31589,8.14361,-0.00193907,2.89655,-0.118556,-0.343405,FRENET,0.567485,0.580282,0.567485,0,0.580282,0.416729,0
4.27477,-3.31589,8.14361,-0.00193907,2.89655,-0.118556,-0.343405,FRENET,0.566296,0.580282,0.566296,0,0.580282,0.416689,0
4.27945,-3.28683,8.14349,-0.00306639,2.91553,-0.12246,-0.357035,FRENET,0.566296,0.580282,0.566296,0,0.580282,0.416689,0
4.28277,-3.28683,8.14349,-0.00306639,2.91553,-0.12246,-0.357035,FRENET,0.566296,0.580282,0.566296,0,0.580282,0.416689,0
4.28678,-3.28683,8.14349,-0.00306639,2.91553,-0.12246,-0.357035,FRENET,0.566296,0.580282,0.566296,0,0.580282,0.416689,0
4.29076,-3.25758,8.14332,-0.00436035,2.9336,-0.120645,-0.353924,FRENET,0.566296,0.580282,0.566296,0,0.580282,0.416689,0
4.29478,-3.25758,8.14332,-0.00436035,2.9336,-0.120645,-0.353924,FRENET,0.566296,0.580282,0.566296,0,0.580282,0.416689,0
4.29945,-3.22816,8.14313,-0.0055076,2.95081,-0.124488,-0.367341,FRENET,0.566296,0.580282,0.566296,0,0.580282,0.416689,0
4.30279,-3.22816,8.14313,-0.0055076,2.95081,-0.124488,-0.367341,FRENET,0.566296,0.580282,0.566296,0,0.580282,0.416689,0
4.30678,-3.22816,8.14313,-0.0055076,2.95081,-0.124488,-0.367341,FRENET,0.566296,0.580282,0.566296,0,0.580282,0.416689,0
4.31076,-3.19857,8.14289,-0.00682215,2.96721,-0.122611,-0.363811,FRENET,0.566296,0.580282,0.566296,0,0.580282,0.416689,0
4.31478,-3.19857,8.14289,-0.00682215,2.96721,-0.122611,-0.363811,FRENET,0.566296,0.580282,0.566296,0,0.580282,0.416689,0
4.31945,-3.16882,8.14263,-0.00798809,2.98282,-0.126381,-0.376971,FRENET,0.566296,0.580282,0.566296,0,0.580282,0.416689,0
4.32278,-3.16882,8.14263,-0.00798809,2.98282,-0.126381,-0.376971,FRENET,0.566296,0.580282,0.566296,0,0.580282,0.416689,0
4.32678,-3.16882,8.14263,-0.00798809,2.98282,-0.126381,-0.376971,FRENET,0.558761,0.580282,0.558761,0,0.580282,0.421326,0
4.33077,-3.13892,8.14232,-0.00932178,2.9977,-0.124435,-0.373018,FRENET,0.558761,0.580282,0.558761,0,0.580282,0.421326,0
4.33478,-3.13892,8.14232,-0.00932178,2.9977,-0.124435,-0.373018,FRENET,0.558761,0.580282,0.558761,0,0.580282,0.421326,0
4.33945,-3.10888,8.14199,-0.0105051,3.01186,-0.128132,-0.385917,FRENET,0.558761,0.580282,0.558761,0,0.580282,0.421326,0
4.34278,-3.10888,8.14199,-0.0105051,3.01186,-0.128132,-0.385917,FRENET,0.558761,0.580282,0.558761,0,0.580282,0.421326,0
4.34682,-3.10888,8.14199,-0.0105051,3.01186,-0.128132,-0.385917,FRENET,0.558761,0.580282,0.558761,0,0.580282,0.421326,0
4.35077,-3.07869,8.1416,-0.0118564,3.02535,-0.12612,-0.381558,FRENET,0.558761,0.580282,0.558761,0,0.580282,0.421326,0
4.35477,-3.07869,8.1416,-0.0118564,3.02535,-0.12612,-0.381558,FRENET,0.558761,0.580282,0.558761,0,0.580282,0.421326,0
4.35945,-3.04832,8.14119,-0.0130482,3.05009,-0.127499,-0.388884,FRENET,0.558761,0.580282,0.558761,0,0.580282,0.421326,0
4.36279,-3.04832,8.14119,-0.0130482,3.05009,-0.127499,-0.388884,FRENET,0.558761,0.580282,0.558761,0,0.580282,0.421326,0
4.36678,-3.04832,8.14119,-0.0130482,3.05009,-0.127499,-0.388884,FRENET,0.558761,0.580282,0.558761,0,0.580282,0.421326,0
4.37077,-3.0177,8.14073,-0.0143838,3.07365,-0.124477,-0.3826,FRENET,0.558761,0.580282,0.558761,0,0.580282,0.421326,0
4.37478,-3.0177,8.14073,-0.0143838,3.07365,-0.124477,-0.3826,FRENET,0.549749,0.585576,0.549749,0,0.585576,0.421188,0
4.37945,-2.98683,8.14024,-0.0155628,3.10066,-0.126373,-0.391838,FRENET,0.549749,0.585576,0.549749,0,0.585576,0.421188,0
4.38278,-2.98683,8.14024,-0.0155628,3.10066,-0.126373,-0.391838,FRENET,0.549749,0.585576,0.549749,0,0.585576,0.421188,0
4.38677,-2.98683,8.14024,-0.0155628,3.10066,-0.126373,-0.391838,FRENET,0.549749,0.585576,0.549749,0,0.585576,0.421188,0
4.39077,-2.9557,8.1397,-0.0168891,3.12638,-0.123883,-0.387306,FRENET,0.549749,0.585576,0.549749,0,0.585576,0.421188,0
4.39478,-2.9557,8.1397,-0.0168891,3.12638,-0.123883,-0.387306,FRENET,0.549749,0.585576,0.549749,0,0.585576,0.421188,0
4.39944,-2.92432,8.13912,-0.0180673,3.15088,-0.126927,-0.399931,FRENET,0.549749,0.585576,0.549749,0,0.585576,0.421188,0
4.40278,-2.92432,8.13912,-0.0180673,3.15088,-0.126927,-0.399931,FRENET,0.549749,0.585576,0.549749,0,0.585576,0.421188,0
4.40678,-2.92432,8.13912,-0.0180673,3.15088,-0.126927,-0.399931,FRENET,0.549749,0.585576,0.549749,0,0.585576,0.421188,0
4.41076,-2.8927,8.1385,-0.0194041,3.17422,-0.125176,-0.397334,FRENET,0.549749,0.585576,0.549749,0,0.585576,0.421188,0
4.41478,-2.8927,8.1385,-0.0194041,3.17422,-0.125176,-0.397334,FRENET,0.549749,0.585576,0.549749,0,0.585576,0.421188,0
4.41945,-2.86086,8.13784,-0.0205968,3.19644,-0.128678,-0.411313,FRENET,0.549749,0.585576,0.549749,0,0.585576,0.421188,0
4.42278,-2.86086,8.13784,-0.0205968,3.19644,-0.128678,-0.411313,FRENET,0.549749,0.585576,0.549749,0,0.585576,0.421188,0
4.42678,-2.86086,8.13784,-0.0205968,3.19644,-0.128678,-0.411313,FRENET,0.56384,0.585576,0.56384,0,0.585576,0.415113,0
4.43076,-2.8288,8.13713,-0.0219534,3.21761,-0.127198,-0.409273,FRENET,0.56384,0.585576,0.56384,0,0.585576,0.415113,0
4.43478,-2.8288,8.13713,-0.0219534,3.21761,-0.127198,-0.409273,FRENET,0.56384,0.585576,0.56384,0,0.585576,0.415113,0
4.43944,-2.79653,8.13639,-0.0230246,3.23777,-0.0891998,-0.288809,FRENET,0.56384,0.585576,0.56384,0,0.585576,0.415113,0
4.44279,-2.79653,8.13639,-0.0230246,3.23777,-0.0891998,-0.288809,FRENET,0.56384,0.585576,0.56384,0,0.585576,0.415113,0
4.4468,-2.79653,8.13639,-0.0230246,3.23777,-0.0891998,-0.288809,FRENET,0.56384,0.585576,0.56384,0,0.585576,0.415113,0
4.45075,-2.76406,8.13567,-0.0236308,3.25698,-0.0202028,-0.0658,FRENET,0.56384,0.585576,0.56384,0,0.585576,0.415113,0
4.45476,-2.76406,8.13567,-0.0236308,3.25698,-0.0202028,-0.0658,FRENET,0.56384,0.585576,0.56384,0,0.585576,0.415113,0
4.4594,-2.73141,8.13497,-0.0235153,3.27526,0.0250072,0.0819051,FRENET,0.56384,0.585576,0.56384,0,0.585576,0.415113,0
4.46277,-2.73141,8.13497,-0.0235153,3.27526,0.0250072,0.0819051,FRENET,0.56384,0.585576,0.56384,0,0.585576,0.415113,0
4.46676,-2.73141,8.13497,-0.0235153,3.27526,0.0250072,0.0819051,FRENET,0.56384,0.585576,0.56384,0,0.585576,0.415113,0
4.47072,-2.69857,8.13429,-0.02315,3.29268,0.0617862,0.203443,FRENET,0.56384,0.585576,0.56384,0,0.585576,0.415113,0
4.47476,-2.69857,8.13429,-0.02315,3.29268,0.0617862,0.203443,FRENET,0.552422,0.585576,0.552422,0,0.585576,0.417671,0
4.47944,-2.66557,8.13364,-0.0223366,3.30928,0.0837402,0.27712,FRENET,0.552422,0.585576,0.552422,0,0.585576,0.417671,0
4.48277,-2.66557,8.13364,-0.0223366,3.30928,0.0837402,0.27712,FRENET,0.552422,0.585576,0.552422,0,0.585576,0.417671,0
4.48673,-2.66557,8.13364,-0.0223366,3.30928,0.0837402,0.27712,FRENET,0.552422,0.585576,0.552422,0,0.585576,0.417671,0
4.49075,-2.63241,8.13299,-0.021473,3.32508,0.103769,0.345042,FRENET,0.552422,0.585576,0.552422,0,0.585576,0.417671,0
4.49476,-2.63241,8.13299,-0.021473,3.32508,0.103769,0.345042,FRENET,0.552422,0.585576,0.552422,0,0.585576,0.417671,0
4.4994,-2.59908,8.13239,-0.0203027,3.34013,0.113689,0.379736,FRENET,0.552422,0.585576,0.552422,0,0.585576,0.417671,0
4.50276,-2.59908,8.13239,-0.0203027,3.34013,0.113689,0.379736,FRENET,0.552422,0.585576,0.552422,0,0.585576,0.417671,0
4.50677,-2.59908,8.13239,-0.0203027,3.34013,0.113689,0.379736,FRENET,0.552422,0.585576,0.552422,0,0.585576,0.417671,0
4.51075,-2.56562,8.1318,-0.0191857,3.35447,0.125099,0.419641,FRENET,0.552422,0.585576,0.552422,0,0.585576,0.417671,0
4.51476,-2.56562,8.1318,-0.0191857,3.35447,0.125099,0.419641,FRENET,0.552422,0.585576,0.552422,0,0.585576,0.417671,0
4.51943,-2.53201,8.13125,-0.0178341,3.36812,0.128866,0.434036,FRENET,0.552422,0.585576,0.552422,0,0.585576,0.417671,0
4.52277,-2.53201,8.13125,-0.0178341,3.36812,0.128866,0.434036,FRENET,0.552422,0.585576,0.552422,0,0.585576,0.417671,0
4.52677,-2.53201,8.13125,-0.0178341,3.36812,0.128866,0.434036,FRENET,0.559923,0.585576,0.559923,0,0.585576,0.412965,0
4.53075,-2.49827,8.13072,-0.016589,3.38113,0.135904,0.459507,FRENET,0.559923,0.585576,0.559923,0,0.585576,0.412965,0
4.53479,-2.49827,8.13072,-0.016589,3.38113,0.135904,0.459507,FRENET,0.559923,0.585576,0.559923,0,0.585576,0.412965,0
4.53943,-2.4644,8.13024,-0.0151453,3.39351,0.136576,0.463473,FRENET,0.559923,0.585576,0.559923,0,0.585576,0.412965,0
4.54276,-2.4644,8.13024,-0.0151453,3.39351,0.136576,0.463473,FRENET,0.559923,0.585576,0.559923,0,0.585576,0.412965,0
4.54681,-2.4644,8.13024,-0.0151453,3.39351,0.136576,0.463473,FRENET,0.559923,0.585576,0.559923,0,0.585576,0.412965,0
4.55075,-2.43035,8.12975,-0.0141229,3.4172,0.0567484,0.19392,FRENET,0.559923,0.585576,0.559923,0,0.585576,0.412965,0
4.55478,-2.43035,8.12975,-0.0141229,3.4172,0.0567484,0.19392,FRENET,0.559923,0.585576,0.559923,0,0.585576,0.412965,0
4.55943,-2.39607,8.12921,-0.0139194,3.43976,0.0022334,0.00768235,FRENET,0.559923,0.585576,0.559923,0,0.585576,0.412965,0
4.56277,-2.39607,8.12921,-0.0139194,3.43976,0.0022334,0.00768235,FRENET,0.559923,0.585576,0.559923,0,0.585576,0.412965,0
4.56677,-2.39607,8.12921,-0.0139194,3.43976,0.0022334,0.00768235,FRENET,0.559923,0.585576,0.559923,0,0.585576,0.412965,0
4.57076,-2.36157,8.12866,-0.0140513,3.46124,-0.0417538,-0.14452,FRENET,0.559923,0.585576,0.559923,0,0.585576,0.412965,0
4.57477,-2.36157,8.12866,-0.0140513,3.46124,-0.0417538,-0.14452,FRENET,0.542047,0.586159,0.542047,0,0.586159,0.415086,0
4.5794,-2.32691,8.12807,-0.0147058,3.47037,-0.0711298,-0.246847,FRENET,0.542047,0.586159,0.542047,0,0.586159,0.415086,0
4.58275,-2.32691,8.12807,-0.0147058,3.47037,-0.0711298,-0.246847,FRENET,0.542047,0.586159,0.542047,0,0.586159,0.415086,0
4.58674,-2.32691,8.12807,-0.0147058,3.47037,-0.0711298,-0.246847,FRENET,0.542047,0.586159,0.542047,0,0.586159,0.415086,0
4.59074,-2.29217,8.12746,-0.0154701,3.47907,-0.0967856,-0.336723,FRENET,0.542047,0.586159,0.542047,0,0.586159,0.415086,0
4.59474,-2.29217,8.12746,-0.0154701,3.47907,-0.0967856,-0.336723,FRENET,0.542047,0.586159,0.542047,0,0.586159,0.415086,0
4.5994,-2.2573,8.12681,-0.0165849,3.49721,-0.109686,-0.383595,FRENET,0.542047,0.586159,0.542047,0,0.586159,0.415086,0
4.60274,-2.2573,8.12681,-0.0165849,3.49721,-0.109686,-0.383595,FRENET,0.542047,0.586159,0.542047,0,0.586159,0.415086,0
4.60674,-2.2573,8.12681,-0.0165849,3.49721,-0.109686,-0.383595,FRENET,0.542047,0.586159,0.542047,0,0.586159,0.415086,0
4.6107,-2.22224,8.12617,-0.0173843,3.51449,-0.0380196,-0.133619,FRENET,0.542047,0.586159,0.542047,0,0.586159,0.415086,0
4.61471,-2.22224,8.12617,-0.0173843,3.51449,-0.0380196,-0.133619,FRENET,0.542047,0.586159,0.542047,0,0.586159,0.415086,0
4.61941,-2.18702,8.12557,-0.0174277,3.53095,0.010983,0.0387803,FRENET,0.542047,0.586159,0.542047,0,0.586159,0.415086,0
4.62274,-2.18702,8.12557,-0.0174277,3.53095,0.010983,0.0387803,FRENET,0.542047,0.586159,0.542047,0,0.586159,0.415086,0
4.62675,-2.18702,8.12557,-0.0174277,3.53095,0.010983,0.0387803,FRENET,0.554056,0.586159,0.554056,0,0.586159,0.41299,0
4.63073,-2.15164,8.12499,-0.0171851,3.54662,0.0513723,0.182198,FRENET,0.554056,0.586159,0.554056,0,0.586159,0.41299,0
4.63474,-2.15164,8.12499,-0.0171851,3.54662,0.0513723,0.182198,FRENET,0.554056,0.586159,0.554056,0,0.586159,0.41299,0
4.63937,-2.1161,8.12445,-0.0164565,3.56155,0.0770221,0.274318,FRENET,0.554056,0.586159,0.554056,0,0.586159,0.41299,0
4.64274,-2.1161,8.12445,-0.0164565,3.56155,0.0770221,0.274318,FRENET,0.554056,0.586159,0.554056,0,0.586159,0.41299,0
4.64678,-2.1161,8.12445,-0.0164565,3.56155,0.0770221,0.274318,FRENET,0.554056,0.586159,0.554056,0,0.586159,0.41299,0
4.65073,-2.08042,8.12393,-0.0156454,3.57577,0.100028,0.357676,FRENET,0.554056,0.586159,0.554056,0,0.586159,0.41299,0
4.65474,-2.08042,8.12393,-0.0156454,3.57577,0.100028,0.357676,FRENET,0.554056,0.586159,0.554056,0,0.586159,0.41299,0
4.65937,-2.0446,8.12345,-0.0144975,3.58932,0.112769,0.404764,FRENET,0.554056,0.586159,0.554056,0,0.586159,0.41299,0
4.66275,-2.0446,8.12345,-0.0144975,3.58932,0.112769,0.404764,FRENET,0.554056,0.586159,0.554056,0,0.586159,0.41299,0
4.66674,-2.0446,8.12345,-0.0144975,3.58932,0.112769,0.404764,FRENET,0.554056,0.586159,0.554056,0,0.586159,0.41299,0
4.67073,-2.00864,8.12299,-0.0133796,3.60222,0.126225,0.454691,FRENET,0.554056,0.586159,0.554056,0,0.586159,0.41299,0
4.67475,-2.00864,8.12299,-0.0133796,3.60222,0.126225,0.454691,FRENET,0.552681,0.586159,0.552681,0,0.586159,0.410687,0
4.67937,-1.97256,8.12258,-0.0120063,3.6145,0.131923,0.476834,FRENET,0.552681,0.586159,0.552681,0,0.586159,0.410687,0
4.68273,-1.97256,8.12258,-0.0120063,3.6145,0.131923,0.476834,FRENET,0.552681,0.586159,0.552681,0,0.586159,0.410687,0
4.68673,-1.97256,8.12258,-0.0120063,3.6145,0.131923,0.476834,FRENET,0.552681,0.586159,0.552681,0,0.586159,0.410687,0
4.69071,-1.93636,8.12219,-0.0107245,3.6262,0.140208,0.508422,FRENET,0.552681,0.586159,0.552681,0,0.586159,0.410687,0
4.69473,-1.93636,8.12219,-0.0107245,3.6262,0.140208,0.508422,FRENET,0.552681,0.586159,0.552681,0,0.586159,0.410687,0
4.69939,-1.90004,8.12185,-0.00923088,3.63735,0.14212,0.516941,FRENET,0.552681,0.586159,0.552681,0,0.586159,0.410687,0
4.70273,-1.90004,8.12185,-0.00923088,3.63735,0.14212,0.516941,FRENET,0.552681,0.586159,0.552681,0,0.586159,0.410687,0
4.70673,-1.90004,8.12185,-0.00923088,3.63735,0.14212,0.516941,FRENET,0.552681,0.586159,0.552681,0,0.586159,0.410687,0
4.71071,-1.86362,8.12153,-0.00801153,3.64797,0.103644,0.37809,FRENET,0.552681,0.586159,0.552681,0,0.586159,0.410687,0
4.71473,-1.86362,8.12153,-0.00801153,3.64797,0.103644,0.37809,FRENET,0.552681,0.586159,0.552681,0,0.586159,0.410687,0
4.7194,-1.82709,8.1212,-0.0072753,3.65808,0.0308924,0.113007,FRENET,0.552681,0.586159,0.552681,0,0.586159,0.410687,0
4.72273,-1.82709,8.1212,-0.0072753,3.65808,0.0308924,0.113007,FRENET,0.552681,0.586159,0.552681,0,0.586159,0.410687,0
4.72674,-1.82709,8.1212,-0.0072753,3.65808,0.0308924,0.113007,FRENET,0.553045,0.586159,0.553045,0,0.586159,0.41765,0
4.73073,-1.79046,8.12083,-0.00731015,3.66771,-0.0189675,-0.0695674,FRENET,0.553045,0.586159,0.553045,0,0.586159,0.41765,0
4.73474,-1.79046,8.12083,-0.00731015,3.66771,-0.0189675,-0.0695674,FRENET,0.553045,0.586159,0.553045,0,0.586159,0.41765,0
4.73936,-1.75374,8.12045,-0.0076335,3.67688,-0.0600081,-0.220643,FRENET,0.553045,0.586159,0.553045,0,0.586159,0.41765,0
4.74274,-1.75374,8.12045,-0.0076335,3.67688,-0.0600081,-0.220643,FRENET,0.553045,0.586159,0.553045,0,0.586159,0.41765,0
4.74675,-1.75374,8.12045,-0.0076335,3.67688,-0.0600081,-0.220643,FRENET,0.553045,0.586159,0.553045,0,0.586159,0.41765,0
4.75073,-1.71693,8.12003,-0.00845296,3.68562,-0.0860797,-0.317257,FRENET,0.553045,0.586159,0.553045,0,0.586159,0.41765,0
4.75474,-1.71693,8.12003,-0.00845296,3.68562,-0.0860797,-0.317257,FRENET,0.553045,0.586159,0.553045,0,0.586159,0.41765,0
4.75936,-1.68004,8.1196,-0.00935382,3.69394,-0.109335,-0.403875,FRENET,0.553045,0.586159,0.553045,0,0.586159,0.41765,0
4.76277,-1.68004,8.1196,-0.00935382,3.69394,-0.109335,-0.403875,FRENET,0.553045,0.586159,0.553045,0,0.586159,0.41765,0
4.76676,-1.68004,8.1196,-0.00935382,3.69394,-0.109335,-0.403875,FRENET,0.553045,0.586159,0.553045,0,0.586159,0.41765,0
4.77075,-1.64306,8.11913,-0.0105973,3.70186,-0.122151,-0.452185,FRENET,0.553045,0.586159,0.553045,0,0.586159,0.41765,0
4.77476,-1.64306,8.11913,-0.0105973,3.70186,-0.122151,-0.452185,FRENET,0.559977,0.58177,0.559977,0,0.58177,0.411312,0
4.77942,-1.60604,8.11864,-0.01181,3.70291,-0.136639,-0.505964,FRENET,0.559977,0.58177,0.559977,0,0.58177,0.411312,0
4.7828,-1.60604,8.11864,-0.01181,3.70291,-0.136639,-0.505964,FRENET,0.559977,0.58177,0.559977,0,0.58177,0.411312,0
4.78681,-1.60604,8.11864,-0.01181,3.70291,-0.136639,-0.505964,FRENET,0.559977,0.58177,0.559977,0,0.58177,0.411312,0
4.79081,-1.56901,8.1181,-0.013294,3.70392,-0.142775,-0.528827,FRENET,0.559977,0.58177,0.559977,0,0.58177,0.411312,0
4.7948,-1.56901,8.1181,-0.013294,3.70392,-0.142775,-0.528827,FRENET,0.559977,0.58177,0.559977,0,0.58177,0.411312,0
4.79942,-1.53193,8.11757,-0.0143752,3.71254,-0.0609801,-0.226391,FRENET,0.559977,0.58177,0.559977,0,0.58177,0.411312,0
4.8028,-1.53193,8.11757,-0.0143752,3.71254,-0.0609801,-0.226391,FRENET,0.559977,0.58177,0.559977,0,0.58177,0.411312,0
4.80677,-1.53193,8.11757,-0.0143752,3.71254,-0.0609801,-0.226391,FRENET,0.559977,0.58177,0.559977,0,0.58177,0.411312,0
4.81075,-1.49477,8.11708,-0.0146032,3.72075,-0.00390531,-0.0145307,FRENET,0.559977,0.58177,0.559977,0,0.58177,0.411312,0
4.81477,-1.49477,8.11708,-0.0146032,3.72075,-0.00390531,-0.0145307,FRENET,0.559977,0.58177,0.559977,0,0.58177,0.411312,0
4.81942,-1.45752,8.11661,-0.0144795,3.72857,0.042818,0.15965,FRENET,0.559977,0.58177,0.559977,0,0.58177,0.411312,0
4.82277,-1.45752,8.11661,-0.0144795,3.72857,0.042818,0.15965,FRENET,0.559977,0.58177,0.559977,0,0.58177,0.411312,0
4.82681,-1.45752,8.11661,-0.0144795,3.72857,0.042818,0.15965,FRENET,0.557631,0.58177,0.557631,0,0.58177,0.405771,0
4.83079,-1.4202,8.11618,-0.0138081,3.73602,0.0733881,0.274179,FRENET,0.557631,0.58177,0.557631,0,0.58177,0.405771,0
4.8348,-1.4202,8.11618,-0.0138081,3.73602,0.0733881,0.274179,FRENET,0.557631,0.58177,0.557631,0,0.58177,0.405771,0
4.83946,-1.38281,8.11576,-0.0130164,3.74311,0.100141,0.374839,FRENET,0.557631,0.58177,0.557631,0,0.58177,0.405771,0
4.84281,-1.38281,8.11576,-0.0130164,3.74311,0.100141,0.374839,FRENET,0.557631,0.58177,0.557631,0,0.58177,0.405771,0
4.84681,-1.38281,8.11576,-0.0130164,3.74311,0.100141,0.374839,FRENET,0.557631,0.58177,0.557631,0,0.58177,0.405771,0
4.85074,-1.34535,8.11539,-0.0118501,3.74987,0.115706,0.433884,FRENET,0.557631,0.58177,0.557631,0,0.58177,0.405771,0
4.85476,-1.34535,8.11539,-0.0118501,3.74987,0.115706,0.433884,FRENET,0.557631,0.58177,0.557631,0,0.58177,0.405771,0
4.85942,-1.30782,8.11503,-0.0106944,3.75631,0.131227,0.49293,FRENET,0.557631,0.58177,0.557631,0,0.58177,0.405771,0
4.86277,-1.30782,8.11503,-0.0106944,3.75631,0.131227,0.49293,FRENET,0.557631,0.58177,0.557631,0,0.58177,0.405771,0
4.86677,-1.30782,8.11503,-0.0106944,3.75631,0.131227,0.49293,FRENET,0.557631,0.58177,0.557631,0,0.58177,0.405771,0
4.87075,-1.27022,8.11472,-0.009261,3.76244,0.138413,0.52077,FRENET,0.557631,0.58177,0.557631,0,0.58177,0.405771,0
4.87477,-1.27022,8.11472,-0.009261,3.76244,0.138413,0.52077,FRENET,0.557513,0.58177,0.557513,0,0.58177,0.410587,0
4.87945,-1.23257,8.11443,-0.00791109,3.76828,0.147711,0.556615,FRENET,0.557513,0.58177,0.557513,0,0.58177,0.410587,0
4.88278,-1.23257,8.11443,-0.00791109,3.76828,0.147711,0.556615,FRENET,0.557513,0.58177,0.557513,0,0.58177,0.410587,0
4.88678,-1.23257,8.11443,-0.00791109,3.76828,0.147711,0.556615,FRENET,0.557513,0.58177,0.557513,0,0.58177,0.410587,0
4.89077,-1.19486,8.11419,-0.00633683,3.77384,0.150294,0.567187,FRENET,0.557513,0.58177,0.557513,0,0.58177,0.410587,0
4.89477,-1.19486,8.11419,-0.00633683,3.77384,0.150294,0.567187,FRENET,0.557513,0.58177,0.557513,0,0.58177,0.410587,0
4.89943,-1.1571,8.11397,-0.00488611,3.77914,0.15621,0.590337,FRENET,0.557513,0.58177,0.557513,0,0.58177,0.410587,0
4.90278,-1.1571,8.11397,-0.00488611,3.77914,0.15621,0.590337,FRENET,0.557513,0.58177,0.557513,0,0.58177,0.410587,0
4.90678,-1.1571,8.11397,-0.00488611,3.77914,0.15621,0.590337,FRENET,0.557513,0.58177,0.557513,0,0.58177,0.410587,0
4.91076,-1.11928,8.11382,-0.0032397,3.78418,0.156319,0.591541,FRENET,0.557513,0.58177,0.557513,0,0.58177,0.410587,0
4.91476,-1.11928,8.11382,-0.0032397,3.78418,0.156319,0.591541,FRENET,0.557513,0.58177,0.557513,0,0.58177,0.410587,0
4.91942,-1.08142,8.11367,-0.00204621,3.78899,0.069815,0.264528,FRENET,0.557513,0.58177,0.557513,0,0.58177,0.410587,0
4.92275,-1.08142,8.11367,-0.00204621,3.78899,0.069815,0.264528,FRENET,0.557513,0.58177,0.557513,0,0.58177,0.410587,0
4.92673,-1.08142,8.11367,-0.00204621,3.78899,0.069815,0.264528,FRENET,0.56201,0.58177,0.56201,0,0.58177,0.407992,0
4.93074,-1.0435,8.11348,-0.00175005,3.79356,0.00911854,0.0345917,FRENET,0.56201,0.58177,0.56201,0,0.58177,0.407992,0
4.93476,-1.0435,8.11348,-0.00175005,3.79356,0.00911854,0.0345917,FRENET,0.56201,0.58177,0.56201,0,0.58177,0.407992,0
4.93937,-1.00555,8.11328,-0.00183479,3.79792,-0.0403813,-0.153365,FRENET,0.56201,0.58177,0.56201,0,0.58177,0.407992,0
4.94275,-1.00555,8.11328,-0.00183479,3.79792,-0.0403813,-0.153365,FRENET,0.56201,0.58177,0.56201,0,0.58177,0.407992,0
4.94676,-1.00555,8.11328,-0.00183479,3.79792,-0.0403813,-0.153365,FRENET,0.56201,0.58177,0.56201,0,0.58177,0.407992,0
4.95075,-0.967548,8.11305,-0.002494,3.80207,-0.0730388,-0.277699,FRENET,0.56201,0.58177,0.56201,0,0.58177,0.407992,0
4.95475,-0.967548,8.11305,-0.002494,3.80207,-0.0730388,-0.277699,FRENET,0.56201,0.58177,0.56201,0,0.58177,0.407992,0
4.95941,-0.929508,8.11281,-0.00328922,3.80603,-0.101353,-0.385752,FRENET,0.56201,0.58177,0.56201,0,0.58177,0.407992,0
4.96276,-0.929508,8.11281,-0.00328922,3.80603,-0.101353,-0.385752,FRENET,0.56201,0.58177,0.56201,0,0.58177,0.407992,0
4.96676,-0.929508,8.11281,-0.00328922,3.80603,-0.101353,-0.385752,FRENET,0.56201,0.58177,0.56201,0,0.58177,0.407992,0
4.97071,-0.89143,8.11253,-0.00447467,3.80979,-0.118049,-0.449741,FRENET,0.56201,0.58177,0.56201,0,0.58177,0.407992,0
4.97471,-0.89143,8.11253,-0.00447467,3.80979,-0.118049,-0.449741,FRENET,0.568648,0.575649,0.568648,0,0.575649,0.413049,0
4.9794,-0.853273,8.11224,-0.00565365,3.82187,-0.133109,-0.508726,FRENET,0.568648,0.575649,0.568648,0,0.575649,0.413049,0
4.98276,-0.853273,8.11224,-0.00565365,3.82187,-0.133109,-0.508726,FRENET,0.568648,0.575649,0.568648,0,0.575649,0.413049,0
4.98675,-0.853273,8.11224,-0.00565365,3.82187,-0.133109,-0.508726,FRENET,0.568648,0.575649,0.568648,0,0.575649,0.413049,0
4.99074,-0.814998,8.11191,-0.00710293,3.83336,-0.140112,-0.537102,FRENET,0.568648,0.575649,0.568648,0,0.575649,0.413049,0
4.99475,-0.814998,8.11191,-0.00710293,3.83336,-0.140112,-0.537102,FRENET,0.568648,0.575649,0.568648,0,0.575649,0.413049,0
4.9994,-0.776611,8.11155,-0.00846986,3.84431,-0.14903,-0.572918,FRENET,0.568648,0.575649,0.568648,0,0.575649,0.413049,0
5.00276,-0.776611,8.11155,-0.00846986,3.84431,-0.14903,-0.572918,FRENET,0.568648,0.575649,0.568648,0,0.575649,0.413049,0
5.00676,-0.776611,8.11155,-0.00846986,3.84431,-0.14903,-0.572918,FRENET,0.568648,0.575649,0.568648,0,0.575649,0.413049,0
5.01074,-0.738118,8.11115,-0.010055,3.85475,-0.151512,-0.584039,FRENET,0.568648,0.575649,0.568648,0,0.575649,0.413049,0
5.01475,-0.738118,8.11115,-0.010055,3.85475,-0.151512,-0.584039,FRENET,0.568648,0.575649,0.568648,0,0.575649,0.413049,0
5.01938,-0.699523,8.11072,-0.0115181,3.86468,-0.157132,-0.607265,FRENET,0.568648,0.575649,0.568648,0,0.575649,0.413049,0
5.02275,-0.699523,8.11072,-0.0115181,3.86468,-0.157132,-0.607265,FRENET,0.568648,0.575649,0.568648,0,0.575649,0.413049,0
5.02676,-0.699523,8.11072,-0.0115181,3.86468,-0.157132,-0.607265,FRENET,0.567762,0.575649,0.567762,0,0.575649,0.410312,0
5.03074,-0.660832,8.11023,-0.013172,3.87414,-0.157223,-0.609105,FRENET,0.567762,0.575649,0.567762,0,0.575649,0.410312,0
5.03475,-0.660832,8.11023,-0.013172,3.87414,-0.157223,-0.609105,FRENET,0.567762,0.575649,0.567762,0,0.575649,0.410312,0
5.03937,-0.622049,8.10974,-0.0143802,3.88315,-0.0719835,-0.279523,FRENET,0.567762,0.575649,0.567762,0,0.575649,0.410312,0
5.04277,-0.622049,8.10974,-0.0143802,3.88315,-0.0719835,-0.279523,FRENET,0.567762,0.575649,0.567762,0,0.575649,0.410312,0
5.04676,-0.622049,8.10974,-0.0143802,3.88315,-0.0719835,-0.279523,FRENET,0.567762,0.575649,0.567762,0,0.575649,0.410312,0
5.05074,-0.583177,8.10928,-0.0147009,3.89174,-0.0114524,-0.0445699,FRENET,0.567762,0.575649,0.567762,0,0.575649,0.410312,0
5.05475,-0.583177,8.10928,-0.0147009,3.89174,-0.0114524,-0.0445699,FRENET,0.567762,0.575649,0.567762,0,0.575649,0.410312,0
5.0594,-0.544221,8.10884,-0.0146379,3.89991,0.0381422,0.148751,FRENET,0.567762,0.575649,0.567762,0,0.575649,0.410312,0
5.06275,-0.544221,8.10884,-0.0146379,3.89991,0.0381422,0.148751,FRENET,0.567762,0.575649,0.567762,0,0.575649,0.410312,0
5.06675,-0.544221,8.10884,-0.0146379,3.89991,0.0381422,0.148751,FRENET,0.567762,0.575649,0.567762,0,0.575649,0.410312,0
5.07074,-0.505185,8.10842,-0.0139997,3.9077,0.0713767,0.278919,FRENET,0.567762,0.575649,0.567762,0,0.575649,0.410312,0
5.07475,-0.505185,8.10842,-0.0139997,3.9077,0.0713767,0.278919,FRENET,0.574148,0.575649,0.574148,0,0.575649,0.407838,0
5.0794,-0.466073,8.10802,-0.0132176,3.91512,0.100142,0.392066,FRENET,0.574148,0.575649,0.574148,0,0.575649,0.407838,0
5.08272,-0.466073,8.10802,-0.0132176,3.91512,0.100142,0.392066,FRENET,0.574148,0.575649,0.574148,0,0.575649,0.407838,0
5.08672,-0.466073,8.10802,-0.0132176,3.91512,0.100142,0.392066,FRENET,0.574148,0.575649,0.574148,0,0.575649,0.407838,0
5.09074,-0.426889,8.10765,-0.012042,3.92218,0.117533,0.460985,FRENET,0.574148,0.575649,0.574148,0,0.575649,0.407838,0
5.09476,-0.426889,8.10765,-0.012042,3.92218,0.117533,0.460985,FRENET,0.574148,0.575649,0.574148,0,0.575649,0.407838,0
5.09937,-0.387635,8.10729,-0.0108613,3.92891,0.134298,0.527646,FRENET,0.574148,0.575649,0.574148,0,0.575649,0.407838,0
5.10276,-0.387635,8.10729,-0.0108613,3.92891,0.134298,0.527646,FRENET,0.574148,0.575649,0.574148,0,0.575649,0.407838,0
5.10675,-0.387635,8.10729,-0.0108613,3.92891,0.134298,0.527646,FRENET,0.574148,0.575649,0.574148,0,0.575649,0.407838,0
5.11074,-0.348315,8.10698,-0.00939137,3.93532,0.142635,0.561316,FRENET,0.574148,0.575649,0.574148,0,0.575649,0.407838,0
5.11476,-0.348315,8.10698,-0.00939137,3.93532,0.142635,0.561316,FRENET,0.574148,0.575649,0.574148,0,0.575649,0.407838,0
5.1194,-0.308932,8.10669,-0.00799556,3.94142,0.152605,0.601482,FRENET,0.574148,0.575649,0.574148,0,0.575649,0.407838,0
5.12275,-0.308932,8.10669,-0.00799556,3.94142,0.152605,0.601482,FRENET,0.574148,0.575649,0.574148,0,0.575649,0.407838,0
5.12676,-0.308932,8.10669,-0.00799556,3.94142,0.152605,0.601482,FRENET,0.570218,0.575649,0.570218,0,0.575649,0.406076,0
5.13075,-0.26949,8.10645,-0.00636894,3.94723,0.155865,0.615238,FRENET,0.570218,0.575649,0.570218,0,0.575649,0.406076,0
5.13475,-0.26949,8.10645,-0.00636894,3.94723,0.155865,0.615238,FRENET,0.570218,0.575649,0.570218,0,0.575649,0.406076,0
5.1394,-0.22999,8.10623,-0.00486082,3.95277,0.162069,0.640621,FRENET,0.570218,0.575649,0.570218,0,0.575649,0.406076,0
5.14275,-0.22999,8.10623,-0.00486082,3.95277,0.162069,0.640621,FRENET,0.570218,0.575649,0.570218,0,0.575649,0.406076,0
5.14676,-0.22999,8.10623,-0.00486082,3.95277,0.162069,0.640621,FRENET,0.570218,0.575649,0.570218,0,0.575649,0.406076,0
5.15073,-0.190437,8.10607,-0.00315397,3.95805,0.16255,0.64338,FRENET,0.570218,0.575649,0.570218,0,0.575649,0.406076,0
5.15475,-0.190437,8.10607,-0.00315397,3.95805,0.16255,0.64338,FRENET,0.570218,0.575649,0.570218,0,0.575649,0.406076,0
5.15941,-0.150831,8.10591,-0.00189849,3.96307,0.0758262,0.300504,FRENET,0.570218,0.575649,0.570218,0,0.575649,0.406076,0
5.16275,-0.150831,8.10591,-0.00189849,3.96307,0.0758262,0.300504,FRENET,0.570218,0.575649,0.570218,0,0.575649,0.406076,0
5.16675,-0.150831,8.10591,-0.00189849,3.96307,0.0758262,0.300504,FRENET,0.570218,0.575649,0.570218,0,0.575649,0.406076,0
5.17075,-0.111147,8.10572,-0.00154237,3.97385,0.014491,0.0575849,FRENET,0.570218,0.575649,0.570218,0,0.575649,0.406076,0
5.17476,-0.111147,8.10572,-0.00154237,3.97385,0.014491,0.0575849,FRENET,0.577629,0.573157,0.577629,0,0.573157,0.405574,0
5.17938,-0.071393,8.10552,-0.00158091,3.97711,-0.0366181,-0.145634,FRENET,0.577629,0.573157,0.577629,0,0.573157,0.405574,0
5.18274,-0.071393,8.10552,-0.00158091,3.97711,-0.0366181,-0.145634,FRENET,0.577629,0.573157,0.577629,0,0.573157,0.405574,0
5.18672,-0.071393,8.10552,-0.00158091,3.97711,-0.0366181,-0.145634,FRENET,0.577629,0.573157,0.577629,0,0.573157,0.405574,0
5.19071,-0.031607,8.10528,-0.00221208,3.98022,-0.0711182,-0.283066,FRENET,0.577629,0.573157,0.577629,0,0.573157,0.405574,0
5.19475,-0.031607,8.10528,-0.00221208,3.98022,-0.0711182,-0.283066,FRENET,0.577629,0.573157,0.577629,0,0.573157,0.405574,0
5.19937,0.00823511,8.10504,-0.00299445,3.98835,-0.10038,-0.400353,FRENET,0.577629,0.573157,0.577629,0,0.573157,0.405574,0
5.20276,0.00823511,8.10504,-0.00299445,3.98835,-0.10038,-0.400353,FRENET,0.577629,0.573157,0.577629,0,0.573157,0.405574,0
5.20672,0.00823511,8.10504,-0.00299445,3.98835,-0.10038,-0.400353,FRENET,0.577629,0.573157,0.577629,0,0.573157,0.405574,0
5.21075,0.0481564,8.10476,-0.00417489,3.99609,-0.118307,-0.472765,FRENET,0.577629,0.573157,0.577629,0,0.573157,0.405574,0
5.21476,0.0481564,8.10476,-0.00417489,3.99609,-0.118307,-0.472765,FRENET,0.577629,0.573157,0.577629,0,0.573157,0.405574,0
5.21941,0.0881531,8.10447,-0.00536537,4.00347,-0.13543,-0.542189,FRENET,0.577629,0.573157,0.577629,0,0.573157,0.405574,0
5.22275,0.0881531,8.10447,-0.00536537,4.00347,-0.13543,-0.542189,FRENET,0.577629,0.573157,0.577629,0,0.573157,0.405574,0
5.22676,0.0881531,8.10447,-0.00536537,4.00347,-0.13543,-0.542189,FRENET,0.57839,0.573157,0.57839,0,0.573157,0.405844,0
5.23074,0.128221,8.10413,-0.00684841,4.01049,-0.144152,-0.57812,FRENET,0.57839,0.573157,0.57839,0,0.573157,0.405844,0
5.23473,0.128221,8.10413,-0.00684841,4.01049,-0.144152,-0.57812,FRENET,0.57839,0.573157,0.57839,0,0.573157,0.405844,0
5.23936,0.168358,8.10377,-0.00826074,4.01718,-0.154336,-0.619995,FRENET,0.57839,0.573157,0.57839,0,0.573157,0.405844,0
5.24274,0.168358,8.10377,-0.00826074,4.01718,-0.154336,-0.619995,FRENET,0.57839,0.573157,0.57839,0,0.573157,0.405844,0
5.24673,0.168358,8.10377,-0.00826074,4.01718,-0.154336,-0.619995,FRENET,0.57839,0.573157,0.57839,0,0.573157,0.405844,0
5.25071,0.20856,8.10337,-0.00990578,4.02355,-0.157851,-0.63512,FRENET,0.57839,0.573157,0.57839,0,0.573157,0.405844,0
5.25473,0.20856,8.10337,-0.00990578,4.02355,-0.157851,-0.63512,FRENET,0.57839,0.573157,0.57839,0,0.573157,0.405844,0
5.25938,0.248823,8.10293,-0.0114345,4.02962,-0.164155,-0.661484,FRENET,0.57839,0.573157,0.57839,0,0.573157,0.405844,0
5.26274,0.248823,8.10293,-0.0114345,4.02962,-0.164155,-0.661484,FRENET,0.57839,0.573157,0.57839,0,0.573157,0.405844,0
5.26673,0.248823,8.10293,-0.0114345,4.02962,-0.164155,-0.661484,FRENET,0.57839,0.573157,0.57839,0,0.573157,0.405844,0
5.27073,0.289145,8.10244,-0.0131629,4.0354,-0.164797,-0.665022,FRENET,0.57839,0.573157,0.57839,0,0.573157,0.405844,0
5.27474,0.289145,8.10244,-0.0131629,4.0354,-0.164797,-0.665022,FRENET,0.592897,0.573157,0.592897,0,0.573157,0.411518,0
5.27935,0.329524,8.10194,-0.0144414,4.0409,-0.0781414,-0.315762,FRENET,0.592897,0.573157,0.592897,0,0.573157,0.411518,0
5.28276,0.329524,8.10194,-0.0144414,4.0409,-0.0781414,-0.315762,FRENET,0.592897,0.573157,0.592897,0,0.573157,0.411518,0
5.28673,0.329524,8.10194,-0.0144414,4.0409,-0.0781414,-0.315762,FRENET,0.592897,0.573157,0.592897,0,0.573157,0.411518,0
5.29072,0.369956,8.10148,-0.0148138,4.04615,-0.0158419,-0.0640987,FRENET,0.592897,0.573157,0.592897,0,0.573157,0.411518,0
5.29473,0.369956,8.10148,-0.0148138,4.04615,-0.0158419,-0.0640987,FRENET,0.592897,0.573157,0.592897,0,0.573157,0.411518,0
5.29938,0.41044,8.10103,-0.0147871,4.05114,0.0354852,0.143756,FRENET,0.592897,0.573157,0.592897,0,0.573157,0.411518,0
5.30273,0.41044,8.10103,-0.0147871,4.05114,0.0354852,0.143756,FRENET,0.592897,0.573157,0.592897,0,0.573157,0.411518,0
5.30673,0.41044,8.10103,-0.0147871,4.05114,0.0354852,0.143756,FRENET,0.592897,0.573157,0.592897,0,0.573157,0.411518,0
5.31075,0.450973,8.10061,-0.0141656,4.0559,0.0704533,0.285751,FRENET,0.592897,0.573157,0.592897,0,0.573157,0.411518,0
5.3147,0.450973,8.10061,-0.0141656,4.0559,0.0704533,0.285751,FRENET,0.592897,0.573157,0.592897,0,0.573157,0.411518,0
5.31936,0.491553,8.10019,-0.0133862,4.06043,0.100704,0.408901,FRENET,0.592897,0.573157,0.592897,0,0.573157,0.411518,0
5.32273,0.491553,8.10019,-0.0133862,4.06043,0.100704,0.408901,FRENET,0.592897,0.573157,0.592897,0,0.573157,0.411518,0
5.3267,0.491553,8.10019,-0.0133862,4.06043,0.100704,0.408901,FRENET,0.579476,0.573157,0.579476,0,0.573157,0.400589,0
5.33072,0.532177,8.09981,-0.012197,4.06474,0.11947,0.485612,FRENET,0.579476,0.573157,0.579476,0,0.573157,0.400589,0
5.33473,0.532177,8.09981,-0.012197,4.06474,0.11947,0.485612,FRENET,0.579476,0.573157,0.579476,0,0.573157,0.400589,0
5.33938,0.572843,8.09945,-0.0109924,4.06885,0.137312,0.558704,FRENET,0.579476,0.573157,0.579476,0,0.573157,0.400589,0
5.34274,0.572843,8.09945,-0.0109924,4.06885,0.137312,0.558704,FRENET,0.579476,0.573157,0.579476,0,0.573157,0.400589,0
5.34673,0.572843,8.09945,-0.0109924,4.06885,0.137312,0.558704,FRENET,0.579476,0.573157,0.579476,0,0.573157,0.400589,0
5.35073,0.61355,8.09912,-0.00948642,4.07276,0.146611,0.597112,FRENET,0.579476,0.573157,0.579476,0,0.573157,0.400589,0
5.35473,0.61355,8.09912,-0.00948642,4.07276,0.146611,0.597112,FRENET,0.579476,0.573157,0.579476,0,0.573157,0.400589,0
5.35939,0.654295,8.09882,-0.00804817,4.07649,0.157266,0.641092,FRENET,0.579476,0.573157,0.579476,0,0.573157,0.400589,0
5.36274,0.654295,8.09882,-0.00804817,4.07649,0.157266,0.641092,FRENET,0.579476,0.573157,0.579476,0,0.573157,0.400589,0
5.3667,0.654295,8.09882,-0.00804817,4.07649,0.157266,0.641092,FRENET,0.579476,0.573157,0.579476,0,0.573157,0.400589,0
5.37072,0.695077,8.09856,-0.00637097,4.08004,0.16113,0.657419,FRENET,0.579476,0.573157,0.579476,0,0.573157,0.400589,0
5.37473,0.695077,8.09856,-0.00637097,4.08004,0.16113,0.657419,FRENET,0.590971,0.568544,0.590971,0,0.568544,0.394724,0
5.37935,0.735893,8.09834,-0.00480894,4.08327,0.167739,0.684922,FRENET,0.590971,0.568544,0.590971,0,0.568544,0.394724,0
5.3827,0.735893,8.09834,-0.00480894,4.08327,0.167739,0.684922,FRENET,0.590971,0.568544,0.590971,0,0.568544,0.394724,0
5.3867,0.735893,8.09834,-0.00480894,4.08327,0.167739,0.684922,FRENET,0.590971,0.568544,0.590971,0,0.568544,0.394724,0
5.39068,0.776741,8.09817,-0.00304271,4.08634,0.168577,0.688863,FRENET,0.590971,0.568544,0.590971,0,0.568544,0.394724,0
5.39473,0.776741,8.09817,-0.00304271,4.08634,0.168577,0.688863,FRENET,0.590971,0.568544,0.590971,0,0.568544,0.394724,0
5.39935,0.817618,8.09803,-0.00141826,4.08926,0.172912,0.707083,FRENET,0.590971,0.568544,0.590971,0,0.568544,0.394724,0
5.40273,0.817618,8.09803,-0.00141826,4.08926,0.172912,0.707083,FRENET,0.590971,0.568544,0.590971,0,0.568544,0.394724,0
5.40673,0.817618,8.09803,-0.00141826,4.08926,0.172912,0.707083,FRENET,0.590971,0.568544,0.590971,0,0.568544,0.394724,0
5.41072,0.858546,8.09795,0.000383768,4.09639,0.171007,0.70051,FRENET,0.590971,0.568544,0.590971,0,0.568544,0.394724,0
5.41473,0.858546,8.09795,0.000383768,4.09639,0.171007,0.70051,FRENET,0.590971,0.568544,0.590971,0,0.568544,0.394724,0
5.41935,0.899544,8.0979,0.00186955,4.10317,0.128032,0.525338,FRENET,0.590971,0.568544,0.590971,0,0.568544,0.394724,0
5.42269,0.899544,8.0979,0.00186955,4.10317,0.128032,0.525338,FRENET,0.590971,0.568544,0.590971,0,0.568544,0.394724,0
5.42677,0.899544,8.0979,0.00186955,4.10317,0.128032,0.525338,FRENET,0.579031,0.568544,0.579031,0,0.568544,0.402968,0
5.43075,0.940608,8.09786,0.00282383,4.10963,0.0497358,0.204396,FRENET,0.579031,0.568544,0.579031,0,0.568544,0.402968,0
5.43474,0.940608,8.09786,0.00282383,4.10963,0.0497358,0.204396,FRENET,0.579031,0.568544,0.579031,0,0.568544,0.402968,0
5.43939,0.981735,8.09778,0.0029451,4.11579,-0.00633823,-0.0260868,FRENET,0.579031,0.568544,0.579031,0,0.568544,0.402968,0
5.44274,0.981735,8.09778,0.0029451,4.11579,-0.00633823,-0.0260868,FRENET,0.579031,0.568544,0.579031,0,0.568544,0.402968,0
5.44673,0.981735,8.09778,0.0029451,4.11579,-0.00633823,-0.0260868,FRENET,0.579031,0.568544,0.579031,0,0.568544,0.402968,0
5.45073,1.02292,8.09771,0.00272143,4.12165,-0.0528716,-0.217918,FRENET,0.579031,0.568544,0.579031,0,0.568544,0.402968,0
5.45476,1.02292,8.09771,0.00272143,4.12165,-0.0528716,-0.217918,FRENET,0.579031,0.568544,0.579031,0,0.568544,0.402968,0
5.45941,1.06417,8.0976,0.00194493,4.12723,-0.0842976,-0.347916,FRENET,0.579031,0.568544,0.579031,0,0.568544,0.402968,0
5.46276,1.06417,8.0976,0.00194493,4.12723,-0.0842976,-0.347916,FRENET,0.579031,0.568544,0.579031,0,0.568544,0.402968,0
5.46677,1.06417,8.0976,0.00194493,4.12723,-0.0842976,-0.347916,FRENET,0.579031,0.568544,0.579031,0,0.568544,0.402968,0
5.47076,1.10547,8.09749,0.00104128,4.13255,-0.111775,-0.461916,FRENET,0.579031,0.568544,0.579031,0,0.568544,0.402968,0
5.47476,1.10547,8.09749,0.00104128,4.13255,-0.111775,-0.461916,FRENET,0.590335,0.568544,0.590335,0,0.568544,0.405628,0
5.47939,1.14682,8.09735,-0.000247814,4.13762,-0.12852,-0.531765,FRENET,0.590335,0.568544,0.590335,0,0.568544,0.405628,0
5.48277,1.14682,8.09735,-0.000247814,4.13762,-0.12852,-0.531765,FRENET,0.590335,0.568544,0.590335,0,0.568544,0.405628,0
5.48673,1.14682,8.09735,-0.000247814,4.13762,-0.12852,-0.531765,FRENET,0.590335,0.568544,0.590335,0,0.568544,0.405628,0
5.49073,1.18822,8.0972,-0.00153469,4.14244,-0.144737,-0.599563,FRENET,0.590335,0.568544,0.590335,0,0.568544,0.405628,0
5.49473,1.18822,8.0972,-0.00153469,4.14244,-0.144737,-0.599563,FRENET,0.590335,0.568544,0.590335,0,0.568544,0.405628,0
5.49938,1.22966,8.097,-0.00310861,4.14704,-0.15288,-0.633998,FRENET,0.590335,0.568544,0.590335,0,0.568544,0.405628,0
5.50273,1.22966,8.097,-0.00310861,4.14704,-0.15288,-0.633998,FRENET,0.590335,0.568544,0.590335,0,0.568544,0.405628,0
5.50673,1.22966,8.097,-0.00310861,4.14704,-0.15288,-0.633998,FRENET,0.590335,0.568544,0.590335,0,0.568544,0.405628,0
5.51072,1.27115,8.09679,-0.00460473,4.15141,-0.162563,-0.674865,FRENET,0.590335,0.568544,0.590335,0,0.568544,0.405628,0
5.51473,1.27115,8.09679,-0.00460473,4.15141,-0.162563,-0.674865,FRENET,0.590335,0.568544,0.590335,0,0.568544,0.405628,0
5.51938,1.31269,8.09652,-0.00633121,4.15558,-0.165767,-0.68886,FRENET,0.590335,0.568544,0.590335,0,0.568544,0.405628,0
5.52273,1.31269,8.09652,-0.00633121,4.15558,-0.165767,-0.68886,FRENET,0.590335,0.568544,0.590335,0,0.568544,0.405628,0
5.5267,1.31269,8.09652,-0.00633121,4.15558,-0.165767,-0.68886,FRENET,0.589633,0.568544,0.589633,0,0.568544,0.398709,0
5.53068,1.35426,8.09623,-0.00793663,4.15955,-0.171745,-0.714383,FRENET,0.589633,0.568544,0.589633,0,0.568544,0.398709,0
5.53473,1.35426,8.09623,-0.00793663,4.15955,-0.171745,-0.714383,FRENET,0.589633,0.568544,0.589633,0,0.568544,0.398709,0
5.53935,1.39588,8.09588,-0.00974058,4.16333,-0.172188,-0.716874,FRENET,0.589633,0.568544,0.589633,0,0.568544,0.398709,0
5.5427,1.39588,8.09588,-0.00974058,4.16333,-0.172188,-0.716874,FRENET,0.589633,0.568544,0.589633,0,0.568544,0.398709,0
5.54673,1.39588,8.09588,-0.00974058,4.16333,-0.172188,-0.716874,FRENET,0.589633,0.568544,0.589633,0,0.568544,0.398709,0
5.55072,1.43753,8.09549,-0.0113993,4.16693,-0.176128,-0.733911,FRENET,0.589633,0.568544,0.589633,0,0.568544,0.398709,0
5.55474,1.43753,8.09549,-0.0113993,4.16693,-0.176128,-0.733911,FRENET,0.589633,0.568544,0.589633,0,0.568544,0.398709,0
5.55934,1.47921,8.09504,-0.0132394,4.17036,-0.175079,-0.730145,FRENET,0.589633,0.568544,0.589633,0,0.568544,0.398709,0
5.56273,1.47921,8.09504,-0.0132394,4.17036,-0.175079,-0.730145,FRENET,0.589633,0.568544,0.589633,0,0.568544,0.398709,0
5.5667,1.47921,8.09504,-0.0132394,4.17036,-0.175079,-0.730145,FRENET,0.589633,0.568544,0.589633,0,0.568544,0.398709,0
5.57072,1.52093,8.09458,-0.0146092,4.17363,-0.08595,-0.358724,FRENET,0.589633,0.568544,0.589633,0,0.568544,0.398709,0
5.57473,1.52093,8.09458,-0.0146092,4.17363,-0.08595,-0.358724,FRENET,0.585632,0.566264,0.585632,0,0.566264,0.400246,0
5.57936,1.56268,8.09415,-0.0150465,4.17659,-0.02122,-0.0886274,FRENET,0.585632,0.566264,0.585632,0,0.566264,0.400246,0
5.5827,1.56268,8.09415,-0.0150465,4.17659,-0.02122,-0.0886274,FRENET,0.585632,0.566264,0.585632,0,0.566264,0.400246,0
5.5867,1.56268,8.09415,-0.0150465,4.17659,-0.02122,-0.0886274,FRENET,0.585632,0.566264,0.585632,0,0.566264,0.400246,0
5.59072,1.60445,8.09371,-0.0150636,4.17941,0.0322322,0.134711,FRENET,0.585632,0.566264,0.585632,0,0.566264,0.400246,0
5.59473,1.60445,8.09371,-0.0150636,4.17941,0.0322322,0.134711,FRENET,0.585632,0.566264,0.585632,0,0.566264,0.400246,0
5.59936,1.64626,8.09331,-0.014464,4.18209,0.0691423,0.289159,FRENET,0.585632,0.566264,0.585632,0,0.566264,0.400246,0
5.60273,1.64626,8.09331,-0.014464,4.18209,0.0691423,0.289159,FRENET,0.585632,0.566264,0.585632,0,0.566264,0.400246,0
5.60673,1.64626,8.09331,-0.014464,4.18209,0.0691423,0.289159,FRENET,0.585632,0.566264,0.585632,0,0.566264,0.400246,0
5.61069,1.68811,8.09291,-0.0136906,4.18829,0.100643,0.421524,FRENET,0.585632,0.566264,0.585632,0,0.566264,0.400246,0
5.6147,1.68811,8.09291,-0.0136906,4.18829,0.100643,0.421524,FRENET,0.585632,0.566264,0.585632,0,0.566264,0.400246,0
5.61938,1.73002,8.09254,-0.0124964,4.1942,0.120608,0.505855,FRENET,0.585632,0.566264,0.585632,0,0.566264,0.400246,0
5.62274,1.73002,8.09254,-0.0124964,4.1942,0.120608,0.505855,FRENET,0.585632,0.566264,0.585632,0,0.566264,0.400246,0
5.62673,1.73002,8.09254,-0.0124964,4.1942,0.120608,0.505855,FRENET,0.583991,0.566264,0.583991,0,0.566264,0.373371,0
5.63072,1.77199,8.09217,-0.0112756,4.19983,0.139256,0.58485,FRENET,0.583991,0.566264,0.583991,0,0.566264,0.373371,0
5.63473,1.77199,8.09217,-0.0112756,4.19983,0.139256,0.58485,FRENET,0.583991,0.566264,0.583991,0,0.566264,0.373371,0
5.63938,1.81401,8.09185,-0.00974666,4.20519,0.149344,0.628021,FRENET,0.583991,0.566264,0.583991,0,0.566264,0.373371,0
5.64273,1.81401,8.09185,-0.00974666,4.20519,0.149344,0.628021,FRENET,0.583991,0.566264,0.583991,0,0.566264,0.373371,0
5.64674,1.81401,8.09185,-0.00974666,4.20519,0.149344,0.628021,FRENET,0.583991,0.566264,0.583991,0,0.566264,0.373371,0
5.65073,1.85609,8.09154,-0.00827819,4.21029,0.160445,0.675522,FRENET,0.583991,0.566264,0.583991,0,0.566264,0.373371,0
5.65474,1.85609,8.09154,-0.00827819,4.21029,0.160445,0.675522,FRENET,0.583991,0.566264,0.583991,0,0.566264,0.373371,0
5.65935,1.89822,8.09128,-0.00656715,4.21515,0.164795,0.694638,FRENET,0.583991,0.566264,0.583991,0,0.566264,0.373371,0
5.66275,1.89822,8.09128,-0.00656715,4.21515,0.164795,0.694638,FRENET,0.583991,0.566264,0.583991,0,0.566264,0.373371,0
5.66674,1.89822,8.09128,-0.00656715,4.21515,0.164795,0.694638,FRENET,0.583991,0.566264,0.583991,0,0.566264,0.373371,0
5.67072,1.94039,8.09105,-0.00496704,4.21978,0.171564,0.723961,FRENET,0.583991,0.566264,0.583991,0,0.566264,0.373371,0
5.67473,1.94039,8.09105,-0.00496704,4.21978,0.171564,0.723961,FRENET,0.602146,0.566264,0.602146,0,0.566264,0.384271,0
5.67939,1.98261,8.09087,-0.0031617,4.22419,0.172662,0.729358,FRENET,0.602146,0.566264,0.602146,0,0.566264,0.384271,0
5.68273,1.98261,8.09087,-0.0031617,4.22419,0.172662,0.729358,FRENET,0.602146,0.566264,0.602146,0,0.566264,0.384271,0
5.68674,1.98261,8.09087,-0.0031617,4.22419,0.172662,0.729358,FRENET,0.602146,0.566264,0.602146,0,0.566264,0.384271,0
5.69071,2.02487,8.09071,-0.00165134,4.22839,0.131155,0.554574,FRENET,0.602146,0.566264,0.602146,0,0.566264,0.384271,0
5.69476,2.02487,8.09071,-0.00165134,4.22839,0.131155,0.554574,FRENET,0.602146,0.566264,0.602146,0,0.566264,0.384271,0
5.69941,2.06717,8.09056,-0.000663529,4.23239,0.0530212,0.224406,FRENET,0.602146,0.566264,0.602146,0,0.566264,0.384271,0
5.70278,2.06717,8.09056,-0.000663529,4.23239,0.0530212,0.224406,FRENET,0.602146,0.566264,0.602146,0,0.566264,0.384271,0
5.70678,2.06717,8.09056,-0.000663529,4.23239,0.0530212,0.224406,FRENET,0.602146,0.566264,0.602146,0,0.566264,0.384271,0
5.71076,2.10952,8.09036,-0.000512116,4.2362,-0.00349228,-0.014794,FRENET,0.602146,0.566264,0.602146,0,0.566264,0.384271,0
5.71477,2.10952,8.09036,-0.000512116,4.2362,-0.00349228,-0.014794,FRENET,0.602146,0.566264,0.602146,0,0.566264,0.384271,0
5.7194,2.1519,8.09016,-0.000709724,4.23983,-0.0507076,-0.214992,FRENET,0.602146,0.566264,0.602146,0,0.566264,0.384271,0
5.72277,2.1519,8.09016,-0.000709724,4.23983,-0.0507076,-0.214992,FRENET,0.602146,0.566264,0.602146,0,0.566264,0.384271,0
5.72677,2.1519,8.09016,-0.000709724,4.23983,-0.0507076,-0.214992,FRENET,0.598018,0.566264,0.598018,0.00967141,0.566264,0.343692,0
5.73076,2.19431,8.08993,-0.00146976,4.24329,-0.0830282,-0.352313,FRENET,0.598018,0.566264,0.598018,0.00967141,0.566264,0.343692,0
5.73478,2.19431,8.08993,-0.00146976,4.24329,-0.0830282,-0.352313,FRENET,0.598018,0.566264,0.598018,0.00967141,0.566264,0.343692,0
5.73941,2.23676,8.0897,-0.00236431,4.24658,-0.111375,-0.472963,FRENET,0.598018,0.566264,0.598018,0.00967141,0.566264,0.343692,0
5.74276,2.23676,8.0897,-0.00236431,4.24658,-0.111375,-0.472963,FRENET,0.598018,0.566264,0.598018,0.00967141,0.566264,0.343692,0
5.74678,2.23676,8.0897,-0.00236431,4.24658,-0.111375,-0.472963,FRENET,0.598018,0.566264,0.598018,0.00967141,0.566264,0.343692,0
5.75077,2.27924,8.08942,-0.00365468,4.24972,-0.129026,-0.548325,FRENET,0.598018,0.566264,0.598018,0.00967141,0.566264,0.343692,0
5.75479,2.27924,8.08942,-0.00365468,4.24972,-0.129026,-0.548325,FRENET,0.598018,0.566264,0.598018,0.00967141,0.566264,0.343692,0
5.75945,2.32175,8.08914,-0.00494985,4.25271,-0.146013,-0.620951,FRENET,0.598018,0.566264,0.598018,0.00967141,0.566264,0.343692,0
5.7628,2.32175,8.08914,-0.00494985,4.25271,-0.146013,-0.620951,FRENET,0.598018,0.566264,0.598018,0.00967141,0.566264,0.343692,0
5.76679,2.32175,8.08914,-0.00494985,4.25271,-0.146013,-0.620951,FRENET,0.598018,0.566264,0.598018,0.00967141,0.566264,0.343692,0
5.77075,2.36429,8.08881,-0.00654097,4.25555,-0.154901,-0.659187,FRENET,0.598018,0.566264,0.598018,0.00967141,0.566264,0.343692,0
5.77477,2.36429,8.08881,-0.00654097,4.25555,-0.154901,-0.659187,FRENET,0.599806,0.564012,0.599806,0,0.564012,0.409046,0
5.77937,2.40686,8.08845,-0.00805979,4.25802,-0.165207,-0.703453,FRENET,0.599806,0.564012,0.599806,0,0.564012,0.409046,0
5.78277,2.40686,8.08845,-0.00805979,4.25802,-0.165207,-0.703453,FRENET,0.599806,0.564012,0.599806,0,0.564012,0.409046,0
5.78677,2.40686,8.08845,-0.00805979,4.25802,-0.165207,-0.703453,FRENET,0.599806,0.564012,0.599806,0,0.564012,0.409046,0
5.79076,2.44945,8.08805,-0.00981632,4.26037,-0.168984,-0.719934,FRENET,0.599806,0.564012,0.599806,0,0.564012,0.409046,0
5.79477,2.44945,8.08805,-0.00981632,4.26037,-0.168984,-0.719934,FRENET,0.599806,0.564012,0.599806,0,0.564012,0.409046,0
5.7994,2.49208,8.08764,-0.0111429,4.26569,-0.083298,-0.355324,FRENET,0.599806,0.564012,0.599806,0,0.564012,0.409046,0
5.80276,2.49208,8.08764,-0.0111429,4.26569,-0.083298,-0.355324,FRENET,0.599806,0.564012,0.599806,0,0.564012,0.409046,0
5.80677,2.49208,8.08764,-0.0111429,4.26569,-0.083298,-0.355324,FRENET,0.599806,0.564012,0.599806,0,0.564012,0.409046,0
5.81076,2.53476,8.08727,-0.0115652,4.27076,-0.0205297,-0.0876774,FRENET,0.599806,0.564012,0.599806,0,0.564012,0.409046,0
5.81476,2.53476,8.08727,-0.0115652,4.27076,-0.0205297,-0.0876774,FRENET,0.599806,0.564012,0.599806,0,0.564012,0.409046,0
5.81943,2.57749,8.08691,-0.0115813,4.27559,0.0317245,0.135641,FRENET,0.599806,0.564012,0.599806,0,0.564012,0.409046,0
5.82276,2.57749,8.08691,-0.0115813,4.27559,0.0317245,0.135641,FRENET,0.599806,0.564012,0.599806,0,0.564012,0.409046,0
5.82677,2.57749,8.08691,-0.0115813,4.27559,0.0317245,0.135641,FRENET,0.600299,0.564012,0.600299,0,0.564012,0.402163,0
5.83076,2.62027,8.08659,-0.0109901,4.28019,0.0681902,0.291867,FRENET,0.600299,0.564012,0.600299,0,0.564012,0.402163,0
5.83477,2.62027,8.08659,-0.0109901,4.28019,0.0681902,0.291867,FRENET,0.600299,0.564012,0.600299,0,0.564012,0.402163,0
5.8394,2.66309,8.08627,-0.0102265,4.28457,0.0998206,0.427688,FRENET,0.600299,0.564012,0.600299,0,0.564012,0.402163,0
5.84277,2.66309,8.08627,-0.0102265,4.28457,0.0998206,0.427688,FRENET,0.600299,0.564012,0.600299,0,0.564012,0.402163,0
5.84678,2.66309,8.08627,-0.0102265,4.28457,0.0998206,0.427688,FRENET,0.600299,0.564012,0.600299,0,0.564012,0.402163,0
5.85075,2.70595,8.08599,-0.00903806,4.28874,0.120166,0.515363,FRENET,0.600299,0.564012,0.600299,0,0.564012,0.402163,0
5.85478,2.70595,8.08599,-0.00903806,4.28874,0.120166,0.515363,FRENET,0.600299,0.564012,0.600299,0,0.564012,0.402163,0
5.85941,2.74886,8.08573,-0.00782023,4.29272,0.139247,0.597749,FRENET,0.600299,0.564012,0.600299,0,0.564012,0.402163,0
5.86277,2.74886,8.08573,-0.00782023,4.29272,0.139247,0.597749,FRENET,0.600299,0.564012,0.600299,0,0.564012,0.402163,0
5.86676,2.74886,8.08573,-0.00782023,4.29272,0.139247,0.597749,FRENET,0.600299,0.564012,0.600299,0,0.564012,0.402163,0
5.87075,2.79181,8.08551,-0.00628817,4.2965,0.149858,0.643867,FRENET,0.600299,0.564012,0.600299,0,0.564012,0.402163,0
5.87477,2.79181,8.08551,-0.00628817,4.2965,0.149858,0.643867,FRENET,0.602715,0.564012,0.602715,0,0.564012,0.400453,0
5.87941,2.83479,8.08531,-0.00481278,4.30011,0.161424,0.694141,FRENET,0.602715,0.564012,0.602715,0,0.564012,0.400453,0
5.88277,2.83479,8.08531,-0.00481278,4.30011,0.161424,0.694141,FRENET,0.602715,0.564012,0.602715,0,0.564012,0.400453,0
5.88676,2.83479,8.08531,-0.00481278,4.30011,0.161424,0.694141,FRENET,0.602715,0.564012,0.602715,0,0.564012,0.400453,0
5.89075,2.87781,8.08516,-0.00308899,4.30354,0.166259,0.715501,FRENET,0.602715,0.564012,0.602715,0,0.564012,0.400453,0
5.89475,2.87781,8.08516,-0.00308899,4.30354,0.166259,0.715501,FRENET,0.602715,0.564012,0.602715,0,0.564012,0.400453,0
5.89936,2.92086,8.08505,-0.00147279,4.30681,0.173411,0.74685,FRENET,0.602715,0.564012,0.602715,0,0.564012,0.400453,0
5.90276,2.92086,8.08505,-0.00147279,4.30681,0.173411,0.74685,FRENET,0.602715,0.564012,0.602715,0,0.564012,0.400453,0
5.90675,2.92086,8.08505,-0.00147279,4.30681,0.173411,0.74685,FRENET,0.602715,0.564012,0.602715,0,0.564012,0.400453,0
5.91074,2.96394,8.08499,0.000353446,4.30993,0.174892,0.753772,FRENET,0.602715,0.564012,0.602715,0,0.564012,0.400453,0
5.91478,2.96394,8.08499,0.000353446,4.30993,0.174892,0.753772,FRENET,0.602715,0.564012,0.602715,0,0.564012,0.400453,0
5.9194,3.00706,8.08494,0.00172938,4.31289,0.0871561,0.375895,FRENET,0.602715,0.564012,0.602715,0,0.564012,0.400453,0
5.92276,3.00706,8.08494,0.00172938,4.31289,0.0871561,0.375895,FRENET,0.602715,0.564012,0.602715,0,0.564012,0.400453,0
5.92677,3.00706,8.08494,0.00172938,4.31289,0.0871561,0.375895,FRENET,0.59702,0.564012,0.59702,0,0.564012,0.40061,0
5.93077,3.0502,8.08486,0.00218104,4.31572,0.0227645,0.0982452,FRENET,0.59702,0.564012,0.59702,0,0.564012,0.40061,0
5.93477,3.0502,8.08486,0.00218104,4.31572,0.0227645,0.0982452,FRENET,0.59702,0.564012,0.59702,0,0.564012,0.40061,0
5.93942,3.09337,8.08477,0.00221351,4.31841,-0.0307927,-0.132975,FRENET,0.59702,0.564012,0.59702,0,0.564012,0.40061,0
5.94277,3.09337,8.08477,0.00221351,4.31841,-0.0307927,-0.132975,FRENET,0.59702,0.564012,0.59702,0,0.564012,0.40061,0
5.94679,3.09337,8.08477,0.00221351,4.31841,-0.0307927,-0.132975,FRENET,0.59702,0.564012,0.59702,0,0.564012,0.40061,0
5.95078,3.13657,8.08465,0.00162553,4.32097,-0.0682808,-0.29504,FRENET,0.59702,0.564012,0.59702,0,0.564012,0.40061,0
5.9548,3.13657,8.08465,0.00162553,4.32097,-0.0682808,-0.29504,FRENET,0.59702,0.564012,0.59702,0,0.564012,0.40061,0
5.95944,3.17979,8.08453,0.000857515,4.32341,-0.100725,-0.435475,FRENET,0.59702,0.564012,0.59702,0,0.564012,0.40061,0
5.96279,3.17979,8.08453,0.000857515,4.32341,-0.100725,-0.435475,FRENET,0.59702,0.564012,0.59702,0,0.564012,0.40061,0
5.96677,3.17979,8.08453,0.000857515,4.32341,-0.100725,-0.435475,FRENET,0.59702,0.564012,0.59702,0,0.564012,0.40061,0
5.97075,3.22303,8.08437,-0.000343865,4.32574,-0.121694,-0.526415,FRENET,0.59702,0.564012,0.59702,0,0.564012,0.40061,0
5.97478,3.22303,8.08437,-0.000343865,4.32574,-0.121694,-0.526415,FRENET,0.597228,0.560825,0.597228,0,0.560825,0.404797,0
5.9794,3.2663,8.0842,-0.00157889,4.32775,-0.141287,-0.611456,FRENET,0.597228,0.560825,0.597228,0,0.560825,0.404797,0
5.98279,3.2663,8.0842,-0.00157889,4.32775,-0.141287,-0.611456,FRENET,0.597228,0.560825,0.597228,0,0.560825,0.404797,0
5.9868,3.2663,8.0842,-0.00157889,4.32775,-0.141287,-0.611456,FRENET,0.597228,0.560825,0.597228,0,0.560825,0.404797,0
5.99076,3.30959,8.084,-0.00313399,4.32967,-0.152269,-0.659276,FRENET,0.597228,0.560825,0.597228,0,0.560825,0.404797,0
5.99477,3.30959,8.084,-0.00313399,4.32967,-0.152269,-0.659276,FRENET,0.597228,0.560825,0.597228,0,0.560825,0.404797,0
5.99941,3.35291,8.08377,-0.00463277,4.3341,-0.163629,-0.709186,FRENET,0.597228,0.560825,0.597228,0,0.560825,0.404797,0
6.00277,3.35291,8.08377,-0.00463277,4.3341,-0.163629,-0.709186,FRENET,0.597228,0.560825,0.597228,0,0.560825,0.404797,0
6.00678,3.35291,8.08377,-0.00463277,4.3341,-0.163629,-0.709186,FRENET,0.597228,0.560825,0.597228,0,0.560825,0.404797,0
6.01076,3.39627,8.08349,-0.00637759,4.33832,-0.16832,-0.730225,FRENET,0.597228,0.560825,0.597228,0,0.560825,0.404797,0
6.01477,3.39627,8.08349,-0.00637759,4.33832,-0.16832,-0.730225,FRENET,0.597228,0.560825,0.597228,0,0.560825,0.404797,0
6.0194,3.43967,8.08318,-0.00801375,4.34235,-0.175285,-0.761148,FRENET,0.597228,0.560825,0.597228,0,0.560825,0.404797,0
6.02275,3.43967,8.08318,-0.00801375,4.34235,-0.175285,-0.761148,FRENET,0.597228,0.560825,0.597228,0,0.560825,0.404797,0
6.02675,3.43967,8.08318,-0.00801375,4.34235,-0.175285,-0.761148,FRENET,0.605801,0.560825,0.605801,0,0.560825,0.401841,0
6.03073,3.48311,8.08282,-0.00985784,4.34618,-0.176644,-0.767727,FRENET,0.605801,0.560825,0.605801,0,0.560825,0.401841,0
6.03475,3.48311,8.08282,-0.00985784,4.34618,-0.176644,-0.767727,FRENET,0.605801,0.560825,0.605801,0,0.560825,0.401841,0
6.03939,3.52659,8.08245,-0.0112515,4.34982,-0.0889586,-0.386954,FRENET,0.605801,0.560825,0.605801,0,0.560825,0.401841,0
6.04277,3.52659,8.08245,-0.0112515,4.34982,-0.0889586,-0.386954,FRENET,0.605801,0.560825,0.605801,0,0.560825,0.401841,0
6.04677,3.52659,8.08245,-0.0112515,4.34982,-0.0889586,-0.386954,FRENET,0.605801,0.560825,0.605801,0,0.560825,0.401841,0
6.05076,3.5701,8.08211,-0.0117206,4.3533,-0.024376,-0.106116,FRENET,0.605801,0.560825,0.605801,0,0.560825,0.401841,0
6.05475,3.5701,8.08211,-0.0117206,4.3533,-0.024376,-0.106116,FRENET,0.605801,0.560825,0.605801,0,0.560825,0.401841,0
6.0594,3.61365,8.08177,-0.0117678,4.35661,0.0294201,0.128172,FRENET,0.605801,0.560825,0.605801,0,0.560825,0.401841,0
6.06278,3.61365,8.08177,-0.0117678,4.35661,0.0294201,0.128172,FRENET,0.605801,0.560825,0.605801,0,0.560825,0.401841,0
6.06677,3.61365,8.08177,-0.0117678,4.35661,0.0294201,0.128172,FRENET,0.605801,0.560825,0.605801,0,0.560825,0.401841,0
6.07076,3.65723,8.08147,-0.0111921,4.35976,0.0672429,0.293163,FRENET,0.605801,0.560825,0.605801,0,0.560825,0.401841,0
6.07477,3.65723,8.08147,-0.0111921,4.35976,0.0672429,0.293163,FRENET,0.614195,0.560825,0.614195,0,0.560825,0.40943,0
6.0794,3.70084,8.08117,-0.0104328,4.36276,0.0999758,0.436171,FRENET,0.614195,0.560825,0.614195,0,0.560825,0.40943,0
6.08277,3.70084,8.08117,-0.0104328,4.36276,0.0999758,0.436171,FRENET,0.614195,0.560825,0.614195,0,0.560825,0.40943,0
6.08677,3.70084,8.08117,-0.0104328,4.36276,0.0999758,0.436171,FRENET,0.614195,0.560825,0.614195,0,0.560825,0.40943,0
6.09076,3.74448,8.08091,-0.00923747,4.36562,0.12127,0.52942,FRENET,0.614195,0.560825,0.614195,0,0.560825,0.40943,0
6.09478,3.74448,8.08091,-0.00923747,4.36562,0.12127,0.52942,FRENET,0.614195,0.560825,0.614195,0,0.560825,0.40943,0
6.09939,3.78815,8.08066,-0.00800529,4.36835,0.141082,0.616294,FRENET,0.614195,0.560825,0.614195,0,0.560825,0.40943,0
6.10277,3.78815,8.08066,-0.00800529,4.36835,0.141082,0.616294,FRENET,0.614195,0.560825,0.614195,0,0.560825,0.40943,0
6.10677,3.78815,8.08066,-0.00800529,4.36835,0.141082,0.616294,FRENET,0.614195,0.560825,0.614195,0,0.560825,0.40943,0
6.11076,3.83185,8.08045,-0.00645125,4.37094,0.152311,0.665741,FRENET,0.614195,0.560825,0.614195,0,0.560825,0.40943,0
6.11478,3.83185,8.08045,-0.00645125,4.37094,0.152311,0.665741,FRENET,0.614195,0.560825,0.614195,0,0.560825,0.40943,0
6.11941,3.87557,8.08025,-0.00494946,4.37341,0.164317,0.718626,FRENET,0.614195,0.560825,0.614195,0,0.560825,0.40943,0
6.12277,3.87557,8.08025,-0.00494946,4.37341,0.164317,0.718626,FRENET,0.614195,0.560825,0.614195,0,0.560825,0.40943,0
6.12677,3.87557,8.08025,-0.00494946,4.37341,0.164317,0.718626,FRENET,0.604022,0.560825,0.604022,0,0.560825,0.404418,0
6.13076,3.91932,8.08011,-0.00319441,4.37576,0.16952,0.741781,FRENET,0.604022,0.560825,0.604022,0,0.560825,0.404418,0
6.13478,3.91932,8.08011,-0.00319441,4.37576,0.16952,0.741781,FRENET,0.604022,0.560825,0.604022,0,0.560825,0.404418,0
6.13942,3.96309,8.08,-0.00154478,4.37801,0.176901,0.774475,FRENET,0.604022,0.560825,0.604022,0,0.560825,0.404418,0
6.14278,3.96309,8.08,-0.00154478,4.37801,0.176901,0.774475,FRENET,0.604022,0.560825,0.604022,0,0.560825,0.404418,0
6.14679,3.96309,8.08,-0.00154478,4.37801,0.176901,0.774475,FRENET,0.604022,0.560825,0.604022,0,0.560825,0.404418,0
6.15075,4.00688,8.07994,0.00031773,4.38014,0.178574,0.782178,FRENET,0.604022,0.560825,0.604022,0,0.560825,0.404418,0
6.15477,4.00688,8.07994,0.00031773,4.38014,0.178574,0.782178,FRENET,0.604022,0.560825,0.604022,0,0.560825,0.404418,0
6.1594,4.05069,8.0799,0.00172897,4.38217,0.0904269,0.396266,FRENET,0.604022,0.560825,0.604022,0,0.560825,0.404418,0
6.16277,4.05069,8.0799,0.00172897,4.38217,0.0904269,0.396266,FRENET,0.604022,0.560825,0.604022,0,0.560825,0.404418,0
6.16677,4.05069,8.0799,0.00172897,4.38217,0.0904269,0.396266,FRENET,0.604022,0.560825,0.604022,0,0.560825,0.404418,0
6.17075,4.09452,8.07981,0.00220998,4.38411,0.0254087,0.111395,FRENET,0.604022,0.560825,0.604022,0,0.560825,0.404418,0
6.17477,4.09452,8.07981,0.00220998,4.38411,0.0254087,0.111395,FRENET,0.604466,0.557839,0.604466,0,0.557839,0.405426,0
6.17941,4.13837,8.07973,0.00226594,4.38586,-0.0288161,-0.126383,FRENET,0.604466,0.557839,0.604466,0,0.557839,0.405426,0
6.18277,4.13837,8.07973,0.00226594,4.38586,-0.0288161,-0.126383,FRENET,0.604466,0.557839,0.604466,0,0.557839,0.405426,0
6.18677,4.13837,8.07973,0.00226594,4.38586,-0.0288161,-0.126383,FRENET,0.604466,0.557839,0.604466,0,0.557839,0.405426,0
6.19076,4.18224,8.07961,0.00169379,4.38752,-0.0670248,-0.294073,FRENET,0.604466,0.557839,0.604466,0,0.557839,0.405426,0
6.19478,4.18224,8.07961,0.00169379,4.38752,-0.0670248,-0.294073,FRENET,0.604466,0.557839,0.604466,0,0.557839,0.405426,0
6.1994,4.22612,8.07949,0.000935377,4.38911,-0.100117,-0.439425,FRENET,0.604466,0.557839,0.604466,0,0.557839,0.405426,0
6.20277,4.22612,8.07949,0.000935377,4.38911,-0.100117,-0.439425,FRENET,0.604466,0.557839,0.604466,0,0.557839,0.405426,0
6.20679,4.22612,8.07949,0.000935377,4.38911,-0.100117,-0.439425,FRENET,0.604466,0.557839,0.604466,0,0.557839,0.405426,0
6.2108,4.27002,8.07933,-0.000263451,4.39062,-0.121722,-0.534434,FRENET,0.604466,0.557839,0.604466,0,0.557839,0.405426,0
6.21479,4.27002,8.07933,-0.000263451,4.39062,-0.121722,-0.534434,FRENET,0.604466,0.557839,0.604466,0,0.557839,0.405426,0
6.21941,4.31393,8.07917,-0.00150108,4.39206,-0.141811,-0.622844,FRENET,0.604466,0.557839,0.604466,0,0.557839,0.405426,0
6.22277,4.31393,8.07917,-0.00150108,4.39206,-0.141811,-0.622844,FRENET,0.604466,0.557839,0.604466,0,0.557839,0.405426,0
6.22677,4.31393,8.07917,-0.00150108,4.39206,-0.141811,-0.622844,FRENET,0.610471,0.557839,0.610471,0,0.557839,0.404388,0
6.23075,4.35787,8.07896,-0.00306164,4.39562,-0.152959,-0.672352,FRENET,0.610471,0.557839,0.610471,0,0.557839,0.404388,0
6.23477,4.35787,8.07896,-0.00306164,4.39562,-0.152959,-0.672352,FRENET,0.610471,0.557839,0.610471,0,0.557839,0.404388,0
6.23934,4.40184,8.07873,-0.00456972,4.39902,-0.164859,-0.72522,FRENET,0.610471,0.557839,0.610471,0,0.557839,0.404388,0
6.24271,4.40184,8.07873,-0.00456972,4.39902,-0.164859,-0.72522,FRENET,0.610471,0.557839,0.610471,0,0.557839,0.404388,0
6.24672,4.40184,8.07873,-0.00456972,4.39902,-0.164859,-0.72522,FRENET,0.610471,0.557839,0.610471,0,0.557839,0.404388,0
6.25074,4.44585,8.07845,-0.00632964,4.40225,-0.170021,-0.748473,FRENET,0.610471,0.557839,0.610471,0,0.557839,0.404388,0
6.25476,4.44585,8.07845,-0.00632964,4.40225,-0.170021,-0.748473,FRENET,0.610471,0.557839,0.610471,0,0.557839,0.404388,0
6.2594,4.48988,8.07815,-0.00798422,4.40533,-0.177326,-0.781181,FRENET,0.610471,0.557839,0.610471,0,0.557839,0.404388,0
6.26276,4.48988,8.07815,-0.00798422,4.40533,-0.177326,-0.781181,FRENET,0.610471,0.557839,0.610471,0,0.557839,0.404388,0
6.26675,4.48988,8.07815,-0.00798422,4.40533,-0.177326,-0.781181,FRENET,0.610471,0.557839,0.610471,0,0.557839,0.404388,0
6.27073,4.53395,8.07779,-0.00985059,4.40826,-0.178982,-0.788998,FRENET,0.610471,0.557839,0.610471,0,0.557839,0.404388,0
6.27475,4.53395,8.07779,-0.00985059,4.40826,-0.178982,-0.788998,FRENET,0.604077,0.557839,0.604077,0,0.557839,0.410021,0
6.27939,4.57804,8.07741,-0.0112668,4.41105,-0.0910395,-0.40158,FRENET,0.604077,0.557839,0.604077,0,0.557839,0.410021,0
6.28275,4.57804,8.07741,-0.0112668,4.41105,-0.0910395,-0.40158,FRENET,0.604077,0.557839,0.604077,0,0.557839,0.410021,0
6.28675,4.57804,8.07741,-0.0112668,4.41105,-0.0910395,-0.40158,FRENET,0.604077,0.557839,0.604077,0,0.557839,0.410021,0
6.29074,4.62217,8.07707,-0.0117543,4.41372,-0.026006,-0.114783,FRENET,0.604077,0.557839,0.604077,0,0.557839,0.410021,0
6.29475,4.62217,8.07707,-0.0117543,4.41372,-0.026006,-0.114783,FRENET,0.604077,0.557839,0.604077,0,0.557839,0.410021,0
6.29939,4.66632,8.07674,-0.0118157,4.41625,0.0282799,0.124891,FRENET,0.604077,0.557839,0.604077,0,0.557839,0.410021,0
6.30276,4.66632,8.07674,-0.0118157,4.41625,0.0282799,0.124891,FRENET,0.604077,0.557839,0.604077,0,0.557839,0.410021,0
6.30676,4.66632,8.07674,-0.0118157,4.41625,0.0282799,0.124891,FRENET,0.604077,0.557839,0.604077,0,0.557839,0.410021,0
6.31073,4.71049,8.07643,-0.0112484,4.41866,0.0666508,0.294507,FRENET,0.604077,0.557839,0.604077,0,0.557839,0.410021,0
6.31475,4.71049,8.07643,-0.0112484,4.41866,0.0666508,0.294507,FRENET,0.604077,0.557839,0.604077,0,0.557839,0.410021,0
6.31934,4.75469,8.07613,-0.0104928,4.42096,0.099878,0.441557,FRENET,0.604077,0.557839,0.604077,0,0.557839,0.410021,0
6.32275,4.75469,8.07613,-0.0104928,4.42096,0.099878,0.441557,FRENET,0.604077,0.557839,0.604077,0,0.557839,0.410021,0
6.32675,4.75469,8.07613,-0.0104928,4.42096,0.099878,0.441557,FRENET,0.605666,0.557839,0.605666,0,0.557839,0.39917,0
6.33073,4.79891,8.07587,-0.00929566,4.42315,0.121666,0.538148,FRENET,0.605666,0.557839,0.605666,0,0.557839,0.39917,0
6.33476,4.79891,8.07587,-0.00929566,4.42315,0.121666,0.538148,FRENET,0.605666,0.557839,0.605666,0,0.557839,0.39917,0
6.33939,4.84315,8.07561,-0.00805769,4.42523,0.141882,0.62786,FRENET,0.605666,0.557839,0.605666,0,0.557839,0.39917,0
6.34275,4.84315,8.07561,-0.00805769,4.42523,0.141882,0.62786,FRENET,0.605666,0.557839,0.605666,0,0.557839,0.39917,0
6.34675,4.84315,8.07561,-0.00805769,4.42523,0.141882,0.62786,FRENET,0.605666,0.557839,0.605666,0,0.557839,0.39917,0
6.35072,4.88741,8.0754,-0.00649345,4.42722,0.153497,0.679563,FRENET,0.605666,0.557839,0.605666,0,0.557839,0.39917,0
6.35471,4.88741,8.0754,-0.00649345,4.42722,0.153497,0.679563,FRENET,0.605666,0.557839,0.605666,0,0.557839,0.39917,0
6.35934,4.93169,8.0752,-0.00497852,4.42911,0.165792,0.734312,FRENET,0.605666,0.557839,0.605666,0,0.557839,0.39917,0
6.36268,4.93169,8.0752,-0.00497852,4.42911,0.165792,0.734312,FRENET,0.605666,0.557839,0.605666,0,0.557839,0.39917,0
6.36668,4.93169,8.0752,-0.00497852,4.42911,0.165792,0.734312,FRENET,0.605666,0.557839,0.605666,0,0.557839,0.39917,0
6.37068,4.97599,8.07506,-0.00320713,4.43091,0.171268,0.758873,FRENET,0.605666,0.557839,0.605666,0,0.557839,0.39917,0
6.37471,4.97599,8.07506,-0.00320713,4.43091,0.171268,0.758873,FRENET,0.612058,0.555832,0.612058,0,0.555832,0.399198,0
6.37935,5.02031,8.07494,-0.00153916,4.43251,0.178858,0.792792,FRENET,0.612058,0.555832,0.612058,0,0.555832,0.399198,0
6.3827,5.02031,8.07494,-0.00153916,4.43251,0.178858,0.792792,FRENET,0.612058,0.555832,0.612058,0,0.555832,0.399198,0
6.3867,5.02031,8.07494,-0.00153916,4.43251,0.178858,0.792792,FRENET,0.612058,0.555832,0.612058,0,0.555832,0.399198,0
6.39068,5.06464,8.07488,0.000344144,4.43404,0.180725,0.80134,FRENET,0.612058,0.555832,0.612058,0,0.555832,0.399198,0
6.3947,5.06464,8.07488,0.000344144,4.43404,0.180725,0.80134,FRENET,0.612058,0.555832,0.612058,0,0.555832,0.399198,0
6.39935,5.10899,8.07485,0.00193417,4.43549,0.138956,0.616337,FRENET,0.612058,0.555832,0.612058,0,0.555832,0.399198,0
6.40272,5.10899,8.07485,0.00193417,4.43549,0.138956,0.616337,FRENET,0.612058,0.555832,0.612058,0,0.555832,0.399198,0
6.4067,5.10899,8.07485,0.00193417,4.43549,0.138956,0.616337,FRENET,0.612058,0.555832,0.612058,0,0.555832,0.399198,0
6.41068,5.15335,8.07481,0.00299497,4.43687,0.0595345,0.264147,FRENET,0.612058,0.555832,0.612058,0,0.555832,0.399198,0
6.4147,5.15335,8.07481,0.00299497,4.43687,0.0595345,0.264147,FRENET,0.612058,0.555832,0.612058,0,0.555832,0.399198,0
6.41934,5.19773,8.07475,0.00320317,4.44004,0.00134662,0.00597905,FRENET,0.612058,0.555832,0.612058,0,0.555832,0.399198,0
6.4227,5.19773,8.07475,0.00320317,4.44004,0.00134662,0.00597905,FRENET,0.612058,0.555832,0.612058,0,0.555832,0.399198,0
6.4267,5.19773,8.07475,0.00320317,4.44004,0.00134662,0.00597905,FRENET,0.603169,0.555832,0.603169,0,0.555832,0.395459,0
6.43068,5.24215,8.07468,0.00304592,4.44306,-0.0475337,-0.211195,FRENET,0.603169,0.555832,0.603169,0,0.555832,0.395459,0
6.4347,5.24215,8.07468,0.00304592,4.44306,-0.0475337,-0.211195,FRENET,0.603169,0.555832,0.603169,0,0.555832,0.395459,0
6.43934,5.28659,8.07459,0.00230814,4.44593,-0.0817011,-0.363237,FRENET,0.603169,0.555832,0.603169,0,0.555832,0.395459,0
6.44271,5.28659,8.07459,0.00230814,4.44593,-0.0817011,-0.363237,FRENET,0.603169,0.555832,0.603169,0,0.555832,0.395459,0
6.4467,5.28659,8.07459,0.00230814,4.44593,-0.0817011,-0.363237,FRENET,0.603169,0.555832,0.603169,0,0.555832,0.395459,0
6.45074,5.33107,8.07449,0.00141915,4.44866,-0.111607,-0.4965,FRENET,0.603169,0.555832,0.603169,0,0.555832,0.395459,0
6.45475,5.33107,8.07449,0.00141915,4.44866,-0.111607,-0.4965,FRENET,0.603169,0.555832,0.603169,0,0.555832,0.395459,0
6.45939,5.37557,8.07435,0.000118256,4.45127,-0.130833,-0.582374,FRENET,0.603169,0.555832,0.603169,0,0.555832,0.395459,0
6.46275,5.37557,8.07435,0.000118256,4.45127,-0.130833,-0.582374,FRENET,0.603169,0.555832,0.603169,0,0.555832,0.395459,0
6.4667,5.37557,8.07435,0.000118256,4.45127,-0.130833,-0.582374,FRENET,0.603169,0.555832,0.603169,0,0.555832,0.395459,0
6.47069,5.42009,8.07421,-0.00120097,4.45375,-0.14902,-0.663698,FRENET,0.603169,0.555832,0.603169,0,0.555832,0.395459,0
6.4747,5.42009,8.07421,-0.00120097,4.45375,-0.14902,-0.663698,FRENET,0.614743,0.555832,0.614743,0,0.555832,0.410012,0
6.47934,5.46464,8.07402,-0.00282839,4.45611,-0.15909,-0.708922,FRENET,0.614743,0.555832,0.614743,0,0.555832,0.410012,0
6.4827,5.46464,8.07402,-0.00282839,4.45611,-0.15909,-0.708922,FRENET,0.614743,0.555832,0.614743,0,0.555832,0.410012,0
6.48671,5.46464,8.07402,-0.00282839,4.45611,-0.15909,-0.708922,FRENET,0.614743,0.555832,0.614743,0,0.555832,0.410012,0
6.49068,5.50921,8.07381,-0.00439298,4.45837,-0.170156,-0.758617,FRENET,0.614743,0.555832,0.614743,0,0.555832,0.410012,0
6.4947,5.50921,8.07381,-0.00439298,4.45837,-0.170156,-0.758617,FRENET,0.614743,0.555832,0.614743,0,0.555832,0.410012,0
6.49933,5.55381,8.07355,-0.00620309,4.46051,-0.174714,-0.779312,FRENET,0.614743,0.555832,0.614743,0,0.555832,0.410012,0
6.5027,5.55381,8.07355,-0.00620309,4.46051,-0.174714,-0.779312,FRENET,0.614743,0.555832,0.614743,0,0.555832,0.410012,0
6.5067,5.55381,8.07355,-0.00620309,4.46051,-0.174714,-0.779312,FRENET,0.614743,0.555832,0.614743,0,0.555832,0.410012,0
6.51069,5.59842,8.07326,-0.0079017,4.46255,-0.181539,-0.810128,FRENET,0.614743,0.555832,0.614743,0,0.555832,0.410012,0
6.5147,5.59842,8.07326,-0.0079017,4.46255,-0.181539,-0.810128,FRENET,0.614743,0.555832,0.614743,0,0.555832,0.410012,0
6.51934,5.64305,8.07291,-0.00980877,4.4645,-0.182854,-0.81635,FRENET,0.614743,0.555832,0.614743,0,0.555832,0.410012,0
6.5227,5.64305,8.07291,-0.00980877,4.4645,-0.182854,-0.81635,FRENET,0.614743,0.555832,0.614743,0,0.555832,0.410012,0
6.5267,5.64305,8.07291,-0.00980877,4.4645,-0.182854,-0.81635,FRENET,0.615317,0.555832,0.615317,0,0.555832,0.400538,0
6.53069,5.68771,8.07255,-0.0112603,4.46635,-0.0941553,-0.42053,FRENET,0.615317,0.555832,0.615317,0,0.555832,0.400538,0
6.5347,5.68771,8.07255,-0.0112603,4.46635,-0.0941553,-0.42053,FRENET,0.615317,0.555832,0.615317,0,0.555832,0.400538,0
6.53934,5.73238,8.07222,-0.0117746,4.46812,-0.0283275,-0.126571,FRENET,0.615317,0.555832,0.615317,0,0.555832,0.400538,0
6.5427,5.73238,8.07222,-0.0117746,4.46812,-0.0283275,-0.126571,FRENET,0.615317,0.555832,0.615317,0,0.555832,0.400538,0
6.54674,5.73238,8.07222,-0.0117746,4.46812,-0.0283275,-0.126571,FRENET,0.615317,0.555832,0.615317,0,0.555832,0.400538,0
6.55072,5.77707,8.07189,-0.0118558,4.4698,0.0266931,0.119313,FRENET,0.615317,0.555832,0.615317,0,0.555832,0.400538,0
6.5547,5.77707,8.07189,-0.0118558,4.4698,0.0266931,0.119313,FRENET,0.615317,0.555832,0.615317,0,0.555832,0.400538,0
6.55936,5.82177,8.07159,-0.0113005,4.4714,0.0657721,0.294093,FRENET,0.615317,0.555832,0.615317,0,0.555832,0.400538,0
6.5627,5.82177,8.07159,-0.0113005,4.4714,0.0657721,0.294093,FRENET,0.615317,0.555832,0.615317,0,0.555832,0.400538,0
6.5667,5.82177,8.07159,-0.0113005,4.4714,0.0657721,0.294093,FRENET,0.615317,0.555832,0.615317,0,0.555832,0.400538,0
6.57068,5.86649,8.0713,-0.0105509,4.47292,0.0996076,0.445537,FRENET,0.615317,0.555832,0.615317,0,0.555832,0.400538,0
6.57471,5.86649,8.0713,-0.0105509,4.47292,0.0996076,0.445537,FRENET,0.613639,0.553374,0.613639,0,0.553374,0.406082,0
6.57934,5.91123,8.07104,-0.00935323,4.47422,0.12197,0.545723,FRENET,0.613639,0.553374,0.613639,0,0.553374,0.406082,0
6.5827,5.91123,8.07104,-0.00935323,4.47422,0.12197,0.545723,FRENET,0.613639,0.553374,0.613639,0,0.553374,0.406082,0
6.5867,5.91123,8.07104,-0.00935323,4.47422,0.12197,0.545723,FRENET,0.613639,0.553374,0.613639,0,0.553374,0.406082,0
6.5907,5.95597,8.07079,-0.00811013,4.47546,0.142654,0.638445,FRENET,0.613639,0.553374,0.613639,0,0.553374,0.406082,0
6.5947,5.95597,8.07079,-0.00811013,4.47546,0.142654,0.638445,FRENET,0.613639,0.553374,0.613639,0,0.553374,0.406082,0
6.59934,6.00073,8.07058,-0.00653572,4.47664,0.154687,0.692477,FRENET,0.613639,0.553374,0.613639,0,0.553374,0.406082,0
6.6027,6.00073,8.07058,-0.00653572,4.47664,0.154687,0.692477,FRENET,0.613639,0.553374,0.613639,0,0.553374,0.406082,0
6.6067,6.00073,8.07058,-0.00653572,4.47664,0.154687,0.692477,FRENET,0.613639,0.553374,0.613639,0,0.553374,0.406082,0
6.61069,6.04551,8.07038,-0.00500754,4.47777,0.167301,0.749134,FRENET,0.613639,0.553374,0.613639,0,0.553374,0.406082,0
6.6147,6.04551,8.07038,-0.00500754,4.47777,0.167301,0.749134,FRENET,0.613639,0.553374,0.613639,0,0.553374,0.406082,0
6.61935,6.09029,8.07024,-0.00321934,4.47884,0.173056,0.775091,FRENET,0.613639,0.553374,0.613639,0,0.553374,0.406082,0
6.6227,6.09029,8.07024,-0.00321934,4.47884,0.173056,0.775091,FRENET,0.613639,0.553374,0.613639,0,0.553374,0.406082,0
6.6267,6.09029,8.07024,-0.00321934,4.47884,0.173056,0.775091,FRENET,0.618712,0.553374,0.618712,0,0.553374,0.404347,0
6.63069,6.13508,8.07012,-0.00153283,4.47986,0.180814,0.81002,FRENET,0.618712,0.553374,0.618712,0,0.553374,0.404347,0
6.6347,6.13508,8.07012,-0.00153283,4.47986,0.180814,0.81002,FRENET,0.618712,0.553374,0.618712,0,0.553374,0.404347,0
6.63934,6.17989,8.07007,0.000368535,4.4824,0.182466,0.817886,FRENET,0.618712,0.553374,0.618712,0,0.553374,0.404347,0
6.6427,6.17989,8.07007,0.000368535,4.4824,0.182466,0.817886,FRENET,0.618712,0.553374,0.618712,0,0.553374,0.404347,0
6.64681,6.17989,8.07007,0.000368535,4.4824,0.182466,0.817886,FRENET,0.618712,0.553374,0.618712,0,0.553374,0.404347,0
6.65079,6.22473,8.07005,0.0021331,4.48482,0.187052,0.838893,FRENET,0.618712,0.553374,0.618712,0,0.553374,0.404347,0
6.6548,6.22473,8.07005,0.0021331,4.48482,0.187052,0.838893,FRENET,0.618712,0.553374,0.618712,0,0.553374,0.404347,0
6.65945,6.26959,8.07009,0.00408644,4.48712,0.1867,0.837746,FRENET,0.618712,0.553374,0.618712,0,0.553374,0.404347,0
6.6628,6.26959,8.07009,0.00408644,4.48712,0.1867,0.837746,FRENET,0.618712,0.553374,0.618712,0,0.553374,0.404347,0
6.6668,6.26959,8.07009,0.00408644,4.48712,0.1867,0.837746,FRENET,0.618712,0.553374,0.618712,0,0.553374,0.404347,0
6.67078,6.31447,8.07015,0.0055703,4.48932,0.0968316,0.434708,FRENET,0.618712,0.553374,0.618712,0,0.553374,0.404347,0
6.67484,6.31447,8.07015,0.0055703,4.48932,0.0968316,0.434708,FRENET,0.60861,0.553374,0.60861,0,0.553374,0.394641,0
6.67934,6.35937,8.07019,0.00610639,4.49141,0.0300214,0.134838,FRENET,0.60861,0.553374,0.60861,0,0.553374,0.394641,0
6.6827,6.35937,8.07019,0.00610639,4.49141,0.0300214,0.134838,FRENET,0.60861,0.553374,0.60861,0,0.553374,0.394641,0
6.68671,6.35937,8.07019,0.00610639,4.49141,0.0300214,0.134838,FRENET,0.60861,0.553374,0.60861,0,0.553374,0.394641,0
6.69069,6.4043,8.07022,0.00620047,4.4934,-0.0257619,-0.115758,FRENET,0.60861,0.553374,0.60861,0,0.553374,0.394641,0
6.6947,6.4043,8.07022,0.00620047,4.4934,-0.0257619,-0.115758,FRENET,0.60861,0.553374,0.60861,0,0.553374,0.394641,0
6.69934,6.44924,8.07023,0.00565131,4.4953,-0.0654689,-0.294302,FRENET,0.60861,0.553374,0.60861,0,0.553374,0.394641,0
6.7027,6.44924,8.07023,0.00565131,4.4953,-0.0654689,-0.294302,FRENET,0.60861,0.553374,0.60861,0,0.553374,0.394641,0
6.70675,6.44924,8.07023,0.00565131,4.4953,-0.0654689,-0.294302,FRENET,0.60861,0.553374,0.60861,0,0.553374,0.394641,0
6.71069,6.4942,8.07024,0.0049022,4.4971,-0.0997652,-0.448654,FRENET,0.60861,0.553374,0.60861,0,0.553374,0.394641,0
6.71474,6.4942,8.07024,0.0049022,4.4971,-0.0997652,-0.448654,FRENET,0.60861,0.553374,0.60861,0,0.553374,0.394641,0
6.71938,6.53918,8.07022,0.00370122,4.49882,-0.122489,-0.551056,FRENET,0.60861,0.553374,0.60861,0,0.553374,0.394641,0
6.72274,6.53918,8.07022,0.00370122,4.49882,-0.122489,-0.551056,FRENET,0.60861,0.553374,0.60861,0,0.553374,0.394641,0
6.72674,6.53918,8.07022,0.00370122,4.49882,-0.122489,-0.551056,FRENET,0.620978,0.553374,0.620978,0,0.553374,0.403491,0
6.73073,6.58418,8.0702,0.00245154,4.50046,-0.143409,-0.645406,FRENET,0.620978,0.553374,0.620978,0,0.553374,0.403491,0
6.73471,6.58418,8.0702,0.00245154,4.50046,-0.143409,-0.645406,FRENET,0.620978,0.553374,0.620978,0,0.553374,0.403491,0
6.73937,6.62919,8.07014,0.000868704,4.50202,-0.155635,-0.700673,FRENET,0.620978,0.553374,0.620978,0,0.553374,0.403491,0
6.74273,6.62919,8.07014,0.000868704,4.50202,-0.155635,-0.700673,FRENET,0.620978,0.553374,0.620978,0,0.553374,0.403491,0
6.7467,6.62919,8.07014,0.000868704,4.50202,-0.155635,-0.700673,FRENET,0.620978,0.553374,0.620978,0,0.553374,0.403491,0
6.7507,6.67422,8.07006,-0.000669663,4.50351,-0.168352,-0.758176,FRENET,0.620978,0.553374,0.620978,0,0.553374,0.403491,0
6.7547,6.67422,8.07006,-0.000669663,4.50351,-0.168352,-0.758176,FRENET,0.620978,0.553374,0.620978,0,0.553374,0.403491,0
6.75934,6.71926,8.06993,-0.00246873,4.50492,-0.174197,-0.784744,FRENET,0.620978,0.553374,0.620978,0,0.553374,0.403491,0
6.7627,6.71926,8.06993,-0.00246873,4.50492,-0.174197,-0.784744,FRENET,0.620978,0.553374,0.620978,0,0.553374,0.403491,0
6.7667,6.71926,8.06993,-0.00246873,4.50492,-0.174197,-0.784744,FRENET,0.620978,0.553374,0.620978,0,0.553374,0.403491,0
6.77069,6.76432,8.06978,-0.0041669,4.50627,-0.181977,-0.820037,FRENET,0.620978,0.553374,0.620978,0,0.553374,0.403491,0
6.77471,6.76432,8.06978,-0.0041669,4.50627,-0.181977,-0.820037,FRENET,0.616937,0.552007,0.616937,0,0.552007,0.392567,0
6.77934,6.80939,8.06957,-0.00608246,4.50753,-0.184028,-0.829512,FRENET,0.616937,0.552007,0.616937,0,0.552007,0.392567,0
6.7827,6.80939,8.06957,-0.00608246,4.50753,-0.184028,-0.829512,FRENET,0.616937,0.552007,0.616937,0,0.552007,0.392567,0
6.7867,6.80939,8.06957,-0.00608246,4.50753,-0.184028,-0.829512,FRENET,0.616937,0.552007,0.616937,0,0.552007,0.392567,0
6.79069,6.85447,8.06932,-0.00786375,4.50874,-0.188911,-0.851751,FRENET,0.616937,0.552007,0.616937,0,0.552007,0.392567,0
6.79475,6.85447,8.06932,-0.00786375,4.50874,-0.188911,-0.851751,FRENET,0.616937,0.552007,0.616937,0,0.552007,0.392567,0
6.79937,6.89956,8.06901,-0.00983717,4.50988,-0.188762,-0.851294,FRENET,0.616937,0.552007,0.616937,0,0.552007,0.392567,0
6.80275,6.89956,8.06901,-0.00983717,4.50988,-0.188762,-0.851294,FRENET,0.616937,0.552007,0.616937,0,0.552007,0.392567,0
6.80673,6.89956,8.06901,-0.00983717,4.50988,-0.188762,-0.851294,FRENET,0.616937,0.552007,0.616937,0,0.552007,0.392567,0
6.81072,6.94466,8.06869,-0.0113404,4.51097,-0.0985513,-0.444562,FRENET,0.616937,0.552007,0.616937,0,0.552007,0.392567,0
6.81472,6.94466,8.06869,-0.0113404,4.51097,-0.0985513,-0.444562,FRENET,0.616937,0.552007,0.616937,0,0.552007,0.392567,0
6.81934,6.98978,8.06839,-0.0118924,4.51333,-0.0314628,-0.142002,FRENET,0.616937,0.552007,0.616937,0,0.552007,0.392567,0
6.8227,6.98978,8.06839,-0.0118924,4.51333,-0.0314628,-0.142002,FRENET,0.616937,0.552007,0.616937,0,0.552007,0.392567,0
6.8267,6.98978,8.06839,-0.0118924,4.51333,-0.0314628,-0.142002,FRENET,0.623682,0.552007,0.623682,0,0.552007,0.409227,0
6.83069,7.03493,8.06809,-0.0119994,4.51557,0.0245909,0.111042,FRENET,0.623682,0.552007,0.623682,0,0.552007,0.409227,0
6.83469,7.03493,8.06809,-0.0119994,4.51557,0.0245909,0.111042,FRENET,0.623682,0.552007,0.623682,0,0.552007,0.409227,0
6.83935,7.08009,8.06781,-0.0114606,4.5177,0.0645896,0.291797,FRENET,0.623682,0.552007,0.623682,0,0.552007,0.409227,0
6.8427,7.08009,8.06781,-0.0114606,4.5177,0.0645896,0.291797,FRENET,0.623682,0.552007,0.623682,0,0.552007,0.409227,0
6.8467,7.08009,8.06781,-0.0114606,4.5177,0.0645896,0.291797,FRENET,0.623682,0.552007,0.623682,0,0.552007,0.409227,0
6.85069,7.12528,8.06754,-0.0107189,4.51973,0.0991329,0.448054,FRENET,0.623682,0.552007,0.623682,0,0.552007,0.409227,0
6.8547,7.12528,8.06754,-0.0107189,4.51973,0.0991329,0.448054,FRENET,0.623682,0.552007,0.623682,0,0.552007,0.409227,0
6.85934,7.17048,8.06729,-0.00952312,4.52167,0.122104,0.552113,FRENET,0.623682,0.552007,0.623682,0,0.552007,0.409227,0
6.86269,7.17048,8.06729,-0.00952312,4.52167,0.122104,0.552113,FRENET,0.623682,0.552007,0.623682,0,0.552007,0.409227,0
6.8667,7.17048,8.06729,-0.00952312,4.52167,0.122104,0.552113,FRENET,0.623682,0.552007,0.623682,0,0.552007,0.409227,0
6.87069,7.21571,8.06705,-0.00827622,4.52351,0.143216,0.647839,FRENET,0.623682,0.552007,0.623682,0,0.552007,0.409227,0
6.87474,7.21571,8.06705,-0.00827622,4.52351,0.143216,0.647839,FRENET,0.619355,0.552007,0.619355,0,0.552007,0.403728,0
6.87935,7.26095,8.06685,-0.00669442,4.52527,0.155631,0.704271,FRENET,0.619355,0.552007,0.619355,0,0.552007,0.403728,0
6.88276,7.26095,8.06685,-0.00669442,4.52527,0.155631,0.704271,FRENET,0.619355,0.552007,0.619355,0,0.552007,0.403728,0
6.88674,7.26095,8.06685,-0.00669442,4.52527,0.155631,0.704271,FRENET,0.619355,0.552007,0.619355,0,0.552007,0.403728,0
6.89073,7.30621,8.06667,-0.00515533,4.52694,0.168483,0.762712,FRENET,0.619355,0.552007,0.619355,0,0.552007,0.403728,0
6.89475,7.30621,8.06667,-0.00515533,4.52694,0.168483,0.762712,FRENET,0.619355,0.552007,0.619355,0,0.552007,0.403728,0
6.89933,7.35149,8.06653,-0.00335433,4.52853,0.174463,0.79006,FRENET,0.619355,0.552007,0.619355,0,0.552007,0.403728,0
6.90273,7.35149,8.06653,-0.00335433,4.52853,0.174463,0.79006,FRENET,0.619355,0.552007,0.619355,0,0.552007,0.403728,0
6.90675,7.35149,8.06653,-0.00335433,4.52853,0.174463,0.79006,FRENET,0.619355,0.552007,0.619355,0,0.552007,0.403728,0
6.9107,7.39678,8.06642,-0.00165297,4.53005,0.182329,0.825961,FRENET,0.619355,0.552007,0.619355,0,0.552007,0.403728,0
6.91474,7.39678,8.06642,-0.00165297,4.53005,0.182329,0.825961,FRENET,0.619355,0.552007,0.619355,0,0.552007,0.403728,0
6.91937,7.44209,8.06636,0.000266492,4.5315,0.184468,0.835918,FRENET,0.619355,0.552007,0.619355,0,0.552007,0.403728,0
6.92274,7.44209,8.06636,0.000266492,4.5315,0.184468,0.835918,FRENET,0.619355,0.552007,0.619355,0,0.552007,0.403728,0
6.92676,7.44209,8.06636,0.000266492,4.5315,0.184468,0.835918,FRENET,0.618466,0.552007,0.618466,0,0.552007,0.389995,0
6.93074,7.48741,8.06632,0.00173604,4.53287,0.0960356,0.435317,FRENET,0.618466,0.552007,0.618466,0,0.552007,0.389995,0
6.93474,7.48741,8.06632,0.00173604,4.53287,0.0960356,0.435317,FRENET,0.618466,0.552007,0.618466,0,0.552007,0.389995,0
6.93938,7.53275,8.06624,0.00226866,4.53418,0.0301018,0.136487,FRENET,0.618466,0.552007,0.618466,0,0.552007,0.389995,0
6.94274,7.53275,8.06624,0.00226866,4.53418,0.0301018,0.136487,FRENET,0.618466,0.552007,0.618466,0,0.552007,0.389995,0
6.94674,7.53275,8.06624,0.00226866,4.53418,0.0301018,0.136487,FRENET,0.618466,0.552007,0.618466,0,0.552007,0.389995,0
6.95074,7.5781,8.06615,0.00236663,4.53543,-0.0251744,-0.114177,FRENET,0.618466,0.552007,0.618466,0,0.552007,0.389995,0
6.95476,7.5781,8.06615,0.00236663,4.53543,-0.0251744,-0.114177,FRENET,0.618466,0.552007,0.618466,0,0.552007,0.389995,0
6.95935,7.62346,8.06604,0.00182434,4.53662,-0.0646692,-0.29338,FRENET,0.618466,0.552007,0.618466,0,0.552007,0.389995,0
6.96271,7.62346,8.06604,0.00182434,4.53662,-0.0646692,-0.29338,FRENET,0.618466,0.552007,0.618466,0,0.552007,0.389995,0
6.96676,7.62346,8.06604,0.00182434,4.53662,-0.0646692,-0.29338,FRENET,0.618466,0.552007,0.618466,0,0.552007,0.389995,0
6.97075,7.66883,8.06591,0.00108382,4.53775,-0.0989203,-0.448876,FRENET,0.618466,0.552007,0.618466,0,0.552007,0.389995,0
6.97474,7.66883,8.06591,0.00108382,4.53775,-0.0989203,-0.448876,FRENET,0.612692,0.551074,0.612692,0,0.551074,0.406122,0
6.97939,7.71421,8.06576,-0.000109486,4.53868,-0.121757,-0.552618,FRENET,0.612692,0.551074,0.612692,0,0.551074,0.406122,0
6.98275,7.71421,8.06576,-0.000109486,4.53868,-0.121757,-0.552618,FRENET,0.612692,0.551074,0.612692,0,0.551074,0.406122,0
6.98674,7.71421,8.06576,-0.000109486,4.53868,-0.121757,-0.552618,FRENET,0.612692,0.551074,0.612692,0,0.551074,0.406122,0
6.99074,7.7596,8.06559,-0.00135237,4.53956,-0.142847,-0.648462,FRENET,0.612692,0.551074,0.612692,0,0.551074,0.406122,0
6.99475,7.7596,8.06559,-0.00135237,4.53956,-0.142847,-0.648462,FRENET,0.612692,0.551074,0.612692,0,0.551074,0.406122,0
6.99934,7.805,8.06539,-0.00293096,4.5404,-0.155299,-0.705119,FRENET,0.612692,0.551074,0.612692,0,0.551074,0.406122,0
7.00275,7.805,8.06539,-0.00293096,4.5404,-0.155299,-0.705119,FRENET,0.612692,0.551074,0.612692,0,0.551074,0.406122,0
7.00674,7.805,8.06539,-0.00293096,4.5404,-0.155299,-0.705119,FRENET,0.612692,0.551074,0.612692,0,0.551074,0.406122,0
7.01073,7.85041,8.06516,-0.00446682,4.5412,-0.16824,-0.764009,FRENET,0.612692,0.551074,0.612692,0,0.551074,0.406122,0
7.01478,7.85041,8.06516,-0.00446682,4.5412,-0.16824,-0.764009,FRENET,0.612692,0.551074,0.612692,0,0.551074,0.406122,0
7.01939,7.89582,8.06488,-0.0062662,4.54196,-0.174324,-0.791771,FRENET,0.612692,0.551074,0.612692,0,0.551074,0.406122,0
7.02275,7.89582,8.06488,-0.0062662,4.54196,-0.174324,-0.791771,FRENET,0.612692,0.551074,0.612692,0,0.551074,0.406122,0
7.02675,7.89582,8.06488,-0.0062662,4.54196,-0.174324,-0.791771,FRENET,0.621354,0.551074,0.621354,0,0.551074,0.40388,0
7.03074,7.94124,8.06459,-0.00780777,4.54268,-0.135492,-0.615499,FRENET,0.621354,0.551074,0.621354,0,0.551074,0.40388,0
7.03475,7.94124,8.06459,-0.00780777,4.54268,-0.135492,-0.615499,FRENET,0.621354,0.551074,0.621354,0,0.551074,0.40388,0
7.03939,7.98667,8.0643,-0.00884406,4.54337,-0.0578862,-0.262999,FRENET,0.621354,0.551074,0.621354,0,0.551074,0.40388,0
7.04275,7.98667,8.0643,-0.00884406,4.54337,-0.0578862,-0.262999,FRENET,0.621354,0.551074,0.621354,0,0.551074,0.40388,0
7.0467,7.98667,8.0643,-0.00884406,4.54337,-0.0578862,-0.262999,FRENET,0.621354,0.551074,0.621354,0,0.551074,0.40388,0
7.05069,8.03212,8.06405,-0.00904047,4.54515,-0.000630442,-0.00286545,FRENET,0.621354,0.551074,0.621354,0,0.551074,0.40388,0
7.05468,8.03212,8.06405,-0.00904047,4.54515,-0.000630442,-0.00286545,FRENET,0.621354,0.551074,0.621354,0,0.551074,0.40388,0
7.05934,8.07758,8.06381,-0.00887918,4.54684,0.0477965,0.217323,FRENET,0.621354,0.551074,0.621354,0,0.551074,0.40388,0
7.0627,8.07758,8.06381,-0.00887918,4.54684,0.0477965,0.217323,FRENET,0.621354,0.551074,0.621354,0,0.551074,0.40388,0
7.06669,8.07758,8.06381,-0.00887918,4.54684,0.0477965,0.217323,FRENET,0.621354,0.551074,0.621354,0,0.551074,0.40388,0
7.07069,8.12305,8.0636,-0.00813871,4.54846,0.0819346,0.372676,FRENET,0.621354,0.551074,0.621354,0,0.551074,0.40388,0
7.0747,8.12305,8.0636,-0.00813871,4.54846,0.0819346,0.372676,FRENET,0.623161,0.551074,0.623161,0,0.551074,0.390953,0
7.07933,8.16854,8.0634,-0.00724729,4.54999,0.111978,0.509498,FRENET,0.623161,0.551074,0.623161,0,0.551074,0.390953,0
7.08271,8.16854,8.0634,-0.00724729,4.54999,0.111978,0.509498,FRENET,0.623161,0.551074,0.623161,0,0.551074,0.390953,0
7.08675,8.16854,8.0634,-0.00724729,4.54999,0.111978,0.509498,FRENET,0.623161,0.551074,0.623161,0,0.551074,0.390953,0
7.09073,8.21405,8.06324,-0.00594068,4.55146,0.13154,0.5987,FRENET,0.623161,0.551074,0.623161,0,0.551074,0.390953,0
7.09474,8.21405,8.06324,-0.00594068,4.55146,0.13154,0.5987,FRENET,0.623161,0.551074,0.623161,0,0.551074,0.390953,0
7.09938,8.25957,8.06309,-0.00461313,4.55285,0.150067,0.683233,FRENET,0.623161,0.551074,0.623161,0,0.551074,0.390953,0
7.10276,8.25957,8.06309,-0.00461313,4.55285,0.150067,0.683233,FRENET,0.623161,0.551074,0.623161,0,0.551074,0.390953,0
7.10675,8.25957,8.06309,-0.00461313,4.55285,0.150067,0.683233,FRENET,0.623161,0.551074,0.623161,0,0.551074,0.390953,0
7.11073,8.30511,8.06299,-0.00297273,4.55418,0.160562,0.73123,FRENET,0.623161,0.551074,0.623161,0,0.551074,0.390953,0
7.11475,8.30511,8.06299,-0.00297273,4.55418,0.160562,0.73123,FRENET,0.623161,0.551074,0.623161,0,0.551074,0.390953,0
7.11933,8.35065,8.06292,-0.00139201,4.55545,0.171981,0.78345,FRENET,0.623161,0.551074,0.623161,0,0.551074,0.390953,0
7.12275,8.35065,8.06292,-0.00139201,4.55545,0.171981,0.78345,FRENET,0.623161,0.551074,0.623161,0,0.551074,0.390953,0
7.12674,8.35065,8.06292,-0.00139201,4.55545,0.171981,0.78345,FRENET,0.625615,0.551074,0.625615,0,0.551074,0.3925,0
7.13073,8.39622,8.06289,0.000438664,4.55665,0.176928,0.806197,FRENET,0.625615,0.551074,0.625615,0,0.551074,0.3925,0
7.13474,8.39622,8.06289,0.000438664,4.55665,0.176928,0.806197,FRENET,0.625615,0.551074,0.625615,0,0.551074,0.3925,0
7.13935,8.44179,8.06288,0.00184366,4.5578,0.0905446,0.412684,FRENET,0.625615,0.551074,0.625615,0,0.551074,0.3925,0
7.14273,8.44179,8.06288,0.00184366,4.5578,0.0905446,0.412684,FRENET,0.625615,0.551074,0.625615,0,0.551074,0.3925,0
7.1467,8.44179,8.06288,0.00184366,4.5578,0.0905446,0.412684,FRENET,0.625615,0.551074,0.625615,0,0.551074,0.3925,0
7.15069,8.48737,8.06282,0.00232915,4.55889,0.0261047,0.119009,FRENET,0.625615,0.551074,0.625615,0,0.551074,0.3925,0
7.1547,8.48737,8.06282,0.00232915,4.55889,0.0261047,0.119009,FRENET,0.625615,0.551074,0.625615,0,0.551074,0.3925,0
7.15933,8.53296,8.06276,0.00239303,4.55993,-0.0280701,-0.127998,FRENET,0.625615,0.551074,0.625615,0,0.551074,0.3925,0
7.16269,8.53296,8.06276,0.00239303,4.55993,-0.0280701,-0.127998,FRENET,0.625615,0.551074,0.625615,0,0.551074,0.3925,0
7.16669,8.53296,8.06276,0.00239303,4.55993,-0.0280701,-0.127998,FRENET,0.625615,0.551074,0.625615,0,0.551074,0.3925,0
7.17069,8.57857,8.06267,0.0018258,4.56092,-0.0667892,-0.304621,FRENET,0.625615,0.551074,0.625615,0,0.551074,0.3925,0
7.17474,8.57857,8.06267,0.0018258,4.56092,-0.0667892,-0.304621,FRENET,0.616899,0.548817,0.616899,0,0.548817,0.399128,0
7.17937,8.62418,8.06256,0.00106713,4.56185,-0.100481,-0.458379,FRENET,0.616899,0.548817,0.616899,0,0.548817,0.399128,0
7.18274,8.62418,8.06256,0.00106713,4.56185,-0.100481,-0.458379,FRENET,0.616899,0.548817,0.616899,0,0.548817,0.399128,0
7.18672,8.62418,8.06256,0.00106713,4.56185,-0.100481,-0.458379,FRENET,0.616899,0.548817,0.616899,0,0.548817,0.399128,0
7.19074,8.66981,8.06243,-0.00013974,4.56273,-0.122931,-0.560903,FRENET,0.616899,0.548817,0.616899,0,0.548817,0.399128,0
7.19474,8.66981,8.06243,-0.00013974,4.56273,-0.122931,-0.560903,FRENET,0.616899,0.548817,0.616899,0,0.548817,0.399128,0
7.19937,8.71544,8.06227,-0.00139286,4.56357,-0.143741,-0.655973,FRENET,0.616899,0.548817,0.616899,0,0.548817,0.399128,0
7.20274,8.71544,8.06227,-0.00139286,4.56357,-0.143741,-0.655973,FRENET,0.616899,0.548817,0.616899,0,0.548817,0.399128,0
7.20673,8.71544,8.06227,-0.00139286,4.56357,-0.143741,-0.655973,FRENET,0.616899,0.548817,0.616899,0,0.548817,0.399128,0
7.21073,8.76108,8.06208,-0.00297951,4.56437,-0.156027,-0.712164,FRENET,0.616899,0.548817,0.616899,0,0.548817,0.399128,0
7.21474,8.76108,8.06208,-0.00297951,4.56437,-0.156027,-0.712164,FRENET,0.616899,0.548817,0.616899,0,0.548817,0.399128,0
7.21939,8.80673,8.06186,-0.00452138,4.56607,-0.16866,-0.770115,FRENET,0.616899,0.548817,0.616899,0,0.548817,0.399128,0
7.22277,8.80673,8.06186,-0.00452138,4.56607,-0.16866,-0.770115,FRENET,0.616899,0.548817,0.616899,0,0.548817,0.399128,0
7.22674,8.80673,8.06186,-0.00452138,4.56607,-0.16866,-0.770115,FRENET,0.624865,0.548817,0.624865,0,0.548817,0.398756,0
7.23077,8.8524,8.0616,-0.00632368,4.56769,-0.174562,-0.797343,FRENET,0.624865,0.548817,0.624865,0,0.548817,0.398756,0
7.23475,8.8524,8.0616,-0.00632368,4.56769,-0.174562,-0.797343,FRENET,0.624865,0.548817,0.624865,0,0.548817,0.398756,0
7.23937,8.89808,8.0613,-0.00802577,4.56923,-0.182386,-0.833364,FRENET,0.624865,0.548817,0.624865,0,0.548817,0.398756,0
7.24276,8.89808,8.0613,-0.00802577,4.56923,-0.182386,-0.833364,FRENET,0.624865,0.548817,0.624865,0,0.548817,0.398756,0
7.24676,8.89808,8.0613,-0.00802577,4.56923,-0.182386,-0.833364,FRENET,0.624865,0.548817,0.624865,0,0.548817,0.398756,0
7.25075,8.94378,8.06094,-0.00994597,4.5707,-0.184566,-0.843598,FRENET,0.624865,0.548817,0.624865,0,0.548817,0.398756,0
7.25474,8.94378,8.06094,-0.00994597,4.5707,-0.184566,-0.843598,FRENET,0.624865,0.548817,0.624865,0,0.548817,0.398756,0
7.25938,8.98949,8.06057,-0.0114165,4.5721,-0.0961182,-0.439462,FRENET,0.624865,0.548817,0.624865,0,0.548817,0.398756,0
7.26277,8.98949,8.06057,-0.0114165,4.5721,-0.0961182,-0.439462,FRENET,0.624865,0.548817,0.624865,0,0.548817,0.398756,0
7.26676,8.98949,8.06057,-0.0114165,4.5721,-0.0961182,-0.439462,FRENET,0.624865,0.548817,0.624865,0,0.548817,0.398756,0
7.27073,9.03522,8.06023,-0.0119493,4.57344,-0.0300265,-0.137324,FRENET,0.624865,0.548817,0.624865,0,0.548817,0.398756,0
7.27475,9.03522,8.06023,-0.0119493,4.57344,-0.0300265,-0.137324,FRENET,0.628463,0.548817,0.628463,0,0.548817,0.38922,0
7.27939,9.08096,8.0599,-0.0120456,4.57471,0.0254272,0.116322,FRENET,0.628463,0.548817,0.628463,0,0.548817,0.38922,0
7.28275,9.08096,8.0599,-0.0120456,4.57471,0.0254272,0.116322,FRENET,0.628463,0.548817,0.628463,0,0.548817,0.38922,0
7.28676,9.08096,8.0599,-0.0120456,4.57471,0.0254272,0.116322,FRENET,0.628463,0.548817,0.628463,0,0.548817,0.38922,0
7.29075,9.12671,8.05959,-0.0114996,4.57592,0.0651551,0.298144,FRENET,0.628463,0.548817,0.628463,0,0.548817,0.38922,0
7.29476,9.12671,8.05959,-0.0114996,4.57592,0.0651551,0.298144,FRENET,0.628463,0.548817,0.628463,0,0.548817,0.38922,0
7.29939,9.17247,8.05928,-0.0107533,4.57707,0.0996016,0.455883,FRENET,0.628463,0.548817,0.628463,0,0.548817,0.38922,0
7.30274,9.17247,8.05928,-0.0107533,4.57707,0.0996016,0.455883,FRENET,0.628463,0.548817,0.628463,0,0.548817,0.38922,0
7.30671,9.17247,8.05928,-0.0107533,4.57707,0.0996016,0.455883,FRENET,0.628463,0.548817,0.628463,0,0.548817,0.38922,0
7.31072,9.21825,8.05901,-0.00955221,4.57817,0.122639,0.56146,FRENET,0.628463,0.548817,0.628463,0,0.548817,0.38922,0
7.31473,9.21825,8.05901,-0.00955221,4.57817,0.122639,0.56146,FRENET,0.628463,0.548817,0.628463,0,0.548817,0.38922,0
7.31937,9.26403,8.05875,-0.00829973,4.57921,0.143867,0.658799,FRENET,0.628463,0.548817,0.628463,0,0.548817,0.38922,0
7.32277,9.26403,8.05875,-0.00829973,4.57921,0.143867,0.658799,FRENET,0.628463,0.548817,0.628463,0,0.548817,0.38922,0
7.32676,9.26403,8.05875,-0.00829973,4.57921,0.143867,0.658799,FRENET,0.62085,0.548817,0.62085,0,0.548817,0.390613,0
7.33075,9.30983,8.05852,-0.00671021,4.58021,0.156473,0.716679,FRENET,0.62085,0.548817,0.62085,0,0.548817,0.390613,0
7.33476,9.30983,8.05852,-0.00671021,4.58021,0.156473,0.716679,FRENET,0.62085,0.548817,0.62085,0,0.548817,0.390613,0
7.33938,9.35564,8.05832,-0.00516208,4.58116,0.169502,0.776517,FRENET,0.62085,0.548817,0.62085,0,0.548817,0.390613,0
7.34275,9.35564,8.05832,-0.00516208,4.58116,0.169502,0.776517,FRENET,0.62085,0.548817,0.62085,0,0.548817,0.390613,0
7.34675,9.35564,8.05832,-0.00516208,4.58116,0.169502,0.776517,FRENET,0.62085,0.548817,0.62085,0,0.548817,0.390613,0
7.35075,9.40145,8.05816,-0.00334959,4.58206,0.17569,0.805024,FRENET,0.62085,0.548817,0.62085,0,0.548817,0.390613,0
7.35477,9.40145,8.05816,-0.00334959,4.58206,0.17569,0.805024,FRENET,0.62085,0.548817,0.62085,0,0.548817,0.390613,0
7.35935,9.44728,8.05804,-0.00163537,4.58292,0.183722,0.841984,FRENET,0.62085,0.548817,0.62085,0,0.548817,0.390613,0
7.36277,9.44728,8.05804,-0.00163537,4.58292,0.183722,0.841984,FRENET,0.62085,0.548817,0.62085,0,0.548817,0.390613,0
7.36678,9.44728,8.05804,-0.00163537,4.58292,0.183722,0.841984,FRENET,0.62085,0.548817,0.62085,0,0.548817,0.390613,0
7.37074,9.49311,8.05797,0.000299153,4.58374,0.186039,0.852756,FRENET,0.62085,0.548817,0.62085,0,0.548817,0.390613,0
7.37477,9.49311,8.05797,0.000299153,4.58374,0.186039,0.852756,FRENET,0.626088,0.548817,0.626088,0,0.548817,0.390891,0
7.37936,9.53895,8.05791,0.00178378,4.58452,0.0974096,0.446576,FRENET,0.626088,0.548817,0.626088,0,0.548817,0.390891,0
7.38277,9.53895,8.05791,0.00178378,4.58452,0.0974096,0.446576,FRENET,0.626088,0.548817,0.626088,0,0.548817,0.390891,0
7.38677,9.53895,8.05791,0.00178378,4.58452,0.0974096,0.446576,FRENET,0.626088,0.548817,0.626088,0,0.548817,0.390891,0
7.39077,9.5848,8.05782,0.00232828,4.58526,0.0311304,0.142741,FRENET,0.626088,0.548817,0.626088,0,0.548817,0.390891,0
7.39477,9.5848,8.05782,0.00232828,4.58526,0.0311304,0.142741,FRENET,0.626088,0.548817,0.626088,0,0.548817,0.390891,0
7.39938,9.63066,8.05772,0.00243491,4.58597,-0.0245174,-0.112436,FRENET,0.626088,0.548817,0.626088,0,0.548817,0.390891,0
7.40277,9.63066,8.05772,0.00243491,4.58597,-0.0245174,-0.112436,FRENET,0.626088,0.548817,0.626088,0,0.548817,0.390891,0
7.40677,9.63066,8.05772,0.00243491,4.58597,-0.0245174,-0.112436,FRENET,0.626088,0.548817,0.626088,0,0.548817,0.390891,0
7.41076,9.67652,8.0576,0.00189689,4.58664,-0.0644332,-0.295532,FRENET,0.626088,0.548817,0.626088,0,0.548817,0.390891,0
7.41477,9.67652,8.0576,0.00189689,4.58664,-0.0644332,-0.295532,FRENET,0.626088,0.548817,0.626088,0,0.548817,0.390891,0
7.41935,9.72239,8.05747,0.00115711,4.58823,-0.0989739,-0.454114,FRENET,0.626088,0.548817,0.626088,0,0.548817,0.390891,0
7.42275,9.72239,8.05747,0.00115711,4.58823,-0.0989739,-0.454114,FRENET,0.626088,0.548817,0.626088,0,0.548817,0.390891,0
7.42677,9.72239,8.05747,0.00115711,4.58823,-0.0989739,-0.454114,FRENET,0.628527,0.547095,0.628527,0,0.547095,0.39415,0
7.43076,9.76828,8.05731,-3.89516e-05,4.5887,-0.122216,-0.560813,FRENET,0.628527,0.547095,0.628527,0,0.547095,0.39415,0
7.43477,9.76828,8.05731,-3.89516e-05,4.5887,-0.122216,-0.560813,FRENET,0.628527,0.547095,0.628527,0,0.547095,0.39415,0
7.4394,9.81417,8.05713,-0.0012877,4.58995,-0.143526,-0.658779,FRENET,0.628527,0.547095,0.628527,0,0.547095,0.39415,0
7.44277,9.81417,8.05713,-0.0012877,4.58995,-0.143526,-0.658779,FRENET,0.628527,0.547095,0.628527,0,0.547095,0.39415,0
7.44676,9.81417,8.05713,-0.0012877,4.58995,-0.143526,-0.658779,FRENET,0.628527,0.547095,0.628527,0,0.547095,0.39415,0
7.45075,9.86008,8.05692,-0.00287418,4.59115,-0.15622,-0.717231,FRENET,0.628527,0.547095,0.628527,0,0.547095,0.39415,0
7.45475,9.86008,8.05692,-0.00287418,4.59115,-0.15622,-0.717231,FRENET,0.628527,0.547095,0.628527,0,0.547095,0.39415,0
7.45938,9.90599,8.05669,-0.00442019,4.59228,-0.169315,-0.777544,FRENET,0.628527,0.547095,0.628527,0,0.547095,0.39415,0
7.46275,9.90599,8.05669,-0.00442019,4.59228,-0.169315,-0.777544,FRENET,0.628527,0.547095,0.628527,0,0.547095,0.39415,0
7.46676,9.90599,8.05669,-0.00442019,4.59228,-0.169315,-0.777544,FRENET,0.628527,0.547095,0.628527,0,0.547095,0.39415,0
7.47076,9.95192,8.05641,-0.0062311,4.59337,-0.175574,-0.806477,FRENET,0.628527,0.547095,0.628527,0,0.547095,0.39415,0
7.47475,9.95192,8.05641,-0.0062311,4.59337,-0.175574,-0.806477,FRENET,0.632544,0.547095,0.632544,0,0.547095,0.387895,0
7.47935,9.99786,8.0561,-0.00794448,4.5944,-0.183655,-0.843783,FRENET,0.632544,0.547095,0.632544,0,0.547095,0.387895,0
7.48276,9.99786,8.0561,-0.00794448,4.5944,-0.183655,-0.843783,FRENET,0.632544,0.547095,0.632544,0,0.547095,0.387895,0
7.48675,9.99786,8.0561,-0.00794448,4.5944,-0.183655,-0.843783,FRENET,0.632544,0.547095,0.632544,0,0.547095,0.387895,0
7.49074,10.0438,8.05573,-0.00987855,4.59538,-0.186027,-0.854864,FRENET,0.632544,0.547095,0.632544,0,0.547095,0.387895,0
7.49475,10.0438,8.05573,-0.00987855,4.59538,-0.186027,-0.854864,FRENET,0.632544,0.547095,0.632544,0,0.547095,0.387895,0
7.49939,10.0898,8.05535,-0.0113635,4.59632,-0.0974757,-0.448029,FRENET,0.632544,0.547095,0.632544,0,0.547095,0.387895,0
7.50275,10.0898,8.05535,-0.0113635,4.59632,-0.0974757,-0.448029,FRENET,0.632544,0.547095,0.632544,0,0.547095,0.387895,0
7.50675,10.0898,8.05535,-0.0113635,4.59632,-0.0974757,-0.448029,FRENET,0.632544,0.547095,0.632544,0,0.547095,0.387895,0
7.51076,10.1357,8.05501,-0.0119087,4.59721,-0.0312012,-0.143438,FRENET,0.632544,0.547095,0.632544,0,0.547095,0.387895,0
7.51475,10.1357,8.05501,-0.0119087,4.59721,-0.0312012,-0.143438,FRENET,0.632544,0.547095,0.632544,0,0.547095,0.387895,0
7.51938,10.1817,8.05466,-0.0120159,4.59806,0.0244639,0.112486,FRENET,0.632544,0.547095,0.632544,0,0.547095,0.387895,0
7.52275,10.1817,8.05466,-0.0120159,4.59806,0.0244639,0.112486,FRENET,0.632544,0.547095,0.632544,0,0.547095,0.387895,0
7.52672,10.1817,8.05466,-0.0120159,4.59806,0.0244639,0.112486,FRENET,0.610162,0.547095,0.610162,0,0.547095,0.388385,0
7.53077,10.2277,8.05435,-0.0114783,4.59886,0.0644305,0.296307,FRENET,0.610162,0.547095,0.610162,0,0.547095,0.388385,0
7.53483,10.2277,8.05435,-0.0114783,4.59886,0.0644305,0.296307,FRENET,0.610162,0.547095,0.610162,0,0.547095,0.388385,0
7.5394,10.2737,8.05404,-0.0107381,4.59963,0.0991059,0.455851,FRENET,0.610162,0.547095,0.610162,0,0.547095,0.388385,0
7.54277,10.2737,8.05404,-0.0107381,4.59963,0.0991059,0.455851,FRENET,0.610162,0.547095,0.610162,0,0.547095,0.388385,0
7.54676,10.2737,8.05404,-0.0107381,4.59963,0.0991059,0.455851,FRENET,0.610162,0.547095,0.610162,0,0.547095,0.388385,0
7.55075,10.3197,8.05376,-0.00954074,4.60037,0.122373,0.562959,FRENET,0.610162,0.547095,0.610162,0,0.547095,0.388385,0
7.55477,10.3197,8.05376,-0.00954074,4.60037,0.122373,0.562959,FRENET,0.610162,0.547095,0.610162,0,0.547095,0.388385,0
7.55938,10.3657,8.05349,-0.00829003,4.60106,0.143804,0.66165,FRENET,0.610162,0.547095,0.610162,0,0.547095,0.388385,0
7.56277,10.3657,8.05349,-0.00829003,4.60106,0.143804,0.66165,FRENET,0.610162,0.547095,0.610162,0,0.547095,0.388385,0
7.56677,10.3657,8.05349,-0.00829003,4.60106,0.143804,0.66165,FRENET,0.610162,0.547095,0.610162,0,0.547095,0.388385,0
7.57074,10.4117,8.05327,-0.00670004,4.60173,0.156602,0.720638,FRENET,0.610162,0.547095,0.610162,0,0.547095,0.388385,0
7.57477,10.4117,8.05327,-0.00670004,4.60173,0.156602,0.720638,FRENET,0.638455,0.547095,0.638455,0,0.547095,0.385291,0
7.57934,10.4577,8.05306,-0.00514994,4.60236,0.16979,0.781433,FRENET,0.638455,0.547095,0.638455,0,0.547095,0.385291,0
7.58271,10.4577,8.05306,-0.00514994,4.60236,0.16979,0.781433,FRENET,0.638455,0.547095,0.638455,0,0.547095,0.385291,0
7.58676,10.4577,8.05306,-0.00514994,4.60236,0.16979,0.781433,FRENET,0.638455,0.547095,0.638455,0,0.547095,0.385291,0
7.59075,10.5037,8.0529,-0.00333372,4.60297,0.176124,0.810693,FRENET,0.638455,0.547095,0.638455,0,0.547095,0.385291,0
7.59477,10.5037,8.0529,-0.00333372,4.60297,0.176124,0.810693,FRENET,0.638455,0.547095,0.638455,0,0.547095,0.385291,0
7.59942,10.5498,8.05277,-0.00161469,4.60354,0.184269,0.84829,FRENET,0.638455,0.547095,0.638455,0,0.547095,0.385291,0
7.6028,10.5498,8.05277,-0.00161469,4.60354,0.184269,0.84829,FRENET,0.638455,0.547095,0.638455,0,0.547095,0.385291,0
7.60679,10.5498,8.05277,-0.00161469,4.60354,0.184269,0.84829,FRENET,0.638455,0.547095,0.638455,0,0.547095,0.385291,0
7.61078,10.5958,8.0527,0.000325938,4.60409,0.18669,0.859535,FRENET,0.638455,0.547095,0.638455,0,0.547095,0.385291,0
7.61476,10.5958,8.0527,0.000325938,4.60409,0.18669,0.859535,FRENET,0.638455,0.547095,0.638455,0,0.547095,0.385291,0
7.61936,10.6419,8.05265,0.00197588,4.60461,0.144907,0.667239,FRENET,0.638455,0.547095,0.638455,0,0.547095,0.385291,0
7.62276,10.6419,8.05265,0.00197588,4.60461,0.144907,0.667239,FRENET,0.638455,0.547095,0.638455,0,0.547095,0.385291,0
7.62676,10.6419,8.05265,0.00197588,4.60461,0.144907,0.667239,FRENET,0.626669,0.544416,0.626669,0,0.544416,0.389113,0
7.63075,10.6879,8.05261,0.00309375,4.6051,0.0648443,0.298615,FRENET,0.626669,0.544416,0.626669,0,0.544416,0.389113,0
7.63476,10.6879,8.05261,0.00309375,4.6051,0.0648443,0.298615,FRENET,0.626669,0.544416,0.626669,0,0.544416,0.389113,0
7.63933,10.734,8.05253,0.00334785,4.60557,0.00537586,0.0247589,FRENET,0.626669,0.544416,0.626669,0,0.544416,0.389113,0
7.64273,10.734,8.05253,0.00334785,4.60557,0.00537586,0.0247589,FRENET,0.626669,0.544416,0.626669,0,0.544416,0.389113,0
7.64675,10.734,8.05253,0.00334785,4.60557,0.00537586,0.0247589,FRENET,0.626669,0.544416,0.626669,0,0.544416,0.389113,0
7.65072,10.78,8.05246,0.00322519,4.60602,-0.044851,-0.206585,FRENET,0.626669,0.544416,0.626669,0,0.544416,0.389113,0
7.65476,10.78,8.05246,0.00322519,4.60602,-0.044851,-0.206585,FRENET,0.626669,0.544416,0.626669,0,0.544416,0.389113,0
7.65938,10.8261,8.05236,0.00250646,4.60711,-0.0804419,-0.370605,FRENET,0.626669,0.544416,0.626669,0,0.544416,0.389113,0
7.66274,10.8261,8.05236,0.00250646,4.60711,-0.0804419,-0.370605,FRENET,0.626669,0.544416,0.626669,0,0.544416,0.389113,0
7.66675,10.8261,8.05236,0.00250646,4.60711,-0.0804419,-0.370605,FRENET,0.626669,0.544416,0.626669,0,0.544416,0.389113,0
7.67073,10.8722,8.05225,0.00162427,4.60815,-0.111621,-0.514365,FRENET,0.626669,0.544416,0.626669,0,0.544416,0.389113,0
7.67475,10.8722,8.05225,0.00162427,4.60815,-0.111621,-0.514365,FRENET,0.636034,0.544416,0.636034,0,0.544416,0.387908,0
7.67938,10.9182,8.05211,0.000316177,4.60914,-0.132123,-0.608972,FRENET,0.636034,0.544416,0.636034,0,0.544416,0.387908,0
7.68274,10.9182,8.05211,0.000316177,4.60914,-0.132123,-0.608972,FRENET,0.636034,0.544416,0.636034,0,0.544416,0.387908,0
7.68676,10.9182,8.05211,0.000316177,4.60914,-0.132123,-0.608972,FRENET,0.636034,0.544416,0.636034,0,0.544416,0.387908,0
7.69073,10.9643,8.05196,-0.00102068,4.61009,-0.15135,-0.697738,FRENET,0.636034,0.544416,0.636034,0,0.544416,0.387908,0
7.69475,10.9643,8.05196,-0.00102068,4.61009,-0.15135,-0.697738,FRENET,0.636034,0.544416,0.636034,0,0.544416,0.387908,0
7.69938,11.0104,8.05177,-0.00267706,4.61099,-0.16242,-0.748918,FRENET,0.636034,0.544416,0.636034,0,0.544416,0.387908,0
7.70275,11.0104,8.05177,-0.00267706,4.61099,-0.16242,-0.748918,FRENET,0.636034,0.544416,0.636034,0,0.544416,0.387908,0
7.70676,11.0104,8.05177,-0.00267706,4.61099,-0.16242,-0.748918,FRENET,0.636034,0.544416,0.636034,0,0.544416,0.387908,0
7.71073,11.0566,8.05156,-0.0042783,4.61185,-0.174236,-0.803549,FRENET,0.636034,0.544416,0.636034,0,0.544416,0.387908,0
7.71475,11.0566,8.05156,-0.0042783,4.61185,-0.174236,-0.803549,FRENET,0.636034,0.544416,0.636034,0,0.544416,0.387908,0
7.71939,11.1027,8.0513,-0.00613337,4.61266,-0.179507,-0.828003,FRENET,0.636034,0.544416,0.636034,0,0.544416,0.387908,0
7.72275,11.1027,8.0513,-0.00613337,4.61266,-0.179507,-0.828003,FRENET,0.636034,0.544416,0.636034,0,0.544416,0.387908,0
7.72675,11.1027,8.0513,-0.00613337,4.61266,-0.179507,-0.828003,FRENET,0.643339,0.544416,0.643339,0,0.544416,0.383905,0
7.73074,11.1488,8.051,-0.00788191,4.61344,-0.186809,-0.861833,FRENET,0.643339,0.544416,0.643339,0,0.544416,0.383905,0
7.73475,11.1488,8.051,-0.00788191,4.61344,-0.186809,-0.861833,FRENET,0.643339,0.544416,0.643339,0,0.544416,0.383905,0
7.73935,11.1949,8.05065,-0.00984452,4.61418,-0.188588,-0.870179,FRENET,0.643339,0.544416,0.643339,0,0.544416,0.383905,0
7.74276,11.1949,8.05065,-0.00984452,4.61418,-0.188588,-0.870179,FRENET,0.643339,0.544416,0.643339,0,0.544416,0.383905,0
7.74672,11.1949,8.05065,-0.00984452,4.61418,-0.188588,-0.870179,FRENET,0.643339,0.544416,0.643339,0,0.544416,0.383905,0
7.75073,11.2411,8.05028,-0.0113521,4.61489,-0.0994474,-0.458938,FRENET,0.643339,0.544416,0.643339,0,0.544416,0.383905,0
7.75475,11.2411,8.05028,-0.0113521,4.61489,-0.0994474,-0.458938,FRENET,0.643339,0.544416,0.643339,0,0.544416,0.383905,0
7.75939,11.2872,8.04995,-0.0119143,4.61556,-0.0326477,-0.150687,FRENET,0.643339,0.544416,0.643339,0,0.544416,0.383905,0
7.76275,11.2872,8.04995,-0.0119143,4.61556,-0.0326477,-0.150687,FRENET,0.643339,0.544416,0.643339,0,0.544416,0.383905,0
7.76675,11.2872,8.04995,-0.0119143,4.61556,-0.0326477,-0.150687,FRENET,0.643339,0.544416,0.643339,0,0.544416,0.383905,0
7.77074,11.3334,8.04962,-0.0120338,4.6162,0.0234605,0.108299,FRENET,0.643339,0.544416,0.643339,0,0.544416,0.383905,0
7.77475,11.3334,8.04962,-0.0120338,4.6162,0.0234605,0.108299,FRENET,0.646811,0.544416,0.646811,0.0563268,0.544416,0.31826,0
7.77934,11.3796,8.04931,-0.0115041,4.61681,0.063815,0.294621,FRENET,0.646811,0.544416,0.646811,0.0563268,0.544416,0.31826,0
7.78275,11.3796,8.04931,-0.0115041,4.61681,0.063815,0.294621,FRENET,0.646811,0.544416,0.646811,0.0563268,0.544416,0.31826,0
7.78676,11.3796,8.04931,-0.0115041,4.61681,0.063815,0.294621,FRENET,0.646811,0.544416,0.646811,0.0563268,0.544416,0.31826,0
7.79071,11.4257,8.04901,-0.0107686,4.61739,0.0988067,0.456229,FRENET,0.646811,0.544416,0.646811,0.0563268,0.544416,0.31826,0
7.79475,11.4257,8.04901,-0.0107686,4.61739,0.0988067,0.456229,FRENET,0.646811,0.544416,0.646811,0.0563268,0.544416,0.31826,0
7.79936,11.4719,8.04874,-0.00957271,4.61794,0.122347,0.564989,FRENET,0.646811,0.544416,0.646811,0.0563268,0.544416,0.31826,0
7.80275,11.4719,8.04874,-0.00957271,4.61794,0.122347,0.564989,FRENET,0.646811,0.544416,0.646811,0.0563268,0.544416,0.31826,0
7.80675,11.4719,8.04874,-0.00957271,4.61794,0.122347,0.564989,FRENET,0.646811,0.544416,0.646811,0.0563268,0.544416,0.31826,0
7.81074,11.5181,8.04848,-0.00832121,4.61847,0.143991,0.665019,FRENET,0.646811,0.544416,0.646811,0.0563268,0.544416,0.31826,0
7.81475,11.5181,8.04848,-0.00832121,4.61847,0.143991,0.665019,FRENET,0.646811,0.544416,0.646811,0.0563268,0.544416,0.31826,0
7.81939,11.5643,8.04825,-0.00672834,4.61897,0.156972,0.725048,FRENET,0.646811,0.544416,0.646811,0.0563268,0.544416,0.31826,0
7.82275,11.5643,8.04825,-0.00672834,4.61897,0.156972,0.725048,FRENET,0.646811,0.544416,0.646811,0.0563268,0.544416,0.31826,0
7.82675,11.5643,8.04825,-0.00672834,4.61897,0.156972,0.725048,FRENET,0.645499,0.542806,0.645499,0,0.542806,0.384269,0
7.83074,11.6105,8.04805,-0.00517452,4.62055,0.170091,0.785917,FRENET,0.645499,0.542806,0.645499,0,0.542806,0.384269,0
7.83475,11.6105,8.04805,-0.00517452,4.62055,0.170091,0.785917,FRENET,0.645499,0.542806,0.645499,0,0.542806,0.384269,0
7.83935,11.6567,8.04789,-0.0033568,4.62284,0.176251,0.814779,FRENET,0.645499,0.542806,0.645499,0,0.542806,0.384269,0
7.84275,11.6567,8.04789,-0.0033568,4.62284,0.176251,0.814779,FRENET,0.645499,0.542806,0.645499,0,0.542806,0.384269,0
7.84675,11.6567,8.04789,-0.0033568,4.62284,0.176251,0.814779,FRENET,0.645499,0.542806,0.645499,0,0.542806,0.384269,0
7.85073,11.7029,8.04774,-0.00195266,4.62502,0.0910157,0.420949,FRENET,0.645499,0.542806,0.645499,0,0.542806,0.384269,0
7.85476,11.7029,8.04774,-0.00195266,4.62502,0.0910157,0.420949,FRENET,0.645499,0.542806,0.645499,0,0.542806,0.384269,0
7.85935,11.7492,8.04754,-0.00145916,4.62709,0.0270866,0.125332,FRENET,0.645499,0.542806,0.645499,0,0.542806,0.384269,0
7.86274,11.7492,8.04754,-0.00145916,4.62709,0.0270866,0.125332,FRENET,0.645499,0.542806,0.645499,0,0.542806,0.384269,0
7.86675,11.7492,8.04754,-0.00145916,4.62709,0.0270866,0.125332,FRENET,0.645499,0.542806,0.645499,0,0.542806,0.384269,0
7.87073,11.7955,8.04734,-0.00138444,4.62907,-0.0268605,-0.124339,FRENET,0.645499,0.542806,0.645499,0,0.542806,0.384269,0
7.87476,11.7955,8.04734,-0.00138444,4.62907,-0.0268605,-0.124339,FRENET,0.63311,0.542806,0.63311,0,0.542806,0.376347,0
7.87935,11.8418,8.04709,-0.00193951,4.63095,-0.065667,-0.3041,FRENET,0.63311,0.542806,0.63311,0,0.542806,0.376347,0
7.88274,11.8418,8.04709,-0.00193951,4.63095,-0.065667,-0.3041,FRENET,0.63311,0.542806,0.63311,0,0.542806,0.376347,0
7.88674,11.8418,8.04709,-0.00193951,4.63095,-0.065667,-0.3041,FRENET,0.63311,0.542806,0.63311,0,0.542806,0.376347,0
7.89073,11.8881,8.04684,-0.00268792,4.63274,-0.0995009,-0.460962,FRENET,0.63311,0.542806,0.63311,0,0.542806,0.376347,0
7.89478,11.8881,8.04684,-0.00268792,4.63274,-0.0995009,-0.460962,FRENET,0.63311,0.542806,0.63311,0,0.542806,0.376347,0
7.89935,11.9344,8.04655,-0.00388614,4.63445,-0.122252,-0.566568,FRENET,0.63311,0.542806,0.63311,0,0.542806,0.376347,0
7.90276,11.9344,8.04655,-0.00388614,4.63445,-0.122252,-0.566568,FRENET,0.63311,0.542806,0.63311,0,0.542806,0.376347,0
7.90675,11.9344,8.04655,-0.00388614,4.63445,-0.122252,-0.566568,FRENET,0.63311,0.542806,0.63311,0,0.542806,0.376347,0
7.91074,11.9808,8.04624,-0.00513401,4.63607,-0.143312,-0.664405,FRENET,0.63311,0.542806,0.63311,0,0.542806,0.376347,0
7.91474,11.9808,8.04624,-0.00513401,4.63607,-0.143312,-0.664405,FRENET,0.63311,0.542806,0.63311,0,0.542806,0.376347,0
7.91935,12.0271,8.04589,-0.00671778,4.63762,-0.155935,-0.723168,FRENET,0.63311,0.542806,0.63311,0,0.542806,0.376347,0
7.92276,12.0271,8.04589,-0.00671778,4.63762,-0.155935,-0.723168,FRENET,0.63311,0.542806,0.63311,0,0.542806,0.376347,0
7.92675,12.0271,8.04589,-0.00671778,4.63762,-0.155935,-0.723168,FRENET,0.653929,0.542806,0.653929,0,0.542806,0.383523,0
7.93074,12.0735,8.04551,-0.00826084,4.6391,-0.168999,-0.784,FRENET,0.653929,0.542806,0.653929,0,0.542806,0.383523,0
7.93475,12.0735,8.04551,-0.00826084,4.6391,-0.168999,-0.784,FRENET,0.653929,0.542806,0.653929,0,0.542806,0.383523,0
7.93934,12.1199,8.04508,-0.0100688,4.6405,-0.175332,-0.813629,FRENET,0.653929,0.542806,0.653929,0,0.542806,0.383523,0
7.94274,12.1199,8.04508,-0.0100688,4.6405,-0.175332,-0.813629,FRENET,0.653929,0.542806,0.653929,0,0.542806,0.383523,0
7.94675,12.1199,8.04508,-0.0100688,4.6405,-0.175332,-0.813629,FRENET,0.653929,0.542806,0.653929,0,0.542806,0.383523,0
7.95075,12.1663,8.04462,-0.0117802,4.64184,-0.183475,-0.85166,FRENET,0.653929,0.542806,0.653929,0,0.542806,0.383523,0
7.95476,12.1663,8.04462,-0.0117802,4.64184,-0.183475,-0.85166,FRENET,0.653929,0.542806,0.653929,0,0.542806,0.383523,0
7.95937,12.2128,8.0441,-0.013713,4.64311,-0.185978,-0.863515,FRENET,0.653929,0.542806,0.653929,0,0.542806,0.383523,0
7.96276,12.2128,8.0441,-0.013713,4.64311,-0.185978,-0.863515,FRENET,0.653929,0.542806,0.653929,0,0.542806,0.383523,0
7.96676,12.2128,8.0441,-0.013713,4.64311,-0.185978,-0.863515,FRENET,0.653929,0.542806,0.653929,0,0.542806,0.383523,0
7.97074,12.2592,8.04353,-0.0155153,4.64433,-0.191157,-0.887797,FRENET,0.653929,0.542806,0.653929,0,0.542806,0.383523,0
7.97474,12.2592,8.04353,-0.0155153,4.64433,-0.191157,-0.887797,FRENET,0.653431,0.542806,0.653431,0,0.542806,0.33934,0
7.97937,12.3056,8.0429,-0.0175131,4.64548,-0.191384,-0.889073,FRENET,0.653431,0.542806,0.653431,0,0.542806,0.33934,0
7.98275,12.3056,8.0429,-0.0175131,4.64548,-0.191384,-0.889073,FRENET,0.653431,0.542806,0.653431,0,0.542806,0.33934,0
7.98675,12.3056,8.0429,-0.0175131,4.64548,-0.191384,-0.889073,FRENET,0.653431,0.542806,0.653431,0,0.542806,0.33934,0
7.99073,12.3521,8.04224,-0.019043,4.64658,-0.101183,-0.470157,FRENET,0.653431,0.542806,0.653431,0,0.542806,0.33934,0
7.99474,12.3521,8.04224,-0.019043,4.64658,-0.101183,-0.470157,FRENET,0.653431,0.542806,0.653431,0,0.542806,0.33934,0
7.99937,12.3986,8.04161,-0.019618,4.64763,-0.0334679,-0.155546,FRENET,0.653431,0.542806,0.653431,0,0.542806,0.33934,0
8.00274,12.3986,8.04161,-0.019618,4.64763,-0.0334679,-0.155546,FRENET,0.653431,0.542806,0.653431,0,0.542806,0.33934,0
8.00675,12.3986,8.04161,-0.019618,4.64763,-0.0334679,-0.155546,FRENET,0.653431,0.542806,0.653431,0,0.542806,0.33934,0
8.01074,12.445,8.04098,-0.0197419,4.64863,0.0233524,0.108556,FRENET,0.653431,0.542806,0.653431,0,0.542806,0.33934,0
8.01474,12.445,8.04098,-0.0197419,4.64863,0.0233524,0.108556,FRENET,0.653431,0.542806,0.653431,0,0.542806,0.33934,0
8.01933,12.4915,8.04036,-0.0192103,4.64958,0.0643057,0.298995,FRENET,0.653431,0.542806,0.653431,0,0.542806,0.33934,0
8.02275,12.4915,8.04036,-0.0192103,4.64958,0.0643057,0.298995,FRENET,0.653431,0.542806,0.653431,0,0.542806,0.33934,0
8.02676,12.4915,8.04036,-0.0192103,4.64958,0.0643057,0.298995,FRENET,0.641978,0.540781,0.641978,0,0.540781,0.406728,0
8.03073,12.538,8.03975,-0.0184675,4.65004,0.099757,0.463874,FRENET,0.641978,0.540781,0.641978,0,0.540781,0.406728,0
8.03475,12.538,8.03975,-0.0184675,4.65004,0.099757,0.463874,FRENET,0.641978,0.540781,0.641978,0,0.540781,0.406728,0
8.03937,12.5845,8.03916,-0.0172601,4.65048,0.123673,0.575138,FRENET,0.641978,0.540781,0.641978,0,0.540781,0.406728,0
8.04274,12.5845,8.03916,-0.0172601,4.65048,0.123673,0.575138,FRENET,0.641978,0.540781,0.641978,0,0.540781,0.406728,0
8.04675,12.5845,8.03916,-0.0172601,4.65048,0.123673,0.575138,FRENET,0.641978,0.540781,0.641978,0,0.540781,0.406728,0
8.05074,12.631,8.03857,-0.015994,4.65089,0.145576,0.67706,FRENET,0.641978,0.540781,0.641978,0,0.540781,0.406728,0
8.05476,12.631,8.03857,-0.015994,4.65089,0.145576,0.67706,FRENET,0.641978,0.540781,0.641978,0,0.540781,0.406728,0
8.05938,12.6775,8.03802,-0.0143848,4.65195,0.158687,0.738206,FRENET,0.641978,0.540781,0.641978,0,0.540781,0.406728,0
8.06275,12.6775,8.03802,-0.0143848,4.65195,0.158687,0.738206,FRENET,0.641978,0.540781,0.641978,0,0.540781,0.406728,0
8.06675,12.6775,8.03802,-0.0143848,4.65195,0.158687,0.738206,FRENET,0.641978,0.540781,0.641978,0,0.540781,0.406728,0
8.07074,12.724,8.03748,-0.0128128,4.65296,0.172046,0.800523,FRENET,0.641978,0.540781,0.641978,0,0.540781,0.406728,0
8.07475,12.724,8.03748,-0.0128128,4.65296,0.172046,0.800523,FRENET,0.644009,0.540781,0.644009,0,0.540781,0.383828,0
8.07938,12.7706,8.03699,-0.0109733,4.65392,0.178531,0.830872,FRENET,0.644009,0.540781,0.644009,0,0.540781,0.383828,0
8.08275,12.7706,8.03699,-0.0109733,4.65392,0.178531,0.830872,FRENET,0.644009,0.540781,0.644009,0,0.540781,0.383828,0
8.08675,12.7706,8.03699,-0.0109733,4.65392,0.178531,0.830872,FRENET,0.644009,0.540781,0.644009,0,0.540781,0.383828,0
8.09073,12.8171,8.03653,-0.00922984,4.65484,0.186718,0.869141,FRENET,0.644009,0.540781,0.644009,0,0.540781,0.383828,0
8.09475,12.8171,8.03653,-0.00922984,4.65484,0.186718,0.869141,FRENET,0.644009,0.540781,0.644009,0,0.540781,0.383828,0
8.09939,12.8637,8.03612,-0.00726457,4.65571,0.189188,0.880805,FRENET,0.644009,0.540781,0.644009,0,0.540781,0.383828,0
8.10275,12.8637,8.03612,-0.00726457,4.65571,0.189188,0.880805,FRENET,0.644009,0.540781,0.644009,0,0.540781,0.383828,0
8.10675,12.8637,8.03612,-0.00726457,4.65571,0.189188,0.880805,FRENET,0.644009,0.540781,0.644009,0,0.540781,0.383828,0
8.11074,12.9102,8.03575,-0.0054307,4.65654,0.194279,0.90467,FRENET,0.644009,0.540781,0.644009,0,0.540781,0.383828,0
8.11475,12.9102,8.03575,-0.0054307,4.65654,0.194279,0.90467,FRENET,0.644009,0.540781,0.644009,0,0.540781,0.383828,0
8.11937,12.9568,8.03545,-0.00340216,4.65733,0.194382,0.905301,FRENET,0.644009,0.540781,0.644009,0,0.540781,0.383828,0
8.12274,12.9568,8.03545,-0.00340216,4.65733,0.194382,0.905301,FRENET,0.644009,0.540781,0.644009,0,0.540781,0.383828,0
8.12675,12.9568,8.03545,-0.00340216,4.65733,0.194382,0.905301,FRENET,0.646908,0.540781,0.646908,0,0.540781,0.385492,0
8.13074,13.0034,8.03516,-0.00184364,4.65809,0.103873,0.483848,FRENET,0.646908,0.540781,0.646908,0,0.540781,0.385492,0
8.13475,13.0034,8.03516,-0.00184364,4.65809,0.103873,0.483848,FRENET,0.646908,0.540781,0.646908,0,0.540781,0.385492,0
8.13938,13.05,8.03484,-0.00124346,4.6588,0.0358372,0.166958,FRENET,0.646908,0.540781,0.646908,0,0.540781,0.385492,0
8.14275,13.05,8.03484,-0.00124346,4.6588,0.0358372,0.166958,FRENET,0.646908,0.540781,0.646908,0,0.540781,0.385492,0
8.14672,13.05,8.03484,-0.00124346,4.6588,0.0358372,0.166958,FRENET,0.646908,0.540781,0.646908,0,0.540781,0.385492,0
8.15074,13.0965,8.03453,-0.00109737,4.65949,-0.0212988,-0.0992414,FRENET,0.646908,0.540781,0.646908,0,0.540781,0.385492,0
8.15475,13.0965,8.03453,-0.00109737,4.65949,-0.0212988,-0.0992414,FRENET,0.646908,0.540781,0.646908,0,0.540781,0.385492,0
8.15937,13.1431,8.03419,-0.00161009,4.66014,-0.0625583,-0.29153,FRENET,0.646908,0.540781,0.646908,0,0.540781,0.385492,0
8.16276,13.1431,8.03419,-0.00161009,4.66014,-0.0625583,-0.29153,FRENET,0.646908,0.540781,0.646908,0,0.540781,0.385492,0
8.16675,13.1431,8.03419,-0.00161009,4.66014,-0.0625583,-0.29153,FRENET,0.646908,0.540781,0.646908,0,0.540781,0.385492,0
8.17074,13.1897,8.03385,-0.00233678,4.66076,-0.0982688,-0.458007,FRENET,0.646908,0.540781,0.646908,0,0.540781,0.385492,0
8.17475,13.1897,8.03385,-0.00233678,4.66076,-0.0982688,-0.458007,FRENET,0.648056,0.540781,0.648056,0,0.540781,0.39225,0
8.17937,13.2364,8.03349,-0.0035305,4.66135,-0.122433,-0.570702,FRENET,0.648056,0.540781,0.648056,0,0.540781,0.39225,0
8.18276,13.2364,8.03349,-0.0035305,4.66135,-0.122433,-0.570702,FRENET,0.648056,0.540781,0.648056,0,0.540781,0.39225,0
8.18676,13.2364,8.03349,-0.0035305,4.66135,-0.122433,-0.570702,FRENET,0.648056,0.540781,0.648056,0,0.540781,0.39225,0
8.19074,13.283,8.03312,-0.0047853,4.66191,-0.144546,-0.673861,FRENET,0.648056,0.540781,0.648056,0,0.540781,0.39225,0
8.19475,13.283,8.03312,-0.0047853,4.66191,-0.144546,-0.673861,FRENET,0.648056,0.540781,0.648056,0,0.540781,0.39225,0
8.19934,13.3296,8.03271,-0.00638581,4.66245,-0.157932,-0.736351,FRENET,0.648056,0.540781,0.648056,0,0.540781,0.39225,0
8.20275,13.3296,8.03271,-0.00638581,4.66245,-0.157932,-0.736351,FRENET,0.648056,0.540781,0.648056,0,0.540781,0.39225,0
8.20674,13.3296,8.03271,-0.00638581,4.66245,-0.157932,-0.736351,FRENET,0.648056,0.540781,0.648056,0,0.540781,0.39225,0
8.21073,13.3762,8.03229,-0.00795135,4.66296,-0.171536,-0.799865,FRENET,0.648056,0.540781,0.648056,0,0.540781,0.39225,0
8.21475,13.3762,8.03229,-0.00795135,4.66296,-0.171536,-0.799865,FRENET,0.648056,0.540781,0.648056,0,0.540781,0.39225,0
8.21937,13.4228,8.03182,-0.00978695,4.66344,-0.178231,-0.831172,FRENET,0.648056,0.540781,0.648056,0,0.540781,0.39225,0
8.22275,13.4228,8.03182,-0.00978695,4.66344,-0.178231,-0.831172,FRENET,0.648056,0.540781,0.648056,0,0.540781,0.39225,0
8.22676,13.4228,8.03182,-0.00978695,4.66344,-0.178231,-0.831172,FRENET,0.636286,0.537596,0.636286,0,0.537596,0.375296,0
8.23075,13.4695,8.03132,-0.0115283,4.66384,-0.186616,-0.870348,FRENET,0.636286,0.537596,0.636286,0,0.537596,0.375296,0
8.23475,13.4695,8.03132,-0.0115283,4.66384,-0.186616,-0.870348,FRENET,0.636286,0.537596,0.636286,0,0.537596,0.375296,0
8.23934,13.5161,8.03076,-0.0134935,4.66421,-0.18925,-0.882703,FRENET,0.636286,0.537596,0.636286,0,0.537596,0.375296,0
8.24274,13.5161,8.03076,-0.0134935,4.66421,-0.18925,-0.882703,FRENET,0.636286,0.537596,0.636286,0,0.537596,0.375296,0
8.24675,13.5161,8.03076,-0.0134935,4.66421,-0.18925,-0.882703,FRENET,0.636286,0.537596,0.636286,0,0.537596,0.375296,0
8.2507,13.5628,8.0302,-0.0150101,4.66457,-0.100504,-0.468809,FRENET,0.636286,0.537596,0.636286,0,0.537596,0.375296,0
8.25474,13.5628,8.0302,-0.0150101,4.66457,-0.100504,-0.468809,FRENET,0.636286,0.537596,0.636286,0,0.537596,0.375296,0
8.25933,13.6094,8.02967,-0.0155834,4.66491,-0.0337853,-0.157605,FRENET,0.636286,0.537596,0.636286,0,0.537596,0.375296,0
8.26276,13.6094,8.02967,-0.0155834,4.66491,-0.0337853,-0.157605,FRENET,0.636286,0.537596,0.636286,0,0.537596,0.375296,0
8.26675,13.6094,8.02967,-0.0155834,4.66491,-0.0337853,-0.157605,FRENET,0.636286,0.537596,0.636286,0,0.537596,0.375296,0
8.27073,13.6561,8.02915,-0.0157142,4.66569,0.0223534,0.104294,FRENET,0.636286,0.537596,0.636286,0,0.537596,0.375296,0
8.27475,13.6561,8.02915,-0.0157142,4.66569,0.0223534,0.104294,FRENET,0.6425,0.537596,0.6425,0,0.537596,0.379638,0
8.27938,13.7027,8.02865,-0.0151947,4.66644,0.0629056,0.293545,FRENET,0.6425,0.537596,0.6425,0,0.537596,0.379638,0
8.28275,13.7027,8.02865,-0.0151947,4.66644,0.0629056,0.293545,FRENET,0.6425,0.537596,0.6425,0,0.537596,0.379638,0
8.28675,13.7027,8.02865,-0.0151947,4.66644,0.0629056,0.293545,FRENET,0.6425,0.537596,0.6425,0,0.537596,0.379638,0
8.29076,13.7494,8.02816,-0.0144672,4.66715,0.0981159,0.457922,FRENET,0.6425,0.537596,0.6425,0,0.537596,0.379638,0
8.29475,13.7494,8.02816,-0.0144672,4.66715,0.0981159,0.457922,FRENET,0.6425,0.537596,0.6425,0,0.537596,0.379638,0
8.29937,13.796,8.0277,-0.0132768,4.66783,0.12195,0.569241,FRENET,0.6425,0.537596,0.6425,0,0.537596,0.379638,0
8.30277,13.796,8.0277,-0.0132768,4.66783,0.12195,0.569241,FRENET,0.6425,0.537596,0.6425,0,0.537596,0.379638,0
8.30676,13.796,8.0277,-0.0132768,4.66783,0.12195,0.569241,FRENET,0.6425,0.537596,0.6425,0,0.537596,0.379638,0
8.31076,13.8427,8.02725,-0.0120279,4.66848,0.143847,0.671545,FRENET,0.6425,0.537596,0.6425,0,0.537596,0.379638,0
8.31477,13.8427,8.02725,-0.0120279,4.66848,0.143847,0.671545,FRENET,0.6425,0.537596,0.6425,0,0.537596,0.379638,0
8.31937,13.8894,8.02684,-0.0104351,4.66909,0.157114,0.73358,FRENET,0.6425,0.537596,0.6425,0,0.537596,0.379638,0
8.32277,13.8894,8.02684,-0.0104351,4.66909,0.157114,0.73358,FRENET,0.6425,0.537596,0.6425,0,0.537596,0.379638,0
8.32677,13.8894,8.02684,-0.0104351,4.66909,0.157114,0.73358,FRENET,0.650346,0.537596,0.650346,0,0.537596,0.378835,0
8.33075,13.9361,8.02645,-0.00887808,4.66968,0.170657,0.796912,FRENET,0.650346,0.537596,0.650346,0,0.537596,0.378835,0
8.33477,13.9361,8.02645,-0.00887808,4.66968,0.170657,0.796912,FRENET,0.650346,0.537596,0.650346,0,0.537596,0.378835,0
8.33937,13.9828,8.02611,-0.00705136,4.67023,0.177346,0.828247,FRENET,0.650346,0.537596,0.650346,0,0.537596,0.378835,0
8.34277,13.9828,8.02611,-0.00705136,4.67023,0.177346,0.828247,FRENET,0.650346,0.537596,0.650346,0,0.537596,0.378835,0
8.34672,13.9828,8.02611,-0.00705136,4.67023,0.177346,0.828247,FRENET,0.650346,0.537596,0.650346,0,0.537596,0.378835,0
8.35075,14.0295,8.0258,-0.00531886,4.67077,0.185734,0.867519,FRENET,0.650346,0.537596,0.650346,0,0.537596,0.378835,0
8.35477,14.0295,8.0258,-0.00531886,4.67077,0.185734,0.867519,FRENET,0.650346,0.537596,0.650346,0,0.537596,0.378835,0
8.35939,14.0762,8.02555,-0.00336228,4.67127,0.188405,0.88009,FRENET,0.650346,0.537596,0.650346,0,0.537596,0.378835,0
8.36277,14.0762,8.02555,-0.00336228,4.67127,0.188405,0.88009,FRENET,0.650346,0.537596,0.650346,0,0.537596,0.378835,0
8.36677,14.0762,8.02555,-0.00336228,4.67127,0.188405,0.88009,FRENET,0.650346,0.537596,0.650346,0,0.537596,0.378835,0
8.37076,14.1229,8.02534,-0.00153545,4.67175,0.19368,0.904826,FRENET,0.650346,0.537596,0.650346,0,0.537596,0.378835,0
8.37481,14.1229,8.02534,-0.00153545,4.67175,0.19368,0.904826,FRENET,0.65806,0.537596,0.65806,0,0.537596,0.383416,0
8.37937,14.1697,8.02519,0.000488098,4.67221,0.193957,0.906207,FRENET,0.65806,0.537596,0.65806,0,0.537596,0.383416,0
8.38275,14.1697,8.02519,0.000488098,4.67221,0.193957,0.906207,FRENET,0.65806,0.537596,0.65806,0,0.537596,0.383416,0
8.38677,14.1697,8.02519,0.000488098,4.67221,0.193957,0.906207,FRENET,0.65806,0.537596,0.65806,0,0.537596,0.383416,0
8.39076,14.2164,8.02507,0.00204253,4.67265,0.10345,0.483387,FRENET,0.65806,0.537596,0.65806,0,0.537596,0.383416,0
8.39475,14.2164,8.02507,0.00204253,4.67265,0.10345,0.483387,FRENET,0.65806,0.537596,0.65806,0,0.537596,0.383416,0
8.39937,14.2631,8.02492,0.00263825,4.67307,0.0353861,0.165362,FRENET,0.65806,0.537596,0.65806,0,0.537596,0.383416,0
8.40275,14.2631,8.02492,0.00263825,4.67307,0.0353861,0.165362,FRENET,0.65806,0.537596,0.65806,0,0.537596,0.383416,0
8.40676,14.2631,8.02492,0.00263825,4.67307,0.0353861,0.165362,FRENET,0.65806,0.537596,0.65806,0,0.537596,0.383416,0
8.41075,14.3098,8.02477,0.00277975,4.67346,-0.021789,-0.10183,FRENET,0.65806,0.537596,0.65806,0,0.537596,0.383416,0
8.41477,14.3098,8.02477,0.00277975,4.67346,-0.021789,-0.10183,FRENET,0.65806,0.537596,0.65806,0,0.537596,0.383416,0
8.41938,14.3566,8.0246,0.00226177,4.67384,-0.0631006,-0.294922,FRENET,0.65806,0.537596,0.65806,0,0.537596,0.383416,0
8.42277,14.3566,8.0246,0.00226177,4.67384,-0.0631006,-0.294922,FRENET,0.65806,0.537596,0.65806,0,0.537596,0.383416,0
8.42677,14.3566,8.0246,0.00226177,4.67384,-0.0631006,-0.294922,FRENET,0.66315,0.532677,0.66315,0,0.532677,0.378558,0
8.43076,14.4033,8.02443,0.00152951,4.67414,-0.0988636,-0.462102,FRENET,0.66315,0.532677,0.66315,0,0.532677,0.378558,0
8.43475,14.4033,8.02443,0.00152951,4.67414,-0.0988636,-0.462102,FRENET,0.66315,0.532677,0.66315,0,0.532677,0.378558,0
8.43937,14.4501,8.02424,0.000329683,4.67474,-0.123061,-0.57528,FRENET,0.66315,0.532677,0.66315,0,0.532677,0.378558,0
8.44278,14.4501,8.02424,0.000329683,4.67474,-0.123061,-0.57528,FRENET,0.66315,0.532677,0.66315,0,0.532677,0.378558,0
8.44676,14.4501,8.02424,0.000329683,4.67474,-0.123061,-0.57528,FRENET,0.66315,0.532677,0.66315,0,0.532677,0.378558,0
8.45076,14.4968,8.02404,-0.000931506,4.67532,-0.145192,-0.678818,FRENET,0.66315,0.532677,0.66315,0,0.532677,0.378558,0
8.45476,14.4968,8.02404,-0.000931506,4.67532,-0.145192,-0.678818,FRENET,0.66315,0.532677,0.66315,0,0.532677,0.378558,0
8.45934,14.5436,8.02381,-0.00253858,4.67587,-0.158601,-0.741597,FRENET,0.66315,0.532677,0.66315,0,0.532677,0.378558,0
8.46277,14.5436,8.02381,-0.00253858,4.67587,-0.158601,-0.741597,FRENET,0.66315,0.532677,0.66315,0,0.532677,0.378558,0
8.46677,14.5436,8.02381,-0.00253858,4.67587,-0.158601,-0.741597,FRENET,0.66315,0.532677,0.66315,0,0.532677,0.378558,0
8.47071,14.5903,8.02356,-0.00411084,4.6764,-0.172209,-0.80532,FRENET,0.66315,0.532677,0.66315,0,0.532677,0.378558,0
8.47477,14.5903,8.02356,-0.00411084,4.6764,-0.172209,-0.80532,FRENET,0.665378,0.532677,0.665378,0,0.532677,0.377518,0
8.47938,14.6371,8.02326,-0.00595324,4.6769,-0.178916,-0.836771,FRENET,0.665378,0.532677,0.665378,0,0.532677,0.377518,0
8.48277,14.6371,8.02326,-0.00595324,4.6769,-0.178916,-0.836771,FRENET,0.665378,0.532677,0.665378,0,0.532677,0.377518,0
8.48677,14.6371,8.02326,-0.00595324,4.6769,-0.178916,-0.836771,FRENET,0.665378,0.532677,0.665378,0,0.532677,0.377518,0
8.49076,14.6839,8.02293,-0.00770131,4.67737,-0.187279,-0.875973,FRENET,0.665378,0.532677,0.665378,0,0.532677,0.377518,0
8.49477,14.6839,8.02293,-0.00770131,4.67737,-0.187279,-0.875973,FRENET,0.665378,0.532677,0.665378,0,0.532677,0.377518,0
8.49937,14.7306,8.02255,-0.00967314,4.67783,-0.189902,-0.888331,FRENET,0.665378,0.532677,0.665378,0,0.532677,0.377518,0
8.50277,14.7306,8.02255,-0.00967314,4.67783,-0.189902,-0.888331,FRENET,0.665378,0.532677,0.665378,0,0.532677,0.377518,0
8.50677,14.7306,8.02255,-0.00967314,4.67783,-0.189902,-0.888331,FRENET,0.665378,0.532677,0.665378,0,0.532677,0.377518,0
8.51076,14.7774,8.02215,-0.0113554,4.67826,-0.148125,-0.692967,FRENET,0.665378,0.532677,0.665378,0,0.532677,0.377518,0
8.51477,14.7774,8.02215,-0.0113554,4.67826,-0.148125,-0.692967,FRENET,0.665378,0.532677,0.665378,0,0.532677,0.377518,0
8.51938,14.8242,8.02175,-0.0125046,4.67867,-0.0678385,-0.317394,FRENET,0.665378,0.532677,0.665378,0,0.532677,0.377518,0
8.52277,14.8242,8.02175,-0.0125046,4.67867,-0.0678385,-0.317394,FRENET,0.665378,0.532677,0.665378,0,0.532677,0.377518,0
8.52671,14.8242,8.02175,-0.0125046,4.67867,-0.0678385,-0.317394,FRENET,0.662762,0.532677,0.662762,0,0.532677,0.373278,0
8.5307,14.871,8.02137,-0.0127863,4.67906,-0.00788242,-0.0368823,FRENET,0.662762,0.532677,0.662762,0,0.532677,0.373278,0
8.53478,14.871,8.02137,-0.0127863,4.67906,-0.00788242,-0.0368823,FRENET,0.662762,0.532677,0.662762,0,0.532677,0.373278,0
8.53934,14.9178,8.021,-0.0126861,4.67943,0.0428751,0.200631,FRENET,0.662762,0.532677,0.662762,0,0.532677,0.373278,0
8.54271,14.9178,8.021,-0.0126861,4.67943,0.0428751,0.200631,FRENET,0.662762,0.532677,0.662762,0,0.532677,0.373278,0
8.54672,14.9178,8.021,-0.0126861,4.67943,0.0428751,0.200631,FRENET,0.662762,0.532677,0.662762,0,0.532677,0.373278,0
8.55075,14.9646,8.02065,-0.0119836,4.67979,0.0791339,0.37033,FRENET,0.662762,0.532677,0.662762,0,0.532677,0.373278,0
8.55471,14.9646,8.02065,-0.0119836,4.67979,0.0791339,0.37033,FRENET,0.662762,0.532677,0.662762,0,0.532677,0.373278,0
8.55933,15.0114,8.02031,-0.0111116,4.68013,0.110925,0.519142,FRENET,0.662762,0.532677,0.662762,0,0.532677,0.373278,0
8.56272,15.0114,8.02031,-0.0111116,4.68013,0.110925,0.519142,FRENET,0.662762,0.532677,0.662762,0,0.532677,0.373278,0
8.56671,15.0114,8.02031,-0.0111116,4.68013,0.110925,0.519142,FRENET,0.662762,0.532677,0.662762,0,0.532677,0.373278,0
8.5707,15.0582,8.02001,-0.00980711,4.68045,0.132046,0.618036,FRENET,0.662762,0.532677,0.662762,0,0.532677,0.373278,0
8.57476,15.0582,8.02001,-0.00980711,4.68045,0.132046,0.618036,FRENET,0.663685,0.532677,0.663685,0,0.532677,0.374808,0
8.57939,15.105,8.01971,-0.0084686,4.68076,0.151795,0.710513,FRENET,0.663685,0.532677,0.663685,0,0.532677,0.374808,0
8.58271,15.105,8.01971,-0.0084686,4.68076,0.151795,0.710513,FRENET,0.663685,0.532677,0.663685,0,0.532677,0.374808,0
8.58671,15.105,8.01971,-0.0084686,4.68076,0.151795,0.710513,FRENET,0.663685,0.532677,0.663685,0,0.532677,0.374808,0
8.5907,15.1518,8.01946,-0.00680499,4.68105,0.163369,0.764736,FRENET,0.663685,0.532677,0.663685,0,0.532677,0.374808,0
8.59471,15.1518,8.01946,-0.00680499,4.68105,0.163369,0.764736,FRENET,0.663685,0.532677,0.663685,0,0.532677,0.374808,0
8.59933,15.1986,8.01923,-0.00519246,4.68133,0.175577,0.821934,FRENET,0.663685,0.532677,0.663685,0,0.532677,0.374808,0
8.60276,15.1986,8.01923,-0.00519246,4.68133,0.175577,0.821934,FRENET,0.663685,0.532677,0.663685,0,0.532677,0.374808,0
8.60676,15.1986,8.01923,-0.00519246,4.68133,0.175577,0.821934,FRENET,0.663685,0.532677,0.663685,0,0.532677,0.374808,0
8.6107,15.2454,8.01904,-0.00332186,4.68159,0.181223,0.848412,FRENET,0.663685,0.532677,0.663685,0,0.532677,0.374808,0
8.61471,15.2454,8.01904,-0.00332186,4.68159,0.181223,0.848412,FRENET,0.663685,0.532677,0.663685,0,0.532677,0.374808,0
8.61938,15.2922,8.01889,-0.00155496,4.68184,0.188793,0.883901,FRENET,0.663685,0.532677,0.663685,0,0.532677,0.374808,0
8.62277,15.2922,8.01889,-0.00155496,4.68184,0.188793,0.883901,FRENET,0.663685,0.532677,0.663685,0,0.532677,0.374808,0
8.62677,15.2922,8.01889,-0.00155496,4.68184,0.188793,0.883901,FRENET,0.660093,0.528488,0.660093,0,0.528488,0.373575,0
8.63075,15.339,8.01881,0.000429111,4.68202,0.190846,0.893545,FRENET,0.660093,0.528488,0.660093,0,0.528488,0.373575,0
8.63476,15.339,8.01881,0.000429111,4.68202,0.190846,0.893545,FRENET,0.660093,0.528488,0.660093,0,0.528488,0.373575,0
8.63938,15.3859,8.01873,0.00195897,4.68219,0.101562,0.475533,FRENET,0.660093,0.528488,0.660093,0,0.528488,0.373575,0
8.64276,15.3859,8.01873,0.00195897,4.68219,0.101562,0.475533,FRENET,0.660093,0.528488,0.660093,0,0.528488,0.373575,0
8.64676,15.3859,8.01873,0.00195897,4.68219,0.101562,0.475533,FRENET,0.660093,0.528488,0.660093,0,0.528488,0.373575,0
8.65076,15.4327,8.01862,0.00254037,4.68235,0.034381,0.160984,FRENET,0.660093,0.528488,0.660093,0,0.528488,0.373575,0
8.65476,15.4327,8.01862,0.00254037,4.68235,0.034381,0.160984,FRENET,0.660093,0.528488,0.660093,0,0.528488,0.373575,0
8.65934,15.4795,8.01851,0.00267522,4.68274,-0.0221534,-0.103738,FRENET,0.660093,0.528488,0.660093,0,0.528488,0.373575,0
8.66272,15.4795,8.01851,0.00267522,4.68274,-0.0221534,-0.103738,FRENET,0.660093,0.528488,0.660093,0,0.528488,0.373575,0
8.66672,15.4795,8.01851,0.00267522,4.68274,-0.0221534,-0.103738,FRENET,0.660093,0.528488,0.660093,0,0.528488,0.373575,0
8.6707,15.5263,8.01838,0.0021559,4.68311,-0.0630328,-0.29519,FRENET,0.660093,0.528488,0.660093,0,0.528488,0.373575,0
8.67471,15.5263,8.01838,0.0021559,4.68311,-0.0630328,-0.29519,FRENET,0.66086,0.528488,0.66086,0,0.528488,0.369642,0
8.67933,15.5732,8.01824,0.00142587,4.68346,-0.0985023,-0.461332,FRENET,0.66086,0.528488,0.66086,0,0.528488,0.369642,0
8.68271,15.5732,8.01824,0.00142587,4.68346,-0.0985023,-0.461332,FRENET,0.66086,0.528488,0.66086,0,0.528488,0.369642,0
8.68673,15.5732,8.01824,0.00142587,4.68346,-0.0985023,-0.461332,FRENET,0.66086,0.528488,0.66086,0,0.528488,0.369642,0
8.69075,15.62,8.01807,0.000230404,4.6838,-0.122547,-0.573987,FRENET,0.66086,0.528488,0.66086,0,0.528488,0.369642,0
8.69476,15.62,8.01807,0.000230404,4.6838,-0.122547,-0.573987,FRENET,0.66086,0.528488,0.66086,0,0.528488,0.369642,0
8.69938,15.6668,8.0179,-0.00102512,4.68412,-0.144604,-0.677344,FRENET,0.66086,0.528488,0.66086,0,0.528488,0.369642,0
8.70276,15.6668,8.0179,-0.00102512,4.68412,-0.144604,-0.677344,FRENET,0.66086,0.528488,0.66086,0,0.528488,0.369642,0
8.70675,15.6668,8.0179,-0.00102512,4.68412,-0.144604,-0.677344,FRENET,0.66086,0.528488,0.66086,0,0.528488,0.369642,0
8.71075,15.7137,8.01768,-0.0026263,4.68442,-0.157999,-0.740134,FRENET,0.66086,0.528488,0.66086,0,0.528488,0.369642,0
8.71472,15.7137,8.01768,-0.0026263,4.68442,-0.157999,-0.740134,FRENET,0.66086,0.528488,0.66086,0,0.528488,0.369642,0
8.71939,15.7605,8.01745,-0.00419254,4.68471,-0.17163,-0.80404,FRENET,0.66086,0.528488,0.66086,0,0.528488,0.369642,0
8.72277,15.7605,8.01745,-0.00419254,4.68471,-0.17163,-0.80404,FRENET,0.66086,0.528488,0.66086,0,0.528488,0.369642,0
8.72675,15.7605,8.01745,-0.00419254,4.68471,-0.17163,-0.80404,FRENET,0.668686,0.528488,0.668686,0,0.528488,0.373727,0
8.73074,15.8074,8.01716,-0.00602946,4.68499,-0.178387,-0.835742,FRENET,0.668686,0.528488,0.668686,0,0.528488,0.373727,0
8.73476,15.8074,8.01716,-0.00602946,4.68499,-0.178387,-0.835742,FRENET,0.668686,0.528488,0.668686,0,0.528488,0.373727,0
8.73939,15.8542,8.01685,-0.00777248,4.68525,-0.186814,-0.875271,FRENET,0.668686,0.528488,0.668686,0,0.528488,0.373727,0
8.74274,15.8542,8.01685,-0.00777248,4.68525,-0.186814,-0.875271,FRENET,0.668686,0.528488,0.668686,0,0.528488,0.373727,0
8.74676,15.8542,8.01685,-0.00777248,4.68525,-0.186814,-0.875271,FRENET,0.668686,0.528488,0.668686,0,0.528488,0.373727,0
8.75071,15.9011,8.01648,-0.0097401,4.6855,-0.189511,-0.887955,FRENET,0.668686,0.528488,0.668686,0,0.528488,0.373727,0
8.75472,15.9011,8.01648,-0.0097401,4.6855,-0.189511,-0.887955,FRENET,0.668686,0.528488,0.668686,0,0.528488,0.373727,0
8.75934,15.9479,8.01609,-0.0114186,4.68574,-0.147763,-0.692381,FRENET,0.668686,0.528488,0.668686,0,0.528488,0.373727,0
8.76275,15.9479,8.01609,-0.0114186,4.68574,-0.147763,-0.692381,FRENET,0.668686,0.528488,0.668686,0,0.528488,0.373727,0
8.76675,15.9479,8.01609,-0.0114186,4.68574,-0.147763,-0.692381,FRENET,0.668686,0.528488,0.668686,0,0.528488,0.373727,0
8.77074,15.9948,8.01569,-0.0125642,4.68597,-0.067462,-0.316125,FRENET,0.668686,0.528488,0.668686,0,0.528488,0.373727,0
8.77474,15.9948,8.01569,-0.0125642,4.68597,-0.067462,-0.316125,FRENET,0.550842,0.528968,0.550842,0,0.528968,0.385328,0
8.77937,16.0417,8.01533,-0.0128419,4.68616,-0.00748521,-0.0350769,FRENET,0.550842,0.528968,0.550842,0,0.528968,0.385328,0
8.78275,16.0417,8.01533,-0.0128419,4.68616,-0.00748521,-0.0350769,FRENET,0.550842,0.528968,0.550842,0,0.528968,0.385328,0
8.78675,16.0417,8.01533,-0.0128419,4.68616,-0.00748521,-0.0350769,FRENET,0.550842,0.528968,0.550842,0,0.528968,0.385328,0
8.79076,16.0885,8.01496,-0.0127378,4.68635,0.0432921,0.202882,FRENET,0.550842,0.528968,0.550842,0,0.528968,0.385328,0
8.79478,16.0885,8.01496,-0.0127378,4.68635,0.0432921,0.202882,FRENET,0.550842,0.528968,0.550842,0,0.528968,0.385328,0
8.79934,16.1354,8.01462,-0.0120309,4.68652,0.0795712,0.372912,FRENET,0.550842,0.528968,0.550842,0,0.528968,0.385328,0
8.80277,16.1354,8.01462,-0.0120309,4.68652,0.0795712,0.372912,FRENET,0.550842,0.528968,0.550842,0,0.528968,0.385328,0
8.80677,16.1354,8.01462,-0.0120309,4.68652,0.0795712,0.372912,FRENET,0.550842,0.528968,0.550842,0,0.528968,0.385328,0
8.81076,16.1822,8.01429,-0.0111545,4.68669,0.111379,0.521998,FRENET,0.550842,0.528968,0.550842,0,0.528968,0.385328,0
8.81477,16.1822,8.01429,-0.0111545,4.68669,0.111379,0.521998,FRENET,0.550842,0.528968,0.550842,0,0.528968,0.385328,0
8.81937,16.2291,8.01398,-0.00984533,4.68685,0.132516,0.621081,FRENET,0.550842,0.528968,0.550842,0,0.528968,0.385328,0
8.82276,16.2291,8.01398,-0.00984533,4.68685,0.132516,0.621081,FRENET,0.550842,0.528968,0.550842,0,0.528968,0.385328,0
8.82677,16.2291,8.01398,-0.00984533,4.68685,0.132516,0.621081,FRENET,0.536756,0.528968,0.536756,0,0.528968,0.367739,0
8.83075,16.276,8.01369,-0.00850219,4.68717,0.152251,0.713628,FRENET,0.536756,0.528968,0.536756,0,0.528968,0.367739,0
8.83477,16.276,8.01369,-0.00850219,4.68717,0.152251,0.713628,FRENET,0.536756,0.528968,0.536756,0,0.528968,0.367739,0
8.83937,16.3229,8.01344,-0.00683404,4.68747,0.163818,0.76789,FRENET,0.536756,0.528968,0.536756,0,0.528968,0.367739,0
8.84276,16.3229,8.01344,-0.00683404,4.68747,0.163818,0.76789,FRENET,0.536756,0.528968,0.536756,0,0.528968,0.367739,0
8.84672,16.3229,8.01344,-0.00683404,4.68747,0.163818,0.76789,FRENET,0.536756,0.528968,0.536756,0,0.528968,0.367739,0
8.85071,16.3697,8.01321,-0.0052171,4.68775,0.176012,0.825099,FRENET,0.536756,0.528968,0.536756,0,0.528968,0.367739,0
8.85477,16.3697,8.01321,-0.0052171,4.68775,0.176012,0.825099,FRENET,0.536756,0.528968,0.536756,0,0.528968,0.367739,0
8.85937,16.4166,8.01303,-0.0033422,4.68802,0.181647,0.851567,FRENET,0.536756,0.528968,0.536756,0,0.528968,0.367739,0
8.86277,16.4166,8.01303,-0.0033422,4.68802,0.181647,0.851567,FRENET,0.536756,0.528968,0.536756,0,0.528968,0.367739,0
8.86677,16.4166,8.01303,-0.0033422,4.68802,0.181647,0.851567,FRENET,0.536756,0.528968,0.536756,0,0.528968,0.367739,0
8.87074,16.4635,8.01288,-0.00157114,4.68828,0.189201,0.887029,FRENET,0.536756,0.528968,0.536756,0,0.528968,0.367739,0
8.87475,16.4635,8.01288,-0.00157114,4.68828,0.189201,0.887029,FRENET,0.575202,0.528968,0.575202,0,0.528968,0.374277,0
8.87931,16.5104,8.01279,0.00041685,4.68853,0.191227,0.896572,FRENET,0.575202,0.528968,0.575202,0,0.528968,0.374277,0
8.88274,16.5104,8.01279,0.00041685,4.68853,0.191227,0.896572,FRENET,0.575202,0.528968,0.575202,0,0.528968,0.374277,0
8.88675,16.5104,8.01279,0.00041685,4.68853,0.191227,0.896572,FRENET,0.575202,0.528968,0.575202,0,0.528968,0.374277,0
8.89073,16.5573,8.01272,0.00195045,4.68876,0.101928,0.477918,FRENET,0.575202,0.528968,0.575202,0,0.528968,0.374277,0
8.89475,16.5573,8.01272,0.00195045,4.68876,0.101928,0.477918,FRENET,0.575202,0.528968,0.575202,0,0.528968,0.374277,0
8.89935,16.6041,8.01261,0.00253532,4.68898,0.034702,0.162717,FRENET,0.575202,0.528968,0.575202,0,0.528968,0.374277,0
8.90274,16.6041,8.01261,0.00253532,4.68898,0.034702,0.162717,FRENET,0.575202,0.528968,0.575202,0,0.528968,0.374277,0
8.90674,16.6041,8.01261,0.00253532,4.68898,0.034702,0.162717,FRENET,0.575202,0.528968,0.575202,0,0.528968,0.374277,0
8.91074,16.651,8.0125,0.00267312,4.6892,-0.021899,-0.102689,FRENET,0.575202,0.528968,0.575202,0,0.528968,0.374277,0
8.91475,16.651,8.0125,0.00267312,4.6892,-0.021899,-0.102689,FRENET,0.575202,0.528968,0.575202,0,0.528968,0.374277,0
8.91933,16.6979,8.01237,0.00215593,4.6894,-0.0628487,-0.294723,FRENET,0.575202,0.528968,0.575202,0,0.528968,0.374277,0
8.9227,16.6979,8.01237,0.00215593,4.6894,-0.0628487,-0.294723,FRENET,0.575202,0.528968,0.575202,0,0.528968,0.374277,0
8.92675,16.6979,8.01237,0.00215593,4.6894,-0.0628487,-0.294723,FRENET,0.548859,0.528968,0.548859,0,0.528968,0.374055,0
8.93074,16.7448,8.01223,0.00142746,4.68959,-0.098386,-0.46139,FRENET,0.548859,0.528968,0.548859,0,0.528968,0.374055,0
8.93475,16.7448,8.01223,0.00142746,4.68959,-0.098386,-0.46139,FRENET,0.548859,0.528968,0.548859,0,0.528968,0.374055,0
8.93937,16.7917,8.01206,0.000232768,4.68978,-0.122497,-0.574482,FRENET,0.548859,0.528968,0.548859,0,0.528968,0.374055,0
8.94275,16.7917,8.01206,0.000232768,4.68978,-0.122497,-0.574482,FRENET,0.548859,0.528968,0.548859,0,0.528968,0.374055,0
8.94671,16.7917,8.01206,0.000232768,4.68978,-0.122497,-0.574482,FRENET,0.548859,0.528968,0.548859,0,0.528968,0.374055,0
8.95068,16.8386,8.01189,-0.0010225,4.68995,-0.144613,-0.678229,FRENET,0.548859,0.528968,0.548859,0,0.528968,0.374055,0
8.9547,16.8386,8.01189,-0.0010225,4.68995,-0.144613,-0.678229,FRENET,0.548859,0.528968,0.548859,0,0.528968,0.374055,0
8.95932,16.8855,8.01167,-0.0026241,4.69012,-0.158062,-0.741332,FRENET,0.548859,0.528968,0.548859,0,0.528968,0.374055,0
8.9627,16.8855,8.01167,-0.0026241,4.69012,-0.158062,-0.741332,FRENET,0.548859,0.528968,0.548859,0,0.528968,0.374055,0
8.9667,16.8855,8.01167,-0.0026241,4.69012,-0.158062,-0.741332,FRENET,0.548859,0.528968,0.548859,0,0.528968,0.374055,0
8.97068,16.9324,8.01144,-0.00419116,4.69028,-0.171741,-0.805512,FRENET,0.548859,0.528968,0.548859,0,0.528968,0.374055,0
8.97469,16.9324,8.01144,-0.00419116,4.69028,-0.171741,-0.805512,FRENET,0.15382,1.71485,0.15382,0,1.71485,0.38292,0
8.97932,16.9788,8.01116,-0.00615715,4.59518,-0.196534,-0.903108,FRENET,0.15382,1.71485,0.15382,0,1.71485,0.38292,0
8.9827,16.9788,8.01116,-0.00615715,4.59518,-0.196534,-0.903108,FRENET,0.15382,1.71485,0.15382,0,1.71485,0.38292,0
8.9867,16.9788,8.01116,-0.00615715,4.59518,-0.196534,-0.903108,FRENET,0.15382,1.71485,0.15382,0,1.71485,0.38292,0
8.99069,17.0243,8.01086,-0.0081407,4.50008,-0.223645,-1.00642,FRENET,0.15382,1.71485,0.15382,0,1.71485,0.38292,0
8.9947,17.0243,8.01086,-0.0081407,4.50008,-0.223645,-1.00642,FRENET,0.15382,1.71485,0.15382,0,1.71485,0.38292,0
8.99932,17.0688,8.0105,-0.0105854,4.40498,-0.240686,-1.06022,FRENET,0.15382,1.71485,0.15382,0,1.71485,0.38292,0
9.0027,17.0688,8.0105,-0.0105854,4.40498,-0.240686,-1.06022,FRENET,0.15382,1.71485,0.15382,0,1.71485,0.38292,0
9.00671,17.0688,8.0105,-0.0105854,4.40498,-0.240686,-1.06022,FRENET,0.15382,1.71485,0.15382,0,1.71485,0.38292,0
9.01069,17.1124,8.01012,-0.01298,4.30988,-0.26193,-1.12889,FRENET,0.15382,1.71485,0.15382,0,1.71485,0.38292,0
9.0147,17.1124,8.01012,-0.01298,4.30988,-0.26193,-1.12889,FRENET,0.15382,1.71485,0.15382,0,1.71485,0.38292,0
9.01933,17.155,8.00963,-0.0162265,4.21478,-0.405126,-1.70752,FRENET,0.15382,1.71485,0.15382,0,1.71485,0.38292,0
9.02271,17.155,8.00963,-0.0162265,4.21478,-0.405126,-1.70752,FRENET,0.15382,1.71485,0.15382,0,1.71485,0.38292,0
9.02671,17.155,8.00963,-0.0162265,4.21478,-0.405126,-1.70752,FRENET,0.161165,1.71485,0.161165,0,1.71485,0.363043,0
9.03069,17.1967,8.00898,-0.02094,4.11968,-0.508759,-2.09592,FRENET,0.161165,1.71485,0.161165,0,1.71485,0.363043,0
9.0347,17.1967,8.00898,-0.02094,4.11968,-0.508759,-2.09592,FRENET,0.161165,1.71485,0.161165,0,1.71485,0.363043,0
9.03932,17.2374,8.00822,-0.0263598,4.02458,-0.595844,-2.39802,FRENET,0.161165,1.71485,0.161165,0,1.71485,0.363043,0
9.04271,17.2374,8.00822,-0.0263598,4.02458,-0.595844,-2.39802,FRENET,0.161165,1.71485,0.161165,0,1.71485,0.363043,0
9.04671,17.2374,8.00822,-0.0263598,4.02458,-0.595844,-2.39802,FRENET,0.161165,1.71485,0.161165,0,1.71485,0.363043,0
9.05069,17.2772,8.0073,-0.0327602,3.92948,-0.657474,-2.58353,FRENET,0.161165,1.71485,0.161165,0,1.71485,0.363043,0
9.0547,17.2772,8.0073,-0.0327602,3.92948,-0.657474,-2.58353,FRENET,0.161165,1.71485,0.161165,0,1.71485,0.363043,0
9.05932,17.316,8.00627,-0.0395027,3.83438,-0.713116,-2.73436,FRENET,0.161165,1.71485,0.161165,0,1.71485,0.363043,0
9.06271,17.316,8.00627,-0.0395027,3.83438,-0.713116,-2.73436,FRENET,0.161165,1.71485,0.161165,0,1.71485,0.363043,0
9.06671,17.316,8.00627,-0.0395027,3.83438,-0.713116,-2.73436,FRENET,0.161165,1.71485,0.161165,0,1.71485,0.363043,0
9.07069,17.3538,8.00508,-0.0469475,3.73928,-0.750066,-2.8047,FRENET,0.161165,1.71485,0.161165,0,1.71485,0.363043,0
9.07471,17.3538,8.00508,-0.0469475,3.73928,-0.750066,-2.8047,FRENET,0.178379,1.71485,0.178379,0,1.71485,0.35633,0
9.07932,17.3907,8.0038,-0.0540761,3.64418,-0.657024,-2.39431,FRENET,0.178379,1.71485,0.178379,0,1.71485,0.35633,0
9.08271,17.3907,8.0038,-0.0540761,3.64418,-0.657024,-2.39431,FRENET,0.178379,1.71485,0.178379,0,1.71485,0.35633,0
9.08671,17.3907,8.0038,-0.0540761,3.64418,-0.657024,-2.39431,FRENET,0.178379,1.71485,0.178379,0,1.71485,0.35633,0
9.0907,17.4267,8.00248,-0.0602173,3.54908,-0.599101,-2.12625,FRENET,0.178379,1.71485,0.178379,0,1.71485,0.35633,0
9.09471,17.4267,8.00248,-0.0602173,3.54908,-0.599101,-2.12625,FRENET,0.178379,1.71485,0.178379,0,1.71485,0.35633,0
9.09932,17.4617,8.00106,-0.0660736,3.45398,-0.550435,-1.90119,FRENET,0.178379,1.71485,0.178379,0,1.71485,0.35633,0
9.1027,17.4617,8.00106,-0.0660736,3.45398,-0.550435,-1.90119,FRENET,0.178379,1.71485,0.178379,0,1.71485,0.35633,0
9.10671,17.4617,8.00106,-0.0660736,3.45398,-0.550435,-1.90119,FRENET,0.178379,1.71485,0.178379,0,1.71485,0.35633,0
9.1107,17.4957,7.99958,-0.0713077,3.35888,-0.52212,-1.75374,FRENET,0.178379,1.71485,0.178379,0,1.71485,0.35633,0
9.11471,17.4957,7.99958,-0.0713077,3.35888,-0.52212,-1.75374,FRENET,0.178379,1.71485,0.178379,0,1.71485,0.35633,0
9.11932,17.5288,7.99798,-0.0764944,3.26378,-0.492004,-1.60579,FRENET,0.178379,1.71485,0.178379,0,1.71485,0.35633,0
9.1227,17.5288,7.99798,-0.0764944,3.26378,-0.492004,-1.60579,FRENET,0.178379,1.71485,0.178379,0,1.71485,0.35633,0
9.12671,17.5288,7.99798,-0.0764944,3.26378,-0.492004,-1.60579,FRENET,0.180657,1.71485,0.180657,0,1.71485,0.359189,0
9.13069,17.5609,7.99631,-0.0812082,3.16868,-0.475493,-1.50668,FRENET,0.180657,1.71485,0.180657,0,1.71485,0.359189,0
9.13471,17.5609,7.99631,-0.0812082,3.16868,-0.475493,-1.50668,FRENET,0.180657,1.71485,0.180657,0,1.71485,0.359189,0
9.13932,17.592,7.99452,-0.0859638,3.07358,-0.451701,-1.38834,FRENET,0.180657,1.71485,0.180657,0,1.71485,0.359189,0
9.1427,17.592,7.99452,-0.0859638,3.07358,-0.451701,-1.38834,FRENET,0.180657,1.71485,0.180657,0,1.71485,0.359189,0
9.1467,17.592,7.99452,-0.0859638,3.07358,-0.451701,-1.38834,FRENET,0.180657,1.71485,0.180657,0,1.71485,0.359189,0
9.1507,17.6222,7.99267,-0.0902948,2.97848,-0.438815,-1.307,FRENET,0.180657,1.71485,0.180657,0,1.71485,0.359189,0
9.15471,17.6222,7.99267,-0.0902948,2.97848,-0.438815,-1.307,FRENET,0.180657,1.71485,0.180657,0,1.71485,0.359189,0
9.15932,17.6515,7.99071,-0.0946896,2.88338,-0.4159,-1.1992,FRENET,0.180657,1.71485,0.180657,0,1.71485,0.359189,0
9.1627,17.6515,7.99071,-0.0946896,2.88338,-0.4159,-1.1992,FRENET,0.180657,1.71485,0.180657,0,1.71485,0.359189,0
9.1667,17.6515,7.99071,-0.0946896,2.88338,-0.4159,-1.1992,FRENET,0.180657,1.71485,0.180657,0,1.71485,0.359189,0
9.17069,17.6798,7.9887,-0.0986644,2.78828,-0.403238,-1.12434,FRENET,0.180657,1.71485,0.180657,0,1.71485,0.359189,0
9.17471,17.6798,7.9887,-0.0986644,2.78828,-0.403238,-1.12434,FRENET,0.3356,2.28087,0.3356,0,2.28087,0.343763,0
9.17932,17.7079,7.98651,-0.101888,2.85632,-0.242945,-0.693929,FRENET,0.3356,2.28087,0.3356,0,2.28087,0.343763,0
9.18271,17.7079,7.98651,-0.101888,2.85632,-0.242945,-0.693929,FRENET,0.3356,2.28087,0.3356,0,2.28087,0.343763,0
9.18671,17.7079,7.98651,-0.101888,2.85632,-0.242945,-0.693929,FRENET,0.3356,2.28087,0.3356,0,2.28087,0.343763,0
9.19069,17.7367,7.98411,-0.103763,2.92114,-0.152418,-0.445233,FRENET,0.3356,2.28087,0.3356,0,2.28087,0.343763,0
9.19471,17.7367,7.98411,-0.103763,2.92114,-0.152418,-0.445233,FRENET,0.3356,2.28087,0.3356,0,2.28087,0.343763,0
9.19932,17.7661,7.9815,-0.105054,2.98287,-0.0985,-0.293813,FRENET,0.3356,2.28087,0.3356,0,2.28087,0.343763,0
9.20276,17.7661,7.9815,-0.105054,2.98287,-0.0985,-0.293813,FRENET,0.3356,2.28087,0.3356,0,2.28087,0.343763,0
9.20676,17.7661,7.9815,-0.105054,2.98287,-0.0985,-0.293813,FRENET,0.3356,2.28087,0.3356,0,2.28087,0.343763,0
9.21075,17.7961,7.97875,-0.105605,3.04401,-0.00575786,-0.017527,FRENET,0.3356,2.28087,0.3356,0,2.28087,0.343763,0
9.21476,17.7961,7.97875,-0.105605,3.04401,-0.00575786,-0.017527,FRENET,0.3356,2.28087,0.3356,0,2.28087,0.343763,0
9.21932,17.8267,7.97594,-0.105064,3.10224,0.118655,0.368096,FRENET,0.3356,2.28087,0.3356,0,2.28087,0.343763,0
9.22276,17.8267,7.97594,-0.105064,3.10224,0.118655,0.368096,FRENET,0.3356,2.28087,0.3356,0,2.28087,0.343763,0
9.22676,17.8267,7.97594,-0.105064,3.10224,0.118655,0.368096,FRENET,0.297205,2.28087,0.297205,0,2.28087,0.347888,0
9.23074,17.8579,7.9731,-0.103375,3.1577,0.201108,0.635039,FRENET,0.297205,2.28087,0.297205,0,2.28087,0.347888,0
9.23476,17.8579,7.9731,-0.103375,3.1577,0.201108,0.635039,FRENET,0.297205,2.28087,0.297205,0,2.28087,0.347888,0
9.23933,17.8896,7.97023,-0.101346,3.21053,0.191279,0.614105,FRENET,0.297205,2.28087,0.297205,0,2.28087,0.347888,0
9.24275,17.8896,7.97023,-0.101346,3.21053,0.191279,0.614105,FRENET,0.297205,2.28087,0.297205,0,2.28087,0.347888,0
9.24671,17.8896,7.97023,-0.101346,3.21053,0.191279,0.614105,FRENET,0.297205,2.28087,0.297205,0,2.28087,0.347888,0
9.25074,17.9218,7.96729,-0.099532,3.26084,0.18481,0.602634,FRENET,0.297205,2.28087,0.297205,0,2.28087,0.347888,0
9.25474,17.9218,7.96729,-0.099532,3.26084,0.18481,0.602634,FRENET,0.297205,2.28087,0.297205,0,2.28087,0.347888,0
9.25935,17.9545,7.96432,-0.097669,3.30876,0.174479,0.577308,FRENET,0.297205,2.28087,0.297205,0,2.28087,0.347888,0
9.26276,17.9545,7.96432,-0.097669,3.30876,0.174479,0.577308,FRENET,0.297205,2.28087,0.297205,0,2.28087,0.347888,0
9.26679,17.9545,7.96432,-0.097669,3.30876,0.174479,0.577308,FRENET,0.297205,2.28087,0.297205,0,2.28087,0.347888,0
9.27077,17.9877,7.9613,-0.0960197,3.3544,0.169062,0.567101,FRENET,0.297205,2.28087,0.297205,0,2.28087,0.347888,0
9.27478,17.9877,7.9613,-0.0960197,3.3544,0.169062,0.567101,FRENET,0.319843,2.28087,0.319843,0,2.28087,0.338603,0
9.27935,18.0213,7.95827,-0.0943039,3.39787,0.160527,0.54545,FRENET,0.319843,2.28087,0.319843,0,2.28087,0.338603,0
9.28278,18.0213,7.95827,-0.0943039,3.39787,0.160527,0.54545,FRENET,0.319843,2.28087,0.319843,0,2.28087,0.338603,0
9.28677,18.0213,7.95827,-0.0943039,3.39787,0.160527,0.54545,FRENET,0.319843,2.28087,0.319843,0,2.28087,0.338603,0
9.29078,18.0554,7.95521,-0.0927858,3.44179,0.15692,0.540086,FRENET,0.319843,2.28087,0.319843,0,2.28087,0.338603,0
9.29477,18.0554,7.95521,-0.0927858,3.44179,0.15692,0.540086,FRENET,0.319843,2.28087,0.319843,0,2.28087,0.338603,0
9.29935,18.0899,7.95214,-0.0911809,3.48362,0.150345,0.523744,FRENET,0.319843,2.28087,0.319843,0,2.28087,0.338603,0
9.30278,18.0899,7.95214,-0.0911809,3.48362,0.150345,0.523744,FRENET,0.319843,2.28087,0.319843,0,2.28087,0.338603,0
9.30678,18.0899,7.95214,-0.0911809,3.48362,0.150345,0.523744,FRENET,0.319843,2.28087,0.319843,0,2.28087,0.338603,0
9.31076,18.1248,7.94906,-0.0897552,3.52346,0.148871,0.524542,FRENET,0.319843,2.28087,0.319843,0,2.28087,0.338603,0
9.31479,18.1248,7.94906,-0.0897552,3.52346,0.148871,0.524542,FRENET,0.319843,2.28087,0.319843,0,2.28087,0.338603,0
9.31938,18.1601,7.94598,-0.0882197,3.5614,0.144185,0.513502,FRENET,0.319843,2.28087,0.319843,0,2.28087,0.338603,0
9.3228,18.1601,7.94598,-0.0882197,3.5614,0.144185,0.513502,FRENET,0.319843,2.28087,0.319843,0,2.28087,0.338603,0
9.32678,18.1601,7.94598,-0.0882197,3.5614,0.144185,0.513502,FRENET,0.307554,2.28087,0.307554,0,2.28087,0.331582,0
9.33074,18.1957,7.9429,-0.0868485,3.59755,0.144368,0.51937,FRENET,0.307554,2.28087,0.307554,0,2.28087,0.331582,0
9.33476,18.1957,7.9429,-0.0868485,3.59755,0.144368,0.51937,FRENET,0.307554,2.28087,0.307554,0,2.28087,0.331582,0
9.33932,18.2318,7.93983,-0.0853495,3.63197,0.141072,0.512371,FRENET,0.307554,2.28087,0.307554,0,2.28087,0.331582,0
9.34276,18.2318,7.93983,-0.0853495,3.63197,0.141072,0.512371,FRENET,0.307554,2.28087,0.307554,0,2.28087,0.331582,0
9.34679,18.2318,7.93983,-0.0853495,3.63197,0.141072,0.512371,FRENET,0.307554,2.28087,0.307554,0,2.28087,0.331582,0
9.35074,18.2681,7.93675,-0.0840047,3.66475,0.14243,0.521972,FRENET,0.307554,2.28087,0.307554,0,2.28087,0.331582,0
9.3548,18.2681,7.93675,-0.0840047,3.66475,0.14243,0.521972,FRENET,0.307554,2.28087,0.307554,0,2.28087,0.331582,0
9.3594,18.3048,7.93371,-0.0825189,3.69598,0.140086,0.517756,FRENET,0.307554,2.28087,0.307554,0,2.28087,0.331582,0
9.3628,18.3048,7.93371,-0.0825189,3.69598,0.140086,0.517756,FRENET,0.307554,2.28087,0.307554,0,2.28087,0.331582,0
9.3668,18.3048,7.93371,-0.0825189,3.69598,0.140086,0.517756,FRENET,0.307554,2.28087,0.307554,0,2.28087,0.331582,0
9.37079,18.3418,7.93067,-0.081181,3.72572,0.142228,0.529904,FRENET,0.307554,2.28087,0.307554,0,2.28087,0.331582,0
9.37479,18.3418,7.93067,-0.081181,3.72572,0.142228,0.529904,FRENET,0.271163,1.71594,0.271163,0,1.71594,0.324246,0
9.37942,18.3784,7.92771,-0.0795099,3.63062,0.166393,0.604112,FRENET,0.271163,1.71594,0.271163,0,1.71594,0.324246,0
9.38283,18.3784,7.92771,-0.0795099,3.63062,0.166393,0.604112,FRENET,0.271163,1.71594,0.271163,0,1.71594,0.324246,0
9.38682,18.3784,7.92771,-0.0795099,3.63062,0.166393,0.604112,FRENET,0.271163,1.71594,0.271163,0,1.71594,0.324246,0
9.3908,18.4142,7.92485,-0.0778355,3.53552,0.191566,0.677287,FRENET,0.271163,1.71594,0.271163,0,1.71594,0.324246,0
9.39483,18.4142,7.92485,-0.0778355,3.53552,0.191566,0.677287,FRENET,0.271163,1.71594,0.271163,0,1.71594,0.324246,0
9.3994,18.4489,7.92214,-0.0757394,3.44042,0.202686,0.697324,FRENET,0.271163,1.71594,0.271163,0,1.71594,0.324246,0
9.40279,18.4489,7.92214,-0.0757394,3.44042,0.202686,0.697324,FRENET,0.271163,1.71594,0.271163,0,1.71594,0.324246,0
9.40683,18.4489,7.92214,-0.0757394,3.44042,0.202686,0.697324,FRENET,0.271163,1.71594,0.271163,0,1.71594,0.324246,0
9.41081,18.4828,7.91953,-0.0737514,3.34532,0.21847,0.730852,FRENET,0.271163,1.71594,0.271163,0,1.71594,0.324246,0
9.4148,18.4828,7.91953,-0.0737514,3.34532,0.21847,0.730852,FRENET,0.271163,1.71594,0.271163,0,1.71594,0.324246,0
9.41939,18.5156,7.91709,-0.0709914,3.25022,0.349614,1.13632,FRENET,0.271163,1.71594,0.271163,0,1.71594,0.324246,0
9.4232,18.5156,7.91709,-0.0709914,3.25022,0.349614,1.13632,FRENET,0.271163,1.71594,0.271163,0,1.71594,0.324246,0
9.4268,18.5156,7.91709,-0.0709914,3.25022,0.349614,1.13632,FRENET,0.250607,1.71594,0.250607,0,1.71594,0.323013,0
9.43075,18.5476,7.91488,-0.0669575,3.16081,0.427983,1.35277,FRENET,0.250607,1.71594,0.250607,0,1.71594,0.323013,0
9.43475,18.5476,7.91488,-0.0669575,3.16081,0.427983,1.35277,FRENET,0.250607,1.71594,0.250607,0,1.71594,0.323013,0
9.43936,18.5788,7.91283,-0.0625273,3.08839,0.477402,1.47441,FRENET,0.250607,1.71594,0.250607,0,1.71594,0.323013,0
9.44275,18.5788,7.91283,-0.0625273,3.08839,0.477402,1.47441,FRENET,0.250607,1.71594,0.250607,0,1.71594,0.323013,0
9.44675,18.5788,7.91283,-0.0625273,3.08839,0.477402,1.47441,FRENET,0.250607,1.71594,0.250607,0,1.71594,0.323013,0
9.45077,18.6093,7.91097,-0.0575586,3.02976,0.493267,1.49448,FRENET,0.250607,1.71594,0.250607,0,1.71594,0.323013,0
9.45478,18.6093,7.91097,-0.0575586,3.02976,0.493267,1.49448,FRENET,0.250607,1.71594,0.250607,0,1.71594,0.323013,0
9.45939,18.6395,7.90926,-0.0527661,3.00647,0.484549,1.45678,FRENET,0.250607,1.71594,0.250607,0,1.71594,0.323013,0
9.46278,18.6395,7.90926,-0.0527661,3.00647,0.484549,1.45678,FRENET,0.250607,1.71594,0.250607,0,1.71594,0.323013,0
9.46679,18.6395,7.90926,-0.0527661,3.00647,0.484549,1.45678,FRENET,0.250607,1.71594,0.250607,0,1.71594,0.323013,0
9.47075,18.6694,7.90771,-0.0479117,2.98761,0.468493,1.39967,FRENET,0.250607,1.71594,0.250607,0,1.71594,0.323013,0
9.47479,18.6694,7.90771,-0.0479117,2.98761,0.468493,1.39967,FGM,0.422601,0.242218,0.231233,0.422601,1.71594,0.242218,0
9.4794,18.6994,7.90625,-0.0437841,3.0176,0.34973,1.05535,FGM,0.422601,0.242218,0.231233,0.422601,1.71594,0.242218,0
9.4828,18.6994,7.90625,-0.0437841,3.0176,0.34973,1.05535,FGM,0.422601,0.242218,0.231233,0.422601,1.71594,0.242218,0
9.4868,18.6994,7.90625,-0.0437841,3.0176,0.34973,1.05535,FGM,0.422601,0.242218,0.231233,0.422601,1.71594,0.242218,0
9.49078,18.7297,7.90485,-0.040768,3.04616,0.273439,0.832939,FGM,0.422601,0.242218,0.231233,0.422601,1.71594,0.242218,0
9.4948,18.7297,7.90485,-0.040768,3.04616,0.273439,0.832939,FGM,0.422601,0.242218,0.231233,0.422601,1.71594,0.242218,0
9.49941,18.7602,7.90352,-0.0382546,3.07337,0.2178,0.669379,FGM,0.422601,0.242218,0.231233,0.422601,1.71594,0.242218,0
9.50274,18.7602,7.90352,-0.0382546,3.07337,0.2178,0.669379,FGM,0.422601,0.242218,0.231233,0.422601,1.71594,0.242218,0
9.50674,18.7602,7.90352,-0.0382546,3.07337,0.2178,0.669379,FGM,0.422601,0.242218,0.231233,0.422601,1.71594,0.242218,0
9.51072,18.7911,7.90221,-0.0366022,3.09928,0.104346,0.323399,FGM,0.422601,0.242218,0.231233,0.422601,1.71594,0.242218,0
9.51474,18.7911,7.90221,-0.0366022,3.09928,0.104346,0.323399,FGM,0.422601,0.242218,0.231233,0.422601,1.71594,0.242218,0
9.51933,18.8222,7.90088,-0.0360317,3.12396,0.0296221,0.0925382,FGM,0.422601,0.242218,0.231233,0.422601,1.71594,0.242218,0
9.52273,18.8222,7.90088,-0.0360317,3.12396,0.0296221,0.0925382,FGM,0.422601,0.242218,0.231233,0.422601,1.71594,0.242218,0
9.52674,18.8222,7.90088,-0.0360317,3.12396,0.0296221,0.0925382,FGM,0,0.299186,0.234161,0,1.71594,0.299186,0
9.53072,18.8535,7.89955,-0.0359583,3.1522,-0.0264742,-0.083452,FGM,0,0.299186,0.234161,0,1.71594,0.299186,0
9.53473,18.8535,7.89955,-0.0359583,3.1522,-0.0264742,-0.083452,FGM,0,0.299186,0.234161,0,1.71594,0.299186,0
9.53933,18.8852,7.8982,-0.0364824,3.1791,-0.0610498,-0.194083,FGM,0,0.299186,0.234161,0,1.71594,0.299186,0
9.54273,18.8852,7.8982,-0.0364824,3.1791,-0.0610498,-0.194083,FGM,0,0.299186,0.234161,0,1.71594,0.299186,0
9.5467,18.8852,7.8982,-0.0364824,3.1791,-0.0610498,-0.194083,FGM,0,0.299186,0.234161,0,1.71594,0.299186,0
9.55078,18.917,7.89684,-0.0371656,3.20471,-0.089026,-0.285303,FGM,0,0.299186,0.234161,0,1.71594,0.299186,0
9.55477,18.917,7.89684,-0.0371656,3.20471,-0.089026,-0.285303,FGM,0,0.299186,0.234161,0,1.71594,0.299186,0
9.55935,18.9492,7.89542,-0.0384899,3.22911,-0.185622,-0.599394,FGM,0,0.299186,0.234161,0,1.71594,0.299186,0
9.56277,18.9492,7.89542,-0.0384899,3.22911,-0.185622,-0.599394,FGM,0,0.299186,0.234161,0,1.71594,0.299186,0
9.56674,18.9492,7.89542,-0.0384899,3.22911,-0.185622,-0.599394,FGM,0,0.299186,0.234161,0,1.71594,0.299186,0
9.57072,18.9816,7.8939,-0.0407666,3.25235,-0.250591,-0.815011,FGM,0,0.299186,0.234161,0,1.71594,0.299186,0
9.57473,18.9816,7.8939,-0.0407666,3.25235,-0.250591,-0.815011,FGM,0.43742,0.250102,0.283522,0.43742,2.20978,0.250102,0
9.5793,19.0141,7.8923,-0.0434698,3.27152,-0.302712,-0.990327,FGM,0.43742,0.250102,0.283522,0.43742,2.20978,0.250102,0
9.58273,19.0141,7.8923,-0.0434698,3.27152,-0.302712,-0.990327,FGM,0.43742,0.250102,0.283522,0.43742,2.20978,0.250102,0
9.58673,19.0141,7.8923,-0.0434698,3.27152,-0.302712,-0.990327,FGM,0.43742,0.250102,0.283522,0.43742,2.20978,0.250102,0
9.59072,19.0469,7.89059,-0.0467501,3.28977,-0.335663,-1.10425,FGM,0.43742,0.250102,0.283522,0.43742,2.20978,0.250102,0
9.59473,19.0469,7.89059,-0.0467501,3.28977,-0.335663,-1.10425,FGM,0.43742,0.250102,0.283522,0.43742,2.20978,0.250102,0
9.59931,19.0798,7.88882,-0.049888,3.30716,-0.279063,-0.922904,FGM,0.43742,0.250102,0.283522,0.43742,2.20978,0.250102,0
9.60273,19.0798,7.88882,-0.049888,3.30716,-0.279063,-0.922904,FGM,0.43742,0.250102,0.283522,0.43742,2.20978,0.250102,0
9.60673,19.0798,7.88882,-0.049888,3.30716,-0.279063,-0.922904,FGM,0.43742,0.250102,0.283522,0.43742,2.20978,0.250102,0
9.61071,19.1129,7.88702,-0.052405,3.32372,-0.242173,-0.804913,FGM,0.43742,0.250102,0.283522,0.43742,2.20978,0.250102,0
9.61473,19.1129,7.88702,-0.052405,3.32372,-0.242173,-0.804913,FGM,0.43742,0.250102,0.283522,0.43742,2.20978,0.250102,0
9.61933,19.1462,7.88517,-0.0547424,3.33949,-0.21102,-0.704699,FGM,0.43742,0.250102,0.283522,0.43742,2.20978,0.250102,0
9.62273,19.1462,7.88517,-0.0547424,3.33949,-0.21102,-0.704699,FGM,0.43742,0.250102,0.283522,0.43742,2.20978,0.250102,0
9.62673,19.1462,7.88517,-0.0547424,3.33949,-0.21102,-0.704699,FGM,0.630136,0.410838,0.293108,0.630136,2.20978,0.410838,0
9.63071,19.1796,7.88329,-0.0566815,3.34838,-0.194178,-0.650182,FGM,0.630136,0.410838,0.293108,0.630136,2.20978,0.410838,0
9.63473,19.1796,7.88329,-0.0566815,3.34838,-0.194178,-0.650182,FGM,0.630136,0.410838,0.293108,0.630136,2.20978,0.410838,0
9.6393,19.2131,7.88135,-0.0586178,3.35685,-0.177489,-0.595804,FGM,0.630136,0.410838,0.293108,0.630136,2.20978,0.410838,0
9.64279,19.2131,7.88135,-0.0586178,3.35685,-0.177489,-0.595804,FGM,0.630136,0.410838,0.293108,0.630136,2.20978,0.410838,0
9.6468,19.2131,7.88135,-0.0586178,3.35685,-0.177489,-0.595804,FGM,0.630136,0.410838,0.293108,0.630136,2.20978,0.410838,0
9.65077,19.2466,7.87939,-0.0599703,3.36492,-0.0816967,-0.274903,FGM,0.630136,0.410838,0.293108,0.630136,2.20978,0.410838,0
9.65473,19.2466,7.87939,-0.0599703,3.36492,-0.0816967,-0.274903,FGM,0.630136,0.410838,0.293108,0.630136,2.20978,0.410838,0
9.65933,19.2802,7.87747,-0.0603631,3.37261,-0.01697,-0.0572332,FGM,0.630136,0.410838,0.293108,0.630136,2.20978,0.410838,0
9.66276,19.2802,7.87747,-0.0603631,3.37261,-0.01697,-0.0572332,FGM,0.630136,0.410838,0.293108,0.630136,2.20978,0.410838,0
9.66674,19.2802,7.87747,-0.0603631,3.37261,-0.01697,-0.0572332,FGM,0.630136,0.410838,0.293108,0.630136,2.20978,0.410838,0
9.67071,19.3139,7.87555,-0.0603456,3.37993,0.0342081,0.115621,FGM,0.630136,0.410838,0.293108,0.630136,2.20978,0.410838,0
9.67477,19.3139,7.87555,-0.0603456,3.37993,0.0342081,0.115621,FGM,0.47417,0.448084,0.311004,0.47417,2.20978,0.448084,0
9.67937,19.3477,7.87366,-0.0597469,3.38269,0.0667531,0.225805,FGM,0.47417,0.448084,0.311004,0.47417,2.20978,0.448084,0
9.68277,19.3477,7.87366,-0.0597469,3.38269,0.0667531,0.225805,FGM,0.47417,0.448084,0.311004,0.47417,2.20978,0.448084,0
9.68674,19.3477,7.87366,-0.0597469,3.38269,0.0667531,0.225805,FGM,0.47417,0.448084,0.311004,0.47417,2.20978,0.448084,0
9.69072,19.3815,7.87178,-0.0590167,3.38532,0.0946407,0.320389,FGM,0.47417,0.448084,0.311004,0.47417,2.20978,0.448084,0
9.69473,19.3815,7.87178,-0.0590167,3.38532,0.0946407,0.320389,FGM,0.47417,0.448084,0.311004,0.47417,2.20978,0.448084,0
9.6993,19.4153,7.86993,-0.0579051,3.38783,0.109837,0.37211,FGM,0.47417,0.448084,0.311004,0.47417,2.20978,0.448084,0
9.70273,19.4153,7.86993,-0.0579051,3.38783,0.109837,0.37211,FGM,0.47417,0.448084,0.311004,0.47417,2.20978,0.448084,0
9.70673,19.4153,7.86993,-0.0579051,3.38783,0.109837,0.37211,FGM,0.47417,0.448084,0.311004,0.47417,2.20978,0.448084,0
9.71072,19.4492,7.86809,-0.0568103,3.39022,0.125185,0.424404,FGM,0.47417,0.448084,0.311004,0.47417,2.20978,0.448084,0
9.71473,19.4492,7.86809,-0.0568103,3.39022,0.125185,0.424404,FGM,0.47417,0.448084,0.311004,0.47417,2.20978,0.448084,0
9.71933,19.483,7.86629,-0.0554409,3.39249,0.131348,0.445596,FGM,0.47417,0.448084,0.311004,0.47417,2.20978,0.448084,0
9.72275,19.483,7.86629,-0.0554409,3.39249,0.131348,0.445596,FGM,0.47417,0.448084,0.311004,0.47417,2.20978,0.448084,0
9.72673,19.483,7.86629,-0.0554409,3.39249,0.131348,0.445596,FGM,0.266457,0.452633,0.209577,0.266457,2.04995,0.452633,0
9.73072,19.5169,7.86451,-0.0541651,3.39445,0.140246,0.476058,FGM,0.266457,0.452633,0.209577,0.266457,2.04995,0.452633,0
9.7347,19.5169,7.86451,-0.0541651,3.39445,0.140246,0.476058,FGM,0.266457,0.452633,0.209577,0.266457,2.04995,0.452633,0
9.73936,19.5508,7.86277,-0.0526693,3.39631,0.141794,0.481578,FGM,0.266457,0.452633,0.209577,0.266457,2.04995,0.452633,0
9.74274,19.5508,7.86277,-0.0526693,3.39631,0.141794,0.481578,FGM,0.266457,0.452633,0.209577,0.266457,2.04995,0.452633,0
9.7467,19.5508,7.86277,-0.0526693,3.39631,0.141794,0.481578,FGM,0.266457,0.452633,0.209577,0.266457,2.04995,0.452633,0
9.75073,19.5847,7.86104,-0.0513067,3.39809,0.147384,0.500825,FGM,0.266457,0.452633,0.209577,0.266457,2.04995,0.452633,0
9.75473,19.5847,7.86104,-0.0513067,3.39809,0.147384,0.500825,FGM,0.266457,0.452633,0.209577,0.266457,2.04995,0.452633,0
9.75933,19.6187,7.85937,-0.0497518,3.39978,0.146596,0.498394,FGM,0.266457,0.452633,0.209577,0.266457,2.04995,0.452633,0
9.76277,19.6187,7.85937,-0.0497518,3.39978,0.146596,0.498394,FGM,0.266457,0.452633,0.209577,0.266457,2.04995,0.452633,0
9.76676,19.6187,7.85937,-0.0497518,3.39978,0.146596,0.498394,FGM,0.266457,0.452633,0.209577,0.266457,2.04995,0.452633,0
9.77075,19.6527,7.85772,-0.0483499,3.40139,0.150549,0.512076,FGM,0.266457,0.452633,0.209577,0.266457,2.04995,0.452633,0
9.77476,19.6527,7.85772,-0.0483499,3.40139,0.150549,0.512076,FGM,0.118885,0.468873,0.227219,0.118885,2.04995,0.468873,0
9.77934,19.6866,7.85612,-0.0467711,3.40421,0.148385,0.505134,FGM,0.118885,0.468873,0.227219,0.118885,2.04995,0.468873,0
9.78278,19.6866,7.85612,-0.0467711,3.40421,0.148385,0.505134,FGM,0.118885,0.468873,0.227219,0.118885,2.04995,0.468873,0
9.78679,19.6866,7.85612,-0.0467711,3.40421,0.148385,0.505134,FGM,0.118885,0.468873,0.227219,0.118885,2.04995,0.468873,0
9.79077,19.7207,7.85456,-0.0453561,3.40689,0.151371,0.515705,FGM,0.118885,0.468873,0.227219,0.118885,2.04995,0.468873,0
9.79474,19.7207,7.85456,-0.0453561,3.40689,0.151371,0.515705,FGM,0.118885,0.468873,0.227219,0.118885,2.04995,0.468873,0
9.79934,19.7547,7.85304,-0.0437709,3.40945,0.148844,0.507476,FGM,0.118885,0.468873,0.227219,0.118885,2.04995,0.468873,0
9.80277,19.7547,7.85304,-0.0437709,3.40945,0.148844,0.507476,FGM,0.118885,0.468873,0.227219,0.118885,2.04995,0.468873,0
9.80677,19.7547,7.85304,-0.0437709,3.40945,0.148844,0.507476,FGM,0.118885,0.468873,0.227219,0.118885,2.04995,0.468873,0
9.81073,19.7888,7.85156,-0.0423526,3.41188,0.1516,0.517241,FGM,0.118885,0.468873,0.227219,0.118885,2.04995,0.468873,0
9.81474,19.7888,7.85156,-0.0423526,3.41188,0.1516,0.517241,FGM,0.118885,0.468873,0.227219,0.118885,2.04995,0.468873,0
9.81931,19.8229,7.85013,-0.0407658,3.4142,0.148934,0.508492,FGM,0.118885,0.468873,0.227219,0.118885,2.04995,0.468873,0
9.82278,19.8229,7.85013,-0.0407658,3.4142,0.148934,0.508492,FGM,0.118885,0.468873,0.227219,0.118885,2.04995,0.468873,0
9.82675,19.8229,7.85013,-0.0407658,3.4142,0.148934,0.508492,FRENET,0.251166,2.04995,0.251166,0,2.04995,0.500189,0
9.83073,19.8565,7.84875,-0.0392566,3.3191,0.175767,0.583389,FRENET,0.251166,2.04995,0.251166,0,2.04995,0.500189,0
9.8348,19.8565,7.84875,-0.0392566,3.3191,0.175767,0.583389,FRENET,0.251166,2.04995,0.251166,0,2.04995,0.500189,0
9.83935,19.8892,7.84747,-0.037318,3.224,0.186794,0.602222,FRENET,0.251166,2.04995,0.251166,0,2.04995,0.500189,0
9.84275,19.8892,7.84747,-0.037318,3.224,0.186794,0.602222,FRENET,0.251166,2.04995,0.251166,0,2.04995,0.500189,0
9.84671,19.8892,7.84747,-0.037318,3.224,0.186794,0.602222,FRENET,0.251166,2.04995,0.251166,0,2.04995,0.500189,0
9.85073,19.921,7.84626,-0.0354898,3.1289,0.202329,0.633068,FRENET,0.251166,2.04995,0.251166,0,2.04995,0.500189,0
9.85475,19.921,7.84626,-0.0354898,3.1289,0.202329,0.633068,FRENET,0.251166,2.04995,0.251166,0,2.04995,0.500189,0
9.85931,19.9518,7.84515,-0.0333322,3.0338,0.204416,0.620157,FRENET,0.251166,2.04995,0.251166,0,2.04995,0.500189,0
9.86275,19.9518,7.84515,-0.0333322,3.0338,0.204416,0.620157,FRENET,0.251166,2.04995,0.251166,0,2.04995,0.500189,0
9.86671,19.9518,7.84515,-0.0333322,3.0338,0.204416,0.620157,FRENET,0.251166,2.04995,0.251166,0,2.04995,0.500189,0
9.87073,19.9816,7.84409,-0.0313611,2.9387,0.213606,0.627723,FRENET,0.251166,2.04995,0.251166,0,2.04995,0.500189,0
9.87475,19.9816,7.84409,-0.0313611,2.9387,0.213606,0.627723,FRENET,0.211165,2.04995,0.211165,0,2.04995,0.502045,0
9.87933,20.0105,7.84314,-0.0291196,2.8436,0.210071,0.597358,FRENET,0.211165,2.04995,0.211165,0,2.04995,0.502045,0
9.88275,20.0105,7.84314,-0.0291196,2.8436,0.210071,0.597358,FRENET,0.211165,2.04995,0.211165,0,2.04995,0.502045,0
9.88675,20.0105,7.84314,-0.0291196,2.8436,0.210071,0.597358,FRENET,0.211165,2.04995,0.211165,0,2.04995,0.502045,0
9.89073,20.0384,7.84225,-0.0271127,2.7485,0.215265,0.591654,FRENET,0.211165,2.04995,0.211165,0,2.04995,0.502045,0
9.89475,20.0384,7.84225,-0.0271127,2.7485,0.215265,0.591654,FRENET,0.211165,2.04995,0.211165,0,2.04995,0.502045,0
9.89931,20.0654,7.84146,-0.0248753,2.6534,0.207669,0.551029,FRENET,0.211165,2.04995,0.211165,0,2.04995,0.502045,0
9.90275,20.0654,7.84146,-0.0248753,2.6534,0.207669,0.551029,FRENET,0.211165,2.04995,0.211165,0,2.04995,0.502045,0
9.90675,20.0654,7.84146,-0.0248753,2.6534,0.207669,0.551029,FRENET,0.211165,2.04995,0.211165,0,2.04995,0.502045,0
9.9107,20.0916,7.84073,-0.0229288,2.57324,0.204916,0.527299,FRENET,0.211165,2.04995,0.211165,0,2.04995,0.502045,0
9.91475,20.0916,7.84073,-0.0229288,2.57324,0.204916,0.527299,FRENET,0.211165,2.04995,0.211165,0,2.04995,0.502045,0
9.91931,20.117,7.84009,-0.0208609,2.50833,0.187153,0.469442,FRENET,0.211165,2.04995,0.211165,0,2.04995,0.502045,0
9.92271,20.117,7.84009,-0.0208609,2.50833,0.187153,0.469442,FRENET,0.211165,2.04995,0.211165,0,2.04995,0.502045,0
9.92675,20.117,7.84009,-0.0208609,2.50833,0.187153,0.469442,FRENET,0.119069,2.40616,0.119069,0.0897582,2.40616,0.452732,0
9.93073,20.1416,7.83951,-0.0190836,2.41323,0.192166,0.463742,FRENET,0.119069,2.40616,0.119069,0.0897582,2.40616,0.452732,0
9.93475,20.1416,7.83951,-0.0190836,2.41323,0.192166,0.463742,FRENET,0.119069,2.40616,0.119069,0.0897582,2.40616,0.452732,0
9.93932,20.1652,7.83901,-0.0170891,2.31813,0.181952,0.421788,FRENET,0.119069,2.40616,0.119069,0.0897582,2.40616,0.452732,0
9.94274,20.1652,7.83901,-0.0170891,2.31813,0.181952,0.421788,FRENET,0.119069,2.40616,0.119069,0.0897582,2.40616,0.452732,0
9.94671,20.1652,7.83901,-0.0170891,2.31813,0.181952,0.421788,FRENET,0.119069,2.40616,0.119069,0.0897582,2.40616,0.452732,0
9.95074,20.1879,7.83853,-0.0157988,2.22303,0.0618948,0.137594,FRENET,0.119069,2.40616,0.119069,0.0897582,2.40616,0.452732,0
9.95472,20.1879,7.83853,-0.0157988,2.22303,0.0618948,0.137594,FRENET,0.119069,2.40616,0.119069,0.0897582,2.40616,0.452732,0
9.95935,20.2097,7.83798,-0.0160456,2.12793,-0.118635,-0.252447,FRENET,0.119069,2.40616,0.119069,0.0897582,2.40616,0.452732,0
9.96273,20.2097,7.83798,-0.0160456,2.12793,-0.118635,-0.252447,FRENET,0.119069,2.40616,0.119069,0.0897582,2.40616,0.452732,0
9.96673,20.2097,7.83798,-0.0160456,2.12793,-0.118635,-0.252447,FRENET,0.119069,2.40616,0.119069,0.0897582,2.40616,0.452732,0
9.97072,20.2305,7.83735,-0.0178549,2.03283,-0.208336,-0.423512,FRENET,0.119069,2.40616,0.119069,0.0897582,2.40616,0.452732,0
9.97473,20.2305,7.83735,-0.0178549,2.03283,-0.208336,-0.423512,FRENET,0.100619,2.40616,0.100619,0.381084,2.40616,0.399858,0
9.97931,20.2503,7.83669,-0.0201414,1.93773,-0.267414,-0.518177,FRENET,0.100619,2.40616,0.100619,0.381084,2.40616,0.399858,0
9.98274,20.2503,7.83669,-0.0201414,1.93773,-0.267414,-0.518177,FRENET,0.100619,2.40616,0.100619,0.381084,2.40616,0.399858,0
9.98673,20.2503,7.83669,-0.0201414,1.93773,-0.267414,-0.518177,FRENET,0.100619,2.40616,0.100619,0.381084,2.40616,0.399858,0
9.99071,20.2692,7.836,-0.0230366,1.84263,-0.28317,-0.521778,FRENET,0.100619,2.40616,0.100619,0.381084,2.40616,0.399858,0
9.99473,20.2692,7.836,-0.0230366,1.84263,-0.28317,-0.521778,FRENET,0.100619,2.40616,0.100619,0.381084,2.40616,0.399858,0
9.99931,20.2871,7.83531,-0.0258358,1.74753,-0.299222,-0.522901,FRENET,0.100619,2.40616,0.100619,0.381084,2.40616,0.399858,0
10.0027,20.2871,7.83531,-0.0258358,1.74753,-0.299222,-0.522901,FRENET,0.100619,2.40616,0.100619,0.381084,2.40616,0.399858,0
10.0067,20.2871,7.83531,-0.0258358,1.74753,-0.299222,-0.522901,FRENET,0.100619,2.40616,0.100619,0.381084,2.40616,0.399858,0
10.0107,20.3041,7.83459,-0.0289007,1.65243,-0.287385,-0.474884,FRENET,0.100619,2.40616,0.100619,0.381084,2.40616,0.399858,0
10.0147,20.3041,7.83459,-0.0289007,1.65243,-0.287385,-0.474884,FRENET,0.100619,2.40616,0.100619,0.381084,2.40616,0.399858,0
10.0193,20.3201,7.83389,-0.031657,1.55733,-0.288119,-0.448698,FRENET,0.100619,2.40616,0.100619,0.381084,2.40616,0.399858,0
10.0227,20.3201,7.83389,-0.031657,1.55733,-0.288119,-0.448698,FRENET,0.100619,2.40616,0.100619,0.381084,2.40616,0.399858,0
10.0267,20.3201,7.83389,-0.031657,1.55733,-0.288119,-0.448698,FRENET,0.127238,2.40616,0.127238,0.756256,2.40616,0.358986,0
10.0307,20.3353,7.83317,-0.0345281,1.47595,-0.262054,-0.386778,FRENET,0.127238,2.40616,0.127238,0.756256,2.40616,0.358986,0
10.0347,20.3353,7.83317,-0.0345281,1.47595,-0.262054,-0.386778,FRENET,0.127238,2.40616,0.127238,0.756256,2.40616,0.358986,0
10.0393,20.3497,7.83245,-0.0369824,1.41005,-0.25266,-0.356264,FRENET,0.127238,2.40616,0.127238,0.756256,2.40616,0.358986,0
10.0427,20.3497,7.83245,-0.0369824,1.41005,-0.25266,-0.356264,FRENET,0.127238,2.40616,0.127238,0.756256,2.40616,0.358986,0
10.0467,20.3497,7.83245,-0.0369824,1.41005,-0.25266,-0.356264,FRENET,0.127238,2.40616,0.127238,0.756256,2.40616,0.358986,0
10.0507,20.3635,7.8317,-0.0394763,1.35668,-0.225101,-0.305391,FRENET,0.127238,2.40616,0.127238,0.756256,2.40616,0.358986,0
10.0547,20.3635,7.8317,-0.0394763,1.35668,-0.225101,-0.305391,FRENET,0.127238,2.40616,0.127238,0.756256,2.40616,0.358986,0
10.0593,20.3768,7.83095,-0.0415856,1.31347,-0.219246,-0.287973,FRENET,0.127238,2.40616,0.127238,0.756256,2.40616,0.358986,0
10.0628,20.3768,7.83095,-0.0415856,1.31347,-0.219246,-0.287973,FRENET,0.127238,2.40616,0.127238,0.756256,2.40616,0.358986,0
10.0667,20.3768,7.83095,-0.0415856,1.31347,-0.219246,-0.287973,FRENET,0.127238,2.40616,0.127238,0.756256,2.40616,0.358986,0
10.0707,20.3897,7.83017,-0.0437793,1.27025,-0.198471,-0.252109,FRENET,0.127238,2.40616,0.127238,0.756256,2.40616,0.358986,0
10.0747,20.3897,7.83017,-0.0437793,1.27025,-0.198471,-0.252109,FRENET,0.0960349,2.40616,0.0960349,0.740582,2.40616,0.341922,0
10.0793,20.4022,7.82939,-0.0456549,1.23526,-0.198246,-0.244885,FRENET,0.0960349,2.40616,0.0960349,0.740582,2.40616,0.341922,0
10.0827,20.4022,7.82939,-0.0456549,1.23526,-0.198246,-0.244885,FRENET,0.0960349,2.40616,0.0960349,0.740582,2.40616,0.341922,0
10.0867,20.4022,7.82939,-0.0456549,1.23526,-0.198246,-0.244885,FRENET,0.0960349,2.40616,0.0960349,0.740582,2.40616,0.341922,0
10.0907,20.4144,7.82856,-0.0479401,1.20692,-0.267341,-0.322658,FRENET,0.0960349,2.40616,0.0960349,0.740582,2.40616,0.341922,0
10.0947,20.4144,7.82856,-0.0479401,1.20692,-0.267341,-0.322658,FRENET,0.0960349,2.40616,0.0960349,0.740582,2.40616,0.341922,0
10.0993,20.4263,7.82762,-0.0510632,1.18397,-0.360611,-0.426952,FRENET,0.0960349,2.40616,0.0960349,0.740582,2.40616,0.341922,0
10.1027,20.4263,7.82762,-0.0510632,1.18397,-0.360611,-0.426952,FRENET,0.0960349,2.40616,0.0960349,0.740582,2.40616,0.341922,0
10.1067,20.4263,7.82762,-0.0510632,1.18397,-0.360611,-0.426952,FRENET,0.0960349,2.40616,0.0960349,0.740582,2.40616,0.341922,0
10.1107,20.4381,7.82652,-0.0551362,1.1736,-0.456555,-0.535814,FRENET,0.0960349,2.40616,0.0960349,0.740582,2.40616,0.341922,0
10.1147,20.4381,7.82652,-0.0551362,1.1736,-0.456555,-0.535814,FRENET,0.0960349,2.40616,0.0960349,0.740582,2.40616,0.341922,0
10.1193,20.4497,7.82527,-0.0599409,1.16521,-0.479126,-0.558281,FRENET,0.0960349,2.40616,0.0960349,0.740582,2.40616,0.341922,0
10.1227,20.4497,7.82527,-0.0599409,1.16521,-0.479126,-0.558281,FRENET,0.0960349,2.40616,0.0960349,0.740582,2.40616,0.341922,0
10.1267,20.4497,7.82527,-0.0599409,1.16521,-0.479126,-0.558281,FRENET,0.212614,1.21052,0.212614,0.731272,1.21052,0.34039,0
10.1307,20.4616,7.82391,-0.0644366,1.2213,-0.420721,-0.513827,FRENET,0.212614,1.21052,0.212614,0.731272,1.21052,0.34039,0
10.1347,20.4616,7.82391,-0.0644366,1.2213,-0.420721,-0.513827,FRENET,0.212614,1.21052,0.212614,0.731272,1.21052,0.34039,0
10.1393,20.474,7.82248,-0.0683234,1.27473,-0.354718,-0.45217,FRENET,0.212614,1.21052,0.212614,0.731272,1.21052,0.34039,0
10.1427,20.474,7.82248,-0.0683234,1.27473,-0.354718,-0.45217,FRENET,0.212614,1.21052,0.212614,0.731272,1.21052,0.34039,0
10.1467,20.474,7.82248,-0.0683234,1.27473,-0.354718,-0.45217,FRENET,0.212614,1.21052,0.212614,0.731272,1.21052,0.34039,0
10.1507,20.4869,7.82103,-0.0714845,1.32562,-0.275204,-0.364815,FRENET,0.212614,1.21052,0.212614,0.731272,1.21052,0.34039,0
10.1547,20.4869,7.82103,-0.0714845,1.32562,-0.275204,-0.364815,FRENET,0.212614,1.21052,0.212614,0.731272,1.21052,0.34039,0
10.1593,20.5003,7.81961,-0.0737813,1.37409,-0.18207,-0.250181,FRENET,0.212614,1.21052,0.212614,0.731272,1.21052,0.34039,0
10.1628,20.5003,7.81961,-0.0737813,1.37409,-0.18207,-0.250181,FRENET,0.212614,1.21052,0.212614,0.731272,1.21052,0.34039,0
10.1668,20.5003,7.81961,-0.0737813,1.37409,-0.18207,-0.250181,FRENET,0.212614,1.21052,0.212614,0.731272,1.21052,0.34039,0
10.1708,20.5142,7.81825,-0.0750836,1.42025,-0.0765966,-0.108786,FRENET,0.212614,1.21052,0.212614,0.731272,1.21052,0.34039,0
10.1747,20.5142,7.81825,-0.0750836,1.42025,-0.0765966,-0.108786,FGM,0.707688,0.322985,0.188651,0.707688,1.21052,0.322985,0
10.1793,20.5288,7.81695,-0.0756074,1.50048,-0.0419743,-0.0629817,FGM,0.707688,0.322985,0.188651,0.707688,1.21052,0.322985,0
10.1828,20.5288,7.81695,-0.0756074,1.50048,-0.0419743,-0.0629817,FGM,0.707688,0.322985,0.188651,0.707688,1.21052,0.322985,0
10.1868,20.5288,7.81695,-0.0756074,1.50048,-0.0419743,-0.0629817,FGM,0.707688,0.322985,0.188651,0.707688,1.21052,0.322985,0
10.1907,20.5441,7.81565,-0.0759158,1.5769,-0.00978733,-0.0154336,FGM,0.707688,0.322985,0.188651,0.707688,1.21052,0.322985,0
10.1948,20.5441,7.81565,-0.0759158,1.5769,-0.00978733,-0.0154336,FGM,0.707688,0.322985,0.188651,0.707688,1.21052,0.322985,0
10.1994,20.5602,7.81436,-0.075858,1.64968,0.00837594,0.0138176,FGM,0.707688,0.322985,0.188651,0.707688,1.21052,0.322985,0
10.2028,20.5602,7.81436,-0.075858,1.64968,0.00837594,0.0138176,FGM,0.707688,0.322985,0.188651,0.707688,1.21052,0.322985,0
10.2067,20.5602,7.81436,-0.075858,1.64968,0.00837594,0.0138176,FGM,0.707688,0.322985,0.188651,0.707688,1.21052,0.322985,0
10.2107,20.577,7.81305,-0.0757283,1.71901,0.0287312,0.049389,FGM,0.707688,0.322985,0.188651,0.707688,1.21052,0.322985,0
10.2148,20.577,7.81305,-0.0757283,1.71901,0.0287312,0.049389,FGM,0.707688,0.322985,0.188651,0.707688,1.21052,0.322985,0
10.2194,20.5944,7.81173,-0.0753275,1.78503,0.0385226,0.0687642,FGM,0.707688,0.322985,0.188651,0.707688,1.21052,0.322985,0
10.2227,20.5944,7.81173,-0.0753275,1.78503,0.0385226,0.0687642,FGM,0.707688,0.322985,0.188651,0.707688,1.21052,0.322985,0
10.2268,20.5944,7.81173,-0.0753275,1.78503,0.0385226,0.0687642,FGM,0.437097,0.332816,0.214245,0.437097,1.21052,0.332816,0
10.2307,20.6125,7.81039,-0.0749324,1.84791,0.0524518,0.0969261,FGM,0.437097,0.332816,0.214245,0.437097,1.21052,0.332816,0
10.2347,20.6125,7.81039,-0.0749324,1.84791,0.0524518,0.0969261,FGM,0.437097,0.332816,0.214245,0.437097,1.21052,0.332816,0
10.2393,20.6313,7.80904,-0.074317,1.9078,0.0575764,0.109844,FGM,0.437097,0.332816,0.214245,0.437097,1.21052,0.332816,0
10.2427,20.6313,7.80904,-0.074317,1.9078,0.0575764,0.109844,FGM,0.437097,0.332816,0.214245,0.437097,1.21052,0.332816,0
10.2467,20.6313,7.80904,-0.074317,1.9078,0.0575764,0.109844,FGM,0.437097,0.332816,0.214245,0.437097,1.21052,0.332816,0
10.2508,20.6506,7.80766,-0.0737529,1.96483,0.0678106,0.133237,FGM,0.437097,0.332816,0.214245,0.437097,1.21052,0.332816,0
10.2548,20.6506,7.80766,-0.0737529,1.96483,0.0678106,0.133237,FGM,0.437097,0.332816,0.214245,0.437097,1.21052,0.332816,0
10.2593,20.6705,7.80627,-0.0729962,2.01916,0.0702385,0.141823,FGM,0.437097,0.332816,0.214245,0.437097,1.21052,0.332816,0
10.2628,20.6705,7.80627,-0.0729962,2.01916,0.0702385,0.141823,FGM,0.437097,0.332816,0.214245,0.437097,1.21052,0.332816,0
10.2667,20.6705,7.80627,-0.0729962,2.01916,0.0702385,0.141823,FGM,0.437097,0.332816,0.214245,0.437097,1.21052,0.332816,0
10.2707,20.6909,7.80486,-0.0723188,2.07091,0.0782872,0.162125,FGM,0.437097,0.332816,0.214245,0.437097,1.21052,0.332816,0
10.2748,20.6909,7.80486,-0.0723188,2.07091,0.0782872,0.162125,FGM,0.039016,0.388513,0.0536309,0.039016,1.70421,0.388513,0
10.2794,20.7118,7.80345,-0.0714642,2.12062,0.0790931,0.167727,FGM,0.039016,0.388513,0.0536309,0.039016,1.70421,0.388513,0
10.2827,20.7118,7.80345,-0.0714642,2.12062,0.0790931,0.167727,FGM,0.039016,0.388513,0.0536309,0.039016,1.70421,0.388513,0
10.2867,20.7118,7.80345,-0.0714642,2.12062,0.0790931,0.167727,FGM,0.039016,0.388513,0.0536309,0.039016,1.70421,0.388513,0
10.2907,20.7332,7.80201,-0.0707069,2.16798,0.0857915,0.185994,FGM,0.039016,0.388513,0.0536309,0.039016,1.70421,0.388513,0
10.2947,20.7332,7.80201,-0.0707069,2.16798,0.0857915,0.185994,FGM,0.039016,0.388513,0.0536309,0.039016,1.70421,0.388513,0
10.2993,20.755,7.80057,-0.0697805,2.21308,0.0856752,0.189606,FGM,0.039016,0.388513,0.0536309,0.039016,1.70421,0.388513,0
10.3027,20.755,7.80057,-0.0697805,2.21308,0.0856752,0.189606,FGM,0.039016,0.388513,0.0536309,0.039016,1.70421,0.388513,0
10.3067,20.755,7.80057,-0.0697805,2.21308,0.0856752,0.189606,FGM,0.039016,0.388513,0.0536309,0.039016,1.70421,0.388513,0
10.3107,20.7773,7.79911,-0.0689631,2.25604,0.0915686,0.206583,FGM,0.039016,0.388513,0.0536309,0.039016,1.70421,0.388513,0
10.3147,20.7773,7.79911,-0.0689631,2.25604,0.0915686,0.206583,FGM,0.039016,0.388513,0.0536309,0.039016,1.70421,0.388513,0
10.3193,20.8,7.79765,-0.0679805,2.29696,0.090867,0.208718,FGM,0.039016,0.388513,0.0536309,0.039016,1.70421,0.388513,0
10.3227,20.8,7.79765,-0.0679805,2.29696,0.090867,0.208718,FGM,0.039016,0.388513,0.0536309,0.039016,1.70421,0.388513,0
10.3267,20.8,7.79765,-0.0679805,2.29696,0.090867,0.208718,FGM,0,0.435511,0.0671435,0,1.70421,0.435511,0
10.3307,20.8232,7.79618,-0.0671152,2.33545,0.0962848,0.224868,FGM,0,0.435511,0.0671435,0,1.70421,0.435511,0
10.3347,20.8232,7.79618,-0.0671152,2.33545,0.0962848,0.224868,FGM,0,0.435511,0.0671435,0,1.70421,0.435511,0
10.3393,20.8466,7.79472,-0.0660858,2.37212,0.0952085,0.225846,FGM,0,0.435511,0.0671435,0,1.70421,0.435511,0
10.3427,20.8466,7.79472,-0.0660858,2.37212,0.0952085,0.225846,FGM,0,0.435511,0.0671435,0,1.70421,0.435511,0
10.3468,20.8466,7.79472,-0.0660858,2.37212,0.0952085,0.225846,FGM,0,0.435511,0.0671435,0,1.70421,0.435511,0
10.3507,20.8705,7.79324,-0.0651805,2.40704,0.100231,0.241259,FGM,0,0.435511,0.0671435,0,1.70421,0.435511,0
10.3547,20.8705,7.79324,-0.0651805,2.40704,0.100231,0.241259,FGM,0,0.435511,0.0671435,0,1.70421,0.435511,0
10.3593,20.8947,7.79177,-0.0641119,2.4403,0.0988747,0.241284,FGM,0,0.435511,0.0671435,0,1.70421,0.435511,0
10.3627,20.8947,7.79177,-0.0641119,2.4403,0.0988747,0.241284,FGM,0,0.435511,0.0671435,0,1.70421,0.435511,0
10.3667,20.8947,7.79177,-0.0641119,2.4403,0.0988747,0.241284,FGM,0,0.435511,0.0671435,0,1.70421,0.435511,0
10.3707,20.9192,7.7903,-0.0631725,2.47198,0.10363,0.256172,FGM,0,0.435511,0.0671435,0,1.70421,0.435511,0
10.3747,20.9192,7.7903,-0.0631725,2.47198,0.10363,0.256172,FGM,0,0.510919,0.0400375,0,1.70421,0.510919,0
10.3793,20.944,7.78884,-0.0620702,2.50266,0.10204,0.255371,FGM,0,0.510919,0.0400375,0,1.70421,0.510919,0
10.3827,20.944,7.78884,-0.0620702,2.50266,0.10204,0.255371,FGM,0,0.510919,0.0400375,0,1.70421,0.510919,0
10.3867,20.944,7.78884,-0.0620702,2.50266,0.10204,0.255371,FGM,0,0.510919,0.0400375,0,1.70421,0.510919,0
10.3907,20.9692,7.78738,-0.0611012,2.53189,0.106565,0.26981,FGM,0,0.510919,0.0400375,0,1.70421,0.510919,0
10.3947,20.9692,7.78738,-0.0611012,2.53189,0.106565,0.26981,FGM,0,0.510919,0.0400375,0,1.70421,0.510919,0
10.3993,20.9946,7.78593,-0.059969,2.55972,0.104879,0.268462,FGM,0,0.510919,0.0400375,0,1.70421,0.510919,0
10.4027,20.9946,7.78593,-0.059969,2.55972,0.104879,0.268462,FGM,0,0.510919,0.0400375,0,1.70421,0.510919,0
10.4067,20.9946,7.78593,-0.059969,2.55972,0.104879,0.268462,FGM,0,0.510919,0.0400375,0,1.70421,0.510919,0
10.4107,21.0203,7.78448,-0.0589732,2.58623,0.109282,0.282628,FGM,0,0.510919,0.0400375,0,1.70421,0.510919,0
10.4147,21.0203,7.78448,-0.0589732,2.58623,0.109282,0.282628,FGM,0,0.510919,0.0400375,0,1.70421,0.510919,0
10.4193,21.0462,7.78306,-0.0578134,2.61149,0.107501,0.280738,FGM,0,0.510919,0.0400375,0,1.70421,0.510919,0
10.4227,21.0462,7.78306,-0.0578134,2.61149,0.107501,0.280738,FGM,0,0.510919,0.0400375,0,1.70421,0.510919,0
10.4267,21.0462,7.78306,-0.0578134,2.61149,0.107501,0.280738,FGM,0,0.463978,0.062689,0,1.70421,0.463978,0
10.4307,21.0724,7.78163,-0.0567929,2.63566,0.111773,0.294596,FGM,0,0.463978,0.062689,0,1.70421,0.463978,0
10.4347,21.0724,7.78163,-0.0567929,2.63566,0.111773,0.294596,FGM,0,0.463978,0.062689,0,1.70421,0.463978,0
10.4393,21.0989,7.78023,-0.0556079,2.65868,0.109901,0.292191,FGM,0,0.463978,0.062689,0,1.70421,0.463978,0
10.4427,21.0989,7.78023,-0.0556079,2.65868,0.109901,0.292191,FGM,0,0.463978,0.062689,0,1.70421,0.463978,0
10.4467,21.0989,7.78023,-0.0556079,2.65868,0.109901,0.292191,FGM,0,0.463978,0.062689,0,1.70421,0.463978,0
10.4507,21.1255,7.77881,-0.0548405,2.68061,0.0331654,0.0889036,FGM,0,0.463978,0.062689,0,1.70421,0.463978,0
10.4547,21.1255,7.77881,-0.0548405,2.68061,0.0331654,0.0889036,FGM,0,0.463978,0.062689,0,1.70421,0.463978,0
10.4593,21.1524,7.7773,-0.0551138,2.7015,-0.0949354,-0.256468,FGM,0,0.463978,0.062689,0,1.70421,0.463978,0
10.4627,21.1524,7.7773,-0.0551138,2.7015,-0.0949354,-0.256468,FGM,0,0.463978,0.062689,0,1.70421,0.463978,0
10.4667,21.1524,7.7773,-0.0551138,2.7015,-0.0949354,-0.256468,FGM,0,0.463978,0.062689,0,1.70421,0.463978,0
10.4707,21.1794,7.77567,-0.0565787,2.72139,-0.176884,-0.481372,FGM,0,0.463978,0.062689,0,1.70421,0.463978,0
10.4747,21.1794,7.77567,-0.0565787,2.72139,-0.176884,-0.481372,FRENET,0.0221749,1.70421,0.0221749,0,1.70421,0.501889,0
10.4793,21.2061,7.77398,-0.0588298,2.62629,-0.289018,-0.759047,FRENET,0.0221749,1.70421,0.0221749,0,1.70421,0.501889,0
10.4827,21.2061,7.77398,-0.0588298,2.62629,-0.289018,-0.759047,FRENET,0.0221749,1.70421,0.0221749,0,1.70421,0.501889,0
10.4867,21.2061,7.77398,-0.0588298,2.62629,-0.289018,-0.759047,FRENET,0.0221749,1.70421,0.0221749,0,1.70421,0.501889,0
10.4907,21.2319,7.77222,-0.0621683,2.53119,-0.348658,-0.882521,FRENET,0.0221749,1.70421,0.0221749,0,1.70421,0.501889,0
10.4947,21.2319,7.77222,-0.0621683,2.53119,-0.348658,-0.882521,FRENET,0.0221749,1.70421,0.0221749,0,1.70421,0.501889,0
10.4993,21.2566,7.77049,-0.0653556,2.43609,-0.270394,-0.658705,FRENET,0.0221749,1.70421,0.0221749,0,1.70421,0.501889,0
10.5027,21.2566,7.77049,-0.0653556,2.43609,-0.270394,-0.658705,FRENET,0.0221749,1.70421,0.0221749,0,1.70421,0.501889,0
10.5067,21.2566,7.77049,-0.0653556,2.43609,-0.270394,-0.658705,FRENET,0.0221749,1.70421,0.0221749,0,1.70421,0.501889,0
10.5107,21.2805,7.76885,-0.0677256,2.34099,-0.231606,-0.542188,FRENET,0.0221749,1.70421,0.0221749,0,1.70421,0.501889,0
10.5147,21.2805,7.76885,-0.0677256,2.34099,-0.231606,-0.542188,FRENET,0.0221749,1.70421,0.0221749,0,1.70421,0.501889,0
10.5193,21.3033,7.76724,-0.0699744,2.24589,-0.195855,-0.43987,FRENET,0.0221749,1.70421,0.0221749,0,1.70421,0.501889,0
10.5227,21.3033,7.76724,-0.0699744,2.24589,-0.195855,-0.43987,FRENET,0.0221749,1.70421,0.0221749,0,1.70421,0.501889,0
10.5267,21.3033,7.76724,-0.0699744,2.24589,-0.195855,-0.43987,FRENET,0.179587,2.35497,0.179587,0,2.35497,0.44832,0
10.5307,21.3253,7.76568,-0.0717407,2.15079,-0.18313,-0.393875,FRENET,0.179587,2.35497,0.179587,0,2.35497,0.44832,0
10.5348,21.3253,7.76568,-0.0717407,2.15079,-0.18313,-0.393875,FRENET,0.179587,2.35497,0.179587,0,2.35497,0.44832,0
10.5393,21.3462,7.76415,-0.0735827,2.05569,-0.161406,-0.331801,FRENET,0.179587,2.35497,0.179587,0,2.35497,0.44832,0
10.5428,21.3462,7.76415,-0.0735827,2.05569,-0.161406,-0.331801,FRENET,0.179587,2.35497,0.179587,0,2.35497,0.44832,0
10.5467,21.3462,7.76415,-0.0735827,2.05569,-0.161406,-0.331801,FRENET,0.179587,2.35497,0.179587,0,2.35497,0.44832,0
10.5507,21.3663,7.76267,-0.0750522,1.96059,-0.157479,-0.308752,FRENET,0.179587,2.35497,0.179587,0,2.35497,0.44832,0
10.5547,21.3663,7.76267,-0.0750522,1.96059,-0.157479,-0.308752,FRENET,0.179587,2.35497,0.179587,0,2.35497,0.44832,0
10.5593,21.3854,7.76121,-0.0766542,1.86851,-0.138714,-0.259189,FRENET,0.179587,2.35497,0.179587,0,2.35497,0.44832,0
10.5627,21.3854,7.76121,-0.0766542,1.86851,-0.138714,-0.259189,FRENET,0.179587,2.35497,0.179587,0,2.35497,0.44832,0
10.5667,21.3854,7.76121,-0.0766542,1.86851,-0.138714,-0.259189,FRENET,0.179587,2.35497,0.179587,0,2.35497,0.44832,0
10.5707,21.4035,7.75981,-0.0779134,1.77341,-0.137992,-0.244716,FRENET,0.179587,2.35497,0.179587,0,2.35497,0.44832,0
10.5747,21.4035,7.75981,-0.0779134,1.77341,-0.137992,-0.244716,FRENET,0.189943,2.35497,0.189943,0.0194678,2.35497,0.193766,0
10.5793,21.4208,7.75842,-0.0793172,1.6863,-0.118754,-0.200255,FRENET,0.189943,2.35497,0.189943,0.0194678,2.35497,0.193766,0
10.5827,21.4208,7.75842,-0.0793172,1.6863,-0.118754,-0.200255,FRENET,0.189943,2.35497,0.189943,0.0194678,2.35497,0.193766,0
10.5867,21.4208,7.75842,-0.0793172,1.6863,-0.118754,-0.200255,FRENET,0.189943,2.35497,0.189943,0.0194678,2.35497,0.193766,0
10.5907,21.4372,7.75709,-0.080369,1.61575,-0.115234,-0.18619,FRENET,0.189943,2.35497,0.189943,0.0194678,2.35497,0.193766,0
10.5947,21.4372,7.75709,-0.080369,1.61575,-0.115234,-0.18619,FRENET,0.189943,2.35497,0.189943,0.0194678,2.35497,0.193766,0
10.5993,21.453,7.75574,-0.0818743,1.55862,-0.196752,-0.306663,FRENET,0.189943,2.35497,0.189943,0.0194678,2.35497,0.193766,0
10.6027,21.453,7.75574,-0.0818743,1.55862,-0.196752,-0.306663,FRENET,0.189943,2.35497,0.189943,0.0194678,2.35497,0.193766,0
10.6067,21.453,7.75574,-0.0818743,1.55862,-0.196752,-0.306663,FRENET,0.189943,2.35497,0.189943,0.0194678,2.35497,0.193766,0
10.6107,21.4683,7.75432,-0.0840607,1.51236,-0.214537,-0.324458,FRENET,0.189943,2.35497,0.189943,0.0194678,2.35497,0.193766,0
10.6148,21.4683,7.75432,-0.0840607,1.51236,-0.214537,-0.324458,FRENET,0.189943,2.35497,0.189943,0.0194678,2.35497,0.193766,0
10.6194,21.4832,7.75288,-0.0861781,1.4749,-0.227775,-0.335945,FRENET,0.189943,2.35497,0.189943,0.0194678,2.35497,0.193766,0
10.6227,21.4832,7.75288,-0.0861781,1.4749,-0.227775,-0.335945,FRENET,0.189943,2.35497,0.189943,0.0194678,2.35497,0.193766,0
10.6267,21.4832,7.75288,-0.0861781,1.4749,-0.227775,-0.335945,FRENET,0.158394,2.35497,0.158394,0,2.35497,0.379125,0
10.6307,21.4977,7.7514,-0.0885045,1.44456,-0.217045,-0.313535,FRENET,0.158394,2.35497,0.158394,0,2.35497,0.379125,0
10.6347,21.4977,7.7514,-0.0885045,1.44456,-0.217045,-0.313535,FRENET,0.158394,2.35497,0.158394,0,2.35497,0.379125,0
10.6393,21.512,7.74991,-0.0905891,1.41999,-0.219656,-0.31191,FRENET,0.158394,2.35497,0.158394,0,2.35497,0.379125,0
10.6427,21.512,7.74991,-0.0905891,1.41999,-0.219656,-0.31191,FRENET,0.158394,2.35497,0.158394,0,2.35497,0.379125,0
10.6467,21.512,7.74991,-0.0905891,1.41999,-0.219656,-0.31191,FRENET,0.158394,2.35497,0.158394,0,2.35497,0.379125,0
10.6507,21.526,7.74838,-0.0928156,1.4001,-0.206654,-0.289336,FRENET,0.158394,2.35497,0.158394,0,2.35497,0.379125,0
10.6548,21.526,7.74838,-0.0928156,1.4001,-0.206654,-0.289336,FRENET,0.158394,2.35497,0.158394,0,2.35497,0.379125,0
10.6593,21.5398,7.74684,-0.0948012,1.38399,-0.209798,-0.290358,FRENET,0.158394,2.35497,0.158394,0,2.35497,0.379125,0
10.6627,21.5398,7.74684,-0.0948012,1.38399,-0.209798,-0.290358,FRENET,0.158394,2.35497,0.158394,0,2.35497,0.379125,0
10.6667,21.5398,7.74684,-0.0948012,1.38399,-0.209798,-0.290358,FRENET,0.158394,2.35497,0.158394,0,2.35497,0.379125,0
10.6707,21.5535,7.74527,-0.0969353,1.37094,-0.19849,-0.272118,FRENET,0.158394,2.35497,0.158394,0,2.35497,0.379125,0
10.6747,21.5535,7.74527,-0.0969353,1.37094,-0.19849,-0.272118,FRENET,0.042823,2.85443,0.042823,0,2.85443,0.366404,0
10.6793,21.5667,7.74373,-0.0988761,1.29475,-0.211709,-0.274111,FRENET,0.042823,2.85443,0.042823,0,2.85443,0.366404,0
10.6827,21.5667,7.74373,-0.0988761,1.29475,-0.211709,-0.274111,FRENET,0.042823,2.85443,0.042823,0,2.85443,0.366404,0
10.6867,21.5667,7.74373,-0.0988761,1.29475,-0.211709,-0.274111,FRENET,0.042823,2.85443,0.042823,0,2.85443,0.366404,0
10.6907,21.5793,7.74223,-0.101019,1.23306,-0.193252,-0.238291,FRENET,0.042823,2.85443,0.042823,0,2.85443,0.366404,0
10.6947,21.5793,7.74223,-0.101019,1.23306,-0.193252,-0.238291,FRENET,0.042823,2.85443,0.042823,0,2.85443,0.366404,0
10.6993,21.5913,7.74078,-0.102843,1.1831,-0.19421,-0.229769,FRENET,0.042823,2.85443,0.042823,0,2.85443,0.366404,0
10.7028,21.5913,7.74078,-0.102843,1.1831,-0.19421,-0.229769,FRENET,0.042823,2.85443,0.042823,0,2.85443,0.366404,0
10.7067,21.5913,7.74078,-0.102843,1.1831,-0.19421,-0.229769,FRENET,0.042823,2.85443,0.042823,0,2.85443,0.366404,0
10.7107,21.6028,7.73934,-0.104789,1.14264,-0.173657,-0.198427,FRENET,0.042823,2.85443,0.042823,0,2.85443,0.366404,0
10.7147,21.6028,7.73934,-0.104789,1.14264,-0.173657,-0.198427,FRENET,0.042823,2.85443,0.042823,0,2.85443,0.366404,0
10.7193,21.614,7.73796,-0.106141,1.10987,-0.0898138,-0.0996819,FRENET,0.042823,2.85443,0.042823,0,2.85443,0.366404,0
10.7227,21.614,7.73796,-0.106141,1.10987,-0.0898138,-0.0996819,FRENET,0.042823,2.85443,0.042823,0,2.85443,0.366404,0
10.7267,21.614,7.73796,-0.106141,1.10987,-0.0898138,-0.0996819,FRENET,0.0662728,2.85443,0.0662728,0.0114719,2.85443,0.325097,0
10.7307,21.6249,7.73667,-0.106825,1.08334,-0.0732706,-0.0793771,FRENET,0.0662728,2.85443,0.0662728,0.0114719,2.85443,0.325097,0
10.7347,21.6249,7.73667,-0.106825,1.08334,-0.0732706,-0.0793771,FRENET,0.0662728,2.85443,0.0662728,0.0114719,2.85443,0.325097,0
10.7393,21.6355,7.73541,-0.107544,1.06186,-0.0520303,-0.0552487,FRENET,0.0662728,2.85443,0.0662728,0.0114719,2.85443,0.325097,0
10.7427,21.6355,7.73541,-0.107544,1.06186,-0.0520303,-0.0552487,FRENET,0.0662728,2.85443,0.0662728,0.0114719,2.85443,0.325097,0
10.7468,21.6355,7.73541,-0.107544,1.06186,-0.0520303,-0.0552487,FRENET,0.0662728,2.85443,0.0662728,0.0114719,2.85443,0.325097,0
10.7507,21.646,7.73419,-0.107992,1.04446,-0.0586437,-0.0612508,FRENET,0.0662728,2.85443,0.0662728,0.0114719,2.85443,0.325097,0
10.7548,21.646,7.73419,-0.107992,1.04446,-0.0586437,-0.0612508,FRENET,0.0662728,2.85443,0.0662728,0.0114719,2.85443,0.325097,0
10.7594,21.6563,7.73297,-0.108614,1.03037,-0.0458334,-0.0472252,FRENET,0.0662728,2.85443,0.0662728,0.0114719,2.85443,0.325097,0
10.7627,21.6563,7.73297,-0.108614,1.03037,-0.0458334,-0.0472252,FRENET,0.0662728,2.85443,0.0662728,0.0114719,2.85443,0.325097,0
10.7667,21.6563,7.73297,-0.108614,1.03037,-0.0458334,-0.0472252,FRENET,0.0662728,2.85443,0.0662728,0.0114719,2.85443,0.325097,0
10.7707,21.6665,7.73178,-0.109021,1.01896,-0.0555424,-0.0565953,FRENET,0.0662728,2.85443,0.0662728,0.0114719,2.85443,0.325097,0
10.7747,21.6665,7.73178,-0.109021,1.01896,-0.0555424,-0.0565953,FRENET,0.0670797,2.85443,0.0670797,0.0630468,2.85443,0.300471,0
10.7793,21.6765,7.73059,-0.109616,1.00972,-0.0439501,-0.0443772,FRENET,0.0670797,2.85443,0.0670797,0.0630468,2.85443,0.300471,0
10.7827,21.6765,7.73059,-0.109616,1.00972,-0.0439501,-0.0443772,FRENET,0.0670797,2.85443,0.0670797,0.0630468,2.85443,0.300471,0
10.7867,21.6765,7.73059,-0.109616,1.00972,-0.0439501,-0.0443772,FRENET,0.0670797,2.85443,0.0670797,0.0630468,2.85443,0.300471,0
10.7907,21.6865,7.72942,-0.110009,1.00224,-0.0542296,-0.0543508,FRENET,0.0670797,2.85443,0.0670797,0.0630468,2.85443,0.300471,0
10.7947,21.6865,7.72942,-0.110009,1.00224,-0.0542296,-0.0543508,FRENET,0.0670797,2.85443,0.0670797,0.0630468,2.85443,0.300471,0
10.7993,21.6965,7.72824,-0.110593,0.996176,-0.0429521,-0.0427878,FRENET,0.0670797,2.85443,0.0670797,0.0630468,2.85443,0.300471,0
10.8027,21.6965,7.72824,-0.110593,0.996176,-0.0429521,-0.0427878,FRENET,0.0670797,2.85443,0.0670797,0.0630468,2.85443,0.300471,0
10.8067,21.6965,7.72824,-0.110593,0.996176,-0.0429521,-0.0427878,FRENET,0.0670797,2.85443,0.0670797,0.0630468,2.85443,0.300471,0
10.8107,21.7063,7.72708,-0.110977,0.991269,-0.0534558,-0.052989,FRENET,0.0670797,2.85443,0.0670797,0.0630468,2.85443,0.300471,0
10.8148,21.7063,7.72708,-0.110977,0.991269,-0.0534558,-0.052989,FRENET,0.0670797,2.85443,0.0670797,0.0630468,2.85443,0.300471,0
10.8193,21.7162,7.7259,-0.111553,0.987296,-0.0423338,-0.041796,FRENET,0.0670797,2.85443,0.0670797,0.0630468,2.85443,0.300471,0
10.8227,21.7162,7.7259,-0.111553,0.987296,-0.0423338,-0.041796,FRENET,0.0670797,2.85443,0.0670797,0.0630468,2.85443,0.300471,0
10.8267,21.7162,7.7259,-0.111553,0.987296,-0.0423338,-0.041796,FRENET,0.0434718,2.31578,0.0434718,0.0631219,2.31578,0.308129,0
10.8307,21.7258,7.72475,-0.111927,0.959909,-0.0541204,-0.0519506,FRENET,0.0434718,2.31578,0.0434718,0.0631219,2.31578,0.308129,0
10.8348,21.7258,7.72475,-0.111927,0.959909,-0.0541204,-0.0519506,FRENET,0.0434718,2.31578,0.0434718,0.0631219,2.31578,0.308129,0
10.8393,21.7352,7.72358,-0.112766,0.937732,-0.120371,-0.112876,FRENET,0.0434718,2.31578,0.0434718,0.0631219,2.31578,0.308129,0
10.8428,21.7352,7.72358,-0.112766,0.937732,-0.120371,-0.112876,FRENET,0.0434718,2.31578,0.0434718,0.0631219,2.31578,0.308129,0
10.8468,21.7352,7.72358,-0.112766,0.937732,-0.120371,-0.112876,FRENET,0.0434718,2.31578,0.0434718,0.0631219,2.31578,0.308129,0
10.8507,21.7444,7.72237,-0.114107,0.919773,-0.121957,-0.112173,FRENET,0.0434718,2.31578,0.0434718,0.0631219,2.31578,0.308129,0
10.8547,21.7444,7.72237,-0.114107,0.919773,-0.121957,-0.112173,FRENET,0.0434718,2.31578,0.0434718,0.0631219,2.31578,0.308129,0
10.8593,21.7535,7.72119,-0.115056,0.905229,-0.0600288,-0.0543398,FRENET,0.0434718,2.31578,0.0434718,0.0631219,2.31578,0.308129,0
10.8627,21.7535,7.72119,-0.115056,0.905229,-0.0600288,-0.0543398,FRENET,0.0434718,2.31578,0.0434718,0.0631219,2.31578,0.308129,0
10.8667,21.7535,7.72119,-0.115056,0.905229,-0.0600288,-0.0543398,FRENET,0.0434718,2.31578,0.0434718,0.0631219,2.31578,0.308129,0
10.8707,21.7624,7.72006,-0.115516,0.893452,-0.0572438,-0.0511446,FRENET,0.0434718,2.31578,0.0434718,0.0631219,2.31578,0.308129,0
10.8747,21.7624,7.72006,-0.115516,0.893452,-0.0572438,-0.0511446,FRENET,0.0598848,2.31578,0.0598848,0.0923954,2.31578,0.292643,0
10.8793,21.7712,7.71894,-0.116095,0.883915,-0.0389753,-0.0344509,FRENET,0.0598848,2.31578,0.0598848,0.0923954,2.31578,0.292643,0
10.8827,21.7712,7.71894,-0.116095,0.883915,-0.0389753,-0.0344509,FRENET,0.0598848,2.31578,0.0598848,0.0923954,2.31578,0.292643,0
10.8867,21.7712,7.71894,-0.116095,0.883915,-0.0389753,-0.0344509,FRENET,0.0598848,2.31578,0.0598848,0.0923954,2.31578,0.292643,0
10.8907,21.78,7.71785,-0.116434,0.876191,-0.0500288,-0.0438348,FRENET,0.0598848,2.31578,0.0598848,0.0923954,2.31578,0.292643,0
10.8947,21.78,7.71785,-0.116434,0.876191,-0.0500288,-0.0438348,FRENET,0.0598848,2.31578,0.0598848,0.0923954,2.31578,0.292643,0
10.8993,21.7886,7.71675,-0.116967,0.869937,-0.036069,-0.0313778,FRENET,0.0598848,2.31578,0.0598848,0.0923954,2.31578,0.292643,0
10.9027,21.7886,7.71675,-0.116967,0.869937,-0.036069,-0.0313778,FRENET,0.0598848,2.31578,0.0598848,0.0923954,2.31578,0.292643,0
10.9067,21.7886,7.71675,-0.116967,0.869937,-0.036069,-0.0313778,FRENET,0.0598848,2.31578,0.0598848,0.0923954,2.31578,0.292643,0
10.9107,21.7972,7.71568,-0.117288,0.864872,-0.0486549,-0.0420803,FRENET,0.0598848,2.31578,0.0598848,0.0923954,2.31578,0.292643,0
10.9147,21.7972,7.71568,-0.117288,0.864872,-0.0486549,-0.0420803,FRENET,0.0598848,2.31578,0.0598848,0.0923954,2.31578,0.292643,0
10.9193,21.8058,7.71459,-0.117809,0.860771,-0.0352069,-0.0303051,FRENET,0.0598848,2.31578,0.0598848,0.0923954,2.31578,0.292643,0
10.9227,21.8058,7.71459,-0.117809,0.860771,-0.0352069,-0.0303051,FRENET,0.0598848,2.31578,0.0598848,0.0923954,2.31578,0.292643,0
10.9268,21.8058,7.71459,-0.117809,0.860771,-0.0352069,-0.0303051,FRENET,0.0458403,2.31578,0.0458403,0.0909975,2.31578,0.290123,0
10.9307,21.8143,7.71352,-0.118123,0.85745,-0.0480959,-0.0412398,FRENET,0.0458403,2.31578,0.0458403,0.0909975,2.31578,0.290123,0
10.9347,21.8143,7.71352,-0.118123,0.85745,-0.0480959,-0.0412398,FRENET,0.0458403,2.31578,0.0458403,0.0909975,2.31578,0.290123,0
10.9393,21.8228,7.71244,-0.11864,0.85476,-0.0347625,-0.0297136,FRENET,0.0458403,2.31578,0.0458403,0.0909975,2.31578,0.290123,0
10.9428,21.8228,7.71244,-0.11864,0.85476,-0.0347625,-0.0297136,FRENET,0.0458403,2.31578,0.0458403,0.0909975,2.31578,0.290123,0
10.9467,21.8228,7.71244,-0.11864,0.85476,-0.0347625,-0.0297136,FRENET,0.0458403,2.31578,0.0458403,0.0909975,2.31578,0.290123,0
10.9507,21.8313,7.71137,-0.11895,0.852582,-0.0477794,-0.0407358,FRENET,0.0458403,2.31578,0.0458403,0.0909975,2.31578,0.290123,0
10.9548,21.8313,7.71137,-0.11895,0.852582,-0.0477794,-0.0407358,FRENET,0.0458403,2.31578,0.0458403,0.0909975,2.31578,0.290123,0
10.9594,21.8397,7.71028,-0.119463,0.850818,-0.0344939,-0.029348,FRENET,0.0458403,2.31578,0.0458403,0.0909975,2.31578,0.290123,0
10.9628,21.8397,7.71028,-0.119463,0.850818,-0.0344939,-0.029348,FRENET,0.0458403,2.31578,0.0458403,0.0909975,2.31578,0.290123,0
10.9668,21.8397,7.71028,-0.119463,0.850818,-0.0344939,-0.029348,FRENET,0.0458403,2.31578,0.0458403,0.0909975,2.31578,0.290123,0
10.9707,21.8482,7.70921,-0.119772,0.84939,-0.0475841,-0.0404174,FRENET,0.0458403,2.31578,0.0458403,0.0909975,2.31578,0.290123,0
10.9748,21.8482,7.70921,-0.119772,0.84939,-0.0475841,-0.0404174,FRENET,0.0446109,2.31578,0.0446109,0.0421362,2.31578,0.296321,0
10.9793,21.8566,7.70812,-0.120283,0.848233,-0.0343242,-0.029115,FRENET,0.0446109,2.31578,0.0446109,0.0421362,2.31578,0.296321,0
10.9828,21.8566,7.70812,-0.120283,0.848233,-0.0343242,-0.029115,FRENET,0.0446109,2.31578,0.0446109,0.0421362,2.31578,0.296321,0
10.9868,21.8566,7.70812,-0.120283,0.848233,-0.0343242,-0.029115,FRENET,0.0446109,2.31578,0.0446109,0.0421362,2.31578,0.296321,0
10.9907,21.865,7.70705,-0.120591,0.847297,-0.0474598,-0.0402125,FRENET,0.0446109,2.31578,0.0446109,0.0421362,2.31578,0.296321,0
10.9948,21.865,7.70705,-0.120591,0.847297,-0.0474598,-0.0402125,FRENET,0.0446109,2.31578,0.0446109,0.0421362,2.31578,0.296321,0
10.9993,21.8734,7.70594,-0.121215,0.846538,-0.0704479,-0.0596369,FRENET,0.0446109,2.31578,0.0446109,0.0421362,2.31578,0.296321,0
11.0028,21.8734,7.70594,-0.121215,0.846538,-0.0704479,-0.0596369,FRENET,0.0446109,2.31578,0.0446109,0.0421362,2.31578,0.296321,0
11.0068,21.8734,7.70594,-0.121215,0.846538,-0.0704479,-0.0596369,FRENET,0.0446109,2.31578,0.0446109,0.0421362,2.31578,0.296321,0
11.0107,21.8818,7.7048,-0.122081,0.845924,-0.113855,-0.0963127,FRENET,0.0446109,2.31578,0.0446109,0.0421362,2.31578,0.296321,0
11.0148,21.8818,7.7048,-0.122081,0.845924,-0.113855,-0.0963127,FRENET,0.0446109,2.31578,0.0446109,0.0421362,2.31578,0.296321,0
11.0193,21.8901,7.70361,-0.123317,0.845427,-0.110241,-0.0932003,FRENET,0.0446109,2.31578,0.0446109,0.0421362,2.31578,0.296321,0
11.0228,21.8901,7.70361,-0.123317,0.845427,-0.110241,-0.0932003,FRENET,0.0446109,2.31578,0.0446109,0.0421362,2.31578,0.296321,0
11.0268,21.8901,7.70361,-0.123317,0.845427,-0.110241,-0.0932003,FRENET,0.176024,2.48226,0.176024,0,2.48226,0.291387,0
11.0307,21.8987,7.70237,-0.124402,0.879639,-0.124567,-0.109574,FRENET,0.176024,2.48226,0.176024,0,2.48226,0.291387,0
11.0348,21.8987,7.70237,-0.124402,0.879639,-0.124567,-0.109574,FRENET,0.176024,2.48226,0.176024,0,2.48226,0.291387,0
11.0393,21.9075,7.70106,-0.125707,0.912225,-0.119794,-0.109279,FRENET,0.176024,2.48226,0.176024,0,2.48226,0.291387,0
11.0428,21.9075,7.70106,-0.125707,0.912225,-0.119794,-0.109279,FRENET,0.176024,2.48226,0.176024,0,2.48226,0.291387,0
11.0468,21.9075,7.70106,-0.125707,0.912225,-0.119794,-0.109279,FRENET,0.176024,2.48226,0.176024,0,2.48226,0.291387,0
11.0507,21.9167,7.69972,-0.126685,0.943261,-0.0694433,-0.0655032,FRENET,0.176024,2.48226,0.176024,0,2.48226,0.291387,0
11.0548,21.9167,7.69972,-0.126685,0.943261,-0.0694433,-0.0655032,FRENET,0.176024,2.48226,0.176024,0,2.48226,0.291387,0
11.0593,21.9262,7.6984,-0.127038,0.972822,0.0017656,0.00171762,FRENET,0.176024,2.48226,0.176024,0,2.48226,0.291387,0
11.0628,21.9262,7.6984,-0.127038,0.972822,0.0017656,0.00171762,FRENET,0.176024,2.48226,0.176024,0,2.48226,0.291387,0
11.0668,21.9262,7.6984,-0.127038,0.972822,0.0017656,0.00171762,FRENET,0.176024,2.48226,0.176024,0,2.48226,0.291387,0
11.0707,21.936,7.69715,-0.126613,1.00098,0.0849637,0.0850467,FRENET,0.176024,2.48226,0.176024,0,2.48226,0.291387,0
11.0748,21.936,7.69715,-0.126613,1.00098,0.0849637,0.0850467,FRENET,0.169658,2.48226,0.169658,0.00267475,2.48226,0.177481,0
11.0793,21.9461,7.69598,-0.125348,1.03968,0.170766,0.177542,FRENET,0.169658,2.48226,0.169658,0.00267475,2.48226,0.177481,0
11.0828,21.9461,7.69598,-0.125348,1.03968,0.170766,0.177542,FRENET,0.169658,2.48226,0.169658,0.00267475,2.48226,0.177481,0
11.0868,21.9461,7.69598,-0.125348,1.03968,0.170766,0.177542,FRENET,0.169658,2.48226,0.169658,0.00267475,2.48226,0.177481,0
11.0907,21.9567,7.69489,-0.123377,1.07654,0.20291,0.218442,FRENET,0.169658,2.48226,0.169658,0.00267475,2.48226,0.177481,0
11.0948,21.9567,7.69489,-0.123377,1.07654,0.20291,0.218442,FRENET,0.169658,2.48226,0.169658,0.00267475,2.48226,0.177481,0
11.0993,21.9675,7.69382,-0.121476,1.11165,0.168635,0.187464,FRENET,0.169658,2.48226,0.169658,0.00267475,2.48226,0.177481,0
11.1028,21.9675,7.69382,-0.121476,1.11165,0.168635,0.187464,FRENET,0.169658,2.48226,0.169658,0.00267475,2.48226,0.177481,0
11.1067,21.9675,7.69382,-0.121476,1.11165,0.168635,0.187464,FRENET,0.169658,2.48226,0.169658,0.00267475,2.48226,0.177481,0
11.1107,21.9788,7.69271,-0.119878,1.14509,0.168935,0.193446,FRENET,0.169658,2.48226,0.169658,0.00267475,2.48226,0.177481,0
11.1148,21.9788,7.69271,-0.119878,1.14509,0.168935,0.193446,FRENET,0.169658,2.48226,0.169658,0.00267475,2.48226,0.177481,0
11.1193,21.9903,7.69159,-0.11815,1.17695,0.161756,0.190379,FRENET,0.169658,2.48226,0.169658,0.00267475,2.48226,0.177481,0
11.1228,21.9903,7.69159,-0.11815,1.17695,0.161756,0.190379,FRENET,0.169658,2.48226,0.169658,0.00267475,2.48226,0.177481,0
11.1268,21.9903,7.69159,-0.11815,1.17695,0.161756,0.190379,FRENET,0.162354,2.48226,0.162354,0,2.48226,0.336789,0
11.1307,22.0022,7.69045,-0.116566,1.20728,0.171009,0.206456,FRENET,0.162354,2.48226,0.162354,0,2.48226,0.336789,0
11.1348,22.0022,7.69045,-0.116566,1.20728,0.171009,0.206456,FRENET,0.162354,2.48226,0.162354,0,2.48226,0.336789,0
11.1393,22.0144,7.68931,-0.114795,1.23618,0.167413,0.206952,FRENET,0.162354,2.48226,0.162354,0,2.48226,0.336789,0
11.1428,22.0144,7.68931,-0.114795,1.23618,0.167413,0.206952,FRENET,0.162354,2.48226,0.162354,0,2.48226,0.336789,0
11.1467,22.0144,7.68931,-0.114795,1.23618,0.167413,0.206952,FRENET,0.162354,2.48226,0.162354,0,2.48226,0.336789,0
11.1507,22.0268,7.68814,-0.113149,1.2637,0.177519,0.22433,FRENET,0.162354,2.48226,0.162354,0,2.48226,0.336789,0
11.1548,22.0268,7.68814,-0.113149,1.2637,0.177519,0.22433,FRENET,0.162354,2.48226,0.162354,0,2.48226,0.336789,0
11.1593,22.0395,7.68699,-0.11131,1.28991,0.174452,0.225027,FRENET,0.162354,2.48226,0.162354,0,2.48226,0.336789,0
11.1627,22.0395,7.68699,-0.11131,1.28991,0.174452,0.225027,FRENET,0.162354,2.48226,0.162354,0,2.48226,0.336789,0
11.1668,22.0395,7.68699,-0.11131,1.28991,0.174452,0.225027,FRENET,0.162354,2.48226,0.162354,0,2.48226,0.336789,0
11.1707,22.0525,7.68581,-0.109596,1.31487,0.184316,0.242352,FRENET,0.162354,2.48226,0.162354,0,2.48226,0.336789,0
11.1748,22.0525,7.68581,-0.109596,1.31487,0.184316,0.242352,FRENET,0.0391062,2.12508,0.0391062,0,2.12508,0.376704,0
11.1793,22.0652,7.6847,-0.10762,1.22864,0.181784,0.223347,FRENET,0.0391062,2.12508,0.0391062,0,2.12508,0.376704,0
11.1828,22.0652,7.6847,-0.10762,1.22864,0.181784,0.223347,FRENET,0.0391062,2.12508,0.0391062,0,2.12508,0.376704,0
11.1867,22.0652,7.6847,-0.10762,1.22864,0.181784,0.223347,FRENET,0.0391062,2.12508,0.0391062,0,2.12508,0.376704,0
11.1907,22.0771,7.68366,-0.105876,1.15881,0.190177,0.22038,FRENET,0.0391062,2.12508,0.0391062,0,2.12508,0.376704,0
11.1948,22.0771,7.68366,-0.105876,1.15881,0.190177,0.22038,FRENET,0.0391062,2.12508,0.0391062,0,2.12508,0.376704,0
11.1993,22.0883,7.68272,-0.103963,1.10227,0.169026,0.186312,FRENET,0.0391062,2.12508,0.0391062,0,2.12508,0.376704,0
11.2028,22.0883,7.68272,-0.103963,1.10227,0.169026,0.186312,FRENET,0.0391062,2.12508,0.0391062,0,2.12508,0.376704,0
11.2068,22.0883,7.68272,-0.103963,1.10227,0.169026,0.186312,FRENET,0.0391062,2.12508,0.0391062,0,2.12508,0.376704,0
11.2107,22.0991,7.68179,-0.10267,1.05648,0.0824942,0.0871532,FRENET,0.0391062,2.12508,0.0391062,0,2.12508,0.376704,0
11.2148,22.0991,7.68179,-0.10267,1.05648,0.0824942,0.0871532,FRENET,0.0391062,2.12508,0.0391062,0,2.12508,0.376704,0
11.2193,22.1094,7.68082,-0.102338,1.01939,-0.0176711,-0.0180138,FRENET,0.0391062,2.12508,0.0391062,0,2.12508,0.376704,0
11.2228,22.1094,7.68082,-0.102338,1.01939,-0.0176711,-0.0180138,FRENET,0.0391062,2.12508,0.0391062,0,2.12508,0.376704,0
11.2268,22.1094,7.68082,-0.102338,1.01939,-0.0176711,-0.0180138,FRENET,0.0503486,2.12508,0.0503486,0,2.12508,0.338138,0
11.2307,22.1194,7.6798,-0.102731,0.989365,-0.0320464,-0.0317055,FRENET,0.0503486,2.12508,0.0503486,0,2.12508,0.338138,0
11.2348,22.1194,7.6798,-0.102731,0.989365,-0.0320464,-0.0317055,FRENET,0.0503486,2.12508,0.0503486,0,2.12508,0.338138,0
11.2393,22.1291,7.67879,-0.103051,0.965047,-0.0513514,-0.0495565,FRENET,0.0503486,2.12508,0.0503486,0,2.12508,0.338138,0
11.2428,22.1291,7.67879,-0.103051,0.965047,-0.0513514,-0.0495565,FRENET,0.0503486,2.12508,0.0503486,0,2.12508,0.338138,0
11.2468,22.1291,7.67879,-0.103051,0.965047,-0.0513514,-0.0495565,FRENET,0.0503486,2.12508,0.0503486,0,2.12508,0.338138,0
11.2507,22.1386,7.67773,-0.103875,0.945355,-0.119482,-0.112953,FRENET,0.0503486,2.12508,0.0503486,0,2.12508,0.338138,0
11.2548,22.1386,7.67773,-0.103875,0.945355,-0.119482,-0.112953,FRENET,0.0503486,2.12508,0.0503486,0,2.12508,0.338138,0
11.2593,22.1479,7.67661,-0.105213,0.929408,-0.122442,-0.113799,FRENET,0.0503486,2.12508,0.0503486,0,2.12508,0.338138,0
11.2628,22.1479,7.67661,-0.105213,0.929408,-0.122442,-0.113799,FRENET,0.0503486,2.12508,0.0503486,0,2.12508,0.338138,0
11.2668,22.1479,7.67661,-0.105213,0.929408,-0.122442,-0.113799,FRENET,0.0503486,2.12508,0.0503486,0,2.12508,0.338138,0
11.2707,22.1571,7.67547,-0.106419,0.916494,-0.138241,-0.126697,FRENET,0.0503486,2.12508,0.0503486,0,2.12508,0.338138,0
11.2747,22.1571,7.67547,-0.106419,0.916494,-0.138241,-0.126697,FRENET,0.0440532,2.12508,0.0440532,0,2.12508,0.347187,0
11.2793,22.1661,7.67431,-0.107842,0.906037,-0.1254,-0.113617,FRENET,0.0440532,2.12508,0.0440532,0,2.12508,0.347187,0
11.2828,22.1661,7.67431,-0.107842,0.906037,-0.1254,-0.113617,FRENET,0.0440532,2.12508,0.0440532,0,2.12508,0.347187,0
11.2868,22.1661,7.67431,-0.107842,0.906037,-0.1254,-0.113617,FRENET,0.0440532,2.12508,0.0440532,0,2.12508,0.347187,0
11.2907,22.1751,7.67315,-0.109051,0.897568,-0.137027,-0.122991,FRENET,0.0440532,2.12508,0.0440532,0,2.12508,0.347187,0
11.2948,22.1751,7.67315,-0.109051,0.897568,-0.137027,-0.122991,FRENET,0.0440532,2.12508,0.0440532,0,2.12508,0.347187,0
11.2993,22.1839,7.67197,-0.110455,0.89071,-0.123283,-0.109809,FRENET,0.0440532,2.12508,0.0440532,0,2.12508,0.347187,0
11.3028,22.1839,7.67197,-0.110455,0.89071,-0.123283,-0.109809,FRENET,0.0440532,2.12508,0.0440532,0,2.12508,0.347187,0
11.3068,22.1839,7.67197,-0.110455,0.89071,-0.123283,-0.109809,FRENET,0.0440532,2.12508,0.0440532,0,2.12508,0.347187,0
11.3107,22.1927,7.6708,-0.111644,0.885157,-0.135045,-0.119536,FRENET,0.0440532,2.12508,0.0440532,0,2.12508,0.347187,0
11.3148,22.1927,7.6708,-0.111644,0.885157,-0.135045,-0.119536,FRENET,0.0440532,2.12508,0.0440532,0,2.12508,0.347187,0
11.3193,22.2015,7.66961,-0.113028,0.88066,-0.12154,-0.107036,FRENET,0.0440532,2.12508,0.0440532,0,2.12508,0.347187,0
11.3228,22.2015,7.66961,-0.113028,0.88066,-0.12154,-0.107036,FRENET,0.0440532,2.12508,0.0440532,0,2.12508,0.347187,0
11.3268,22.2015,7.66961,-0.113028,0.88066,-0.12154,-0.107036,FRENET,0.0382782,2.12508,0.0382782,0,2.12508,0.324829,0
11.3307,22.2102,7.66843,-0.114084,0.877018,-0.0967253,-0.0848298,FRENET,0.0382782,2.12508,0.0382782,0,2.12508,0.324829,0
11.3348,22.2102,7.66843,-0.114084,0.877018,-0.0967253,-0.0848298,FRENET,0.0382782,2.12508,0.0382782,0,2.12508,0.324829,0
11.3393,22.2189,7.66729,-0.114883,0.874069,-0.0518358,-0.045308,FRENET,0.0382782,2.12508,0.0382782,0,2.12508,0.324829,0
11.3428,22.2189,7.66729,-0.114883,0.874069,-0.0518358,-0.045308,FRENET,0.0382782,2.12508,0.0382782,0,2.12508,0.324829,0
11.3467,22.2189,7.66729,-0.114883,0.874069,-0.0518358,-0.045308,FRENET,0.0382782,2.12508,0.0382782,0,2.12508,0.324829,0
11.3507,22.2275,7.66619,-0.115298,0.87168,-0.0541812,-0.0472287,FRENET,0.0382782,2.12508,0.0382782,0,2.12508,0.324829,0
11.3548,22.2275,7.66619,-0.115298,0.87168,-0.0541812,-0.0472287,FRENET,0.0382782,2.12508,0.0382782,0,2.12508,0.324829,0
11.3593,22.2362,7.66509,-0.115854,0.869746,-0.0378165,-0.0328907,FRENET,0.0382782,2.12508,0.0382782,0,2.12508,0.324829,0
11.3628,22.2362,7.66509,-0.115854,0.869746,-0.0378165,-0.0328907,FRENET,0.0382782,2.12508,0.0382782,0,2.12508,0.324829,0
11.3667,22.2362,7.66509,-0.115854,0.869746,-0.0378165,-0.0328907,FRENET,0.0382782,2.12508,0.0382782,0,2.12508,0.324829,0
11.3707,22.2448,7.66401,-0.116187,0.86818,-0.0492383,-0.0427477,FRENET,0.0382782,2.12508,0.0382782,0,2.12508,0.324829,0
11.3748,22.2448,7.66401,-0.116187,0.86818,-0.0492383,-0.0427477,FRENET,0.0302909,2.77894,0.0302909,0,2.77894,0.350249,0
11.3793,22.2534,7.66293,-0.116713,0.863731,-0.0356073,-0.0307551,FRENET,0.0302909,2.77894,0.0302909,0,2.77894,0.350249,0
11.3828,22.2534,7.66293,-0.116713,0.863731,-0.0356073,-0.0307551,FRENET,0.0302909,2.77894,0.0302909,0,2.77894,0.350249,0
11.3867,22.2534,7.66293,-0.116713,0.863731,-0.0356073,-0.0307551,FRENET,0.0302909,2.77894,0.0302909,0,2.77894,0.350249,0
11.3907,22.2619,7.66186,-0.117031,0.860129,-0.0483404,-0.041579,FRENET,0.0302909,2.77894,0.0302909,0,2.77894,0.350249,0
11.3948,22.2619,7.66186,-0.117031,0.860129,-0.0483404,-0.041579,FRENET,0.0302909,2.77894,0.0302909,0,2.77894,0.350249,0
11.3993,22.2704,7.66076,-0.117782,0.857211,-0.108238,-0.0927832,FRENET,0.0302909,2.77894,0.0302909,0,2.77894,0.350249,0
11.4028,22.2704,7.66076,-0.117782,0.857211,-0.108238,-0.0927832,FRENET,0.0302909,2.77894,0.0302909,0,2.77894,0.350249,0
11.4068,22.2704,7.66076,-0.117782,0.857211,-0.108238,-0.0927832,FRENET,0.0302909,2.77894,0.0302909,0,2.77894,0.350249,0
11.4107,22.2789,7.65959,-0.118994,0.854849,-0.109533,-0.0936343,FRENET,0.0302909,2.77894,0.0302909,0,2.77894,0.350249,0
11.4148,22.2789,7.65959,-0.118994,0.854849,-0.109533,-0.0936343,FRENET,0.0302909,2.77894,0.0302909,0,2.77894,0.350249,0
11.4193,22.2874,7.65842,-0.120083,0.852936,-0.127193,-0.108488,FRENET,0.0302909,2.77894,0.0302909,0,2.77894,0.350249,0
11.4227,22.2874,7.65842,-0.120083,0.852936,-0.127193,-0.108488,FRENET,0.0302909,2.77894,0.0302909,0,2.77894,0.350249,0
11.4268,22.2874,7.65842,-0.120083,0.852936,-0.127193,-0.108488,FRENET,0.0329326,2.77894,0.0329326,0,2.77894,0.344243,0
11.4308,22.2958,7.6572,-0.1214,0.851387,-0.115482,-0.0983201,FRENET,0.0329326,2.77894,0.0329326,0,2.77894,0.344243,0
11.4348,22.2958,7.6572,-0.1214,0.851387,-0.115482,-0.0983201,FRENET,0.0329326,2.77894,0.0329326,0,2.77894,0.344243,0
11.4394,22.3042,7.65599,-0.122522,0.850132,-0.129067,-0.109724,FRENET,0.0329326,2.77894,0.0329326,0,2.77894,0.344243,0
11.4428,22.3042,7.65599,-0.122522,0.850132,-0.129067,-0.109724,FRENET,0.0329326,2.77894,0.0329326,0,2.77894,0.344243,0
11.4468,22.3042,7.65599,-0.122522,0.850132,-0.129067,-0.109724,FRENET,0.0329326,2.77894,0.0329326,0,2.77894,0.344243,0
11.4508,22.3126,7.65475,-0.123849,0.849116,-0.116006,-0.0985027,FRENET,0.0329326,2.77894,0.0329326,0,2.77894,0.344243,0
11.4548,22.3126,7.65475,-0.123849,0.849116,-0.116006,-0.0985027,FRENET,0.0329326,2.77894,0.0329326,0,2.77894,0.344243,0
11.4593,22.321,7.65351,-0.124973,0.848293,-0.129151,-0.109558,FRENET,0.0329326,2.77894,0.0329326,0,2.77894,0.344243,0
11.4628,22.321,7.65351,-0.124973,0.848293,-0.129151,-0.109558,FRENET,0.0329326,2.77894,0.0329326,0,2.77894,0.344243,0
11.4668,22.321,7.65351,-0.124973,0.848293,-0.129151,-0.109558,FRENET,0.0329326,2.77894,0.0329326,0,2.77894,0.344243,0
11.4708,22.3294,7.65225,-0.1263,0.847627,-0.115927,-0.098263,FRENET,0.0329326,2.77894,0.0329326,0,2.77894,0.344243,0
11.4748,22.3294,7.65225,-0.1263,0.847627,-0.115927,-0.098263,FRENET,0.0367832,2.77894,0.0367832,0,2.77894,0.339588,0
11.4793,22.3378,7.651,-0.127423,0.847087,-0.129033,-0.109303,FRENET,0.0367832,2.77894,0.0367832,0,2.77894,0.339588,0
11.4828,22.3378,7.651,-0.127423,0.847087,-0.129033,-0.109303,FRENET,0.0367832,2.77894,0.0367832,0,2.77894,0.339588,0
11.4868,22.3378,7.651,-0.127423,0.847087,-0.129033,-0.109303,FRENET,0.0367832,2.77894,0.0367832,0,2.77894,0.339588,0
11.4907,22.3462,7.64972,-0.128749,0.846651,-0.115798,-0.0980408,FRENET,0.0367832,2.77894,0.0367832,0,2.77894,0.339588,0
11.4948,22.3462,7.64972,-0.128749,0.846651,-0.115798,-0.0980408,FRENET,0.0367832,2.77894,0.0367832,0,2.77894,0.339588,0
11.4994,22.3545,7.64844,-0.129871,0.846297,-0.128919,-0.109104,FRENET,0.0367832,2.77894,0.0367832,0,2.77894,0.339588,0
11.5028,22.3545,7.64844,-0.129871,0.846297,-0.128919,-0.109104,FRENET,0.0367832,2.77894,0.0367832,0,2.77894,0.339588,0
11.5068,22.3545,7.64844,-0.129871,0.846297,-0.128919,-0.109104,FRENET,0.0367832,2.77894,0.0367832,0,2.77894,0.339588,0
11.5108,22.3629,7.64714,-0.131195,0.84601,-0.115695,-0.0978792,FRENET,0.0367832,2.77894,0.0367832,0,2.77894,0.339588,0
11.5148,22.3629,7.64714,-0.131195,0.84601,-0.115695,-0.0978792,FRENET,0.0367832,2.77894,0.0367832,0,2.77894,0.339588,0
11.5193,22.3713,7.64584,-0.132317,0.845778,-0.128835,-0.108965,FRENET,0.0367832,2.77894,0.0367832,0,2.77894,0.339588,0
11.5228,22.3713,7.64584,-0.132317,0.845778,-0.128835,-0.108965,FRENET,0.0367832,2.77894,0.0367832,0,2.77894,0.339588,0
11.5267,22.3713,7.64584,-0.132317,0.845778,-0.128835,-0.108965,FRENET,0.0476017,2.77894,0.0476017,0,2.77894,0.356477,0
11.5308,22.3796,7.64452,-0.13364,0.84559,-0.115622,-0.0977688,FRENET,0.0476017,2.77894,0.0476017,0,2.77894,0.356477,0
11.5348,22.3796,7.64452,-0.13364,0.84559,-0.115622,-0.0977688,FRENET,0.0476017,2.77894,0.0476017,0,2.77894,0.356477,0
11.5394,22.388,7.64321,-0.134761,0.845438,-0.128776,-0.108872,FRENET,0.0476017,2.77894,0.0476017,0,2.77894,0.356477,0
11.5427,22.388,7.64321,-0.134761,0.845438,-0.128776,-0.108872,FRENET,0.0476017,2.77894,0.0476017,0,2.77894,0.356477,0
11.5467,22.388,7.64321,-0.134761,0.845438,-0.128776,-0.108872,FRENET,0.0476017,2.77894,0.0476017,0,2.77894,0.356477,0
11.5508,22.3963,7.64187,-0.136084,0.845315,-0.115572,-0.0976951,FRENET,0.0476017,2.77894,0.0476017,0,2.77894,0.356477,0
11.5547,22.3963,7.64187,-0.136084,0.845315,-0.115572,-0.0976951,FRENET,0.0476017,2.77894,0.0476017,0,2.77894,0.356477,0
11.5593,22.4047,7.64053,-0.137204,0.845215,-0.128737,-0.10881,FRENET,0.0476017,2.77894,0.0476017,0,2.77894,0.356477,0
11.5628,22.4047,7.64053,-0.137204,0.845215,-0.128737,-0.10881,FRENET,0.0476017,2.77894,0.0476017,0,2.77894,0.356477,0
11.5668,22.4047,7.64053,-0.137204,0.845215,-0.128737,-0.10881,FRENET,0.0476017,2.77894,0.0476017,0,2.77894,0.356477,0
11.5707,22.413,7.63917,-0.138527,0.845134,-0.11554,-0.0976464,FRENET,0.0476017,2.77894,0.0476017,0,2.77894,0.356477,0
11.5748,22.413,7.63917,-0.138527,0.845134,-0.11554,-0.0976464,FRENET,0.112033,3.0017,0.112033,0,3.0017,0.362997,0
11.5793,22.4213,7.63781,-0.139647,0.845519,-0.128699,-0.108818,FRENET,0.112033,3.0017,0.112033,0,3.0017,0.362997,0
11.5828,22.4213,7.63781,-0.139647,0.845519,-0.128699,-0.108818,FRENET,0.112033,3.0017,0.112033,0,3.0017,0.362997,0
11.5868,22.4213,7.63781,-0.139647,0.845519,-0.128699,-0.108818,FRENET,0.112033,3.0017,0.112033,0,3.0017,0.362997,0
11.5907,22.4297,7.63643,-0.140969,0.845886,-0.115607,-0.0977901,FRENET,0.112033,3.0017,0.112033,0,3.0017,0.362997,0
11.5948,22.4297,7.63643,-0.140969,0.845886,-0.115607,-0.0977901,FRENET,0.112033,3.0017,0.112033,0,3.0017,0.362997,0
11.5994,22.438,7.63505,-0.14209,0.846235,-0.128786,-0.108983,FRENET,0.112033,3.0017,0.112033,0,3.0017,0.362997,0
11.6028,22.438,7.63505,-0.14209,0.846235,-0.128786,-0.108983,FRENET,0.112033,3.0017,0.112033,0,3.0017,0.362997,0
11.6068,22.438,7.63505,-0.14209,0.846235,-0.128786,-0.108983,FRENET,0.112033,3.0017,0.112033,0,3.0017,0.362997,0
11.6108,22.4464,7.63365,-0.143414,0.846567,-0.115712,-0.0979579,FRENET,0.112033,3.0017,0.112033,0,3.0017,0.362997,0
11.6148,22.4464,7.63365,-0.143414,0.846567,-0.115712,-0.0979579,FRENET,0.112033,3.0017,0.112033,0,3.0017,0.362997,0
11.6193,22.4547,7.63225,-0.144536,0.846884,-0.128876,-0.109143,FRENET,0.112033,3.0017,0.112033,0,3.0017,0.362997,0
11.6228,22.4547,7.63225,-0.144536,0.846884,-0.128876,-0.109143,FRENET,0.112033,3.0017,0.112033,0,3.0017,0.362997,0
11.6268,22.4547,7.63225,-0.144536,0.846884,-0.128876,-0.109143,FRENET,0.104949,3.0017,0.104949,0,3.0017,0.420293,0
11.6308,22.4631,7.63083,-0.14586,0.847186,-0.11581,-0.098113,FRENET,0.104949,3.0017,0.104949,0,3.0017,0.420293,0
11.6348,22.4631,7.63083,-0.14586,0.847186,-0.11581,-0.098113,FRENET,0.104949,3.0017,0.104949,0,3.0017,0.420293,0
11.6394,22.4714,7.62941,-0.146983,0.847473,-0.128959,-0.10929,FRENET,0.104949,3.0017,0.104949,0,3.0017,0.420293,0
11.6428,22.4714,7.62941,-0.146983,0.847473,-0.128959,-0.10929,FRENET,0.104949,3.0017,0.104949,0,3.0017,0.420293,0
11.6468,22.4714,7.62941,-0.146983,0.847473,-0.128959,-0.10929,FRENET,0.104949,3.0017,0.104949,0,3.0017,0.420293,0
11.6508,22.4798,7.62796,-0.148308,0.847747,-0.1159,-0.0982539,FRENET,0.104949,3.0017,0.104949,0,3.0017,0.420293,0
11.6548,22.4798,7.62796,-0.148308,0.847747,-0.1159,-0.0982539,FRENET,0.104949,3.0017,0.104949,0,3.0017,0.420293,0
11.6593,22.4881,7.62652,-0.149432,0.848007,-0.129035,-0.109423,FRENET,0.104949,3.0017,0.104949,0,3.0017,0.420293,0
11.6628,22.4881,7.62652,-0.149432,0.848007,-0.129035,-0.109423,FRENET,0.104949,3.0017,0.104949,0,3.0017,0.420293,0
11.6668,22.4881,7.62652,-0.149432,0.848007,-0.129035,-0.109423,FRENET,0.104949,3.0017,0.104949,0,3.0017,0.420293,0
11.6707,22.4965,7.62505,-0.150758,0.848256,-0.115981,-0.0983818,FRENET,0.104949,3.0017,0.104949,0,3.0017,0.420293,0
11.6748,22.4965,7.62505,-0.150758,0.848256,-0.115981,-0.0983818,FRENET,0.0965994,3.0017,0.0965994,0,3.0017,0.411201,0
11.6794,22.5049,7.62359,-0.151883,0.848492,-0.129103,-0.109543,FRENET,0.0965994,3.0017,0.0965994,0,3.0017,0.411201,0
11.6828,22.5049,7.62359,-0.151883,0.848492,-0.129103,-0.109543,FRENET,0.0965994,3.0017,0.0965994,0,3.0017,0.411201,0
11.6868,22.5049,7.62359,-0.151883,0.848492,-0.129103,-0.109543,FRENET,0.0965994,3.0017,0.0965994,0,3.0017,0.411201,0
11.6908,22.5132,7.62209,-0.153207,0.856788,-0.116818,-0.100088,FRENET,0.0965994,3.0017,0.0965994,0,3.0017,0.411201,0
11.6948,22.5132,7.62209,-0.153207,0.856788,-0.116818,-0.100088,FRENET,0.0965994,3.0017,0.0965994,0,3.0017,0.411201,0
11.6993,22.5217,7.62058,-0.154344,0.864689,-0.12991,-0.112332,FRENET,0.0965994,3.0017,0.0965994,0,3.0017,0.411201,0
11.7028,22.5217,7.62058,-0.154344,0.864689,-0.12991,-0.112332,FRENET,0.0965994,3.0017,0.0965994,0,3.0017,0.411201,0
11.7068,22.5217,7.62058,-0.154344,0.864689,-0.12991,-0.112332,FRENET,0.0965994,3.0017,0.0965994,0,3.0017,0.411201,0
11.7108,22.5303,7.61904,-0.155684,0.872215,-0.118811,-0.103628,FRENET,0.0965994,3.0017,0.0965994,0,3.0017,0.411201,0
11.7148,22.5303,7.61904,-0.155684,0.872215,-0.118811,-0.103628,FRENET,0.0965994,3.0017,0.0965994,0,3.0017,0.411201,0
11.7193,22.5389,7.61751,-0.156614,0.879382,-0.0610468,-0.0536835,FRENET,0.0965994,3.0017,0.0965994,0,3.0017,0.411201,0
11.7228,22.5389,7.61751,-0.156614,0.879382,-0.0610468,-0.0536835,FRENET,0.0965994,3.0017,0.0965994,0,3.0017,0.411201,0
11.7268,22.5389,7.61751,-0.156614,0.879382,-0.0610468,-0.0536835,FRENET,0.109455,3.0017,0.109455,0,3.0017,0.412841,0
11.7307,22.5476,7.61602,-0.157093,0.886209,-0.0578534,-0.0512702,FRENET,0.109455,3.0017,0.109455,0,3.0017,0.412841,0
11.7348,22.5476,7.61602,-0.157093,0.886209,-0.0578534,-0.0512702,FRENET,0.109455,3.0017,0.109455,0,3.0017,0.412841,0
11.7393,22.5564,7.61452,-0.157676,0.892711,-0.0408306,-0.03645,FRENET,0.109455,3.0017,0.109455,0,3.0017,0.412841,0
11.7428,22.5564,7.61452,-0.157676,0.892711,-0.0408306,-0.03645,FRENET,0.109455,3.0017,0.109455,0,3.0017,0.412841,0
11.7467,22.5564,7.61452,-0.157676,0.892711,-0.0408306,-0.03645,FRENET,0.109455,3.0017,0.109455,0,3.0017,0.412841,0
11.7507,22.5652,7.61303,-0.158035,0.898905,-0.0506354,-0.0455164,FRENET,0.109455,3.0017,0.109455,0,3.0017,0.412841,0
11.7548,22.5652,7.61303,-0.158035,0.898905,-0.0506354,-0.0455164,FRENET,0.109455,3.0017,0.109455,0,3.0017,0.412841,0
11.7593,22.5741,7.61153,-0.158575,0.904803,-0.0383745,-0.0347214,FRENET,0.109455,3.0017,0.109455,0,3.0017,0.412841,0
11.7628,22.5741,7.61153,-0.158575,0.904803,-0.0383745,-0.0347214,FRENET,0.109455,3.0017,0.109455,0,3.0017,0.412841,0
11.7668,22.5741,7.61153,-0.158575,0.904803,-0.0383745,-0.0347214,FRENET,0.109455,3.0017,0.109455,0,3.0017,0.412841,0
11.7707,22.583,7.61003,-0.158919,0.910421,-0.0497224,-0.0452683,FRENET,0.109455,3.0017,0.109455,0,3.0017,0.412841,0
11.7748,22.583,7.61003,-0.158919,0.910421,-0.0497224,-0.0452683,FRENET,0.0987879,2.80093,0.0987879,0,2.80093,0.477721,0
11.7793,22.5919,7.60853,-0.159462,0.886748,-0.0362881,-0.0321784,FRENET,0.0987879,2.80093,0.0987879,0,2.80093,0.477721,0
11.7828,22.5919,7.60853,-0.159462,0.886748,-0.0362881,-0.0321784,FRENET,0.0987879,2.80093,0.0987879,0,2.80093,0.477721,0
11.7868,22.5919,7.60853,-0.159462,0.886748,-0.0362881,-0.0321784,FRENET,0.0987879,2.80093,0.0987879,0,2.80093,0.477721,0
11.7907,22.6005,7.60707,-0.159783,0.867578,-0.0497054,-0.0431233,FRENET,0.0987879,2.80093,0.0987879,0,2.80093,0.477721,0
11.7948,22.6005,7.60707,-0.159783,0.867578,-0.0497054,-0.0431233,FRENET,0.0987879,2.80093,0.0987879,0,2.80093,0.477721,0
11.7994,22.609,7.60563,-0.160314,0.852054,-0.0347958,-0.0296479,FRENET,0.0987879,2.80093,0.0987879,0,2.80093,0.477721,0
11.8028,22.609,7.60563,-0.160314,0.852054,-0.0347958,-0.0296479,FRENET,0.0987879,2.80093,0.0987879,0,2.80093,0.477721,0
11.8068,22.609,7.60563,-0.160314,0.852054,-0.0347958,-0.0296479,FRENET,0.0987879,2.80093,0.0987879,0,2.80093,0.477721,0
11.8107,22.6174,7.60422,-0.160622,0.839482,-0.0482581,-0.0405118,FRENET,0.0987879,2.80093,0.0987879,0,2.80093,0.477721,0
11.8148,22.6174,7.60422,-0.160622,0.839482,-0.0482581,-0.0405118,FRENET,0.0987879,2.80093,0.0987879,0,2.80093,0.477721,0
11.8193,22.6256,7.60282,-0.161136,0.829302,-0.0333577,-0.0276636,FRENET,0.0987879,2.80093,0.0987879,0,2.80093,0.477721,0
11.8228,22.6256,7.60282,-0.161136,0.829302,-0.0333577,-0.0276636,FRENET,0.0987879,2.80093,0.0987879,0,2.80093,0.477721,0
11.8268,22.6256,7.60282,-0.161136,0.829302,-0.0333577,-0.0276636,FRENET,0.103044,2.80093,0.103044,0,2.80093,0.438201,0
11.8307,22.6337,7.60144,-0.161432,0.821058,-0.047194,-0.038749,FRENET,0.103044,2.80093,0.103044,0,2.80093,0.438201,0
11.8348,22.6337,7.60144,-0.161432,0.821058,-0.047194,-0.038749,FRENET,0.103044,2.80093,0.103044,0,2.80093,0.438201,0
11.8393,22.6418,7.60005,-0.161936,0.814382,-0.0323836,-0.0263726,FRENET,0.103044,2.80093,0.103044,0,2.80093,0.438201,0
11.8428,22.6418,7.60005,-0.161936,0.814382,-0.0323836,-0.0263726,FRENET,0.103044,2.80093,0.103044,0,2.80093,0.438201,0
11.8468,22.6418,7.60005,-0.161936,0.814382,-0.0323836,-0.0263726,FRENET,0.103044,2.80093,0.103044,0,2.80093,0.438201,0
11.8507,22.6498,7.59869,-0.162225,0.808975,-0.0465013,-0.0376184,FRENET,0.103044,2.80093,0.103044,0,2.80093,0.438201,0
11.8548,22.6498,7.59869,-0.162225,0.808975,-0.0465013,-0.0376184,FRENET,0.103044,2.80093,0.103044,0,2.80093,0.438201,0
11.8593,22.6577,7.59731,-0.162722,0.804597,-0.0317484,-0.0255447,FRENET,0.103044,2.80093,0.103044,0,2.80093,0.438201,0
11.8628,22.6577,7.59731,-0.162722,0.804597,-0.0317484,-0.0255447,FRENET,0.103044,2.80093,0.103044,0,2.80093,0.438201,0
11.8668,22.6577,7.59731,-0.162722,0.804597,-0.0317484,-0.0255447,FRENET,0.103044,2.80093,0.103044,0,2.80093,0.438201,0
11.8707,22.6656,7.59596,-0.163005,0.801052,-0.0460544,-0.036892,FRENET,0.103044,2.80093,0.103044,0,2.80093,0.438201,0
11.8748,22.6656,7.59596,-0.163005,0.801052,-0.0460544,-0.036892,FRENET,0.107403,2.80093,0.107403,0,2.80093,0.471392,0
11.8793,22.6735,7.59459,-0.163497,0.798181,-0.0313348,-0.0250108,FRENET,0.107403,2.80093,0.107403,0,2.80093,0.471392,0
11.8828,22.6735,7.59459,-0.163497,0.798181,-0.0313348,-0.0250108,FRENET,0.107403,2.80093,0.107403,0,2.80093,0.471392,0
11.8868,22.6735,7.59459,-0.163497,0.798181,-0.0313348,-0.0250108,FRENET,0.107403,2.80093,0.107403,0,2.80093,0.471392,0
11.8907,22.6814,7.59324,-0.163777,0.795856,-0.0457649,-0.0364222,FRENET,0.107403,2.80093,0.107403,0,2.80093,0.471392,0
11.8948,22.6814,7.59324,-0.163777,0.795856,-0.0457649,-0.0364222,FRENET,0.107403,2.80093,0.107403,0,2.80093,0.471392,0
11.8993,22.6892,7.59187,-0.164267,0.793973,-0.0310647,-0.0246646,FRENET,0.107403,2.80093,0.107403,0,2.80093,0.471392,0
11.9028,22.6892,7.59187,-0.164267,0.793973,-0.0310647,-0.0246646,FRENET,0.107403,2.80093,0.107403,0,2.80093,0.471392,0
11.9068,22.6892,7.59187,-0.164267,0.793973,-0.0310647,-0.0246646,FRENET,0.107403,2.80093,0.107403,0,2.80093,0.471392,0
11.9108,22.6971,7.59051,-0.164547,0.800883,-0.0451328,-0.0361461,FRENET,0.107403,2.80093,0.107403,0,2.80093,0.471392,0
11.9148,22.6971,7.59051,-0.164547,0.800883,-0.0451328,-0.0361461,FRENET,0.107403,2.80093,0.107403,0,2.80093,0.471392,0
11.9193,22.705,7.58913,-0.165032,0.807465,-0.0318153,-0.0256898,FRENET,0.107403,2.80093,0.107403,0,2.80093,0.471392,0
11.9228,22.705,7.58913,-0.165032,0.807465,-0.0318153,-0.0256898,FRENET,0.107403,2.80093,0.107403,0,2.80093,0.471392,0
11.9268,22.705,7.58913,-0.165032,0.807465,-0.0318153,-0.0256898,FRENET,0.101208,2.65417,0.101208,0,2.65417,0.461573,0
11.9308,22.7129,7.58778,-0.165079,0.792637,0.0286327,0.0226954,FRENET,0.101208,2.65417,0.101208,0,2.65417,0.461573,0
11.9348,22.7129,7.58778,-0.165079,0.792637,0.0286327,0.0226954,FRENET,0.101208,2.65417,0.101208,0,2.65417,0.461573,0
11.9393,22.7206,7.58651,-0.164677,0.780629,0.0249789,0.0194992,FRENET,0.101208,2.65417,0.101208,0,2.65417,0.461573,0
11.9428,22.7206,7.58651,-0.164677,0.780629,0.0249789,0.0194992,FRENET,0.101208,2.65417,0.101208,0,2.65417,0.461573,0
11.9468,22.7206,7.58651,-0.164677,0.780629,0.0249789,0.0194992,FRENET,0.101208,2.65417,0.101208,0,2.65417,0.461573,0
11.9508,22.7283,7.58525,-0.164664,0.770905,-0.0296726,-0.0228748,FRENET,0.101208,2.65417,0.101208,0,2.65417,0.461573,0
11.9548,22.7283,7.58525,-0.164664,0.770905,-0.0296726,-0.0228748,FRENET,0.101208,2.65417,0.101208,0,2.65417,0.461573,0
11.9593,22.7359,7.58396,-0.165065,0.763031,-0.0243807,-0.0186032,FRENET,0.101208,2.65417,0.101208,0,2.65417,0.461573,0
11.9628,22.7359,7.58396,-0.165065,0.763031,-0.0243807,-0.0186032,FRENET,0.101208,2.65417,0.101208,0,2.65417,0.461573,0
11.9668,22.7359,7.58396,-0.165065,0.763031,-0.0243807,-0.0186032,FRENET,0.101208,2.65417,0.101208,0,2.65417,0.461573,0
11.9707,22.7433,7.58267,-0.165299,0.756654,-0.0432862,-0.0327527,FRENET,0.101208,2.65417,0.101208,0,2.65417,0.461573,0
11.9748,22.7433,7.58267,-0.165299,0.756654,-0.0432862,-0.0327527,FRENET,0.102406,2.65417,0.102406,0,2.65417,0.473119,0
11.9794,22.7508,7.58137,-0.165766,0.75149,-0.027853,-0.0209313,FRENET,0.102406,2.65417,0.102406,0,2.65417,0.473119,0
11.9828,22.7508,7.58137,-0.165766,0.75149,-0.027853,-0.0209313,FRENET,0.102406,2.65417,0.102406,0,2.65417,0.473119,0
11.9868,22.7508,7.58137,-0.165766,0.75149,-0.027853,-0.0209313,FRENET,0.102406,2.65417,0.102406,0,2.65417,0.473119,0
11.9907,22.7582,7.58009,-0.166017,0.747309,-0.0441125,-0.0329657,FRENET,0.102406,2.65417,0.102406,0,2.65417,0.473119,0
11.9948,22.7582,7.58009,-0.166017,0.747309,-0.0441125,-0.0329657,FRENET,0.102406,2.65417,0.102406,0,2.65417,0.473119,0
11.9993,22.7655,7.57879,-0.166486,0.743922,-0.0278137,-0.0206912,FRENET,0.102406,2.65417,0.102406,0,2.65417,0.473119,0
12.0028,22.7655,7.57879,-0.166486,0.743922,-0.0278137,-0.0206912,FRENET,0.102406,2.65417,0.102406,0,2.65417,0.473119,0
12.0068,22.7655,7.57879,-0.166486,0.743922,-0.0278137,-0.0206912,FRENET,0.102406,2.65417,0.102406,0,2.65417,0.473119,0
12.0107,22.7728,7.57751,-0.166735,0.74118,-0.0439661,-0.0325868,FRENET,0.102406,2.65417,0.102406,0,2.65417,0.473119,0
12.0148,22.7728,7.57751,-0.166735,0.74118,-0.0439661,-0.0325868,FRENET,0.102406,2.65417,0.102406,0,2.65417,0.473119,0
12.0194,22.7801,7.57622,-0.167202,0.73896,-0.0275653,-0.0203697,FRENET,0.102406,2.65417,0.102406,0,2.65417,0.473119,0
12.0228,22.7801,7.57622,-0.167202,0.73896,-0.0275653,-0.0203697,FRENET,0.102406,2.65417,0.102406,0,2.65417,0.473119,0
12.0268,22.7801,7.57622,-0.167202,0.73896,-0.0275653,-0.0203697,FRENET,0.142368,2.65417,0.142368,0,2.65417,0.481653,0
12.0307,22.7874,7.57494,-0.16745,0.737161,-0.0437915,-0.0322814,FRENET,0.142368,2.65417,0.142368,0,2.65417,0.481653,0
12.0348,22.7874,7.57494,-0.16745,0.737161,-0.0437915,-0.0322814,FRENET,0.142368,2.65417,0.142368,0,2.65417,0.481653,0
12.0393,22.7946,7.57365,-0.167914,0.735705,-0.0273704,-0.0201365,FRENET,0.142368,2.65417,0.142368,0,2.65417,0.481653,0
12.0427,22.7946,7.57365,-0.167914,0.735705,-0.0273704,-0.0201365,FRENET,0.142368,2.65417,0.142368,0,2.65417,0.481653,0
12.0468,22.7946,7.57365,-0.167914,0.735705,-0.0273704,-0.0201365,FRENET,0.142368,2.65417,0.142368,0,2.65417,0.481653,0
12.0508,22.8019,7.57237,-0.168161,0.734526,-0.0436633,-0.0320718,FRENET,0.142368,2.65417,0.142368,0,2.65417,0.481653,0
12.0548,22.8019,7.57237,-0.168161,0.734526,-0.0436633,-0.0320718,FRENET,0.142368,2.65417,0.142368,0,2.65417,0.481653,0
12.0594,22.8091,7.57107,-0.168624,0.733571,-0.0272359,-0.0199794,FRENET,0.142368,2.65417,0.142368,0,2.65417,0.481653,0
12.0628,22.8091,7.57107,-0.168624,0.733571,-0.0272359,-0.0199794,FRENET,0.142368,2.65417,0.142368,0,2.65417,0.481653,0
12.0668,22.8091,7.57107,-0.168624,0.733571,-0.0272359,-0.0199794,FRENET,0.142368,2.65417,0.142368,0,2.65417,0.481653,0
12.0707,22.8163,7.56979,-0.168869,0.732797,-0.0435762,-0.0319325,FRENET,0.142368,2.65417,0.142368,0,2.65417,0.481653,0
12.0747,22.8163,7.56979,-0.168869,0.732797,-0.0435762,-0.0319325,FRENET,0.117304,2.65417,0.117304,0,2.65417,0.499058,0
12.0793,22.8235,7.5685,-0.169332,0.732171,-0.027146,-0.0198755,FRENET,0.117304,2.65417,0.117304,0,2.65417,0.499058,0
12.0828,22.8235,7.5685,-0.169332,0.732171,-0.027146,-0.0198755,FRENET,0.117304,2.65417,0.117304,0,2.65417,0.499058,0
12.0868,22.8235,7.5685,-0.169332,0.732171,-0.027146,-0.0198755,FRENET,0.117304,2.65417,0.117304,0,2.65417,0.499058,0
12.0908,22.8307,7.56721,-0.169576,0.731664,-0.0435183,-0.0318408,FRENET,0.117304,2.65417,0.117304,0,2.65417,0.499058,0
12.0948,22.8307,7.56721,-0.169576,0.731664,-0.0435183,-0.0318408,FRENET,0.117304,2.65417,0.117304,0,2.65417,0.499058,0
12.0994,22.8379,7.56591,-0.170038,0.731253,-0.0270867,-0.0198072,FRENET,0.117304,2.65417,0.117304,0,2.65417,0.499058,0
12.1028,22.8379,7.56591,-0.170038,0.731253,-0.0270867,-0.0198072,FRENET,0.117304,2.65417,0.117304,0,2.65417,0.499058,0
12.1068,22.8379,7.56591,-0.170038,0.731253,-0.0270867,-0.0198072,FRENET,0.117304,2.65417,0.117304,0,2.65417,0.499058,0
12.1107,22.8451,7.56463,-0.170282,0.730921,-0.0434802,-0.0317806,FRENET,0.117304,2.65417,0.117304,0,2.65417,0.499058,0
12.1148,22.8451,7.56463,-0.170282,0.730921,-0.0434802,-0.0317806,FRENET,0.117304,2.65417,0.117304,0,2.65417,0.499058,0
12.1194,22.8523,7.56332,-0.170743,0.730651,-0.0270477,-0.0197624,FRENET,0.117304,2.65417,0.117304,0,2.65417,0.499058,0
12.1228,22.8523,7.56332,-0.170743,0.730651,-0.0270477,-0.0197624,FRENET,0.117304,2.65417,0.117304,0,2.65417,0.499058,0
12.1268,22.8523,7.56332,-0.170743,0.730651,-0.0270477,-0.0197624,FRENET,0.0635784,2.62087,0.0635784,0,2.62087,0.506609,0
12.1308,22.8595,7.56203,-0.170986,0.728027,-0.0436015,-0.0317431,FRENET,0.0635784,2.62087,0.0635784,0,2.62087,0.506609,0
12.1348,22.8595,7.56203,-0.170986,0.728027,-0.0436015,-0.0317431,FRENET,0.0635784,2.62087,0.0635784,0,2.62087,0.506609,0
12.1393,22.8666,7.56073,-0.171448,0.725902,-0.0267357,-0.0194075,FRENET,0.0635784,2.62087,0.0635784,0,2.62087,0.506609,0
12.1428,22.8666,7.56073,-0.171448,0.725902,-0.0267357,-0.0194075,FRENET,0.0635784,2.62087,0.0635784,0,2.62087,0.506609,0
12.1467,22.8666,7.56073,-0.171448,0.725902,-0.0267357,-0.0194075,FRENET,0.0635784,2.62087,0.0635784,0,2.62087,0.506609,0
12.1508,22.8738,7.55945,-0.171689,0.724181,-0.043402,-0.0314309,FRENET,0.0635784,2.62087,0.0635784,0,2.62087,0.506609,0
12.1548,22.8738,7.55945,-0.171689,0.724181,-0.043402,-0.0314309,FRENET,0.0635784,2.62087,0.0635784,0,2.62087,0.506609,0
12.1594,22.8809,7.55812,-0.172353,0.730362,-0.0958704,-0.07002,FRENET,0.0635784,2.62087,0.0635784,0,2.62087,0.506609,0
12.1628,22.8809,7.55812,-0.172353,0.730362,-0.0958704,-0.07002,FRENET,0.0635784,2.62087,0.0635784,0,2.62087,0.506609,0
12.1668,22.8809,7.55812,-0.172353,0.730362,-0.0958704,-0.07002,FRENET,0.0635784,2.62087,0.0635784,0,2.62087,0.506609,0
12.1708,22.8881,7.5567,-0.173626,0.736249,-0.160798,-0.118387,FRENET,0.0635784,2.62087,0.0635784,0,2.62087,0.506609,0
12.1748,22.8881,7.5567,-0.173626,0.736249,-0.160798,-0.118387,FRENET,0.0630677,2.62087,0.0630677,0,2.62087,0.528261,0
12.1793,22.8953,7.55518,-0.17537,0.741856,-0.161601,-0.119884,FRENET,0.0630677,2.62087,0.0630677,0,2.62087,0.528261,0
12.1828,22.8953,7.55518,-0.17537,0.741856,-0.161601,-0.119884,FRENET,0.0630677,2.62087,0.0630677,0,2.62087,0.528261,0
12.1868,22.8953,7.55518,-0.17537,0.741856,-0.161601,-0.119884,FRENET,0.0630677,2.62087,0.0630677,0,2.62087,0.528261,0
12.1907,22.9026,7.55365,-0.176788,0.747196,-0.114352,-0.0854432,FRENET,0.0630677,2.62087,0.0630677,0,2.62087,0.528261,0
12.1948,22.9026,7.55365,-0.176788,0.747196,-0.114352,-0.0854432,FRENET,0.0630677,2.62087,0.0630677,0,2.62087,0.528261,0
12.1993,22.91,7.55216,-0.177629,0.752282,-0.0514161,-0.0386794,FRENET,0.0630677,2.62087,0.0630677,0,2.62087,0.528261,0
12.2028,22.91,7.55216,-0.177629,0.752282,-0.0514161,-0.0386794,FRENET,0.0630677,2.62087,0.0630677,0,2.62087,0.528261,0
12.2068,22.91,7.55216,-0.177629,0.752282,-0.0514161,-0.0386794,FRENET,0.0630677,2.62087,0.0630677,0,2.62087,0.528261,0
12.2108,22.9174,7.55072,-0.178016,0.757127,-0.0519586,-0.0393393,FRENET,0.0630677,2.62087,0.0630677,0,2.62087,0.528261,0
12.2148,22.9174,7.55072,-0.178016,0.757127,-0.0519586,-0.0393393,FRENET,0.0630677,2.62087,0.0630677,0,2.62087,0.528261,0
12.2193,22.9248,7.54928,-0.178533,0.761741,-0.032189,-0.0245197,FRENET,0.0630677,2.62087,0.0630677,0,2.62087,0.528261,0
12.2228,22.9248,7.54928,-0.178533,0.761741,-0.032189,-0.0245197,FRENET,0.0630677,2.62087,0.0630677,0,2.62087,0.528261,0
12.2268,22.9248,7.54928,-0.178533,0.761741,-0.032189,-0.0245197,FRENET,0.0640742,2.62087,0.0640742,0,2.62087,0.55642,0
12.2308,22.9323,7.54786,-0.178816,0.766136,-0.0455134,-0.0348694,FRENET,0.0640742,2.62087,0.0640742,0,2.62087,0.55642,0
12.2348,22.9323,7.54786,-0.178816,0.766136,-0.0455134,-0.0348694,FRENET,0.0640742,2.62087,0.0640742,0,2.62087,0.55642,0
12.2393,22.9399,7.54642,-0.179297,0.770322,-0.030181,-0.023249,FRENET,0.0640742,2.62087,0.0640742,0,2.62087,0.55642,0
12.2428,22.9399,7.54642,-0.179297,0.770322,-0.030181,-0.023249,FRENET,0.0640742,2.62087,0.0640742,0,2.62087,0.55642,0
12.2467,22.9399,7.54642,-0.179297,0.770322,-0.030181,-0.023249,FRENET,0.0640742,2.62087,0.0640742,0,2.62087,0.55642,0
12.2507,22.9475,7.54498,-0.179568,0.774309,-0.0447734,-0.0346685,FRENET,0.0640742,2.62087,0.0640742,0,2.62087,0.55642,0
12.2548,22.9475,7.54498,-0.179568,0.774309,-0.0447734,-0.0346685,FRENET,0.0640742,2.62087,0.0640742,0,2.62087,0.55642,0
12.2593,22.9551,7.54353,-0.180046,0.778106,-0.0301993,-0.0234983,FRENET,0.0640742,2.62087,0.0640742,0,2.62087,0.55642,0
12.2628,22.9551,7.54353,-0.180046,0.778106,-0.0301993,-0.0234983,FRENET,0.0640742,2.62087,0.0640742,0,2.62087,0.55642,0
12.2668,22.9551,7.54353,-0.180046,0.778106,-0.0301993,-0.0234983,FRENET,0.0640742,2.62087,0.0640742,0,2.62087,0.55642,0
12.2707,22.9628,7.54207,-0.180318,0.781722,-0.0448353,-0.0350488,FRENET,0.0640742,2.62087,0.0640742,0,2.62087,0.55642,0
12.2748,22.9628,7.54207,-0.180318,0.781722,-0.0448353,-0.0350488,FRENET,0.0515078,2.70147,0.0515078,0,2.70147,0.587413,0
12.2794,22.9705,7.5406,-0.180798,0.784704,-0.030489,-0.0239249,FRENET,0.0515078,2.70147,0.0515078,0,2.70147,0.587413,0
12.2828,22.9705,7.5406,-0.180798,0.784704,-0.030489,-0.0239249,FRENET,0.0515078,2.70147,0.0515078,0,2.70147,0.587413,0
12.2868,22.9705,7.5406,-0.180798,0.784704,-0.030489,-0.0239249,FRENET,0.0515078,2.70147,0.0515078,0,2.70147,0.587413,0
12.2908,22.9782,7.53913,-0.181072,0.787545,-0.0450417,-0.0354724,FRENET,0.0515078,2.70147,0.0515078,0,2.70147,0.587413,0
12.2948,22.9782,7.53913,-0.181072,0.787545,-0.0450417,-0.0354724,FRENET,0.0515078,2.70147,0.0515078,0,2.70147,0.587413,0
12.2993,22.9859,7.53764,-0.181555,0.79025,-0.0308138,-0.0243506,FRENET,0.0515078,2.70147,0.0515078,0,2.70147,0.587413,0
12.3027,22.9859,7.53764,-0.181555,0.79025,-0.0308138,-0.0243506,FRENET,0.0515078,2.70147,0.0515078,0,2.70147,0.587413,0
12.3068,22.9859,7.53764,-0.181555,0.79025,-0.0308138,-0.0243506,FRENET,0.0515078,2.70147,0.0515078,0,2.70147,0.587413,0
12.3107,22.9937,7.53618,-0.181612,0.792826,0.0253727,0.0201161,FRENET,0.0515078,2.70147,0.0515078,0,2.70147,0.587413,0
12.3148,22.9937,7.53618,-0.181612,0.792826,0.0253727,0.0201161,FRENET,0.0515078,2.70147,0.0515078,0,2.70147,0.587413,0
12.3194,23.0015,7.53477,-0.181241,0.79528,0.0241803,0.0192301,FRENET,0.0515078,2.70147,0.0515078,0,2.70147,0.587413,0
12.3228,23.0015,7.53477,-0.181241,0.79528,0.0241803,0.0192301,FRENET,0.0515078,2.70147,0.0515078,0,2.70147,0.587413,0
12.3268,23.0015,7.53477,-0.181241,0.79528,0.0241803,0.0192301,FGM,0.168753,0.169959,0.0477807,0.168753,2.70147,0.169959,0
12.3308,23.0094,7.53336,-0.181004,0.809621,0.0416508,0.0337213,FGM,0.168753,0.169959,0.0477807,0.168753,2.70147,0.169959,0
12.3349,23.0094,7.53336,-0.181004,0.809621,0.0416508,0.0337213,FGM,0.168753,0.169959,0.0477807,0.168753,2.70147,0.169959,0
12.3393,23.0175,7.53194,-0.180543,0.823279,0.0311494,0.0256447,FGM,0.168753,0.169959,0.0477807,0.168753,2.70147,0.169959,0
12.3428,23.0175,7.53194,-0.180543,0.823279,0.0311494,0.0256447,FGM,0.168753,0.169959,0.0477807,0.168753,2.70147,0.169959,0
12.3468,23.0175,7.53194,-0.180543,0.823279,0.0311494,0.0256447,FGM,0.168753,0.169959,0.0477807,0.168753,2.70147,0.169959,0
12.3507,23.0256,7.53051,-0.180256,0.836288,0.0450675,0.0376894,FGM,0.168753,0.169959,0.0477807,0.168753,2.70147,0.169959,0
12.3547,23.0256,7.53051,-0.180256,0.836288,0.0450675,0.0376894,FGM,0.168753,0.169959,0.0477807,0.168753,2.70147,0.169959,0
12.3593,23.0339,7.52906,-0.179767,0.848678,0.0337498,0.0286428,FGM,0.168753,0.169959,0.0477807,0.168753,2.70147,0.169959,0
12.3627,23.0339,7.52906,-0.179767,0.848678,0.0337498,0.0286428,FGM,0.168753,0.169959,0.0477807,0.168753,2.70147,0.169959,0
12.3667,23.0339,7.52906,-0.179767,0.848678,0.0337498,0.0286428,FGM,0.168753,0.169959,0.0477807,0.168753,2.70147,0.169959,0
12.3707,23.0424,7.52759,-0.17946,0.860479,0.0466102,0.0401071,FGM,0.168753,0.169959,0.0477807,0.168753,2.70147,0.169959,0
12.3747,23.0424,7.52759,-0.17946,0.860479,0.0466102,0.0401071,FGM,0.210613,0.140155,0.0508089,0.210613,2.70147,0.140155,0
12.3793,23.0509,7.52612,-0.178955,0.871835,0.035371,0.0308376,FGM,0.210613,0.140155,0.0508089,0.210613,2.70147,0.140155,0
12.3827,23.0509,7.52612,-0.178955,0.871835,0.035371,0.0308376,FGM,0.210613,0.140155,0.0508089,0.210613,2.70147,0.140155,0
12.3867,23.0509,7.52612,-0.178955,0.871835,0.035371,0.0308376,FGM,0.210613,0.140155,0.0508089,0.210613,2.70147,0.140155,0
12.3907,23.0595,7.52462,-0.178634,0.88265,0.047668,0.0420742,FGM,0.210613,0.140155,0.0508089,0.210613,2.70147,0.140155,0
12.3947,23.0595,7.52462,-0.178634,0.88265,0.047668,0.0420742,FGM,0.210613,0.140155,0.0508089,0.210613,2.70147,0.140155,0
12.3993,23.0683,7.52314,-0.177893,0.892951,0.106784,0.0953532,FGM,0.210613,0.140155,0.0508089,0.210613,2.70147,0.140155,0
12.4028,23.0683,7.52314,-0.177893,0.892951,0.106784,0.0953532,FGM,0.210613,0.140155,0.0508089,0.210613,2.70147,0.140155,0
12.4067,23.0683,7.52314,-0.177893,0.892951,0.106784,0.0953532,FGM,0.210613,0.140155,0.0508089,0.210613,2.70147,0.140155,0
12.4107,23.0772,7.5217,-0.176682,0.902763,0.112589,0.101641,FGM,0.210613,0.140155,0.0508089,0.210613,2.70147,0.140155,0
12.4147,23.0772,7.5217,-0.176682,0.902763,0.112589,0.101641,FGM,0.210613,0.140155,0.0508089,0.210613,2.70147,0.140155,0
12.4193,23.0861,7.52028,-0.175551,0.912108,0.131097,0.119575,FGM,0.210613,0.140155,0.0508089,0.210613,2.70147,0.140155,0
12.4227,23.0861,7.52028,-0.175551,0.912108,0.131097,0.119575,FGM,0.210613,0.140155,0.0508089,0.210613,2.70147,0.140155,0
12.4267,23.0861,7.52028,-0.175551,0.912108,0.131097,0.119575,FGM,0.17647,0.155416,0.067028,0.17647,2.70147,0.155416,0
12.4307,23.0952,7.51888,-0.174181,0.920618,0.123652,0.113836,FGM,0.17647,0.155416,0.067028,0.17647,2.70147,0.155416,0
12.4347,23.0952,7.51888,-0.174181,0.920618,0.123652,0.113836,FGM,0.17647,0.155416,0.067028,0.17647,2.70147,0.155416,0
12.4393,23.1043,7.51747,-0.172971,0.928724,0.137005,0.127239,FGM,0.17647,0.155416,0.067028,0.17647,2.70147,0.155416,0
12.4427,23.1043,7.51747,-0.172971,0.928724,0.137005,0.127239,FGM,0.17647,0.155416,0.067028,0.17647,2.70147,0.155416,0
12.4467,23.1043,7.51747,-0.172971,0.928724,0.137005,0.127239,FGM,0.17647,0.155416,0.067028,0.17647,2.70147,0.155416,0
12.4507,23.1135,7.51608,-0.171553,0.936444,0.127722,0.119604,FGM,0.17647,0.155416,0.067028,0.17647,2.70147,0.155416,0
12.4547,23.1135,7.51608,-0.171553,0.936444,0.127722,0.119604,FGM,0.17647,0.155416,0.067028,0.17647,2.70147,0.155416,0
12.4593,23.1228,7.51468,-0.170308,0.943798,0.139942,0.132077,FGM,0.17647,0.155416,0.067028,0.17647,2.70147,0.155416,0
12.4627,23.1228,7.51468,-0.170308,0.943798,0.139942,0.132077,FGM,0.17647,0.155416,0.067028,0.17647,2.70147,0.155416,0
12.4667,23.1228,7.51468,-0.170308,0.943798,0.139942,0.132077,FGM,0.17647,0.155416,0.067028,0.17647,2.70147,0.155416,0
12.4707,23.1322,7.5133,-0.168863,0.950801,0.13036,0.123946,FGM,0.17647,0.155416,0.067028,0.17647,2.70147,0.155416,0
12.4747,23.1322,7.5133,-0.168863,0.950801,0.13036,0.123946,FGM,0.168028,0.161252,0.0616796,0.168028,3.47779,0.161252,0
12.4793,23.1416,7.5119,-0.167594,0.957175,0.142127,0.13604,FGM,0.168028,0.161252,0.0616796,0.168028,3.47779,0.161252,0
12.4827,23.1416,7.5119,-0.167594,0.957175,0.142127,0.13604,FGM,0.168028,0.161252,0.0616796,0.168028,3.47779,0.161252,0
12.4867,23.1416,7.5119,-0.167594,0.957175,0.142127,0.13604,FGM,0.168028,0.161252,0.0616796,0.168028,3.47779,0.161252,0
12.4907,23.1511,7.51053,-0.166127,0.963245,0.132455,0.127586,FGM,0.168028,0.161252,0.0616796,0.168028,3.47779,0.161252,0
12.4947,23.1511,7.51053,-0.166127,0.963245,0.132455,0.127586,FGM,0.168028,0.161252,0.0616796,0.168028,3.47779,0.161252,0
12.4993,23.1607,7.50912,-0.165076,0.969027,0.0712302,0.0690239,FGM,0.168028,0.161252,0.0616796,0.168028,3.47779,0.161252,0
12.5027,23.1607,7.50912,-0.165076,0.969027,0.0712302,0.0690239,FGM,0.168028,0.161252,0.0616796,0.168028,3.47779,0.161252,0
12.5067,23.1607,7.50912,-0.165076,0.969027,0.0712302,0.0690239,FGM,0.168028,0.161252,0.0616796,0.168028,3.47779,0.161252,0
12.5107,23.1703,7.50765,-0.164515,0.974533,0.0638805,0.0622536,FGM,0.168028,0.161252,0.0616796,0.168028,3.47779,0.161252,0
12.5147,23.1703,7.50765,-0.164515,0.974533,0.0638805,0.0622536,FGM,0.168028,0.161252,0.0616796,0.168028,3.47779,0.161252,0
12.5193,23.18,7.50617,-0.163875,0.979778,0.0468631,0.0459155,FGM,0.168028,0.161252,0.0616796,0.168028,3.47779,0.161252,0
12.5227,23.18,7.50617,-0.163875,0.979778,0.0468631,0.0459155,FGM,0.168028,0.161252,0.0616796,0.168028,3.47779,0.161252,0
12.5267,23.18,7.50617,-0.163875,0.979778,0.0468631,0.0459155,FGM,0.157047,0.16232,0.0628025,0.157047,3.47779,0.16232,0
12.5307,23.1897,7.50466,-0.163463,0.984767,0.054703,0.0538697,FGM,0.157047,0.16232,0.0628025,0.157047,3.47779,0.16232,0
12.5348,23.1897,7.50466,-0.163463,0.984767,0.054703,0.0538697,FGM,0.157047,0.16232,0.0628025,0.157047,3.47779,0.16232,0
12.5393,23.1994,7.50315,-0.16288,0.989518,0.04338,0.0429253,FGM,0.157047,0.16232,0.0628025,0.157047,3.47779,0.16232,0
12.5427,23.1994,7.50315,-0.16288,0.989518,0.04338,0.0429253,FGM,0.157047,0.16232,0.0628025,0.157047,3.47779,0.16232,0
12.5468,23.1994,7.50315,-0.16288,0.989518,0.04338,0.0429253,FGM,0.157047,0.16232,0.0628025,0.157047,3.47779,0.16232,0
12.5507,23.2092,7.50161,-0.16249,0.994043,0.0532875,0.05297,FGM,0.157047,0.16232,0.0628025,0.157047,3.47779,0.16232,0
12.5547,23.2092,7.50161,-0.16249,0.994043,0.0532875,0.05297,FGM,0.157047,0.16232,0.0628025,0.157047,3.47779,0.16232,0
12.5593,23.2191,7.50011,-0.161674,0.998353,0.116551,0.116359,FGM,0.157047,0.16232,0.0628025,0.157047,3.47779,0.16232,0
12.5627,23.2191,7.50011,-0.161674,0.998353,0.116551,0.116359,FGM,0.157047,0.16232,0.0628025,0.157047,3.47779,0.16232,0
12.5667,23.2191,7.50011,-0.161674,0.998353,0.116551,0.116359,FGM,0.157047,0.16232,0.0628025,0.157047,3.47779,0.16232,0
12.5707,23.229,7.49867,-0.160348,1.00246,0.125899,0.126208,FGM,0.157047,0.16232,0.0628025,0.157047,3.47779,0.16232,0
12.5747,23.229,7.49867,-0.160348,1.00246,0.125899,0.126208,FGM,0.150531,0.162347,0.0676211,0.150531,3.47779,0.162347,0
12.5793,23.2389,7.49725,-0.159085,1.00618,0.143834,0.144723,FGM,0.150531,0.162347,0.0676211,0.150531,3.47779,0.162347,0
12.5827,23.2389,7.49725,-0.159085,1.00618,0.143834,0.144723,FGM,0.150531,0.162347,0.0676211,0.150531,3.47779,0.162347,0
12.5867,23.2389,7.49725,-0.159085,1.00618,0.143834,0.144723,FGM,0.150531,0.162347,0.0676211,0.150531,3.47779,0.162347,0
12.5907,23.2489,7.49587,-0.157584,1.00973,0.137178,0.138513,FGM,0.150531,0.162347,0.0676211,0.150531,3.47779,0.162347,0
12.5947,23.2489,7.49587,-0.157584,1.00973,0.137178,0.138513,FGM,0.150531,0.162347,0.0676211,0.150531,3.47779,0.162347,0
12.5993,23.2589,7.49449,-0.156245,1.01311,0.149049,0.151003,FGM,0.150531,0.162347,0.0676211,0.150531,3.47779,0.162347,0
12.6027,23.2589,7.49449,-0.156245,1.01311,0.149049,0.151003,FGM,0.150531,0.162347,0.0676211,0.150531,3.47779,0.162347,0
12.6067,23.2589,7.49449,-0.156245,1.01311,0.149049,0.151003,FGM,0.150531,0.162347,0.0676211,0.150531,3.47779,0.162347,0
12.6107,23.269,7.49314,-0.154706,1.01633,0.140094,0.142381,FGM,0.150531,0.162347,0.0676211,0.150531,3.47779,0.162347,0
12.6147,23.269,7.49314,-0.154706,1.01633,0.140094,0.142381,FGM,0.150531,0.162347,0.0676211,0.150531,3.47779,0.162347,0
12.6193,23.2791,7.49179,-0.153344,1.01939,0.150881,0.153807,FGM,0.150531,0.162347,0.0676211,0.150531,3.47779,0.162347,0
12.6227,23.2791,7.49179,-0.153344,1.01939,0.150881,0.153807,FGM,0.150531,0.162347,0.0676211,0.150531,3.47779,0.162347,0
12.6267,23.2791,7.49179,-0.153344,1.01939,0.150881,0.153807,FGM,0.151256,0.15533,0.0505665,0.151256,3.261,0.15533,0
12.6307,23.2892,7.49046,-0.151789,1.02242,0.141506,0.144679,FGM,0.151256,0.15533,0.0505665,0.151256,3.261,0.15533,0
12.6347,23.2892,7.49046,-0.151789,1.02242,0.141506,0.144679,FGM,0.151256,0.15533,0.0505665,0.151256,3.261,0.15533,0
12.6393,23.2993,7.48911,-0.15066,1.02531,0.0775482,0.0795109,FGM,0.151256,0.15533,0.0505665,0.151256,3.261,0.15533,0
12.6427,23.2993,7.48911,-0.15066,1.02531,0.0775482,0.0795109,FGM,0.151256,0.15533,0.0505665,0.151256,3.261,0.15533,0
12.6467,23.2993,7.48911,-0.15066,1.02531,0.0775482,0.0795109,FGM,0.151256,0.15533,0.0505665,0.151256,3.261,0.15533,0
12.6507,23.3095,7.48768,-0.150294,1.02806,-0.0068165,-0.00700776,FGM,0.151256,0.15533,0.0505665,0.151256,3.261,0.15533,0
12.6548,23.3095,7.48768,-0.150294,1.02806,-0.0068165,-0.00700776,FGM,0.151256,0.15533,0.0505665,0.151256,3.261,0.15533,0
12.6593,23.3197,7.48614,-0.150819,1.03068,-0.099356,-0.102404,FGM,0.151256,0.15533,0.0505665,0.151256,3.261,0.15533,0
12.6628,23.3197,7.48614,-0.150819,1.03068,-0.099356,-0.102404,FGM,0.151256,0.15533,0.0505665,0.151256,3.261,0.15533,0
12.6668,23.3197,7.48614,-0.150819,1.03068,-0.099356,-0.102404,FGM,0.151256,0.15533,0.0505665,0.151256,3.261,0.15533,0
12.6707,23.3299,7.48447,-0.152291,1.03317,-0.195528,-0.202013,FGM,0.151256,0.15533,0.0505665,0.151256,3.261,0.15533,0
12.6748,23.3299,7.48447,-0.152291,1.03317,-0.195528,-0.202013,FGM,0.143397,0.166424,0.061144,0.143397,3.261,0.166424,0
12.6793,23.34,7.48263,-0.154736,1.03551,-0.293566,-0.303991,FGM,0.143397,0.166424,0.061144,0.143397,3.261,0.166424,0
12.6828,23.34,7.48263,-0.154736,1.03551,-0.293566,-0.303991,FGM,0.143397,0.166424,0.061144,0.143397,3.261,0.166424,0
12.6868,23.34,7.48263,-0.154736,1.03551,-0.293566,-0.303991,FGM,0.143397,0.166424,0.061144,0.143397,3.261,0.166424,0
12.6907,23.3502,7.48062,-0.158166,1.03774,-0.392681,-0.4075,FGM,0.143397,0.166424,0.061144,0.143397,3.261,0.166424,0
12.6948,23.3502,7.48062,-0.158166,1.03774,-0.392681,-0.4075,FGM,0.143397,0.166424,0.061144,0.143397,3.261,0.166424,0
12.6993,23.3604,7.47844,-0.162344,1.03986,-0.417642,-0.434291,FGM,0.143397,0.166424,0.061144,0.143397,3.261,0.166424,0
12.7028,23.3604,7.47844,-0.162344,1.03986,-0.417642,-0.434291,FGM,0.143397,0.166424,0.061144,0.143397,3.261,0.166424,0
12.7068,23.3604,7.47844,-0.162344,1.03986,-0.417642,-0.434291,FGM,0.143397,0.166424,0.061144,0.143397,3.261,0.166424,0
12.7107,23.3705,7.47619,-0.166314,1.04189,-0.367077,-0.382452,FGM,0.143397,0.166424,0.061144,0.143397,3.261,0.166424,0
12.7148,23.3705,7.47619,-0.166314,1.04189,-0.367077,-0.382452,FGM,0.143397,0.166424,0.061144,0.143397,3.261,0.166424,0
12.7193,23.3807,7.47394,-0.169607,1.04381,-0.287934,-0.300549,FGM,0.143397,0.166424,0.061144,0.143397,3.261,0.166424,0
12.7228,23.3807,7.47394,-0.169607,1.04381,-0.287934,-0.300549,FGM,0.143397,0.166424,0.061144,0.143397,3.261,0.166424,0
12.7268,23.3807,7.47394,-0.169607,1.04381,-0.287934,-0.300549,FGM,0.114125,0.184395,0.0550545,0.114125,3.261,0.184395,0
12.7308,23.3909,7.47175,-0.172039,1.04478,-0.197015,-0.205837,FGM,0.114125,0.184395,0.0550545,0.114125,3.261,0.184395,0
12.7348,23.3909,7.47175,-0.172039,1.04478,-0.197015,-0.205837,FGM,0.114125,0.184395,0.0550545,0.114125,3.261,0.184395,0
12.7393,23.4012,7.46964,-0.173533,1.0457,-0.101189,-0.105813,FGM,0.114125,0.184395,0.0550545,0.114125,3.261,0.184395,0
12.7428,23.4012,7.46964,-0.173533,1.0457,-0.101189,-0.105813,FGM,0.114125,0.184395,0.0550545,0.114125,3.261,0.184395,0
12.7468,23.4012,7.46964,-0.173533,1.0457,-0.101189,-0.105813,FGM,0.114125,0.184395,0.0550545,0.114125,3.261,0.184395,0
12.7507,23.4114,7.46765,-0.174056,1.04657,-0.00309889,-0.00324322,FGM,0.114125,0.184395,0.0550545,0.114125,3.261,0.184395,0
12.7548,23.4114,7.46765,-0.174056,1.04657,-0.00309889,-0.00324322,FGM,0.114125,0.184395,0.0550545,0.114125,3.261,0.184395,0
12.7593,23.4217,7.4658,-0.173591,1.04741,0.0961532,0.100712,FGM,0.114125,0.184395,0.0550545,0.114125,3.261,0.184395,0
12.7628,23.4217,7.4658,-0.173591,1.04741,0.0961532,0.100712,FGM,0.114125,0.184395,0.0550545,0.114125,3.261,0.184395,0
12.7668,23.4217,7.4658,-0.173591,1.04741,0.0961532,0.100712,FGM,0.114125,0.184395,0.0550545,0.114125,3.261,0.184395,0
12.7707,23.4321,7.46409,-0.172131,1.0482,0.196071,0.205523,FGM,0.114125,0.184395,0.0550545,0.114125,3.261,0.184395,0
12.7748,23.4321,7.46409,-0.172131,1.0482,0.196071,0.205523,FGM,0.120216,0.453977,0.0300184,0.120216,2.04009,0.453977,0
12.7793,23.4424,7.46255,-0.169669,1.04909,0.296346,0.310893,FGM,0.120216,0.453977,0.0300184,0.120216,2.04009,0.453977,0
12.7827,23.4424,7.46255,-0.169669,1.04909,0.296346,0.310893,FGM,0.120216,0.453977,0.0300184,0.120216,2.04009,0.453977,0
12.7867,23.4424,7.46255,-0.169669,1.04909,0.296346,0.310893,FGM,0.120216,0.453977,0.0300184,0.120216,2.04009,0.453977,0
12.7907,23.4529,7.46118,-0.166203,1.04993,0.396987,0.416809,FGM,0.120216,0.453977,0.0300184,0.120216,2.04009,0.453977,0
12.7947,23.4529,7.46118,-0.166203,1.04993,0.396987,0.416809,FGM,0.120216,0.453977,0.0300184,0.120216,2.04009,0.453977,0
12.7993,23.4633,7.46001,-0.161728,1.05073,0.497886,0.523146,FGM,0.120216,0.453977,0.0300184,0.120216,2.04009,0.453977,0
12.8027,23.4633,7.46001,-0.161728,1.05073,0.497886,0.523146,FGM,0.120216,0.453977,0.0300184,0.120216,2.04009,0.453977,0
12.8067,23.4633,7.46001,-0.161728,1.05073,0.497886,0.523146,FGM,0.120216,0.453977,0.0300184,0.120216,2.04009,0.453977,0
12.8107,23.4738,7.45904,-0.156244,1.0515,0.598986,0.629833,FGM,0.120216,0.453977,0.0300184,0.120216,2.04009,0.453977,0
12.8147,23.4738,7.45904,-0.156244,1.0515,0.598986,0.629833,FGM,0.120216,0.453977,0.0300184,0.120216,2.04009,0.453977,0
12.8193,23.4842,7.45828,-0.149748,1.05223,0.700251,0.736822,FGM,0.120216,0.453977,0.0300184,0.120216,2.04009,0.453977,0
12.8228,23.4842,7.45828,-0.149748,1.05223,0.700251,0.736822,FGM,0.120216,0.453977,0.0300184,0.120216,2.04009,0.453977,0
12.8268,23.4842,7.45828,-0.149748,1.05223,0.700251,0.736822,FGM,0.122248,0.456661,0.0329476,0.122248,2.04009,0.456661,0
12.8308,23.4948,7.45775,-0.142239,1.05307,0.801577,0.844116,FGM,0.122248,0.456661,0.0329476,0.122248,2.04009,0.456661,0
12.8348,23.4948,7.45775,-0.142239,1.05307,0.801577,0.844116,FGM,0.122248,0.456661,0.0329476,0.122248,2.04009,0.456661,0
12.8393,23.5053,7.45745,-0.133716,1.05387,0.903161,0.951814,FGM,0.122248,0.456661,0.0329476,0.122248,2.04009,0.456661,0
12.8428,23.5053,7.45745,-0.133716,1.05387,0.903161,0.951814,FGM,0.122248,0.456661,0.0329476,0.122248,2.04009,0.456661,0
12.8468,23.5053,7.45745,-0.133716,1.05387,0.903161,0.951814,FGM,0.122248,0.456661,0.0329476,0.122248,2.04009,0.456661,0
12.8507,23.5158,7.4574,-0.124175,1.05463,1.00491,1.05982,FGM,0.122248,0.456661,0.0329476,0.122248,2.04009,0.456661,0
12.8548,23.5158,7.4574,-0.124175,1.05463,1.00491,1.05982,FGM,0.122248,0.456661,0.0329476,0.122248,2.04009,0.456661,0
12.8593,23.5264,7.45761,-0.113617,1.05536,1.1068,1.16808,FGM,0.122248,0.456661,0.0329476,0.122248,2.04009,0.456661,0
12.8628,23.5264,7.45761,-0.113617,1.05536,1.1068,1.16808,FGM,0.122248,0.456661,0.0329476,0.122248,2.04009,0.456661,0
12.8668,23.5264,7.45761,-0.113617,1.05536,1.1068,1.16808,FGM,0.122248,0.456661,0.0329476,0.122248,2.04009,0.456661,0
12.8708,23.5369,7.45809,-0.102039,1.05605,1.20881,1.27657,FGM,0.122248,0.456661,0.0329476,0.122248,2.04009,0.456661,0
12.8748,23.5369,7.45809,-0.102039,1.05605,1.20881,1.27657,FGM,0.0861172,0.246119,0.0223397,0.0861172,2.04009,0.246119,0
12.8793,23.5475,7.45885,-0.0895304,1.05803,1.30206,1.37762,FGM,0.0861172,0.246119,0.0223397,0.0861172,2.04009,0.246119,0
12.8828,23.5475,7.45885,-0.0895304,1.05803,1.30206,1.37762,FGM,0.0861172,0.246119,0.0223397,0.0861172,2.04009,0.246119,0
12.8868,23.5475,7.45885,-0.0895304,1.05803,1.30206,1.37762,FGM,0.0861172,0.246119,0.0223397,0.0861172,2.04009,0.246119,0
12.8908,23.558,7.45987,-0.0762777,1.05991,1.34142,1.42178,FGM,0.0861172,0.246119,0.0223397,0.0861172,2.04009,0.246119,0
12.8948,23.558,7.45987,-0.0762777,1.05991,1.34142,1.42178,FGM,0.0861172,0.246119,0.0223397,0.0861172,2.04009,0.246119,0
12.8993,23.5685,7.46109,-0.062887,1.0617,1.32132,1.40284,FGM,0.0861172,0.246119,0.0223397,0.0861172,2.04009,0.246119,0
12.9028,23.5685,7.46109,-0.062887,1.0617,1.32132,1.40284,FGM,0.0861172,0.246119,0.0223397,0.0861172,2.04009,0.246119,0
12.9068,23.5685,7.46109,-0.062887,1.0617,1.32132,1.40284,FGM,0.0861172,0.246119,0.0223397,0.0861172,2.04009,0.246119,0
12.9108,23.5791,7.46243,-0.0499822,1.0634,1.25381,1.33331,FGM,0.0861172,0.246119,0.0223397,0.0861172,2.04009,0.246119,0
12.9148,23.5791,7.46243,-0.0499822,1.0634,1.25381,1.33331,FGM,0.0861172,0.246119,0.0223397,0.0861172,2.04009,0.246119,0
12.9193,23.5896,7.46384,-0.037863,1.06503,1.1677,1.24364,FGM,0.0861172,0.246119,0.0223397,0.0861172,2.04009,0.246119,0
12.9227,23.5896,7.46384,-0.037863,1.06503,1.1677,1.24364,FGM,0.0861172,0.246119,0.0223397,0.0861172,2.04009,0.246119,0
12.9268,23.5896,7.46384,-0.037863,1.06503,1.1677,1.24364,FGM,0.0786922,0.34319,0.0283368,0.0786922,4.01253,0.34319,0
12.9308,23.6002,7.46527,-0.0266474,1.06935,1.0749,1.14945,FGM,0.0786922,0.34319,0.0283368,0.0786922,4.01253,0.34319,0
12.9348,23.6002,7.46527,-0.0266474,1.06935,1.0749,1.14945,FGM,0.0786922,0.34319,0.0283368,0.0786922,4.01253,0.34319,0
12.9393,23.6108,7.46669,-0.0163728,1.07347,0.97961,1.05158,FGM,0.0786922,0.34319,0.0283368,0.0786922,4.01253,0.34319,0
12.9428,23.6108,7.46669,-0.0163728,1.07347,0.97961,1.05158,FGM,0.0786922,0.34319,0.0283368,0.0786922,4.01253,0.34319,0
12.9468,23.6108,7.46669,-0.0163728,1.07347,0.97961,1.05158,FGM,0.0786922,0.34319,0.0283368,0.0786922,4.01253,0.34319,0
12.9507,23.6215,7.46809,-0.00706125,1.0774,0.882385,0.950678,FGM,0.0786922,0.34319,0.0283368,0.0786922,4.01253,0.34319,0
12.9547,23.6215,7.46809,-0.00706125,1.0774,0.882385,0.950678,FGM,0.0786922,0.34319,0.0283368,0.0786922,4.01253,0.34319,0
12.9599,23.6322,7.46945,0.00127011,1.08113,0.783632,0.84721,FGM,0.0786922,0.34319,0.0283368,0.0786922,4.01253,0.34319,0
12.9627,23.6322,7.46945,0.00127011,1.08113,0.783632,0.84721,FGM,0.0786922,0.34319,0.0283368,0.0786922,4.01253,0.34319,0
12.9667,23.6322,7.46945,0.00127011,1.08113,0.783632,0.84721,FGM,0.0786922,0.34319,0.0283368,0.0786922,4.01253,0.34319,0
12.9707,23.6429,7.47074,0.00860749,1.08469,0.683633,0.741532,FGM,0.0786922,0.34319,0.0283368,0.0786922,4.01253,0.34319,0
12.9747,23.6429,7.47074,0.00860749,1.08469,0.683633,0.741532,FGM,0.0920391,0.475782,0.0458215,0.0920391,4.01253,0.475782,0
12.9793,23.6537,7.47197,0.0149414,1.08884,0.582988,0.634784,FGM,0.0920391,0.475782,0.0458215,0.0920391,4.01253,0.475782,0
12.9827,23.6537,7.47197,0.0149414,1.08884,0.582988,0.634784,FGM,0.0920391,0.475782,0.0458215,0.0920391,4.01253,0.475782,0
12.9867,23.6537,7.47197,0.0149414,1.08884,0.582988,0.634784,FGM,0.0920391,0.475782,0.0458215,0.0920391,4.01253,0.475782,0
12.9907,23.6646,7.4731,0.0202642,1.0928,0.481408,0.526083,FGM,0.0920391,0.475782,0.0458215,0.0920391,4.01253,0.475782,0
12.9948,23.6646,7.4731,0.0202642,1.0928,0.481408,0.526083,FGM,0.0920391,0.475782,0.0458215,0.0920391,4.01253,0.475782,0
12.9993,23.6755,7.47416,0.024817,1.09657,0.454169,0.498027,FGM,0.0920391,0.475782,0.0458215,0.0920391,4.01253,0.475782,0
13.0027,23.6755,7.47416,0.024817,1.09657,0.454169,0.498027,FGM,0.0920391,0.475782,0.0458215,0.0920391,4.01253,0.475782,0
13.0067,23.6755,7.47416,0.024817,1.09657,0.454169,0.498027,FGM,0.0920391,0.475782,0.0458215,0.0920391,4.01253,0.475782,0
13.0107,23.6864,7.47524,0.029569,1.10016,0.505854,0.556519,FGM,0.0920391,0.475782,0.0458215,0.0920391,4.01253,0.475782,0
13.0147,23.6864,7.47524,0.029569,1.10016,0.505854,0.556519,FGM,0.0920391,0.475782,0.0458215,0.0920391,4.01253,0.475782,0
13.0193,23.6974,7.47639,0.0347722,1.10357,0.513448,0.566628,FGM,0.0920391,0.475782,0.0458215,0.0920391,4.01253,0.475782,0
13.0227,23.6974,7.47639,0.0347722,1.10357,0.513448,0.566628,FGM,0.0920391,0.475782,0.0458215,0.0920391,4.01253,0.475782,0
13.0267,23.6974,7.47639,0.0347722,1.10357,0.513448,0.566628,FGM,0.11352,0.476288,0.0481987,0.11352,2.56228,0.476288,0
13.0307,23.7084,7.47756,0.0396497,1.10572,0.453754,0.501726,FGM,0.11352,0.476288,0.0481987,0.11352,2.56228,0.476288,0
13.0347,23.7084,7.47756,0.0396497,1.10572,0.453754,0.501726,FGM,0.11352,0.476288,0.0481987,0.11352,2.56228,0.476288,0
13.0393,23.7194,7.4787,0.0437722,1.10777,0.367474,0.407076,FGM,0.11352,0.476288,0.0481987,0.11352,2.56228,0.476288,0
13.0427,23.7194,7.4787,0.0437722,1.10777,0.367474,0.407076,FGM,0.11352,0.476288,0.0481987,0.11352,2.56228,0.476288,0
13.0468,23.7194,7.4787,0.0437722,1.10777,0.367474,0.407076,FGM,0.11352,0.476288,0.0481987,0.11352,2.56228,0.476288,0
13.0508,23.7304,7.47978,0.046968,1.10972,0.270351,0.300014,FGM,0.11352,0.476288,0.0481987,0.11352,2.56228,0.476288,0
13.0548,23.7304,7.47978,0.046968,1.10972,0.270351,0.300014,FGM,0.11352,0.476288,0.0481987,0.11352,2.56228,0.476288,0
13.0593,23.7415,7.48075,0.0491653,1.11158,0.168485,0.187283,FGM,0.11352,0.476288,0.0481987,0.11352,2.56228,0.476288,0
13.0628,23.7415,7.48075,0.0491653,1.11158,0.168485,0.187283,FGM,0.11352,0.476288,0.0481987,0.11352,2.56228,0.476288,0
13.0668,23.7415,7.48075,0.0491653,1.11158,0.168485,0.187283,FGM,0.11352,0.476288,0.0481987,0.11352,2.56228,0.476288,0
13.0707,23.7526,7.4816,0.0503308,1.11334,0.0643243,0.071615,FGM,0.11352,0.476288,0.0481987,0.11352,2.56228,0.476288,0
13.0748,23.7526,7.4816,0.0503308,1.11334,0.0643243,0.071615,FGM,0.0723283,0.258458,0.0615168,0.0723283,2.56228,0.258458,0
13.0793,23.7637,7.48231,0.0504451,1.11417,-0.0415591,-0.046304,FGM,0.0723283,0.258458,0.0615168,0.0723283,2.56228,0.258458,0
13.0828,23.7637,7.48231,0.0504451,1.11417,-0.0415591,-0.046304,FGM,0.0723283,0.258458,0.0615168,0.0723283,2.56228,0.258458,0
13.0867,23.7637,7.48231,0.0504451,1.11417,-0.0415591,-0.046304,FGM,0.0723283,0.258458,0.0615168,0.0723283,2.56228,0.258458,0
13.0907,23.7748,7.48287,0.0494982,1.11496,-0.147887,-0.164888,FGM,0.0723283,0.258458,0.0615168,0.0723283,2.56228,0.258458,0
13.0947,23.7748,7.48287,0.0494982,1.11496,-0.147887,-0.164888,FGM,0.0723283,0.258458,0.0615168,0.0723283,2.56228,0.258458,0
13.0993,23.786,7.48325,0.0474863,1.11571,-0.254541,-0.283993,FGM,0.0723283,0.258458,0.0615168,0.0723283,2.56228,0.258458,0
13.1027,23.786,7.48325,0.0474863,1.11571,-0.254541,-0.283993,FGM,0.0723283,0.258458,0.0615168,0.0723283,2.56228,0.258458,0
13.1067,23.786,7.48325,0.0474863,1.11571,-0.254541,-0.283993,FGM,0.0723283,0.258458,0.0615168,0.0723283,2.56228,0.258458,0
13.1107,23.7971,7.48345,0.0444065,1.11642,-0.361443,-0.403523,FGM,0.0723283,0.258458,0.0615168,0.0723283,2.56228,0.258458,0
13.1147,23.7971,7.48345,0.0444065,1.11642,-0.361443,-0.403523,FGM,0.0723283,0.258458,0.0615168,0.0723283,2.56228,0.258458,0
13.1193,23.8083,7.48345,0.0402567,1.1171,-0.468544,-0.523412,FGM,0.0723283,0.258458,0.0615168,0.0723283,2.56228,0.258458,0
13.1227,23.8083,7.48345,0.0402567,1.1171,-0.468544,-0.523412,FGM,0.0723283,0.258458,0.0615168,0.0723283,2.56228,0.258458,0
13.1268,23.8083,7.48345,0.0402567,1.1171,-0.468544,-0.523412,FGM,0.057211,0.278108,0.0480456,0.057211,2.56228,0.278108,0
13.1307,23.8194,7.48326,0.0352847,1.11601,-0.499849,-0.557835,FGM,0.057211,0.278108,0.0480456,0.057211,2.56228,0.278108,0
13.1347,23.8194,7.48326,0.0352847,1.11601,-0.499849,-0.557835,FGM,0.057211,0.278108,0.0480456,0.057211,2.56228,0.278108,0
13.1393,23.8306,7.48298,0.0304934,1.11512,-0.448431,-0.500055,FGM,0.057211,0.278108,0.0480456,0.057211,2.56228,0.278108,0
13.1427,23.8306,7.48298,0.0304934,1.11512,-0.448431,-0.500055,FGM,0.057211,0.278108,0.0480456,0.057211,2.56228,0.278108,0
13.1468,23.8306,7.48298,0.0304934,1.11512,-0.448431,-0.500055,FGM,0.057211,0.278108,0.0480456,0.057211,2.56228,0.278108,0
13.1508,23.8417,7.48269,0.0264078,1.1144,-0.364773,-0.406505,FGM,0.057211,0.278108,0.0480456,0.057211,2.56228,0.278108,0
13.1548,23.8417,7.48269,0.0264078,1.1144,-0.364773,-0.406505,FGM,0.057211,0.278108,0.0480456,0.057211,2.56228,0.278108,0
13.1593,23.8529,7.48244,0.023235,1.11382,-0.268212,-0.29874,FGM,0.057211,0.278108,0.0480456,0.057211,2.56228,0.278108,0
13.1628,23.8529,7.48244,0.023235,1.11382,-0.268212,-0.29874,FGM,0.057211,0.278108,0.0480456,0.057211,2.56228,0.278108,0
13.1668,23.8529,7.48244,0.023235,1.11382,-0.268212,-0.29874,FGM,0.057211,0.278108,0.0480456,0.057211,2.56228,0.278108,0
13.1707,23.864,7.48228,0.0210592,1.11335,-0.166284,-0.185132,FGM,0.057211,0.278108,0.0480456,0.057211,2.56228,0.278108,0
13.1748,23.864,7.48228,0.0210592,1.11335,-0.166284,-0.185132,FGM,0.0506325,0.301381,0.0638899,0.0506325,2.57042,0.301381,0
13.1793,23.8751,7.48223,0.0199248,1.10977,-0.0604685,-0.0671063,FGM,0.0506325,0.301381,0.0638899,0.0506325,2.57042,0.301381,0
13.1828,23.8751,7.48223,0.0199248,1.10977,-0.0604685,-0.0671063,FGM,0.0506325,0.301381,0.0638899,0.0506325,2.57042,0.301381,0
13.1868,23.8751,7.48223,0.0199248,1.10977,-0.0604685,-0.0671063,FGM,0.0506325,0.301381,0.0638899,0.0506325,2.57042,0.301381,0
13.1908,23.8862,7.48231,0.0198487,1.10688,0.0452824,0.050122,FGM,0.0506325,0.301381,0.0638899,0.0506325,2.57042,0.301381,0
13.1948,23.8862,7.48231,0.0198487,1.10688,0.0452824,0.050122,FGM,0.0506325,0.301381,0.0638899,0.0506325,2.57042,0.301381,0
13.1993,23.8973,7.48255,0.0208289,1.10453,0.150791,0.166553,FGM,0.0506325,0.301381,0.0638899,0.0506325,2.57042,0.301381,0
13.2028,23.8973,7.48255,0.0208289,1.10453,0.150791,0.166553,FGM,0.0506325,0.301381,0.0638899,0.0506325,2.57042,0.301381,0
13.2068,23.8973,7.48255,0.0208289,1.10453,0.150791,0.166553,FGM,0.0506325,0.301381,0.0638899,0.0506325,2.57042,0.301381,0
13.2108,23.9083,7.48296,0.022863,1.10263,0.256056,0.282335,FGM,0.0506325,0.301381,0.0638899,0.0506325,2.57042,0.301381,0
13.2148,23.9083,7.48296,0.022863,1.10263,0.256056,0.282335,FGM,0.0506325,0.301381,0.0638899,0.0506325,2.57042,0.301381,0
13.2193,23.9193,7.48354,0.0259487,1.10109,0.361125,0.397632,FGM,0.0506325,0.301381,0.0638899,0.0506325,2.57042,0.301381,0
13.2227,23.9193,7.48354,0.0259487,1.10109,0.361125,0.397632,FGM,0.0506325,0.301381,0.0638899,0.0506325,2.57042,0.301381,0
13.2268,23.9193,7.48354,0.0259487,1.10109,0.361125,0.397632,FGM,0.0460608,0.322986,0.0734066,0.0460608,2.57042,0.322986,0
13.2308,23.9303,7.48432,0.0300963,1.09674,0.467844,0.513105,FGM,0.0460608,0.322986,0.0734066,0.0460608,2.57042,0.322986,0
13.2348,23.9303,7.48432,0.0300963,1.09674,0.467844,0.513105,FGM,0.0460608,0.322986,0.0734066,0.0460608,2.57042,0.322986,0
13.2393,23.9412,7.48529,0.035039,1.09322,0.494662,0.540776,FGM,0.0460608,0.322986,0.0734066,0.0460608,2.57042,0.322986,0
13.2428,23.9412,7.48529,0.035039,1.09322,0.494662,0.540776,FGM,0.0460608,0.322986,0.0734066,0.0460608,2.57042,0.322986,0
13.2468,23.9412,7.48529,0.035039,1.09322,0.494662,0.540776,FGM,0.0460608,0.322986,0.0734066,0.0460608,2.57042,0.322986,0
13.2508,23.952,7.48633,0.0397632,1.09037,0.4405,0.480308,FGM,0.0460608,0.322986,0.0734066,0.0460608,2.57042,0.322986,0
13.2548,23.952,7.48633,0.0397632,1.09037,0.4405,0.480308,FGM,0.0460608,0.322986,0.0734066,0.0460608,2.57042,0.322986,0
13.2593,23.9629,7.48739,0.0437639,1.08806,0.356008,0.387359,FGM,0.0460608,0.322986,0.0734066,0.0460608,2.57042,0.322986,0
13.2628,23.9629,7.48739,0.0437639,1.08806,0.356008,0.387359,FGM,0.0460608,0.322986,0.0734066,0.0460608,2.57042,0.322986,0
13.2668,23.9629,7.48739,0.0437639,1.08806,0.356008,0.387359,FGM,0.0460608,0.322986,0.0734066,0.0460608,2.57042,0.322986,0
13.2707,23.9737,7.48839,0.046851,1.08619,0.260027,0.282439,FGM,0.0460608,0.322986,0.0734066,0.0460608,2.57042,0.322986,0
13.2748,23.9737,7.48839,0.046851,1.08619,0.260027,0.282439,FRENET,0.442658,0.00892581,0.442658,0.0294327,0.00892581,0.348772,0
13.2793,23.9841,7.48926,0.0487519,0.991093,0.122671,0.121578,FRENET,0.442658,0.00892581,0.442658,0.0294327,0.00892581,0.348772,0
13.2828,23.9841,7.48926,0.0487519,0.991093,0.122671,0.121578,FRENET,0.442658,0.00892581,0.442658,0.0294327,0.00892581,0.348772,0
13.2868,23.9841,7.48926,0.0487519,0.991093,0.122671,0.121578,FRENET,0.442658,0.00892581,0.442658,0.0294327,0.00892581,0.348772,0
13.2908,23.9935,7.48992,0.0493556,0.895993,0.00233831,0.00209511,FRENET,0.442658,0.00892581,0.442658,0.0294327,0.00892581,0.348772,0
13.2948,23.9935,7.48992,0.0493556,0.895993,0.00233831,0.00209511,FRENET,0.442658,0.00892581,0.442658,0.0294327,0.00892581,0.348772,0
13.2993,24.0019,7.49043,0.0491632,0.800893,0.00201582,0.00161446,FRENET,0.442658,0.00892581,0.442658,0.0294327,0.00892581,0.348772,0

--- Experiment Summary ---
Scenario,Mux_playground_WS0.88_WT2.21_WC1.52_WCL2.36_WD2.64_DM0.54_Opp_bumper_slow_1.5.csv
Mode,MUX_OBSTACLE
Finish Reason,GOAL REACHED
Duration (s),13.30
Total Dist (m),34.08
Collision,NO
FRENET Usage (%),75.74
FGM Usage (%),24.26
Max Speed (m/s),4.69
Max Lat Acc (m/s^2),2.80
Global Min Dist (m),0.00
Global Unsafe Ratio,0.62
Global Track RMS (m),1.20
Global Lat Acc RMS,0.50
FGM Min Dist (m),0.00
FGM Unsafe Ratio,0.97
FGM Track RMS (m),0.40
