t,x,y,yaw,speed,yaw_rate,a_lat,planner,min_d,track_error,fre_min_d,fgm_min_d,fre_track,fgm_track,collision
2.4352e-05,-9.99917,7.475,0,0.118833,0,0,FGM,0.424347,0.14587,0.410001,0.424347,0.0473625,0.14587,0
0.00407097,-9.99917,7.475,0,0.118833,0,0,FGM,0.424347,0.14587,0.410001,0.424347,0.0473625,0.14587,0
0.00873936,-9.9975,7.475,8.83182e-05,0.213933,0.0207395,0.00443687,FGM,0.424347,0.14587,0.410001,0.424347,0.0473625,0.14587,0
0.0120409,-9.9975,7.475,8.83182e-05,0.213933,0.0207395,0.00443687,FGM,0.424347,0.14587,0.410001,0.424347,0.0473625,0.14587,0
0.0160826,-9.9975,7.475,8.83182e-05,0.213933,0.0207395,0.00443687,FGM,0.424347,0.14587,0.410001,0.424347,0.0473625,0.14587,0
0.0200386,-9.99489,7.475,0.00047645,0.309033,0.0599793,0.0185356,FGM,0.424347,0.14587,0.410001,0.424347,0.0473625,0.14587,0
0.0240481,-9.99489,7.475,0.00047645,0.309033,0.0599793,0.0185356,FGM,0.424347,0.14587,0.410001,0.424347,0.0473625,0.14587,0
0.0286919,-9.99132,7.475,0.00135002,0.404133,0.117857,0.0476299,FGM,0.427539,0.163999,0.409212,0.427539,0.0473625,0.163999,0
0.0320416,-9.99132,7.475,0.00135002,0.404133,0.117857,0.0476299,FGM,0.427539,0.163999,0.409212,0.427539,0.0473625,0.163999,0
0.0360528,-9.99132,7.475,0.00135002,0.404133,0.117857,0.0476299,FGM,0.427539,0.163999,0.409212,0.427539,0.0473625,0.163999,0
0.0400445,-9.98681,7.47501,0.00243905,0.499233,0.0968946,0.048373,FGM,0.427539,0.163999,0.409212,0.427539,0.0473625,0.163999,0
0.0440355,-9.98681,7.47501,0.00243905,0.499233,0.0968946,0.048373,FGM,0.427539,0.163999,0.409212,0.427539,0.0473625,0.163999,0
0.0486841,-9.98134,7.47507,0.0035479,0.594333,0.060577,0.0360029,FGM,0.427539,0.163999,0.409212,0.427539,0.0473625,0.163999,0
0.0520332,-9.98134,7.47507,0.0035479,0.594333,0.060577,0.0360029,FGM,0.427539,0.163999,0.409212,0.427539,0.0473625,0.163999,0
0.0560306,-9.98134,7.47507,0.0035479,0.594333,0.060577,0.0360029,FGM,0.427539,0.163999,0.409212,0.427539,0.0473625,0.163999,0
0.060033,-9.97495,7.47526,0.0045959,0.684924,0.106403,0.0728776,FGM,0.427539,0.163999,0.409212,0.427539,0.0473625,0.163999,0
0.0640328,-9.97495,7.47526,0.0045959,0.684924,0.106403,0.0728776,FGM,0.427539,0.163999,0.409212,0.427539,0.0473625,0.163999,0
0.0686836,-9.96767,7.47551,0.00572634,0.771207,0.105238,0.0811603,FGM,0.427539,0.163999,0.409212,0.427539,0.0473625,0.163999,0
0.0720339,-9.96767,7.47551,0.00572634,0.771207,0.105238,0.0811603,FGM,0.427539,0.163999,0.409212,0.427539,0.0473625,0.163999,0
0.076047,-9.96767,7.47551,0.00572634,0.771207,0.105238,0.0811603,FGM,0.427539,0.163999,0.409212,0.427539,0.0473625,0.163999,0
0.0800448,-9.95955,7.47576,0.00679803,0.853387,0.121285,0.103503,FGM,0.416819,0.207038,0.411796,0.416819,0.0473625,0.207038,0
0.0840448,-9.95955,7.47576,0.00679803,0.853387,0.121285,0.103503,FGM,0.416819,0.207038,0.411796,0.416819,0.0473625,0.207038,0
0.0886645,-9.95063,7.47604,0.00807962,0.931339,0.122268,0.113873,FGM,0.416819,0.207038,0.411796,0.416819,0.0473625,0.207038,0
0.0920312,-9.95063,7.47604,0.00807962,0.931339,0.122268,0.113873,FGM,0.416819,0.207038,0.411796,0.416819,0.0473625,0.207038,0
0.0960578,-9.95063,7.47604,0.00807962,0.931339,0.122268,0.113873,FGM,0.416819,0.207038,0.411796,0.416819,0.0473625,0.207038,0
0.100041,-9.94095,7.47635,0.00931438,1.00558,0.137285,0.138051,FGM,0.416819,0.207038,0.411796,0.416819,0.0473625,0.207038,0
0.104044,-9.94095,7.47635,0.00931438,1.00558,0.137285,0.138051,FGM,0.416819,0.207038,0.411796,0.416819,0.0473625,0.207038,0
0.108684,-9.93055,7.47669,0.0107622,1.0763,0.139432,0.15007,FGM,0.416819,0.207038,0.411796,0.416819,0.0473625,0.207038,0
0.112046,-9.93055,7.47669,0.0107622,1.0763,0.139432,0.15007,FGM,0.416819,0.207038,0.411796,0.416819,0.0473625,0.207038,0
0.116068,-9.93055,7.47669,0.0107622,1.0763,0.139432,0.15007,FGM,0.416819,0.207038,0.411796,0.416819,0.0473625,0.207038,0
0.120051,-9.91945,7.47706,0.0121629,1.14365,0.153458,0.175503,FGM,0.416819,0.207038,0.411796,0.416819,0.0473625,0.207038,0
0.124033,-9.91945,7.47706,0.0121629,1.14365,0.153458,0.175503,FGM,0.416819,0.207038,0.411796,0.416819,0.0473625,0.207038,0
0.128707,-9.9077,7.47747,0.013775,1.2078,0.155873,0.188264,FGM,0.423972,0.23781,0.410423,0.423972,0.0473625,0.23781,0
0.132072,-9.9077,7.47747,0.013775,1.2078,0.155873,0.188264,FGM,0.423972,0.23781,0.410423,0.423972,0.0473625,0.23781,0
0.136069,-9.9077,7.47747,0.013775,1.2078,0.155873,0.188264,FGM,0.423972,0.23781,0.410423,0.423972,0.0473625,0.23781,0
0.140067,-9.89531,7.47791,0.015334,1.27179,0.168739,0.214599,FGM,0.423972,0.23781,0.410423,0.423972,0.0473625,0.23781,0
0.144076,-9.89531,7.47791,0.015334,1.27179,0.168739,0.214599,FGM,0.423972,0.23781,0.410423,0.423972,0.0473625,0.23781,0
0.1487,-9.8823,7.4784,0.0170997,1.33273,0.171291,0.228284,FGM,0.423972,0.23781,0.410423,0.423972,0.0473625,0.23781,0
0.152071,-9.8823,7.4784,0.0170997,1.33273,0.171291,0.228284,FGM,0.423972,0.23781,0.410423,0.423972,0.0473625,0.23781,0
0.156069,-9.8823,7.4784,0.0170997,1.33273,0.171291,0.228284,FGM,0.423972,0.23781,0.410423,0.423972,0.0473625,0.23781,0
0.160072,-9.86869,7.47891,0.0188085,1.39077,0.1835,0.255206,FGM,0.423972,0.23781,0.410423,0.423972,0.0473625,0.23781,0
0.164064,-9.86869,7.47891,0.0188085,1.39077,0.1835,0.255206,FGM,0.423972,0.23781,0.410423,0.423972,0.0473625,0.23781,0
0.168712,-9.85452,7.47948,0.0207223,1.44605,0.185833,0.268725,FGM,0.423972,0.23781,0.410423,0.423972,0.0473625,0.23781,0
0.172077,-9.85452,7.47948,0.0207223,1.44605,0.185833,0.268725,FGM,0.423972,0.23781,0.410423,0.423972,0.0473625,0.23781,0
0.176036,-9.85452,7.47948,0.0207223,1.44605,0.185833,0.268725,FGM,0.423972,0.23781,0.410423,0.423972,0.0473625,0.23781,0
0.180044,-9.83981,7.48009,0.022571,1.49871,0.197245,0.295613,FGM,0.427299,0.268805,0.419046,0.427299,0.0473625,0.268805,0
0.184057,-9.83981,7.48009,0.022571,1.49871,0.197245,0.295613,FGM,0.427299,0.268805,0.419046,0.427299,0.0473625,0.268805,0
0.188701,-9.82457,7.48075,0.0246198,1.55165,0.199076,0.308898,FGM,0.427299,0.268805,0.419046,0.427299,0.0473625,0.268805,0
0.192052,-9.82457,7.48075,0.0246198,1.55165,0.199076,0.308898,FGM,0.427299,0.268805,0.419046,0.427299,0.0473625,0.268805,0
0.196044,-9.82457,7.48075,0.0246198,1.55165,0.199076,0.308898,FGM,0.427299,0.268805,0.419046,0.427299,0.0473625,0.268805,0
0.200041,-9.80882,7.48145,0.0265965,1.60208,0.209705,0.335964,FGM,0.427299,0.268805,0.419046,0.427299,0.0473625,0.268805,0
0.204046,-9.80882,7.48145,0.0265965,1.60208,0.209705,0.335964,FGM,0.427299,0.268805,0.419046,0.427299,0.0473625,0.268805,0
0.208702,-9.79258,7.48221,0.0287718,1.65011,0.21155,0.34908,FGM,0.427299,0.268805,0.419046,0.427299,0.0473625,0.268805,0
0.212044,-9.79258,7.48221,0.0287718,1.65011,0.21155,0.34908,FGM,0.427299,0.268805,0.419046,0.427299,0.0473625,0.268805,0
0.216055,-9.79258,7.48221,0.0287718,1.65011,0.21155,0.34908,FGM,0.427299,0.268805,0.419046,0.427299,0.0473625,0.268805,0
0.220032,-9.77586,7.48301,0.0308694,1.69585,0.221694,0.37596,FGM,0.427299,0.268805,0.419046,0.427299,0.0473625,0.268805,0
0.224055,-9.77586,7.48301,0.0308694,1.69585,0.221694,0.37596,FGM,0.427299,0.268805,0.419046,0.427299,0.0473625,0.268805,0
0.228705,-9.75871,7.48388,0.0331645,1.73942,0.22323,0.388292,FGM,0.42603,0.290691,0.422548,0.42603,0.0473625,0.290691,0
0.232044,-9.75871,7.48388,0.0331645,1.73942,0.22323,0.388292,FGM,0.42603,0.290691,0.422548,0.42603,0.0473625,0.290691,0
0.236053,-9.75871,7.48388,0.0331645,1.73942,0.22323,0.388292,FGM,0.42603,0.290691,0.422548,0.42603,0.0473625,0.290691,0
0.240042,-9.74113,7.48479,0.0353743,1.78191,0.232676,0.414609,FGM,0.42603,0.290691,0.422548,0.42603,0.0473625,0.290691,0
0.244058,-9.74113,7.48479,0.0353743,1.78191,0.232676,0.414609,FGM,0.42603,0.290691,0.422548,0.42603,0.0473625,0.290691,0
0.248696,-9.72313,7.48576,0.0377785,1.82238,0.233884,0.426225,FGM,0.42603,0.290691,0.422548,0.42603,0.0473625,0.290691,0
0.252067,-9.72313,7.48576,0.0377785,1.82238,0.233884,0.426225,FGM,0.42603,0.290691,0.422548,0.42603,0.0473625,0.290691,0
0.256054,-9.72313,7.48576,0.0377785,1.82238,0.233884,0.426225,FGM,0.42603,0.290691,0.422548,0.42603,0.0473625,0.290691,0
0.260059,-9.70474,7.48679,0.0400918,1.86092,0.242976,0.45216,FGM,0.42603,0.290691,0.422548,0.42603,0.0473625,0.290691,0
0.264054,-9.70474,7.48679,0.0400918,1.86092,0.242976,0.45216,FGM,0.42603,0.290691,0.422548,0.42603,0.0473625,0.290691,0
0.268722,-9.68598,7.48789,0.0425989,1.89763,0.243918,0.462867,FGM,0.42603,0.290691,0.422548,0.42603,0.0473625,0.290691,0
0.272014,-9.68598,7.48789,0.0425989,1.89763,0.243918,0.462867,FGM,0.42603,0.290691,0.422548,0.42603,0.0473625,0.290691,0
0.276046,-9.68598,7.48789,0.0425989,1.89763,0.243918,0.462867,FGM,0.42603,0.290691,0.422548,0.42603,0.0473625,0.290691,0
0.280029,-9.66687,7.48903,0.0450092,1.9326,0.25258,0.488137,FGM,0.438107,0.325315,0.42388,0.438107,0.0473625,0.325315,0
0.283999,-9.66687,7.48903,0.0450092,1.9326,0.25258,0.488137,FGM,0.438107,0.325315,0.42388,0.438107,0.0473625,0.325315,0
0.288666,-9.64739,7.49026,0.047606,1.9707,0.252514,0.497628,FGM,0.438107,0.325315,0.42388,0.438107,0.0473625,0.325315,0
0.292011,-9.64739,7.49026,0.047606,1.9707,0.252514,0.497628,FGM,0.438107,0.325315,0.42388,0.438107,0.0473625,0.325315,0
0.296048,-9.64739,7.49026,0.047606,1.9707,0.252514,0.497628,FGM,0.438107,0.325315,0.42388,0.438107,0.0473625,0.325315,0
0.300028,-9.62754,7.49154,0.0500988,2.00698,0.260419,0.522657,FGM,0.438107,0.325315,0.42388,0.438107,0.0473625,0.325315,0
0.30406,-9.62754,7.49154,0.0500988,2.00698,0.260419,0.522657,FGM,0.438107,0.325315,0.42388,0.438107,0.0473625,0.325315,0
0.308697,-9.60734,7.4929,0.052779,2.04154,0.261007,0.532856,FGM,0.438107,0.325315,0.42388,0.438107,0.0473625,0.325315,0
0.31204,-9.60734,7.4929,0.052779,2.04154,0.261007,0.532856,FGM,0.438107,0.325315,0.42388,0.438107,0.0473625,0.325315,0
0.316041,-9.60734,7.4929,0.052779,2.04154,0.261007,0.532856,FGM,0.438107,0.325315,0.42388,0.438107,0.0473625,0.325315,0
0.320027,-9.58681,7.4943,0.0552297,2.07446,0.231898,0.481063,FGM,0.438107,0.325315,0.42388,0.438107,0.0473625,0.325315,0
0.324039,-9.58681,7.4943,0.0552297,2.07446,0.231898,0.481063,FGM,0.438107,0.325315,0.42388,0.438107,0.0473625,0.325315,0
0.328691,-9.56596,7.49574,0.0573297,2.10581,0.17779,0.374393,FGM,0.437601,0.338086,0.43263,0.437601,0.0473625,0.338086,0
0.332045,-9.56596,7.49574,0.0573297,2.10581,0.17779,0.374393,FGM,0.437601,0.338086,0.43263,0.437601,0.0473625,0.338086,0
0.336045,-9.56596,7.49574,0.0573297,2.10581,0.17779,0.374393,FGM,0.437601,0.338086,0.43263,0.437601,0.0473625,0.338086,0
0.340045,-9.54478,7.49718,0.0588885,2.14043,0.151097,0.323413,FGM,0.437601,0.338086,0.43263,0.437601,0.0473625,0.338086,0
0.344068,-9.54478,7.49718,0.0588885,2.14043,0.151097,0.323413,FGM,0.437601,0.338086,0.43263,0.437601,0.0473625,0.338086,0
0.348684,-9.52326,7.49866,0.0603551,2.17341,0.129145,0.280686,FGM,0.437601,0.338086,0.43263,0.437601,0.0473625,0.338086,0
0.352035,-9.52326,7.49866,0.0603551,2.17341,0.129145,0.280686,FGM,0.437601,0.338086,0.43263,0.437601,0.0473625,0.338086,0
0.356033,-9.52326,7.49866,0.0603551,2.17341,0.129145,0.280686,FGM,0.437601,0.338086,0.43263,0.437601,0.0473625,0.338086,0
0.360015,-9.50142,7.50015,0.0615293,2.20482,0.121379,0.267617,FGM,0.437601,0.338086,0.43263,0.437601,0.0473625,0.338086,0
0.364088,-9.50142,7.50015,0.0615293,2.20482,0.121379,0.267617,FGM,0.437601,0.338086,0.43263,0.437601,0.0473625,0.338086,0
0.36866,-9.47927,7.50168,0.0627627,2.23473,0.111025,0.248111,FGM,0.437601,0.338086,0.43263,0.437601,0.0473625,0.338086,0
0.372035,-9.47927,7.50168,0.0627627,2.23473,0.111025,0.248111,FGM,0.437601,0.338086,0.43263,0.437601,0.0473625,0.338086,0
0.376041,-9.47927,7.50168,0.0627627,2.23473,0.111025,0.248111,FGM,0.437601,0.338086,0.43263,0.437601,0.0473625,0.338086,0
0.380024,-9.45684,7.50323,0.0637933,2.26322,0.110399,0.249856,FRENET,0.430939,0.0385636,0.430939,0.425642,0.0385636,0.358408,0
0.384039,-9.45684,7.50323,0.0637933,2.26322,0.110399,0.249856,FRENET,0.430939,0.0385636,0.430939,0.425642,0.0385636,0.358408,0
0.388699,-9.43423,7.50481,0.0649552,2.26961,0.105407,0.239232,FRENET,0.430939,0.0385636,0.430939,0.425642,0.0385636,0.358408,0
0.392041,-9.43423,7.50481,0.0649552,2.26961,0.105407,0.239232,FRENET,0.430939,0.0385636,0.430939,0.425642,0.0385636,0.358408,0
0.396033,-9.43423,7.50481,0.0649552,2.26961,0.105407,0.239232,FRENET,0.430939,0.0385636,0.430939,0.425642,0.0385636,0.358408,0
0.400022,-9.41156,7.50641,0.0659422,2.27569,0.108699,0.247366,FRENET,0.430939,0.0385636,0.430939,0.425642,0.0385636,0.358408,0
0.404042,-9.41156,7.50641,0.0659422,2.27569,0.108699,0.247366,FRENET,0.430939,0.0385636,0.430939,0.425642,0.0385636,0.358408,0
0.408679,-9.38883,7.50804,0.0670904,2.28149,0.104297,0.237952,FRENET,0.430939,0.0385636,0.430939,0.425642,0.0385636,0.358408,0
0.412053,-9.38883,7.50804,0.0670904,2.28149,0.104297,0.237952,FRENET,0.430939,0.0385636,0.430939,0.425642,0.0385636,0.358408,0
0.416031,-9.38883,7.50804,0.0670904,2.28149,0.104297,0.237952,FRENET,0.430939,0.0385636,0.430939,0.425642,0.0385636,0.358408,0
0.420029,-9.36605,7.50965,0.0677771,2.287,0.0226618,0.0518276,FRENET,0.430939,0.0385636,0.430939,0.425642,0.0385636,0.358408,0
0.424032,-9.36605,7.50965,0.0677771,2.287,0.0226618,0.0518276,FRENET,0.430939,0.0385636,0.430939,0.425642,0.0385636,0.358408,0
0.428649,-9.34314,7.51119,0.0674173,2.30415,-0.100953,-0.232611,FRENET,0.429129,0.0385636,0.429129,0.403564,0.0385636,0.377559,0
0.432041,-9.34314,7.51119,0.0674173,2.30415,-0.100953,-0.232611,FRENET,0.429129,0.0385636,0.429129,0.403564,0.0385636,0.377559,0
0.436045,-9.34314,7.51119,0.0674173,2.30415,-0.100953,-0.232611,FRENET,0.429129,0.0385636,0.429129,0.403564,0.0385636,0.377559,0
0.440069,-9.32006,7.51263,0.0659352,2.32048,-0.173677,-0.403012,FRENET,0.429129,0.0385636,0.429129,0.403564,0.0385636,0.377559,0
0.444066,-9.32006,7.51263,0.0659352,2.32048,-0.173677,-0.403012,FRENET,0.429129,0.0385636,0.429129,0.403564,0.0385636,0.377559,0
0.44873,-9.29682,7.51402,0.0642748,2.33603,-0.144602,-0.337795,FRENET,0.429129,0.0385636,0.429129,0.403564,0.0385636,0.377559,0
0.452064,-9.29682,7.51402,0.0642748,2.33603,-0.144602,-0.337795,FRENET,0.429129,0.0385636,0.429129,0.403564,0.0385636,0.377559,0
0.456063,-9.29682,7.51402,0.0642748,2.33603,-0.144602,-0.337795,FRENET,0.429129,0.0385636,0.429129,0.403564,0.0385636,0.377559,0
0.460082,-9.27343,7.51541,0.0629748,2.35084,-0.132655,-0.311852,FRENET,0.429129,0.0385636,0.429129,0.403564,0.0385636,0.377559,0
0.464071,-9.27343,7.51541,0.0629748,2.35084,-0.132655,-0.311852,FRENET,0.429129,0.0385636,0.429129,0.403564,0.0385636,0.377559,0
0.468692,-9.24989,7.51677,0.0616378,2.36495,-0.119538,-0.282703,FRENET,0.429129,0.0385636,0.429129,0.403564,0.0385636,0.377559,0
0.472069,-9.24989,7.51677,0.0616378,2.36495,-0.119538,-0.282703,FRENET,0.429129,0.0385636,0.429129,0.403564,0.0385636,0.377559,0
0.476067,-9.24989,7.51677,0.0616378,2.36495,-0.119538,-0.282703,FRENET,0.429129,0.0385636,0.429129,0.403564,0.0385636,0.377559,0
0.480051,-9.22621,7.51813,0.0605354,2.37839,-0.117489,-0.279435,FRENET,0.432398,0.0385636,0.432398,0.406509,0.0385636,0.373695,0
0.484077,-9.22621,7.51813,0.0605354,2.37839,-0.117489,-0.279435,FRENET,0.432398,0.0385636,0.432398,0.406509,0.0385636,0.373695,0
0.488652,-9.2024,7.51946,0.0593162,2.39119,-0.110553,-0.264353,FRENET,0.432398,0.0385636,0.432398,0.406509,0.0385636,0.373695,0
0.49203,-9.2024,7.51946,0.0593162,2.39119,-0.110553,-0.264353,FRENET,0.432398,0.0385636,0.432398,0.406509,0.0385636,0.373695,0
0.496073,-9.2024,7.51946,0.0593162,2.39119,-0.110553,-0.264353,FRENET,0.432398,0.0385636,0.432398,0.406509,0.0385636,0.373695,0
0.50005,-9.17847,7.52079,0.0582834,2.40338,-0.112331,-0.269975,FRENET,0.432398,0.0385636,0.432398,0.406509,0.0385636,0.373695,0
0.504065,-9.17847,7.52079,0.0582834,2.40338,-0.112331,-0.269975,FRENET,0.432398,0.0385636,0.432398,0.406509,0.0385636,0.373695,0
0.508716,-9.15441,7.52209,0.0571024,2.41499,-0.107792,-0.260316,FRENET,0.432398,0.0385636,0.432398,0.406509,0.0385636,0.373695,0
0.512067,-9.15441,7.52209,0.0571024,2.41499,-0.107792,-0.260316,FRENET,0.432398,0.0385636,0.432398,0.406509,0.0385636,0.373695,0
0.516031,-9.15441,7.52209,0.0571024,2.41499,-0.107792,-0.260316,FRENET,0.432398,0.0385636,0.432398,0.406509,0.0385636,0.373695,0
0.520056,-9.13024,7.52338,0.0560897,2.42604,-0.111038,-0.269383,FRENET,0.432398,0.0385636,0.432398,0.406509,0.0385636,0.373695,0
0.524067,-9.13024,7.52338,0.0560897,2.42604,-0.111038,-0.269383,FRENET,0.432398,0.0385636,0.432398,0.406509,0.0385636,0.373695,0
0.528721,-9.10596,7.52464,0.0549162,2.43658,-0.107417,-0.261729,FRENET,0.423504,0.0385636,0.423504,0.385949,0.0385636,0.384538,0
0.532065,-9.10596,7.52464,0.0549162,2.43658,-0.107417,-0.261729,FRENET,0.423504,0.0385636,0.423504,0.385949,0.0385636,0.384538,0
0.536064,-9.10596,7.52464,0.0549162,2.43658,-0.107417,-0.261729,FRENET,0.423504,0.0385636,0.423504,0.385949,0.0385636,0.384538,0
0.540075,-9.08157,7.5259,0.0539047,2.44661,-0.111206,-0.272077,FRENET,0.423504,0.0385636,0.423504,0.385949,0.0385636,0.384538,0
0.544066,-9.08157,7.5259,0.0539047,2.44661,-0.111206,-0.272077,FRENET,0.423504,0.0385636,0.423504,0.385949,0.0385636,0.384538,0
0.548686,-9.05709,7.52711,0.0527274,2.45616,-0.107922,-0.265075,FRENET,0.423504,0.0385636,0.423504,0.385949,0.0385636,0.384538,0
0.552066,-9.05709,7.52711,0.0527274,2.45616,-0.107922,-0.265075,FRENET,0.423504,0.0385636,0.423504,0.385949,0.0385636,0.384538,0
0.556069,-9.05709,7.52711,0.0527274,2.45616,-0.107922,-0.265075,FRENET,0.423504,0.0385636,0.423504,0.385949,0.0385636,0.384538,0
0.560036,-9.03251,7.52832,0.0517102,2.46526,-0.111893,-0.275845,FRENET,0.423504,0.0385636,0.423504,0.385949,0.0385636,0.384538,0
0.564066,-9.03251,7.52832,0.0517102,2.46526,-0.111893,-0.275845,FRENET,0.423504,0.0385636,0.423504,0.385949,0.0385636,0.384538,0
0.568684,-9.00785,7.5295,0.050525,2.47393,-0.108719,-0.268963,FRENET,0.423504,0.0385636,0.423504,0.385949,0.0385636,0.384538,0
0.57207,-9.00785,7.5295,0.050525,2.47393,-0.108719,-0.268963,FRENET,0.423504,0.0385636,0.423504,0.385949,0.0385636,0.384538,0
0.576063,-9.00785,7.5295,0.050525,2.47393,-0.108719,-0.268963,FRENET,0.423504,0.0385636,0.423504,0.385949,0.0385636,0.384538,0
0.580068,-8.98303,7.53067,0.0495043,2.49407,-0.111108,-0.277112,FRENET,0.447359,0.0497606,0.447359,0.382493,0.0497606,0.386457,0
0.584065,-8.98303,7.53067,0.0495043,2.49407,-0.111108,-0.277112,FRENET,0.447359,0.0497606,0.447359,0.382493,0.0497606,0.386457,0
0.588644,-8.95799,7.53181,0.0483385,2.51919,-0.107026,-0.269618,FRENET,0.447359,0.0497606,0.447359,0.382493,0.0497606,0.386457,0
0.592032,-8.95799,7.53181,0.0483385,2.51919,-0.107026,-0.269618,FRENET,0.447359,0.0497606,0.447359,0.382493,0.0497606,0.386457,0
0.596075,-8.95799,7.53181,0.0483385,2.51919,-0.107026,-0.269618,FRENET,0.447359,0.0497606,0.447359,0.382493,0.0497606,0.386457,0
0.600068,-8.93265,7.53295,0.0473338,2.55499,-0.108497,-0.277209,FRENET,0.447359,0.0497606,0.447359,0.382493,0.0497606,0.386457,0
0.604048,-8.93265,7.53295,0.0473338,2.55499,-0.108497,-0.277209,FRENET,0.447359,0.0497606,0.447359,0.382493,0.0497606,0.386457,0
0.6087,-8.90695,7.53407,0.0461927,2.58909,-0.105359,-0.272783,FRENET,0.447359,0.0497606,0.447359,0.382493,0.0497606,0.386457,0
0.612067,-8.90695,7.53407,0.0461927,2.58909,-0.105359,-0.272783,FRENET,0.447359,0.0497606,0.447359,0.382493,0.0497606,0.386457,0
0.616067,-8.90695,7.53407,0.0461927,2.58909,-0.105359,-0.272783,FRENET,0.447359,0.0497606,0.447359,0.382493,0.0497606,0.386457,0
0.620066,-8.88092,7.53519,0.0451953,2.62158,-0.108771,-0.285151,FRENET,0.447359,0.0497606,0.447359,0.382493,0.0497606,0.386457,0
0.624065,-8.88092,7.53519,0.0451953,2.62158,-0.108771,-0.285151,FRENET,0.447359,0.0497606,0.447359,0.382493,0.0497606,0.386457,0
0.628717,-8.85457,7.53628,0.044044,2.65251,-0.106787,-0.283253,FRENET,0.449523,0.0497606,0.449523,0.375732,0.0497606,0.394958,0
0.632064,-8.85457,7.53628,0.044044,2.65251,-0.106787,-0.283253,FRENET,0.449523,0.0497606,0.449523,0.375732,0.0497606,0.394958,0
0.636066,-8.85457,7.53628,0.044044,2.65251,-0.106787,-0.283253,FRENET,0.449523,0.0497606,0.449523,0.375732,0.0497606,0.394958,0
0.640065,-8.82792,7.53737,0.0430299,2.68198,-0.110834,-0.297255,FRENET,0.449523,0.0497606,0.449523,0.375732,0.0497606,0.394958,0
0.644066,-8.82792,7.53737,0.0430299,2.68198,-0.110834,-0.297255,FRENET,0.449523,0.0497606,0.449523,0.375732,0.0497606,0.394958,0
0.648665,-8.80098,7.53843,0.041855,2.71004,-0.109201,-0.29594,FRENET,0.449523,0.0497606,0.449523,0.375732,0.0497606,0.394958,0
0.652069,-8.80098,7.53843,0.041855,2.71004,-0.109201,-0.29594,FRENET,0.449523,0.0497606,0.449523,0.375732,0.0497606,0.394958,0
0.65607,-8.80098,7.53843,0.041855,2.71004,-0.109201,-0.29594,FRENET,0.449523,0.0497606,0.449523,0.375732,0.0497606,0.394958,0
0.660069,-8.77377,7.53949,0.0408169,2.73677,-0.113398,-0.310344,FRENET,0.449523,0.0497606,0.449523,0.375732,0.0497606,0.394958,0
0.664059,-8.77377,7.53949,0.0408169,2.73677,-0.113398,-0.310344,FRENET,0.449523,0.0497606,0.449523,0.375732,0.0497606,0.394958,0
0.668678,-8.7463,7.54051,0.0396151,2.76223,-0.111819,-0.30887,FRENET,0.449523,0.0497606,0.449523,0.375732,0.0497606,0.394958,0
0.672072,-8.7463,7.54051,0.0396151,2.76223,-0.111819,-0.30887,FRENET,0.449523,0.0497606,0.449523,0.375732,0.0497606,0.394958,0
0.676047,-8.7463,7.54051,0.0396151,2.76223,-0.111819,-0.30887,FRENET,0.449523,0.0497606,0.449523,0.375732,0.0497606,0.394958,0
0.680049,-8.71857,7.54153,0.0385519,2.78648,-0.115989,-0.323202,FRENET,0.445599,0.0497606,0.445599,0.50454,0.0497606,0.342454,0
0.684053,-8.71857,7.54153,0.0385519,2.78648,-0.115989,-0.323202,FRENET,0.445599,0.0497606,0.445599,0.50454,0.0497606,0.342454,0
0.688698,-8.69061,7.54252,0.0373235,2.80958,-0.11436,-0.321304,FRENET,0.445599,0.0497606,0.445599,0.50454,0.0497606,0.342454,0
0.692051,-8.69061,7.54252,0.0373235,2.80958,-0.11436,-0.321304,FRENET,0.445599,0.0497606,0.445599,0.50454,0.0497606,0.342454,0
0.696069,-8.69061,7.54252,0.0373235,2.80958,-0.11436,-0.321304,FRENET,0.445599,0.0497606,0.445599,0.50454,0.0497606,0.342454,0
0.700063,-8.66242,7.5435,0.0362361,2.83157,-0.118449,-0.335396,FRENET,0.445599,0.0497606,0.445599,0.50454,0.0497606,0.342454,0
0.70408,-8.66242,7.5435,0.0362361,2.83157,-0.118449,-0.335396,FRENET,0.445599,0.0497606,0.445599,0.50454,0.0497606,0.342454,0
0.708733,-8.63401,7.54444,0.0349827,2.85253,-0.11674,-0.333002,FRENET,0.445599,0.0497606,0.445599,0.50454,0.0497606,0.342454,0
0.71206,-8.63401,7.54444,0.0349827,2.85253,-0.11674,-0.333002,FRENET,0.445599,0.0497606,0.445599,0.50454,0.0497606,0.342454,0
0.716058,-8.63401,7.54444,0.0349827,2.85253,-0.11674,-0.333002,FRENET,0.445599,0.0497606,0.445599,0.50454,0.0497606,0.342454,0
0.72006,-8.6054,7.54537,0.0338728,2.87248,-0.120734,-0.346805,FRENET,0.445599,0.0497606,0.445599,0.50454,0.0497606,0.342454,0
0.724055,-8.6054,7.54537,0.0338728,2.87248,-0.120734,-0.346805,FRENET,0.445599,0.0497606,0.445599,0.50454,0.0497606,0.342454,0
0.728695,-8.5766,7.54626,0.0325963,2.89149,-0.11894,-0.343913,FRENET,0.438081,0.0497606,0.438081,0.475829,0.0497606,0.356665,0
0.732049,-8.5766,7.54626,0.0325963,2.89149,-0.11894,-0.343913,FRENET,0.438081,0.0497606,0.438081,0.475829,0.0497606,0.356665,0
0.736073,-8.5766,7.54626,0.0325963,2.89149,-0.11894,-0.343913,FRENET,0.438081,0.0497606,0.438081,0.475829,0.0497606,0.356665,0
0.740053,-8.54761,7.54713,0.0314654,2.90959,-0.122843,-0.357422,FRENET,0.438081,0.0497606,0.438081,0.475829,0.0497606,0.356665,0
0.744059,-8.54761,7.54713,0.0314654,2.90959,-0.122843,-0.357422,FRENET,0.438081,0.0497606,0.438081,0.475829,0.0497606,0.356665,0
0.748687,-8.51844,7.54797,0.0301676,2.92683,-0.120969,-0.354055,FRENET,0.438081,0.0497606,0.438081,0.475829,0.0497606,0.356665,0
0.752057,-8.51844,7.54797,0.0301676,2.92683,-0.120969,-0.354055,FRENET,0.438081,0.0497606,0.438081,0.475829,0.0497606,0.356665,0
0.756055,-8.51844,7.54797,0.0301676,2.92683,-0.120969,-0.354055,FRENET,0.438081,0.0497606,0.438081,0.475829,0.0497606,0.356665,0
0.760057,-8.4891,7.54879,0.0290176,2.94325,-0.124787,-0.367281,FRENET,0.438081,0.0497606,0.438081,0.475829,0.0497606,0.356665,0
0.764058,-8.4891,7.54879,0.0290176,2.94325,-0.124787,-0.367281,FRENET,0.438081,0.0497606,0.438081,0.475829,0.0497606,0.356665,0
0.768706,-8.45954,7.54958,0.0277139,2.97078,-0.121119,-0.359819,FRENET,0.438081,0.0497606,0.438081,0.475829,0.0497606,0.356665,0
0.772058,-8.45954,7.54958,0.0277139,2.97078,-0.121119,-0.359819,FRENET,0.438081,0.0497606,0.438081,0.475829,0.0497606,0.356665,0
0.776059,-8.45954,7.54958,0.0277139,2.97078,-0.121119,-0.359819,FRENET,0.438081,0.0497606,0.438081,0.475829,0.0497606,0.356665,0
0.780058,-8.42971,7.55034,0.0265661,2.997,-0.123548,-0.370273,FRENET,0.469989,0.0536099,0.469989,0.510544,0.0536099,0.167716,0
0.78406,-8.42971,7.55034,0.0265661,2.997,-0.123548,-0.370273,FRENET,0.469989,0.0536099,0.469989,0.510544,0.0536099,0.167716,0
0.788703,-8.39961,7.55107,0.0252694,3.02418,-0.120886,-0.365582,FRENET,0.469989,0.0536099,0.469989,0.510544,0.0536099,0.167716,0
0.79205,-8.39961,7.55107,0.0252694,3.02418,-0.120886,-0.365582,FRENET,0.469989,0.0536099,0.469989,0.510544,0.0536099,0.167716,0
0.796069,-8.39961,7.55107,0.0252694,3.02418,-0.120886,-0.365582,FRENET,0.469989,0.0536099,0.469989,0.510544,0.0536099,0.167716,0
0.800059,-8.36925,7.55178,0.0241208,3.05007,-0.123922,-0.377971,FRENET,0.469989,0.0536099,0.469989,0.510544,0.0536099,0.167716,0
0.804056,-8.36925,7.55178,0.0241208,3.05007,-0.123922,-0.377971,FRENET,0.469989,0.0536099,0.469989,0.510544,0.0536099,0.167716,0
0.808707,-8.33863,7.55245,0.0228151,3.07472,-0.122065,-0.375318,FRENET,0.469989,0.0536099,0.469989,0.510544,0.0536099,0.167716,0
0.812057,-8.33863,7.55245,0.0228151,3.07472,-0.122065,-0.375318,FRENET,0.469989,0.0536099,0.469989,0.510544,0.0536099,0.167716,0
0.816054,-8.33863,7.55245,0.0228151,3.07472,-0.122065,-0.375318,FRENET,0.469989,0.0536099,0.469989,0.510544,0.0536099,0.167716,0
0.820056,-8.30777,7.55311,0.0216528,3.09821,-0.125601,-0.389138,FRENET,0.469989,0.0536099,0.469989,0.510544,0.0536099,0.167716,0
0.824074,-8.30777,7.55311,0.0216528,3.09821,-0.125601,-0.389138,FRENET,0.469989,0.0536099,0.469989,0.510544,0.0536099,0.167716,0
0.828698,-8.27669,7.55372,0.0203279,3.12058,-0.124043,-0.387087,FRENET,0.456964,0.0536099,0.456964,0.507955,0.0536099,0.133052,0
0.832061,-8.27669,7.55372,0.0203279,3.12058,-0.124043,-0.387087,FRENET,0.456964,0.0536099,0.456964,0.507955,0.0536099,0.133052,0
0.836055,-8.27669,7.55372,0.0203279,3.12058,-0.124043,-0.387087,FRENET,0.456964,0.0536099,0.456964,0.507955,0.0536099,0.133052,0
0.840056,-8.24538,7.5543,0.0191458,3.14188,-0.127741,-0.401347,FRENET,0.456964,0.0536099,0.456964,0.507955,0.0536099,0.133052,0
0.844058,-8.24538,7.5543,0.0191458,3.14188,-0.127741,-0.401347,FRENET,0.456964,0.0536099,0.456964,0.507955,0.0536099,0.133052,0
0.848706,-8.21386,7.55485,0.0177983,3.16217,-0.126257,-0.399247,FRENET,0.456964,0.0536099,0.456964,0.507955,0.0536099,0.133052,0
0.852058,-8.21386,7.55485,0.0177983,3.16217,-0.126257,-0.399247,FRENET,0.456964,0.0536099,0.456964,0.507955,0.0536099,0.133052,0
0.856058,-8.21386,7.55485,0.0177983,3.16217,-0.126257,-0.399247,FRENET,0.456964,0.0536099,0.456964,0.507955,0.0536099,0.133052,0
0.860058,-8.18215,7.55537,0.0165946,3.1815,-0.12997,-0.413498,FRENET,0.456964,0.0536099,0.456964,0.507955,0.0536099,0.133052,0
0.864054,-8.18215,7.55537,0.0165946,3.1815,-0.12997,-0.413498,FRENET,0.456964,0.0536099,0.456964,0.507955,0.0536099,0.133052,0
0.868705,-8.15025,7.55585,0.0152242,3.1999,-0.128464,-0.411072,FRENET,0.456964,0.0536099,0.456964,0.507955,0.0536099,0.133052,0
0.872058,-8.15025,7.55585,0.0152242,3.1999,-0.128464,-0.411072,FRENET,0.456964,0.0536099,0.456964,0.507955,0.0536099,0.133052,0
0.876059,-8.15025,7.55585,0.0152242,3.1999,-0.128464,-0.411072,FRENET,0.456964,0.0536099,0.456964,0.507955,0.0536099,0.133052,0
0.880039,-8.11816,7.5563,0.0139994,3.21744,-0.13213,-0.425121,FRENET,0.460524,0.0536099,0.460524,0.509622,0.0536099,0.222406,0
0.884055,-8.11816,7.5563,0.0139994,3.21744,-0.13213,-0.425121,FRENET,0.460524,0.0536099,0.460524,0.509622,0.0536099,0.222406,0
0.888695,-8.08591,7.5567,0.0126071,3.23413,-0.130565,-0.422266,FRENET,0.460524,0.0536099,0.460524,0.509622,0.0536099,0.222406,0
0.892054,-8.08591,7.5567,0.0126071,3.23413,-0.130565,-0.422266,FRENET,0.460524,0.0536099,0.460524,0.509622,0.0536099,0.222406,0
0.896064,-8.08591,7.5567,0.0126071,3.23413,-0.130565,-0.422266,FRENET,0.460524,0.0536099,0.460524,0.509622,0.0536099,0.222406,0
0.90005,-8.05349,7.55708,0.0113622,3.25004,-0.134164,-0.436039,FRENET,0.460524,0.0536099,0.460524,0.509622,0.0536099,0.222406,0
0.904059,-8.05349,7.55708,0.0113622,3.25004,-0.134164,-0.436039,FRENET,0.460524,0.0536099,0.460524,0.509622,0.0536099,0.222406,0
0.908705,-8.02091,7.5574,0.00994932,3.26519,-0.132529,-0.432731,FRENET,0.460524,0.0536099,0.460524,0.509622,0.0536099,0.222406,0
0.912059,-8.02091,7.5574,0.00994932,3.26519,-0.132529,-0.432731,FRENET,0.460524,0.0536099,0.460524,0.509622,0.0536099,0.222406,0
0.916058,-8.02091,7.5574,0.00994932,3.26519,-0.132529,-0.432731,FRENET,0.460524,0.0536099,0.460524,0.509622,0.0536099,0.222406,0
0.920062,-7.98819,7.5577,0.00868576,3.27961,-0.136055,-0.446209,FRENET,0.460524,0.0536099,0.460524,0.509622,0.0536099,0.222406,0
0.924047,-7.98819,7.5577,0.00868576,3.27961,-0.136055,-0.446209,FRENET,0.460524,0.0536099,0.460524,0.509622,0.0536099,0.222406,0
0.928742,-7.95533,7.55795,0.00725378,3.29336,-0.134348,-0.442456,FRENET,0.44852,0.0536099,0.44852,0.50087,0.0536099,0.227278,0
0.932039,-7.95533,7.55795,0.00725378,3.29336,-0.134348,-0.442456,FRENET,0.44852,0.0536099,0.44852,0.50087,0.0536099,0.227278,0
0.936049,-7.95533,7.55795,0.00725378,3.29336,-0.134348,-0.442456,FRENET,0.44852,0.0536099,0.44852,0.50087,0.0536099,0.227278,0
0.939999,-7.92233,7.55817,0.00597289,3.30644,-0.137805,-0.455644,FRENET,0.44852,0.0536099,0.44852,0.50087,0.0536099,0.227278,0
0.944001,-7.92233,7.55817,0.00597289,3.30644,-0.137805,-0.455644,FRENET,0.44852,0.0536099,0.44852,0.50087,0.0536099,0.227278,0
0.948646,-7.88914,7.55833,0.00454009,3.3308,-0.133733,-0.445438,FRENET,0.44852,0.0536099,0.44852,0.50087,0.0536099,0.227278,0
0.951995,-7.88914,7.55833,0.00454009,3.3308,-0.133733,-0.445438,FRENET,0.44852,0.0536099,0.44852,0.50087,0.0536099,0.227278,0
0.956006,-7.88914,7.55833,0.00454009,3.3308,-0.133733,-0.445438,FRENET,0.44852,0.0536099,0.44852,0.50087,0.0536099,0.227278,0
0.959995,-7.85572,7.55847,0.00327104,3.35399,-0.135402,-0.454138,FRENET,0.44852,0.0536099,0.44852,0.50087,0.0536099,0.227278,0
0.964042,-7.85572,7.55847,0.00327104,3.35399,-0.135402,-0.454138,FRENET,0.44852,0.0536099,0.44852,0.50087,0.0536099,0.227278,0
0.968649,-7.82207,7.55855,0.00185309,3.37608,-0.132904,-0.448695,FRENET,0.44852,0.0536099,0.44852,0.50087,0.0536099,0.227278,0
0.971996,-7.82207,7.55855,0.00185309,3.37608,-0.132904,-0.448695,FRENET,0.44852,0.0536099,0.44852,0.50087,0.0536099,0.227278,0
0.975995,-7.82207,7.55855,0.00185309,3.37608,-0.132904,-0.448695,FRENET,0.44852,0.0536099,0.44852,0.50087,0.0536099,0.227278,0
0.980039,-7.7882,7.55861,0.000587406,3.39713,-0.135652,-0.460828,FRENET,0.461062,0.168442,0.461062,0.440719,0.168442,0.365194,0
0.984037,-7.7882,7.55861,0.000587406,3.39713,-0.135652,-0.460828,FRENET,0.461062,0.168442,0.461062,0.440719,0.168442,0.365194,0
0.988688,-7.75419,7.5586,-0.000854175,3.40581,-0.136165,-0.463754,FRENET,0.461062,0.168442,0.461062,0.440719,0.168442,0.365194,0
0.99204,-7.75419,7.5586,-0.000854175,3.40581,-0.136165,-0.463754,FRENET,0.461062,0.168442,0.461062,0.440719,0.168442,0.365194,0
0.996053,-7.75419,7.5586,-0.000854175,3.40581,-0.136165,-0.463754,FRENET,0.461062,0.168442,0.461062,0.440719,0.168442,0.365194,0
1,-7.72009,7.55857,-0.00215938,3.41408,-0.141115,-0.481778,FRENET,0.461062,0.168442,0.461062,0.440719,0.168442,0.365194,0
1.00404,-7.72009,7.55857,-0.00215938,3.41408,-0.141115,-0.481778,FRENET,0.461062,0.168442,0.461062,0.440719,0.168442,0.365194,0
1.00866,-7.68586,7.55848,-0.00363343,3.43251,-0.13815,-0.474202,FRENET,0.461062,0.168442,0.461062,0.440719,0.168442,0.365194,0
1.01204,-7.68586,7.55848,-0.00363343,3.43251,-0.13815,-0.474202,FRENET,0.461062,0.168442,0.461062,0.440719,0.168442,0.365194,0
1.01604,-7.68586,7.55848,-0.00363343,3.43251,-0.13815,-0.474202,FRENET,0.461062,0.168442,0.461062,0.440719,0.168442,0.365194,0
1.02004,-7.65144,7.55837,-0.00465982,3.45006,-0.0556772,-0.19209,FRENET,0.461062,0.168442,0.461062,0.440719,0.168442,0.365194,0
1.02404,-7.65144,7.55837,-0.00465982,3.45006,-0.0556772,-0.19209,FRENET,0.461062,0.168442,0.461062,0.440719,0.168442,0.365194,0
1.02869,-7.61686,7.55831,-0.00484184,3.46678,0.000427533,0.00148216,FRENET,0.476294,0.168442,0.476294,0,0.168442,0.547845,0
1.03204,-7.61686,7.55831,-0.00484184,3.46678,0.000427533,0.00148216,FRENET,0.476294,0.168442,0.476294,0,0.168442,0.547845,0
1.03604,-7.61686,7.55831,-0.00484184,3.46678,0.000427533,0.00148216,FRENET,0.476294,0.168442,0.476294,0,0.168442,0.547845,0
1.04005,-7.58211,7.55825,-0.00467967,3.48271,0.0454949,0.158445,FRENET,0.476294,0.168442,0.476294,0,0.168442,0.547845,0
1.04405,-7.58211,7.55825,-0.00467967,3.48271,0.0454949,0.158445,FRENET,0.476294,0.168442,0.476294,0,0.168442,0.547845,0
1.04869,-7.54721,7.55823,-0.00399438,3.49787,0.0740261,0.258934,FRENET,0.476294,0.168442,0.476294,0,0.168442,0.547845,0
1.05204,-7.54721,7.55823,-0.00399438,3.49787,0.0740261,0.258934,FRENET,0.476294,0.168442,0.476294,0,0.168442,0.547845,0
1.05601,-7.54721,7.55823,-0.00399438,3.49787,0.0740261,0.258934,FRENET,0.476294,0.168442,0.476294,0,0.168442,0.547845,0
1.06004,-7.51216,7.55821,-0.00320334,3.51232,0.0988321,0.34713,FRENET,0.476294,0.168442,0.476294,0,0.168442,0.547845,0
1.06404,-7.51216,7.55821,-0.00320334,3.51232,0.0988321,0.34713,FRENET,0.476294,0.168442,0.476294,0,0.168442,0.547845,0
1.06865,-7.47697,7.55824,-0.00206228,3.52608,0.11252,0.396753,FRENET,0.476294,0.168442,0.476294,0,0.168442,0.547845,0
1.07204,-7.47697,7.55824,-0.00206228,3.52608,0.11252,0.396753,FRENET,0.476294,0.168442,0.476294,0,0.168442,0.547845,0
1.076,-7.47697,7.55824,-0.00206228,3.52608,0.11252,0.396753,FRENET,0.476294,0.168442,0.476294,0,0.168442,0.547845,0
1.08004,-7.44164,7.55827,-0.000943833,3.53918,0.126496,0.447694,FRENET,0.486065,0.168442,0.486065,0.460958,0.168442,0.355479,0
1.08406,-7.44164,7.55827,-0.000943833,3.53918,0.126496,0.447694,FRENET,0.486065,0.168442,0.486065,0.460958,0.168442,0.355479,0
1.08876,-7.40619,7.55835,0.000432874,3.55166,0.132313,0.469931,FRENET,0.486065,0.168442,0.486065,0.460958,0.168442,0.355479,0
1.09204,-7.40619,7.55835,0.000432874,3.55166,0.132313,0.469931,FRENET,0.486065,0.168442,0.486065,0.460958,0.168442,0.355479,0
1.09605,-7.40619,7.55835,0.000432874,3.55166,0.132313,0.469931,FRENET,0.486065,0.168442,0.486065,0.460958,0.168442,0.355479,0
1.10004,-7.37061,7.55845,0.0017188,3.56355,0.1406,0.501037,FRENET,0.486065,0.168442,0.486065,0.460958,0.168442,0.355479,0
1.10404,-7.37061,7.55845,0.0017188,3.56355,0.1406,0.501037,FRENET,0.486065,0.168442,0.486065,0.460958,0.168442,0.355479,0
1.1087,-7.33492,7.55859,0.00321537,3.57487,0.142324,0.50879,FRENET,0.486065,0.168442,0.486065,0.460958,0.168442,0.355479,0
1.11204,-7.33492,7.55859,0.00321537,3.57487,0.142324,0.50879,FRENET,0.486065,0.168442,0.486065,0.460958,0.168442,0.355479,0
1.11604,-7.33492,7.55859,0.00321537,3.57487,0.142324,0.50879,FRENET,0.486065,0.168442,0.486065,0.460958,0.168442,0.355479,0
1.12004,-7.29912,7.55876,0.00458555,3.58566,0.14769,0.529565,FRENET,0.486065,0.168442,0.486065,0.460958,0.168442,0.355479,0
1.12403,-7.29912,7.55876,0.00458555,3.58566,0.14769,0.529565,FRENET,0.486065,0.168442,0.486065,0.460958,0.168442,0.355479,0
1.12869,-7.26321,7.55898,0.00614243,3.59593,0.14734,0.529823,FRENET,0.48866,0.168442,0.48866,0.512571,0.168442,0.337824,0
1.13204,-7.26321,7.55898,0.00614243,3.59593,0.14734,0.529823,FRENET,0.48866,0.168442,0.48866,0.512571,0.168442,0.337824,0
1.13604,-7.26321,7.55898,0.00614243,3.59593,0.14734,0.529823,FRENET,0.48866,0.168442,0.48866,0.512571,0.168442,0.337824,0
1.14005,-7.2272,7.55923,0.00755468,3.60571,0.15125,0.545365,FRENET,0.48866,0.168442,0.48866,0.512571,0.168442,0.337824,0
1.14404,-7.2272,7.55923,0.00755468,3.60571,0.15125,0.545365,FRENET,0.48866,0.168442,0.48866,0.512571,0.168442,0.337824,0
1.14869,-7.1911,7.55954,0.00914214,3.61503,0.149886,0.541843,FRENET,0.48866,0.168442,0.48866,0.512571,0.168442,0.337824,0
1.15204,-7.1911,7.55954,0.00914214,3.61503,0.149886,0.541843,FRENET,0.48866,0.168442,0.48866,0.512571,0.168442,0.337824,0
1.15604,-7.1911,7.55954,0.00914214,3.61503,0.149886,0.541843,FRENET,0.48866,0.168442,0.48866,0.512571,0.168442,0.337824,0
1.16004,-7.15491,7.55987,0.0105758,3.62391,0.153102,0.554828,FRENET,0.48866,0.168442,0.48866,0.512571,0.168442,0.337824,0
1.16404,-7.15491,7.55987,0.0105758,3.62391,0.153102,0.554828,FRENET,0.48866,0.168442,0.48866,0.512571,0.168442,0.337824,0
1.16869,-7.11863,7.56027,0.0121796,3.63236,0.151267,0.549456,FRENET,0.48866,0.168442,0.48866,0.512571,0.168442,0.337824,0
1.17204,-7.11863,7.56027,0.0121796,3.63236,0.151267,0.549456,FRENET,0.48866,0.168442,0.48866,0.512571,0.168442,0.337824,0
1.17605,-7.11863,7.56027,0.0121796,3.63236,0.151267,0.549456,FRENET,0.48866,0.168442,0.48866,0.512571,0.168442,0.337824,0
1.18004,-7.08222,7.5607,0.0136157,3.6504,0.151669,0.553653,FRENET,0.496646,0.177181,0.496646,0.300214,0.177181,0.42156,0
1.18403,-7.08222,7.5607,0.0136157,3.6504,0.151669,0.553653,FRENET,0.496646,0.177181,0.496646,0.300214,0.177181,0.42156,0
1.18866,-7.04567,7.5612,0.015207,3.659,0.150211,0.549621,FRENET,0.496646,0.177181,0.496646,0.300214,0.177181,0.42156,0
1.19203,-7.04567,7.5612,0.015207,3.659,0.150211,0.549621,FRENET,0.496646,0.177181,0.496646,0.300214,0.177181,0.42156,0
1.19606,-7.04567,7.5612,0.015207,3.659,0.150211,0.549621,FRENET,0.496646,0.177181,0.496646,0.300214,0.177181,0.42156,0
1.20005,-7.00904,7.56173,0.0166435,3.6672,0.153401,0.56255,FRENET,0.496646,0.177181,0.496646,0.300214,0.177181,0.42156,0
1.20406,-7.00904,7.56173,0.0166435,3.6672,0.153401,0.56255,FRENET,0.496646,0.177181,0.496646,0.300214,0.177181,0.42156,0
1.20871,-6.97234,7.56232,0.0182508,3.675,0.151641,0.557282,FRENET,0.496646,0.177181,0.496646,0.300214,0.177181,0.42156,0
1.21205,-6.97234,7.56232,0.0182508,3.675,0.151641,0.557282,FRENET,0.496646,0.177181,0.496646,0.300214,0.177181,0.42156,0
1.21605,-6.97234,7.56232,0.0182508,3.675,0.151641,0.557282,FRENET,0.496646,0.177181,0.496646,0.300214,0.177181,0.42156,0
1.22005,-6.93556,7.56293,0.0193966,3.68243,0.0652668,0.240341,FRENET,0.496646,0.177181,0.496646,0.300214,0.177181,0.42156,0
1.22405,-6.93556,7.56293,0.0193966,3.68243,0.0652668,0.240341,FRENET,0.496646,0.177181,0.496646,0.300214,0.177181,0.42156,0
1.22869,-6.8987,7.56351,0.0196515,3.68951,0.00530926,0.0195886,FRENET,0.505769,0.177181,0.505769,0.517478,0.177181,0.242414,0
1.23206,-6.8987,7.56351,0.0196515,3.68951,0.00530926,0.0195886,FRENET,0.505769,0.177181,0.505769,0.517478,0.177181,0.242414,0
1.23607,-6.8987,7.56351,0.0196515,3.68951,0.00530926,0.0195886,FRENET,0.505769,0.177181,0.505769,0.517478,0.177181,0.242414,0
1.24005,-6.86178,7.56408,0.0195324,3.69626,-0.0432489,-0.159859,FRENET,0.505769,0.177181,0.505769,0.517478,0.177181,0.242414,0
1.24407,-6.86178,7.56408,0.0195324,3.69626,-0.0432489,-0.159859,FRENET,0.505769,0.177181,0.505769,0.517478,0.177181,0.242414,0
1.24867,-6.82479,7.56462,0.0188508,3.70268,-0.0748165,-0.277022,FRENET,0.505769,0.177181,0.505769,0.517478,0.177181,0.242414,0
1.25207,-6.82479,7.56462,0.0188508,3.70268,-0.0748165,-0.277022,FRENET,0.505769,0.177181,0.505769,0.517478,0.177181,0.242414,0
1.25608,-6.82479,7.56462,0.0188508,3.70268,-0.0748165,-0.277022,FRENET,0.505769,0.177181,0.505769,0.517478,0.177181,0.242414,0
1.26006,-6.78773,7.56516,0.018042,3.7088,-0.102127,-0.37877,FRENET,0.505769,0.177181,0.505769,0.517478,0.177181,0.242414,0
1.26406,-6.78773,7.56516,0.018042,3.7088,-0.102127,-0.37877,FRENET,0.505769,0.177181,0.505769,0.517478,0.177181,0.242414,0
1.26873,-6.75062,7.56567,0.0168546,3.71463,-0.117843,-0.437743,FRENET,0.505769,0.177181,0.505769,0.517478,0.177181,0.242414,0
1.27202,-6.75062,7.56567,0.0168546,3.71463,-0.117843,-0.437743,FRENET,0.505769,0.177181,0.505769,0.517478,0.177181,0.242414,0
1.27603,-6.75062,7.56567,0.0168546,3.71463,-0.117843,-0.437743,FRENET,0.505769,0.177181,0.505769,0.517478,0.177181,0.242414,0
1.28003,-6.71345,7.56616,0.0156776,3.72018,-0.133373,-0.496172,FRENET,0.511995,0.177181,0.511995,0.521045,0.177181,0.239664,0
1.28402,-6.71345,7.56616,0.0156776,3.72018,-0.133373,-0.496172,FRENET,0.511995,0.177181,0.511995,0.521045,0.177181,0.239664,0
1.28868,-6.67622,7.56662,0.0142233,3.72546,-0.140368,-0.522936,FRENET,0.511995,0.177181,0.511995,0.521045,0.177181,0.239664,0
1.29202,-6.67622,7.56662,0.0142233,3.72546,-0.140368,-0.522936,FRENET,0.511995,0.177181,0.511995,0.521045,0.177181,0.239664,0
1.29602,-6.67622,7.56662,0.0142233,3.72546,-0.140368,-0.522936,FRENET,0.511995,0.177181,0.511995,0.521045,0.177181,0.239664,0
1.30001,-6.63895,7.56705,0.0128551,3.7305,-0.149475,-0.557616,FRENET,0.511995,0.177181,0.511995,0.521045,0.177181,0.239664,0
1.30403,-6.63895,7.56705,0.0128551,3.7305,-0.149475,-0.557616,FRENET,0.511995,0.177181,0.511995,0.521045,0.177181,0.239664,0
1.30867,-6.60162,7.56745,0.0112644,3.73529,-0.151762,-0.566876,FRENET,0.511995,0.177181,0.511995,0.521045,0.177181,0.239664,0
1.31202,-6.60162,7.56745,0.0112644,3.73529,-0.151762,-0.566876,FRENET,0.511995,0.177181,0.511995,0.521045,0.177181,0.239664,0
1.31602,-6.60162,7.56745,0.0112644,3.73529,-0.151762,-0.566876,FRENET,0.511995,0.177181,0.511995,0.521045,0.177181,0.239664,0
1.32001,-6.56424,7.56781,0.00980044,3.73986,-0.157443,-0.588813,FRENET,0.511995,0.177181,0.511995,0.521045,0.177181,0.239664,0
1.32402,-6.56424,7.56781,0.00980044,3.73986,-0.157443,-0.588813,FRENET,0.511995,0.177181,0.511995,0.521045,0.177181,0.239664,0
1.32868,-6.52683,7.56813,0.00814295,3.74421,-0.157252,-0.588785,FRENET,0.510676,0.1761,0.510676,0.32526,0.1761,0.415546,0
1.33202,-6.52683,7.56813,0.00814295,3.74421,-0.157252,-0.588785,FRENET,0.510676,0.1761,0.510676,0.32526,0.1761,0.415546,0
1.33602,-6.52683,7.56813,0.00814295,3.74421,-0.157252,-0.588785,FRENET,0.510676,0.1761,0.510676,0.32526,0.1761,0.415546,0
1.34001,-6.48935,7.56844,0.00694084,3.75089,-0.0707721,-0.265459,FRENET,0.510676,0.1761,0.510676,0.32526,0.1761,0.415546,0
1.34402,-6.48935,7.56844,0.00694084,3.75089,-0.0707721,-0.265459,FRENET,0.510676,0.1761,0.510676,0.32526,0.1761,0.415546,0
1.34868,-6.45181,7.5688,0.00663395,3.75726,-0.0101881,-0.0382794,FRENET,0.510676,0.1761,0.510676,0.32526,0.1761,0.415546,0
1.35202,-6.45181,7.5688,0.00663395,3.75726,-0.0101881,-0.0382794,FRENET,0.510676,0.1761,0.510676,0.32526,0.1761,0.415546,0
1.35603,-6.45181,7.5688,0.00663395,3.75726,-0.0101881,-0.0382794,FRENET,0.510676,0.1761,0.510676,0.32526,0.1761,0.415546,0
1.36001,-6.41421,7.56913,0.00640188,3.76333,-0.0509194,-0.191627,FRENET,0.510676,0.1761,0.510676,0.32526,0.1761,0.415546,0
1.36404,-6.41421,7.56913,0.00640188,3.76333,-0.0509194,-0.191627,FRENET,0.510676,0.1761,0.510676,0.32526,0.1761,0.415546,0
1.36868,-6.37655,7.56941,0.00567034,3.76911,-0.0774597,-0.291954,FRENET,0.510676,0.1761,0.510676,0.32526,0.1761,0.415546,0
1.37202,-6.37655,7.56941,0.00567034,3.76911,-0.0774597,-0.291954,FRENET,0.510676,0.1761,0.510676,0.32526,0.1761,0.415546,0
1.37602,-6.37655,7.56941,0.00567034,3.76911,-0.0774597,-0.291954,FRENET,0.510676,0.1761,0.510676,0.32526,0.1761,0.415546,0
1.38004,-6.33883,7.56965,0.00485258,3.77461,-0.101592,-0.383471,FRENET,0.503285,0.1761,0.503285,0.126893,0.1761,0.495744,0
1.38405,-6.33883,7.56965,0.00485258,3.77461,-0.101592,-0.383471,FRENET,0.503285,0.1761,0.503285,0.126893,0.1761,0.495744,0
1.38867,-6.30106,7.56984,0.00368009,3.77985,-0.115522,-0.436658,FRENET,0.503285,0.1761,0.503285,0.126893,0.1761,0.495744,0
1.39201,-6.30106,7.56984,0.00368009,3.77985,-0.115522,-0.436658,FRENET,0.503285,0.1761,0.503285,0.126893,0.1761,0.495744,0
1.39604,-6.30106,7.56984,0.00368009,3.77985,-0.115522,-0.436658,FRENET,0.503285,0.1761,0.503285,0.126893,0.1761,0.495744,0
1.40003,-6.2632,7.56999,0.0025377,3.79125,-0.128544,-0.487342,FRENET,0.503285,0.1761,0.503285,0.126893,0.1761,0.495744,0
1.40406,-6.2632,7.56999,0.0025377,3.79125,-0.128544,-0.487342,FRENET,0.503285,0.1761,0.503285,0.126893,0.1761,0.495744,0
1.40865,-6.22524,7.57008,0.0011403,3.8021,-0.134374,-0.510904,FRENET,0.503285,0.1761,0.503285,0.126893,0.1761,0.495744,0
1.41205,-6.22524,7.57008,0.0011403,3.8021,-0.134374,-0.510904,FRENET,0.503285,0.1761,0.503285,0.126893,0.1761,0.495744,0
1.41605,-6.22524,7.57008,0.0011403,3.8021,-0.134374,-0.510904,FRENET,0.503285,0.1761,0.503285,0.126893,0.1761,0.495744,0
1.42004,-6.18717,7.57017,0.000134345,3.81244,-0.0543254,-0.207112,FRENET,0.503285,0.1761,0.503285,0.126893,0.1761,0.495744,0
1.42405,-6.18717,7.57017,0.000134345,3.81244,-0.0543254,-0.207112,FRENET,0.503285,0.1761,0.503285,0.126893,0.1761,0.495744,0
1.42865,-6.14899,7.57029,-3.26523e-05,3.82228,0.0018665,0.00713429,FRENET,0.495596,0.1761,0.495596,0.0477185,0.1761,0.522772,0
1.43206,-6.14899,7.57029,-3.26523e-05,3.82228,0.0018665,0.00713429,FRENET,0.495596,0.1761,0.495596,0.0477185,0.1761,0.522772,0
1.43604,-6.14899,7.57029,-3.26523e-05,3.82228,0.0018665,0.00713429,FRENET,0.495596,0.1761,0.495596,0.0477185,0.1761,0.522772,0
1.44003,-6.11072,7.57042,0.000145872,3.83166,0.0479533,0.183741,FRENET,0.495596,0.1761,0.495596,0.0477185,0.1761,0.522772,0
1.44405,-6.11072,7.57042,0.000145872,3.83166,0.0479533,0.183741,FRENET,0.495596,0.1761,0.495596,0.0477185,0.1761,0.522772,0
1.44867,-6.07236,7.57059,0.000866825,3.84059,0.0783032,0.300731,FRENET,0.495596,0.1761,0.495596,0.0477185,0.1761,0.522772,0
1.45204,-6.07236,7.57059,0.000866825,3.84059,0.0783032,0.300731,FRENET,0.495596,0.1761,0.495596,0.0477185,0.1761,0.522772,0
1.45605,-6.07236,7.57059,0.000866825,3.84059,0.0783032,0.300731,FRENET,0.495596,0.1761,0.495596,0.0477185,0.1761,0.522772,0
1.46004,-6.03391,7.57076,0.00170686,3.8491,0.104799,0.40338,FRENET,0.495596,0.1761,0.495596,0.0477185,0.1761,0.522772,0
1.46405,-6.03391,7.57076,0.00170686,3.8491,0.104799,0.40338,FRENET,0.495596,0.1761,0.495596,0.0477185,0.1761,0.522772,0
1.46866,-5.99538,7.57097,0.00291906,3.8572,0.120345,0.464197,FRENET,0.495596,0.1761,0.495596,0.0477185,0.1761,0.522772,0
1.47204,-5.99538,7.57097,0.00291906,3.8572,0.120345,0.464197,FRENET,0.495596,0.1761,0.495596,0.0477185,0.1761,0.522772,0
1.47605,-5.99538,7.57097,0.00291906,3.8572,0.120345,0.464197,FRENET,0.495596,0.1761,0.495596,0.0477185,0.1761,0.522772,0
1.48003,-5.95677,7.5712,0.00412087,3.86492,0.135706,0.524492,FRENET,0.508032,0.1761,0.508032,0.419803,0.1761,0.380242,0
1.48405,-5.95677,7.5712,0.00412087,3.86492,0.135706,0.524492,FRENET,0.508032,0.1761,0.508032,0.419803,0.1761,0.380242,0
1.48865,-5.91809,7.57147,0.00559867,3.87227,0.142909,0.553383,FRENET,0.508032,0.1761,0.508032,0.419803,0.1761,0.380242,0
1.49202,-5.91809,7.57147,0.00559867,3.87227,0.142909,0.553383,FRENET,0.508032,0.1761,0.508032,0.419803,0.1761,0.380242,0
1.496,-5.91809,7.57147,0.00559867,3.87227,0.142909,0.553383,FRENET,0.508032,0.1761,0.508032,0.419803,0.1761,0.380242,0
1.50003,-5.87933,7.57176,0.00699322,3.87927,0.152053,0.589855,FRENET,0.508032,0.1761,0.508032,0.419803,0.1761,0.380242,0
1.50405,-5.87933,7.57176,0.00699322,3.87927,0.152053,0.589855,FRENET,0.508032,0.1761,0.508032,0.419803,0.1761,0.380242,0
1.50869,-5.84051,7.5721,0.00861054,3.88594,0.154647,0.600948,FRENET,0.508032,0.1761,0.508032,0.419803,0.1761,0.380242,0
1.51205,-5.84051,7.5721,0.00861054,3.88594,0.154647,0.600948,FRENET,0.508032,0.1761,0.508032,0.419803,0.1761,0.380242,0
1.51604,-5.84051,7.5721,0.00861054,3.88594,0.154647,0.600948,FRENET,0.508032,0.1761,0.508032,0.419803,0.1761,0.380242,0
1.52004,-5.80162,7.57247,0.0101044,3.89229,0.160398,0.624316,FRENET,0.508032,0.1761,0.508032,0.419803,0.1761,0.380242,0
1.52405,-5.80162,7.57247,0.0101044,3.89229,0.160398,0.624316,FRENET,0.508032,0.1761,0.508032,0.419803,0.1761,0.380242,0
1.52866,-5.76267,7.5729,0.0117923,3.89834,0.16051,0.625722,FRENET,0.505363,0.183082,0.505363,0.519986,0.183082,0.317283,0
1.53205,-5.76267,7.5729,0.0117923,3.89834,0.16051,0.625722,FRENET,0.505363,0.183082,0.505363,0.519986,0.183082,0.317283,0
1.53606,-5.76267,7.5729,0.0117923,3.89834,0.16051,0.625722,FRENET,0.505363,0.183082,0.505363,0.519986,0.183082,0.317283,0
1.53999,-5.72366,7.57336,0.0133358,3.90339,0.164641,0.642659,FRENET,0.505363,0.183082,0.505363,0.519986,0.183082,0.317283,0
1.54405,-5.72366,7.57336,0.0133358,3.90339,0.164641,0.642659,FRENET,0.505363,0.183082,0.505363,0.519986,0.183082,0.317283,0
1.54866,-5.68461,7.57388,0.0150603,3.90819,0.163569,0.639257,FRENET,0.505363,0.183082,0.505363,0.519986,0.183082,0.317283,0
1.552,-5.68461,7.57388,0.0150603,3.90819,0.163569,0.639257,FRENET,0.505363,0.183082,0.505363,0.519986,0.183082,0.317283,0
1.55605,-5.68461,7.57388,0.0150603,3.90819,0.163569,0.639257,FRENET,0.505363,0.183082,0.505363,0.519986,0.183082,0.317283,0
1.56004,-5.6455,7.57441,0.01632,3.91277,0.0757251,0.296295,FRENET,0.505363,0.183082,0.505363,0.519986,0.183082,0.317283,0
1.56405,-5.6455,7.57441,0.01632,3.91277,0.0757251,0.296295,FRENET,0.505363,0.183082,0.505363,0.519986,0.183082,0.317283,0
1.56867,-5.60633,7.5749,0.0166711,3.92259,0.0137627,0.0539856,FRENET,0.505363,0.183082,0.505363,0.519986,0.183082,0.317283,0
1.57205,-5.60633,7.5749,0.0166711,3.92259,0.0137627,0.0539856,FRENET,0.505363,0.183082,0.505363,0.519986,0.183082,0.317283,0
1.57605,-5.60633,7.5749,0.0166711,3.92259,0.0137627,0.0539856,FRENET,0.505363,0.183082,0.505363,0.519986,0.183082,0.317283,0
1.58005,-5.56706,7.5754,0.0166253,3.93195,-0.0368774,-0.145,FRENET,0.505971,0.183082,0.505971,0,0.183082,0.592673,0
1.58401,-5.56706,7.5754,0.0166253,3.93195,-0.0368774,-0.145,FRENET,0.505971,0.183082,0.505971,0,0.183082,0.592673,0
1.58869,-5.5277,7.57586,0.0159957,3.94086,-0.0709636,-0.279657,FRENET,0.505971,0.183082,0.505971,0,0.183082,0.592673,0
1.592,-5.5277,7.57586,0.0159957,3.94086,-0.0709636,-0.279657,FRENET,0.505971,0.183082,0.505971,0,0.183082,0.592673,0
1.596,-5.5277,7.57586,0.0159957,3.94086,-0.0709636,-0.279657,FRENET,0.505971,0.183082,0.505971,0,0.183082,0.592673,0
1.59998,-5.48825,7.57633,0.0152143,3.94935,-0.100298,-0.396111,FRENET,0.505971,0.183082,0.505971,0,0.183082,0.592673,0
1.604,-5.48825,7.57633,0.0152143,3.94935,-0.100298,-0.396111,FRENET,0.505971,0.183082,0.505971,0,0.183082,0.592673,0
1.60866,-5.44872,7.57675,0.0140351,3.95743,-0.118157,-0.467599,FRENET,0.505971,0.183082,0.505971,0,0.183082,0.592673,0
1.612,-5.44872,7.57675,0.0140351,3.95743,-0.118157,-0.467599,FRENET,0.505971,0.183082,0.505971,0,0.183082,0.592673,0
1.616,-5.44872,7.57675,0.0140351,3.95743,-0.118157,-0.467599,FRENET,0.505971,0.183082,0.505971,0,0.183082,0.592673,0
1.61998,-5.40911,7.57717,0.0128464,3.96513,-0.13519,-0.536046,FRENET,0.505971,0.183082,0.505971,0,0.183082,0.592673,0
1.62401,-5.40911,7.57717,0.0128464,3.96513,-0.13519,-0.536046,FRENET,0.505971,0.183082,0.505971,0,0.183082,0.592673,0
1.62865,-5.36942,7.57755,0.0113666,3.97247,-0.143761,-0.571085,FRENET,0.519121,0.183082,0.519121,0.277707,0.183082,0.4391,0
1.632,-5.36942,7.57755,0.0113666,3.97247,-0.143761,-0.571085,FRENET,0.519121,0.183082,0.519121,0.277707,0.183082,0.4391,0
1.636,-5.36942,7.57755,0.0113666,3.97247,-0.143761,-0.571085,FRENET,0.519121,0.183082,0.519121,0.277707,0.183082,0.4391,0
1.63998,-5.32967,7.57791,0.0099587,3.97945,-0.153821,-0.612125,FRENET,0.519121,0.183082,0.519121,0.277707,0.183082,0.4391,0
1.64403,-5.32967,7.57791,0.0099587,3.97945,-0.153821,-0.612125,FRENET,0.519121,0.183082,0.519121,0.277707,0.183082,0.4391,0
1.64864,-5.28984,7.57822,0.00831968,3.9861,-0.157184,-0.626552,FRENET,0.519121,0.183082,0.519121,0.277707,0.183082,0.4391,0
1.65201,-5.28984,7.57822,0.00831968,3.9861,-0.157184,-0.626552,FRENET,0.519121,0.183082,0.519121,0.277707,0.183082,0.4391,0
1.65603,-5.28984,7.57822,0.00831968,3.9861,-0.157184,-0.626552,FRENET,0.519121,0.183082,0.519121,0.277707,0.183082,0.4391,0
1.65999,-5.24995,7.57851,0.00679806,3.99244,-0.163383,-0.652299,FRENET,0.519121,0.183082,0.519121,0.277707,0.183082,0.4391,0
1.66403,-5.24995,7.57851,0.00679806,3.99244,-0.163383,-0.652299,FRENET,0.519121,0.183082,0.519121,0.277707,0.183082,0.4391,0
1.66866,-5.20999,7.57875,0.00507814,3.99848,-0.163901,-0.655354,FRENET,0.519121,0.183082,0.519121,0.277707,0.183082,0.4391,0
1.672,-5.20999,7.57875,0.00507814,3.99848,-0.163901,-0.655354,FRENET,0.519121,0.183082,0.519121,0.277707,0.183082,0.4391,0
1.676,-5.20999,7.57875,0.00507814,3.99848,-0.163901,-0.655354,FRENET,0.519121,0.183082,0.519121,0.277707,0.183082,0.4391,0
1.67998,-5.16998,7.57897,0.00380834,4.00422,-0.0773393,-0.309684,FRENET,0.510711,0.183082,0.510711,0.0939818,0.183082,0.508916,0
1.684,-5.16998,7.57897,0.00380834,4.00422,-0.0773393,-0.309684,FRENET,0.510711,0.183082,0.510711,0.0939818,0.183082,0.508916,0
1.68865,-5.12991,7.57924,0.00344275,4.0097,-0.0152858,-0.0612915,FRENET,0.510711,0.183082,0.510711,0.0939818,0.183082,0.508916,0
1.692,-5.12991,7.57924,0.00344275,4.0097,-0.0152858,-0.0612915,FRENET,0.510711,0.183082,0.510711,0.0939818,0.183082,0.508916,0
1.696,-5.12991,7.57924,0.00344275,4.0097,-0.0152858,-0.0612915,FRENET,0.510711,0.183082,0.510711,0.0939818,0.183082,0.508916,0
1.69999,-5.08979,7.57952,0.00347373,4.01491,0.0357777,0.143644,FRENET,0.510711,0.183082,0.510711,0.0939818,0.183082,0.508916,0
1.704,-5.08979,7.57952,0.00347373,4.01491,0.0357777,0.143644,FRENET,0.510711,0.183082,0.510711,0.0939818,0.183082,0.508916,0
1.70866,-5.04962,7.57983,0.00409653,4.01988,0.070437,0.283148,FRENET,0.510711,0.183082,0.510711,0.0939818,0.183082,0.508916,0
1.71201,-5.04962,7.57983,0.00409653,4.01988,0.070437,0.283148,FRENET,0.510711,0.183082,0.510711,0.0939818,0.183082,0.508916,0
1.716,-5.04962,7.57983,0.00409653,4.01988,0.070437,0.283148,FRENET,0.510711,0.183082,0.510711,0.0939818,0.183082,0.508916,0
1.71998,-5.0094,7.58015,0.00487453,4.02461,0.100428,0.404183,FRENET,0.510711,0.183082,0.510711,0.0939818,0.183082,0.508916,0
1.724,-5.0094,7.58015,0.00487453,4.02461,0.100428,0.404183,FRENET,0.510711,0.183082,0.510711,0.0939818,0.183082,0.508916,0
1.72867,-4.96913,7.5805,0.0060596,4.02912,0.118928,0.479173,FRENET,0.513049,0.180595,0.513049,0,0.180595,0.570227,0
1.73202,-4.96913,7.5805,0.0060596,4.02912,0.118928,0.479173,FRENET,0.513049,0.180595,0.513049,0,0.180595,0.570227,0
1.73602,-4.96913,7.5805,0.0060596,4.02912,0.118928,0.479173,FRENET,0.513049,0.180595,0.513049,0,0.180595,0.570227,0
1.74001,-4.92882,7.58087,0.00725804,4.03283,0.136661,0.551132,FRENET,0.513049,0.180595,0.513049,0,0.180595,0.570227,0
1.74403,-4.92882,7.58087,0.00725804,4.03283,0.136661,0.551132,FRENET,0.513049,0.180595,0.513049,0,0.180595,0.570227,0
1.74868,-4.88848,7.58128,0.00875694,4.03637,0.145819,0.588577,FRENET,0.513049,0.180595,0.513049,0,0.180595,0.570227,0
1.75202,-4.88848,7.58128,0.00875694,4.03637,0.145819,0.588577,FRENET,0.513049,0.180595,0.513049,0,0.180595,0.570227,0
1.75602,-4.88848,7.58128,0.00875694,4.03637,0.145819,0.588577,FRENET,0.513049,0.180595,0.513049,0,0.180595,0.570227,0
1.76001,-4.8481,7.58169,0.00987547,4.03973,0.0646961,0.261355,FRENET,0.513049,0.180595,0.513049,0,0.180595,0.570227,0
1.76402,-4.8481,7.58169,0.00987547,4.03973,0.0646961,0.261355,FRENET,0.513049,0.180595,0.513049,0,0.180595,0.570227,0
1.76867,-4.80769,7.58205,0.0101346,4.04294,0.00658634,0.0266282,FRENET,0.513049,0.180595,0.513049,0,0.180595,0.570227,0
1.77202,-4.80769,7.58205,0.0101346,4.04294,0.00658634,0.0266282,FRENET,0.513049,0.180595,0.513049,0,0.180595,0.570227,0
1.77602,-4.80769,7.58205,0.0101346,4.04294,0.00658634,0.0266282,FRENET,0.513049,0.180595,0.513049,0,0.180595,0.570227,0
1.78001,-4.76722,7.58239,0.0100343,4.05065,-0.0409568,-0.165902,FRENET,0.520402,0.180595,0.520402,0.530793,0.180595,0.295539,0
1.78402,-4.76722,7.58239,0.0100343,4.05065,-0.0409568,-0.165902,FRENET,0.520402,0.180595,0.520402,0.530793,0.180595,0.295539,0
1.78868,-4.72668,7.58269,0.00937308,4.058,-0.0732712,-0.297335,FRENET,0.520402,0.180595,0.520402,0.530793,0.180595,0.295539,0
1.79202,-4.72668,7.58269,0.00937308,4.058,-0.0732712,-0.297335,FRENET,0.520402,0.180595,0.520402,0.530793,0.180595,0.295539,0
1.79602,-4.72668,7.58269,0.00937308,4.058,-0.0732712,-0.297335,FRENET,0.520402,0.180595,0.520402,0.530793,0.180595,0.295539,0
1.8,-4.68606,7.58297,0.0085748,4.065,-0.101585,-0.412941,FRENET,0.520402,0.180595,0.520402,0.530793,0.180595,0.295539,0
1.80404,-4.68606,7.58297,0.0085748,4.065,-0.101585,-0.412941,FRENET,0.520402,0.180595,0.520402,0.530793,0.180595,0.295539,0
1.8087,-4.64538,7.58321,0.00738444,4.07166,-0.119066,-0.484797,FRENET,0.520402,0.180595,0.520402,0.530793,0.180595,0.295539,0
1.81202,-4.64538,7.58321,0.00738444,4.07166,-0.119066,-0.484797,FRENET,0.520402,0.180595,0.520402,0.530793,0.180595,0.295539,0
1.81602,-4.64538,7.58321,0.00738444,4.07166,-0.119066,-0.484797,FRENET,0.520402,0.180595,0.520402,0.530793,0.180595,0.295539,0
1.82,-4.60463,7.58343,0.00618796,4.07801,-0.135986,-0.554553,FRENET,0.520402,0.180595,0.520402,0.530793,0.180595,0.295539,0
1.82402,-4.60463,7.58343,0.00618796,4.07801,-0.135986,-0.554553,FRENET,0.520402,0.180595,0.520402,0.530793,0.180595,0.295539,0
1.82867,-4.56382,7.5836,0.00469893,4.08405,-0.144747,-0.591154,FRENET,0.517195,0.180595,0.517195,0.121396,0.180595,0.503533,0
1.83202,-4.56382,7.5836,0.00469893,4.08405,-0.144747,-0.591154,FRENET,0.517195,0.180595,0.517195,0.121396,0.180595,0.503533,0
1.83604,-4.56382,7.5836,0.00469893,4.08405,-0.144747,-0.591154,FRENET,0.517195,0.180595,0.517195,0.121396,0.180595,0.503533,0
1.84001,-4.52295,7.58376,0.00343473,4.08981,-0.109603,-0.448256,FRENET,0.517195,0.180595,0.517195,0.121396,0.180595,0.503533,0
1.84402,-4.52295,7.58376,0.00343473,4.08981,-0.109603,-0.448256,FRENET,0.517195,0.180595,0.517195,0.121396,0.180595,0.503533,0
1.8487,-4.48203,7.58393,0.00263466,4.09529,-0.0369823,-0.151453,FRENET,0.517195,0.180595,0.517195,0.121396,0.180595,0.503533,0
1.85202,-4.48203,7.58393,0.00263466,4.09529,-0.0369823,-0.151453,FRENET,0.517195,0.180595,0.517195,0.121396,0.180595,0.503533,0
1.85602,-4.48203,7.58393,0.00263466,4.09529,-0.0369823,-0.151453,FRENET,0.517195,0.180595,0.517195,0.121396,0.180595,0.503533,0
1.86001,-4.44105,7.58414,0.00261881,4.10052,0.014809,0.0607244,FRENET,0.517195,0.180595,0.517195,0.121396,0.180595,0.503533,0
1.86402,-4.44105,7.58414,0.00261881,4.10052,0.014809,0.0607244,FRENET,0.517195,0.180595,0.517195,0.121396,0.180595,0.503533,0
1.86868,-4.40002,7.58437,0.0029104,4.10549,0.0582104,0.238982,FRENET,0.517195,0.180595,0.517195,0.121396,0.180595,0.503533,0
1.87202,-4.40002,7.58437,0.0029104,4.10549,0.0582104,0.238982,FRENET,0.517195,0.180595,0.517195,0.121396,0.180595,0.503533,0
1.87603,-4.40002,7.58437,0.0029104,4.10549,0.0582104,0.238982,FRENET,0.517195,0.180595,0.517195,0.121396,0.180595,0.503533,0
1.88001,-4.35894,7.58463,0.00372839,4.11023,0.0873176,0.358895,FRENET,0.516331,0.180595,0.516331,0.529489,0.180595,0.245689,0
1.88402,-4.35894,7.58463,0.00372839,4.11023,0.0873176,0.358895,FRENET,0.516331,0.180595,0.516331,0.529489,0.180595,0.245689,0
1.88868,-4.31782,7.58491,0.00465334,4.11474,0.113168,0.465655,FRENET,0.516331,0.180595,0.516331,0.529489,0.180595,0.245689,0
1.89202,-4.31782,7.58491,0.00465334,4.11474,0.113168,0.465655,FRENET,0.516331,0.180595,0.516331,0.529489,0.180595,0.245689,0
1.89602,-4.31782,7.58491,0.00465334,4.11474,0.113168,0.465655,FRENET,0.516331,0.180595,0.516331,0.529489,0.180595,0.245689,0
1.90001,-4.27665,7.58523,0.00595041,4.11904,0.128737,0.530274,FRENET,0.516331,0.180595,0.516331,0.529489,0.180595,0.245689,0
1.90402,-4.27665,7.58523,0.00595041,4.11904,0.128737,0.530274,FRENET,0.516331,0.180595,0.516331,0.529489,0.180595,0.245689,0
1.9087,-4.23544,7.58556,0.00723509,4.12314,0.144187,0.594504,FRENET,0.516331,0.180595,0.516331,0.529489,0.180595,0.245689,0
1.91202,-4.23544,7.58556,0.00723509,4.12314,0.144187,0.594504,FRENET,0.516331,0.180595,0.516331,0.529489,0.180595,0.245689,0
1.91602,-4.23544,7.58556,0.00723509,4.12314,0.144187,0.594504,FRENET,0.516331,0.180595,0.516331,0.529489,0.180595,0.245689,0
1.92002,-4.19419,7.58595,0.00880091,4.12703,0.151797,0.626472,FRENET,0.516331,0.180595,0.516331,0.529489,0.180595,0.245689,0
1.92402,-4.19419,7.58595,0.00880091,4.12703,0.151797,0.626472,FRENET,0.516331,0.180595,0.516331,0.529489,0.180595,0.245689,0
1.92872,-4.15291,7.58636,0.0102843,4.13075,0.161185,0.665816,FRENET,0.522414,0.184074,0.522414,0.52217,0.184074,0.265464,0
1.93203,-4.15291,7.58636,0.0102843,4.13075,0.161185,0.665816,FRENET,0.522414,0.184074,0.522414,0.52217,0.184074,0.265464,0
1.93601,-4.15291,7.58636,0.0102843,4.13075,0.161185,0.665816,FRENET,0.522414,0.184074,0.522414,0.52217,0.184074,0.265464,0
1.94,-4.11158,7.58682,0.0119962,4.13433,0.164189,0.678813,FRENET,0.522414,0.184074,0.522414,0.52217,0.184074,0.265464,0
1.94402,-4.11158,7.58682,0.0119962,4.13433,0.164189,0.678813,FRENET,0.522414,0.184074,0.522414,0.52217,0.184074,0.265464,0
1.94868,-4.07023,7.58729,0.0132735,4.13774,0.0782354,0.323718,FRENET,0.522414,0.184074,0.522414,0.52217,0.184074,0.265464,0
1.95207,-4.07023,7.58729,0.0132735,4.13774,0.0782354,0.323718,FRENET,0.522414,0.184074,0.522414,0.52217,0.184074,0.265464,0
1.95606,-4.07023,7.58729,0.0132735,4.13774,0.0782354,0.323718,FRENET,0.522414,0.184074,0.522414,0.52217,0.184074,0.265464,0
1.96005,-4.02883,7.58773,0.0136469,4.14099,0.0160406,0.0664241,FRENET,0.522414,0.184074,0.522414,0.52217,0.184074,0.265464,0
1.96407,-4.02883,7.58773,0.0136469,4.14099,0.0160406,0.0664241,FRENET,0.522414,0.184074,0.522414,0.52217,0.184074,0.265464,0
1.96873,-3.98741,7.58815,0.0136223,4.14409,-0.0354666,-0.146977,FRENET,0.522414,0.184074,0.522414,0.52217,0.184074,0.265464,0
1.97206,-3.98741,7.58815,0.0136223,4.14409,-0.0354666,-0.146977,FRENET,0.522414,0.184074,0.522414,0.52217,0.184074,0.265464,0
1.97607,-3.98741,7.58815,0.0136223,4.14409,-0.0354666,-0.146977,FRENET,0.522414,0.184074,0.522414,0.52217,0.184074,0.265464,0
1.98005,-3.94594,7.58854,0.0130016,4.15092,-0.0705141,-0.292698,FRENET,0.52068,0.184074,0.52068,0.533896,0.184074,0.292542,0
1.98406,-3.94594,7.58854,0.0130016,4.15092,-0.0705141,-0.292698,FRENET,0.52068,0.184074,0.52068,0.533896,0.184074,0.292542,0
1.98871,-3.9044,7.58892,0.0122204,4.15742,-0.100866,-0.419344,FRENET,0.52068,0.184074,0.52068,0.533896,0.184074,0.292542,0
1.99206,-3.9044,7.58892,0.0122204,4.15742,-0.100866,-0.419344,FRENET,0.52068,0.184074,0.52068,0.533896,0.184074,0.292542,0
1.99602,-3.9044,7.58892,0.0122204,4.15742,-0.100866,-0.419344,FRENET,0.52068,0.184074,0.52068,0.533896,0.184074,0.292542,0
2.00004,-3.86279,7.58927,0.0110286,4.16361,-0.119975,-0.499531,FRENET,0.52068,0.184074,0.52068,0.533896,0.184074,0.292542,0
2.00406,-3.86279,7.58927,0.0110286,4.16361,-0.119975,-0.499531,FRENET,0.52068,0.184074,0.52068,0.533896,0.184074,0.292542,0
2.00872,-3.82113,7.5896,0.00981717,4.16951,-0.138037,-0.575545,FRENET,0.52068,0.184074,0.52068,0.533896,0.184074,0.292542,0
2.01207,-3.82113,7.5896,0.00981717,4.16951,-0.138037,-0.575545,FRENET,0.52068,0.184074,0.52068,0.533896,0.184074,0.292542,0
2.01607,-3.82113,7.5896,0.00981717,4.16951,-0.138037,-0.575545,FRENET,0.52068,0.184074,0.52068,0.533896,0.184074,0.292542,0
2.02006,-3.77941,7.58989,0.00830273,4.17513,-0.147703,-0.616681,FRENET,0.52068,0.184074,0.52068,0.533896,0.184074,0.292542,0
2.02406,-3.77941,7.58989,0.00830273,4.17513,-0.147703,-0.616681,FRENET,0.52068,0.184074,0.52068,0.533896,0.184074,0.292542,0
2.02867,-3.73763,7.59016,0.00685194,4.18049,-0.15855,-0.662816,FRENET,0.519004,0.184074,0.519004,0.525,0.184074,0.226357,0
2.03207,-3.73763,7.59016,0.00685194,4.18049,-0.15855,-0.662816,FRENET,0.519004,0.184074,0.519004,0.525,0.184074,0.226357,0
2.03607,-3.73763,7.59016,0.00685194,4.18049,-0.15855,-0.662816,FRENET,0.519004,0.184074,0.519004,0.525,0.184074,0.226357,0
2.04005,-3.6958,7.59038,0.00516088,4.18558,-0.162729,-0.681118,FRENET,0.519004,0.184074,0.519004,0.525,0.184074,0.226357,0
2.04407,-3.6958,7.59038,0.00516088,4.18558,-0.162729,-0.681118,FRENET,0.519004,0.184074,0.519004,0.525,0.184074,0.226357,0
2.04871,-3.65392,7.59057,0.00358173,4.19044,-0.169431,-0.70999,FRENET,0.519004,0.184074,0.519004,0.525,0.184074,0.226357,0
2.05207,-3.65392,7.59057,0.00358173,4.19044,-0.169431,-0.70999,FRENET,0.519004,0.184074,0.519004,0.525,0.184074,0.226357,0
2.05608,-3.65392,7.59057,0.00358173,4.19044,-0.169431,-0.70999,FRENET,0.519004,0.184074,0.519004,0.525,0.184074,0.226357,0
2.06006,-3.61199,7.59071,0.001798,4.19506,-0.170497,-0.715243,FRENET,0.519004,0.184074,0.519004,0.525,0.184074,0.226357,0
2.06407,-3.61199,7.59071,0.001798,4.19506,-0.170497,-0.715243,FRENET,0.519004,0.184074,0.519004,0.525,0.184074,0.226357,0
2.06872,-3.57002,7.59083,0.000464224,4.19947,-0.0832949,-0.349794,FRENET,0.519004,0.184074,0.519004,0.525,0.184074,0.226357,0
2.07207,-3.57002,7.59083,0.000464224,4.19947,-0.0832949,-0.349794,FRENET,0.519004,0.184074,0.519004,0.525,0.184074,0.226357,0
2.07606,-3.57002,7.59083,0.000464224,4.19947,-0.0832949,-0.349794,FRENET,0.519004,0.184074,0.519004,0.525,0.184074,0.226357,0
2.08005,-3.52801,7.59099,4.6329e-05,4.20366,-0.0198084,-0.0832678,FRENET,0.509528,0.184074,0.509528,0.519056,0.184074,0.344091,0
2.08407,-3.52801,7.59099,4.6329e-05,4.20366,-0.0198084,-0.0832678,FRENET,0.509528,0.184074,0.509528,0.519056,0.184074,0.344091,0
2.08872,-3.48595,7.59116,3.91764e-05,4.20766,0.0327912,0.137974,FRENET,0.509528,0.184074,0.509528,0.519056,0.184074,0.344091,0
2.09207,-3.48595,7.59116,3.91764e-05,4.20766,0.0327912,0.137974,FRENET,0.509528,0.184074,0.509528,0.519056,0.184074,0.344091,0
2.09607,-3.48595,7.59116,3.91764e-05,4.20766,0.0327912,0.137974,FRENET,0.509528,0.184074,0.509528,0.519056,0.184074,0.344091,0
2.10001,-3.44386,7.59136,0.00064139,4.21146,0.0692209,0.291521,FRENET,0.509528,0.184074,0.509528,0.519056,0.184074,0.344091,0
2.10407,-3.44386,7.59136,0.00064139,4.21146,0.0692209,0.291521,FRENET,0.509528,0.184074,0.509528,0.519056,0.184074,0.344091,0
2.10868,-3.40172,7.59156,0.00141452,4.21509,0.100731,0.42459,FRENET,0.509528,0.184074,0.509528,0.519056,0.184074,0.344091,0
2.11207,-3.40172,7.59156,0.00141452,4.21509,0.100731,0.42459,FRENET,0.509528,0.184074,0.509528,0.519056,0.184074,0.344091,0
2.11606,-3.40172,7.59156,0.00141452,4.21509,0.100731,0.42459,FRENET,0.509528,0.184074,0.509528,0.519056,0.184074,0.344091,0
2.12005,-3.35956,7.5918,0.00261084,4.21854,0.120773,0.509487,FRENET,0.509528,0.184074,0.509528,0.519056,0.184074,0.344091,0
2.12406,-3.35956,7.5918,0.00261084,4.21854,0.120773,0.509487,FRENET,0.509528,0.184074,0.509528,0.519056,0.184074,0.344091,0
2.12873,-3.31735,7.59206,0.0038332,4.22183,0.139598,0.589361,FRENET,0.529204,0.188324,0.529204,0.527646,0.188324,0.325393,0
2.13206,-3.31735,7.59206,0.0038332,4.22183,0.139598,0.589361,FRENET,0.529204,0.188324,0.529204,0.527646,0.188324,0.325393,0
2.13606,-3.31735,7.59206,0.0038332,4.22183,0.139598,0.589361,FRENET,0.529204,0.188324,0.529204,0.527646,0.188324,0.325393,0
2.14006,-3.27512,7.59235,0.00536759,4.22466,0.1499,0.633278,FRENET,0.529204,0.188324,0.529204,0.527646,0.188324,0.325393,0
2.14408,-3.27512,7.59235,0.00536759,4.22466,0.1499,0.633278,FRENET,0.529204,0.188324,0.529204,0.527646,0.188324,0.325393,0
2.14873,-3.23286,7.59267,0.00684198,4.22735,0.161256,0.681687,FRENET,0.529204,0.188324,0.529204,0.527646,0.188324,0.325393,0
2.15207,-3.23286,7.59267,0.00684198,4.22735,0.161256,0.681687,FRENET,0.529204,0.188324,0.529204,0.527646,0.188324,0.325393,0
2.15602,-3.23286,7.59267,0.00684198,4.22735,0.161256,0.681687,FRENET,0.529204,0.188324,0.529204,0.527646,0.188324,0.325393,0
2.16004,-3.19058,7.59303,0.00856295,4.22992,0.1658,0.701322,FRENET,0.529204,0.188324,0.529204,0.527646,0.188324,0.325393,0
2.16407,-3.19058,7.59303,0.00856295,4.22992,0.1658,0.701322,FRENET,0.529204,0.188324,0.529204,0.527646,0.188324,0.325393,0
2.16868,-3.14827,7.5934,0.00985981,4.23236,0.08035,0.340071,FRENET,0.529204,0.188324,0.529204,0.527646,0.188324,0.325393,0
2.17207,-3.14827,7.5934,0.00985981,4.23236,0.08035,0.340071,FRENET,0.529204,0.188324,0.529204,0.527646,0.188324,0.325393,0
2.17602,-3.14827,7.5934,0.00985981,4.23236,0.08035,0.340071,FRENET,0.529204,0.188324,0.529204,0.527646,0.188324,0.325393,0
2.18001,-3.10592,7.59372,0.0102572,4.23798,0.0184362,0.0781321,FRENET,0.523789,0.188324,0.523789,0.289739,0.188324,0.443814,0
2.18407,-3.10592,7.59372,0.0102572,4.23798,0.0184362,0.0781321,FRENET,0.523789,0.188324,0.523789,0.289739,0.188324,0.443814,0
2.18873,-3.06351,7.59403,0.0102559,4.24333,-0.0331001,-0.140455,FRENET,0.523789,0.188324,0.523789,0.289739,0.188324,0.443814,0
2.19206,-3.06351,7.59403,0.0102559,4.24333,-0.0331001,-0.140455,FRENET,0.523789,0.188324,0.523789,0.289739,0.188324,0.443814,0
2.19603,-3.06351,7.59403,0.0102559,4.24333,-0.0331001,-0.140455,FRENET,0.523789,0.188324,0.523789,0.289739,0.188324,0.443814,0
2.20001,-3.02106,7.59431,0.00965425,4.24843,-0.0689403,-0.292888,FRENET,0.523789,0.188324,0.523789,0.289739,0.188324,0.443814,0
2.20408,-3.02106,7.59431,0.00965425,4.24843,-0.0689403,-0.292888,FRENET,0.523789,0.188324,0.523789,0.289739,0.188324,0.443814,0
2.20869,-2.97855,7.59457,0.00888557,4.25328,-0.100067,-0.425614,FRENET,0.523789,0.188324,0.523789,0.289739,0.188324,0.443814,0
2.21205,-2.97855,7.59457,0.00888557,4.25328,-0.100067,-0.425614,FRENET,0.523789,0.188324,0.523789,0.289739,0.188324,0.443814,0
2.21605,-2.97855,7.59457,0.00888557,4.25328,-0.100067,-0.425614,FRENET,0.523789,0.188324,0.523789,0.289739,0.188324,0.443814,0
2.21999,-2.93599,7.5948,0.00769708,4.25791,-0.119983,-0.510875,FRENET,0.523789,0.188324,0.523789,0.289739,0.188324,0.443814,0
2.22403,-2.93599,7.5948,0.00769708,4.25791,-0.119983,-0.510875,FRENET,0.523789,0.188324,0.523789,0.289739,0.188324,0.443814,0
2.22873,-2.89339,7.59501,0.00648264,4.26231,-0.138734,-0.591328,FRENET,0.527029,0.188324,0.527029,0.532293,0.188324,0.327899,0
2.23205,-2.89339,7.59501,0.00648264,4.26231,-0.138734,-0.591328,FRENET,0.527029,0.188324,0.527029,0.532293,0.188324,0.327899,0
2.23606,-2.89339,7.59501,0.00648264,4.26231,-0.138734,-0.591328,FRENET,0.527029,0.188324,0.527029,0.532293,0.188324,0.327899,0
2.24004,-2.85075,7.59518,0.0049573,4.2665,-0.149067,-0.635996,FRENET,0.527029,0.188324,0.527029,0.532293,0.188324,0.327899,0
2.24404,-2.85075,7.59518,0.0049573,4.2665,-0.149067,-0.635996,FRENET,0.527029,0.188324,0.527029,0.532293,0.188324,0.327899,0
2.2487,-2.80806,7.59533,0.00349071,4.2705,-0.160435,-0.685137,FRENET,0.527029,0.188324,0.527029,0.532293,0.188324,0.327899,0
2.25205,-2.80806,7.59533,0.00349071,4.2705,-0.160435,-0.685137,FRENET,0.527029,0.188324,0.527029,0.532293,0.188324,0.327899,0
2.25605,-2.80806,7.59533,0.00349071,4.2705,-0.160435,-0.685137,FRENET,0.527029,0.188324,0.527029,0.532293,0.188324,0.327899,0
2.26004,-2.76534,7.59542,0.00177782,4.2743,-0.165103,-0.7057,FRENET,0.527029,0.188324,0.527029,0.532293,0.188324,0.327899,0
2.264,-2.76534,7.59542,0.00177782,4.2743,-0.165103,-0.7057,FRENET,0.527029,0.188324,0.527029,0.532293,0.188324,0.327899,0
2.2687,-2.72258,7.59551,0.000485771,4.27793,-0.0801143,-0.342723,FRENET,0.527029,0.188324,0.527029,0.532293,0.188324,0.327899,0
2.272,-2.72258,7.59551,0.000485771,4.27793,-0.0801143,-0.342723,FRENET,0.527029,0.188324,0.527029,0.532293,0.188324,0.327899,0
2.27601,-2.72258,7.59551,0.000485771,4.27793,-0.0801143,-0.342723,FRENET,0.527029,0.188324,0.527029,0.532293,0.188324,0.327899,0
2.27998,-2.67978,7.59564,9.28733e-05,4.28138,-0.0179243,-0.0767407,FRENET,0.523288,0.188324,0.523288,0.5315,0.188324,0.299894,0
2.28402,-2.67978,7.59564,9.28733e-05,4.28138,-0.0179243,-0.0767407,FRENET,0.523288,0.188324,0.523288,0.5315,0.188324,0.299894,0
2.28868,-2.63695,7.59578,0.000100069,4.28466,0.0339103,0.145294,FRENET,0.523288,0.188324,0.523288,0.5315,0.188324,0.299894,0
2.29204,-2.63695,7.59578,0.000100069,4.28466,0.0339103,0.145294,FRENET,0.523288,0.188324,0.523288,0.5315,0.188324,0.299894,0
2.29602,-2.63695,7.59578,0.000100069,4.28466,0.0339103,0.145294,FRENET,0.523288,0.188324,0.523288,0.5315,0.188324,0.299894,0
2.30003,-2.59409,7.59596,0.000711913,4.28779,0.0700326,0.300285,FRENET,0.523288,0.188324,0.523288,0.5315,0.188324,0.299894,0
2.30404,-2.59409,7.59596,0.000711913,4.28779,0.0700326,0.300285,FRENET,0.523288,0.188324,0.523288,0.5315,0.188324,0.299894,0
2.30867,-2.5512,7.59614,0.0014922,4.29078,0.101434,0.43523,FRENET,0.523288,0.188324,0.523288,0.5315,0.188324,0.299894,0
2.31204,-2.5512,7.59614,0.0014922,4.29078,0.101434,0.43523,FRENET,0.523288,0.188324,0.523288,0.5315,0.188324,0.299894,0
2.31605,-2.5512,7.59614,0.0014922,4.29078,0.101434,0.43523,FRENET,0.523288,0.188324,0.523288,0.5315,0.188324,0.299894,0
2.32003,-2.50828,7.59637,0.00269623,4.29362,0.121587,0.522049,FRENET,0.523288,0.188324,0.523288,0.5315,0.188324,0.299894,0
2.32404,-2.50828,7.59637,0.00269623,4.29362,0.121587,0.522049,FRENET,0.523288,0.188324,0.523288,0.5315,0.188324,0.299894,0
2.32865,-2.46533,7.59661,0.00392717,4.29632,0.140554,0.603864,FRENET,0.529482,0.19236,0.529482,0.133122,0.19236,0.502565,0
2.33204,-2.46533,7.59661,0.00392717,4.29632,0.140554,0.603864,FRENET,0.529482,0.19236,0.529482,0.133122,0.19236,0.502565,0
2.33602,-2.46533,7.59661,0.00392717,4.29632,0.140554,0.603864,FRENET,0.529482,0.19236,0.529482,0.133122,0.19236,0.502565,0
2.34003,-2.42235,7.59689,0.00547233,4.29876,0.151079,0.649452,FRENET,0.529482,0.19236,0.529482,0.133122,0.19236,0.502565,0
2.34404,-2.42235,7.59689,0.00547233,4.29876,0.151079,0.649452,FRENET,0.529482,0.19236,0.529482,0.133122,0.19236,0.502565,0
2.34864,-2.37935,7.5972,0.00695925,4.30109,0.16261,0.699402,FRENET,0.529482,0.19236,0.529482,0.133122,0.19236,0.502565,0
2.35204,-2.37935,7.5972,0.00695925,4.30109,0.16261,0.699402,FRENET,0.529482,0.19236,0.529482,0.133122,0.19236,0.502565,0
2.35605,-2.37935,7.5972,0.00695925,4.30109,0.16261,0.699402,FRENET,0.529482,0.19236,0.529482,0.133122,0.19236,0.502565,0
2.36003,-2.33633,7.59755,0.00869509,4.3033,0.167392,0.72034,FRENET,0.529482,0.19236,0.529482,0.133122,0.19236,0.502565,0
2.36405,-2.33633,7.59755,0.00869509,4.3033,0.167392,0.72034,FRENET,0.529482,0.19236,0.529482,0.133122,0.19236,0.502565,0
2.36868,-2.29329,7.59791,0.0100077,4.30541,0.0818371,0.352343,FRENET,0.529482,0.19236,0.529482,0.133122,0.19236,0.502565,0
2.37206,-2.29329,7.59791,0.0100077,4.30541,0.0818371,0.352343,FRENET,0.529482,0.19236,0.529482,0.133122,0.19236,0.502565,0
2.37603,-2.29329,7.59791,0.0100077,4.30541,0.0818371,0.352343,FRENET,0.529482,0.19236,0.529482,0.133122,0.19236,0.502565,0
2.38004,-2.25022,7.59824,0.0104174,4.31019,0.0194385,0.0837837,FRENET,0.539692,0.19236,0.539692,0.164321,0.19236,0.49682,0
2.38407,-2.25022,7.59824,0.0104174,4.31019,0.0194385,0.0837837,FRENET,0.539692,0.19236,0.539692,0.164321,0.19236,0.49682,0
2.38868,-2.20709,7.59855,0.0104238,4.31474,-0.032611,-0.140708,FRENET,0.539692,0.19236,0.539692,0.164321,0.19236,0.49682,0
2.39206,-2.20709,7.59855,0.0104238,4.31474,-0.032611,-0.140708,FRENET,0.539692,0.19236,0.539692,0.164321,0.19236,0.49682,0
2.39603,-2.20709,7.59855,0.0104238,4.31474,-0.032611,-0.140708,FRENET,0.539692,0.19236,0.539692,0.164321,0.19236,0.49682,0
2.40001,-2.16392,7.59882,0.00982392,4.31907,-0.0690304,-0.298147,FRENET,0.539692,0.19236,0.539692,0.164321,0.19236,0.49682,0
2.40404,-2.16392,7.59882,0.00982392,4.31907,-0.0690304,-0.298147,FRENET,0.539692,0.19236,0.539692,0.164321,0.19236,0.49682,0
2.40864,-2.12071,7.59909,0.00905206,4.3232,-0.100661,-0.435178,FRENET,0.539692,0.19236,0.539692,0.164321,0.19236,0.49682,0
2.41203,-2.12071,7.59909,0.00905206,4.3232,-0.100661,-0.435178,FRENET,0.539692,0.19236,0.539692,0.164321,0.19236,0.49682,0
2.41603,-2.12071,7.59909,0.00905206,4.3232,-0.100661,-0.435178,FRENET,0.539692,0.19236,0.539692,0.164321,0.19236,0.49682,0
2.42001,-2.07746,7.59932,0.0078548,4.32713,-0.121083,-0.52394,FRENET,0.539692,0.19236,0.539692,0.164321,0.19236,0.49682,0
2.42402,-2.07746,7.59932,0.0078548,4.32713,-0.121083,-0.52394,FRENET,0.539692,0.19236,0.539692,0.164321,0.19236,0.49682,0
2.42863,-2.03417,7.59954,0.00662759,4.33088,-0.140228,-0.607311,FRENET,0.533304,0.19236,0.533304,0.0890896,0.19236,0.529326,0
2.43203,-2.03417,7.59954,0.00662759,4.33088,-0.140228,-0.607311,FRENET,0.533304,0.19236,0.533304,0.0890896,0.19236,0.529326,0
2.43602,-2.03417,7.59954,0.00662759,4.33088,-0.140228,-0.607311,FRENET,0.533304,0.19236,0.533304,0.0890896,0.19236,0.529326,0
2.44001,-1.99085,7.59971,0.00508513,4.33444,-0.150942,-0.654247,FRENET,0.533304,0.19236,0.533304,0.0890896,0.19236,0.529326,0
2.44402,-1.99085,7.59971,0.00508513,4.33444,-0.150942,-0.654247,FRENET,0.533304,0.19236,0.533304,0.0890896,0.19236,0.529326,0
2.44867,-1.94749,7.59986,0.00359865,4.33784,-0.162574,-0.705221,FRENET,0.533304,0.19236,0.533304,0.0890896,0.19236,0.529326,0
2.45203,-1.94749,7.59986,0.00359865,4.33784,-0.162574,-0.705221,FRENET,0.533304,0.19236,0.533304,0.0890896,0.19236,0.529326,0
2.45604,-1.94749,7.59986,0.00359865,4.33784,-0.162574,-0.705221,FRENET,0.533304,0.19236,0.533304,0.0890896,0.19236,0.529326,0
2.46002,-1.90409,7.59996,0.00186283,4.34107,-0.167498,-0.727123,FRENET,0.533304,0.19236,0.533304,0.0890896,0.19236,0.529326,0
2.46402,-1.90409,7.59996,0.00186283,4.34107,-0.167498,-0.727123,FRENET,0.533304,0.19236,0.533304,0.0890896,0.19236,0.529326,0
2.46863,-1.86067,7.60005,0.000547303,4.34415,-0.0823292,-0.357651,FRENET,0.533304,0.19236,0.533304,0.0890896,0.19236,0.529326,0
2.47206,-1.86067,7.60005,0.000547303,4.34415,-0.0823292,-0.357651,FRENET,0.533304,0.19236,0.533304,0.0890896,0.19236,0.529326,0
2.47607,-1.86067,7.60005,0.000547303,4.34415,-0.0823292,-0.357651,FRENET,0.533304,0.19236,0.533304,0.0890896,0.19236,0.529326,0
2.48001,-1.81721,7.60019,0.000134493,4.34709,-0.0197041,-0.0856553,FRENET,0.545678,0.19236,0.545678,0.370194,0.19236,0.414286,0
2.48402,-1.81721,7.60019,0.000134493,4.34709,-0.0197041,-0.0856553,FRENET,0.545678,0.19236,0.545678,0.370194,0.19236,0.414286,0
2.48867,-1.77372,7.60033,0.000126081,4.34988,0.0326157,0.141874,FRENET,0.545678,0.19236,0.545678,0.370194,0.19236,0.414286,0
2.49205,-1.77372,7.60033,0.000126081,4.34988,0.0326157,0.141874,FRENET,0.545678,0.19236,0.545678,0.370194,0.19236,0.414286,0
2.49607,-1.77372,7.60033,0.000126081,4.34988,0.0326157,0.141874,FRENET,0.545678,0.19236,0.545678,0.370194,0.19236,0.414286,0
2.50005,-1.73021,7.60051,0.000727989,4.35255,0.0693084,0.301668,FRENET,0.545678,0.19236,0.545678,0.370194,0.19236,0.414286,0
2.50407,-1.73021,7.60051,0.000727989,4.35255,0.0693084,0.301668,FRENET,0.545678,0.19236,0.545678,0.370194,0.19236,0.414286,0
2.50867,-1.68667,7.6007,0.00150343,4.35508,0.101217,0.44081,FRENET,0.545678,0.19236,0.545678,0.370194,0.19236,0.414286,0
2.51206,-1.68667,7.6007,0.00150343,4.35508,0.101217,0.44081,FRENET,0.545678,0.19236,0.545678,0.370194,0.19236,0.414286,0
2.51607,-1.68667,7.6007,0.00150343,4.35508,0.101217,0.44081,FRENET,0.545678,0.19236,0.545678,0.370194,0.19236,0.414286,0
2.52005,-1.64311,7.60093,0.00270809,4.3575,0.121893,0.531146,FRENET,0.545678,0.19236,0.545678,0.370194,0.19236,0.414286,0
2.52406,-1.64311,7.60093,0.00270809,4.3575,0.121893,0.531146,FRENET,0.545678,0.19236,0.545678,0.370194,0.19236,0.414286,0
2.52867,-1.59953,7.60117,0.00394406,4.3598,0.141276,0.615934,FRENET,0.548943,0.193209,0.548943,0.458015,0.193209,0.380716,0
2.53206,-1.59953,7.60117,0.00394406,4.3598,0.141276,0.615934,FRENET,0.548943,0.193209,0.548943,0.458015,0.193209,0.380716,0
2.53605,-1.59953,7.60117,0.00394406,4.3598,0.141276,0.615934,FRENET,0.548943,0.193209,0.548943,0.458015,0.193209,0.380716,0
2.54006,-1.55592,7.60146,0.0054987,4.36184,0.152213,0.663928,FRENET,0.548943,0.193209,0.548943,0.458015,0.193209,0.380716,0
2.54406,-1.55592,7.60146,0.0054987,4.36184,0.152213,0.663928,FRENET,0.548943,0.193209,0.548943,0.458015,0.193209,0.380716,0
2.54871,-1.51229,7.60177,0.00699837,4.36379,0.164043,0.715852,FRENET,0.548943,0.193209,0.548943,0.458015,0.193209,0.380716,0
2.55206,-1.51229,7.60177,0.00699837,4.36379,0.164043,0.715852,FRENET,0.548943,0.193209,0.548943,0.458015,0.193209,0.380716,0
2.55607,-1.51229,7.60177,0.00699837,4.36379,0.164043,0.715852,FRENET,0.548943,0.193209,0.548943,0.458015,0.193209,0.380716,0
2.56005,-1.46865,7.60213,0.00875017,4.36565,0.169119,0.738313,FRENET,0.548943,0.193209,0.548943,0.458015,0.193209,0.380716,0
2.56406,-1.46865,7.60213,0.00875017,4.36565,0.169119,0.738313,FRENET,0.548943,0.193209,0.548943,0.458015,0.193209,0.380716,0
2.56872,-1.42498,7.6025,0.0100801,4.36742,0.083509,0.364719,FRENET,0.548943,0.193209,0.548943,0.458015,0.193209,0.380716,0
2.57206,-1.42498,7.6025,0.0100801,4.36742,0.083509,0.364719,FRENET,0.548943,0.193209,0.548943,0.458015,0.193209,0.380716,0
2.57606,-1.42498,7.6025,0.0100801,4.36742,0.083509,0.364719,FRENET,0.548943,0.193209,0.548943,0.458015,0.193209,0.380716,0
2.58004,-1.3813,7.60282,0.0105023,4.3691,0.0204994,0.0895638,FRENET,0.527515,0.193209,0.527515,0.377792,0.193209,0.417901,0
2.58405,-1.3813,7.60282,0.0105023,4.3691,0.0204994,0.0895638,FRENET,0.527515,0.193209,0.527515,0.377792,0.193209,0.417901,0
2.58873,-1.3376,7.60314,0.0105174,4.37071,-0.0321736,-0.140621,FRENET,0.527515,0.193209,0.527515,0.377792,0.193209,0.417901,0
2.59205,-1.3376,7.60314,0.0105174,4.37071,-0.0321736,-0.140621,FRENET,0.527515,0.193209,0.527515,0.377792,0.193209,0.417901,0
2.59605,-1.3376,7.60314,0.0105174,4.37071,-0.0321736,-0.140621,FRENET,0.527515,0.193209,0.527515,0.377792,0.193209,0.417901,0
2.60004,-1.29389,7.60342,0.00991789,4.37223,-0.0691715,-0.302434,FRENET,0.527515,0.193209,0.527515,0.377792,0.193209,0.417901,0
2.60404,-1.29389,7.60342,0.00991789,4.37223,-0.0691715,-0.302434,FRENET,0.527515,0.193209,0.527515,0.377792,0.193209,0.417901,0
2.60871,-1.25015,7.60369,0.00914341,4.37602,-0.101069,-0.44228,FRENET,0.527515,0.193209,0.527515,0.377792,0.193209,0.417901,0
2.61204,-1.25015,7.60369,0.00914341,4.37602,-0.101069,-0.44228,FRENET,0.527515,0.193209,0.527515,0.377792,0.193209,0.417901,0
2.61604,-1.25015,7.60369,0.00914341,4.37602,-0.101069,-0.44228,FRENET,0.527515,0.193209,0.527515,0.377792,0.193209,0.417901,0
2.62003,-1.20637,7.60393,0.00794043,4.37963,-0.121797,-0.533426,FRENET,0.527515,0.193209,0.527515,0.377792,0.193209,0.417901,0
2.62404,-1.20637,7.60393,0.00794043,4.37963,-0.121797,-0.533426,FRENET,0.527515,0.193209,0.527515,0.377792,0.193209,0.417901,0
2.62868,-1.16256,7.60415,0.00670494,4.38307,-0.141186,-0.61883,FRENET,0.533383,0.193209,0.533383,0,0.193209,0.748856,0
2.63204,-1.16256,7.60415,0.00670494,4.38307,-0.141186,-0.61883,FRENET,0.533383,0.193209,0.533383,0,0.193209,0.748856,0
2.63607,-1.16256,7.60415,0.00670494,4.38307,-0.141186,-0.61883,FRENET,0.533383,0.193209,0.533383,0,0.193209,0.748856,0
2.64005,-1.11871,7.60433,0.00515149,4.38634,-0.152156,-0.66741,FRENET,0.533383,0.193209,0.533383,0,0.193209,0.748856,0
2.64406,-1.11871,7.60433,0.00515149,4.38634,-0.152156,-0.66741,FRENET,0.533383,0.193209,0.533383,0,0.193209,0.748856,0
2.64866,-1.07483,7.60448,0.00365203,4.38946,-0.163969,-0.719735,FRENET,0.533383,0.193209,0.533383,0,0.193209,0.748856,0
2.65203,-1.07483,7.60448,0.00365203,4.38946,-0.163969,-0.719735,FRENET,0.533383,0.193209,0.533383,0,0.193209,0.748856,0
2.65602,-1.07483,7.60448,0.00365203,4.38946,-0.163969,-0.719735,FRENET,0.533383,0.193209,0.533383,0,0.193209,0.748856,0
2.66005,-1.03092,7.60458,0.00190121,4.39243,-0.169081,-0.742675,FRENET,0.533383,0.193209,0.533383,0,0.193209,0.748856,0
2.66406,-1.03092,7.60458,0.00190121,4.39243,-0.169081,-0.742675,FRENET,0.533383,0.193209,0.533383,0,0.193209,0.748856,0
2.66867,-0.986986,7.60468,0.000569954,4.39526,-0.0838365,-0.368483,FRENET,0.533383,0.193209,0.533383,0,0.193209,0.748856,0
2.67206,-0.986986,7.60468,0.000569954,4.39526,-0.0838365,-0.368483,FRENET,0.533383,0.193209,0.533383,0,0.193209,0.748856,0
2.67607,-0.986986,7.60468,0.000569954,4.39526,-0.0838365,-0.368483,FRENET,0.533383,0.193209,0.533383,0,0.193209,0.748856,0
2.68007,-0.94302,7.60482,0.000143479,4.39796,-0.0209257,-0.0920303,FRENET,0.542715,0.193209,0.542715,0.238861,0.193209,0.472088,0
2.68407,-0.94302,7.60482,0.000143479,4.39796,-0.0209257,-0.0920303,FRENET,0.542715,0.193209,0.542715,0.238861,0.193209,0.472088,0
2.6887,-0.899028,7.60497,0.000124371,4.40052,0.0317248,0.139605,FRENET,0.542715,0.193209,0.542715,0.238861,0.193209,0.472088,0
2.69206,-0.899028,7.60497,0.000124371,4.40052,0.0317248,0.139605,FRENET,0.542715,0.193209,0.542715,0.238861,0.193209,0.472088,0
2.69606,-0.899028,7.60497,0.000124371,4.40052,0.0317248,0.139605,FRENET,0.542715,0.193209,0.542715,0.238861,0.193209,0.472088,0
2.70006,-0.855011,7.60516,0.000719471,4.40297,0.0688248,0.303033,FRENET,0.542715,0.193209,0.542715,0.238861,0.193209,0.472088,0
2.70408,-0.855011,7.60516,0.000719471,4.40297,0.0688248,0.303033,FRENET,0.542715,0.193209,0.542715,0.238861,0.193209,0.472088,0
2.70867,-0.81097,7.60535,0.00149183,4.40529,0.101097,0.44536,FRENET,0.542715,0.193209,0.542715,0.238861,0.193209,0.472088,0
2.71202,-0.81097,7.60535,0.00149183,4.40529,0.101097,0.44536,FRENET,0.542715,0.193209,0.542715,0.238861,0.193209,0.472088,0
2.71604,-0.81097,7.60535,0.00149183,4.40529,0.101097,0.44536,FRENET,0.542715,0.193209,0.542715,0.238861,0.193209,0.472088,0
2.72002,-0.766906,7.60558,0.00269728,4.40751,0.122154,0.538395,FRENET,0.542715,0.193209,0.542715,0.238861,0.193209,0.472088,0
2.72406,-0.766906,7.60558,0.00269728,4.40751,0.122154,0.538395,FRENET,0.542715,0.193209,0.542715,0.238861,0.193209,0.472088,0
2.72867,-0.722821,7.60583,0.00393735,4.40962,0.141841,0.625464,FRENET,0.535665,0.196617,0.535665,0.220059,0.196617,0.479013,0
2.73203,-0.722821,7.60583,0.00393735,4.40962,0.141841,0.625464,FRENET,0.535665,0.196617,0.535665,0.220059,0.196617,0.479013,0
2.73603,-0.722821,7.60583,0.00393735,4.40962,0.141841,0.625464,FRENET,0.535665,0.196617,0.535665,0.220059,0.196617,0.479013,0
2.74002,-0.678717,7.60612,0.00549922,4.41152,0.153078,0.675304,FRENET,0.535665,0.196617,0.535665,0.220059,0.196617,0.479013,0
2.74403,-0.678717,7.60612,0.00549922,4.41152,0.153078,0.675304,FRENET,0.535665,0.196617,0.535665,0.220059,0.196617,0.479013,0
2.74867,-0.634594,7.60643,0.00700859,4.41332,0.165123,0.72874,FRENET,0.535665,0.196617,0.535665,0.220059,0.196617,0.479013,0
2.75203,-0.634594,7.60643,0.00700859,4.41332,0.165123,0.72874,FRENET,0.535665,0.196617,0.535665,0.220059,0.196617,0.479013,0
2.75603,-0.634594,7.60643,0.00700859,4.41332,0.165123,0.72874,FRENET,0.535665,0.196617,0.535665,0.220059,0.196617,0.479013,0
2.76003,-0.590453,7.6068,0.00877235,4.41504,0.170415,0.752391,FRENET,0.535665,0.196617,0.535665,0.220059,0.196617,0.479013,0
2.76403,-0.590453,7.6068,0.00877235,4.41504,0.170415,0.752391,FRENET,0.535665,0.196617,0.535665,0.220059,0.196617,0.479013,0
2.76864,-0.546296,7.60717,0.0101155,4.41668,0.0848065,0.374563,FRENET,0.535665,0.196617,0.535665,0.220059,0.196617,0.479013,0
2.77203,-0.546296,7.60717,0.0101155,4.41668,0.0848065,0.374563,FRENET,0.535665,0.196617,0.535665,0.220059,0.196617,0.479013,0
2.77605,-0.546296,7.60717,0.0101155,4.41668,0.0848065,0.374563,FRENET,0.535665,0.196617,0.535665,0.220059,0.196617,0.479013,0
2.78002,-0.502123,7.60749,0.0105497,4.41824,0.0215742,0.09532,FRENET,0.548518,0.196617,0.548518,0,0.196617,0.690798,0
2.78405,-0.502123,7.60749,0.0105497,4.41824,0.0215742,0.09532,FRENET,0.548518,0.196617,0.548518,0,0.196617,0.690798,0
2.78864,-0.457934,7.60781,0.0105741,4.41973,-0.0313759,-0.138673,FRENET,0.548518,0.196617,0.548518,0,0.196617,0.690798,0
2.79203,-0.457934,7.60781,0.0105741,4.41973,-0.0313759,-0.138673,FRENET,0.548518,0.196617,0.548518,0,0.196617,0.690798,0
2.79603,-0.457934,7.60781,0.0105741,4.41973,-0.0313759,-0.138673,FRENET,0.548518,0.196617,0.548518,0,0.196617,0.690798,0
2.80002,-0.413721,7.6081,0.00998248,4.42311,-0.0685609,-0.303252,FRENET,0.548518,0.196617,0.548518,0,0.196617,0.690798,0
2.80404,-0.413721,7.6081,0.00998248,4.42311,-0.0685609,-0.303252,FRENET,0.548518,0.196617,0.548518,0,0.196617,0.690798,0
2.80867,-0.369474,7.60838,0.00921214,4.42633,-0.10089,-0.446572,FRENET,0.548518,0.196617,0.548518,0,0.196617,0.690798,0
2.81204,-0.369474,7.60838,0.00921214,4.42633,-0.10089,-0.446572,FRENET,0.548518,0.196617,0.548518,0,0.196617,0.690798,0
2.81604,-0.369474,7.60838,0.00921214,4.42633,-0.10089,-0.446572,FRENET,0.548518,0.196617,0.548518,0,0.196617,0.690798,0
2.82002,-0.325196,7.60862,0.00800856,4.4294,-0.122048,-0.540598,FRENET,0.548518,0.196617,0.548518,0,0.196617,0.690798,0
2.82403,-0.325196,7.60862,0.00800856,4.4294,-0.122048,-0.540598,FRENET,0.548518,0.196617,0.548518,0,0.196617,0.690798,0
2.82867,-0.280888,7.60884,0.00676897,4.43232,-0.141788,-0.628449,FRENET,0.543482,0.196617,0.543482,0,0.196617,0.656102,0
2.83203,-0.280888,7.60884,0.00676897,4.43232,-0.141788,-0.628449,FRENET,0.543482,0.196617,0.543482,0,0.196617,0.656102,0
2.83603,-0.280888,7.60884,0.00676897,4.43232,-0.141788,-0.628449,FRENET,0.543482,0.196617,0.543482,0,0.196617,0.656102,0
2.84002,-0.236552,7.60902,0.00520761,4.43511,-0.153092,-0.678981,FRENET,0.543482,0.196617,0.543482,0,0.196617,0.656102,0
2.84405,-0.236552,7.60902,0.00520761,4.43511,-0.153092,-0.678981,FRENET,0.543482,0.196617,0.543482,0,0.196617,0.656102,0
2.84867,-0.192188,7.60918,0.00369768,4.43776,-0.165156,-0.732921,FRENET,0.543482,0.196617,0.543482,0,0.196617,0.656102,0
2.85202,-0.192188,7.60918,0.00369768,4.43776,-0.165156,-0.732921,FRENET,0.543482,0.196617,0.543482,0,0.196617,0.656102,0
2.85607,-0.192188,7.60918,0.00369768,4.43776,-0.165156,-0.732921,FRENET,0.543482,0.196617,0.543482,0,0.196617,0.656102,0
2.86005,-0.147798,7.60929,0.0019336,4.44028,-0.170504,-0.757088,FRENET,0.543482,0.196617,0.543482,0,0.196617,0.656102,0
2.86406,-0.147798,7.60929,0.0019336,4.44028,-0.170504,-0.757088,FRENET,0.543482,0.196617,0.543482,0,0.196617,0.656102,0
2.8687,-0.103383,7.60939,0.000588241,4.44269,-0.0851707,-0.378387,FRENET,0.543482,0.196617,0.543482,0,0.196617,0.656102,0
2.87206,-0.103383,7.60939,0.000588241,4.44269,-0.0851707,-0.378387,FRENET,0.543482,0.196617,0.543482,0,0.196617,0.656102,0
2.87606,-0.103383,7.60939,0.000588241,4.44269,-0.0851707,-0.378387,FRENET,0.543482,0.196617,0.543482,0,0.196617,0.656102,0
2.88005,-0.0589448,7.60954,0.000149813,4.44498,-0.0219932,-0.0977593,FRENET,0.546324,0.196617,0.546324,0.198888,0.196617,0.489343,0
2.88405,-0.0589448,7.60954,0.000149813,4.44498,-0.0219932,-0.0977593,FRENET,0.546324,0.196617,0.546324,0.198888,0.196617,0.489343,0
2.88864,-0.0144843,7.60969,0.000121385,4.44716,0.0309653,0.137708,FRENET,0.546324,0.196617,0.546324,0.198888,0.196617,0.489343,0
2.89206,-0.0144843,7.60969,0.000121385,4.44716,0.0309653,0.137708,FRENET,0.546324,0.196617,0.546324,0.198888,0.196617,0.489343,0
2.89602,-0.0144843,7.60969,0.000121385,4.44716,0.0309653,0.137708,FRENET,0.546324,0.196617,0.546324,0.198888,0.196617,0.489343,0
2.90002,0.0299973,7.60988,0.000710871,4.44924,0.0684372,0.304493,FRENET,0.546324,0.196617,0.546324,0.198888,0.196617,0.489343,0
2.90402,0.0299973,7.60988,0.000710871,4.44924,0.0684372,0.304493,FRENET,0.546324,0.196617,0.546324,0.198888,0.196617,0.489343,0
2.90866,0.0744991,7.61008,0.00148091,4.45122,0.101045,0.449773,FRENET,0.546324,0.196617,0.546324,0.198888,0.196617,0.489343,0
2.91202,0.0744991,7.61008,0.00148091,4.45122,0.101045,0.449773,FRENET,0.546324,0.196617,0.546324,0.198888,0.196617,0.489343,0
2.91602,0.0744991,7.61008,0.00148091,4.45122,0.101045,0.449773,FRENET,0.546324,0.196617,0.546324,0.198888,0.196617,0.489343,0
2.92001,0.11902,7.61031,0.00268774,4.4531,0.122452,0.545292,FRENET,0.546324,0.196617,0.546324,0.198888,0.196617,0.489343,0
2.92399,0.11902,7.61031,0.00268774,4.4531,0.122452,0.545292,FRENET,0.546324,0.196617,0.546324,0.198888,0.196617,0.489343,0
2.9287,0.163559,7.61056,0.00393212,4.4549,0.142422,0.634474,FRENET,0.53241,0.196617,0.53241,0.554761,0.196617,0.193896,0
2.932,0.163559,7.61056,0.00393212,4.4549,0.142422,0.634474,FRENET,0.53241,0.196617,0.53241,0.554761,0.196617,0.193896,0
2.936,0.163559,7.61056,0.00393212,4.4549,0.142422,0.634474,FRENET,0.53241,0.196617,0.53241,0.554761,0.196617,0.193896,0
2.93998,0.208116,7.61085,0.0055012,4.45661,0.15392,0.685963,FRENET,0.53241,0.196617,0.53241,0.554761,0.196617,0.193896,0
2.94399,0.208116,7.61085,0.0055012,4.45661,0.15392,0.685963,FRENET,0.53241,0.196617,0.53241,0.554761,0.196617,0.193896,0
2.94868,0.252689,7.61117,0.00701991,4.45824,0.166154,0.740755,FRENET,0.53241,0.196617,0.53241,0.554761,0.196617,0.193896,0
2.95204,0.252689,7.61117,0.00701991,4.45824,0.166154,0.740755,FRENET,0.53241,0.196617,0.53241,0.554761,0.196617,0.193896,0
2.95607,0.252689,7.61117,0.00701991,4.45824,0.166154,0.740755,FRENET,0.53241,0.196617,0.53241,0.554761,0.196617,0.193896,0
2.96005,0.297278,7.61154,0.00879503,4.45979,0.171639,0.765472,FRENET,0.53241,0.196617,0.53241,0.554761,0.196617,0.193896,0
2.96406,0.297278,7.61154,0.00879503,4.45979,0.171639,0.765472,FRENET,0.53241,0.196617,0.53241,0.554761,0.196617,0.193896,0
2.96871,0.341881,7.61194,0.0104666,4.46127,0.179221,0.799552,FRENET,0.53241,0.196617,0.53241,0.554761,0.196617,0.193896,0
2.97206,0.341881,7.61194,0.0104666,4.46127,0.179221,0.799552,FRENET,0.53241,0.196617,0.53241,0.554761,0.196617,0.193896,0
2.97608,0.341881,7.61194,0.0104666,4.46127,0.179221,0.799552,FRENET,0.53241,0.196617,0.53241,0.554761,0.196617,0.193896,0
2.98003,0.386499,7.6124,0.0123537,4.46268,0.181126,0.808308,FRENET,0.55498,0.197528,0.55498,0,0.197528,0.783024,0
2.98404,0.386499,7.6124,0.0123537,4.46268,0.181126,0.808308,FRENET,0.55498,0.197528,0.55498,0,0.197528,0.783024,0
2.98872,0.431137,7.61287,0.01379,4.46545,0.0928747,0.414727,FRENET,0.55498,0.197528,0.55498,0,0.197528,0.783024,0
2.99206,0.431137,7.61287,0.01379,4.46545,0.0928747,0.414727,FRENET,0.55498,0.197528,0.55498,0,0.197528,0.783024,0
2.99605,0.431137,7.61287,0.01379,4.46545,0.0928747,0.414727,FRENET,0.55498,0.197528,0.55498,0,0.197528,0.783024,0
3.00005,0.475802,7.61331,0.0142935,4.46809,0.0273664,0.122275,FRENET,0.55498,0.197528,0.55498,0,0.197528,0.783024,0
3.00403,0.475802,7.61331,0.0142935,4.46809,0.0273664,0.122275,FRENET,0.55498,0.197528,0.55498,0,0.197528,0.783024,0
3.00864,0.520494,7.61375,0.0143662,4.47061,-0.0273878,-0.12244,FRENET,0.55498,0.197528,0.55498,0,0.197528,0.783024,0
3.01204,0.520494,7.61375,0.0143662,4.47061,-0.0273878,-0.12244,FRENET,0.55498,0.197528,0.55498,0,0.197528,0.783024,0
3.01604,0.520494,7.61375,0.0143662,4.47061,-0.0273878,-0.12244,FRENET,0.55498,0.197528,0.55498,0,0.197528,0.783024,0
3.02003,0.56521,7.61415,0.0138052,4.473,-0.0662743,-0.296445,FRENET,0.55498,0.197528,0.55498,0,0.197528,0.783024,0
3.02404,0.56521,7.61415,0.0138052,4.473,-0.0662743,-0.296445,FRENET,0.55498,0.197528,0.55498,0,0.197528,0.783024,0
3.02868,0.609949,7.61456,0.0130512,4.47529,-0.0999356,-0.44724,FRENET,0.550043,0.197528,0.550043,0.568309,0.197528,0.324965,0
3.03204,0.609949,7.61456,0.0130512,4.47529,-0.0999356,-0.44724,FRENET,0.550043,0.197528,0.550043,0.568309,0.197528,0.324965,0
3.03604,0.609949,7.61456,0.0130512,4.47529,-0.0999356,-0.44724,FRENET,0.550043,0.197528,0.550043,0.568309,0.197528,0.324965,0
3.04003,0.654712,7.61493,0.0118513,4.47746,-0.122161,-0.54697,FRENET,0.550043,0.197528,0.550043,0.568309,0.197528,0.324965,0
3.04404,0.654712,7.61493,0.0118513,4.47746,-0.122161,-0.54697,FRENET,0.550043,0.197528,0.550043,0.568309,0.197528,0.324965,0
3.04864,0.699495,7.6153,0.0106066,4.47953,-0.142709,-0.639269,FRENET,0.550043,0.197528,0.550043,0.568309,0.197528,0.324965,0
3.05205,0.699495,7.6153,0.0106066,4.47953,-0.142709,-0.639269,FRENET,0.550043,0.197528,0.550043,0.568309,0.197528,0.324965,0
3.05604,0.699495,7.6153,0.0106066,4.47953,-0.142709,-0.639269,FRENET,0.550043,0.197528,0.550043,0.568309,0.197528,0.324965,0
3.06001,0.744299,7.61562,0.00903245,4.4815,-0.15465,-0.693065,FRENET,0.550043,0.197528,0.550043,0.568309,0.197528,0.324965,0
3.06402,0.744299,7.61562,0.00903245,4.4815,-0.15465,-0.693065,FRENET,0.550043,0.197528,0.550043,0.568309,0.197528,0.324965,0
3.06865,0.789123,7.61593,0.00750484,4.48338,-0.167168,-0.749478,FRENET,0.550043,0.197528,0.550043,0.568309,0.197528,0.324965,0
3.07203,0.789123,7.61593,0.00750484,4.48338,-0.167168,-0.749478,FRENET,0.550043,0.197528,0.550043,0.568309,0.197528,0.324965,0
3.076,0.789123,7.61593,0.00750484,4.48338,-0.167168,-0.749478,FRENET,0.550043,0.197528,0.550043,0.568309,0.197528,0.324965,0
3.07999,0.833965,7.61618,0.00571853,4.48517,-0.172867,-0.775336,FRENET,0.566298,0.197528,0.566298,0,0.197528,0.58977,0
3.08399,0.833965,7.61618,0.00571853,4.48517,-0.172867,-0.775336,FRENET,0.566298,0.197528,0.566298,0,0.197528,0.58977,0
3.08863,0.878824,7.61641,0.00403399,4.48688,-0.180558,-0.810143,FRENET,0.566298,0.197528,0.566298,0,0.197528,0.58977,0
3.09203,0.878824,7.61641,0.00403399,4.48688,-0.180558,-0.810143,FRENET,0.566298,0.197528,0.566298,0,0.197528,0.58977,0
3.09599,0.878824,7.61641,0.00403399,4.48688,-0.180558,-0.810143,FRENET,0.566298,0.197528,0.566298,0,0.197528,0.58977,0
3.09998,0.923701,7.61658,0.0021331,4.4885,-0.182546,-0.819359,FRENET,0.566298,0.197528,0.566298,0,0.197528,0.58977,0
3.10399,0.923701,7.61658,0.0021331,4.4885,-0.182546,-0.819359,FRENET,0.566298,0.197528,0.566298,0,0.197528,0.58977,0
3.10864,0.968593,7.61671,0.000366632,4.49005,-0.187406,-0.841463,FRENET,0.566298,0.197528,0.566298,0,0.197528,0.58977,0
3.112,0.968593,7.61671,0.000366632,4.49005,-0.187406,-0.841463,FRENET,0.566298,0.197528,0.566298,0,0.197528,0.58977,0
3.11599,0.968593,7.61671,0.000366632,4.49005,-0.187406,-0.841463,FRENET,0.566298,0.197528,0.566298,0,0.197528,0.58977,0
3.11998,1.0135,7.61678,-0.00159157,4.49152,-0.187249,-0.841033,FRENET,0.566298,0.197528,0.566298,0,0.197528,0.58977,0
3.12399,1.0135,7.61678,-0.00159157,4.49152,-0.187249,-0.841033,FRENET,0.566298,0.197528,0.566298,0,0.197528,0.58977,0
3.12863,1.05842,7.61683,-0.00308034,4.49292,-0.0972126,-0.436768,FRENET,0.545711,0.197528,0.545711,0,0.197528,0.782172,0
3.13199,1.05842,7.61683,-0.00308034,4.49292,-0.0972126,-0.436768,FRENET,0.545711,0.197528,0.545711,0,0.197528,0.782172,0
3.13599,1.05842,7.61683,-0.00308034,4.49292,-0.0972126,-0.436768,FRENET,0.545711,0.197528,0.545711,0,0.197528,0.782172,0
3.14,1.10336,7.61691,-0.00361936,4.49426,-0.0302868,-0.136117,FRENET,0.545711,0.197528,0.545711,0,0.197528,0.782172,0
3.14399,1.10336,7.61691,-0.00361936,4.49426,-0.0302868,-0.136117,FRENET,0.545711,0.197528,0.545711,0,0.197528,0.782172,0
3.14863,1.14831,7.61699,-0.00371581,4.49553,0.0256053,0.115109,FRENET,0.545711,0.197528,0.545711,0,0.197528,0.782172,0
3.152,1.14831,7.61699,-0.00371581,4.49553,0.0256053,0.115109,FRENET,0.545711,0.197528,0.545711,0,0.197528,0.782172,0
3.15602,1.14831,7.61699,-0.00371581,4.49553,0.0256053,0.115109,FRENET,0.545711,0.197528,0.545711,0,0.197528,0.782172,0
3.15998,1.19327,7.61709,-0.00316755,4.49674,0.0653912,0.294047,FRENET,0.545711,0.197528,0.545711,0,0.197528,0.782172,0
3.16399,1.19327,7.61709,-0.00316755,4.49674,0.0653912,0.294047,FRENET,0.545711,0.197528,0.545711,0,0.197528,0.782172,0
3.16864,1.23824,7.61719,-0.00241903,4.49789,0.0997713,0.448761,FRENET,0.545711,0.197528,0.545711,0,0.197528,0.782172,0
3.17199,1.23824,7.61719,-0.00241903,4.49789,0.0997713,0.448761,FRENET,0.545711,0.197528,0.545711,0,0.197528,0.782172,0
3.17599,1.23824,7.61719,-0.00241903,4.49789,0.0997713,0.448761,FRENET,0.545711,0.197528,0.545711,0,0.197528,0.782172,0
3.17998,1.28323,7.61732,-0.00121871,4.50068,0.122432,0.551026,FRENET,0.540125,0.201056,0.540125,0.232486,0.201056,0.47823,0
3.18399,1.28323,7.61732,-0.00121871,4.50068,0.122432,0.551026,FRENET,0.540125,0.201056,0.540125,0.232486,0.201056,0.47823,0
3.18864,1.32825,7.61746,3.07391e-05,4.50162,0.14347,0.645847,FRENET,0.540125,0.201056,0.540125,0.232486,0.201056,0.47823,0
3.19199,1.32825,7.61746,3.07391e-05,4.50162,0.14347,0.645847,FRENET,0.540125,0.201056,0.540125,0.232486,0.201056,0.47823,0
3.196,1.32825,7.61746,3.07391e-05,4.50162,0.14347,0.645847,FRENET,0.540125,0.201056,0.540125,0.232486,0.201056,0.47823,0
3.19999,1.37327,7.61764,0.00161488,4.50252,0.155783,0.701416,FRENET,0.540125,0.201056,0.540125,0.232486,0.201056,0.47823,0
3.20399,1.37327,7.61764,0.00161488,4.50252,0.155783,0.701416,FRENET,0.540125,0.201056,0.540125,0.232486,0.201056,0.47823,0
3.20863,1.4183,7.61783,0.00315421,4.50479,0.168343,0.758349,FRENET,0.540125,0.201056,0.540125,0.232486,0.201056,0.47823,0
3.21199,1.4183,7.61783,0.00315421,4.50479,0.168343,0.758349,FRENET,0.540125,0.201056,0.540125,0.232486,0.201056,0.47823,0
3.21599,1.4183,7.61783,0.00315421,4.50479,0.168343,0.758349,FRENET,0.540125,0.201056,0.540125,0.232486,0.201056,0.47823,0
3.21998,1.46336,7.61807,0.00495233,4.50694,0.174075,0.784548,FRENET,0.540125,0.201056,0.540125,0.232486,0.201056,0.47823,0
3.224,1.46336,7.61807,0.00495233,4.50694,0.174075,0.784548,FRENET,0.540125,0.201056,0.540125,0.232486,0.201056,0.47823,0
3.22863,1.50844,7.61833,0.006649,4.509,0.181746,0.819492,FRENET,0.556589,0.201056,0.556589,0.429282,0.201056,0.402265,0
3.23199,1.50844,7.61833,0.006649,4.509,0.181746,0.819492,FRENET,0.556589,0.201056,0.556589,0.429282,0.201056,0.402265,0
3.23599,1.50844,7.61833,0.006649,4.509,0.181746,0.819492,FRENET,0.556589,0.201056,0.556589,0.429282,0.201056,0.402265,0
3.23999,1.55354,7.61866,0.0085616,4.51096,0.183722,0.828763,FRENET,0.556589,0.201056,0.556589,0.429282,0.201056,0.402265,0
3.24399,1.55354,7.61866,0.0085616,4.51096,0.183722,0.828763,FRENET,0.556589,0.201056,0.556589,0.429282,0.201056,0.402265,0
3.24863,1.59866,7.619,0.0101819,4.51282,0.141963,0.640656,FRENET,0.556589,0.201056,0.556589,0.429282,0.201056,0.402265,0
3.252,1.59866,7.619,0.0101819,4.51282,0.141963,0.640656,FRENET,0.556589,0.201056,0.556589,0.429282,0.201056,0.402265,0
3.25599,1.59866,7.619,0.0101819,4.51282,0.141963,0.640656,FRENET,0.556589,0.201056,0.556589,0.429282,0.201056,0.402265,0
3.25998,1.64379,7.61935,0.0112721,4.5146,0.0623917,0.281673,FRENET,0.556589,0.201056,0.556589,0.429282,0.201056,0.402265,0
3.264,1.64379,7.61935,0.0112721,4.5146,0.0623917,0.281673,FRENET,0.556589,0.201056,0.556589,0.429282,0.201056,0.402265,0
3.26864,1.68894,7.61966,0.0115055,4.51629,0.00361561,0.0163291,FRENET,0.556589,0.201056,0.556589,0.429282,0.201056,0.402265,0
3.27199,1.68894,7.61966,0.0115055,4.51629,0.00361561,0.0163291,FRENET,0.556589,0.201056,0.556589,0.429282,0.201056,0.402265,0
3.276,1.68894,7.61966,0.0115055,4.51629,0.00361561,0.0163291,FRENET,0.556589,0.201056,0.556589,0.429282,0.201056,0.402265,0
3.28004,1.73411,7.61997,0.0113683,4.5179,-0.0459034,-0.207387,FRENET,0.560954,0.201056,0.560954,0.569603,0.201056,0.258666,0
3.28403,1.73411,7.61997,0.0113683,4.5179,-0.0459034,-0.207387,FRENET,0.560954,0.201056,0.560954,0.569603,0.201056,0.258666,0
3.28868,1.7793,7.62025,0.0106428,4.51943,-0.0807677,-0.365025,FRENET,0.560954,0.201056,0.560954,0.569603,0.201056,0.258666,0
3.29205,1.7793,7.62025,0.0106428,4.51943,-0.0807677,-0.365025,FRENET,0.560954,0.201056,0.560954,0.569603,0.201056,0.258666,0
3.29605,1.7793,7.62025,0.0106428,4.51943,-0.0807677,-0.365025,FRENET,0.560954,0.201056,0.560954,0.569603,0.201056,0.258666,0
3.30003,1.8245,7.62053,0.00976042,4.5209,-0.111317,-0.503253,FRENET,0.560954,0.201056,0.560954,0.569603,0.201056,0.258666,0
3.30406,1.8245,7.62053,0.00976042,4.5209,-0.111317,-0.503253,FRENET,0.560954,0.201056,0.560954,0.569603,0.201056,0.258666,0
3.30872,1.86972,7.62077,0.00845877,4.52229,-0.131178,-0.593224,FRENET,0.560954,0.201056,0.560954,0.569603,0.201056,0.258666,0
3.31205,1.86972,7.62077,0.00845877,4.52229,-0.131178,-0.593224,FRENET,0.560954,0.201056,0.560954,0.569603,0.201056,0.258666,0
3.31605,1.86972,7.62077,0.00845877,4.52229,-0.131178,-0.593224,FRENET,0.560954,0.201056,0.560954,0.569603,0.201056,0.258666,0
3.32003,1.91495,7.62101,0.00713379,4.52361,-0.149902,-0.678099,FRENET,0.560954,0.201056,0.560954,0.569603,0.201056,0.258666,0
3.32404,1.91495,7.62101,0.00713379,4.52361,-0.149902,-0.678099,FRENET,0.560954,0.201056,0.560954,0.569603,0.201056,0.258666,0
3.3287,1.96019,7.62119,0.00549456,4.52488,-0.160476,-0.726135,FRENET,0.55334,0.201056,0.55334,0,0.201056,0.622267,0
3.33205,1.96019,7.62119,0.00549456,4.52488,-0.160476,-0.726135,FRENET,0.55334,0.201056,0.55334,0,0.201056,0.622267,0
3.33604,1.96019,7.62119,0.00549456,4.52488,-0.160476,-0.726135,FRENET,0.55334,0.201056,0.55334,0,0.201056,0.622267,0
3.34003,2.00544,7.62136,0.00391446,4.52608,-0.171939,-0.778211,FRENET,0.55334,0.201056,0.55334,0,0.201056,0.622267,0
3.34404,2.00544,7.62136,0.00391446,4.52608,-0.171939,-0.778211,FRENET,0.55334,0.201056,0.55334,0,0.201056,0.622267,0
3.34869,2.05071,7.62148,0.00208428,4.52722,-0.176861,-0.800689,FRENET,0.55334,0.201056,0.55334,0,0.201056,0.622267,0
3.35204,2.05071,7.62148,0.00208428,4.52722,-0.176861,-0.800689,FRENET,0.55334,0.201056,0.55334,0,0.201056,0.622267,0
3.35605,2.05071,7.62148,0.00208428,4.52722,-0.176861,-0.800689,FRENET,0.55334,0.201056,0.55334,0,0.201056,0.622267,0
3.36007,2.09599,7.62156,0.0003632,4.52832,-0.183948,-0.832975,FRENET,0.55334,0.201056,0.55334,0,0.201056,0.622267,0
3.36408,2.09599,7.62156,0.0003632,4.52832,-0.183948,-0.832975,FRENET,0.55334,0.201056,0.55334,0,0.201056,0.622267,0
3.36874,2.14127,7.62159,-0.00156953,4.52935,-0.185502,-0.840204,FRENET,0.55334,0.201056,0.55334,0,0.201056,0.622267,0
3.37205,2.14127,7.62159,-0.00156953,4.52935,-0.185502,-0.840204,FRENET,0.55334,0.201056,0.55334,0,0.201056,0.622267,0
3.37605,2.14127,7.62159,-0.00156953,4.52935,-0.185502,-0.840204,FRENET,0.55334,0.201056,0.55334,0,0.201056,0.622267,0
3.38001,2.18657,7.6216,-0.00304655,4.53034,-0.0965012,-0.437184,FRENET,0.558201,0.205214,0.558201,0.56968,0.205214,0.296247,0
3.38405,2.18657,7.6216,-0.00304655,4.53034,-0.0965012,-0.437184,FRENET,0.558201,0.205214,0.558201,0.56968,0.205214,0.296247,0
3.38869,2.23189,7.62165,-0.00358244,4.53241,-0.0302525,-0.137117,FRENET,0.558201,0.205214,0.558201,0.56968,0.205214,0.296247,0
3.39204,2.23189,7.62165,-0.00358244,4.53241,-0.0302525,-0.137117,FRENET,0.558201,0.205214,0.558201,0.56968,0.205214,0.296247,0
3.39604,2.23189,7.62165,-0.00358244,4.53241,-0.0302525,-0.137117,FRENET,0.558201,0.205214,0.558201,0.56968,0.205214,0.296247,0
3.40004,2.27722,7.62169,-0.00368056,4.53437,0.0252277,0.114392,FRENET,0.558201,0.205214,0.558201,0.56968,0.205214,0.296247,0
3.40405,2.27722,7.62169,-0.00368056,4.53437,0.0252277,0.114392,FRENET,0.558201,0.205214,0.558201,0.56968,0.205214,0.296247,0
3.40869,2.32257,7.62177,-0.00313721,4.53624,0.0648664,0.29425,FRENET,0.558201,0.205214,0.558201,0.56968,0.205214,0.296247,0
3.41204,2.32257,7.62177,-0.00313721,4.53624,0.0648664,0.29425,FRENET,0.558201,0.205214,0.558201,0.56968,0.205214,0.296247,0
3.41605,2.32257,7.62177,-0.00313721,4.53624,0.0648664,0.29425,FRENET,0.558201,0.205214,0.558201,0.56968,0.205214,0.296247,0
3.42004,2.36794,7.62185,-0.00239409,4.53802,0.0991864,0.45011,FRENET,0.558201,0.205214,0.558201,0.56968,0.205214,0.296247,0
3.42405,2.36794,7.62185,-0.00239409,4.53802,0.0991864,0.45011,FRENET,0.558201,0.205214,0.558201,0.56968,0.205214,0.296247,0
3.42868,2.41333,7.62196,-0.00119825,4.53972,0.122049,0.554067,FRENET,0.562789,0.205214,0.562789,0.448949,0.205214,0.393822,0
3.43204,2.41333,7.62196,-0.00119825,4.53972,0.122049,0.554067,FRENET,0.562789,0.205214,0.562789,0.448949,0.205214,0.393822,0
3.43604,2.41333,7.62196,-0.00119825,4.53972,0.122049,0.554067,FRENET,0.562789,0.205214,0.562789,0.448949,0.205214,0.393822,0
3.44003,2.45874,7.62208,4.77255e-05,4.54133,0.143114,0.649929,FRENET,0.562789,0.205214,0.562789,0.448949,0.205214,0.393822,0
3.44405,2.45874,7.62208,4.77255e-05,4.54133,0.143114,0.649929,FRENET,0.562789,0.205214,0.562789,0.448949,0.205214,0.393822,0
3.44868,2.50416,7.62224,0.00162861,4.54287,0.155541,0.706602,FRENET,0.562789,0.205214,0.562789,0.448949,0.205214,0.393822,0
3.45204,2.50416,7.62224,0.00162861,4.54287,0.155541,0.706602,FRENET,0.562789,0.205214,0.562789,0.448949,0.205214,0.393822,0
3.45606,2.50416,7.62224,0.00162861,4.54287,0.155541,0.706602,FRENET,0.562789,0.205214,0.562789,0.448949,0.205214,0.393822,0
3.46007,2.54959,7.62241,0.00316687,4.54434,0.168425,0.76538,FRENET,0.562789,0.205214,0.562789,0.448949,0.205214,0.393822,0
3.46405,2.54959,7.62241,0.00316687,4.54434,0.168425,0.76538,FRENET,0.562789,0.205214,0.562789,0.448949,0.205214,0.393822,0
3.4687,2.59504,7.62264,0.00496766,4.54574,0.174465,0.793074,FRENET,0.562789,0.205214,0.562789,0.448949,0.205214,0.393822,0
3.47204,2.59504,7.62264,0.00496766,4.54574,0.174465,0.793074,FRENET,0.562789,0.205214,0.562789,0.448949,0.205214,0.393822,0
3.47605,2.59504,7.62264,0.00496766,4.54574,0.174465,0.793074,FRENET,0.562789,0.205214,0.562789,0.448949,0.205214,0.393822,0
3.48003,2.64051,7.62289,0.00666925,4.54707,0.182391,0.829343,FRENET,0.574742,0.205214,0.574742,0.568082,0.205214,0.224364,0
3.48406,2.64051,7.62289,0.00666925,4.54707,0.182391,0.829343,FRENET,0.574742,0.205214,0.574742,0.568082,0.205214,0.224364,0
3.48869,2.68598,7.62321,0.00858976,4.54833,0.184602,0.839632,FRENET,0.574742,0.205214,0.574742,0.568082,0.205214,0.224364,0
3.49204,2.68598,7.62321,0.00858976,4.54833,0.184602,0.839632,FRENET,0.574742,0.205214,0.574742,0.568082,0.205214,0.224364,0
3.49605,2.68598,7.62321,0.00858976,4.54833,0.184602,0.839632,FRENET,0.574742,0.205214,0.574742,0.568082,0.205214,0.224364,0
3.50003,2.73147,7.62356,0.0103773,4.54954,0.189591,0.862554,FRENET,0.574742,0.205214,0.574742,0.568082,0.205214,0.224364,0
3.50405,2.73147,7.62356,0.0103773,4.54954,0.189591,0.862554,FRENET,0.574742,0.205214,0.574742,0.568082,0.205214,0.224364,0
3.50869,2.77697,7.62397,0.0123582,4.55069,0.189568,0.862664,FRENET,0.574742,0.205214,0.574742,0.568082,0.205214,0.224364,0
3.51205,2.77697,7.62397,0.0123582,4.55069,0.189568,0.862664,FRENET,0.574742,0.205214,0.574742,0.568082,0.205214,0.224364,0
3.51605,2.77697,7.62397,0.0123582,4.55069,0.189568,0.862664,FRENET,0.574742,0.205214,0.574742,0.568082,0.205214,0.224364,0
3.52003,2.82248,7.62441,0.0138696,4.55178,0.099367,0.452297,FRENET,0.574742,0.205214,0.574742,0.568082,0.205214,0.224364,0
3.52404,2.82248,7.62441,0.0138696,4.55178,0.099367,0.452297,FRENET,0.574742,0.205214,0.574742,0.568082,0.205214,0.224364,0
3.52866,2.868,7.62481,0.0144283,4.55282,0.0320523,0.145929,FRENET,0.563736,0.205214,0.563736,0,0.205214,0.603819,0
3.53201,2.868,7.62481,0.0144283,4.55282,0.0320523,0.145929,FRENET,0.563736,0.205214,0.563736,0,0.205214,0.603819,0
3.53602,2.868,7.62481,0.0144283,4.55282,0.0320523,0.145929,FRENET,0.563736,0.205214,0.563736,0,0.205214,0.603819,0
3.54003,2.91353,7.62522,0.0145404,4.55382,-0.0242755,-0.110546,FRENET,0.563736,0.205214,0.563736,0,0.205214,0.603819,0
3.54404,2.91353,7.62522,0.0145404,4.55382,-0.0242755,-0.110546,FRENET,0.563736,0.205214,0.563736,0,0.205214,0.603819,0
3.54869,2.95908,7.62561,0.0140027,4.55476,-0.0645768,-0.294132,FRENET,0.563736,0.205214,0.563736,0,0.205214,0.603819,0
3.55205,2.95908,7.62561,0.0140027,4.55476,-0.0645768,-0.294132,FRENET,0.563736,0.205214,0.563736,0,0.205214,0.603819,0
3.55605,2.95908,7.62561,0.0140027,4.55476,-0.0645768,-0.294132,FRENET,0.563736,0.205214,0.563736,0,0.205214,0.603819,0
3.56004,3.00463,7.62599,0.0132601,4.55566,-0.0994206,-0.452927,FRENET,0.563736,0.205214,0.563736,0,0.205214,0.603819,0
3.56405,3.00463,7.62599,0.0132601,4.55566,-0.0994206,-0.452927,FRENET,0.563736,0.205214,0.563736,0,0.205214,0.603819,0
3.5687,3.05019,7.62635,0.0120595,4.55652,-0.122685,-0.559016,FRENET,0.563736,0.205214,0.563736,0,0.205214,0.603819,0
3.57205,3.05019,7.62635,0.0120595,4.55652,-0.122685,-0.559016,FRENET,0.563736,0.205214,0.563736,0,0.205214,0.603819,0
3.57604,3.05019,7.62635,0.0120595,4.55652,-0.122685,-0.559016,FRENET,0.563736,0.205214,0.563736,0,0.205214,0.603819,0
3.58003,3.09576,7.6267,0.0108061,4.55853,-0.143921,-0.656068,FRENET,0.571055,0.206014,0.571055,0.576536,0.206014,0.267066,0
3.58405,3.09576,7.6267,0.0108061,4.55853,-0.143921,-0.656068,FRENET,0.571055,0.206014,0.571055,0.576536,0.206014,0.267066,0
3.58869,3.14135,7.62701,0.00921534,4.55916,-0.156635,-0.714125,FRENET,0.571055,0.206014,0.571055,0.576536,0.206014,0.267066,0
3.59205,3.14135,7.62701,0.00921534,4.55916,-0.156635,-0.714125,FRENET,0.571055,0.206014,0.571055,0.576536,0.206014,0.267066,0
3.59605,3.14135,7.62701,0.00921534,4.55916,-0.156635,-0.714125,FRENET,0.571055,0.206014,0.571055,0.576536,0.206014,0.267066,0
3.60003,3.18694,7.62731,0.0076653,4.55976,-0.16974,-0.773976,FRENET,0.571055,0.206014,0.571055,0.576536,0.206014,0.267066,0
3.60405,3.18694,7.62731,0.0076653,4.55976,-0.16974,-0.773976,FRENET,0.571055,0.206014,0.571055,0.576536,0.206014,0.267066,0
3.60869,3.23255,7.62756,0.00585155,4.56134,-0.175756,-0.801683,FRENET,0.571055,0.206014,0.571055,0.576536,0.206014,0.267066,0
3.61204,3.23255,7.62756,0.00585155,4.56134,-0.175756,-0.801683,FRENET,0.571055,0.206014,0.571055,0.576536,0.206014,0.267066,0
3.61605,3.23255,7.62756,0.00585155,4.56134,-0.175756,-0.801683,FRENET,0.571055,0.206014,0.571055,0.576536,0.206014,0.267066,0
3.62003,3.27817,7.62779,0.00413725,4.56285,-0.183624,-0.83785,FRENET,0.571055,0.206014,0.571055,0.576536,0.206014,0.267066,0
3.62405,3.27817,7.62779,0.00413725,4.56285,-0.183624,-0.83785,FRENET,0.571055,0.206014,0.571055,0.576536,0.206014,0.267066,0
3.62869,3.3238,7.62796,0.0022047,4.56428,-0.185788,-0.847989,FRENET,0.562354,0.206014,0.562354,0,0.206014,0.601597,0
3.63204,3.3238,7.62796,0.0022047,4.56428,-0.185788,-0.847989,FRENET,0.562354,0.206014,0.562354,0,0.206014,0.601597,0
3.63605,3.3238,7.62796,0.0022047,4.56428,-0.185788,-0.847989,FRENET,0.562354,0.206014,0.562354,0,0.206014,0.601597,0
3.64004,3.36945,7.62809,0.000405552,4.56565,-0.190707,-0.8707,FRENET,0.562354,0.206014,0.562354,0,0.206014,0.601597,0
3.64405,3.36945,7.62809,0.000405552,4.56565,-0.190707,-0.8707,FRENET,0.562354,0.206014,0.562354,0,0.206014,0.601597,0
3.64869,3.41511,7.62815,-0.00158614,4.56695,-0.190629,-0.870592,FRENET,0.562354,0.206014,0.562354,0,0.206014,0.601597,0
3.65205,3.41511,7.62815,-0.00158614,4.56695,-0.190629,-0.870592,FRENET,0.562354,0.206014,0.562354,0,0.206014,0.601597,0
3.65605,3.41511,7.62815,-0.00158614,4.56695,-0.190629,-0.870592,FRENET,0.562354,0.206014,0.562354,0,0.206014,0.601597,0
3.66003,3.46079,7.6282,-0.00310801,4.56819,-0.100389,-0.458596,FRENET,0.562354,0.206014,0.562354,0,0.206014,0.601597,0
3.66404,3.46079,7.6282,-0.00310801,4.56819,-0.100389,-0.458596,FRENET,0.562354,0.206014,0.562354,0,0.206014,0.601597,0
3.66869,3.50648,7.62828,-0.00367635,4.56937,-0.0329522,-0.150571,FRENET,0.562354,0.206014,0.562354,0,0.206014,0.601597,0
3.67207,3.50648,7.62828,-0.00367635,4.56937,-0.0329522,-0.150571,FRENET,0.562354,0.206014,0.562354,0,0.206014,0.601597,0
3.67605,3.50648,7.62828,-0.00367635,4.56937,-0.0329522,-0.150571,FRENET,0.562354,0.206014,0.562354,0,0.206014,0.601597,0
3.68003,3.55218,7.62836,-0.0037967,4.57049,0.0235139,0.10747,FRENET,0.553396,0.206014,0.553396,0,0.206014,0.625067,0
3.68405,3.55218,7.62836,-0.0037967,4.57049,0.0235139,0.10747,FRENET,0.553396,0.206014,0.553396,0,0.206014,0.625067,0
3.68869,3.59789,7.62846,-0.0032659,4.57156,0.0639847,0.29251,FRENET,0.553396,0.206014,0.553396,0,0.206014,0.625067,0
3.69205,3.59789,7.62846,-0.0032659,4.57156,0.0639847,0.29251,FRENET,0.553396,0.206014,0.553396,0,0.206014,0.625067,0
3.69604,3.59789,7.62846,-0.0032659,4.57156,0.0639847,0.29251,FRENET,0.553396,0.206014,0.553396,0,0.206014,0.625067,0
3.70003,3.64361,7.62856,-0.0025284,4.57258,0.0989797,0.452592,FRENET,0.553396,0.206014,0.553396,0,0.206014,0.625067,0
3.70405,3.64361,7.62856,-0.0025284,4.57258,0.0989797,0.452592,FRENET,0.553396,0.206014,0.553396,0,0.206014,0.625067,0
3.70869,3.68934,7.62869,-0.00133146,4.57355,0.122404,0.559821,FRENET,0.553396,0.206014,0.553396,0,0.206014,0.625067,0
3.71204,3.68934,7.62869,-0.00133146,4.57355,0.122404,0.559821,FRENET,0.553396,0.206014,0.553396,0,0.206014,0.625067,0
3.71604,3.68934,7.62869,-0.00133146,4.57355,0.122404,0.559821,FRENET,0.553396,0.206014,0.553396,0,0.206014,0.625067,0
3.72003,3.73508,7.62883,-7.99031e-05,4.57448,0.14391,0.658313,FRENET,0.553396,0.206014,0.553396,0,0.206014,0.625067,0
3.72405,3.73508,7.62883,-7.99031e-05,4.57448,0.14391,0.658313,FRENET,0.553396,0.206014,0.553396,0,0.206014,0.625067,0
3.72869,3.78083,7.629,0.00151106,4.57536,0.156697,0.716946,FRENET,0.555689,0.206014,0.555689,0,0.206014,0.647468,0
3.73205,3.78083,7.629,0.00151106,4.57536,0.156697,0.716946,FRENET,0.555689,0.206014,0.555689,0,0.206014,0.647468,0
3.73604,3.78083,7.629,0.00151106,4.57536,0.156697,0.716946,FRENET,0.555689,0.206014,0.555689,0,0.206014,0.647468,0
3.74003,3.82658,7.62919,0.00306204,4.5762,0.169849,0.777263,FRENET,0.555689,0.206014,0.555689,0,0.206014,0.647468,0
3.74404,3.82658,7.62919,0.00306204,4.5762,0.169849,0.777263,FRENET,0.555689,0.206014,0.555689,0,0.206014,0.647468,0
3.74869,3.87235,7.62943,0.00487841,4.57699,0.176104,0.806025,FRENET,0.555689,0.206014,0.555689,0,0.206014,0.647468,0
3.75206,3.87235,7.62943,0.00487841,4.57699,0.176104,0.806025,FRENET,0.555689,0.206014,0.555689,0,0.206014,0.647468,0
3.75605,3.87235,7.62943,0.00487841,4.57699,0.176104,0.806025,FRENET,0.555689,0.206014,0.555689,0,0.206014,0.647468,0
3.76003,3.91812,7.62969,0.00659693,4.57776,0.184173,0.843099,FRENET,0.555689,0.206014,0.555689,0,0.206014,0.647468,0
3.76405,3.91812,7.62969,0.00659693,4.57776,0.184173,0.843099,FRENET,0.555689,0.206014,0.555689,0,0.206014,0.647468,0
3.7687,3.9639,7.63001,0.00853605,4.57848,0.186495,0.853863,FRENET,0.555689,0.206014,0.555689,0,0.206014,0.647468,0
3.77205,3.9639,7.63001,0.00853605,4.57848,0.186495,0.853863,FRENET,0.555689,0.206014,0.555689,0,0.206014,0.647468,0
3.77605,3.9639,7.63001,0.00853605,4.57848,0.186495,0.853863,FRENET,0.555689,0.206014,0.555689,0,0.206014,0.647468,0
3.78001,4.00969,7.63036,0.0101839,4.57917,0.144686,0.662544,FRENET,0.567824,0.207727,0.567824,0.488601,0.207727,0.390706,0
3.78404,4.00969,7.63036,0.0101839,4.57917,0.144686,0.662544,FRENET,0.567824,0.207727,0.567824,0.488601,0.207727,0.390706,0
3.78869,4.05549,7.6307,0.0112999,4.58064,0.0647687,0.296682,FRENET,0.567824,0.207727,0.567824,0.488601,0.207727,0.390706,0
3.79205,4.05549,7.6307,0.0112999,4.58064,0.0647687,0.296682,FRENET,0.567824,0.207727,0.567824,0.488601,0.207727,0.390706,0
3.79605,4.05549,7.6307,0.0112999,4.58064,0.0647687,0.296682,FRENET,0.567824,0.207727,0.567824,0.488601,0.207727,0.390706,0
3.80003,4.1013,7.63102,0.0115544,4.58204,0.0054609,0.0250221,FRENET,0.567824,0.207727,0.567824,0.488601,0.207727,0.390706,0
3.80404,4.1013,7.63102,0.0115544,4.58204,0.0054609,0.0250221,FRENET,0.567824,0.207727,0.567824,0.488601,0.207727,0.390706,0
3.80869,4.14712,7.63133,0.0114331,4.58338,-0.0445958,-0.204399,FRENET,0.567824,0.207727,0.567824,0.488601,0.207727,0.390706,0
3.81205,4.14712,7.63133,0.0114331,4.58338,-0.0445958,-0.204399,FRENET,0.567824,0.207727,0.567824,0.488601,0.207727,0.390706,0
3.81605,4.14712,7.63133,0.0114331,4.58338,-0.0445958,-0.204399,FRENET,0.567824,0.207727,0.567824,0.488601,0.207727,0.390706,0
3.82003,4.19296,7.63161,0.0107176,4.58465,-0.080056,-0.367029,FRENET,0.567824,0.207727,0.567824,0.488601,0.207727,0.390706,0
3.82404,4.19296,7.63161,0.0107176,4.58465,-0.080056,-0.367029,FRENET,0.567824,0.207727,0.567824,0.488601,0.207727,0.390706,0
3.82875,4.23882,7.63189,0.00983978,4.58586,-0.111123,-0.509594,FRENET,0.555305,0.207727,0.555305,0.345203,0.207727,0.448207,0
3.83205,4.23882,7.63189,0.00983978,4.58586,-0.111123,-0.509594,FRENET,0.555305,0.207727,0.555305,0.345203,0.207727,0.448207,0
3.83604,4.23882,7.63189,0.00983978,4.58586,-0.111123,-0.509594,FRENET,0.555305,0.207727,0.555305,0.345203,0.207727,0.448207,0
3.84003,4.28468,7.63214,0.00853732,4.58702,-0.131507,-0.603222,FRENET,0.555305,0.207727,0.555305,0.345203,0.207727,0.448207,0
3.84404,4.28468,7.63214,0.00853732,4.58702,-0.131507,-0.603222,FRENET,0.555305,0.207727,0.555305,0.345203,0.207727,0.448207,0
3.84869,4.33055,7.63237,0.00720702,4.58811,-0.150645,-0.691177,FRENET,0.555305,0.207727,0.555305,0.345203,0.207727,0.448207,0
3.85206,4.33055,7.63237,0.00720702,4.58811,-0.150645,-0.691177,FRENET,0.555305,0.207727,0.555305,0.345203,0.207727,0.448207,0
3.85605,4.33055,7.63237,0.00720702,4.58811,-0.150645,-0.691177,FRENET,0.555305,0.207727,0.555305,0.345203,0.207727,0.448207,0
3.86003,4.37644,7.63257,0.00555821,4.58916,-0.161625,-0.741724,FRENET,0.555305,0.207727,0.555305,0.345203,0.207727,0.448207,0
3.86404,4.37644,7.63257,0.00555821,4.58916,-0.161625,-0.741724,FRENET,0.555305,0.207727,0.555305,0.345203,0.207727,0.448207,0
3.86869,4.42234,7.63274,0.00396518,4.59016,-0.173382,-0.795849,FRENET,0.555305,0.207727,0.555305,0.345203,0.207727,0.448207,0
3.87205,4.42234,7.63274,0.00396518,4.59016,-0.173382,-0.795849,FRENET,0.555305,0.207727,0.555305,0.345203,0.207727,0.448207,0
3.87605,4.42234,7.63274,0.00396518,4.59016,-0.173382,-0.795849,FRENET,0.555305,0.207727,0.555305,0.345203,0.207727,0.448207,0
3.88003,4.46824,7.63286,0.00211901,4.59111,-0.178592,-0.819937,FRENET,0.567926,0.207727,0.567926,0,0.207727,0.648243,0
3.88404,4.46824,7.63286,0.00211901,4.59111,-0.178592,-0.819937,FRENET,0.567926,0.207727,0.567926,0,0.207727,0.648243,0
3.88868,4.51416,7.63295,0.000379721,4.59201,-0.185864,-0.853491,FRENET,0.567926,0.207727,0.567926,0,0.207727,0.648243,0
3.89205,4.51416,7.63295,0.000379721,4.59201,-0.185864,-0.853491,FRENET,0.567926,0.207727,0.567926,0,0.207727,0.648243,0
3.89605,4.51416,7.63295,0.000379721,4.59201,-0.185864,-0.853491,FRENET,0.567926,0.207727,0.567926,0,0.207727,0.648243,0
3.90003,4.56008,7.63297,-0.00157322,4.59287,-0.187609,-0.861663,FRENET,0.567926,0.207727,0.567926,0,0.207727,0.648243,0
3.90405,4.56008,7.63297,-0.00157322,4.59287,-0.187609,-0.861663,FRENET,0.567926,0.207727,0.567926,0,0.207727,0.648243,0
3.90869,4.60602,7.63299,-0.00307126,4.59369,-0.098539,-0.452658,FRENET,0.567926,0.207727,0.567926,0,0.207727,0.648243,0
3.91205,4.60602,7.63299,-0.00307126,4.59369,-0.098539,-0.452658,FRENET,0.567926,0.207727,0.567926,0,0.207727,0.648243,0
3.91604,4.60602,7.63299,-0.00307126,4.59369,-0.098539,-0.452658,FRENET,0.567926,0.207727,0.567926,0,0.207727,0.648243,0
3.92003,4.65196,7.63304,-0.00362514,4.59447,-0.0318873,-0.146505,FRENET,0.567926,0.207727,0.567926,0,0.207727,0.648243,0
3.92404,4.65196,7.63304,-0.00362514,4.59447,-0.0318873,-0.146505,FRENET,0.567926,0.207727,0.567926,0,0.207727,0.648243,0
3.92878,4.6979,7.63309,-0.00373779,4.59522,0.0240567,0.110546,FRENET,0.569639,0.207727,0.569639,0.56836,0.207727,0.312516,0
3.93201,4.6979,7.63309,-0.00373779,4.59522,0.0240567,0.110546,FRENET,0.569639,0.207727,0.569639,0.56836,0.207727,0.312516,0
3.93605,4.6979,7.63309,-0.00373779,4.59522,0.0240567,0.110546,FRENET,0.569639,0.207727,0.569639,0.56836,0.207727,0.312516,0
3.94003,4.74386,7.63317,-0.00320312,4.59593,0.0642193,0.295147,FRENET,0.569639,0.207727,0.569639,0.56836,0.207727,0.312516,0
3.94405,4.74386,7.63317,-0.00320312,4.59593,0.0642193,0.295147,FRENET,0.569639,0.207727,0.569639,0.56836,0.207727,0.312516,0
3.94869,4.78982,7.63325,-0.00246438,4.5966,0.0990369,0.455233,FRENET,0.569639,0.207727,0.569639,0.56836,0.207727,0.312516,0
3.95204,4.78982,7.63325,-0.00246438,4.5966,0.0990369,0.455233,FRENET,0.569639,0.207727,0.569639,0.56836,0.207727,0.312516,0
3.95605,4.78982,7.63325,-0.00246438,4.5966,0.0990369,0.455233,FRENET,0.569639,0.207727,0.569639,0.56836,0.207727,0.312516,0
3.96003,4.83579,7.63336,-0.00126714,4.59724,0.122397,0.56269,FRENET,0.569639,0.207727,0.569639,0.56836,0.207727,0.312516,0
3.96406,4.83579,7.63336,-0.00126714,4.59724,0.122397,0.56269,FRENET,0.569639,0.207727,0.569639,0.56836,0.207727,0.312516,0
3.96869,4.88177,7.63348,-1.58573e-05,4.59786,0.143894,0.661604,FRENET,0.569639,0.207727,0.569639,0.56836,0.207727,0.312516,0
3.97204,4.88177,7.63348,-1.58573e-05,4.59786,0.143894,0.661604,FRENET,0.569639,0.207727,0.569639,0.56836,0.207727,0.312516,0
3.97605,4.88177,7.63348,-1.58573e-05,4.59786,0.143894,0.661604,FRENET,0.569639,0.207727,0.569639,0.56836,0.207727,0.312516,0
3.98001,4.92775,7.63364,0.00157436,4.59929,0.156615,0.720316,FRENET,0.565094,0.209151,0.565094,0,0.209151,0.626418,0
3.98404,4.92775,7.63364,0.00157436,4.59929,0.156615,0.720316,FRENET,0.565094,0.209151,0.565094,0,0.209151,0.626418,0
3.98869,4.97375,7.63382,0.00312492,4.59974,0.169877,0.781389,FRENET,0.565094,0.209151,0.565094,0,0.209151,0.626418,0
3.99205,4.97375,7.63382,0.00312492,4.59974,0.169877,0.781389,FRENET,0.565094,0.209151,0.565094,0,0.209151,0.626418,0
3.99605,4.97375,7.63382,0.00312492,4.59974,0.169877,0.781389,FRENET,0.565094,0.209151,0.565094,0,0.209151,0.626418,0
4.00004,5.01975,7.63405,0.00494136,4.60089,0.176123,0.810322,FRENET,0.565094,0.209151,0.565094,0,0.209151,0.626418,0
4.00405,5.01975,7.63405,0.00494136,4.60089,0.176123,0.810322,FRENET,0.565094,0.209151,0.565094,0,0.209151,0.626418,0
4.00869,5.06576,7.6343,0.00666013,4.60198,0.184179,0.847588,FRENET,0.565094,0.209151,0.565094,0,0.209151,0.626418,0
4.01205,5.06576,7.6343,0.00666013,4.60198,0.184179,0.847588,FRENET,0.565094,0.209151,0.565094,0,0.209151,0.626418,0
4.01604,5.06576,7.6343,0.00666013,4.60198,0.184179,0.847588,FRENET,0.565094,0.209151,0.565094,0,0.209151,0.626418,0
4.02003,5.11179,7.63462,0.00859933,4.60302,0.186532,0.858612,FRENET,0.565094,0.209151,0.565094,0,0.209151,0.626418,0
4.02405,5.11179,7.63462,0.00859933,4.60302,0.186532,0.858612,FRENET,0.565094,0.209151,0.565094,0,0.209151,0.626418,0
4.02867,5.15782,7.63495,0.0102479,4.60402,0.144778,0.666561,FRENET,0.569453,0.209151,0.569453,0.570041,0.209151,0.271433,0
4.03205,5.15782,7.63495,0.0102479,4.60402,0.144778,0.666561,FRENET,0.569453,0.209151,0.569453,0.570041,0.209151,0.271433,0
4.03605,5.15782,7.63495,0.0102479,4.60402,0.144778,0.666561,FRENET,0.569453,0.209151,0.569453,0.570041,0.209151,0.271433,0
4.04003,5.20387,7.63529,0.0113648,4.60496,0.0648215,0.2985,FRENET,0.569453,0.209151,0.569453,0.570041,0.209151,0.271433,0
4.04405,5.20387,7.63529,0.0113648,4.60496,0.0648215,0.2985,FRENET,0.569453,0.209151,0.569453,0.570041,0.209151,0.271433,0
4.04869,5.24992,7.63561,0.0116192,4.60586,0.0054154,0.0249426,FRENET,0.569453,0.209151,0.569453,0.570041,0.209151,0.271433,0
4.05205,5.24992,7.63561,0.0116192,4.60586,0.0054154,0.0249426,FRENET,0.569453,0.209151,0.569453,0.570041,0.209151,0.271433,0
4.05605,5.24992,7.63561,0.0116192,4.60586,0.0054154,0.0249426,FRENET,0.569453,0.209151,0.569453,0.570041,0.209151,0.271433,0
4.06004,5.29598,7.63591,0.0114971,4.60672,-0.0447594,-0.206194,FRENET,0.569453,0.209151,0.569453,0.570041,0.209151,0.271433,0
4.06404,5.29598,7.63591,0.0114971,4.60672,-0.0447594,-0.206194,FRENET,0.569453,0.209151,0.569453,0.570041,0.209151,0.271433,0
4.06869,5.34205,7.6362,0.0107791,4.60753,-0.0803596,-0.37026,FRENET,0.569453,0.209151,0.569453,0.570041,0.209151,0.271433,0
4.07205,5.34205,7.6362,0.0107791,4.60753,-0.0803596,-0.37026,FRENET,0.569453,0.209151,0.569453,0.570041,0.209151,0.271433,0
4.07605,5.34205,7.6362,0.0107791,4.60753,-0.0803596,-0.37026,FRENET,0.569453,0.209151,0.569453,0.570041,0.209151,0.271433,0
4.08002,5.38813,7.63647,0.00989774,4.60831,-0.111558,-0.514096,FRENET,0.559832,0.209151,0.559832,0.053965,0.209151,0.567553,0
4.08405,5.38813,7.63647,0.00989774,4.60831,-0.111558,-0.514096,FRENET,0.559832,0.209151,0.559832,0.053965,0.209151,0.567553,0
4.08869,5.43422,7.63672,0.00859009,4.60905,-0.132077,-0.60875,FRENET,0.559832,0.209151,0.559832,0.053965,0.209151,0.567553,0
4.09204,5.43422,7.63672,0.00859009,4.60905,-0.132077,-0.60875,FRENET,0.559832,0.209151,0.559832,0.053965,0.209151,0.567553,0
4.09605,5.43422,7.63672,0.00859009,4.60905,-0.132077,-0.60875,FRENET,0.559832,0.209151,0.559832,0.053965,0.209151,0.567553,0
4.10004,5.48031,7.63695,0.00725365,4.60976,-0.151329,-0.697591,FRENET,0.559832,0.209151,0.559832,0.053965,0.209151,0.567553,0
4.10405,5.48031,7.63695,0.00725365,4.60976,-0.151329,-0.697591,FRENET,0.559832,0.209151,0.559832,0.053965,0.209151,0.567553,0
4.10869,5.52641,7.63714,0.00559731,4.61043,-0.162418,-0.748817,FRENET,0.559832,0.209151,0.559832,0.053965,0.209151,0.567553,0
4.11204,5.52641,7.63714,0.00559731,4.61043,-0.162418,-0.748817,FRENET,0.559832,0.209151,0.559832,0.053965,0.209151,0.567553,0
4.11605,5.52641,7.63714,0.00559731,4.61043,-0.162418,-0.748817,FRENET,0.559832,0.209151,0.559832,0.053965,0.209151,0.567553,0
4.12003,5.57252,7.63732,0.00399606,4.61107,-0.174257,-0.803513,FRENET,0.559832,0.209151,0.559832,0.053965,0.209151,0.567553,0
4.12405,5.57252,7.63732,0.00399606,4.61107,-0.174257,-0.803513,FRENET,0.559832,0.209151,0.559832,0.053965,0.209151,0.567553,0
4.12867,5.61863,7.63744,0.00214061,4.61168,-0.179545,-0.828003,FRENET,0.561074,0.209151,0.561074,0.575208,0.209151,0.243612,0
4.13204,5.61863,7.63744,0.00214061,4.61168,-0.179545,-0.828003,FRENET,0.561074,0.209151,0.561074,0.575208,0.209151,0.243612,0
4.13605,5.61863,7.63744,0.00214061,4.61168,-0.179545,-0.828003,FRENET,0.561074,0.209151,0.561074,0.575208,0.209151,0.243612,0
4.14003,5.66475,7.63753,0.000391658,4.61226,-0.186868,-0.861882,FRENET,0.561074,0.209151,0.561074,0.575208,0.209151,0.243612,0
4.14405,5.66475,7.63753,0.000391658,4.61226,-0.186868,-0.861882,FRENET,0.561074,0.209151,0.561074,0.575208,0.209151,0.243612,0
4.14868,5.71087,7.63755,-0.00157167,4.61281,-0.188659,-0.870247,FRENET,0.561074,0.209151,0.561074,0.575208,0.209151,0.243612,0
4.15205,5.71087,7.63755,-0.00157167,4.61281,-0.188659,-0.870247,FRENET,0.561074,0.209151,0.561074,0.575208,0.209151,0.243612,0
4.15605,5.71087,7.63755,-0.00157167,4.61281,-0.188659,-0.870247,FRENET,0.561074,0.209151,0.561074,0.575208,0.209151,0.243612,0
4.16003,5.75701,7.63757,-0.00307974,4.61334,-0.0994635,-0.458859,FRENET,0.561074,0.209151,0.561074,0.575208,0.209151,0.243612,0
4.16405,5.75701,7.63757,-0.00307974,4.61334,-0.0994635,-0.458859,FRENET,0.561074,0.209151,0.561074,0.575208,0.209151,0.243612,0
4.1687,5.80314,7.63762,-0.00364191,4.61384,-0.0326369,-0.150581,FRENET,0.561074,0.209151,0.561074,0.575208,0.209151,0.243612,0
4.17205,5.80314,7.63762,-0.00364191,4.61384,-0.0326369,-0.150581,FRENET,0.561074,0.209151,0.561074,0.575208,0.209151,0.243612,0
4.17604,5.80314,7.63762,-0.00364191,4.61384,-0.0326369,-0.150581,FRENET,0.561074,0.209151,0.561074,0.575208,0.209151,0.243612,0
4.18003,5.84928,7.63767,-0.00376125,4.61432,0.0234899,0.10839,FRENET,0.570973,0.211184,0.570973,0.578467,0.211184,0.279692,0
4.18405,5.84928,7.63767,-0.00376125,4.61432,0.0234899,0.10839,FRENET,0.570973,0.211184,0.570973,0.578467,0.211184,0.279692,0
4.18868,5.89543,7.63775,-0.00323115,4.61475,0.0638504,0.294654,FRENET,0.570973,0.211184,0.570973,0.578467,0.211184,0.279692,0
4.19205,5.89543,7.63775,-0.00323115,4.61475,0.0638504,0.294654,FRENET,0.570973,0.211184,0.570973,0.578467,0.211184,0.279692,0
4.19605,5.89543,7.63775,-0.00323115,4.61475,0.0638504,0.294654,FRENET,0.570973,0.211184,0.570973,0.578467,0.211184,0.279692,0
4.20003,5.94158,7.63783,-0.00249529,4.61516,0.0988494,0.456206,FRENET,0.570973,0.211184,0.570973,0.578467,0.211184,0.279692,0
4.20405,5.94158,7.63783,-0.00249529,4.61516,0.0988494,0.456206,FRENET,0.570973,0.211184,0.570973,0.578467,0.211184,0.279692,0
4.20869,5.98773,7.63794,-0.00129892,4.61555,0.122388,0.564887,FRENET,0.570973,0.211184,0.570973,0.578467,0.211184,0.279692,0
4.21205,5.98773,7.63794,-0.00129892,4.61555,0.122388,0.564887,FRENET,0.570973,0.211184,0.570973,0.578467,0.211184,0.279692,0
4.21605,5.98773,7.63794,-0.00129892,4.61555,0.122388,0.564887,FRENET,0.570973,0.211184,0.570973,0.578467,0.211184,0.279692,0
4.22003,6.03389,7.63806,-4.72279e-05,4.61652,0.143957,0.66458,FRENET,0.570973,0.211184,0.570973,0.578467,0.211184,0.279692,0
4.22404,6.03389,7.63806,-4.72279e-05,4.61652,0.143957,0.66458,FRENET,0.570973,0.211184,0.570973,0.578467,0.211184,0.279692,0
4.22869,6.08006,7.63822,0.00154484,4.61745,0.156878,0.724377,FRENET,0.578351,0.211184,0.578351,0.578751,0.211184,0.310993,0
4.23204,6.08006,7.63822,0.00154484,4.61745,0.156878,0.724377,FRENET,0.578351,0.211184,0.578351,0.578751,0.211184,0.310993,0
4.23604,6.08006,7.63822,0.00154484,4.61745,0.156878,0.724377,FRENET,0.578351,0.211184,0.578351,0.578751,0.211184,0.310993,0
4.24003,6.12624,7.6384,0.00309819,4.61833,0.170141,0.785767,FRENET,0.578351,0.211184,0.578351,0.578751,0.211184,0.310993,0
4.24404,6.12624,7.6384,0.00309819,4.61833,0.170141,0.785767,FRENET,0.578351,0.211184,0.578351,0.578751,0.211184,0.310993,0
4.24868,6.17243,7.63863,0.00491822,4.61917,0.176547,0.815499,FRENET,0.578351,0.211184,0.578351,0.578751,0.211184,0.310993,0
4.25205,6.17243,7.63863,0.00491822,4.61917,0.176547,0.815499,FRENET,0.578351,0.211184,0.578351,0.578751,0.211184,0.310993,0
4.25605,6.17243,7.63863,0.00491822,4.61917,0.176547,0.815499,FRENET,0.578351,0.211184,0.578351,0.578751,0.211184,0.310993,0
4.26003,6.21862,7.63888,0.00664174,4.61997,0.184724,0.853421,FRENET,0.578351,0.211184,0.578351,0.578751,0.211184,0.310993,0
4.26404,6.21862,7.63888,0.00664174,4.61997,0.184724,0.853421,FRENET,0.578351,0.211184,0.578351,0.578751,0.211184,0.310993,0
4.2687,6.26482,7.63919,0.00858704,4.62073,0.187183,0.864921,FRENET,0.578351,0.211184,0.578351,0.578751,0.211184,0.310993,0
4.27204,6.26482,7.63919,0.00858704,4.62073,0.187183,0.864921,FRENET,0.578351,0.211184,0.578351,0.578751,0.211184,0.310993,0
4.27603,6.26482,7.63919,0.00858704,4.62073,0.187183,0.864921,FRENET,0.578351,0.211184,0.578351,0.578751,0.211184,0.310993,0
4.28,6.31103,7.63953,0.0102421,4.62146,0.145435,0.672123,FRENET,0.574699,0.211184,0.574699,0.0118647,0.211184,0.582055,0
4.28401,6.31103,7.63953,0.0102421,4.62146,0.145435,0.672123,FRENET,0.574699,0.211184,0.574699,0.0118647,0.211184,0.582055,0
4.28865,6.35725,7.63987,0.0113654,4.62215,0.0653895,0.30224,FRENET,0.574699,0.211184,0.574699,0.0118647,0.211184,0.582055,0
4.29201,6.35725,7.63987,0.0113654,4.62215,0.0653895,0.30224,FRENET,0.574699,0.211184,0.574699,0.0118647,0.211184,0.582055,0
4.29601,6.35725,7.63987,0.0113654,4.62215,0.0653895,0.30224,FRENET,0.574699,0.211184,0.574699,0.0118647,0.211184,0.582055,0
4.30003,6.40347,7.64018,0.0116247,4.62281,0.0058533,0.0270587,FRENET,0.574699,0.211184,0.574699,0.0118647,0.211184,0.582055,0
4.30404,6.40347,7.64018,0.0116247,4.62281,0.0058533,0.0270587,FRENET,0.574699,0.211184,0.574699,0.0118647,0.211184,0.582055,0
4.30867,6.4497,7.64049,0.0115063,4.62344,-0.0444578,-0.205548,FRENET,0.574699,0.211184,0.574699,0.0118647,0.211184,0.582055,0
4.31203,6.4497,7.64049,0.0115063,4.62344,-0.0444578,-0.205548,FRENET,0.574699,0.211184,0.574699,0.0118647,0.211184,0.582055,0
4.31603,6.4497,7.64049,0.0115063,4.62344,-0.0444578,-0.205548,FRENET,0.574699,0.211184,0.574699,0.0118647,0.211184,0.582055,0
4.32002,6.49594,7.64077,0.0107906,4.62403,-0.0802069,-0.370879,FRENET,0.574699,0.211184,0.574699,0.0118647,0.211184,0.582055,0
4.32403,6.49594,7.64077,0.0107906,4.62403,-0.0802069,-0.370879,FRENET,0.574699,0.211184,0.574699,0.0118647,0.211184,0.582055,0
4.32867,6.54218,7.64105,0.00991014,4.6246,-0.111541,-0.515831,FRENET,0.571663,0.211184,0.571663,0.170077,0.211184,0.517859,0
4.33203,6.54218,7.64105,0.00991014,4.6246,-0.111541,-0.515831,FRENET,0.571663,0.211184,0.571663,0.170077,0.211184,0.517859,0
4.33605,6.54218,7.64105,0.00991014,4.6246,-0.111541,-0.515831,FRENET,0.571663,0.211184,0.571663,0.170077,0.211184,0.517859,0
4.34003,6.58843,7.6413,0.00860192,4.62515,-0.132193,-0.611414,FRENET,0.571663,0.211184,0.571663,0.170077,0.211184,0.517859,0
4.34405,6.58843,7.6413,0.00860192,4.62515,-0.132193,-0.611414,FRENET,0.571663,0.211184,0.571663,0.170077,0.211184,0.517859,0
4.3487,6.63468,7.64153,0.00726382,4.62566,-0.151557,-0.701053,FRENET,0.571663,0.211184,0.571663,0.170077,0.211184,0.517859,0
4.35205,6.63468,7.64153,0.00726382,4.62566,-0.151557,-0.701053,FRENET,0.571663,0.211184,0.571663,0.170077,0.211184,0.517859,0
4.35604,6.63468,7.64153,0.00726382,4.62566,-0.151557,-0.701053,FRENET,0.571663,0.211184,0.571663,0.170077,0.211184,0.517859,0
4.36003,6.68094,7.64173,0.00560458,4.62615,-0.162753,-0.752919,FRENET,0.571663,0.211184,0.571663,0.170077,0.211184,0.517859,0
4.36405,6.68094,7.64173,0.00560458,4.62615,-0.162753,-0.752919,FRENET,0.571663,0.211184,0.571663,0.170077,0.211184,0.517859,0
4.3687,6.72721,7.6419,0.00399963,4.62662,-0.174674,-0.808152,FRENET,0.571663,0.211184,0.571663,0.170077,0.211184,0.517859,0
4.37204,6.72721,7.6419,0.00399963,4.62662,-0.174674,-0.808152,FRENET,0.571663,0.211184,0.571663,0.170077,0.211184,0.517859,0
4.37604,6.72721,7.6419,0.00399963,4.62662,-0.174674,-0.808152,FRENET,0.571663,0.211184,0.571663,0.170077,0.211184,0.517859,0
4.38003,6.77347,7.64202,0.00213956,4.62707,-0.180039,-0.833051,FRENET,0.57327,0.213771,0.57327,0.471493,0.213771,0.405577,0
4.38405,6.77347,7.64202,0.00213956,4.62707,-0.180039,-0.833051,FRENET,0.57327,0.213771,0.57327,0.471493,0.213771,0.405577,0
4.38869,6.81975,7.64211,0.000386325,4.62848,-0.187171,-0.866318,FRENET,0.57327,0.213771,0.57327,0.471493,0.213771,0.405577,0
4.39205,6.81975,7.64211,0.000386325,4.62848,-0.187171,-0.866318,FRENET,0.57327,0.213771,0.57327,0.471493,0.213771,0.405577,0
4.39604,6.81975,7.64211,0.000386325,4.62848,-0.187171,-0.866318,FRENET,0.57327,0.213771,0.57327,0.471493,0.213771,0.405577,0
4.40003,6.86605,7.64214,-0.00157795,4.63053,-0.188666,-0.873626,FRENET,0.57327,0.213771,0.57327,0.471493,0.213771,0.405577,0
4.40405,6.86605,7.64214,-0.00157795,4.63053,-0.188666,-0.873626,FRENET,0.57327,0.213771,0.57327,0.471493,0.213771,0.405577,0
4.40868,6.91236,7.64215,-0.00308709,4.63248,-0.0997452,-0.462068,FRENET,0.57327,0.213771,0.57327,0.471493,0.213771,0.405577,0
4.41204,6.91236,7.64215,-0.00308709,4.63248,-0.0997452,-0.462068,FRENET,0.57327,0.213771,0.57327,0.471493,0.213771,0.405577,0
4.41605,6.91236,7.64215,-0.00308709,4.63248,-0.0997452,-0.462068,FRENET,0.57327,0.213771,0.57327,0.471493,0.213771,0.405577,0
4.42003,6.9587,7.6422,-0.00365302,4.63434,-0.0329846,-0.152862,FRENET,0.57327,0.213771,0.57327,0.471493,0.213771,0.405577,0
4.42401,6.9587,7.6422,-0.00365302,4.63434,-0.0329846,-0.152862,FRENET,0.57327,0.213771,0.57327,0.471493,0.213771,0.405577,0
4.42865,7.00505,7.64225,-0.00377553,4.63611,0.0231169,0.107172,FRENET,0.571801,0.213771,0.571801,0.088386,0.213771,0.543904,0
4.43205,7.00505,7.64225,-0.00377553,4.63611,0.0231169,0.107172,FRENET,0.571801,0.213771,0.571801,0.088386,0.213771,0.543904,0
4.43604,7.00505,7.64225,-0.00377553,4.63611,0.0231169,0.107172,FRENET,0.571801,0.213771,0.571801,0.088386,0.213771,0.543904,0
4.44004,7.05142,7.64233,-0.00324931,4.6378,0.0635468,0.294717,FRENET,0.571801,0.213771,0.571801,0.088386,0.213771,0.543904,0
4.44405,7.05142,7.64233,-0.00324931,4.6378,0.0635468,0.294717,FRENET,0.571801,0.213771,0.571801,0.088386,0.213771,0.543904,0
4.44871,7.0978,7.64241,-0.00251585,4.6394,0.0985859,0.45738,FRENET,0.571801,0.213771,0.571801,0.088386,0.213771,0.543904,0
4.45205,7.0978,7.64241,-0.00251585,4.6394,0.0985859,0.45738,FRENET,0.571801,0.213771,0.571801,0.088386,0.213771,0.543904,0
4.45604,7.0978,7.64241,-0.00251585,4.6394,0.0985859,0.45738,FRENET,0.571801,0.213771,0.571801,0.088386,0.213771,0.543904,0
4.46003,7.14421,7.64252,-0.00132207,4.64093,0.122218,0.567205,FRENET,0.571801,0.213771,0.571801,0.088386,0.213771,0.543904,0
4.46404,7.14421,7.64252,-0.00132207,4.64093,0.122218,0.567205,FRENET,0.571801,0.213771,0.571801,0.088386,0.213771,0.543904,0
4.46869,7.19062,7.64264,-7.12808e-05,4.64239,0.143906,0.66807,FRENET,0.571801,0.213771,0.571801,0.088386,0.213771,0.543904,0
4.47205,7.19062,7.64264,-7.12808e-05,4.64239,0.143906,0.66807,FRENET,0.571801,0.213771,0.571801,0.088386,0.213771,0.543904,0
4.47605,7.19062,7.64264,-7.12808e-05,4.64239,0.143906,0.66807,FRENET,0.571801,0.213771,0.571801,0.088386,0.213771,0.543904,0
4.48003,7.23705,7.6428,0.0015208,4.64378,0.156965,0.728909,FRENET,0.574047,0.213771,0.574047,0.448972,0.213771,0.41195,0
4.48405,7.23705,7.6428,0.0015208,4.64378,0.156965,0.728909,FRENET,0.574047,0.213771,0.574047,0.448972,0.213771,0.41195,0
4.48869,7.2835,7.64298,0.00307564,4.6451,0.170314,0.791124,FRENET,0.574047,0.213771,0.574047,0.448972,0.213771,0.41195,0
4.49205,7.2835,7.64298,0.00307564,4.6451,0.170314,0.791124,FRENET,0.574047,0.213771,0.574047,0.448972,0.213771,0.41195,0
4.49605,7.2835,7.64298,0.00307564,4.6451,0.170314,0.791124,FRENET,0.574047,0.213771,0.574047,0.448972,0.213771,0.41195,0
4.50003,7.32995,7.6432,0.00489776,4.64636,0.176822,0.82158,FRENET,0.574047,0.213771,0.574047,0.448972,0.213771,0.41195,0
4.50406,7.32995,7.6432,0.00489776,4.64636,0.176822,0.82158,FRENET,0.574047,0.213771,0.574047,0.448972,0.213771,0.41195,0
4.50869,7.37642,7.64346,0.00662448,4.64756,0.185054,0.860052,FRENET,0.574047,0.213771,0.574047,0.448972,0.213771,0.41195,0
4.51205,7.37642,7.64346,0.00662448,4.64756,0.185054,0.860052,FRENET,0.574047,0.213771,0.574047,0.448972,0.213771,0.41195,0
4.51605,7.37642,7.64346,0.00662448,4.64756,0.185054,0.860052,FRENET,0.574047,0.213771,0.574047,0.448972,0.213771,0.41195,0
4.52004,7.4229,7.64377,0.00857333,4.6487,0.187587,0.872037,FRENET,0.574047,0.213771,0.574047,0.448972,0.213771,0.41195,0
4.52404,7.4229,7.64377,0.00857333,4.6487,0.187587,0.872037,FRENET,0.574047,0.213771,0.574047,0.448972,0.213771,0.41195,0
4.52869,7.46939,7.64412,0.0103916,4.64979,0.192751,0.896251,FRENET,0.584607,0.213771,0.584607,0.576648,0.213771,0.319907,0
4.53205,7.46939,7.64412,0.0103916,4.64979,0.192751,0.896251,FRENET,0.584607,0.213771,0.584607,0.576648,0.213771,0.319907,0
4.53604,7.46939,7.64412,0.0103916,4.64979,0.192751,0.896251,FRENET,0.584607,0.213771,0.584607,0.576648,0.213771,0.319907,0
4.54003,7.51589,7.64454,0.0124052,4.65083,0.192932,0.897295,FRENET,0.584607,0.213771,0.584607,0.576648,0.213771,0.319907,0
4.54405,7.51589,7.64454,0.0124052,4.65083,0.192932,0.897295,FRENET,0.584607,0.213771,0.584607,0.576648,0.213771,0.319907,0
4.54872,7.56241,7.645,0.0142676,4.65181,0.196312,0.913205,FRENET,0.584607,0.213771,0.584607,0.576648,0.213771,0.319907,0
4.55205,7.56241,7.645,0.0142676,4.65181,0.196312,0.913205,FRENET,0.584607,0.213771,0.584607,0.576648,0.213771,0.319907,0
4.55604,7.56241,7.645,0.0142676,4.65181,0.196312,0.913205,FRENET,0.584607,0.213771,0.584607,0.576648,0.213771,0.319907,0
4.56004,7.60893,7.64554,0.0163098,4.65275,0.195153,0.907997,FRENET,0.584607,0.213771,0.584607,0.576648,0.213771,0.319907,0
4.56406,7.60893,7.64554,0.0163098,4.65275,0.195153,0.907997,FRENET,0.584607,0.213771,0.584607,0.576648,0.213771,0.319907,0
4.56865,7.65545,7.64613,0.0181891,4.65365,0.197539,0.919277,FRENET,0.584607,0.213771,0.584607,0.576648,0.213771,0.319907,0
4.57204,7.65545,7.64613,0.0181891,4.65365,0.197539,0.919277,FRENET,0.584607,0.213771,0.584607,0.576648,0.213771,0.319907,0
4.57604,7.65545,7.64613,0.0181891,4.65365,0.197539,0.919277,FRENET,0.584607,0.213771,0.584607,0.576648,0.213771,0.319907,0
4.58003,7.70199,7.6468,0.0202397,4.6545,0.195656,0.91068,FRENET,0.58665,0.214554,0.58665,0.599278,0.214554,0.199707,0
4.58404,7.70199,7.6468,0.0202397,4.6545,0.195656,0.91068,FRENET,0.58665,0.214554,0.58665,0.599278,0.214554,0.199707,0
4.58865,7.74853,7.6475,0.0218037,4.6549,0.10374,0.482902,FRENET,0.58665,0.214554,0.58665,0.599278,0.214554,0.199707,0
4.59205,7.74853,7.6475,0.0218037,4.6549,0.10374,0.482902,FRENET,0.58665,0.214554,0.58665,0.599278,0.214554,0.199707,0
4.59605,7.74853,7.6475,0.0218037,4.6549,0.10374,0.482902,FRENET,0.58665,0.214554,0.58665,0.599278,0.214554,0.199707,0
4.60004,7.79508,7.64819,0.0223973,4.65529,0.0347477,0.161761,FRENET,0.58665,0.214554,0.58665,0.599278,0.214554,0.199707,0
4.60407,7.79508,7.64819,0.0223973,4.65529,0.0347477,0.161761,FRENET,0.58665,0.214554,0.58665,0.599278,0.214554,0.199707,0
4.60869,7.84163,7.64888,0.0225289,4.65626,-0.0230309,-0.107238,FRENET,0.58665,0.214554,0.58665,0.599278,0.214554,0.199707,0
4.61206,7.84163,7.64888,0.0225289,4.65626,-0.0230309,-0.107238,FRENET,0.58665,0.214554,0.58665,0.599278,0.214554,0.199707,0
4.61606,7.84163,7.64888,0.0225289,4.65626,-0.0230309,-0.107238,FRENET,0.58665,0.214554,0.58665,0.599278,0.214554,0.199707,0
4.62004,7.88819,7.64957,0.0219969,4.65718,-0.0646849,-0.301249,FRENET,0.58665,0.214554,0.58665,0.599278,0.214554,0.199707,0
4.62405,7.88819,7.64957,0.0219969,4.65718,-0.0646849,-0.301249,FRENET,0.58665,0.214554,0.58665,0.599278,0.214554,0.199707,0
4.6287,7.93476,7.65026,0.0212476,4.65806,-0.100599,-0.468595,FRENET,0.585981,0.214554,0.585981,0.513499,0.214554,0.39942,0
4.63206,7.93476,7.65026,0.0212476,4.65806,-0.100599,-0.468595,FRENET,0.585981,0.214554,0.585981,0.513499,0.214554,0.39942,0
4.63606,7.93476,7.65026,0.0212476,4.65806,-0.100599,-0.468595,FRENET,0.585981,0.214554,0.585981,0.513499,0.214554,0.39942,0
4.64005,7.98134,7.65093,0.0200303,4.6589,-0.124833,-0.581586,FRENET,0.585981,0.214554,0.585981,0.513499,0.214554,0.39942,0
4.64406,7.98134,7.65093,0.0200303,4.6589,-0.124833,-0.581586,FRENET,0.585981,0.214554,0.585981,0.513499,0.214554,0.39942,0
4.64865,8.02793,7.65161,0.0187515,4.6597,-0.146916,-0.684586,FRENET,0.585981,0.214554,0.585981,0.513499,0.214554,0.39942,0
4.65206,8.02793,7.65161,0.0187515,4.6597,-0.146916,-0.684586,FRENET,0.585981,0.214554,0.585981,0.513499,0.214554,0.39942,0
4.65605,8.02793,7.65161,0.0187515,4.6597,-0.146916,-0.684586,FRENET,0.585981,0.214554,0.585981,0.513499,0.214554,0.39942,0
4.66005,8.07453,7.65225,0.0171278,4.66046,-0.16021,-0.74665,FRENET,0.585981,0.214554,0.585981,0.513499,0.214554,0.39942,0
4.66405,8.07453,7.65225,0.0171278,4.66046,-0.16021,-0.74665,FRENET,0.585981,0.214554,0.585981,0.513499,0.214554,0.39942,0
4.6687,8.12113,7.65288,0.01554,4.66118,-0.173673,-0.809523,FRENET,0.585981,0.214554,0.585981,0.513499,0.214554,0.39942,0
4.67205,8.12113,7.65288,0.01554,4.66118,-0.173673,-0.809523,FRENET,0.585981,0.214554,0.585981,0.513499,0.214554,0.39942,0
4.67605,8.12113,7.65288,0.01554,4.66118,-0.173673,-0.809523,FRENET,0.585981,0.214554,0.585981,0.513499,0.214554,0.39942,0
4.68004,8.16774,7.65347,0.0136839,4.66187,-0.180207,-0.8401,FRENET,0.585702,0.214554,0.585702,0,0.214554,0.710073,0
4.68405,8.16774,7.65347,0.0136839,4.66187,-0.180207,-0.8401,FRENET,0.585702,0.214554,0.585702,0,0.214554,0.710073,0
4.68873,8.21436,7.65403,0.0119237,4.66252,-0.188397,-0.878408,FRENET,0.585702,0.214554,0.585702,0,0.214554,0.710073,0
4.69208,8.21436,7.65403,0.0119237,4.66252,-0.188397,-0.878408,FRENET,0.585702,0.214554,0.585702,0,0.214554,0.710073,0
4.69608,8.21436,7.65403,0.0119237,4.66252,-0.188397,-0.878408,FRENET,0.585702,0.214554,0.585702,0,0.214554,0.710073,0
4.70007,8.26099,7.65455,0.00994168,4.66315,-0.190841,-0.889922,FRENET,0.585702,0.214554,0.585702,0,0.214554,0.710073,0
4.70419,8.26099,7.65455,0.00994168,4.66315,-0.190841,-0.889922,FRENET,0.585702,0.214554,0.585702,0,0.214554,0.710073,0
4.70878,8.30762,7.65502,0.00809161,4.66375,-0.195883,-0.913549,FRENET,0.585702,0.214554,0.585702,0,0.214554,0.710073,0
4.71205,8.30762,7.65502,0.00809161,4.66375,-0.195883,-0.913549,FRENET,0.585702,0.214554,0.585702,0,0.214554,0.710073,0
4.71605,8.30762,7.65502,0.00809161,4.66375,-0.195883,-0.913549,FRENET,0.585702,0.214554,0.585702,0,0.214554,0.710073,0
4.72003,8.35426,7.65544,0.00604726,4.66431,-0.195922,-0.913839,FRENET,0.585702,0.214554,0.585702,0,0.214554,0.710073,0
4.72405,8.35426,7.65544,0.00604726,4.66431,-0.195922,-0.913839,FRENET,0.585702,0.214554,0.585702,0,0.214554,0.710073,0
4.72869,8.4009,7.65582,0.00431502,4.66485,-0.152193,-0.709956,FRENET,0.602065,0.214554,0.602065,0.0485922,0.214554,0.571969,0
4.73205,8.4009,7.65582,0.00431502,4.66485,-0.152193,-0.709956,FRENET,0.602065,0.214554,0.602065,0.0485922,0.214554,0.571969,0
4.73604,8.4009,7.65582,0.00431502,4.66485,-0.152193,-0.709956,FRENET,0.602065,0.214554,0.602065,0.0485922,0.214554,0.571969,0
4.74003,8.44755,7.6562,0.00313275,4.66537,-0.0704696,-0.328767,FRENET,0.602065,0.214554,0.602065,0.0485922,0.214554,0.571969,0
4.74405,8.44755,7.6562,0.00313275,4.66537,-0.0704696,-0.328767,FRENET,0.602065,0.214554,0.602065,0.0485922,0.214554,0.571969,0
4.74868,8.49421,7.6566,0.00283016,4.66586,-0.00947816,-0.0442237,FRENET,0.602065,0.214554,0.602065,0.0485922,0.214554,0.571969,0
4.75205,8.49421,7.6566,0.00283016,4.66586,-0.00947816,-0.0442237,FRENET,0.602065,0.214554,0.602065,0.0485922,0.214554,0.571969,0
4.75605,8.49421,7.6566,0.00283016,4.66586,-0.00947816,-0.0442237,FRENET,0.602065,0.214554,0.602065,0.0485922,0.214554,0.571969,0
4.76003,8.54086,7.657,0.00291835,4.66632,0.0420243,0.196099,FRENET,0.602065,0.214554,0.602065,0.0485922,0.214554,0.571969,0
4.76404,8.54086,7.657,0.00291835,4.66632,0.0420243,0.196099,FRENET,0.602065,0.214554,0.602065,0.0485922,0.214554,0.571969,0
4.76868,8.58753,7.65743,0.00361509,4.66677,0.0787924,0.367706,FRENET,0.602065,0.214554,0.602065,0.0485922,0.214554,0.571969,0
4.77205,8.58753,7.65743,0.00361509,4.66677,0.0787924,0.367706,FRENET,0.602065,0.214554,0.602065,0.0485922,0.214554,0.571969,0
4.77605,8.58753,7.65743,0.00361509,4.66677,0.0787924,0.367706,FRENET,0.602065,0.214554,0.602065,0.0485922,0.214554,0.571969,0
4.78003,8.6342,7.65785,0.0044855,4.66719,0.110931,0.517738,FRENET,0.583628,0.215464,0.583628,0.257785,0.215464,0.494304,0
4.78405,8.6342,7.65785,0.0044855,4.66719,0.110931,0.517738,FRENET,0.583628,0.215464,0.583628,0.257785,0.215464,0.494304,0
4.78868,8.68087,7.6583,0.00579094,4.66794,0.132239,0.617282,FRENET,0.583628,0.215464,0.583628,0.257785,0.215464,0.494304,0
4.79204,8.68087,7.6583,0.00579094,4.66794,0.132239,0.617282,FRENET,0.583628,0.215464,0.583628,0.257785,0.215464,0.494304,0
4.79605,8.68087,7.6583,0.00579094,4.66794,0.132239,0.617282,FRENET,0.583628,0.215464,0.583628,0.257785,0.215464,0.494304,0
4.80003,8.72755,7.65876,0.00713208,4.66864,0.152083,0.710021,FRENET,0.583628,0.215464,0.583628,0.257785,0.215464,0.494304,0
4.80404,8.72755,7.65876,0.00713208,4.66864,0.152083,0.710021,FRENET,0.583628,0.215464,0.583628,0.257785,0.215464,0.494304,0
4.80868,8.77424,7.65926,0.00879863,4.66932,0.163688,0.76431,FRENET,0.583628,0.215464,0.583628,0.257785,0.215464,0.494304,0
4.81204,8.77424,7.65926,0.00879863,4.66932,0.163688,0.76431,FRENET,0.583628,0.215464,0.583628,0.257785,0.215464,0.494304,0
4.81604,8.77424,7.65926,0.00879863,4.66932,0.163688,0.76431,FRENET,0.583628,0.215464,0.583628,0.257785,0.215464,0.494304,0
4.82003,8.82093,7.65978,0.0104145,4.66996,0.175884,0.821373,FRENET,0.583628,0.215464,0.583628,0.257785,0.215464,0.494304,0
4.82405,8.82093,7.65978,0.0104145,4.66996,0.175884,0.821373,FRENET,0.583628,0.215464,0.583628,0.257785,0.215464,0.494304,0
4.82869,8.86763,7.66035,0.0122878,4.67058,0.181488,0.847653,FRENET,0.590947,0.215464,0.590947,0.604948,0.215464,0.199634,0
4.83204,8.86763,7.66035,0.0122878,4.67058,0.181488,0.847653,FRENET,0.590947,0.215464,0.590947,0.604948,0.215464,0.199634,0
4.83605,8.86763,7.66035,0.0122878,4.67058,0.181488,0.847653,FRENET,0.590947,0.215464,0.590947,0.604948,0.215464,0.199634,0
4.84003,8.91434,7.66092,0.0137391,4.67116,0.0951055,0.444253,FRENET,0.590947,0.215464,0.590947,0.604948,0.215464,0.199634,0
4.84404,8.91434,7.66092,0.0137391,4.67116,0.0951055,0.444253,FRENET,0.590947,0.215464,0.590947,0.604948,0.215464,0.199634,0
4.84868,8.96105,7.66145,0.0142677,4.67171,0.0301574,0.140887,FRENET,0.590947,0.215464,0.590947,0.604948,0.215464,0.199634,0
4.85204,8.96105,7.66145,0.0142677,4.67171,0.0301574,0.140887,FRENET,0.590947,0.215464,0.590947,0.604948,0.215464,0.199634,0
4.85605,8.96105,7.66145,0.0142677,4.67171,0.0301574,0.140887,FRENET,0.590947,0.215464,0.590947,0.604948,0.215464,0.199634,0
4.86003,9.00776,7.66197,0.0143691,4.67224,-0.0246878,-0.115347,FRENET,0.590947,0.215464,0.590947,0.604948,0.215464,0.199634,0
4.86404,9.00776,7.66197,0.0143691,4.67224,-0.0246878,-0.115347,FRENET,0.590947,0.215464,0.590947,0.604948,0.215464,0.199634,0
4.86869,9.05449,7.66245,0.0138312,4.67275,-0.0642862,-0.300393,FRENET,0.590947,0.215464,0.590947,0.604948,0.215464,0.199634,0
4.87205,9.05449,7.66245,0.0138312,4.67275,-0.0642862,-0.300393,FRENET,0.590947,0.215464,0.590947,0.604948,0.215464,0.199634,0
4.87605,9.05449,7.66245,0.0138312,4.67275,-0.0642862,-0.300393,FRENET,0.590947,0.215464,0.590947,0.604948,0.215464,0.199634,0
4.88003,9.10121,7.66292,0.0130936,4.67323,-0.098807,-0.461747,FRENET,0.60583,0.215464,0.60583,0.5817,0.215464,0.374544,0
4.88404,9.10121,7.66292,0.0130936,4.67323,-0.098807,-0.461747,FRENET,0.60583,0.215464,0.60583,0.5817,0.215464,0.374544,0
4.88868,9.14795,7.66336,0.0118988,4.67369,-0.122154,-0.570908,FRENET,0.60583,0.215464,0.60583,0.5817,0.215464,0.374544,0
4.89204,9.14795,7.66336,0.0118988,4.67369,-0.122154,-0.570908,FRENET,0.60583,0.215464,0.60583,0.5817,0.215464,0.374544,0
4.89605,9.14795,7.66336,0.0118988,4.67369,-0.122154,-0.570908,FRENET,0.60583,0.215464,0.60583,0.5817,0.215464,0.374544,0
4.90003,9.19468,7.66378,0.0106498,4.67412,-0.143719,-0.671758,FRENET,0.60583,0.215464,0.60583,0.5817,0.215464,0.374544,0
4.90404,9.19468,7.66378,0.0106498,4.67412,-0.143719,-0.671758,FRENET,0.60583,0.215464,0.60583,0.5817,0.215464,0.374544,0
4.90868,9.24142,7.66416,0.0090593,4.67454,-0.15677,-0.732827,FRENET,0.60583,0.215464,0.60583,0.5817,0.215464,0.374544,0
4.91208,9.24142,7.66416,0.0090593,4.67454,-0.15677,-0.732827,FRENET,0.60583,0.215464,0.60583,0.5817,0.215464,0.374544,0
4.91608,9.24142,7.66416,0.0090593,4.67454,-0.15677,-0.732827,FRENET,0.60583,0.215464,0.60583,0.5817,0.215464,0.374544,0
4.92006,9.28817,7.66451,0.00750649,4.67493,-0.170184,-0.795596,FRENET,0.60583,0.215464,0.60583,0.5817,0.215464,0.374544,0
4.92408,9.28817,7.66451,0.00750649,4.67493,-0.170184,-0.795596,FRENET,0.60583,0.215464,0.60583,0.5817,0.215464,0.374544,0
4.92874,9.33492,7.66481,0.00568481,4.67531,-0.176807,-0.826625,FRENET,0.593,0.215464,0.593,0.611831,0.215464,0.345401,0
4.93201,9.33492,7.66481,0.00568481,4.67531,-0.176807,-0.826625,FRENET,0.593,0.215464,0.593,0.611831,0.215464,0.345401,0
4.93604,9.33492,7.66481,0.00568481,4.67531,-0.176807,-0.826625,FRENET,0.593,0.215464,0.593,0.611831,0.215464,0.345401,0
4.93999,9.38168,7.66508,0.0039579,4.67567,-0.185174,-0.865812,FRENET,0.593,0.215464,0.593,0.611831,0.215464,0.345401,0
4.94403,9.38168,7.66508,0.0039579,4.67567,-0.185174,-0.865812,FRENET,0.593,0.215464,0.593,0.611831,0.215464,0.345401,0
4.94867,9.42843,7.66529,0.00200683,4.67601,-0.187856,-0.878415,FRENET,0.593,0.215464,0.593,0.611831,0.215464,0.345401,0
4.95206,9.42843,7.66529,0.00200683,4.67601,-0.187856,-0.878415,FRENET,0.593,0.215464,0.593,0.611831,0.215464,0.345401,0
4.95604,9.42843,7.66529,0.00200683,4.67601,-0.187856,-0.878415,FRENET,0.593,0.215464,0.593,0.611831,0.215464,0.345401,0
4.96007,9.47519,7.66548,0.000503928,4.67633,-0.0991558,-0.463686,FRENET,0.593,0.215464,0.593,0.611831,0.215464,0.345401,0
4.96406,9.47519,7.66548,0.000503928,4.67633,-0.0991558,-0.463686,FRENET,0.593,0.215464,0.593,0.611831,0.215464,0.345401,0
4.9687,9.52196,7.66571,-5.59896e-05,4.67664,-0.0324649,-0.151827,FRENET,0.593,0.215464,0.593,0.611831,0.215464,0.345401,0
4.97208,9.52196,7.66571,-5.59896e-05,4.67664,-0.0324649,-0.151827,FRENET,0.593,0.215464,0.593,0.611831,0.215464,0.345401,0
4.97606,9.52196,7.66571,-5.59896e-05,4.67664,-0.0324649,-0.151827,FRENET,0.593,0.215464,0.593,0.611831,0.215464,0.345401,0
4.98007,9.56873,7.66594,-0.000173732,4.67694,0.023677,0.110736,FRENET,0.581705,0.220946,0.581705,0,0.220946,0.634659,0
4.98409,9.56873,7.66594,-0.000173732,4.67694,0.023677,0.110736,FRENET,0.581705,0.220946,0.581705,0,0.220946,0.634659,0
4.98871,9.6155,7.66619,0.000359155,4.67719,0.0642238,0.300387,FRENET,0.581705,0.220946,0.581705,0,0.220946,0.634659,0
4.99206,9.6155,7.66619,0.000359155,4.67719,0.0642238,0.300387,FRENET,0.581705,0.220946,0.581705,0,0.220946,0.634659,0
4.99603,9.6155,7.66619,0.000359155,4.67719,0.0642238,0.300387,FRENET,0.581705,0.220946,0.581705,0,0.220946,0.634659,0
5.00005,9.66227,7.66644,0.00109965,4.67771,0.0994006,0.464968,FRENET,0.581705,0.220946,0.581705,0,0.220946,0.634659,0
5.00401,9.66227,7.66644,0.00109965,4.67771,0.0994006,0.464968,FRENET,0.581705,0.220946,0.581705,0,0.220946,0.634659,0
5.00866,9.70905,7.66673,0.00230278,4.67822,0.123202,0.576365,FRENET,0.581705,0.220946,0.581705,0,0.220946,0.634659,0
5.01206,9.70905,7.66673,0.00230278,4.67822,0.123202,0.576365,FRENET,0.581705,0.220946,0.581705,0,0.220946,0.634659,0
5.01606,9.70905,7.66673,0.00230278,4.67822,0.123202,0.576365,FRENET,0.581705,0.220946,0.581705,0,0.220946,0.634659,0
5.02006,9.75583,7.66702,0.00356388,4.6787,0.145058,0.678683,FRENET,0.581705,0.220946,0.581705,0,0.220946,0.634659,0
5.02406,9.75583,7.66702,0.00356388,4.6787,0.145058,0.678683,FRENET,0.581705,0.220946,0.581705,0,0.220946,0.634659,0
5.02868,9.80262,7.66736,0.00516868,4.67915,0.158287,0.740649,FRENET,0.600281,0.220946,0.600281,0.609794,0.220946,0.330782,0
5.03204,9.80262,7.66736,0.00516868,4.67915,0.158287,0.740649,FRENET,0.600281,0.220946,0.600281,0.609794,0.220946,0.330782,0
5.03608,9.80262,7.66736,0.00516868,4.67915,0.158287,0.740649,FRENET,0.600281,0.220946,0.600281,0.609794,0.220946,0.330782,0
5.04006,9.84941,7.66771,0.00673716,4.67959,0.171784,0.803879,FRENET,0.600281,0.220946,0.600281,0.609794,0.220946,0.330782,0
5.04404,9.84941,7.66771,0.00673716,4.67959,0.171784,0.803879,FRENET,0.600281,0.220946,0.600281,0.609794,0.220946,0.330782,0
5.04867,9.89621,7.66811,0.00857501,4.68,0.178431,0.835058,FRENET,0.600281,0.220946,0.600281,0.609794,0.220946,0.330782,0
5.05207,9.89621,7.66811,0.00857501,4.68,0.178431,0.835058,FRENET,0.600281,0.220946,0.600281,0.609794,0.220946,0.330782,0
5.05607,9.89621,7.66811,0.00857501,4.68,0.178431,0.835058,FRENET,0.600281,0.220946,0.600281,0.609794,0.220946,0.330782,0
5.06006,9.94301,7.66854,0.0103181,4.68039,0.186771,0.874163,FRENET,0.600281,0.220946,0.600281,0.609794,0.220946,0.330782,0
5.06406,9.94301,7.66854,0.0103181,4.68039,0.186771,0.874163,FRENET,0.600281,0.220946,0.600281,0.609794,0.220946,0.330782,0
5.06863,9.98981,7.66903,0.0122848,4.68077,0.189399,0.886531,FRENET,0.600281,0.220946,0.600281,0.609794,0.220946,0.330782,0
5.07203,9.98981,7.66903,0.0122848,4.68077,0.189399,0.886531,FRENET,0.600281,0.220946,0.600281,0.609794,0.220946,0.330782,0
5.07607,9.98981,7.66903,0.0122848,4.68077,0.189399,0.886531,FRENET,0.600281,0.220946,0.600281,0.609794,0.220946,0.330782,0
5.08005,10.0366,7.66952,0.0138028,4.68113,0.100624,0.471036,FRENET,0.611685,0.220946,0.611685,0.624015,0.220946,0.349195,0
5.08407,10.0366,7.66952,0.0138028,4.68113,0.100624,0.471036,FRENET,0.611685,0.220946,0.611685,0.624015,0.220946,0.349195,0
5.08863,10.0834,7.66999,0.0143769,4.68147,0.0338237,0.158345,FRENET,0.611685,0.220946,0.611685,0.624015,0.220946,0.349195,0
5.092,10.0834,7.66999,0.0143769,4.68147,0.0338237,0.158345,FRENET,0.611685,0.220946,0.611685,0.624015,0.220946,0.349195,0
5.09605,10.0834,7.66999,0.0143769,4.68147,0.0338237,0.158345,FRENET,0.611685,0.220946,0.611685,0.624015,0.220946,0.349195,0
5.10004,10.1302,7.67045,0.0145076,4.68179,-0.0224397,-0.105058,FRENET,0.611685,0.220946,0.611685,0.624015,0.220946,0.349195,0
5.10406,10.1302,7.67045,0.0145076,4.68179,-0.0224397,-0.105058,FRENET,0.611685,0.220946,0.611685,0.624015,0.220946,0.349195,0
5.10868,10.1771,7.67088,0.0139865,4.6821,-0.0631179,-0.295525,FRENET,0.611685,0.220946,0.611685,0.624015,0.220946,0.349195,0
5.11204,10.1771,7.67088,0.0139865,4.6821,-0.0631179,-0.295525,FRENET,0.611685,0.220946,0.611685,0.624015,0.220946,0.349195,0
5.11604,10.1771,7.67088,0.0139865,4.6821,-0.0631179,-0.295525,FRENET,0.611685,0.220946,0.611685,0.624015,0.220946,0.349195,0
5.12004,10.2239,7.67131,0.0132564,4.6824,-0.098445,-0.460958,FRENET,0.611685,0.220946,0.611685,0.624015,0.220946,0.349195,0
5.12405,10.2239,7.67131,0.0132564,4.6824,-0.098445,-0.460958,FRENET,0.611685,0.220946,0.611685,0.624015,0.220946,0.349195,0
5.12869,10.2707,7.67171,0.012062,4.68268,-0.122389,-0.573108,FRENET,0.593553,0.220946,0.593553,0.616928,0.220946,0.262614,0
5.13204,10.2707,7.67171,0.012062,4.68268,-0.122389,-0.573108,FRENET,0.593553,0.220946,0.593553,0.616928,0.220946,0.262614,0
5.136,10.2707,7.67171,0.012062,4.68268,-0.122389,-0.573108,FRENET,0.593553,0.220946,0.593553,0.616928,0.220946,0.262614,0
5.14004,10.3175,7.6721,0.0108084,4.68294,-0.144381,-0.676129,FRENET,0.593553,0.220946,0.593553,0.616928,0.220946,0.262614,0
5.14405,10.3175,7.6721,0.0108084,4.68294,-0.144381,-0.676129,FRENET,0.593553,0.220946,0.593553,0.616928,0.220946,0.262614,0
5.14865,10.3644,7.67245,0.00920969,4.6832,-0.157734,-0.7387,FRENET,0.593553,0.220946,0.593553,0.616928,0.220946,0.262614,0
5.15206,10.3644,7.67245,0.00920969,4.6832,-0.157734,-0.7387,FRENET,0.593553,0.220946,0.593553,0.616928,0.220946,0.262614,0
5.15606,10.3644,7.67245,0.00920969,4.6832,-0.157734,-0.7387,FRENET,0.593553,0.220946,0.593553,0.616928,0.220946,0.262614,0
5.16005,10.4112,7.67278,0.00764624,4.68344,-0.171345,-0.802485,FRENET,0.593553,0.220946,0.593553,0.616928,0.220946,0.262614,0
5.16406,10.4112,7.67278,0.00764624,4.68344,-0.171345,-0.802485,FRENET,0.593553,0.220946,0.593553,0.616928,0.220946,0.262614,0
5.1687,10.458,7.67305,0.0058122,4.68367,-0.178093,-0.83413,FRENET,0.593553,0.220946,0.593553,0.616928,0.220946,0.262614,0
5.17207,10.458,7.67305,0.0058122,4.68367,-0.178093,-0.83413,FRENET,0.593553,0.220946,0.593553,0.616928,0.220946,0.262614,0
5.17606,10.458,7.67305,0.0058122,4.68367,-0.178093,-0.83413,FRENET,0.593553,0.220946,0.593553,0.616928,0.220946,0.262614,0
5.18003,10.5049,7.67331,0.00407213,4.68389,-0.186524,-0.873657,FRENET,0.605481,0.225813,0.605481,0.156096,0.225813,0.545445,0
5.18406,10.5049,7.67331,0.00407213,4.68389,-0.186524,-0.873657,FRENET,0.605481,0.225813,0.605481,0.156096,0.225813,0.545445,0
5.1887,10.5517,7.6735,0.0021073,4.68406,-0.189239,-0.886405,FRENET,0.605481,0.225813,0.605481,0.156096,0.225813,0.545445,0
5.19206,10.5517,7.6735,0.0021073,4.68406,-0.189239,-0.886405,FRENET,0.605481,0.225813,0.605481,0.156096,0.225813,0.545445,0
5.19606,10.5517,7.6735,0.0021073,4.68406,-0.189239,-0.886405,FRENET,0.605481,0.225813,0.605481,0.156096,0.225813,0.545445,0
5.20005,10.5985,7.67368,0.00059088,4.68422,-0.100457,-0.470565,FRENET,0.605481,0.225813,0.605481,0.156096,0.225813,0.545445,0
5.20408,10.5985,7.67368,0.00059088,4.68422,-0.100457,-0.470565,FRENET,0.605481,0.225813,0.605481,0.156096,0.225813,0.545445,0
5.20871,10.6454,7.67389,1.85567e-05,4.68438,-0.0336521,-0.157639,FRENET,0.605481,0.225813,0.605481,0.156096,0.225813,0.545445,0
5.21203,10.6454,7.67389,1.85567e-05,4.68438,-0.0336521,-0.157639,FRENET,0.605481,0.225813,0.605481,0.156096,0.225813,0.545445,0
5.21604,10.6454,7.67389,1.85567e-05,4.68438,-0.0336521,-0.157639,FRENET,0.605481,0.225813,0.605481,0.156096,0.225813,0.545445,0
5.22003,10.6922,7.67411,-0.000110482,4.68473,0.0226032,0.10589,FRENET,0.605481,0.225813,0.605481,0.156096,0.225813,0.545445,0
5.224,10.6922,7.67411,-0.000110482,4.68473,0.0226032,0.10589,FRENET,0.605481,0.225813,0.605481,0.156096,0.225813,0.545445,0
5.22864,10.7391,7.67435,0.00041228,4.68507,0.0632801,0.296471,FRENET,0.606105,0.225813,0.606105,0.410282,0.225813,0.443422,0
5.23203,10.7391,7.67435,0.00041228,4.68507,0.0632801,0.296471,FRENET,0.606105,0.225813,0.606105,0.410282,0.225813,0.443422,0
5.23605,10.7391,7.67435,0.00041228,4.68507,0.0632801,0.296471,FRENET,0.606105,0.225813,0.606105,0.410282,0.225813,0.443422,0
5.24003,10.7859,7.6746,0.001144,4.68539,0.0986044,0.462,FRENET,0.606105,0.225813,0.606105,0.410282,0.225813,0.443422,0
5.24404,10.7859,7.6746,0.001144,4.68539,0.0986044,0.462,FRENET,0.606105,0.225813,0.606105,0.410282,0.225813,0.443422,0
5.24867,10.8328,7.67488,0.00233997,4.68569,0.122549,0.574229,FRENET,0.606105,0.225813,0.606105,0.410282,0.225813,0.443422,0
5.25204,10.8328,7.67488,0.00233997,4.68569,0.122549,0.574229,FRENET,0.606105,0.225813,0.606105,0.410282,0.225813,0.443422,0
5.25604,10.8328,7.67488,0.00233997,4.68569,0.122549,0.574229,FRENET,0.606105,0.225813,0.606105,0.410282,0.225813,0.443422,0
5.26003,10.8796,7.67516,0.00359515,4.68598,0.144539,0.677309,FRENET,0.606105,0.225813,0.606105,0.410282,0.225813,0.443422,0
5.26409,10.8796,7.67516,0.00359515,4.68598,0.144539,0.677309,FRENET,0.606105,0.225813,0.606105,0.410282,0.225813,0.443422,0
5.26871,10.9265,7.67549,0.00519546,4.68625,0.157893,0.739926,FRENET,0.606105,0.225813,0.606105,0.410282,0.225813,0.443422,0
5.27203,10.9265,7.67549,0.00519546,4.68625,0.157893,0.739926,FRENET,0.606105,0.225813,0.606105,0.410282,0.225813,0.443422,0
5.27602,10.9265,7.67549,0.00519546,4.68625,0.157893,0.739926,FRENET,0.606105,0.225813,0.606105,0.410282,0.225813,0.443422,0
5.28001,10.9734,7.67584,0.0067605,4.68652,0.171501,0.803741,FRENET,0.606808,0.225813,0.606808,0.611897,0.225813,0.367295,0
5.28402,10.9734,7.67584,0.0067605,4.68652,0.171501,0.803741,FRENET,0.606808,0.225813,0.606808,0.611897,0.225813,0.367295,0
5.28865,11.0202,7.67624,0.00859608,4.68677,0.178248,0.835407,FRENET,0.606808,0.225813,0.606808,0.611897,0.225813,0.367295,0
5.29202,11.0202,7.67624,0.00859608,4.68677,0.178248,0.835407,FRENET,0.606808,0.225813,0.606808,0.611897,0.225813,0.367295,0
5.29602,11.0202,7.67624,0.00859608,4.68677,0.178248,0.835407,FRENET,0.606808,0.225813,0.606808,0.611897,0.225813,0.367295,0
5.30001,11.0671,7.67666,0.0103377,4.68701,0.186674,0.874942,FRENET,0.606808,0.225813,0.606808,0.611897,0.225813,0.367295,0
5.30406,11.0671,7.67666,0.0103377,4.68701,0.186674,0.874942,FRENET,0.606808,0.225813,0.606808,0.611897,0.225813,0.367295,0
5.30869,11.114,7.67715,0.0123039,4.68723,0.189378,0.887657,FRENET,0.606808,0.225813,0.606808,0.611897,0.225813,0.367295,0
5.31202,11.114,7.67715,0.0123039,4.68723,0.189378,0.887657,FRENET,0.606808,0.225813,0.606808,0.611897,0.225813,0.367295,0
5.31602,11.114,7.67715,0.0123039,4.68723,0.189378,0.887657,FRENET,0.606808,0.225813,0.606808,0.611897,0.225813,0.367295,0
5.32001,11.1608,7.67764,0.0138218,4.68745,0.1006,0.471557,FRENET,0.606808,0.225813,0.606808,0.611897,0.225813,0.367295,0
5.32402,11.1608,7.67764,0.0138218,4.68745,0.1006,0.471557,FRENET,0.606808,0.225813,0.606808,0.611897,0.225813,0.367295,0
5.32866,11.2077,7.67811,0.0143955,4.68765,0.0337799,0.158348,FGM,0.625538,0.270656,0.448887,0.625538,0.476681,0.270656,0
5.33203,11.2077,7.67811,0.0143955,4.68765,0.0337799,0.158348,FGM,0.625538,0.270656,0.448887,0.625538,0.476681,0.270656,0
5.33604,11.2077,7.67811,0.0143955,4.68765,0.0337799,0.158348,FGM,0.625538,0.270656,0.448887,0.625538,0.476681,0.270656,0
5.34001,11.2541,7.67855,0.014526,4.59255,-0.0291797,-0.13401,FGM,0.625538,0.270656,0.448887,0.625538,0.476681,0.270656,0
5.34402,11.2541,7.67855,0.014526,4.59255,-0.0291797,-0.13401,FGM,0.625538,0.270656,0.448887,0.625538,0.476681,0.270656,0
5.34866,11.2996,7.67895,0.0138883,4.49745,-0.0723474,-0.325379,FGM,0.625538,0.270656,0.448887,0.625538,0.476681,0.270656,0
5.35202,11.2996,7.67895,0.0138883,4.49745,-0.0723474,-0.325379,FGM,0.625538,0.270656,0.448887,0.625538,0.476681,0.270656,0
5.35602,11.2996,7.67895,0.0138883,4.49745,-0.0723474,-0.325379,FGM,0.625538,0.270656,0.448887,0.625538,0.476681,0.270656,0
5.36,11.3441,7.67936,0.0135238,4.40235,0.0191661,0.0843759,FGM,0.625538,0.270656,0.448887,0.625538,0.476681,0.270656,0
5.36402,11.3441,7.67936,0.0135238,4.40235,0.0191661,0.0843759,FGM,0.625538,0.270656,0.448887,0.625538,0.476681,0.270656,0
5.36866,11.3876,7.67986,0.0141642,4.30725,0.0816028,0.351484,FGM,0.625538,0.270656,0.448887,0.625538,0.476681,0.270656,0
5.37203,11.3876,7.67986,0.0141642,4.30725,0.0816028,0.351484,FGM,0.625538,0.270656,0.448887,0.625538,0.476681,0.270656,0
5.37606,11.3876,7.67986,0.0141642,4.30725,0.0816028,0.351484,FGM,0.625538,0.270656,0.448887,0.625538,0.476681,0.270656,0
5.38001,11.4302,7.68038,0.0151379,4.21215,0.134937,0.568376,FGM,0.457379,0.149501,0.472226,0.457379,0.476681,0.149501,0
5.38403,11.4302,7.68038,0.0151379,4.21215,0.134937,0.568376,FGM,0.457379,0.149501,0.472226,0.457379,0.476681,0.149501,0
5.38869,11.4718,7.68098,0.0167881,4.11705,0.169279,0.696929,FGM,0.457379,0.149501,0.472226,0.457379,0.476681,0.149501,0
5.39206,11.4718,7.68098,0.0167881,4.11705,0.169279,0.696929,FGM,0.457379,0.149501,0.472226,0.457379,0.476681,0.149501,0
5.39606,11.4718,7.68098,0.0167881,4.11705,0.169279,0.696929,FGM,0.457379,0.149501,0.472226,0.457379,0.476681,0.149501,0
5.40005,11.5125,7.68159,0.0185317,4.02195,0.202297,0.813628,FGM,0.457379,0.149501,0.472226,0.457379,0.476681,0.149501,0
5.40406,11.5125,7.68159,0.0185317,4.02195,0.202297,0.813628,FGM,0.457379,0.149501,0.472226,0.457379,0.476681,0.149501,0
5.40869,11.5523,7.68226,0.020775,3.92685,0.221287,0.86896,FGM,0.457379,0.149501,0.472226,0.457379,0.476681,0.149501,0
5.41205,11.5523,7.68226,0.020775,3.92685,0.221287,0.86896,FGM,0.457379,0.149501,0.472226,0.457379,0.476681,0.149501,0
5.41605,11.5523,7.68226,0.020775,3.92685,0.221287,0.86896,FGM,0.457379,0.149501,0.472226,0.457379,0.476681,0.149501,0
5.42006,11.5911,7.68292,0.0225382,3.83175,0.113048,0.433172,FGM,0.457379,0.149501,0.472226,0.457379,0.476681,0.149501,0
5.42406,11.5911,7.68292,0.0225382,3.83175,0.113048,0.433172,FGM,0.457379,0.149501,0.472226,0.457379,0.476681,0.149501,0
5.42865,11.6289,7.6835,0.0231708,3.73665,0.0417345,0.155947,FGM,0.444981,0.151737,0.471128,0.444981,0.476681,0.151737,0
5.43205,11.6289,7.6835,0.0231708,3.73665,0.0417345,0.155947,FGM,0.444981,0.151737,0.471128,0.444981,0.476681,0.151737,0
5.43604,11.6289,7.6835,0.0231708,3.73665,0.0417345,0.155947,FGM,0.444981,0.151737,0.471128,0.444981,0.476681,0.151737,0
5.44008,11.6659,7.68408,0.0233878,3.66655,-0.0177177,-0.0649628,FGM,0.444981,0.151737,0.471128,0.444981,0.476681,0.151737,0
5.4441,11.6659,7.68408,0.0233878,3.66655,-0.0177177,-0.0649628,FGM,0.444981,0.151737,0.471128,0.444981,0.476681,0.151737,0
5.44872,11.7023,7.68462,0.0229031,3.60978,-0.0558755,-0.201698,FGM,0.444981,0.151737,0.471128,0.444981,0.476681,0.151737,0
5.45209,11.7023,7.68462,0.0229031,3.60978,-0.0558755,-0.201698,FGM,0.444981,0.151737,0.471128,0.444981,0.476681,0.151737,0
5.45609,11.7023,7.68462,0.0229031,3.60978,-0.0558755,-0.201698,FGM,0.444981,0.151737,0.471128,0.444981,0.476681,0.151737,0
5.46008,11.7381,7.68516,0.0222665,3.56381,-0.0903188,-0.321879,FGM,0.444981,0.151737,0.471128,0.444981,0.476681,0.151737,0
5.46409,11.7381,7.68516,0.0222665,3.56381,-0.0903188,-0.321879,FGM,0.444981,0.151737,0.471128,0.444981,0.476681,0.151737,0
5.46872,11.7736,7.68567,0.0211599,3.52659,-0.110039,-0.388063,FGM,0.444981,0.151737,0.471128,0.444981,0.476681,0.151737,0
5.47209,11.7736,7.68567,0.0211599,3.52659,-0.110039,-0.388063,FGM,0.444981,0.151737,0.471128,0.444981,0.476681,0.151737,0
5.47606,11.7736,7.68567,0.0211599,3.52659,-0.110039,-0.388063,FGM,0.444981,0.151737,0.471128,0.444981,0.476681,0.151737,0
5.48008,11.8087,7.68618,0.0200523,3.49644,-0.129848,-0.454005,FGM,0.372464,0.475528,0.447173,0.372464,0.476681,0.475528,0
5.48409,11.8087,7.68618,0.0200523,3.49644,-0.129848,-0.454005,FGM,0.372464,0.475528,0.447173,0.372464,0.476681,0.475528,0
5.48873,11.8435,7.68666,0.0186119,3.4703,-0.138644,-0.481136,FGM,0.372464,0.475528,0.447173,0.372464,0.476681,0.475528,0
5.49209,11.8435,7.68666,0.0186119,3.4703,-0.138644,-0.481136,FGM,0.372464,0.475528,0.447173,0.372464,0.476681,0.475528,0
5.49609,11.8435,7.68666,0.0186119,3.4703,-0.138644,-0.481136,FGM,0.372464,0.475528,0.447173,0.372464,0.476681,0.475528,0
5.50004,11.8781,7.68713,0.0172601,3.44913,-0.149813,-0.516724,FGM,0.372464,0.475528,0.447173,0.372464,0.476681,0.475528,0
5.50409,11.8781,7.68713,0.0172601,3.44913,-0.149813,-0.516724,FGM,0.372464,0.475528,0.447173,0.372464,0.476681,0.475528,0
5.50873,11.9125,7.68757,0.0156576,3.43199,-0.152102,-0.52201,FGM,0.372464,0.475528,0.447173,0.372464,0.476681,0.475528,0
5.5121,11.9125,7.68757,0.0156576,3.43199,-0.152102,-0.52201,FGM,0.372464,0.475528,0.447173,0.372464,0.476681,0.475528,0
5.51605,11.9125,7.68757,0.0156576,3.43199,-0.152102,-0.52201,FGM,0.372464,0.475528,0.447173,0.372464,0.476681,0.475528,0
5.52004,11.9468,7.68802,0.0145251,3.4181,-0.0611698,-0.209085,FGM,0.372464,0.475528,0.447173,0.372464,0.476681,0.475528,0
5.52406,11.9468,7.68802,0.0145251,3.4181,-0.0611698,-0.209085,FGM,0.372464,0.475528,0.447173,0.372464,0.476681,0.475528,0
5.52869,11.9809,7.68852,0.0143206,3.40686,-0.00103309,-0.00351959,FGM,0.381211,0.468266,0.306145,0.381211,0.355042,0.468266,0
5.53206,11.9809,7.68852,0.0143206,3.40686,-0.00103309,-0.00351959,FGM,0.381211,0.468266,0.306145,0.381211,0.355042,0.468266,0
5.53606,11.9809,7.68852,0.0143206,3.40686,-0.00103309,-0.00351959,FGM,0.381211,0.468266,0.306145,0.381211,0.355042,0.468266,0
5.54005,12.0149,7.68905,0.0144806,3.38626,0.048939,0.16572,FGM,0.381211,0.468266,0.306145,0.381211,0.355042,0.468266,0
5.54406,12.0149,7.68905,0.0144806,3.38626,0.048939,0.16572,FGM,0.381211,0.468266,0.306145,0.381211,0.355042,0.468266,0
5.54869,12.0486,7.68962,0.0152202,3.36958,0.0788766,0.265781,FGM,0.381211,0.468266,0.306145,0.381211,0.355042,0.468266,0
5.55205,12.0486,7.68962,0.0152202,3.36958,0.0788766,0.265781,FGM,0.381211,0.468266,0.306145,0.381211,0.355042,0.468266,0
5.55608,12.0486,7.68962,0.0152202,3.36958,0.0788766,0.265781,FGM,0.381211,0.468266,0.306145,0.381211,0.355042,0.468266,0
5.56005,12.0823,7.69021,0.0160559,3.35608,0.104933,0.352161,FGM,0.381211,0.468266,0.306145,0.381211,0.355042,0.468266,0
5.56406,12.0823,7.69021,0.0160559,3.35608,0.104933,0.352161,FGM,0.381211,0.468266,0.306145,0.381211,0.355042,0.468266,0
5.5687,12.1158,7.69085,0.017264,3.34514,0.117957,0.394584,FGM,0.381211,0.468266,0.306145,0.381211,0.355042,0.468266,0
5.57206,12.1158,7.69085,0.017264,3.34514,0.117957,0.394584,FGM,0.381211,0.468266,0.306145,0.381211,0.355042,0.468266,0
5.57606,12.1158,7.69085,0.017264,3.34514,0.117957,0.394584,FGM,0.381211,0.468266,0.306145,0.381211,0.355042,0.468266,0
5.58005,12.1492,7.6915,0.018428,3.33628,0.13184,0.439855,FGM,0.397213,0.466436,0.312277,0.397213,0.355042,0.466436,0
5.58406,12.1492,7.6915,0.018428,3.33628,0.13184,0.439855,FGM,0.397213,0.466436,0.312277,0.397213,0.355042,0.466436,0
5.58869,12.1825,7.69219,0.0198492,3.33696,0.135096,0.450809,FGM,0.397213,0.466436,0.312277,0.397213,0.355042,0.466436,0
5.59206,12.1825,7.69219,0.0198492,3.33696,0.135096,0.450809,FGM,0.397213,0.466436,0.312277,0.397213,0.355042,0.466436,0
5.59605,12.1825,7.69219,0.0198492,3.33696,0.135096,0.450809,FGM,0.397213,0.466436,0.312277,0.397213,0.355042,0.466436,0
5.60004,12.2159,7.69291,0.0211515,3.33761,0.142045,0.474092,FGM,0.397213,0.466436,0.312277,0.397213,0.355042,0.466436,0
5.60405,12.2159,7.69291,0.0211515,3.33761,0.142045,0.474092,FGM,0.397213,0.466436,0.312277,0.397213,0.355042,0.466436,0
5.60869,12.2493,7.69368,0.0226581,3.33823,0.142128,0.474457,FGM,0.397213,0.466436,0.312277,0.397213,0.355042,0.466436,0
5.61205,12.2493,7.69368,0.0226581,3.33823,0.142128,0.474457,FGM,0.397213,0.466436,0.312277,0.397213,0.355042,0.466436,0
5.61605,12.2493,7.69368,0.0226581,3.33823,0.142128,0.474457,FGM,0.397213,0.466436,0.312277,0.397213,0.355042,0.466436,0
5.62004,12.2826,7.69448,0.0240188,3.33882,0.14683,0.49024,FGM,0.397213,0.466436,0.312277,0.397213,0.355042,0.466436,0
5.62406,12.2826,7.69448,0.0240188,3.33882,0.14683,0.49024,FGM,0.397213,0.466436,0.312277,0.397213,0.355042,0.466436,0
5.62869,12.316,7.69533,0.0255648,3.33938,0.145331,0.485315,FGM,0.643796,0.237997,0.309074,0.643796,0.355042,0.237997,0
5.63205,12.316,7.69533,0.0255648,3.33938,0.145331,0.485315,FGM,0.643796,0.237997,0.309074,0.643796,0.355042,0.237997,0
5.63605,12.316,7.69533,0.0255648,3.33938,0.145331,0.485315,FGM,0.643796,0.237997,0.309074,0.643796,0.355042,0.237997,0
5.64004,12.3494,7.6962,0.0269488,3.34348,0.148139,0.495301,FGM,0.643796,0.237997,0.309074,0.643796,0.355042,0.237997,0
5.64405,12.3494,7.6962,0.0269488,3.34348,0.148139,0.495301,FGM,0.643796,0.237997,0.309074,0.643796,0.355042,0.237997,0
5.64868,12.3829,7.69714,0.0285005,3.34739,0.145482,0.486984,FGM,0.643796,0.237997,0.309074,0.643796,0.355042,0.237997,0
5.65209,12.3829,7.69714,0.0285005,3.34739,0.145482,0.486984,FGM,0.643796,0.237997,0.309074,0.643796,0.355042,0.237997,0
5.65609,12.3829,7.69714,0.0285005,3.34739,0.145482,0.486984,FGM,0.643796,0.237997,0.309074,0.643796,0.355042,0.237997,0
5.66008,12.4163,7.69808,0.0295794,3.35111,0.0582347,0.195151,FGM,0.643796,0.237997,0.309074,0.643796,0.355042,0.237997,0
5.6641,12.4163,7.69808,0.0295794,3.35111,0.0582347,0.195151,FGM,0.643796,0.237997,0.309074,0.643796,0.355042,0.237997,0
5.66869,12.4498,7.69898,0.02977,3.35466,-4.49365e-06,-1.50746e-05,FGM,0.643796,0.237997,0.309074,0.643796,0.355042,0.237997,0
5.6721,12.4498,7.69898,0.02977,3.35466,-4.49365e-06,-1.50746e-05,FGM,0.643796,0.237997,0.309074,0.643796,0.355042,0.237997,0
5.67608,12.4498,7.69898,0.02977,3.35466,-4.49365e-06,-1.50746e-05,FGM,0.643796,0.237997,0.309074,0.643796,0.355042,0.237997,0
5.68004,12.4834,7.69987,0.0296088,3.35803,-0.0465267,-0.156238,FGM,0.445267,0.458208,0.305239,0.445267,0.355042,0.458208,0
5.68406,12.4834,7.69987,0.0296088,3.35803,-0.0465267,-0.156238,FGM,0.445267,0.458208,0.305239,0.445267,0.355042,0.458208,0
5.68869,12.517,7.70073,0.0289096,3.36353,-0.0749787,-0.252193,FGM,0.445267,0.458208,0.305239,0.445267,0.355042,0.458208,0
5.69206,12.517,7.70073,0.0289096,3.36353,-0.0749787,-0.252193,FGM,0.445267,0.458208,0.305239,0.445267,0.355042,0.458208,0
5.69606,12.517,7.70073,0.0289096,3.36353,-0.0749787,-0.252193,FGM,0.445267,0.458208,0.305239,0.445267,0.355042,0.458208,0
5.70005,12.5506,7.70158,0.0281119,3.36877,-0.0998573,-0.336396,FGM,0.445267,0.458208,0.305239,0.445267,0.355042,0.458208,0
5.70406,12.5506,7.70158,0.0281119,3.36877,-0.0998573,-0.336396,FGM,0.445267,0.458208,0.305239,0.445267,0.355042,0.458208,0
5.70868,12.5844,7.70239,0.0269603,3.37376,-0.112944,-0.381044,FGM,0.445267,0.458208,0.305239,0.445267,0.355042,0.458208,0
5.71206,12.5844,7.70239,0.0269603,3.37376,-0.112944,-0.381044,FGM,0.445267,0.458208,0.305239,0.445267,0.355042,0.458208,0
5.71605,12.5844,7.70239,0.0269603,3.37376,-0.112944,-0.381044,FGM,0.445267,0.458208,0.305239,0.445267,0.355042,0.458208,0
5.72004,12.6181,7.70321,0.0261467,3.3785,-0.0370725,-0.12525,FGM,0.445267,0.458208,0.305239,0.445267,0.355042,0.458208,0
5.72405,12.6181,7.70321,0.0261467,3.3785,-0.0370725,-0.12525,FGM,0.445267,0.458208,0.305239,0.445267,0.355042,0.458208,0
5.72869,12.6519,7.7041,0.0261262,3.38303,0.0134605,0.0455373,FGM,0.415657,0.469095,0.398543,0.415657,0.35977,0.469095,0
5.73205,12.6519,7.7041,0.0261262,3.38303,0.0134605,0.0455373,FGM,0.415657,0.469095,0.398543,0.415657,0.35977,0.469095,0
5.73605,12.6519,7.7041,0.0261262,3.38303,0.0134605,0.0455373,FGM,0.415657,0.469095,0.398543,0.415657,0.35977,0.469095,0
5.74004,12.6857,7.70501,0.0263957,3.38515,0.0551275,0.186615,FGM,0.415657,0.469095,0.398543,0.415657,0.35977,0.469095,0
5.74405,12.6857,7.70501,0.0263957,3.38515,0.0551275,0.186615,FGM,0.415657,0.469095,0.398543,0.415657,0.35977,0.469095,0
5.74868,12.7196,7.70597,0.027166,3.38717,0.0805346,0.272785,FGM,0.415657,0.469095,0.398543,0.415657,0.35977,0.469095,0
5.75205,12.7196,7.70597,0.027166,3.38717,0.0805346,0.272785,FGM,0.415657,0.469095,0.398543,0.415657,0.35977,0.469095,0
5.75605,12.7196,7.70597,0.027166,3.38717,0.0805346,0.272785,FGM,0.415657,0.469095,0.398543,0.415657,0.35977,0.469095,0
5.76004,12.7534,7.70695,0.0280075,3.3891,0.103473,0.350682,FGM,0.415657,0.469095,0.398543,0.415657,0.35977,0.469095,0
5.76405,12.7534,7.70695,0.0280075,3.3891,0.103473,0.350682,FGM,0.415657,0.469095,0.398543,0.415657,0.35977,0.469095,0
5.76868,12.7873,7.70797,0.0291894,3.39093,0.115254,0.390819,FGM,0.415657,0.469095,0.398543,0.415657,0.35977,0.469095,0
5.77205,12.7873,7.70797,0.0291894,3.39093,0.115254,0.390819,FGM,0.415657,0.469095,0.398543,0.415657,0.35977,0.469095,0
5.77606,12.7873,7.70797,0.0291894,3.39093,0.115254,0.390819,FGM,0.415657,0.469095,0.398543,0.415657,0.35977,0.469095,0
5.78005,12.8212,7.70902,0.0303259,3.39268,0.128301,0.435284,FGM,0.620391,0.230743,0.399919,0.620391,0.35977,0.230743,0
5.78406,12.8212,7.70902,0.0303259,3.39268,0.128301,0.435284,FGM,0.620391,0.230743,0.399919,0.620391,0.35977,0.230743,0
5.78869,12.8552,7.71012,0.0317125,3.39917,0.13213,0.449133,FGM,0.620391,0.230743,0.399919,0.620391,0.35977,0.230743,0
5.79206,12.8552,7.71012,0.0317125,3.39917,0.13213,0.449133,FGM,0.620391,0.230743,0.399919,0.620391,0.35977,0.230743,0
5.79606,12.8552,7.71012,0.0317125,3.39917,0.13213,0.449133,FGM,0.620391,0.230743,0.399919,0.620391,0.35977,0.230743,0
5.80004,12.8892,7.71125,0.0329887,3.40535,0.139367,0.474595,FGM,0.620391,0.230743,0.399919,0.620391,0.35977,0.230743,0
5.80406,12.8892,7.71125,0.0329887,3.40535,0.139367,0.474595,FGM,0.620391,0.230743,0.399919,0.620391,0.35977,0.230743,0
5.80868,12.9232,7.71243,0.0344693,3.41124,0.140014,0.477623,FGM,0.620391,0.230743,0.399919,0.620391,0.35977,0.230743,0
5.81205,12.9232,7.71243,0.0344693,3.41124,0.140014,0.477623,FGM,0.620391,0.230743,0.399919,0.620391,0.35977,0.230743,0
5.81605,12.9232,7.71243,0.0344693,3.41124,0.140014,0.477623,FGM,0.620391,0.230743,0.399919,0.620391,0.35977,0.230743,0
5.82004,12.9574,7.71361,0.035508,3.41685,0.0555407,0.189774,FGM,0.620391,0.230743,0.399919,0.620391,0.35977,0.230743,0
5.82405,12.9574,7.71361,0.035508,3.41685,0.0555407,0.189774,FGM,0.620391,0.230743,0.399919,0.620391,0.35977,0.230743,0
5.82869,12.9915,7.71475,0.0356801,3.42219,-0.00132425,-0.00453183,FRENET,0.405246,0.35977,0.405246,0.371537,0.35977,0.496816,0
5.83205,12.9915,7.71475,0.0356801,3.42219,-0.00132425,-0.00453183,FRENET,0.405246,0.35977,0.405246,0.371537,0.35977,0.496816,0
5.83605,12.9915,7.71475,0.0356801,3.42219,-0.00132425,-0.00453183,FRENET,0.405246,0.35977,0.405246,0.371537,0.35977,0.496816,0
5.84001,13.026,7.71589,0.035522,3.46507,-0.04198,-0.145463,FRENET,0.405246,0.35977,0.405246,0.371537,0.35977,0.496816,0
5.84406,13.026,7.71589,0.035522,3.46507,-0.04198,-0.145463,FRENET,0.405246,0.35977,0.405246,0.371537,0.35977,0.496816,0
5.84869,13.0608,7.71701,0.034894,3.5059,-0.0681751,-0.239015,FRENET,0.405246,0.35977,0.405246,0.371537,0.35977,0.496816,0
5.85207,13.0608,7.71701,0.034894,3.5059,-0.0681751,-0.239015,FRENET,0.405246,0.35977,0.405246,0.371537,0.35977,0.496816,0
5.85606,13.0608,7.71701,0.034894,3.5059,-0.0681751,-0.239015,FRENET,0.405246,0.35977,0.405246,0.371537,0.35977,0.496816,0
5.86005,13.096,7.71815,0.0344238,3.5448,-0.0142371,-0.0504676,FRENET,0.405246,0.35977,0.405246,0.371537,0.35977,0.496816,0
5.86407,13.096,7.71815,0.0344238,3.5448,-0.0142371,-0.0504676,FRENET,0.405246,0.35977,0.405246,0.371537,0.35977,0.496816,0
5.86865,13.1316,7.71936,0.0345494,3.58184,0.0232663,0.0833363,FRENET,0.405246,0.35977,0.405246,0.371537,0.35977,0.496816,0
5.8721,13.1316,7.71936,0.0345494,3.58184,0.0232663,0.0833363,FRENET,0.405246,0.35977,0.405246,0.371537,0.35977,0.496816,0
5.87607,13.1316,7.71936,0.0345494,3.58184,0.0232663,0.0833363,FRENET,0.405246,0.35977,0.405246,0.371537,0.35977,0.496816,0
5.88006,13.1676,7.72061,0.0348785,3.61713,0.055435,0.200515,FRENET,0.403665,0.35977,0.403665,0.371599,0.35977,0.50008,0
5.88407,13.1676,7.72061,0.0348785,3.61713,0.055435,0.200515,FRENET,0.403665,0.35977,0.403665,0.371599,0.35977,0.50008,0
5.88869,13.2039,7.72191,0.0356149,3.65073,0.0762737,0.278455,FRENET,0.403665,0.35977,0.403665,0.371599,0.35977,0.50008,0
5.89206,13.2039,7.72191,0.0356149,3.65073,0.0762737,0.278455,FRENET,0.403665,0.35977,0.403665,0.371599,0.35977,0.50008,0
5.8961,13.2039,7.72191,0.0356149,3.65073,0.0762737,0.278455,FRENET,0.403665,0.35977,0.403665,0.371599,0.35977,0.50008,0
5.90009,13.2406,7.72325,0.0364064,3.68274,0.0957482,0.352616,FRENET,0.403665,0.35977,0.403665,0.371599,0.35977,0.50008,0
5.90409,13.2406,7.72325,0.0364064,3.68274,0.0957482,0.352616,FRENET,0.403665,0.35977,0.403665,0.371599,0.35977,0.50008,0
5.90869,13.2775,7.72465,0.0374965,3.71323,0.106923,0.397031,FRENET,0.403665,0.35977,0.403665,0.371599,0.35977,0.50008,0
5.91209,13.2775,7.72465,0.0374965,3.71323,0.106923,0.397031,FRENET,0.403665,0.35977,0.403665,0.371599,0.35977,0.50008,0
5.9161,13.2775,7.72465,0.0374965,3.71323,0.106923,0.397031,FRENET,0.403665,0.35977,0.403665,0.371599,0.35977,0.50008,0
5.92008,13.3148,7.72608,0.0385551,3.74227,0.119089,0.445663,FRENET,0.403665,0.35977,0.403665,0.371599,0.35977,0.50008,0
5.92405,13.3148,7.72608,0.0385551,3.74227,0.119089,0.445663,FRENET,0.403665,0.35977,0.403665,0.371599,0.35977,0.50008,0
5.9287,13.3523,7.72758,0.0398507,3.76992,0.124734,0.470238,FRENET,0.464157,0.49142,0.464157,0.366732,0.49142,0.50612,0
5.93203,13.3523,7.72758,0.0398507,3.76992,0.124734,0.470238,FRENET,0.464157,0.49142,0.464157,0.366732,0.49142,0.50612,0
5.93604,13.3523,7.72758,0.0398507,3.76992,0.124734,0.470238,FRENET,0.464157,0.49142,0.464157,0.366732,0.49142,0.50612,0
5.94002,13.39,7.72911,0.0410743,3.78375,0.135469,0.512579,FRENET,0.464157,0.49142,0.464157,0.366732,0.49142,0.50612,0
5.94403,13.39,7.72911,0.0410743,3.78375,0.135469,0.512579,FRENET,0.464157,0.49142,0.464157,0.366732,0.49142,0.50612,0
5.94871,13.4279,7.7307,0.0425309,3.79692,0.139539,0.529817,FRENET,0.464157,0.49142,0.464157,0.366732,0.49142,0.50612,0
5.95206,13.4279,7.7307,0.0425309,3.79692,0.139539,0.529817,FRENET,0.464157,0.49142,0.464157,0.366732,0.49142,0.50612,0
5.95606,13.4279,7.7307,0.0425309,3.79692,0.139539,0.529817,FRENET,0.464157,0.49142,0.464157,0.366732,0.49142,0.50612,0
5.96004,13.466,7.73233,0.0438736,3.81987,0.144104,0.550457,FRENET,0.464157,0.49142,0.464157,0.366732,0.49142,0.50612,0
5.96405,13.466,7.73233,0.0438736,3.81987,0.144104,0.550457,FRENET,0.464157,0.49142,0.464157,0.366732,0.49142,0.50612,0
5.96869,13.5042,7.73402,0.0453913,3.84173,0.143988,0.553164,FRENET,0.464157,0.49142,0.464157,0.366732,0.49142,0.50612,0
5.97207,13.5042,7.73402,0.0453913,3.84173,0.143988,0.553164,FRENET,0.464157,0.49142,0.464157,0.366732,0.49142,0.50612,0
5.97605,13.5042,7.73402,0.0453913,3.84173,0.143988,0.553164,FRENET,0.464157,0.49142,0.464157,0.366732,0.49142,0.50612,0
5.98002,13.5427,7.73576,0.0467735,3.86255,0.147776,0.570793,FRENET,0.458733,0.49142,0.458733,0.382233,0.49142,0.51199,0
5.98405,13.5427,7.73576,0.0467735,3.86255,0.147776,0.570793,FRENET,0.458733,0.49142,0.458733,0.382233,0.49142,0.51199,0
5.98868,13.5814,7.73757,0.0483257,3.88238,0.147094,0.571074,FRENET,0.458733,0.49142,0.458733,0.382233,0.49142,0.51199,0
5.99205,13.5814,7.73757,0.0483257,3.88238,0.147094,0.571074,FRENET,0.458733,0.49142,0.458733,0.382233,0.49142,0.51199,0
5.99602,13.5814,7.73757,0.0483257,3.88238,0.147094,0.571074,FRENET,0.458733,0.49142,0.458733,0.382233,0.49142,0.51199,0
6.00006,13.6203,7.73942,0.0497361,3.90126,0.150484,0.587079,FRENET,0.458733,0.49142,0.458733,0.382233,0.49142,0.51199,0
6.00405,13.6203,7.73942,0.0497361,3.90126,0.150484,0.587079,FRENET,0.458733,0.49142,0.458733,0.382233,0.49142,0.51199,0
6.00868,13.6593,7.74134,0.0513145,3.91925,0.14951,0.585968,FRENET,0.458733,0.49142,0.458733,0.382233,0.49142,0.51199,0
6.01205,13.6593,7.74134,0.0513145,3.91925,0.14951,0.585968,FRENET,0.458733,0.49142,0.458733,0.382233,0.49142,0.51199,0
6.01605,13.6593,7.74134,0.0513145,3.91925,0.14951,0.585968,FRENET,0.458733,0.49142,0.458733,0.382233,0.49142,0.51199,0
6.02007,13.6986,7.74331,0.0527474,3.93639,0.152699,0.601083,FRENET,0.458733,0.49142,0.458733,0.382233,0.49142,0.51199,0
6.02402,13.6986,7.74331,0.0527474,3.93639,0.152699,0.601083,FRENET,0.458733,0.49142,0.458733,0.382233,0.49142,0.51199,0
6.02865,13.7379,7.74535,0.0543478,3.95271,0.151573,0.599123,FRENET,0.459387,0.49142,0.459387,0.56558,0.49142,0.447916,0
6.03205,13.7379,7.74535,0.0543478,3.95271,0.151573,0.599123,FRENET,0.459387,0.49142,0.459387,0.56558,0.49142,0.447916,0
6.03606,13.7379,7.74535,0.0543478,3.95271,0.151573,0.599123,FRENET,0.459387,0.49142,0.459387,0.56558,0.49142,0.447916,0
6.04004,13.7775,7.74744,0.0558001,3.96825,0.154658,0.61372,FRENET,0.459387,0.49142,0.459387,0.56558,0.49142,0.447916,0
6.04405,13.7775,7.74744,0.0558001,3.96825,0.154658,0.61372,FRENET,0.459387,0.49142,0.459387,0.56558,0.49142,0.447916,0
6.04868,13.8172,7.74961,0.0574202,3.98305,0.153446,0.611185,FRENET,0.459387,0.49142,0.459387,0.56558,0.49142,0.447916,0
6.05204,13.8172,7.74961,0.0574202,3.98305,0.153446,0.611185,FRENET,0.459387,0.49142,0.459387,0.56558,0.49142,0.447916,0
6.05605,13.8172,7.74961,0.0574202,3.98305,0.153446,0.611185,FRENET,0.459387,0.49142,0.459387,0.56558,0.49142,0.447916,0
6.06004,13.857,7.75182,0.0588904,3.99715,0.156471,0.625439,FRENET,0.459387,0.49142,0.459387,0.56558,0.49142,0.447916,0
6.06406,13.857,7.75182,0.0588904,3.99715,0.156471,0.625439,FRENET,0.459387,0.49142,0.459387,0.56558,0.49142,0.447916,0
6.06866,13.897,7.75411,0.0605288,4.01058,0.155205,0.622461,FRENET,0.459387,0.49142,0.459387,0.56558,0.49142,0.447916,0
6.07206,13.897,7.75411,0.0605288,4.01058,0.155205,0.622461,FRENET,0.459387,0.49142,0.459387,0.56558,0.49142,0.447916,0
6.07605,13.897,7.75411,0.0605288,4.01058,0.155205,0.622461,FRENET,0.459387,0.49142,0.459387,0.56558,0.49142,0.447916,0
6.08004,13.9371,7.75645,0.0620159,4.02337,0.158188,0.636448,FRENET,0.453225,0.49142,0.453225,0.54482,0.49142,0.464322,0
6.08406,13.9371,7.75645,0.0620159,4.02337,0.158188,0.636448,FRENET,0.453225,0.49142,0.453225,0.54482,0.49142,0.464322,0
6.08869,13.9773,7.75887,0.0636717,4.03556,0.156877,0.633086,FRENET,0.453225,0.49142,0.453225,0.54482,0.49142,0.464322,0
6.09205,13.9773,7.75887,0.0636717,4.03556,0.156877,0.633086,FRENET,0.453225,0.49142,0.453225,0.54482,0.49142,0.464322,0
6.09609,13.9773,7.75887,0.0636717,4.03556,0.156877,0.633086,FRENET,0.453225,0.49142,0.453225,0.54482,0.49142,0.464322,0
6.10007,14.0177,7.76135,0.0651749,4.04716,0.159824,0.646834,FRENET,0.453225,0.49142,0.453225,0.54482,0.49142,0.464322,0
6.10409,14.0177,7.76135,0.0651749,4.04716,0.159824,0.646834,FRENET,0.453225,0.49142,0.453225,0.54482,0.49142,0.464322,0
6.10866,14.0581,7.7639,0.0668473,4.05821,0.158472,0.643113,FRENET,0.453225,0.49142,0.453225,0.54482,0.49142,0.464322,0
6.11206,14.0581,7.7639,0.0668473,4.05821,0.158472,0.643113,FRENET,0.453225,0.49142,0.453225,0.54482,0.49142,0.464322,0
6.11609,14.0581,7.7639,0.0668473,4.05821,0.158472,0.643113,FRENET,0.453225,0.49142,0.453225,0.54482,0.49142,0.464322,0
6.12009,14.0987,7.7665,0.0683658,4.06874,0.161383,0.656626,FRENET,0.453225,0.49142,0.453225,0.54482,0.49142,0.464322,0
6.12409,14.0987,7.7665,0.0683658,4.06874,0.161383,0.656626,FRENET,0.453225,0.49142,0.453225,0.54482,0.49142,0.464322,0
6.1287,14.1393,7.76919,0.0700539,4.07876,0.15999,0.65256,FRENET,0.443182,0.500028,0.443182,0.389404,0.500028,0.535862,0
6.13209,14.1393,7.76919,0.0700539,4.07876,0.15999,0.65256,FRENET,0.443182,0.500028,0.443182,0.389404,0.500028,0.535862,0
6.13609,14.1393,7.76919,0.0700539,4.07876,0.15999,0.65256,FRENET,0.443182,0.500028,0.443182,0.389404,0.500028,0.535862,0
6.14007,14.1801,7.77193,0.0715833,4.09114,0.161943,0.662529,FRENET,0.443182,0.500028,0.443182,0.389404,0.500028,0.535862,0
6.14409,14.1801,7.77193,0.0715833,4.09114,0.161943,0.662529,FRENET,0.443182,0.500028,0.443182,0.389404,0.500028,0.535862,0
6.1487,14.2209,7.77475,0.0732732,4.10292,0.159941,0.656227,FRENET,0.443182,0.500028,0.443182,0.389404,0.500028,0.535862,0
6.15209,14.2209,7.77475,0.0732732,4.10292,0.159941,0.656227,FRENET,0.443182,0.500028,0.443182,0.389404,0.500028,0.535862,0
6.15607,14.2209,7.77475,0.0732732,4.10292,0.159941,0.656227,FRENET,0.443182,0.500028,0.443182,0.389404,0.500028,0.535862,0
6.16008,14.2619,7.77763,0.074804,4.11415,0.162347,0.66792,FRENET,0.443182,0.500028,0.443182,0.389404,0.500028,0.535862,0
6.16409,14.2619,7.77763,0.074804,4.11415,0.162347,0.66792,FRENET,0.443182,0.500028,0.443182,0.389404,0.500028,0.535862,0
6.16869,14.303,7.78059,0.0765,4.12484,0.16067,0.662739,FRENET,0.443182,0.500028,0.443182,0.389404,0.500028,0.535862,0
6.17208,14.303,7.78059,0.0765,4.12484,0.16067,0.662739,FRENET,0.443182,0.500028,0.443182,0.389404,0.500028,0.535862,0
6.17609,14.303,7.78059,0.0765,4.12484,0.16067,0.662739,FRENET,0.443182,0.500028,0.443182,0.389404,0.500028,0.535862,0
6.18008,14.3442,7.78361,0.078039,4.13502,0.163312,0.675297,FRENET,0.450003,0.500028,0.450003,0.34998,0.500028,0.565332,0
6.18409,14.3442,7.78361,0.078039,4.13502,0.163312,0.675297,FRENET,0.450003,0.500028,0.450003,0.34998,0.500028,0.565332,0
6.1887,14.3855,7.78671,0.0797458,4.14472,0.161793,0.670585,FRENET,0.450003,0.500028,0.450003,0.34998,0.500028,0.565332,0
6.19209,14.3855,7.78671,0.0797458,4.14472,0.161793,0.670585,FRENET,0.450003,0.500028,0.450003,0.34998,0.500028,0.565332,0
6.19608,14.3855,7.78671,0.0797458,4.14472,0.161793,0.670585,FRENET,0.450003,0.500028,0.450003,0.34998,0.500028,0.565332,0
6.20001,14.4269,7.78985,0.0809923,4.15396,0.0749751,0.311443,FRENET,0.450003,0.500028,0.450003,0.34998,0.500028,0.565332,0
6.20409,14.4269,7.78985,0.0809923,4.15396,0.0749751,0.311443,FRENET,0.450003,0.500028,0.450003,0.34998,0.500028,0.565332,0
6.20865,14.4683,7.79297,0.0813316,4.16276,0.0121077,0.0504016,FRENET,0.450003,0.500028,0.450003,0.34998,0.500028,0.565332,0
6.21209,14.4683,7.79297,0.0813316,4.16276,0.0121077,0.0504016,FRENET,0.450003,0.500028,0.450003,0.34998,0.500028,0.565332,0
6.21609,14.4683,7.79297,0.0813316,4.16276,0.0121077,0.0504016,FRENET,0.450003,0.500028,0.450003,0.34998,0.500028,0.565332,0
6.22008,14.5099,7.7961,0.0812645,4.17114,-0.0396009,-0.165181,FRENET,0.450003,0.500028,0.450003,0.34998,0.500028,0.565332,0
6.22407,14.5099,7.7961,0.0812645,4.17114,-0.0396009,-0.165181,FRENET,0.450003,0.500028,0.450003,0.34998,0.500028,0.565332,0
6.22873,14.5515,7.79922,0.0806003,4.17912,-0.0751107,-0.313897,FRENET,0.448337,0.500028,0.448337,0.384476,0.500028,0.488197,0
6.2321,14.5515,7.79922,0.0806003,4.17912,-0.0751107,-0.313897,FRENET,0.448337,0.500028,0.448337,0.384476,0.500028,0.488197,0
6.2361,14.5515,7.79922,0.0806003,4.17912,-0.0751107,-0.313897,FRENET,0.448337,0.500028,0.448337,0.384476,0.500028,0.488197,0
6.24007,14.5932,7.80235,0.0797719,4.18672,-0.105594,-0.442093,FRENET,0.448337,0.500028,0.448337,0.384476,0.500028,0.488197,0
6.24402,14.5932,7.80235,0.0797719,4.18672,-0.105594,-0.442093,FRENET,0.448337,0.500028,0.448337,0.384476,0.500028,0.488197,0
6.24866,14.635,7.80546,0.0785331,4.19396,-0.1247,-0.522987,FRENET,0.448337,0.500028,0.448337,0.384476,0.500028,0.488197,0
6.25209,14.635,7.80546,0.0785331,4.19396,-0.1247,-0.522987,FRENET,0.448337,0.500028,0.448337,0.384476,0.500028,0.488197,0
6.25608,14.635,7.80546,0.0785331,4.19396,-0.1247,-0.522987,FRENET,0.448337,0.500028,0.448337,0.384476,0.500028,0.488197,0
6.26008,14.6769,7.80856,0.0772749,4.20086,-0.14257,-0.598916,FRENET,0.448337,0.500028,0.448337,0.384476,0.500028,0.488197,0
6.2641,14.6769,7.80856,0.0772749,4.20086,-0.14257,-0.598916,FRENET,0.448337,0.500028,0.448337,0.384476,0.500028,0.488197,0
6.26866,14.7188,7.81164,0.0757165,4.20743,-0.15202,-0.639615,FRENET,0.448337,0.500028,0.448337,0.384476,0.500028,0.488197,0
6.27203,14.7188,7.81164,0.0757165,4.20743,-0.15202,-0.639615,FRENET,0.448337,0.500028,0.448337,0.384476,0.500028,0.488197,0
6.27606,14.7188,7.81164,0.0757165,4.20743,-0.15202,-0.639615,FRENET,0.448337,0.500028,0.448337,0.384476,0.500028,0.488197,0
6.28004,14.7608,7.8147,0.0742238,4.21368,-0.162546,-0.684917,FRENET,0.379434,0.514906,0.379434,0.395678,0.514906,0.565583,0
6.28406,14.7608,7.8147,0.0742238,4.21368,-0.162546,-0.684917,FRENET,0.379434,0.514906,0.379434,0.395678,0.514906,0.565583,0
6.28868,14.8029,7.81773,0.0724957,4.22061,-0.166279,-0.701797,FRENET,0.379434,0.514906,0.379434,0.395678,0.514906,0.565583,0
6.29204,14.8029,7.81773,0.0724957,4.22061,-0.166279,-0.701797,FRENET,0.379434,0.514906,0.379434,0.395678,0.514906,0.565583,0
6.29605,14.8029,7.81773,0.0724957,4.22061,-0.166279,-0.701797,FRENET,0.379434,0.514906,0.379434,0.395678,0.514906,0.565583,0
6.30005,14.845,7.82073,0.0708829,4.2272,-0.172486,-0.729135,FRENET,0.379434,0.514906,0.379434,0.395678,0.514906,0.565583,0
6.30405,14.845,7.82073,0.0708829,4.2272,-0.172486,-0.729135,FRENET,0.379434,0.514906,0.379434,0.395678,0.514906,0.565583,0
6.30864,14.8872,7.82368,0.0690711,4.23349,-0.173181,-0.733161,FRENET,0.379434,0.514906,0.379434,0.395678,0.514906,0.565583,0
6.31205,14.8872,7.82368,0.0690711,4.23349,-0.173181,-0.733161,FRENET,0.379434,0.514906,0.379434,0.395678,0.514906,0.565583,0
6.31606,14.8872,7.82368,0.0690711,4.23349,-0.173181,-0.733161,FRENET,0.379434,0.514906,0.379434,0.395678,0.514906,0.565583,0
6.32005,14.9295,7.82661,0.0674012,4.23947,-0.17716,-0.751062,FRENET,0.379434,0.514906,0.379434,0.395678,0.514906,0.565583,0
6.32405,14.9295,7.82661,0.0674012,4.23947,-0.17716,-0.751062,FRENET,0.379434,0.514906,0.379434,0.395678,0.514906,0.565583,0
6.32869,14.9718,7.82948,0.0655511,4.24517,-0.176234,-0.748141,FRENET,0.389406,0.514906,0.389406,0.417475,0.514906,0.564316,0
6.33205,14.9718,7.82948,0.0655511,4.24517,-0.176234,-0.748141,FRENET,0.389406,0.514906,0.389406,0.417475,0.514906,0.564316,0
6.33606,14.9718,7.82948,0.0655511,4.24517,-0.176234,-0.748141,FRENET,0.389406,0.514906,0.389406,0.417475,0.514906,0.564316,0
6.34005,15.0142,7.83232,0.063857,4.25059,-0.179055,-0.761092,FRENET,0.389406,0.514906,0.389406,0.417475,0.514906,0.564316,0
6.34405,15.0142,7.83232,0.063857,4.25059,-0.179055,-0.761092,FRENET,0.389406,0.514906,0.389406,0.417475,0.514906,0.564316,0
6.34863,15.0566,7.83509,0.062002,4.26131,-0.175792,-0.749106,FRENET,0.389406,0.514906,0.389406,0.417475,0.514906,0.564316,0
6.35205,15.0566,7.83509,0.062002,4.26131,-0.175792,-0.749106,FRENET,0.389406,0.514906,0.389406,0.417475,0.514906,0.564316,0
6.35605,15.0566,7.83509,0.062002,4.26131,-0.175792,-0.749106,FRENET,0.389406,0.514906,0.389406,0.417475,0.514906,0.564316,0
6.36001,15.0992,7.83783,0.0603199,4.27152,-0.17684,-0.755373,FRENET,0.389406,0.514906,0.389406,0.417475,0.514906,0.564316,0
6.36405,15.0992,7.83783,0.0603199,4.27152,-0.17684,-0.755373,FRENET,0.389406,0.514906,0.389406,0.417475,0.514906,0.564316,0
6.36868,15.1419,7.8405,0.0584845,4.28124,-0.174007,-0.744966,FRENET,0.389406,0.514906,0.389406,0.417475,0.514906,0.564316,0
6.37208,15.1419,7.8405,0.0584845,4.28124,-0.174007,-0.744966,FRENET,0.389406,0.514906,0.389406,0.417475,0.514906,0.564316,0
6.37606,15.1419,7.8405,0.0584845,4.28124,-0.174007,-0.744966,FRENET,0.389406,0.514906,0.389406,0.417475,0.514906,0.564316,0
6.38008,15.1847,7.84313,0.0568185,4.2905,-0.175456,-0.752792,FRENET,0.390842,0.514906,0.390842,0.429755,0.514906,0.55236,0
6.38408,15.1847,7.84313,0.0568185,4.2905,-0.175456,-0.752792,FRENET,0.390842,0.514906,0.390842,0.429755,0.514906,0.55236,0
6.38867,15.2275,7.84569,0.0549948,4.29931,-0.172979,-0.743692,FRENET,0.390842,0.514906,0.390842,0.429755,0.514906,0.55236,0
6.39204,15.2275,7.84569,0.0549948,4.29931,-0.172979,-0.743692,FRENET,0.390842,0.514906,0.390842,0.429755,0.514906,0.55236,0
6.39607,15.2275,7.84569,0.0549948,4.29931,-0.172979,-0.743692,FRENET,0.390842,0.514906,0.390842,0.429755,0.514906,0.55236,0
6.40004,15.2705,7.8482,0.0533378,4.30771,-0.174747,-0.752759,FRENET,0.390842,0.514906,0.390842,0.429755,0.514906,0.55236,0
6.40407,15.2705,7.8482,0.0533378,4.30771,-0.174747,-0.752759,FRENET,0.390842,0.514906,0.390842,0.429755,0.514906,0.55236,0
6.40871,15.3135,7.85064,0.0515196,4.31571,-0.172542,-0.744643,FRENET,0.390842,0.514906,0.390842,0.429755,0.514906,0.55236,0
6.41207,15.3135,7.85064,0.0515196,4.31571,-0.172542,-0.744643,FRENET,0.390842,0.514906,0.390842,0.429755,0.514906,0.55236,0
6.41605,15.3135,7.85064,0.0515196,4.31571,-0.172542,-0.744643,FRENET,0.390842,0.514906,0.390842,0.429755,0.514906,0.55236,0
6.42006,15.3567,7.85303,0.049866,4.32333,-0.174547,-0.754623,FRENET,0.390842,0.514906,0.390842,0.429755,0.514906,0.55236,0
6.42405,15.3567,7.85303,0.049866,4.32333,-0.174547,-0.754623,FRENET,0.390842,0.514906,0.390842,0.429755,0.514906,0.55236,0
6.42868,15.3999,7.85535,0.0480485,4.33059,-0.172538,-0.747191,FRENET,0.392788,0.514906,0.392788,0.195609,0.514906,0.445086,0
6.43203,15.3999,7.85535,0.0480485,4.33059,-0.172538,-0.747191,FRENET,0.392788,0.514906,0.392788,0.195609,0.514906,0.445086,0
6.43604,15.3999,7.85535,0.0480485,4.33059,-0.172538,-0.747191,FRENET,0.392788,0.514906,0.392788,0.195609,0.514906,0.445086,0
6.44005,15.4432,7.85761,0.0463944,4.3375,-0.174709,-0.757802,FRENET,0.392788,0.514906,0.392788,0.195609,0.514906,0.445086,0
6.44403,15.4432,7.85761,0.0463944,4.3375,-0.174709,-0.757802,FRENET,0.392788,0.514906,0.392788,0.195609,0.514906,0.445086,0
6.44867,15.4865,7.8598,0.0445743,4.34409,-0.172834,-0.750806,FRENET,0.392788,0.514906,0.392788,0.195609,0.514906,0.445086,0
6.45204,15.4865,7.8598,0.0445743,4.34409,-0.172834,-0.750806,FRENET,0.392788,0.514906,0.392788,0.195609,0.514906,0.445086,0
6.45603,15.4865,7.8598,0.0445743,4.34409,-0.172834,-0.750806,FRENET,0.392788,0.514906,0.392788,0.195609,0.514906,0.445086,0
6.46005,15.5299,7.86196,0.0432258,4.35036,-0.0840228,-0.365529,FRENET,0.392788,0.514906,0.392788,0.195609,0.514906,0.445086,0
6.46401,15.5299,7.86196,0.0432258,4.35036,-0.0840228,-0.365529,FRENET,0.392788,0.514906,0.392788,0.195609,0.514906,0.445086,0
6.46867,15.5734,7.86414,0.0428089,4.35633,-0.0187694,-0.0817657,FRENET,0.392788,0.514906,0.392788,0.195609,0.514906,0.445086,0
6.47203,15.5734,7.86414,0.0428089,4.35633,-0.0187694,-0.0817657,FRENET,0.392788,0.514906,0.392788,0.195609,0.514906,0.445086,0
6.47599,15.5734,7.86414,0.0428089,4.35633,-0.0187694,-0.0817657,FRENET,0.392788,0.514906,0.392788,0.195609,0.514906,0.445086,0
6.48003,15.617,7.86631,0.0428199,4.36202,0.0352398,0.153716,FRENET,0.31985,0.539955,0.31985,0.159055,0.539955,0.440179,0
6.48403,15.617,7.86631,0.0428199,4.36202,0.0352398,0.153716,FRENET,0.31985,0.539955,0.31985,0.159055,0.539955,0.440179,0
6.48866,15.6605,7.8685,0.0434537,4.36585,0.0730559,0.318951,FRENET,0.31985,0.539955,0.31985,0.159055,0.539955,0.440179,0
6.49203,15.6605,7.8685,0.0434537,4.36585,0.0730559,0.318951,FRENET,0.31985,0.539955,0.31985,0.159055,0.539955,0.440179,0
6.49603,15.6605,7.8685,0.0434537,4.36585,0.0730559,0.318951,FRENET,0.31985,0.539955,0.31985,0.159055,0.539955,0.440179,0
6.50003,15.7042,7.87068,0.0442704,4.3695,0.105579,0.461327,FRENET,0.31985,0.539955,0.31985,0.159055,0.539955,0.440179,0
6.50405,15.7042,7.87068,0.0442704,4.3695,0.105579,0.461327,FRENET,0.31985,0.539955,0.31985,0.159055,0.539955,0.440179,0
6.50867,15.7478,7.87289,0.0455201,4.37298,0.126568,0.553481,FRENET,0.31985,0.539955,0.31985,0.159055,0.539955,0.440179,0
6.51202,15.7478,7.87289,0.0455201,4.37298,0.126568,0.553481,FRENET,0.31985,0.539955,0.31985,0.159055,0.539955,0.440179,0
6.51603,15.7478,7.87289,0.0455201,4.37298,0.126568,0.553481,FRENET,0.31985,0.539955,0.31985,0.159055,0.539955,0.440179,0
6.52002,15.7915,7.87508,0.0464905,4.3763,0.0536538,0.234805,FRENET,0.31985,0.539955,0.31985,0.159055,0.539955,0.440179,0
6.52403,15.7915,7.87508,0.0464905,4.3763,0.0536538,0.234805,FRENET,0.31985,0.539955,0.31985,0.159055,0.539955,0.440179,0
6.52866,15.8352,7.8772,0.0466644,4.37945,0.000134557,0.000589287,FRENET,0.318425,0.539955,0.318425,0.38657,0.539955,0.571215,0
6.53203,15.8352,7.8772,0.0466644,4.37945,0.000134557,0.000589287,FRENET,0.318425,0.539955,0.318425,0.38657,0.539955,0.571215,0
6.53603,15.8352,7.8772,0.0466644,4.37945,0.000134557,0.000589287,FRENET,0.318425,0.539955,0.318425,0.38657,0.539955,0.571215,0
6.54002,15.879,7.87929,0.0465125,4.38246,-0.0454311,-0.1991,FRENET,0.318425,0.539955,0.318425,0.38657,0.539955,0.571215,0
6.54403,15.879,7.87929,0.0465125,4.38246,-0.0454311,-0.1991,FRENET,0.318425,0.539955,0.318425,0.38657,0.539955,0.571215,0
6.54868,15.9228,7.88132,0.0458142,4.38934,-0.0764097,-0.335388,FRENET,0.318425,0.539955,0.318425,0.38657,0.539955,0.571215,0
6.55204,15.9228,7.88132,0.0458142,4.38934,-0.0764097,-0.335388,FRENET,0.318425,0.539955,0.318425,0.38657,0.539955,0.571215,0
6.55603,15.9228,7.88132,0.0458142,4.38934,-0.0764097,-0.335388,FRENET,0.318425,0.539955,0.318425,0.38657,0.539955,0.571215,0
6.56001,15.9667,7.88333,0.0449884,4.3959,-0.104114,-0.457675,FRENET,0.318425,0.539955,0.318425,0.38657,0.539955,0.571215,0
6.56403,15.9667,7.88333,0.0449884,4.3959,-0.104114,-0.457675,FRENET,0.318425,0.539955,0.318425,0.38657,0.539955,0.571215,0
6.56866,16.0106,7.88529,0.0437712,4.40214,-0.121958,-0.536874,FRENET,0.318425,0.539955,0.318425,0.38657,0.539955,0.571215,0
6.57203,16.0106,7.88529,0.0437712,4.40214,-0.121958,-0.536874,FRENET,0.318425,0.539955,0.318425,0.38657,0.539955,0.571215,0
6.57603,16.0106,7.88529,0.0437712,4.40214,-0.121958,-0.536874,FRENET,0.318425,0.539955,0.318425,0.38657,0.539955,0.571215,0
6.58003,16.0546,7.88722,0.042544,4.40809,-0.139294,-0.614021,FRENET,0.319959,0.539955,0.319959,0,0.539955,0.298812,0
6.58403,16.0546,7.88722,0.042544,4.40809,-0.139294,-0.614021,FRENET,0.319959,0.539955,0.319959,0,0.539955,0.298812,0
6.58867,16.0987,7.88909,0.0410173,4.41376,-0.14898,-0.657563,FRENET,0.319959,0.539955,0.319959,0,0.539955,0.298812,0
6.59204,16.0987,7.88909,0.0410173,4.41376,-0.14898,-0.657563,FRENET,0.319959,0.539955,0.319959,0,0.539955,0.298812,0
6.59604,16.0987,7.88909,0.0410173,4.41376,-0.14898,-0.657563,FRENET,0.319959,0.539955,0.319959,0,0.539955,0.298812,0
6.60002,16.1428,7.89094,0.0397086,4.41915,-0.114152,-0.504455,FRENET,0.319959,0.539955,0.319959,0,0.539955,0.298812,0
6.60403,16.1428,7.89094,0.0397086,4.41915,-0.114152,-0.504455,FRENET,0.319959,0.539955,0.319959,0,0.539955,0.298812,0
6.60867,16.187,7.8928,0.0388648,4.42429,-0.0409554,-0.181199,FRENET,0.319959,0.539955,0.319959,0,0.539955,0.298812,0
6.61203,16.187,7.8928,0.0388648,4.42429,-0.0409554,-0.181199,FRENET,0.319959,0.539955,0.319959,0,0.539955,0.298812,0
6.61603,16.187,7.8928,0.0388648,4.42429,-0.0409554,-0.181199,FRENET,0.319959,0.539955,0.319959,0,0.539955,0.298812,0
6.62002,16.2312,7.89469,0.0388175,4.42918,0.0125591,0.0556265,FRENET,0.319959,0.539955,0.319959,0,0.539955,0.298812,0
6.62403,16.2312,7.89469,0.0388175,4.42918,0.0125591,0.0556265,FRENET,0.319959,0.539955,0.319959,0,0.539955,0.298812,0
6.62866,16.2755,7.89659,0.0390952,4.43385,0.0577499,0.256054,FRENET,0.275545,0.568919,0.275545,0,0.568919,0.306442,0
6.63204,16.2755,7.89659,0.0390952,4.43385,0.0577499,0.256054,FRENET,0.275545,0.568919,0.275545,0,0.568919,0.306442,0
6.63604,16.2755,7.89659,0.0390952,4.43385,0.0577499,0.256054,FRENET,0.275545,0.568919,0.275545,0,0.568919,0.306442,0
6.64003,16.3193,7.89851,0.0399998,4.33875,0.0972718,0.422038,FRENET,0.275545,0.568919,0.275545,0,0.568919,0.306442,0
6.64403,16.3193,7.89851,0.0399998,4.33875,0.0972718,0.422038,FRENET,0.275545,0.568919,0.275545,0,0.568919,0.306442,0
6.64867,16.3622,7.9004,0.0410455,4.24365,0.134651,0.571412,FRENET,0.275545,0.568919,0.275545,0,0.568919,0.306442,0
6.65203,16.3622,7.9004,0.0410455,4.24365,0.134651,0.571412,FRENET,0.275545,0.568919,0.275545,0,0.568919,0.306442,0
6.65603,16.3622,7.9004,0.0410455,4.24365,0.134651,0.571412,FRENET,0.275545,0.568919,0.275545,0,0.568919,0.306442,0
6.66002,16.4041,7.9023,0.0426349,4.14855,0.158126,0.655993,FRENET,0.275545,0.568919,0.275545,0,0.568919,0.306442,0
6.66403,16.4041,7.9023,0.0426349,4.14855,0.158126,0.655993,FRENET,0.275545,0.568919,0.275545,0,0.568919,0.306442,0
6.66867,16.4451,7.90413,0.0437841,4.05345,0.0530946,0.215216,FRENET,0.275545,0.568919,0.275545,0,0.568919,0.306442,0
6.67203,16.4451,7.90413,0.0437841,4.05345,0.0530946,0.215216,FRENET,0.275545,0.568919,0.275545,0,0.568919,0.306442,0
6.67601,16.4451,7.90413,0.0437841,4.05345,0.0530946,0.215216,FRENET,0.275545,0.568919,0.275545,0,0.568919,0.306442,0
6.67999,16.4851,7.90583,0.0438246,3.95835,-0.0169355,-0.0670364,FRENET,0.275825,0.568919,0.275825,0,0.568919,0.308231,0
6.68402,16.4851,7.90583,0.0438246,3.95835,-0.0169355,-0.0670364,FRENET,0.275825,0.568919,0.275825,0,0.568919,0.308231,0
6.68865,16.5242,7.90747,0.0434717,3.86325,-0.0749681,-0.28962,FRENET,0.275825,0.568919,0.275825,0,0.568919,0.308231,0
6.69201,16.5242,7.90747,0.0434717,3.86325,-0.0749681,-0.28962,FRENET,0.275825,0.568919,0.275825,0,0.568919,0.308231,0
6.69601,16.5242,7.90747,0.0434717,3.86325,-0.0749681,-0.28962,FRENET,0.275825,0.568919,0.275825,0,0.568919,0.308231,0
6.70003,16.5624,7.90902,0.0424307,3.78708,-0.108656,-0.411489,FRENET,0.275825,0.568919,0.275825,0,0.568919,0.308231,0
6.70401,16.5624,7.90902,0.0424307,3.78708,-0.108656,-0.411489,FRENET,0.275825,0.568919,0.275825,0,0.568919,0.308231,0
6.70865,16.5999,7.91052,0.0413003,3.72541,-0.137778,-0.513278,FRENET,0.275825,0.568919,0.275825,0,0.568919,0.308231,0
6.71204,16.5999,7.91052,0.0413003,3.72541,-0.137778,-0.513278,FRENET,0.275825,0.568919,0.275825,0,0.568919,0.308231,0
6.71604,16.5999,7.91052,0.0413003,3.72541,-0.137778,-0.513278,FRENET,0.275825,0.568919,0.275825,0,0.568919,0.308231,0
6.72003,16.6369,7.91194,0.0397453,3.67546,-0.151624,-0.557288,FRENET,0.275825,0.568919,0.275825,0,0.568919,0.308231,0
6.72405,16.6369,7.91194,0.0397453,3.67546,-0.151624,-0.557288,FRENET,0.275825,0.568919,0.275825,0,0.568919,0.308231,0
6.72869,16.6734,7.91333,0.0382555,3.63502,-0.165788,-0.602642,FRENET,0.277276,0.568919,0.277276,0,0.568919,0.301229,0
6.73204,16.6734,7.91333,0.0382555,3.63502,-0.165788,-0.602642,FRENET,0.277276,0.568919,0.277276,0,0.568919,0.301229,0
6.73604,16.6734,7.91333,0.0382555,3.63502,-0.165788,-0.602642,FRENET,0.277276,0.568919,0.277276,0,0.568919,0.301229,0
6.74002,16.7096,7.91466,0.0364818,3.60226,-0.169148,-0.609315,FRENET,0.277276,0.568919,0.277276,0,0.568919,0.301229,0
6.74404,16.7096,7.91466,0.0364818,3.60226,-0.169148,-0.609315,FRENET,0.277276,0.568919,0.277276,0,0.568919,0.301229,0
6.74869,16.7455,7.91597,0.0352011,3.57574,-0.0729763,-0.260944,FRENET,0.277276,0.568919,0.277276,0,0.568919,0.301229,0
6.75204,16.7455,7.91597,0.0352011,3.57574,-0.0729763,-0.260944,FRENET,0.277276,0.568919,0.277276,0,0.568919,0.301229,0
6.75607,16.7455,7.91597,0.0352011,3.57574,-0.0729763,-0.260944,FRENET,0.277276,0.568919,0.277276,0,0.568919,0.301229,0
6.76003,16.7811,7.91733,0.0349041,3.55426,-0.00859696,-0.0305558,FRENET,0.277276,0.568919,0.277276,0,0.568919,0.301229,0
6.76405,16.7811,7.91733,0.0349041,3.55426,-0.00859696,-0.0305558,FRENET,0.277276,0.568919,0.277276,0,0.568919,0.301229,0
6.76869,16.8165,7.91869,0.0349976,3.53687,0.0429787,0.15201,FRENET,0.277276,0.568919,0.277276,0,0.568919,0.301229,0
6.77204,16.8165,7.91869,0.0349976,3.53687,0.0429787,0.15201,FRENET,0.277276,0.568919,0.277276,0,0.568919,0.301229,0
6.77605,16.8165,7.91869,0.0349976,3.53687,0.0429787,0.15201,FRENET,0.277276,0.568919,0.277276,0,0.568919,0.301229,0
6.78004,16.8518,7.92008,0.0356881,3.52278,0.0751954,0.264897,FRENET,0.222827,2.10974,0.222827,0,2.10974,0.302195,0
6.78401,16.8518,7.92008,0.0356881,3.52278,0.0751954,0.264897,FRENET,0.222827,2.10974,0.222827,0,2.10974,0.302195,0
6.7887,16.8865,7.92146,0.0365169,3.42768,0.112906,0.387006,FRENET,0.222827,2.10974,0.222827,0,2.10974,0.302195,0
6.792,16.8865,7.92146,0.0365169,3.42768,0.112906,0.387006,FRENET,0.222827,2.10974,0.222827,0,2.10974,0.302195,0
6.796,16.8865,7.92146,0.0365169,3.42768,0.112906,0.387006,FRENET,0.222827,2.10974,0.222827,0,2.10974,0.302195,0
6.79999,16.9203,7.92285,0.0378723,3.33258,0.132697,0.442225,FRENET,0.222827,2.10974,0.222827,0,2.10974,0.302195,0
6.804,16.9203,7.92285,0.0378723,3.33258,0.132697,0.442225,FRENET,0.222827,2.10974,0.222827,0,2.10974,0.302195,0
6.80865,16.9531,7.9242,0.0391949,3.23748,0.155061,0.502006,FRENET,0.222827,2.10974,0.222827,0,2.10974,0.302195,0
6.81202,16.9531,7.9242,0.0391949,3.23748,0.155061,0.502006,FRENET,0.222827,2.10974,0.222827,0,2.10974,0.302195,0
6.81601,16.9531,7.9242,0.0391949,3.23748,0.155061,0.502006,FRENET,0.222827,2.10974,0.222827,0,2.10974,0.302195,0
6.81999,16.985,7.92557,0.0409108,3.14238,0.16321,0.51287,FRENET,0.222827,2.10974,0.222827,0,2.10974,0.302195,0
6.82401,16.985,7.92557,0.0409108,3.14238,0.16321,0.51287,FRENET,0.222827,2.10974,0.222827,0,2.10974,0.302195,0
6.82865,17.0159,7.9269,0.0424954,3.04728,0.177377,0.540519,FRENET,0.263369,2.10974,0.263369,0,2.10974,0.31483,0
6.83202,17.0159,7.9269,0.0424954,3.04728,0.177377,0.540519,FRENET,0.263369,2.10974,0.263369,0,2.10974,0.31483,0
6.83601,17.0159,7.9269,0.0424954,3.04728,0.177377,0.540519,FRENET,0.263369,2.10974,0.263369,0,2.10974,0.31483,0
6.83999,17.0459,7.92825,0.0443991,2.95218,0.178695,0.52754,FRENET,0.263369,2.10974,0.263369,0,2.10974,0.31483,0
6.844,17.0459,7.92825,0.0443991,2.95218,0.178695,0.52754,FRENET,0.263369,2.10974,0.263369,0,2.10974,0.31483,0
6.84865,17.0749,7.92956,0.0461131,2.85708,0.187989,0.537099,FRENET,0.263369,2.10974,0.263369,0,2.10974,0.31483,0
6.852,17.0749,7.92956,0.0461131,2.85708,0.187989,0.537099,FRENET,0.263369,2.10974,0.263369,0,2.10974,0.31483,0
6.85607,17.0749,7.92956,0.0461131,2.85708,0.187989,0.537099,FRENET,0.263369,2.10974,0.263369,0,2.10974,0.31483,0
6.86004,17.103,7.93089,0.0480992,2.76198,0.184659,0.510026,FRENET,0.263369,2.10974,0.263369,0,2.10974,0.31483,0
6.86406,17.103,7.93089,0.0480992,2.76198,0.184659,0.510026,FRENET,0.263369,2.10974,0.263369,0,2.10974,0.31483,0
6.86866,17.1301,7.93219,0.0498557,2.66688,0.190653,0.50845,FRENET,0.263369,2.10974,0.263369,0,2.10974,0.31483,0
6.87205,17.1301,7.93219,0.0498557,2.66688,0.190653,0.50845,FRENET,0.263369,2.10974,0.263369,0,2.10974,0.31483,0
6.87601,17.1301,7.93219,0.0498557,2.66688,0.190653,0.50845,FRENET,0.263369,2.10974,0.263369,0,2.10974,0.31483,0
6.88004,17.1562,7.93351,0.0518502,2.57178,0.183696,0.472426,FGM,0.365327,0.298903,0.226348,0.365327,2.10974,0.298903,0
6.88405,17.1562,7.93351,0.0518502,2.57178,0.183696,0.472426,FGM,0.365327,0.298903,0.226348,0.365327,2.10974,0.298903,0
6.88866,17.1814,7.93479,0.0535842,2.47668,0.187237,0.463726,FGM,0.365327,0.298903,0.226348,0.365327,2.10974,0.298903,0
6.89201,17.1814,7.93479,0.0535842,2.47668,0.187237,0.463726,FGM,0.365327,0.298903,0.226348,0.365327,2.10974,0.298903,0
6.89605,17.1814,7.93479,0.0535842,2.47668,0.187237,0.463726,FGM,0.365327,0.298903,0.226348,0.365327,2.10974,0.298903,0
6.90005,17.2057,7.93609,0.0555293,2.38158,0.177205,0.422028,FGM,0.365327,0.298903,0.226348,0.365327,2.10974,0.298903,0
6.90407,17.2057,7.93609,0.0555293,2.38158,0.177205,0.422028,FGM,0.365327,0.298903,0.226348,0.365327,2.10974,0.298903,0
6.90869,17.229,7.93732,0.0567729,2.28648,0.0571688,0.130715,FGM,0.365327,0.298903,0.226348,0.365327,2.10974,0.298903,0
6.91206,17.229,7.93732,0.0567729,2.28648,0.0571688,0.130715,FGM,0.365327,0.298903,0.226348,0.365327,2.10974,0.298903,0
6.91605,17.229,7.93732,0.0567729,2.28648,0.0571688,0.130715,FGM,0.365327,0.298903,0.226348,0.365327,2.10974,0.298903,0
6.92005,17.2514,7.93841,0.0564735,2.19138,-0.124668,-0.273195,FGM,0.365327,0.298903,0.226348,0.365327,2.10974,0.298903,0
6.92401,17.2514,7.93841,0.0564735,2.19138,-0.124668,-0.273195,FGM,0.365327,0.298903,0.226348,0.365327,2.10974,0.298903,0
6.92875,17.2728,7.93931,0.0541823,2.09628,-0.336828,-0.706086,FGM,0.341372,0.309351,0.232075,0.341372,2.10974,0.309351,0
6.93203,17.2728,7.93931,0.0541823,2.09628,-0.336828,-0.706086,FGM,0.341372,0.309351,0.232075,0.341372,2.10974,0.309351,0
6.93609,17.2728,7.93931,0.0541823,2.09628,-0.336828,-0.706086,FGM,0.341372,0.309351,0.232075,0.341372,2.10974,0.309351,0
6.94008,17.2933,7.93996,0.0497067,2.00118,-0.558598,-1.11786,FGM,0.341372,0.309351,0.232075,0.341372,2.10974,0.309351,0
6.9441,17.2933,7.93996,0.0497067,2.00118,-0.558598,-1.11786,FGM,0.341372,0.309351,0.232075,0.341372,2.10974,0.309351,0
6.94871,17.3129,7.94037,0.0435015,1.92307,-0.646661,-1.24357,FGM,0.341372,0.309351,0.232075,0.341372,2.10974,0.309351,0
6.9521,17.3129,7.94037,0.0435015,1.92307,-0.646661,-1.24357,FGM,0.341372,0.309351,0.232075,0.341372,2.10974,0.309351,0
6.95609,17.3129,7.94037,0.0435015,1.92307,-0.646661,-1.24357,FGM,0.341372,0.309351,0.232075,0.341372,2.10974,0.309351,0
6.96009,17.3318,7.94065,0.0371105,1.85982,-0.631082,-1.1737,FGM,0.341372,0.309351,0.232075,0.341372,2.10974,0.309351,0
6.96412,17.3318,7.94065,0.0371105,1.85982,-0.631082,-1.1737,FGM,0.341372,0.309351,0.232075,0.341372,2.10974,0.309351,0
6.96875,17.3501,7.94078,0.0307501,1.8086,-0.657843,-1.18977,FGM,0.341372,0.309351,0.232075,0.341372,2.10974,0.309351,0
6.9721,17.3501,7.94078,0.0307501,1.8086,-0.657843,-1.18977,FGM,0.341372,0.309351,0.232075,0.341372,2.10974,0.309351,0
6.97646,17.3501,7.94078,0.0307501,1.8086,-0.657843,-1.18977,FGM,0.341372,0.309351,0.232075,0.341372,2.10974,0.309351,0
6.98008,17.368,7.94074,0.0241206,1.76711,-0.646159,-1.14184,FGM,0.321413,0.307764,0.0921391,0.321413,0.763078,0.307764,0
6.9841,17.368,7.94074,0.0241206,1.76711,-0.646159,-1.14184,FGM,0.321413,0.307764,0.0921391,0.321413,0.763078,0.307764,0
6.98871,17.3856,7.94061,0.0181607,1.75082,-0.53813,-0.942169,FGM,0.321413,0.307764,0.0921391,0.321413,0.763078,0.307764,0
6.99205,17.3856,7.94061,0.0181607,1.75082,-0.53813,-0.942169,FGM,0.321413,0.307764,0.0921391,0.321413,0.763078,0.307764,0
6.99605,17.3856,7.94061,0.0181607,1.75082,-0.53813,-0.942169,FGM,0.321413,0.307764,0.0921391,0.321413,0.763078,0.307764,0
7.00007,17.403,7.94041,0.0131578,1.73763,-0.486871,-0.845999,FGM,0.321413,0.307764,0.0921391,0.321413,0.763078,0.307764,0
7.00406,17.403,7.94041,0.0131578,1.73763,-0.486871,-0.845999,FGM,0.321413,0.307764,0.0921391,0.321413,0.763078,0.307764,0
7.00871,17.4204,7.94013,0.00840687,1.72694,-0.448549,-0.774618,FGM,0.321413,0.307764,0.0921391,0.321413,0.763078,0.307764,0
7.01206,17.4204,7.94013,0.00840687,1.72694,-0.448549,-0.774618,FGM,0.321413,0.307764,0.0921391,0.321413,0.763078,0.307764,0
7.01606,17.4204,7.94013,0.00840687,1.72694,-0.448549,-0.774618,FGM,0.321413,0.307764,0.0921391,0.321413,0.763078,0.307764,0
7.02005,17.4376,7.93979,0.00408641,1.71829,-0.435499,-0.748312,FGM,0.321413,0.307764,0.0921391,0.321413,0.763078,0.307764,0
7.02406,17.4376,7.93979,0.00408641,1.71829,-0.435499,-0.748312,FGM,0.321413,0.307764,0.0921391,0.321413,0.763078,0.307764,0
7.02871,17.4547,7.93935,-0.000267186,1.71128,-0.418444,-0.716076,FGM,0.127379,0.278074,0.0960517,0.127379,0.763078,0.278074,0
7.03206,17.4547,7.93935,-0.000267186,1.71128,-0.418444,-0.716076,FGM,0.127379,0.278074,0.0960517,0.127379,0.763078,0.278074,0
7.03606,17.4547,7.93935,-0.000267186,1.71128,-0.418444,-0.716076,FGM,0.127379,0.278074,0.0960517,0.127379,0.763078,0.278074,0
7.04005,17.4719,7.93886,-0.00433778,1.71675,-0.413951,-0.710653,FGM,0.127379,0.278074,0.0960517,0.127379,0.763078,0.278074,0
7.04407,17.4719,7.93886,-0.00433778,1.71675,-0.413951,-0.710653,FGM,0.127379,0.278074,0.0960517,0.127379,0.763078,0.278074,0
7.04867,17.489,7.93827,-0.00851053,1.72197,-0.40433,-0.696244,FGM,0.127379,0.278074,0.0960517,0.127379,0.763078,0.278074,0
7.05206,17.489,7.93827,-0.00851053,1.72197,-0.40433,-0.696244,FGM,0.127379,0.278074,0.0960517,0.127379,0.763078,0.278074,0
7.05605,17.489,7.93827,-0.00851053,1.72197,-0.40433,-0.696244,FGM,0.127379,0.278074,0.0960517,0.127379,0.763078,0.278074,0
7.06004,17.5063,7.93762,-0.0124868,1.72693,-0.408215,-0.704961,FGM,0.127379,0.278074,0.0960517,0.127379,0.763078,0.278074,0
7.06406,17.5063,7.93762,-0.0124868,1.72693,-0.408215,-0.704961,FGM,0.127379,0.278074,0.0960517,0.127379,0.763078,0.278074,0
7.06871,17.5236,7.93688,-0.0166261,1.73167,-0.402809,-0.69753,FGM,0.127379,0.278074,0.0960517,0.127379,0.763078,0.278074,0
7.07205,17.5236,7.93688,-0.0166261,1.73167,-0.402809,-0.69753,FGM,0.127379,0.278074,0.0960517,0.127379,0.763078,0.278074,0
7.07605,17.5236,7.93688,-0.0166261,1.73167,-0.402809,-0.69753,FGM,0.127379,0.278074,0.0960517,0.127379,0.763078,0.278074,0
7.08004,17.5409,7.93609,-0.0205985,1.73617,-0.408729,-0.709623,FGM,0.285284,0.29279,0.0685641,0.285284,0.763078,0.29279,0
7.08405,17.5409,7.93609,-0.0205985,1.73617,-0.408729,-0.709623,FGM,0.285284,0.29279,0.0685641,0.285284,0.763078,0.29279,0
7.08868,17.5583,7.9352,-0.0247438,1.74311,-0.403709,-0.703708,FGM,0.285284,0.29279,0.0685641,0.285284,0.763078,0.29279,0
7.09202,17.5583,7.9352,-0.0247438,1.74311,-0.403709,-0.703708,FGM,0.285284,0.29279,0.0685641,0.285284,0.763078,0.29279,0
7.09602,17.5583,7.9352,-0.0247438,1.74311,-0.403709,-0.703708,FGM,0.285284,0.29279,0.0685641,0.285284,0.763078,0.29279,0
7.10001,17.5757,7.93426,-0.0287275,1.74971,-0.409902,-0.717211,FGM,0.285284,0.29279,0.0685641,0.285284,0.763078,0.29279,0
7.10402,17.5757,7.93426,-0.0287275,1.74971,-0.409902,-0.717211,FGM,0.285284,0.29279,0.0685641,0.285284,0.763078,0.29279,0
7.10867,17.5932,7.93323,-0.0328911,1.75601,-0.406009,-0.712955,FGM,0.285284,0.29279,0.0685641,0.285284,0.763078,0.29279,0
7.11202,17.5932,7.93323,-0.0328911,1.75601,-0.406009,-0.712955,FGM,0.285284,0.29279,0.0685641,0.285284,0.763078,0.29279,0
7.11602,17.5932,7.93323,-0.0328911,1.75601,-0.406009,-0.712955,FGM,0.285284,0.29279,0.0685641,0.285284,0.763078,0.29279,0
7.12001,17.6107,7.93213,-0.0369002,1.762,-0.412652,-0.727094,FGM,0.285284,0.29279,0.0685641,0.285284,0.763078,0.29279,0
7.12403,17.6107,7.93213,-0.0369002,1.762,-0.412652,-0.727094,FGM,0.285284,0.29279,0.0685641,0.285284,0.763078,0.29279,0
7.12867,17.6284,7.93095,-0.0410926,1.76771,-0.408932,-0.722873,FGM,0.269383,0.295078,0.22157,0.269383,1.49461,0.295078,0
7.13202,17.6284,7.93095,-0.0410926,1.76771,-0.408932,-0.722873,FGM,0.269383,0.295078,0.22157,0.269383,1.49461,0.295078,0
7.13602,17.6284,7.93095,-0.0410926,1.76771,-0.408932,-0.722873,FGM,0.269383,0.295078,0.22157,0.269383,1.49461,0.295078,0
7.14004,17.646,7.9297,-0.045136,1.76908,-0.416698,-0.737173,FGM,0.269383,0.295078,0.22157,0.269383,1.49461,0.295078,0
7.14405,17.646,7.9297,-0.045136,1.76908,-0.416698,-0.737173,FGM,0.269383,0.295078,0.22157,0.269383,1.49461,0.295078,0
7.14868,17.6636,7.92837,-0.0493703,1.77039,-0.41282,-0.73085,FGM,0.269383,0.295078,0.22157,0.269383,1.49461,0.295078,0
7.15205,17.6636,7.92837,-0.0493703,1.77039,-0.41282,-0.73085,FGM,0.269383,0.295078,0.22157,0.269383,1.49461,0.295078,0
7.15605,17.6636,7.92837,-0.0493703,1.77039,-0.41282,-0.73085,FGM,0.269383,0.295078,0.22157,0.269383,1.49461,0.295078,0
7.16001,17.6813,7.92699,-0.0534438,1.77163,-0.419026,-0.742358,FGM,0.269383,0.295078,0.22157,0.269383,1.49461,0.295078,0
7.16405,17.6813,7.92699,-0.0534438,1.77163,-0.419026,-0.742358,FGM,0.269383,0.295078,0.22157,0.269383,1.49461,0.295078,0
7.16872,17.699,7.92551,-0.0576968,1.77281,-0.414321,-0.734512,FGM,0.269383,0.295078,0.22157,0.269383,1.49461,0.295078,0
7.17205,17.699,7.92551,-0.0576968,1.77281,-0.414321,-0.734512,FGM,0.269383,0.295078,0.22157,0.269383,1.49461,0.295078,0
7.17605,17.699,7.92551,-0.0576968,1.77281,-0.414321,-0.734512,FGM,0.269383,0.295078,0.22157,0.269383,1.49461,0.295078,0
7.18001,17.7166,7.92397,-0.0617828,1.77394,-0.420076,-0.745188,FGM,0.251468,0.29024,0.222161,0.251468,1.49461,0.29024,0
7.184,17.7166,7.92397,-0.0617828,1.77394,-0.420076,-0.745188,FGM,0.251468,0.29024,0.222161,0.251468,1.49461,0.29024,0
7.18865,17.7342,7.92235,-0.0660681,1.76263,-0.418056,-0.736878,FGM,0.251468,0.29024,0.222161,0.251468,1.49461,0.29024,0
7.192,17.7342,7.92235,-0.0660681,1.76263,-0.418056,-0.736878,FGM,0.251468,0.29024,0.222161,0.251468,1.49461,0.29024,0
7.19605,17.7342,7.92235,-0.0660681,1.76263,-0.418056,-0.736878,FGM,0.251468,0.29024,0.222161,0.251468,1.49461,0.29024,0
7.20003,17.7517,7.92068,-0.0701889,1.75347,-0.423883,-0.743266,FGM,0.251468,0.29024,0.222161,0.251468,1.49461,0.29024,0
7.20405,17.7517,7.92068,-0.0701889,1.75347,-0.423883,-0.743266,FGM,0.251468,0.29024,0.222161,0.251468,1.49461,0.29024,0
7.20865,17.7691,7.91893,-0.0744819,1.74606,-0.416778,-0.727718,FGM,0.251468,0.29024,0.222161,0.251468,1.49461,0.29024,0
7.212,17.7691,7.91893,-0.0744819,1.74606,-0.416778,-0.727718,FGM,0.251468,0.29024,0.222161,0.251468,1.49461,0.29024,0
7.21604,17.7691,7.91893,-0.0744819,1.74606,-0.416778,-0.727718,FGM,0.251468,0.29024,0.222161,0.251468,1.49461,0.29024,0
7.22004,17.7865,7.91713,-0.0785788,1.74005,-0.420462,-0.731625,FGM,0.251468,0.29024,0.222161,0.251468,1.49461,0.29024,0
7.22401,17.7865,7.91713,-0.0785788,1.74005,-0.420462,-0.731625,FGM,0.251468,0.29024,0.222161,0.251468,1.49461,0.29024,0
7.22867,17.8038,7.91525,-0.0828334,1.73519,-0.412836,-0.716348,FGM,0.0277907,0.355711,0.220974,0.0277907,1.49461,0.355711,0
7.23204,17.8038,7.91525,-0.0828334,1.73519,-0.412836,-0.716348,FGM,0.0277907,0.355711,0.220974,0.0277907,1.49461,0.355711,0
7.23604,17.8038,7.91525,-0.0828334,1.73519,-0.412836,-0.716348,FGM,0.0277907,0.355711,0.220974,0.0277907,1.49461,0.355711,0
7.24003,17.8214,7.91327,-0.0867912,1.8084,-0.394943,-0.714215,FGM,0.0277907,0.355711,0.220974,0.0277907,1.49461,0.355711,0
7.24404,17.8214,7.91327,-0.0867912,1.8084,-0.394943,-0.714215,FGM,0.0277907,0.355711,0.220974,0.0277907,1.49461,0.355711,0
7.24866,17.8397,7.91113,-0.0907612,1.87813,-0.388991,-0.730578,FGM,0.0277907,0.355711,0.220974,0.0277907,1.49461,0.355711,0
7.25206,17.8397,7.91113,-0.0907612,1.87813,-0.388991,-0.730578,FGM,0.0277907,0.355711,0.220974,0.0277907,1.49461,0.355711,0
7.25604,17.8397,7.91113,-0.0907612,1.87813,-0.388991,-0.730578,FGM,0.0277907,0.355711,0.220974,0.0277907,1.49461,0.355711,0
7.26003,17.8586,7.90888,-0.0944206,1.94455,-0.336115,-0.653594,FGM,0.0277907,0.355711,0.220974,0.0277907,1.49461,0.355711,0
7.26406,17.8586,7.90888,-0.0944206,1.94455,-0.336115,-0.653594,FGM,0.0277907,0.355711,0.220974,0.0277907,1.49461,0.355711,0
7.26867,17.8783,7.90656,-0.0973732,2.00781,-0.249547,-0.501043,FGM,0.0277907,0.355711,0.220974,0.0277907,1.49461,0.355711,0
7.27201,17.8783,7.90656,-0.0973732,2.00781,-0.249547,-0.501043,FGM,0.0277907,0.355711,0.220974,0.0277907,1.49461,0.355711,0
7.276,17.8783,7.90656,-0.0973732,2.00781,-0.249547,-0.501043,FGM,0.0277907,0.355711,0.220974,0.0277907,1.49461,0.355711,0
7.28,17.8985,7.90423,-0.099325,2.06806,-0.1372,-0.283737,FGM,0.215222,0.3044,0.0553706,0.215222,1.21159,0.3044,0
7.28401,17.8985,7.90423,-0.099325,2.06806,-0.1372,-0.283737,FGM,0.215222,0.3044,0.0553706,0.215222,1.21159,0.3044,0
7.28867,17.9186,7.90204,-0.0998829,1.97296,-0.0136716,-0.0269735,FGM,0.215222,0.3044,0.0553706,0.215222,1.21159,0.3044,0
7.29201,17.9186,7.90204,-0.0998829,1.97296,-0.0136716,-0.0269735,FGM,0.215222,0.3044,0.0553706,0.215222,1.21159,0.3044,0
7.29607,17.9186,7.90204,-0.0998829,1.97296,-0.0136716,-0.0269735,FGM,0.215222,0.3044,0.0553706,0.215222,1.21159,0.3044,0
7.30003,17.9378,7.90001,-0.099745,1.89458,0.0570243,0.108037,FGM,0.215222,0.3044,0.0553706,0.215222,1.21159,0.3044,0
7.30401,17.9378,7.90001,-0.099745,1.89458,0.0570243,0.108037,FGM,0.215222,0.3044,0.0553706,0.215222,1.21159,0.3044,0
7.3087,17.9564,7.89817,-0.0985803,1.8311,0.183733,0.336434,FGM,0.215222,0.3044,0.0553706,0.215222,1.21159,0.3044,0
7.31206,17.9564,7.89817,-0.0985803,1.8311,0.183733,0.336434,FGM,0.215222,0.3044,0.0553706,0.215222,1.21159,0.3044,0
7.31606,17.9564,7.89817,-0.0985803,1.8311,0.183733,0.336434,FGM,0.215222,0.3044,0.0553706,0.215222,1.21159,0.3044,0
7.32005,17.9744,7.89655,-0.0960223,1.77969,0.33171,0.590342,FGM,0.215222,0.3044,0.0553706,0.215222,1.21159,0.3044,0
7.32406,17.9744,7.89655,-0.0960223,1.77969,0.33171,0.590342,FGM,0.215222,0.3044,0.0553706,0.215222,1.21159,0.3044,0
7.32867,17.9919,7.89517,-0.0919513,1.73807,0.484489,0.842073,FGM,0.196995,0.283781,0.0364276,0.196995,1.21159,0.283781,0
7.33206,17.9919,7.89517,-0.0919513,1.73807,0.484489,0.842073,FGM,0.196995,0.283781,0.0364276,0.196995,1.21159,0.283781,0
7.33606,17.9919,7.89517,-0.0919513,1.73807,0.484489,0.842073,FGM,0.196995,0.283781,0.0364276,0.196995,1.21159,0.283781,0
7.34005,18.009,7.89405,-0.086619,1.69016,0.549885,0.929391,FGM,0.196995,0.283781,0.0364276,0.196995,1.21159,0.283781,0
7.34406,18.009,7.89405,-0.086619,1.69016,0.549885,0.929391,FGM,0.196995,0.283781,0.0364276,0.196995,1.21159,0.283781,0
7.34867,18.0257,7.89307,-0.0813818,1.65136,0.482839,0.797339,FGM,0.196995,0.283781,0.0364276,0.196995,1.21159,0.283781,0
7.35206,18.0257,7.89307,-0.0813818,1.65136,0.482839,0.797339,FGM,0.196995,0.283781,0.0364276,0.196995,1.21159,0.283781,0
7.35606,18.0257,7.89307,-0.0813818,1.65136,0.482839,0.797339,FGM,0.196995,0.283781,0.0364276,0.196995,1.21159,0.283781,0
7.36004,18.042,7.89216,-0.0771473,1.61994,0.357889,0.579759,FGM,0.196995,0.283781,0.0364276,0.196995,1.21159,0.283781,0
7.36401,18.042,7.89216,-0.0771473,1.61994,0.357889,0.579759,FGM,0.196995,0.283781,0.0364276,0.196995,1.21159,0.283781,0
7.3687,18.0581,7.89123,-0.0742911,1.5945,0.211104,0.336605,FGM,0.196995,0.283781,0.0364276,0.196995,1.21159,0.283781,0
7.37206,18.0581,7.89123,-0.0742911,1.5945,0.211104,0.336605,FGM,0.196995,0.283781,0.0364276,0.196995,1.21159,0.283781,0
7.37605,18.0581,7.89123,-0.0742911,1.5945,0.211104,0.336605,FGM,0.196995,0.283781,0.0364276,0.196995,1.21159,0.283781,0
7.38005,18.0739,7.89024,-0.0729388,1.57389,0.0587352,0.0924428,FGM,0,0.321216,0.0620789,0,1.21159,0.321216,0
7.38406,18.0739,7.89024,-0.0729388,1.57389,0.0587352,0.0924428,FGM,0,0.321216,0.0620789,0,1.21159,0.321216,0
7.38868,18.0899,7.88913,-0.0728803,1.63464,-0.0489479,-0.0800123,FGM,0,0.321216,0.0620789,0,1.21159,0.321216,0
7.39201,18.0899,7.88913,-0.0728803,1.63464,-0.0489479,-0.0800123,FGM,0,0.321216,0.0620789,0,1.21159,0.321216,0
7.39606,18.0899,7.88913,-0.0728803,1.63464,-0.0489479,-0.0800123,FGM,0,0.321216,0.0620789,0,1.21159,0.321216,0
7.40003,18.1065,7.88785,-0.0739671,1.69251,-0.170305,-0.288243,FGM,0,0.321216,0.0620789,0,1.21159,0.321216,0
7.40405,18.1065,7.88785,-0.0739671,1.69251,-0.170305,-0.288243,FGM,0,0.321216,0.0620789,0,1.21159,0.321216,0
7.40868,18.1236,7.88637,-0.0761154,1.74762,-0.240357,-0.420053,FGM,0,0.321216,0.0620789,0,1.21159,0.321216,0
7.41204,18.1236,7.88637,-0.0761154,1.74762,-0.240357,-0.420053,FGM,0,0.321216,0.0620789,0,1.21159,0.321216,0
7.41606,18.1236,7.88637,-0.0761154,1.74762,-0.240357,-0.420053,FGM,0,0.321216,0.0620789,0,1.21159,0.321216,0
7.42007,18.1413,7.88475,-0.0785154,1.80011,-0.228468,-0.411268,FGM,0,0.321216,0.0620789,0,1.21159,0.321216,0
7.42405,18.1413,7.88475,-0.0785154,1.80011,-0.228468,-0.411268,FGM,0,0.321216,0.0620789,0,1.21159,0.321216,0
7.42871,18.1594,7.88307,-0.080522,1.85011,-0.165818,-0.30678,FGM,0,0.296416,0.0631944,0,1.21159,0.296416,0
7.43205,18.1594,7.88307,-0.080522,1.85011,-0.165818,-0.30678,FGM,0,0.296416,0.0631944,0,1.21159,0.296416,0
7.43605,18.1594,7.88307,-0.080522,1.85011,-0.165818,-0.30678,FGM,0,0.296416,0.0631944,0,1.21159,0.296416,0
7.44003,18.1781,7.88138,-0.081711,1.89238,-0.067074,-0.12693,FGM,0,0.296416,0.0631944,0,1.21159,0.296416,0
7.44405,18.1781,7.88138,-0.081711,1.89238,-0.067074,-0.12693,FGM,0,0.296416,0.0631944,0,1.21159,0.296416,0
7.44867,18.1971,7.87972,-0.082023,1.93265,-0.0145188,-0.0280597,FGM,0,0.296416,0.0631944,0,1.21159,0.296416,0
7.45205,18.1971,7.87972,-0.082023,1.93265,-0.0145188,-0.0280597,FGM,0,0.296416,0.0631944,0,1.21159,0.296416,0
7.45604,18.1971,7.87972,-0.082023,1.93265,-0.0145188,-0.0280597,FGM,0,0.296416,0.0631944,0,1.21159,0.296416,0
7.46003,18.2166,7.87807,-0.0820325,1.971,0.0239902,0.0472848,FGM,0,0.296416,0.0631944,0,1.21159,0.296416,0
7.46405,18.2166,7.87807,-0.0820325,1.971,0.0239902,0.0472848,FGM,0,0.296416,0.0631944,0,1.21159,0.296416,0
7.46868,18.2364,7.87645,-0.0816196,2.00753,0.0424815,0.0852828,FGM,0,0.296416,0.0631944,0,1.21159,0.296416,0
7.47206,18.2364,7.87645,-0.0816196,2.00753,0.0424815,0.0852828,FGM,0,0.296416,0.0631944,0,1.21159,0.296416,0
7.47604,18.2364,7.87645,-0.0816196,2.00753,0.0424815,0.0852828,FGM,0,0.296416,0.0631944,0,1.21159,0.296416,0
7.48003,18.2566,7.87482,-0.0811697,2.04232,0.0609644,0.124509,FGM,0.000331073,0.315629,0,0.000331073,0.863916,0.315629,0
7.48404,18.2566,7.87482,-0.0811697,2.04232,0.0609644,0.124509,FGM,0.000331073,0.315629,0,0.000331073,0.863916,0.315629,0
7.48872,18.2771,7.8732,-0.0804452,2.06978,0.068085,0.140921,FGM,0.000331073,0.315629,0,0.000331073,0.863916,0.315629,0
7.49204,18.2771,7.8732,-0.0804452,2.06978,0.068085,0.140921,FGM,0.000331073,0.315629,0,0.000331073,0.863916,0.315629,0
7.49604,18.2771,7.8732,-0.0804452,2.06978,0.068085,0.140921,FGM,0.000331073,0.315629,0,0.000331073,0.863916,0.315629,0
7.50003,18.2978,7.87159,-0.0797809,2.09594,0.0794427,0.166507,FGM,0.000331073,0.315629,0,0.000331073,0.863916,0.315629,0
7.50404,18.2978,7.87159,-0.0797809,2.09594,0.0794427,0.166507,FGM,0.000331073,0.315629,0,0.000331073,0.863916,0.315629,0
7.50871,18.3189,7.86999,-0.0789007,2.12085,0.081001,0.171791,FGM,0.000331073,0.315629,0,0.000331073,0.863916,0.315629,0
7.51204,18.3189,7.86999,-0.0789007,2.12085,0.081001,0.171791,FGM,0.000331073,0.315629,0,0.000331073,0.863916,0.315629,0
7.51605,18.3189,7.86999,-0.0789007,2.12085,0.081001,0.171791,FGM,0.000331073,0.315629,0,0.000331073,0.863916,0.315629,0
7.52003,18.3401,7.86839,-0.0781275,2.14458,0.0887555,0.190343,FGM,0.000331073,0.315629,0,0.000331073,0.863916,0.315629,0
7.52406,18.3401,7.86839,-0.0781275,2.14458,0.0887555,0.190343,FGM,0.000331073,0.315629,0,0.000331073,0.863916,0.315629,0
7.52873,18.3616,7.8668,-0.0771658,2.16718,0.0880119,0.190738,FGM,0.0424574,0.368063,0,0.0424574,0.863916,0.368063,0
7.53206,18.3616,7.8668,-0.0771658,2.16718,0.0880119,0.190738,FGM,0.0424574,0.368063,0,0.0424574,0.863916,0.368063,0
7.53604,18.3616,7.8668,-0.0771658,2.16718,0.0880119,0.190738,FGM,0.0424574,0.368063,0,0.0424574,0.863916,0.368063,0
7.54004,18.3833,7.86521,-0.0763304,2.18316,0.0948207,0.207009,FGM,0.0424574,0.368063,0,0.0424574,0.863916,0.368063,0
7.54406,18.3833,7.86521,-0.0763304,2.18316,0.0948207,0.207009,FGM,0.0424574,0.368063,0,0.0424574,0.863916,0.368063,0
7.54873,18.4052,7.86364,-0.0753105,2.19838,0.0930584,0.204577,FGM,0.0424574,0.368063,0,0.0424574,0.863916,0.368063,0
7.55206,18.4052,7.86364,-0.0753105,2.19838,0.0930584,0.204577,FGM,0.0424574,0.368063,0,0.0424574,0.863916,0.368063,0
7.55605,18.4052,7.86364,-0.0753105,2.19838,0.0930584,0.204577,FGM,0.0424574,0.368063,0,0.0424574,0.863916,0.368063,0
7.56005,18.4272,7.86208,-0.074432,2.21287,0.0985815,0.218148,FGM,0.0424574,0.368063,0,0.0424574,0.863916,0.368063,0
7.56406,18.4272,7.86208,-0.074432,2.21287,0.0985815,0.218148,FGM,0.0424574,0.368063,0,0.0424574,0.863916,0.368063,0
7.56873,18.4493,7.86053,-0.0733783,2.22668,0.0960134,0.213791,FGM,0.0424574,0.368063,0,0.0424574,0.863916,0.368063,0
7.57206,18.4493,7.86053,-0.0733783,2.22668,0.0960134,0.213791,FGM,0.0424574,0.368063,0,0.0424574,0.863916,0.368063,0
7.57606,18.4493,7.86053,-0.0733783,2.22668,0.0960134,0.213791,FGM,0.0424574,0.368063,0,0.0424574,0.863916,0.368063,0
7.58005,18.4716,7.85899,-0.0724738,2.23983,0.100971,0.226157,FGM,0.0393929,0.367628,0,0.0393929,0.863916,0.367628,0
7.58408,18.4716,7.85899,-0.0724738,2.23983,0.100971,0.226157,FGM,0.0393929,0.367628,0,0.0393929,0.863916,0.367628,0
7.58873,18.494,7.85747,-0.0713935,2.24711,0.0984242,0.22117,FGM,0.0393929,0.367628,0,0.0393929,0.863916,0.367628,0
7.59204,18.494,7.85747,-0.0713935,2.24711,0.0984242,0.22117,FGM,0.0393929,0.367628,0,0.0393929,0.863916,0.367628,0
7.59604,18.494,7.85747,-0.0713935,2.24711,0.0984242,0.22117,FGM,0.0393929,0.367628,0,0.0393929,0.863916,0.367628,0
7.60003,18.5164,7.85596,-0.0704668,2.25404,0.103436,0.23315,FGM,0.0393929,0.367628,0,0.0393929,0.863916,0.367628,0
7.60406,18.5164,7.85596,-0.0704668,2.25404,0.103436,0.23315,FGM,0.0393929,0.367628,0,0.0393929,0.863916,0.367628,0
7.60874,18.539,7.85448,-0.0693653,2.26064,0.100207,0.226532,FGM,0.0393929,0.367628,0,0.0393929,0.863916,0.367628,0
7.61206,18.539,7.85448,-0.0693653,2.26064,0.100207,0.226532,FGM,0.0393929,0.367628,0,0.0393929,0.863916,0.367628,0
7.61606,18.539,7.85448,-0.0693653,2.26064,0.100207,0.226532,FGM,0.0393929,0.367628,0,0.0393929,0.863916,0.367628,0
7.62004,18.5615,7.85301,-0.0684234,2.26693,0.104778,0.237524,FGM,0.0393929,0.367628,0,0.0393929,0.863916,0.367628,0
7.62405,18.5615,7.85301,-0.0684234,2.26693,0.104778,0.237524,FGM,0.0393929,0.367628,0,0.0393929,0.863916,0.367628,0
7.62875,18.5842,7.85156,-0.0673097,2.27292,0.10128,0.230202,FGM,0.0415091,0.373068,0,0.0415091,1.15257,0.373068,0
7.63206,18.5842,7.85156,-0.0673097,2.27292,0.10128,0.230202,FGM,0.0415091,0.373068,0,0.0415091,1.15257,0.373068,0
7.63605,18.5842,7.85156,-0.0673097,2.27292,0.10128,0.230202,FGM,0.0415091,0.373068,0,0.0415091,1.15257,0.373068,0
7.64004,18.6069,7.85012,-0.066357,2.2739,0.106225,0.241545,FGM,0.0415091,0.373068,0,0.0415091,1.15257,0.373068,0
7.64405,18.6069,7.85012,-0.066357,2.2739,0.106225,0.241545,FGM,0.0415091,0.373068,0,0.0415091,1.15257,0.373068,0
7.64871,18.6296,7.84872,-0.0652272,2.27483,0.102656,0.233525,FGM,0.0415091,0.373068,0,0.0415091,1.15257,0.373068,0
7.65206,18.6296,7.84872,-0.0652272,2.27483,0.102656,0.233525,FGM,0.0415091,0.373068,0,0.0415091,1.15257,0.373068,0
7.65606,18.6296,7.84872,-0.0652272,2.27483,0.102656,0.233525,FGM,0.0415091,0.373068,0,0.0415091,1.15257,0.373068,0
7.66005,18.6523,7.84733,-0.0642636,2.27571,0.107078,0.243678,FGM,0.0415091,0.373068,0,0.0415091,1.15257,0.373068,0
7.66401,18.6523,7.84733,-0.0642636,2.27571,0.107078,0.243678,FGM,0.0415091,0.373068,0,0.0415091,1.15257,0.373068,0
7.66871,18.675,7.84598,-0.0631269,2.27656,0.103193,0.234925,FGM,0.0415091,0.373068,0,0.0415091,1.15257,0.373068,0
7.67201,18.675,7.84598,-0.0631269,2.27656,0.103193,0.234925,FGM,0.0415091,0.373068,0,0.0415091,1.15257,0.373068,0
7.67606,18.675,7.84598,-0.0631269,2.27656,0.103193,0.234925,FGM,0.0415091,0.373068,0,0.0415091,1.15257,0.373068,0
7.68004,18.6978,7.84463,-0.0621591,2.27736,0.107422,0.244639,FGM,0.0378433,0.370438,0,0.0378433,1.15257,0.370438,0
7.68406,18.6978,7.84463,-0.0621591,2.27736,0.107422,0.244639,FGM,0.0378433,0.370438,0,0.0378433,1.15257,0.370438,0
7.6887,18.7204,7.84332,-0.0610078,2.2643,0.104535,0.236698,FGM,0.0378433,0.370438,0,0.0378433,1.15257,0.370438,0
7.69201,18.7204,7.84332,-0.0610078,2.2643,0.104535,0.236698,FGM,0.0378433,0.370438,0,0.0378433,1.15257,0.370438,0
7.69606,18.7204,7.84332,-0.0610078,2.2643,0.104535,0.236698,FGM,0.0378433,0.370438,0,0.0378433,1.15257,0.370438,0
7.70002,18.743,7.84204,-0.0600272,2.25372,0.109415,0.24659,FGM,0.0378433,0.370438,0,0.0378433,1.15257,0.370438,0
7.70403,18.743,7.84204,-0.0600272,2.25372,0.109415,0.24659,FGM,0.0378433,0.370438,0,0.0378433,1.15257,0.370438,0
7.70871,18.7654,7.84079,-0.0588667,2.24515,0.104903,0.235523,FGM,0.0378433,0.370438,0,0.0378433,1.15257,0.370438,0
7.71201,18.7654,7.84079,-0.0588667,2.24515,0.104903,0.235523,FGM,0.0378433,0.370438,0,0.0378433,1.15257,0.370438,0
7.71601,18.7654,7.84079,-0.0588667,2.24515,0.104903,0.235523,FGM,0.0378433,0.370438,0,0.0378433,1.15257,0.370438,0
7.71999,18.7878,7.83956,-0.0578862,2.23821,0.108855,0.243641,FGM,0.0378433,0.370438,0,0.0378433,1.15257,0.370438,0
7.72401,18.7878,7.83956,-0.0578862,2.23821,0.108855,0.243641,FGM,0.0378433,0.370438,0,0.0378433,1.15257,0.370438,0
7.72872,18.8101,7.83837,-0.0567342,2.2326,0.104007,0.232207,FGM,0.0402365,0.376406,0,0.0402365,1.15257,0.376406,0
7.73201,18.8101,7.83837,-0.0567342,2.2326,0.104007,0.232207,FGM,0.0402365,0.376406,0,0.0402365,1.15257,0.376406,0
7.73601,18.8101,7.83837,-0.0567342,2.2326,0.104007,0.232207,FGM,0.0402365,0.376406,0,0.0402365,1.15257,0.376406,0
7.74,18.8323,7.83719,-0.0557586,2.21469,0.109463,0.242426,FGM,0.0402365,0.376406,0,0.0402365,1.15257,0.376406,0
7.74401,18.8323,7.83719,-0.0557586,2.21469,0.109463,0.242426,FGM,0.0402365,0.376406,0,0.0402365,1.15257,0.376406,0
7.74872,18.8544,7.83606,-0.0545969,2.20019,0.104603,0.230146,FGM,0.0402365,0.376406,0,0.0402365,1.15257,0.376406,0
7.75201,18.8544,7.83606,-0.0545969,2.20019,0.104603,0.230146,FGM,0.0402365,0.376406,0,0.0402365,1.15257,0.376406,0
7.75601,18.8544,7.83606,-0.0545969,2.20019,0.104603,0.230146,FGM,0.0402365,0.376406,0,0.0402365,1.15257,0.376406,0
7.76,18.8763,7.83495,-0.0536216,2.18844,0.108489,0.237423,FGM,0.0402365,0.376406,0,0.0402365,1.15257,0.376406,0
7.76401,18.8763,7.83495,-0.0536216,2.18844,0.108489,0.237423,FGM,0.0402365,0.376406,0,0.0402365,1.15257,0.376406,0
7.76873,18.8981,7.83388,-0.0524747,2.17893,0.103072,0.224586,FGM,0.0402365,0.376406,0,0.0402365,1.15257,0.376406,0
7.77201,18.8981,7.83388,-0.0524747,2.17893,0.103072,0.224586,FGM,0.0402365,0.376406,0,0.0402365,1.15257,0.376406,0
7.77601,18.8981,7.83388,-0.0524747,2.17893,0.103072,0.224586,FGM,0.0402365,0.376406,0,0.0402365,1.15257,0.376406,0
7.78005,18.9198,7.83283,-0.0515147,2.17123,0.106708,0.231688,FGM,0.0378105,0.696481,0.199092,0.0378105,1.95337,0.696481,0
7.78406,18.9198,7.83283,-0.0515147,2.17123,0.106708,0.231688,FGM,0.0378105,0.696481,0.199092,0.0378105,1.95337,0.696481,0
7.78882,18.9411,7.83184,-0.0503113,2.07613,0.108255,0.224752,FGM,0.0378105,0.696481,0.199092,0.0378105,1.95337,0.696481,0
7.79209,18.9411,7.83184,-0.0503113,2.07613,0.108255,0.224752,FGM,0.0378105,0.696481,0.199092,0.0378105,1.95337,0.696481,0
7.79609,18.9411,7.83184,-0.0503113,2.07613,0.108255,0.224752,FGM,0.0378105,0.696481,0.199092,0.0378105,1.95337,0.696481,0
7.80006,18.9613,7.83089,-0.0492932,1.98103,0.119207,0.236153,FGM,0.0378105,0.696481,0.199092,0.0378105,1.95337,0.696481,0
7.80406,18.9613,7.83089,-0.0492932,1.98103,0.119207,0.236153,FGM,0.0378105,0.696481,0.199092,0.0378105,1.95337,0.696481,0
7.80878,18.9806,7.83003,-0.0480158,1.88593,0.111109,0.209544,FGM,0.0378105,0.696481,0.199092,0.0378105,1.95337,0.696481,0
7.81208,18.9806,7.83003,-0.0480158,1.88593,0.111109,0.209544,FGM,0.0378105,0.696481,0.199092,0.0378105,1.95337,0.696481,0
7.81608,18.9806,7.83003,-0.0480158,1.88593,0.111109,0.209544,FGM,0.0378105,0.696481,0.199092,0.0378105,1.95337,0.696481,0
7.82007,18.999,7.82918,-0.0473954,1.79083,0.000385154,0.000689745,FGM,0.0378105,0.696481,0.199092,0.0378105,1.95337,0.696481,0
7.82409,18.999,7.82918,-0.0473954,1.79083,0.000385154,0.000689745,FGM,0.0378105,0.696481,0.199092,0.0378105,1.95337,0.696481,0
7.82876,19.0164,7.8283,-0.0477617,1.69573,-0.0420183,-0.0712516,FGM,0.0326314,0.698314,0.194494,0.0326314,1.95337,0.698314,0
7.83206,19.0164,7.8283,-0.0477617,1.69573,-0.0420183,-0.0712516,FGM,0.0326314,0.698314,0.194494,0.0326314,1.95337,0.698314,0
7.83605,19.0164,7.8283,-0.0477617,1.69573,-0.0420183,-0.0712516,FGM,0.0326314,0.698314,0.194494,0.0326314,1.95337,0.698314,0
7.84003,19.0329,7.82745,-0.0482406,1.60063,-0.0751878,-0.120348,FGM,0.0326314,0.698314,0.194494,0.0326314,1.95337,0.698314,0
7.84405,19.0329,7.82745,-0.0482406,1.60063,-0.0751878,-0.120348,FGM,0.0326314,0.698314,0.194494,0.0326314,1.95337,0.698314,0
7.84879,19.0484,7.82662,-0.0491231,1.50553,-0.0741184,-0.111587,FGM,0.0326314,0.698314,0.194494,0.0326314,1.95337,0.698314,0
7.85204,19.0484,7.82662,-0.0491231,1.50553,-0.0741184,-0.111587,FGM,0.0326314,0.698314,0.194494,0.0326314,1.95337,0.698314,0
7.85604,19.0484,7.82662,-0.0491231,1.50553,-0.0741184,-0.111587,FGM,0.0326314,0.698314,0.194494,0.0326314,1.95337,0.698314,0
7.86003,19.063,7.82587,-0.0494289,1.41378,0.0241815,0.0341874,FGM,0.0326314,0.698314,0.194494,0.0326314,1.95337,0.698314,0
7.86404,19.063,7.82587,-0.0494289,1.41378,0.0241815,0.0341874,FGM,0.0326314,0.698314,0.194494,0.0326314,1.95337,0.698314,0
7.86883,19.0767,7.82526,-0.0485732,1.33948,0.150415,0.201478,FGM,0.0326314,0.698314,0.194494,0.0326314,1.95337,0.698314,0
7.87205,19.0767,7.82526,-0.0485732,1.33948,0.150415,0.201478,FGM,0.0326314,0.698314,0.194494,0.0326314,1.95337,0.698314,0
7.87605,19.0767,7.82526,-0.0485732,1.33948,0.150415,0.201478,FGM,0.0326314,0.698314,0.194494,0.0326314,1.95337,0.698314,0
7.88003,19.0898,7.82478,-0.0467766,1.27931,0.177689,0.22732,FRENET,0.262804,1.88293,0.262804,0.0283926,1.88293,0.696489,0
7.88404,19.0898,7.82478,-0.0467766,1.27931,0.177689,0.22732,FRENET,0.262804,1.88293,0.262804,0.0283926,1.88293,0.696489,0
7.8888,19.1022,7.82435,-0.0453248,1.20508,0.0993262,0.119696,FRENET,0.262804,1.88293,0.262804,0.0283926,1.88293,0.696489,0
7.89204,19.1022,7.82435,-0.0453248,1.20508,0.0993262,0.119696,FRENET,0.262804,1.88293,0.262804,0.0283926,1.88293,0.696489,0
7.89606,19.1022,7.82435,-0.0453248,1.20508,0.0993262,0.119696,FRENET,0.262804,1.88293,0.262804,0.0283926,1.88293,0.696489,0
7.90003,19.114,7.82391,-0.0445575,1.14497,0.0824189,0.0943673,FRENET,0.262804,1.88293,0.262804,0.0283926,1.88293,0.696489,0
7.90406,19.114,7.82391,-0.0445575,1.14497,0.0824189,0.0943673,FRENET,0.262804,1.88293,0.262804,0.0283926,1.88293,0.696489,0
7.90885,19.1252,7.82353,-0.0434529,1.09629,0.148338,0.162622,FRENET,0.262804,1.88293,0.262804,0.0283926,1.88293,0.696489,0
7.91206,19.1252,7.82353,-0.0434529,1.09629,0.148338,0.162622,FRENET,0.262804,1.88293,0.262804,0.0283926,1.88293,0.696489,0
7.91604,19.1252,7.82353,-0.0434529,1.09629,0.148338,0.162622,FRENET,0.262804,1.88293,0.262804,0.0283926,1.88293,0.696489,0
7.92007,19.1359,7.82327,-0.0415431,1.05687,0.236672,0.250132,FRENET,0.262804,1.88293,0.262804,0.0283926,1.88293,0.696489,0
7.92404,19.1359,7.82327,-0.0415431,1.05687,0.236672,0.250132,FRENET,0.262804,1.88293,0.262804,0.0283926,1.88293,0.696489,0
7.92885,19.1463,7.82316,-0.0387283,1.02495,0.327226,0.335391,FRENET,0.25533,1.88293,0.25533,0.0377063,1.88293,0.69082,0
7.93203,19.1463,7.82316,-0.0387283,1.02495,0.327226,0.335391,FRENET,0.25533,1.88293,0.25533,0.0377063,1.88293,0.69082,0
7.93604,19.1463,7.82316,-0.0387283,1.02495,0.327226,0.335391,FRENET,0.25533,1.88293,0.25533,0.0377063,1.88293,0.69082,0
7.94008,19.1564,7.82319,-0.035291,0.999101,0.33246,0.332161,FRENET,0.25533,1.88293,0.25533,0.0377063,1.88293,0.69082,0
7.94408,19.1564,7.82319,-0.035291,0.999101,0.33246,0.332161,FRENET,0.25533,1.88293,0.25533,0.0377063,1.88293,0.69082,0
7.94886,19.1663,7.82328,-0.0320104,0.978167,0.343095,0.335605,FRENET,0.25533,1.88293,0.25533,0.0377063,1.88293,0.69082,0
7.95208,19.1663,7.82328,-0.0320104,0.978167,0.343095,0.335605,FRENET,0.25533,1.88293,0.25533,0.0377063,1.88293,0.69082,0
7.95609,19.1663,7.82328,-0.0320104,0.978167,0.343095,0.335605,FRENET,0.25533,1.88293,0.25533,0.0377063,1.88293,0.69082,0
7.96008,19.176,7.82345,-0.0285644,0.961215,0.325297,0.312681,FRENET,0.25533,1.88293,0.25533,0.0377063,1.88293,0.69082,0
7.96409,19.176,7.82345,-0.0285644,0.961215,0.325297,0.312681,FRENET,0.25533,1.88293,0.25533,0.0377063,1.88293,0.69082,0
7.96886,19.1856,7.82366,-0.0253851,0.947487,0.331477,0.31407,FRENET,0.25533,1.88293,0.25533,0.0377063,1.88293,0.69082,0
7.97209,19.1856,7.82366,-0.0253851,0.947487,0.331477,0.31407,FRENET,0.25533,1.88293,0.25533,0.0377063,1.88293,0.69082,0
7.9765,19.1856,7.82366,-0.0253851,0.947487,0.331477,0.31407,FRENET,0.25533,1.88293,0.25533,0.0377063,1.88293,0.69082,0
7.98008,19.195,7.82392,-0.0220555,0.936371,0.31436,0.294358,FRENET,0.244473,1.88293,0.244473,0.0283088,1.88293,0.694633,0
7.98409,19.195,7.82392,-0.0220555,0.936371,0.31436,0.294358,FRENET,0.244473,1.88293,0.244473,0.0283088,1.88293,0.694633,0
7.98886,19.2043,7.8242,-0.0189747,0.927368,0.322418,0.299,FRENET,0.244473,1.88293,0.244473,0.0283088,1.88293,0.694633,0
7.99209,19.2043,7.8242,-0.0189747,0.927368,0.322418,0.299,FRENET,0.244473,1.88293,0.244473,0.0283088,1.88293,0.694633,0
7.99609,19.2043,7.8242,-0.0189747,0.927368,0.322418,0.299,FRENET,0.244473,1.88293,0.244473,0.0283088,1.88293,0.694633,0
8.00009,19.2135,7.82452,-0.0157277,0.920078,0.307013,0.282476,FRENET,0.244473,1.88293,0.244473,0.0283088,1.88293,0.694633,0
8.00407,19.2135,7.82452,-0.0157277,0.920078,0.307013,0.282476,FRENET,0.244473,1.88293,0.244473,0.0283088,1.88293,0.694633,0
8.00883,19.2227,7.82486,-0.0127115,0.914175,0.316566,0.289396,FRENET,0.244473,1.88293,0.244473,0.0283088,1.88293,0.694633,0
8.01204,19.2227,7.82486,-0.0127115,0.914175,0.316566,0.289396,FRENET,0.244473,1.88293,0.244473,0.0283088,1.88293,0.694633,0
8.01609,19.2227,7.82486,-0.0127115,0.914175,0.316566,0.289396,FRENET,0.244473,1.88293,0.244473,0.0283088,1.88293,0.694633,0
8.02007,19.2318,7.82525,-0.00951758,0.909394,0.302286,0.274897,FRENET,0.244473,1.88293,0.244473,0.0283088,1.88293,0.694633,0
8.02409,19.2318,7.82525,-0.00951758,0.909394,0.302286,0.274897,FRENET,0.244473,1.88293,0.244473,0.0283088,1.88293,0.694633,0
8.02887,19.2409,7.82565,-0.00654296,0.905523,0.31279,0.283238,FRENET,0.218968,1.94359,0.218968,0.0317271,1.94359,0.696306,0
8.03209,19.2409,7.82565,-0.00654296,0.905523,0.31279,0.283238,FRENET,0.218968,1.94359,0.218968,0.0317271,1.94359,0.696306,0
8.03609,19.2409,7.82565,-0.00654296,0.905523,0.31279,0.283238,FRENET,0.218968,1.94359,0.218968,0.0317271,1.94359,0.696306,0
8.04007,19.2498,7.82608,-0.00337784,0.888064,0.297583,0.264273,FRENET,0.218968,1.94359,0.218968,0.0317271,1.94359,0.696306,0
8.04409,19.2498,7.82608,-0.00337784,0.888064,0.297583,0.264273,FRENET,0.218968,1.94359,0.218968,0.0317271,1.94359,0.696306,0
8.0489,19.2586,7.82652,-0.000462761,0.873926,0.306605,0.26795,FRENET,0.218968,1.94359,0.218968,0.0317271,1.94359,0.696306,0
8.0521,19.2586,7.82652,-0.000462761,0.873926,0.306605,0.26795,FRENET,0.218968,1.94359,0.218968,0.0317271,1.94359,0.696306,0
8.0561,19.2586,7.82652,-0.000462761,0.873926,0.306605,0.26795,FRENET,0.218968,1.94359,0.218968,0.0317271,1.94359,0.696306,0
8.06009,19.2673,7.827,0.00261728,0.862476,0.288463,0.248793,FRENET,0.218968,1.94359,0.218968,0.0317271,1.94359,0.696306,0
8.0641,19.2673,7.827,0.00261728,0.862476,0.288463,0.248793,FRENET,0.218968,1.94359,0.218968,0.0317271,1.94359,0.696306,0
8.06889,19.2759,7.82748,0.005444,0.853205,0.298166,0.254397,FRENET,0.218968,1.94359,0.218968,0.0317271,1.94359,0.696306,0
8.0721,19.2759,7.82748,0.005444,0.853205,0.298166,0.254397,FRENET,0.218968,1.94359,0.218968,0.0317271,1.94359,0.696306,0
8.07608,19.2759,7.82748,0.005444,0.853205,0.298166,0.254397,FRENET,0.218968,1.94359,0.218968,0.0317271,1.94359,0.696306,0
8.08008,19.2843,7.828,0.00844461,0.845697,0.281235,0.237839,FRENET,0.230854,1.94359,0.230854,0.0439819,1.94359,0.696498,0
8.08403,19.2843,7.828,0.00844461,0.845697,0.281235,0.237839,FRENET,0.230854,1.94359,0.230854,0.0439819,1.94359,0.696498,0
8.08883,19.2927,7.82852,0.0112071,0.839617,0.292341,0.245454,FRENET,0.230854,1.94359,0.230854,0.0439819,1.94359,0.696498,0
8.09201,19.2927,7.82852,0.0112071,0.839617,0.292341,0.245454,FRENET,0.230854,1.94359,0.230854,0.0439819,1.94359,0.696498,0
8.09599,19.2927,7.82852,0.0112071,0.839617,0.292341,0.245454,FRENET,0.230854,1.94359,0.230854,0.0439819,1.94359,0.696498,0
8.10003,19.3011,7.82908,0.0141545,0.834693,0.276457,0.230757,FRENET,0.230854,1.94359,0.230854,0.0439819,1.94359,0.696498,0
8.10405,19.3011,7.82908,0.0141545,0.834693,0.276457,0.230757,FRENET,0.230854,1.94359,0.230854,0.0439819,1.94359,0.696498,0
8.10887,19.3094,7.82965,0.0168749,0.830706,0.288547,0.239698,FRENET,0.230854,1.94359,0.230854,0.0439819,1.94359,0.696498,0
8.1121,19.3094,7.82965,0.0168749,0.830706,0.288547,0.239698,FRENET,0.230854,1.94359,0.230854,0.0439819,1.94359,0.696498,0
8.1161,19.3094,7.82965,0.0168749,0.830706,0.288547,0.239698,FRENET,0.230854,1.94359,0.230854,0.0439819,1.94359,0.696498,0
8.12009,19.3177,7.83025,0.0197876,0.827477,0.273352,0.226193,FRENET,0.230854,1.94359,0.230854,0.0439819,1.94359,0.696498,0
8.12408,19.3177,7.83025,0.0197876,0.827477,0.273352,0.226193,FRENET,0.230854,1.94359,0.230854,0.0439819,1.94359,0.696498,0
8.1289,19.3259,7.83086,0.0224808,0.824863,0.286082,0.235979,FRENET,0.0186303,1.5606,0.0186303,0.0253114,1.5606,0.703649,0
8.13209,19.3259,7.83086,0.0224808,0.824863,0.286082,0.235979,FRENET,0.0186303,1.5606,0.0186303,0.0253114,1.5606,0.703649,0
8.13607,19.3259,7.83086,0.0224808,0.824863,0.286082,0.235979,FRENET,0.0186303,1.5606,0.0186303,0.0253114,1.5606,0.703649,0
8.14008,19.3341,7.8315,0.0253742,0.810308,0.269383,0.218283,FRENET,0.0186303,1.5606,0.0186303,0.0253114,1.5606,0.703649,0
8.14412,19.3341,7.8315,0.0253742,0.810308,0.269383,0.218283,FRENET,0.0186303,1.5606,0.0186303,0.0253114,1.5606,0.703649,0
8.14891,19.3421,7.83214,0.0280161,0.798522,0.280842,0.224258,FRENET,0.0186303,1.5606,0.0186303,0.0253114,1.5606,0.703649,0
8.15203,19.3421,7.83214,0.0280161,0.798522,0.280842,0.224258,FRENET,0.0186303,1.5606,0.0186303,0.0253114,1.5606,0.703649,0
8.15603,19.3421,7.83214,0.0280161,0.798522,0.280842,0.224258,FRENET,0.0186303,1.5606,0.0186303,0.0253114,1.5606,0.703649,0
8.16003,19.35,7.83281,0.0308377,0.788978,0.261805,0.206558,FRENET,0.0186303,1.5606,0.0186303,0.0253114,1.5606,0.703649,0
8.16403,19.35,7.83281,0.0308377,0.788978,0.261805,0.206558,FRENET,0.0186303,1.5606,0.0186303,0.0253114,1.5606,0.703649,0
8.16887,19.3578,7.83348,0.0334069,0.781249,0.274013,0.214073,FRENET,0.0186303,1.5606,0.0186303,0.0253114,1.5606,0.703649,0
8.17203,19.3578,7.83348,0.0334069,0.781249,0.274013,0.214073,FRENET,0.0186303,1.5606,0.0186303,0.0253114,1.5606,0.703649,0
8.17603,19.3578,7.83348,0.0334069,0.781249,0.274013,0.214073,FRENET,0.0186303,1.5606,0.0186303,0.0253114,1.5606,0.703649,0
8.18003,19.3656,7.83418,0.0361641,0.774989,0.255927,0.19834,FRENET,0.0302875,1.5606,0.0302875,0.00279865,1.5606,0.71175,0
8.18404,19.3656,7.83418,0.0361641,0.774989,0.255927,0.19834,FRENET,0.0302875,1.5606,0.0302875,0.00279865,1.5606,0.71175,0
8.18886,19.3733,7.83487,0.0386813,0.769921,0.269334,0.207366,FRENET,0.0302875,1.5606,0.0302875,0.00279865,1.5606,0.71175,0
8.19203,19.3733,7.83487,0.0386813,0.769921,0.269334,0.207366,FRENET,0.0302875,1.5606,0.0302875,0.00279865,1.5606,0.71175,0
8.19604,19.3733,7.83487,0.0386813,0.769921,0.269334,0.207366,FRENET,0.0302875,1.5606,0.0302875,0.00279865,1.5606,0.71175,0
8.20003,19.3809,7.8356,0.0413956,0.765816,0.252044,0.193019,FRENET,0.0302875,1.5606,0.0302875,0.00279865,1.5606,0.71175,0
8.20403,19.3809,7.8356,0.0413956,0.765816,0.252044,0.193019,FRENET,0.0302875,1.5606,0.0302875,0.00279865,1.5606,0.71175,0
8.20891,19.3885,7.83634,0.0438787,0.762493,0.266281,0.203038,FRENET,0.0302875,1.5606,0.0302875,0.00279865,1.5606,0.71175,0
8.21202,19.3885,7.83634,0.0438787,0.762493,0.266281,0.203038,FRENET,0.0302875,1.5606,0.0302875,0.00279865,1.5606,0.71175,0
8.21606,19.3885,7.83634,0.0438787,0.762493,0.266281,0.203038,FRENET,0.0302875,1.5606,0.0302875,0.00279865,1.5606,0.71175,0
8.22005,19.3961,7.8371,0.0465651,0.759801,0.249514,0.189581,FRENET,0.0302875,1.5606,0.0302875,0.00279865,1.5606,0.71175,0
8.22404,19.3961,7.8371,0.0465651,0.759801,0.249514,0.189581,FRENET,0.0302875,1.5606,0.0302875,0.00279865,1.5606,0.71175,0
8.22889,19.4036,7.83787,0.049026,0.757621,0.264293,0.200234,FRENET,0.0468426,1.5606,0.0468426,0.0435869,1.5606,0.705604,0
8.23207,19.4036,7.83787,0.049026,0.757621,0.264293,0.200234,FRENET,0.0468426,1.5606,0.0468426,0.0435869,1.5606,0.705604,0
8.23607,19.4036,7.83787,0.049026,0.757621,0.264293,0.200234,FRENET,0.0468426,1.5606,0.0468426,0.0435869,1.5606,0.705604,0
8.24006,19.4112,7.83867,0.0516942,0.755856,0.247862,0.187348,FRENET,0.0468426,1.5606,0.0468426,0.0435869,1.5606,0.705604,0
8.24406,19.4112,7.83867,0.0516942,0.755856,0.247862,0.187348,FRENET,0.0468426,1.5606,0.0468426,0.0435869,1.5606,0.705604,0
8.24889,19.4187,7.83947,0.0541406,0.754427,0.262995,0.198411,FRENET,0.0468426,1.5606,0.0468426,0.0435869,1.5606,0.705604,0
8.25206,19.4187,7.83947,0.0541406,0.754427,0.262995,0.198411,FRENET,0.0468426,1.5606,0.0468426,0.0435869,1.5606,0.705604,0
8.25606,19.4187,7.83947,0.0541406,0.754427,0.262995,0.198411,FRENET,0.0468426,1.5606,0.0468426,0.0435869,1.5606,0.705604,0
8.26006,19.4262,7.8403,0.0567969,0.753269,0.246783,0.185894,FRENET,0.0468426,1.5606,0.0468426,0.0435869,1.5606,0.705604,0
8.26408,19.4262,7.8403,0.0567969,0.753269,0.246783,0.185894,FRENET,0.0468426,1.5606,0.0468426,0.0435869,1.5606,0.705604,0
8.26891,19.4336,7.84114,0.0592339,0.752332,0.262147,0.197221,FRENET,0.0468426,1.5606,0.0468426,0.0435869,1.5606,0.705604,0
8.27204,19.4336,7.84114,0.0592339,0.752332,0.262147,0.197221,FRENET,0.0468426,1.5606,0.0468426,0.0435869,1.5606,0.705604,0
8.27605,19.4336,7.84114,0.0592339,0.752332,0.262147,0.197221,FRENET,0.0468426,1.5606,0.0468426,0.0435869,1.5606,0.705604,0
8.28005,19.4411,7.84201,0.0618823,0.751573,0.246077,0.184944,FRENET,0.192279,1.72883,0.192279,0.0325393,1.72883,0.71694,0
8.28403,19.4411,7.84201,0.0618823,0.751573,0.246077,0.184944,FRENET,0.192279,1.72883,0.192279,0.0325393,1.72883,0.71694,0
8.28887,19.4486,7.84288,0.0643141,0.753269,0.261695,0.197127,FRENET,0.192279,1.72883,0.192279,0.0325393,1.72883,0.71694,0
8.29202,19.4486,7.84288,0.0643141,0.753269,0.261695,0.197127,FRENET,0.192279,1.72883,0.192279,0.0325393,1.72883,0.71694,0
8.29605,19.4486,7.84288,0.0643141,0.753269,0.261695,0.197127,FRENET,0.192279,1.72883,0.192279,0.0325393,1.72883,0.71694,0
8.30004,19.4561,7.84379,0.0669616,0.754884,0.246658,0.186198,FRENET,0.192279,1.72883,0.192279,0.0325393,1.72883,0.71694,0
8.30405,19.4561,7.84379,0.0669616,0.754884,0.246658,0.186198,FRENET,0.192279,1.72883,0.192279,0.0325393,1.72883,0.71694,0
8.3089,19.4636,7.84471,0.0694019,0.756422,0.262589,0.198628,FRENET,0.192279,1.72883,0.192279,0.0325393,1.72883,0.71694,0
8.31205,19.4636,7.84471,0.0694019,0.756422,0.262589,0.198628,FRENET,0.192279,1.72883,0.192279,0.0325393,1.72883,0.71694,0
8.31605,19.4636,7.84471,0.0694019,0.756422,0.262589,0.198628,FRENET,0.192279,1.72883,0.192279,0.0325393,1.72883,0.71694,0
8.32004,19.4711,7.84566,0.0720593,0.757887,0.247703,0.187731,FRENET,0.192279,1.72883,0.192279,0.0325393,1.72883,0.71694,0
8.32405,19.4711,7.84566,0.0720593,0.757887,0.247703,0.187731,FRENET,0.192279,1.72883,0.192279,0.0325393,1.72883,0.71694,0
8.32892,19.4786,7.84662,0.0745097,0.759283,0.263538,0.2001,FRENET,0.187939,1.72883,0.187939,0.00589793,1.72883,0.72599,0
8.33207,19.4786,7.84662,0.0745097,0.759283,0.263538,0.2001,FRENET,0.187939,1.72883,0.187939,0.00589793,1.72883,0.72599,0
8.33606,19.4786,7.84662,0.0745097,0.759283,0.263538,0.2001,FRENET,0.187939,1.72883,0.187939,0.00589793,1.72883,0.72599,0
8.34006,19.4861,7.84762,0.0771766,0.760612,0.248687,0.189154,FRENET,0.187939,1.72883,0.187939,0.00589793,1.72883,0.72599,0
8.34406,19.4861,7.84762,0.0771766,0.760612,0.248687,0.189154,FRENET,0.187939,1.72883,0.187939,0.00589793,1.72883,0.72599,0
8.34893,19.4937,7.84862,0.0796365,0.761878,0.264408,0.201447,FRENET,0.187939,1.72883,0.187939,0.00589793,1.72883,0.72599,0
8.35207,19.4937,7.84862,0.0796365,0.761878,0.264408,0.201447,FRENET,0.187939,1.72883,0.187939,0.00589793,1.72883,0.72599,0
8.35606,19.4937,7.84862,0.0796365,0.761878,0.264408,0.201447,FRENET,0.187939,1.72883,0.187939,0.00589793,1.72883,0.72599,0
8.36005,19.5013,7.84966,0.0823109,0.770363,0.250936,0.193312,FRENET,0.187939,1.72883,0.187939,0.00589793,1.72883,0.72599,0
8.36402,19.5013,7.84966,0.0823109,0.770363,0.250936,0.193312,FRENET,0.187939,1.72883,0.187939,0.00589793,1.72883,0.72599,0
8.36897,19.5089,7.85072,0.0848012,0.778444,0.267502,0.208236,FRENET,0.187939,1.72883,0.187939,0.00589793,1.72883,0.72599,0
8.37208,19.5089,7.85072,0.0848012,0.778444,0.267502,0.208236,FRENET,0.187939,1.72883,0.187939,0.00589793,1.72883,0.72599,0
8.37606,19.5089,7.85072,0.0848012,0.778444,0.267502,0.208236,FRENET,0.187939,1.72883,0.187939,0.00589793,1.72883,0.72599,0
8.38006,19.5167,7.85182,0.0875189,0.786142,0.255899,0.201173,FRENET,0.112742,1.69638,0.112742,0.0322026,1.69638,0.718702,0
8.38407,19.5167,7.85182,0.0875189,0.786142,0.255899,0.201173,FRENET,0.112742,1.69638,0.112742,0.0322026,1.69638,0.718702,0
8.38894,19.5245,7.85291,0.0898332,0.783534,0.20009,0.156778,FRENET,0.112742,1.69638,0.112742,0.0322026,1.69638,0.718702,0
8.39202,19.5245,7.85291,0.0898332,0.783534,0.20009,0.156778,FRENET,0.112742,1.69638,0.112742,0.0322026,1.69638,0.718702,0
8.39607,19.5245,7.85291,0.0898332,0.783534,0.20009,0.156778,FRENET,0.112742,1.69638,0.112742,0.0322026,1.69638,0.718702,0
8.40006,19.5322,7.85393,0.0914969,0.781422,0.130682,0.102118,FRENET,0.112742,1.69638,0.112742,0.0322026,1.69638,0.718702,0
8.40407,19.5322,7.85393,0.0914969,0.781422,0.130682,0.102118,FRENET,0.112742,1.69638,0.112742,0.0322026,1.69638,0.718702,0
8.40894,19.54,7.85489,0.0926614,0.779712,0.128942,0.100538,FRENET,0.112742,1.69638,0.112742,0.0322026,1.69638,0.718702,0
8.41207,19.54,7.85489,0.0926614,0.779712,0.128942,0.100538,FRENET,0.112742,1.69638,0.112742,0.0322026,1.69638,0.718702,0
8.41607,19.54,7.85489,0.0926614,0.779712,0.128942,0.100538,FRENET,0.112742,1.69638,0.112742,0.0322026,1.69638,0.718702,0
8.42006,19.5477,7.85586,0.0941668,0.778327,0.179853,0.139984,FRENET,0.112742,1.69638,0.112742,0.0322026,1.69638,0.718702,0
8.42406,19.5477,7.85586,0.0941668,0.778327,0.179853,0.139984,FRENET,0.112742,1.69638,0.112742,0.0322026,1.69638,0.718702,0
8.42896,19.5554,7.85688,0.0960666,0.777205,0.175164,0.136138,FRENET,0.118406,1.69638,0.118406,0.0254441,1.69638,0.725101,0
8.43207,19.5554,7.85688,0.0960666,0.777205,0.175164,0.136138,FRENET,0.118406,1.69638,0.118406,0.0254441,1.69638,0.725101,0
8.43608,19.5554,7.85688,0.0960666,0.777205,0.175164,0.136138,FRENET,0.118406,1.69638,0.118406,0.0254441,1.69638,0.725101,0
8.44006,19.5631,7.85791,0.0978078,0.776297,0.19316,0.149949,FRENET,0.118406,1.69638,0.118406,0.0254441,1.69638,0.725101,0
8.44408,19.5631,7.85791,0.0978078,0.776297,0.19316,0.149949,FRENET,0.118406,1.69638,0.118406,0.0254441,1.69638,0.725101,0
8.44894,19.5708,7.85897,0.0997758,0.775562,0.178978,0.138809,FRENET,0.118406,1.69638,0.118406,0.0254441,1.69638,0.725101,0
8.45207,19.5708,7.85897,0.0997758,0.775562,0.178978,0.138809,FRENET,0.118406,1.69638,0.118406,0.0254441,1.69638,0.725101,0
8.45607,19.5708,7.85897,0.0997758,0.775562,0.178978,0.138809,FRENET,0.118406,1.69638,0.118406,0.0254441,1.69638,0.725101,0
8.46006,19.5785,7.86004,0.101536,0.774966,0.194205,0.150502,FRENET,0.118406,1.69638,0.118406,0.0254441,1.69638,0.725101,0
8.46407,19.5785,7.86004,0.101536,0.774966,0.194205,0.150502,FRENET,0.118406,1.69638,0.118406,0.0254441,1.69638,0.725101,0
8.46896,19.5861,7.86113,0.103509,0.774484,0.179174,0.138768,FRENET,0.118406,1.69638,0.118406,0.0254441,1.69638,0.725101,0
8.47207,19.5861,7.86113,0.103509,0.774484,0.179174,0.138768,FRENET,0.118406,1.69638,0.118406,0.0254441,1.69638,0.725101,0
8.47607,19.5861,7.86113,0.103509,0.774484,0.179174,0.138768,FRENET,0.118406,1.69638,0.118406,0.0254441,1.69638,0.725101,0
8.48006,19.5938,7.86223,0.10527,0.774093,0.194159,0.150297,FRENET,0.150763,1.69557,0.150763,0.0355099,1.69557,0.729152,0
8.48407,19.5938,7.86223,0.10527,0.774093,0.194159,0.150297,FRENET,0.150763,1.69557,0.150763,0.0355099,1.69557,0.729152,0
8.48898,19.6015,7.86335,0.107242,0.773321,0.178985,0.138413,FRENET,0.150763,1.69557,0.150763,0.0355099,1.69557,0.729152,0
8.49202,19.6015,7.86335,0.107242,0.773321,0.178985,0.138413,FRENET,0.150763,1.69557,0.150763,0.0355099,1.69557,0.729152,0
8.49606,19.6015,7.86335,0.107242,0.773321,0.178985,0.138413,FRENET,0.150763,1.69557,0.150763,0.0355099,1.69557,0.729152,0
8.50006,19.6091,7.86448,0.109001,0.772695,0.193943,0.149858,FRENET,0.150763,1.69557,0.150763,0.0355099,1.69557,0.729152,0
8.50407,19.6091,7.86448,0.109001,0.772695,0.193943,0.149858,FRENET,0.150763,1.69557,0.150763,0.0355099,1.69557,0.729152,0
8.50897,19.6167,7.86563,0.11097,0.772188,0.178705,0.137994,FRENET,0.150763,1.69557,0.150763,0.0355099,1.69557,0.729152,0
8.51207,19.6167,7.86563,0.11097,0.772188,0.178705,0.137994,FRENET,0.150763,1.69557,0.150763,0.0355099,1.69557,0.729152,0
8.51607,19.6167,7.86563,0.11097,0.772188,0.178705,0.137994,FRENET,0.150763,1.69557,0.150763,0.0355099,1.69557,0.729152,0
8.52006,19.6244,7.86678,0.112726,0.771778,0.193697,0.149491,FRENET,0.150763,1.69557,0.150763,0.0355099,1.69557,0.729152,0
8.52405,19.6244,7.86678,0.112726,0.771778,0.193697,0.149491,FRENET,0.150763,1.69557,0.150763,0.0355099,1.69557,0.729152,0
8.52899,19.632,7.86796,0.114693,0.771445,0.17849,0.137695,FRENET,0.155016,1.69557,0.155016,0.0294588,1.69557,0.734768,0
8.53206,19.632,7.86796,0.114693,0.771445,0.17849,0.137695,FRENET,0.155016,1.69557,0.155016,0.0294588,1.69557,0.734768,0
8.53607,19.632,7.86796,0.114693,0.771445,0.17849,0.137695,FRENET,0.155016,1.69557,0.155016,0.0294588,1.69557,0.734768,0
8.54005,19.6396,7.86914,0.116447,0.771176,0.193526,0.149243,FRENET,0.155016,1.69557,0.155016,0.0294588,1.69557,0.734768,0
8.54407,19.6396,7.86914,0.116447,0.771176,0.193526,0.149243,FRENET,0.155016,1.69557,0.155016,0.0294588,1.69557,0.734768,0
8.54899,19.6472,7.87035,0.118412,0.770958,0.178345,0.137497,FRENET,0.155016,1.69557,0.155016,0.0294588,1.69557,0.734768,0
8.55207,19.6472,7.87035,0.118412,0.770958,0.178345,0.137497,FRENET,0.155016,1.69557,0.155016,0.0294588,1.69557,0.734768,0
8.55607,19.6472,7.87035,0.118412,0.770958,0.178345,0.137497,FRENET,0.155016,1.69557,0.155016,0.0294588,1.69557,0.734768,0
8.56006,19.6549,7.87155,0.120165,0.770782,0.193413,0.149079,FRENET,0.155016,1.69557,0.155016,0.0294588,1.69557,0.734768,0
8.56406,19.6549,7.87155,0.120165,0.770782,0.193413,0.149079,FRENET,0.155016,1.69557,0.155016,0.0294588,1.69557,0.734768,0
8.56899,19.6625,7.87279,0.122129,0.770639,0.17825,0.137367,FRENET,0.155016,1.69557,0.155016,0.0294588,1.69557,0.734768,0
8.57207,19.6625,7.87279,0.122129,0.770639,0.17825,0.137367,FRENET,0.155016,1.69557,0.155016,0.0294588,1.69557,0.734768,0
8.57607,19.6625,7.87279,0.122129,0.770639,0.17825,0.137367,FRENET,0.155016,1.69557,0.155016,0.0294588,1.69557,0.734768,0
8.58006,19.6701,7.87403,0.123884,0.778051,0.193408,0.150482,FRENET,0.132996,1.69557,0.132996,0.0350954,1.69557,0.734774,0
8.58406,19.6701,7.87403,0.123884,0.778051,0.193408,0.150482,FRENET,0.132996,1.69557,0.132996,0.0350954,1.69557,0.734774,0
8.58903,19.6778,7.87531,0.125855,0.785111,0.180689,0.141861,FRENET,0.132996,1.69557,0.132996,0.0350954,1.69557,0.734774,0
8.59201,19.6778,7.87531,0.125855,0.785111,0.180689,0.141861,FRENET,0.132996,1.69557,0.132996,0.0350954,1.69557,0.734774,0
8.59608,19.6778,7.87531,0.125855,0.785111,0.180689,0.141861,FRENET,0.132996,1.69557,0.132996,0.0350954,1.69557,0.734774,0
8.60006,19.6856,7.87658,0.127423,0.791835,0.126856,0.100449,FRENET,0.132996,1.69557,0.132996,0.0350954,1.69557,0.734774,0
8.60406,19.6856,7.87658,0.127423,0.791835,0.126856,0.100449,FRENET,0.132996,1.69557,0.132996,0.0350954,1.69557,0.734774,0
8.60901,19.6935,7.87779,0.128364,0.79824,0.0591509,0.0472166,FRENET,0.132996,1.69557,0.132996,0.0350954,1.69557,0.734774,0
8.61207,19.6935,7.87779,0.128364,0.79824,0.0591509,0.0472166,FRENET,0.132996,1.69557,0.132996,0.0350954,1.69557,0.734774,0
8.61607,19.6935,7.87779,0.128364,0.79824,0.0591509,0.0472166,FRENET,0.132996,1.69557,0.132996,0.0350954,1.69557,0.734774,0
8.62006,19.7014,7.87894,0.128811,0.80434,0.0557369,0.0448314,FRENET,0.132996,1.69557,0.132996,0.0350954,1.69557,0.734774,0
8.62407,19.7014,7.87894,0.128811,0.80434,0.0557369,0.0448314,FRENET,0.132996,1.69557,0.132996,0.0350954,1.69557,0.734774,0
8.629,19.7094,7.88009,0.129364,0.81015,0.0362816,0.0293935,FRENET,0.214441,1.55248,0.214441,0.0245618,1.55248,0.73613,0
8.63207,19.7094,7.88009,0.129364,0.81015,0.0362816,0.0293935,FRENET,0.214441,1.55248,0.214441,0.0245618,1.55248,0.73613,0
8.63607,19.7094,7.88009,0.129364,0.81015,0.0362816,0.0293935,FRENET,0.214441,1.55248,0.214441,0.0245618,1.55248,0.73613,0
8.64006,19.7174,7.88121,0.129679,0.812081,0.0477516,0.0387782,FRENET,0.214441,1.55248,0.214441,0.0245618,1.55248,0.73613,0
8.64407,19.7174,7.88121,0.129679,0.812081,0.0477516,0.0387782,FRENET,0.214441,1.55248,0.214441,0.0245618,1.55248,0.73613,0
8.64902,19.7255,7.88234,0.130184,0.81392,0.0330675,0.0269143,FRENET,0.214441,1.55248,0.214441,0.0245618,1.55248,0.73613,0
8.65207,19.7255,7.88234,0.130184,0.81392,0.0330675,0.0269143,FRENET,0.214441,1.55248,0.214441,0.0245618,1.55248,0.73613,0
8.65607,19.7255,7.88234,0.130184,0.81392,0.0330675,0.0269143,FRENET,0.214441,1.55248,0.214441,0.0245618,1.55248,0.73613,0
8.66006,19.7335,7.88346,0.130479,0.815672,0.0464885,0.0379194,FRENET,0.214441,1.55248,0.214441,0.0245618,1.55248,0.73613,0
8.66407,19.7335,7.88346,0.130479,0.815672,0.0464885,0.0379194,FRENET,0.214441,1.55248,0.214441,0.0245618,1.55248,0.73613,0
8.66904,19.7416,7.8846,0.130977,0.817341,0.0326498,0.026686,FRENET,0.214441,1.55248,0.214441,0.0245618,1.55248,0.73613,0
8.67205,19.7416,7.8846,0.130977,0.817341,0.0326498,0.026686,FRENET,0.214441,1.55248,0.214441,0.0245618,1.55248,0.73613,0
8.67605,19.7416,7.8846,0.130977,0.817341,0.0326498,0.026686,FRENET,0.214441,1.55248,0.214441,0.0245618,1.55248,0.73613,0
8.68006,19.7497,7.88572,0.13127,0.81893,0.0463211,0.0379338,FRENET,0.194589,1.55248,0.194589,0.00262223,1.55248,0.738517,0
8.68407,19.7497,7.88572,0.13127,0.81893,0.0463211,0.0379338,FRENET,0.194589,1.55248,0.194589,0.00262223,1.55248,0.738517,0
8.68908,19.7578,7.88687,0.131767,0.820444,0.03269,0.0268203,FRENET,0.194589,1.55248,0.194589,0.00262223,1.55248,0.738517,0
8.69203,19.7578,7.88687,0.131767,0.820444,0.03269,0.0268203,FRENET,0.194589,1.55248,0.194589,0.00262223,1.55248,0.738517,0
8.69607,19.7578,7.88687,0.131767,0.820444,0.03269,0.0268203,FRENET,0.194589,1.55248,0.194589,0.00262223,1.55248,0.738517,0
8.70006,19.766,7.88801,0.13206,0.821886,0.0463634,0.0381055,FRENET,0.194589,1.55248,0.194589,0.00262223,1.55248,0.738517,0
8.70408,19.766,7.88801,0.13206,0.821886,0.0463634,0.0381055,FRENET,0.194589,1.55248,0.194589,0.00262223,1.55248,0.738517,0
8.70907,19.7741,7.88916,0.132558,0.823259,0.0328205,0.0270198,FRENET,0.194589,1.55248,0.194589,0.00262223,1.55248,0.738517,0
8.71209,19.7741,7.88916,0.132558,0.823259,0.0328205,0.0270198,FRENET,0.194589,1.55248,0.194589,0.00262223,1.55248,0.738517,0
8.71605,19.7741,7.88916,0.132558,0.823259,0.0328205,0.0270198,FRENET,0.194589,1.55248,0.194589,0.00262223,1.55248,0.738517,0
8.72006,19.7823,7.89031,0.132852,0.824567,0.0464497,0.0383009,FRENET,0.194589,1.55248,0.194589,0.00262223,1.55248,0.738517,0
8.72407,19.7823,7.89031,0.132852,0.824567,0.0464497,0.0383009,FRENET,0.194589,1.55248,0.194589,0.00262223,1.55248,0.738517,0
8.72907,19.7904,7.89147,0.133351,0.825813,0.0329632,0.0272215,FRENET,0.198745,1.55248,0.198745,0,1.55248,0.742032,0
8.73207,19.7904,7.89147,0.133351,0.825813,0.0329632,0.0272215,FRENET,0.198745,1.55248,0.198745,0,1.55248,0.742032,0
8.73608,19.7904,7.89147,0.133351,0.825813,0.0329632,0.0272215,FRENET,0.198745,1.55248,0.198745,0,1.55248,0.742032,0
8.74006,19.7986,7.89263,0.133647,0.827,0.046541,0.0384894,FRENET,0.198745,1.55248,0.198745,0,1.55248,0.742032,0
8.74407,19.7986,7.89263,0.133647,0.827,0.046541,0.0384894,FRENET,0.198745,1.55248,0.198745,0,1.55248,0.742032,0
8.74908,19.8068,7.8938,0.134147,0.82813,0.0330992,0.0274105,FRENET,0.198745,1.55248,0.198745,0,1.55248,0.742032,0
8.75214,19.8068,7.8938,0.134147,0.82813,0.0330992,0.0274105,FRENET,0.198745,1.55248,0.198745,0,1.55248,0.742032,0
8.75605,19.8068,7.8938,0.134147,0.82813,0.0330992,0.0274105,FRENET,0.198745,1.55248,0.198745,0,1.55248,0.742032,0
8.76004,19.815,7.89497,0.134444,0.829206,0.0466276,0.0386639,FRENET,0.198745,1.55248,0.198745,0,1.55248,0.742032,0
8.76406,19.815,7.89497,0.134444,0.829206,0.0466276,0.0386639,FRENET,0.198745,1.55248,0.198745,0,1.55248,0.742032,0
8.76907,19.8232,7.89615,0.134945,0.830231,0.0332243,0.0275839,FRENET,0.198745,1.55248,0.198745,0,1.55248,0.742032,0
8.77206,19.8232,7.89615,0.134945,0.830231,0.0332243,0.0275839,FRENET,0.198745,1.55248,0.198745,0,1.55248,0.742032,0
8.77607,19.8232,7.89615,0.134945,0.830231,0.0332243,0.0275839,FRENET,0.198745,1.55248,0.198745,0,1.55248,0.742032,0
8.78006,19.8315,7.89733,0.135243,0.831208,0.0467074,0.0388235,FRENET,0.203266,1.5579,0.203266,0.0108048,1.5579,0.738676,0
8.78406,19.8315,7.89733,0.135243,0.831208,0.0467074,0.0388235,FRENET,0.203266,1.5579,0.203266,0.0108048,1.5579,0.738676,0
8.78909,19.8397,7.89852,0.135745,0.832093,0.0333349,0.0277378,FRENET,0.203266,1.5579,0.203266,0.0108048,1.5579,0.738676,0
8.79202,19.8397,7.89852,0.135745,0.832093,0.0333349,0.0277378,FRENET,0.203266,1.5579,0.203266,0.0108048,1.5579,0.738676,0
8.79607,19.8397,7.89852,0.135745,0.832093,0.0333349,0.0277378,FRENET,0.203266,1.5579,0.203266,0.0108048,1.5579,0.738676,0
8.80007,19.8479,7.8997,0.136044,0.832937,0.0467804,0.0389651,FRENET,0.203266,1.5579,0.203266,0.0108048,1.5579,0.738676,0
8.80408,19.8479,7.8997,0.136044,0.832937,0.0467804,0.0389651,FRENET,0.203266,1.5579,0.203266,0.0108048,1.5579,0.738676,0
8.80912,19.8562,7.90091,0.136546,0.83374,0.0334345,0.0278756,FRENET,0.203266,1.5579,0.203266,0.0108048,1.5579,0.738676,0
8.81205,19.8562,7.90091,0.136546,0.83374,0.0334345,0.0278756,FRENET,0.203266,1.5579,0.203266,0.0108048,1.5579,0.738676,0
8.81607,19.8562,7.90091,0.136546,0.83374,0.0334345,0.0278756,FRENET,0.203266,1.5579,0.203266,0.0108048,1.5579,0.738676,0
8.82006,19.8644,7.9021,0.136846,0.834505,0.0468437,0.0390913,FRENET,0.203266,1.5579,0.203266,0.0108048,1.5579,0.738676,0
8.82407,19.8644,7.9021,0.136846,0.834505,0.0468437,0.0390913,FRENET,0.203266,1.5579,0.203266,0.0108048,1.5579,0.738676,0
8.82911,19.8727,7.90331,0.13735,0.835234,0.0335238,0.0280002,FRENET,0.209848,1.5579,0.209848,0.0137306,1.5579,0.743338,0
8.83207,19.8727,7.90331,0.13735,0.835234,0.0335238,0.0280002,FRENET,0.209848,1.5579,0.209848,0.0137306,1.5579,0.743338,0
8.83607,19.8727,7.90331,0.13735,0.835234,0.0335238,0.0280002,FRENET,0.209848,1.5579,0.209848,0.0137306,1.5579,0.743338,0
8.84006,19.881,7.90451,0.13765,0.835928,0.0469011,0.0392059,FRENET,0.209848,1.5579,0.209848,0.0137306,1.5579,0.743338,0
8.84407,19.881,7.90451,0.13765,0.835928,0.0469011,0.0392059,FRENET,0.209848,1.5579,0.209848,0.0137306,1.5579,0.743338,0
8.84913,19.8892,7.90573,0.138154,0.836589,0.0336048,0.0281134,FRENET,0.209848,1.5579,0.209848,0.0137306,1.5579,0.743338,0
8.85205,19.8892,7.90573,0.138154,0.836589,0.0336048,0.0281134,FRENET,0.209848,1.5579,0.209848,0.0137306,1.5579,0.743338,0
8.85607,19.8892,7.90573,0.138154,0.836589,0.0336048,0.0281134,FRENET,0.209848,1.5579,0.209848,0.0137306,1.5579,0.743338,0
8.86006,19.8975,7.90694,0.138456,0.837218,0.0469531,0.03931,FRENET,0.209848,1.5579,0.209848,0.0137306,1.5579,0.743338,0
8.8641,19.8975,7.90694,0.138456,0.837218,0.0469531,0.03931,FRENET,0.209848,1.5579,0.209848,0.0137306,1.5579,0.743338,0
8.86911,19.9058,7.90817,0.13896,0.837818,0.0336782,0.0282162,FRENET,0.209848,1.5579,0.209848,0.0137306,1.5579,0.743338,0
8.87206,19.9058,7.90817,0.13896,0.837818,0.0336782,0.0282162,FRENET,0.209848,1.5579,0.209848,0.0137306,1.5579,0.743338,0
8.87607,19.9058,7.90817,0.13896,0.837818,0.0336782,0.0282162,FRENET,0.209848,1.5579,0.209848,0.0137306,1.5579,0.743338,0
8.88006,19.9141,7.90939,0.139262,0.838389,0.0470004,0.0394046,FRENET,0.221301,1.5579,0.221301,0.00175878,1.5579,0.749449,0
8.88408,19.9141,7.90939,0.139262,0.838389,0.0470004,0.0394046,FRENET,0.221301,1.5579,0.221301,0.00175878,1.5579,0.749449,0
8.8891,19.9224,7.91063,0.139767,0.838933,0.0337448,0.0283096,FRENET,0.221301,1.5579,0.221301,0.00175878,1.5579,0.749449,0
8.89203,19.9224,7.91063,0.139767,0.838933,0.0337448,0.0283096,FRENET,0.221301,1.5579,0.221301,0.00175878,1.5579,0.749449,0
8.89607,19.9224,7.91063,0.139767,0.838933,0.0337448,0.0283096,FRENET,0.221301,1.5579,0.221301,0.00175878,1.5579,0.749449,0
8.90006,19.9307,7.91185,0.14007,0.839452,0.0470433,0.0394906,FRENET,0.221301,1.5579,0.221301,0.00175878,1.5579,0.749449,0
8.90407,19.9307,7.91185,0.14007,0.839452,0.0470433,0.0394906,FRENET,0.221301,1.5579,0.221301,0.00175878,1.5579,0.749449,0
8.90911,19.939,7.9131,0.140575,0.839945,0.0338051,0.0283945,FRENET,0.221301,1.5579,0.221301,0.00175878,1.5579,0.749449,0
8.91207,19.939,7.9131,0.140575,0.839945,0.0338051,0.0283945,FRENET,0.221301,1.5579,0.221301,0.00175878,1.5579,0.749449,0
8.91607,19.939,7.9131,0.140575,0.839945,0.0338051,0.0283945,FRENET,0.221301,1.5579,0.221301,0.00175878,1.5579,0.749449,0
8.92006,19.9473,7.91433,0.140879,0.840415,0.0470824,0.0395687,FRENET,0.221301,1.5579,0.221301,0.00175878,1.5579,0.749449,0
8.92405,19.9473,7.91433,0.140879,0.840415,0.0470824,0.0395687,FRENET,0.221301,1.5579,0.221301,0.00175878,1.5579,0.749449,0
8.92914,19.9556,7.91559,0.141385,0.840863,0.0338599,0.0284715,FRENET,0.184188,1.5579,0.184188,0.0101841,1.5579,0.748405,0
8.93203,19.9556,7.91559,0.141385,0.840863,0.0338599,0.0284715,FRENET,0.184188,1.5579,0.184188,0.0101841,1.5579,0.748405,0
8.93601,19.9556,7.91559,0.141385,0.840863,0.0338599,0.0284715,FRENET,0.184188,1.5579,0.184188,0.0101841,1.5579,0.748405,0
8.93998,19.9639,7.91683,0.141688,0.841289,0.0471178,0.0396397,FRENET,0.184188,1.5579,0.184188,0.0101841,1.5579,0.748405,0
8.94405,19.9639,7.91683,0.141688,0.841289,0.0471178,0.0396397,FRENET,0.184188,1.5579,0.184188,0.0101841,1.5579,0.748405,0
8.94908,19.9723,7.91809,0.142195,0.841695,0.0339095,0.0285414,FRENET,0.184188,1.5579,0.184188,0.0101841,1.5579,0.748405,0
8.95204,19.9723,7.91809,0.142195,0.841695,0.0339095,0.0285414,FRENET,0.184188,1.5579,0.184188,0.0101841,1.5579,0.748405,0
8.95604,19.9723,7.91809,0.142195,0.841695,0.0339095,0.0285414,FRENET,0.184188,1.5579,0.184188,0.0101841,1.5579,0.748405,0
8.96003,19.9806,7.91934,0.142499,0.842082,0.0471499,0.0397041,FRENET,0.184188,1.5579,0.184188,0.0101841,1.5579,0.748405,0
8.96403,19.9806,7.91934,0.142499,0.842082,0.0471499,0.0397041,FRENET,0.184188,1.5579,0.184188,0.0101841,1.5579,0.748405,0
8.96903,19.9889,7.92061,0.143005,0.842451,0.0339545,0.028605,FRENET,0.184188,1.5579,0.184188,0.0101841,1.5579,0.748405,0
8.97204,19.9889,7.92061,0.143005,0.842451,0.0339545,0.028605,FRENET,0.184188,1.5579,0.184188,0.0101841,1.5579,0.748405,0
8.976,19.9889,7.92061,0.143005,0.842451,0.0339545,0.028605,FRENET,0.184188,1.5579,0.184188,0.0101841,1.5579,0.748405,0
8.98003,19.9972,7.92187,0.14331,0.842801,0.0471791,0.0397626,FRENET,0.049597,1.53412,0.049597,0.000873566,1.53412,0.754279,0
8.98404,19.9972,7.92187,0.14331,0.842801,0.0471791,0.0397626,FRENET,0.049597,1.53412,0.049597,0.000873566,1.53412,0.754279,0
8.98907,20.0054,7.92315,0.144069,0.819641,0.110394,0.0904835,FRENET,0.049597,1.53412,0.049597,0.000873566,1.53412,0.754279,0
8.99199,20.0054,7.92315,0.144069,0.819641,0.110394,0.0904835,FRENET,0.049597,1.53412,0.049597,0.000873566,1.53412,0.754279,0
8.99603,20.0054,7.92315,0.144069,0.819641,0.110394,0.0904835,FRENET,0.049597,1.53412,0.049597,0.000873566,1.53412,0.754279,0
8.99998,20.0134,7.92447,0.145286,0.800886,0.105536,0.0845221,FRENET,0.049597,1.53412,0.049597,0.000873566,1.53412,0.754279,0
9.00403,20.0134,7.92447,0.145286,0.800886,0.105536,0.0845221,FRENET,0.049597,1.53412,0.049597,0.000873566,1.53412,0.754279,0
9.00905,20.0213,7.92575,0.146085,0.785698,0.0470699,0.0369827,FRENET,0.049597,1.53412,0.049597,0.000873566,1.53412,0.754279,0
9.01203,20.0213,7.92575,0.146085,0.785698,0.0470699,0.0369827,FRENET,0.049597,1.53412,0.049597,0.000873566,1.53412,0.754279,0
9.01604,20.0213,7.92575,0.146085,0.785698,0.0470699,0.0369827,FRENET,0.049597,1.53412,0.049597,0.000873566,1.53412,0.754279,0
9.02004,20.029,7.92697,0.14644,0.773399,0.0506646,0.0391839,FRENET,0.049597,1.53412,0.049597,0.000873566,1.53412,0.754279,0
9.02404,20.029,7.92697,0.14644,0.773399,0.0506646,0.0391839,FRENET,0.049597,1.53412,0.049597,0.000873566,1.53412,0.754279,0
9.02907,20.0366,7.92817,0.146952,0.763439,0.0306579,0.0234055,FRENET,0.0415149,1.53412,0.0415149,0.00751959,1.53412,0.756508,0
9.03204,20.0366,7.92817,0.146952,0.763439,0.0306579,0.0234055,FRENET,0.0415149,1.53412,0.0415149,0.00751959,1.53412,0.756508,0
9.03606,20.0366,7.92817,0.146952,0.763439,0.0306579,0.0234055,FRENET,0.0415149,1.53412,0.0415149,0.00751959,1.53412,0.756508,0
9.04003,20.0441,7.92934,0.14722,0.755374,0.0454418,0.0343255,FRENET,0.0415149,1.53412,0.0415149,0.00751959,1.53412,0.756508,0
9.04405,20.0441,7.92934,0.14722,0.755374,0.0454418,0.0343255,FRENET,0.0415149,1.53412,0.0415149,0.00751959,1.53412,0.756508,0
9.04905,20.0515,7.93052,0.147699,0.748843,0.0284311,0.0212904,FRENET,0.0415149,1.53412,0.0415149,0.00751959,1.53412,0.756508,0
9.05204,20.0515,7.93052,0.147699,0.748843,0.0284311,0.0212904,FRENET,0.0415149,1.53412,0.0415149,0.00751959,1.53412,0.756508,0
9.05606,20.0515,7.93052,0.147699,0.748843,0.0284311,0.0212904,FRENET,0.0415149,1.53412,0.0415149,0.00751959,1.53412,0.756508,0
9.06003,20.0589,7.93167,0.147953,0.743553,0.0444011,0.0330146,FRENET,0.0415149,1.53412,0.0415149,0.00751959,1.53412,0.756508,0
9.06406,20.0589,7.93167,0.147953,0.743553,0.0444011,0.0330146,FRENET,0.0415149,1.53412,0.0415149,0.00751959,1.53412,0.756508,0
9.06901,20.0662,7.93283,0.148423,0.73927,0.0276494,0.0204404,FRENET,0.0415149,1.53412,0.0415149,0.00751959,1.53412,0.756508,0
9.07206,20.0662,7.93283,0.148423,0.73927,0.0276494,0.0204404,FRENET,0.0415149,1.53412,0.0415149,0.00751959,1.53412,0.756508,0
9.07604,20.0662,7.93283,0.148423,0.73927,0.0276494,0.0204404,FRENET,0.0415149,1.53412,0.0415149,0.00751959,1.53412,0.756508,0
9.08002,20.0735,7.93397,0.148671,0.735802,0.0439309,0.0323244,FRENET,0.0823373,1.53412,0.0823373,0.0158109,1.53412,0.761036,0
9.08403,20.0735,7.93397,0.148671,0.735802,0.0439309,0.0323244,FRENET,0.0823373,1.53412,0.0823373,0.0158109,1.53412,0.761036,0
9.08902,20.0808,7.93513,0.149134,0.741589,0.0280296,0.0207864,FRENET,0.0823373,1.53412,0.0823373,0.0158109,1.53412,0.761036,0
9.09205,20.0808,7.93513,0.149134,0.741589,0.0280296,0.0207864,FRENET,0.0823373,1.53412,0.0823373,0.0158109,1.53412,0.761036,0
9.09607,20.0808,7.93513,0.149134,0.741589,0.0280296,0.0207864,FRENET,0.0823373,1.53412,0.0823373,0.0158109,1.53412,0.761036,0
9.10004,20.0881,7.93629,0.149387,0.747102,0.0435504,0.0325366,FRENET,0.0823373,1.53412,0.0823373,0.0158109,1.53412,0.761036,0
9.10405,20.0881,7.93629,0.149387,0.747102,0.0435504,0.0325366,FRENET,0.0823373,1.53412,0.0823373,0.0158109,1.53412,0.761036,0
9.109,20.0955,7.93747,0.149852,0.752352,0.0284826,0.0214289,FRENET,0.0823373,1.53412,0.0823373,0.0158109,1.53412,0.761036,0
9.11206,20.0955,7.93747,0.149852,0.752352,0.0284826,0.0214289,FRENET,0.0823373,1.53412,0.0823373,0.0158109,1.53412,0.761036,0
9.11606,20.0955,7.93747,0.149852,0.752352,0.0284826,0.0214289,FRENET,0.0823373,1.53412,0.0823373,0.0158109,1.53412,0.761036,0
9.12005,20.103,7.93863,0.149897,0.757353,-0.0254958,-0.0193093,FRENET,0.0823373,1.53412,0.0823373,0.0158109,1.53412,0.761036,0
9.12406,20.103,7.93863,0.149897,0.757353,-0.0254958,-0.0193093,FRENET,0.0823373,1.53412,0.0823373,0.0158109,1.53412,0.761036,0
9.129,20.1105,7.93974,0.149532,0.762116,-0.0226318,-0.0172481,FRENET,0.056882,1.53412,0.056882,0.00869272,1.53412,0.764481,0
9.13205,20.1105,7.93974,0.149532,0.762116,-0.0226318,-0.0172481,FRENET,0.056882,1.53412,0.056882,0.00869272,1.53412,0.764481,0
9.13605,20.1105,7.93974,0.149532,0.762116,-0.0226318,-0.0172481,FRENET,0.056882,1.53412,0.056882,0.00869272,1.53412,0.764481,0
9.14004,20.1181,7.94084,0.149308,0.766652,-0.0417057,-0.0319738,FRENET,0.056882,1.53412,0.056882,0.00869272,1.53412,0.764481,0
9.14406,20.1181,7.94084,0.149308,0.766652,-0.0417057,-0.0319738,FRENET,0.056882,1.53412,0.056882,0.00869272,1.53412,0.764481,0
9.14899,20.1257,7.94193,0.148851,0.770973,-0.0285716,-0.0220279,FRENET,0.056882,1.53412,0.056882,0.00869272,1.53412,0.764481,0
9.15205,20.1257,7.94193,0.148851,0.770973,-0.0285716,-0.0220279,FRENET,0.056882,1.53412,0.056882,0.00869272,1.53412,0.764481,0
9.15607,20.1257,7.94193,0.148851,0.770973,-0.0285716,-0.0220279,FRENET,0.056882,1.53412,0.056882,0.00869272,1.53412,0.764481,0
9.16005,20.1333,7.94303,0.148591,0.775088,-0.0440274,-0.0341251,FRENET,0.056882,1.53412,0.056882,0.00869272,1.53412,0.764481,0
9.16406,20.1333,7.94303,0.148591,0.775088,-0.0440274,-0.0341251,FRENET,0.056882,1.53412,0.056882,0.00869272,1.53412,0.764481,0
9.16896,20.141,7.94411,0.148118,0.779008,-0.0298879,-0.0232829,FRENET,0.056882,1.53412,0.056882,0.00869272,1.53412,0.764481,0
9.17206,20.141,7.94411,0.148118,0.779008,-0.0298879,-0.0232829,FRENET,0.056882,1.53412,0.056882,0.00869272,1.53412,0.764481,0
9.17606,20.141,7.94411,0.148118,0.779008,-0.0298879,-0.0232829,FRENET,0.056882,1.53412,0.056882,0.00869272,1.53412,0.764481,0
9.18005,20.1488,7.94521,0.147848,0.782741,-0.0446777,-0.0349711,FRENET,0.256902,1.92292,0.256902,0.0143245,1.92292,0.769145,0
9.18406,20.1488,7.94521,0.147848,0.782741,-0.0446777,-0.0349711,FRENET,0.256902,1.92292,0.256902,0.0143245,1.92292,0.769145,0
9.18896,20.1565,7.9463,0.147368,0.782838,-0.0302192,-0.0236567,FRENET,0.256902,1.92292,0.256902,0.0143245,1.92292,0.769145,0
9.19206,20.1565,7.9463,0.147368,0.782838,-0.0302192,-0.0236567,FRENET,0.256902,1.92292,0.256902,0.0143245,1.92292,0.769145,0
9.19606,20.1565,7.9463,0.147368,0.782838,-0.0302192,-0.0236567,FRENET,0.256902,1.92292,0.256902,0.0143245,1.92292,0.769145,0
9.20005,20.1643,7.94739,0.147096,0.782931,-0.0450601,-0.0352789,FRENET,0.256902,1.92292,0.256902,0.0143245,1.92292,0.769145,0
9.20406,20.1643,7.94739,0.147096,0.782931,-0.0450601,-0.0352789,FRENET,0.256902,1.92292,0.256902,0.0143245,1.92292,0.769145,0
9.20896,20.172,7.94847,0.146614,0.78302,-0.0303508,-0.0237653,FRENET,0.256902,1.92292,0.256902,0.0143245,1.92292,0.769145,0
9.21206,20.172,7.94847,0.146614,0.78302,-0.0303508,-0.0237653,FRENET,0.256902,1.92292,0.256902,0.0143245,1.92292,0.769145,0
9.21606,20.172,7.94847,0.146614,0.78302,-0.0303508,-0.0237653,FRENET,0.256902,1.92292,0.256902,0.0143245,1.92292,0.769145,0
9.22006,20.1798,7.94959,0.146562,0.783104,0.026012,0.0203701,FRENET,0.256902,1.92292,0.256902,0.0143245,1.92292,0.769145,0
9.22407,20.1798,7.94959,0.146562,0.783104,0.026012,0.0203701,FRENET,0.256902,1.92292,0.256902,0.0143245,1.92292,0.769145,0
9.22894,20.1875,7.95075,0.146938,0.783184,0.0239188,0.0187328,FRENET,0.222706,1.92292,0.222706,0.0129593,1.92292,0.773226,0
9.23206,20.1875,7.95075,0.146938,0.783184,0.0239188,0.0187328,FRENET,0.222706,1.92292,0.222706,0.0129593,1.92292,0.773226,0
9.23606,20.1875,7.95075,0.146938,0.783184,0.0239188,0.0187328,FRENET,0.222706,1.92292,0.222706,0.0129593,1.92292,0.773226,0
9.24005,20.1952,7.95193,0.147173,0.78326,0.0427325,0.0334707,FRENET,0.222706,1.92292,0.222706,0.0129593,1.92292,0.773226,0
9.24407,20.1952,7.95193,0.147173,0.78326,0.0427325,0.0334707,FRENET,0.222706,1.92292,0.222706,0.0129593,1.92292,0.773226,0
9.24893,20.203,7.95314,0.14764,0.783333,0.0294195,0.0230453,FRENET,0.222706,1.92292,0.222706,0.0129593,1.92292,0.773226,0
9.25207,20.203,7.95314,0.14764,0.783333,0.0294195,0.0230453,FRENET,0.222706,1.92292,0.222706,0.0129593,1.92292,0.773226,0
9.25607,20.203,7.95314,0.14764,0.783333,0.0294195,0.0230453,FRENET,0.222706,1.92292,0.222706,0.0129593,1.92292,0.773226,0
9.26005,20.2107,7.95434,0.147907,0.783403,0.0447008,0.0350187,FRENET,0.222706,1.92292,0.222706,0.0129593,1.92292,0.773226,0
9.26409,20.2107,7.95434,0.147907,0.783403,0.0447008,0.0350187,FRENET,0.222706,1.92292,0.222706,0.0129593,1.92292,0.773226,0
9.26892,20.2185,7.95556,0.148386,0.783469,0.0301986,0.0236596,FRENET,0.222706,1.92292,0.222706,0.0129593,1.92292,0.773226,0
9.27206,20.2185,7.95556,0.148386,0.783469,0.0301986,0.0236596,FRENET,0.222706,1.92292,0.222706,0.0129593,1.92292,0.773226,0
9.27606,20.2185,7.95556,0.148386,0.783469,0.0301986,0.0236596,FRENET,0.222706,1.92292,0.222706,0.0129593,1.92292,0.773226,0
9.28007,20.2262,7.95677,0.148658,0.783532,0.0450358,0.035287,FRENET,0.240667,1.92292,0.240667,0.000247453,1.92292,0.779102,0
9.28407,20.2262,7.95677,0.148658,0.783532,0.0450358,0.035287,FRENET,0.240667,1.92292,0.240667,0.000247453,1.92292,0.779102,0
9.28891,20.2339,7.958,0.149139,0.783591,0.0303576,0.023788,FRENET,0.240667,1.92292,0.240667,0.000247453,1.92292,0.779102,0
9.29199,20.2339,7.958,0.149139,0.783591,0.0303576,0.023788,FRENET,0.240667,1.92292,0.240667,0.000247453,1.92292,0.779102,0
9.29599,20.2339,7.958,0.149139,0.783591,0.0303576,0.023788,FRENET,0.240667,1.92292,0.240667,0.000247453,1.92292,0.779102,0
9.30001,20.2417,7.95922,0.149412,0.783648,0.0451131,0.0353528,FRENET,0.240667,1.92292,0.240667,0.000247453,1.92292,0.779102,0
9.30404,20.2417,7.95922,0.149412,0.783648,0.0451131,0.0353528,FRENET,0.240667,1.92292,0.240667,0.000247453,1.92292,0.779102,0
9.30888,20.2494,7.96045,0.149894,0.783703,0.0304006,0.023825,FRENET,0.240667,1.92292,0.240667,0.000247453,1.92292,0.779102,0
9.31204,20.2494,7.96045,0.149894,0.783703,0.0304006,0.023825,FRENET,0.240667,1.92292,0.240667,0.000247453,1.92292,0.779102,0
9.31604,20.2494,7.96045,0.149894,0.783703,0.0304006,0.023825,FRENET,0.240667,1.92292,0.240667,0.000247453,1.92292,0.779102,0
9.32003,20.2572,7.96168,0.150167,0.783755,0.0451352,0.035375,FRENET,0.240667,1.92292,0.240667,0.000247453,1.92292,0.779102,0
9.32399,20.2572,7.96168,0.150167,0.783755,0.0451352,0.035375,FRENET,0.240667,1.92292,0.240667,0.000247453,1.92292,0.779102,0
9.32886,20.2649,7.96292,0.15065,0.783804,0.0304161,0.0238402,FGM,0.181676,0.31377,0.116198,0.181676,1.94402,0.31377,0
9.33203,20.2649,7.96292,0.15065,0.783804,0.0304161,0.0238402,FGM,0.181676,0.31377,0.116198,0.181676,1.94402,0.31377,0
9.33603,20.2649,7.96292,0.15065,0.783804,0.0304161,0.0238402,FGM,0.181676,0.31377,0.116198,0.181676,1.94402,0.31377,0
9.34001,20.2731,7.96422,0.150946,0.873869,0.0410048,0.0358329,FGM,0.181676,0.31377,0.116198,0.181676,1.94402,0.31377,0
9.34403,20.2731,7.96422,0.150946,0.873869,0.0410048,0.0358329,FGM,0.181676,0.31377,0.116198,0.181676,1.94402,0.31377,0
9.34884,20.2821,7.96567,0.151401,0.959652,0.0379935,0.0364605,FGM,0.181676,0.31377,0.116198,0.181676,1.94402,0.31377,0
9.35203,20.2821,7.96567,0.151401,0.959652,0.0379935,0.0364605,FGM,0.181676,0.31377,0.116198,0.181676,1.94402,0.31377,0
9.35604,20.2821,7.96567,0.151401,0.959652,0.0379935,0.0364605,FGM,0.181676,0.31377,0.116198,0.181676,1.94402,0.31377,0
9.36001,20.292,7.96723,0.151603,1.04136,-0.00315944,-0.0032901,FGM,0.181676,0.31377,0.116198,0.181676,1.94402,0.31377,0
9.36403,20.292,7.96723,0.151603,1.04136,-0.00315944,-0.0032901,FGM,0.181676,0.31377,0.116198,0.181676,1.94402,0.31377,0
9.36883,20.3027,7.96885,0.15126,1.11918,-0.0690793,-0.0773119,FGM,0.181676,0.31377,0.116198,0.181676,1.94402,0.31377,0
9.37203,20.3027,7.96885,0.15126,1.11918,-0.0690793,-0.0773119,FGM,0.181676,0.31377,0.116198,0.181676,1.94402,0.31377,0
9.37603,20.3027,7.96885,0.15126,1.11918,-0.0690793,-0.0773119,FGM,0.181676,0.31377,0.116198,0.181676,1.94402,0.31377,0
9.38001,20.3142,7.97048,0.150158,1.19329,-0.154056,-0.183834,FGM,0.189119,0.318311,0.109722,0.189119,1.94402,0.318311,0
9.38403,20.3142,7.97048,0.150158,1.19329,-0.154056,-0.183834,FGM,0.189119,0.318311,0.109722,0.189119,1.94402,0.318311,0
9.38882,20.3263,7.97207,0.148123,1.26369,-0.255089,-0.322353,FGM,0.189119,0.318311,0.109722,0.189119,1.94402,0.318311,0
9.39203,20.3263,7.97207,0.148123,1.26369,-0.255089,-0.322353,FGM,0.189119,0.318311,0.109722,0.189119,1.94402,0.318311,0
9.39603,20.3263,7.97207,0.148123,1.26369,-0.255089,-0.322353,FGM,0.189119,0.318311,0.109722,0.189119,1.94402,0.318311,0
9.40002,20.3392,7.9736,0.145201,1.33074,-0.31221,-0.415469,FGM,0.189119,0.318311,0.109722,0.189119,1.94402,0.318311,0
9.40403,20.3392,7.9736,0.145201,1.33074,-0.31221,-0.415469,FGM,0.189119,0.318311,0.109722,0.189119,1.94402,0.318311,0
9.40881,20.3528,7.97511,0.141881,1.3946,-0.361924,-0.504738,FGM,0.189119,0.318311,0.109722,0.189119,1.94402,0.318311,0
9.41203,20.3528,7.97511,0.141881,1.3946,-0.361924,-0.504738,FGM,0.189119,0.318311,0.109722,0.189119,1.94402,0.318311,0
9.41603,20.3528,7.97511,0.141881,1.3946,-0.361924,-0.504738,FGM,0.189119,0.318311,0.109722,0.189119,1.94402,0.318311,0
9.42002,20.3669,7.97657,0.138035,1.45542,-0.392771,-0.571646,FGM,0.189119,0.318311,0.109722,0.189119,1.94402,0.318311,0
9.42403,20.3669,7.97657,0.138035,1.45542,-0.392771,-0.571646,FGM,0.189119,0.318311,0.109722,0.189119,1.94402,0.318311,0
9.4288,20.3817,7.97802,0.133998,1.51335,-0.426329,-0.645185,FGM,0.138395,0.320458,0.116114,0.138395,1.94402,0.320458,0
9.43203,20.3817,7.97802,0.133998,1.51335,-0.426329,-0.645185,FGM,0.138395,0.320458,0.116114,0.138395,1.94402,0.320458,0
9.43603,20.3817,7.97802,0.133998,1.51335,-0.426329,-0.645185,FGM,0.138395,0.320458,0.116114,0.138395,1.94402,0.320458,0
9.44002,20.3971,7.97943,0.129563,1.56912,-0.446709,-0.700941,FGM,0.138395,0.320458,0.116114,0.138395,1.94402,0.320458,0
9.44403,20.3971,7.97943,0.129563,1.56912,-0.446709,-0.700941,FGM,0.138395,0.320458,0.116114,0.138395,1.94402,0.320458,0
9.44879,20.413,7.98082,0.12503,1.62224,-0.472657,-0.766762,FGM,0.138395,0.320458,0.116114,0.138395,1.94402,0.320458,0
9.45203,20.413,7.98082,0.12503,1.62224,-0.472657,-0.766762,FGM,0.138395,0.320458,0.116114,0.138395,1.94402,0.320458,0
9.45603,20.413,7.98082,0.12503,1.62224,-0.472657,-0.766762,FGM,0.138395,0.320458,0.116114,0.138395,1.94402,0.320458,0
9.46003,20.4294,7.98216,0.120156,1.67283,-0.487968,-0.816287,FGM,0.138395,0.320458,0.116114,0.138395,1.94402,0.320458,0
9.46403,20.4294,7.98216,0.120156,1.67283,-0.487968,-0.816287,FGM,0.138395,0.320458,0.116114,0.138395,1.94402,0.320458,0
9.46877,20.4463,7.98347,0.115234,1.72102,-0.509706,-0.877213,FGM,0.138395,0.320458,0.116114,0.138395,1.94402,0.320458,0
9.47203,20.4463,7.98347,0.115234,1.72102,-0.509706,-0.877213,FGM,0.138395,0.320458,0.116114,0.138395,1.94402,0.320458,0
9.47603,20.4463,7.98347,0.115234,1.72102,-0.509706,-0.877213,FGM,0.138395,0.320458,0.116114,0.138395,1.94402,0.320458,0
9.48002,20.4637,7.98472,0.110005,1.76691,-0.521885,-0.922125,FGM,0.0509254,0.318629,0.128819,0.0509254,1.94402,0.318629,0
9.48403,20.4637,7.98472,0.110005,1.76691,-0.521885,-0.922125,FGM,0.0509254,0.318629,0.128819,0.0509254,1.94402,0.318629,0
9.48875,20.4815,7.98593,0.104763,1.81349,-0.539896,-0.979095,FGM,0.0509254,0.318629,0.128819,0.0509254,1.94402,0.318629,0
9.49203,20.4815,7.98593,0.104763,1.81349,-0.539896,-0.979095,FGM,0.0509254,0.318629,0.128819,0.0509254,1.94402,0.318629,0
9.49603,20.4815,7.98593,0.104763,1.81349,-0.539896,-0.979095,FGM,0.0509254,0.318629,0.128819,0.0509254,1.94402,0.318629,0
9.50002,20.4999,7.98708,0.0992433,1.85785,-0.549951,-1.02173,FGM,0.0509254,0.318629,0.128819,0.0509254,1.94402,0.318629,0
9.50403,20.4999,7.98708,0.0992433,1.85785,-0.549951,-1.02173,FGM,0.0509254,0.318629,0.128819,0.0509254,1.94402,0.318629,0
9.50877,20.5186,7.98819,0.0939643,1.9001,-0.497266,-0.944855,FGM,0.0509254,0.318629,0.128819,0.0509254,1.94402,0.318629,0
9.51203,20.5186,7.98819,0.0939643,1.9001,-0.497266,-0.944855,FGM,0.0509254,0.318629,0.128819,0.0509254,1.94402,0.318629,0
9.51603,20.5186,7.98819,0.0939643,1.9001,-0.497266,-0.944855,FGM,0.0509254,0.318629,0.128819,0.0509254,1.94402,0.318629,0
9.52002,20.5378,7.9893,0.0891843,1.94034,-0.475789,-0.923194,FGM,0.0509254,0.318629,0.128819,0.0509254,1.94402,0.318629,0
9.52403,20.5378,7.9893,0.0891843,1.94034,-0.475789,-0.923194,FGM,0.0509254,0.318629,0.128819,0.0509254,1.94402,0.318629,0
9.52872,20.5574,7.99037,0.0844425,1.97867,-0.45987,-0.909934,FGM,0.0299533,0.328559,0.195924,0.0299533,1.9982,0.328559,0
9.53203,20.5574,7.99037,0.0844425,1.97867,-0.45987,-0.909934,FGM,0.0299533,0.328559,0.195924,0.0299533,1.9982,0.328559,0
9.53603,20.5574,7.99037,0.0844425,1.97867,-0.45987,-0.909934,FGM,0.0299533,0.328559,0.195924,0.0299533,1.9982,0.328559,0
9.54001,20.5773,7.99142,0.0799312,2.02133,-0.457402,-0.924559,FGM,0.0299533,0.328559,0.195924,0.0299533,1.9982,0.328559,0
9.54403,20.5773,7.99142,0.0799312,2.02133,-0.457402,-0.924559,FGM,0.0299533,0.328559,0.195924,0.0299533,1.9982,0.328559,0
9.54871,20.5977,7.99242,0.0753108,2.06195,-0.453142,-0.934357,FGM,0.0299533,0.328559,0.195924,0.0299533,1.9982,0.328559,0
9.55203,20.5977,7.99242,0.0753108,2.06195,-0.453142,-0.934357,FGM,0.0299533,0.328559,0.195924,0.0299533,1.9982,0.328559,0
9.55603,20.5977,7.99242,0.0753108,2.06195,-0.453142,-0.934357,FGM,0.0299533,0.328559,0.195924,0.0299533,1.9982,0.328559,0
9.56001,20.6185,7.99338,0.0708225,2.10064,-0.458992,-0.964179,FGM,0.0299533,0.328559,0.195924,0.0299533,1.9982,0.328559,0
9.56403,20.6185,7.99338,0.0708225,2.10064,-0.458992,-0.964179,FGM,0.0299533,0.328559,0.195924,0.0299533,1.9982,0.328559,0
9.56869,20.6397,7.99427,0.0661582,2.13749,-0.459606,-0.982405,FGM,0.0299533,0.328559,0.195924,0.0299533,1.9982,0.328559,0
9.57203,20.6397,7.99427,0.0661582,2.13749,-0.459606,-0.982405,FGM,0.0299533,0.328559,0.195924,0.0299533,1.9982,0.328559,0
9.57603,20.6397,7.99427,0.0661582,2.13749,-0.459606,-0.982405,FGM,0.0299533,0.328559,0.195924,0.0299533,1.9982,0.328559,0
9.58001,20.6612,7.99511,0.0615913,2.1726,-0.468207,-1.01722,FGM,0,0.358763,0.19258,0,1.9982,0.358763,0
9.58403,20.6612,7.99511,0.0615913,2.1726,-0.468207,-1.01722,FGM,0,0.358763,0.19258,0,1.9982,0.358763,0
9.58868,20.6831,7.99587,0.0568304,2.20845,-0.469621,-1.03713,FGM,0,0.358763,0.19258,0,1.9982,0.358763,0
9.59203,20.6831,7.99587,0.0568304,2.20845,-0.469621,-1.03713,FGM,0,0.358763,0.19258,0,1.9982,0.358763,0
9.59603,20.6831,7.99587,0.0568304,2.20845,-0.469621,-1.03713,FGM,0,0.358763,0.19258,0,1.9982,0.358763,0
9.60002,20.7054,7.99657,0.0521613,2.2426,-0.478657,-1.07344,FGM,0,0.358763,0.19258,0,1.9982,0.358763,0
9.60403,20.7054,7.99657,0.0521613,2.2426,-0.478657,-1.07344,FGM,0,0.358763,0.19258,0,1.9982,0.358763,0
9.60867,20.7279,7.99717,0.0472875,2.27513,-0.481369,-1.09518,FGM,0,0.358763,0.19258,0,1.9982,0.358763,0
9.61203,20.7279,7.99717,0.0472875,2.27513,-0.481369,-1.09518,FGM,0,0.358763,0.19258,0,1.9982,0.358763,0
9.61603,20.7279,7.99717,0.0472875,2.27513,-0.481369,-1.09518,FGM,0,0.358763,0.19258,0,1.9982,0.358763,0
9.62002,20.7508,7.99769,0.0424988,2.30611,-0.490984,-1.13226,FGM,0,0.358763,0.19258,0,1.9982,0.358763,0
9.62403,20.7508,7.99769,0.0424988,2.30611,-0.490984,-1.13226,FGM,0,0.358763,0.19258,0,1.9982,0.358763,0
9.62866,20.774,7.99812,0.0374991,2.33561,-0.493932,-1.15363,FGM,0,0.394266,0.206744,0,1.9982,0.394266,0
9.63203,20.774,7.99812,0.0374991,2.33561,-0.493932,-1.15363,FGM,0,0.394266,0.206744,0,1.9982,0.394266,0
9.63603,20.774,7.99812,0.0374991,2.33561,-0.493932,-1.15363,FGM,0,0.394266,0.206744,0,1.9982,0.394266,0
9.64002,20.7976,7.99845,0.0326042,2.37189,-0.499658,-1.18513,FGM,0,0.394266,0.206744,0,1.9982,0.394266,0
9.64403,20.7976,7.99845,0.0326042,2.37189,-0.499658,-1.18513,FGM,0,0.394266,0.206744,0,1.9982,0.394266,0
9.64864,20.8215,7.99868,0.0275285,2.40644,-0.501081,-1.20582,FGM,0,0.394266,0.206744,0,1.9982,0.394266,0
9.65203,20.8215,7.99868,0.0275285,2.40644,-0.501081,-1.20582,FGM,0,0.394266,0.206744,0,1.9982,0.394266,0
9.65603,20.8215,7.99868,0.0275285,2.40644,-0.501081,-1.20582,FGM,0,0.394266,0.206744,0,1.9982,0.394266,0
9.66002,20.8457,7.99882,0.0225465,2.43934,-0.509841,-1.24368,FGM,0,0.394266,0.206744,0,1.9982,0.394266,0
9.66403,20.8457,7.99882,0.0225465,2.43934,-0.509841,-1.24368,FGM,0,0.394266,0.206744,0,1.9982,0.394266,0
9.66864,20.8702,7.99883,0.0173587,2.47069,-0.512905,-1.26723,FGM,0,0.394266,0.206744,0,1.9982,0.394266,0
9.67204,20.8702,7.99883,0.0173587,2.47069,-0.512905,-1.26723,FGM,0,0.394266,0.206744,0,1.9982,0.394266,0
9.67603,20.8702,7.99883,0.0173587,2.47069,-0.512905,-1.26723,FGM,0,0.394266,0.206744,0,1.9982,0.394266,0
9.68002,20.8951,7.99876,0.0125188,2.50054,-0.445161,-1.11314,FGM,0,0.444151,0.227429,0,1.9982,0.444151,0
9.68403,20.8951,7.99876,0.0125188,2.50054,-0.445161,-1.11314,FGM,0,0.444151,0.227429,0,1.9982,0.444151,0
9.68862,20.9203,7.99865,0.00835521,2.53714,-0.405151,-1.02793,FGM,0,0.444151,0.227429,0,1.9982,0.444151,0
9.69203,20.9203,7.99865,0.00835521,2.53714,-0.405151,-1.02793,FGM,0,0.444151,0.227429,0,1.9982,0.444151,0
9.69603,20.9203,7.99865,0.00835521,2.53714,-0.405151,-1.02793,FGM,0,0.444151,0.227429,0,1.9982,0.444151,0
9.70002,20.9458,7.99847,0.00439027,2.57201,-0.375501,-0.965792,FGM,0,0.444151,0.227429,0,1.9982,0.444151,0
9.70403,20.9458,7.99847,0.00439027,2.57201,-0.375501,-0.965792,FGM,0,0.444151,0.227429,0,1.9982,0.444151,0
9.70862,20.9717,7.99823,0.000781173,2.60521,-0.362174,-0.94354,FGM,0,0.444151,0.227429,0,1.9982,0.444151,0
9.71203,20.9717,7.99823,0.000781173,2.60521,-0.362174,-0.94354,FGM,0,0.444151,0.227429,0,1.9982,0.444151,0
9.71603,20.9717,7.99823,0.000781173,2.60521,-0.362174,-0.94354,FGM,0,0.444151,0.227429,0,1.9982,0.444151,0
9.72002,20.9979,7.99791,-0.00284815,2.63684,-0.349846,-0.922489,FGM,0,0.444151,0.227429,0,1.9982,0.444151,0
9.72403,20.9979,7.99791,-0.00284815,2.63684,-0.349846,-0.922489,FGM,0,0.444151,0.227429,0,1.9982,0.444151,0
9.72862,21.0244,7.99752,-0.00625999,2.66697,-0.347785,-0.92753,FGM,0.0413025,0.287121,0.07521,0.0413025,2.35999,0.287121,0
9.73203,21.0244,7.99752,-0.00625999,2.66697,-0.347785,-0.92753,FGM,0.0413025,0.287121,0.07521,0.0413025,2.35999,0.287121,0
9.73603,21.0244,7.99752,-0.00625999,2.66697,-0.347785,-0.92753,FGM,0.0413025,0.287121,0.07521,0.0413025,2.35999,0.287121,0
9.74002,21.0506,7.99705,-0.0100641,2.57187,-0.385076,-0.990363,FGM,0.0413025,0.287121,0.07521,0.0413025,2.35999,0.287121,0
9.74403,21.0506,7.99705,-0.0100641,2.57187,-0.385076,-0.990363,FGM,0.0413025,0.287121,0.07521,0.0413025,2.35999,0.287121,0
9.74861,21.0759,7.99653,-0.0139632,2.47677,-0.416568,-1.03174,FGM,0.0413025,0.287121,0.07521,0.0413025,2.35999,0.287121,0
9.75203,21.0759,7.99653,-0.0139632,2.47677,-0.416568,-1.03174,FGM,0.0413025,0.287121,0.07521,0.0413025,2.35999,0.287121,0
9.75603,21.0759,7.99653,-0.0139632,2.47677,-0.416568,-1.03174,FGM,0.0413025,0.287121,0.07521,0.0413025,2.35999,0.287121,0
9.76002,21.1002,7.99594,-0.0182937,2.38167,-0.423364,-1.00831,FGM,0.0413025,0.287121,0.07521,0.0413025,2.35999,0.287121,0
9.76403,21.1002,7.99594,-0.0182937,2.38167,-0.423364,-1.00831,FGM,0.0413025,0.287121,0.07521,0.0413025,2.35999,0.287121,0
9.76861,21.1235,7.99535,-0.0220496,2.28657,-0.312368,-0.714249,FGM,0.0413025,0.287121,0.07521,0.0413025,2.35999,0.287121,0
9.77203,21.1235,7.99535,-0.0220496,2.28657,-0.312368,-0.714249,FGM,0.0413025,0.287121,0.07521,0.0413025,2.35999,0.287121,0
9.77603,21.1235,7.99535,-0.0220496,2.28657,-0.312368,-0.714249,FGM,0.0413025,0.287121,0.07521,0.0413025,2.35999,0.287121,0
9.78002,21.1459,7.99484,-0.0243235,2.19147,-0.133938,-0.29352,FGM,0.0611141,0.283439,0.096449,0.0611141,2.35999,0.283439,0
9.78403,21.1459,7.99484,-0.0243235,2.19147,-0.133938,-0.29352,FGM,0.0611141,0.283439,0.096449,0.0611141,2.35999,0.283439,0
9.78862,21.1674,7.99442,-0.0250384,2.12086,-0.0408287,-0.0865922,FGM,0.0611141,0.283439,0.096449,0.0611141,2.35999,0.283439,0
9.79203,21.1674,7.99442,-0.0250384,2.12086,-0.0408287,-0.0865922,FGM,0.0611141,0.283439,0.096449,0.0611141,2.35999,0.283439,0
9.79603,21.1674,7.99442,-0.0250384,2.12086,-0.0408287,-0.0865922,FGM,0.0611141,0.283439,0.096449,0.0611141,2.35999,0.283439,0
9.80002,21.1884,7.99399,-0.0255692,2.06369,-0.0828863,-0.171052,FGM,0.0611141,0.283439,0.096449,0.0611141,2.35999,0.283439,0
9.80403,21.1884,7.99399,-0.0255692,2.06369,-0.0828863,-0.171052,FGM,0.0611141,0.283439,0.096449,0.0611141,2.35999,0.283439,0
9.80862,21.2088,7.99346,-0.0269084,2.01739,-0.194599,-0.392582,FGM,0.0611141,0.283439,0.096449,0.0611141,2.35999,0.283439,0
9.81203,21.2088,7.99346,-0.0269084,2.01739,-0.194599,-0.392582,FGM,0.0611141,0.283439,0.096449,0.0611141,2.35999,0.283439,0
9.81603,21.2088,7.99346,-0.0269084,2.01739,-0.194599,-0.392582,FGM,0.0611141,0.283439,0.096449,0.0611141,2.35999,0.283439,0
9.82002,21.2287,7.99281,-0.029218,1.9799,-0.241345,-0.477837,FGM,0.0611141,0.283439,0.096449,0.0611141,2.35999,0.283439,0
9.82403,21.2287,7.99281,-0.029218,1.9799,-0.241345,-0.477837,FGM,0.0611141,0.283439,0.096449,0.0611141,2.35999,0.283439,0
9.82861,21.2484,7.99209,-0.031697,1.94953,-0.271069,-0.528457,FGM,0,0.401664,0.0994659,0,2.35999,0.401664,0
9.83203,21.2484,7.99209,-0.031697,1.94953,-0.271069,-0.528457,FGM,0,0.401664,0.0994659,0,2.35999,0.401664,0
9.83603,21.2484,7.99209,-0.031697,1.94953,-0.271069,-0.528457,FGM,0,0.401664,0.0994659,0,2.35999,0.401664,0
9.84002,21.2683,7.99125,-0.0342789,2.03412,-0.239607,-0.487389,FGM,0,0.401664,0.0994659,0,2.35999,0.401664,0
9.84403,21.2683,7.99125,-0.0342789,2.03412,-0.239607,-0.487389,FGM,0,0.401664,0.0994659,0,2.35999,0.401664,0
9.84861,21.289,7.99032,-0.036487,2.11468,-0.206151,-0.435943,FGM,0,0.401664,0.0994659,0,2.35999,0.401664,0
9.85203,21.289,7.99032,-0.036487,2.11468,-0.206151,-0.435943,FGM,0,0.401664,0.0994659,0,2.35999,0.401664,0
9.85603,21.289,7.99032,-0.036487,2.11468,-0.206151,-0.435943,FGM,0,0.401664,0.0994659,0,2.35999,0.401664,0
9.86002,21.3105,7.98931,-0.0385606,2.19141,-0.219998,-0.482106,FGM,0,0.401664,0.0994659,0,2.35999,0.401664,0
9.86403,21.3105,7.98931,-0.0385606,2.19141,-0.219998,-0.482106,FGM,0,0.401664,0.0994659,0,2.35999,0.401664,0
9.86861,21.3327,7.98819,-0.0408688,2.26449,-0.229848,-0.520489,FGM,0,0.401664,0.0994659,0,2.35999,0.401664,0
9.87203,21.3327,7.98819,-0.0408688,2.26449,-0.229848,-0.520489,FGM,0,0.401664,0.0994659,0,2.35999,0.401664,0
9.87603,21.3327,7.98819,-0.0408688,2.26449,-0.229848,-0.520489,FGM,0,0.401664,0.0994659,0,2.35999,0.401664,0
9.88002,21.3557,7.98698,-0.0431833,2.3341,-0.244593,-0.570905,FGM,0.0385581,0.279412,0.105361,0.0385581,2.35999,0.279412,0
9.88403,21.3557,7.98698,-0.0431833,2.3341,-0.244593,-0.570905,FGM,0.0385581,0.279412,0.105361,0.0385581,2.35999,0.279412,0
9.88861,21.3786,7.98569,-0.0460177,2.25659,-0.293777,-0.662935,FGM,0.0385581,0.279412,0.105361,0.0385581,2.35999,0.279412,0
9.89203,21.3786,7.98569,-0.0460177,2.25659,-0.293777,-0.662935,FGM,0.0385581,0.279412,0.105361,0.0385581,2.35999,0.279412,0
9.89603,21.3786,7.98569,-0.0460177,2.25659,-0.293777,-0.662935,FGM,0.0385581,0.279412,0.105361,0.0385581,2.35999,0.279412,0
9.90002,21.4008,7.98439,-0.0490191,2.19383,-0.325531,-0.71416,FGM,0.0385581,0.279412,0.105361,0.0385581,2.35999,0.279412,0
9.90403,21.4008,7.98439,-0.0490191,2.19383,-0.325531,-0.71416,FGM,0.0385581,0.279412,0.105361,0.0385581,2.35999,0.279412,0
9.90861,21.4225,7.98303,-0.0524008,2.143,-0.328361,-0.703679,FGM,0.0385581,0.279412,0.105361,0.0385581,2.35999,0.279412,0
9.91203,21.4225,7.98303,-0.0524008,2.143,-0.328361,-0.703679,FGM,0.0385581,0.279412,0.105361,0.0385581,2.35999,0.279412,0
9.91603,21.4225,7.98303,-0.0524008,2.143,-0.328361,-0.703679,FGM,0.0385581,0.279412,0.105361,0.0385581,2.35999,0.279412,0
9.92002,21.4437,7.98168,-0.0552638,2.10184,-0.232096,-0.48783,FGM,0.0385581,0.279412,0.105361,0.0385581,2.35999,0.279412,0
9.92403,21.4437,7.98168,-0.0552638,2.10184,-0.232096,-0.48783,FGM,0.0385581,0.279412,0.105361,0.0385581,2.35999,0.279412,0
9.92865,21.4645,7.98041,-0.0568819,2.06851,-0.0851318,-0.176096,FGM,0.0639258,0.27206,0.176544,0.0639258,3.30242,0.27206,0
9.932,21.4645,7.98041,-0.0568819,2.06851,-0.0851318,-0.176096,FGM,0.0639258,0.27206,0.176544,0.0639258,3.30242,0.27206,0
9.93616,21.4645,7.98041,-0.0568819,2.06851,-0.0851318,-0.176096,FGM,0.0639258,0.27206,0.176544,0.0639258,3.30242,0.27206,0
9.94009,21.485,7.97925,-0.0569168,2.05013,0.0814242,0.16693,FGM,0.0639258,0.27206,0.176544,0.0639258,3.30242,0.27206,0
9.94414,21.485,7.97925,-0.0569168,2.05013,0.0814242,0.16693,FGM,0.0639258,0.27206,0.176544,0.0639258,3.30242,0.27206,0
9.9487,21.5054,7.97822,-0.0555339,2.03524,0.168021,0.341963,FGM,0.0639258,0.27206,0.176544,0.0639258,3.30242,0.27206,0
9.95214,21.5054,7.97822,-0.0555339,2.03524,0.168021,0.341963,FGM,0.0639258,0.27206,0.176544,0.0639258,3.30242,0.27206,0
9.95615,21.5054,7.97822,-0.0555339,2.03524,0.168021,0.341963,FGM,0.0639258,0.27206,0.176544,0.0639258,3.30242,0.27206,0
9.96014,21.5257,7.97728,-0.0536372,2.02318,0.224403,0.454007,FGM,0.0639258,0.27206,0.176544,0.0639258,3.30242,0.27206,0
9.96414,21.5257,7.97728,-0.0536372,2.02318,0.224403,0.454007,FGM,0.0639258,0.27206,0.176544,0.0639258,3.30242,0.27206,0
9.96874,21.5459,7.97644,-0.0511722,2.01342,0.24785,0.499025,FGM,0.0639258,0.27206,0.176544,0.0639258,3.30242,0.27206,0
9.97215,21.5459,7.97644,-0.0511722,2.01342,0.24785,0.499025,FGM,0.0639258,0.27206,0.176544,0.0639258,3.30242,0.27206,0
9.97615,21.5459,7.97644,-0.0511722,2.01342,0.24785,0.499025,FGM,0.0639258,0.27206,0.176544,0.0639258,3.30242,0.27206,0
9.98014,21.5659,7.97563,-0.0489758,2.00551,0.179617,0.360223,FGM,0.0569542,0.2834,0.190432,0.0569542,3.30242,0.2834,0
9.98415,21.5659,7.97563,-0.0489758,2.00551,0.179617,0.360223,FGM,0.0569542,0.2834,0.190432,0.0569542,3.30242,0.2834,0
9.9887,21.5859,7.97479,-0.0477477,1.99727,0.0592377,0.118314,FGM,0.0569542,0.2834,0.190432,0.0569542,3.30242,0.2834,0
9.99216,21.5859,7.97479,-0.0477477,1.99727,0.0592377,0.118314,FGM,0.0569542,0.2834,0.190432,0.0569542,3.30242,0.2834,0
9.99615,21.5859,7.97479,-0.0477477,1.99727,0.0592377,0.118314,FGM,0.0569542,0.2834,0.190432,0.0569542,3.30242,0.2834,0
9.99999,21.6059,7.97387,-0.0475817,1.9906,-0.00196577,-0.00391306,FGM,0.0569542,0.2834,0.190432,0.0569542,3.30242,0.2834,0
10.004,21.6059,7.97387,-0.0475817,1.9906,-0.00196577,-0.00391306,FGM,0.0569542,0.2834,0.190432,0.0569542,3.30242,0.2834,0
10.0086,21.6257,7.97293,-0.047745,1.98519,-0.0446619,-0.0886626,FGM,0.0569542,0.2834,0.190432,0.0569542,3.30242,0.2834,0
10.012,21.6257,7.97293,-0.047745,1.98519,-0.0446619,-0.0886626,FGM,0.0569542,0.2834,0.190432,0.0569542,3.30242,0.2834,0
10.016,21.6257,7.97293,-0.047745,1.98519,-0.0446619,-0.0886626,FGM,0.0569542,0.2834,0.190432,0.0569542,3.30242,0.2834,0
10.02,21.6455,7.97191,-0.0486705,1.98082,-0.148432,-0.294017,FGM,0.0569542,0.2834,0.190432,0.0569542,3.30242,0.2834,0
10.024,21.6455,7.97191,-0.0486705,1.98082,-0.148432,-0.294017,FGM,0.0569542,0.2834,0.190432,0.0569542,3.30242,0.2834,0
10.0286,21.6653,7.97078,-0.0505273,1.97728,-0.199994,-0.395444,FGM,0.0445109,0.269275,0.1734,0.0445109,3.30242,0.269275,0
10.032,21.6653,7.97078,-0.0505273,1.97728,-0.199994,-0.395444,FGM,0.0445109,0.269275,0.1734,0.0445109,3.30242,0.269275,0
10.036,21.6653,7.97078,-0.0505273,1.97728,-0.199994,-0.395444,FGM,0.0445109,0.269275,0.1734,0.0445109,3.30242,0.269275,0
10.04,21.685,7.96961,-0.0523448,1.97552,-0.150497,-0.29731,FGM,0.0445109,0.269275,0.1734,0.0445109,3.30242,0.269275,0
10.044,21.685,7.96961,-0.0523448,1.97552,-0.150497,-0.29731,FGM,0.0445109,0.269275,0.1734,0.0445109,3.30242,0.269275,0
10.0486,21.7047,7.96845,-0.0536467,1.97411,-0.129677,-0.255996,FGM,0.0445109,0.269275,0.1734,0.0445109,3.30242,0.269275,0
10.052,21.7047,7.96845,-0.0536467,1.97411,-0.129677,-0.255996,FGM,0.0445109,0.269275,0.1734,0.0445109,3.30242,0.269275,0
10.056,21.7047,7.96845,-0.0536467,1.97411,-0.129677,-0.255996,FGM,0.0445109,0.269275,0.1734,0.0445109,3.30242,0.269275,0
10.06,21.7244,7.96726,-0.0549252,1.97296,-0.110155,-0.217331,FGM,0.0445109,0.269275,0.1734,0.0445109,3.30242,0.269275,0
10.064,21.7244,7.96726,-0.0549252,1.97296,-0.110155,-0.217331,FGM,0.0445109,0.269275,0.1734,0.0445109,3.30242,0.269275,0
10.0686,21.7441,7.96609,-0.055625,1.97203,-0.0207082,-0.0408371,FGM,0.0445109,0.269275,0.1734,0.0445109,3.30242,0.269275,0
10.072,21.7441,7.96609,-0.055625,1.97203,-0.0207082,-0.0408371,FGM,0.0445109,0.269275,0.1734,0.0445109,3.30242,0.269275,0
10.0765,21.7441,7.96609,-0.055625,1.97203,-0.0207082,-0.0408371,FGM,0.0297251,0.28059,0.151305,0.0297251,1.50568,0.28059,0
10.0805,21.7638,7.96501,-0.0552106,1.97127,0.108837,0.214548,FGM,0.0297251,0.28059,0.151305,0.0297251,1.50568,0.28059,0
10.0845,21.7638,7.96501,-0.0552106,1.97127,0.108837,0.214548,FGM,0.0297251,0.28059,0.151305,0.0297251,1.50568,0.28059,0
10.0893,21.7834,7.96406,-0.0536473,1.96307,0.178596,0.350597,FGM,0.0297251,0.28059,0.151305,0.0297251,1.50568,0.28059,0
10.0925,21.7834,7.96406,-0.0536473,1.96307,0.178596,0.350597,FGM,0.0297251,0.28059,0.151305,0.0297251,1.50568,0.28059,0
10.0965,21.7834,7.96406,-0.0536473,1.96307,0.178596,0.350597,FGM,0.0297251,0.28059,0.151305,0.0297251,1.50568,0.28059,0
10.1005,21.803,7.96316,-0.0519947,1.95642,0.13769,0.26938,FGM,0.0297251,0.28059,0.151305,0.0297251,1.50568,0.28059,0
10.1045,21.803,7.96316,-0.0519947,1.95642,0.13769,0.26938,FGM,0.0297251,0.28059,0.151305,0.0297251,1.50568,0.28059,0
10.1093,21.8225,7.96223,-0.0510921,1.95104,0.0348342,0.067963,FGM,0.0297251,0.28059,0.151305,0.0297251,1.50568,0.28059,0
10.1125,21.8225,7.96223,-0.0510921,1.95104,0.0348342,0.067963,FGM,0.0297251,0.28059,0.151305,0.0297251,1.50568,0.28059,0
10.1165,21.8225,7.96223,-0.0510921,1.95104,0.0348342,0.067963,FGM,0.0297251,0.28059,0.151305,0.0297251,1.50568,0.28059,0
10.1205,21.842,7.96122,-0.0514079,1.94669,-0.102517,-0.199569,FGM,0.0297251,0.28059,0.151305,0.0297251,1.50568,0.28059,0
10.1245,21.842,7.96122,-0.0514079,1.94669,-0.102517,-0.199569,FGM,0.0297251,0.28059,0.151305,0.0297251,1.50568,0.28059,0
10.1293,21.8614,7.96009,-0.0529072,1.94316,-0.172474,-0.335145,FGM,0.0446212,0.264531,0.160304,0.0446212,1.50568,0.264531,0
10.1325,21.8614,7.96009,-0.0529072,1.94316,-0.172474,-0.335145,FGM,0.0446212,0.264531,0.160304,0.0446212,1.50568,0.264531,0
10.1365,21.8614,7.96009,-0.0529072,1.94316,-0.172474,-0.335145,FGM,0.0446212,0.264531,0.160304,0.0446212,1.50568,0.264531,0
10.1405,21.8808,7.95891,-0.0545066,1.94208,-0.133485,-0.259239,FGM,0.0446212,0.264531,0.160304,0.0446212,1.50568,0.264531,0
10.144,21.8808,7.95891,-0.0545066,1.94208,-0.133485,-0.259239,FGM,0.0446212,0.264531,0.160304,0.0446212,1.50568,0.264531,0
10.1486,21.9002,7.95773,-0.0556731,1.94122,-0.11902,-0.231044,FGM,0.0446212,0.264531,0.160304,0.0446212,1.50568,0.264531,0
10.152,21.9002,7.95773,-0.0556731,1.94122,-0.11902,-0.231044,FGM,0.0446212,0.264531,0.160304,0.0446212,1.50568,0.264531,0
10.156,21.9002,7.95773,-0.0556731,1.94122,-0.11902,-0.231044,FGM,0.0446212,0.264531,0.160304,0.0446212,1.50568,0.264531,0
10.16,21.9196,7.95653,-0.056865,1.94051,-0.103163,-0.200189,FGM,0.0446212,0.264531,0.160304,0.0446212,1.50568,0.264531,0
10.164,21.9196,7.95653,-0.056865,1.94051,-0.103163,-0.200189,FGM,0.0446212,0.264531,0.160304,0.0446212,1.50568,0.264531,0
10.1686,21.9389,7.95535,-0.0575087,1.93994,-0.0163644,-0.0317461,FGM,0.0446212,0.264531,0.160304,0.0446212,1.50568,0.264531,0
10.172,21.9389,7.95535,-0.0575087,1.93994,-0.0163644,-0.0317461,FGM,0.0446212,0.264531,0.160304,0.0446212,1.50568,0.264531,0
10.176,21.9389,7.95535,-0.0575087,1.93994,-0.0163644,-0.0317461,FGM,0.0446212,0.264531,0.160304,0.0446212,1.50568,0.264531,0
10.18,21.9583,7.95426,-0.0570627,1.93948,0.110825,0.214944,FGM,0.0291009,0.275614,0.152775,0.0291009,1.50568,0.275614,0
10.184,21.9583,7.95426,-0.0570627,1.93948,0.110825,0.214944,FGM,0.0291009,0.275614,0.152775,0.0291009,1.50568,0.275614,0
10.1886,21.9776,7.95329,-0.0554819,1.92821,0.179717,0.346532,FGM,0.0291009,0.275614,0.152775,0.0291009,1.50568,0.275614,0
10.1921,21.9776,7.95329,-0.0554819,1.92821,0.179717,0.346532,FGM,0.0291009,0.275614,0.152775,0.0291009,1.50568,0.275614,0
10.1961,21.9776,7.95329,-0.0554819,1.92821,0.179717,0.346532,FGM,0.0291009,0.275614,0.152775,0.0291009,1.50568,0.275614,0
10.2,21.9968,7.95237,-0.0538267,1.91909,0.1371,0.263107,FGM,0.0291009,0.275614,0.152775,0.0291009,1.50568,0.275614,0
10.2041,21.9968,7.95237,-0.0538267,1.91909,0.1371,0.263107,FGM,0.0291009,0.275614,0.152775,0.0291009,1.50568,0.275614,0
10.2086,22.016,7.95143,-0.0529355,1.9117,0.0332719,0.0636058,FGM,0.0291009,0.275614,0.152775,0.0291009,1.50568,0.275614,0
10.2121,22.016,7.95143,-0.0529355,1.9117,0.0332719,0.0636058,FGM,0.0291009,0.275614,0.152775,0.0291009,1.50568,0.275614,0
10.2161,22.016,7.95143,-0.0529355,1.9117,0.0332719,0.0636058,FGM,0.0291009,0.275614,0.152775,0.0291009,1.50568,0.275614,0
10.22,22.035,7.9504,-0.0532667,1.90571,-0.103858,-0.197924,FGM,0.0291009,0.275614,0.152775,0.0291009,1.50568,0.275614,0
10.224,22.035,7.9504,-0.0532667,1.90571,-0.103858,-0.197924,FGM,0.0291009,0.275614,0.152775,0.0291009,1.50568,0.275614,0
10.2286,22.054,7.94926,-0.0547726,1.90087,-0.172277,-0.327476,FGM,0.0221574,0.261266,0.147971,0.0221574,1.50568,0.261266,0
10.232,22.054,7.94926,-0.0547726,1.90087,-0.172277,-0.327476,FGM,0.0221574,0.261266,0.147971,0.0221574,1.50568,0.261266,0
10.236,22.054,7.94926,-0.0547726,1.90087,-0.172277,-0.327476,FGM,0.0221574,0.261266,0.147971,0.0221574,1.50568,0.261266,0
10.24,22.0729,7.94807,-0.056365,1.89368,-0.131946,-0.249864,FGM,0.0221574,0.261266,0.147971,0.0221574,1.50568,0.261266,0
10.244,22.0729,7.94807,-0.056365,1.89368,-0.131946,-0.249864,FGM,0.0221574,0.261266,0.147971,0.0221574,1.50568,0.261266,0
10.2486,22.0918,7.94689,-0.0575127,1.88785,-0.117286,-0.22142,FGM,0.0221574,0.261266,0.147971,0.0221574,1.50568,0.261266,0
10.252,22.0918,7.94689,-0.0575127,1.88785,-0.117286,-0.22142,FGM,0.0221574,0.261266,0.147971,0.0221574,1.50568,0.261266,0
10.256,22.0918,7.94689,-0.0575127,1.88785,-0.117286,-0.22142,FGM,0.0221574,0.261266,0.147971,0.0221574,1.50568,0.261266,0
10.26,22.1106,7.94568,-0.058686,1.88314,-0.1009,-0.190009,FGM,0.0221574,0.261266,0.147971,0.0221574,1.50568,0.261266,0
10.264,22.1106,7.94568,-0.058686,1.88314,-0.1009,-0.190009,FGM,0.0221574,0.261266,0.147971,0.0221574,1.50568,0.261266,0
10.2686,22.1294,7.9445,-0.0593037,1.87932,-0.0134991,-0.0253692,FGM,0.0221574,0.261266,0.147971,0.0221574,1.50568,0.261266,0
10.272,22.1294,7.9445,-0.0593037,1.87932,-0.0134991,-0.0253692,FGM,0.0221574,0.261266,0.147971,0.0221574,1.50568,0.261266,0
10.276,22.1294,7.9445,-0.0593037,1.87932,-0.0134991,-0.0253692,FGM,0.0221574,0.261266,0.147971,0.0221574,1.50568,0.261266,0
10.28,22.1482,7.94341,-0.0588315,1.87623,0.11302,0.212052,FGM,0.0132804,0.272021,0.0876774,0.0132804,2.77791,0.272021,0
10.284,22.1482,7.94341,-0.0588315,1.87623,0.11302,0.212052,FGM,0.0132804,0.272021,0.0876774,0.0132804,2.77791,0.272021,0
10.2886,22.1669,7.94244,-0.0572712,1.87514,0.174905,0.32797,FGM,0.0132804,0.272021,0.0876774,0.0132804,2.77791,0.272021,0
10.292,22.1669,7.94244,-0.0572712,1.87514,0.174905,0.32797,FGM,0.0132804,0.272021,0.0876774,0.0132804,2.77791,0.272021,0
10.296,22.1669,7.94244,-0.0572712,1.87514,0.174905,0.32797,FGM,0.0132804,0.272021,0.0876774,0.0132804,2.77791,0.272021,0
10.3,22.1856,7.94152,-0.0556674,1.87425,0.132397,0.248145,FGM,0.0132804,0.272021,0.0876774,0.0132804,2.77791,0.272021,0
10.304,22.1856,7.94152,-0.0556674,1.87425,0.132397,0.248145,FGM,0.0132804,0.272021,0.0876774,0.0132804,2.77791,0.272021,0
10.3086,22.2043,7.94057,-0.0548095,1.87353,0.0316731,0.0593406,FGM,0.0132804,0.272021,0.0876774,0.0132804,2.77791,0.272021,0
10.312,22.2043,7.94057,-0.0548095,1.87353,0.0316731,0.0593406,FGM,0.0132804,0.272021,0.0876774,0.0132804,2.77791,0.272021,0
10.316,22.2043,7.94057,-0.0548095,1.87353,0.0316731,0.0593406,FGM,0.0132804,0.272021,0.0876774,0.0132804,2.77791,0.272021,0
10.32,22.223,7.93953,-0.055138,1.87295,-0.101591,-0.190276,FGM,0.0132804,0.272021,0.0876774,0.0132804,2.77791,0.272021,0
10.324,22.223,7.93953,-0.055138,1.87295,-0.101591,-0.190276,FGM,0.0132804,0.272021,0.0876774,0.0132804,2.77791,0.272021,0
10.3286,22.2417,7.93837,-0.0566098,1.87248,-0.168195,-0.314941,FGM,0.0128233,0.259282,0.0837431,0.0128233,2.77791,0.259282,0
10.332,22.2417,7.93837,-0.0566098,1.87248,-0.168195,-0.314941,FGM,0.0128233,0.259282,0.0837431,0.0128233,2.77791,0.259282,0
10.336,22.2417,7.93837,-0.0566098,1.87248,-0.168195,-0.314941,FGM,0.0128233,0.259282,0.0837431,0.0128233,2.77791,0.259282,0
10.3401,22.2604,7.93717,-0.0581632,1.86979,-0.128579,-0.240415,FGM,0.0128233,0.259282,0.0837431,0.0128233,2.77791,0.259282,0
10.3441,22.2604,7.93717,-0.0581632,1.86979,-0.128579,-0.240415,FGM,0.0128233,0.259282,0.0837431,0.0128233,2.77791,0.259282,0
10.3486,22.279,7.93596,-0.0592817,1.86761,-0.114533,-0.213904,FGM,0.0128233,0.259282,0.0837431,0.0128233,2.77791,0.259282,0
10.3521,22.279,7.93596,-0.0592817,1.86761,-0.114533,-0.213904,FGM,0.0128233,0.259282,0.0837431,0.0128233,2.77791,0.259282,0
10.356,22.279,7.93596,-0.0592817,1.86761,-0.114533,-0.213904,FGM,0.0128233,0.259282,0.0837431,0.0128233,2.77791,0.259282,0
10.36,22.2977,7.93474,-0.0604296,1.86585,-0.0987489,-0.18425,FGM,0.0128233,0.259282,0.0837431,0.0128233,2.77791,0.259282,0
10.364,22.2977,7.93474,-0.0604296,1.86585,-0.0987489,-0.18425,FGM,0.0128233,0.259282,0.0837431,0.0128233,2.77791,0.259282,0
10.3686,22.3163,7.93353,-0.0610321,1.86442,-0.0127172,-0.0237101,FGM,0.0128233,0.259282,0.0837431,0.0128233,2.77791,0.259282,0
10.372,22.3163,7.93353,-0.0610321,1.86442,-0.0127172,-0.0237101,FGM,0.0128233,0.259282,0.0837431,0.0128233,2.77791,0.259282,0
10.376,22.3163,7.93353,-0.0610321,1.86442,-0.0127172,-0.0237101,FGM,0.0128233,0.259282,0.0837431,0.0128233,2.77791,0.259282,0
10.38,22.3349,7.93242,-0.0605595,1.86326,0.112281,0.209209,FGM,0.0501494,0.260118,0.0884494,0.0501494,2.77791,0.260118,0
10.3841,22.3349,7.93242,-0.0605595,1.86326,0.112281,0.209209,FGM,0.0501494,0.260118,0.0884494,0.0501494,2.77791,0.260118,0
10.3886,22.3535,7.93143,-0.058994,1.85687,0.175883,0.326592,FGM,0.0501494,0.260118,0.0884494,0.0501494,2.77791,0.260118,0
10.392,22.3535,7.93143,-0.058994,1.85687,0.175883,0.326592,FGM,0.0501494,0.260118,0.0884494,0.0501494,2.77791,0.260118,0
10.3961,22.3535,7.93143,-0.058994,1.85687,0.175883,0.326592,FGM,0.0501494,0.260118,0.0884494,0.0501494,2.77791,0.260118,0
10.4,22.372,7.93048,-0.0573849,1.8517,0.132262,0.244908,FGM,0.0501494,0.260118,0.0884494,0.0501494,2.77791,0.260118,0
10.4041,22.372,7.93048,-0.0573849,1.8517,0.132262,0.244908,FGM,0.0501494,0.260118,0.0884494,0.0501494,2.77791,0.260118,0
10.4086,22.3904,7.92951,-0.0565351,1.84751,0.0302055,0.0558048,FGM,0.0501494,0.260118,0.0884494,0.0501494,2.77791,0.260118,0
10.412,22.3904,7.92951,-0.0565351,1.84751,0.0302055,0.0558048,FGM,0.0501494,0.260118,0.0884494,0.0501494,2.77791,0.260118,0
10.4161,22.3904,7.92951,-0.0565351,1.84751,0.0302055,0.0558048,FGM,0.0501494,0.260118,0.0884494,0.0501494,2.77791,0.260118,0
10.4201,22.4089,7.92846,-0.0568814,1.84411,-0.103585,-0.191022,FGM,0.0501494,0.260118,0.0884494,0.0501494,2.77791,0.260118,0
10.424,22.4089,7.92846,-0.0568814,1.84411,-0.103585,-0.191022,FGM,0.0501494,0.260118,0.0884494,0.0501494,2.77791,0.260118,0
10.4286,22.4273,7.92728,-0.058369,1.84137,-0.169088,-0.311354,FGM,0.0441747,0.254771,0.0804423,0.0441747,2.77791,0.254771,0
10.4321,22.4273,7.92728,-0.058369,1.84137,-0.169088,-0.311354,FGM,0.0441747,0.254771,0.0804423,0.0441747,2.77791,0.254771,0
10.4361,22.4273,7.92728,-0.058369,1.84137,-0.169088,-0.311354,FGM,0.0441747,0.254771,0.0804423,0.0441747,2.77791,0.254771,0
10.4401,22.4456,7.92606,-0.0599221,1.84001,-0.127945,-0.23542,FGM,0.0441747,0.254771,0.0804423,0.0441747,2.77791,0.254771,0
10.4441,22.4456,7.92606,-0.0599221,1.84001,-0.127945,-0.23542,FGM,0.0441747,0.254771,0.0804423,0.0441747,2.77791,0.254771,0
10.4486,22.464,7.92484,-0.0610315,1.83891,-0.113368,-0.208473,FGM,0.0441747,0.254771,0.0804423,0.0441747,2.77791,0.254771,0
10.4521,22.464,7.92484,-0.0610315,1.83891,-0.113368,-0.208473,FGM,0.0441747,0.254771,0.0804423,0.0441747,2.77791,0.254771,0
10.4561,22.464,7.92484,-0.0610315,1.83891,-0.113368,-0.208473,FGM,0.0441747,0.254771,0.0804423,0.0441747,2.77791,0.254771,0
10.46,22.4823,7.92359,-0.062166,1.83802,-0.0973393,-0.178911,FGM,0.0441747,0.254771,0.0804423,0.0441747,2.77791,0.254771,0
10.4641,22.4823,7.92359,-0.062166,1.83802,-0.0973393,-0.178911,FGM,0.0441747,0.254771,0.0804423,0.0441747,2.77791,0.254771,0
10.4686,22.5007,7.92237,-0.0627564,1.8373,-0.0117953,-0.0216714,FGM,0.0441747,0.254771,0.0804423,0.0441747,2.77791,0.254771,0
10.4721,22.5007,7.92237,-0.0627564,1.8373,-0.0117953,-0.0216714,FGM,0.0441747,0.254771,0.0804423,0.0441747,2.77791,0.254771,0
10.476,22.5007,7.92237,-0.0627564,1.8373,-0.0117953,-0.0216714,FGM,0.0441747,0.254771,0.0804423,0.0441747,2.77791,0.254771,0
10.4801,22.519,7.92124,-0.0622795,1.83671,0.112122,0.205936,FGM,0.0338127,0.252155,0.0953625,0.0338127,3.5527,0.252155,0
10.4841,22.519,7.92124,-0.0622795,1.83671,0.112122,0.205936,FGM,0.0338127,0.252155,0.0953625,0.0338127,3.5527,0.252155,0
10.4886,22.5373,7.92024,-0.0607085,1.82561,0.176409,0.322055,FGM,0.0338127,0.252155,0.0953625,0.0338127,3.5527,0.252155,0
10.492,22.5373,7.92024,-0.0607085,1.82561,0.176409,0.322055,FGM,0.0338127,0.252155,0.0953625,0.0338127,3.5527,0.252155,0
10.496,22.5373,7.92024,-0.0607085,1.82561,0.176409,0.322055,FGM,0.0338127,0.252155,0.0953625,0.0338127,3.5527,0.252155,0
10.5,22.5555,7.91928,-0.0591007,1.81662,0.131344,0.238602,FGM,0.0338127,0.252155,0.0953625,0.0338127,3.5527,0.252155,0
10.504,22.5555,7.91928,-0.0591007,1.81662,0.131344,0.238602,FGM,0.0338127,0.252155,0.0953625,0.0338127,3.5527,0.252155,0
10.5086,22.5736,7.9183,-0.0582662,1.80935,0.0281824,0.0509918,FGM,0.0338127,0.252155,0.0953625,0.0338127,3.5527,0.252155,0
10.512,22.5736,7.9183,-0.0582662,1.80935,0.0281824,0.0509918,FGM,0.0338127,0.252155,0.0953625,0.0338127,3.5527,0.252155,0
10.516,22.5736,7.9183,-0.0582662,1.80935,0.0281824,0.0509918,FGM,0.0338127,0.252155,0.0953625,0.0338127,3.5527,0.252155,0
10.52,22.5916,7.91723,-0.0586331,1.80345,-0.105538,-0.190333,FGM,0.0338127,0.252155,0.0953625,0.0338127,3.5527,0.252155,0
10.524,22.5916,7.91723,-0.0586331,1.80345,-0.105538,-0.190333,FGM,0.0338127,0.252155,0.0953625,0.0338127,3.5527,0.252155,0
10.5286,22.6096,7.91605,-0.060133,1.79868,-0.169329,-0.304569,FGM,0.0319454,0.255415,0.103719,0.0319454,3.5527,0.255415,0
10.532,22.6096,7.91605,-0.060133,1.79868,-0.169329,-0.304569,FGM,0.0319454,0.255415,0.103719,0.0319454,3.5527,0.255415,0
10.536,22.6096,7.91605,-0.060133,1.79868,-0.169329,-0.304569,FGM,0.0319454,0.255415,0.103719,0.0319454,3.5527,0.255415,0
10.54,22.6275,7.91481,-0.0616781,1.799,-0.126494,-0.227562,FGM,0.0319454,0.255415,0.103719,0.0319454,3.5527,0.255415,0
10.544,22.6275,7.91481,-0.0616781,1.799,-0.126494,-0.227562,FGM,0.0319454,0.255415,0.103719,0.0319454,3.5527,0.255415,0
10.5486,22.6455,7.91359,-0.0627704,1.7993,-0.111445,-0.200523,FGM,0.0319454,0.255415,0.103719,0.0319454,3.5527,0.255415,0
10.552,22.6455,7.91359,-0.0627704,1.7993,-0.111445,-0.200523,FGM,0.0319454,0.255415,0.103719,0.0319454,3.5527,0.255415,0
10.556,22.6455,7.91359,-0.0627704,1.7993,-0.111445,-0.200523,FGM,0.0319454,0.255415,0.103719,0.0319454,3.5527,0.255415,0
10.56,22.6634,7.91233,-0.0638841,1.79959,-0.0952202,-0.171358,FGM,0.0319454,0.255415,0.103719,0.0319454,3.5527,0.255415,0
10.564,22.6634,7.91233,-0.0638841,1.79959,-0.0952202,-0.171358,FGM,0.0319454,0.255415,0.103719,0.0319454,3.5527,0.255415,0
10.5686,22.6814,7.91111,-0.0644564,1.79987,-0.0104446,-0.0187989,FGM,0.0319454,0.255415,0.103719,0.0319454,3.5527,0.255415,0
10.5721,22.6814,7.91111,-0.0644564,1.79987,-0.0104446,-0.0187989,FGM,0.0319454,0.255415,0.103719,0.0319454,3.5527,0.255415,0
10.576,22.6814,7.91111,-0.0644564,1.79987,-0.0104446,-0.0187989,FGM,0.0319454,0.255415,0.103719,0.0319454,3.5527,0.255415,0
10.58,22.6993,7.90997,-0.0639733,1.80013,0.111894,0.201424,FGM,0.0218551,0.246438,0.0958533,0.0218551,3.5527,0.246438,0
10.584,22.6993,7.90997,-0.0639733,1.80013,0.111894,0.201424,FGM,0.0218551,0.246438,0.0958533,0.0218551,3.5527,0.246438,0
10.5886,22.7173,7.90895,-0.0624297,1.79644,0.172202,0.309351,FGM,0.0218551,0.246438,0.0958533,0.0218551,3.5527,0.246438,0
10.592,22.7173,7.90895,-0.0624297,1.79644,0.172202,0.309351,FGM,0.0218551,0.246438,0.0958533,0.0218551,3.5527,0.246438,0
10.596,22.7173,7.90895,-0.0624297,1.79644,0.172202,0.309351,FGM,0.0218551,0.246438,0.0958533,0.0218551,3.5527,0.246438,0
10.6,22.7352,7.90798,-0.0608625,1.79346,0.127916,0.229411,FGM,0.0218551,0.246438,0.0958533,0.0218551,3.5527,0.246438,0
10.604,22.7352,7.90798,-0.0608625,1.79346,0.127916,0.229411,FGM,0.0218551,0.246438,0.0958533,0.0218551,3.5527,0.246438,0
10.6086,22.7531,7.90698,-0.0600507,1.79104,0.0272348,0.0487785,FGM,0.0218551,0.246438,0.0958533,0.0218551,3.5527,0.246438,0
10.612,22.7531,7.90698,-0.0600507,1.79104,0.0272348,0.0487785,FGM,0.0218551,0.246438,0.0958533,0.0218551,3.5527,0.246438,0
10.6161,22.7531,7.90698,-0.0600507,1.79104,0.0272348,0.0487785,FGM,0.0218551,0.246438,0.0958533,0.0218551,3.5527,0.246438,0
10.62,22.771,7.90589,-0.0604143,1.78908,-0.103853,-0.185802,FGM,0.0218551,0.246438,0.0958533,0.0218551,3.5527,0.246438,0
10.624,22.771,7.90589,-0.0604143,1.78908,-0.103853,-0.185802,FGM,0.0218551,0.246438,0.0958533,0.0218551,3.5527,0.246438,0
10.6286,22.7888,7.90468,-0.0618908,1.78749,-0.166715,-0.298002,FGM,0.0379929,0.246324,0.131334,0.0379929,2.03619,0.246324,0
10.632,22.7888,7.90468,-0.0618908,1.78749,-0.166715,-0.298002,FGM,0.0379929,0.246324,0.131334,0.0379929,2.03619,0.246324,0
10.636,22.7888,7.90468,-0.0618908,1.78749,-0.166715,-0.298002,FGM,0.0379929,0.246324,0.131334,0.0379929,2.03619,0.246324,0
10.64,22.8066,7.90343,-0.0634159,1.78294,-0.124633,-0.222214,FGM,0.0379929,0.246324,0.131334,0.0379929,2.03619,0.246324,0
10.644,22.8066,7.90343,-0.0634159,1.78294,-0.124633,-0.222214,FGM,0.0379929,0.246324,0.131334,0.0379929,2.03619,0.246324,0
10.6486,22.8244,7.90219,-0.0644915,1.77926,-0.110241,-0.196148,FGM,0.0379929,0.246324,0.131334,0.0379929,2.03619,0.246324,0
10.652,22.8244,7.90219,-0.0644915,1.77926,-0.110241,-0.196148,FGM,0.0379929,0.246324,0.131334,0.0379929,2.03619,0.246324,0
10.656,22.8244,7.90219,-0.0644915,1.77926,-0.110241,-0.196148,FGM,0.0379929,0.246324,0.131334,0.0379929,2.03619,0.246324,0
10.66,22.8421,7.90092,-0.0655948,1.77627,-0.094048,-0.167055,FGM,0.0379929,0.246324,0.131334,0.0379929,2.03619,0.246324,0
10.664,22.8421,7.90092,-0.0655948,1.77627,-0.094048,-0.167055,FGM,0.0379929,0.246324,0.131334,0.0379929,2.03619,0.246324,0
10.6686,22.8598,7.89968,-0.066153,1.77386,-0.00877526,-0.0155661,FGM,0.0379929,0.246324,0.131334,0.0379929,2.03619,0.246324,0
10.672,22.8598,7.89968,-0.066153,1.77386,-0.00877526,-0.0155661,FGM,0.0379929,0.246324,0.131334,0.0379929,2.03619,0.246324,0
10.676,22.8598,7.89968,-0.066153,1.77386,-0.00877526,-0.0155661,FGM,0.0379929,0.246324,0.131334,0.0379929,2.03619,0.246324,0
10.68,22.8775,7.89853,-0.0656529,1.7719,0.113537,0.201177,FGM,0.247282,0.289513,0.12737,0.247282,2.03619,0.289513,0
10.684,22.8775,7.89853,-0.0656529,1.7719,0.113537,0.201177,FGM,0.247282,0.289513,0.12737,0.247282,2.03619,0.289513,0
10.6886,22.8952,7.8975,-0.064081,1.75939,0.174964,0.307829,FGM,0.247282,0.289513,0.12737,0.247282,2.03619,0.289513,0
10.692,22.8952,7.8975,-0.064081,1.75939,0.174964,0.307829,FGM,0.247282,0.289513,0.12737,0.247282,2.03619,0.289513,0
10.696,22.8952,7.8975,-0.064081,1.75939,0.174964,0.307829,FGM,0.247282,0.289513,0.12737,0.247282,2.03619,0.289513,0
10.7,22.9127,7.89653,-0.0624989,1.74926,0.127887,0.223708,FGM,0.247282,0.289513,0.12737,0.247282,2.03619,0.289513,0
10.7041,22.9127,7.89653,-0.0624989,1.74926,0.127887,0.223708,FGM,0.247282,0.289513,0.12737,0.247282,2.03619,0.289513,0
10.7086,22.9301,7.89553,-0.0617003,1.74105,0.024775,0.0431345,FGM,0.247282,0.289513,0.12737,0.247282,2.03619,0.289513,0
10.712,22.9301,7.89553,-0.0617003,1.74105,0.024775,0.0431345,FGM,0.247282,0.289513,0.12737,0.247282,2.03619,0.289513,0
10.716,22.9301,7.89553,-0.0617003,1.74105,0.024775,0.0431345,FGM,0.247282,0.289513,0.12737,0.247282,2.03619,0.289513,0
10.72,22.9474,7.89444,-0.0620925,1.7344,-0.106899,-0.185406,FGM,0.247282,0.289513,0.12737,0.247282,2.03619,0.289513,0
10.724,22.9474,7.89444,-0.0620925,1.7344,-0.106899,-0.185406,FGM,0.247282,0.289513,0.12737,0.247282,2.03619,0.289513,0
10.7286,22.9647,7.89321,-0.0638819,1.72902,-0.252924,-0.437312,FGM,0.0173396,0.241912,0.134853,0.0173396,2.03619,0.241912,0
10.732,22.9647,7.89321,-0.0638819,1.72902,-0.252924,-0.437312,FGM,0.0173396,0.241912,0.134853,0.0173396,2.03619,0.241912,0
10.736,22.9647,7.89321,-0.0638819,1.72902,-0.252924,-0.437312,FGM,0.0173396,0.241912,0.134853,0.0173396,2.03619,0.241912,0
10.74,22.9818,7.8918,-0.0672471,1.70801,-0.419806,-0.717035,FGM,0.0173396,0.241912,0.134853,0.0173396,2.03619,0.241912,0
10.744,22.9818,7.8918,-0.0672471,1.70801,-0.419806,-0.717035,FGM,0.0173396,0.241912,0.134853,0.0173396,2.03619,0.241912,0
10.7486,22.9988,7.8902,-0.0719449,1.691,-0.491362,-0.830893,FGM,0.0173396,0.241912,0.134853,0.0173396,2.03619,0.241912,0
10.752,22.9988,7.8902,-0.0719449,1.691,-0.491362,-0.830893,FGM,0.0173396,0.241912,0.134853,0.0173396,2.03619,0.241912,0
10.756,22.9988,7.8902,-0.0719449,1.691,-0.491362,-0.830893,FGM,0.0173396,0.241912,0.134853,0.0173396,2.03619,0.241912,0
10.76,23.0155,7.88849,-0.0766999,1.67722,-0.445453,-0.747124,FGM,0.0173396,0.241912,0.134853,0.0173396,2.03619,0.241912,0
10.764,23.0155,7.88849,-0.0766999,1.67722,-0.445453,-0.747124,FGM,0.0173396,0.241912,0.134853,0.0173396,2.03619,0.241912,0
10.7686,23.0321,7.88676,-0.0806708,1.66607,-0.341765,-0.569403,FGM,0.0173396,0.241912,0.134853,0.0173396,2.03619,0.241912,0
10.772,23.0321,7.88676,-0.0806708,1.66607,-0.341765,-0.569403,FGM,0.0173396,0.241912,0.134853,0.0173396,2.03619,0.241912,0
10.7761,23.0321,7.88676,-0.0806708,1.66607,-0.341765,-0.569403,FGM,0.0173396,0.241912,0.134853,0.0173396,2.03619,0.241912,0
10.7801,23.0487,7.88506,-0.0834487,1.65703,-0.210452,-0.348726,FGM,0.0381735,0.248455,0.134126,0.0381735,1.92887,0.248455,0
10.7841,23.0487,7.88506,-0.0834487,1.65703,-0.210452,-0.348726,FGM,0.0381735,0.248455,0.134126,0.0381735,1.92887,0.248455,0
10.7886,23.065,7.88347,-0.0848064,1.6337,-0.0594745,-0.0971632,FGM,0.0381735,0.248455,0.134126,0.0381735,1.92887,0.248455,0
10.792,23.065,7.88347,-0.0848064,1.6337,-0.0594745,-0.0971632,FGM,0.0381735,0.248455,0.134126,0.0381735,1.92887,0.248455,0
10.7961,23.065,7.88347,-0.0848064,1.6337,-0.0594745,-0.0971632,FGM,0.0381735,0.248455,0.134126,0.0381735,1.92887,0.248455,0
10.8,23.0812,7.88203,-0.0846358,1.6148,0.0941719,0.152069,FGM,0.0381735,0.248455,0.134126,0.0381735,1.92887,0.248455,0
10.8041,23.0812,7.88203,-0.0846358,1.6148,0.0941719,0.152069,FGM,0.0381735,0.248455,0.134126,0.0381735,1.92887,0.248455,0
10.8086,23.0972,7.88078,-0.0829334,1.5995,0.246512,0.394295,FGM,0.0381735,0.248455,0.134126,0.0381735,1.92887,0.248455,0
10.8121,23.0972,7.88078,-0.0829334,1.5995,0.246512,0.394295,FGM,0.0381735,0.248455,0.134126,0.0381735,1.92887,0.248455,0
10.8161,23.0972,7.88078,-0.0829334,1.5995,0.246512,0.394295,FGM,0.0381735,0.248455,0.134126,0.0381735,1.92887,0.248455,0
10.8201,23.1131,7.87971,-0.0800139,1.58711,0.309931,0.491893,FGM,0.0381735,0.248455,0.134126,0.0381735,1.92887,0.248455,0
10.8241,23.1131,7.87971,-0.0800139,1.58711,0.309931,0.491893,FGM,0.0381735,0.248455,0.134126,0.0381735,1.92887,0.248455,0
10.8286,23.1289,7.87876,-0.076789,1.57707,0.349006,0.550406,FGM,0.134288,0.2865,0.135054,0.134288,1.92887,0.2865,0
10.8321,23.1289,7.87876,-0.076789,1.57707,0.349006,0.550406,FGM,0.134288,0.2865,0.135054,0.134288,1.92887,0.2865,0
10.8361,23.1289,7.87876,-0.076789,1.57707,0.349006,0.550406,FGM,0.134288,0.2865,0.135054,0.134288,1.92887,0.2865,0
10.8401,23.1446,7.87794,-0.0731381,1.56134,0.359733,0.561667,FGM,0.134288,0.2865,0.135054,0.134288,1.92887,0.2865,0
10.8441,23.1446,7.87794,-0.0731381,1.56134,0.359733,0.561667,FGM,0.134288,0.2865,0.135054,0.134288,1.92887,0.2865,0
10.8487,23.1601,7.87718,-0.0698593,1.54861,0.285914,0.442768,FGM,0.134288,0.2865,0.135054,0.134288,1.92887,0.2865,0
10.8521,23.1601,7.87718,-0.0698593,1.54861,0.285914,0.442768,FGM,0.134288,0.2865,0.135054,0.134288,1.92887,0.2865,0
10.8561,23.1601,7.87718,-0.0698593,1.54861,0.285914,0.442768,FGM,0.134288,0.2865,0.135054,0.134288,1.92887,0.2865,0
10.8601,23.1756,7.8764,-0.0675407,1.53829,0.173118,0.266306,FGM,0.134288,0.2865,0.135054,0.134288,1.92887,0.2865,0
10.8641,23.1756,7.8764,-0.0675407,1.53829,0.173118,0.266306,FGM,0.134288,0.2865,0.135054,0.134288,1.92887,0.2865,0
10.8686,23.1909,7.87556,-0.0664492,1.52994,0.0430117,0.0658054,FGM,0.134288,0.2865,0.135054,0.134288,1.92887,0.2865,0
10.8721,23.1909,7.87556,-0.0664492,1.52994,0.0430117,0.0658054,FGM,0.134288,0.2865,0.135054,0.134288,1.92887,0.2865,0
10.8761,23.1909,7.87556,-0.0664492,1.52994,0.0430117,0.0658054,FGM,0.134288,0.2865,0.135054,0.134288,1.92887,0.2865,0
10.8801,23.2061,7.87459,-0.0667011,1.52318,-0.0943783,-0.143755,FGM,0.154768,0.317852,0.145114,0.154768,1.92887,0.317852,0
10.8841,23.2061,7.87459,-0.0667011,1.52318,-0.0943783,-0.143755,FGM,0.154768,0.317852,0.145114,0.154768,1.92887,0.317852,0
10.8886,23.2212,7.87348,-0.0683889,1.50564,-0.242754,-0.3655,FGM,0.154768,0.317852,0.145114,0.154768,1.92887,0.317852,0
10.892,23.2212,7.87348,-0.0683889,1.50564,-0.242754,-0.3655,FGM,0.154768,0.317852,0.145114,0.154768,1.92887,0.317852,0
10.8961,23.2212,7.87348,-0.0683889,1.50564,-0.242754,-0.3655,FGM,0.154768,0.317852,0.145114,0.154768,1.92887,0.317852,0
10.9001,23.2361,7.87217,-0.0715329,1.49144,-0.385883,-0.575521,FGM,0.154768,0.317852,0.145114,0.154768,1.92887,0.317852,0
10.9041,23.2361,7.87217,-0.0715329,1.49144,-0.385883,-0.575521,FGM,0.154768,0.317852,0.145114,0.154768,1.92887,0.317852,0
10.9086,23.2509,7.87066,-0.0760883,1.47994,-0.525212,-0.777283,FGM,0.154768,0.317852,0.145114,0.154768,1.92887,0.317852,0
10.9121,23.2509,7.87066,-0.0760883,1.47994,-0.525212,-0.777283,FGM,0.154768,0.317852,0.145114,0.154768,1.92887,0.317852,0
10.9161,23.2509,7.87066,-0.0760883,1.47994,-0.525212,-0.777283,FGM,0.154768,0.317852,0.145114,0.154768,1.92887,0.317852,0
10.9201,23.2656,7.86893,-0.0817371,1.47063,-0.577724,-0.849616,FGM,0.154768,0.317852,0.145114,0.154768,1.92887,0.317852,0
10.924,23.2656,7.86893,-0.0817371,1.47063,-0.577724,-0.849616,FGM,0.154768,0.317852,0.145114,0.154768,1.92887,0.317852,0
10.9286,23.2801,7.86708,-0.0873211,1.46308,-0.526703,-0.770611,FGM,0.144262,0.308203,0.0698967,0.144262,3.58386,0.308203,0
10.9321,23.2801,7.86708,-0.0873211,1.46308,-0.526703,-0.770611,FGM,0.144262,0.308203,0.0698967,0.144262,3.58386,0.308203,0
10.9361,23.2801,7.86708,-0.0873211,1.46308,-0.526703,-0.770611,FGM,0.144262,0.308203,0.0698967,0.144262,3.58386,0.308203,0
10.94,23.2946,7.8652,-0.0921273,1.44913,-0.428044,-0.62029,FGM,0.144262,0.308203,0.0698967,0.144262,3.58386,0.308203,0
10.9441,23.2946,7.8652,-0.0921273,1.44913,-0.428044,-0.62029,FGM,0.144262,0.308203,0.0698967,0.144262,3.58386,0.308203,0
10.9486,23.3089,7.86335,-0.0958104,1.43782,-0.305884,-0.439807,FGM,0.144262,0.308203,0.0698967,0.144262,3.58386,0.308203,0
10.9521,23.3089,7.86335,-0.0958104,1.43782,-0.305884,-0.439807,FGM,0.144262,0.308203,0.0698967,0.144262,3.58386,0.308203,0
10.9561,23.3089,7.86335,-0.0958104,1.43782,-0.305884,-0.439807,FGM,0.144262,0.308203,0.0698967,0.144262,3.58386,0.308203,0
10.96,23.3231,7.86156,-0.0985037,1.42867,-0.258608,-0.369466,FGM,0.144262,0.308203,0.0698967,0.144262,3.58386,0.308203,0
10.9641,23.3231,7.86156,-0.0985037,1.42867,-0.258608,-0.369466,FGM,0.144262,0.308203,0.0698967,0.144262,3.58386,0.308203,0
10.9686,23.3372,7.85975,-0.101279,1.42126,-0.308463,-0.438406,FGM,0.144262,0.308203,0.0698967,0.144262,3.58386,0.308203,0
10.9721,23.3372,7.85975,-0.101279,1.42126,-0.308463,-0.438406,FGM,0.144262,0.308203,0.0698967,0.144262,3.58386,0.308203,0
10.976,23.3372,7.85975,-0.101279,1.42126,-0.308463,-0.438406,FGM,0.144262,0.308203,0.0698967,0.144262,3.58386,0.308203,0
10.9801,23.3513,7.85787,-0.104527,1.41526,-0.319961,-0.452827,FGM,0.132848,0.318554,0.0844207,0.132848,3.58386,0.318554,0
10.9841,23.3513,7.85787,-0.104527,1.41526,-0.319961,-0.452827,FGM,0.132848,0.318554,0.0844207,0.132848,3.58386,0.318554,0
10.9886,23.3652,7.85599,-0.107435,1.39844,-0.251139,-0.351203,FGM,0.132848,0.318554,0.0844207,0.132848,3.58386,0.318554,0
10.992,23.3652,7.85599,-0.107435,1.39844,-0.251139,-0.351203,FGM,0.132848,0.318554,0.0844207,0.132848,3.58386,0.318554,0
10.9961,23.3652,7.85599,-0.107435,1.39844,-0.251139,-0.351203,FGM,0.132848,0.318554,0.0844207,0.132848,3.58386,0.318554,0
11,23.379,7.85417,-0.109437,1.38482,-0.144945,-0.200723,FGM,0.132848,0.318554,0.0844207,0.132848,3.58386,0.318554,0
11.004,23.379,7.85417,-0.109437,1.38482,-0.144945,-0.200723,FGM,0.132848,0.318554,0.0844207,0.132848,3.58386,0.318554,0
11.0086,23.3927,7.85247,-0.110292,1.37379,-0.0241294,-0.0331488,FGM,0.132848,0.318554,0.0844207,0.132848,3.58386,0.318554,0
11.0121,23.3927,7.85247,-0.110292,1.37379,-0.0241294,-0.0331488,FGM,0.132848,0.318554,0.0844207,0.132848,3.58386,0.318554,0
11.0161,23.3927,7.85247,-0.110292,1.37379,-0.0241294,-0.0331488,FGM,0.132848,0.318554,0.0844207,0.132848,3.58386,0.318554,0
11.0201,23.4063,7.8509,-0.109908,1.36486,0.101715,0.138827,FGM,0.132848,0.318554,0.0844207,0.132848,3.58386,0.318554,0
11.024,23.4063,7.8509,-0.109908,1.36486,0.101715,0.138827,FGM,0.132848,0.318554,0.0844207,0.132848,3.58386,0.318554,0
11.0286,23.4199,7.84951,-0.108257,1.35763,0.228801,0.310627,FGM,0.137865,0.340412,0.0652168,0.137865,2.6471,0.340412,0
11.0321,23.4199,7.84951,-0.108257,1.35763,0.228801,0.310627,FGM,0.137865,0.340412,0.0652168,0.137865,2.6471,0.340412,0
11.0361,23.4199,7.84951,-0.108257,1.35763,0.228801,0.310627,FGM,0.137865,0.340412,0.0652168,0.137865,2.6471,0.340412,0
11.0401,23.4333,7.84832,-0.105309,1.34567,0.360143,0.484632,FGM,0.137865,0.340412,0.0652168,0.137865,2.6471,0.340412,0
11.0441,23.4333,7.84832,-0.105309,1.34567,0.360143,0.484632,FGM,0.137865,0.340412,0.0652168,0.137865,2.6471,0.340412,0
11.0486,23.4467,7.84734,-0.101073,1.33598,0.486975,0.650587,FGM,0.137865,0.340412,0.0652168,0.137865,2.6471,0.340412,0
11.0521,23.4467,7.84734,-0.101073,1.33598,0.486975,0.650587,FGM,0.137865,0.340412,0.0652168,0.137865,2.6471,0.340412,0
11.0561,23.4467,7.84734,-0.101073,1.33598,0.486975,0.650587,FGM,0.137865,0.340412,0.0652168,0.137865,2.6471,0.340412,0
11.0601,23.46,7.84659,-0.09586,1.32813,0.529162,0.702796,FGM,0.137865,0.340412,0.0652168,0.137865,2.6471,0.340412,0
11.0641,23.46,7.84659,-0.09586,1.32813,0.529162,0.702796,FGM,0.137865,0.340412,0.0652168,0.137865,2.6471,0.340412,0
11.0686,23.4732,7.84595,-0.0907802,1.32178,0.475447,0.628434,FGM,0.137865,0.340412,0.0652168,0.137865,2.6471,0.340412,0
11.0721,23.4732,7.84595,-0.0907802,1.32178,0.475447,0.628434,FGM,0.137865,0.340412,0.0652168,0.137865,2.6471,0.340412,0
11.0761,23.4732,7.84595,-0.0907802,1.32178,0.475447,0.628434,FGM,0.137865,0.340412,0.0652168,0.137865,2.6471,0.340412,0
11.08,23.4864,7.84535,-0.0864744,1.31663,0.380877,0.501475,FGM,0.104485,0.339389,0.0795345,0.104485,2.6471,0.339389,0
11.0841,23.4864,7.84535,-0.0864744,1.31663,0.380877,0.501475,FGM,0.104485,0.339389,0.0795345,0.104485,2.6471,0.339389,0
11.0886,23.4995,7.84472,-0.0832193,1.30824,0.267922,0.350508,FGM,0.104485,0.339389,0.0795345,0.104485,2.6471,0.339389,0
11.092,23.4995,7.84472,-0.0832193,1.30824,0.267922,0.350508,FGM,0.104485,0.339389,0.0795345,0.104485,2.6471,0.339389,0
11.096,23.4995,7.84472,-0.0832193,1.30824,0.267922,0.350508,FGM,0.104485,0.339389,0.0795345,0.104485,2.6471,0.339389,0
11.1,23.5125,7.84401,-0.0811356,1.30145,0.147977,0.192585,FGM,0.104485,0.339389,0.0795345,0.104485,2.6471,0.339389,0
11.104,23.5125,7.84401,-0.0811356,1.30145,0.147977,0.192585,FGM,0.104485,0.339389,0.0795345,0.104485,2.6471,0.339389,0
11.1086,23.5255,7.8432,-0.0802645,1.29595,0.0259093,0.0335772,FGM,0.104485,0.339389,0.0795345,0.104485,2.6471,0.339389,0
11.1121,23.5255,7.8432,-0.0802645,1.29595,0.0259093,0.0335772,FGM,0.104485,0.339389,0.0795345,0.104485,2.6471,0.339389,0
11.1161,23.5255,7.8432,-0.0802645,1.29595,0.0259093,0.0335772,FGM,0.104485,0.339389,0.0795345,0.104485,2.6471,0.339389,0
11.12,23.5384,7.84224,-0.0806168,1.29149,-0.0964935,-0.124621,FGM,0.104485,0.339389,0.0795345,0.104485,2.6471,0.339389,0
11.124,23.5384,7.84224,-0.0806168,1.29149,-0.0964935,-0.124621,FGM,0.104485,0.339389,0.0795345,0.104485,2.6471,0.339389,0
11.1286,23.5513,7.84112,-0.0821922,1.28789,-0.218667,-0.281619,FGM,0.102097,0.350746,0.0634536,0.102097,2.6471,0.350746,0
11.1321,23.5513,7.84112,-0.0821922,1.28789,-0.218667,-0.281619,FGM,0.102097,0.350746,0.0634536,0.102097,2.6471,0.350746,0
11.1361,23.5513,7.84112,-0.0821922,1.28789,-0.218667,-0.281619,FGM,0.102097,0.350746,0.0634536,0.102097,2.6471,0.350746,0
11.14,23.564,7.83981,-0.0850315,1.27436,-0.347806,-0.443231,FGM,0.102097,0.350746,0.0634536,0.102097,2.6471,0.350746,0
11.1441,23.564,7.83981,-0.0850315,1.27436,-0.347806,-0.443231,FGM,0.102097,0.350746,0.0634536,0.102097,2.6471,0.350746,0
11.1486,23.5766,7.83831,-0.0891197,1.26341,-0.469376,-0.593016,FGM,0.102097,0.350746,0.0634536,0.102097,2.6471,0.350746,0
11.1521,23.5766,7.83831,-0.0891197,1.26341,-0.469376,-0.593016,FGM,0.102097,0.350746,0.0634536,0.102097,2.6471,0.350746,0
11.1561,23.5766,7.83831,-0.0891197,1.26341,-0.469376,-0.593016,FGM,0.102097,0.350746,0.0634536,0.102097,2.6471,0.350746,0
11.16,23.5891,7.83661,-0.0941278,1.25455,-0.505671,-0.634388,FGM,0.102097,0.350746,0.0634536,0.102097,2.6471,0.350746,0
11.164,23.5891,7.83661,-0.0941278,1.25455,-0.505671,-0.634388,FGM,0.102097,0.350746,0.0634536,0.102097,2.6471,0.350746,0
11.1686,23.6015,7.83482,-0.0989584,1.24737,-0.449648,-0.560876,FGM,0.102097,0.350746,0.0634536,0.102097,2.6471,0.350746,0
11.1721,23.6015,7.83482,-0.0989584,1.24737,-0.449648,-0.560876,FGM,0.102097,0.350746,0.0634536,0.102097,2.6471,0.350746,0
11.176,23.6015,7.83482,-0.0989584,1.24737,-0.449648,-0.560876,FGM,0.102097,0.350746,0.0634536,0.102097,2.6471,0.350746,0
11.18,23.6138,7.83302,-0.10301,1.24155,-0.356418,-0.442511,FGM,0.0738916,0.358359,0.0740492,0.0738916,2.50247,0.358359,0
11.1841,23.6138,7.83302,-0.10301,1.24155,-0.356418,-0.442511,FGM,0.0738916,0.358359,0.0740492,0.0738916,2.50247,0.358359,0
11.1886,23.626,7.83127,-0.106038,1.2326,-0.247216,-0.304717,FGM,0.0738916,0.358359,0.0740492,0.0738916,2.50247,0.358359,0
11.192,23.626,7.83127,-0.106038,1.2326,-0.247216,-0.304717,FGM,0.0738916,0.358359,0.0740492,0.0738916,2.50247,0.358359,0
11.196,23.626,7.83127,-0.106038,1.2326,-0.247216,-0.304717,FGM,0.0738916,0.358359,0.0740492,0.0738916,2.50247,0.358359,0
11.2,23.6382,7.82961,-0.107941,1.22535,-0.132662,-0.162557,FGM,0.0738916,0.358359,0.0740492,0.0738916,2.50247,0.358359,0
11.2041,23.6382,7.82961,-0.107941,1.22535,-0.132662,-0.162557,FGM,0.0738916,0.358359,0.0740492,0.0738916,2.50247,0.358359,0
11.2086,23.6503,7.82807,-0.108689,1.21947,-0.0168813,-0.0205863,FGM,0.0738916,0.358359,0.0740492,0.0738916,2.50247,0.358359,0
11.212,23.6503,7.82807,-0.108689,1.21947,-0.0168813,-0.0205863,FGM,0.0738916,0.358359,0.0740492,0.0738916,2.50247,0.358359,0
11.216,23.6503,7.82807,-0.108689,1.21947,-0.0168813,-0.0205863,FGM,0.0738916,0.358359,0.0740492,0.0738916,2.50247,0.358359,0
11.22,23.6624,7.82668,-0.10828,1.21472,0.0987683,0.119976,FGM,0.0738916,0.358359,0.0740492,0.0738916,2.50247,0.358359,0
11.224,23.6624,7.82668,-0.10828,1.21472,0.0987683,0.119976,FGM,0.0738916,0.358359,0.0740492,0.0738916,2.50247,0.358359,0
11.2286,23.6745,7.82547,-0.106717,1.21087,0.213951,0.259067,FGM,0.0639989,0.370314,0.0734554,0.0639989,2.50247,0.370314,0
11.232,23.6745,7.82547,-0.106717,1.21087,0.213951,0.259067,FGM,0.0639989,0.370314,0.0734554,0.0639989,2.50247,0.370314,0
11.236,23.6745,7.82547,-0.106717,1.21087,0.213951,0.259067,FGM,0.0639989,0.370314,0.0734554,0.0639989,2.50247,0.370314,0
11.24,23.6865,7.82444,-0.103988,1.20352,0.331368,0.398809,FGM,0.0639989,0.370314,0.0734554,0.0639989,2.50247,0.370314,0
11.244,23.6865,7.82444,-0.103988,1.20352,0.331368,0.398809,FGM,0.0639989,0.370314,0.0734554,0.0639989,2.50247,0.370314,0
11.2486,23.6985,7.82361,-0.100102,1.19757,0.445567,0.533599,FGM,0.0639989,0.370314,0.0734554,0.0639989,2.50247,0.370314,0
11.252,23.6985,7.82361,-0.100102,1.19757,0.445567,0.533599,FGM,0.0639989,0.370314,0.0734554,0.0639989,2.50247,0.370314,0
11.256,23.6985,7.82361,-0.100102,1.19757,0.445567,0.533599,FGM,0.0639989,0.370314,0.0734554,0.0639989,2.50247,0.370314,0
11.26,23.7104,7.82299,-0.09535,1.19276,0.478856,0.571158,FGM,0.0639989,0.370314,0.0734554,0.0639989,2.50247,0.370314,0
11.264,23.7104,7.82299,-0.09535,1.19276,0.478856,0.571158,FGM,0.0639989,0.370314,0.0734554,0.0639989,2.50247,0.370314,0
11.2686,23.7223,7.82246,-0.0907795,1.18885,0.424882,0.505122,FGM,0.0639989,0.370314,0.0734554,0.0639989,2.50247,0.370314,0
11.272,23.7223,7.82246,-0.0907795,1.18885,0.424882,0.505122,FGM,0.0639989,0.370314,0.0734554,0.0639989,2.50247,0.370314,0
11.276,23.7223,7.82246,-0.0907795,1.18885,0.424882,0.505122,FGM,0.0639989,0.370314,0.0734554,0.0639989,2.50247,0.370314,0
11.28,23.7342,7.82195,-0.0869539,1.18569,0.336114,0.398528,FGM,0.0593038,0.386067,0.0802815,0.0593038,2.64134,0.386067,0
11.284,23.7342,7.82195,-0.0869539,1.18569,0.336114,0.398528,FGM,0.0593038,0.386067,0.0802815,0.0593038,2.64134,0.386067,0
11.2886,23.746,7.8214,-0.0841042,1.17879,0.232025,0.27351,FGM,0.0593038,0.386067,0.0802815,0.0593038,2.64134,0.386067,0
11.292,23.746,7.8214,-0.0841042,1.17879,0.232025,0.27351,FGM,0.0593038,0.386067,0.0802815,0.0593038,2.64134,0.386067,0
11.296,23.746,7.8214,-0.0841042,1.17879,0.232025,0.27351,FGM,0.0593038,0.386067,0.0802815,0.0593038,2.64134,0.386067,0
11.3,23.7577,7.82076,-0.0823272,1.17321,0.122746,0.144006,FGM,0.0593038,0.386067,0.0802815,0.0593038,2.64134,0.386067,0
11.304,23.7577,7.82076,-0.0823272,1.17321,0.122746,0.144006,FGM,0.0593038,0.386067,0.0802815,0.0593038,2.64134,0.386067,0
11.3086,23.7694,7.82001,-0.081652,1.16868,0.012053,0.0140861,FGM,0.0593038,0.386067,0.0802815,0.0593038,2.64134,0.386067,0
11.3121,23.7694,7.82001,-0.081652,1.16868,0.012053,0.0140861,FGM,0.0593038,0.386067,0.0802815,0.0593038,2.64134,0.386067,0
11.316,23.7694,7.82001,-0.081652,1.16868,0.012053,0.0140861,FGM,0.0593038,0.386067,0.0802815,0.0593038,2.64134,0.386067,0
11.32,23.781,7.81912,-0.0820852,1.16502,-0.0987762,-0.115076,FGM,0.0593038,0.386067,0.0802815,0.0593038,2.64134,0.386067,0
11.324,23.781,7.81912,-0.0820852,1.16502,-0.0987762,-0.115076,FGM,0.0593038,0.386067,0.0802815,0.0593038,2.64134,0.386067,0
11.3286,23.7926,7.81807,-0.0836257,1.16205,-0.20938,-0.24331,FGM,0.0487867,0.3976,0.0895876,0.0487867,2.64134,0.3976,0
11.332,23.7926,7.81807,-0.0836257,1.16205,-0.20938,-0.24331,FGM,0.0487867,0.3976,0.0895876,0.0487867,2.64134,0.3976,0
11.336,23.7926,7.81807,-0.0836257,1.16205,-0.20938,-0.24331,FGM,0.0487867,0.3976,0.0895876,0.0487867,2.64134,0.3976,0
11.34,23.8041,7.81685,-0.0862976,1.15253,-0.323991,-0.373409,FGM,0.0487867,0.3976,0.0895876,0.0487867,2.64134,0.3976,0
11.344,23.8041,7.81685,-0.0862976,1.15253,-0.323991,-0.373409,FGM,0.0487867,0.3976,0.0895876,0.0487867,2.64134,0.3976,0
11.3486,23.8155,7.81544,-0.0900869,1.14482,-0.433588,-0.49638,FGM,0.0487867,0.3976,0.0895876,0.0487867,2.64134,0.3976,0
11.352,23.8155,7.81544,-0.0900869,1.14482,-0.433588,-0.49638,FGM,0.0487867,0.3976,0.0895876,0.0487867,2.64134,0.3976,0
11.356,23.8155,7.81544,-0.0900869,1.14482,-0.433588,-0.49638,FGM,0.0487867,0.3976,0.0895876,0.0487867,2.64134,0.3976,0
11.36,23.8268,7.81385,-0.094695,1.13858,-0.461861,-0.525864,FGM,0.0487867,0.3976,0.0895876,0.0487867,2.64134,0.3976,0
11.364,23.8268,7.81385,-0.094695,1.13858,-0.461861,-0.525864,FGM,0.0487867,0.3976,0.0895876,0.0487867,2.64134,0.3976,0
11.3686,23.8381,7.81219,-0.0990837,1.13352,-0.405944,-0.460146,FGM,0.0487867,0.3976,0.0895876,0.0487867,2.64134,0.3976,0
11.372,23.8381,7.81219,-0.0990837,1.13352,-0.405944,-0.460146,FGM,0.0487867,0.3976,0.0895876,0.0487867,2.64134,0.3976,0
11.376,23.8381,7.81219,-0.0990837,1.13352,-0.405944,-0.460146,FGM,0.0487867,0.3976,0.0895876,0.0487867,2.64134,0.3976,0
11.38,23.8493,7.81052,-0.102723,1.12943,-0.318169,-0.35935,FGM,0.0217631,0.411512,0.0911843,0.0217631,2.64134,0.411512,0
11.384,23.8493,7.81052,-0.102723,1.12943,-0.318169,-0.35935,FGM,0.0217631,0.411512,0.0911843,0.0217631,2.64134,0.411512,0
11.3886,23.8604,7.80891,-0.105407,1.12249,-0.217213,-0.243819,FGM,0.0217631,0.411512,0.0911843,0.0217631,2.64134,0.411512,0
11.392,23.8604,7.80891,-0.105407,1.12249,-0.217213,-0.243819,FGM,0.0217631,0.411512,0.0911843,0.0217631,2.64134,0.411512,0
11.396,23.8604,7.80891,-0.105407,1.12249,-0.217213,-0.243819,FGM,0.0217631,0.411512,0.0911843,0.0217631,2.64134,0.411512,0
11.4,23.8715,7.8074,-0.107057,1.11687,-0.112242,-0.12536,FGM,0.0217631,0.411512,0.0911843,0.0217631,2.64134,0.411512,0
11.404,23.8715,7.8074,-0.107057,1.11687,-0.112242,-0.12536,FGM,0.0217631,0.411512,0.0911843,0.0217631,2.64134,0.411512,0
11.4086,23.8826,7.80601,-0.107651,1.11232,-0.00639424,-0.00711243,FGM,0.0217631,0.411512,0.0911843,0.0217631,2.64134,0.411512,0
11.412,23.8826,7.80601,-0.107651,1.11232,-0.00639424,-0.00711243,FGM,0.0217631,0.411512,0.0911843,0.0217631,2.64134,0.411512,0
11.416,23.8826,7.80601,-0.107651,1.11232,-0.00639424,-0.00711243,FGM,0.0217631,0.411512,0.0911843,0.0217631,2.64134,0.411512,0
11.42,23.8936,7.80476,-0.107187,1.10863,0.099355,0.110148,FGM,0.0217631,0.411512,0.0911843,0.0217631,2.64134,0.411512,0
11.424,23.8936,7.80476,-0.107187,1.10863,0.099355,0.110148,FGM,0.0217631,0.411512,0.0911843,0.0217631,2.64134,0.411512,0
11.4286,23.9046,7.80368,-0.105666,1.10565,0.204777,0.226411,FGM,0.00858579,0.433475,0.0683726,0.00858579,2.33362,0.433475,0
11.4321,23.9046,7.80368,-0.105666,1.10565,0.204777,0.226411,FGM,0.00858579,0.433475,0.0683726,0.00858579,2.33362,0.433475,0
11.4361,23.9046,7.80368,-0.105666,1.10565,0.204777,0.226411,FGM,0.00858579,0.433475,0.0683726,0.00858579,2.33362,0.433475,0
11.4401,23.9156,7.80277,-0.103083,1.10031,0.311512,0.342759,FGM,0.00858579,0.433475,0.0683726,0.00858579,2.33362,0.433475,0
11.4441,23.9156,7.80277,-0.103083,1.10031,0.311512,0.342759,FGM,0.00858579,0.433475,0.0683726,0.00858579,2.33362,0.433475,0
11.4486,23.9266,7.80206,-0.0994445,1.09599,0.41607,0.456008,FGM,0.00858579,0.433475,0.0683726,0.00858579,2.33362,0.433475,0
11.4521,23.9266,7.80206,-0.0994445,1.09599,0.41607,0.456008,FGM,0.00858579,0.433475,0.0683726,0.00858579,2.33362,0.433475,0
11.4561,23.9266,7.80206,-0.0994445,1.09599,0.41607,0.456008,FGM,0.00858579,0.433475,0.0683726,0.00858579,2.33362,0.433475,0
11.4601,23.9375,7.80153,-0.0950238,1.09249,0.44219,0.483087,FGM,0.00858579,0.433475,0.0683726,0.00858579,2.33362,0.433475,0
11.4641,23.9375,7.80153,-0.0950238,1.09249,0.44219,0.483087,FGM,0.00858579,0.433475,0.0683726,0.00858579,2.33362,0.433475,0
11.4686,23.9484,7.80108,-0.0908253,1.08965,0.387893,0.422668,FGM,0.00858579,0.433475,0.0683726,0.00858579,2.33362,0.433475,0
11.4721,23.9484,7.80108,-0.0908253,1.08965,0.387893,0.422668,FGM,0.00858579,0.433475,0.0683726,0.00858579,2.33362,0.433475,0
11.4761,23.9484,7.80108,-0.0908253,1.08965,0.387893,0.422668,FGM,0.00858579,0.433475,0.0683726,0.00858579,2.33362,0.433475,0
11.4801,23.9593,7.80063,-0.0873505,1.08736,0.303468,0.329978,FGM,0.0121846,0.445156,0.0679775,0.0121846,2.33362,0.445156,0
11.4841,23.9593,7.80063,-0.0873505,1.08736,0.303468,0.329978,FGM,0.0121846,0.445156,0.0679775,0.0121846,2.33362,0.445156,0
11.4886,23.9701,7.80013,-0.0847929,1.08261,0.206604,0.223672,FGM,0.0121846,0.445156,0.0679775,0.0121846,2.33362,0.445156,0
11.4921,23.9701,7.80013,-0.0847929,1.08261,0.206604,0.223672,FGM,0.0121846,0.445156,0.0679775,0.0121846,2.33362,0.445156,0
11.4961,23.9701,7.80013,-0.0847929,1.08261,0.206604,0.223672,FGM,0.0121846,0.445156,0.0679775,0.0121846,2.33362,0.445156,0
11.5001,23.9809,7.79954,-0.0832288,1.07877,0.105714,0.114041,FGM,0.0121846,0.445156,0.0679775,0.0121846,2.33362,0.445156,0
11.5041,23.9809,7.79954,-0.0832288,1.07877,0.105714,0.114041,FGM,0.0121846,0.445156,0.0679775,0.0121846,2.33362,0.445156,0
11.5086,23.9917,7.79884,-0.082681,1.07566,0.00365867,0.00393547,FGM,0.0121846,0.445156,0.0679775,0.0121846,2.33362,0.445156,0
11.5121,23.9917,7.79884,-0.082681,1.07566,0.00365867,0.00393547,FGM,0.0121846,0.445156,0.0679775,0.0121846,2.33362,0.445156,0
11.5161,23.9917,7.79884,-0.082681,1.07566,0.00365867,0.00393547,FGM,0.0121846,0.445156,0.0679775,0.0121846,2.33362,0.445156,0
11.5201,24.0024,7.798,-0.0831554,1.07314,-0.0986065,-0.105818,FGM,0.0121846,0.445156,0.0679775,0.0121846,2.33362,0.445156,0

--- Experiment Summary ---
Scenario,Mux_playground_WS1.69_WT1.53_WC0.94_WCL1.26_WD0.50_DM0.44_Opp_bumper_v_5.csv
Mode,MUX_OBSTACLE
Finish Reason,GOAL REACHED
Duration (s),11.52
Total Dist (m),34.03
Collision,NO
FRENET Usage (%),64.63
FGM Usage (%),35.37
Max Speed (m/s),4.69
Max Lat Acc (m/s^2),1.27
Global Min Dist (m),0.00
Global Unsafe Ratio,0.64
Global Track RMS (m),0.69
Global Lat Acc RMS,0.49
FGM Min Dist (m),0.00
FGM Unsafe Ratio,0.96
FGM Track RMS (m),0.34
