t,x,y,yaw,speed,yaw_rate,a_lat,planner,min_d,track_error,fre_min_d,fgm_min_d,fre_track,fgm_track,collision
2.7171e-05,-9.99917,7.475,0,0.118827,0,0,FGM,0.422166,0.147077,0.367442,0.422166,0.381943,0.147077,0
0.00400168,-9.99917,7.475,0,0.118827,0,0,FGM,0.422166,0.147077,0.367442,0.422166,0.381943,0.147077,0
0.00933543,-9.9975,7.475,8.83154e-05,0.213927,0.020739,0.00443663,FGM,0.422166,0.147077,0.367442,0.422166,0.381943,0.147077,0
0.0119675,-9.9975,7.475,8.83154e-05,0.213927,0.020739,0.00443663,FGM,0.422166,0.147077,0.367442,0.422166,0.381943,0.147077,0
0.0159861,-9.9975,7.475,8.83154e-05,0.213927,0.020739,0.00443663,FGM,0.422166,0.147077,0.367442,0.422166,0.381943,0.147077,0
0.019976,-9.99489,7.475,0.000476439,0.309027,0.0599782,0.0185349,FGM,0.422166,0.147077,0.367442,0.422166,0.381943,0.147077,0
0.0240195,-9.99489,7.475,0.000476439,0.309027,0.0599782,0.0185349,FGM,0.422166,0.147077,0.367442,0.422166,0.381943,0.147077,0
0.0293285,-9.99132,7.475,0.00135,0.404127,0.117855,0.0476285,FGM,0.422166,0.147077,0.367442,0.422166,0.381943,0.147077,0
0.0320078,-9.99132,7.475,0.00135,0.404127,0.117855,0.0476285,FGM,0.415088,0.161928,0.38577,0.415088,0.381943,0.161928,0
0.0360195,-9.99132,7.475,0.00135,0.404127,0.117855,0.0476285,FGM,0.415088,0.161928,0.38577,0.415088,0.381943,0.161928,0
0.0400123,-9.98681,7.47501,0.00243901,0.499227,0.0968935,0.0483719,FGM,0.415088,0.161928,0.38577,0.415088,0.381943,0.161928,0
0.044045,-9.98681,7.47501,0.00243901,0.499227,0.0968935,0.0483719,FGM,0.415088,0.161928,0.38577,0.415088,0.381943,0.161928,0
0.0493667,-9.98134,7.47507,0.00354785,0.594327,0.0605752,0.0360015,FGM,0.415088,0.161928,0.38577,0.415088,0.381943,0.161928,0
0.0520022,-9.98134,7.47507,0.00354785,0.594327,0.0605752,0.0360015,FGM,0.415088,0.161928,0.38577,0.415088,0.381943,0.161928,0
0.056021,-9.98134,7.47507,0.00354785,0.594327,0.0605752,0.0360015,FGM,0.415088,0.161928,0.38577,0.415088,0.381943,0.161928,0
0.0600046,-9.97495,7.47526,0.00459559,0.68507,0.106391,0.0728854,FGM,0.415088,0.161928,0.38577,0.415088,0.381943,0.161928,0
0.064019,-9.97495,7.47526,0.00459559,0.68507,0.106391,0.0728854,FGM,0.415088,0.161928,0.38577,0.415088,0.381943,0.161928,0
0.0693441,-9.96767,7.47551,0.00572609,0.771498,0.105269,0.0812146,FGM,0.415088,0.161928,0.38577,0.415088,0.381943,0.161928,0
0.0720021,-9.96767,7.47551,0.00572609,0.771498,0.105269,0.0812146,FGM,0.415088,0.161928,0.38577,0.415088,0.381943,0.161928,0
0.0760197,-9.96767,7.47551,0.00572609,0.771498,0.105269,0.0812146,FGM,0.415088,0.161928,0.38577,0.415088,0.381943,0.161928,0
0.0800073,-9.95954,7.47576,0.00679819,0.853816,0.121319,0.103584,FGM,0.427223,0.201199,0.381802,0.427223,0.381943,0.201199,0
0.0840228,-9.95954,7.47576,0.00679819,0.853816,0.121319,0.103584,FGM,0.427223,0.201199,0.381802,0.427223,0.381943,0.201199,0
0.0893573,-9.95062,7.47605,0.00808011,0.932536,0.122386,0.114129,FGM,0.427223,0.201199,0.381802,0.427223,0.381943,0.201199,0
0.092016,-9.95062,7.47605,0.00808011,0.932536,0.122386,0.114129,FGM,0.427223,0.201199,0.381802,0.427223,0.381943,0.201199,0
0.0960238,-9.95062,7.47605,0.00808011,0.932536,0.122386,0.114129,FGM,0.427223,0.201199,0.381802,0.427223,0.381943,0.201199,0
0.100004,-9.94092,7.47635,0.00931639,1.00751,0.137406,0.138438,FGM,0.427223,0.201199,0.381802,0.427223,0.381943,0.201199,0
0.104024,-9.94092,7.47635,0.00931639,1.00751,0.137406,0.138438,FGM,0.427223,0.201199,0.381802,0.427223,0.381943,0.201199,0
0.109307,-9.9305,7.47669,0.0107657,1.07892,0.139666,0.150689,FGM,0.427223,0.201199,0.381802,0.427223,0.381943,0.201199,0
0.112007,-9.9305,7.47669,0.0107657,1.07892,0.139666,0.150689,FGM,0.427223,0.201199,0.381802,0.427223,0.381943,0.201199,0
0.116031,-9.9305,7.47669,0.0107657,1.07892,0.139666,0.150689,FGM,0.427223,0.201199,0.381802,0.427223,0.381943,0.201199,0
0.120007,-9.91937,7.47706,0.0121691,1.14694,0.153706,0.176292,FGM,0.427223,0.201199,0.381802,0.427223,0.381943,0.201199,0
0.124026,-9.91937,7.47706,0.0121691,1.14694,0.153706,0.176292,FGM,0.427223,0.201199,0.381802,0.427223,0.381943,0.201199,0
0.129321,-9.90759,7.47747,0.0137839,1.21172,0.156229,0.189306,FGM,0.427223,0.201199,0.381802,0.427223,0.381943,0.201199,0
0.132009,-9.90759,7.47747,0.0137839,1.21172,0.156229,0.189306,FGM,0.427036,0.237627,0.371926,0.427036,0.381943,0.237627,0
0.136021,-9.90759,7.47747,0.0137839,1.21172,0.156229,0.189306,FGM,0.427036,0.237627,0.371926,0.427036,0.381943,0.237627,0
0.140009,-9.89515,7.47791,0.0153469,1.27696,0.169068,0.215893,FGM,0.427036,0.237627,0.371926,0.427036,0.381943,0.237627,0
0.144022,-9.89515,7.47791,0.0153469,1.27696,0.169068,0.215893,FGM,0.427036,0.237627,0.371926,0.427036,0.381943,0.237627,0
0.149339,-9.88208,7.4784,0.0171161,1.33909,0.17178,0.230029,FGM,0.427036,0.237627,0.371926,0.427036,0.381943,0.237627,0
0.152002,-9.88208,7.4784,0.0171161,1.33909,0.17178,0.230029,FGM,0.427036,0.237627,0.371926,0.427036,0.381943,0.237627,0
0.156027,-9.88208,7.4784,0.0171161,1.33909,0.17178,0.230029,FGM,0.427036,0.237627,0.371926,0.427036,0.381943,0.237627,0
0.160008,-9.8684,7.47892,0.0188304,1.39827,0.18402,0.25731,FGM,0.427036,0.237627,0.371926,0.427036,0.381943,0.237627,0
0.164026,-9.8684,7.47892,0.0188304,1.39827,0.18402,0.25731,FGM,0.427036,0.237627,0.371926,0.427036,0.381943,0.237627,0
0.16932,-9.85415,7.4795,0.0207499,1.45463,0.186525,0.271325,FGM,0.427036,0.237627,0.371926,0.427036,0.381943,0.237627,0
0.172,-9.85415,7.4795,0.0207499,1.45463,0.186525,0.271325,FGM,0.427036,0.237627,0.371926,0.427036,0.381943,0.237627,0
0.176022,-9.85415,7.4795,0.0207499,1.45463,0.186525,0.271325,FGM,0.427036,0.237627,0.371926,0.427036,0.381943,0.237627,0
0.180004,-9.83935,7.4801,0.0226061,1.50831,0.197972,0.298604,FGM,0.422282,0.270777,0.371984,0.422282,0.381943,0.270777,0
0.18402,-9.83935,7.4801,0.0226061,1.50831,0.197972,0.298604,FGM,0.422282,0.270777,0.371984,0.422282,0.381943,0.270777,0
0.18931,-9.82401,7.48077,0.0246634,1.56115,0.200018,0.312258,FGM,0.422282,0.270777,0.371984,0.422282,0.381943,0.270777,0
0.191999,-9.82401,7.48077,0.0246634,1.56115,0.200018,0.312258,FGM,0.422282,0.270777,0.371984,0.422282,0.381943,0.270777,0
0.196033,-9.82401,7.48077,0.0246634,1.56115,0.200018,0.312258,FGM,0.422282,0.270777,0.371984,0.422282,0.381943,0.270777,0
0.200009,-9.80817,7.48147,0.0266498,1.61147,0.210697,0.339531,FGM,0.422282,0.270777,0.371984,0.422282,0.381943,0.270777,0
0.204026,-9.80817,7.48147,0.0266498,1.61147,0.210697,0.339531,FGM,0.422282,0.270777,0.371984,0.422282,0.381943,0.270777,0
0.209351,-9.79183,7.48224,0.0288353,1.6594,0.212593,0.352776,FGM,0.422282,0.270777,0.371984,0.422282,0.381943,0.270777,0
0.211999,-9.79183,7.48224,0.0288353,1.6594,0.212593,0.352776,FGM,0.422282,0.270777,0.371984,0.422282,0.381943,0.270777,0
0.216022,-9.79183,7.48224,0.0288353,1.6594,0.212593,0.352776,FGM,0.422282,0.270777,0.371984,0.422282,0.381943,0.270777,0
0.220005,-9.77503,7.48304,0.0309433,1.70505,0.22272,0.379748,FGM,0.422282,0.270777,0.371984,0.422282,0.381943,0.270777,0
0.224015,-9.77503,7.48304,0.0309433,1.70505,0.22272,0.379748,FGM,0.422282,0.270777,0.371984,0.422282,0.381943,0.270777,0
0.229337,-9.75778,7.48391,0.0332488,1.74853,0.224274,0.392149,FGM,0.422282,0.270777,0.371984,0.422282,0.381943,0.270777,0
0.231999,-9.75778,7.48391,0.0332488,1.74853,0.224274,0.392149,FGM,0.42942,0.289843,0.38357,0.42942,0.381943,0.289843,0
0.236014,-9.75778,7.48391,0.0332488,1.74853,0.224274,0.392149,FGM,0.42942,0.289843,0.38357,0.42942,0.381943,0.289843,0
0.240012,-9.74011,7.48483,0.035469,1.79059,0.233742,0.418536,FGM,0.42942,0.289843,0.38357,0.42942,0.381943,0.289843,0
0.244025,-9.74011,7.48483,0.035469,1.79059,0.233742,0.418536,FGM,0.42942,0.289843,0.38357,0.42942,0.381943,0.289843,0
0.249324,-9.72203,7.48581,0.037884,1.83065,0.234951,0.430113,FGM,0.42942,0.289843,0.38357,0.42942,0.381943,0.289843,0
0.251995,-9.72203,7.48581,0.037884,1.83065,0.234951,0.430113,FGM,0.42942,0.289843,0.38357,0.42942,0.381943,0.289843,0
0.256016,-9.72203,7.48581,0.037884,1.83065,0.234951,0.430113,FGM,0.42942,0.289843,0.38357,0.42942,0.381943,0.289843,0
0.260012,-9.70356,7.48684,0.0402077,1.86881,0.244011,0.456008,FGM,0.42942,0.289843,0.38357,0.42942,0.381943,0.289843,0
0.264025,-9.70356,7.48684,0.0402077,1.86881,0.244011,0.456008,FGM,0.42942,0.289843,0.38357,0.42942,0.381943,0.289843,0
0.269322,-9.68472,7.48794,0.0427252,1.90515,0.244927,0.466622,FGM,0.42942,0.289843,0.38357,0.42942,0.381943,0.289843,0
0.27197,-9.68472,7.48794,0.0427252,1.90515,0.244927,0.466622,FGM,0.42942,0.289843,0.38357,0.42942,0.381943,0.289843,0
0.276014,-9.68472,7.48794,0.0427252,1.90515,0.244927,0.466622,FGM,0.42942,0.289843,0.38357,0.42942,0.381943,0.289843,0
0.280004,-9.66553,7.4891,0.0451453,1.93976,0.253548,0.491822,FGM,0.434026,0.322821,0.367599,0.434026,0.381943,0.322821,0
0.284028,-9.66553,7.4891,0.0451453,1.93976,0.253548,0.491822,FGM,0.434026,0.322821,0.367599,0.434026,0.381943,0.322821,0
0.28932,-9.64599,7.49033,0.0477516,1.97756,0.253436,0.501186,FGM,0.434026,0.322821,0.367599,0.434026,0.381943,0.322821,0
0.291997,-9.64599,7.49033,0.0477516,1.97756,0.253436,0.501186,FGM,0.434026,0.322821,0.367599,0.434026,0.381943,0.322821,0
0.296015,-9.64599,7.49033,0.0477516,1.97756,0.253436,0.501186,FGM,0.434026,0.322821,0.367599,0.434026,0.381943,0.322821,0
0.299998,-9.62607,7.49161,0.0502532,2.01357,0.261293,0.526131,FGM,0.434026,0.322821,0.367599,0.434026,0.381943,0.322821,0
0.304019,-9.62607,7.49161,0.0502532,2.01357,0.261293,0.526131,FGM,0.434026,0.322821,0.367599,0.434026,0.381943,0.322821,0
0.309339,-9.60581,7.49298,0.0529421,2.04786,0.261849,0.53623,FGM,0.434026,0.322821,0.367599,0.434026,0.381943,0.322821,0
0.312001,-9.60581,7.49298,0.0529421,2.04786,0.261849,0.53623,FGM,0.434026,0.322821,0.367599,0.434026,0.381943,0.322821,0
0.316031,-9.60581,7.49298,0.0529421,2.04786,0.261849,0.53623,FGM,0.434026,0.322821,0.367599,0.434026,0.381943,0.322821,0
0.320013,-9.58522,7.49438,0.0552739,2.08052,0.195458,0.406654,FGM,0.434026,0.322821,0.367599,0.434026,0.381943,0.322821,0
0.324024,-9.58522,7.49438,0.0552739,2.08052,0.195458,0.406654,FGM,0.434026,0.322821,0.367599,0.434026,0.381943,0.322821,0
0.329363,-9.5643,7.49578,0.0569683,2.11163,0.161508,0.341044,FGM,0.434026,0.322821,0.367599,0.434026,0.381943,0.322821,0
0.332003,-9.5643,7.49578,0.0569683,2.11163,0.161508,0.341044,FGM,0.267577,0.230512,0.366301,0.267577,0.381943,0.230512,0
0.336017,-9.5643,7.49578,0.0569683,2.11163,0.161508,0.341044,FGM,0.267577,0.230512,0.366301,0.267577,0.381943,0.230512,0
0.340139,-9.54307,7.49721,0.0585152,2.14531,0.135231,0.290113,FGM,0.267577,0.230512,0.366301,0.267577,0.381943,0.230512,0
0.344034,-9.54307,7.49721,0.0585152,2.14531,0.135231,0.290113,FGM,0.267577,0.230512,0.366301,0.267577,0.381943,0.230512,0
0.349338,-9.5215,7.49866,0.0597366,2.17738,0.124908,0.271973,FGM,0.267577,0.230512,0.366301,0.267577,0.381943,0.230512,0
0.352012,-9.5215,7.49866,0.0597366,2.17738,0.124908,0.271973,FGM,0.267577,0.230512,0.366301,0.267577,0.381943,0.230512,0
0.356025,-9.5215,7.49866,0.0597366,2.17738,0.124908,0.271973,FGM,0.267577,0.230512,0.366301,0.267577,0.381943,0.230512,0
0.360014,-9.49962,7.50014,0.0609963,2.20793,0.112937,0.249357,FGM,0.267577,0.230512,0.366301,0.267577,0.381943,0.230512,0
0.364028,-9.49962,7.50014,0.0609963,2.20793,0.112937,0.249357,FGM,0.267577,0.230512,0.366301,0.267577,0.381943,0.230512,0
0.369341,-9.47745,7.50164,0.062041,2.23703,0.111348,0.249087,FGM,0.267577,0.230512,0.366301,0.267577,0.381943,0.230512,0
0.372012,-9.47745,7.50164,0.062041,2.23703,0.111348,0.249087,FGM,0.267577,0.230512,0.366301,0.267577,0.381943,0.230512,0
0.376046,-9.47745,7.50164,0.062041,2.23703,0.111348,0.249087,FGM,0.267577,0.230512,0.366301,0.267577,0.381943,0.230512,0
0.380018,-9.45499,7.50318,0.0631959,2.26474,0.104873,0.23751,FGM,0.414847,0.359787,0.239037,0.414847,0.387171,0.359787,0
0.384014,-9.45499,7.50318,0.0631959,2.26474,0.104873,0.23751,FGM,0.414847,0.359787,0.239037,0.414847,0.387171,0.359787,0
0.389313,-9.43225,7.50474,0.0641772,2.29432,0.106452,0.244235,FGM,0.414847,0.359787,0.239037,0.414847,0.387171,0.359787,0
0.392049,-9.43225,7.50474,0.0641772,2.29432,0.106452,0.244235,FGM,0.414847,0.359787,0.239037,0.414847,0.387171,0.359787,0
0.39605,-9.43225,7.50474,0.0641772,2.29432,0.106452,0.244235,FGM,0.414847,0.359787,0.239037,0.414847,0.387171,0.359787,0
0.40006,-9.40923,7.50636,0.0652949,2.32249,0.102219,0.237403,FGM,0.414847,0.359787,0.239037,0.414847,0.387171,0.359787,0
0.404055,-9.40923,7.50636,0.0652949,2.32249,0.102219,0.237403,FGM,0.414847,0.359787,0.239037,0.414847,0.387171,0.359787,0
0.409362,-9.38592,7.508,0.0662573,2.34932,0.105391,0.247597,FGM,0.414847,0.359787,0.239037,0.414847,0.387171,0.359787,0
0.412011,-9.38592,7.508,0.0662573,2.34932,0.105391,0.247597,FGM,0.414847,0.359787,0.239037,0.414847,0.387171,0.359787,0
0.416015,-9.38592,7.508,0.0662573,2.34932,0.105391,0.247597,FGM,0.414847,0.359787,0.239037,0.414847,0.387171,0.359787,0
0.420017,-9.36236,7.50968,0.067371,2.37488,0.102219,0.242758,FGM,0.414847,0.359787,0.239037,0.414847,0.387171,0.359787,0
0.42403,-9.36236,7.50968,0.067371,2.37488,0.102219,0.242758,FGM,0.414847,0.359787,0.239037,0.414847,0.387171,0.359787,0
0.42935,-9.33856,7.5114,0.068336,2.39922,0.106041,0.254416,FGM,0.414847,0.359787,0.239037,0.414847,0.387171,0.359787,0
0.432033,-9.33856,7.5114,0.068336,2.39922,0.106041,0.254416,FGM,0.374606,0.385679,0.247512,0.374606,0.387171,0.385679,0
0.436017,-9.33856,7.5114,0.068336,2.39922,0.106041,0.254416,FGM,0.374606,0.385679,0.247512,0.374606,0.387171,0.385679,0
0.440018,-9.31449,7.51316,0.0694559,2.42677,0.10299,0.249934,FGM,0.374606,0.385679,0.247512,0.374606,0.387171,0.385679,0
0.444026,-9.31449,7.51316,0.0694559,2.42677,0.10299,0.249934,FGM,0.374606,0.385679,0.247512,0.374606,0.387171,0.385679,0
0.449374,-9.29016,7.51496,0.0704293,2.45302,0.106775,0.261921,FGM,0.374606,0.385679,0.247512,0.374606,0.387171,0.385679,0
0.452039,-9.29016,7.51496,0.0704293,2.45302,0.106775,0.261921,FGM,0.374606,0.385679,0.247512,0.374606,0.387171,0.385679,0
0.456041,-9.29016,7.51496,0.0704293,2.45302,0.106775,0.261921,FGM,0.374606,0.385679,0.247512,0.374606,0.387171,0.385679,0
0.460041,-9.26557,7.51681,0.0715604,2.47802,0.10428,0.258408,FGM,0.374606,0.385679,0.247512,0.374606,0.387171,0.385679,0
0.46404,-9.26557,7.51681,0.0715604,2.47802,0.10428,0.258408,FGM,0.374606,0.385679,0.247512,0.374606,0.387171,0.385679,0
0.469365,-9.24074,7.51869,0.0725474,2.50183,0.108369,0.271121,FGM,0.374606,0.385679,0.247512,0.374606,0.387171,0.385679,0
0.472031,-9.24074,7.51869,0.0725474,2.50183,0.108369,0.271121,FGM,0.374606,0.385679,0.247512,0.374606,0.387171,0.385679,0
0.476036,-9.24074,7.51869,0.0725474,2.50183,0.108369,0.271121,FGM,0.374606,0.385679,0.247512,0.374606,0.387171,0.385679,0
0.480042,-9.21569,7.52062,0.0736964,2.52451,0.106068,0.267771,FGM,0.364572,0.393566,0.238548,0.364572,0.387171,0.393566,0
0.484054,-9.21569,7.52062,0.0736964,2.52451,0.106068,0.267771,FGM,0.364572,0.393566,0.238548,0.364572,0.387171,0.393566,0
0.489391,-9.1904,7.52258,0.0747003,2.54801,0.109991,0.280259,FGM,0.364572,0.393566,0.238548,0.364572,0.387171,0.393566,0
0.492013,-9.1904,7.52258,0.0747003,2.54801,0.109991,0.280259,FGM,0.364572,0.393566,0.238548,0.364572,0.387171,0.393566,0
0.496041,-9.1904,7.52258,0.0747003,2.54801,0.109991,0.280259,FGM,0.364572,0.393566,0.238548,0.364572,0.387171,0.393566,0
0.500049,-9.16489,7.52459,0.0758656,2.57039,0.107683,0.276786,FGM,0.364572,0.393566,0.238548,0.364572,0.387171,0.393566,0
0.504053,-9.16489,7.52459,0.0758656,2.57039,0.107683,0.276786,FGM,0.364572,0.393566,0.238548,0.364572,0.387171,0.393566,0
0.509347,-9.13916,7.52664,0.0768857,2.59171,0.111767,0.289668,FGM,0.364572,0.393566,0.238548,0.364572,0.387171,0.393566,0
0.512002,-9.13916,7.52664,0.0768857,2.59171,0.111767,0.289668,FGM,0.364572,0.393566,0.238548,0.364572,0.387171,0.393566,0
0.516023,-9.13916,7.52664,0.0768857,2.59171,0.111767,0.289668,FGM,0.364572,0.393566,0.238548,0.364572,0.387171,0.393566,0
0.520005,-9.11322,7.52874,0.07807,2.61201,0.109552,0.286152,FGM,0.364572,0.393566,0.238548,0.364572,0.387171,0.393566,0
0.524045,-9.11322,7.52874,0.07807,2.61201,0.109552,0.286152,FGM,0.364572,0.393566,0.238548,0.364572,0.387171,0.393566,0
0.529389,-9.08709,7.53087,0.0791083,2.63135,0.113653,0.299062,FGM,0.364572,0.393566,0.238548,0.364572,0.387171,0.393566,0
0.53203,-9.08709,7.53087,0.0791083,2.63135,0.113653,0.299062,FGM,0.277945,0.349111,0.243594,0.277945,0.387171,0.349111,0
0.536015,-9.08709,7.53087,0.0791083,2.63135,0.113653,0.299062,FGM,0.277945,0.349111,0.243594,0.277945,0.387171,0.349111,0
0.540049,-9.06074,7.53306,0.0803046,2.65747,0.110612,0.293948,FGM,0.277945,0.349111,0.243594,0.277945,0.387171,0.349111,0
0.544051,-9.06074,7.53306,0.0803046,2.65747,0.110612,0.293948,FGM,0.277945,0.349111,0.243594,0.277945,0.387171,0.349111,0
0.54935,-9.03413,7.53529,0.0813518,2.68235,0.114014,0.305825,FGM,0.277945,0.349111,0.243594,0.277945,0.387171,0.349111,0
0.552049,-9.03413,7.53529,0.0813518,2.68235,0.114014,0.305825,FGM,0.277945,0.349111,0.243594,0.277945,0.387171,0.349111,0
0.556055,-9.03413,7.53529,0.0813518,2.68235,0.114014,0.305825,FGM,0.277945,0.349111,0.243594,0.277945,0.387171,0.349111,0
0.560055,-9.00729,7.53758,0.0825568,2.70605,0.111729,0.302344,FGM,0.277945,0.349111,0.243594,0.277945,0.387171,0.349111,0
0.564082,-9.00729,7.53758,0.0825568,2.70605,0.111729,0.302344,FGM,0.277945,0.349111,0.243594,0.277945,0.387171,0.349111,0
0.569373,-8.98022,7.5399,0.0836166,2.72861,0.115567,0.315337,FGM,0.277945,0.349111,0.243594,0.277945,0.387171,0.349111,0
0.572047,-8.98022,7.5399,0.0836166,2.72861,0.115567,0.315337,FGM,0.277945,0.349111,0.243594,0.277945,0.387171,0.349111,0
0.576057,-8.98022,7.5399,0.0836166,2.72861,0.115567,0.315337,FGM,0.277945,0.349111,0.243594,0.277945,0.387171,0.349111,0
0.580054,-8.95293,7.54228,0.0848393,2.75011,0.11354,0.312247,FGM,0.334312,0.431204,0.223948,0.334312,0.052069,0.431204,0
0.584067,-8.95293,7.54228,0.0848393,2.75011,0.11354,0.312247,FGM,0.334312,0.431204,0.223948,0.334312,0.052069,0.431204,0
0.589429,-8.9254,7.5447,0.085915,2.77559,0.116728,0.323988,FGM,0.334312,0.431204,0.223948,0.334312,0.052069,0.431204,0
0.592051,-8.9254,7.5447,0.085915,2.77559,0.116728,0.323988,FGM,0.334312,0.431204,0.223948,0.334312,0.052069,0.431204,0
0.596064,-8.9254,7.5447,0.085915,2.77559,0.116728,0.323988,FGM,0.334312,0.431204,0.223948,0.334312,0.052069,0.431204,0
0.600039,-8.89764,7.54718,0.0871471,2.79986,0.114503,0.320593,FGM,0.334312,0.431204,0.223948,0.334312,0.052069,0.431204,0
0.604042,-8.89764,7.54718,0.0871471,2.79986,0.114503,0.320593,FGM,0.334312,0.431204,0.223948,0.334312,0.052069,0.431204,0
0.609361,-8.86964,7.5497,0.0882343,2.82297,0.118211,0.333706,FGM,0.334312,0.431204,0.223948,0.334312,0.052069,0.431204,0
0.612018,-8.86964,7.5497,0.0882343,2.82297,0.118211,0.333706,FGM,0.334312,0.431204,0.223948,0.334312,0.052069,0.431204,0
0.616048,-8.86964,7.5497,0.0882343,2.82297,0.118211,0.333706,FGM,0.334312,0.431204,0.223948,0.334312,0.052069,0.431204,0
0.620046,-8.84141,7.55229,0.0894838,2.84498,0.116299,0.330868,FGM,0.334312,0.431204,0.223948,0.334312,0.052069,0.431204,0
0.624061,-8.84141,7.55229,0.0894838,2.84498,0.116299,0.330868,FGM,0.334312,0.431204,0.223948,0.334312,0.052069,0.431204,0
0.629365,-8.81298,7.55491,0.090589,2.86595,0.120166,0.34439,FGM,0.334312,0.431204,0.223948,0.334312,0.052069,0.431204,0
0.632031,-8.81298,7.55491,0.090589,2.86595,0.120166,0.34439,FGM,0.28215,0.455141,0.223856,0.28215,0.052069,0.455141,0
0.636051,-8.81298,7.55491,0.090589,2.86595,0.120166,0.34439,FGM,0.28215,0.455141,0.223856,0.28215,0.052069,0.455141,0
0.640037,-8.78433,7.5576,0.0918551,2.88963,0.117837,0.340505,FGM,0.28215,0.455141,0.223856,0.28215,0.052069,0.455141,0
0.644063,-8.78433,7.5576,0.0918551,2.88963,0.117837,0.340505,FGM,0.28215,0.455141,0.223856,0.28215,0.052069,0.455141,0
0.64937,-8.75545,7.56033,0.0929744,2.91219,0.121333,0.353345,FGM,0.28215,0.455141,0.223856,0.28215,0.052069,0.455141,0
0.652006,-8.75545,7.56033,0.0929744,2.91219,0.121333,0.353345,FGM,0.28215,0.455141,0.223856,0.28215,0.052069,0.455141,0
0.656022,-8.75545,7.56033,0.0929744,2.91219,0.121333,0.353345,FGM,0.28215,0.455141,0.223856,0.28215,0.052069,0.455141,0
0.660019,-8.72635,7.56312,0.0942552,2.93367,0.119407,0.350302,FGM,0.28215,0.455141,0.223856,0.28215,0.052069,0.455141,0
0.664036,-8.72635,7.56312,0.0942552,2.93367,0.119407,0.350302,FGM,0.28215,0.455141,0.223856,0.28215,0.052069,0.455141,0
0.669332,-8.69705,7.56595,0.0953906,2.95413,0.123132,0.363749,FGM,0.28215,0.455141,0.223856,0.28215,0.052069,0.455141,0
0.67201,-8.69705,7.56595,0.0953906,2.95413,0.123132,0.363749,FGM,0.28215,0.455141,0.223856,0.28215,0.052069,0.455141,0
0.676024,-8.69705,7.56595,0.0953906,2.95413,0.123132,0.363749,FGM,0.28215,0.455141,0.223856,0.28215,0.052069,0.455141,0
0.680008,-8.66755,7.56885,0.0966908,2.97362,0.121332,0.360796,FGM,0.27287,0.477286,0.223837,0.27287,0.052069,0.477286,0
0.684037,-8.66755,7.56885,0.0966908,2.97362,0.121332,0.360796,FGM,0.27287,0.477286,0.223837,0.27287,0.052069,0.477286,0
0.6894,-8.63783,7.5718,0.0978404,3.00031,0.123656,0.371007,FGM,0.27287,0.477286,0.223837,0.27287,0.052069,0.477286,0
0.692005,-8.63783,7.5718,0.0978404,3.00031,0.123656,0.371007,FGM,0.27287,0.477286,0.223837,0.27287,0.052069,0.477286,0
0.696028,-8.63783,7.5718,0.0978404,3.00031,0.123656,0.371007,FGM,0.27287,0.477286,0.223837,0.27287,0.052069,0.477286,0
0.70001,-8.60785,7.57481,0.0991403,3.02573,0.121275,0.366947,FGM,0.27287,0.477286,0.223837,0.27287,0.052069,0.477286,0
0.704049,-8.60785,7.57481,0.0991403,3.02573,0.121275,0.366947,FGM,0.27287,0.477286,0.223837,0.27287,0.052069,0.477286,0
0.709346,-8.57763,7.57787,0.100293,3.04995,0.124515,0.379764,FGM,0.27287,0.477286,0.223837,0.27287,0.052069,0.477286,0
0.712003,-8.57763,7.57787,0.100293,3.04995,0.124515,0.379764,FGM,0.27287,0.477286,0.223837,0.27287,0.052069,0.477286,0
0.716048,-8.57763,7.57787,0.100293,3.04995,0.124515,0.379764,FGM,0.27287,0.477286,0.223837,0.27287,0.052069,0.477286,0
0.720012,-8.54717,7.58101,0.101606,3.07301,0.122716,0.377108,FGM,0.27287,0.477286,0.223837,0.27287,0.052069,0.477286,0
0.724046,-8.54717,7.58101,0.101606,3.07301,0.122716,0.377108,FGM,0.27287,0.477286,0.223837,0.27287,0.052069,0.477286,0
0.729347,-8.5165,7.58419,0.102774,3.09497,0.126309,0.390922,FGM,0.27287,0.477286,0.223837,0.27287,0.052069,0.477286,0
0.732019,-8.5165,7.58419,0.102774,3.09497,0.126309,0.390922,FGM,0.266656,0.489714,0.217224,0.266656,0.379367,0.489714,0
0.736015,-8.5165,7.58419,0.102774,3.09497,0.126309,0.390922,FGM,0.266656,0.489714,0.217224,0.266656,0.379367,0.489714,0
0.740013,-8.48559,7.58744,0.104101,3.12077,0.123934,0.38677,FGM,0.266656,0.489714,0.217224,0.266656,0.379367,0.489714,0
0.744014,-8.48559,7.58744,0.104101,3.12077,0.123934,0.38677,FGM,0.266656,0.489714,0.217224,0.266656,0.379367,0.489714,0
0.749347,-8.45443,7.59074,0.10528,3.14534,0.127034,0.399567,FGM,0.266656,0.489714,0.217224,0.266656,0.379367,0.489714,0
0.752014,-8.45443,7.59074,0.10528,3.14534,0.127034,0.399567,FGM,0.266656,0.489714,0.217224,0.266656,0.379367,0.489714,0
0.75601,-8.45443,7.59074,0.10528,3.14534,0.127034,0.399567,FGM,0.266656,0.489714,0.217224,0.266656,0.379367,0.489714,0
0.760013,-8.42304,7.59412,0.106618,3.16875,0.125294,0.397024,FGM,0.266656,0.489714,0.217224,0.266656,0.379367,0.489714,0
0.764009,-8.42304,7.59412,0.106618,3.16875,0.125294,0.397024,FGM,0.266656,0.489714,0.217224,0.266656,0.379367,0.489714,0
0.769299,-8.39143,7.59754,0.107812,3.19104,0.12879,0.410974,FGM,0.266656,0.489714,0.217224,0.266656,0.379367,0.489714,0
0.772003,-8.39143,7.59754,0.107812,3.19104,0.12879,0.410974,FGM,0.266656,0.489714,0.217224,0.266656,0.379367,0.489714,0
0.776007,-8.39143,7.59754,0.107812,3.19104,0.12879,0.410974,FGM,0.266656,0.489714,0.217224,0.266656,0.379367,0.489714,0
0.780018,-8.3596,7.60104,0.109169,3.21227,0.127284,0.408872,FGM,0.27669,0.499899,0.212428,0.27669,0.379367,0.499899,0
0.784008,-8.3596,7.60104,0.109169,3.21227,0.127284,0.408872,FGM,0.27669,0.499899,0.212428,0.27669,0.379367,0.499899,0
0.789352,-8.32752,7.6046,0.110375,3.24336,0.128705,0.417435,FGM,0.27669,0.499899,0.212428,0.27669,0.379367,0.499899,0
0.792003,-8.32752,7.6046,0.110375,3.24336,0.128705,0.417435,FGM,0.27669,0.499899,0.212428,0.27669,0.379367,0.499899,0
0.79601,-8.32752,7.6046,0.110375,3.24336,0.128705,0.417435,FGM,0.27669,0.499899,0.212428,0.27669,0.379367,0.499899,0
0.80001,-8.29514,7.60824,0.111723,3.27297,0.126218,0.413109,FGM,0.27669,0.499899,0.212428,0.27669,0.379367,0.499899,0
0.80402,-8.29514,7.60824,0.111723,3.27297,0.126218,0.413109,FGM,0.27669,0.499899,0.212428,0.27669,0.379367,0.499899,0
0.80934,-8.26248,7.61193,0.112925,3.30118,0.129009,0.425881,FGM,0.27669,0.499899,0.212428,0.27669,0.379367,0.499899,0
0.812012,-8.26248,7.61193,0.112925,3.30118,0.129009,0.425881,FGM,0.27669,0.499899,0.212428,0.27669,0.379367,0.499899,0
0.816015,-8.26248,7.61193,0.112925,3.30118,0.129009,0.425881,FGM,0.27669,0.499899,0.212428,0.27669,0.379367,0.499899,0
0.820012,-8.22955,7.61571,0.114282,3.32804,0.127425,0.424076,FGM,0.27669,0.499899,0.212428,0.27669,0.379367,0.499899,0
0.824052,-8.22955,7.61571,0.114282,3.32804,0.127425,0.424076,FGM,0.27669,0.499899,0.212428,0.27669,0.379367,0.499899,0
0.829311,-8.19637,7.61955,0.115498,3.35363,0.130802,0.438662,FGM,0.27669,0.499899,0.212428,0.27669,0.379367,0.499899,0
0.832009,-8.19637,7.61955,0.115498,3.35363,0.130802,0.438662,FRENET,0.214007,0.379367,0.214007,0.104069,0.379367,0.349994,0
0.836026,-8.19637,7.61955,0.115498,3.35363,0.130802,0.438662,FRENET,0.214007,0.379367,0.214007,0.104069,0.379367,0.349994,0
0.840035,-8.16353,7.6234,0.117041,3.25853,0.152044,0.49544,FRENET,0.214007,0.379367,0.214007,0.104069,0.379367,0.349994,0
0.844047,-8.16353,7.6234,0.117041,3.25853,0.152044,0.49544,FRENET,0.214007,0.379367,0.214007,0.104069,0.379367,0.349994,0
0.849346,-8.13164,7.62716,0.11856,3.16343,0.174746,0.552797,FRENET,0.214007,0.379367,0.214007,0.104069,0.379367,0.349994,0
0.852008,-8.13164,7.62716,0.11856,3.16343,0.174746,0.552797,FRENET,0.214007,0.379367,0.214007,0.104069,0.379367,0.349994,0
0.856011,-8.13164,7.62716,0.11856,3.16343,0.174746,0.552797,FRENET,0.214007,0.379367,0.214007,0.104069,0.379367,0.349994,0
0.860028,-8.1007,7.63087,0.120469,3.06833,0.182132,0.55884,FRENET,0.214007,0.379367,0.214007,0.104069,0.379367,0.349994,0
0.864015,-8.1007,7.63087,0.120469,3.06833,0.182132,0.55884,FRENET,0.214007,0.379367,0.214007,0.104069,0.379367,0.349994,0
0.869322,-8.07071,7.63446,0.121807,2.97323,0.0688596,0.204735,FRENET,0.214007,0.379367,0.214007,0.104069,0.379367,0.349994,0
0.871971,-8.07071,7.63446,0.121807,2.97323,0.0688596,0.204735,FRENET,0.214007,0.379367,0.214007,0.104069,0.379367,0.349994,0
0.875996,-8.07071,7.63446,0.121807,2.97323,0.0688596,0.204735,FRENET,0.214007,0.379367,0.214007,0.104069,0.379367,0.349994,0
0.880013,-8.04165,7.63787,0.122016,2.87813,0.0022297,0.00641735,FRENET,0.0937239,0.774006,0.0937239,0.18918,0.774006,0.453899,0
0.883989,-8.04165,7.63787,0.122016,2.87813,0.0022297,0.00641735,FRENET,0.0937239,0.774006,0.0937239,0.18918,0.774006,0.453899,0
0.889344,-8.01354,7.64116,0.121878,2.78303,-0.0507454,-0.141226,FRENET,0.0937239,0.774006,0.0937239,0.18918,0.774006,0.453899,0
0.891992,-8.01354,7.64116,0.121878,2.78303,-0.0507454,-0.141226,FRENET,0.0937239,0.774006,0.0937239,0.18918,0.774006,0.453899,0
0.896012,-8.01354,7.64116,0.121878,2.78303,-0.0507454,-0.141226,FRENET,0.0937239,0.774006,0.0937239,0.18918,0.774006,0.453899,0
0.900046,-7.98636,7.64429,0.121109,2.68793,-0.0766295,-0.205974,FRENET,0.0937239,0.774006,0.0937239,0.18918,0.774006,0.453899,0
0.90401,-7.98636,7.64429,0.121109,2.68793,-0.0766295,-0.205974,FRENET,0.0937239,0.774006,0.0937239,0.18918,0.774006,0.453899,0
0.909303,-7.96014,7.64736,0.120748,2.59283,0.0209973,0.0544423,FRENET,0.0937239,0.774006,0.0937239,0.18918,0.774006,0.453899,0
0.911993,-7.96014,7.64736,0.120748,2.59283,0.0209973,0.0544423,FRENET,0.0937239,0.774006,0.0937239,0.18918,0.774006,0.453899,0
0.916012,-7.96014,7.64736,0.120748,2.59283,0.0209973,0.0544423,FRENET,0.0937239,0.774006,0.0937239,0.18918,0.774006,0.453899,0
0.919997,-7.93487,7.65044,0.121774,2.49773,0.194192,0.485039,FRENET,0.0937239,0.774006,0.0937239,0.18918,0.774006,0.453899,0
0.924034,-7.93487,7.65044,0.121774,2.49773,0.194192,0.485039,FRENET,0.0937239,0.774006,0.0937239,0.18918,0.774006,0.453899,0
0.929334,-7.91057,7.65355,0.124352,2.40263,0.28781,0.691501,FRENET,0.0937239,0.774006,0.0937239,0.18918,0.774006,0.453899,0
0.931998,-7.91057,7.65355,0.124352,2.40263,0.28781,0.691501,FRENET,0.0904408,0.774006,0.0904408,0.243353,0.774006,0.480362,0
0.936046,-7.91057,7.65355,0.124352,2.40263,0.28781,0.691501,FRENET,0.0904408,0.774006,0.0904408,0.243353,0.774006,0.480362,0
0.939997,-7.88722,7.65662,0.127455,2.30753,0.351238,0.81049,FRENET,0.0904408,0.774006,0.0904408,0.243353,0.774006,0.480362,0
0.944013,-7.88722,7.65662,0.127455,2.30753,0.351238,0.81049,FRENET,0.0904408,0.774006,0.0904408,0.243353,0.774006,0.480362,0
0.949311,-7.86483,7.65969,0.131222,2.21243,0.373991,0.827427,FRENET,0.0904408,0.774006,0.0904408,0.243353,0.774006,0.480362,0
0.951991,-7.86483,7.65969,0.131222,2.21243,0.373991,0.827427,FRENET,0.0904408,0.774006,0.0904408,0.243353,0.774006,0.480362,0
0.95601,-7.86483,7.65969,0.131222,2.21243,0.373991,0.827427,FRENET,0.0904408,0.774006,0.0904408,0.243353,0.774006,0.480362,0
0.960012,-7.84339,7.66269,0.134947,2.11733,0.392967,0.83204,FRENET,0.0904408,0.774006,0.0904408,0.243353,0.774006,0.480362,0
0.964025,-7.84339,7.66269,0.134947,2.11733,0.392967,0.83204,FRENET,0.0904408,0.774006,0.0904408,0.243353,0.774006,0.480362,0
0.969369,-7.82285,7.66566,0.138944,2.03237,0.381637,0.77563,FRENET,0.0904408,0.774006,0.0904408,0.243353,0.774006,0.480362,0
0.971991,-7.82285,7.66566,0.138944,2.03237,0.381637,0.77563,FRENET,0.0904408,0.774006,0.0904408,0.243353,0.774006,0.480362,0
0.976025,-7.82285,7.66566,0.138944,2.03237,0.381637,0.77563,FRENET,0.0904408,0.774006,0.0904408,0.243353,0.774006,0.480362,0
0.979999,-7.80309,7.66859,0.1426,1.96358,0.372172,0.730789,FRENET,0.0846956,0.774006,0.0846956,0.233469,0.774006,0.452017,0
0.984012,-7.80309,7.66859,0.1426,1.96358,0.372172,0.730789,FRENET,0.0846956,0.774006,0.0846956,0.233469,0.774006,0.452017,0
0.988669,-7.78396,7.67152,0.146286,1.90787,0.344548,0.657352,FRENET,0.0846956,0.774006,0.0846956,0.233469,0.774006,0.452017,0
0.992013,-7.78396,7.67152,0.146286,1.90787,0.344548,0.657352,FRENET,0.0846956,0.774006,0.0846956,0.233469,0.774006,0.452017,0
0.996008,-7.78396,7.67152,0.146286,1.90787,0.344548,0.657352,FRENET,0.0846956,0.774006,0.0846956,0.233469,0.774006,0.452017,0
1.00003,-7.76533,7.67444,0.149549,1.86275,0.329955,0.614626,FRENET,0.0846956,0.774006,0.0846956,0.233469,0.774006,0.452017,0
1.00402,-7.76533,7.67444,0.149549,1.86275,0.329955,0.614626,FRENET,0.0846956,0.774006,0.0846956,0.233469,0.774006,0.452017,0
1.00864,-7.74713,7.6774,0.152817,1.82622,0.304732,0.556508,FRENET,0.0846956,0.774006,0.0846956,0.233469,0.774006,0.452017,0
1.01201,-7.74713,7.6774,0.152817,1.82622,0.304732,0.556508,FRENET,0.0846956,0.774006,0.0846956,0.233469,0.774006,0.452017,0
1.01603,-7.74713,7.6774,0.152817,1.82622,0.304732,0.556508,FRENET,0.0846956,0.774006,0.0846956,0.233469,0.774006,0.452017,0
1.02,-7.72925,7.68036,0.155713,1.79664,0.295131,0.530244,FRENET,0.0846956,0.774006,0.0846956,0.233469,0.774006,0.452017,0
1.024,-7.72925,7.68036,0.155713,1.79664,0.295131,0.530244,FRENET,0.0846956,0.774006,0.0846956,0.233469,0.774006,0.452017,0
1.02867,-7.71166,7.68336,0.158662,1.77268,0.276341,0.489864,FRENET,0.0846956,0.774006,0.0846956,0.233469,0.774006,0.452017,0
1.03203,-7.71166,7.68336,0.158662,1.77268,0.276341,0.489864,FRENET,0,0.921933,0,0.209245,0.921933,0.440951,0
1.03601,-7.71166,7.68336,0.158662,1.77268,0.276341,0.489864,FRENET,0,0.921933,0,0.209245,0.921933,0.440951,0
1.04,-7.69466,7.68631,0.161407,1.67758,0.294612,0.494235,FRENET,0,0.921933,0,0.209245,0.921933,0.440951,0
1.04401,-7.69466,7.68631,0.161407,1.67758,0.294612,0.494235,FRENET,0,0.921933,0,0.209245,0.921933,0.440951,0
1.04868,-7.67858,7.68917,0.164408,1.59018,0.279906,0.445101,FRENET,0,0.921933,0,0.209245,0.921933,0.440951,0
1.05201,-7.67858,7.68917,0.164408,1.59018,0.279906,0.445101,FRENET,0,0.921933,0,0.209245,0.921933,0.440951,0
1.05601,-7.67858,7.68917,0.164408,1.59018,0.279906,0.445101,FRENET,0,0.921933,0,0.209245,0.921933,0.440951,0
1.06,-7.66327,7.6919,0.166704,1.5194,0.168978,0.256745,FRENET,0,0.921933,0,0.209245,0.921933,0.440951,0
1.06401,-7.66327,7.6919,0.166704,1.5194,0.168978,0.256745,FRENET,0,0.921933,0,0.209245,0.921933,0.440951,0
1.06867,-7.64859,7.69449,0.168037,1.46209,0.126423,0.184842,FRENET,0,0.921933,0,0.209245,0.921933,0.440951,0
1.072,-7.64859,7.69449,0.168037,1.46209,0.126423,0.184842,FRENET,0,0.921933,0,0.209245,0.921933,0.440951,0
1.07601,-7.64859,7.69449,0.168037,1.46209,0.126423,0.184842,FRENET,0,0.921933,0,0.209245,0.921933,0.440951,0
1.08002,-7.63442,7.697,0.169215,1.41567,0.0911001,0.128968,FRENET,0,0.921933,0,0.200754,0.921933,0.419294,0
1.08401,-7.63442,7.697,0.169215,1.41567,0.0911001,0.128968,FRENET,0,0.921933,0,0.200754,0.921933,0.419294,0
1.08872,-7.62067,7.69943,0.169986,1.37809,0.0856385,0.118017,FRENET,0,0.921933,0,0.200754,0.921933,0.419294,0
1.09203,-7.62067,7.69943,0.169986,1.37809,0.0856385,0.118017,FRENET,0,0.921933,0,0.200754,0.921933,0.419294,0
1.09598,-7.62067,7.69943,0.169986,1.37809,0.0856385,0.118017,FRENET,0,0.921933,0,0.200754,0.921933,0.419294,0
1.1,-7.60725,7.70183,0.170857,1.34765,0.0692542,0.0933305,FRENET,0,0.921933,0,0.200754,0.921933,0.419294,0
1.10401,-7.60725,7.70183,0.170857,1.34765,0.0692542,0.0933305,FRENET,0,0.921933,0,0.200754,0.921933,0.419294,0
1.10863,-7.59417,7.70417,0.171467,1.30944,0.0740582,0.096975,FRENET,0,0.921933,0,0.200754,0.921933,0.419294,0
1.11202,-7.59417,7.70417,0.171467,1.30944,0.0740582,0.096975,FRENET,0,0.921933,0,0.200754,0.921933,0.419294,0
1.11603,-7.59417,7.70417,0.171467,1.30944,0.0740582,0.096975,FRENET,0,0.921933,0,0.200754,0.921933,0.419294,0
1.12,-7.58144,7.70647,0.172246,1.2785,0.0616472,0.0788161,FRENET,0,0.921933,0,0.200754,0.921933,0.419294,0
1.12401,-7.58144,7.70647,0.172246,1.2785,0.0616472,0.0788161,FRENET,0,0.921933,0,0.200754,0.921933,0.419294,0
1.12864,-7.56898,7.70871,0.172794,1.25345,0.0681752,0.0854541,FRENET,0,0.921933,0,0.200754,0.921933,0.419294,0
1.13201,-7.56898,7.70871,0.172794,1.25345,0.0681752,0.0854541,FRENET,0,0.921933,0,0.190123,0.921933,0.419804,0
1.13603,-7.56898,7.70871,0.172794,1.25345,0.0681752,0.0854541,FRENET,0,0.921933,0,0.190123,0.921933,0.419804,0
1.13997,-7.55675,7.71097,0.173805,1.23316,0.141991,0.175097,FRENET,0,0.921933,0,0.190123,0.921933,0.419804,0
1.14401,-7.55675,7.71097,0.173805,1.23316,0.141991,0.175097,FRENET,0,0.921933,0,0.190123,0.921933,0.419804,0
1.14867,-7.54472,7.71327,0.175421,1.21673,0.157192,0.19126,FRENET,0,0.921933,0,0.190123,0.921933,0.419804,0
1.152,-7.54472,7.71327,0.175421,1.21673,0.157192,0.19126,FRENET,0,0.921933,0,0.190123,0.921933,0.419804,0
1.156,-7.54472,7.71327,0.175421,1.21673,0.157192,0.19126,FRENET,0,0.921933,0,0.190123,0.921933,0.419804,0
1.16002,-7.53284,7.71558,0.17699,1.20342,0.174115,0.209533,FRENET,0,0.921933,0,0.190123,0.921933,0.419804,0
1.16401,-7.53284,7.71558,0.17699,1.20342,0.174115,0.209533,FRENET,0,0.921933,0,0.190123,0.921933,0.419804,0
1.16868,-7.52109,7.71792,0.178795,1.19265,0.167169,0.199374,FRENET,0,0.921933,0,0.190123,0.921933,0.419804,0
1.172,-7.52109,7.71792,0.178795,1.19265,0.167169,0.199374,FRENET,0,0.921933,0,0.190123,0.921933,0.419804,0
1.176,-7.52109,7.71792,0.178795,1.19265,0.167169,0.199374,FRENET,0,0.921933,0,0.190123,0.921933,0.419804,0
1.18002,-7.50944,7.72025,0.180416,1.18392,0.175816,0.208152,FRENET,0,0.941325,0,0.18573,0.941325,0.419903,0
1.18398,-7.50944,7.72025,0.180416,1.18392,0.175816,0.208152,FRENET,0,0.941325,0,0.18573,0.941325,0.419903,0
1.18864,-7.49811,7.72257,0.182253,1.13001,0.166498,0.188146,FRENET,0,0.941325,0,0.18573,0.941325,0.419903,0
1.19201,-7.49811,7.72257,0.182253,1.13001,0.166498,0.188146,FRENET,0,0.941325,0,0.18573,0.941325,0.419903,0
1.196,-7.49811,7.72257,0.182253,1.13001,0.166498,0.188146,FRENET,0,0.941325,0,0.18573,0.941325,0.419903,0
1.2,-7.48725,7.7248,0.183843,1.08636,0.173449,0.188428,FRENET,0,0.941325,0,0.18573,0.941325,0.419903,0
1.20401,-7.48725,7.7248,0.183843,1.08636,0.173449,0.188428,FRENET,0,0.941325,0,0.18573,0.941325,0.419903,0
1.20865,-7.47679,7.72699,0.185594,1.05101,0.155165,0.16308,FRENET,0,0.941325,0,0.18573,0.941325,0.419903,0
1.21201,-7.47679,7.72699,0.185594,1.05101,0.155165,0.16308,FRENET,0,0.941325,0,0.18573,0.941325,0.419903,0
1.21601,-7.47679,7.72699,0.185594,1.05101,0.155165,0.16308,FRENET,0,0.941325,0,0.18573,0.941325,0.419903,0
1.22,-7.46664,7.72909,0.18679,1.02238,0.0771924,0.0789201,FRENET,0,0.941325,0,0.18573,0.941325,0.419903,0
1.22406,-7.46664,7.72909,0.18679,1.02238,0.0771924,0.0789201,FRENET,0,0.941325,0,0.18573,0.941325,0.419903,0
1.22867,-7.45673,7.73109,0.187375,0.9992,0.0659513,0.0658985,FRENET,0,0.941325,0,0.18573,0.941325,0.419903,0
1.23204,-7.45673,7.73109,0.187375,0.9992,0.0659513,0.0658985,FRENET,0,0.941325,0,0.166846,0.941325,0.405861,0
1.23603,-7.45673,7.73109,0.187375,0.9992,0.0659513,0.0658985,FRENET,0,0.941325,0,0.166846,0.941325,0.405861,0
1.24001,-7.44703,7.73304,0.188029,0.980427,0.0459063,0.0450078,FRENET,0,0.941325,0,0.166846,0.941325,0.405861,0
1.24402,-7.44703,7.73304,0.188029,0.980427,0.0459063,0.0450078,FRENET,0,0.941325,0,0.166846,0.941325,0.405861,0
1.24868,-7.43749,7.73494,0.188425,0.965225,0.0545724,0.0526746,FRENET,0,0.941325,0,0.166846,0.941325,0.405861,0
1.25202,-7.43749,7.73494,0.188425,0.965225,0.0545724,0.0526746,FRENET,0,0.941325,0,0.166846,0.941325,0.405861,0
1.25603,-7.43749,7.73494,0.188425,0.965225,0.0545724,0.0526746,FRENET,0,0.941325,0,0.166846,0.941325,0.405861,0
1.26001,-7.42809,7.73683,0.189005,0.952914,0.0411745,0.0392358,FRENET,0,0.941325,0,0.166846,0.941325,0.405861,0
1.26402,-7.42809,7.73683,0.189005,0.952914,0.0411745,0.0392358,FRENET,0,0.941325,0,0.166846,0.941325,0.405861,0
1.26869,-7.41879,7.73868,0.18937,0.942945,0.0522001,0.0492218,FRENET,0,0.941325,0,0.166846,0.941325,0.405861,0
1.27202,-7.41879,7.73868,0.18937,0.942945,0.0522001,0.0492218,FRENET,0,0.941325,0,0.166846,0.941325,0.405861,0
1.27602,-7.41879,7.73868,0.18937,0.942945,0.0522001,0.0492218,FRENET,0,0.941325,0,0.166846,0.941325,0.405861,0
1.28002,-7.40958,7.74053,0.18993,0.934871,0.03965,0.0370676,FRENET,0,0.941325,0,0.150111,0.941325,0.399429,0
1.28403,-7.40958,7.74053,0.18993,0.934871,0.03965,0.0370676,FRENET,0,0.941325,0,0.150111,0.941325,0.399429,0
1.28866,-7.40045,7.74235,0.190283,0.928334,0.0511342,0.0474696,FRENET,0,0.941325,0,0.150111,0.941325,0.399429,0
1.29202,-7.40045,7.74235,0.190283,0.928334,0.0511342,0.0474696,FRENET,0,0.941325,0,0.150111,0.941325,0.399429,0
1.29602,-7.40045,7.74235,0.190283,0.928334,0.0511342,0.0474696,FRENET,0,0.941325,0,0.150111,0.941325,0.399429,0
1.30001,-7.39137,7.74418,0.190833,0.92304,0.0388048,0.0358183,FRENET,0,0.941325,0,0.150111,0.941325,0.399429,0
1.30402,-7.39137,7.74418,0.190833,0.92304,0.0388048,0.0358183,FRENET,0,0.941325,0,0.150111,0.941325,0.399429,0
1.30869,-7.38234,7.74599,0.19118,0.918752,0.0504948,0.0463922,FRENET,0,0.941325,0,0.150111,0.941325,0.399429,0
1.31203,-7.38234,7.74599,0.19118,0.918752,0.0504948,0.0463922,FRENET,0,0.941325,0,0.150111,0.941325,0.399429,0
1.31603,-7.38234,7.74599,0.19118,0.918752,0.0504948,0.0463922,FRENET,0,0.941325,0,0.150111,0.941325,0.399429,0
1.32001,-7.37336,7.74781,0.191723,0.915281,0.0382771,0.0350342,FRENET,0,0.941325,0,0.150111,0.941325,0.399429,0
1.32402,-7.37336,7.74781,0.191723,0.915281,0.0382771,0.0350342,FRENET,0,0.941325,0,0.150111,0.941325,0.399429,0
1.32869,-7.3644,7.74961,0.192065,0.912469,0.0500919,0.0457073,FRENET,0,0.941325,0,0.150111,0.941325,0.399429,0
1.33202,-7.3644,7.74961,0.192065,0.912469,0.0500919,0.0457073,FRENET,0,0.962485,0,0.153561,0.962485,0.406396,0
1.33602,-7.3644,7.74961,0.192065,0.912469,0.0500919,0.0457073,FRENET,0,0.962485,0,0.153561,0.962485,0.406396,0
1.34001,-7.35541,7.75144,0.192602,0.920721,0.0385945,0.0355348,FRENET,0,0.962485,0,0.153561,0.962485,0.406396,0
1.34402,-7.35541,7.75144,0.192602,0.920721,0.0385945,0.0355348,FRENET,0,0.962485,0,0.153561,0.962485,0.406396,0
1.34865,-7.34635,7.75327,0.19295,0.92858,0.0498341,0.0462749,FRENET,0,0.962485,0,0.153561,0.962485,0.406396,0
1.35202,-7.34635,7.75327,0.19295,0.92858,0.0498341,0.0462749,FRENET,0,0.962485,0,0.153561,0.962485,0.406396,0
1.35603,-7.34635,7.75327,0.19295,0.92858,0.0498341,0.0462749,FRENET,0,0.962485,0,0.153561,0.962485,0.406396,0
1.36001,-7.33722,7.75516,0.193721,0.936066,0.110806,0.103721,FRENET,0,0.962485,0,0.153561,0.962485,0.406396,0
1.36403,-7.33722,7.75516,0.193721,0.936066,0.110806,0.103721,FRENET,0,0.962485,0,0.153561,0.962485,0.406396,0
1.36865,-7.32803,7.75713,0.194979,0.943196,0.118052,0.111346,FRENET,0,0.962485,0,0.153561,0.962485,0.406396,0
1.37202,-7.32803,7.75713,0.194979,0.943196,0.118052,0.111346,FRENET,0,0.962485,0,0.153561,0.962485,0.406396,0
1.37602,-7.32803,7.75713,0.194979,0.943196,0.118052,0.111346,FRENET,0,0.962485,0,0.153561,0.962485,0.406396,0
1.38001,-7.31878,7.75914,0.196164,0.949986,0.136242,0.129428,FRENET,0,0.962485,0,0.16194,0.962485,0.415308,0
1.38403,-7.31878,7.75914,0.196164,0.949986,0.136242,0.129428,FRENET,0,0.962485,0,0.16194,0.962485,0.415308,0
1.38866,-7.30948,7.7612,0.197587,0.956454,0.129093,0.123471,FRENET,0,0.962485,0,0.16194,0.962485,0.415308,0
1.39202,-7.30948,7.7612,0.197587,0.956454,0.129093,0.123471,FRENET,0,0.962485,0,0.16194,0.962485,0.415308,0
1.39602,-7.30948,7.7612,0.197587,0.956454,0.129093,0.123471,FRENET,0,0.962485,0,0.16194,0.962485,0.415308,0
1.40001,-7.30011,7.76328,0.198849,0.962614,0.141804,0.136503,FRENET,0,0.962485,0,0.16194,0.962485,0.415308,0
1.40402,-7.30011,7.76328,0.198849,0.962614,0.141804,0.136503,FRENET,0,0.962485,0,0.16194,0.962485,0.415308,0
1.40869,-7.29069,7.76541,0.200315,0.968482,0.132674,0.128492,FRENET,0,0.962485,0,0.16194,0.962485,0.415308,0
1.41203,-7.29069,7.76541,0.200315,0.968482,0.132674,0.128492,FRENET,0,0.962485,0,0.16194,0.962485,0.415308,0
1.41602,-7.29069,7.76541,0.200315,0.968482,0.132674,0.128492,FRENET,0,0.962485,0,0.16194,0.962485,0.415308,0
1.42001,-7.28122,7.76755,0.201607,0.97407,0.144295,0.140553,FRENET,0,0.962485,0,0.16194,0.962485,0.415308,0
1.42402,-7.28122,7.76755,0.201607,0.97407,0.144295,0.140553,FRENET,0,0.962485,0,0.16194,0.962485,0.415308,0
1.42876,-7.2717,7.76973,0.203096,0.979393,0.134809,0.132031,FRENET,0,0.962485,0,0.16194,0.962485,0.415308,0
1.43209,-7.2717,7.76973,0.203096,0.979393,0.134809,0.132031,FRENET,0,0.962485,0,0.177059,0.962485,0.431849,0
1.43609,-7.2717,7.76973,0.203096,0.979393,0.134809,0.132031,FRENET,0,0.962485,0,0.177059,0.962485,0.431849,0
1.44009,-7.26213,7.77192,0.204407,0.984462,0.146032,0.143763,FRENET,0,0.962485,0,0.177059,0.962485,0.431849,0
1.44411,-7.26213,7.77192,0.204407,0.984462,0.146032,0.143763,FRENET,0,0.962485,0,0.177059,0.962485,0.431849,0
1.44878,-7.25251,7.77415,0.205912,0.989291,0.13648,0.135019,FRENET,0,0.962485,0,0.177059,0.962485,0.431849,0
1.45212,-7.25251,7.77415,0.205912,0.989291,0.13648,0.135019,FRENET,0,0.962485,0,0.177059,0.962485,0.431849,0
1.4561,-7.25251,7.77415,0.205912,0.989291,0.13648,0.135019,FRENET,0,0.962485,0,0.177059,0.962485,0.431849,0
1.46009,-7.24285,7.77639,0.207239,0.99389,0.14747,0.146569,FRENET,0,0.962485,0,0.177059,0.962485,0.431849,0
1.46414,-7.24285,7.77639,0.207239,0.99389,0.14747,0.146569,FRENET,0,0.962485,0,0.177059,0.962485,0.431849,0
1.46877,-7.23316,7.77867,0.208759,0.99827,0.137919,0.13768,FRENET,0,0.962485,0,0.177059,0.962485,0.431849,0
1.4721,-7.23316,7.77867,0.208759,0.99827,0.137919,0.13768,FRENET,0,0.962485,0,0.177059,0.962485,0.431849,0
1.4761,-7.23316,7.77867,0.208759,0.99827,0.137919,0.13768,FRENET,0,0.962485,0,0.177059,0.962485,0.431849,0
1.4801,-7.22342,7.78096,0.210099,1.00244,0.148734,0.149097,FGM,0.178227,0.436916,0,0.178227,0.981404,0.436916,0
1.48411,-7.22342,7.78096,0.210099,1.00244,0.148734,0.149097,FGM,0.178227,0.436916,0,0.178227,0.981404,0.436916,0
1.48878,-7.21323,7.78339,0.211601,1.09202,0.143379,0.156573,FGM,0.178227,0.436916,0,0.178227,0.981404,0.436916,0
1.49211,-7.21323,7.78339,0.211601,1.09202,0.143379,0.156573,FGM,0.178227,0.436916,0,0.178227,0.981404,0.436916,0
1.4961,-7.21323,7.78339,0.211601,1.09202,0.143379,0.156573,FGM,0.178227,0.436916,0,0.178227,0.981404,0.436916,0
1.50009,-7.20219,7.786,0.212866,1.17734,0.104591,0.123139,FGM,0.178227,0.436916,0,0.178227,0.981404,0.436916,0
1.50411,-7.20219,7.786,0.212866,1.17734,0.104591,0.123139,FGM,0.178227,0.436916,0,0.178227,0.981404,0.436916,0
1.50878,-7.19032,7.78874,0.213612,1.2586,0.0411013,0.0517303,FGM,0.178227,0.436916,0,0.178227,0.981404,0.436916,0
1.5121,-7.19032,7.78874,0.213612,1.2586,0.0411013,0.0517303,FGM,0.178227,0.436916,0,0.178227,0.981404,0.436916,0
1.51611,-7.19032,7.78874,0.213612,1.2586,0.0411013,0.0517303,FGM,0.178227,0.436916,0,0.178227,0.981404,0.436916,0
1.52009,-7.17766,7.79157,0.213619,1.336,-0.0425427,-0.0568372,FGM,0.178227,0.436916,0,0.178227,0.981404,0.436916,0
1.5241,-7.17766,7.79157,0.213619,1.336,-0.0425427,-0.0568372,FGM,0.178227,0.436916,0,0.178227,0.981404,0.436916,0
1.52877,-7.16424,7.79445,0.21289,1.40972,-0.0874344,-0.123258,FGM,0.178227,0.436916,0,0.178227,0.981404,0.436916,0
1.53211,-7.16424,7.79445,0.21289,1.40972,-0.0874344,-0.123258,FGM,0.22684,0.481253,0,0.22684,0.981404,0.481253,0
1.53611,-7.16424,7.79445,0.21289,1.40972,-0.0874344,-0.123258,FGM,0.22684,0.481253,0,0.22684,0.981404,0.481253,0
1.54009,-7.15011,7.79741,0.211868,1.47729,-0.126779,-0.187289,FGM,0.22684,0.481253,0,0.22684,0.981404,0.481253,0
1.54411,-7.15011,7.79741,0.211868,1.47729,-0.126779,-0.187289,FGM,0.22684,0.481253,0,0.22684,0.981404,0.481253,0
1.54876,-7.13532,7.80042,0.210422,1.54164,-0.148437,-0.228836,FGM,0.22684,0.481253,0,0.22684,0.981404,0.481253,0
1.5521,-7.13532,7.80042,0.210422,1.54164,-0.148437,-0.228836,FGM,0.22684,0.481253,0,0.22684,0.981404,0.481253,0
1.55611,-7.13532,7.80042,0.210422,1.54164,-0.148437,-0.228836,FGM,0.22684,0.481253,0,0.22684,0.981404,0.481253,0
1.56009,-7.1199,7.80351,0.208876,1.60293,-0.172444,-0.276416,FGM,0.22684,0.481253,0,0.22684,0.981404,0.481253,0
1.5641,-7.1199,7.80351,0.208876,1.60293,-0.172444,-0.276416,FGM,0.22684,0.481253,0,0.22684,0.981404,0.481253,0
1.56878,-7.10389,7.80666,0.207023,1.6613,-0.184582,-0.306646,FGM,0.22684,0.481253,0,0.22684,0.981404,0.481253,0
1.57211,-7.10389,7.80666,0.207023,1.6613,-0.184582,-0.306646,FGM,0.22684,0.481253,0,0.22684,0.981404,0.481253,0
1.57611,-7.10389,7.80666,0.207023,1.6613,-0.184582,-0.306646,FGM,0.22684,0.481253,0,0.22684,0.981404,0.481253,0
1.58009,-7.0873,7.80987,0.205154,1.71691,-0.201809,-0.346487,FGM,0.212636,0.27722,0,0.212636,0.981404,0.27722,0
1.58411,-7.0873,7.80987,0.205154,1.71691,-0.201809,-0.346487,FGM,0.212636,0.27722,0,0.212636,0.981404,0.27722,0
1.58877,-7.07072,7.81303,0.202885,1.6595,-0.225405,-0.374061,FGM,0.212636,0.27722,0,0.212636,0.981404,0.27722,0
1.5921,-7.07072,7.81303,0.202885,1.6595,-0.225405,-0.374061,FGM,0.212636,0.27722,0,0.212636,0.981404,0.27722,0
1.59611,-7.07072,7.81303,0.202885,1.6595,-0.225405,-0.374061,FGM,0.212636,0.27722,0,0.212636,0.981404,0.27722,0
1.60009,-7.05464,7.81606,0.200637,1.61302,-0.243193,-0.392275,FGM,0.212636,0.27722,0,0.212636,0.981404,0.27722,0
1.6041,-7.05464,7.81606,0.200637,1.61302,-0.243193,-0.392275,FGM,0.212636,0.27722,0,0.212636,0.981404,0.27722,0
1.60878,-7.03896,7.81895,0.198135,1.57538,-0.235906,-0.37164,FGM,0.212636,0.27722,0,0.212636,0.981404,0.27722,0
1.6121,-7.03896,7.81895,0.198135,1.57538,-0.235906,-0.37164,FGM,0.212636,0.27722,0,0.212636,0.981404,0.27722,0
1.6161,-7.03896,7.81895,0.198135,1.57538,-0.235906,-0.37164,FGM,0.212636,0.27722,0,0.212636,0.981404,0.27722,0
1.62009,-7.02362,7.82179,0.196172,1.54489,-0.147189,-0.227391,FGM,0.212636,0.27722,0,0.212636,0.981404,0.27722,0
1.6241,-7.02362,7.82179,0.196172,1.54489,-0.147189,-0.227391,FGM,0.212636,0.27722,0,0.212636,0.981404,0.27722,0
1.62877,-7.00856,7.82463,0.195293,1.52021,-0.0245503,-0.0373215,FGM,0.212636,0.27722,0,0.212636,0.981404,0.27722,0
1.6321,-7.00856,7.82463,0.195293,1.52021,-0.0245503,-0.0373215,FGM,0.195685,0.293469,0,0.195685,0.981404,0.293469,0
1.6361,-7.00856,7.82463,0.195293,1.52021,-0.0245503,-0.0373215,FGM,0.195685,0.293469,0,0.195685,0.981404,0.293469,0
1.64009,-6.99374,7.82755,0.195712,1.50057,0.110048,0.165135,FGM,0.195685,0.293469,0,0.195685,0.981404,0.293469,0
1.6441,-6.99374,7.82755,0.195712,1.50057,0.110048,0.165135,FGM,0.195685,0.293469,0,0.195685,0.981404,0.293469,0
1.64878,-6.97913,7.83058,0.197497,1.48467,0.24766,0.367694,FGM,0.195685,0.293469,0,0.195685,0.981404,0.293469,0
1.6521,-6.97913,7.83058,0.197497,1.48467,0.24766,0.367694,FGM,0.195685,0.293469,0,0.195685,0.981404,0.293469,0
1.6561,-6.97913,7.83058,0.197497,1.48467,0.24766,0.367694,FGM,0.195685,0.293469,0,0.195685,0.981404,0.293469,0
1.66009,-6.96469,7.83377,0.200657,1.4718,0.38484,0.566407,FGM,0.195685,0.293469,0,0.195685,0.981404,0.293469,0
1.66411,-6.96469,7.83377,0.200657,1.4718,0.38484,0.566407,FGM,0.195685,0.293469,0,0.195685,0.981404,0.293469,0
1.66878,-6.95042,7.83712,0.204896,1.46137,0.436143,0.637366,FGM,0.195685,0.293469,0,0.195685,0.981404,0.293469,0
1.67211,-6.95042,7.83712,0.204896,1.46137,0.436143,0.637366,FGM,0.195685,0.293469,0,0.195685,0.981404,0.293469,0
1.6761,-6.95042,7.83712,0.204896,1.46137,0.436143,0.637366,FGM,0.195685,0.293469,0,0.195685,0.981404,0.293469,0
1.68009,-6.93626,7.84056,0.209061,1.45293,0.384544,0.558714,FGM,0.181389,0.297474,0.0764054,0.181389,0.873653,0.297474,0
1.6841,-6.93626,7.84056,0.209061,1.45293,0.384544,0.558714,FGM,0.181389,0.297474,0.0764054,0.181389,0.873653,0.297474,0
1.68878,-6.92221,7.84398,0.212442,1.43787,0.285329,0.410266,FGM,0.181389,0.297474,0.0764054,0.181389,0.873653,0.297474,0
1.69211,-6.92221,7.84398,0.212442,1.43787,0.285329,0.410266,FGM,0.181389,0.297474,0.0764054,0.181389,0.873653,0.297474,0
1.69611,-6.92221,7.84398,0.212442,1.43787,0.285329,0.410266,FGM,0.181389,0.297474,0.0764054,0.181389,0.873653,0.297474,0
1.70009,-6.90829,7.84732,0.214702,1.42568,0.163997,0.233808,FGM,0.181389,0.297474,0.0764054,0.181389,0.873653,0.297474,0
1.7041,-6.90829,7.84732,0.214702,1.42568,0.163997,0.233808,FGM,0.181389,0.297474,0.0764054,0.181389,0.873653,0.297474,0
1.70878,-6.89446,7.85055,0.215699,1.41581,0.0345455,0.0489098,FGM,0.181389,0.297474,0.0764054,0.181389,0.873653,0.297474,0
1.71211,-6.89446,7.85055,0.215699,1.41581,0.0345455,0.0489098,FGM,0.181389,0.297474,0.0764054,0.181389,0.873653,0.297474,0
1.7161,-6.89446,7.85055,0.215699,1.41581,0.0345455,0.0489098,FGM,0.181389,0.297474,0.0764054,0.181389,0.873653,0.297474,0
1.72009,-6.88068,7.85364,0.215388,1.40781,-0.0972585,-0.136922,FGM,0.181389,0.297474,0.0764054,0.181389,0.873653,0.297474,0
1.72411,-6.88068,7.85364,0.215388,1.40781,-0.0972585,-0.136922,FGM,0.181389,0.297474,0.0764054,0.181389,0.873653,0.297474,0
1.72875,-6.86694,7.85654,0.213756,1.40134,-0.229253,-0.321261,FGM,0.181389,0.297474,0.0764054,0.181389,0.873653,0.297474,0
1.73207,-6.86694,7.85654,0.213756,1.40134,-0.229253,-0.321261,FGM,0.168094,0.332616,0.067362,0.168094,0.873653,0.332616,0
1.7361,-6.86694,7.85654,0.213756,1.40134,-0.229253,-0.321261,FGM,0.168094,0.332616,0.067362,0.168094,0.873653,0.332616,0
1.74009,-6.85324,7.85924,0.210781,1.38996,-0.365296,-0.507746,FGM,0.168094,0.332616,0.067362,0.168094,0.873653,0.332616,0
1.7441,-6.85324,7.85924,0.210781,1.38996,-0.365296,-0.507746,FGM,0.168094,0.332616,0.067362,0.168094,0.873653,0.332616,0
1.74878,-6.83961,7.8617,0.20647,1.38074,-0.496706,-0.685824,FGM,0.168094,0.332616,0.067362,0.168094,0.873653,0.332616,0
1.75207,-6.83961,7.8617,0.20647,1.38074,-0.496706,-0.685824,FGM,0.168094,0.332616,0.067362,0.168094,0.873653,0.332616,0
1.75607,-6.83961,7.8617,0.20647,1.38074,-0.496706,-0.685824,FGM,0.168094,0.332616,0.067362,0.168094,0.873653,0.332616,0
1.76005,-6.82602,7.86394,0.201139,1.37328,-0.542955,-0.745629,FGM,0.168094,0.332616,0.067362,0.168094,0.873653,0.332616,0
1.76407,-6.82602,7.86394,0.201139,1.37328,-0.542955,-0.745629,FGM,0.168094,0.332616,0.067362,0.168094,0.873653,0.332616,0
1.76874,-6.81248,7.86605,0.195911,1.36724,-0.490876,-0.671143,FGM,0.168094,0.332616,0.067362,0.168094,0.873653,0.332616,0
1.77207,-6.81248,7.86605,0.195911,1.36724,-0.490876,-0.671143,FGM,0.168094,0.332616,0.067362,0.168094,0.873653,0.332616,0
1.77607,-6.81248,7.86605,0.195911,1.36724,-0.490876,-0.671143,FGM,0.168094,0.332616,0.067362,0.168094,0.873653,0.332616,0
1.78005,-6.79899,7.86811,0.191453,1.36234,-0.395654,-0.539015,FGM,0.153994,0.329711,0.082283,0.153994,0.895738,0.329711,0
1.78407,-6.79899,7.86811,0.191453,1.36234,-0.395654,-0.539015,FGM,0.153994,0.329711,0.082283,0.153994,0.895738,0.329711,0
1.78874,-6.78555,7.87019,0.188055,1.35778,-0.281544,-0.382274,FGM,0.153994,0.329711,0.082283,0.153994,0.895738,0.329711,0
1.79207,-6.78555,7.87019,0.188055,1.35778,-0.281544,-0.382274,FGM,0.153994,0.329711,0.082283,0.153994,0.895738,0.329711,0
1.79607,-6.78555,7.87019,0.188055,1.35778,-0.281544,-0.382274,FGM,0.153994,0.329711,0.082283,0.153994,0.895738,0.329711,0
1.80006,-6.77216,7.87234,0.185846,1.35408,-0.15941,-0.215854,FGM,0.153994,0.329711,0.082283,0.153994,0.895738,0.329711,0
1.80407,-6.77216,7.87234,0.185846,1.35408,-0.15941,-0.215854,FGM,0.153994,0.329711,0.082283,0.153994,0.895738,0.329711,0
1.80875,-6.75883,7.8746,0.184876,1.35109,-0.0339884,-0.0459215,FGM,0.153994,0.329711,0.082283,0.153994,0.895738,0.329711,0
1.81207,-6.75883,7.8746,0.184876,1.35109,-0.0339884,-0.0459215,FGM,0.153994,0.329711,0.082283,0.153994,0.895738,0.329711,0
1.81607,-6.75883,7.8746,0.184876,1.35109,-0.0339884,-0.0459215,FGM,0.153994,0.329711,0.082283,0.153994,0.895738,0.329711,0
1.82005,-6.74554,7.87699,0.185169,1.34867,0.0927227,0.125052,FGM,0.153994,0.329711,0.082283,0.153994,0.895738,0.329711,0
1.82407,-6.74554,7.87699,0.185169,1.34867,0.0927227,0.125052,FGM,0.153994,0.329711,0.082283,0.153994,0.895738,0.329711,0
1.82874,-6.73231,7.87955,0.186732,1.34671,0.219904,0.296146,FGM,0.153994,0.329711,0.082283,0.153994,0.895738,0.329711,0
1.83207,-6.73231,7.87955,0.186732,1.34671,0.219904,0.296146,FGM,0.142145,0.346032,0.0747425,0.142145,0.895738,0.346032,0
1.83607,-6.73231,7.87955,0.186732,1.34671,0.219904,0.296146,FGM,0.142145,0.346032,0.0747425,0.142145,0.895738,0.346032,0
1.84006,-6.71917,7.88229,0.189599,1.33774,0.352617,0.471711,FGM,0.142145,0.346032,0.0747425,0.142145,0.895738,0.346032,0
1.84408,-6.71917,7.88229,0.189599,1.33774,0.352617,0.471711,FGM,0.142145,0.346032,0.0747425,0.142145,0.895738,0.346032,0
1.84875,-6.70616,7.88522,0.193765,1.33049,0.480309,0.639044,FGM,0.142145,0.346032,0.0747425,0.142145,0.895738,0.346032,0
1.85206,-6.70616,7.88522,0.193765,1.33049,0.480309,0.639044,FGM,0.142145,0.346032,0.0747425,0.142145,0.895738,0.346032,0
1.85607,-6.70616,7.88522,0.193765,1.33049,0.480309,0.639044,FGM,0.142145,0.346032,0.0747425,0.142145,0.895738,0.346032,0
1.86006,-6.69326,7.88835,0.198918,1.32461,0.523994,0.694086,FGM,0.142145,0.346032,0.0747425,0.142145,0.895738,0.346032,0
1.86408,-6.69326,7.88835,0.198918,1.32461,0.523994,0.694086,FGM,0.142145,0.346032,0.0747425,0.142145,0.895738,0.346032,0
1.86874,-6.68043,7.89157,0.203956,1.31985,0.472199,0.623231,FGM,0.142145,0.346032,0.0747425,0.142145,0.895738,0.346032,0
1.87207,-6.68043,7.89157,0.203956,1.31985,0.472199,0.623231,FGM,0.142145,0.346032,0.0747425,0.142145,0.895738,0.346032,0
1.87608,-6.68043,7.89157,0.203956,1.31985,0.472199,0.623231,FGM,0.142145,0.346032,0.0747425,0.142145,0.895738,0.346032,0
1.88,-6.66766,7.89482,0.208238,1.31599,0.379257,0.4991,FGM,0.13022,0.356961,0.0696863,0.13022,0.895738,0.356961,0
1.88402,-6.66766,7.89482,0.208238,1.31599,0.379257,0.4991,FGM,0.13022,0.356961,0.0696863,0.13022,0.895738,0.356961,0
1.88865,-6.65495,7.89802,0.21148,1.30621,0.26674,0.34842,FGM,0.13022,0.356961,0.0696863,0.13022,0.895738,0.356961,0
1.89201,-6.65495,7.89802,0.21148,1.30621,0.26674,0.34842,FGM,0.13022,0.356961,0.0696863,0.13022,0.895738,0.356961,0
1.89601,-6.65495,7.89802,0.21148,1.30621,0.26674,0.34842,FGM,0.13022,0.356961,0.0696863,0.13022,0.895738,0.356961,0
1.9,-6.6423,7.90112,0.213552,1.29829,0.146823,0.19062,FGM,0.13022,0.356961,0.0696863,0.13022,0.895738,0.356961,0
1.90401,-6.6423,7.90112,0.213552,1.29829,0.146823,0.19062,FGM,0.13022,0.356961,0.0696863,0.13022,0.895738,0.356961,0
1.90864,-6.62969,7.9041,0.214412,1.29188,0.024836,0.0320852,FGM,0.13022,0.356961,0.0696863,0.13022,0.895738,0.356961,0
1.91201,-6.62969,7.9041,0.214412,1.29188,0.024836,0.0320852,FGM,0.13022,0.356961,0.0696863,0.13022,0.895738,0.356961,0
1.91601,-6.62969,7.9041,0.214412,1.29188,0.024836,0.0320852,FGM,0.13022,0.356961,0.0696863,0.13022,0.895738,0.356961,0
1.92,-6.61711,7.90692,0.21405,1.28669,-0.0973115,-0.12521,FGM,0.13022,0.356961,0.0696863,0.13022,0.895738,0.356961,0
1.92401,-6.61711,7.90692,0.21405,1.28669,-0.0973115,-0.12521,FGM,0.13022,0.356961,0.0696863,0.13022,0.895738,0.356961,0
1.92865,-6.60454,7.90956,0.212469,1.28248,-0.219057,-0.280936,FGM,0.13022,0.356961,0.0696863,0.13022,0.895738,0.356961,0
1.93202,-6.60454,7.90956,0.212469,1.28248,-0.219057,-0.280936,FGM,0.116205,0.372076,0.0652966,0.116205,0.895738,0.372076,0
1.93601,-6.60454,7.90956,0.212469,1.28248,-0.219057,-0.280936,FGM,0.116205,0.372076,0.0652966,0.116205,0.895738,0.372076,0
1.94,-6.592,7.912,0.209647,1.27305,-0.344463,-0.438517,FGM,0.116205,0.372076,0.0652966,0.116205,0.895738,0.372076,0
1.94402,-6.592,7.912,0.209647,1.27305,-0.344463,-0.438517,FGM,0.116205,0.372076,0.0652966,0.116205,0.895738,0.372076,0
1.94868,-6.5795,7.91423,0.205597,1.2654,-0.465357,-0.588865,FGM,0.116205,0.372076,0.0652966,0.116205,0.895738,0.372076,0
1.95202,-6.5795,7.91423,0.205597,1.2654,-0.465357,-0.588865,FGM,0.116205,0.372076,0.0652966,0.116205,0.895738,0.372076,0
1.95601,-6.5795,7.91423,0.205597,1.2654,-0.465357,-0.588865,FGM,0.116205,0.372076,0.0652966,0.116205,0.895738,0.372076,0
1.96,-6.56704,7.91623,0.200623,1.25922,-0.503276,-0.633733,FGM,0.116205,0.372076,0.0652966,0.116205,0.895738,0.372076,0
1.96401,-6.56704,7.91623,0.200623,1.25922,-0.503276,-0.633733,FGM,0.116205,0.372076,0.0652966,0.116205,0.895738,0.372076,0
1.9687,-6.55462,7.91813,0.195804,1.2542,-0.449507,-0.563774,FGM,0.116205,0.372076,0.0652966,0.116205,0.895738,0.372076,0
1.97203,-6.55462,7.91813,0.195804,1.2542,-0.449507,-0.563774,FGM,0.116205,0.372076,0.0652966,0.116205,0.895738,0.372076,0
1.97602,-6.55462,7.91813,0.195804,1.2542,-0.449507,-0.563774,FGM,0.116205,0.372076,0.0652966,0.116205,0.895738,0.372076,0
1.98003,-6.54224,7.91999,0.191745,1.25015,-0.357902,-0.44743,FGM,0.00315548,0.382703,0.0698377,0.00315548,0.91851,0.382703,0
1.98402,-6.54224,7.91999,0.191745,1.25015,-0.357902,-0.44743,FGM,0.00315548,0.382703,0.0698377,0.00315548,0.91851,0.382703,0
1.9887,-6.52992,7.92188,0.1887,1.24128,-0.249058,-0.309151,FGM,0.00315548,0.382703,0.0698377,0.00315548,0.91851,0.382703,0
1.99202,-6.52992,7.92188,0.1887,1.24128,-0.249058,-0.309151,FGM,0.00315548,0.382703,0.0698377,0.00315548,0.91851,0.382703,0
1.99602,-6.52992,7.92188,0.1887,1.24128,-0.249058,-0.309151,FGM,0.00315548,0.382703,0.0698377,0.00315548,0.91851,0.382703,0
2.00001,-6.5177,7.92385,0.18678,1.2341,-0.134203,-0.16562,FGM,0.00315548,0.382703,0.0698377,0.00315548,0.91851,0.382703,0
2.00402,-6.5177,7.92385,0.18678,1.2341,-0.134203,-0.16562,FGM,0.00315548,0.382703,0.0698377,0.00315548,0.91851,0.382703,0
2.00868,-6.50557,7.92591,0.186019,1.22828,-0.0178234,-0.0218921,FGM,0.00315548,0.382703,0.0698377,0.00315548,0.91851,0.382703,0
2.01202,-6.50557,7.92591,0.186019,1.22828,-0.0178234,-0.0218921,FGM,0.00315548,0.382703,0.0698377,0.00315548,0.91851,0.382703,0
2.01603,-6.50557,7.92591,0.186019,1.22828,-0.0178234,-0.0218921,FGM,0.00315548,0.382703,0.0698377,0.00315548,0.91851,0.382703,0
2.02002,-6.49351,7.92811,0.186422,1.22357,0.0985593,0.120594,FGM,0.00315548,0.382703,0.0698377,0.00315548,0.91851,0.382703,0
2.02402,-6.49351,7.92811,0.186422,1.22357,0.0985593,0.120594,FGM,0.00315548,0.382703,0.0698377,0.00315548,0.91851,0.382703,0
2.02868,-6.48152,7.93047,0.187987,1.21976,0.214535,0.261681,FGM,0.00315548,0.382703,0.0698377,0.00315548,0.91851,0.382703,0
2.03203,-6.48152,7.93047,0.187987,1.21976,0.214535,0.261681,FGM,0,0.389456,0.0706508,0,0.91851,0.389456,0
2.03602,-6.48152,7.93047,0.187987,1.21976,0.214535,0.261681,FGM,0,0.389456,0.0706508,0,0.91851,0.389456,0
2.04001,-6.46963,7.93299,0.190729,1.21166,0.333302,0.403849,FGM,0,0.389456,0.0706508,0,0.91851,0.389456,0
2.04402,-6.46963,7.93299,0.190729,1.21166,0.333302,0.403849,FGM,0,0.389456,0.0706508,0,0.91851,0.389456,0
2.0487,-6.45785,7.9357,0.194638,1.2051,0.448327,0.540279,FGM,0,0.389456,0.0706508,0,0.91851,0.389456,0
2.05202,-6.45785,7.9357,0.194638,1.2051,0.448327,0.540279,FGM,0,0.389456,0.0706508,0,0.91851,0.389456,0
2.05602,-6.45785,7.9357,0.194638,1.2051,0.448327,0.540279,FGM,0,0.389456,0.0706508,0,0.91851,0.389456,0
2.06002,-6.44618,7.93858,0.19942,1.19979,0.48193,0.578214,FGM,0,0.389456,0.0706508,0,0.91851,0.389456,0
2.06401,-6.44618,7.93858,0.19942,1.19979,0.48193,0.578214,FGM,0,0.389456,0.0706508,0,0.91851,0.389456,0
2.0687,-6.43457,7.94155,0.20402,1.19549,0.427688,0.511297,FGM,0,0.389456,0.0706508,0,0.91851,0.389456,0
2.07205,-6.43457,7.94155,0.20402,1.19549,0.427688,0.511297,FGM,0,0.389456,0.0706508,0,0.91851,0.389456,0
2.07602,-6.43457,7.94155,0.20402,1.19549,0.427688,0.511297,FGM,0,0.389456,0.0706508,0,0.91851,0.389456,0
2.08002,-6.42301,7.94452,0.207871,1.19201,0.338391,0.403364,FGM,0,0.402677,0.0636751,0,0.91851,0.402677,0
2.08402,-6.42301,7.94452,0.207871,1.19201,0.338391,0.403364,FGM,0,0.402677,0.0636751,0,0.91851,0.402677,0
2.08869,-6.41145,7.94745,0.210754,1.19369,0.236602,0.282428,FGM,0,0.402677,0.0636751,0,0.91851,0.402677,0
2.09202,-6.41145,7.94745,0.210754,1.19369,0.236602,0.282428,FGM,0,0.402677,0.0636751,0,0.91851,0.402677,0
2.09602,-6.41145,7.94745,0.210754,1.19369,0.236602,0.282428,FGM,0,0.402677,0.0636751,0,0.91851,0.402677,0
2.10001,-6.39985,7.9503,0.212586,1.19528,0.128967,0.154152,FGM,0,0.402677,0.0636751,0,0.91851,0.402677,0
2.10404,-6.39985,7.9503,0.212586,1.19528,0.128967,0.154152,FGM,0,0.402677,0.0636751,0,0.91851,0.402677,0
2.1087,-6.38821,7.95304,0.213324,1.19681,0.0182953,0.021896,FGM,0,0.402677,0.0636751,0,0.91851,0.402677,0
2.11202,-6.38821,7.95304,0.213324,1.19681,0.0182953,0.021896,FGM,0,0.402677,0.0636751,0,0.91851,0.402677,0
2.11602,-6.38821,7.95304,0.213324,1.19681,0.0182953,0.021896,FGM,0,0.402677,0.0636751,0,0.91851,0.402677,0
2.12002,-6.37652,7.95564,0.212946,1.19826,-0.0940991,-0.112755,FGM,0,0.402677,0.0636751,0,0.91851,0.402677,0
2.12405,-6.37652,7.95564,0.212946,1.19826,-0.0940991,-0.112755,FGM,0,0.402677,0.0636751,0,0.91851,0.402677,0
2.1287,-6.36478,7.95809,0.211439,1.19964,-0.207561,-0.248999,FGM,0,0.402677,0.0636751,0,0.91851,0.402677,0
2.13202,-6.36478,7.95809,0.211439,1.19964,-0.207561,-0.248999,FGM,0,0.411193,0.11057,0,0.937595,0.411193,0
2.13602,-6.36478,7.95809,0.211439,1.19964,-0.207561,-0.248999,FGM,0,0.411193,0.11057,0,0.937595,0.411193,0
2.14,-6.35299,7.96036,0.208797,1.2021,-0.321009,-0.385886,FGM,0,0.411193,0.11057,0,0.937595,0.411193,0
2.14397,-6.35299,7.96036,0.208797,1.2021,-0.321009,-0.385886,FGM,0,0.411193,0.11057,0,0.937595,0.411193,0
2.14867,-6.34114,7.96244,0.205015,1.20445,-0.435633,-0.524698,FGM,0,0.411193,0.11057,0,0.937595,0.411193,0
2.15202,-6.34114,7.96244,0.205015,1.20445,-0.435633,-0.524698,FGM,0,0.411193,0.11057,0,0.937595,0.411193,0
2.15601,-6.34114,7.96244,0.205015,1.20445,-0.435633,-0.524698,FGM,0,0.411193,0.11057,0,0.937595,0.411193,0
2.16,-6.32923,7.96434,0.200341,1.20668,-0.473749,-0.571665,FGM,0,0.411193,0.11057,0,0.937595,0.411193,0
2.16401,-6.32923,7.96434,0.200341,1.20668,-0.473749,-0.571665,FGM,0,0.411193,0.11057,0,0.937595,0.411193,0
2.16869,-6.31729,7.96614,0.195792,1.20881,-0.425687,-0.514575,FGM,0,0.411193,0.11057,0,0.937595,0.411193,0
2.17201,-6.31729,7.96614,0.195792,1.20881,-0.425687,-0.514575,FGM,0,0.411193,0.11057,0,0.937595,0.411193,0
2.17601,-6.31729,7.96614,0.195792,1.20881,-0.425687,-0.514575,FGM,0,0.411193,0.11057,0,0.937595,0.411193,0
2.18001,-6.30532,7.96792,0.191935,1.21084,-0.341114,-0.413033,FGM,0,0.415058,0.0779404,0,0.937595,0.415058,0
2.18401,-6.30532,7.96792,0.191935,1.21084,-0.341114,-0.413033,FGM,0,0.415058,0.0779404,0,0.937595,0.415058,0
2.18866,-6.29334,7.96975,0.189017,1.21268,-0.240431,-0.291565,FGM,0,0.415058,0.0779404,0,0.937595,0.415058,0
2.19203,-6.29334,7.96975,0.189017,1.21268,-0.240431,-0.291565,FGM,0,0.415058,0.0779404,0,0.937595,0.415058,0
2.196,-6.29334,7.96975,0.189017,1.21268,-0.240431,-0.291565,FGM,0,0.415058,0.0779404,0,0.937595,0.415058,0
2.20001,-6.28136,7.97167,0.187149,1.21443,-0.132267,-0.160629,FGM,0,0.415058,0.0779404,0,0.937595,0.415058,0
2.20401,-6.28136,7.97167,0.187149,1.21443,-0.132267,-0.160629,FGM,0,0.415058,0.0779404,0,0.937595,0.415058,0
2.20869,-6.26938,7.97371,0.186384,1.21611,-0.0203704,-0.0247725,FGM,0,0.415058,0.0779404,0,0.937595,0.415058,0
2.21201,-6.26938,7.97371,0.186384,1.21611,-0.0203704,-0.0247725,FGM,0,0.415058,0.0779404,0,0.937595,0.415058,0
2.216,-6.26938,7.97371,0.186384,1.21611,-0.0203704,-0.0247725,FGM,0,0.415058,0.0779404,0,0.937595,0.415058,0
2.21999,-6.25741,7.97589,0.186748,1.2177,0.0935574,0.113925,FGM,0,0.415058,0.0779404,0,0.937595,0.415058,0
2.22402,-6.25741,7.97589,0.186748,1.2177,0.0935574,0.113925,FGM,0,0.415058,0.0779404,0,0.937595,0.415058,0
2.22867,-6.24545,7.97823,0.188259,1.21921,0.208701,0.254451,FGM,0,0.415058,0.0779404,0,0.937595,0.415058,0
2.232,-6.24545,7.97823,0.188259,1.21921,0.208701,0.254451,FRENET,0.101594,0.937595,0.101594,0.0752238,0.937595,0.335196,0
2.23602,-6.24545,7.97823,0.188259,1.21921,0.208701,0.254451,FRENET,0.101594,0.937595,0.101594,0.0752238,0.937595,0.335196,0
2.24,-6.23374,7.98072,0.191102,1.17568,0.353363,0.415441,FRENET,0.101594,0.937595,0.101594,0.0752238,0.937595,0.335196,0
2.244,-6.23374,7.98072,0.191102,1.17568,0.353363,0.415441,FRENET,0.101594,0.937595,0.101594,0.0752238,0.937595,0.335196,0
2.2487,-6.22246,7.98333,0.195216,1.14042,0.46713,0.532725,FRENET,0.101594,0.937595,0.101594,0.0752238,0.937595,0.335196,0
2.25201,-6.22246,7.98333,0.195216,1.14042,0.46713,0.532725,FRENET,0.101594,0.937595,0.101594,0.0752238,0.937595,0.335196,0
2.256,-6.22246,7.98333,0.195216,1.14042,0.46713,0.532725,FRENET,0.101594,0.937595,0.101594,0.0752238,0.937595,0.335196,0
2.25999,-6.21153,7.98606,0.200101,1.11187,0.480899,0.534698,FRENET,0.101594,0.937595,0.101594,0.0752238,0.937595,0.335196,0
2.264,-6.21153,7.98606,0.200101,1.11187,0.480899,0.534698,FRENET,0.101594,0.937595,0.101594,0.0752238,0.937595,0.335196,0
2.26867,-6.20088,7.9888,0.204585,1.08875,0.406606,0.442692,FRENET,0.101594,0.937595,0.101594,0.0752238,0.937595,0.335196,0
2.272,-6.20088,7.9888,0.204585,1.08875,0.406606,0.442692,FRENET,0.101594,0.937595,0.101594,0.0752238,0.937595,0.335196,0
2.276,-6.20088,7.9888,0.204585,1.08875,0.406606,0.442692,FRENET,0.101594,0.937595,0.101594,0.0752238,0.937595,0.335196,0
2.28001,-6.19042,7.9915,0.208163,1.07003,0.306471,0.327932,FRENET,0.0790134,0.957086,0.0790134,0.0853596,0.957086,0.34408,0
2.284,-6.19042,7.9915,0.208163,1.07003,0.306471,0.327932,FRENET,0.0790134,0.957086,0.0790134,0.0853596,0.957086,0.34408,0
2.28872,-6.18001,7.99415,0.21074,1.07892,0.209408,0.225935,FRENET,0.0790134,0.957086,0.0790134,0.0853596,0.957086,0.34408,0
2.292,-6.18001,7.99415,0.21074,1.07892,0.209408,0.225935,FRENET,0.0790134,0.957086,0.0790134,0.0853596,0.957086,0.34408,0
2.296,-6.18001,7.99415,0.21074,1.07892,0.209408,0.225935,FRENET,0.0790134,0.957086,0.0790134,0.0853596,0.957086,0.34408,0
2.29999,-6.16949,7.99673,0.212346,1.08739,0.11145,0.121189,FRENET,0.0790134,0.957086,0.0790134,0.0853596,0.957086,0.34408,0
2.304,-6.16949,7.99673,0.212346,1.08739,0.11145,0.121189,FRENET,0.0790134,0.957086,0.0790134,0.0853596,0.957086,0.34408,0
2.3087,-6.15887,7.99924,0.213207,1.09545,0.0852214,0.0933562,FRENET,0.0790134,0.957086,0.0790134,0.0853596,0.957086,0.34408,0
2.312,-6.15887,7.99924,0.213207,1.09545,0.0852214,0.0933562,FRENET,0.0790134,0.957086,0.0790134,0.0853596,0.957086,0.34408,0
2.316,-6.15887,7.99924,0.213207,1.09545,0.0852214,0.0933562,FRENET,0.0790134,0.957086,0.0790134,0.0853596,0.957086,0.34408,0
2.31999,-6.14817,8.00174,0.214019,1.10314,0.0618382,0.068216,FRENET,0.0790134,0.957086,0.0790134,0.0853596,0.957086,0.34408,0
2.32403,-6.14817,8.00174,0.214019,1.10314,0.0618382,0.068216,FRENET,0.0790134,0.957086,0.0790134,0.0853596,0.957086,0.34408,0
2.32871,-6.13738,8.00422,0.214555,1.11045,0.0642468,0.0713431,FRENET,0.0790134,0.957086,0.0790134,0.0853596,0.957086,0.34408,0
2.332,-6.13738,8.00422,0.214555,1.11045,0.0642468,0.0713431,FRENET,0.0832665,0.957086,0.0832665,0,0.957086,0.441305,0
2.33597,-6.13738,8.00422,0.214555,1.11045,0.0642468,0.0713431,FRENET,0.0832665,0.957086,0.0832665,0,0.957086,0.441305,0
2.33998,-6.12652,8.00672,0.215227,1.11742,0.0526231,0.0588022,FRENET,0.0832665,0.957086,0.0832665,0,0.957086,0.441305,0
2.344,-6.12652,8.00672,0.215227,1.11742,0.0526231,0.0588022,FRENET,0.0832665,0.957086,0.0832665,0,0.957086,0.441305,0
2.34866,-6.11559,8.00921,0.215699,1.12406,0.0599397,0.0673759,FRENET,0.0832665,0.957086,0.0832665,0,0.957086,0.441305,0
2.352,-6.11559,8.00921,0.215699,1.12406,0.0599397,0.0673759,FRENET,0.0832665,0.957086,0.0832665,0,0.957086,0.441305,0
2.35599,-6.11559,8.00921,0.215699,1.12406,0.0599397,0.0673759,FRENET,0.0832665,0.957086,0.0832665,0,0.957086,0.441305,0
2.35999,-6.10461,8.01172,0.216341,1.13038,0.0507097,0.0573214,FRENET,0.0832665,0.957086,0.0832665,0,0.957086,0.441305,0
2.36402,-6.10461,8.01172,0.216341,1.13038,0.0507097,0.0573214,FRENET,0.0832665,0.957086,0.0832665,0,0.957086,0.441305,0
2.36873,-6.09356,8.01424,0.216801,1.13641,0.0590641,0.0671207,FRENET,0.0832665,0.957086,0.0832665,0,0.957086,0.441305,0
2.37204,-6.09356,8.01424,0.216801,1.13641,0.0590641,0.0671207,FRENET,0.0832665,0.957086,0.0832665,0,0.957086,0.441305,0
2.37603,-6.09356,8.01424,0.216801,1.13641,0.0590641,0.0671207,FRENET,0.0832665,0.957086,0.0832665,0,0.957086,0.441305,0
2.38001,-6.08245,8.01678,0.217438,1.14214,0.0504992,0.0576771,FRENET,0.0629034,0.957086,0.0629034,0.120818,0.957086,0.358475,0
2.38401,-6.08245,8.01678,0.217438,1.14214,0.0504992,0.0576771,FRENET,0.0629034,0.957086,0.0629034,0.120818,0.957086,0.358475,0
2.38868,-6.07129,8.01933,0.217896,1.1476,0.0590887,0.0678104,FRENET,0.0629034,0.957086,0.0629034,0.120818,0.957086,0.358475,0
2.392,-6.07129,8.01933,0.217896,1.1476,0.0590887,0.0678104,FRENET,0.0629034,0.957086,0.0629034,0.120818,0.957086,0.358475,0
2.396,-6.07129,8.01933,0.217896,1.1476,0.0590887,0.0678104,FRENET,0.0629034,0.957086,0.0629034,0.120818,0.957086,0.358475,0
2.39999,-6.06008,8.02191,0.218535,1.15281,0.0507672,0.0585248,FRENET,0.0629034,0.957086,0.0629034,0.120818,0.957086,0.358475,0
2.404,-6.06008,8.02191,0.218535,1.15281,0.0507672,0.0585248,FRENET,0.0629034,0.957086,0.0629034,0.120818,0.957086,0.358475,0
2.4087,-6.04882,8.02449,0.218996,1.15776,0.0593803,0.0687482,FRENET,0.0629034,0.957086,0.0629034,0.120818,0.957086,0.358475,0
2.41202,-6.04882,8.02449,0.218996,1.15776,0.0593803,0.0687482,FRENET,0.0629034,0.957086,0.0629034,0.120818,0.957086,0.358475,0
2.41601,-6.04882,8.02449,0.218996,1.15776,0.0593803,0.0687482,FRENET,0.0629034,0.957086,0.0629034,0.120818,0.957086,0.358475,0
2.41999,-6.03752,8.0271,0.219638,1.16248,0.0511702,0.0594844,FRENET,0.0629034,0.957086,0.0629034,0.120818,0.957086,0.358475,0
2.424,-6.03752,8.0271,0.219638,1.16248,0.0511702,0.0594844,FRENET,0.0629034,0.957086,0.0629034,0.120818,0.957086,0.358475,0
2.42871,-6.02617,8.02972,0.220104,1.16698,0.0597434,0.0697192,FRENET,0.0629034,0.957086,0.0629034,0.120818,0.957086,0.358475,0
2.432,-6.02617,8.02972,0.220104,1.16698,0.0597434,0.0697192,FRENET,0.300944,0.851439,0.300944,0.359681,0.851439,0.727357,0
2.436,-6.02617,8.02972,0.220104,1.16698,0.0597434,0.0697192,FRENET,0.300944,0.851439,0.300944,0.359681,0.851439,0.727357,0
2.43999,-6.01477,8.03236,0.220749,1.17258,0.0516394,0.0605513,FRENET,0.300944,0.851439,0.300944,0.359681,0.851439,0.727357,0
2.444,-6.01477,8.03236,0.220749,1.17258,0.0516394,0.0605513,FRENET,0.300944,0.851439,0.300944,0.359681,0.851439,0.727357,0
2.44871,-6.00332,8.03501,0.221219,1.17792,0.0601022,0.0707953,FRENET,0.300944,0.851439,0.300944,0.359681,0.851439,0.727357,0
2.452,-6.00332,8.03501,0.221219,1.17792,0.0601022,0.0707953,FRENET,0.300944,0.851439,0.300944,0.359681,0.851439,0.727357,0
2.45602,-6.00332,8.03501,0.221219,1.17792,0.0601022,0.0707953,FRENET,0.300944,0.851439,0.300944,0.359681,0.851439,0.727357,0
2.46,-5.99183,8.0377,0.221869,1.183,0.0521285,0.0616679,FRENET,0.300944,0.851439,0.300944,0.359681,0.851439,0.727357,0
2.464,-5.99183,8.0377,0.221869,1.183,0.0521285,0.0616679,FRENET,0.300944,0.851439,0.300944,0.359681,0.851439,0.727357,0
2.46871,-5.98027,8.04036,0.222088,1.18784,-0.0156736,-0.0186177,FRENET,0.300944,0.851439,0.300944,0.359681,0.851439,0.727357,0
2.472,-5.98027,8.04036,0.222088,1.18784,-0.0156736,-0.0186177,FRENET,0.300944,0.851439,0.300944,0.359681,0.851439,0.727357,0
2.476,-5.98027,8.04036,0.222088,1.18784,-0.0156736,-0.0186177,FRENET,0.300944,0.851439,0.300944,0.359681,0.851439,0.727357,0
2.48,-5.96866,8.04297,0.221738,1.19245,-0.0324011,-0.0386367,FRENET,0.294956,0.851439,0.294956,0.361504,0.851439,0.721739,0
2.48398,-5.96866,8.04297,0.221738,1.19245,-0.0324011,-0.0386367,FRENET,0.294956,0.851439,0.294956,0.361504,0.851439,0.721739,0
2.48868,-5.957,8.04557,0.221399,1.19684,-0.0513401,-0.0614459,FRENET,0.294956,0.851439,0.294956,0.361504,0.851439,0.721739,0
2.492,-5.957,8.04557,0.221399,1.19684,-0.0513401,-0.0614459,FRENET,0.294956,0.851439,0.294956,0.361504,0.851439,0.721739,0
2.496,-5.957,8.04557,0.221399,1.19684,-0.0513401,-0.0614459,FRENET,0.294956,0.851439,0.294956,0.361504,0.851439,0.721739,0
2.5,-5.94529,8.04815,0.220809,1.20102,-0.0482121,-0.0579039,FRENET,0.294956,0.851439,0.294956,0.361504,0.851439,0.721739,0
2.50401,-5.94529,8.04815,0.220809,1.20102,-0.0482121,-0.0579039,FRENET,0.294956,0.851439,0.294956,0.361504,0.851439,0.721739,0
2.50873,-5.93354,8.05072,0.220362,1.20501,-0.058748,-0.0707917,FRENET,0.294956,0.851439,0.294956,0.361504,0.851439,0.721739,0
2.512,-5.93354,8.05072,0.220362,1.20501,-0.058748,-0.0707917,FRENET,0.294956,0.851439,0.294956,0.361504,0.851439,0.721739,0
2.516,-5.93354,8.05072,0.220362,1.20501,-0.058748,-0.0707917,FRENET,0.294956,0.851439,0.294956,0.361504,0.851439,0.721739,0
2.51999,-5.92175,8.05328,0.219718,1.2088,-0.0520212,-0.0628833,FRENET,0.294956,0.851439,0.294956,0.361504,0.851439,0.721739,0
2.524,-5.92175,8.05328,0.219718,1.2088,-0.0520212,-0.0628833,FRENET,0.294956,0.851439,0.294956,0.361504,0.851439,0.721739,0
2.52873,-5.90992,8.05585,0.219242,1.21242,-0.0608431,-0.0737671,FRENET,0.294956,0.851439,0.294956,0.361504,0.851439,0.721739,0
2.532,-5.90992,8.05585,0.219242,1.21242,-0.0608431,-0.0737671,FRENET,0.307507,0.851439,0.307507,0.365469,0.851439,0.715076,0
2.536,-5.90992,8.05585,0.219242,1.21242,-0.0608431,-0.0737671,FRENET,0.307507,0.851439,0.307507,0.365469,0.851439,0.715076,0
2.54001,-5.89805,8.0584,0.218582,1.21586,-0.0533436,-0.0648582,FRENET,0.307507,0.851439,0.307507,0.365469,0.851439,0.715076,0
2.544,-5.89805,8.0584,0.218582,1.21586,-0.0533436,-0.0648582,FRENET,0.307507,0.851439,0.307507,0.365469,0.851439,0.715076,0
2.5487,-5.88615,8.06097,0.218096,1.21914,-0.061704,-0.0752255,FRENET,0.307507,0.851439,0.307507,0.365469,0.851439,0.715076,0
2.55204,-5.88615,8.06097,0.218096,1.21914,-0.061704,-0.0752255,FRENET,0.307507,0.851439,0.307507,0.365469,0.851439,0.715076,0
2.556,-5.88615,8.06097,0.218096,1.21914,-0.061704,-0.0752255,FRENET,0.307507,0.851439,0.307507,0.365469,0.851439,0.715076,0
2.55998,-5.87421,8.06352,0.217428,1.22226,-0.0540053,-0.0660084,FRENET,0.307507,0.851439,0.307507,0.365469,0.851439,0.715076,0
2.564,-5.87421,8.06352,0.217428,1.22226,-0.0540053,-0.0660084,FRENET,0.307507,0.851439,0.307507,0.365469,0.851439,0.715076,0
2.5687,-5.86224,8.06608,0.216936,1.22523,-0.0621915,-0.0761991,FRENET,0.307507,0.851439,0.307507,0.365469,0.851439,0.715076,0
2.572,-5.86224,8.06608,0.216936,1.22523,-0.0621915,-0.0761991,FRENET,0.307507,0.851439,0.307507,0.365469,0.851439,0.715076,0
2.576,-5.86224,8.06608,0.216936,1.22523,-0.0621915,-0.0761991,FRENET,0.307507,0.851439,0.307507,0.365469,0.851439,0.715076,0
2.58,-5.85024,8.06863,0.216264,1.22806,-0.0544373,-0.0668525,FRENET,0.304844,0.851439,0.304844,0,0.851439,0.852718,0
2.584,-5.85024,8.06863,0.216264,1.22806,-0.0544373,-0.0668525,FRENET,0.304844,0.851439,0.304844,0,0.851439,0.852718,0
2.58873,-5.83822,8.07119,0.215768,1.23076,-0.0625343,-0.0769649,FRENET,0.304844,0.851439,0.304844,0,0.851439,0.852718,0
2.59203,-5.83822,8.07119,0.215768,1.23076,-0.0625343,-0.0769649,FRENET,0.304844,0.851439,0.304844,0,0.851439,0.852718,0
2.59603,-5.83822,8.07119,0.215768,1.23076,-0.0625343,-0.0769649,FRENET,0.304844,0.851439,0.304844,0,0.851439,0.852718,0
2.60001,-5.82616,8.07373,0.215093,1.23333,-0.0547682,-0.0675474,FRENET,0.304844,0.851439,0.304844,0,0.851439,0.852718,0
2.60403,-5.82616,8.07373,0.215093,1.23333,-0.0547682,-0.0675474,FRENET,0.304844,0.851439,0.304844,0,0.851439,0.852718,0
2.60892,-5.81409,8.07629,0.214594,1.23578,-0.0628077,-0.0776165,FRENET,0.304844,0.851439,0.304844,0,0.851439,0.852718,0
2.61204,-5.81409,8.07629,0.214594,1.23578,-0.0628077,-0.0776165,FRENET,0.304844,0.851439,0.304844,0,0.851439,0.852718,0
2.61602,-5.81409,8.07629,0.214594,1.23578,-0.0628077,-0.0776165,FRENET,0.304844,0.851439,0.304844,0,0.851439,0.852718,0
2.62003,-5.80198,8.07883,0.213915,1.23811,-0.0550446,-0.0681513,FRENET,0.304844,0.851439,0.304844,0,0.851439,0.852718,0
2.62406,-5.80198,8.07883,0.213915,1.23811,-0.0550446,-0.0681513,FRENET,0.304844,0.851439,0.304844,0,0.851439,0.852718,0
2.62872,-5.78981,8.08139,0.213413,1.24981,-0.0625813,-0.0782148,FRENET,0.304844,0.851439,0.304844,0,0.851439,0.852718,0
2.63202,-5.78981,8.08139,0.213413,1.24981,-0.0625813,-0.0782148,FRENET,0.233338,0.524128,0.233338,0,0.524128,0.865186,0
2.63603,-5.78981,8.08139,0.213413,1.24981,-0.0625813,-0.0782148,FRENET,0.233338,0.524128,0.233338,0,0.524128,0.865186,0
2.64001,-5.77749,8.08396,0.212738,1.26567,-0.0557298,-0.0705355,FRENET,0.233338,0.524128,0.233338,0,0.524128,0.865186,0
2.64402,-5.77749,8.08396,0.212738,1.26567,-0.0557298,-0.0705355,FRENET,0.233338,0.524128,0.233338,0,0.524128,0.865186,0
2.64876,-5.76503,8.08656,0.212227,1.28077,-0.0633281,-0.0811087,FRENET,0.233338,0.524128,0.233338,0,0.524128,0.865186,0
2.65203,-5.76503,8.08656,0.212227,1.28077,-0.0633281,-0.0811087,FRENET,0.233338,0.524128,0.233338,0,0.524128,0.865186,0
2.65602,-5.76503,8.08656,0.212227,1.28077,-0.0633281,-0.0811087,FRENET,0.233338,0.524128,0.233338,0,0.524128,0.865186,0
2.66001,-5.75242,8.08916,0.21129,1.29515,-0.131517,-0.170335,FRENET,0.233338,0.524128,0.233338,0,0.524128,0.865186,0
2.66402,-5.75242,8.08916,0.21129,1.29515,-0.131517,-0.170335,FRENET,0.233338,0.524128,0.233338,0,0.524128,0.865186,0
2.66877,-5.73964,8.09168,0.209509,1.30886,-0.2282,-0.29868,FRENET,0.233338,0.524128,0.233338,0,0.524128,0.865186,0
2.67201,-5.73964,8.09168,0.209509,1.30886,-0.2282,-0.29868,FRENET,0.233338,0.524128,0.233338,0,0.524128,0.865186,0
2.67603,-5.73964,8.09168,0.209509,1.30886,-0.2282,-0.29868,FRENET,0.233338,0.524128,0.233338,0,0.524128,0.865186,0
2.68001,-5.72671,8.09408,0.20668,1.3219,-0.339504,-0.448791,FRENET,0.233214,0.524128,0.233214,0,0.524128,0.874298,0
2.68403,-5.72671,8.09408,0.20668,1.3219,-0.339504,-0.448791,FRENET,0.233214,0.524128,0.233214,0,0.524128,0.874298,0
2.68879,-5.71363,8.09636,0.202948,1.33433,-0.383537,-0.511765,FRENET,0.233214,0.524128,0.233214,0,0.524128,0.874298,0
2.69202,-5.71363,8.09636,0.202948,1.33433,-0.383537,-0.511765,FRENET,0.233214,0.524128,0.233214,0,0.524128,0.874298,0
2.69603,-5.71363,8.09636,0.202948,1.33433,-0.383537,-0.511765,FRENET,0.233214,0.524128,0.233214,0,0.524128,0.874298,0
2.70001,-5.7004,8.09855,0.199014,1.34617,-0.417084,-0.561466,FRENET,0.233214,0.524128,0.233214,0,0.524128,0.874298,0
2.70405,-5.7004,8.09855,0.199014,1.34617,-0.417084,-0.561466,FRENET,0.233214,0.524128,0.233214,0,0.524128,0.874298,0
2.7088,-5.68705,8.10065,0.194707,1.35744,-0.425854,-0.578074,FRENET,0.233214,0.524128,0.233214,0,0.524128,0.874298,0
2.71202,-5.68705,8.10065,0.194707,1.35744,-0.425854,-0.578074,FRENET,0.233214,0.524128,0.233214,0,0.524128,0.874298,0
2.71602,-5.68705,8.10065,0.194707,1.35744,-0.425854,-0.578074,FRENET,0.233214,0.524128,0.233214,0,0.524128,0.874298,0
2.72004,-5.67358,8.1027,0.190446,1.36818,-0.442518,-0.605446,FRENET,0.233214,0.524128,0.233214,0,0.524128,0.874298,0
2.72403,-5.67358,8.1027,0.190446,1.36818,-0.442518,-0.605446,FRENET,0.233214,0.524128,0.233214,0,0.524128,0.874298,0
2.72881,-5.65999,8.10467,0.185932,1.37841,-0.44295,-0.610567,FRENET,0.233214,0.524128,0.233214,0,0.524128,0.874298,0
2.73202,-5.65999,8.10467,0.185932,1.37841,-0.44295,-0.610567,FRENET,0.233073,0.524128,0.233073,0,0.524128,0.881681,0
2.73602,-5.65999,8.10467,0.185932,1.37841,-0.44295,-0.610567,FRENET,0.233073,0.524128,0.233073,0,0.524128,0.881681,0
2.74001,-5.64629,8.1066,0.181526,1.38815,-0.455055,-0.631686,FRENET,0.233073,0.524128,0.233073,0,0.524128,0.881681,0
2.74402,-5.64629,8.1066,0.181526,1.38815,-0.455055,-0.631686,FRENET,0.233073,0.524128,0.233073,0,0.524128,0.881681,0
2.74881,-5.63248,8.10846,0.1769,1.39743,-0.452991,-0.633024,FRENET,0.233073,0.524128,0.233073,0,0.524128,0.881681,0
2.75202,-5.63248,8.10846,0.1769,1.39743,-0.452991,-0.633024,FRENET,0.233073,0.524128,0.233073,0,0.524128,0.881681,0
2.75604,-5.63248,8.10846,0.1769,1.39743,-0.452991,-0.633024,FRENET,0.233073,0.524128,0.233073,0,0.524128,0.881681,0
2.76001,-5.61858,8.11028,0.172402,1.40627,-0.463456,-0.651744,FRENET,0.233073,0.524128,0.233073,0,0.524128,0.881681,0
2.76402,-5.61858,8.11028,0.172402,1.40627,-0.463456,-0.651744,FRENET,0.233073,0.524128,0.233073,0,0.524128,0.881681,0
2.76882,-5.60453,8.11203,0.167714,1.42657,-0.458796,-0.654505,FRENET,0.233073,0.524128,0.233073,0,0.524128,0.881681,0
2.77202,-5.60453,8.11203,0.167714,1.42657,-0.458796,-0.654505,FRENET,0.233073,0.524128,0.233073,0,0.524128,0.881681,0
2.77602,-5.60453,8.11203,0.167714,1.42657,-0.458796,-0.654505,FRENET,0.233073,0.524128,0.233073,0,0.524128,0.881681,0
2.78001,-5.59027,8.11376,0.163157,1.44591,-0.469145,-0.678342,FRENET,0.232969,0.524128,0.232969,0,0.524128,0.891845,0
2.78402,-5.59027,8.11376,0.163157,1.44591,-0.469145,-0.678342,FRENET,0.232969,0.524128,0.232969,0,0.524128,0.891845,0
2.78882,-5.57582,8.11543,0.158387,1.46433,-0.468685,-0.686311,FRENET,0.232969,0.524128,0.232969,0,0.524128,0.891845,0
2.79202,-5.57582,8.11543,0.158387,1.46433,-0.468685,-0.686311,FRENET,0.232969,0.524128,0.232969,0,0.524128,0.891845,0
2.79602,-5.57582,8.11543,0.158387,1.46433,-0.468685,-0.686311,FRENET,0.232969,0.524128,0.232969,0,0.524128,0.891845,0
2.80001,-5.56118,8.1171,0.153979,1.48187,-0.404841,-0.599924,FRENET,0.232969,0.524128,0.232969,0,0.524128,0.891845,0
2.80402,-5.56118,8.1171,0.153979,1.48187,-0.404841,-0.599924,FRENET,0.232969,0.524128,0.232969,0,0.524128,0.891845,0
2.80883,-5.54637,8.11878,0.150135,1.49858,-0.38394,-0.575367,FRENET,0.232969,0.524128,0.232969,0,0.524128,0.891845,0
2.81203,-5.54637,8.11878,0.150135,1.49858,-0.38394,-0.575367,FRENET,0.232969,0.524128,0.232969,0,0.524128,0.891845,0
2.81602,-5.54637,8.11878,0.150135,1.49858,-0.38394,-0.575367,FRENET,0.232969,0.524128,0.232969,0,0.524128,0.891845,0
2.82001,-5.5314,8.12045,0.146312,1.5145,-0.366298,-0.554758,FRENET,0.232969,0.524128,0.232969,0,0.524128,0.891845,0
2.82402,-5.5314,8.12045,0.146312,1.5145,-0.366298,-0.554758,FRENET,0.232969,0.524128,0.232969,0,0.524128,0.891845,0
2.82884,-5.51627,8.12212,0.142729,1.52966,-0.367423,-0.562032,FRENET,0.232969,0.524128,0.232969,0,0.524128,0.891845,0
2.83203,-5.51627,8.12212,0.142729,1.52966,-0.367423,-0.562032,FRENET,0.279241,0.547754,0.279241,0,0.547754,1.0448,0
2.83602,-5.51627,8.12212,0.142729,1.52966,-0.367423,-0.562032,FRENET,0.279241,0.547754,0.279241,0,0.547754,1.0448,0
2.84001,-5.50097,8.12376,0.139013,1.54815,-0.360387,-0.557932,FRENET,0.279241,0.547754,0.279241,0,0.547754,1.0448,0
2.84402,-5.50097,8.12376,0.139013,1.54815,-0.360387,-0.557932,FRENET,0.279241,0.547754,0.279241,0,0.547754,1.0448,0
2.84885,-5.48549,8.12539,0.135458,1.56575,-0.366897,-0.57447,FRENET,0.279241,0.547754,0.279241,0,0.547754,1.0448,0
2.85203,-5.48549,8.12539,0.135458,1.56575,-0.366897,-0.57447,FRENET,0.279241,0.547754,0.279241,0,0.547754,1.0448,0
2.85602,-5.48549,8.12539,0.135458,1.56575,-0.366897,-0.57447,FRENET,0.279241,0.547754,0.279241,0,0.547754,1.0448,0
2.86001,-5.46983,8.12698,0.131725,1.58253,-0.363618,-0.575436,FRENET,0.279241,0.547754,0.279241,0,0.547754,1.0448,0
2.86402,-5.46983,8.12698,0.131725,1.58253,-0.363618,-0.575436,FRENET,0.279241,0.547754,0.279241,0,0.547754,1.0448,0
2.86885,-5.454,8.12854,0.128129,1.5985,-0.371857,-0.594414,FRENET,0.279241,0.547754,0.279241,0,0.547754,1.0448,0
2.87203,-5.454,8.12854,0.128129,1.5985,-0.371857,-0.594414,FRENET,0.279241,0.547754,0.279241,0,0.547754,1.0448,0
2.87602,-5.454,8.12854,0.128129,1.5985,-0.371857,-0.594414,FRENET,0.279241,0.547754,0.279241,0,0.547754,1.0448,0
2.88013,-5.43801,8.13006,0.124341,1.61372,-0.369497,-0.596263,FRENET,0.279101,0.547754,0.279101,0.0277063,0.547754,0.90937,0
2.88403,-5.43801,8.13006,0.124341,1.61372,-0.369497,-0.596263,FRENET,0.279101,0.547754,0.279101,0.0277063,0.547754,0.90937,0
2.88886,-5.42187,8.13155,0.120684,1.62821,-0.378031,-0.615512,FRENET,0.279101,0.547754,0.279101,0.0277063,0.547754,0.90937,0
2.89202,-5.42187,8.13155,0.120684,1.62821,-0.378031,-0.615512,FRENET,0.279101,0.547754,0.279101,0.0277063,0.547754,0.90937,0
2.89603,-5.42187,8.13155,0.120684,1.62821,-0.378031,-0.615512,FRENET,0.279101,0.547754,0.279101,0.0277063,0.547754,0.90937,0
2.90001,-5.40558,8.13299,0.116833,1.64201,-0.375819,-0.617099,FRENET,0.279101,0.547754,0.279101,0.0277063,0.547754,0.90937,0
2.90402,-5.40558,8.13299,0.116833,1.64201,-0.375819,-0.617099,FRENET,0.279101,0.547754,0.279101,0.0277063,0.547754,0.90937,0
2.90888,-5.38909,8.1344,0.113126,1.66704,-0.381707,-0.636322,FRENET,0.279101,0.547754,0.279101,0.0277063,0.547754,0.90937,0
2.91202,-5.38909,8.1344,0.113126,1.66704,-0.381707,-0.636322,FRENET,0.279101,0.547754,0.279101,0.0277063,0.547754,0.90937,0
2.91602,-5.38909,8.1344,0.113126,1.66704,-0.381707,-0.636322,FRENET,0.279101,0.547754,0.279101,0.0277063,0.547754,0.90937,0
2.92001,-5.37236,8.13575,0.10924,1.69089,-0.380105,-0.642714,FRENET,0.279101,0.547754,0.279101,0.0277063,0.547754,0.90937,0
2.92402,-5.37236,8.13575,0.10924,1.69089,-0.380105,-0.642714,FRENET,0.279101,0.547754,0.279101,0.0277063,0.547754,0.90937,0
2.92888,-5.35539,8.1371,0.105729,1.7136,-0.313594,-0.537373,FRENET,0.279101,0.547754,0.279101,0.0277063,0.547754,0.90937,0
2.93201,-5.35539,8.1371,0.105729,1.7136,-0.313594,-0.537373,FGM,0.362464,0.712179,0.278963,0.362464,0.547754,0.712179,0
2.93601,-5.35539,8.1371,0.105729,1.7136,-0.313594,-0.537373,FGM,0.362464,0.712179,0.278963,0.362464,0.547754,0.712179,0
2.93998,-5.33813,8.13849,0.102822,1.74889,-0.286132,-0.500413,FGM,0.362464,0.712179,0.278963,0.362464,0.547754,0.712179,0
2.944,-5.33813,8.13849,0.102822,1.74889,-0.286132,-0.500413,FGM,0.362464,0.712179,0.278963,0.362464,0.547754,0.712179,0
2.9489,-5.32053,8.13988,0.0999992,1.78251,-0.265714,-0.473638,FGM,0.362464,0.712179,0.278963,0.362464,0.547754,0.712179,0
2.95203,-5.32053,8.13988,0.0999992,1.78251,-0.265714,-0.473638,FGM,0.362464,0.712179,0.278963,0.362464,0.547754,0.712179,0
2.95603,-5.32053,8.13988,0.0999992,1.78251,-0.265714,-0.473638,FGM,0.362464,0.712179,0.278963,0.362464,0.547754,0.712179,0
2.96002,-5.3026,8.14131,0.0976873,1.81453,-0.189241,-0.343384,FGM,0.362464,0.712179,0.278963,0.362464,0.547754,0.712179,0
2.96404,-5.3026,8.14131,0.0976873,1.81453,-0.189241,-0.343384,FGM,0.362464,0.712179,0.278963,0.362464,0.547754,0.712179,0
2.96891,-5.28437,8.14281,0.0960731,1.84503,-0.152547,-0.281454,FGM,0.362464,0.712179,0.278963,0.362464,0.547754,0.712179,0
2.97203,-5.28437,8.14281,0.0960731,1.84503,-0.152547,-0.281454,FGM,0.362464,0.712179,0.278963,0.362464,0.547754,0.712179,0
2.97606,-5.28437,8.14281,0.0960731,1.84503,-0.152547,-0.281454,FGM,0.362464,0.712179,0.278963,0.362464,0.547754,0.712179,0
2.98001,-5.26583,8.14434,0.0946235,1.87408,-0.124578,-0.233469,FGM,0.36281,0.647107,0.278814,0.36281,0.547754,0.647107,0
2.98402,-5.26583,8.14434,0.0946235,1.87408,-0.124578,-0.233469,FGM,0.36281,0.647107,0.278814,0.36281,0.547754,0.647107,0
2.98892,-5.24702,8.14593,0.0935087,1.90183,-0.11478,-0.218293,FGM,0.36281,0.647107,0.278814,0.36281,0.547754,0.647107,0
2.99202,-5.24702,8.14593,0.0935087,1.90183,-0.11478,-0.218293,FGM,0.36281,0.647107,0.278814,0.36281,0.547754,0.647107,0
2.99603,-5.24702,8.14593,0.0935087,1.90183,-0.11478,-0.218293,FGM,0.36281,0.647107,0.278814,0.36281,0.547754,0.647107,0
3.00001,-5.22794,8.14753,0.0923511,1.92827,-0.102276,-0.197215,FGM,0.36281,0.647107,0.278814,0.36281,0.547754,0.647107,0
3.00403,-5.22794,8.14753,0.0923511,1.92827,-0.102276,-0.197215,FGM,0.36281,0.647107,0.278814,0.36281,0.547754,0.647107,0
3.00892,-5.2086,8.14916,0.0914111,1.95345,-0.101458,-0.198194,FGM,0.36281,0.647107,0.278814,0.36281,0.547754,0.647107,0
3.01203,-5.2086,8.14916,0.0914111,1.95345,-0.101458,-0.198194,FGM,0.36281,0.647107,0.278814,0.36281,0.547754,0.647107,0
3.01602,-5.2086,8.14916,0.0914111,1.95345,-0.101458,-0.198194,FGM,0.36281,0.647107,0.278814,0.36281,0.547754,0.647107,0
3.02001,-5.18901,8.15077,0.0900937,1.97743,-0.171367,-0.338866,FGM,0.36281,0.647107,0.278814,0.36281,0.547754,0.647107,0
3.02402,-5.18901,8.15077,0.0900937,1.97743,-0.171367,-0.338866,FGM,0.36281,0.647107,0.278814,0.36281,0.547754,0.647107,0
3.02893,-5.16918,8.15232,0.0881076,2.00027,-0.206951,-0.413957,FGM,0.36281,0.647107,0.278814,0.36281,0.547754,0.647107,0
3.03203,-5.16918,8.15232,0.0881076,2.00027,-0.206951,-0.413957,FGM,0.370774,0.659472,0.327863,0.370774,0.570878,0.659472,0
3.03603,-5.16918,8.15232,0.0881076,2.00027,-0.206951,-0.413957,FGM,0.370774,0.659472,0.327863,0.370774,0.570878,0.659472,0
3.04002,-5.14913,8.15384,0.085962,2.02233,-0.235657,-0.476575,FGM,0.370774,0.659472,0.327863,0.370774,0.570878,0.659472,0
3.04402,-5.14913,8.15384,0.085962,2.02233,-0.235657,-0.476575,FGM,0.370774,0.659472,0.327863,0.370774,0.570878,0.659472,0
3.04894,-5.12885,8.1553,0.083462,2.04334,-0.247558,-0.505845,FGM,0.370774,0.659472,0.327863,0.370774,0.570878,0.659472,0
3.05205,-5.12885,8.1553,0.083462,2.04334,-0.247558,-0.505845,FGM,0.370774,0.659472,0.327863,0.370774,0.570878,0.659472,0
3.05603,-5.12885,8.1553,0.083462,2.04334,-0.247558,-0.505845,FGM,0.370774,0.659472,0.327863,0.370774,0.570878,0.659472,0
3.06004,-5.10837,8.15675,0.0812558,2.06335,-0.183561,-0.378749,FGM,0.370774,0.659472,0.327863,0.370774,0.570878,0.659472,0
3.06402,-5.10837,8.15675,0.0812558,2.06335,-0.183561,-0.378749,FGM,0.370774,0.659472,0.327863,0.370774,0.570878,0.659472,0
3.06896,-5.08769,8.15823,0.0796716,2.0824,-0.1522,-0.316941,FGM,0.370774,0.659472,0.327863,0.370774,0.570878,0.659472,0
3.07202,-5.08769,8.15823,0.0796716,2.0824,-0.1522,-0.316941,FGM,0.370774,0.659472,0.327863,0.370774,0.570878,0.659472,0
3.07603,-5.08769,8.15823,0.0796716,2.0824,-0.1522,-0.316941,FGM,0.370774,0.659472,0.327863,0.370774,0.570878,0.659472,0
3.08001,-5.06683,8.1597,0.0782051,2.10056,-0.12721,-0.267212,FGM,0.378226,0.665227,0.32775,0.378226,0.570878,0.665227,0
3.08402,-5.06683,8.1597,0.0782051,2.10056,-0.12721,-0.267212,FGM,0.378226,0.665227,0.32775,0.378226,0.570878,0.665227,0
3.08895,-5.0458,8.1612,0.0770601,2.11705,-0.118796,-0.251498,FGM,0.378226,0.665227,0.32775,0.378226,0.570878,0.665227,0
3.09202,-5.0458,8.1612,0.0770601,2.11705,-0.118796,-0.251498,FGM,0.378226,0.665227,0.32775,0.378226,0.570878,0.665227,0
3.09602,-5.0458,8.1612,0.0770601,2.11705,-0.118796,-0.251498,FGM,0.378226,0.665227,0.32775,0.378226,0.570878,0.665227,0
3.10001,-5.0246,8.16268,0.0758525,2.13277,-0.107427,-0.229118,FGM,0.378226,0.665227,0.32775,0.378226,0.570878,0.665227,0
3.10402,-5.0246,8.16268,0.0758525,2.13277,-0.107427,-0.229118,FGM,0.378226,0.665227,0.32775,0.378226,0.570878,0.665227,0
3.10894,-5.00325,8.16418,0.0748618,2.14774,-0.107119,-0.230062,FGM,0.378226,0.665227,0.32775,0.378226,0.570878,0.665227,0
3.11202,-5.00325,8.16418,0.0748618,2.14774,-0.107119,-0.230062,FGM,0.378226,0.665227,0.32775,0.378226,0.570878,0.665227,0
3.11602,-5.00325,8.16418,0.0748618,2.14774,-0.107119,-0.230062,FGM,0.378226,0.665227,0.32775,0.378226,0.570878,0.665227,0
3.12001,-4.98175,8.16566,0.0737437,2.16199,-0.100676,-0.217661,FGM,0.378226,0.665227,0.32775,0.378226,0.570878,0.665227,0
3.12405,-4.98175,8.16566,0.0737437,2.16199,-0.100676,-0.217661,FGM,0.378226,0.665227,0.32775,0.378226,0.570878,0.665227,0
3.12895,-4.96011,8.16714,0.0728049,2.17557,-0.103329,-0.2248,FGM,0.378226,0.665227,0.32775,0.378226,0.570878,0.665227,0
3.13202,-4.96011,8.16714,0.0728049,2.17557,-0.103329,-0.2248,FGM,0.385658,0.665644,0.327668,0.385658,0.570878,0.665644,0
3.13602,-4.96011,8.16714,0.0728049,2.17557,-0.103329,-0.2248,FGM,0.385658,0.665644,0.327668,0.385658,0.570878,0.665644,0
3.14001,-4.93834,8.16861,0.0717147,2.18912,-0.0986966,-0.216059,FGM,0.385658,0.665644,0.327668,0.385658,0.570878,0.665644,0
3.14403,-4.93834,8.16861,0.0717147,2.18912,-0.0986966,-0.216059,FGM,0.385658,0.665644,0.327668,0.385658,0.570878,0.665644,0
3.14893,-4.91643,8.17007,0.0707901,2.20203,-0.102419,-0.225529,FGM,0.385658,0.665644,0.327668,0.385658,0.570878,0.665644,0
3.15202,-4.91643,8.17007,0.0707901,2.20203,-0.102419,-0.225529,FGM,0.385658,0.665644,0.327668,0.385658,0.570878,0.665644,0
3.15602,-4.91643,8.17007,0.0707901,2.20203,-0.102419,-0.225529,FGM,0.385658,0.665644,0.327668,0.385658,0.570878,0.665644,0
3.16001,-4.8944,8.17152,0.0697044,2.21432,-0.0985413,-0.218202,FGM,0.385658,0.665644,0.327668,0.385658,0.570878,0.665644,0
3.16403,-4.8944,8.17152,0.0697044,2.21432,-0.0985413,-0.218202,FGM,0.385658,0.665644,0.327668,0.385658,0.570878,0.665644,0
3.16892,-4.87224,8.17296,0.0687794,2.22603,-0.102699,-0.228612,FGM,0.385658,0.665644,0.327668,0.385658,0.570878,0.665644,0
3.17203,-4.87224,8.17296,0.0687794,2.22603,-0.102699,-0.228612,FGM,0.385658,0.665644,0.327668,0.385658,0.570878,0.665644,0
3.17602,-4.87224,8.17296,0.0687794,2.22603,-0.102699,-0.228612,FGM,0.385658,0.665644,0.327668,0.385658,0.570878,0.665644,0
3.18001,-4.84997,8.17438,0.0676891,2.23719,-0.0991103,-0.221728,FGM,0.39296,0.66596,0.327621,0.39296,0.570878,0.66596,0
3.18402,-4.84997,8.17438,0.0676891,2.23719,-0.0991103,-0.221728,FGM,0.39296,0.66596,0.327621,0.39296,0.570878,0.66596,0
3.18892,-4.82758,8.1758,0.0667584,2.24988,-0.103191,-0.232167,FGM,0.39296,0.66596,0.327621,0.39296,0.570878,0.66596,0
3.19204,-4.82758,8.1758,0.0667584,2.24988,-0.103191,-0.232167,FGM,0.39296,0.66596,0.327621,0.39296,0.570878,0.66596,0
3.19604,-4.82758,8.1758,0.0667584,2.24988,-0.103191,-0.232167,FGM,0.39296,0.66596,0.327621,0.39296,0.570878,0.66596,0
3.20002,-4.80507,8.17719,0.065663,2.26196,-0.0996978,-0.225512,FGM,0.39296,0.66596,0.327621,0.39296,0.570878,0.66596,0
3.20404,-4.80507,8.17719,0.065663,2.26196,-0.0996978,-0.225512,FGM,0.39296,0.66596,0.327621,0.39296,0.570878,0.66596,0
3.2089,-4.78243,8.17858,0.0647258,2.27347,-0.103986,-0.23641,FGM,0.39296,0.66596,0.327621,0.39296,0.570878,0.66596,0
3.21204,-4.78243,8.17858,0.0647258,2.27347,-0.103986,-0.23641,FGM,0.39296,0.66596,0.327621,0.39296,0.570878,0.66596,0
3.21602,-4.78243,8.17858,0.0647258,2.27347,-0.103986,-0.23641,FGM,0.39296,0.66596,0.327621,0.39296,0.570878,0.66596,0
3.22002,-4.75968,8.17994,0.0636213,2.28444,-0.100625,-0.229872,FGM,0.39296,0.66596,0.327621,0.39296,0.570878,0.66596,0
3.22403,-4.75968,8.17994,0.0636213,2.28444,-0.100625,-0.229872,FGM,0.39296,0.66596,0.327621,0.39296,0.570878,0.66596,0
3.2289,-4.73683,8.1813,0.0626749,2.29488,-0.104958,-0.240866,FGM,0.39296,0.66596,0.327621,0.39296,0.570878,0.66596,0
3.23203,-4.73683,8.1813,0.0626749,2.29488,-0.104958,-0.240866,FGM,0.399944,0.662424,0.359376,0.399944,0.5849,0.662424,0
3.23603,-4.73683,8.1813,0.0626749,2.29488,-0.104958,-0.240866,FGM,0.399944,0.662424,0.359376,0.399944,0.5849,0.662424,0
3.24002,-4.71387,8.18263,0.06156,2.30463,-0.101642,-0.234249,FGM,0.399944,0.662424,0.359376,0.399944,0.5849,0.662424,0
3.24404,-4.71387,8.18263,0.06156,2.30463,-0.101642,-0.234249,FGM,0.399944,0.662424,0.359376,0.399944,0.5849,0.662424,0
3.24889,-4.69081,8.18396,0.0606038,2.31392,-0.105973,-0.245212,FGM,0.399944,0.662424,0.359376,0.399944,0.5849,0.662424,0
3.25204,-4.69081,8.18396,0.0606038,2.31392,-0.105973,-0.245212,FGM,0.399944,0.662424,0.359376,0.399944,0.5849,0.662424,0
3.25605,-4.69081,8.18396,0.0606038,2.31392,-0.105973,-0.245212,FGM,0.399944,0.662424,0.359376,0.399944,0.5849,0.662424,0
3.26003,-4.66767,8.18526,0.0594786,2.32277,-0.102631,-0.238388,FGM,0.399944,0.662424,0.359376,0.399944,0.5849,0.662424,0
3.26404,-4.66767,8.18526,0.0594786,2.32277,-0.102631,-0.238388,FGM,0.399944,0.662424,0.359376,0.399944,0.5849,0.662424,0
3.26889,-4.64443,8.18655,0.0585131,2.33119,-0.106915,-0.249239,FGM,0.399944,0.662424,0.359376,0.399944,0.5849,0.662424,0
3.27205,-4.64443,8.18655,0.0585131,2.33119,-0.106915,-0.249239,FGM,0.399944,0.662424,0.359376,0.399944,0.5849,0.662424,0
3.27605,-4.64443,8.18655,0.0585131,2.33119,-0.106915,-0.249239,FGM,0.399944,0.662424,0.359376,0.399944,0.5849,0.662424,0
3.28003,-4.62111,8.18781,0.0573783,2.33922,-0.103545,-0.242216,FRENET,0.3594,0.5849,0.3594,0,0.5849,0.432781,0
3.28404,-4.62111,8.18781,0.0573783,2.33922,-0.103545,-0.242216,FRENET,0.3594,0.5849,0.3594,0,0.5849,0.432781,0
3.28888,-4.59759,8.18907,0.0564117,2.3726,-0.104631,-0.248247,FRENET,0.3594,0.5849,0.3594,0,0.5849,0.432781,0
3.29204,-4.59759,8.18907,0.0564117,2.3726,-0.104631,-0.248247,FRENET,0.3594,0.5849,0.3594,0,0.5849,0.432781,0
3.29604,-4.59759,8.18907,0.0564117,2.3726,-0.104631,-0.248247,FRENET,0.3594,0.5849,0.3594,0,0.5849,0.432781,0
3.30003,-4.57373,8.19031,0.0553119,2.40439,-0.100811,-0.24239,FRENET,0.3594,0.5849,0.3594,0,0.5849,0.432781,0
3.30404,-4.57373,8.19031,0.0553119,2.40439,-0.100811,-0.24239,FRENET,0.3594,0.5849,0.3594,0,0.5849,0.432781,0
3.30886,-4.54957,8.19155,0.0543609,2.43466,-0.104238,-0.253784,FRENET,0.3594,0.5849,0.3594,0,0.5849,0.432781,0
3.31204,-4.54957,8.19155,0.0543609,2.43466,-0.104238,-0.253784,FRENET,0.3594,0.5849,0.3594,0,0.5849,0.432781,0
3.31604,-4.54957,8.19155,0.0543609,2.43466,-0.104238,-0.253784,FRENET,0.3594,0.5849,0.3594,0,0.5849,0.432781,0
3.32003,-4.52511,8.19275,0.0529922,2.4635,-0.179286,-0.441672,FRENET,0.3594,0.5849,0.3594,0,0.5849,0.432781,0
3.32404,-4.52511,8.19275,0.0529922,2.4635,-0.179286,-0.441672,FRENET,0.3594,0.5849,0.3594,0,0.5849,0.432781,0
3.32884,-4.50036,8.19387,0.0508824,2.49097,-0.224368,-0.558895,FRENET,0.3594,0.5849,0.3594,0,0.5849,0.432781,0
3.33204,-4.50036,8.19387,0.0508824,2.49097,-0.224368,-0.558895,FRENET,0.359624,0.5849,0.359624,0,0.5849,0.444311,0
3.33604,-4.50036,8.19387,0.0508824,2.49097,-0.224368,-0.558895,FRENET,0.359624,0.5849,0.359624,0,0.5849,0.444311,0
3.34003,-4.47534,8.19492,0.0485226,2.51713,-0.26048,-0.655663,FRENET,0.359624,0.5849,0.359624,0,0.5849,0.444311,0
3.34404,-4.47534,8.19492,0.0485226,2.51713,-0.26048,-0.655663,FRENET,0.359624,0.5849,0.359624,0,0.5849,0.444311,0
3.34885,-4.45007,8.1959,0.0457355,2.54205,-0.280278,-0.712481,FRENET,0.359624,0.5849,0.359624,0,0.5849,0.444311,0
3.35204,-4.45007,8.1959,0.0457355,2.54205,-0.280278,-0.712481,FRENET,0.359624,0.5849,0.359624,0,0.5849,0.444311,0
3.35604,-4.45007,8.1959,0.0457355,2.54205,-0.280278,-0.712481,FRENET,0.359624,0.5849,0.359624,0,0.5849,0.444311,0
3.36003,-4.42454,8.19681,0.0429065,2.56578,-0.299792,-0.7692,FRENET,0.359624,0.5849,0.359624,0,0.5849,0.444311,0
3.36405,-4.42454,8.19681,0.0429065,2.56578,-0.299792,-0.7692,FRENET,0.359624,0.5849,0.359624,0,0.5849,0.444311,0
3.36883,-4.39873,8.19764,0.0398116,2.60027,-0.304483,-0.791738,FRENET,0.359624,0.5849,0.359624,0,0.5849,0.444311,0
3.37204,-4.39873,8.19764,0.0398116,2.60027,-0.304483,-0.791738,FRENET,0.359624,0.5849,0.359624,0,0.5849,0.444311,0
3.37603,-4.39873,8.19764,0.0398116,2.60027,-0.304483,-0.791738,FRENET,0.359624,0.5849,0.359624,0,0.5849,0.444311,0
3.38,-4.37257,8.19842,0.0367895,2.63312,-0.314264,-0.827496,FRENET,0.360329,0.5849,0.360329,0,0.5849,0.442726,0
3.38398,-4.37257,8.19842,0.0367895,2.63312,-0.314264,-0.827496,FRENET,0.360329,0.5849,0.360329,0,0.5849,0.442726,0
3.38876,-4.34609,8.19911,0.0335553,2.66441,-0.317662,-0.846382,FRENET,0.360329,0.5849,0.360329,0,0.5849,0.442726,0
3.39198,-4.34609,8.19911,0.0335553,2.66441,-0.317662,-0.846382,FRENET,0.360329,0.5849,0.360329,0,0.5849,0.442726,0
3.39598,-4.34609,8.19911,0.0335553,2.66441,-0.317662,-0.846382,FRENET,0.360329,0.5849,0.360329,0,0.5849,0.442726,0
3.39998,-4.31931,8.19976,0.0306742,2.69421,-0.248323,-0.669034,FRENET,0.360329,0.5849,0.360329,0,0.5849,0.442726,0
3.40399,-4.31931,8.19976,0.0306742,2.69421,-0.248323,-0.669034,FRENET,0.360329,0.5849,0.360329,0,0.5849,0.442726,0
3.40875,-4.29223,8.20042,0.0284877,2.7226,-0.206891,-0.563282,FRENET,0.360329,0.5849,0.360329,0,0.5849,0.442726,0
3.41199,-4.29223,8.20042,0.0284877,2.7226,-0.206891,-0.563282,FRENET,0.360329,0.5849,0.360329,0,0.5849,0.442726,0
3.41599,-4.29223,8.20042,0.0284877,2.7226,-0.206891,-0.563282,FRENET,0.360329,0.5849,0.360329,0,0.5849,0.442726,0
3.41998,-4.26488,8.20105,0.0265156,2.74963,-0.174545,-0.479934,FRENET,0.360329,0.5849,0.360329,0,0.5849,0.442726,0
3.42399,-4.26488,8.20105,0.0265156,2.74963,-0.174545,-0.479934,FRENET,0.360329,0.5849,0.360329,0,0.5849,0.442726,0
3.42875,-4.23726,8.20167,0.0249356,2.77538,-0.157899,-0.43823,FRENET,0.360329,0.5849,0.360329,0,0.5849,0.442726,0
3.43199,-4.23726,8.20167,0.0249356,2.77538,-0.157899,-0.43823,FRENET,0.412116,0.599868,0.412116,0,0.599868,0.445509,0
3.43599,-4.23726,8.20167,0.0249356,2.77538,-0.157899,-0.43823,FRENET,0.412116,0.599868,0.412116,0,0.599868,0.445509,0
3.43997,-4.20936,8.20225,0.0233689,2.80526,-0.141615,-0.397267,FRENET,0.412116,0.599868,0.412116,0,0.599868,0.445509,0
3.44399,-4.20936,8.20225,0.0233689,2.80526,-0.141615,-0.397267,FRENET,0.412116,0.599868,0.412116,0,0.599868,0.445509,0
3.44873,-4.18117,8.20282,0.0220598,2.83371,-0.1357,-0.384534,FRENET,0.412116,0.599868,0.412116,0,0.599868,0.445509,0
3.45199,-4.18117,8.20282,0.0220598,2.83371,-0.1357,-0.384534,FRENET,0.412116,0.599868,0.412116,0,0.599868,0.445509,0
3.45599,-4.18117,8.20282,0.0220598,2.83371,-0.1357,-0.384534,FRENET,0.412116,0.599868,0.412116,0,0.599868,0.445509,0
3.45997,-4.15271,8.20336,0.0206708,2.86081,-0.127528,-0.364835,FRENET,0.412116,0.599868,0.412116,0,0.599868,0.445509,0
3.46399,-4.15271,8.20336,0.0206708,2.86081,-0.127528,-0.364835,FRENET,0.412116,0.599868,0.412116,0,0.599868,0.445509,0
3.46873,-4.12397,8.20388,0.0194746,2.88663,-0.127055,-0.36676,FRENET,0.412116,0.599868,0.412116,0,0.599868,0.445509,0
3.47199,-4.12397,8.20388,0.0194746,2.88663,-0.127055,-0.36676,FRENET,0.412116,0.599868,0.412116,0,0.599868,0.445509,0
3.47599,-4.12397,8.20388,0.0194746,2.88663,-0.127055,-0.36676,FRENET,0.412116,0.599868,0.412116,0,0.599868,0.445509,0
3.47998,-4.09499,8.20436,0.0181516,2.91121,-0.122542,-0.356745,FRENET,0.452732,0.599868,0.452732,0,0.599868,0.452886,0
3.48399,-4.09499,8.20436,0.0181516,2.91121,-0.122542,-0.356745,FRENET,0.452732,0.599868,0.452732,0,0.599868,0.452886,0
3.48872,-4.06576,8.20483,0.0169931,2.93463,-0.124508,-0.365384,FRENET,0.452732,0.599868,0.452732,0,0.599868,0.452886,0
3.49199,-4.06576,8.20483,0.0169931,2.93463,-0.124508,-0.365384,FRENET,0.452732,0.599868,0.452732,0,0.599868,0.452886,0
3.49599,-4.06576,8.20483,0.0169931,2.93463,-0.124508,-0.365384,FRENET,0.452732,0.599868,0.452732,0,0.599868,0.452886,0
3.49998,-4.03631,8.20525,0.015686,2.95693,-0.121622,-0.359627,FRENET,0.452732,0.599868,0.452732,0,0.599868,0.452886,0
3.50399,-4.03631,8.20525,0.015686,2.95693,-0.121622,-0.359627,FRENET,0.452732,0.599868,0.452732,0,0.599868,0.452886,0
3.50871,-4.00664,8.20566,0.0145318,2.97817,-0.124653,-0.371239,FRENET,0.452732,0.599868,0.452732,0,0.599868,0.452886,0
3.51199,-4.00664,8.20566,0.0145318,2.97817,-0.124653,-0.371239,FRENET,0.452732,0.599868,0.452732,0,0.599868,0.452886,0
3.51599,-4.00664,8.20566,0.0145318,2.97817,-0.124653,-0.371239,FRENET,0.452732,0.599868,0.452732,0,0.599868,0.452886,0
3.51997,-3.97676,8.20602,0.0132188,2.9984,-0.122463,-0.367195,FRENET,0.452732,0.599868,0.452732,0,0.599868,0.452886,0
3.52399,-3.97676,8.20602,0.0132188,2.9984,-0.122463,-0.367195,FRENET,0.452732,0.599868,0.452732,0,0.599868,0.452886,0
3.5287,-3.94668,8.20636,0.0120545,3.01767,-0.125931,-0.380018,FRENET,0.452732,0.599868,0.452732,0,0.599868,0.452886,0
3.53199,-3.94668,8.20636,0.0120545,3.01767,-0.125931,-0.380018,FRENET,0.516758,0.599868,0.516758,0,0.599868,0.455413,0
3.53599,-3.94668,8.20636,0.0120545,3.01767,-0.125931,-0.380018,FRENET,0.516758,0.599868,0.516758,0,0.599868,0.455413,0
3.53997,-3.91641,8.20666,0.0107266,3.03603,-0.12401,-0.376499,FRENET,0.516758,0.599868,0.516758,0,0.599868,0.455413,0
3.54404,-3.91641,8.20666,0.0107266,3.03603,-0.12401,-0.376499,FRENET,0.516758,0.599868,0.516758,0,0.599868,0.455413,0
3.54869,-3.88596,8.20693,0.00954675,3.05351,-0.127628,-0.389712,FRENET,0.516758,0.599868,0.516758,0,0.599868,0.455413,0
3.55199,-3.88596,8.20693,0.00954675,3.05351,-0.127628,-0.389712,FRENET,0.516758,0.599868,0.516758,0,0.599868,0.455413,0
3.55599,-3.88596,8.20693,0.00954675,3.05351,-0.127628,-0.389712,FRENET,0.516758,0.599868,0.516758,0,0.599868,0.455413,0
3.55998,-3.85535,8.20716,0.0082008,3.07016,-0.125784,-0.386177,FRENET,0.516758,0.599868,0.516758,0,0.599868,0.455413,0
3.56399,-3.85535,8.20716,0.0082008,3.07016,-0.125784,-0.386177,FRENET,0.516758,0.599868,0.516758,0,0.599868,0.455413,0
3.56868,-3.82457,8.20736,0.00700366,3.08602,-0.129424,-0.399404,FRENET,0.516758,0.599868,0.516758,0,0.599868,0.455413,0
3.57199,-3.82457,8.20736,0.00700366,3.08602,-0.129424,-0.399404,FRENET,0.516758,0.599868,0.516758,0,0.599868,0.455413,0
3.57599,-3.82457,8.20736,0.00700366,3.08602,-0.129424,-0.399404,FRENET,0.516758,0.599868,0.516758,0,0.599868,0.455413,0
3.57999,-3.79357,8.20752,0.00565419,3.11301,-0.12563,-0.391086,FRENET,0.52255,0.599868,0.52255,0,0.599868,0.466847,0
3.58399,-3.79357,8.20752,0.00565419,3.11301,-0.12563,-0.391086,FRENET,0.52255,0.599868,0.52255,0,0.599868,0.466847,0
3.58868,-3.76231,8.20765,0.00446288,3.13872,-0.127771,-0.401037,FRENET,0.52255,0.599868,0.52255,0,0.599868,0.466847,0
3.59199,-3.76231,8.20765,0.00446288,3.13872,-0.127771,-0.401037,FRENET,0.52255,0.599868,0.52255,0,0.599868,0.466847,0
3.59599,-3.76231,8.20765,0.00446288,3.13872,-0.127771,-0.401037,FRENET,0.52255,0.599868,0.52255,0,0.599868,0.466847,0
3.59999,-3.7308,8.20774,0.00312125,3.1632,-0.125431,-0.396765,FRENET,0.52255,0.599868,0.52255,0,0.599868,0.466847,0
3.60399,-3.7308,8.20774,0.00312125,3.1632,-0.125431,-0.396765,FRENET,0.52255,0.599868,0.52255,0,0.599868,0.466847,0
3.60867,-3.69905,8.2078,0.00192769,3.18652,-0.128531,-0.409566,FRENET,0.52255,0.599868,0.52255,0,0.599868,0.466847,0
3.61199,-3.69905,8.2078,0.00192769,3.18652,-0.128531,-0.409566,FRENET,0.52255,0.599868,0.52255,0,0.599868,0.466847,0
3.61599,-3.69905,8.2078,0.00192769,3.18652,-0.128531,-0.409566,FRENET,0.52255,0.599868,0.52255,0,0.599868,0.466847,0
3.61997,-3.66708,8.2078,0.000574315,3.20874,-0.126808,-0.406893,FRENET,0.52255,0.599868,0.52255,0,0.599868,0.466847,0
3.62398,-3.66708,8.2078,0.000574315,3.20874,-0.126808,-0.406893,FRENET,0.52255,0.599868,0.52255,0,0.599868,0.466847,0
3.62868,-3.63489,8.20779,-0.000634269,3.22989,-0.130291,-0.420826,FRENET,0.52255,0.599868,0.52255,0,0.599868,0.466847,0
3.63199,-3.63489,8.20779,-0.000634269,3.22989,-0.130291,-0.420826,FRENET,0.493764,0.61327,0.493764,0,0.61327,0.460627,0
3.63599,-3.63489,8.20779,-0.000634269,3.22989,-0.130291,-0.420826,FRENET,0.493764,0.61327,0.493764,0,0.61327,0.460627,0
3.63997,-3.60254,8.20772,-0.00202106,3.23964,-0.130637,-0.423219,FRENET,0.493764,0.61327,0.493764,0,0.61327,0.460627,0
3.64399,-3.60254,8.20772,-0.00202106,3.23964,-0.130637,-0.423219,FRENET,0.493764,0.61327,0.493764,0,0.61327,0.460627,0
3.64867,-3.57004,8.20762,-0.00326281,3.26082,-0.133145,-0.434161,FRENET,0.493764,0.61327,0.493764,0,0.61327,0.460627,0
3.65199,-3.57004,8.20762,-0.00326281,3.26082,-0.133145,-0.434161,FRENET,0.493764,0.61327,0.493764,0,0.61327,0.460627,0
3.65599,-3.57004,8.20762,-0.00326281,3.26082,-0.133145,-0.434161,FRENET,0.493764,0.61327,0.493764,0,0.61327,0.460627,0
3.66002,-3.53733,8.20747,-0.00466088,3.28099,-0.131004,-0.429823,FRENET,0.493764,0.61327,0.493764,0,0.61327,0.460627,0
3.66403,-3.53733,8.20747,-0.00466088,3.28099,-0.131004,-0.429823,FRENET,0.493764,0.61327,0.493764,0,0.61327,0.460627,0
3.66872,-3.50442,8.20729,-0.00590879,3.3002,-0.134117,-0.442615,FRENET,0.493764,0.61327,0.493764,0,0.61327,0.460627,0
3.67199,-3.50442,8.20729,-0.00590879,3.3002,-0.134117,-0.442615,FRENET,0.493764,0.61327,0.493764,0,0.61327,0.460627,0
3.67599,-3.50442,8.20729,-0.00590879,3.3002,-0.134117,-0.442615,FRENET,0.493764,0.61327,0.493764,0,0.61327,0.460627,0
3.67998,-3.47133,8.20706,-0.00731938,3.3185,-0.13237,-0.439271,FRENET,0.496099,0.61327,0.496099,0,0.61327,0.452763,0
3.68398,-3.47133,8.20706,-0.00731938,3.3185,-0.13237,-0.439271,FRENET,0.496099,0.61327,0.496099,0,0.61327,0.452763,0
3.68868,-3.43806,8.2068,-0.00858162,3.33592,-0.135731,-0.452789,FRENET,0.496099,0.61327,0.496099,0,0.61327,0.452763,0
3.69199,-3.43806,8.2068,-0.00858162,3.33592,-0.135731,-0.452789,FRENET,0.496099,0.61327,0.496099,0,0.61327,0.452763,0
3.69599,-3.43806,8.2068,-0.00858162,3.33592,-0.135731,-0.452789,FRENET,0.496099,0.61327,0.496099,0,0.61327,0.452763,0
3.69998,-3.40462,8.20648,-0.0100098,3.35252,-0.134127,-0.449664,FRENET,0.496099,0.61327,0.496099,0,0.61327,0.452763,0
3.70398,-3.40462,8.20648,-0.0100098,3.35252,-0.134127,-0.449664,FRENET,0.496099,0.61327,0.496099,0,0.61327,0.452763,0
3.70867,-3.37101,8.20613,-0.0112894,3.36833,-0.137562,-0.463354,FRENET,0.496099,0.61327,0.496099,0,0.61327,0.452763,0
3.71199,-3.37101,8.20613,-0.0112894,3.36833,-0.137562,-0.463354,FRENET,0.496099,0.61327,0.496099,0,0.61327,0.452763,0
3.71598,-3.37101,8.20613,-0.0112894,3.36833,-0.137562,-0.463354,FRENET,0.496099,0.61327,0.496099,0,0.61327,0.452763,0
3.71997,-3.33726,8.20572,-0.0127365,3.38339,-0.135982,-0.460079,FRENET,0.496099,0.61327,0.496099,0,0.61327,0.452763,0
3.72398,-3.33726,8.20572,-0.0127365,3.38339,-0.135982,-0.460079,FRENET,0.496099,0.61327,0.496099,0,0.61327,0.452763,0
3.72867,-3.30336,8.20528,-0.0140341,3.39773,-0.139409,-0.473675,FRENET,0.496099,0.61327,0.496099,0,0.61327,0.452763,0
3.732,-3.30336,8.20528,-0.0140341,3.39773,-0.139409,-0.473675,FRENET,0.498216,0.61327,0.498216,0,0.61327,0.45425,0
3.73599,-3.30336,8.20528,-0.0140341,3.39773,-0.139409,-0.473675,FRENET,0.498216,0.61327,0.498216,0,0.61327,0.45425,0
3.73998,-3.26931,8.20478,-0.0155001,3.41139,-0.137799,-0.470085,FRENET,0.498216,0.61327,0.498216,0,0.61327,0.45425,0
3.74399,-3.26931,8.20478,-0.0155001,3.41139,-0.137799,-0.470085,FRENET,0.498216,0.61327,0.498216,0,0.61327,0.45425,0
3.74866,-3.23514,8.20425,-0.0168151,3.4244,-0.141184,-0.483469,FRENET,0.498216,0.61327,0.498216,0,0.61327,0.45425,0
3.75199,-3.23514,8.20425,-0.0168151,3.4244,-0.141184,-0.483469,FRENET,0.498216,0.61327,0.498216,0,0.61327,0.45425,0
3.75598,-3.23514,8.20425,-0.0168151,3.4244,-0.141184,-0.483469,FRENET,0.498216,0.61327,0.498216,0,0.61327,0.45425,0
3.75997,-3.20084,8.20365,-0.0182991,3.43679,-0.139521,-0.479503,FRENET,0.498216,0.61327,0.498216,0,0.61327,0.45425,0
3.76399,-3.20084,8.20365,-0.0182991,3.43679,-0.139521,-0.479503,FRENET,0.498216,0.61327,0.498216,0,0.61327,0.45425,0
3.76866,-3.16642,8.20303,-0.0196306,3.44859,-0.142849,-0.492629,FRENET,0.498216,0.61327,0.498216,0,0.61327,0.45425,0
3.77199,-3.16642,8.20303,-0.0196306,3.44859,-0.142849,-0.492629,FRENET,0.498216,0.61327,0.498216,0,0.61327,0.45425,0
3.776,-3.16642,8.20303,-0.0196306,3.44859,-0.142849,-0.492629,FRENET,0.498216,0.61327,0.498216,0,0.61327,0.45425,0
3.78002,-3.13188,8.20234,-0.0211313,3.45983,-0.141126,-0.488273,FRENET,0.504904,0.61327,0.504904,0,0.61327,0.400991,0
3.78399,-3.13188,8.20234,-0.0211313,3.45983,-0.141126,-0.488273,FRENET,0.504904,0.61327,0.504904,0,0.61327,0.400991,0
3.78866,-3.09724,8.20161,-0.0224782,3.47054,-0.144396,-0.501132,FRENET,0.504904,0.61327,0.504904,0,0.61327,0.400991,0
3.79199,-3.09724,8.20161,-0.0224782,3.47054,-0.144396,-0.501132,FRENET,0.504904,0.61327,0.504904,0,0.61327,0.400991,0
3.79599,-3.09724,8.20161,-0.0224782,3.47054,-0.144396,-0.501132,FRENET,0.504904,0.61327,0.504904,0,0.61327,0.400991,0
3.79997,-3.06249,8.20083,-0.0239945,3.48073,-0.142613,-0.496398,FRENET,0.504904,0.61327,0.504904,0,0.61327,0.400991,0
3.80399,-3.06249,8.20083,-0.0239945,3.48073,-0.142613,-0.496398,FRENET,0.504904,0.61327,0.504904,0,0.61327,0.400991,0
3.80866,-3.02764,8.2,-0.0253555,3.49045,-0.145825,-0.508995,FRENET,0.504904,0.61327,0.504904,0,0.61327,0.400991,0
3.81199,-3.02764,8.2,-0.0253555,3.49045,-0.145825,-0.508995,FRENET,0.504904,0.61327,0.504904,0,0.61327,0.400991,0
3.81602,-3.02764,8.2,-0.0253555,3.49045,-0.145825,-0.508995,FRENET,0.504904,0.61327,0.504904,0,0.61327,0.400991,0
3.82,-2.99265,8.19912,-0.0268684,3.51101,-0.141452,-0.496638,FRENET,0.504904,0.61327,0.504904,0,0.61327,0.400991,0
3.82402,-2.99265,8.19912,-0.0268684,3.51101,-0.141452,-0.496638,FRENET,0.504904,0.61327,0.504904,0,0.61327,0.400991,0
3.82868,-2.95745,8.19819,-0.0282112,3.5306,-0.142721,-0.503891,FRENET,0.504904,0.61327,0.504904,0,0.61327,0.400991,0
3.83201,-2.95745,8.19819,-0.0282112,3.5306,-0.142721,-0.503891,FRENET,0.495937,0.61913,0.495937,0,0.61913,0.453852,0
3.83601,-2.95745,8.19819,-0.0282112,3.5306,-0.142721,-0.503891,FRENET,0.495937,0.61913,0.495937,0,0.61913,0.453852,0
3.84001,-2.92211,8.1972,-0.0297167,3.54028,-0.142043,-0.502871,FRENET,0.495937,0.61913,0.495937,0,0.61913,0.453852,0
3.84401,-2.92211,8.1972,-0.0297167,3.54028,-0.142043,-0.502871,FRENET,0.495937,0.61913,0.495937,0,0.61913,0.453852,0
3.84868,-2.88668,8.19617,-0.0310759,3.5495,-0.146001,-0.518231,FRENET,0.495937,0.61913,0.495937,0,0.61913,0.453852,0
3.852,-2.88668,8.19617,-0.0310759,3.5495,-0.146001,-0.518231,FRENET,0.495937,0.61913,0.495937,0,0.61913,0.453852,0
3.85601,-2.88668,8.19617,-0.0310759,3.5495,-0.146001,-0.518231,FRENET,0.495937,0.61913,0.495937,0,0.61913,0.453852,0
3.86002,-2.85116,8.19507,-0.0326116,3.55828,-0.144761,-0.515102,FRENET,0.495937,0.61913,0.495937,0,0.61913,0.453852,0
3.86401,-2.85116,8.19507,-0.0326116,3.55828,-0.144761,-0.515102,FRENET,0.495937,0.61913,0.495937,0,0.61913,0.453852,0
3.86866,-2.81555,8.19397,-0.0336937,3.56664,-0.0595697,-0.212464,FRENET,0.495937,0.61913,0.495937,0,0.61913,0.453852,0
3.87201,-2.81555,8.19397,-0.0336937,3.56664,-0.0595697,-0.212464,FRENET,0.495937,0.61913,0.495937,0,0.61913,0.453852,0
3.87602,-2.81555,8.19397,-0.0336937,3.56664,-0.0595697,-0.212464,FRENET,0.495937,0.61913,0.495937,0,0.61913,0.453852,0
3.87999,-2.77986,8.19289,-0.0338998,3.57461,-0.00118569,-0.00423838,FRENET,0.496097,0.61913,0.496097,0,0.61913,0.440754,0
3.88396,-2.77986,8.19289,-0.0338998,3.57461,-0.00118569,-0.00423838,FRENET,0.496097,0.61913,0.496097,0,0.61913,0.440754,0
3.88864,-2.74409,8.19182,-0.0337465,3.5822,0.0459037,0.164436,FRENET,0.496097,0.61913,0.496097,0,0.61913,0.440754,0
3.89198,-2.74409,8.19182,-0.0337465,3.5822,0.0459037,0.164436,FRENET,0.496097,0.61913,0.496097,0,0.61913,0.440754,0
3.89598,-2.74409,8.19182,-0.0337465,3.5822,0.0459037,0.164436,FRENET,0.496097,0.61913,0.496097,0,0.61913,0.440754,0
3.89996,-2.70825,8.19077,-0.0330462,3.58942,0.0759794,0.272722,FRENET,0.496097,0.61913,0.496097,0,0.61913,0.440754,0
3.90403,-2.70825,8.19077,-0.0330462,3.58942,0.0759794,0.272722,FRENET,0.496097,0.61913,0.496097,0,0.61913,0.440754,0
3.90864,-2.67229,8.18973,-0.0322335,3.6054,0.101066,0.364385,FRENET,0.496097,0.61913,0.496097,0,0.61913,0.440754,0
3.91198,-2.67229,8.18973,-0.0322335,3.6054,0.101066,0.364385,FRENET,0.496097,0.61913,0.496097,0,0.61913,0.440754,0
3.91603,-2.67229,8.18973,-0.0322335,3.6054,0.101066,0.364385,FRENET,0.496097,0.61913,0.496097,0,0.61913,0.440754,0
3.92001,-2.63617,8.18872,-0.0310687,3.62062,0.11514,0.416879,FRENET,0.496097,0.61913,0.496097,0,0.61913,0.440754,0
3.92404,-2.63617,8.18872,-0.0310687,3.62062,0.11514,0.416879,FRENET,0.496097,0.61913,0.496097,0,0.61913,0.440754,0
3.9287,-2.59991,8.18772,-0.0299227,3.63512,0.129261,0.46988,FRENET,0.496097,0.61913,0.496097,0,0.61913,0.440754,0
3.93203,-2.59991,8.18772,-0.0299227,3.63512,0.129261,0.46988,FRENET,0.493311,0.61913,0.493311,0,0.61913,0.40604,0
3.93604,-2.59991,8.18772,-0.0299227,3.63512,0.129261,0.46988,FRENET,0.493311,0.61913,0.493311,0,0.61913,0.40604,0
3.94002,-2.5635,8.18675,-0.0285176,3.64893,0.135325,0.49379,FRENET,0.493311,0.61913,0.493311,0,0.61913,0.40604,0
3.94403,-2.5635,8.18675,-0.0285176,3.64893,0.135325,0.49379,FRENET,0.493311,0.61913,0.493311,0,0.61913,0.40604,0
3.94864,-2.52696,8.1858,-0.0272009,3.66208,0.143634,0.525998,FRENET,0.493311,0.61913,0.493311,0,0.61913,0.40604,0
3.95204,-2.52696,8.1858,-0.0272009,3.66208,0.143634,0.525998,FRENET,0.493311,0.61913,0.493311,0,0.61913,0.40604,0
3.95603,-2.52696,8.1858,-0.0272009,3.66208,0.143634,0.525998,FRENET,0.493311,0.61913,0.493311,0,0.61913,0.40604,0
3.96002,-2.49029,8.18489,-0.0256737,3.6746,0.145501,0.534659,FRENET,0.493311,0.61913,0.493311,0,0.61913,0.40604,0
3.96404,-2.49029,8.18489,-0.0256737,3.6746,0.145501,0.534659,FRENET,0.493311,0.61913,0.493311,0,0.61913,0.40604,0
3.96864,-2.45349,8.184,-0.0242716,3.68653,0.150809,0.555963,FRENET,0.493311,0.61913,0.493311,0,0.61913,0.40604,0
3.97204,-2.45349,8.184,-0.0242716,3.68653,0.150809,0.555963,FRENET,0.493311,0.61913,0.493311,0,0.61913,0.40604,0
3.97603,-2.45349,8.184,-0.0242716,3.68653,0.150809,0.555963,FRENET,0.493311,0.61913,0.493311,0,0.61913,0.40604,0
3.98003,-2.41658,8.18316,-0.0226835,3.6979,0.150544,0.556697,FRENET,0.501654,0.61913,0.501654,0,0.61913,0.456221,0
3.98398,-2.41658,8.18316,-0.0226835,3.6979,0.150544,0.556697,FRENET,0.501654,0.61913,0.501654,0,0.61913,0.456221,0
3.98868,-2.37955,8.18235,-0.0212392,3.70872,0.154358,0.572469,FRENET,0.501654,0.61913,0.501654,0,0.61913,0.456221,0
3.99203,-2.37955,8.18235,-0.0212392,3.70872,0.154358,0.572469,FRENET,0.501654,0.61913,0.501654,0,0.61913,0.456221,0
3.99603,-2.37955,8.18235,-0.0212392,3.70872,0.154358,0.572469,FRENET,0.501654,0.61913,0.501654,0,0.61913,0.456221,0
4.00002,-2.34242,8.18158,-0.0196208,3.71903,0.153053,0.56921,FRENET,0.501654,0.61913,0.501654,0,0.61913,0.456221,0
4.00403,-2.34242,8.18158,-0.0196208,3.71903,0.153053,0.56921,FRENET,0.501654,0.61913,0.501654,0,0.61913,0.456221,0
4.00868,-2.30519,8.18085,-0.0181556,3.72885,0.15616,0.582298,FRENET,0.501654,0.61913,0.501654,0,0.61913,0.456221,0
4.01204,-2.30519,8.18085,-0.0181556,3.72885,0.15616,0.582298,FRENET,0.501654,0.61913,0.501654,0,0.61913,0.456221,0
4.01603,-2.30519,8.18085,-0.0181556,3.72885,0.15616,0.582298,FRENET,0.501654,0.61913,0.501654,0,0.61913,0.456221,0
4.02002,-2.26786,8.18018,-0.0165213,3.7382,0.154381,0.577105,FRENET,0.501654,0.61913,0.501654,0,0.61913,0.456221,0
4.02402,-2.26786,8.18018,-0.0165213,3.7382,0.154381,0.577105,FRENET,0.501654,0.61913,0.501654,0,0.61913,0.456221,0
4.02864,-2.23044,8.17954,-0.0150448,3.7471,0.15718,0.588968,FRENET,0.501654,0.61913,0.501654,0,0.61913,0.456221,0
4.03202,-2.23044,8.17954,-0.0150448,3.7471,0.15718,0.588968,FRENET,0.492934,0.616666,0.492934,0,0.616666,0.439849,0
4.03603,-2.23044,8.17954,-0.0150448,3.7471,0.15718,0.588968,FRENET,0.492934,0.616666,0.492934,0,0.616666,0.439849,0
4.04001,-2.19296,8.17896,-0.0133922,3.75017,0.156498,0.586896,FRENET,0.492934,0.616666,0.492934,0,0.616666,0.439849,0
4.04403,-2.19296,8.17896,-0.0133922,3.75017,0.156498,0.586896,FRENET,0.492934,0.616666,0.492934,0,0.616666,0.439849,0
4.04869,-2.15545,8.17839,-0.0122023,3.7531,0.0688881,0.258544,FRENET,0.492934,0.616666,0.492934,0,0.616666,0.439849,0
4.05203,-2.15545,8.17839,-0.0122023,3.7531,0.0688881,0.258544,FRENET,0.492934,0.616666,0.492934,0,0.616666,0.439849,0
4.05605,-2.15545,8.17839,-0.0122023,3.7531,0.0688881,0.258544,FRENET,0.492934,0.616666,0.492934,0,0.616666,0.439849,0
4.06002,-2.11787,8.17779,-0.0119133,3.76286,0.00825004,0.0310437,FRENET,0.492934,0.616666,0.492934,0,0.616666,0.439849,0
4.06403,-2.11787,8.17779,-0.0119133,3.76286,0.00825004,0.0310437,FRENET,0.492934,0.616666,0.492934,0,0.616666,0.439849,0
4.06863,-2.0802,8.17721,-0.0117056,3.77216,0.0478529,0.180509,FRENET,0.492934,0.616666,0.492934,0,0.616666,0.439849,0
4.07201,-2.0802,8.17721,-0.0117056,3.77216,0.0478529,0.180509,FRENET,0.492934,0.616666,0.492934,0,0.616666,0.439849,0
4.07603,-2.0802,8.17721,-0.0117056,3.77216,0.0478529,0.180509,FRENET,0.492934,0.616666,0.492934,0,0.616666,0.439849,0
4.08002,-2.04244,8.1767,-0.0110087,3.78102,0.0738887,0.279374,FRENET,0.492452,0.616666,0.492452,0,0.616666,0.425875,0
4.08402,-2.04244,8.1767,-0.0110087,3.78102,0.0738887,0.279374,FRENET,0.492452,0.616666,0.492452,0,0.616666,0.425875,0
4.08863,-2.00459,8.17622,-0.010227,3.78945,0.0977599,0.370457,FRENET,0.492452,0.616666,0.492452,0,0.616666,0.425875,0
4.09201,-2.00459,8.17622,-0.010227,3.78945,0.0977599,0.370457,FRENET,0.492452,0.616666,0.492452,0,0.616666,0.425875,0
4.09603,-2.00459,8.17622,-0.010227,3.78945,0.0977599,0.370457,FRENET,0.492452,0.616666,0.492452,0,0.616666,0.425875,0
4.09998,-1.96666,8.1758,-0.00909371,3.79749,0.111754,0.424383,FRENET,0.492452,0.616666,0.492452,0,0.616666,0.425875,0
4.10403,-1.96666,8.1758,-0.00909371,3.79749,0.111754,0.424383,FRENET,0.492452,0.616666,0.492452,0,0.616666,0.425875,0
4.10868,-1.92865,8.17542,-0.00798176,3.80514,0.126433,0.481096,FRENET,0.492452,0.616666,0.492452,0,0.616666,0.425875,0
4.11202,-1.92865,8.17542,-0.00798176,3.80514,0.126433,0.481096,FRENET,0.492452,0.616666,0.492452,0,0.616666,0.425875,0
4.11603,-1.92865,8.17542,-0.00798176,3.80514,0.126433,0.481096,FRENET,0.492452,0.616666,0.492452,0,0.616666,0.425875,0
4.12001,-1.89056,8.1751,-0.00659806,3.81243,0.133424,0.508671,FRENET,0.492452,0.616666,0.492452,0,0.616666,0.425875,0
4.12402,-1.89056,8.1751,-0.00659806,3.81243,0.133424,0.508671,FRENET,0.492452,0.616666,0.492452,0,0.616666,0.425875,0
4.12868,-1.8524,8.17482,-0.0052975,3.81937,0.142787,0.545356,FRENET,0.492452,0.616666,0.492452,0,0.616666,0.425875,0
4.13204,-1.8524,8.17482,-0.0052975,3.81937,0.142787,0.545356,FRENET,0.495311,0.616666,0.495311,0,0.616666,0.437059,0
4.13604,-1.8524,8.17482,-0.0052975,3.81937,0.142787,0.545356,FRENET,0.495311,0.616666,0.495311,0,0.616666,0.437059,0
4.14003,-1.81418,8.1746,-0.00377111,3.82598,0.145748,0.557631,FRENET,0.495311,0.616666,0.495311,0,0.616666,0.437059,0
4.14404,-1.81418,8.1746,-0.00377111,3.82598,0.145748,0.557631,FRENET,0.495311,0.616666,0.495311,0,0.616666,0.437059,0
4.14863,-1.77588,8.17438,-0.00266958,3.83228,0.0619446,0.237389,FRENET,0.495311,0.616666,0.495311,0,0.616666,0.437059,0
4.15202,-1.77588,8.17438,-0.00266958,3.83228,0.0619446,0.237389,FRENET,0.495311,0.616666,0.495311,0,0.616666,0.437059,0
4.15602,-1.77588,8.17438,-0.00266958,3.83228,0.0619446,0.237389,FRENET,0.495311,0.616666,0.495311,0,0.616666,0.437059,0
4.16,-1.73753,8.17414,-0.00244204,3.83828,0.00304615,0.011692,FRENET,0.495311,0.616666,0.495311,0,0.616666,0.437059,0
4.16399,-1.73753,8.17414,-0.00244204,3.83828,0.00304615,0.011692,FRENET,0.495311,0.616666,0.495311,0,0.616666,0.437059,0
4.16867,-1.69912,8.17389,-0.00258095,3.84399,-0.0451186,-0.173435,FRENET,0.495311,0.616666,0.495311,0,0.616666,0.437059,0
4.17202,-1.69912,8.17389,-0.00258095,3.84399,-0.0451186,-0.173435,FRENET,0.495311,0.616666,0.495311,0,0.616666,0.437059,0
4.17598,-1.69912,8.17389,-0.00258095,3.84399,-0.0451186,-0.173435,FRENET,0.495311,0.616666,0.495311,0,0.616666,0.437059,0
4.17996,-1.66066,8.17361,-0.0032825,3.84943,-0.076922,-0.296106,FRENET,0.489052,0.616666,0.489052,0,0.616666,0.428578,0
4.18397,-1.66066,8.17361,-0.0032825,3.84943,-0.076922,-0.296106,FRENET,0.489052,0.616666,0.489052,0,0.616666,0.428578,0
4.18863,-1.62214,8.17332,-0.00411343,3.85461,-0.104553,-0.403011,FRENET,0.489052,0.616666,0.489052,0,0.616666,0.428578,0
4.19198,-1.62214,8.17332,-0.00411343,3.85461,-0.104553,-0.403011,FRENET,0.489052,0.616666,0.489052,0,0.616666,0.428578,0
4.19597,-1.62214,8.17332,-0.00411343,3.85461,-0.104553,-0.403011,FRENET,0.489052,0.616666,0.489052,0,0.616666,0.428578,0
4.19996,-1.58357,8.17299,-0.00532828,3.85955,-0.120844,-0.466404,FRENET,0.489052,0.616666,0.489052,0,0.616666,0.428578,0
4.20398,-1.58357,8.17299,-0.00532828,3.85955,-0.120844,-0.466404,FRENET,0.489052,0.616666,0.489052,0,0.616666,0.428578,0
4.20862,-1.54495,8.17266,-0.00653708,3.86425,-0.136802,-0.528638,FRENET,0.489052,0.616666,0.489052,0,0.616666,0.428578,0
4.21197,-1.54495,8.17266,-0.00653708,3.86425,-0.136802,-0.528638,FRENET,0.489052,0.616666,0.489052,0,0.616666,0.428578,0
4.21598,-1.54495,8.17266,-0.00653708,3.86425,-0.136802,-0.528638,FRENET,0.489052,0.616666,0.489052,0,0.616666,0.428578,0
4.21996,-1.50629,8.17228,-0.00802872,3.86873,-0.144343,-0.558426,FRENET,0.489052,0.616666,0.489052,0,0.616666,0.428578,0
4.22398,-1.50629,8.17228,-0.00802872,3.86873,-0.144343,-0.558426,FRENET,0.489052,0.616666,0.489052,0,0.616666,0.428578,0
4.22864,-1.46758,8.17188,-0.0094381,3.87299,-0.153776,-0.595572,FRENET,0.489052,0.616666,0.489052,0,0.616666,0.428578,0
4.23198,-1.46758,8.17188,-0.0094381,3.87299,-0.153776,-0.595572,FRENET,0.509487,0.607471,0.509487,0,0.607471,0.444415,0
4.23598,-1.46758,8.17188,-0.0094381,3.87299,-0.153776,-0.595572,FRENET,0.509487,0.607471,0.509487,0,0.607471,0.444415,0
4.23997,-1.42883,8.17143,-0.0110728,3.87811,-0.156291,-0.606113,FRENET,0.509487,0.607471,0.509487,0,0.607471,0.444415,0
4.24398,-1.42883,8.17143,-0.0110728,3.87811,-0.156291,-0.606113,FRENET,0.509487,0.607471,0.509487,0,0.607471,0.444415,0
4.24863,-1.39002,8.17096,-0.0125823,3.88298,-0.161994,-0.62902,FRENET,0.509487,0.607471,0.509487,0,0.607471,0.444415,0
4.25198,-1.39002,8.17096,-0.0125823,3.88298,-0.161994,-0.62902,FRENET,0.509487,0.607471,0.509487,0,0.607471,0.444415,0
4.25597,-1.39002,8.17096,-0.0125823,3.88298,-0.161994,-0.62902,FRENET,0.509487,0.607471,0.509487,0,0.607471,0.444415,0
4.26,-1.35117,8.17043,-0.0142862,3.88762,-0.161991,-0.62976,FRENET,0.509487,0.607471,0.509487,0,0.607471,0.444415,0
4.26401,-1.35117,8.17043,-0.0142862,3.88762,-0.161991,-0.62976,FRENET,0.509487,0.607471,0.509487,0,0.607471,0.444415,0
4.26866,-1.31228,8.1699,-0.0155339,3.89204,-0.0748793,-0.291434,FRENET,0.509487,0.607471,0.509487,0,0.607471,0.444415,0
4.27201,-1.31228,8.1699,-0.0155339,3.89204,-0.0748793,-0.291434,FRENET,0.509487,0.607471,0.509487,0,0.607471,0.444415,0
4.27602,-1.31228,8.1699,-0.0155339,3.89204,-0.0748793,-0.291434,FRENET,0.509487,0.607471,0.509487,0,0.607471,0.444415,0
4.27997,-1.27334,8.16941,-0.0158754,3.89625,-0.0131106,-0.0510821,FRENET,0.512772,0.607471,0.512772,0,0.607471,0.436811,0
4.28401,-1.27334,8.16941,-0.0158754,3.89625,-0.0131106,-0.0510821,FRENET,0.512772,0.607471,0.512772,0,0.607471,0.436811,0
4.28866,-1.23433,8.16892,-0.0158265,3.90591,0.0368412,0.143899,FRENET,0.512772,0.607471,0.512772,0,0.607471,0.436811,0
4.29201,-1.23433,8.16892,-0.0158265,3.90591,0.0368412,0.143899,FRENET,0.512772,0.607471,0.512772,0,0.607471,0.436811,0
4.29601,-1.23433,8.16892,-0.0158265,3.90591,0.0368412,0.143899,FRENET,0.512772,0.607471,0.512772,0,0.607471,0.436811,0
4.3,-1.19523,8.16846,-0.0152002,3.91512,0.070395,0.275604,FRENET,0.512772,0.607471,0.512772,0,0.607471,0.436811,0
4.30401,-1.19523,8.16846,-0.0152002,3.91512,0.070395,0.275604,FRENET,0.512772,0.607471,0.512772,0,0.607471,0.436811,0
4.30867,-1.15604,8.16801,-0.0144263,3.92388,0.0993613,0.389882,FRENET,0.512772,0.607471,0.512772,0,0.607471,0.436811,0
4.31201,-1.15604,8.16801,-0.0144263,3.92388,0.0993613,0.389882,FRENET,0.512772,0.607471,0.512772,0,0.607471,0.436811,0
4.31601,-1.15604,8.16801,-0.0144263,3.92388,0.0993613,0.389882,FRENET,0.512772,0.607471,0.512772,0,0.607471,0.436811,0
4.32001,-1.11676,8.1676,-0.013258,3.93223,0.116944,0.45985,FRENET,0.512772,0.607471,0.512772,0,0.607471,0.436811,0
4.32398,-1.11676,8.1676,-0.013258,3.93223,0.116944,0.45985,FRENET,0.512772,0.607471,0.512772,0,0.607471,0.436811,0
4.32865,-1.0774,8.1672,-0.0120823,3.94018,0.13381,0.527236,FRENET,0.512772,0.607471,0.512772,0,0.607471,0.436811,0
4.33201,-1.0774,8.1672,-0.0120823,3.94018,0.13381,0.527236,FRENET,0.509145,0.607471,0.509145,0,0.607471,0.455211,0
4.33601,-1.0774,8.1672,-0.0120823,3.94018,0.13381,0.527236,FRENET,0.509145,0.607471,0.509145,0,0.607471,0.455211,0
4.34,-1.03796,8.16684,-0.010617,3.94775,0.142261,0.561612,FRENET,0.509145,0.607471,0.509145,0,0.607471,0.455211,0
4.34401,-1.03796,8.16684,-0.010617,3.94775,0.142261,0.561612,FRENET,0.509145,0.607471,0.509145,0,0.607471,0.455211,0
4.34866,-0.998451,8.1665,-0.00922428,3.95496,0.152275,0.602242,FRENET,0.509145,0.607471,0.509145,0,0.607471,0.455211,0
4.35201,-0.998451,8.1665,-0.00922428,3.95496,0.152275,0.602242,FRENET,0.509145,0.607471,0.509145,0,0.607471,0.455211,0
4.35601,-0.998451,8.1665,-0.00922428,3.95496,0.152275,0.602242,FRENET,0.509145,0.607471,0.509145,0,0.607471,0.455211,0
4.36,-0.958868,8.16621,-0.00760097,3.96183,0.155607,0.61649,FRENET,0.509145,0.607471,0.509145,0,0.607471,0.455211,0
4.36403,-0.958868,8.16621,-0.00760097,3.96183,0.155607,0.61649,FRENET,0.509145,0.607471,0.509145,0,0.607471,0.455211,0
4.36866,-0.919218,8.16594,-0.00624824,3.96837,0.116676,0.463013,FRENET,0.509145,0.607471,0.509145,0,0.607471,0.455211,0
4.37201,-0.919218,8.16594,-0.00624824,3.96837,0.116676,0.463013,FRENET,0.509145,0.607471,0.509145,0,0.607471,0.455211,0
4.37601,-0.919218,8.16594,-0.00624824,3.96837,0.116676,0.463013,FRENET,0.509145,0.607471,0.509145,0,0.607471,0.455211,0
4.38001,-0.879504,8.16565,-0.00539059,3.97461,0.0416831,0.165674,FRENET,0.511815,0.607471,0.511815,0.00189285,0.607471,0.38132,0
4.38401,-0.879504,8.16565,-0.00539059,3.97461,0.0416831,0.165674,FRENET,0.511815,0.607471,0.511815,0.00189285,0.607471,0.38132,0
4.38866,-0.83973,8.16533,-0.00533446,3.98054,-0.0113662,-0.0452435,FRENET,0.511815,0.607471,0.511815,0.00189285,0.607471,0.38132,0
4.39197,-0.83973,8.16533,-0.00533446,3.98054,-0.0113662,-0.0452435,FRENET,0.511815,0.607471,0.511815,0.00189285,0.607471,0.38132,0
4.39597,-0.83973,8.16533,-0.00533446,3.98054,-0.0113662,-0.0452435,FRENET,0.511815,0.607471,0.511815,0.00189285,0.607471,0.38132,0
4.40002,-0.799897,8.16499,-0.00559588,3.98619,-0.0554819,-0.221162,FRENET,0.511815,0.607471,0.511815,0.00189285,0.607471,0.38132,0
4.40404,-0.799897,8.16499,-0.00559588,3.98619,-0.0554819,-0.221162,FRENET,0.511815,0.607471,0.511815,0.00189285,0.607471,0.38132,0
4.40867,-0.76001,8.16462,-0.00638755,3.99158,-0.0847718,-0.338373,FRENET,0.511815,0.607471,0.511815,0.00189285,0.607471,0.38132,0
4.41204,-0.76001,8.16462,-0.00638755,3.99158,-0.0847718,-0.338373,FRENET,0.511815,0.607471,0.511815,0.00189285,0.607471,0.38132,0
4.41603,-0.76001,8.16462,-0.00638755,3.99158,-0.0847718,-0.338373,FRENET,0.511815,0.607471,0.511815,0.00189285,0.607471,0.38132,0
4.42002,-0.720071,8.16423,-0.00728764,3.99671,-0.110666,-0.4423,FRENET,0.511815,0.607471,0.511815,0.00189285,0.607471,0.38132,0
4.42403,-0.720071,8.16423,-0.00728764,3.99671,-0.110666,-0.4423,FRENET,0.511815,0.607471,0.511815,0.00189285,0.607471,0.38132,0
4.42869,-0.680081,8.16381,-0.00855853,4.00159,-0.126026,-0.504303,FRENET,0.511815,0.607471,0.511815,0.00189285,0.607471,0.38132,0
4.43202,-0.680081,8.16381,-0.00855853,4.00159,-0.126026,-0.504303,FRENET,0.514279,0.601869,0.514279,0,0.601869,0.433625,0
4.43602,-0.680081,8.16381,-0.00855853,4.00159,-0.126026,-0.504303,FRENET,0.514279,0.601869,0.514279,0,0.601869,0.433625,0
4.44001,-0.640046,8.16336,-0.00981558,4.00609,-0.141339,-0.566217,FRENET,0.514279,0.601869,0.514279,0,0.601869,0.433625,0
4.44402,-0.640046,8.16336,-0.00981558,4.00609,-0.141339,-0.566217,FRENET,0.514279,0.601869,0.514279,0,0.601869,0.433625,0
4.44868,-0.599966,8.16287,-0.0113514,4.01038,-0.148668,-0.596215,FRENET,0.514279,0.601869,0.514279,0,0.601869,0.433625,0
4.45203,-0.599966,8.16287,-0.0113514,4.01038,-0.148668,-0.596215,FRENET,0.514279,0.601869,0.514279,0,0.601869,0.433625,0
4.45604,-0.599966,8.16287,-0.0113514,4.01038,-0.148668,-0.596215,FRENET,0.514279,0.601869,0.514279,0,0.601869,0.433625,0
4.46003,-0.559845,8.16238,-0.0124927,4.01446,-0.0665257,-0.267065,FRENET,0.514279,0.601869,0.514279,0,0.601869,0.433625,0
4.46402,-0.559845,8.16238,-0.0124927,4.01446,-0.0665257,-0.267065,FRENET,0.514279,0.601869,0.514279,0,0.601869,0.433625,0
4.46865,-0.519683,8.16194,-0.0127669,4.01834,-0.00776614,-0.031207,FRENET,0.514279,0.601869,0.514279,0,0.601869,0.433625,0
4.47205,-0.519683,8.16194,-0.0127669,4.01834,-0.00776614,-0.031207,FRENET,0.514279,0.601869,0.514279,0,0.601869,0.433625,0
4.47604,-0.519683,8.16194,-0.0127669,4.01834,-0.00776614,-0.031207,FRENET,0.514279,0.601869,0.514279,0,0.601869,0.433625,0
4.48003,-0.479484,8.16152,-0.0126738,4.02205,0.0409212,0.164587,FRENET,0.526606,0.601869,0.526606,0,0.601869,0.380201,0
4.48404,-0.479484,8.16152,-0.0126738,4.02205,0.0409212,0.164587,FRENET,0.526606,0.601869,0.526606,0,0.601869,0.380201,0
4.48869,-0.439247,8.16113,-0.0120082,4.02557,0.0738422,0.297257,FRENET,0.526606,0.601869,0.526606,0,0.601869,0.380201,0
4.49204,-0.439247,8.16113,-0.0120082,4.02557,0.0738422,0.297257,FRENET,0.526606,0.601869,0.526606,0,0.601869,0.380201,0
4.49604,-0.439247,8.16113,-0.0120082,4.02557,0.0738422,0.297257,FRENET,0.526606,0.601869,0.526606,0,0.601869,0.380201,0
4.50002,-0.398977,8.16076,-0.011203,4.02893,0.10263,0.41349,FRENET,0.526606,0.601869,0.526606,0,0.601869,0.380201,0
4.50404,-0.398977,8.16076,-0.011203,4.02893,0.10263,0.41349,FRENET,0.526606,0.601869,0.526606,0,0.601869,0.380201,0
4.50869,-0.358649,8.16043,-0.0100052,4.03687,0.119623,0.482903,FRENET,0.526606,0.601869,0.526606,0,0.601869,0.380201,0
4.51204,-0.358649,8.16043,-0.0100052,4.03687,0.119623,0.482903,FRENET,0.526606,0.601869,0.526606,0,0.601869,0.380201,0
4.51603,-0.358649,8.16043,-0.0100052,4.03687,0.119623,0.482903,FRENET,0.526606,0.601869,0.526606,0,0.601869,0.380201,0
4.52003,-0.318244,8.16012,-0.00880485,4.04444,0.136117,0.550517,FRENET,0.526606,0.601869,0.526606,0,0.601869,0.380201,0
4.52402,-0.318244,8.16012,-0.00880485,4.04444,0.136117,0.550517,FRENET,0.526606,0.601869,0.526606,0,0.601869,0.380201,0
4.52864,-0.277764,8.15985,-0.00731683,4.05164,0.144508,0.585496,FRENET,0.526606,0.601869,0.526606,0,0.601869,0.380201,0
4.53203,-0.277764,8.15985,-0.00731683,4.05164,0.144508,0.585496,FRENET,0.519708,0.601869,0.519708,0,0.601869,0.438556,0
4.53604,-0.277764,8.15985,-0.00731683,4.05164,0.144508,0.585496,FRENET,0.519708,0.601869,0.519708,0,0.601869,0.438556,0
4.54002,-0.237214,8.15959,-0.00605535,4.05851,0.109308,0.443629,FRENET,0.519708,0.601869,0.519708,0,0.601869,0.438556,0
4.54403,-0.237214,8.15959,-0.00605535,4.05851,0.109308,0.443629,FRENET,0.519708,0.601869,0.519708,0,0.601869,0.438556,0
4.54867,-0.196597,8.15933,-0.00525753,4.06504,0.0369117,0.150048,FRENET,0.519708,0.601869,0.519708,0,0.601869,0.438556,0
4.55202,-0.196597,8.15933,-0.00525753,4.06504,0.0369117,0.150048,FRENET,0.519708,0.601869,0.519708,0,0.601869,0.438556,0
4.55602,-0.196597,8.15933,-0.00525753,4.06504,0.0369117,0.150048,FRENET,0.519708,0.601869,0.519708,0,0.601869,0.438556,0
4.56001,-0.155917,8.15902,-0.00524081,4.07127,-0.0146354,-0.0595845,FRENET,0.519708,0.601869,0.519708,0,0.601869,0.438556,0
4.56403,-0.155917,8.15902,-0.00524081,4.07127,-0.0146354,-0.0595845,FRENET,0.519708,0.601869,0.519708,0,0.601869,0.438556,0
4.56865,-0.115176,8.1587,-0.00552983,4.0772,-0.0578029,-0.235674,FRENET,0.519708,0.601869,0.519708,0,0.601869,0.438556,0
4.57202,-0.115176,8.1587,-0.00552983,4.0772,-0.0578029,-0.235674,FRENET,0.519708,0.601869,0.519708,0,0.601869,0.438556,0
4.57602,-0.115176,8.1587,-0.00552983,4.0772,-0.0578029,-0.235674,FRENET,0.519708,0.601869,0.519708,0,0.601869,0.438556,0
4.57998,-0.0743773,8.15833,-0.0063423,4.08284,-0.0866884,-0.353935,FRENET,0.518391,0.601869,0.518391,0,0.601869,0.4227,0
4.58399,-0.0743773,8.15833,-0.0063423,4.08284,-0.0866884,-0.353935,FRENET,0.518391,0.601869,0.518391,0,0.601869,0.4227,0
4.58869,-0.0335237,8.15796,-0.0072603,4.08822,-0.112348,-0.459302,FRENET,0.518391,0.601869,0.518391,0,0.601869,0.4227,0
4.59201,-0.0335237,8.15796,-0.0072603,4.08822,-0.112348,-0.459302,FRENET,0.518391,0.601869,0.518391,0,0.601869,0.4227,0
4.59599,-0.0335237,8.15796,-0.0072603,4.08822,-0.112348,-0.459302,FRENET,0.518391,0.601869,0.518391,0,0.601869,0.4227,0
4.59998,0.00738195,8.15754,-0.00854801,4.09334,-0.127749,-0.522921,FRENET,0.518391,0.601869,0.518391,0,0.601869,0.4227,0
4.60399,0.00738195,8.15754,-0.00854801,4.09334,-0.127749,-0.522921,FRENET,0.518391,0.601869,0.518391,0,0.601869,0.4227,0
4.60864,0.0483374,8.1571,-0.00982242,4.09822,-0.143067,-0.58632,FRENET,0.518391,0.601869,0.518391,0,0.601869,0.4227,0
4.61199,0.0483374,8.1571,-0.00982242,4.09822,-0.143067,-0.58632,FRENET,0.518391,0.601869,0.518391,0,0.601869,0.4227,0
4.61599,0.0483374,8.1571,-0.00982242,4.09822,-0.143067,-0.58632,FRENET,0.518391,0.601869,0.518391,0,0.601869,0.4227,0
4.61998,0.08934,8.15661,-0.0113762,4.10287,-0.150567,-0.617755,FRENET,0.518391,0.601869,0.518391,0,0.601869,0.4227,0
4.62399,0.08934,8.15661,-0.0113762,4.10287,-0.150567,-0.617755,FRENET,0.518391,0.601869,0.518391,0,0.601869,0.4227,0
4.62865,0.130388,8.1561,-0.0128472,4.1073,-0.159878,-0.656665,FRENET,0.518391,0.601869,0.518391,0,0.601869,0.4227,0
4.63199,0.130388,8.1561,-0.0128472,4.1073,-0.159878,-0.656665,FRENET,0.516364,0.597538,0.516364,0,0.597538,0.447916,0
4.63599,0.130388,8.1561,-0.0128472,4.1073,-0.159878,-0.656665,FRENET,0.516364,0.597538,0.516364,0,0.597538,0.447916,0
4.63998,0.171475,8.15553,-0.0145462,4.111,-0.162938,-0.669838,FRENET,0.516364,0.597538,0.516364,0,0.597538,0.447916,0
4.64398,0.171475,8.15553,-0.0145462,4.111,-0.162938,-0.669838,FRENET,0.516364,0.597538,0.516364,0,0.597538,0.447916,0
4.64864,0.212599,8.15496,-0.0158116,4.11452,-0.077137,-0.317381,FRENET,0.516364,0.597538,0.516364,0,0.597538,0.447916,0
4.65199,0.212599,8.15496,-0.0158116,4.11452,-0.077137,-0.317381,FRENET,0.516364,0.597538,0.516364,0,0.597538,0.447916,0
4.65599,0.212599,8.15496,-0.0158116,4.11452,-0.077137,-0.317381,FRENET,0.516364,0.597538,0.516364,0,0.597538,0.447916,0
4.65998,0.253757,8.15443,-0.0161753,4.11787,-0.0151768,-0.062496,FRENET,0.516364,0.597538,0.516364,0,0.597538,0.447916,0
4.66399,0.253757,8.15443,-0.0161753,4.11787,-0.0151768,-0.062496,FRENET,0.516364,0.597538,0.516364,0,0.597538,0.447916,0
4.66863,0.294949,8.1539,-0.0161432,4.12107,0.0360959,0.148754,FRENET,0.516364,0.597538,0.516364,0,0.597538,0.447916,0
4.67199,0.294949,8.1539,-0.0161432,4.12107,0.0360959,0.148754,FRENET,0.516364,0.597538,0.516364,0,0.597538,0.447916,0
4.67599,0.294949,8.1539,-0.0161432,4.12107,0.0360959,0.148754,FRENET,0.516364,0.597538,0.516364,0,0.597538,0.447916,0
4.67998,0.336172,8.15341,-0.0155142,4.12411,0.0712278,0.293751,FRENET,0.525768,0.597538,0.525768,0,0.597538,0.43032,0
4.68399,0.336172,8.15341,-0.0155142,4.12411,0.0712278,0.293751,FRENET,0.525768,0.597538,0.525768,0,0.597538,0.43032,0
4.68864,0.377424,8.15293,-0.0147266,4.12701,0.101716,0.419783,FRENET,0.525768,0.597538,0.525768,0,0.597538,0.43032,0
4.69199,0.377424,8.15293,-0.0147266,4.12701,0.101716,0.419783,FRENET,0.525768,0.597538,0.525768,0,0.597538,0.43032,0
4.69599,0.377424,8.15293,-0.0147266,4.12701,0.101716,0.419783,FRENET,0.525768,0.597538,0.525768,0,0.597538,0.43032,0
4.69998,0.418706,8.15248,-0.0135251,4.12977,0.120793,0.498845,FRENET,0.525768,0.597538,0.525768,0,0.597538,0.43032,0
4.70399,0.418706,8.15248,-0.0135251,4.12977,0.120793,0.498845,FRENET,0.525768,0.597538,0.525768,0,0.597538,0.43032,0
4.70864,0.460035,8.15205,-0.0123081,4.13644,0.138298,0.572062,FRENET,0.525768,0.597538,0.525768,0,0.597538,0.43032,0
4.71199,0.460035,8.15205,-0.0123081,4.13644,0.138298,0.572062,FRENET,0.525768,0.597538,0.525768,0,0.597538,0.43032,0
4.71599,0.460035,8.15205,-0.0123081,4.13644,0.138298,0.572062,FRENET,0.525768,0.597538,0.525768,0,0.597538,0.43032,0
4.71998,0.501429,8.15165,-0.0107937,4.1428,0.147504,0.611079,FRENET,0.525768,0.597538,0.525768,0,0.597538,0.43032,0
4.72399,0.501429,8.15165,-0.0107937,4.1428,0.147504,0.611079,FRENET,0.525768,0.597538,0.525768,0,0.597538,0.43032,0
4.72863,0.542886,8.15128,-0.00934648,4.14886,0.157997,0.655508,FRENET,0.525768,0.597538,0.525768,0,0.597538,0.43032,0
4.73199,0.542886,8.15128,-0.00934648,4.14886,0.157997,0.655508,FRENET,0.529951,0.597538,0.529951,0,0.597538,0.435226,0
4.73599,0.542886,8.15128,-0.00934648,4.14886,0.157997,0.655508,FRENET,0.529951,0.597538,0.529951,0,0.597538,0.435226,0
4.73998,0.584402,8.15096,-0.00766268,4.15462,0.161888,0.672583,FRENET,0.529951,0.597538,0.529951,0,0.597538,0.435226,0
4.74399,0.584402,8.15096,-0.00766268,4.15462,0.161888,0.672583,FRENET,0.529951,0.597538,0.529951,0,0.597538,0.435226,0
4.74864,0.625974,8.15067,-0.0060928,4.16012,0.168382,0.700487,FRENET,0.529951,0.597538,0.529951,0,0.597538,0.435226,0
4.75199,0.625974,8.15067,-0.0060928,4.16012,0.168382,0.700487,FRENET,0.529951,0.597538,0.529951,0,0.597538,0.435226,0
4.75599,0.625974,8.15067,-0.0060928,4.16012,0.168382,0.700487,FRENET,0.529951,0.597538,0.529951,0,0.597538,0.435226,0
4.75998,0.667601,8.15043,-0.00432066,4.16535,0.169279,0.705107,FRENET,0.529951,0.597538,0.529951,0,0.597538,0.435226,0
4.76399,0.667601,8.15043,-0.00432066,4.16535,0.169279,0.705107,FRENET,0.529951,0.597538,0.529951,0,0.597538,0.435226,0
4.76863,0.709279,8.15021,-0.00299847,4.17033,0.082254,0.343026,FRENET,0.529951,0.597538,0.529951,0,0.597538,0.435226,0
4.77199,0.709279,8.15021,-0.00299847,4.17033,0.082254,0.343026,FRENET,0.529951,0.597538,0.529951,0,0.597538,0.435226,0
4.77599,0.709279,8.15021,-0.00299847,4.17033,0.082254,0.343026,FRENET,0.529951,0.597538,0.529951,0,0.597538,0.435226,0
4.77998,0.751005,8.14994,-0.00258954,4.17508,0.0190251,0.079431,FRENET,0.540089,0.597538,0.540089,0,0.597538,0.433785,0
4.78399,0.751005,8.14994,-0.00258954,4.17508,0.0190251,0.079431,FRENET,0.540089,0.597538,0.540089,0,0.597538,0.433785,0
4.78863,0.792777,8.14967,-0.00258908,4.1796,-0.0333056,-0.139204,FRENET,0.540089,0.597538,0.540089,0,0.597538,0.433785,0
4.79199,0.792777,8.14967,-0.00258908,4.1796,-0.0333056,-0.139204,FRENET,0.540089,0.597538,0.540089,0,0.597538,0.433785,0
4.79599,0.792777,8.14967,-0.00258908,4.1796,-0.0333056,-0.139204,FRENET,0.540089,0.597538,0.540089,0,0.597538,0.433785,0
4.79998,0.834594,8.14937,-0.00319482,4.1839,-0.06945,-0.290572,FRENET,0.540089,0.597538,0.540089,0,0.597538,0.433785,0
4.80399,0.834594,8.14937,-0.00319482,4.1839,-0.06945,-0.290572,FRENET,0.540089,0.597538,0.540089,0,0.597538,0.433785,0
4.80864,0.876452,8.14906,-0.00396913,4.188,-0.100706,-0.421758,FRENET,0.540089,0.597538,0.540089,0,0.597538,0.433785,0
4.81199,0.876452,8.14906,-0.00396913,4.188,-0.100706,-0.421758,FRENET,0.540089,0.597538,0.540089,0,0.597538,0.433785,0
4.81599,0.876452,8.14906,-0.00396913,4.188,-0.100706,-0.421758,FRENET,0.540089,0.597538,0.540089,0,0.597538,0.433785,0
4.82001,0.91835,8.14872,-0.0051638,4.19191,-0.120505,-0.505144,FRENET,0.540089,0.597538,0.540089,0,0.597538,0.433785,0
4.82402,0.91835,8.14872,-0.0051638,4.19191,-0.120505,-0.505144,FRENET,0.540089,0.597538,0.540089,0,0.597538,0.433785,0
4.82867,0.960287,8.14836,-0.00638262,4.19563,-0.139131,-0.583743,FRENET,0.540089,0.597538,0.540089,0,0.597538,0.433785,0
4.83202,0.960287,8.14836,-0.00638262,4.19563,-0.139131,-0.583743,FRENET,0.540374,0.597538,0.540374,0.0564105,0.597538,0.368793,0
4.83603,0.960287,8.14836,-0.00638262,4.19563,-0.139131,-0.583743,FRENET,0.540374,0.597538,0.540374,0.0564105,0.597538,0.368793,0
4.84001,1.00226,8.14796,-0.00791091,4.19917,-0.149208,-0.626548,FRENET,0.540374,0.597538,0.540374,0.0564105,0.597538,0.368793,0
4.84402,1.00226,8.14796,-0.00791091,4.19917,-0.149208,-0.626548,FRENET,0.540374,0.597538,0.540374,0.0564105,0.597538,0.368793,0
4.84864,1.04427,8.14754,-0.00937772,4.20254,-0.160386,-0.674031,FRENET,0.540374,0.597538,0.540374,0.0564105,0.597538,0.368793,0
4.85199,1.04427,8.14754,-0.00937772,4.20254,-0.160386,-0.674031,FRENET,0.540374,0.597538,0.540374,0.0564105,0.597538,0.368793,0
4.85599,1.04427,8.14754,-0.00937772,4.20254,-0.160386,-0.674031,FRENET,0.540374,0.597538,0.540374,0.0564105,0.597538,0.368793,0
4.85998,1.0863,8.14707,-0.011089,4.20576,-0.164782,-0.693034,FRENET,0.540374,0.597538,0.540374,0.0564105,0.597538,0.368793,0
4.86399,1.0863,8.14707,-0.011089,4.20576,-0.164782,-0.693034,FRENET,0.540374,0.597538,0.540374,0.0564105,0.597538,0.368793,0
4.86864,1.12837,8.14658,-0.0126889,4.20882,-0.171656,-0.722467,FRENET,0.540374,0.597538,0.540374,0.0564105,0.597538,0.368793,0
4.87199,1.12837,8.14658,-0.0126889,4.20882,-0.171656,-0.722467,FRENET,0.540374,0.597538,0.540374,0.0564105,0.597538,0.368793,0
4.87599,1.12837,8.14658,-0.0126889,4.20882,-0.171656,-0.722467,FRENET,0.540374,0.597538,0.540374,0.0564105,0.597538,0.368793,0
4.87998,1.17047,8.14602,-0.014496,4.21174,-0.172807,-0.727816,FRENET,0.535817,0.593824,0.535817,0,0.593824,0.431957,0
4.88399,1.17047,8.14602,-0.014496,4.21174,-0.172807,-0.727816,FRENET,0.535817,0.593824,0.535817,0,0.593824,0.431957,0
4.88864,1.2126,8.14546,-0.0158502,4.2143,-0.0849612,-0.358052,FRENET,0.535817,0.593824,0.535817,0,0.593824,0.431957,0
4.89199,1.2126,8.14546,-0.0158502,4.2143,-0.0849612,-0.358052,FRENET,0.535817,0.593824,0.535817,0,0.593824,0.431957,0
4.89599,1.2126,8.14546,-0.0158502,4.2143,-0.0849612,-0.358052,FRENET,0.535817,0.593824,0.535817,0,0.593824,0.431957,0
4.89998,1.25475,8.14493,-0.0162815,4.21675,-0.0209813,-0.0884728,FRENET,0.535817,0.593824,0.535817,0,0.593824,0.431957,0
4.90399,1.25475,8.14493,-0.0162815,4.21675,-0.0209813,-0.0884728,FRENET,0.535817,0.593824,0.535817,0,0.593824,0.431957,0
4.90863,1.29694,8.14441,-0.0162992,4.22249,0.031729,0.133975,FRENET,0.535817,0.593824,0.535817,0,0.593824,0.431957,0
4.91198,1.29694,8.14441,-0.0162992,4.22249,0.031729,0.133975,FRENET,0.535817,0.593824,0.535817,0,0.593824,0.431957,0
4.91599,1.29694,8.14441,-0.0162992,4.22249,0.031729,0.133975,FRENET,0.535817,0.593824,0.535817,0,0.593824,0.431957,0
4.91998,1.33919,8.14392,-0.0157074,4.22795,0.0683364,0.288923,FRENET,0.535817,0.593824,0.535817,0,0.593824,0.431957,0
4.92399,1.33919,8.14392,-0.0157074,4.22795,0.0683364,0.288923,FRENET,0.535817,0.593824,0.535817,0,0.593824,0.431957,0
4.92863,1.3815,8.14344,-0.0149419,4.23316,0.099956,0.42313,FRENET,0.535817,0.593824,0.535817,0,0.593824,0.431957,0
4.93199,1.3815,8.14344,-0.0149419,4.23316,0.099956,0.42313,FRENET,0.537726,0.593824,0.537726,0,0.593824,0.421188,0
4.93599,1.3815,8.14344,-0.0149419,4.23316,0.099956,0.42313,FRENET,0.537726,0.593824,0.537726,0,0.593824,0.421188,0
4.93998,1.42385,8.14298,-0.0137531,4.23812,0.12015,0.509209,FRENET,0.537726,0.593824,0.537726,0,0.593824,0.421188,0
4.94399,1.42385,8.14298,-0.0137531,4.23812,0.12015,0.509209,FRENET,0.537726,0.593824,0.537726,0,0.593824,0.421188,0
4.94864,1.46625,8.14254,-0.0125361,4.24284,0.139049,0.589963,FRENET,0.537726,0.593824,0.537726,0,0.593824,0.421188,0
4.95199,1.46625,8.14254,-0.0125361,4.24284,0.139049,0.589963,FRENET,0.537726,0.593824,0.537726,0,0.593824,0.421188,0
4.95599,1.46625,8.14254,-0.0125361,4.24284,0.139049,0.589963,FRENET,0.537726,0.593824,0.537726,0,0.593824,0.421188,0
4.95997,1.5087,8.14214,-0.0110074,4.24734,0.149422,0.634647,FRENET,0.537726,0.593824,0.537726,0,0.593824,0.421188,0
4.96399,1.5087,8.14214,-0.0110074,4.24734,0.149422,0.634647,FRENET,0.537726,0.593824,0.537726,0,0.593824,0.421188,0
4.96863,1.5512,8.14176,-0.00953721,4.25163,0.160778,0.68357,FRENET,0.537726,0.593824,0.537726,0,0.593824,0.421188,0
4.97199,1.5512,8.14176,-0.00953721,4.25163,0.160778,0.68357,FRENET,0.537726,0.593824,0.537726,0,0.593824,0.421188,0
4.97599,1.5512,8.14176,-0.00953721,4.25163,0.160778,0.68357,FRENET,0.537726,0.593824,0.537726,0,0.593824,0.421188,0
4.97998,1.59373,8.14143,-0.00782127,4.25571,0.165384,0.703827,FRENET,0.542586,0.593824,0.542586,0,0.593824,0.367213,0
4.98399,1.59373,8.14143,-0.00782127,4.25571,0.165384,0.703827,FRENET,0.542586,0.593824,0.542586,0,0.593824,0.367213,0
4.98864,1.63631,8.14113,-0.00621449,4.2596,0.17236,0.734183,FRENET,0.542586,0.593824,0.542586,0,0.593824,0.367213,0
4.99199,1.63631,8.14113,-0.00621449,4.2596,0.17236,0.734183,FRENET,0.542586,0.593824,0.542586,0,0.593824,0.367213,0
4.99599,1.63631,8.14113,-0.00621449,4.2596,0.17236,0.734183,FRENET,0.542586,0.593824,0.542586,0,0.593824,0.367213,0
4.99998,1.67892,8.14088,-0.00439992,4.2633,0.173657,0.740351,FRENET,0.542586,0.593824,0.542586,0,0.593824,0.367213,0
5.00399,1.67892,8.14088,-0.00439992,4.2633,0.173657,0.740351,FRENET,0.542586,0.593824,0.542586,0,0.593824,0.367213,0
5.00863,1.72157,8.14065,-0.00303579,4.26683,0.0860984,0.367367,FRENET,0.542586,0.593824,0.542586,0,0.593824,0.367213,0
5.01199,1.72157,8.14065,-0.00303579,4.26683,0.0860984,0.367367,FRENET,0.542586,0.593824,0.542586,0,0.593824,0.367213,0
5.01599,1.72157,8.14065,-0.00303579,4.26683,0.0860984,0.367367,FRENET,0.542586,0.593824,0.542586,0,0.593824,0.367213,0
5.01998,1.76425,8.14037,-0.00259297,4.27019,0.0220291,0.0940685,FRENET,0.542586,0.593824,0.542586,0,0.593824,0.367213,0
5.02399,1.76425,8.14037,-0.00259297,4.27019,0.0220291,0.0940685,FRENET,0.542586,0.593824,0.542586,0,0.593824,0.367213,0
5.02866,1.80697,8.14009,-0.00256636,4.27339,-0.0311862,-0.133271,FRENET,0.542586,0.593824,0.542586,0,0.593824,0.367213,0
5.03197,1.80697,8.14009,-0.00256636,4.27339,-0.0311862,-0.133271,FRENET,0.541485,0.593824,0.541485,0,0.593824,0.421284,0
5.03597,1.80697,8.14009,-0.00256636,4.27339,-0.0311862,-0.133271,FRENET,0.541485,0.593824,0.541485,0,0.593824,0.421284,0
5.03996,1.84972,8.13978,-0.00315618,4.27643,-0.0682905,-0.29204,FRENET,0.541485,0.593824,0.541485,0,0.593824,0.421284,0
5.04398,1.84972,8.13978,-0.00315618,4.27643,-0.0682905,-0.29204,FRENET,0.541485,0.593824,0.541485,0,0.593824,0.421284,0
5.04862,1.8925,8.13946,-0.00392276,4.27933,-0.100399,-0.42964,FRENET,0.541485,0.593824,0.541485,0,0.593824,0.421284,0
5.05198,1.8925,8.13946,-0.00392276,4.27933,-0.100399,-0.42964,FRENET,0.541485,0.593824,0.541485,0,0.593824,0.421284,0
5.05596,1.8925,8.13946,-0.00392276,4.27933,-0.100399,-0.42964,FRENET,0.541485,0.593824,0.541485,0,0.593824,0.421284,0
5.05996,1.9353,8.13911,-0.00511901,4.2821,-0.121031,-0.518268,FRENET,0.541485,0.593824,0.541485,0,0.593824,0.421284,0
5.06396,1.9353,8.13911,-0.00511901,4.2821,-0.121031,-0.518268,FRENET,0.541485,0.593824,0.541485,0,0.593824,0.421284,0
5.0686,1.97813,8.13875,-0.00634614,4.28473,-0.140332,-0.601285,FRENET,0.541485,0.593824,0.541485,0,0.593824,0.421284,0
5.07196,1.97813,8.13875,-0.00634614,4.28473,-0.140332,-0.601285,FRENET,0.541485,0.593824,0.541485,0,0.593824,0.421284,0
5.07596,1.97813,8.13875,-0.00634614,4.28473,-0.140332,-0.601285,FRENET,0.541485,0.593824,0.541485,0,0.593824,0.421284,0
5.07995,2.02099,8.13834,-0.00789007,4.28724,-0.151042,-0.647551,FRENET,0.53996,0.589921,0.53996,0,0.589921,0.425637,0
5.08397,2.02099,8.13834,-0.00789007,4.28724,-0.151042,-0.647551,FRENET,0.53996,0.589921,0.53996,0,0.589921,0.425637,0
5.0886,2.06387,8.13791,-0.00937747,4.2893,-0.16275,-0.698085,FRENET,0.53996,0.589921,0.53996,0,0.589921,0.425637,0
5.09198,2.06387,8.13791,-0.00937747,4.2893,-0.16275,-0.698085,FRENET,0.53996,0.589921,0.53996,0,0.589921,0.425637,0
5.09597,2.06387,8.13791,-0.00937747,4.2893,-0.16275,-0.698085,FRENET,0.53996,0.589921,0.53996,0,0.589921,0.425637,0
5.09996,2.10679,8.13744,-0.0111114,4.29416,-0.167081,-0.717474,FRENET,0.53996,0.589921,0.53996,0,0.589921,0.425637,0
5.10396,2.10679,8.13744,-0.0111114,4.29416,-0.167081,-0.717474,FRENET,0.53996,0.589921,0.53996,0,0.589921,0.425637,0
5.1086,2.14975,8.13696,-0.0124232,4.2988,-0.0821282,-0.353053,FRENET,0.53996,0.589921,0.53996,0,0.589921,0.425637,0
5.11197,2.14975,8.13696,-0.0124232,4.2988,-0.0821282,-0.353053,FRENET,0.53996,0.589921,0.53996,0,0.589921,0.425637,0
5.11597,2.14975,8.13696,-0.0124232,4.2988,-0.0821282,-0.353053,FRENET,0.53996,0.589921,0.53996,0,0.589921,0.425637,0
5.11996,2.19276,8.13652,-0.0128359,4.30321,-0.0197828,-0.0851296,FRENET,0.53996,0.589921,0.53996,0,0.589921,0.425637,0
5.12396,2.19276,8.13652,-0.0128359,4.30321,-0.0197828,-0.0851296,FRENET,0.53996,0.589921,0.53996,0,0.589921,0.425637,0
5.1286,2.23581,8.13609,-0.012846,4.30741,0.0322375,0.13886,FRENET,0.53996,0.589921,0.53996,0,0.589921,0.425637,0
5.13197,2.23581,8.13609,-0.012846,4.30741,0.0322375,0.13886,FRENET,0.539431,0.589921,0.539431,0,0.589921,0.456029,0
5.13597,2.23581,8.13609,-0.012846,4.30741,0.0322375,0.13886,FRENET,0.539431,0.589921,0.539431,0,0.589921,0.456029,0
5.13995,2.2789,8.1357,-0.0122499,4.31142,0.0686229,0.295862,FRENET,0.539431,0.589921,0.539431,0,0.589921,0.456029,0
5.14397,2.2789,8.1357,-0.0122499,4.31142,0.0686229,0.295862,FRENET,0.539431,0.589921,0.539431,0,0.589921,0.456029,0
5.1486,2.32203,8.13532,-0.0114823,4.31523,0.100246,0.432586,FRENET,0.539431,0.589921,0.539431,0,0.589921,0.456029,0
5.15197,2.32203,8.13532,-0.0114823,4.31523,0.100246,0.432586,FRENET,0.539431,0.589921,0.539431,0,0.589921,0.456029,0
5.15597,2.32203,8.13532,-0.0114823,4.31523,0.100246,0.432586,FRENET,0.539431,0.589921,0.539431,0,0.589921,0.456029,0
5.15996,2.3652,8.13498,-0.0102892,4.31886,0.120655,0.521093,FRENET,0.539431,0.589921,0.539431,0,0.589921,0.456029,0
5.16396,2.3652,8.13498,-0.0102892,4.31886,0.120655,0.521093,FRENET,0.539431,0.589921,0.539431,0,0.589921,0.456029,0
5.1686,2.40841,8.13465,-0.0090663,4.32232,0.139812,0.604312,FRENET,0.539431,0.589921,0.539431,0,0.589921,0.456029,0
5.17197,2.40841,8.13465,-0.0090663,4.32232,0.139812,0.604312,FRENET,0.539431,0.589921,0.539431,0,0.589921,0.456029,0
5.17597,2.40841,8.13465,-0.0090663,4.32232,0.139812,0.604312,FRENET,0.539431,0.589921,0.539431,0,0.589921,0.456029,0
5.17996,2.45165,8.13437,-0.00752789,4.32562,0.150528,0.651125,FRENET,0.552282,0.589921,0.552282,0,0.589921,0.384776,0
5.18396,2.45165,8.13437,-0.00752789,4.32562,0.150528,0.651125,FRENET,0.552282,0.589921,0.552282,0,0.589921,0.384776,0
5.1886,2.49492,8.13411,-0.00604554,4.32876,0.162182,0.702048,FRENET,0.552282,0.589921,0.552282,0,0.589921,0.384776,0
5.19198,2.49492,8.13411,-0.00604554,4.32876,0.162182,0.702048,FRENET,0.552282,0.589921,0.552282,0,0.589921,0.384776,0
5.19596,2.49492,8.13411,-0.00604554,4.32876,0.162182,0.702048,FRENET,0.552282,0.589921,0.552282,0,0.589921,0.384776,0
5.19995,2.53822,8.1339,-0.0043135,4.33174,0.167116,0.723906,FRENET,0.552282,0.589921,0.552282,0,0.589921,0.384776,0
5.20397,2.53822,8.1339,-0.0043135,4.33174,0.167116,0.723906,FRENET,0.552282,0.589921,0.552282,0,0.589921,0.384776,0
5.2086,2.58155,8.1337,-0.00300202,4.33459,0.0818957,0.354984,FRENET,0.552282,0.589921,0.552282,0,0.589921,0.384776,0
5.21196,2.58155,8.1337,-0.00300202,4.33459,0.0818957,0.354984,FRENET,0.552282,0.589921,0.552282,0,0.589921,0.384776,0
5.21597,2.58155,8.1337,-0.00300202,4.33459,0.0818957,0.354984,FRENET,0.552282,0.589921,0.552282,0,0.589921,0.384776,0
5.21996,2.62491,8.13345,-0.00259355,4.3373,0.0192937,0.0836826,FRENET,0.552282,0.589921,0.552282,0,0.589921,0.384776,0
5.22404,2.62491,8.13345,-0.00259355,4.3373,0.0192937,0.0836826,FRENET,0.552282,0.589921,0.552282,0,0.589921,0.384776,0
5.2286,2.66829,8.1332,-0.00258897,4.33989,-0.032984,-0.143147,FRENET,0.552282,0.589921,0.552282,0,0.589921,0.384776,0
5.23201,2.66829,8.1332,-0.00258897,4.33989,-0.032984,-0.143147,FRENET,0.541815,0.589921,0.541815,0,0.589921,0.400937,0
5.23601,2.66829,8.1332,-0.00258897,4.33989,-0.032984,-0.143147,FRENET,0.541815,0.589921,0.541815,0,0.589921,0.400937,0
5.24,2.7117,8.13291,-0.00319428,4.34234,-0.0696027,-0.302239,FRENET,0.541815,0.589921,0.541815,0,0.589921,0.400937,0
5.24401,2.7117,8.13291,-0.00319428,4.34234,-0.0696027,-0.302239,FRENET,0.541815,0.589921,0.541815,0,0.589921,0.400937,0
5.2486,2.75514,8.13261,-0.00397227,4.34469,-0.101447,-0.440754,FRENET,0.541815,0.589921,0.541815,0,0.589921,0.400937,0
5.25201,2.75514,8.13261,-0.00397227,4.34469,-0.101447,-0.440754,FRENET,0.541815,0.589921,0.541815,0,0.589921,0.400937,0
5.25601,2.75514,8.13261,-0.00397227,4.34469,-0.101447,-0.440754,FRENET,0.541815,0.589921,0.541815,0,0.589921,0.400937,0
5.25999,2.79859,8.13227,-0.00517889,4.34692,-0.122043,-0.530509,FRENET,0.541815,0.589921,0.541815,0,0.589921,0.400937,0
5.26402,2.79859,8.13227,-0.00517889,4.34692,-0.122043,-0.530509,FRENET,0.541815,0.589921,0.541815,0,0.589921,0.400937,0
5.26865,2.84207,8.13192,-0.00641599,4.34904,-0.141366,-0.614809,FRENET,0.541815,0.589921,0.541815,0,0.589921,0.400937,0
5.27201,2.84207,8.13192,-0.00641599,4.34904,-0.141366,-0.614809,FRENET,0.541815,0.589921,0.541815,0,0.589921,0.400937,0
5.27597,2.84207,8.13192,-0.00641599,4.34904,-0.141366,-0.614809,FRENET,0.541815,0.589921,0.541815,0,0.589921,0.400937,0
5.27996,2.88557,8.13153,-0.00797108,4.35107,-0.152213,-0.662288,FRENET,0.550022,0.58567,0.550022,0,0.58567,0.427667,0
5.28396,2.88557,8.13153,-0.00797108,4.35107,-0.152213,-0.662288,FRENET,0.550022,0.58567,0.550022,0,0.58567,0.427667,0
5.2886,2.9291,8.13111,-0.00946891,4.35525,-0.163525,-0.712191,FRENET,0.550022,0.58567,0.550022,0,0.58567,0.427667,0
5.29197,2.9291,8.13111,-0.00946891,4.35525,-0.163525,-0.712191,FRENET,0.550022,0.58567,0.550022,0,0.58567,0.427667,0
5.29596,2.9291,8.13111,-0.00946891,4.35525,-0.163525,-0.712191,FRENET,0.550022,0.58567,0.550022,0,0.58567,0.427667,0
5.29995,2.97267,8.13064,-0.0112128,4.35923,-0.168233,-0.733366,FRENET,0.550022,0.58567,0.550022,0,0.58567,0.427667,0
5.30396,2.97267,8.13064,-0.0112128,4.35923,-0.168233,-0.733366,FRENET,0.550022,0.58567,0.550022,0,0.58567,0.427667,0
5.3086,3.01628,8.13015,-0.012692,4.36303,-0.129177,-0.563604,FRENET,0.550022,0.58567,0.550022,0,0.58567,0.427667,0
5.31198,3.01628,8.13015,-0.012692,4.36303,-0.129177,-0.563604,FRENET,0.550022,0.58567,0.550022,0,0.58567,0.427667,0
5.31596,3.01628,8.13015,-0.012692,4.36303,-0.129177,-0.563604,FRENET,0.550022,0.58567,0.550022,0,0.58567,0.427667,0
5.31995,3.05993,8.12967,-0.013668,4.36664,-0.0524424,-0.228997,FRENET,0.550022,0.58567,0.550022,0,0.58567,0.427667,0
5.32396,3.05993,8.12967,-0.013668,4.36664,-0.0524424,-0.228997,FRENET,0.550022,0.58567,0.550022,0,0.58567,0.427667,0
5.3286,3.10361,8.12922,-0.0138164,4.37008,0.00360414,0.0157504,FRENET,0.550022,0.58567,0.550022,0,0.58567,0.427667,0
5.33196,3.10361,8.12922,-0.0138164,4.37008,0.00360414,0.0157504,FRENET,0.551219,0.58567,0.551219,0,0.58567,0.413614,0
5.33597,3.10361,8.12922,-0.0138164,4.37008,0.00360414,0.0157504,FRENET,0.551219,0.58567,0.551219,0,0.58567,0.413614,0
5.33995,3.14732,8.12878,-0.0136185,4.37336,0.0507444,0.221924,FRENET,0.551219,0.58567,0.551219,0,0.58567,0.413614,0
5.34396,3.14732,8.12878,-0.0136185,4.37336,0.0507444,0.221924,FRENET,0.551219,0.58567,0.551219,0,0.58567,0.413614,0
5.3486,3.19107,8.12837,-0.0128564,4.37648,0.0834203,0.365088,FRENET,0.551219,0.58567,0.551219,0,0.58567,0.413614,0
5.35196,3.19107,8.12837,-0.0128564,4.37648,0.0834203,0.365088,FRENET,0.551219,0.58567,0.551219,0,0.58567,0.413614,0
5.35598,3.19107,8.12837,-0.0128564,4.37648,0.0834203,0.365088,FRENET,0.551219,0.58567,0.551219,0,0.58567,0.413614,0
5.35995,3.23485,8.12797,-0.0119561,4.37946,0.112165,0.491222,FRENET,0.551219,0.58567,0.551219,0,0.58567,0.413614,0
5.36396,3.23485,8.12797,-0.0119561,4.37946,0.112165,0.491222,FRENET,0.551219,0.58567,0.551219,0,0.58567,0.413614,0
5.3686,3.27865,8.12761,-0.0106548,4.38229,0.130407,0.571481,FRENET,0.551219,0.58567,0.551219,0,0.58567,0.413614,0
5.37197,3.27865,8.12761,-0.0106548,4.38229,0.130407,0.571481,FRENET,0.551219,0.58567,0.551219,0,0.58567,0.413614,0
5.37596,3.27865,8.12761,-0.0106548,4.38229,0.130407,0.571481,FRENET,0.551219,0.58567,0.551219,0,0.58567,0.413614,0
5.37995,3.32249,8.12726,-0.00934358,4.38499,0.14787,0.648408,FRENET,0.561333,0.58567,0.561333,0.0390982,0.58567,0.357933,0
5.38396,3.32249,8.12726,-0.00934358,4.38499,0.14787,0.648408,FRENET,0.561333,0.58567,0.561333,0.0390982,0.58567,0.357933,0
5.38861,3.36635,8.12696,-0.00773092,4.38756,0.157326,0.690278,FRENET,0.561333,0.58567,0.561333,0.0390982,0.58567,0.357933,0
5.39196,3.36635,8.12696,-0.00773092,4.38756,0.157326,0.690278,FRENET,0.561333,0.58567,0.561333,0.0390982,0.58567,0.357933,0
5.39596,3.36635,8.12696,-0.00773092,4.38756,0.157326,0.690278,FRENET,0.561333,0.58567,0.561333,0.0390982,0.58567,0.357933,0
5.39997,3.41024,8.12669,-0.00618606,4.39,0.16798,0.737432,FRENET,0.561333,0.58567,0.561333,0.0390982,0.58567,0.357933,0
5.40396,3.41024,8.12669,-0.00618606,4.39,0.16798,0.737432,FRENET,0.561333,0.58567,0.561333,0.0390982,0.58567,0.357933,0
5.4086,3.45415,8.12646,-0.00439964,4.39233,0.172182,0.756283,FRENET,0.561333,0.58567,0.561333,0.0390982,0.58567,0.357933,0
5.41196,3.45415,8.12646,-0.00439964,4.39233,0.172182,0.756283,FRENET,0.561333,0.58567,0.561333,0.0390982,0.58567,0.357933,0
5.41596,3.45415,8.12646,-0.00439964,4.39233,0.172182,0.756283,FRENET,0.561333,0.58567,0.561333,0.0390982,0.58567,0.357933,0
5.41995,3.49808,8.12626,-0.00288468,4.39455,0.132407,0.581871,FRENET,0.561333,0.58567,0.561333,0.0390982,0.58567,0.357933,0
5.42397,3.49808,8.12626,-0.00288468,4.39455,0.132407,0.581871,FRENET,0.561333,0.58567,0.561333,0.0390982,0.58567,0.357933,0
5.4286,3.54204,8.12605,-0.00188053,4.39667,0.0547547,0.240738,FRENET,0.561333,0.58567,0.561333,0.0390982,0.58567,0.357933,0
5.43196,3.54204,8.12605,-0.00188053,4.39667,0.0547547,0.240738,FRENET,0.551418,0.58567,0.551418,0,0.58567,0.407305,0
5.43596,3.54204,8.12605,-0.00188053,4.39667,0.0547547,0.240738,FRENET,0.551418,0.58567,0.551418,0,0.58567,0.407305,0
5.43995,3.58601,8.1258,-0.0017135,4.39868,-0.00205982,-0.00906049,FRENET,0.551418,0.58567,0.551418,0,0.58567,0.407305,0
5.44397,3.58601,8.1258,-0.0017135,4.39868,-0.00205982,-0.00906049,FRENET,0.551418,0.58567,0.551418,0,0.58567,0.407305,0
5.4486,3.63001,8.12555,-0.00189881,4.4006,-0.049856,-0.219396,FRENET,0.551418,0.58567,0.551418,0,0.58567,0.407305,0
5.45196,3.63001,8.12555,-0.00189881,4.4006,-0.049856,-0.219396,FRENET,0.551418,0.58567,0.551418,0,0.58567,0.407305,0
5.45596,3.63001,8.12555,-0.00189881,4.4006,-0.049856,-0.219396,FRENET,0.551418,0.58567,0.551418,0,0.58567,0.407305,0
5.45995,3.67402,8.12527,-0.00265531,4.40243,-0.0830765,-0.365738,FRENET,0.551418,0.58567,0.551418,0,0.58567,0.407305,0
5.46396,3.67402,8.12527,-0.00265531,4.40243,-0.0830765,-0.365738,FRENET,0.551418,0.58567,0.551418,0,0.58567,0.407305,0
5.4686,3.71806,8.12498,-0.00355404,4.40417,-0.112282,-0.494511,FRENET,0.551418,0.58567,0.551418,0,0.58567,0.407305,0
5.47196,3.71806,8.12498,-0.00355404,4.40417,-0.112282,-0.494511,FRENET,0.551418,0.58567,0.551418,0,0.58567,0.407305,0
5.47596,3.71806,8.12498,-0.00355404,4.40417,-0.112282,-0.494511,FRENET,0.551418,0.58567,0.551418,0,0.58567,0.407305,0
5.47995,3.76211,8.12465,-0.00485887,4.40582,-0.130899,-0.576719,FRENET,0.557777,0.582702,0.557777,0,0.582702,0.41897,0
5.48396,3.76211,8.12465,-0.00485887,4.40582,-0.130899,-0.576719,FRENET,0.557777,0.582702,0.557777,0,0.582702,0.41897,0
5.48862,3.80618,8.12431,-0.00617539,4.40935,-0.148362,-0.65418,FRENET,0.557777,0.582702,0.557777,0,0.582702,0.41897,0
5.49196,3.80618,8.12431,-0.00617539,4.40935,-0.148362,-0.65418,FRENET,0.557777,0.582702,0.557777,0,0.582702,0.41897,0
5.49596,3.80618,8.12431,-0.00617539,4.40935,-0.148362,-0.65418,FRENET,0.557777,0.582702,0.557777,0,0.582702,0.41897,0
5.49995,3.85029,8.12392,-0.00779285,4.41271,-0.157853,-0.696558,FRENET,0.557777,0.582702,0.557777,0,0.582702,0.41897,0
5.50396,3.85029,8.12392,-0.00779285,4.41271,-0.157853,-0.696558,FRENET,0.557777,0.582702,0.557777,0,0.582702,0.41897,0
5.5086,3.89443,8.12351,-0.00934318,4.41591,-0.168489,-0.744034,FRENET,0.557777,0.582702,0.557777,0,0.582702,0.41897,0
5.51197,3.89443,8.12351,-0.00934318,4.41591,-0.168489,-0.744034,FRENET,0.557777,0.582702,0.557777,0,0.582702,0.41897,0
5.51596,3.89443,8.12351,-0.00934318,4.41591,-0.168489,-0.744034,FRENET,0.557777,0.582702,0.557777,0,0.582702,0.41897,0
5.51995,3.9386,8.12304,-0.0111345,4.41896,-0.172712,-0.763208,FRENET,0.557777,0.582702,0.557777,0,0.582702,0.41897,0
5.52396,3.9386,8.12304,-0.0111345,4.41896,-0.172712,-0.763208,FRENET,0.557777,0.582702,0.557777,0,0.582702,0.41897,0
5.5286,3.9828,8.12256,-0.0126553,4.42186,-0.133026,-0.588221,FRENET,0.557777,0.582702,0.557777,0,0.582702,0.41897,0
5.53199,3.9828,8.12256,-0.0126553,4.42186,-0.133026,-0.588221,FRENET,0.549356,0.582702,0.549356,0,0.582702,0.407345,0
5.53598,3.9828,8.12256,-0.0126553,4.42186,-0.133026,-0.588221,FRENET,0.549356,0.582702,0.549356,0,0.582702,0.407345,0
5.53997,4.02703,8.12208,-0.0136661,4.42463,-0.0554836,-0.245494,FRENET,0.549356,0.582702,0.549356,0,0.582702,0.407345,0
5.54399,4.02703,8.12208,-0.0136661,4.42463,-0.0554836,-0.245494,FRENET,0.549356,0.582702,0.549356,0,0.582702,0.407345,0
5.54864,4.07129,8.12163,-0.0138404,4.42726,0.00139602,0.00618055,FRENET,0.549356,0.582702,0.549356,0,0.582702,0.407345,0
5.55203,4.07129,8.12163,-0.0138404,4.42726,0.00139602,0.00618055,FRENET,0.549356,0.582702,0.549356,0,0.582702,0.407345,0
5.55602,4.07129,8.12163,-0.0138404,4.42726,0.00139602,0.00618055,FRENET,0.549356,0.582702,0.549356,0,0.582702,0.407345,0
5.56,4.11557,8.1212,-0.0136611,4.42977,0.0492896,0.218342,FRENET,0.549356,0.582702,0.549356,0,0.582702,0.407345,0
5.56401,4.11557,8.1212,-0.0136611,4.42977,0.0492896,0.218342,FRENET,0.549356,0.582702,0.549356,0,0.582702,0.407345,0
5.56865,4.15988,8.12079,-0.0129096,4.43216,0.0826854,0.366474,FRENET,0.549356,0.582702,0.549356,0,0.582702,0.407345,0
5.57201,4.15988,8.12079,-0.0129096,4.43216,0.0826854,0.366474,FRENET,0.549356,0.582702,0.549356,0,0.582702,0.407345,0
5.57602,4.15988,8.12079,-0.0129096,4.43216,0.0826854,0.366474,FRENET,0.549356,0.582702,0.549356,0,0.582702,0.407345,0
5.58,4.20421,8.12039,-0.0120139,4.43443,0.112036,0.496814,FRENET,0.563414,0.582702,0.563414,0,0.582702,0.362836,0
5.584,4.20421,8.12039,-0.0120139,4.43443,0.112036,0.496814,FRENET,0.563414,0.582702,0.563414,0,0.582702,0.362836,0
5.58864,4.24857,8.12003,-0.0107108,4.4366,0.130834,0.580459,FRENET,0.563414,0.582702,0.563414,0,0.582702,0.362836,0
5.59203,4.24857,8.12003,-0.0107108,4.4366,0.130834,0.580459,FRENET,0.563414,0.582702,0.563414,0,0.582702,0.362836,0
5.59605,4.24857,8.12003,-0.0107108,4.4366,0.130834,0.580459,FRENET,0.563414,0.582702,0.563414,0,0.582702,0.362836,0
5.60002,4.29294,8.11968,-0.00939321,4.43866,0.148736,0.66019,FRENET,0.563414,0.582702,0.563414,0,0.582702,0.362836,0
5.60403,4.29294,8.11968,-0.00939321,4.43866,0.148736,0.66019,FRENET,0.563414,0.582702,0.563414,0,0.582702,0.362836,0
5.60867,4.33734,8.11938,-0.00776963,4.44063,0.158589,0.704235,FRENET,0.563414,0.582702,0.563414,0,0.582702,0.362836,0
5.61204,4.33734,8.11938,-0.00776963,4.44063,0.158589,0.704235,FRENET,0.563414,0.582702,0.563414,0,0.582702,0.362836,0
5.61603,4.33734,8.11938,-0.00776963,4.44063,0.158589,0.704235,FRENET,0.563414,0.582702,0.563414,0,0.582702,0.362836,0
5.62001,4.38175,8.1191,-0.00621086,4.4425,0.169532,0.753146,FRENET,0.563414,0.582702,0.563414,0,0.582702,0.362836,0
5.62404,4.38175,8.1191,-0.00621086,4.4425,0.169532,0.753146,FRENET,0.563414,0.582702,0.563414,0,0.582702,0.362836,0
5.62864,4.42618,8.11888,-0.00440736,4.44428,0.173995,0.773284,FRENET,0.563414,0.582702,0.563414,0,0.582702,0.362836,0
5.63203,4.42618,8.11888,-0.00440736,4.44428,0.173995,0.773284,FRENET,0.564289,0.582702,0.564289,0,0.582702,0.370013,0
5.63602,4.42618,8.11888,-0.00440736,4.44428,0.173995,0.773284,FRENET,0.564289,0.582702,0.564289,0,0.582702,0.370013,0
5.64002,4.47064,8.11867,-0.00287406,4.44598,0.134242,0.596838,FRENET,0.564289,0.582702,0.564289,0,0.582702,0.370013,0
5.64407,4.47064,8.11867,-0.00287406,4.44598,0.134242,0.596838,FRENET,0.564289,0.582702,0.564289,0,0.582702,0.370013,0
5.64866,4.5151,8.11846,-0.00185235,4.4476,0.0563685,0.250704,FRENET,0.564289,0.582702,0.564289,0,0.582702,0.370013,0
5.65203,4.5151,8.11846,-0.00185235,4.4476,0.0563685,0.250704,FRENET,0.564289,0.582702,0.564289,0,0.582702,0.370013,0
5.65603,4.5151,8.11846,-0.00185235,4.4476,0.0563685,0.250704,FRENET,0.564289,0.582702,0.564289,0,0.582702,0.370013,0
5.66002,4.55959,8.11821,-0.00167115,4.44914,-0.000817458,-0.00363699,FRENET,0.564289,0.582702,0.564289,0,0.582702,0.370013,0
5.66404,4.55959,8.11821,-0.00167115,4.44914,-0.000817458,-0.00363699,FRENET,0.564289,0.582702,0.564289,0,0.582702,0.370013,0
5.66865,4.60408,8.11796,-0.00184578,4.45061,-0.0490022,-0.218089,FRENET,0.564289,0.582702,0.564289,0,0.582702,0.370013,0
5.67202,4.60408,8.11796,-0.00184578,4.45061,-0.0490022,-0.218089,FRENET,0.564289,0.582702,0.564289,0,0.582702,0.370013,0
5.67603,4.60408,8.11796,-0.00184578,4.45061,-0.0490022,-0.218089,FRENET,0.564289,0.582702,0.564289,0,0.582702,0.370013,0
5.68002,4.64861,8.11767,-0.00259442,4.45408,-0.0824883,-0.367409,FRENET,0.571334,0.578761,0.571334,0.0812888,0.578761,0.356707,0
5.68404,4.64861,8.11767,-0.00259442,4.45408,-0.0824883,-0.367409,FRENET,0.571334,0.578761,0.571334,0.0812888,0.578761,0.356707,0
5.68865,4.69315,8.11738,-0.00348934,4.45523,-0.112147,-0.499641,FRENET,0.571334,0.578761,0.571334,0.0812888,0.578761,0.356707,0
5.69204,4.69315,8.11738,-0.00348934,4.45523,-0.112147,-0.499641,FRENET,0.571334,0.578761,0.571334,0.0812888,0.578761,0.356707,0
5.69603,4.69315,8.11738,-0.00348934,4.45523,-0.112147,-0.499641,FRENET,0.571334,0.578761,0.571334,0.0812888,0.578761,0.356707,0
5.70002,4.73771,8.11705,-0.00479528,4.45632,-0.131207,-0.584702,FRENET,0.571334,0.578761,0.571334,0.0812888,0.578761,0.356707,0
5.70404,4.73771,8.11705,-0.00479528,4.45632,-0.131207,-0.584702,FRENET,0.571334,0.578761,0.571334,0.0812888,0.578761,0.356707,0
5.70864,4.78228,8.1167,-0.00611661,4.4591,-0.149063,-0.664687,FRENET,0.571334,0.578761,0.571334,0.0812888,0.578761,0.356707,0
5.71197,4.78228,8.1167,-0.00611661,4.4591,-0.149063,-0.664687,FRENET,0.571334,0.578761,0.571334,0.0812888,0.578761,0.356707,0
5.71595,4.78228,8.1167,-0.00611661,4.4591,-0.149063,-0.664687,FRENET,0.571334,0.578761,0.571334,0.0812888,0.578761,0.356707,0
5.72001,4.82689,8.11631,-0.0077432,4.46175,-0.158914,-0.709037,FRENET,0.571334,0.578761,0.571334,0.0812888,0.578761,0.356707,0
5.72397,4.82689,8.11631,-0.0077432,4.46175,-0.158914,-0.709037,FRENET,0.571334,0.578761,0.571334,0.0812888,0.578761,0.356707,0
5.72865,4.87151,8.1159,-0.00930531,4.46428,-0.169826,-0.758149,FRENET,0.571334,0.578761,0.571334,0.0812888,0.578761,0.356707,0
5.732,4.87151,8.1159,-0.00930531,4.46428,-0.169826,-0.758149,FRENET,0.57009,0.578761,0.57009,0,0.578761,0.431993,0
5.73601,4.87151,8.1159,-0.00930531,4.46428,-0.169826,-0.758149,FRENET,0.57009,0.578761,0.57009,0,0.578761,0.431993,0
5.74,4.91617,8.11544,-0.0111116,4.46668,-0.174297,-0.778531,FRENET,0.57009,0.578761,0.57009,0,0.578761,0.431993,0
5.74401,4.91617,8.11544,-0.0111116,4.46668,-0.174297,-0.778531,FRENET,0.57009,0.578761,0.57009,0,0.578761,0.431993,0
5.74859,4.96084,8.11497,-0.0124909,4.46897,-0.0881746,-0.39405,FRENET,0.57009,0.578761,0.57009,0,0.578761,0.431993,0
5.75202,4.96084,8.11497,-0.0124909,4.46897,-0.0881746,-0.39405,FRENET,0.57009,0.578761,0.57009,0,0.578761,0.431993,0
5.75602,4.96084,8.11497,-0.0124909,4.46897,-0.0881746,-0.39405,FRENET,0.57009,0.578761,0.57009,0,0.578761,0.431993,0
5.75999,5.00554,8.11453,-0.0129556,4.47115,-0.0242712,-0.10852,FRENET,0.57009,0.578761,0.57009,0,0.578761,0.431993,0
5.76401,5.00554,8.11453,-0.0129556,4.47115,-0.0242712,-0.10852,FRENET,0.57009,0.578761,0.57009,0,0.578761,0.431993,0
5.76859,5.05026,8.11411,-0.0130037,4.47323,0.0293033,0.13108,FRENET,0.57009,0.578761,0.57009,0,0.578761,0.431993,0
5.77202,5.05026,8.11411,-0.0130037,4.47323,0.0293033,0.13108,FRENET,0.57009,0.578761,0.57009,0,0.578761,0.431993,0
5.776,5.05026,8.11411,-0.0130037,4.47323,0.0293033,0.13108,FRENET,0.57009,0.578761,0.57009,0,0.578761,0.431993,0
5.78,5.095,8.11372,-0.012428,4.47521,0.0673255,0.301296,FRENET,0.563491,0.578761,0.563491,0,0.578761,0.407053,0
5.78401,5.095,8.11372,-0.012428,4.47521,0.0673255,0.301296,FRENET,0.563491,0.578761,0.563491,0,0.578761,0.407053,0
5.78864,5.13976,8.11334,-0.0116668,4.47709,0.10038,0.449409,FRENET,0.563491,0.578761,0.563491,0,0.578761,0.407053,0
5.79201,5.13976,8.11334,-0.0116668,4.47709,0.10038,0.449409,FRENET,0.563491,0.578761,0.563491,0,0.578761,0.407053,0
5.79602,5.13976,8.11334,-0.0116668,4.47709,0.10038,0.449409,FRENET,0.563491,0.578761,0.563491,0,0.578761,0.407053,0
5.80001,5.18454,8.11299,-0.0104646,4.47889,0.122179,0.547228,FRENET,0.563491,0.578761,0.563491,0,0.578761,0.407053,0
5.80401,5.18454,8.11299,-0.0104646,4.47889,0.122179,0.547228,FRENET,0.563491,0.578761,0.563491,0,0.578761,0.407053,0
5.8086,5.22934,8.11266,-0.00922137,4.4806,0.142452,0.638272,FRENET,0.563491,0.578761,0.563491,0,0.578761,0.407053,0
5.81201,5.22934,8.11266,-0.00922137,4.4806,0.142452,0.638272,FRENET,0.563491,0.578761,0.563491,0,0.578761,0.407053,0
5.81602,5.22934,8.11266,-0.00922137,4.4806,0.142452,0.638272,FRENET,0.563491,0.578761,0.563491,0,0.578761,0.407053,0
5.82002,5.27415,8.11237,-0.00765058,4.48223,0.154217,0.691234,FRENET,0.563491,0.578761,0.563491,0,0.578761,0.407053,0
5.82404,5.27415,8.11237,-0.00765058,4.48223,0.154217,0.691234,FRENET,0.563491,0.578761,0.563491,0,0.578761,0.407053,0
5.8286,5.31898,8.1121,-0.00612794,4.48378,0.166643,0.747189,FRENET,0.563491,0.578761,0.563491,0,0.578761,0.407053,0
5.83204,5.31898,8.1121,-0.00612794,4.48378,0.166643,0.747189,FRENET,0.551191,0.578761,0.551191,0,0.578761,0.419282,0
5.83604,5.31898,8.1121,-0.00612794,4.48378,0.166643,0.747189,FRENET,0.551191,0.578761,0.551191,0,0.578761,0.419282,0
5.83996,5.36382,8.11189,-0.00434703,4.48526,0.172297,0.772796,FRENET,0.551191,0.578761,0.551191,0,0.578761,0.419282,0
5.84404,5.36382,8.11189,-0.00434703,4.48526,0.172297,0.772796,FRENET,0.551191,0.578761,0.551191,0,0.578761,0.419282,0
5.84863,5.40868,8.1117,-0.00266832,4.48666,0.179991,0.807557,FRENET,0.551191,0.578761,0.551191,0,0.578761,0.419282,0
5.85204,5.40868,8.1117,-0.00266832,4.48666,0.179991,0.807557,FRENET,0.551191,0.578761,0.551191,0,0.578761,0.419282,0
5.85604,5.40868,8.1117,-0.00266832,4.48666,0.179991,0.807557,FRENET,0.551191,0.578761,0.551191,0,0.578761,0.419282,0
5.86,5.45356,8.11158,-0.000772918,4.488,0.181998,0.81681,FRENET,0.551191,0.578761,0.551191,0,0.578761,0.419282,0
5.86404,5.45356,8.11158,-0.000772918,4.488,0.181998,0.81681,FRENET,0.551191,0.578761,0.551191,0,0.578761,0.419282,0
5.86863,5.49844,8.11147,0.000671779,4.48928,0.0935684,0.420055,FRENET,0.551191,0.578761,0.551191,0,0.578761,0.419282,0
5.87205,5.49844,8.11147,0.000671779,4.48928,0.0935684,0.420055,FRENET,0.551191,0.578761,0.551191,0,0.578761,0.419282,0
5.87599,5.49844,8.11147,0.000671779,4.48928,0.0935684,0.420055,FRENET,0.551191,0.578761,0.551191,0,0.578761,0.419282,0
5.87996,5.54334,8.11132,0.00118076,4.4905,0.0278747,0.125171,FRENET,0.57589,0.575435,0.57589,0,0.575435,0.416172,0
5.88399,5.54334,8.11132,0.00118076,4.4905,0.0278747,0.125171,FRENET,0.57589,0.575435,0.57589,0,0.575435,0.416172,0
5.88859,5.58826,8.11117,0.00125801,4.49304,-0.0269855,-0.121247,FRENET,0.57589,0.575435,0.57589,0,0.575435,0.416172,0
5.89196,5.58826,8.11117,0.00125801,4.49304,-0.0269855,-0.121247,FRENET,0.57589,0.575435,0.57589,0,0.575435,0.416172,0
5.89601,5.58826,8.11117,0.00125801,4.49304,-0.0269855,-0.121247,FRENET,0.57589,0.575435,0.57589,0,0.575435,0.416172,0
5.89999,5.6332,8.11099,0.000700321,4.49545,-0.0660257,-0.296816,FRENET,0.57589,0.575435,0.57589,0,0.575435,0.416172,0
5.90401,5.6332,8.11099,0.000700321,4.49545,-0.0660257,-0.296816,FRENET,0.57589,0.575435,0.57589,0,0.575435,0.416172,0
5.90861,5.67817,8.11081,-5.19474e-05,4.49776,-0.0998277,-0.449001,FRENET,0.57589,0.575435,0.57589,0,0.575435,0.416172,0
5.91197,5.67817,8.11081,-5.19474e-05,4.49776,-0.0998277,-0.449001,FRENET,0.57589,0.575435,0.57589,0,0.575435,0.416172,0
5.916,5.67817,8.11081,-5.19474e-05,4.49776,-0.0998277,-0.449001,FRENET,0.57589,0.575435,0.57589,0,0.575435,0.416172,0
5.91999,5.72315,8.11059,-0.00125157,4.49995,-0.122211,-0.549943,FRENET,0.57589,0.575435,0.57589,0,0.575435,0.416172,0
5.924,5.72315,8.11059,-0.00125157,4.49995,-0.122211,-0.549943,FRENET,0.57589,0.575435,0.57589,0,0.575435,0.416172,0
5.92862,5.76816,8.11037,-0.00249733,4.50204,-0.142884,-0.643271,FRENET,0.57589,0.575435,0.57589,0,0.575435,0.416172,0
5.93196,5.76816,8.11037,-0.00249733,4.50204,-0.142884,-0.643271,FRENET,0.572772,0.575435,0.572772,0,0.575435,0.4271,0
5.93601,5.76816,8.11037,-0.00249733,4.50204,-0.142884,-0.643271,FRENET,0.572772,0.575435,0.572772,0,0.575435,0.4271,0
5.94,5.81319,8.11011,-0.00407394,4.50403,-0.154957,-0.697932,FRENET,0.572772,0.575435,0.572772,0,0.575435,0.4271,0
5.94401,5.81319,8.11011,-0.00407394,4.50403,-0.154957,-0.697932,FRENET,0.572772,0.575435,0.572772,0,0.575435,0.4271,0
5.94862,5.85824,8.10982,-0.00560511,4.50593,-0.167569,-0.755055,FRENET,0.572772,0.575435,0.572772,0,0.575435,0.4271,0
5.95201,5.85824,8.10982,-0.00560511,4.50593,-0.167569,-0.755055,FRENET,0.572772,0.575435,0.572772,0,0.575435,0.4271,0
5.95601,5.85824,8.10982,-0.00560511,4.50593,-0.167569,-0.755055,FRENET,0.572772,0.575435,0.572772,0,0.575435,0.4271,0
5.95999,5.90331,8.10949,-0.00739593,4.50774,-0.173366,-0.781488,FRENET,0.572772,0.575435,0.572772,0,0.575435,0.4271,0
5.964,5.90331,8.10949,-0.00739593,4.50774,-0.173366,-0.781488,FRENET,0.572772,0.575435,0.572772,0,0.575435,0.4271,0
5.96864,5.94839,8.10913,-0.00908579,4.50946,-0.18112,-0.816751,FRENET,0.572772,0.575435,0.572772,0,0.575435,0.4271,0
5.97201,5.94839,8.10913,-0.00908579,4.50946,-0.18112,-0.816751,FRENET,0.572772,0.575435,0.572772,0,0.575435,0.4271,0
5.97601,5.94839,8.10913,-0.00908579,4.50946,-0.18112,-0.816751,FRENET,0.572772,0.575435,0.572772,0,0.575435,0.4271,0
5.98,5.99349,8.10871,-0.0109926,4.51109,-0.183176,-0.826323,FRENET,0.569581,0.575435,0.569581,0,0.575435,0.43035,0
5.98403,5.99349,8.10871,-0.0109926,4.51109,-0.183176,-0.826323,FRENET,0.569581,0.575435,0.569581,0,0.575435,0.43035,0
5.9886,6.03861,8.10827,-0.0126075,4.51265,-0.141442,-0.63828,FRENET,0.569581,0.575435,0.569581,0,0.575435,0.43035,0
5.99201,6.03861,8.10827,-0.0126075,4.51265,-0.141442,-0.63828,FRENET,0.569581,0.575435,0.569581,0,0.575435,0.43035,0
5.99597,6.03861,8.10827,-0.0126075,4.51265,-0.141442,-0.63828,FRENET,0.569581,0.575435,0.569581,0,0.575435,0.43035,0
5.99999,6.08374,8.10782,-0.0136926,4.51414,-0.0618517,-0.279207,FRENET,0.569581,0.575435,0.569581,0,0.575435,0.43035,0
6.004,6.08374,8.10782,-0.0136926,4.51414,-0.0618517,-0.279207,FRENET,0.569581,0.575435,0.569581,0,0.575435,0.43035,0
6.0086,6.12889,8.10741,-0.0139205,4.51556,-0.00308787,-0.0139435,FRENET,0.569581,0.575435,0.569581,0,0.575435,0.43035,0
6.01201,6.12889,8.10741,-0.0139205,4.51556,-0.00308787,-0.0139435,FRENET,0.569581,0.575435,0.569581,0,0.575435,0.43035,0
6.01602,6.12889,8.10741,-0.0139205,4.51556,-0.00308787,-0.0139435,FRENET,0.569581,0.575435,0.569581,0,0.575435,0.43035,0
6.02,6.17405,8.10699,-0.0137782,4.5169,0.0464127,0.209642,FRENET,0.569581,0.575435,0.569581,0,0.575435,0.43035,0
6.02401,6.17405,8.10699,-0.0137782,4.5169,0.0464127,0.209642,FRENET,0.569581,0.575435,0.569581,0,0.575435,0.43035,0
6.02864,6.21922,8.10661,-0.0130477,4.51819,0.0812445,0.367078,FRENET,0.569581,0.575435,0.569581,0,0.575435,0.43035,0
6.03201,6.21922,8.10661,-0.0130477,4.51819,0.0812445,0.367078,FRENET,0.585563,0.575435,0.585563,0,0.575435,0.418488,0
6.036,6.21922,8.10661,-0.0130477,4.51819,0.0812445,0.367078,FRENET,0.585563,0.575435,0.585563,0,0.575435,0.418488,0
6.03996,6.26441,8.10623,-0.0121608,4.51941,0.111766,0.505115,FRENET,0.585563,0.575435,0.585563,0,0.575435,0.418488,0
6.044,6.26441,8.10623,-0.0121608,4.51941,0.111766,0.505115,FRENET,0.585563,0.575435,0.585563,0,0.575435,0.418488,0
6.04864,6.30961,8.10588,-0.0108547,4.52058,0.131591,0.594866,FRENET,0.585563,0.575435,0.585563,0,0.575435,0.418488,0
6.052,6.30961,8.10588,-0.0108547,4.52058,0.131591,0.594866,FRENET,0.585563,0.575435,0.585563,0,0.575435,0.418488,0
6.05601,6.30961,8.10588,-0.0108547,4.52058,0.131591,0.594866,FRENET,0.585563,0.575435,0.585563,0,0.575435,0.418488,0
6.06,6.35482,8.10555,-0.00952584,4.52169,0.150287,0.679552,FRENET,0.585563,0.575435,0.585563,0,0.575435,0.418488,0
6.06401,6.35482,8.10555,-0.00952584,4.52169,0.150287,0.679552,FRENET,0.585563,0.575435,0.585563,0,0.575435,0.418488,0
6.0686,6.40004,8.10525,-0.00788285,4.52274,0.160828,0.727385,FRENET,0.585563,0.575435,0.585563,0,0.575435,0.418488,0
6.072,6.40004,8.10525,-0.00788285,4.52274,0.160828,0.727385,FRENET,0.585563,0.575435,0.585563,0,0.575435,0.418488,0
6.076,6.40004,8.10525,-0.00788285,4.52274,0.160828,0.727385,FRENET,0.585563,0.575435,0.585563,0,0.575435,0.418488,0
6.07999,6.44527,8.10498,-0.00629943,4.52375,0.172267,0.779293,FRENET,0.579825,0.572133,0.579825,0,0.572133,0.414353,0
6.08397,6.44527,8.10498,-0.00629943,4.52375,0.172267,0.779293,FRENET,0.579825,0.572133,0.579825,0,0.572133,0.414353,0
6.08864,6.49051,8.10476,-0.00446599,4.52467,0.177168,0.801625,FRENET,0.579825,0.572133,0.579825,0,0.572133,0.414353,0
6.092,6.49051,8.10476,-0.00446599,4.52467,0.177168,0.801625,FRENET,0.579825,0.572133,0.579825,0,0.572133,0.414353,0
6.09601,6.49051,8.10476,-0.00446599,4.52467,0.177168,0.801625,FRENET,0.579825,0.572133,0.579825,0,0.572133,0.414353,0
6.10001,6.53576,8.10457,-0.002742,4.52554,0.184241,0.833792,FRENET,0.579825,0.572133,0.579825,0,0.572133,0.414353,0
6.10403,6.53576,8.10457,-0.002742,4.52554,0.184241,0.833792,FRENET,0.579825,0.572133,0.579825,0,0.572133,0.414353,0
6.1086,6.58102,8.10444,-0.000806367,4.52637,0.185774,0.840883,FRENET,0.579825,0.572133,0.579825,0,0.572133,0.414353,0
6.11202,6.58102,8.10444,-0.000806367,4.52637,0.185774,0.840883,FRENET,0.579825,0.572133,0.579825,0,0.572133,0.414353,0
6.11601,6.58102,8.10444,-0.000806367,4.52637,0.185774,0.840883,FRENET,0.579825,0.572133,0.579825,0,0.572133,0.414353,0
6.12001,6.6263,8.10435,0.000988837,4.5284,0.18992,0.860033,FRENET,0.579825,0.572133,0.579825,0,0.572133,0.414353,0
6.12401,6.6263,8.10435,0.000988837,4.5284,0.18992,0.860033,FRENET,0.579825,0.572133,0.579825,0,0.572133,0.414353,0
6.12863,6.67159,8.10432,0.00296937,4.53033,0.18926,0.85741,FRENET,0.579825,0.572133,0.579825,0,0.572133,0.414353,0
6.13202,6.67159,8.10432,0.00296937,4.53033,0.18926,0.85741,FRENET,0.583172,0.572133,0.583172,0,0.572133,0.42904,0
6.13602,6.67159,8.10432,0.00296937,4.53033,0.18926,0.85741,FRENET,0.583172,0.572133,0.583172,0,0.572133,0.42904,0
6.14001,6.7169,8.10432,0.00447665,4.53216,0.0989179,0.448312,FRENET,0.583172,0.572133,0.583172,0,0.572133,0.42904,0
6.14402,6.7169,8.10432,0.00447665,4.53216,0.0989179,0.448312,FRENET,0.583172,0.572133,0.583172,0,0.572133,0.42904,0
6.14866,6.76223,8.10429,0.0050308,4.53392,0.0315686,0.143129,FRENET,0.583172,0.572133,0.583172,0,0.572133,0.42904,0
6.15202,6.76223,8.10429,0.0050308,4.53392,0.0315686,0.143129,FRENET,0.583172,0.572133,0.583172,0,0.572133,0.42904,0
6.15602,6.76223,8.10429,0.0050308,4.53392,0.0315686,0.143129,FRENET,0.583172,0.572133,0.583172,0,0.572133,0.42904,0
6.16001,6.80758,8.10426,0.00513794,4.53558,-0.0247192,-0.112116,FRENET,0.583172,0.572133,0.583172,0,0.572133,0.42904,0
6.16403,6.80758,8.10426,0.00513794,4.53558,-0.0247192,-0.112116,FRENET,0.583172,0.572133,0.583172,0,0.572133,0.42904,0
6.16863,6.85294,8.10421,0.00459654,4.53717,-0.0649311,-0.294604,FRENET,0.583172,0.572133,0.583172,0,0.572133,0.42904,0
6.17202,6.85294,8.10421,0.00459654,4.53717,-0.0649311,-0.294604,FRENET,0.583172,0.572133,0.583172,0,0.572133,0.42904,0
6.17603,6.85294,8.10421,0.00459654,4.53717,-0.0649311,-0.294604,FRENET,0.583172,0.572133,0.583172,0,0.572133,0.42904,0
6.18,6.89832,8.10416,0.00385072,4.53868,-0.0996567,-0.45231,FRENET,0.567131,0.572133,0.567131,0.103249,0.572133,0.349819,0
6.18402,6.89832,8.10416,0.00385072,4.53868,-0.0996567,-0.45231,FRENET,0.567131,0.572133,0.567131,0.103249,0.572133,0.349819,0
6.18863,6.94372,8.10408,0.00264865,4.54012,-0.122788,-0.55747,FRENET,0.567131,0.572133,0.567131,0.103249,0.572133,0.349819,0
6.19202,6.94372,8.10408,0.00264865,4.54012,-0.122788,-0.55747,FRENET,0.567131,0.572133,0.567131,0.103249,0.572133,0.349819,0
6.19602,6.94372,8.10408,0.00264865,4.54012,-0.122788,-0.55747,FRENET,0.567131,0.572133,0.567131,0.103249,0.572133,0.349819,0
6.2,6.98913,8.104,0.00139442,4.54149,-0.144029,-0.654106,FRENET,0.567131,0.572133,0.567131,0.103249,0.572133,0.349819,0
6.20401,6.98913,8.104,0.00139442,4.54149,-0.144029,-0.654106,FRENET,0.567131,0.572133,0.567131,0.103249,0.572133,0.349819,0
6.2086,7.03455,8.10388,-0.000196234,4.5428,-0.156553,-0.711187,FRENET,0.567131,0.572133,0.567131,0.103249,0.572133,0.349819,0
6.21203,7.03455,8.10388,-0.000196234,4.5428,-0.156553,-0.711187,FRENET,0.567131,0.572133,0.567131,0.103249,0.572133,0.349819,0
6.21602,7.03455,8.10388,-0.000196234,4.5428,-0.156553,-0.711187,FRENET,0.567131,0.572133,0.567131,0.103249,0.572133,0.349819,0
6.22,7.07998,8.10374,-0.00174481,4.54404,-0.169486,-0.770151,FRENET,0.567131,0.572133,0.567131,0.103249,0.572133,0.349819,0
6.22402,7.07998,8.10374,-0.00174481,4.54404,-0.169486,-0.770151,FRENET,0.567131,0.572133,0.567131,0.103249,0.572133,0.349819,0
6.22863,7.12543,8.10356,-0.00355632,4.54523,-0.175531,-0.797827,FRENET,0.567131,0.572133,0.567131,0.103249,0.572133,0.349819,0
6.23202,7.12543,8.10356,-0.00355632,4.54523,-0.175531,-0.797827,FRENET,0.570246,0.572133,0.570246,0,0.572133,0.412351,0
6.23603,7.12543,8.10356,-0.00355632,4.54523,-0.175531,-0.797827,FRENET,0.570246,0.572133,0.570246,0,0.572133,0.412351,0
6.24001,7.17088,8.10335,-0.00526843,4.54636,-0.183439,-0.833978,FRENET,0.570246,0.572133,0.570246,0,0.572133,0.412351,0
6.24402,7.17088,8.10335,-0.00526843,4.54636,-0.183439,-0.833978,FRENET,0.570246,0.572133,0.570246,0,0.572133,0.412351,0
6.24865,7.21635,8.10309,-0.00719929,4.54743,-0.185608,-0.84404,FRENET,0.570246,0.572133,0.570246,0,0.572133,0.412351,0
6.25202,7.21635,8.10309,-0.00719929,4.54743,-0.185608,-0.84404,FRENET,0.570246,0.572133,0.570246,0,0.572133,0.412351,0
6.25603,7.21635,8.10309,-0.00719929,4.54743,-0.185608,-0.84404,FRENET,0.570246,0.572133,0.570246,0,0.572133,0.412351,0
6.26001,7.26183,8.10279,-0.00899662,4.54846,-0.190549,-0.866702,FRENET,0.570246,0.572133,0.570246,0,0.572133,0.412351,0
6.26402,7.26183,8.10279,-0.00899662,4.54846,-0.190549,-0.866702,FRENET,0.570246,0.572133,0.570246,0,0.572133,0.412351,0
6.26864,7.30732,8.10243,-0.0109868,4.54943,-0.190463,-0.866499,FRENET,0.570246,0.572133,0.570246,0,0.572133,0.412351,0
6.27203,7.30732,8.10243,-0.0109868,4.54943,-0.190463,-0.866499,FRENET,0.570246,0.572133,0.570246,0,0.572133,0.412351,0
6.27602,7.30732,8.10243,-0.0109868,4.54943,-0.190463,-0.866499,FRENET,0.570246,0.572133,0.570246,0,0.572133,0.412351,0
6.28001,7.35282,8.10202,-0.0128238,4.55036,-0.193708,-0.88144,FRENET,0.588923,0.569406,0.588923,0,0.569406,0.412266,0
6.28402,7.35282,8.10202,-0.0128238,4.55036,-0.193708,-0.88144,FRENET,0.588923,0.569406,0.588923,0,0.569406,0.412266,0
6.28864,7.39832,8.10154,-0.014839,4.5512,-0.192374,-0.875532,FRENET,0.588923,0.569406,0.588923,0,0.569406,0.412266,0
6.29202,7.39832,8.10154,-0.014839,4.5512,-0.192374,-0.875532,FRENET,0.588923,0.569406,0.588923,0,0.569406,0.412266,0
6.29601,7.39832,8.10154,-0.014839,4.5512,-0.192374,-0.875532,FRENET,0.588923,0.569406,0.588923,0,0.569406,0.412266,0
6.30001,7.44384,8.10104,-0.0163729,4.55304,-0.101141,-0.4605,FRENET,0.588923,0.569406,0.588923,0,0.569406,0.412266,0
6.30402,7.44384,8.10104,-0.0163729,4.55304,-0.101141,-0.4605,FRENET,0.588923,0.569406,0.588923,0,0.569406,0.412266,0
6.30862,7.48938,8.10056,-0.0169453,4.55479,-0.0330326,-0.150457,FRENET,0.588923,0.569406,0.588923,0,0.569406,0.412266,0
6.31202,7.48938,8.10056,-0.0169453,4.55479,-0.0330326,-0.150457,FRENET,0.588923,0.569406,0.588923,0,0.569406,0.412266,0
6.31601,7.48938,8.10056,-0.0169453,4.55479,-0.0330326,-0.150457,FRENET,0.588923,0.569406,0.588923,0,0.569406,0.412266,0
6.32,7.53493,8.10007,-0.017064,4.55646,0.023862,0.108726,FRENET,0.588923,0.569406,0.588923,0,0.569406,0.412266,0
6.32402,7.53493,8.10007,-0.017064,4.55646,0.023862,0.108726,FRENET,0.588923,0.569406,0.588923,0,0.569406,0.412266,0
6.32863,7.5805,8.0996,-0.0165285,4.55805,0.0645822,0.294369,FRENET,0.588923,0.569406,0.588923,0,0.569406,0.412266,0
6.33201,7.5805,8.0996,-0.0165285,4.55805,0.0645822,0.294369,FRENET,0.581017,0.569406,0.581017,0,0.569406,0.414404,0
6.33602,7.5805,8.0996,-0.0165285,4.55805,0.0645822,0.294369,FRENET,0.581017,0.569406,0.581017,0,0.569406,0.414404,0
6.34001,7.62609,8.09913,-0.0157842,4.55956,0.0996963,0.454572,FRENET,0.581017,0.569406,0.581017,0,0.569406,0.414404,0
6.344,7.62609,8.09913,-0.0157842,4.55956,0.0996963,0.454572,FRENET,0.581017,0.569406,0.581017,0,0.569406,0.414404,0
6.34863,7.67169,8.09868,-0.01458,4.561,0.123148,0.56168,FRENET,0.581017,0.569406,0.581017,0,0.569406,0.414404,0
6.35201,7.67169,8.09868,-0.01458,4.561,0.123148,0.56168,FRENET,0.581017,0.569406,0.581017,0,0.569406,0.414404,0
6.35602,7.67169,8.09868,-0.01458,4.561,0.123148,0.56168,FRENET,0.581017,0.569406,0.581017,0,0.569406,0.414404,0
6.36005,7.7173,8.09824,-0.013321,4.56237,0.14462,0.65981,FRENET,0.581017,0.569406,0.581017,0,0.569406,0.414404,0
6.36401,7.7173,8.09824,-0.013321,4.56237,0.14462,0.65981,FRENET,0.581017,0.569406,0.581017,0,0.569406,0.414404,0
6.36863,7.76293,8.09783,-0.0117234,4.56368,0.157333,0.718016,FRENET,0.581017,0.569406,0.581017,0,0.569406,0.414404,0
6.37202,7.76293,8.09783,-0.0117234,4.56368,0.157333,0.718016,FRENET,0.581017,0.569406,0.581017,0,0.569406,0.414404,0
6.37605,7.76293,8.09783,-0.0117234,4.56368,0.157333,0.718016,FRENET,0.581017,0.569406,0.581017,0,0.569406,0.414404,0
6.37999,7.80857,8.09743,-0.0101664,4.56493,0.170387,0.777803,FRENET,0.597026,0.569406,0.597026,0,0.569406,0.414466,0
6.384,7.80857,8.09743,-0.0101664,4.56493,0.170387,0.777803,FRENET,0.597026,0.569406,0.597026,0,0.569406,0.414466,0
6.3886,7.85423,8.09708,-0.00834537,4.56611,0.176532,0.806063,FRENET,0.597026,0.569406,0.597026,0,0.569406,0.414466,0
6.392,7.85423,8.09708,-0.00834537,4.56611,0.176532,0.806063,FRENET,0.597026,0.569406,0.597026,0,0.569406,0.414466,0
6.396,7.85423,8.09708,-0.00834537,4.56611,0.176532,0.806063,FRENET,0.597026,0.569406,0.597026,0,0.569406,0.414466,0
6.39998,7.89989,8.09676,-0.00662298,4.56724,0.184489,0.842604,FRENET,0.597026,0.569406,0.597026,0,0.569406,0.414466,0
6.404,7.89989,8.09676,-0.00662298,4.56724,0.184489,0.842604,FRENET,0.597026,0.569406,0.597026,0,0.569406,0.414466,0
6.40862,7.94557,8.09649,-0.0046814,4.56832,0.186701,0.852908,FRENET,0.597026,0.569406,0.597026,0,0.569406,0.414466,0
6.41201,7.94557,8.09649,-0.0046814,4.56832,0.186701,0.852908,FRENET,0.597026,0.569406,0.597026,0,0.569406,0.414466,0
6.416,7.94557,8.09649,-0.0046814,4.56832,0.186701,0.852908,FRENET,0.597026,0.569406,0.597026,0,0.569406,0.414466,0
6.41998,7.99126,8.09625,-0.0028731,4.56934,0.191646,0.875695,FRENET,0.597026,0.569406,0.597026,0,0.569406,0.414466,0
6.424,7.99126,8.09625,-0.0028731,4.56934,0.191646,0.875695,FRENET,0.597026,0.569406,0.597026,0,0.569406,0.414466,0
6.42862,8.03695,8.09608,-0.000871882,4.57032,0.191569,0.87553,FRENET,0.597026,0.569406,0.597026,0,0.569406,0.414466,0
6.43197,8.03695,8.09608,-0.000871882,4.57032,0.191569,0.87553,FRENET,0.583022,0.569406,0.583022,0,0.569406,0.416054,0
6.43597,8.03695,8.09608,-0.000871882,4.57032,0.191569,0.87553,FRENET,0.583022,0.569406,0.583022,0,0.569406,0.416054,0
6.43995,8.08266,8.09593,0.000658797,4.57125,0.101189,0.462561,FRENET,0.583022,0.569406,0.583022,0,0.569406,0.416054,0
6.44397,8.08266,8.09593,0.000658797,4.57125,0.101189,0.462561,FRENET,0.583022,0.569406,0.583022,0,0.569406,0.416054,0
6.44859,8.12838,8.09574,0.00123441,4.57213,0.0336314,0.153767,FRENET,0.583022,0.569406,0.583022,0,0.569406,0.416054,0
6.45196,8.12838,8.09574,0.00123441,4.57213,0.0336314,0.153767,FRENET,0.583022,0.569406,0.583022,0,0.569406,0.416054,0
6.45597,8.12838,8.09574,0.00123441,4.57213,0.0336314,0.153767,FRENET,0.583022,0.569406,0.583022,0,0.569406,0.416054,0
6.45995,8.1741,8.09556,0.00136107,4.57297,-0.022949,-0.104945,FRENET,0.583022,0.569406,0.583022,0,0.569406,0.416054,0
6.46397,8.1741,8.09556,0.00136107,4.57297,-0.022949,-0.104945,FRENET,0.583022,0.569406,0.583022,0,0.569406,0.416054,0
6.46859,8.21984,8.09535,0.000835322,4.57378,-0.0635198,-0.290526,FRENET,0.583022,0.569406,0.583022,0,0.569406,0.416054,0
6.47196,8.21984,8.09535,0.000835322,4.57378,-0.0635198,-0.290526,FRENET,0.583022,0.569406,0.583022,0,0.569406,0.416054,0
6.47597,8.21984,8.09535,0.000835322,4.57378,-0.0635198,-0.290526,FRENET,0.583022,0.569406,0.583022,0,0.569406,0.416054,0
6.47996,8.26558,8.09514,0.000102079,4.57454,-0.09861,-0.451096,FRENET,0.585062,0.567514,0.585062,0,0.567514,0.402789,0
6.484,8.26558,8.09514,0.000102079,4.57454,-0.09861,-0.451096,FRENET,0.585062,0.567514,0.585062,0,0.567514,0.402789,0
6.4886,8.31133,8.0949,-0.00109172,4.5752,-0.122121,-0.55873,FRENET,0.585062,0.567514,0.585062,0,0.567514,0.402789,0
6.492,8.31133,8.0949,-0.00109172,4.5752,-0.122121,-0.55873,FRENET,0.585062,0.567514,0.585062,0,0.567514,0.402789,0
6.496,8.31133,8.0949,-0.00109172,4.5752,-0.122121,-0.55873,FRENET,0.585062,0.567514,0.585062,0,0.567514,0.402789,0
6.49999,8.35708,8.09466,-0.00234077,4.57583,-0.143711,-0.657598,FRENET,0.585062,0.567514,0.585062,0,0.567514,0.402789,0
6.504,8.35708,8.09466,-0.00234077,4.57583,-0.143711,-0.657598,FRENET,0.585062,0.567514,0.585062,0,0.567514,0.402789,0
6.50863,8.40284,8.09438,-0.0039302,4.57643,-0.156568,-0.716521,FRENET,0.585062,0.567514,0.585062,0,0.567514,0.402789,0
6.512,8.40284,8.09438,-0.0039302,4.57643,-0.156568,-0.716521,FRENET,0.585062,0.567514,0.585062,0,0.567514,0.402789,0
6.516,8.40284,8.09438,-0.0039302,4.57643,-0.156568,-0.716521,FRENET,0.585062,0.567514,0.585062,0,0.567514,0.402789,0
6.51997,8.44861,8.09408,-0.00547967,4.57787,-0.169632,-0.776555,FRENET,0.585062,0.567514,0.585062,0,0.567514,0.402789,0
6.52397,8.44861,8.09408,-0.00547967,4.57787,-0.169632,-0.776555,FRENET,0.585062,0.567514,0.585062,0,0.567514,0.402789,0
6.5286,8.49439,8.09373,-0.00729336,4.57925,-0.17583,-0.805168,FRENET,0.585062,0.567514,0.585062,0,0.567514,0.402789,0
6.53196,8.49439,8.09373,-0.00729336,4.57925,-0.17583,-0.805168,FRENET,0.592652,0.567514,0.592652,0,0.567514,0.386858,0
6.53596,8.49439,8.09373,-0.00729336,4.57925,-0.17583,-0.805168,FRENET,0.592652,0.567514,0.592652,0,0.567514,0.386858,0
6.53995,8.54019,8.09336,-0.00900905,4.58056,-0.183839,-0.842088,FRENET,0.592652,0.567514,0.592652,0,0.567514,0.386858,0
6.54396,8.54019,8.09336,-0.00900905,4.58056,-0.183839,-0.842088,FRENET,0.592652,0.567514,0.592652,0,0.567514,0.386858,0
6.54862,8.586,8.09293,-0.0109445,4.58181,-0.186129,-0.85281,FRENET,0.592652,0.567514,0.592652,0,0.567514,0.386858,0
6.55197,8.586,8.09293,-0.0109445,4.58181,-0.186129,-0.85281,FRENET,0.592652,0.567514,0.592652,0,0.567514,0.386858,0
6.55597,8.586,8.09293,-0.0109445,4.58181,-0.186129,-0.85281,FRENET,0.592652,0.567514,0.592652,0,0.567514,0.386858,0
6.55995,8.63182,8.09249,-0.0124305,4.583,-0.0976249,-0.447415,FRENET,0.592652,0.567514,0.592652,0,0.567514,0.386858,0
6.56398,8.63182,8.09249,-0.0124305,4.583,-0.0976249,-0.447415,FRENET,0.592652,0.567514,0.592652,0,0.567514,0.386858,0
6.5686,8.67766,8.09208,-0.0129777,4.58414,-0.0314182,-0.144025,FRENET,0.592652,0.567514,0.592652,0,0.567514,0.386858,0
6.57196,8.67766,8.09208,-0.0129777,4.58414,-0.0314182,-0.144025,FRENET,0.592652,0.567514,0.592652,0,0.567514,0.386858,0
6.57596,8.67766,8.09208,-0.0129777,4.58414,-0.0314182,-0.144025,FRENET,0.592652,0.567514,0.592652,0,0.567514,0.386858,0
6.57995,8.7235,8.09168,-0.0130873,4.58522,0.0241781,0.110862,FRENET,0.605065,0.567514,0.605065,0.036834,0.567514,0.33985,0
6.58396,8.7235,8.09168,-0.0130873,4.58522,0.0241781,0.110862,FRENET,0.605065,0.567514,0.605065,0.036834,0.567514,0.33985,0
6.58859,8.76936,8.09131,-0.012553,4.58625,0.0640696,0.293839,FRENET,0.605065,0.567514,0.605065,0.036834,0.567514,0.33985,0
6.59197,8.76936,8.09131,-0.012553,4.58625,0.0640696,0.293839,FRENET,0.605065,0.567514,0.605065,0.036834,0.567514,0.33985,0
6.59596,8.76936,8.09131,-0.012553,4.58625,0.0640696,0.293839,FRENET,0.605065,0.567514,0.605065,0.036834,0.567514,0.33985,0
6.59995,8.81522,8.09094,-0.0118167,4.58723,0.0986798,0.452666,FRENET,0.605065,0.567514,0.605065,0.036834,0.567514,0.33985,0
6.60396,8.81522,8.09094,-0.0118167,4.58723,0.0986798,0.452666,FRENET,0.605065,0.567514,0.605065,0.036834,0.567514,0.33985,0
6.6086,8.8611,8.09061,-0.010624,4.58816,0.121882,0.559215,FRENET,0.605065,0.567514,0.605065,0.036834,0.567514,0.33985,0
6.61197,8.8611,8.09061,-0.010624,4.58816,0.121882,0.559215,FRENET,0.605065,0.567514,0.605065,0.036834,0.567514,0.33985,0
6.61596,8.8611,8.09061,-0.010624,4.58816,0.121882,0.559215,FRENET,0.605065,0.567514,0.605065,0.036834,0.567514,0.33985,0
6.61995,8.90699,8.09029,-0.00937835,4.58905,0.143263,0.657441,FRENET,0.605065,0.567514,0.605065,0.036834,0.567514,0.33985,0
6.62396,8.90699,8.09029,-0.00937835,4.58905,0.143263,0.657441,FRENET,0.605065,0.567514,0.605065,0.036834,0.567514,0.33985,0
6.62859,8.95288,8.09001,-0.00779408,4.58989,0.156014,0.716087,FRENET,0.605065,0.567514,0.605065,0.036834,0.567514,0.33985,0
6.63196,8.95288,8.09001,-0.00779408,4.58989,0.156014,0.716087,FRENET,0.587953,0.567514,0.587953,0,0.567514,0.372309,0
6.63596,8.95288,8.09001,-0.00779408,4.58989,0.156014,0.716087,FRENET,0.587953,0.567514,0.587953,0,0.567514,0.372309,0
6.63995,8.99878,8.08974,-0.00624995,4.5907,0.16917,0.776609,FRENET,0.587953,0.567514,0.587953,0,0.567514,0.372309,0
6.64397,8.99878,8.08974,-0.00624995,4.5907,0.16917,0.776609,FRENET,0.587953,0.567514,0.587953,0,0.567514,0.372309,0
6.64859,9.04469,8.08953,-0.00444014,4.59147,0.175476,0.805691,FRENET,0.587953,0.567514,0.587953,0,0.567514,0.372309,0
6.65196,9.04469,8.08953,-0.00444014,4.59147,0.175476,0.805691,FRENET,0.587953,0.567514,0.587953,0,0.567514,0.372309,0
6.65597,9.04469,8.08953,-0.00444014,4.59147,0.175476,0.805691,FRENET,0.587953,0.567514,0.587953,0,0.567514,0.372309,0
6.65996,9.09061,8.08935,-0.00272761,4.5922,0.183606,0.843154,FRENET,0.587953,0.567514,0.587953,0,0.567514,0.372309,0
6.66396,9.09061,8.08935,-0.00272761,4.5922,0.183606,0.843154,FRENET,0.587953,0.567514,0.587953,0,0.567514,0.372309,0
6.66859,9.13654,8.08922,-0.000793746,4.59289,0.186013,0.854336,FRENET,0.587953,0.567514,0.587953,0,0.567514,0.372309,0
6.67196,9.13654,8.08922,-0.000793746,4.59289,0.186013,0.854336,FRENET,0.587953,0.567514,0.587953,0,0.567514,0.372309,0
6.67597,9.13654,8.08922,-0.000793746,4.59289,0.186013,0.854336,FRENET,0.587953,0.567514,0.587953,0,0.567514,0.372309,0
6.67996,9.18247,8.08911,0.00069074,4.59356,0.0973933,0.447382,FRENET,0.599469,0.56349,0.599469,0,0.56349,0.417142,0
6.68396,9.18247,8.08911,0.00069074,4.59356,0.0973933,0.447382,FRENET,0.599469,0.56349,0.599469,0,0.56349,0.417142,0
6.68859,9.22841,8.08896,0.00123493,4.59417,0.0310918,0.142841,FRENET,0.599469,0.56349,0.599469,0,0.56349,0.417142,0
6.69197,9.22841,8.08896,0.00123493,4.59417,0.0310918,0.142841,FRENET,0.599469,0.56349,0.599469,0,0.56349,0.417142,0
6.69597,9.22841,8.08896,0.00123493,4.59417,0.0310918,0.142841,FRENET,0.599469,0.56349,0.599469,0,0.56349,0.417142,0
6.69996,9.27435,8.08881,0.00134106,4.59476,-0.0245887,-0.112979,FRENET,0.599469,0.56349,0.599469,0,0.56349,0.417142,0
6.70403,9.27435,8.08881,0.00134106,4.59476,-0.0245887,-0.112979,FRENET,0.599469,0.56349,0.599469,0,0.56349,0.417142,0
6.70858,9.3203,8.08863,0.000802072,4.59532,-0.0645499,-0.296627,FRENET,0.599469,0.56349,0.599469,0,0.56349,0.417142,0
6.71195,9.3203,8.08863,0.000802072,4.59532,-0.0645499,-0.296627,FRENET,0.599469,0.56349,0.599469,0,0.56349,0.417142,0
6.71595,9.3203,8.08863,0.000802072,4.59532,-0.0645499,-0.296627,FRENET,0.599469,0.56349,0.599469,0,0.56349,0.417142,0
6.71996,9.36626,8.08845,6.08488e-05,4.59585,-0.0992227,-0.456013,FRENET,0.599469,0.56349,0.599469,0,0.56349,0.417142,0
6.72397,9.36626,8.08845,6.08488e-05,4.59585,-0.0992227,-0.456013,FRENET,0.599469,0.56349,0.599469,0,0.56349,0.417142,0
6.7286,9.41222,8.08824,-0.00113774,4.59636,-0.122475,-0.562941,FRENET,0.599469,0.56349,0.599469,0,0.56349,0.417142,0
6.73196,9.41222,8.08824,-0.00113774,4.59636,-0.122475,-0.562941,FRENET,0.596847,0.56349,0.596847,0,0.56349,0.416807,0
6.73597,9.41222,8.08824,-0.00113774,4.59636,-0.122475,-0.562941,FRENET,0.596847,0.56349,0.596847,0,0.56349,0.416807,0
6.74001,9.45819,8.08801,-0.00238914,4.59758,-0.143801,-0.661135,FRENET,0.596847,0.56349,0.596847,0,0.56349,0.416807,0
6.74401,9.45819,8.08801,-0.00238914,4.59758,-0.143801,-0.661135,FRENET,0.596847,0.56349,0.596847,0,0.56349,0.416807,0
6.74863,9.50417,8.08775,-0.00397848,4.59874,-0.156514,-0.719767,FRENET,0.596847,0.56349,0.596847,0,0.56349,0.416807,0
6.75202,9.50417,8.08775,-0.00397848,4.59874,-0.156514,-0.719767,FRENET,0.596847,0.56349,0.596847,0,0.56349,0.416807,0
6.75601,9.50417,8.08775,-0.00397848,4.59874,-0.156514,-0.719767,FRENET,0.596847,0.56349,0.596847,0,0.56349,0.416807,0
6.75999,9.55016,8.08747,-0.00552746,4.59984,-0.16962,-0.780226,FRENET,0.596847,0.56349,0.596847,0,0.56349,0.416807,0
6.76401,9.55016,8.08747,-0.00552746,4.59984,-0.16962,-0.780226,FRENET,0.596847,0.56349,0.596847,0,0.56349,0.416807,0
6.7686,9.59616,8.08713,-0.00734151,4.60089,-0.175893,-0.809267,FRENET,0.596847,0.56349,0.596847,0,0.56349,0.416807,0
6.77201,9.59616,8.08713,-0.00734151,4.60089,-0.175893,-0.809267,FRENET,0.596847,0.56349,0.596847,0,0.56349,0.416807,0
6.77601,9.59616,8.08713,-0.00734151,4.60089,-0.175893,-0.809267,FRENET,0.596847,0.56349,0.596847,0,0.56349,0.416807,0
6.78,9.64217,8.08677,-0.0090581,4.6019,-0.183979,-0.846653,FRENET,0.595466,0.56349,0.595466,0,0.56349,0.39606,0
6.78402,9.64217,8.08677,-0.0090581,4.6019,-0.183979,-0.846653,FRENET,0.595466,0.56349,0.595466,0,0.56349,0.39606,0
6.78864,9.68819,8.08635,-0.0109955,4.60285,-0.18636,-0.857787,FRENET,0.595466,0.56349,0.595466,0,0.56349,0.39606,0
6.79201,9.68819,8.08635,-0.0109955,4.60285,-0.18636,-0.857787,FRENET,0.595466,0.56349,0.595466,0,0.56349,0.39606,0
6.79601,9.68819,8.08635,-0.0109955,4.60285,-0.18636,-0.857787,FRENET,0.595466,0.56349,0.595466,0,0.56349,0.39606,0
6.79999,9.73423,8.08592,-0.0124836,4.60376,-0.0977868,-0.450187,FRENET,0.595466,0.56349,0.595466,0,0.56349,0.39606,0
6.80401,9.73423,8.08592,-0.0124836,4.60376,-0.0977868,-0.450187,FRENET,0.595466,0.56349,0.595466,0,0.56349,0.39606,0
6.80863,9.78027,8.08552,-0.0130318,4.60463,-0.0314621,-0.144871,FRENET,0.595466,0.56349,0.595466,0,0.56349,0.39606,0
6.81201,9.78027,8.08552,-0.0130318,4.60463,-0.0314621,-0.144871,FRENET,0.595466,0.56349,0.595466,0,0.56349,0.39606,0
6.81601,9.78027,8.08552,-0.0130318,4.60463,-0.0314621,-0.144871,FRENET,0.595466,0.56349,0.595466,0,0.56349,0.39606,0
6.82,9.82631,8.08512,-0.0131413,4.60545,0.0242589,0.111723,FRENET,0.595466,0.56349,0.595466,0,0.56349,0.39606,0
6.82402,9.82631,8.08512,-0.0131413,4.60545,0.0242589,0.111723,FRENET,0.595466,0.56349,0.595466,0,0.56349,0.39606,0
6.82861,9.87237,8.08476,-0.0126054,4.60624,0.0642917,0.296142,FRENET,0.595466,0.56349,0.595466,0,0.56349,0.39606,0
6.83201,9.87237,8.08476,-0.0126054,4.60624,0.0642917,0.296142,FRENET,0.609642,0.56349,0.609642,0.0268309,0.56349,0.338369,0
6.83601,9.87237,8.08476,-0.0126054,4.60624,0.0642917,0.296142,FRENET,0.609642,0.56349,0.609642,0.0268309,0.56349,0.338369,0
6.83999,9.91844,8.0844,-0.0118663,4.60698,0.0990268,0.456215,FRENET,0.609642,0.56349,0.609642,0.0268309,0.56349,0.338369,0
6.84401,9.91844,8.0844,-0.0118663,4.60698,0.0990268,0.456215,FRENET,0.609642,0.56349,0.609642,0.0268309,0.56349,0.338369,0
6.8486,9.96451,8.08407,-0.0106694,4.6077,0.122356,0.563778,FRENET,0.609642,0.56349,0.609642,0.0268309,0.56349,0.338369,0
6.85201,9.96451,8.08407,-0.0106694,4.6077,0.122356,0.563778,FRENET,0.609642,0.56349,0.609642,0.0268309,0.56349,0.338369,0
6.85601,9.96451,8.08407,-0.0106694,4.6077,0.122356,0.563778,FRENET,0.609642,0.56349,0.609642,0.0268309,0.56349,0.338369,0
6.85999,10.0106,8.08375,-0.00941861,4.60837,0.143837,0.662857,FRENET,0.609642,0.56349,0.609642,0.0268309,0.56349,0.338369,0
6.86401,10.0106,8.08375,-0.00941861,4.60837,0.143837,0.662857,FRENET,0.609642,0.56349,0.609642,0.0268309,0.56349,0.338369,0
6.86861,10.0567,8.08347,-0.00782802,4.60902,0.156686,0.722168,FRENET,0.609642,0.56349,0.609642,0.0268309,0.56349,0.338369,0
6.87198,10.0567,8.08347,-0.00782802,4.60902,0.156686,0.722168,FRENET,0.609642,0.56349,0.609642,0.0268309,0.56349,0.338369,0
6.87602,10.0567,8.08347,-0.00782802,4.60902,0.156686,0.722168,FRENET,0.609642,0.56349,0.609642,0.0268309,0.56349,0.338369,0
6.87995,10.1028,8.08321,-0.00627689,4.60964,0.169912,0.783231,FRENET,0.607153,0.560408,0.607153,0,0.560408,0.396903,0
6.88397,10.1028,8.08321,-0.00627689,4.60964,0.169912,0.783231,FRENET,0.607153,0.560408,0.607153,0,0.560408,0.396903,0
6.88859,10.1489,8.08299,-0.00445916,4.61016,0.176296,0.812752,FRENET,0.607153,0.560408,0.607153,0,0.560408,0.396903,0
6.89197,10.1489,8.08299,-0.00445916,4.61016,0.176296,0.812752,FRENET,0.607153,0.560408,0.607153,0,0.560408,0.396903,0
6.89597,10.1489,8.08299,-0.00445916,4.61016,0.176296,0.812752,FRENET,0.607153,0.560408,0.607153,0,0.560408,0.396903,0
6.89995,10.195,8.08281,-0.00273825,4.61065,0.184478,0.850562,FRENET,0.607153,0.560408,0.607153,0,0.560408,0.396903,0
6.90397,10.195,8.08281,-0.00273825,4.61065,0.184478,0.850562,FRENET,0.607153,0.560408,0.607153,0,0.560408,0.396903,0
6.90859,10.2411,8.08269,-0.000796342,4.61175,0.186782,0.861392,FRENET,0.607153,0.560408,0.607153,0,0.560408,0.396903,0
6.91197,10.2411,8.08269,-0.000796342,4.61175,0.186782,0.861392,FRENET,0.607153,0.560408,0.607153,0,0.560408,0.396903,0
6.91596,10.2411,8.08269,-0.000796342,4.61175,0.186782,0.861392,FRENET,0.607153,0.560408,0.607153,0,0.560408,0.396903,0
6.91995,10.2872,8.0826,0.00101314,4.6128,0.191801,0.884738,FRENET,0.607153,0.560408,0.607153,0,0.560408,0.396903,0
6.92396,10.2872,8.0826,0.00101314,4.6128,0.191801,0.884738,FRENET,0.607153,0.560408,0.607153,0,0.560408,0.396903,0
6.9286,10.3333,8.08258,0.0030165,4.61379,0.191846,0.885135,FRENET,0.607153,0.560408,0.607153,0,0.560408,0.396903,0
6.93197,10.3333,8.08258,0.0030165,4.61379,0.191846,0.885135,FRENET,0.599855,0.560408,0.599855,0,0.560408,0.382167,0
6.93597,10.3333,8.08258,0.0030165,4.61379,0.191846,0.885135,FRENET,0.599855,0.560408,0.599855,0,0.560408,0.382167,0
6.93995,10.3795,8.08258,0.00455022,4.61474,0.101492,0.468359,FRENET,0.599855,0.560408,0.599855,0,0.560408,0.382167,0
6.94397,10.3795,8.08258,0.00455022,4.61474,0.101492,0.468359,FRENET,0.599855,0.560408,0.599855,0,0.560408,0.382167,0
6.94859,10.4256,8.08256,0.00512819,4.61564,0.0337822,0.155927,FRENET,0.599855,0.560408,0.599855,0,0.560408,0.382167,0
6.95197,10.4256,8.08256,0.00512819,4.61564,0.0337822,0.155927,FRENET,0.599855,0.560408,0.599855,0,0.560408,0.382167,0
6.95597,10.4256,8.08256,0.00512819,4.61564,0.0337822,0.155927,FRENET,0.599855,0.560408,0.599855,0,0.560408,0.382167,0
6.95996,10.4718,8.08253,0.00525546,4.6165,-0.0229874,-0.106121,FRENET,0.599855,0.560408,0.599855,0,0.560408,0.382167,0
6.96397,10.4718,8.08253,0.00525546,4.6165,-0.0229874,-0.106121,FRENET,0.599855,0.560408,0.599855,0,0.560408,0.382167,0
6.96859,10.518,8.08249,0.00472804,4.61732,-0.0638192,-0.294674,FRENET,0.599855,0.560408,0.599855,0,0.560408,0.382167,0
6.97197,10.518,8.08249,0.00472804,4.61732,-0.0638192,-0.294674,FRENET,0.599855,0.560408,0.599855,0,0.560408,0.382167,0
6.976,10.518,8.08249,0.00472804,4.61732,-0.0638192,-0.294674,FRENET,0.599855,0.560408,0.599855,0,0.560408,0.382167,0
6.97995,10.5641,8.08244,0.00399066,4.6181,-0.0991367,-0.457823,FRENET,0.606946,0.560408,0.606946,0,0.560408,0.388781,0
6.98397,10.5641,8.08244,0.00399066,4.6181,-0.0991367,-0.457823,FRENET,0.606946,0.560408,0.606946,0,0.560408,0.388781,0
6.98858,10.6103,8.08237,0.00279036,4.61884,-0.122896,-0.567637,FRENET,0.606946,0.560408,0.606946,0,0.560408,0.388781,0
6.99197,10.6103,8.08237,0.00279036,4.61884,-0.122896,-0.567637,FRENET,0.606946,0.560408,0.606946,0,0.560408,0.388781,0
6.99597,10.6103,8.08237,0.00279036,4.61884,-0.122896,-0.567637,FRENET,0.606946,0.560408,0.606946,0,0.560408,0.388781,0
6.99996,10.6565,8.08229,0.0015326,4.61955,-0.144671,-0.668313,FRENET,0.606946,0.560408,0.606946,0,0.560408,0.388781,0
7.00397,10.6565,8.08229,0.0015326,4.61955,-0.144671,-0.668313,FRENET,0.606946,0.560408,0.606946,0,0.560408,0.388781,0
7.00859,10.7027,8.08218,-6.74068e-05,4.62022,-0.157724,-0.72872,FRENET,0.606946,0.560408,0.606946,0,0.560408,0.388781,0
7.01197,10.7027,8.08218,-6.74068e-05,4.62022,-0.157724,-0.72872,FRENET,0.606946,0.560408,0.606946,0,0.560408,0.388781,0
7.01597,10.7027,8.08218,-6.74068e-05,4.62022,-0.157724,-0.72872,FRENET,0.606946,0.560408,0.606946,0,0.560408,0.388781,0
7.01995,10.7489,8.08205,-0.00162958,4.62087,-0.171069,-0.790487,FRENET,0.606946,0.560408,0.606946,0,0.560408,0.388781,0
7.02397,10.7489,8.08205,-0.00162958,4.62087,-0.171069,-0.790487,FRENET,0.606946,0.560408,0.606946,0,0.560408,0.388781,0
7.02859,10.7951,8.08187,-0.00345919,4.62148,-0.177514,-0.820375,FRENET,0.606946,0.560408,0.606946,0,0.560408,0.388781,0
7.03197,10.7951,8.08187,-0.00345919,4.62148,-0.177514,-0.820375,FRENET,0.610084,0.560408,0.610084,0,0.560408,0.385842,0
7.03598,10.7951,8.08187,-0.00345919,4.62148,-0.177514,-0.820375,FRENET,0.610084,0.560408,0.610084,0,0.560408,0.385842,0
7.03996,10.8413,8.08166,-0.00519238,4.62206,-0.185704,-0.858333,FRENET,0.610084,0.560408,0.610084,0,0.560408,0.385842,0
7.04397,10.8413,8.08166,-0.00519238,4.62206,-0.185704,-0.858333,FRENET,0.610084,0.560408,0.610084,0,0.560408,0.385842,0
7.0486,10.8876,8.0814,-0.0071475,4.62261,-0.188149,-0.869742,FRENET,0.610084,0.560408,0.610084,0,0.560408,0.385842,0
7.05197,10.8876,8.0814,-0.0071475,4.62261,-0.188149,-0.869742,FRENET,0.610084,0.560408,0.610084,0,0.560408,0.385842,0
7.05597,10.8876,8.0814,-0.0071475,4.62261,-0.188149,-0.869742,FRENET,0.610084,0.560408,0.610084,0,0.560408,0.385842,0
7.05996,10.9338,8.08111,-0.00897094,4.62314,-0.193258,-0.89346,FRENET,0.610084,0.560408,0.610084,0,0.560408,0.385842,0
7.06397,10.9338,8.08111,-0.00897094,4.62314,-0.193258,-0.89346,FRENET,0.610084,0.560408,0.610084,0,0.560408,0.385842,0
7.06859,10.98,8.08074,-0.0109893,4.62365,-0.193347,-0.893969,FRENET,0.610084,0.560408,0.610084,0,0.560408,0.385842,0
7.07197,10.98,8.08074,-0.0109893,4.62365,-0.193347,-0.893969,FRENET,0.610084,0.560408,0.610084,0,0.560408,0.385842,0
7.07597,10.98,8.08074,-0.0109893,4.62365,-0.193347,-0.893969,FRENET,0.610084,0.560408,0.610084,0,0.560408,0.385842,0
7.07995,11.0263,8.08036,-0.0125373,4.62413,-0.102804,-0.47538,FRENET,0.607192,0.557928,0.607192,0,0.557928,0.398641,0
7.08396,11.0263,8.08036,-0.0125373,4.62413,-0.102804,-0.47538,FRENET,0.607192,0.557928,0.607192,0,0.557928,0.398641,0
7.08859,11.0725,8.08001,-0.0131272,4.62454,-0.0349058,-0.161423,FRENET,0.607192,0.557928,0.607192,0,0.557928,0.398641,0
7.09196,11.0725,8.08001,-0.0131272,4.62454,-0.0349058,-0.161423,FRENET,0.607192,0.557928,0.607192,0,0.557928,0.398641,0
7.09596,11.0725,8.08001,-0.0131272,4.62454,-0.0349058,-0.161423,FRENET,0.607192,0.557928,0.607192,0,0.557928,0.398641,0
7.09996,11.1188,8.07966,-0.013265,4.62494,0.0220525,0.101992,FRENET,0.607192,0.557928,0.607192,0,0.557928,0.398641,0
7.10396,11.1188,8.07966,-0.013265,4.62494,0.0220525,0.101992,FRENET,0.607192,0.557928,0.607192,0,0.557928,0.398641,0
7.10858,11.165,8.07933,-0.0127458,4.62532,0.0630623,0.291683,FRENET,0.607192,0.557928,0.607192,0,0.557928,0.398641,0
7.11196,11.165,8.07933,-0.0127458,4.62532,0.0630623,0.291683,FRENET,0.607192,0.557928,0.607192,0,0.557928,0.398641,0
7.11597,11.165,8.07933,-0.0127458,4.62532,0.0630623,0.291683,FRENET,0.607192,0.557928,0.607192,0,0.557928,0.398641,0
7.11996,11.2113,8.079,-0.0120153,4.62568,0.098551,0.455865,FRENET,0.607192,0.557928,0.607192,0,0.557928,0.398641,0
7.12397,11.2113,8.079,-0.0120153,4.62568,0.098551,0.455865,FRENET,0.607192,0.557928,0.607192,0,0.557928,0.398641,0
7.12859,11.2575,8.0787,-0.0108203,4.62655,0.122429,0.566423,FRENET,0.607192,0.557928,0.607192,0,0.557928,0.398641,0
7.13196,11.2575,8.0787,-0.0108203,4.62655,0.122429,0.566423,FRENET,0.59299,0.557928,0.59299,0,0.557928,0.391603,0
7.13596,11.2575,8.0787,-0.0108203,4.62655,0.122429,0.566423,FRENET,0.59299,0.557928,0.59299,0,0.557928,0.391603,0
7.13995,11.3038,8.0784,-0.00956669,4.62737,0.1443,0.667732,FRENET,0.59299,0.557928,0.59299,0,0.557928,0.391603,0
7.14397,11.3038,8.0784,-0.00956669,4.62737,0.1443,0.667732,FRENET,0.59299,0.557928,0.59299,0,0.557928,0.391603,0
7.14859,11.3501,8.07814,-0.00796995,4.62816,0.157447,0.728692,FRENET,0.59299,0.557928,0.59299,0,0.557928,0.391603,0
7.15197,11.3501,8.07814,-0.00796995,4.62816,0.157447,0.728692,FRENET,0.59299,0.557928,0.59299,0,0.557928,0.391603,0
7.15596,11.3501,8.07814,-0.00796995,4.62816,0.157447,0.728692,FRENET,0.59299,0.557928,0.59299,0,0.557928,0.391603,0
7.15995,11.3963,8.07789,-0.00641013,4.62891,0.170865,0.790918,FRENET,0.59299,0.557928,0.59299,0,0.557928,0.391603,0
7.16396,11.3963,8.07789,-0.00641013,4.62891,0.170865,0.790918,FRENET,0.59299,0.557928,0.59299,0,0.557928,0.391603,0
7.16859,11.4426,8.0777,-0.00458224,4.62963,0.17738,0.821204,FRENET,0.59299,0.557928,0.59299,0,0.557928,0.391603,0
7.17196,11.4426,8.0777,-0.00458224,4.62963,0.17738,0.821204,FRENET,0.59299,0.557928,0.59299,0,0.557928,0.391603,0
7.17596,11.4426,8.0777,-0.00458224,4.62963,0.17738,0.821204,FRENET,0.59299,0.557928,0.59299,0,0.557928,0.391603,0
7.17995,11.4889,8.07753,-0.00285008,4.63031,0.185621,0.859484,FRENET,0.606309,0.557928,0.606309,0,0.557928,0.405776,0
7.18397,11.4889,8.07753,-0.00285008,4.63031,0.185621,0.859484,FRENET,0.606309,0.557928,0.606309,0,0.557928,0.405776,0
7.18859,11.5352,8.07741,-0.000895557,4.63096,0.188119,0.871171,FRENET,0.606309,0.557928,0.606309,0,0.557928,0.405776,0
7.19197,11.5352,8.07741,-0.000895557,4.63096,0.188119,0.871171,FRENET,0.606309,0.557928,0.606309,0,0.557928,0.405776,0
7.19596,11.5352,8.07741,-0.000895557,4.63096,0.188119,0.871171,FRENET,0.606309,0.557928,0.606309,0,0.557928,0.405776,0
7.19995,11.5816,8.07731,0.000609869,4.63158,0.0994412,0.46057,FRENET,0.606309,0.557928,0.606309,0,0.557928,0.405776,0
7.20396,11.5816,8.07731,0.000609869,4.63158,0.0994412,0.46057,FRENET,0.606309,0.557928,0.606309,0,0.557928,0.405776,0
7.20858,11.6279,8.07717,0.00117346,4.63217,0.0329075,0.152433,FRENET,0.606309,0.557928,0.606309,0,0.557928,0.405776,0
7.21196,11.6279,8.07717,0.00117346,4.63217,0.0329075,0.152433,FRENET,0.606309,0.557928,0.606309,0,0.557928,0.405776,0
7.21596,11.6279,8.07717,0.00117346,4.63217,0.0329075,0.152433,FRENET,0.606309,0.557928,0.606309,0,0.557928,0.405776,0
7.21995,11.6742,8.07703,0.00129641,4.63273,-0.0230534,-0.1068,FRENET,0.606309,0.557928,0.606309,0,0.557928,0.405776,0
7.22399,11.6742,8.07703,0.00129641,4.63273,-0.0230534,-0.1068,FRENET,0.606309,0.557928,0.606309,0,0.557928,0.405776,0
7.22862,11.7205,8.07685,0.000771031,4.63327,-0.0633638,-0.293581,FRENET,0.606309,0.557928,0.606309,0,0.557928,0.405776,0
7.23199,11.7205,8.07685,0.000771031,4.63327,-0.0633638,-0.293581,FRENET,0.612314,0.557928,0.612314,0,0.557928,0.420033,0
7.23599,11.7205,8.07685,0.000771031,4.63327,-0.0633638,-0.293581,FRENET,0.612314,0.557928,0.612314,0,0.557928,0.420033,0
7.23999,11.7669,8.07668,4.00545e-05,4.63377,-0.0983601,-0.455778,FRENET,0.612314,0.557928,0.612314,0,0.557928,0.420033,0
7.24399,11.7669,8.07668,4.00545e-05,4.63377,-0.0983601,-0.455778,FRENET,0.612314,0.557928,0.612314,0,0.557928,0.420033,0
7.2486,11.8132,8.07646,-0.00115164,4.63426,-0.121956,-0.565176,FRENET,0.612314,0.557928,0.612314,0,0.557928,0.420033,0
7.25199,11.8132,8.07646,-0.00115164,4.63426,-0.121956,-0.565176,FRENET,0.612314,0.557928,0.612314,0,0.557928,0.420033,0
7.25598,11.8132,8.07646,-0.00115164,4.63426,-0.121956,-0.565176,FRENET,0.612314,0.557928,0.612314,0,0.557928,0.420033,0
7.25997,11.8596,8.07624,-0.00239953,4.63472,-0.143667,-0.665858,FRENET,0.612314,0.557928,0.612314,0,0.557928,0.420033,0
7.26399,11.8596,8.07624,-0.00239953,4.63472,-0.143667,-0.665858,FRENET,0.612314,0.557928,0.612314,0,0.557928,0.420033,0
7.2686,11.9059,8.07598,-0.00398962,4.63516,-0.156739,-0.726509,FRENET,0.612314,0.557928,0.612314,0,0.557928,0.420033,0
7.27199,11.9059,8.07598,-0.00398962,4.63516,-0.156739,-0.726509,FRENET,0.612314,0.557928,0.612314,0,0.557928,0.420033,0
7.27598,11.9059,8.07598,-0.00398962,4.63516,-0.156739,-0.726509,FRENET,0.612314,0.557928,0.612314,0,0.557928,0.420033,0
7.27998,11.9523,8.0757,-0.00554213,4.63558,-0.170144,-0.788715,FRENET,0.610989,0.556252,0.610989,0,0.556252,0.393034,0
7.28398,11.9523,8.0757,-0.00554213,4.63558,-0.170144,-0.788715,FRENET,0.610989,0.556252,0.610989,0,0.556252,0.393034,0
7.28861,11.9986,8.07537,-0.00736183,4.63685,-0.176517,-0.818484,FRENET,0.610989,0.556252,0.610989,0,0.556252,0.393034,0
7.29198,11.9986,8.07537,-0.00736183,4.63685,-0.176517,-0.818484,FRENET,0.610989,0.556252,0.610989,0,0.556252,0.393034,0
7.29599,11.9986,8.07537,-0.00736183,4.63685,-0.176517,-0.818484,FRENET,0.610989,0.556252,0.610989,0,0.556252,0.393034,0
7.29997,12.045,8.07501,-0.00908503,4.63807,-0.184659,-0.85646,FRENET,0.610989,0.556252,0.610989,0,0.556252,0.393034,0
7.30398,12.045,8.07501,-0.00908503,4.63807,-0.184659,-0.85646,FRENET,0.610989,0.556252,0.610989,0,0.556252,0.393034,0
7.3086,12.0914,8.07459,-0.0110295,4.63923,-0.187122,-0.868103,FRENET,0.610989,0.556252,0.610989,0,0.556252,0.393034,0
7.31205,12.0914,8.07459,-0.0110295,4.63923,-0.187122,-0.868103,FRENET,0.610989,0.556252,0.610989,0,0.556252,0.393034,0
7.31605,12.0914,8.07459,-0.0110295,4.63923,-0.187122,-0.868103,FRENET,0.610989,0.556252,0.610989,0,0.556252,0.393034,0
7.32002,12.1378,8.07413,-0.012843,4.64033,-0.192247,-0.892091,FRENET,0.610989,0.556252,0.610989,0,0.556252,0.393034,0
7.32405,12.1378,8.07413,-0.012843,4.64033,-0.192247,-0.892091,FRENET,0.610989,0.556252,0.610989,0,0.556252,0.393034,0
7.32868,12.1842,8.0736,-0.0148514,4.64138,-0.1924,-0.893,FRENET,0.610989,0.556252,0.610989,0,0.556252,0.393034,0
7.33206,12.1842,8.0736,-0.0148514,4.64138,-0.1924,-0.893,FRENET,0.618734,0.556252,0.618734,0.0146249,0.556252,0.331569,0
7.33606,12.1842,8.0736,-0.0148514,4.64138,-0.1924,-0.893,FRENET,0.618734,0.556252,0.618734,0.0146249,0.556252,0.331569,0
7.34004,12.2306,8.07304,-0.0165497,4.64238,-0.14893,-0.691387,FRENET,0.618734,0.556252,0.618734,0.0146249,0.556252,0.331569,0
7.34406,12.2306,8.07304,-0.0165497,4.64238,-0.14893,-0.691387,FRENET,0.618734,0.556252,0.618734,0.0146249,0.556252,0.331569,0
7.34864,12.277,8.07247,-0.017701,4.64394,-0.0676294,-0.314067,FRENET,0.618734,0.556252,0.618734,0.0146249,0.556252,0.331569,0
7.35202,12.277,8.07247,-0.017701,4.64394,-0.0676294,-0.314067,FRENET,0.618734,0.556252,0.618734,0.0146249,0.556252,0.331569,0
7.35602,12.277,8.07247,-0.017701,4.64394,-0.0676294,-0.314067,FRENET,0.618734,0.556252,0.618734,0.0146249,0.556252,0.331569,0
7.36001,12.3235,8.07193,-0.0179777,4.64543,-0.00705804,-0.0327876,FRENET,0.618734,0.556252,0.618734,0.0146249,0.556252,0.331569,0
7.36402,12.3235,8.07193,-0.0179777,4.64543,-0.00705804,-0.0327876,FRENET,0.618734,0.556252,0.618734,0.0146249,0.556252,0.331569,0
7.36863,12.3699,8.07137,-0.017867,4.64685,0.0440256,0.20458,FRENET,0.618734,0.556252,0.618734,0.0146249,0.556252,0.331569,0
7.37202,12.3699,8.07137,-0.017867,4.64685,0.0440256,0.20458,FRENET,0.618734,0.556252,0.618734,0.0146249,0.556252,0.331569,0
7.37602,12.3699,8.07137,-0.017867,4.64685,0.0440256,0.20458,FRENET,0.618734,0.556252,0.618734,0.0146249,0.556252,0.331569,0
7.38002,12.4164,8.07084,-0.0171526,4.6482,0.0803967,0.3737,FRENET,0.615202,0.556252,0.615202,0.0337266,0.556252,0.327589,0
7.38402,12.4164,8.07084,-0.0171526,4.6482,0.0803967,0.3737,FRENET,0.615202,0.556252,0.615202,0.0337266,0.556252,0.327589,0
7.38864,12.4629,8.07031,-0.0162677,4.64949,0.112157,0.521473,FRENET,0.615202,0.556252,0.615202,0.0337266,0.556252,0.327589,0
7.39202,12.4629,8.07031,-0.0162677,4.64949,0.112157,0.521473,FRENET,0.615202,0.556252,0.615202,0.0337266,0.556252,0.327589,0
7.39602,12.4629,8.07031,-0.0162677,4.64949,0.112157,0.521473,FRENET,0.615202,0.556252,0.615202,0.0337266,0.556252,0.327589,0
7.4,12.5094,8.0698,-0.0149518,4.65071,0.133147,0.61923,FRENET,0.615202,0.556252,0.615202,0.0337266,0.556252,0.327589,0
7.40402,12.5094,8.0698,-0.0149518,4.65071,0.133147,0.61923,FRENET,0.615202,0.556252,0.615202,0.0337266,0.556252,0.327589,0
7.40864,12.5559,8.06931,-0.0136029,4.65188,0.152708,0.710382,FRENET,0.615202,0.556252,0.615202,0.0337266,0.556252,0.327589,0
7.41202,12.5559,8.06931,-0.0136029,4.65188,0.152708,0.710382,FRENET,0.615202,0.556252,0.615202,0.0337266,0.556252,0.327589,0
7.41602,12.5559,8.06931,-0.0136029,4.65188,0.152708,0.710382,FRENET,0.615202,0.556252,0.615202,0.0337266,0.556252,0.327589,0
7.42001,12.6024,8.06885,-0.0119315,4.65299,0.164059,0.763365,FRENET,0.615202,0.556252,0.615202,0.0337266,0.556252,0.327589,0
7.42402,12.6024,8.06885,-0.0119315,4.65299,0.164059,0.763365,FRENET,0.615202,0.556252,0.615202,0.0337266,0.556252,0.327589,0
7.42862,12.6489,8.06841,-0.010313,4.65405,0.176037,0.819284,FRENET,0.615202,0.556252,0.615202,0.0337266,0.556252,0.327589,0
7.432,12.6489,8.06841,-0.010313,4.65405,0.176037,0.819284,FRENET,0.615951,0.556252,0.615951,0,0.556252,0.393439,0
7.43601,12.6489,8.06841,-0.010313,4.65405,0.176037,0.819284,FRENET,0.615951,0.556252,0.615951,0,0.556252,0.393439,0
7.44,12.6955,8.06801,-0.0084392,4.65506,0.181449,0.844655,FRENET,0.615951,0.556252,0.615951,0,0.556252,0.393439,0
7.44401,12.6955,8.06801,-0.0084392,4.65506,0.181449,0.844655,FRENET,0.615951,0.556252,0.615951,0,0.556252,0.393439,0
7.44863,12.742,8.06762,-0.00698843,4.65602,0.0950832,0.44271,FRENET,0.615951,0.556252,0.615951,0,0.556252,0.393439,0
7.45202,12.742,8.06762,-0.00698843,4.65602,0.0950832,0.44271,FRENET,0.615951,0.556252,0.615951,0,0.556252,0.393439,0
7.45602,12.742,8.06762,-0.00698843,4.65602,0.0950832,0.44271,FRENET,0.615951,0.556252,0.615951,0,0.556252,0.393439,0
7.46,12.7886,8.06719,-0.00645964,4.65694,0.0301866,0.140577,FRENET,0.615951,0.556252,0.615951,0,0.556252,0.393439,0
7.46401,12.7886,8.06719,-0.00645964,4.65694,0.0301866,0.140577,FRENET,0.615951,0.556252,0.615951,0,0.556252,0.393439,0
7.46863,12.8352,8.06674,-0.00635777,4.65781,-0.0245926,-0.114547,FRENET,0.615951,0.556252,0.615951,0,0.556252,0.393439,0
7.47202,12.8352,8.06674,-0.00635777,4.65781,-0.0245926,-0.114547,FRENET,0.615951,0.556252,0.615951,0,0.556252,0.393439,0
7.47602,12.8352,8.06674,-0.00635777,4.65781,-0.0245926,-0.114547,FRENET,0.615951,0.556252,0.615951,0,0.556252,0.393439,0
7.48,12.8818,8.06626,-0.0068942,4.65864,-0.0641108,-0.298669,FRENET,0.616175,0.553566,0.616175,0,0.553566,0.394431,0
7.48401,12.8818,8.06626,-0.0068942,4.65864,-0.0641108,-0.298669,FRENET,0.616175,0.553566,0.616175,0,0.553566,0.394431,0
7.48863,12.9283,8.06577,-0.00762989,4.65909,-0.0985957,-0.459366,FRENET,0.616175,0.553566,0.616175,0,0.553566,0.394431,0
7.49202,12.9283,8.06577,-0.00762989,4.65909,-0.0985957,-0.459366,FRENET,0.616175,0.553566,0.616175,0,0.553566,0.394431,0
7.49601,12.9283,8.06577,-0.00762989,4.65909,-0.0985957,-0.459366,FRENET,0.616175,0.553566,0.616175,0,0.553566,0.394431,0
7.5,12.9749,8.06524,-0.00882231,4.65951,-0.121889,-0.567945,FRENET,0.616175,0.553566,0.616175,0,0.553566,0.394431,0
7.50401,12.9749,8.06524,-0.00882231,4.65951,-0.121889,-0.567945,FRENET,0.616175,0.553566,0.616175,0,0.553566,0.394431,0
7.50859,13.0215,8.0647,-0.0100685,4.65992,-0.143414,-0.668297,FRENET,0.616175,0.553566,0.616175,0,0.553566,0.394431,0
7.51201,13.0215,8.0647,-0.0100685,4.65992,-0.143414,-0.668297,FRENET,0.616175,0.553566,0.616175,0,0.553566,0.394431,0
7.51601,13.0215,8.0647,-0.0100685,4.65992,-0.143414,-0.668297,FRENET,0.616175,0.553566,0.616175,0,0.553566,0.394431,0
7.52,13.0681,8.06411,-0.011655,4.66082,-0.156332,-0.728636,FRENET,0.616175,0.553566,0.616175,0,0.553566,0.394431,0
7.52401,13.0681,8.06411,-0.011655,4.66082,-0.156332,-0.728636,FRENET,0.616175,0.553566,0.616175,0,0.553566,0.394431,0
7.52864,13.1147,8.06351,-0.0130442,4.66169,-0.12275,-0.572221,FRENET,0.616175,0.553566,0.616175,0,0.553566,0.394431,0
7.53202,13.1147,8.06351,-0.0130442,4.66169,-0.12275,-0.572221,FRENET,0.618692,0.553566,0.618692,0,0.553566,0.4144,0
7.53601,13.1147,8.06351,-0.0130442,4.66169,-0.12275,-0.572221,FRENET,0.618692,0.553566,0.618692,0,0.553566,0.4144,0
7.54001,13.1613,8.0629,-0.0142912,4.66251,-0.142779,-0.665707,FRENET,0.618692,0.553566,0.618692,0,0.553566,0.4144,0
7.54402,13.1613,8.0629,-0.0142912,4.66251,-0.142779,-0.665707,FRENET,0.618692,0.553566,0.618692,0,0.553566,0.4144,0
7.54863,13.208,8.06223,-0.0158664,4.66329,-0.154755,-0.721667,FRENET,0.618692,0.553566,0.618692,0,0.553566,0.4144,0
7.55201,13.208,8.06223,-0.0158664,4.66329,-0.154755,-0.721667,FRENET,0.618692,0.553566,0.618692,0,0.553566,0.4144,0
7.55599,13.208,8.06223,-0.0158664,4.66329,-0.154755,-0.721667,FRENET,0.618692,0.553566,0.618692,0,0.553566,0.4144,0
7.56,13.2546,8.06155,-0.0170775,4.66404,-0.0736297,-0.343412,FRENET,0.618692,0.553566,0.618692,0,0.553566,0.4144,0
7.56402,13.2546,8.06155,-0.0170775,4.66404,-0.0736297,-0.343412,FRENET,0.618692,0.553566,0.618692,0,0.553566,0.4144,0
7.56863,13.3012,8.06091,-0.0174136,4.66475,-0.0129679,-0.0604921,FRENET,0.618692,0.553566,0.618692,0,0.553566,0.4144,0
7.57202,13.3012,8.06091,-0.0174136,4.66475,-0.0129679,-0.0604921,FRENET,0.618692,0.553566,0.618692,0,0.553566,0.4144,0
7.57601,13.3012,8.06091,-0.0174136,4.66475,-0.0129679,-0.0604921,FRENET,0.618692,0.553566,0.618692,0,0.553566,0.4144,0
7.58,13.3479,8.06027,-0.0173611,4.66543,0.0383925,0.179117,FRENET,0.615723,0.553566,0.615723,0,0.553566,0.401285,0
7.58401,13.3479,8.06027,-0.0173611,4.66543,0.0383925,0.179117,FRENET,0.615723,0.553566,0.615723,0,0.553566,0.401285,0
7.58864,13.3945,8.05967,-0.0167008,4.66607,0.0751596,0.3507,FRENET,0.615723,0.553566,0.615723,0,0.553566,0.401285,0
7.59201,13.3945,8.05967,-0.0167008,4.66607,0.0751596,0.3507,FRENET,0.615723,0.553566,0.615723,0,0.553566,0.401285,0
7.59602,13.3945,8.05967,-0.0167008,4.66607,0.0751596,0.3507,FRENET,0.615723,0.553566,0.615723,0,0.553566,0.401285,0
7.6,13.4412,8.05907,-0.0158663,4.66668,0.107389,0.501149,FRENET,0.615723,0.553566,0.615723,0,0.553566,0.401285,0
7.60401,13.4412,8.05907,-0.0158663,4.66668,0.107389,0.501149,FRENET,0.615723,0.553566,0.615723,0,0.553566,0.401285,0
7.60864,13.4879,8.05851,-0.0145953,4.66727,0.128881,0.601523,FRENET,0.615723,0.553566,0.615723,0,0.553566,0.401285,0
7.61202,13.4879,8.05851,-0.0145953,4.66727,0.128881,0.601523,FRENET,0.615723,0.553566,0.615723,0,0.553566,0.401285,0
7.61601,13.4879,8.05851,-0.0145953,4.66727,0.128881,0.601523,FRENET,0.615723,0.553566,0.615723,0,0.553566,0.401285,0
7.62,13.5345,8.05797,-0.0132867,4.66782,0.148953,0.695288,FRENET,0.615723,0.553566,0.615723,0,0.553566,0.401285,0
7.624,13.5345,8.05797,-0.0132867,4.66782,0.148953,0.695288,FRENET,0.615723,0.553566,0.615723,0,0.553566,0.401285,0
7.62863,13.5812,8.05747,-0.0116502,4.66836,0.160803,0.750686,FRENET,0.615723,0.553566,0.615723,0,0.553566,0.401285,0
7.63203,13.5812,8.05747,-0.0116502,4.66836,0.160803,0.750686,FRENET,0.617598,0.553566,0.617598,0,0.553566,0.390689,0
7.63601,13.5812,8.05747,-0.0116502,4.66836,0.160803,0.750686,FRENET,0.617598,0.553566,0.617598,0,0.553566,0.390689,0
7.64001,13.6279,8.05699,-0.010062,4.66886,0.173256,0.808909,FRENET,0.617598,0.553566,0.617598,0,0.553566,0.390689,0
7.64401,13.6279,8.05699,-0.010062,4.66886,0.173256,0.808909,FRENET,0.617598,0.553566,0.617598,0,0.553566,0.390689,0
7.64863,13.6746,8.05657,-0.00821358,4.66934,0.179111,0.836329,FRENET,0.617598,0.553566,0.617598,0,0.553566,0.390689,0
7.65201,13.6746,8.05657,-0.00821358,4.66934,0.179111,0.836329,FRENET,0.617598,0.553566,0.617598,0,0.553566,0.390689,0
7.65602,13.6746,8.05657,-0.00821358,4.66934,0.179111,0.836329,FRENET,0.617598,0.553566,0.617598,0,0.553566,0.390689,0
7.66001,13.7213,8.05617,-0.00662591,4.6698,0.139898,0.653294,FRENET,0.617598,0.553566,0.617598,0,0.553566,0.390689,0
7.66401,13.7213,8.05617,-0.00662591,4.6698,0.139898,0.653294,FRENET,0.617598,0.553566,0.617598,0,0.553566,0.390689,0
7.66863,13.768,8.05576,-0.00554843,4.67024,0.0616497,0.287918,FRENET,0.617598,0.553566,0.617598,0,0.553566,0.390689,0
7.672,13.768,8.05576,-0.00554843,4.67024,0.0616497,0.287918,FRENET,0.617598,0.553566,0.617598,0,0.553566,0.390689,0
7.67603,13.768,8.05576,-0.00554843,4.67024,0.0616497,0.287918,FRENET,0.617598,0.553566,0.617598,0,0.553566,0.390689,0
7.68,13.8147,8.05532,-0.00532016,4.67065,0.00331761,0.0154954,FRENET,0.625215,0.549419,0.625215,0,0.549419,0.38993,0
7.68401,13.8147,8.05532,-0.00532016,4.67065,0.00331761,0.0154954,FRENET,0.625215,0.549419,0.625215,0,0.549419,0.38993,0
7.68863,13.8614,8.05488,-0.00545936,4.67099,-0.0461699,-0.215659,FRENET,0.625215,0.549419,0.625215,0,0.549419,0.38993,0
7.69202,13.8614,8.05488,-0.00545936,4.67099,-0.0461699,-0.215659,FRENET,0.625215,0.549419,0.625215,0,0.549419,0.38993,0
7.69601,13.8614,8.05488,-0.00545936,4.67099,-0.0461699,-0.215659,FRENET,0.625215,0.549419,0.625215,0,0.549419,0.38993,0
7.7,13.9081,8.0544,-0.00618967,4.6713,-0.0814258,-0.380364,FRENET,0.625215,0.549419,0.625215,0,0.549419,0.38993,0
7.70401,13.9081,8.0544,-0.00618967,4.6713,-0.0814258,-0.380364,FRENET,0.625215,0.549419,0.625215,0,0.549419,0.38993,0
7.70863,13.9548,8.05392,-0.00708048,4.67161,-0.112444,-0.525292,FRENET,0.625215,0.549419,0.625215,0,0.549419,0.38993,0
7.71202,13.9548,8.05392,-0.00708048,4.67161,-0.112444,-0.525292,FRENET,0.625215,0.549419,0.625215,0,0.549419,0.38993,0
7.71602,13.9548,8.05392,-0.00708048,4.67161,-0.112444,-0.525292,FRENET,0.625215,0.549419,0.625215,0,0.549419,0.38993,0
7.72001,14.0015,8.0534,-0.00839705,4.67189,-0.132962,-0.621186,FRENET,0.625215,0.549419,0.625215,0,0.549419,0.38993,0
7.72401,14.0015,8.0534,-0.00839705,4.67189,-0.132962,-0.621186,FRENET,0.625215,0.549419,0.625215,0,0.549419,0.38993,0
7.72863,14.0482,8.05288,-0.00958315,4.67253,-0.105264,-0.491848,FRENET,0.625215,0.549419,0.625215,0,0.549419,0.38993,0
7.73201,14.0482,8.05288,-0.00958315,4.67253,-0.105264,-0.491848,FRENET,0.623835,0.549419,0.623835,0,0.549419,0.394375,0
7.73601,14.0482,8.05288,-0.00958315,4.67253,-0.105264,-0.491848,FRENET,0.623835,0.549419,0.623835,0,0.549419,0.394375,0
7.74,14.095,8.05237,-0.0103613,4.67314,-0.0360503,-0.168468,FRENET,0.623835,0.549419,0.623835,0,0.549419,0.394375,0
7.74402,14.095,8.05237,-0.0103613,4.67314,-0.0360503,-0.168468,FRENET,0.623835,0.549419,0.623835,0,0.549419,0.394375,0
7.74862,14.1417,8.05193,-0.0103702,4.67372,0.0152708,0.0713714,FRENET,0.623835,0.549419,0.623835,0,0.549419,0.394375,0
7.75201,14.1417,8.05193,-0.0103702,4.67372,0.0152708,0.0713714,FRENET,0.623835,0.549419,0.623835,0,0.549419,0.394375,0
7.75602,14.1417,8.05193,-0.0103702,4.67372,0.0152708,0.0713714,FRENET,0.623835,0.549419,0.623835,0,0.549419,0.394375,0
7.76,14.1884,8.05149,-0.0102324,4.67427,0.0123803,0.0578689,FRENET,0.623835,0.549419,0.623835,0,0.549419,0.394375,0
7.76402,14.1884,8.05149,-0.0102324,4.67427,0.0123803,0.0578689,FRENET,0.623835,0.549419,0.623835,0,0.549419,0.394375,0
7.76864,14.2352,8.05105,-0.0099617,4.67479,0.0569804,0.266372,FRENET,0.623835,0.549419,0.623835,0,0.549419,0.394375,0
7.77201,14.2352,8.05105,-0.0099617,4.67479,0.0569804,0.266372,FRENET,0.623835,0.549419,0.623835,0,0.549419,0.394375,0
7.77602,14.2352,8.05105,-0.0099617,4.67479,0.0569804,0.266372,FRENET,0.623835,0.549419,0.623835,0,0.549419,0.394375,0
7.78,14.2819,8.05067,-0.00914275,4.67529,0.0885302,0.413905,FRENET,0.629733,0.549419,0.629733,0,0.549419,0.394031,0
7.78402,14.2819,8.05067,-0.00914275,4.67529,0.0885302,0.413905,FRENET,0.629733,0.549419,0.629733,0,0.549419,0.394031,0
7.78859,14.3287,8.05031,-0.00819547,4.67577,0.116756,0.545923,FRENET,0.629733,0.549419,0.629733,0,0.549419,0.394031,0
7.79202,14.3287,8.05031,-0.00819547,4.67577,0.116756,0.545923,FRENET,0.629733,0.549419,0.629733,0,0.549419,0.394031,0
7.79602,14.3287,8.05031,-0.00819547,4.67577,0.116756,0.545923,FRENET,0.629733,0.549419,0.629733,0,0.549419,0.394031,0
7.8,14.3754,8.05,-0.0068467,4.67622,0.13521,0.632272,FRENET,0.629733,0.549419,0.629733,0,0.549419,0.394031,0
7.80401,14.3754,8.05,-0.0068467,4.67622,0.13521,0.632272,FRENET,0.629733,0.549419,0.629733,0,0.549419,0.394031,0
7.80863,14.4222,8.04969,-0.00580521,4.67666,0.0590295,0.276061,FRENET,0.629733,0.549419,0.629733,0,0.549419,0.394031,0
7.81202,14.4222,8.04969,-0.00580521,4.67666,0.0590295,0.276061,FRENET,0.629733,0.549419,0.629733,0,0.549419,0.394031,0
7.81601,14.4222,8.04969,-0.00580521,4.67666,0.0590295,0.276061,FRENET,0.629733,0.549419,0.629733,0,0.549419,0.394031,0
7.82,14.469,8.04933,-0.00559525,4.67707,0.00219643,0.0102728,FRENET,0.629733,0.549419,0.629733,0,0.549419,0.394031,0
7.82402,14.469,8.04933,-0.00559525,4.67707,0.00219643,0.0102728,FRENET,0.629733,0.549419,0.629733,0,0.549419,0.394031,0
7.82863,14.5158,8.04896,-0.00573998,4.67746,-0.0462144,-0.216166,FRENET,0.629733,0.549419,0.629733,0,0.549419,0.394031,0
7.83201,14.5158,8.04896,-0.00573998,4.67746,-0.0462144,-0.216166,FRENET,0.639286,0.549419,0.639286,0,0.549419,0.368255,0
7.83601,14.5158,8.04896,-0.00573998,4.67746,-0.0462144,-0.216166,FRENET,0.639286,0.549419,0.639286,0,0.549419,0.368255,0
7.84,14.5625,8.04855,-0.00646678,4.67783,-0.0807324,-0.377653,FRENET,0.639286,0.549419,0.639286,0,0.549419,0.368255,0
7.84401,14.5625,8.04855,-0.00646678,4.67783,-0.0807324,-0.377653,FRENET,0.639286,0.549419,0.639286,0,0.549419,0.368255,0
7.84862,14.6093,8.04812,-0.00734803,4.67819,-0.111257,-0.52048,FRENET,0.639286,0.549419,0.639286,0,0.549419,0.368255,0
7.85202,14.6093,8.04812,-0.00734803,4.67819,-0.111257,-0.52048,FRENET,0.639286,0.549419,0.639286,0,0.549419,0.368255,0
7.85602,14.6093,8.04812,-0.00734803,4.67819,-0.111257,-0.52048,FRENET,0.639286,0.549419,0.639286,0,0.549419,0.368255,0
7.86,14.6561,8.04765,-0.00865108,4.67853,-0.131477,-0.615118,FRENET,0.639286,0.549419,0.639286,0,0.549419,0.368255,0
7.86402,14.6561,8.04765,-0.00865108,4.67853,-0.131477,-0.615118,FRENET,0.639286,0.549419,0.639286,0,0.549419,0.368255,0
7.86859,14.7029,8.04715,-0.0099806,4.67885,-0.150606,-0.704663,FRENET,0.639286,0.549419,0.639286,0,0.549419,0.368255,0
7.87201,14.7029,8.04715,-0.0099806,4.67885,-0.150606,-0.704663,FRENET,0.639286,0.549419,0.639286,0,0.549419,0.368255,0
7.87603,14.7029,8.04715,-0.0099806,4.67885,-0.150606,-0.704663,FRENET,0.639286,0.549419,0.639286,0,0.549419,0.368255,0
7.88003,14.7497,8.04661,-0.0116301,4.67916,-0.161774,-0.756967,FRENET,0.639866,0.544147,0.639866,0,0.544147,0.398016,0
7.88402,14.7497,8.04661,-0.0116301,4.67916,-0.161774,-0.756967,FRENET,0.639866,0.544147,0.639866,0,0.544147,0.398016,0
7.88863,14.7964,8.04604,-0.0132254,4.67942,-0.173746,-0.813031,FRENET,0.639866,0.544147,0.639866,0,0.544147,0.398016,0
7.89204,14.7964,8.04604,-0.0132254,4.67942,-0.173746,-0.813031,FRENET,0.639866,0.544147,0.639866,0,0.544147,0.398016,0
7.896,14.7964,8.04604,-0.0132254,4.67942,-0.173746,-0.813031,FRENET,0.639866,0.544147,0.639866,0,0.544147,0.398016,0
7.90002,14.8432,8.04541,-0.015077,4.67967,-0.179272,-0.838933,FRENET,0.639866,0.544147,0.639866,0,0.544147,0.398016,0
7.90404,14.8432,8.04541,-0.015077,4.67967,-0.179272,-0.838933,FRENET,0.639866,0.544147,0.639866,0,0.544147,0.398016,0
7.9086,14.89,8.04478,-0.0165055,4.67991,-0.0927631,-0.434123,FRENET,0.639866,0.544147,0.639866,0,0.544147,0.398016,0
7.91204,14.89,8.04478,-0.0165055,4.67991,-0.0927631,-0.434123,FRENET,0.639866,0.544147,0.639866,0,0.544147,0.398016,0
7.91603,14.89,8.04478,-0.0165055,4.67991,-0.0927631,-0.434123,FRENET,0.639866,0.544147,0.639866,0,0.544147,0.398016,0
7.91998,14.9368,8.04417,-0.0170104,4.68014,-0.0277717,-0.129975,FRENET,0.639866,0.544147,0.639866,0,0.544147,0.398016,0
7.92403,14.9368,8.04417,-0.0170104,4.68014,-0.0277717,-0.129975,FRENET,0.639866,0.544147,0.639866,0,0.544147,0.398016,0
7.9286,14.9836,8.04358,-0.017088,4.68036,0.0270592,0.126647,FRENET,0.639866,0.544147,0.639866,0,0.544147,0.398016,0
7.93204,14.9836,8.04358,-0.017088,4.68036,0.0270592,0.126647,FRENET,0.646745,0.544147,0.646745,0,0.544147,0.384631,0
7.93604,14.9836,8.04358,-0.017088,4.68036,0.0270592,0.126647,FRENET,0.646745,0.544147,0.646745,0,0.544147,0.384631,0
7.93998,15.0304,8.04301,-0.0165266,4.68056,0.0666027,0.311738,FRENET,0.646745,0.544147,0.646745,0,0.544147,0.384631,0
7.94403,15.0304,8.04301,-0.0165266,4.68056,0.0666027,0.311738,FRENET,0.646745,0.544147,0.646745,0,0.544147,0.384631,0
7.9486,15.0772,8.04245,-0.0157663,4.68101,0.101017,0.472859,FRENET,0.646745,0.544147,0.646745,0,0.544147,0.384631,0
7.95203,15.0772,8.04245,-0.0157663,4.68101,0.101017,0.472859,FRENET,0.646745,0.544147,0.646745,0,0.544147,0.384631,0
7.95604,15.0772,8.04245,-0.0157663,4.68101,0.101017,0.472859,FRENET,0.646745,0.544147,0.646745,0,0.544147,0.384631,0
7.96002,15.124,8.04192,-0.01455,4.68144,0.124247,0.581655,FRENET,0.646745,0.544147,0.646745,0,0.544147,0.384631,0
7.96399,15.124,8.04192,-0.01455,4.68144,0.124247,0.581655,FRENET,0.646745,0.544147,0.646745,0,0.544147,0.384631,0
7.96863,15.1709,8.0414,-0.0132807,4.68184,0.145681,0.682057,FRENET,0.646745,0.544147,0.646745,0,0.544147,0.384631,0
7.97204,15.1709,8.0414,-0.0132807,4.68184,0.145681,0.682057,FRENET,0.646745,0.544147,0.646745,0,0.544147,0.384631,0
7.97602,15.1709,8.0414,-0.0132807,4.68184,0.145681,0.682057,FRENET,0.646745,0.544147,0.646745,0,0.544147,0.384631,0
7.98001,15.2177,8.04092,-0.0116712,4.68223,0.158605,0.742622,FRENET,0.636488,0.544147,0.636488,0.163433,0.544147,0.310405,0
7.98402,15.2177,8.04092,-0.0116712,4.68223,0.158605,0.742622,FRENET,0.636488,0.544147,0.636488,0.163433,0.544147,0.310405,0
7.98864,15.2645,8.04047,-0.0101008,4.68259,0.171884,0.804863,FRENET,0.636488,0.544147,0.636488,0.163433,0.544147,0.310405,0
7.99203,15.2645,8.04047,-0.0101008,4.68259,0.171884,0.804863,FRENET,0.636488,0.544147,0.636488,0.163433,0.544147,0.310405,0
7.99603,15.2645,8.04047,-0.0101008,4.68259,0.171884,0.804863,FRENET,0.636488,0.544147,0.636488,0.163433,0.544147,0.310405,0
8.00001,15.3113,8.04006,-0.00826269,4.68294,0.178382,0.835352,FRENET,0.636488,0.544147,0.636488,0.163433,0.544147,0.310405,0
8.00403,15.3113,8.04006,-0.00826269,4.68294,0.178382,0.835352,FRENET,0.636488,0.544147,0.636488,0.163433,0.544147,0.310405,0
8.00859,15.3581,8.03969,-0.00652068,4.68328,0.186623,0.874007,FRENET,0.636488,0.544147,0.636488,0.163433,0.544147,0.310405,0
8.01202,15.3581,8.03969,-0.00652068,4.68328,0.186623,0.874007,FRENET,0.636488,0.544147,0.636488,0.163433,0.544147,0.310405,0
8.01603,15.3581,8.03969,-0.00652068,4.68328,0.186623,0.874007,FRENET,0.636488,0.544147,0.636488,0.163433,0.544147,0.310405,0
8.02001,15.405,8.03937,-0.00455568,4.68359,0.189191,0.886093,FRENET,0.636488,0.544147,0.636488,0.163433,0.544147,0.310405,0
8.02404,15.405,8.03937,-0.00455568,4.68359,0.189191,0.886093,FRENET,0.636488,0.544147,0.636488,0.163433,0.544147,0.310405,0
8.0286,15.4518,8.03908,-0.00288078,4.68389,0.147372,0.690273,FRENET,0.636488,0.544147,0.636488,0.163433,0.544147,0.310405,0
8.03198,15.4518,8.03908,-0.00288078,4.68389,0.147372,0.690273,FRENET,0.657816,0.544147,0.657816,0,0.544147,0.400972,0
8.03597,15.4518,8.03908,-0.00288078,4.68389,0.147372,0.690273,FRENET,0.657816,0.544147,0.657816,0,0.544147,0.400972,0
8.03997,15.4987,8.0388,-0.0017393,4.68418,0.0670443,0.314048,FRENET,0.657816,0.544147,0.657816,0,0.544147,0.400972,0
8.04397,15.4987,8.0388,-0.0017393,4.68418,0.0670443,0.314048,FRENET,0.657816,0.544147,0.657816,0,0.544147,0.400972,0
8.04858,15.5455,8.03849,-0.0014657,4.68446,0.00706615,0.033101,FRENET,0.657816,0.544147,0.657816,0,0.544147,0.400972,0
8.05197,15.5455,8.03849,-0.0014657,4.68446,0.00706615,0.033101,FRENET,0.657816,0.544147,0.657816,0,0.544147,0.400972,0
8.05597,15.5455,8.03849,-0.0014657,4.68446,0.00706615,0.033101,FRENET,0.657816,0.544147,0.657816,0,0.544147,0.400972,0
8.05996,15.5923,8.03817,-0.00157403,4.68472,-0.0436962,-0.204704,FRENET,0.657816,0.544147,0.657816,0,0.544147,0.400972,0
8.06397,15.5923,8.03817,-0.00157403,4.68472,-0.0436962,-0.204704,FRENET,0.657816,0.544147,0.657816,0,0.544147,0.400972,0
8.06859,15.6392,8.03783,-0.00228483,4.68497,-0.0799501,-0.374563,FRENET,0.657816,0.544147,0.657816,0,0.544147,0.400972,0
8.07203,15.6392,8.03783,-0.00228483,4.68497,-0.0799501,-0.374563,FRENET,0.657816,0.544147,0.657816,0,0.544147,0.400972,0
8.07602,15.6392,8.03783,-0.00228483,4.68497,-0.0799501,-0.374563,FRENET,0.657816,0.544147,0.657816,0,0.544147,0.400972,0
8.08017,15.686,8.03749,-0.00316482,4.6852,-0.111725,-0.523455,FRENET,0.642458,0.540142,0.642458,0,0.540142,0.374686,0
8.08403,15.686,8.03749,-0.00316482,4.6852,-0.111725,-0.523455,FRENET,0.642458,0.540142,0.642458,0,0.540142,0.374686,0
8.08863,15.7329,8.03712,-0.00447731,4.68538,-0.132831,-0.622363,FRENET,0.642458,0.540142,0.642458,0,0.540142,0.374686,0
8.09202,15.7329,8.03712,-0.00447731,4.68538,-0.132831,-0.622363,FRENET,0.642458,0.540142,0.642458,0,0.540142,0.374686,0
8.09603,15.7329,8.03712,-0.00447731,4.68538,-0.132831,-0.622363,FRENET,0.642458,0.540142,0.642458,0,0.540142,0.374686,0
8.10001,15.7797,8.03674,-0.00582351,4.68555,-0.152557,-0.714814,FRENET,0.642458,0.540142,0.642458,0,0.540142,0.374686,0
8.10402,15.7797,8.03674,-0.00582351,4.68555,-0.152557,-0.714814,FRENET,0.642458,0.540142,0.642458,0,0.540142,0.374686,0
8.10863,15.8266,8.03631,-0.00749468,4.68571,-0.164107,-0.768955,FRENET,0.642458,0.540142,0.642458,0,0.540142,0.374686,0
8.11203,15.8266,8.03631,-0.00749468,4.68571,-0.164107,-0.768955,FRENET,0.642458,0.540142,0.642458,0,0.540142,0.374686,0
8.11603,15.8266,8.03631,-0.00749468,4.68571,-0.164107,-0.768955,FRENET,0.642458,0.540142,0.642458,0,0.540142,0.374686,0
8.12001,15.8735,8.03588,-0.00895501,4.68604,-0.129243,-0.605636,FRENET,0.642458,0.540142,0.642458,0,0.540142,0.374686,0
8.12402,15.8735,8.03588,-0.00895501,4.68604,-0.129243,-0.605636,FRENET,0.642458,0.540142,0.642458,0,0.540142,0.374686,0
8.12884,15.9203,8.03546,-0.00994322,4.68636,-0.0542855,-0.254401,FRENET,0.642458,0.540142,0.642458,0,0.540142,0.374686,0
8.13204,15.9203,8.03546,-0.00994322,4.68636,-0.0542855,-0.254401,FRENET,0.646968,0.540142,0.646968,0,0.540142,0.381083,0
8.13608,15.9203,8.03546,-0.00994322,4.68636,-0.0542855,-0.254401,FRENET,0.646968,0.540142,0.646968,0,0.540142,0.381083,0
8.14007,15.9672,8.03509,-0.0101107,4.68666,0.00158918,0.00744792,FRENET,0.646968,0.540142,0.646968,0,0.540142,0.381083,0
8.14406,15.9672,8.03509,-0.0101107,4.68666,0.00158918,0.00744792,FRENET,0.646968,0.540142,0.646968,0,0.540142,0.381083,0
8.14862,16.014,8.03473,-0.00993209,4.68695,0.049242,0.230795,FRENET,0.646968,0.540142,0.646968,0,0.540142,0.381083,0
8.15206,16.014,8.03473,-0.00993209,4.68695,0.049242,0.230795,FRENET,0.646968,0.540142,0.646968,0,0.540142,0.381083,0
8.15607,16.014,8.03473,-0.00993209,4.68695,0.049242,0.230795,FRENET,0.646968,0.540142,0.646968,0,0.540142,0.381083,0
8.16005,16.0609,8.03441,-0.00917804,4.68722,0.0831709,0.38984,FRENET,0.646968,0.540142,0.646968,0,0.540142,0.381083,0
8.16406,16.0609,8.03441,-0.00917804,4.68722,0.0831709,0.38984,FRENET,0.646968,0.540142,0.646968,0,0.540142,0.381083,0
8.16865,16.1078,8.03411,-0.00827488,4.68748,0.113229,0.53076,FRENET,0.646968,0.540142,0.646968,0,0.540142,0.381083,0
8.17206,16.1078,8.03411,-0.00827488,4.68748,0.113229,0.53076,FRENET,0.646968,0.540142,0.646968,0,0.540142,0.381083,0
8.17601,16.1078,8.03411,-0.00827488,4.68748,0.113229,0.53076,FRENET,0.646968,0.540142,0.646968,0,0.540142,0.381083,0
8.18021,16.1547,8.03385,-0.00695394,4.68773,0.13309,0.623892,FRENET,0.653727,0.540142,0.653727,0,0.540142,0.378025,0
8.18406,16.1547,8.03385,-0.00695394,4.68773,0.13309,0.623892,FRENET,0.653727,0.540142,0.653727,0,0.540142,0.378025,0
8.18862,16.2015,8.03361,-0.00560979,4.68797,0.151935,0.712266,FRENET,0.653727,0.540142,0.653727,0,0.540142,0.378025,0
8.19206,16.2015,8.03361,-0.00560979,4.68797,0.151935,0.712266,FRENET,0.653727,0.540142,0.653727,0,0.540142,0.378025,0
8.19606,16.2015,8.03361,-0.00560979,4.68797,0.151935,0.712266,FRENET,0.653727,0.540142,0.653727,0,0.540142,0.378025,0
8.20005,16.2484,8.03342,-0.00394807,4.68819,0.162886,0.763642,FRENET,0.653727,0.540142,0.653727,0,0.540142,0.378025,0
8.20406,16.2484,8.03342,-0.00394807,4.68819,0.162886,0.763642,FRENET,0.653727,0.540142,0.653727,0,0.540142,0.378025,0
8.20865,16.2953,8.03325,-0.00250199,4.68841,0.127643,0.598441,FRENET,0.653727,0.540142,0.653727,0,0.540142,0.378025,0
8.21206,16.2953,8.03325,-0.00250199,4.68841,0.127643,0.598441,FRENET,0.653727,0.540142,0.653727,0,0.540142,0.378025,0
8.21605,16.2953,8.03325,-0.00250199,4.68841,0.127643,0.598441,FRENET,0.653727,0.540142,0.653727,0,0.540142,0.378025,0
8.22001,16.3422,8.03307,-0.00153108,4.68861,0.0524387,0.245864,FRENET,0.653727,0.540142,0.653727,0,0.540142,0.378025,0
8.22403,16.3422,8.03307,-0.00153108,4.68861,0.0524387,0.245864,FRENET,0.653727,0.540142,0.653727,0,0.540142,0.378025,0
8.22863,16.3891,8.03285,-0.00138284,4.6888,-0.0035637,-0.0167095,FRENET,0.653727,0.540142,0.653727,0,0.540142,0.378025,0
8.23202,16.3891,8.03285,-0.00138284,4.6888,-0.0035637,-0.0167095,FRENET,0.645421,0.540142,0.645421,0,0.540142,0.394054,0
8.23604,16.3891,8.03285,-0.00138284,4.6888,-0.0035637,-0.0167095,FRENET,0.645421,0.540142,0.645421,0,0.540142,0.394054,0
8.24001,16.436,8.03262,-0.00158142,4.68899,-0.0512586,-0.240351,FRENET,0.645421,0.540142,0.645421,0,0.540142,0.394054,0
8.24402,16.436,8.03262,-0.00158142,4.68899,-0.0512586,-0.240351,FRENET,0.645421,0.540142,0.645421,0,0.540142,0.394054,0
8.24863,16.4829,8.03235,-0.00235562,4.68917,-0.0851673,-0.399364,FRENET,0.645421,0.540142,0.645421,0,0.540142,0.394054,0
8.25203,16.4829,8.03235,-0.00235562,4.68917,-0.0851673,-0.399364,FRENET,0.645421,0.540142,0.645421,0,0.540142,0.394054,0
8.25602,16.4829,8.03235,-0.00235562,4.68917,-0.0851673,-0.399364,FRENET,0.645421,0.540142,0.645421,0,0.540142,0.394054,0
8.26001,16.5297,8.03208,-0.00327843,4.68933,-0.115163,-0.54004,FRENET,0.645421,0.540142,0.645421,0,0.540142,0.394054,0
8.26402,16.5297,8.03208,-0.00327843,4.68933,-0.115163,-0.54004,FRENET,0.645421,0.540142,0.645421,0,0.540142,0.394054,0
8.26859,16.5766,8.03177,-0.00461831,4.6895,-0.134933,-0.632769,FRENET,0.645421,0.540142,0.645421,0,0.540142,0.394054,0
8.27202,16.5766,8.03177,-0.00461831,4.6895,-0.134933,-0.632769,FRENET,0.645421,0.540142,0.645421,0,0.540142,0.394054,0
8.27602,16.5766,8.03177,-0.00461831,4.6895,-0.134933,-0.632769,FRENET,0.645421,0.540142,0.645421,0,0.540142,0.394054,0
8.28002,16.6235,8.03144,-0.00598032,4.68965,-0.153669,-0.720655,FRENET,0.327312,0.633457,0.327312,0,0.633457,0.387076,0
8.28402,16.6235,8.03144,-0.00598032,4.68965,-0.153669,-0.720655,FRENET,0.327312,0.633457,0.327312,0,0.633457,0.387076,0
8.28863,16.67,8.03106,-0.00775883,4.61163,-0.178302,-0.822264,FRENET,0.327312,0.633457,0.327312,0,0.633457,0.387076,0
8.29203,16.67,8.03106,-0.00775883,4.61163,-0.178302,-0.822264,FRENET,0.327312,0.633457,0.327312,0,0.633457,0.387076,0
8.29602,16.67,8.03106,-0.00775883,4.61163,-0.178302,-0.822264,FRENET,0.327312,0.633457,0.327312,0,0.633457,0.387076,0
8.30001,16.7158,8.03066,-0.00954905,4.54844,-0.200794,-0.913302,FRENET,0.327312,0.633457,0.327312,0,0.633457,0.387076,0
8.30402,16.7158,8.03066,-0.00954905,4.54844,-0.200794,-0.913302,FRENET,0.327312,0.633457,0.327312,0,0.633457,0.387076,0
8.30863,16.7611,8.03021,-0.0117157,4.49728,-0.211293,-0.950242,FRENET,0.327312,0.633457,0.327312,0,0.633457,0.387076,0
8.31203,16.7611,8.03021,-0.0117157,4.49728,-0.211293,-0.950242,FRENET,0.327312,0.633457,0.327312,0,0.633457,0.387076,0
8.31603,16.7611,8.03021,-0.0117157,4.49728,-0.211293,-0.950242,FRENET,0.327312,0.633457,0.327312,0,0.633457,0.387076,0
8.32002,16.8058,8.02976,-0.0134091,4.45584,-0.111614,-0.497333,FRENET,0.327312,0.633457,0.327312,0,0.633457,0.387076,0
8.32403,16.8058,8.02976,-0.0134091,4.45584,-0.111614,-0.497333,FRENET,0.327312,0.633457,0.327312,0,0.633457,0.387076,0
8.32861,16.8502,8.02935,-0.0140531,4.42229,-0.0398757,-0.176342,FRENET,0.327312,0.633457,0.327312,0,0.633457,0.387076,0
8.33203,16.8502,8.02935,-0.0140531,4.42229,-0.0398757,-0.176342,FRENET,0.330747,0.633457,0.330747,0,0.633457,0.382682,0
8.33603,16.8502,8.02935,-0.0140531,4.42229,-0.0398757,-0.176342,FRENET,0.330747,0.633457,0.330747,0,0.633457,0.382682,0
8.34001,16.8944,8.02896,-0.0142354,4.40893,0.018968,0.0836288,FRENET,0.330747,0.633457,0.330747,0,0.633457,0.382682,0
8.34403,16.8944,8.02896,-0.0142354,4.40893,0.018968,0.0836288,FRENET,0.330747,0.633457,0.330747,0,0.633457,0.382682,0
8.34861,16.9384,8.02859,-0.0137401,4.39811,0.0604374,0.265811,FRENET,0.330747,0.633457,0.330747,0,0.633457,0.382682,0
8.35202,16.9384,8.02859,-0.0137401,4.39811,0.0604374,0.265811,FRENET,0.330747,0.633457,0.330747,0,0.633457,0.382682,0
8.35602,16.9384,8.02859,-0.0137401,4.39811,0.0604374,0.265811,FRENET,0.330747,0.633457,0.330747,0,0.633457,0.382682,0
8.36001,16.9823,8.02823,-0.0130371,4.38935,0.0963069,0.422725,FRENET,0.330747,0.633457,0.330747,0,0.633457,0.382682,0
8.36402,16.9823,8.02823,-0.0130371,4.38935,0.0963069,0.422725,FRENET,0.330747,0.633457,0.330747,0,0.633457,0.382682,0
8.36863,17.0262,8.02789,-0.0118632,4.38226,0.119833,0.525137,FRENET,0.330747,0.633457,0.330747,0,0.633457,0.382682,0
8.37197,17.0262,8.02789,-0.0118632,4.38226,0.119833,0.525137,FRENET,0.330747,0.633457,0.330747,0,0.633457,0.382682,0
8.37602,17.0262,8.02789,-0.0118632,4.38226,0.119833,0.525137,FRENET,0.330747,0.633457,0.330747,0,0.633457,0.382682,0
8.37997,17.07,8.02756,-0.0106388,4.37651,0.141549,0.619493,FRENET,0.319779,0.633457,0.319779,0,0.633457,0.373513,0
8.38396,17.07,8.02756,-0.0106388,4.37651,0.141549,0.619493,FRENET,0.319779,0.633457,0.319779,0,0.633457,0.373513,0
8.38856,17.1137,8.02727,-0.00907089,4.37186,0.154029,0.673394,FRENET,0.319779,0.633457,0.319779,0,0.633457,0.373513,0
8.39196,17.1137,8.02727,-0.00907089,4.37186,0.154029,0.673394,FRENET,0.319779,0.633457,0.319779,0,0.633457,0.373513,0
8.39596,17.1137,8.02727,-0.00907089,4.37186,0.154029,0.673394,FRENET,0.319779,0.633457,0.319779,0,0.633457,0.373513,0
8.39996,17.1574,8.027,-0.00754893,4.36809,0.167072,0.729785,FRENET,0.319779,0.633457,0.319779,0,0.633457,0.373513,0
8.40396,17.1574,8.027,-0.00754893,4.36809,0.167072,0.729785,FRENET,0.319779,0.633457,0.319779,0,0.633457,0.373513,0
8.40856,17.2011,8.02677,-0.00576139,4.36504,0.172838,0.754445,FRENET,0.319779,0.633457,0.319779,0,0.633457,0.373513,0
8.41196,17.2011,8.02677,-0.00576139,4.36504,0.172838,0.754445,FRENET,0.319779,0.633457,0.319779,0,0.633457,0.373513,0
8.41596,17.2011,8.02677,-0.00576139,4.36504,0.172838,0.754445,FRENET,0.319779,0.633457,0.319779,0,0.633457,0.373513,0
8.41996,17.2447,8.02657,-0.00407805,4.36257,0.180665,0.788162,FRENET,0.319779,0.633457,0.319779,0,0.633457,0.373513,0
8.42396,17.2447,8.02657,-0.00407805,4.36257,0.180665,0.788162,FRENET,0.319779,0.633457,0.319779,0,0.633457,0.373513,0
8.42859,17.2883,8.02642,-0.00217576,4.36057,0.182451,0.795592,FRENET,0.319779,0.633457,0.319779,0,0.633457,0.373513,0
8.43196,17.2883,8.02642,-0.00217576,4.36057,0.182451,0.795592,FRENET,0.331416,0.633457,0.331416,0,0.633457,0.373825,0
8.43596,17.2883,8.02642,-0.00217576,4.36057,0.182451,0.795592,FRENET,0.331416,0.633457,0.331416,0,0.633457,0.373825,0
8.43996,17.3319,8.02629,-0.000731604,4.35895,0.0929496,0.405163,FRENET,0.331416,0.633457,0.331416,0,0.633457,0.373825,0
8.44396,17.3319,8.02629,-0.000731604,4.35895,0.0929496,0.405163,FRENET,0.331416,0.633457,0.331416,0,0.633457,0.373825,0
8.44857,17.3755,8.02611,-0.000230718,4.35764,0.0271622,0.118363,FRENET,0.331416,0.633457,0.331416,0,0.633457,0.373825,0
8.45196,17.3755,8.02611,-0.000230718,4.35764,0.0271622,0.118363,FRENET,0.331416,0.633457,0.331416,0,0.633457,0.373825,0
8.45596,17.3755,8.02611,-0.000230718,4.35764,0.0271622,0.118363,FRENET,0.331416,0.633457,0.331416,0,0.633457,0.373825,0
8.45996,17.4191,8.02593,-0.000159183,4.35658,-0.0276312,-0.120377,FRENET,0.331416,0.633457,0.331416,0,0.633457,0.373825,0
8.46396,17.4191,8.02593,-0.000159183,4.35658,-0.0276312,-0.120377,FRENET,0.331416,0.633457,0.331416,0,0.633457,0.373825,0
8.46857,17.4627,8.02571,-0.000721976,4.35572,-0.0661263,-0.288027,FRENET,0.331416,0.633457,0.331416,0,0.633457,0.373825,0
8.47196,17.4627,8.02571,-0.000721976,4.35572,-0.0661263,-0.288027,FRENET,0.331416,0.633457,0.331416,0,0.633457,0.373825,0
8.47596,17.4627,8.02571,-0.000721976,4.35572,-0.0661263,-0.288027,FRENET,0.331416,0.633457,0.331416,0,0.633457,0.373825,0
8.48002,17.5062,8.02549,-0.0014719,4.35502,-0.0994781,-0.433229,FRENET,0.237692,2.34011,0.237692,0,2.34011,0.377608,0
8.48403,17.5062,8.02549,-0.0014719,4.35502,-0.0994781,-0.433229,FRENET,0.237692,2.34011,0.237692,0,2.34011,0.377608,0
8.48862,17.5493,8.02523,-0.00274835,4.25992,-0.130353,-0.555293,FRENET,0.237692,2.34011,0.237692,0,2.34011,0.377608,0
8.49198,17.5493,8.02523,-0.00274835,4.25992,-0.130353,-0.555293,FRENET,0.237692,2.34011,0.237692,0,2.34011,0.377608,0
8.49602,17.5493,8.02523,-0.00274835,4.25992,-0.130353,-0.555293,FRENET,0.237692,2.34011,0.237692,0,2.34011,0.377608,0
8.5,17.5914,8.02497,-0.00409188,4.16482,-0.161467,-0.67248,FRENET,0.237692,2.34011,0.237692,0,2.34011,0.377608,0
8.50403,17.5914,8.02497,-0.00409188,4.16482,-0.161467,-0.67248,FRENET,0.237692,2.34011,0.237692,0,2.34011,0.377608,0
8.50863,17.6326,8.02466,-0.0059243,4.06972,-0.180136,-0.733104,FRENET,0.237692,2.34011,0.237692,0,2.34011,0.377608,0
8.51203,17.6326,8.02466,-0.0059243,4.06972,-0.180136,-0.733104,FRENET,0.237692,2.34011,0.237692,0,2.34011,0.377608,0
8.51602,17.6326,8.02466,-0.0059243,4.06972,-0.180136,-0.733104,FRENET,0.237692,2.34011,0.237692,0,2.34011,0.377608,0
8.52001,17.6728,8.02435,-0.0077188,3.97462,-0.202301,-0.804068,FRENET,0.237692,2.34011,0.237692,0,2.34011,0.377608,0
8.52402,17.6728,8.02435,-0.0077188,3.97462,-0.202301,-0.804068,FRENET,0.237692,2.34011,0.237692,0,2.34011,0.377608,0
8.52858,17.7121,8.02398,-0.00990758,3.88947,-0.211663,-0.823255,FRENET,0.237692,2.34011,0.237692,0,2.34011,0.377608,0
8.53203,17.7121,8.02398,-0.00990758,3.88947,-0.211663,-0.823255,FRENET,0.223925,2.34011,0.223925,0,2.34011,0.366728,0
8.53602,17.7121,8.02398,-0.00990758,3.88947,-0.211663,-0.823255,FRENET,0.223925,2.34011,0.223925,0,2.34011,0.366728,0
8.54001,17.7507,8.0236,-0.0119659,3.82052,-0.221933,-0.847898,FRENET,0.223925,2.34011,0.223925,0,2.34011,0.366728,0
8.54397,17.7507,8.0236,-0.0119659,3.82052,-0.221933,-0.847898,FRENET,0.223925,2.34011,0.223925,0,2.34011,0.366728,0
8.54857,17.7886,8.02316,-0.0142841,3.76468,-0.220491,-0.830077,FRENET,0.223925,2.34011,0.223925,0,2.34011,0.366728,0
8.55197,17.7886,8.02316,-0.0142841,3.76468,-0.220491,-0.830077,FRENET,0.223925,2.34011,0.223925,0,2.34011,0.366728,0
8.55596,17.7886,8.02316,-0.0142841,3.76468,-0.220491,-0.830077,FRENET,0.223925,2.34011,0.223925,0,2.34011,0.366728,0
8.55996,17.826,8.02269,-0.0163945,3.71946,-0.222031,-0.825835,FRENET,0.223925,2.34011,0.223925,0,2.34011,0.366728,0
8.56396,17.826,8.02269,-0.0163945,3.71946,-0.222031,-0.825835,FRENET,0.223925,2.34011,0.223925,0,2.34011,0.366728,0
8.56856,17.863,8.02215,-0.0186768,3.68285,-0.214849,-0.791258,FRENET,0.223925,2.34011,0.223925,0,2.34011,0.366728,0
8.57196,17.863,8.02215,-0.0186768,3.68285,-0.214849,-0.791258,FRENET,0.223925,2.34011,0.223925,0,2.34011,0.366728,0
8.57596,17.863,8.02215,-0.0186768,3.68285,-0.214849,-0.791258,FRENET,0.223925,2.34011,0.223925,0,2.34011,0.366728,0
8.57996,17.8997,8.02158,-0.0207153,3.65319,-0.212288,-0.775528,FRENET,0.228175,2.34011,0.228175,0,2.34011,0.365137,0
8.58396,17.8997,8.02158,-0.0207153,3.65319,-0.212288,-0.775528,FRENET,0.228175,2.34011,0.228175,0,2.34011,0.365137,0
8.58856,17.9361,8.02093,-0.0228845,3.62918,-0.203044,-0.736885,FRENET,0.228175,2.34011,0.228175,0,2.34011,0.365137,0
8.59196,17.9361,8.02093,-0.0228845,3.62918,-0.203044,-0.736885,FRENET,0.228175,2.34011,0.228175,0,2.34011,0.365137,0
8.59602,17.9361,8.02093,-0.0228845,3.62918,-0.203044,-0.736885,FRENET,0.228175,2.34011,0.228175,0,2.34011,0.365137,0
8.6,17.9723,8.02026,-0.0244641,3.60974,-0.0996649,-0.359764,FRENET,0.228175,2.34011,0.228175,0,2.34011,0.365137,0
8.604,17.9723,8.02026,-0.0244641,3.60974,-0.0996649,-0.359764,FRENET,0.228175,2.34011,0.228175,0,2.34011,0.365137,0
8.6086,18.0083,8.01962,-0.0249961,3.59399,-0.0287509,-0.10333,FRENET,0.228175,2.34011,0.228175,0,2.34011,0.365137,0
8.61199,18.0083,8.01962,-0.0249961,3.59399,-0.0287509,-0.10333,FRENET,0.228175,2.34011,0.228175,0,2.34011,0.365137,0
8.616,18.0083,8.01962,-0.0249961,3.59399,-0.0287509,-0.10333,FRENET,0.228175,2.34011,0.228175,0,2.34011,0.365137,0
8.61999,18.0442,8.01898,-0.0250749,3.58124,0.0280667,0.100514,FRENET,0.228175,2.34011,0.228175,0,2.34011,0.365137,0
8.62402,18.0442,8.01898,-0.0250749,3.58124,0.0280667,0.100514,FRENET,0.228175,2.34011,0.228175,0,2.34011,0.365137,0
8.62859,18.0799,8.01835,-0.0245117,3.57091,0.0647255,0.231129,FRENET,0.228175,2.34011,0.228175,0,2.34011,0.365137,0
8.63199,18.0799,8.01835,-0.0245117,3.57091,0.0647255,0.231129,FRENET,0.24777,2.34011,0.24777,0,2.34011,0.366661,0
8.63599,18.0799,8.01835,-0.0245117,3.57091,0.0647255,0.231129,FRENET,0.24777,2.34011,0.24777,0,2.34011,0.366661,0
8.63998,18.1156,8.01772,-0.023788,3.56255,0.0960569,0.342207,FRENET,0.24777,2.34011,0.24777,0,2.34011,0.366661,0
8.64398,18.1156,8.01772,-0.023788,3.56255,0.0960569,0.342207,FRENET,0.24777,2.34011,0.24777,0,2.34011,0.366661,0
8.64859,18.1512,8.01711,-0.022645,3.55578,0.113906,0.405023,FRENET,0.24777,2.34011,0.24777,0,2.34011,0.366661,0
8.65199,18.1512,8.01711,-0.022645,3.55578,0.113906,0.405023,FRENET,0.24777,2.34011,0.24777,0,2.34011,0.366661,0
8.65598,18.1512,8.01711,-0.022645,3.55578,0.113906,0.405023,FRENET,0.24777,2.34011,0.24777,0,2.34011,0.366661,0
8.65997,18.1867,8.01651,-0.021502,3.55029,0.131245,0.46596,FRENET,0.24777,2.34011,0.24777,0,2.34011,0.366661,0
8.66398,18.1867,8.01651,-0.021502,3.55029,0.131245,0.46596,FRENET,0.24777,2.34011,0.24777,0,2.34011,0.366661,0
8.66859,18.2222,8.01594,-0.020062,3.54585,0.13883,0.492272,FRENET,0.24777,2.34011,0.24777,0,2.34011,0.366661,0
8.67199,18.2222,8.01594,-0.020062,3.54585,0.13883,0.492272,FRENET,0.24777,2.34011,0.24777,0,2.34011,0.366661,0
8.67598,18.2222,8.01594,-0.020062,3.54585,0.13883,0.492272,FRENET,0.24777,2.34011,0.24777,0,2.34011,0.366661,0
8.67999,18.2576,8.01537,-0.018709,3.54226,0.148595,0.526362,FRENET,0.29947,0.80404,0.29947,0,0.80404,0.357165,0
8.68399,18.2576,8.01537,-0.018709,3.54226,0.148595,0.526362,FRENET,0.29947,0.80404,0.29947,0,0.80404,0.357165,0
8.68859,18.2929,8.01485,-0.0171098,3.52437,0.152512,0.537509,FRENET,0.29947,0.80404,0.29947,0,0.80404,0.357165,0
8.69198,18.2929,8.01485,-0.0171098,3.52437,0.152512,0.537509,FRENET,0.29947,0.80404,0.29947,0,0.80404,0.357165,0
8.69598,18.2929,8.01485,-0.0171098,3.52437,0.152512,0.537509,FRENET,0.29947,0.80404,0.29947,0,0.80404,0.357165,0
8.69997,18.3281,8.01434,-0.0156379,3.50989,0.159666,0.56041,FRENET,0.29947,0.80404,0.29947,0,0.80404,0.357165,0
8.70398,18.3281,8.01434,-0.0156379,3.50989,0.159666,0.56041,FRENET,0.29947,0.80404,0.29947,0,0.80404,0.357165,0
8.70859,18.3631,8.01389,-0.0139532,3.49816,0.159251,0.557084,FRENET,0.29947,0.80404,0.29947,0,0.80404,0.357165,0
8.71198,18.3631,8.01389,-0.0139532,3.49816,0.159251,0.557084,FRENET,0.29947,0.80404,0.29947,0,0.80404,0.357165,0
8.71598,18.3631,8.01389,-0.0139532,3.49816,0.159251,0.557084,FRENET,0.29947,0.80404,0.29947,0,0.80404,0.357165,0
8.71998,18.3981,8.01346,-0.0124289,3.48866,0.163198,0.569342,FRENET,0.29947,0.80404,0.29947,0,0.80404,0.357165,0
8.72398,18.3981,8.01346,-0.0124289,3.48866,0.163198,0.569342,FRENET,0.29947,0.80404,0.29947,0,0.80404,0.357165,0
8.72859,18.4329,8.01308,-0.0107216,3.48097,0.160656,0.55924,FRENET,0.29947,0.80404,0.29947,0,0.80404,0.357165,0
8.73199,18.4329,8.01308,-0.0107216,3.48097,0.160656,0.55924,FRENET,0.287865,0.80404,0.287865,0,0.80404,0.359963,0
8.73598,18.4329,8.01308,-0.0107216,3.48097,0.160656,0.55924,FRENET,0.287865,0.80404,0.287865,0,0.80404,0.359963,0
8.73997,18.4677,8.01273,-0.00918989,3.47474,0.16311,0.566766,FRENET,0.287865,0.80404,0.287865,0,0.80404,0.359963,0
8.74398,18.4677,8.01273,-0.00918989,3.47474,0.16311,0.566766,FRENET,0.287865,0.80404,0.287865,0,0.80404,0.359963,0
8.74858,18.5024,8.01244,-0.00748913,3.4697,0.159684,0.554055,FRENET,0.287865,0.80404,0.287865,0,0.80404,0.359963,0
8.75199,18.5024,8.01244,-0.00748913,3.4697,0.159684,0.554055,FRENET,0.287865,0.80404,0.287865,0,0.80404,0.359963,0
8.75598,18.5024,8.01244,-0.00748913,3.4697,0.159684,0.554055,FRENET,0.287865,0.80404,0.287865,0,0.80404,0.359963,0
8.75998,18.5371,8.01218,-0.00596938,3.46561,0.161576,0.559962,FRENET,0.287865,0.80404,0.287865,0,0.80404,0.359963,0
8.76399,18.5371,8.01218,-0.00596938,3.46561,0.161576,0.559962,FRENET,0.287865,0.80404,0.287865,0,0.80404,0.359963,0
8.76858,18.5718,8.01198,-0.00429286,3.46676,0.156922,0.544011,FRENET,0.287865,0.80404,0.287865,0,0.80404,0.359963,0
8.77199,18.5718,8.01198,-0.00429286,3.46676,0.156922,0.544011,FRENET,0.287865,0.80404,0.287865,0,0.80404,0.359963,0
8.77599,18.5718,8.01198,-0.00429286,3.46676,0.156922,0.544011,FRENET,0.287865,0.80404,0.287865,0,0.80404,0.359963,0
8.77998,18.6064,8.01181,-0.00280266,3.46784,0.158087,0.548221,FRENET,0.303721,0.80404,0.303721,0,0.80404,0.352522,0
8.78398,18.6064,8.01181,-0.00280266,3.46784,0.158087,0.548221,FRENET,0.303721,0.80404,0.303721,0,0.80404,0.352522,0
8.78858,18.6411,8.01171,-0.00115647,3.46888,0.154299,0.535244,FRENET,0.303721,0.80404,0.303721,0,0.80404,0.352522,0
8.79198,18.6411,8.01171,-0.00115647,3.46888,0.154299,0.535244,FRENET,0.303721,0.80404,0.303721,0,0.80404,0.352522,0
8.79598,18.6411,8.01171,-0.00115647,3.46888,0.154299,0.535244,FRENET,0.303721,0.80404,0.303721,0,0.80404,0.352522,0
8.79997,18.6758,8.01164,0.000310883,3.46986,0.156119,0.54171,FRENET,0.303721,0.80404,0.303721,0,0.80404,0.352522,0
8.80399,18.6758,8.01164,0.000310883,3.46986,0.156119,0.54171,FRENET,0.303721,0.80404,0.303721,0,0.80404,0.352522,0
8.80858,18.7105,8.01164,0.00194002,3.4708,0.152826,0.530428,FRENET,0.303721,0.80404,0.303721,0,0.80404,0.352522,0
8.81198,18.7105,8.01164,0.00194002,3.4708,0.152826,0.530428,FRENET,0.303721,0.80404,0.303721,0,0.80404,0.352522,0
8.81599,18.7105,8.01164,0.00194002,3.4708,0.152826,0.530428,FRENET,0.303721,0.80404,0.303721,0,0.80404,0.352522,0
8.81998,18.7452,8.01165,0.00308368,3.4717,0.0635969,0.220789,FRENET,0.303721,0.80404,0.303721,0,0.80404,0.352522,0
8.82398,18.7452,8.01165,0.00308368,3.4717,0.0635969,0.220789,FRENET,0.303721,0.80404,0.303721,0,0.80404,0.352522,0
8.82858,18.7799,8.01162,0.0033164,3.47255,0.00325602,0.0113067,FRENET,0.303721,0.80404,0.303721,0,0.80404,0.352522,0
8.83198,18.7799,8.01162,0.0033164,3.47255,0.00325602,0.0113067,FRENET,0.272124,0.80404,0.272124,0,0.80404,0.35805,0
8.83598,18.7799,8.01162,0.0033164,3.47255,0.00325602,0.0113067,FRENET,0.272124,0.80404,0.272124,0,0.80404,0.35805,0
8.83997,18.8147,8.01159,0.00317936,3.47336,-0.0450979,-0.156641,FRENET,0.272124,0.80404,0.272124,0,0.80404,0.35805,0
8.84398,18.8147,8.01159,0.00317936,3.47336,-0.0450979,-0.156641,FRENET,0.272124,0.80404,0.272124,0,0.80404,0.35805,0
8.84858,18.8494,8.01153,0.00248297,3.47413,-0.0754324,-0.262062,FRENET,0.272124,0.80404,0.272124,0,0.80404,0.35805,0
8.85198,18.8494,8.01153,0.00248297,3.47413,-0.0754324,-0.262062,FRENET,0.272124,0.80404,0.272124,0,0.80404,0.35805,0
8.85598,18.8494,8.01153,0.00248297,3.47413,-0.0754324,-0.262062,FRENET,0.272124,0.80404,0.272124,0,0.80404,0.35805,0
8.85997,18.8842,8.01146,0.00167475,3.47487,-0.101807,-0.353765,FRENET,0.272124,0.80404,0.272124,0,0.80404,0.35805,0
8.86399,18.8842,8.01146,0.00167475,3.47487,-0.101807,-0.353765,FRENET,0.272124,0.80404,0.272124,0,0.80404,0.35805,0
8.86858,18.9189,8.01136,0.000495804,3.47557,-0.116082,-0.403452,FRENET,0.272124,0.80404,0.272124,0,0.80404,0.35805,0
8.87198,18.9189,8.01136,0.000495804,3.47557,-0.116082,-0.403452,FRENET,0.272124,0.80404,0.272124,0,0.80404,0.35805,0
8.876,18.9189,8.01136,0.000495804,3.47557,-0.116082,-0.403452,FRENET,0.272124,0.80404,0.272124,0,0.80404,0.35805,0
8.88003,18.9537,8.01125,-0.000657258,3.47624,-0.130758,-0.454546,FRENET,0.128448,1.83059,0.128448,0,1.83059,0.353056,0
8.88401,18.9537,8.01125,-0.000657258,3.47624,-0.130758,-0.454546,FRENET,0.128448,1.83059,0.128448,0,1.83059,0.353056,0
8.88861,18.988,8.01109,-0.00217799,3.38114,-0.148088,-0.500707,FRENET,0.128448,1.83059,0.128448,0,1.83059,0.353056,0
8.892,18.988,8.01109,-0.00217799,3.38114,-0.148088,-0.500707,FRENET,0.128448,1.83059,0.128448,0,1.83059,0.353056,0
8.896,18.988,8.01109,-0.00217799,3.38114,-0.148088,-0.500707,FRENET,0.128448,1.83059,0.128448,0,1.83059,0.353056,0
8.89999,19.0213,8.01093,-0.00364514,3.28604,-0.168689,-0.554319,FRENET,0.128448,1.83059,0.128448,0,1.83059,0.353056,0
8.90403,19.0213,8.01093,-0.00364514,3.28604,-0.168689,-0.554319,FRENET,0.128448,1.83059,0.128448,0,1.83059,0.353056,0
8.90861,19.0537,8.01069,-0.00592541,3.19094,-0.303194,-0.967474,FRENET,0.128448,1.83059,0.128448,0,1.83059,0.353056,0
8.91202,19.0537,8.01069,-0.00592541,3.19094,-0.303194,-0.967474,FRENET,0.128448,1.83059,0.128448,0,1.83059,0.353056,0
8.916,19.0537,8.01069,-0.00592541,3.19094,-0.303194,-0.967474,FRENET,0.128448,1.83059,0.128448,0,1.83059,0.353056,0
8.91999,19.0851,8.01031,-0.00952719,3.09584,-0.387139,-1.19852,FRENET,0.128448,1.83059,0.128448,0,1.83059,0.353056,0
8.924,19.0851,8.01031,-0.00952719,3.09584,-0.387139,-1.19852,FRENET,0.128448,1.83059,0.128448,0,1.83059,0.353056,0
8.92861,19.1156,8.00986,-0.0136235,3.00074,-0.452271,-1.35714,FRENET,0.128448,1.83059,0.128448,0,1.83059,0.353056,0
8.93203,19.1156,8.00986,-0.0136235,3.00074,-0.452271,-1.35714,FRENET,0.118773,1.83059,0.118773,0,1.83059,0.357607,0
8.93604,19.1156,8.00986,-0.0136235,3.00074,-0.452271,-1.35714,FRENET,0.118773,1.83059,0.118773,0,1.83059,0.357607,0
8.94012,19.1451,8.00929,-0.0184557,2.90564,-0.487018,-1.4151,FRENET,0.118773,1.83059,0.118773,0,1.83059,0.357607,0
8.94403,19.1451,8.00929,-0.0184557,2.90564,-0.487018,-1.4151,FRENET,0.118773,1.83059,0.118773,0,1.83059,0.357607,0
8.94864,19.1737,8.00866,-0.0233684,2.81054,-0.517643,-1.45485,FRENET,0.118773,1.83059,0.118773,0,1.83059,0.357607,0
8.95204,19.1737,8.00866,-0.0233684,2.81054,-0.517643,-1.45485,FRENET,0.118773,1.83059,0.118773,0,1.83059,0.357607,0
8.95603,19.1737,8.00866,-0.0233684,2.81054,-0.517643,-1.45485,FRENET,0.118773,1.83059,0.118773,0,1.83059,0.357607,0
8.96003,19.2013,8.00792,-0.0287191,2.71544,-0.526625,-1.43002,FRENET,0.118773,1.83059,0.118773,0,1.83059,0.357607,0
8.96404,19.2013,8.00792,-0.0287191,2.71544,-0.526625,-1.43002,FRENET,0.118773,1.83059,0.118773,0,1.83059,0.357607,0
8.96863,19.228,8.00711,-0.0339298,2.62034,-0.538578,-1.41125,FRENET,0.118773,1.83059,0.118773,0,1.83059,0.357607,0
8.97205,19.228,8.00711,-0.0339298,2.62034,-0.538578,-1.41125,FRENET,0.118773,1.83059,0.118773,0,1.83059,0.357607,0
8.97603,19.228,8.00711,-0.0339298,2.62034,-0.538578,-1.41125,FRENET,0.118773,1.83059,0.118773,0,1.83059,0.357607,0
8.98004,19.2537,8.00621,-0.0394112,2.52524,-0.532371,-1.34436,FRENET,0.11932,1.83059,0.11932,0,1.83059,0.346585,0
8.98403,19.2537,8.00621,-0.0394112,2.52524,-0.532371,-1.34436,FRENET,0.11932,1.83059,0.11932,0,1.83059,0.346585,0
8.98856,19.2784,8.00524,-0.0446201,2.43014,-0.532945,-1.29513,FRENET,0.11932,1.83059,0.11932,0,1.83059,0.346585,0
8.99205,19.2784,8.00524,-0.0446201,2.43014,-0.532945,-1.29513,FRENET,0.11932,1.83059,0.11932,0,1.83059,0.346585,0
8.99604,19.2784,8.00524,-0.0446201,2.43014,-0.532945,-1.29513,FRENET,0.11932,1.83059,0.11932,0,1.83059,0.346585,0
8.99999,19.3022,8.00417,-0.0499928,2.33504,-0.516506,-1.20606,FRENET,0.11932,1.83059,0.11932,0,1.83059,0.346585,0
9.004,19.3022,8.00417,-0.0499928,2.33504,-0.516506,-1.20606,FRENET,0.11932,1.83059,0.11932,0,1.83059,0.346585,0
9.00859,19.3251,8.00309,-0.0545886,2.23994,-0.388079,-0.869273,FRENET,0.11932,1.83059,0.11932,0,1.83059,0.346585,0
9.012,19.3251,8.00309,-0.0545886,2.23994,-0.388079,-0.869273,FRENET,0.11932,1.83059,0.11932,0,1.83059,0.346585,0
9.01601,19.3251,8.00309,-0.0545886,2.23994,-0.388079,-0.869273,FRENET,0.11932,1.83059,0.11932,0,1.83059,0.346585,0
9.01998,19.347,8.00203,-0.0579639,2.14484,-0.31737,-0.680706,FRENET,0.11932,1.83059,0.11932,0,1.83059,0.346585,0
9.024,19.347,8.00203,-0.0579639,2.14484,-0.31737,-0.680706,FRENET,0.11932,1.83059,0.11932,0,1.83059,0.346585,0
9.0286,19.3679,8.00095,-0.0609483,2.04974,-0.258477,-0.52981,FRENET,0.11932,1.83059,0.11932,0,1.83059,0.346585,0
9.032,19.3679,8.00095,-0.0609483,2.04974,-0.258477,-0.52981,FRENET,0.102982,1.83059,0.102982,0,1.83059,0.305898,0
9.03601,19.3679,8.00095,-0.0609483,2.04974,-0.258477,-0.52981,FRENET,0.102982,1.83059,0.102982,0,1.83059,0.305898,0
9.03999,19.3879,7.99988,-0.0632569,1.95464,-0.229928,-0.449425,FRENET,0.102982,1.83059,0.102982,0,1.83059,0.305898,0
9.044,19.3879,7.99988,-0.0632569,1.95464,-0.229928,-0.449425,FRENET,0.102982,1.83059,0.102982,0,1.83059,0.305898,0
9.04859,19.407,7.99879,-0.0654968,1.85954,-0.194551,-0.361774,FRENET,0.102982,1.83059,0.102982,0,1.83059,0.305898,0
9.052,19.407,7.99879,-0.0654968,1.85954,-0.194551,-0.361774,FRENET,0.102982,1.83059,0.102982,0,1.83059,0.305898,0
9.056,19.407,7.99879,-0.0654968,1.85954,-0.194551,-0.361774,FRENET,0.102982,1.83059,0.102982,0,1.83059,0.305898,0
9.05999,19.4251,7.99771,-0.0672473,1.76444,-0.181092,-0.319526,FRENET,0.102982,1.83059,0.102982,0,1.83059,0.305898,0
9.064,19.4251,7.99771,-0.0672473,1.76444,-0.181092,-0.319526,FRENET,0.102982,1.83059,0.102982,0,1.83059,0.305898,0
9.06859,19.4422,7.99661,-0.0690415,1.66934,-0.153252,-0.255828,FRENET,0.102982,1.83059,0.102982,0,1.83059,0.305898,0
9.07203,19.4422,7.99661,-0.0690415,1.66934,-0.153252,-0.255828,FRENET,0.102982,1.83059,0.102982,0,1.83059,0.305898,0
9.076,19.4422,7.99661,-0.0690415,1.66934,-0.153252,-0.255828,FRENET,0.102982,1.83059,0.102982,0,1.83059,0.305898,0
9.08005,19.4584,7.99555,-0.0704103,1.57521,-0.14591,-0.229839,FRENET,0.290248,1.03485,0.290248,0,1.03485,0.295275,0
9.08404,19.4584,7.99555,-0.0704103,1.57521,-0.14591,-0.229839,FRENET,0.290248,1.03485,0.290248,0,1.03485,0.295275,0
9.0886,19.4744,7.99442,-0.0716158,1.63823,-0.0912393,-0.149471,FRENET,0.290248,1.03485,0.290248,0,1.03485,0.295275,0
9.092,19.4744,7.99442,-0.0716158,1.63823,-0.0912393,-0.149471,FRENET,0.290248,1.03485,0.290248,0,1.03485,0.295275,0
9.096,19.4744,7.99442,-0.0716158,1.63823,-0.0912393,-0.149471,FRENET,0.290248,1.03485,0.290248,0,1.03485,0.295275,0
9.09999,19.4911,7.99321,-0.0723659,1.70593,-0.0747329,-0.127489,FRENET,0.290248,1.03485,0.290248,0,1.03485,0.295275,0
9.10401,19.4911,7.99321,-0.0723659,1.70593,-0.0747329,-0.127489,FRENET,0.290248,1.03485,0.290248,0,1.03485,0.295275,0
9.10859,19.5084,7.99191,-0.0731212,1.77041,-0.0654868,-0.115939,FRENET,0.290248,1.03485,0.290248,0,1.03485,0.295275,0
9.112,19.5084,7.99191,-0.0731212,1.77041,-0.0654868,-0.115939,FRENET,0.290248,1.03485,0.290248,0,1.03485,0.295275,0
9.116,19.5084,7.99191,-0.0731212,1.77041,-0.0654868,-0.115939,FRENET,0.290248,1.03485,0.290248,0,1.03485,0.295275,0
9.11998,19.5264,7.99056,-0.0735153,1.83183,-0.00642784,-0.0117747,FRENET,0.290248,1.03485,0.290248,0,1.03485,0.295275,0
9.12401,19.5264,7.99056,-0.0735153,1.83183,-0.00642784,-0.0117747,FRENET,0.290248,1.03485,0.290248,0,1.03485,0.295275,0
9.12859,19.5449,7.98921,-0.073355,1.89032,0.0227439,0.0429933,FRENET,0.290248,1.03485,0.290248,0,1.03485,0.295275,0
9.132,19.5449,7.98921,-0.073355,1.89032,0.0227439,0.0429933,FRENET,0.265911,1.03485,0.265911,0,1.03485,0.297529,0
9.136,19.5449,7.98921,-0.073355,1.89032,0.0227439,0.0429933,FRENET,0.265911,1.03485,0.265911,0,1.03485,0.297529,0
9.13998,19.5641,7.98783,-0.0730655,1.94604,0.0464669,0.0904262,FRENET,0.265911,1.03485,0.265911,0,1.03485,0.297529,0
9.144,19.5641,7.98783,-0.0730655,1.94604,0.0464669,0.0904262,FRENET,0.265911,1.03485,0.265911,0,1.03485,0.297529,0
9.1486,19.5837,7.98645,-0.0724797,1.9991,0.0565756,0.1131,FRENET,0.265911,1.03485,0.265911,0,1.03485,0.297529,0
9.15202,19.5837,7.98645,-0.0724797,1.9991,0.0565756,0.1131,FRENET,0.265911,1.03485,0.265911,0,1.03485,0.297529,0
9.15599,19.5837,7.98645,-0.0724797,1.9991,0.0565756,0.1131,FRENET,0.265911,1.03485,0.265911,0,1.03485,0.297529,0
9.15998,19.6039,7.98505,-0.0719139,2.04964,0.0693112,0.142063,FRENET,0.265911,1.03485,0.265911,0,1.03485,0.297529,0
9.164,19.6039,7.98505,-0.0719139,2.04964,0.0693112,0.142063,FRENET,0.265911,1.03485,0.265911,0,1.03485,0.297529,0
9.1686,19.6246,7.98365,-0.0711333,2.09778,0.0729262,0.152983,FRENET,0.265911,1.03485,0.265911,0,1.03485,0.297529,0
9.172,19.6246,7.98365,-0.0711333,2.09778,0.0729262,0.152983,FRENET,0.265911,1.03485,0.265911,0,1.03485,0.297529,0
9.176,19.6246,7.98365,-0.0711333,2.09778,0.0729262,0.152983,FRENET,0.265911,1.03485,0.265911,0,1.03485,0.297529,0
9.18002,19.6458,7.98222,-0.070428,2.14363,0.0815073,0.174721,FRENET,0.249851,1.03485,0.249851,0,1.03485,0.297595,0
9.18401,19.6458,7.98222,-0.070428,2.14363,0.0815073,0.174721,FRENET,0.249851,1.03485,0.249851,0,1.03485,0.297595,0
9.18859,19.6674,7.9808,-0.069538,2.18729,0.0824804,0.180409,FRENET,0.249851,1.03485,0.249851,0,1.03485,0.297595,0
9.19201,19.6674,7.9808,-0.069538,2.18729,0.0824804,0.180409,FRENET,0.249851,1.03485,0.249851,0,1.03485,0.297595,0
9.19601,19.6674,7.9808,-0.069538,2.18729,0.0824804,0.180409,FRENET,0.249851,1.03485,0.249851,0,1.03485,0.297595,0
9.2,19.6894,7.97936,-0.0687487,2.22889,0.089202,0.198821,FRENET,0.249851,1.03485,0.249851,0,1.03485,0.297595,0
9.20401,19.6894,7.97936,-0.0687487,2.22889,0.089202,0.198821,FRENET,0.249851,1.03485,0.249851,0,1.03485,0.297595,0
9.20856,19.7119,7.97792,-0.0677869,2.2685,0.088931,0.20174,FRENET,0.249851,1.03485,0.249851,0,1.03485,0.297595,0
9.21203,19.7119,7.97792,-0.0677869,2.2685,0.088931,0.20174,FRENET,0.249851,1.03485,0.249851,0,1.03485,0.297595,0
9.21602,19.7119,7.97792,-0.0677869,2.2685,0.088931,0.20174,FRENET,0.249851,1.03485,0.249851,0,1.03485,0.297595,0
9.21999,19.7347,7.97647,-0.0669395,2.30623,0.0946985,0.218396,FRENET,0.249851,1.03485,0.249851,0,1.03485,0.297595,0
9.22401,19.7347,7.97647,-0.0669395,2.30623,0.0946985,0.218396,FRENET,0.249851,1.03485,0.249851,0,1.03485,0.297595,0
9.22861,19.7579,7.97503,-0.0659249,2.34217,0.093769,0.219623,FRENET,0.249851,1.03485,0.249851,0,1.03485,0.297595,0
9.23201,19.7579,7.97503,-0.0659249,2.34217,0.093769,0.219623,FRENET,0.289766,1.03485,0.289766,0,1.03485,0.303709,0
9.23602,19.7579,7.97503,-0.0659249,2.34217,0.093769,0.219623,FRENET,0.289766,1.03485,0.289766,0,1.03485,0.303709,0
9.24,19.7814,7.97357,-0.0650332,2.37639,0.09899,0.235239,FRENET,0.289766,1.03485,0.289766,0,1.03485,0.303709,0
9.24401,19.7814,7.97357,-0.0650332,2.37639,0.09899,0.235239,FRENET,0.289766,1.03485,0.289766,0,1.03485,0.303709,0
9.24859,19.8053,7.97213,-0.0639765,2.40899,0.0976767,0.235303,FRENET,0.289766,1.03485,0.289766,0,1.03485,0.303709,0
9.25202,19.8053,7.97213,-0.0639765,2.40899,0.0976767,0.235303,FRENET,0.289766,1.03485,0.289766,0,1.03485,0.303709,0
9.25603,19.8053,7.97213,-0.0639765,2.40899,0.0976767,0.235303,FRENET,0.289766,1.03485,0.289766,0,1.03485,0.303709,0
9.26,19.8295,7.97068,-0.0630487,2.44004,0.102554,0.250237,FRENET,0.289766,1.03485,0.289766,0,1.03485,0.303709,0
9.26401,19.8295,7.97068,-0.0630487,2.44004,0.102554,0.250237,FRENET,0.289766,1.03485,0.289766,0,1.03485,0.303709,0
9.2686,19.854,7.96924,-0.0619565,2.46962,0.100996,0.249423,FRENET,0.289766,1.03485,0.289766,0,1.03485,0.303709,0
9.27201,19.854,7.96924,-0.0619565,2.46962,0.100996,0.249423,FRENET,0.289766,1.03485,0.289766,0,1.03485,0.303709,0
9.27602,19.854,7.96924,-0.0619565,2.46962,0.100996,0.249423,FRENET,0.289766,1.03485,0.289766,0,1.03485,0.303709,0
9.28003,19.8788,7.9678,-0.0609978,2.49779,0.105639,0.263864,FRENET,0.274072,2.23692,0.274072,0,2.23692,0.315738,0
9.28401,19.8788,7.9678,-0.0609978,2.49779,0.105639,0.263864,FRENET,0.274072,2.23692,0.274072,0,2.23692,0.315738,0
9.2886,19.9038,7.96638,-0.0598621,2.5104,0.105179,0.264042,FRENET,0.274072,2.23692,0.274072,0,2.23692,0.315738,0
9.29201,19.9038,7.96638,-0.0598621,2.5104,0.105179,0.264042,FRENET,0.274072,2.23692,0.274072,0,2.23692,0.315738,0
9.29601,19.9038,7.96638,-0.0598621,2.5104,0.105179,0.264042,FRENET,0.274072,2.23692,0.274072,0,2.23692,0.315738,0
9.30001,19.929,7.96497,-0.0588627,2.52242,0.110717,0.279275,FRENET,0.274072,2.23692,0.274072,0,2.23692,0.315738,0
9.30402,19.929,7.96497,-0.0588627,2.52242,0.110717,0.279275,FRENET,0.274072,2.23692,0.274072,0,2.23692,0.315738,0
9.3086,19.9542,7.96359,-0.0576837,2.53387,0.10879,0.275658,FRENET,0.274072,2.23692,0.274072,0,2.23692,0.315738,0
9.31201,19.9542,7.96359,-0.0576837,2.53387,0.10879,0.275658,FRENET,0.274072,2.23692,0.274072,0,2.23692,0.315738,0
9.31601,19.9542,7.96359,-0.0576837,2.53387,0.10879,0.275658,FRENET,0.274072,2.23692,0.274072,0,2.23692,0.315738,0
9.32,19.9796,7.96222,-0.0566538,2.54477,0.113372,0.288506,FRENET,0.274072,2.23692,0.274072,0,2.23692,0.315738,0
9.32402,19.9796,7.96222,-0.0566538,2.54477,0.113372,0.288506,FRENET,0.274072,2.23692,0.274072,0,2.23692,0.315738,0
9.3286,20.005,7.96087,-0.0554511,2.55516,0.110841,0.283215,FRENET,0.274072,2.23692,0.274072,0,2.23692,0.315738,0
9.33201,20.005,7.96087,-0.0554511,2.55516,0.110841,0.283215,FRENET,0.246685,2.23692,0.246685,0,2.23692,0.318209,0
9.33601,20.005,7.96087,-0.0554511,2.55516,0.110841,0.283215,FRENET,0.246685,2.23692,0.246685,0,2.23692,0.318209,0
9.34,20.0306,7.95954,-0.0544032,2.56505,0.115019,0.295029,FRENET,0.246685,2.23692,0.246685,0,2.23692,0.318209,0
9.34403,20.0306,7.95954,-0.0544032,2.56505,0.115019,0.295029,FRENET,0.246685,2.23692,0.246685,0,2.23692,0.318209,0
9.34859,20.0563,7.95824,-0.0531851,2.57447,0.112232,0.288937,FRENET,0.246685,2.23692,0.246685,0,2.23692,0.318209,0
9.35201,20.0563,7.95824,-0.0531851,2.57447,0.112232,0.288937,FRENET,0.246685,2.23692,0.246685,0,2.23692,0.318209,0
9.35601,20.0563,7.95824,-0.0531851,2.57447,0.112232,0.288937,FRENET,0.246685,2.23692,0.246685,0,2.23692,0.318209,0
9.36,20.082,7.95696,-0.0521245,2.58344,0.116228,0.300268,FRENET,0.246685,2.23692,0.246685,0,2.23692,0.318209,0
9.36401,20.082,7.95696,-0.0521245,2.58344,0.116228,0.300268,FRENET,0.246685,2.23692,0.246685,0,2.23692,0.318209,0
9.36862,20.1079,7.95571,-0.0508946,2.59199,0.113325,0.293737,FRENET,0.246685,2.23692,0.246685,0,2.23692,0.318209,0
9.37201,20.1079,7.95571,-0.0508946,2.59199,0.113325,0.293737,FRENET,0.246685,2.23692,0.246685,0,2.23692,0.318209,0
9.37601,20.1079,7.95571,-0.0508946,2.59199,0.113325,0.293737,FRENET,0.246685,2.23692,0.246685,0,2.23692,0.318209,0
9.38,20.1338,7.95446,-0.0498289,2.61201,0.115486,0.301652,FRENET,0.272981,2.23692,0.272981,0,2.23692,0.316802,0
9.38404,20.1338,7.95446,-0.0498289,2.61201,0.115486,0.301652,FRENET,0.272981,2.23692,0.272981,0,2.23692,0.316802,0
9.38861,20.16,7.95325,-0.0486135,2.63109,0.112065,0.294853,FRENET,0.272981,2.23692,0.272981,0,2.23692,0.316802,0
9.39204,20.16,7.95325,-0.0486135,2.63109,0.112065,0.294853,FRENET,0.272981,2.23692,0.272981,0,2.23692,0.316802,0
9.39603,20.16,7.95325,-0.0486135,2.63109,0.112065,0.294853,FRENET,0.272981,2.23692,0.272981,0,2.23692,0.316802,0
9.4,20.1864,7.95205,-0.0475546,2.64925,0.115417,0.305768,FRENET,0.272981,2.23692,0.272981,0,2.23692,0.316802,0
9.40402,20.1864,7.95205,-0.0475546,2.64925,0.115417,0.305768,FRENET,0.272981,2.23692,0.272981,0,2.23692,0.316802,0
9.4086,20.213,7.95088,-0.0463352,2.66656,0.112737,0.30062,FRENET,0.272981,2.23692,0.272981,0,2.23692,0.316802,0
9.41203,20.213,7.95088,-0.0463352,2.66656,0.112737,0.30062,FRENET,0.272981,2.23692,0.272981,0,2.23692,0.316802,0
9.41602,20.213,7.95088,-0.0463352,2.66656,0.112737,0.30062,FRENET,0.272981,2.23692,0.272981,0,2.23692,0.316802,0
9.41998,20.2397,7.94972,-0.0452679,2.68304,0.116517,0.31262,FRENET,0.272981,2.23692,0.272981,0,2.23692,0.316802,0
9.42399,20.2397,7.94972,-0.0452679,2.68304,0.116517,0.31262,FRENET,0.272981,2.23692,0.272981,0,2.23692,0.316802,0
9.42859,20.2666,7.94859,-0.0440355,2.69874,0.114092,0.307904,FRENET,0.272981,2.23692,0.272981,0,2.23692,0.316802,0
9.43202,20.2666,7.94859,-0.0440355,2.69874,0.114092,0.307904,FRENET,0.117824,1.81424,0.117824,0,1.81424,0.349235,0
9.436,20.2666,7.94859,-0.0440355,2.69874,0.114092,0.307904,FRENET,0.117824,1.81424,0.117824,0,1.81424,0.349235,0
9.43999,20.2931,7.94749,-0.0429028,2.60364,0.135433,0.352619,FRENET,0.117824,1.81424,0.117824,0,1.81424,0.349235,0
9.444,20.2931,7.94749,-0.0429028,2.60364,0.135433,0.352619,FRENET,0.117824,1.81424,0.117824,0,1.81424,0.349235,0
9.44859,20.3186,7.94649,-0.0414061,2.50854,0.138662,0.347838,FRENET,0.117824,1.81424,0.117824,0,1.81424,0.349235,0
9.452,20.3186,7.94649,-0.0414061,2.50854,0.138662,0.347838,FRENET,0.117824,1.81424,0.117824,0,1.81424,0.349235,0
9.456,20.3186,7.94649,-0.0414061,2.50854,0.138662,0.347838,FRENET,0.117824,1.81424,0.117824,0,1.81424,0.349235,0
9.45998,20.3432,7.94549,-0.0405025,2.41344,0.0268703,0.0648498,FRENET,0.117824,1.81424,0.117824,0,1.81424,0.349235,0
9.46405,20.3432,7.94549,-0.0405025,2.41344,0.0268703,0.0648498,FRENET,0.117824,1.81424,0.117824,0,1.81424,0.349235,0
9.4686,20.3668,7.94446,-0.0406696,2.31834,-0.0301437,-0.0698832,FRENET,0.117824,1.81424,0.117824,0,1.81424,0.349235,0
9.472,20.3668,7.94446,-0.0406696,2.31834,-0.0301437,-0.0698832,FRENET,0.117824,1.81424,0.117824,0,1.81424,0.349235,0
9.47601,20.3668,7.94446,-0.0406696,2.31834,-0.0301437,-0.0698832,FRENET,0.117824,1.81424,0.117824,0,1.81424,0.349235,0
9.48,20.3895,7.94346,-0.0410868,2.22324,-0.0741854,-0.164932,FRENET,0.131869,1.81424,0.131869,0,1.81424,0.31404,0
9.484,20.3895,7.94346,-0.0410868,2.22324,-0.0741854,-0.164932,FRENET,0.131869,1.81424,0.131869,0,1.81424,0.31404,0
9.4886,20.4112,7.94245,-0.0420325,2.12814,-0.0882292,-0.187764,FRENET,0.131869,1.81424,0.131869,0,1.81424,0.31404,0
9.492,20.4112,7.94245,-0.0420325,2.12814,-0.0882292,-0.187764,FRENET,0.131869,1.81424,0.131869,0,1.81424,0.31404,0
9.496,20.4112,7.94245,-0.0420325,2.12814,-0.0882292,-0.187764,FRENET,0.131869,1.81424,0.131869,0,1.81424,0.31404,0
9.49999,20.432,7.94148,-0.042891,2.03304,-0.106662,-0.216847,FRENET,0.131869,1.81424,0.131869,0,1.81424,0.31404,0
9.504,20.432,7.94148,-0.042891,2.03304,-0.106662,-0.216847,FRENET,0.131869,1.81424,0.131869,0,1.81424,0.31404,0
9.50856,20.4519,7.94049,-0.0444747,1.93794,-0.222091,-0.430398,FRENET,0.131869,1.81424,0.131869,0,1.81424,0.31404,0
9.512,20.4519,7.94049,-0.0444747,1.93794,-0.222091,-0.430398,FRENET,0.131869,1.81424,0.131869,0,1.81424,0.31404,0
9.516,20.4519,7.94049,-0.0444747,1.93794,-0.222091,-0.430398,FRENET,0.131869,1.81424,0.131869,0,1.81424,0.31404,0
9.51999,20.4707,7.93944,-0.0470795,1.84284,-0.266813,-0.491693,FRENET,0.131869,1.81424,0.131869,0,1.81424,0.31404,0
9.52397,20.4707,7.93944,-0.0470795,1.84284,-0.266813,-0.491693,FRENET,0.131869,1.81424,0.131869,0,1.81424,0.31404,0
9.52859,20.4887,7.93838,-0.0497945,1.74774,-0.296792,-0.518713,FRENET,0.131869,1.81424,0.131869,0,1.81424,0.31404,0
9.53203,20.4887,7.93838,-0.0497945,1.74774,-0.296792,-0.518713,FRENET,0.124129,1.81424,0.124129,0,1.81424,0.280342,0
9.53604,20.4887,7.93838,-0.0497945,1.74774,-0.296792,-0.518713,FRENET,0.124129,1.81424,0.124129,0,1.81424,0.280342,0
9.54002,20.5056,7.9373,-0.05287,1.65264,-0.290906,-0.480761,FRENET,0.124129,1.81424,0.124129,0,1.81424,0.280342,0
9.54397,20.5056,7.9373,-0.05287,1.65264,-0.290906,-0.480761,FRENET,0.124129,1.81424,0.124129,0,1.81424,0.280342,0
9.54862,20.5216,7.93625,-0.0556737,1.55754,-0.293553,-0.45722,FRENET,0.124129,1.81424,0.124129,0,1.81424,0.280342,0
9.55203,20.5216,7.93625,-0.0556737,1.55754,-0.293553,-0.45722,FRENET,0.124129,1.81424,0.124129,0,1.81424,0.280342,0
9.55604,20.5216,7.93625,-0.0556737,1.55754,-0.293553,-0.45722,FRENET,0.124129,1.81424,0.124129,0,1.81424,0.280342,0
9.56002,20.5367,7.93519,-0.0586225,1.46244,-0.270044,-0.394922,FRENET,0.124129,1.81424,0.124129,0,1.81424,0.280342,0
9.56403,20.5367,7.93519,-0.0586225,1.46244,-0.270044,-0.394922,FRENET,0.124129,1.81424,0.124129,0,1.81424,0.280342,0
9.5686,20.5508,7.93417,-0.0611704,1.3675,-0.264686,-0.361958,FRENET,0.124129,1.81424,0.124129,0,1.81424,0.280342,0
9.57203,20.5508,7.93417,-0.0611704,1.3675,-0.264686,-0.361958,FRENET,0.124129,1.81424,0.124129,0,1.81424,0.280342,0
9.57604,20.5508,7.93417,-0.0611704,1.3675,-0.264686,-0.361958,FRENET,0.124129,1.81424,0.124129,0,1.81424,0.280342,0
9.58,20.5641,7.93315,-0.0637657,1.29062,-0.230955,-0.298075,FRENET,0.140846,1.81424,0.140846,0.0467254,1.81424,0.25563,0
9.58404,20.5641,7.93315,-0.0637657,1.29062,-0.230955,-0.298075,FRENET,0.140846,1.81424,0.140846,0.0467254,1.81424,0.25563,0
9.5886,20.5766,7.93215,-0.0658995,1.22836,-0.220452,-0.270795,FRENET,0.140846,1.81424,0.140846,0.0467254,1.81424,0.25563,0
9.59203,20.5766,7.93215,-0.0658995,1.22836,-0.220452,-0.270795,FRENET,0.140846,1.81424,0.140846,0.0467254,1.81424,0.25563,0
9.596,20.5766,7.93215,-0.0658995,1.22836,-0.220452,-0.270795,FRENET,0.140846,1.81424,0.140846,0.0467254,1.81424,0.25563,0
9.59999,20.5886,7.93114,-0.0680634,1.17795,-0.191257,-0.225291,FRENET,0.140846,1.81424,0.140846,0.0467254,1.81424,0.25563,0
9.604,20.5886,7.93114,-0.0680634,1.17795,-0.191257,-0.225291,FRENET,0.140846,1.81424,0.140846,0.0467254,1.81424,0.25563,0
9.60859,20.6001,7.93015,-0.0698454,1.13712,-0.188168,-0.21397,FRENET,0.140846,1.81424,0.140846,0.0467254,1.81424,0.25563,0
9.612,20.6001,7.93015,-0.0698454,1.13712,-0.188168,-0.21397,FRENET,0.140846,1.81424,0.140846,0.0467254,1.81424,0.25563,0
9.61599,20.6001,7.93015,-0.0698454,1.13712,-0.188168,-0.21397,FRENET,0.140846,1.81424,0.140846,0.0467254,1.81424,0.25563,0
9.61998,20.6113,7.92914,-0.0717216,1.10406,-0.166682,-0.184027,FRENET,0.140846,1.81424,0.140846,0.0467254,1.81424,0.25563,0
9.624,20.6113,7.92914,-0.0717216,1.10406,-0.166682,-0.184027,FRENET,0.140846,1.81424,0.140846,0.0467254,1.81424,0.25563,0
9.62858,20.6222,7.92814,-0.0732964,1.07729,-0.169875,-0.183004,FRENET,0.140846,1.81424,0.140846,0.0467254,1.81424,0.25563,0
9.63201,20.6222,7.92814,-0.0732964,1.07729,-0.169875,-0.183004,FRENET,0.0943744,2.39702,0.0943744,0.0781452,2.39702,0.247159,0
9.636,20.6222,7.92814,-0.0732964,1.07729,-0.169875,-0.183004,FRENET,0.0943744,2.39702,0.0943744,0.0781452,2.39702,0.247159,0
9.63999,20.6328,7.92713,-0.0750116,1.05677,-0.153244,-0.161943,FRENET,0.0943744,2.39702,0.0943744,0.0781452,2.39702,0.247159,0
9.644,20.6328,7.92713,-0.0750116,1.05677,-0.153244,-0.161943,FRENET,0.0943744,2.39702,0.0943744,0.0781452,2.39702,0.247159,0
9.64859,20.6432,7.92613,-0.0764745,1.04015,-0.159928,-0.16635,FRENET,0.0943744,2.39702,0.0943744,0.0781452,2.39702,0.247159,0
9.65201,20.6432,7.92613,-0.0764745,1.04015,-0.159928,-0.16635,FRENET,0.0943744,2.39702,0.0943744,0.0781452,2.39702,0.247159,0
9.656,20.6432,7.92613,-0.0764745,1.04015,-0.159928,-0.16635,FRENET,0.0943744,2.39702,0.0943744,0.0781452,2.39702,0.247159,0
9.65999,20.6535,7.9251,-0.0781029,1.02669,-0.145983,-0.14988,FRENET,0.0943744,2.39702,0.0943744,0.0781452,2.39702,0.247159,0
9.664,20.6535,7.9251,-0.0781029,1.02669,-0.145983,-0.14988,FRENET,0.0943744,2.39702,0.0943744,0.0781452,2.39702,0.247159,0
9.66858,20.6637,7.92409,-0.0795048,1.0158,-0.154461,-0.156901,FRENET,0.0943744,2.39702,0.0943744,0.0781452,2.39702,0.247159,0
9.672,20.6637,7.92409,-0.0795048,1.0158,-0.154461,-0.156901,FRENET,0.0943744,2.39702,0.0943744,0.0781452,2.39702,0.247159,0
9.67601,20.6637,7.92409,-0.0795048,1.0158,-0.154461,-0.156901,FRENET,0.0943744,2.39702,0.0943744,0.0781452,2.39702,0.247159,0
9.67999,20.6737,7.92305,-0.0810839,1.00697,-0.141767,-0.142755,FRENET,0.0974617,2.39702,0.0974617,0.0979683,2.39702,0.241444,0
9.684,20.6737,7.92305,-0.0810839,1.00697,-0.141767,-0.142755,FRENET,0.0974617,2.39702,0.0974617,0.0979683,2.39702,0.241444,0
9.68859,20.6837,7.92202,-0.0824499,0.999828,-0.151168,-0.151142,FRENET,0.0974617,2.39702,0.0974617,0.0979683,2.39702,0.241444,0
9.692,20.6837,7.92202,-0.0824499,0.999828,-0.151168,-0.151142,FRENET,0.0974617,2.39702,0.0974617,0.0979683,2.39702,0.241444,0
9.69601,20.6837,7.92202,-0.0824499,0.999828,-0.151168,-0.151142,FRENET,0.0974617,2.39702,0.0974617,0.0979683,2.39702,0.241444,0
9.69998,20.6936,7.92097,-0.0839989,0.994042,-0.139154,-0.138325,FRENET,0.0974617,2.39702,0.0974617,0.0979683,2.39702,0.241444,0
9.704,20.6936,7.92097,-0.0839989,0.994042,-0.139154,-0.138325,FRENET,0.0974617,2.39702,0.0974617,0.0979683,2.39702,0.241444,0
9.70858,20.7035,7.91992,-0.0853423,0.989356,-0.149092,-0.147505,FRENET,0.0974617,2.39702,0.0974617,0.0979683,2.39702,0.241444,0
9.71199,20.7035,7.91992,-0.0853423,0.989356,-0.149092,-0.147505,FRENET,0.0974617,2.39702,0.0974617,0.0979683,2.39702,0.241444,0
9.716,20.7035,7.91992,-0.0853423,0.989356,-0.149092,-0.147505,FRENET,0.0974617,2.39702,0.0974617,0.0979683,2.39702,0.241444,0
9.71999,20.7133,7.91884,-0.0868721,0.985561,-0.137486,-0.1355,FRENET,0.0974617,2.39702,0.0974617,0.0979683,2.39702,0.241444,0
9.724,20.7133,7.91884,-0.0868721,0.985561,-0.137486,-0.1355,FRENET,0.0974617,2.39702,0.0974617,0.0979683,2.39702,0.241444,0
9.72859,20.7231,7.91777,-0.0882012,0.982488,-0.147756,-0.145168,FRENET,0.0974617,2.39702,0.0974617,0.0979683,2.39702,0.241444,0
9.732,20.7231,7.91777,-0.0882012,0.982488,-0.147756,-0.145168,FRENET,0.105339,2.39702,0.105339,0.219026,2.39702,0.230294,0
9.736,20.7231,7.91777,-0.0882012,0.982488,-0.147756,-0.145168,FRENET,0.105339,2.39702,0.105339,0.219026,2.39702,0.230294,0
9.73999,20.7328,7.91668,-0.0897186,0.979999,-0.136405,-0.133677,FRENET,0.105339,2.39702,0.105339,0.219026,2.39702,0.230294,0
9.744,20.7328,7.91668,-0.0897186,0.979999,-0.136405,-0.133677,FRENET,0.105339,2.39702,0.105339,0.219026,2.39702,0.230294,0
9.74859,20.7426,7.91558,-0.0910383,0.977984,-0.146888,-0.143654,FRENET,0.105339,2.39702,0.105339,0.219026,2.39702,0.230294,0
9.752,20.7426,7.91558,-0.0910383,0.977984,-0.146888,-0.143654,FRENET,0.105339,2.39702,0.105339,0.219026,2.39702,0.230294,0
9.756,20.7426,7.91558,-0.0910383,0.977984,-0.146888,-0.143654,FRENET,0.105339,2.39702,0.105339,0.219026,2.39702,0.230294,0
9.75999,20.7523,7.91447,-0.0925477,0.976352,-0.135702,-0.132493,FRENET,0.105339,2.39702,0.105339,0.219026,2.39702,0.230294,0
9.76401,20.7523,7.91447,-0.0925477,0.976352,-0.135702,-0.132493,FRENET,0.105339,2.39702,0.105339,0.219026,2.39702,0.230294,0
9.76859,20.762,7.91337,-0.0936163,0.975031,-0.0714705,-0.0696859,FRENET,0.105339,2.39702,0.105339,0.219026,2.39702,0.230294,0
9.772,20.762,7.91337,-0.0936163,0.975031,-0.0714705,-0.0696859,FRENET,0.105339,2.39702,0.105339,0.219026,2.39702,0.230294,0
9.77599,20.762,7.91337,-0.0936163,0.975031,-0.0714705,-0.0696859,FRENET,0.105339,2.39702,0.105339,0.219026,2.39702,0.230294,0
9.78,20.7717,7.91233,-0.0941744,0.973961,-0.0637056,-0.0620467,FRENET,0.0996519,2.39702,0.0996519,0.677254,2.39702,0.345177,0
9.78401,20.7717,7.91233,-0.0941744,0.973961,-0.0637056,-0.0620467,FRENET,0.0996519,2.39702,0.0996519,0.677254,2.39702,0.345177,0
9.78858,20.7813,7.9113,-0.0948121,0.973094,-0.046044,-0.0448052,FRENET,0.0996519,2.39702,0.0996519,0.677254,2.39702,0.345177,0
9.792,20.7813,7.9113,-0.0948121,0.973094,-0.046044,-0.0448052,FRENET,0.0996519,2.39702,0.0996519,0.677254,2.39702,0.345177,0
9.796,20.7813,7.9113,-0.0948121,0.973094,-0.046044,-0.0448052,FRENET,0.0996519,2.39702,0.0996519,0.677254,2.39702,0.345177,0
9.79998,20.791,7.91029,-0.0952149,0.972392,-0.0542935,-0.0527946,FRENET,0.0996519,2.39702,0.0996519,0.677254,2.39702,0.345177,0
9.804,20.791,7.91029,-0.0952149,0.972392,-0.0542935,-0.0527946,FRENET,0.0996519,2.39702,0.0996519,0.677254,2.39702,0.345177,0
9.8086,20.8007,7.90927,-0.0957932,0.971824,-0.0423106,-0.0411185,FRENET,0.0996519,2.39702,0.0996519,0.677254,2.39702,0.345177,0
9.812,20.8007,7.90927,-0.0957932,0.971824,-0.0423106,-0.0411185,FRENET,0.0996519,2.39702,0.0996519,0.677254,2.39702,0.345177,0
9.81599,20.8007,7.90927,-0.0957932,0.971824,-0.0423106,-0.0411185,FRENET,0.0996519,2.39702,0.0996519,0.677254,2.39702,0.345177,0
9.81998,20.8103,7.90827,-0.0961716,0.971364,-0.0526784,-0.0511699,FRENET,0.0996519,2.39702,0.0996519,0.677254,2.39702,0.345177,0
9.824,20.8103,7.90827,-0.0961716,0.971364,-0.0526784,-0.0511699,FRENET,0.0996519,2.39702,0.0996519,0.677254,2.39702,0.345177,0
9.82857,20.82,7.90725,-0.0967387,0.970991,-0.0415412,-0.0403362,FRENET,0.0996519,2.39702,0.0996519,0.677254,2.39702,0.345177,0
9.83201,20.82,7.90725,-0.0967387,0.970991,-0.0415412,-0.0403362,FGM,0.687609,0.345225,0.174831,0.687609,1.79663,0.345225,0
9.83604,20.82,7.90725,-0.0967387,0.970991,-0.0415412,-0.0403362,FGM,0.687609,0.345225,0.174831,0.687609,1.79663,0.345225,0
9.84002,20.8301,7.90619,-0.0971342,1.06609,-0.0488291,-0.0520563,FGM,0.687609,0.345225,0.174831,0.687609,1.79663,0.345225,0
9.84403,20.8301,7.90619,-0.0971342,1.06609,-0.0488291,-0.0520563,FGM,0.687609,0.345225,0.174831,0.687609,1.79663,0.345225,0
9.84861,20.8412,7.90502,-0.0977446,1.16119,-0.070772,-0.0821798,FGM,0.687609,0.345225,0.174831,0.687609,1.79663,0.345225,0
9.85204,20.8412,7.90502,-0.0977446,1.16119,-0.070772,-0.0821798,FGM,0.687609,0.345225,0.174831,0.687609,1.79663,0.345225,0
9.856,20.8412,7.90502,-0.0977446,1.16119,-0.070772,-0.0821798,FGM,0.687609,0.345225,0.174831,0.687609,1.79663,0.345225,0
9.85998,20.8532,7.90372,-0.09845,1.25629,-0.0614952,-0.0772558,FGM,0.687609,0.345225,0.174831,0.687609,1.79663,0.345225,0
9.864,20.8532,7.90372,-0.09845,1.25629,-0.0614952,-0.0772558,FGM,0.687609,0.345225,0.174831,0.687609,1.79663,0.345225,0
9.86856,20.8662,7.90235,-0.0988659,1.35139,-0.0165421,-0.0223549,FGM,0.687609,0.345225,0.174831,0.687609,1.79663,0.345225,0
9.87198,20.8662,7.90235,-0.0988659,1.35139,-0.0165421,-0.0223549,FGM,0.687609,0.345225,0.174831,0.687609,1.79663,0.345225,0
9.87598,20.8662,7.90235,-0.0988659,1.35139,-0.0165421,-0.0223549,FGM,0.687609,0.345225,0.174831,0.687609,1.79663,0.345225,0
9.87997,20.8801,7.90093,-0.0988646,1.44358,0.00423354,0.00611145,FGM,0.526972,0.343932,0.185339,0.526972,1.79663,0.343932,0
9.88397,20.8801,7.90093,-0.0988646,1.44358,0.00423354,0.00611145,FGM,0.526972,0.343932,0.185339,0.526972,1.79663,0.343932,0
9.88855,20.8949,7.89945,-0.098767,1.5299,0.0249642,0.0381928,FGM,0.526972,0.343932,0.185339,0.526972,1.79663,0.343932,0
9.89197,20.8949,7.89945,-0.098767,1.5299,0.0249642,0.0381928,FGM,0.526972,0.343932,0.185339,0.526972,1.79663,0.343932,0
9.89596,20.8949,7.89945,-0.098767,1.5299,0.0249642,0.0381928,FGM,0.526972,0.343932,0.185339,0.526972,1.79663,0.343932,0
9.89995,20.9105,7.89793,-0.0984109,1.61213,0.0344555,0.0555466,FGM,0.526972,0.343932,0.185339,0.526972,1.79663,0.343932,0
9.90398,20.9105,7.89793,-0.0984109,1.61213,0.0344555,0.0555466,FGM,0.526972,0.343932,0.185339,0.526972,1.79663,0.343932,0
9.90855,20.927,7.89634,-0.0980533,1.69044,0.047916,0.0809991,FGM,0.526972,0.343932,0.185339,0.526972,1.79663,0.343932,0
9.91196,20.927,7.89634,-0.0980533,1.69044,0.047916,0.0809991,FGM,0.526972,0.343932,0.185339,0.526972,1.79663,0.343932,0
9.91596,20.927,7.89634,-0.0980533,1.69044,0.047916,0.0809991,FGM,0.526972,0.343932,0.185339,0.526972,1.79663,0.343932,0
9.91995,20.9442,7.89471,-0.0974896,1.76503,0.0528534,0.0932877,FGM,0.526972,0.343932,0.185339,0.526972,1.79663,0.343932,0
9.92397,20.9442,7.89471,-0.0974896,1.76503,0.0528534,0.0932877,FGM,0.526972,0.343932,0.185339,0.526972,1.79663,0.343932,0
9.92855,20.9621,7.89303,-0.0969689,1.83607,0.0628545,0.115405,FGM,0.526972,0.343932,0.185339,0.526972,1.79663,0.343932,0
9.93197,20.9621,7.89303,-0.0969689,1.83607,0.0628545,0.115405,FGM,0.0263521,0.379032,0.167732,0.0263521,1.79663,0.379032,0
9.93596,20.9621,7.89303,-0.0969689,1.83607,0.0628545,0.115405,FGM,0.0263521,0.379032,0.167732,0.0263521,1.79663,0.379032,0
9.93995,20.9807,7.89131,-0.0962661,1.90369,0.0653975,0.124496,FGM,0.0263521,0.379032,0.167732,0.0263521,1.79663,0.379032,0
9.94396,20.9807,7.89131,-0.0962661,1.90369,0.0653975,0.124496,FGM,0.0263521,0.379032,0.167732,0.0263521,1.79663,0.379032,0
9.94856,21,7.88953,-0.0956326,1.96809,0.073416,0.144489,FGM,0.0263521,0.379032,0.167732,0.0263521,1.79663,0.379032,0
9.95196,21,7.88953,-0.0956326,1.96809,0.073416,0.144489,FGM,0.0263521,0.379032,0.167732,0.0263521,1.79663,0.379032,0
9.95597,21,7.88953,-0.0956326,1.96809,0.073416,0.144489,FGM,0.0263521,0.379032,0.167732,0.0263521,1.79663,0.379032,0
9.95995,21.0199,7.88772,-0.0948294,2.02943,0.0745407,0.151275,FGM,0.0263521,0.379032,0.167732,0.0263521,1.79663,0.379032,0
9.96397,21.0199,7.88772,-0.0948294,2.02943,0.0745407,0.151275,FGM,0.0263521,0.379032,0.167732,0.0263521,1.79663,0.379032,0
9.96855,21.0404,7.88587,-0.094113,2.08785,0.0813332,0.169811,FGM,0.0263521,0.379032,0.167732,0.0263521,1.79663,0.379032,0
9.97197,21.0404,7.88587,-0.094113,2.08785,0.0813332,0.169811,FGM,0.0263521,0.379032,0.167732,0.0263521,1.79663,0.379032,0
9.97599,21.0404,7.88587,-0.094113,2.08785,0.0813332,0.169811,FGM,0.0263521,0.379032,0.167732,0.0263521,1.79663,0.379032,0
9.97996,21.0615,7.88399,-0.0932333,2.14349,0.0815803,0.174867,FGM,0,0.455984,0.241069,0,2.12155,0.455984,0
9.98397,21.0615,7.88399,-0.0932333,2.14349,0.0815803,0.174867,FGM,0,0.455984,0.241069,0,2.12155,0.455984,0
9.98856,21.0831,7.88208,-0.0924518,2.19195,0.0880279,0.192953,FGM,0,0.455984,0.241069,0,2.12155,0.455984,0
9.99197,21.0831,7.88208,-0.0924518,2.19195,0.0880279,0.192953,FGM,0,0.455984,0.241069,0,2.12155,0.455984,0
9.99597,21.0831,7.88208,-0.0924518,2.19195,0.0880279,0.192953,FGM,0,0.455984,0.241069,0,2.12155,0.455984,0
9.99999,21.1051,7.88015,-0.0915043,2.23811,0.0877303,0.19635,FGM,0,0.455984,0.241069,0,2.12155,0.455984,0
10.004,21.1051,7.88015,-0.0915043,2.23811,0.0877303,0.19635,FGM,0,0.455984,0.241069,0,2.12155,0.455984,0
10.0086,21.1276,7.87818,-0.0906675,2.28208,0.0933277,0.212981,FGM,0,0.455984,0.241069,0,2.12155,0.455984,0
10.012,21.1276,7.87818,-0.0906675,2.28208,0.0933277,0.212981,FGM,0,0.455984,0.241069,0,2.12155,0.455984,0
10.016,21.1276,7.87818,-0.0906675,2.28208,0.0933277,0.212981,FGM,0,0.455984,0.241069,0,2.12155,0.455984,0
10.02,21.1506,7.87622,-0.0896684,2.32395,0.0924773,0.214913,FGM,0,0.455984,0.241069,0,2.12155,0.455984,0
10.024,21.1506,7.87622,-0.0896684,2.32395,0.0924773,0.214913,FGM,0,0.455984,0.241069,0,2.12155,0.455984,0
10.0286,21.1739,7.87422,-0.088788,2.36383,0.0976144,0.230744,FGM,0,0.455984,0.241069,0,2.12155,0.455984,0
10.032,21.1739,7.87422,-0.088788,2.36383,0.0976144,0.230744,FGM,0.0372962,0.228853,0.25583,0.0372962,2.12155,0.228853,0
10.036,21.1739,7.87422,-0.088788,2.36383,0.0976144,0.230744,FGM,0.0372962,0.228853,0.25583,0.0372962,2.12155,0.228853,0
10.04,21.197,7.87228,-0.0876406,2.26873,0.105941,0.240351,FGM,0.0372962,0.228853,0.25583,0.0372962,2.12155,0.228853,0
10.044,21.197,7.87228,-0.0876406,2.26873,0.105941,0.240351,FGM,0.0372962,0.228853,0.25583,0.0372962,2.12155,0.228853,0
10.0486,21.2192,7.87043,-0.0866246,2.17363,0.120755,0.262476,FGM,0.0372962,0.228853,0.25583,0.0372962,2.12155,0.228853,0
10.052,21.2192,7.87043,-0.0866246,2.17363,0.120755,0.262476,FGM,0.0372962,0.228853,0.25583,0.0372962,2.12155,0.228853,0
10.056,21.2192,7.87043,-0.0866246,2.17363,0.120755,0.262476,FGM,0.0372962,0.228853,0.25583,0.0372962,2.12155,0.228853,0
10.06,21.2403,7.86869,-0.0853107,2.07853,0.116832,0.24284,FGM,0.0372962,0.228853,0.25583,0.0372962,2.12155,0.228853,0
10.064,21.2403,7.86869,-0.0853107,2.07853,0.116832,0.24284,FGM,0.0372962,0.228853,0.25583,0.0372962,2.12155,0.228853,0
10.0686,21.2606,7.867,-0.0846256,1.98974,0.00693486,0.0137985,FGM,0.0372962,0.228853,0.25583,0.0372962,2.12155,0.228853,0
10.072,21.2606,7.867,-0.0846256,1.98974,0.00693486,0.0137985,FGM,0.0372962,0.228853,0.25583,0.0372962,2.12155,0.228853,0
10.076,21.2606,7.867,-0.0846256,1.98974,0.00693486,0.0137985,FGM,0.0372962,0.228853,0.25583,0.0372962,2.12155,0.228853,0
10.08,21.2801,7.86527,-0.0853062,1.91783,-0.149284,-0.2863,FGM,0,0.470182,0.265605,0,2.12155,0.470182,0
10.084,21.2801,7.86527,-0.0853062,1.91783,-0.149284,-0.2863,FGM,0,0.470182,0.265605,0,2.12155,0.470182,0
10.0886,21.2995,7.86341,-0.0872238,1.98008,-0.240099,-0.475416,FGM,0,0.470182,0.265605,0,2.12155,0.470182,0
10.092,21.2995,7.86341,-0.0872238,1.98008,-0.240099,-0.475416,FGM,0,0.470182,0.265605,0,2.12155,0.470182,0
10.096,21.2995,7.86341,-0.0872238,1.98008,-0.240099,-0.475416,FGM,0,0.470182,0.265605,0,2.12155,0.470182,0
10.1,21.3195,7.86135,-0.0902133,2.03938,-0.361712,-0.737667,FGM,0,0.470182,0.265605,0,2.12155,0.470182,0
10.104,21.3195,7.86135,-0.0902133,2.03938,-0.361712,-0.737667,FGM,0,0.470182,0.265605,0,2.12155,0.470182,0
10.1086,21.34,7.85904,-0.0943144,2.09585,-0.440256,-0.922712,FGM,0,0.470182,0.265605,0,2.12155,0.470182,0
10.112,21.34,7.85904,-0.0943144,2.09585,-0.440256,-0.922712,FGM,0,0.470182,0.265605,0,2.12155,0.470182,0
10.1161,21.34,7.85904,-0.0943144,2.09585,-0.440256,-0.922712,FGM,0,0.470182,0.265605,0,2.12155,0.470182,0
10.12,21.3611,7.85654,-0.0987523,2.14964,-0.435575,-0.936331,FGM,0,0.470182,0.265605,0,2.12155,0.470182,0
10.124,21.3611,7.85654,-0.0987523,2.14964,-0.435575,-0.936331,FGM,0,0.470182,0.265605,0,2.12155,0.470182,0
10.1286,21.3827,7.85391,-0.102847,2.20087,-0.375478,-0.826379,FGM,0,0.470182,0.265605,0,2.12155,0.470182,0
10.132,21.3827,7.85391,-0.102847,2.20087,-0.375478,-0.826379,FGM,0.0322562,0.221223,0.267237,0.0322562,2.12155,0.221223,0
10.136,21.3827,7.85391,-0.102847,2.20087,-0.375478,-0.826379,FGM,0.0322562,0.221223,0.267237,0.0322562,2.12155,0.221223,0
10.14,21.4041,7.85132,-0.106043,2.10577,-0.250821,-0.528173,FGM,0.0322562,0.221223,0.267237,0.0322562,2.12155,0.221223,0
10.144,21.4041,7.85132,-0.106043,2.10577,-0.250821,-0.528173,FGM,0.0322562,0.221223,0.267237,0.0322562,2.12155,0.221223,0
10.1486,21.4245,7.84894,-0.107692,2.01067,-0.0725231,-0.14582,FGM,0.0322562,0.221223,0.267237,0.0322562,2.12155,0.221223,0
10.152,21.4245,7.84894,-0.107692,2.01067,-0.0725231,-0.14582,FGM,0.0322562,0.221223,0.267237,0.0322562,2.12155,0.221223,0
10.156,21.4245,7.84894,-0.107692,2.01067,-0.0725231,-0.14582,FGM,0.0322562,0.221223,0.267237,0.0322562,2.12155,0.221223,0
10.16,21.4441,7.84678,-0.107832,1.9227,0.0102987,0.0198012,FGM,0.0322562,0.221223,0.267237,0.0322562,2.12155,0.221223,0
10.164,21.4441,7.84678,-0.107832,1.9227,0.0102987,0.0198012,FGM,0.0322562,0.221223,0.267237,0.0322562,2.12155,0.221223,0
10.1686,21.4628,7.84472,-0.107932,1.85146,-0.0474841,-0.0879148,FGM,0.0322562,0.221223,0.267237,0.0322562,2.12155,0.221223,0
10.172,21.4628,7.84472,-0.107932,1.85146,-0.0474841,-0.0879148,FGM,0.0322562,0.221223,0.267237,0.0322562,2.12155,0.221223,0
10.176,21.4628,7.84472,-0.107932,1.85146,-0.0474841,-0.0879148,FGM,0.0322562,0.221223,0.267237,0.0322562,2.12155,0.221223,0
10.18,21.4809,7.84265,-0.108973,1.79376,-0.168836,-0.302851,FGM,0.0346062,0.216881,0.115938,0.0346062,2.3069,0.216881,0
10.184,21.4809,7.84265,-0.108973,1.79376,-0.168836,-0.302851,FGM,0.0346062,0.216881,0.115938,0.0346062,2.3069,0.216881,0
10.1886,21.4985,7.8405,-0.111393,1.74027,-0.318804,-0.554804,FGM,0.0346062,0.216881,0.115938,0.0346062,2.3069,0.216881,0
10.192,21.4985,7.8405,-0.111393,1.74027,-0.318804,-0.554804,FGM,0.0346062,0.216881,0.115938,0.0346062,2.3069,0.216881,0
10.196,21.4985,7.8405,-0.111393,1.74027,-0.318804,-0.554804,FGM,0.0346062,0.216881,0.115938,0.0346062,2.3069,0.216881,0
10.2,21.5155,7.83825,-0.115007,1.69694,-0.374314,-0.63519,FGM,0.0346062,0.216881,0.115938,0.0346062,2.3069,0.216881,0
10.204,21.5155,7.83825,-0.115007,1.69694,-0.374314,-0.63519,FGM,0.0346062,0.216881,0.115938,0.0346062,2.3069,0.216881,0
10.2086,21.5321,7.83596,-0.118818,1.66186,-0.404177,-0.671687,FGM,0.0346062,0.216881,0.115938,0.0346062,2.3069,0.216881,0
10.212,21.5321,7.83596,-0.118818,1.66186,-0.404177,-0.671687,FGM,0.0346062,0.216881,0.115938,0.0346062,2.3069,0.216881,0
10.216,21.5321,7.83596,-0.118818,1.66186,-0.404177,-0.671687,FGM,0.0346062,0.216881,0.115938,0.0346062,2.3069,0.216881,0
10.22,21.5484,7.83356,-0.123268,1.63345,-0.494102,-0.807091,FGM,0.0346062,0.216881,0.115938,0.0346062,2.3069,0.216881,0
10.224,21.5484,7.83356,-0.123268,1.63345,-0.494102,-0.807091,FGM,0.0346062,0.216881,0.115938,0.0346062,2.3069,0.216881,0
10.2286,21.5645,7.83101,-0.128775,1.61045,-0.61146,-0.984724,FGM,0.0346062,0.216881,0.115938,0.0346062,2.3069,0.216881,0
10.232,21.5645,7.83101,-0.128775,1.61045,-0.61146,-0.984724,FRENET,0.106997,2.3069,0.106997,0,2.3069,0.410738,0
10.236,21.5645,7.83101,-0.128775,1.61045,-0.61146,-0.984724,FRENET,0.106997,2.3069,0.106997,0,2.3069,0.410738,0
10.24,21.5799,7.82834,-0.135559,1.51535,-0.700391,-1.06133,FRENET,0.106997,2.3069,0.106997,0,2.3069,0.410738,0
10.244,21.5799,7.82834,-0.135559,1.51535,-0.700391,-1.06133,FRENET,0.106997,2.3069,0.106997,0,2.3069,0.410738,0
10.2486,21.5943,7.82569,-0.142645,1.42025,-0.732113,-1.03978,FRENET,0.106997,2.3069,0.106997,0,2.3069,0.410738,0
10.252,21.5943,7.82569,-0.142645,1.42025,-0.732113,-1.03978,FRENET,0.106997,2.3069,0.106997,0,2.3069,0.410738,0
10.256,21.5943,7.82569,-0.142645,1.42025,-0.732113,-1.03978,FRENET,0.106997,2.3069,0.106997,0,2.3069,0.410738,0
10.26,21.6078,7.82308,-0.149969,1.32515,-0.701421,-0.929485,FRENET,0.106997,2.3069,0.106997,0,2.3069,0.410738,0
10.264,21.6078,7.82308,-0.149969,1.32515,-0.701421,-0.929485,FRENET,0.106997,2.3069,0.106997,0,2.3069,0.410738,0
10.2686,21.6204,7.82056,-0.156339,1.24445,-0.563254,-0.700939,FRENET,0.106997,2.3069,0.106997,0,2.3069,0.410738,0
10.272,21.6204,7.82056,-0.156339,1.24445,-0.563254,-0.700939,FRENET,0.106997,2.3069,0.106997,0,2.3069,0.410738,0
10.276,21.6204,7.82056,-0.156339,1.24445,-0.563254,-0.700939,FRENET,0.106997,2.3069,0.106997,0,2.3069,0.410738,0
10.28,21.6322,7.81818,-0.161156,1.1791,-0.400139,-0.471802,FRENET,0.119541,2.3069,0.119541,0,2.3069,0.368286,0
10.284,21.6322,7.81818,-0.161156,1.1791,-0.400139,-0.471802,FRENET,0.119541,2.3069,0.119541,0,2.3069,0.368286,0
10.2886,21.6436,7.81596,-0.164374,1.12617,-0.246533,-0.277639,FRENET,0.119541,2.3069,0.119541,0,2.3069,0.368286,0
10.292,21.6436,7.81596,-0.164374,1.12617,-0.246533,-0.277639,FRENET,0.119541,2.3069,0.119541,0,2.3069,0.368286,0
10.296,21.6436,7.81596,-0.164374,1.12617,-0.246533,-0.277639,FRENET,0.119541,2.3069,0.119541,0,2.3069,0.368286,0
10.3,21.6544,7.81389,-0.166148,1.08332,-0.111219,-0.120485,FRENET,0.119541,2.3069,0.119541,0,2.3069,0.368286,0
10.304,21.6544,7.81389,-0.166148,1.08332,-0.111219,-0.120485,FRENET,0.119541,2.3069,0.119541,0,2.3069,0.368286,0
10.3086,21.6649,7.81199,-0.166657,1.04861,0.00724729,0.00759962,FRENET,0.119541,2.3069,0.119541,0,2.3069,0.368286,0
10.312,21.6649,7.81199,-0.166657,1.04861,0.00724729,0.00759962,FRENET,0.119541,2.3069,0.119541,0,2.3069,0.368286,0
10.316,21.6649,7.81199,-0.166657,1.04861,0.00724729,0.00759962,FRENET,0.119541,2.3069,0.119541,0,2.3069,0.368286,0
10.32,21.6751,7.81025,-0.166325,1.02051,0.0295868,0.0301936,FRENET,0.119541,2.3069,0.119541,0,2.3069,0.368286,0
10.324,21.6751,7.81025,-0.166325,1.02051,0.0295868,0.0301936,FRENET,0.119541,2.3069,0.119541,0,2.3069,0.368286,0
10.3286,21.685,7.80858,-0.166013,0.997753,0.0510389,0.0509242,FRENET,0.119541,2.3069,0.119541,0,2.3069,0.368286,0
10.332,21.685,7.80858,-0.166013,0.997753,0.0510389,0.0509242,FRENET,0.138791,2.3069,0.138791,0.0646385,2.3069,0.316389,0
10.336,21.685,7.80858,-0.166013,0.997753,0.0510389,0.0509242,FRENET,0.138791,2.3069,0.138791,0.0646385,2.3069,0.316389,0
10.34,21.6948,7.80699,-0.165445,0.979323,0.0411877,0.0403361,FRENET,0.138791,2.3069,0.138791,0.0646385,2.3069,0.316389,0
10.344,21.6948,7.80699,-0.165445,0.979323,0.0411877,0.0403361,FRENET,0.138791,2.3069,0.138791,0.0646385,2.3069,0.316389,0
10.3486,21.7044,7.80543,-0.165076,0.964399,0.0529268,0.0510425,FRENET,0.138791,2.3069,0.138791,0.0646385,2.3069,0.316389,0
10.352,21.7044,7.80543,-0.165076,0.964399,0.0529268,0.0510425,FRENET,0.138791,2.3069,0.138791,0.0646385,2.3069,0.316389,0
10.356,21.7044,7.80543,-0.165076,0.964399,0.0529268,0.0510425,FRENET,0.138791,2.3069,0.138791,0.0646385,2.3069,0.316389,0
10.36,21.7139,7.80392,-0.164507,0.952313,0.0404737,0.0385436,FRENET,0.138791,2.3069,0.138791,0.0646385,2.3069,0.316389,0
10.364,21.7139,7.80392,-0.164507,0.952313,0.0404737,0.0385436,FRENET,0.138791,2.3069,0.138791,0.0646385,2.3069,0.316389,0
10.3686,21.7232,7.80243,-0.164147,0.942526,0.0518196,0.0488413,FRENET,0.138791,2.3069,0.138791,0.0646385,2.3069,0.316389,0
10.372,21.7232,7.80243,-0.164147,0.942526,0.0518196,0.0488413,FRENET,0.138791,2.3069,0.138791,0.0646385,2.3069,0.316389,0
10.376,21.7232,7.80243,-0.164147,0.942526,0.0518196,0.0488413,FRENET,0.138791,2.3069,0.138791,0.0646385,2.3069,0.316389,0
10.38,21.7325,7.80097,-0.16359,0.934601,0.0394189,0.0368409,FRENET,0.127476,2.74924,0.127476,0.0961259,2.74924,0.319138,0
10.384,21.7325,7.80097,-0.16359,0.934601,0.0394189,0.0368409,FRENET,0.127476,2.74924,0.127476,0.0961259,2.74924,0.319138,0
10.3886,21.7417,7.79952,-0.16324,0.92172,0.0513217,0.0473042,FRENET,0.127476,2.74924,0.127476,0.0961259,2.74924,0.319138,0
10.392,21.7417,7.79952,-0.16324,0.92172,0.0513217,0.0473042,FRENET,0.127476,2.74924,0.127476,0.0961259,2.74924,0.319138,0
10.396,21.7417,7.79952,-0.16324,0.92172,0.0513217,0.0473042,FRENET,0.127476,2.74924,0.127476,0.0961259,2.74924,0.319138,0
10.4,21.7507,7.79811,-0.16269,0.911288,0.0382149,0.0348248,FRENET,0.127476,2.74924,0.127476,0.0961259,2.74924,0.319138,0
10.404,21.7507,7.79811,-0.16269,0.911288,0.0382149,0.0348248,FRENET,0.127476,2.74924,0.127476,0.0961259,2.74924,0.319138,0
10.4086,21.7597,7.79667,-0.162594,0.902841,-0.0254045,-0.0229362,FRENET,0.127476,2.74924,0.127476,0.0961259,2.74924,0.319138,0
10.412,21.7597,7.79667,-0.162594,0.902841,-0.0254045,-0.0229362,FRENET,0.127476,2.74924,0.127476,0.0961259,2.74924,0.319138,0
10.416,21.7597,7.79667,-0.162594,0.902841,-0.0254045,-0.0229362,FRENET,0.127476,2.74924,0.127476,0.0961259,2.74924,0.319138,0
10.42,21.7685,7.7952,-0.162989,0.896,-0.0288124,-0.025816,FRENET,0.127476,2.74924,0.127476,0.0961259,2.74924,0.319138,0
10.424,21.7685,7.7952,-0.162989,0.896,-0.0288124,-0.025816,FRENET,0.127476,2.74924,0.127476,0.0961259,2.74924,0.319138,0
10.4286,21.7773,7.79372,-0.16327,0.890461,-0.0464073,-0.0413239,FRENET,0.127476,2.74924,0.127476,0.0961259,2.74924,0.319138,0
10.432,21.7773,7.79372,-0.16327,0.890461,-0.0464073,-0.0413239,FRENET,0.134084,2.74924,0.134084,0.0858675,2.74924,0.321916,0
10.436,21.7773,7.79372,-0.16327,0.890461,-0.0464073,-0.0413239,FRENET,0.134084,2.74924,0.134084,0.0858675,2.74924,0.321916,0
10.44,21.7861,7.79221,-0.163783,0.885975,-0.0353521,-0.031321,FRENET,0.134084,2.74924,0.134084,0.0858675,2.74924,0.321916,0
10.444,21.7861,7.79221,-0.163783,0.885975,-0.0353521,-0.031321,FRENET,0.134084,2.74924,0.134084,0.0858675,2.74924,0.321916,0
10.4486,21.7948,7.79072,-0.164101,0.882342,-0.0484429,-0.0427432,FRENET,0.134084,2.74924,0.134084,0.0858675,2.74924,0.321916,0
10.452,21.7948,7.79072,-0.164101,0.882342,-0.0484429,-0.0427432,FRENET,0.134084,2.74924,0.134084,0.0858675,2.74924,0.321916,0
10.456,21.7948,7.79072,-0.164101,0.882342,-0.0484429,-0.0427432,FRENET,0.134084,2.74924,0.134084,0.0858675,2.74924,0.321916,0
10.46,21.8035,7.78921,-0.164624,0.879401,-0.0359044,-0.0315744,FRENET,0.134084,2.74924,0.134084,0.0858675,2.74924,0.321916,0
10.464,21.8035,7.78921,-0.164624,0.879401,-0.0359044,-0.0315744,FRENET,0.134084,2.74924,0.134084,0.0858675,2.74924,0.321916,0
10.4686,21.8121,7.78771,-0.164946,0.877018,-0.0485444,-0.0425744,FRENET,0.134084,2.74924,0.134084,0.0858675,2.74924,0.321916,0
10.472,21.8121,7.78771,-0.164946,0.877018,-0.0485444,-0.0425744,FRENET,0.134084,2.74924,0.134084,0.0858675,2.74924,0.321916,0
10.476,21.8121,7.78771,-0.164946,0.877018,-0.0485444,-0.0425744,FRENET,0.134084,2.74924,0.134084,0.0858675,2.74924,0.321916,0
10.48,21.8208,7.7862,-0.165468,0.875089,-0.0358295,-0.031354,FRENET,0.132939,2.74924,0.132939,0.0649972,2.74924,0.29793,0
10.484,21.8208,7.7862,-0.165468,0.875089,-0.0358295,-0.031354,FRENET,0.132939,2.74924,0.132939,0.0649972,2.74924,0.29793,0
10.4886,21.8294,7.7847,-0.165789,0.873527,-0.0484401,-0.0423137,FRENET,0.132939,2.74924,0.132939,0.0649972,2.74924,0.29793,0
10.492,21.8294,7.7847,-0.165789,0.873527,-0.0484401,-0.0423137,FRENET,0.132939,2.74924,0.132939,0.0649972,2.74924,0.29793,0
10.496,21.8294,7.7847,-0.165789,0.873527,-0.0484401,-0.0423137,FRENET,0.132939,2.74924,0.132939,0.0649972,2.74924,0.29793,0
10.5,21.838,7.78319,-0.16631,0.872262,-0.0357049,-0.031144,FRENET,0.132939,2.74924,0.132939,0.0649972,2.74924,0.29793,0
10.504,21.838,7.78319,-0.16631,0.872262,-0.0357049,-0.031144,FRENET,0.132939,2.74924,0.132939,0.0649972,2.74924,0.29793,0
10.5086,21.8466,7.78169,-0.16663,0.871238,-0.0483352,-0.0421114,FRENET,0.132939,2.74924,0.132939,0.0649972,2.74924,0.29793,0
10.512,21.8466,7.78169,-0.16663,0.871238,-0.0483352,-0.0421114,FRENET,0.132939,2.74924,0.132939,0.0649972,2.74924,0.29793,0
10.516,21.8466,7.78169,-0.16663,0.871238,-0.0483352,-0.0421114,FRENET,0.132939,2.74924,0.132939,0.0649972,2.74924,0.29793,0
10.52,21.8551,7.78017,-0.16715,0.870408,-0.0356041,-0.0309901,FRENET,0.132939,2.74924,0.132939,0.0649972,2.74924,0.29793,0
10.524,21.8551,7.78017,-0.16715,0.870408,-0.0356041,-0.0309901,FRENET,0.132939,2.74924,0.132939,0.0649972,2.74924,0.29793,0
10.5286,21.8637,7.77866,-0.167469,0.869736,-0.0482561,-0.0419701,FRENET,0.132939,2.74924,0.132939,0.0649972,2.74924,0.29793,0
10.532,21.8637,7.77866,-0.167469,0.869736,-0.0482561,-0.0419701,FRENET,0.129072,2.74924,0.129072,0.0146128,2.74924,0.306914,0
10.536,21.8637,7.77866,-0.167469,0.869736,-0.0482561,-0.0419701,FRENET,0.129072,2.74924,0.129072,0.0146128,2.74924,0.306914,0
10.54,21.8723,7.77714,-0.167988,0.869192,-0.0355323,-0.0308844,FRENET,0.129072,2.74924,0.129072,0.0146128,2.74924,0.306914,0
10.544,21.8723,7.77714,-0.167988,0.869192,-0.0355323,-0.0308844,FRENET,0.129072,2.74924,0.129072,0.0146128,2.74924,0.306914,0
10.5486,21.8808,7.77562,-0.168306,0.868752,-0.0482011,-0.0418748,FRENET,0.129072,2.74924,0.129072,0.0146128,2.74924,0.306914,0
10.552,21.8808,7.77562,-0.168306,0.868752,-0.0482011,-0.0418748,FRENET,0.129072,2.74924,0.129072,0.0146128,2.74924,0.306914,0
10.556,21.8808,7.77562,-0.168306,0.868752,-0.0482011,-0.0418748,FRENET,0.129072,2.74924,0.129072,0.0146128,2.74924,0.306914,0
10.56,21.8894,7.77409,-0.168825,0.868395,-0.0354834,-0.0308136,FRENET,0.129072,2.74924,0.129072,0.0146128,2.74924,0.306914,0
10.564,21.8894,7.77409,-0.168825,0.868395,-0.0354834,-0.0308136,FRENET,0.129072,2.74924,0.129072,0.0146128,2.74924,0.306914,0
10.5686,21.8979,7.77258,-0.169143,0.868106,-0.0481641,-0.0418115,FRENET,0.129072,2.74924,0.129072,0.0146128,2.74924,0.306914,0
10.572,21.8979,7.77258,-0.169143,0.868106,-0.0481641,-0.0418115,FRENET,0.129072,2.74924,0.129072,0.0146128,2.74924,0.306914,0
10.576,21.8979,7.77258,-0.169143,0.868106,-0.0481641,-0.0418115,FRENET,0.129072,2.74924,0.129072,0.0146128,2.74924,0.306914,0
10.58,21.9065,7.77104,-0.169661,0.867872,-0.0354508,-0.0307668,FRENET,0.0718588,2.12755,0.0718588,0,2.12755,0.313196,0
10.584,21.9065,7.77104,-0.169661,0.867872,-0.0354508,-0.0307668,FRENET,0.0718588,2.12755,0.0718588,0,2.12755,0.313196,0
10.5886,21.9149,7.76953,-0.169974,0.848693,-0.0490957,-0.0416671,FRENET,0.0718588,2.12755,0.0718588,0,2.12755,0.313196,0
10.592,21.9149,7.76953,-0.169974,0.848693,-0.0490957,-0.0416671,FRENET,0.0718588,2.12755,0.0718588,0,2.12755,0.313196,0
10.596,21.9149,7.76953,-0.169974,0.848693,-0.0490957,-0.0416671,FRENET,0.0718588,2.12755,0.0718588,0,2.12755,0.313196,0
10.6,21.9232,7.76804,-0.170497,0.833161,-0.0336599,-0.0280441,FRENET,0.0718588,2.12755,0.0718588,0,2.12755,0.313196,0
10.604,21.9232,7.76804,-0.170497,0.833161,-0.0336599,-0.0280441,FRENET,0.0718588,2.12755,0.0718588,0,2.12755,0.313196,0
10.6086,21.9313,7.76658,-0.170794,0.820584,-0.0475817,-0.0390448,FRENET,0.0718588,2.12755,0.0718588,0,2.12755,0.313196,0
10.612,21.9313,7.76658,-0.170794,0.820584,-0.0475817,-0.0390448,FRENET,0.0718588,2.12755,0.0718588,0,2.12755,0.313196,0
10.616,21.9313,7.76658,-0.170794,0.820584,-0.0475817,-0.0390448,FRENET,0.0718588,2.12755,0.0718588,0,2.12755,0.313196,0
10.62,21.9394,7.7651,-0.171534,0.810399,-0.10662,-0.0864045,FRENET,0.0718588,2.12755,0.0718588,0,2.12755,0.313196,0
10.624,21.9394,7.7651,-0.171534,0.810399,-0.10662,-0.0864045,FRENET,0.0718588,2.12755,0.0718588,0,2.12755,0.313196,0
10.6286,21.9473,7.76357,-0.172716,0.802151,-0.103717,-0.0831971,FRENET,0.0718588,2.12755,0.0718588,0,2.12755,0.313196,0
10.632,21.9473,7.76357,-0.172716,0.802151,-0.103717,-0.0831971,FRENET,0.0654709,2.12755,0.0654709,0,2.12755,0.29384,0
10.636,21.9473,7.76357,-0.172716,0.802151,-0.103717,-0.0831971,FRENET,0.0654709,2.12755,0.0654709,0,2.12755,0.29384,0
10.64,21.9551,7.76204,-0.17374,0.795472,-0.121441,-0.0966026,FRENET,0.0654709,2.12755,0.0654709,0,2.12755,0.29384,0
10.644,21.9551,7.76204,-0.17374,0.795472,-0.121441,-0.0966026,FRENET,0.0654709,2.12755,0.0654709,0,2.12755,0.29384,0
10.6486,21.9629,7.76048,-0.174985,0.800176,-0.107698,-0.0861775,FRENET,0.0654709,2.12755,0.0654709,0,2.12755,0.29384,0
10.652,21.9629,7.76048,-0.174985,0.800176,-0.107698,-0.0861775,FRENET,0.0654709,2.12755,0.0654709,0,2.12755,0.29384,0
10.656,21.9629,7.76048,-0.174985,0.800176,-0.107698,-0.0861775,FRENET,0.0654709,2.12755,0.0654709,0,2.12755,0.29384,0
10.66,21.9708,7.75891,-0.176034,0.804657,-0.122279,-0.0983928,FRENET,0.0654709,2.12755,0.0654709,0,2.12755,0.29384,0
10.664,21.9708,7.75891,-0.176034,0.804657,-0.122279,-0.0983928,FRENET,0.0654709,2.12755,0.0654709,0,2.12755,0.29384,0
10.6686,21.9787,7.75731,-0.177293,0.808924,-0.10928,-0.0883995,FRENET,0.0654709,2.12755,0.0654709,0,2.12755,0.29384,0
10.672,21.9787,7.75731,-0.177293,0.808924,-0.10928,-0.0883995,FRENET,0.0654709,2.12755,0.0654709,0,2.12755,0.29384,0
10.676,21.9787,7.75731,-0.177293,0.808924,-0.10928,-0.0883995,FRENET,0.0654709,2.12755,0.0654709,0,2.12755,0.29384,0
10.68,21.9867,7.75572,-0.178135,0.812989,-0.0531006,-0.0431702,FRENET,0.0654709,2.12755,0.0654709,0,2.12755,0.29384,0
10.684,21.9867,7.75572,-0.178135,0.812989,-0.0531006,-0.0431702,FRENET,0.0807012,2.12755,0.0807012,0,2.12755,0.303763,0
10.6886,21.9947,7.7542,-0.178324,0.81686,0.0172291,0.0140738,FRENET,0.0807012,2.12755,0.0807012,0,2.12755,0.303763,0
10.692,21.9947,7.7542,-0.178324,0.81686,0.0172291,0.0140738,FRENET,0.0807012,2.12755,0.0807012,0,2.12755,0.303763,0
10.696,21.9947,7.7542,-0.178324,0.81686,0.0172291,0.0140738,FRENET,0.0807012,2.12755,0.0807012,0,2.12755,0.303763,0
10.7,22.0027,7.75274,-0.178,0.820548,0.0220567,0.0180986,FRENET,0.0807012,2.12755,0.0807012,0,2.12755,0.303763,0
10.704,22.0027,7.75274,-0.178,0.820548,0.0220567,0.0180986,FRENET,0.0807012,2.12755,0.0807012,0,2.12755,0.303763,0
10.7086,22.0108,7.7513,-0.177773,0.82406,0.041949,0.0345685,FRENET,0.0807012,2.12755,0.0807012,0,2.12755,0.303763,0
10.712,22.0108,7.7513,-0.177773,0.82406,0.041949,0.0345685,FRENET,0.0807012,2.12755,0.0807012,0,2.12755,0.303763,0
10.716,22.0108,7.7513,-0.177773,0.82406,0.041949,0.0345685,FRENET,0.0807012,2.12755,0.0807012,0,2.12755,0.303763,0
10.72,22.019,7.74989,-0.177304,0.827405,0.0311344,0.0257608,FRENET,0.0807012,2.12755,0.0807012,0,2.12755,0.303763,0
10.724,22.019,7.74989,-0.177304,0.827405,0.0311344,0.0257608,FRENET,0.0807012,2.12755,0.0807012,0,2.12755,0.303763,0
10.7286,22.0271,7.74848,-0.17702,0.83059,0.0455904,0.0378669,FRENET,0.0807012,2.12755,0.0807012,0,2.12755,0.303763,0
10.732,22.0271,7.74848,-0.17702,0.83059,0.0455904,0.0378669,FRENET,0,2.17461,0,0,2.17461,0.316619,0
10.736,22.0271,7.74848,-0.17702,0.83059,0.0455904,0.0378669,FRENET,0,2.17461,0,0,2.17461,0.316619,0
10.74,22.0353,7.74708,-0.176526,0.832203,0.0328612,0.0273472,FRENET,0,2.17461,0,0,2.17461,0.316619,0
10.744,22.0353,7.74708,-0.176526,0.832203,0.0328612,0.0273472,FRENET,0,2.17461,0,0,2.17461,0.316619,0
10.7486,22.0435,7.74567,-0.17623,0.833738,0.0465183,0.0387841,FRENET,0,2.17461,0,0,2.17461,0.316619,0
10.752,22.0435,7.74567,-0.17623,0.833738,0.0465183,0.0387841,FRENET,0,2.17461,0,0,2.17461,0.316619,0
10.756,22.0435,7.74567,-0.17623,0.833738,0.0465183,0.0387841,FRENET,0,2.17461,0,0,2.17461,0.316619,0
10.76,22.0518,7.74428,-0.175729,0.835201,0.0333968,0.027893,FRENET,0,2.17461,0,0,2.17461,0.316619,0
10.764,22.0518,7.74428,-0.175729,0.835201,0.0333968,0.027893,FRENET,0,2.17461,0,0,2.17461,0.316619,0
10.7686,22.06,7.74285,-0.175656,0.836594,-0.0248878,-0.0208209,FRENET,0,2.17461,0,0,2.17461,0.316619,0
10.772,22.06,7.74285,-0.175656,0.836594,-0.0248878,-0.0208209,FRENET,0,2.17461,0,0,2.17461,0.316619,0
10.776,22.06,7.74285,-0.175656,0.836594,-0.0248878,-0.0208209,FRENET,0,2.17461,0,0,2.17461,0.316619,0
10.78,22.0682,7.74134,-0.176259,0.837921,-0.0976295,-0.0818058,FRENET,0,2.17461,0,0,2.17461,0.369115,0
10.784,22.0682,7.74134,-0.176259,0.837921,-0.0976295,-0.0818058,FRENET,0,2.17461,0,0,2.17461,0.369115,0
10.7886,22.0765,7.73975,-0.177393,0.839185,-0.103619,-0.0869552,FRENET,0,2.17461,0,0,2.17461,0.369115,0
10.792,22.0765,7.73975,-0.177393,0.839185,-0.103619,-0.0869552,FRENET,0,2.17461,0,0,2.17461,0.369115,0
10.796,22.0765,7.73975,-0.177393,0.839185,-0.103619,-0.0869552,FRENET,0,2.17461,0,0,2.17461,0.369115,0
10.8001,22.0847,7.73812,-0.178437,0.840388,-0.123529,-0.103812,FRENET,0,2.17461,0,0,2.17461,0.369115,0
10.804,22.0847,7.73812,-0.178437,0.840388,-0.123529,-0.103812,FRENET,0,2.17461,0,0,2.17461,0.369115,0
10.8085,22.0929,7.73644,-0.179723,0.841535,-0.112954,-0.0950549,FRENET,0,2.17461,0,0,2.17461,0.369115,0
10.812,22.0929,7.73644,-0.179723,0.841535,-0.112954,-0.0950549,FRENET,0,2.17461,0,0,2.17461,0.369115,0
10.816,22.0929,7.73644,-0.179723,0.841535,-0.112954,-0.0950549,FRENET,0,2.17461,0,0,2.17461,0.369115,0
10.82,22.1012,7.73476,-0.180824,0.842627,-0.12728,-0.10725,FRENET,0,2.17461,0,0,2.17461,0.369115,0
10.824,22.1012,7.73476,-0.180824,0.842627,-0.12728,-0.10725,FRENET,0,2.17461,0,0,2.17461,0.369115,0
10.8286,22.1095,7.73305,-0.182135,0.843667,-0.114742,-0.0968042,FRENET,0,2.17461,0,0,2.17461,0.369115,0
10.832,22.1095,7.73305,-0.182135,0.843667,-0.114742,-0.0968042,FRENET,0.000383078,2.17461,0.000383078,0,2.17461,0.305039,0
10.836,22.1095,7.73305,-0.182135,0.843667,-0.114742,-0.0968042,FRENET,0.000383078,2.17461,0.000383078,0,2.17461,0.305039,0
10.84,22.1177,7.73134,-0.18325,0.844657,-0.128229,-0.108309,FRENET,0.000383078,2.17461,0.000383078,0,2.17461,0.305039,0
10.8441,22.1177,7.73134,-0.18325,0.844657,-0.128229,-0.108309,FRENET,0.000383078,2.17461,0.000383078,0,2.17461,0.305039,0
10.8486,22.126,7.7296,-0.184568,0.845601,-0.115374,-0.0975599,FRENET,0.000383078,2.17461,0.000383078,0,2.17461,0.305039,0
10.852,22.126,7.7296,-0.184568,0.845601,-0.115374,-0.0975599,FRENET,0.000383078,2.17461,0.000383078,0,2.17461,0.305039,0
10.856,22.126,7.7296,-0.184568,0.845601,-0.115374,-0.0975599,FRENET,0.000383078,2.17461,0.000383078,0,2.17461,0.305039,0
10.86,22.1343,7.72786,-0.185688,0.846499,-0.128652,-0.108904,FRENET,0.000383078,2.17461,0.000383078,0,2.17461,0.305039,0
10.864,22.1343,7.72786,-0.185688,0.846499,-0.128652,-0.108904,FRENET,0.000383078,2.17461,0.000383078,0,2.17461,0.305039,0
10.8686,22.1426,7.72609,-0.187011,0.847355,-0.115739,-0.0980718,FRENET,0.000383078,2.17461,0.000383078,0,2.17461,0.305039,0
10.872,22.1426,7.72609,-0.187011,0.847355,-0.115739,-0.0980718,FRENET,0.000383078,2.17461,0.000383078,0,2.17461,0.305039,0
10.876,22.1426,7.72609,-0.187011,0.847355,-0.115739,-0.0980718,FRENET,0.000383078,2.17461,0.000383078,0,2.17461,0.305039,0
10.88,22.1508,7.72433,-0.188133,0.84817,-0.128933,-0.109357,FRENET,0,2.17461,0,0,2.17461,0.332346,0
10.884,22.1508,7.72433,-0.188133,0.84817,-0.128933,-0.109357,FRENET,0,2.17461,0,0,2.17461,0.332346,0
10.8886,22.1591,7.72254,-0.189459,0.848947,-0.116017,-0.0984919,FRENET,0,2.17461,0,0,2.17461,0.332346,0
10.892,22.1591,7.72254,-0.189459,0.848947,-0.116017,-0.0984919,FRENET,0,2.17461,0,0,2.17461,0.332346,0
10.8961,22.1591,7.72254,-0.189459,0.848947,-0.116017,-0.0984919,FRENET,0,2.17461,0,0,2.17461,0.332346,0
10.9,22.1674,7.72075,-0.190584,0.849686,-0.129159,-0.109745,FRENET,0,2.17461,0,0,2.17461,0.332346,0
10.904,22.1674,7.72075,-0.190584,0.849686,-0.129159,-0.109745,FRENET,0,2.17461,0,0,2.17461,0.332346,0
10.9086,22.1757,7.71894,-0.191912,0.85039,-0.116254,-0.098861,FRENET,0,2.17461,0,0,2.17461,0.332346,0
10.912,22.1757,7.71894,-0.191912,0.85039,-0.116254,-0.098861,FRENET,0,2.17461,0,0,2.17461,0.332346,0
10.916,22.1757,7.71894,-0.191912,0.85039,-0.116254,-0.098861,FRENET,0,2.17461,0,0,2.17461,0.332346,0
10.92,22.1841,7.71712,-0.193039,0.851061,-0.129357,-0.11009,FRENET,0,2.17461,0,0,2.17461,0.332346,0
10.924,22.1841,7.71712,-0.193039,0.851061,-0.129357,-0.11009,FRENET,0,2.17461,0,0,2.17461,0.332346,0
10.9286,22.1924,7.71529,-0.194369,0.8517,-0.116464,-0.0991928,FRENET,0,2.17461,0,0,2.17461,0.332346,0
10.932,22.1924,7.71529,-0.194369,0.8517,-0.116464,-0.0991928,FRENET,0.163726,2.2052,0.163726,0,2.2052,0.307766,0
10.936,22.1924,7.71529,-0.194369,0.8517,-0.116464,-0.0991928,FRENET,0.163726,2.2052,0.163726,0,2.2052,0.307766,0
10.94,22.2008,7.71344,-0.195501,0.86423,-0.129235,-0.111689,FRENET,0.163726,2.2052,0.163726,0,2.2052,0.307766,0
10.944,22.2008,7.71344,-0.195501,0.86423,-0.129235,-0.111689,FRENET,0.163726,2.2052,0.163726,0,2.2052,0.307766,0
10.9486,22.2092,7.71154,-0.196836,0.876163,-0.118933,-0.104204,FRENET,0.163726,2.2052,0.163726,0,2.2052,0.307766,0
10.952,22.2092,7.71154,-0.196836,0.876163,-0.118933,-0.104204,FRENET,0.163726,2.2052,0.163726,0,2.2052,0.307766,0
10.956,22.2092,7.71154,-0.196836,0.876163,-0.118933,-0.104204,FRENET,0.163726,2.2052,0.163726,0,2.2052,0.307766,0
10.96,22.2179,7.70964,-0.197773,0.887529,-0.0623754,-0.05536,FRENET,0.163726,2.2052,0.163726,0,2.2052,0.307766,0
10.964,22.2179,7.70964,-0.197773,0.887529,-0.0623754,-0.05536,FRENET,0.163726,2.2052,0.163726,0,2.2052,0.307766,0
10.9686,22.2266,7.70777,-0.198266,0.898355,-0.0587468,-0.0527755,FRENET,0.163726,2.2052,0.163726,0,2.2052,0.307766,0
10.972,22.2266,7.70777,-0.198266,0.898355,-0.0587468,-0.0527755,FRENET,0.163726,2.2052,0.163726,0,2.2052,0.307766,0
10.976,22.2266,7.70777,-0.198266,0.898355,-0.0587468,-0.0527755,FRENET,0.163726,2.2052,0.163726,0,2.2052,0.307766,0
10.98,22.2354,7.70589,-0.198858,0.908666,-0.0421709,-0.0383192,FRENET,0.167207,2.2052,0.167207,0,2.2052,0.309094,0
10.984,22.2354,7.70589,-0.198858,0.908666,-0.0421709,-0.0383192,FRENET,0.167207,2.2052,0.167207,0,2.2052,0.309094,0
10.9886,22.2444,7.704,-0.19923,0.918487,-0.0513936,-0.0472044,FRENET,0.167207,2.2052,0.167207,0,2.2052,0.309094,0
10.992,22.2444,7.704,-0.19923,0.918487,-0.0513936,-0.0472044,FRENET,0.167207,2.2052,0.167207,0,2.2052,0.309094,0
10.996,22.2444,7.704,-0.19923,0.918487,-0.0513936,-0.0472044,FRENET,0.167207,2.2052,0.167207,0,2.2052,0.309094,0
11,22.2534,7.70209,-0.199778,0.92784,-0.0397723,-0.0369023,FRENET,0.167207,2.2052,0.167207,0,2.2052,0.309094,0
11.004,22.2534,7.70209,-0.199778,0.92784,-0.0397723,-0.0369023,FRENET,0.167207,2.2052,0.167207,0,2.2052,0.309094,0
11.0086,22.2625,7.70017,-0.200137,0.936749,-0.0505637,-0.0473655,FRENET,0.167207,2.2052,0.167207,0,2.2052,0.309094,0
11.012,22.2625,7.70017,-0.200137,0.936749,-0.0505637,-0.0473655,FRENET,0.167207,2.2052,0.167207,0,2.2052,0.309094,0
11.016,22.2625,7.70017,-0.200137,0.936749,-0.0505637,-0.0473655,FRENET,0.167207,2.2052,0.167207,0,2.2052,0.309094,0
11.02,22.2717,7.69821,-0.200682,0.945235,-0.0399367,-0.0377496,FRENET,0.167207,2.2052,0.167207,0,2.2052,0.309094,0
11.024,22.2717,7.69821,-0.200682,0.945235,-0.0399367,-0.0377496,FRENET,0.167207,2.2052,0.167207,0,2.2052,0.309094,0
11.0286,22.281,7.69625,-0.201043,0.953317,-0.0508566,-0.0484825,FRENET,0.167207,2.2052,0.167207,0,2.2052,0.309094,0
11.032,22.281,7.69625,-0.201043,0.953317,-0.0508566,-0.0484825,FRENET,0.149693,2.2052,0.149693,0,2.2052,0.378678,0
11.036,22.281,7.69625,-0.201043,0.953317,-0.0508566,-0.0484825,FRENET,0.149693,2.2052,0.149693,0,2.2052,0.378678,0
11.04,22.2904,7.69426,-0.201593,0.961014,-0.0405815,-0.0389994,FRENET,0.149693,2.2052,0.149693,0,2.2052,0.378678,0
11.044,22.2904,7.69426,-0.201593,0.961014,-0.0405815,-0.0389994,FRENET,0.149693,2.2052,0.149693,0,2.2052,0.378678,0
11.0486,22.2998,7.69226,-0.20196,0.968346,-0.0513841,-0.0497575,FRENET,0.149693,2.2052,0.149693,0,2.2052,0.378678,0
11.052,22.2998,7.69226,-0.20196,0.968346,-0.0513841,-0.0497575,FRENET,0.149693,2.2052,0.149693,0,2.2052,0.378678,0
11.056,22.2998,7.69226,-0.20196,0.968346,-0.0513841,-0.0497575,FRENET,0.149693,2.2052,0.149693,0,2.2052,0.378678,0
11.06,22.3093,7.69023,-0.202516,0.975329,-0.0413006,-0.0402817,FRENET,0.149693,2.2052,0.149693,0,2.2052,0.378678,0
11.064,22.3093,7.69023,-0.202516,0.975329,-0.0413006,-0.0402817,FRENET,0.149693,2.2052,0.149693,0,2.2052,0.378678,0
11.0686,22.3189,7.6882,-0.20289,0.98198,-0.0519426,-0.0510065,FRENET,0.149693,2.2052,0.149693,0,2.2052,0.378678,0
11.0721,22.3189,7.6882,-0.20289,0.98198,-0.0519426,-0.0510065,FRENET,0.149693,2.2052,0.149693,0,2.2052,0.378678,0
11.076,22.3189,7.6882,-0.20289,0.98198,-0.0519426,-0.0510065,FRENET,0.149693,2.2052,0.149693,0,2.2052,0.378678,0
11.08,22.3285,7.68613,-0.203452,0.988314,-0.0419933,-0.0415025,FRENET,0.0585866,2.95286,0.0585866,0,2.95286,0.387113,0
11.084,22.3285,7.68613,-0.203452,0.988314,-0.0419933,-0.0415025,FRENET,0.0585866,2.95286,0.0585866,0,2.95286,0.387113,0
11.0886,22.3381,7.6841,-0.203824,0.961403,-0.0539971,-0.051913,FRENET,0.0585866,2.95286,0.0585866,0,2.95286,0.387113,0
11.092,22.3381,7.6841,-0.203824,0.961403,-0.0539971,-0.051913,FRENET,0.0585866,2.95286,0.0585866,0,2.95286,0.387113,0
11.096,22.3381,7.6841,-0.203824,0.961403,-0.0539971,-0.051913,FRENET,0.0585866,2.95286,0.0585866,0,2.95286,0.387113,0
11.1,22.3473,7.68209,-0.204402,0.939611,-0.0401899,-0.0377629,FRENET,0.0585866,2.95286,0.0585866,0,2.95286,0.387113,0
11.104,22.3473,7.68209,-0.204402,0.939611,-0.0401899,-0.0377629,FRENET,0.0585866,2.95286,0.0585866,0,2.95286,0.387113,0
11.1086,22.3564,7.68014,-0.204757,0.921964,-0.0519204,-0.0478688,FRENET,0.0585866,2.95286,0.0585866,0,2.95286,0.387113,0
11.112,22.3564,7.68014,-0.204757,0.921964,-0.0519204,-0.0478688,FRENET,0.0585866,2.95286,0.0585866,0,2.95286,0.387113,0
11.116,22.3564,7.68014,-0.204757,0.921964,-0.0519204,-0.0478688,FRENET,0.0585866,2.95286,0.0585866,0,2.95286,0.387113,0
11.12,22.3654,7.67821,-0.205312,0.907673,-0.0381791,-0.0346542,FRENET,0.0585866,2.95286,0.0585866,0,2.95286,0.387113,0
11.124,22.3654,7.67821,-0.205312,0.907673,-0.0381791,-0.0346542,FRENET,0.0585866,2.95286,0.0585866,0,2.95286,0.387113,0
11.1286,22.3742,7.67631,-0.20565,0.8961,-0.0503183,-0.0450902,FRENET,0.0585866,2.95286,0.0585866,0,2.95286,0.387113,0
11.132,22.3742,7.67631,-0.20565,0.8961,-0.0503183,-0.0450902,FRENET,0.0496897,2.95286,0.0496897,0,2.95286,0.419343,0
11.136,22.3742,7.67631,-0.20565,0.8961,-0.0503183,-0.0450902,FRENET,0.0496897,2.95286,0.0496897,0,2.95286,0.419343,0
11.14,22.3829,7.67441,-0.206189,0.886729,-0.0367935,-0.0326259,FRENET,0.0496897,2.95286,0.0496897,0,2.95286,0.419343,0
11.144,22.3829,7.67441,-0.206189,0.886729,-0.0367935,-0.0326259,FRENET,0.0496897,2.95286,0.0496897,0,2.95286,0.419343,0
11.1486,22.3915,7.67254,-0.206516,0.87914,-0.0492716,-0.0433166,FRENET,0.0496897,2.95286,0.0496897,0,2.95286,0.419343,0
11.152,22.3915,7.67254,-0.206516,0.87914,-0.0492716,-0.0433166,FRENET,0.0496897,2.95286,0.0496897,0,2.95286,0.419343,0
11.156,22.3915,7.67254,-0.206516,0.87914,-0.0492716,-0.0433166,FRENET,0.0496897,2.95286,0.0496897,0,2.95286,0.419343,0
11.16,22.4001,7.67067,-0.207044,0.872994,-0.0358935,-0.0313348,FRENET,0.0496897,2.95286,0.0496897,0,2.95286,0.419343,0
11.164,22.4001,7.67067,-0.207044,0.872994,-0.0358935,-0.0313348,FRENET,0.0496897,2.95286,0.0496897,0,2.95286,0.419343,0
11.1686,22.4086,7.66882,-0.207364,0.868017,-0.0485997,-0.0421854,FRENET,0.0496897,2.95286,0.0496897,0,2.95286,0.419343,0
11.172,22.4086,7.66882,-0.207364,0.868017,-0.0485997,-0.0421854,FRENET,0.0496897,2.95286,0.0496897,0,2.95286,0.419343,0
11.176,22.4086,7.66882,-0.207364,0.868017,-0.0485997,-0.0421854,FRENET,0.0496897,2.95286,0.0496897,0,2.95286,0.419343,0
11.18,22.4171,7.66697,-0.207886,0.863987,-0.0353109,-0.0305082,FRENET,0.0556095,2.95286,0.0556095,0,2.95286,0.170238,0
11.184,22.4171,7.66697,-0.207886,0.863987,-0.0353109,-0.0305082,FRENET,0.0556095,2.95286,0.0556095,0,2.95286,0.170238,0
11.1886,22.4255,7.66513,-0.208201,0.860723,-0.0481665,-0.041458,FRENET,0.0556095,2.95286,0.0556095,0,2.95286,0.170238,0
11.192,22.4255,7.66513,-0.208201,0.860723,-0.0481665,-0.041458,FRENET,0.0556095,2.95286,0.0556095,0,2.95286,0.170238,0
11.196,22.4255,7.66513,-0.208201,0.860723,-0.0481665,-0.041458,FRENET,0.0556095,2.95286,0.0556095,0,2.95286,0.170238,0
11.2,22.4339,7.66328,-0.208719,0.85808,-0.0349322,-0.0299746,FRENET,0.0556095,2.95286,0.0556095,0,2.95286,0.170238,0
11.204,22.4339,7.66328,-0.208719,0.85808,-0.0349322,-0.0299746,FRENET,0.0556095,2.95286,0.0556095,0,2.95286,0.170238,0
11.2086,22.4423,7.66145,-0.209031,0.85594,-0.0478854,-0.0409871,FRENET,0.0556095,2.95286,0.0556095,0,2.95286,0.170238,0
11.212,22.4423,7.66145,-0.209031,0.85594,-0.0478854,-0.0409871,FRENET,0.0556095,2.95286,0.0556095,0,2.95286,0.170238,0
11.216,22.4423,7.66145,-0.209031,0.85594,-0.0478854,-0.0409871,FRENET,0.0556095,2.95286,0.0556095,0,2.95286,0.170238,0
11.22,22.4506,7.6596,-0.209545,0.854207,-0.0346851,-0.0296283,FRENET,0.0556095,2.95286,0.0556095,0,2.95286,0.170238,0
11.224,22.4506,7.6596,-0.209545,0.854207,-0.0346851,-0.0296283,FRENET,0.0556095,2.95286,0.0556095,0,2.95286,0.170238,0
11.2286,22.4589,7.65777,-0.209856,0.852804,-0.0477024,-0.0406808,FRENET,0.0556095,2.95286,0.0556095,0,2.95286,0.170238,0
11.232,22.4589,7.65777,-0.209856,0.852804,-0.0477024,-0.0406808,FRENET,0.0483829,2.95286,0.0483829,0,2.95286,0.380852,0
11.236,22.4589,7.65777,-0.209856,0.852804,-0.0477024,-0.0406808,FRENET,0.0483829,2.95286,0.0483829,0,2.95286,0.380852,0
11.24,22.4673,7.65592,-0.210368,0.851667,-0.0345237,-0.0294027,FRENET,0.0483829,2.95286,0.0483829,0,2.95286,0.380852,0
11.244,22.4673,7.65592,-0.210368,0.851667,-0.0345237,-0.0294027,FRENET,0.0483829,2.95286,0.0483829,0,2.95286,0.380852,0
11.2486,22.4756,7.65408,-0.210677,0.850747,-0.0475829,-0.040481,FRENET,0.0483829,2.95286,0.0483829,0,2.95286,0.380852,0
11.252,22.4756,7.65408,-0.210677,0.850747,-0.0475829,-0.040481,FRENET,0.0483829,2.95286,0.0483829,0,2.95286,0.380852,0
11.256,22.4756,7.65408,-0.210677,0.850747,-0.0475829,-0.040481,FRENET,0.0483829,2.95286,0.0483829,0,2.95286,0.380852,0
11.26,22.4839,7.65223,-0.211189,0.850001,-0.034418,-0.0292553,FRENET,0.0483829,2.95286,0.0483829,0,2.95286,0.380852,0
11.264,22.4839,7.65223,-0.211189,0.850001,-0.034418,-0.0292553,FRENET,0.0483829,2.95286,0.0483829,0,2.95286,0.380852,0
11.2686,22.4922,7.65039,-0.211497,0.849398,-0.0475047,-0.0403504,FRENET,0.0483829,2.95286,0.0483829,0,2.95286,0.380852,0
11.272,22.4922,7.65039,-0.211497,0.849398,-0.0475047,-0.0403504,FRENET,0.0483829,2.95286,0.0483829,0,2.95286,0.380852,0
11.276,22.4922,7.65039,-0.211497,0.849398,-0.0475047,-0.0403504,FRENET,0.0483829,2.95286,0.0483829,0,2.95286,0.380852,0
11.28,22.5005,7.64853,-0.212005,0.857406,-0.0349555,-0.029971,FRENET,0.167845,3.03444,0.167845,0,3.03444,0.431941,0
11.284,22.5005,7.64853,-0.212005,0.857406,-0.0349555,-0.029971,FRENET,0.167845,3.03444,0.167845,0,3.03444,0.431941,0
11.2886,22.509,7.64664,-0.212324,0.878395,-0.0468216,-0.0411279,FRENET,0.167845,3.03444,0.167845,0,3.03444,0.431941,0
11.292,22.509,7.64664,-0.212324,0.878395,-0.0468216,-0.0411279,FRENET,0.167845,3.03444,0.167845,0,3.03444,0.431941,0
11.296,22.509,7.64664,-0.212324,0.878395,-0.0468216,-0.0411279,FRENET,0.167845,3.03444,0.167845,0,3.03444,0.431941,0
11.3,22.5176,7.6447,-0.212831,0.898386,-0.0368208,-0.0330793,FRENET,0.167845,3.03444,0.167845,0,3.03444,0.431941,0
11.304,22.5176,7.6447,-0.212831,0.898386,-0.0368208,-0.0330793,FRENET,0.167845,3.03444,0.167845,0,3.03444,0.431941,0
11.3086,22.5265,7.64274,-0.212948,0.917426,0.0196811,0.0180559,FRENET,0.167845,3.03444,0.167845,0,3.03444,0.431941,0
11.312,22.5265,7.64274,-0.212948,0.917426,0.0196811,0.0180559,FRENET,0.167845,3.03444,0.167845,0,3.03444,0.431941,0
11.316,22.5265,7.64274,-0.212948,0.917426,0.0196811,0.0180559,FRENET,0.167845,3.03444,0.167845,0,3.03444,0.431941,0
11.32,22.5356,7.64078,-0.212623,0.947449,0.0257846,0.0244296,FRENET,0.167845,3.03444,0.167845,0,3.03444,0.431941,0
11.324,22.5356,7.64078,-0.212623,0.947449,0.0257846,0.0244296,FRENET,0.167845,3.03444,0.167845,0,3.03444,0.431941,0
11.3286,22.545,7.63878,-0.212359,0.976043,0.0426672,0.041645,FRENET,0.167845,3.03444,0.167845,0,3.03444,0.431941,0
11.332,22.545,7.63878,-0.212359,0.976043,0.0426672,0.041645,FRENET,0.18949,3.03444,0.18949,0,3.03444,0.466482,0
11.336,22.545,7.63878,-0.212359,0.976043,0.0426672,0.041645,FRENET,0.18949,3.03444,0.18949,0,3.03444,0.466482,0
11.34,22.5547,7.63676,-0.21187,1.00328,0.0381043,0.0382292,FRENET,0.18949,3.03444,0.18949,0,3.03444,0.466482,0
11.344,22.5547,7.63676,-0.21187,1.00328,0.0381043,0.0382292,FRENET,0.18949,3.03444,0.18949,0,3.03444,0.466482,0
11.3486,22.5647,7.63467,-0.211513,1.02922,0.0497147,0.0511673,FRENET,0.18949,3.03444,0.18949,0,3.03444,0.466482,0
11.352,22.5647,7.63467,-0.211513,1.02922,0.0497147,0.0511673,FRENET,0.18949,3.03444,0.18949,0,3.03444,0.466482,0
11.356,22.5647,7.63467,-0.211513,1.02922,0.0497147,0.0511673,FRENET,0.18949,3.03444,0.18949,0,3.03444,0.466482,0
11.36,22.5749,7.63256,-0.210964,1.05393,0.043316,0.0456519,FRENET,0.18949,3.03444,0.18949,0,3.03444,0.466482,0
11.364,22.5749,7.63256,-0.210964,1.05393,0.043316,0.0456519,FRENET,0.18949,3.03444,0.18949,0,3.03444,0.466482,0
11.3686,22.5853,7.6304,-0.210563,1.07746,0.0533067,0.0574357,FRENET,0.18949,3.03444,0.18949,0,3.03444,0.466482,0
11.372,22.5853,7.6304,-0.210563,1.07746,0.0533067,0.0574357,FRENET,0.18949,3.03444,0.18949,0,3.03444,0.466482,0
11.376,22.5853,7.6304,-0.210563,1.07746,0.0533067,0.0574357,FRENET,0.18949,3.03444,0.18949,0,3.03444,0.466482,0
11.38,22.596,7.62821,-0.209981,1.09987,0.0465485,0.0511973,FRENET,0.176239,3.03444,0.176239,0,3.03444,0.54007,0
11.384,22.596,7.62821,-0.209981,1.09987,0.0465485,0.0511973,FRENET,0.176239,3.03444,0.176239,0,3.03444,0.54007,0
11.3886,22.6068,7.62596,-0.209552,1.12122,0.055777,0.0625382,FRENET,0.176239,3.03444,0.176239,0,3.03444,0.54007,0
11.392,22.6068,7.62596,-0.209552,1.12122,0.055777,0.0625382,FRENET,0.176239,3.03444,0.176239,0,3.03444,0.54007,0
11.396,22.6068,7.62596,-0.209552,1.12122,0.055777,0.0625382,FRENET,0.176239,3.03444,0.176239,0,3.03444,0.54007,0
11.4,22.6179,7.6237,-0.208945,1.14155,0.0490033,0.0559396,FRENET,0.176239,3.03444,0.176239,0,3.03444,0.54007,0
11.404,22.6179,7.6237,-0.208945,1.14155,0.0490033,0.0559396,FRENET,0.176239,3.03444,0.176239,0,3.03444,0.54007,0
11.4086,22.6292,7.62139,-0.208494,1.16091,0.0577642,0.0670593,FRENET,0.176239,3.03444,0.176239,0,3.03444,0.54007,0
11.412,22.6292,7.62139,-0.208494,1.16091,0.0577642,0.0670593,FRENET,0.176239,3.03444,0.176239,0,3.03444,0.54007,0
11.416,22.6292,7.62139,-0.208494,1.16091,0.0577642,0.0670593,FRENET,0.176239,3.03444,0.176239,0,3.03444,0.54007,0
11.42,22.6407,7.61906,-0.207867,1.17936,0.0510608,0.060219,FRENET,0.176239,3.03444,0.176239,0,3.03444,0.54007,0
11.424,22.6407,7.61906,-0.207867,1.17936,0.0510608,0.060219,FRENET,0.176239,3.03444,0.176239,0,3.03444,0.54007,0
11.4286,22.6523,7.61668,-0.207397,1.19693,0.0594844,0.0711985,FRENET,0.176239,3.03444,0.176239,0,3.03444,0.54007,0
11.432,22.6523,7.61668,-0.207397,1.19693,0.0594844,0.0711985,FRENET,0.186506,3.03444,0.186506,0,3.03444,0.575394,0
11.436,22.6523,7.61668,-0.207397,1.19693,0.0594844,0.0711985,FRENET,0.186506,3.03444,0.186506,0,3.03444,0.575394,0
11.44,22.6641,7.61429,-0.206752,1.21366,0.0528651,0.0641601,FRENET,0.186506,3.03444,0.186506,0,3.03444,0.575394,0
11.444,22.6641,7.61429,-0.206752,1.21366,0.0528651,0.0641601,FRENET,0.186506,3.03444,0.186506,0,3.03444,0.575394,0
11.4486,22.6761,7.61187,-0.206266,1.2296,0.0610218,0.0750322,FRENET,0.186506,3.03444,0.186506,0,3.03444,0.575394,0
11.452,22.6761,7.61187,-0.206266,1.2296,0.0610218,0.0750322,FRENET,0.186506,3.03444,0.186506,0,3.03444,0.575394,0
11.456,22.6761,7.61187,-0.206266,1.2296,0.0610218,0.0750322,FRENET,0.186506,3.03444,0.186506,0,3.03444,0.575394,0
11.46,22.6882,7.60943,-0.205605,1.24477,0.0544795,0.0678146,FRENET,0.186506,3.03444,0.186506,0,3.03444,0.575394,0
11.464,22.6882,7.60943,-0.205605,1.24477,0.0544795,0.0678146,FRENET,0.186506,3.03444,0.186506,0,3.03444,0.575394,0
11.4686,22.7005,7.60695,-0.205104,1.25923,0.0624143,0.078594,FRENET,0.186506,3.03444,0.186506,0,3.03444,0.575394,0
11.472,22.7005,7.60695,-0.205104,1.25923,0.0624143,0.078594,FRENET,0.186506,3.03444,0.186506,0,3.03444,0.575394,0
11.476,22.7005,7.60695,-0.205104,1.25923,0.0624143,0.078594,FRENET,0.186506,3.03444,0.186506,0,3.03444,0.575394,0
11.48,22.7129,7.60447,-0.204428,1.273,0.0559371,0.0712079,FGM,0.272715,0.125163,0.108378,0.272715,2.80299,0.125163,0
11.484,22.7129,7.60447,-0.204428,1.273,0.0559371,0.0712079,FGM,0.272715,0.125163,0.108378,0.272715,2.80299,0.125163,0
11.4886,22.7252,7.602,-0.20392,1.24242,0.0658383,0.0817988,FGM,0.272715,0.125163,0.108378,0.272715,2.80299,0.125163,0
11.492,22.7252,7.602,-0.20392,1.24242,0.0658383,0.0817988,FGM,0.272715,0.125163,0.108378,0.272715,2.80299,0.125163,0
11.496,22.7252,7.602,-0.20392,1.24242,0.0658383,0.0817988,FGM,0.272715,0.125163,0.108378,0.272715,2.80299,0.125163,0
11.5,22.7373,7.5996,-0.203211,1.21766,0.055777,0.0679172,FGM,0.272715,0.125163,0.108378,0.272715,2.80299,0.125163,0
11.504,22.7373,7.5996,-0.203211,1.21766,0.055777,0.0679172,FGM,0.272715,0.125163,0.108378,0.272715,2.80299,0.125163,0
11.5086,22.7491,7.59724,-0.202711,1.1976,0.0639818,0.0766247,FGM,0.272715,0.125163,0.108378,0.272715,2.80299,0.125163,0
11.512,22.7491,7.59724,-0.202711,1.1976,0.0639818,0.0766247,FGM,0.272715,0.125163,0.108378,0.272715,2.80299,0.125163,0
11.516,22.7491,7.59724,-0.202711,1.1976,0.0639818,0.0766247,FGM,0.272715,0.125163,0.108378,0.272715,2.80299,0.125163,0
11.52,22.7608,7.59497,-0.201748,1.18136,0.136327,0.161052,FGM,0.272715,0.125163,0.108378,0.272715,2.80299,0.125163,0
11.524,22.7608,7.59497,-0.201748,1.18136,0.136327,0.161052,FGM,0.272715,0.125163,0.108378,0.272715,2.80299,0.125163,0
11.5286,22.7724,7.59279,-0.200196,1.16821,0.150287,0.175567,FGM,0.272715,0.125163,0.108378,0.272715,2.80299,0.125163,0
11.532,22.7724,7.59279,-0.200196,1.16821,0.150287,0.175567,FGM,0.229056,0.138794,0.119648,0.229056,2.80299,0.138794,0
11.536,22.7724,7.59279,-0.200196,1.16821,0.150287,0.175567,FGM,0.229056,0.138794,0.119648,0.229056,2.80299,0.138794,0
11.54,22.7838,7.59067,-0.198696,1.15853,0.167142,0.193639,FGM,0.229056,0.138794,0.119648,0.229056,2.80299,0.138794,0
11.544,22.7838,7.59067,-0.198696,1.15853,0.167142,0.193639,FGM,0.229056,0.138794,0.119648,0.229056,2.80299,0.138794,0
11.5486,22.7952,7.58862,-0.196961,1.15069,0.160205,0.184345,FGM,0.229056,0.138794,0.119648,0.229056,2.80299,0.138794,0
11.552,22.7952,7.58862,-0.196961,1.15069,0.160205,0.184345,FGM,0.229056,0.138794,0.119648,0.229056,2.80299,0.138794,0
11.556,22.7952,7.58862,-0.196961,1.15069,0.160205,0.184345,FGM,0.229056,0.138794,0.119648,0.229056,2.80299,0.138794,0
11.56,22.8065,7.58657,-0.19567,1.14433,0.0904701,0.103528,FGM,0.229056,0.138794,0.119648,0.229056,2.80299,0.138794,0
11.564,22.8065,7.58657,-0.19567,1.14433,0.0904701,0.103528,FGM,0.229056,0.138794,0.119648,0.229056,2.80299,0.138794,0
11.5686,22.8177,7.58449,-0.194956,1.13919,0.0757266,0.0862672,FGM,0.229056,0.138794,0.119648,0.229056,2.80299,0.138794,0
11.572,22.8177,7.58449,-0.194956,1.13919,0.0757266,0.0862672,FGM,0.229056,0.138794,0.119648,0.229056,2.80299,0.138794,0
11.576,22.8177,7.58449,-0.194956,1.13919,0.0757266,0.0862672,FGM,0.229056,0.138794,0.119648,0.229056,2.80299,0.138794,0
11.58,22.8289,7.58242,-0.194206,1.13503,0.0570711,0.0647773,FGM,0.112621,0.167872,0.122347,0.112621,2.80299,0.167872,0
11.584,22.8289,7.58242,-0.194206,1.13503,0.0570711,0.0647773,FGM,0.112621,0.167872,0.122347,0.112621,2.80299,0.167872,0
11.5886,22.84,7.58033,-0.193707,1.13109,0.0621646,0.070314,FGM,0.112621,0.167872,0.122347,0.112621,2.80299,0.167872,0
11.592,22.84,7.58033,-0.193707,1.13109,0.0621646,0.070314,FGM,0.112621,0.167872,0.122347,0.112621,2.80299,0.167872,0
11.596,22.84,7.58033,-0.193707,1.13109,0.0621646,0.070314,FGM,0.112621,0.167872,0.122347,0.112621,2.80299,0.167872,0
11.6,22.8511,7.57826,-0.193048,1.12791,0.0512604,0.0578171,FGM,0.112621,0.167872,0.122347,0.112621,2.80299,0.167872,0
11.604,22.8511,7.57826,-0.193048,1.12791,0.0512604,0.0578171,FGM,0.112621,0.167872,0.122347,0.112621,2.80299,0.167872,0
11.6086,22.8622,7.57616,-0.192847,1.12533,-0.0181293,-0.0204015,FGM,0.112621,0.167872,0.122347,0.112621,2.80299,0.167872,0
11.612,22.8622,7.57616,-0.192847,1.12533,-0.0181293,-0.0204015,FGM,0.112621,0.167872,0.122347,0.112621,2.80299,0.167872,0
11.616,22.8622,7.57616,-0.192847,1.12533,-0.0181293,-0.0204015,FGM,0.112621,0.167872,0.122347,0.112621,2.80299,0.167872,0
11.62,22.8732,7.574,-0.193216,1.12324,-0.0325369,-0.0365468,FGM,0.112621,0.167872,0.122347,0.112621,2.80299,0.167872,0
11.6241,22.8732,7.574,-0.193216,1.12324,-0.0325369,-0.0365468,FGM,0.112621,0.167872,0.122347,0.112621,2.80299,0.167872,0
11.6286,22.8842,7.57182,-0.193549,1.12155,-0.051007,-0.057207,FGM,0.112621,0.167872,0.122347,0.112621,2.80299,0.167872,0
11.632,22.8842,7.57182,-0.193549,1.12155,-0.051007,-0.057207,FGM,0.244866,0.13824,0.0689232,0.244866,3.49881,0.13824,0
11.636,22.8842,7.57182,-0.193549,1.12155,-0.051007,-0.057207,FGM,0.244866,0.13824,0.0689232,0.244866,3.49881,0.13824,0
11.64,22.8952,7.5696,-0.194129,1.12029,-0.0457735,-0.0512795,FGM,0.244866,0.13824,0.0689232,0.244866,3.49881,0.13824,0
11.644,22.8952,7.5696,-0.194129,1.12029,-0.0457735,-0.0512795,FGM,0.244866,0.13824,0.0689232,0.244866,3.49881,0.13824,0
11.6486,22.9062,7.56739,-0.194549,1.11927,-0.0565293,-0.0632713,FGM,0.244866,0.13824,0.0689232,0.244866,3.49881,0.13824,0
11.652,22.9062,7.56739,-0.194549,1.11927,-0.0565293,-0.0632713,FGM,0.244866,0.13824,0.0689232,0.244866,3.49881,0.13824,0
11.656,22.9062,7.56739,-0.194549,1.11927,-0.0565293,-0.0632713,FGM,0.244866,0.13824,0.0689232,0.244866,3.49881,0.13824,0
11.66,22.9171,7.56515,-0.195166,1.11844,-0.0482061,-0.0539155,FGM,0.244866,0.13824,0.0689232,0.244866,3.49881,0.13824,0
11.664,22.9171,7.56515,-0.195166,1.11844,-0.0482061,-0.0539155,FGM,0.244866,0.13824,0.0689232,0.244866,3.49881,0.13824,0
11.6686,22.9281,7.56294,-0.195346,1.11777,0.0192618,0.0215302,FGM,0.244866,0.13824,0.0689232,0.244866,3.49881,0.13824,0
11.672,22.9281,7.56294,-0.195346,1.11777,0.0192618,0.0215302,FGM,0.244866,0.13824,0.0689232,0.244866,3.49881,0.13824,0
11.676,22.9281,7.56294,-0.195346,1.11777,0.0192618,0.0215302,FGM,0.244866,0.13824,0.0689232,0.244866,3.49881,0.13824,0
11.68,22.9391,7.56079,-0.194972,1.11722,0.0328909,0.0367465,FGM,0.228956,0.141257,0.0520576,0.228956,3.49881,0.141257,0
11.684,22.9391,7.56079,-0.194972,1.11722,0.0328909,0.0367465,FGM,0.228956,0.141257,0.0520576,0.228956,3.49881,0.141257,0
11.6886,22.95,7.55866,-0.194635,1.11389,0.0513794,0.0572309,FGM,0.228956,0.141257,0.0520576,0.228956,3.49881,0.141257,0
11.692,22.95,7.55866,-0.194635,1.11389,0.0513794,0.0572309,FGM,0.228956,0.141257,0.0520576,0.228956,3.49881,0.141257,0
11.696,22.95,7.55866,-0.194635,1.11389,0.0513794,0.0572309,FGM,0.228956,0.141257,0.0520576,0.228956,3.49881,0.141257,0
11.7,22.961,7.55657,-0.194053,1.11119,0.0457581,0.0508458,FGM,0.228956,0.141257,0.0520576,0.228956,3.49881,0.141257,0
11.704,22.961,7.55657,-0.194053,1.11119,0.0457581,0.0508458,FGM,0.228956,0.141257,0.0520576,0.228956,3.49881,0.141257,0
11.7086,22.9719,7.55448,-0.193634,1.109,0.0564775,0.0626336,FGM,0.228956,0.141257,0.0520576,0.228956,3.49881,0.141257,0
11.712,22.9719,7.55448,-0.193634,1.109,0.0564775,0.0626336,FGM,0.228956,0.141257,0.0520576,0.228956,3.49881,0.141257,0
11.716,22.9719,7.55448,-0.193634,1.109,0.0564775,0.0626336,FGM,0.228956,0.141257,0.0520576,0.228956,3.49881,0.141257,0
11.72,22.9827,7.55245,-0.192762,1.10723,0.124935,0.138332,FGM,0.228956,0.141257,0.0520576,0.228956,3.49881,0.141257,0
11.724,22.9827,7.55245,-0.192762,1.10723,0.124935,0.138332,FGM,0.228956,0.141257,0.0520576,0.228956,3.49881,0.141257,0
11.7286,22.9936,7.5505,-0.19133,1.10579,0.138464,0.153113,FGM,0.228956,0.141257,0.0520576,0.228956,3.49881,0.141257,0
11.732,22.9936,7.5505,-0.19133,1.10579,0.138464,0.153113,FGM,0.193306,0.140278,0.0660175,0.193306,3.49881,0.140278,0
11.736,22.9936,7.5505,-0.19133,1.10579,0.138464,0.153113,FGM,0.193306,0.140278,0.0660175,0.193306,3.49881,0.140278,0
11.74,23.0045,7.54859,-0.189938,1.10387,0.156764,0.173047,FGM,0.193306,0.140278,0.0660175,0.193306,3.49881,0.140278,0
11.744,23.0045,7.54859,-0.189938,1.10387,0.156764,0.173047,FGM,0.193306,0.140278,0.0660175,0.193306,3.49881,0.140278,0
11.7486,23.0154,7.54672,-0.188303,1.10231,0.151022,0.166472,FGM,0.193306,0.140278,0.0660175,0.193306,3.49881,0.140278,0
11.752,23.0154,7.54672,-0.188303,1.10231,0.151022,0.166472,FGM,0.193306,0.140278,0.0660175,0.193306,3.49881,0.140278,0
11.756,23.0154,7.54672,-0.188303,1.10231,0.151022,0.166472,FGM,0.193306,0.140278,0.0660175,0.193306,3.49881,0.140278,0
11.76,23.0263,7.54488,-0.186831,1.10104,0.161732,0.178074,FGM,0.193306,0.140278,0.0660175,0.193306,3.49881,0.140278,0
11.764,23.0263,7.54488,-0.186831,1.10104,0.161732,0.178074,FGM,0.193306,0.140278,0.0660175,0.193306,3.49881,0.140278,0
11.7686,23.0371,7.54307,-0.185164,1.10002,0.153019,0.168324,FGM,0.193306,0.140278,0.0660175,0.193306,3.49881,0.140278,0
11.772,23.0371,7.54307,-0.185164,1.10002,0.153019,0.168324,FGM,0.193306,0.140278,0.0660175,0.193306,3.49881,0.140278,0
11.776,23.0371,7.54307,-0.185164,1.10002,0.153019,0.168324,FGM,0.193306,0.140278,0.0660175,0.193306,3.49881,0.140278,0
11.78,23.048,7.54127,-0.183679,1.09919,0.162527,0.178648,FGM,0.164643,0.152613,0.0566188,0.164643,3.49881,0.152613,0
11.784,23.048,7.54127,-0.183679,1.09919,0.162527,0.178648,FGM,0.164643,0.152613,0.0566188,0.164643,3.49881,0.152613,0
11.7886,23.0588,7.53951,-0.182007,1.09889,0.153326,0.168488,FGM,0.164643,0.152613,0.0566188,0.164643,3.49881,0.152613,0
11.792,23.0588,7.53951,-0.182007,1.09889,0.153326,0.168488,FGM,0.164643,0.152613,0.0566188,0.164643,3.49881,0.152613,0
11.796,23.0588,7.53951,-0.182007,1.09889,0.153326,0.168488,FGM,0.164643,0.152613,0.0566188,0.164643,3.49881,0.152613,0
11.8,23.0697,7.53775,-0.18052,1.09865,0.162625,0.178668,FGM,0.164643,0.152613,0.0566188,0.164643,3.49881,0.152613,0
11.804,23.0697,7.53775,-0.18052,1.09865,0.162625,0.178668,FGM,0.164643,0.152613,0.0566188,0.164643,3.49881,0.152613,0
11.8086,23.0805,7.53603,-0.178847,1.09845,0.153385,0.168486,FGM,0.164643,0.152613,0.0566188,0.164643,3.49881,0.152613,0
11.812,23.0805,7.53603,-0.178847,1.09845,0.153385,0.168486,FGM,0.164643,0.152613,0.0566188,0.164643,3.49881,0.152613,0
11.8161,23.0805,7.53603,-0.178847,1.09845,0.153385,0.168486,FGM,0.164643,0.152613,0.0566188,0.164643,3.49881,0.152613,0
11.82,23.0914,7.53431,-0.177359,1.09829,0.162651,0.178639,FGM,0.164643,0.152613,0.0566188,0.164643,3.49881,0.152613,0
11.824,23.0914,7.53431,-0.177359,1.09829,0.162651,0.178639,FGM,0.164643,0.152613,0.0566188,0.164643,3.49881,0.152613,0
11.8286,23.1022,7.53262,-0.175687,1.09817,0.15339,0.168448,FGM,0.164643,0.152613,0.0566188,0.164643,3.49881,0.152613,0
11.832,23.1022,7.53262,-0.175687,1.09817,0.15339,0.168448,FGM,0.193731,0.142736,0.0980725,0.193731,3.31112,0.142736,0
11.836,23.1022,7.53262,-0.175687,1.09817,0.15339,0.168448,FGM,0.193731,0.142736,0.0980725,0.193731,3.31112,0.142736,0
11.84,23.1131,7.53094,-0.174199,1.0975,0.162674,0.178534,FGM,0.193731,0.142736,0.0980725,0.193731,3.31112,0.142736,0
11.844,23.1131,7.53094,-0.174199,1.0975,0.162674,0.178534,FGM,0.193731,0.142736,0.0980725,0.193731,3.31112,0.142736,0
11.8486,23.1239,7.52928,-0.172526,1.09695,0.153318,0.168182,FGM,0.193731,0.142736,0.0980725,0.193731,3.31112,0.142736,0
11.852,23.1239,7.52928,-0.172526,1.09695,0.153318,0.168182,FGM,0.193731,0.142736,0.0980725,0.193731,3.31112,0.142736,0
11.856,23.1239,7.52928,-0.172526,1.09695,0.153318,0.168182,FGM,0.193731,0.142736,0.0980725,0.193731,3.31112,0.142736,0
11.86,23.1347,7.52764,-0.17104,1.09651,0.162541,0.178228,FGM,0.193731,0.142736,0.0980725,0.193731,3.31112,0.142736,0
11.864,23.1347,7.52764,-0.17104,1.09651,0.162541,0.178228,FGM,0.193731,0.142736,0.0980725,0.193731,3.31112,0.142736,0
11.8686,23.1456,7.52602,-0.169368,1.09615,0.153184,0.167913,FGM,0.193731,0.142736,0.0980725,0.193731,3.31112,0.142736,0
11.872,23.1456,7.52602,-0.169368,1.09615,0.153184,0.167913,FGM,0.193731,0.142736,0.0980725,0.193731,3.31112,0.142736,0
11.876,23.1456,7.52602,-0.169368,1.09615,0.153184,0.167913,FGM,0.193731,0.142736,0.0980725,0.193731,3.31112,0.142736,0
11.88,23.1564,7.52441,-0.167883,1.09587,0.162421,0.177992,FGM,0.178478,0.149911,0.0848477,0.178478,3.31112,0.149911,0
11.884,23.1564,7.52441,-0.167883,1.09587,0.162421,0.177992,FGM,0.178478,0.149911,0.0848477,0.178478,3.31112,0.149911,0
11.8886,23.1673,7.52282,-0.166213,1.09613,0.153101,0.167819,FGM,0.178478,0.149911,0.0848477,0.178478,3.31112,0.149911,0
11.892,23.1673,7.52282,-0.166213,1.09613,0.153101,0.167819,FGM,0.178478,0.149911,0.0848477,0.178478,3.31112,0.149911,0
11.896,23.1673,7.52282,-0.166213,1.09613,0.153101,0.167819,FGM,0.178478,0.149911,0.0848477,0.178478,3.31112,0.149911,0
11.9,23.1781,7.52125,-0.164728,1.09639,0.162364,0.178014,FGM,0.178478,0.149911,0.0848477,0.178478,3.31112,0.149911,0
11.904,23.1781,7.52125,-0.164728,1.09639,0.162364,0.178014,FGM,0.178478,0.149911,0.0848477,0.178478,3.31112,0.149911,0
11.9086,23.189,7.51972,-0.162804,1.09663,0.229457,0.25163,FGM,0.178478,0.149911,0.0848477,0.178478,3.31112,0.149911,0
11.912,23.189,7.51972,-0.162804,1.09663,0.229457,0.25163,FGM,0.178478,0.149911,0.0848477,0.178478,3.31112,0.149911,0
11.916,23.189,7.51972,-0.162804,1.09663,0.229457,0.25163,FGM,0.178478,0.149911,0.0848477,0.178478,3.31112,0.149911,0
11.92,23.1998,7.51828,-0.16033,1.09687,0.242534,0.266027,FGM,0.178478,0.149911,0.0848477,0.178478,3.31112,0.149911,0
11.924,23.1998,7.51828,-0.16033,1.09687,0.242534,0.266027,FGM,0.178478,0.149911,0.0848477,0.178478,3.31112,0.149911,0
11.9286,23.2107,7.51688,-0.157899,1.09709,0.260706,0.286017,FGM,0.178478,0.149911,0.0848477,0.178478,3.31112,0.149911,0
11.932,23.2107,7.51688,-0.157899,1.09709,0.260706,0.286017,FGM,0.170591,0.152341,0.0899249,0.170591,3.31112,0.152341,0
11.936,23.2107,7.51688,-0.157899,1.09709,0.260706,0.286017,FGM,0.170591,0.152341,0.0899249,0.170591,3.31112,0.152341,0
11.94,23.2216,7.51554,-0.155223,1.09709,0.255198,0.279976,FGM,0.170591,0.152341,0.0899249,0.170591,3.31112,0.152341,0
11.944,23.2216,7.51554,-0.155223,1.09709,0.255198,0.279976,FGM,0.170591,0.152341,0.0899249,0.170591,3.31112,0.152341,0
11.9486,23.2325,7.51423,-0.152708,1.09709,0.26611,0.291948,FGM,0.170591,0.152341,0.0899249,0.170591,3.31112,0.152341,0
11.952,23.2325,7.51423,-0.152708,1.09709,0.26611,0.291948,FGM,0.170591,0.152341,0.0899249,0.170591,3.31112,0.152341,0
11.956,23.2325,7.51423,-0.152708,1.09709,0.26611,0.291948,FGM,0.170591,0.152341,0.0899249,0.170591,3.31112,0.152341,0
11.96,23.2434,7.51296,-0.149996,1.0971,0.257618,0.282632,FGM,0.170591,0.152341,0.0899249,0.170591,3.31112,0.152341,0
11.964,23.2434,7.51296,-0.149996,1.0971,0.257618,0.282632,FGM,0.170591,0.152341,0.0899249,0.170591,3.31112,0.152341,0
11.9686,23.2543,7.51171,-0.147464,1.0971,0.267269,0.293222,FGM,0.170591,0.152341,0.0899249,0.170591,3.31112,0.152341,0
11.972,23.2543,7.51171,-0.147464,1.0971,0.267269,0.293222,FGM,0.170591,0.152341,0.0899249,0.170591,3.31112,0.152341,0
11.976,23.2543,7.51171,-0.147464,1.0971,0.267269,0.293222,FGM,0.170591,0.152341,0.0899249,0.170591,3.31112,0.152341,0
11.98,23.2652,7.51051,-0.144744,1.0971,0.258212,0.283286,FGM,0.153662,0.163879,0.0726232,0.153662,3.31112,0.163879,0
11.984,23.2652,7.51051,-0.144744,1.0971,0.258212,0.283286,FGM,0.153662,0.163879,0.0726232,0.153662,3.31112,0.163879,0
11.9886,23.2761,7.5093,-0.142462,1.09725,0.19122,0.209817,FGM,0.153662,0.163879,0.0726232,0.153662,3.31112,0.163879,0
11.992,23.2761,7.5093,-0.142462,1.09725,0.19122,0.209817,FGM,0.153662,0.163879,0.0726232,0.153662,3.31112,0.163879,0
11.996,23.2761,7.5093,-0.142462,1.09725,0.19122,0.209817,FGM,0.153662,0.163879,0.0726232,0.153662,3.31112,0.163879,0
12,23.287,7.50803,-0.140983,1.09739,0.101881,0.111803,FGM,0.153662,0.163879,0.0726232,0.153662,3.31112,0.163879,0
12.004,23.287,7.50803,-0.140983,1.09739,0.101881,0.111803,FGM,0.153662,0.163879,0.0726232,0.153662,3.31112,0.163879,0
12.0086,23.2979,7.50665,-0.14045,1.09753,0.00362494,0.00397847,FGM,0.153662,0.163879,0.0726232,0.153662,3.31112,0.163879,0
12.012,23.2979,7.50665,-0.14045,1.09753,0.00362494,0.00397847,FGM,0.153662,0.163879,0.0726232,0.153662,3.31112,0.163879,0
12.016,23.2979,7.50665,-0.14045,1.09753,0.00362494,0.00397847,FGM,0.153662,0.163879,0.0726232,0.153662,3.31112,0.163879,0
12.02,23.3088,7.50515,-0.140921,1.09766,-0.0983585,-0.107964,FGM,0.153662,0.163879,0.0726232,0.153662,3.31112,0.163879,0
12.024,23.3088,7.50515,-0.140921,1.09766,-0.0983585,-0.107964,FGM,0.153662,0.163879,0.0726232,0.153662,3.31112,0.163879,0
12.0286,23.3196,7.5035,-0.142422,1.09778,-0.202,-0.221751,FGM,0.153662,0.163879,0.0726232,0.153662,3.31112,0.163879,0
12.032,23.3196,7.5035,-0.142422,1.09778,-0.202,-0.221751,FGM,0.153158,0.179057,0.0499114,0.153158,3.13025,0.179057,0
12.036,23.3196,7.5035,-0.142422,1.09778,-0.202,-0.221751,FGM,0.153158,0.179057,0.0499114,0.153158,3.13025,0.179057,0
12.04,23.3305,7.50168,-0.144966,1.09713,-0.306854,-0.336658,FGM,0.153158,0.179057,0.0499114,0.153158,3.13025,0.179057,0
12.044,23.3305,7.50168,-0.144966,1.09713,-0.306854,-0.336658,FGM,0.153158,0.179057,0.0499114,0.153158,3.13025,0.179057,0
12.0486,23.3412,7.49968,-0.148558,1.0966,-0.411635,-0.451399,FGM,0.153158,0.179057,0.0499114,0.153158,3.13025,0.179057,0
12.052,23.3412,7.49968,-0.148558,1.0966,-0.411635,-0.451399,FGM,0.153158,0.179057,0.0499114,0.153158,3.13025,0.179057,0
12.056,23.3412,7.49968,-0.148558,1.0966,-0.411635,-0.451399,FGM,0.153158,0.179057,0.0499114,0.153158,3.13025,0.179057,0
12.06,23.352,7.49751,-0.152944,1.09617,-0.439897,-0.482203,FGM,0.153158,0.179057,0.0499114,0.153158,3.13025,0.179057,0
12.064,23.352,7.49751,-0.152944,1.09617,-0.439897,-0.482203,FGM,0.153158,0.179057,0.0499114,0.153158,3.13025,0.179057,0
12.0686,23.3627,7.49526,-0.157132,1.09583,-0.388053,-0.425239,FGM,0.153158,0.179057,0.0499114,0.153158,3.13025,0.179057,0
12.072,23.3627,7.49526,-0.157132,1.09583,-0.388053,-0.425239,FGM,0.153158,0.179057,0.0499114,0.153158,3.13025,0.179057,0
12.076,23.3627,7.49526,-0.157132,1.09583,-0.388053,-0.425239,FGM,0.153158,0.179057,0.0499114,0.153158,3.13025,0.179057,0
12.08,23.3734,7.49301,-0.160617,1.09555,-0.305232,-0.334396,FGM,0.145853,0.189946,0.0477332,0.145853,3.13025,0.189946,0
12.084,23.3734,7.49301,-0.160617,1.09555,-0.305232,-0.334396,FGM,0.145853,0.189946,0.0477332,0.145853,3.13025,0.189946,0
12.0886,23.3842,7.49081,-0.163199,1.0937,-0.20947,-0.229098,FGM,0.145853,0.189946,0.0477332,0.145853,3.13025,0.189946,0
12.092,23.3842,7.49081,-0.163199,1.0937,-0.20947,-0.229098,FGM,0.145853,0.189946,0.0477332,0.145853,3.13025,0.189946,0
12.096,23.3842,7.49081,-0.163199,1.0937,-0.20947,-0.229098,FGM,0.145853,0.189946,0.0477332,0.145853,3.13025,0.189946,0
12.1,23.3949,7.48871,-0.164793,1.09221,-0.108758,-0.118787,FGM,0.145853,0.189946,0.0477332,0.145853,3.13025,0.189946,0
12.104,23.3949,7.48871,-0.164793,1.09221,-0.108758,-0.118787,FGM,0.145853,0.189946,0.0477332,0.145853,3.13025,0.189946,0
12.1086,23.4056,7.48672,-0.165369,1.09101,-0.00608567,-0.00663949,FGM,0.145853,0.189946,0.0477332,0.145853,3.13025,0.189946,0
12.112,23.4056,7.48672,-0.165369,1.09101,-0.00608567,-0.00663949,FGM,0.145853,0.189946,0.0477332,0.145853,3.13025,0.189946,0
12.116,23.4056,7.48672,-0.165369,1.09101,-0.00608567,-0.00663949,FGM,0.145853,0.189946,0.0477332,0.145853,3.13025,0.189946,0
12.12,23.4164,7.48488,-0.164913,1.09003,0.0973843,0.106152,FGM,0.145853,0.189946,0.0477332,0.145853,3.13025,0.189946,0
12.124,23.4164,7.48488,-0.164913,1.09003,0.0973843,0.106152,FGM,0.145853,0.189946,0.0477332,0.145853,3.13025,0.189946,0
12.1286,23.4271,7.48319,-0.16342,1.08924,0.201188,0.219141,FGM,0.145853,0.189946,0.0477332,0.145853,3.13025,0.189946,0
12.132,23.4271,7.48319,-0.16342,1.08924,0.201188,0.219141,FGM,0.139742,0.197975,0,0.139742,2.11651,0.197975,0
12.136,23.4271,7.48319,-0.16342,1.08924,0.201188,0.219141,FGM,0.139742,0.197975,0,0.139742,2.11651,0.197975,0
12.14,23.4379,7.48167,-0.160885,1.08748,0.305747,0.332493,FGM,0.139742,0.197975,0,0.139742,2.11651,0.197975,0
12.144,23.4379,7.48167,-0.160885,1.08748,0.305747,0.332493,FGM,0.139742,0.197975,0,0.139742,2.11651,0.197975,0
12.1486,23.4487,7.48034,-0.157308,1.08606,0.409639,0.444891,FGM,0.139742,0.197975,0,0.139742,2.11651,0.197975,0
12.152,23.4487,7.48034,-0.157308,1.08606,0.409639,0.444891,FGM,0.139742,0.197975,0,0.139742,2.11651,0.197975,0
12.156,23.4487,7.48034,-0.157308,1.08606,0.409639,0.444891,FGM,0.139742,0.197975,0,0.139742,2.11651,0.197975,0
12.16,23.4595,7.47919,-0.152948,1.08491,0.436664,0.473739,FGM,0.139742,0.197975,0,0.139742,2.11651,0.197975,0
12.164,23.4595,7.47919,-0.152948,1.08491,0.436664,0.473739,FGM,0.139742,0.197975,0,0.139742,2.11651,0.197975,0
12.1686,23.4703,7.47812,-0.148796,1.08397,0.384181,0.416442,FGM,0.139742,0.197975,0,0.139742,2.11651,0.197975,0
12.172,23.4703,7.47812,-0.148796,1.08397,0.384181,0.416442,FGM,0.139742,0.197975,0,0.139742,2.11651,0.197975,0
12.176,23.4703,7.47812,-0.148796,1.08397,0.384181,0.416442,FGM,0.139742,0.197975,0,0.139742,2.11651,0.197975,0
12.18,23.4811,7.47705,-0.145349,1.08322,0.301405,0.326488,FGM,0.127944,0.204555,0,0.127944,2.11651,0.204555,0
12.184,23.4811,7.47705,-0.145349,1.08322,0.301405,0.326488,FGM,0.127944,0.204555,0,0.127944,2.11651,0.204555,0
12.1886,23.4918,7.47593,-0.142801,1.08297,0.20688,0.224046,FGM,0.127944,0.204555,0,0.127944,2.11651,0.204555,0
12.192,23.4918,7.47593,-0.142801,1.08297,0.20688,0.224046,FGM,0.127944,0.204555,0,0.127944,2.11651,0.204555,0
12.196,23.4918,7.47593,-0.142801,1.08297,0.20688,0.224046,FGM,0.127944,0.204555,0,0.127944,2.11651,0.204555,0
12.2,23.5026,7.47471,-0.141226,1.08278,0.107449,0.116343,FGM,0.127944,0.204555,0,0.127944,2.11651,0.204555,0
12.204,23.5026,7.47471,-0.141226,1.08278,0.107449,0.116343,FGM,0.127944,0.204555,0,0.127944,2.11651,0.204555,0
12.2086,23.5133,7.47338,-0.140658,1.08262,0.00584646,0.00632946,FGM,0.127944,0.204555,0,0.127944,2.11651,0.204555,0
12.212,23.5133,7.47338,-0.140658,1.08262,0.00584646,0.00632946,FGM,0.127944,0.204555,0,0.127944,2.11651,0.204555,0
12.216,23.5133,7.47338,-0.140658,1.08262,0.00584646,0.00632946,FGM,0.127944,0.204555,0,0.127944,2.11651,0.204555,0
12.22,23.5241,7.47192,-0.141112,1.08249,-0.0967831,-0.104766,FGM,0.127944,0.204555,0,0.127944,2.11651,0.204555,0
12.224,23.5241,7.47192,-0.141112,1.08249,-0.0967831,-0.104766,FGM,0.127944,0.204555,0,0.127944,2.11651,0.204555,0
12.2286,23.5348,7.47029,-0.142595,1.08238,-0.199932,-0.216402,FGM,0.127944,0.204555,0,0.127944,2.11651,0.204555,0
12.232,23.5348,7.47029,-0.142595,1.08238,-0.199932,-0.216402,FGM,0.108615,0.218403,0,0.108615,2.11651,0.218403,0
12.236,23.5348,7.47029,-0.142595,1.08238,-0.199932,-0.216402,FGM,0.108615,0.218403,0,0.108615,2.11651,0.218403,0
12.24,23.5454,7.4685,-0.145112,1.0821,-0.303467,-0.328381,FGM,0.108615,0.218403,0,0.108615,2.11651,0.218403,0
12.244,23.5454,7.4685,-0.145112,1.0821,-0.303467,-0.328381,FGM,0.108615,0.218403,0,0.108615,2.11651,0.218403,0
12.2486,23.5561,7.46653,-0.148665,1.08187,-0.407028,-0.440351,FGM,0.108615,0.218403,0,0.108615,2.11651,0.218403,0
12.252,23.5561,7.46653,-0.148665,1.08187,-0.407028,-0.440351,FGM,0.108615,0.218403,0,0.108615,2.11651,0.218403,0
12.256,23.5561,7.46653,-0.148665,1.08187,-0.407028,-0.440351,FGM,0.108615,0.218403,0,0.108615,2.11651,0.218403,0
12.26,23.5667,7.46438,-0.153,1.08168,-0.434395,-0.469878,FGM,0.108615,0.218403,0,0.108615,2.11651,0.218403,0
12.264,23.5667,7.46438,-0.153,1.08168,-0.434395,-0.469878,FGM,0.108615,0.218403,0,0.108615,2.11651,0.218403,0
12.2686,23.5773,7.46216,-0.157133,1.08153,-0.382643,-0.413841,FGM,0.108615,0.218403,0,0.108615,2.11651,0.218403,0
12.272,23.5773,7.46216,-0.157133,1.08153,-0.382643,-0.413841,FGM,0.108615,0.218403,0,0.108615,2.11651,0.218403,0
12.276,23.5773,7.46216,-0.157133,1.08153,-0.382643,-0.413841,FGM,0.108615,0.218403,0,0.108615,2.11651,0.218403,0
12.28,23.5878,7.45993,-0.160567,1.08141,-0.300539,-0.325006,FGM,0.097444,0.313952,0.0381334,0.097444,3.74377,0.313952,0
12.284,23.5878,7.45993,-0.160567,1.08141,-0.300539,-0.325006,FGM,0.097444,0.313952,0.0381334,0.097444,3.74377,0.313952,0
12.2886,23.5984,7.45777,-0.163105,1.07877,-0.205474,-0.221659,FGM,0.097444,0.313952,0.0381334,0.097444,3.74377,0.313952,0
12.292,23.5984,7.45777,-0.163105,1.07877,-0.205474,-0.221659,FGM,0.097444,0.313952,0.0381334,0.097444,3.74377,0.313952,0
12.296,23.5984,7.45777,-0.163105,1.07877,-0.205474,-0.221659,FGM,0.097444,0.313952,0.0381334,0.097444,3.74377,0.313952,0
12.3,23.609,7.45569,-0.164664,1.07663,-0.105738,-0.113841,FGM,0.097444,0.313952,0.0381334,0.097444,3.74377,0.313952,0
12.304,23.609,7.45569,-0.164664,1.07663,-0.105738,-0.113841,FGM,0.097444,0.313952,0.0381334,0.097444,3.74377,0.313952,0
12.3086,23.6196,7.45374,-0.165215,1.0749,-0.00429129,-0.00461272,FGM,0.097444,0.313952,0.0381334,0.097444,3.74377,0.313952,0
12.312,23.6196,7.45374,-0.165215,1.0749,-0.00429129,-0.00461272,FGM,0.097444,0.313952,0.0381334,0.097444,3.74377,0.313952,0
12.316,23.6196,7.45374,-0.165215,1.0749,-0.00429129,-0.00461272,FGM,0.097444,0.313952,0.0381334,0.097444,3.74377,0.313952,0
12.32,23.6302,7.45192,-0.164748,1.0735,0.0977704,0.104957,FGM,0.097444,0.313952,0.0381334,0.097444,3.74377,0.313952,0
12.324,23.6302,7.45192,-0.164748,1.0735,0.0977704,0.104957,FGM,0.097444,0.313952,0.0381334,0.097444,3.74377,0.313952,0
12.3286,23.6408,7.45027,-0.16326,1.07237,0.200039,0.214515,FGM,0.097444,0.313952,0.0381334,0.097444,3.74377,0.313952,0
12.332,23.6408,7.45027,-0.16326,1.07237,0.200039,0.214515,FGM,0.112751,0.468897,0.0377232,0.112751,3.74377,0.468897,0
12.336,23.6408,7.45027,-0.16326,1.07237,0.200039,0.214515,FGM,0.112751,0.468897,0.0377232,0.112751,3.74377,0.468897,0
12.34,23.6514,7.44878,-0.16074,1.06927,0.303528,0.324554,FGM,0.112751,0.468897,0.0377232,0.112751,3.74377,0.468897,0
12.344,23.6514,7.44878,-0.16074,1.06927,0.303528,0.324554,FGM,0.112751,0.468897,0.0377232,0.112751,3.74377,0.468897,0
12.3486,23.662,7.44748,-0.157194,1.06676,0.405605,0.432685,FGM,0.112751,0.468897,0.0377232,0.112751,3.74377,0.468897,0
12.352,23.662,7.44748,-0.157194,1.06676,0.405605,0.432685,FGM,0.112751,0.468897,0.0377232,0.112751,3.74377,0.468897,0
12.356,23.662,7.44748,-0.157194,1.06676,0.405605,0.432685,FGM,0.112751,0.468897,0.0377232,0.112751,3.74377,0.468897,0
12.36,23.6726,7.44638,-0.152631,1.06473,0.507048,0.539871,FGM,0.112751,0.468897,0.0377232,0.112751,3.74377,0.468897,0
12.364,23.6726,7.44638,-0.152631,1.06473,0.507048,0.539871,FGM,0.112751,0.468897,0.0377232,0.112751,3.74377,0.468897,0
12.3686,23.6832,7.44549,-0.147055,1.06309,0.608186,0.646556,FGM,0.112751,0.468897,0.0377232,0.112751,3.74377,0.468897,0
12.372,23.6832,7.44549,-0.147055,1.06309,0.608186,0.646556,FGM,0.112751,0.468897,0.0377232,0.112751,3.74377,0.468897,0
12.376,23.6832,7.44549,-0.147055,1.06309,0.608186,0.646556,FGM,0.112751,0.468897,0.0377232,0.112751,3.74377,0.468897,0
12.38,23.6938,7.44482,-0.140469,1.06176,0.709173,0.752971,FGM,0.105209,0.479524,0.0528393,0.105209,3.74377,0.479524,0
12.384,23.6938,7.44482,-0.140469,1.06176,0.709173,0.752971,FGM,0.105209,0.479524,0.0528393,0.105209,3.74377,0.479524,0
12.3886,23.7044,7.44437,-0.132877,1.06182,0.809467,0.859505,FGM,0.105209,0.479524,0.0528393,0.105209,3.74377,0.479524,0
12.392,23.7044,7.44437,-0.132877,1.06182,0.809467,0.859505,FGM,0.105209,0.479524,0.0528393,0.105209,3.74377,0.479524,0
12.396,23.7044,7.44437,-0.132877,1.06182,0.809467,0.859505,FGM,0.105209,0.479524,0.0528393,0.105209,3.74377,0.479524,0
12.4,23.715,7.44417,-0.124276,1.06187,0.910842,0.967195,FGM,0.105209,0.479524,0.0528393,0.105209,3.74377,0.479524,0
12.404,23.715,7.44417,-0.124276,1.06187,0.910842,0.967195,FGM,0.105209,0.479524,0.0528393,0.105209,3.74377,0.479524,0
12.4086,23.7256,7.44422,-0.114659,1.06192,1.01261,1.07531,FGM,0.105209,0.479524,0.0528393,0.105209,3.74377,0.479524,0
12.412,23.7256,7.44422,-0.114659,1.06192,1.01261,1.07531,FGM,0.105209,0.479524,0.0528393,0.105209,3.74377,0.479524,0
12.416,23.7256,7.44422,-0.114659,1.06192,1.01261,1.07531,FGM,0.105209,0.479524,0.0528393,0.105209,3.74377,0.479524,0
12.42,23.7362,7.44453,-0.104024,1.06197,1.11451,1.18358,FGM,0.105209,0.479524,0.0528393,0.105209,3.74377,0.479524,0
12.424,23.7362,7.44453,-0.104024,1.06197,1.11451,1.18358,FGM,0.105209,0.479524,0.0528393,0.105209,3.74377,0.479524,0
12.4286,23.7468,7.44511,-0.0923689,1.06201,1.21648,1.29192,FGM,0.105209,0.479524,0.0528393,0.105209,3.74377,0.479524,0
12.432,23.7468,7.44511,-0.0923689,1.06201,1.21648,1.29192,FGM,0.0508559,0.323917,0.0378309,0.0508559,2.57011,0.323917,0
12.436,23.7468,7.44511,-0.0923689,1.06201,1.21648,1.29192,FGM,0.0508559,0.323917,0.0378309,0.0508559,2.57011,0.323917,0
12.44,23.7574,7.44597,-0.0797857,1.06365,1.30939,1.39273,FGM,0.0508559,0.323917,0.0378309,0.0508559,2.57011,0.323917,0
12.444,23.7574,7.44597,-0.0797857,1.06365,1.30939,1.39273,FGM,0.0508559,0.323917,0.0378309,0.0508559,2.57011,0.323917,0
12.4486,23.768,7.44709,-0.0664607,1.0652,1.34854,1.43647,FGM,0.0508559,0.323917,0.0378309,0.0508559,2.57011,0.323917,0
12.452,23.768,7.44709,-0.0664607,1.0652,1.34854,1.43647,FGM,0.0508559,0.323917,0.0378309,0.0508559,2.57011,0.323917,0
12.456,23.768,7.44709,-0.0664607,1.0652,1.34854,1.43647,FGM,0.0508559,0.323917,0.0378309,0.0508559,2.57011,0.323917,0
12.46,23.7786,7.44841,-0.0530007,1.06668,1.32806,1.41661,FGM,0.0508559,0.323917,0.0378309,0.0508559,2.57011,0.323917,0
12.464,23.7786,7.44841,-0.0530007,1.06668,1.32806,1.41661,FGM,0.0508559,0.323917,0.0378309,0.0508559,2.57011,0.323917,0
12.4686,23.7892,7.44986,-0.0400315,1.06809,1.25993,1.34572,FGM,0.0508559,0.323917,0.0378309,0.0508559,2.57011,0.323917,0
12.472,23.7892,7.44986,-0.0400315,1.06809,1.25993,1.34572,FGM,0.0508559,0.323917,0.0378309,0.0508559,2.57011,0.323917,0
12.476,23.7892,7.44986,-0.0400315,1.06809,1.25993,1.34572,FGM,0.0508559,0.323917,0.0378309,0.0508559,2.57011,0.323917,0
12.48,23.7998,7.45138,-0.0278545,1.06943,1.17312,1.25458,FGM,0.140627,0.529307,0.0400996,0.140627,2.57011,0.529307,0
12.484,23.7998,7.45138,-0.0278545,1.06943,1.17312,1.25458,FGM,0.140627,0.529307,0.0400996,0.140627,2.57011,0.529307,0
12.4886,23.8103,7.45292,-0.0165906,1.07143,1.0788,1.15585,FGM,0.140627,0.529307,0.0400996,0.140627,2.57011,0.529307,0
12.492,23.8103,7.45292,-0.0165906,1.07143,1.0788,1.15585,FGM,0.140627,0.529307,0.0400996,0.140627,2.57011,0.529307,0
12.496,23.8103,7.45292,-0.0165906,1.07143,1.0788,1.15585,FGM,0.140627,0.529307,0.0400996,0.140627,2.57011,0.529307,0
12.5,23.821,7.45445,-0.00628827,1.07333,0.981212,1.05316,FGM,0.140627,0.529307,0.0400996,0.140627,2.57011,0.529307,0
12.504,23.821,7.45445,-0.00628827,1.07333,0.981212,1.05316,FGM,0.140627,0.529307,0.0400996,0.140627,2.57011,0.529307,0
12.5092,23.8316,7.45598,0.00327889,1.07513,0.957336,1.02926,FGM,0.140627,0.529307,0.0400996,0.140627,2.57011,0.529307,0
12.512,23.8316,7.45598,0.00327889,1.07513,0.957336,1.02926,FGM,0.140627,0.529307,0.0400996,0.140627,2.57011,0.529307,0
12.516,23.8316,7.45598,0.00327889,1.07513,0.957336,1.02926,FGM,0.140627,0.529307,0.0400996,0.140627,2.57011,0.529307,0
12.52,23.8422,7.45759,0.0130728,1.07686,1.01086,1.08855,FGM,0.140627,0.529307,0.0400996,0.140627,2.57011,0.529307,0
12.524,23.8422,7.45759,0.0130728,1.07686,1.01086,1.08855,FGM,0.140627,0.529307,0.0400996,0.140627,2.57011,0.529307,0
12.5286,23.8529,7.45935,0.0235798,1.0785,1.0942,1.18009,FGM,0.140627,0.529307,0.0400996,0.140627,2.57011,0.529307,0
12.532,23.8529,7.45935,0.0235798,1.0785,1.0942,1.18009,FGM,0.100855,0.503442,0.0748417,0.100855,2.57011,0.503442,0
12.536,23.8529,7.45935,0.0235798,1.0785,1.0942,1.18009,FGM,0.100855,0.503442,0.0748417,0.100855,2.57011,0.503442,0
12.54,23.8635,7.46132,0.0349946,1.07911,1.18998,1.28411,FGM,0.100855,0.503442,0.0748417,0.100855,2.57011,0.503442,0
12.544,23.8635,7.46132,0.0349946,1.07911,1.18998,1.28411,FGM,0.100855,0.503442,0.0748417,0.100855,2.57011,0.503442,0
12.5486,23.874,7.46351,0.0471397,1.07969,1.21409,1.31084,FGM,0.100855,0.503442,0.0748417,0.100855,2.57011,0.503442,0
12.552,23.874,7.46351,0.0471397,1.07969,1.21409,1.31084,FGM,0.100855,0.503442,0.0748417,0.100855,2.57011,0.503442,0
12.556,23.874,7.46351,0.0471397,1.07969,1.21409,1.31084,FGM,0.100855,0.503442,0.0748417,0.100855,2.57011,0.503442,0
12.56,23.8846,7.46586,0.0593156,1.08025,1.23724,1.33653,FGM,0.100855,0.503442,0.0748417,0.100855,2.57011,0.503442,0
12.564,23.8846,7.46586,0.0593156,1.08025,1.23724,1.33653,FGM,0.100855,0.503442,0.0748417,0.100855,2.57011,0.503442,0
12.5686,23.8951,7.4684,0.0720215,1.08078,1.30994,1.41576,FGM,0.100855,0.503442,0.0748417,0.100855,2.57011,0.503442,0
12.572,23.8951,7.4684,0.0720215,1.08078,1.30994,1.41576,FGM,0.100855,0.503442,0.0748417,0.100855,2.57011,0.503442,0
12.576,23.8951,7.4684,0.0720215,1.08078,1.30994,1.41576,FGM,0.100855,0.503442,0.0748417,0.100855,2.57011,0.503442,0
12.58,23.9055,7.47116,0.085251,1.08128,1.31489,1.42177,FGM,0.0833877,0.517002,0.0542223,0.0833877,2.5698,0.517002,0
12.584,23.9055,7.47116,0.085251,1.08128,1.31489,1.42177,FGM,0.0833877,0.517002,0.0542223,0.0833877,2.5698,0.517002,0
12.5886,23.9159,7.47404,0.0981398,1.08038,1.2545,1.35533,FGM,0.0833877,0.517002,0.0542223,0.0833877,2.5698,0.517002,0
12.592,23.9159,7.47404,0.0981398,1.08038,1.2545,1.35533,FGM,0.0833877,0.517002,0.0542223,0.0833877,2.5698,0.517002,0
12.596,23.9159,7.47404,0.0981398,1.08038,1.2545,1.35533,FGM,0.0833877,0.517002,0.0542223,0.0833877,2.5698,0.517002,0
12.6,23.9263,7.47699,0.110268,1.07964,1.16797,1.26099,FGM,0.0833877,0.517002,0.0542223,0.0833877,2.5698,0.517002,0
12.604,23.9263,7.47699,0.110268,1.07964,1.16797,1.26099,FGM,0.0833877,0.517002,0.0542223,0.0833877,2.5698,0.517002,0
12.6086,23.9367,7.47996,0.121471,1.07905,1.07141,1.1561,FGM,0.0833877,0.517002,0.0542223,0.0833877,2.5698,0.517002,0
12.612,23.9367,7.47996,0.121471,1.07905,1.07141,1.1561,FGM,0.0833877,0.517002,0.0542223,0.0833877,2.5698,0.517002,0
12.616,23.9367,7.47996,0.121471,1.07905,1.07141,1.1561,FGM,0.0833877,0.517002,0.0542223,0.0833877,2.5698,0.517002,0
12.62,23.9471,7.48292,0.131685,1.07857,0.970876,1.04715,FGM,0.0833877,0.517002,0.0542223,0.0833877,2.5698,0.517002,0
12.624,23.9471,7.48292,0.131685,1.07857,0.970876,1.04715,FGM,0.0833877,0.517002,0.0542223,0.0833877,2.5698,0.517002,0
12.6286,23.9575,7.48585,0.140883,1.07818,0.868721,0.936634,FGM,0.0833877,0.517002,0.0542223,0.0833877,2.5698,0.517002,0
12.632,23.9575,7.48585,0.140883,1.07818,0.868721,0.936634,FRENET,0.428717,0.0243851,0.428717,0.0182242,0.0243851,0.33591,0
12.636,23.9575,7.48585,0.140883,1.07818,0.868721,0.936634,FRENET,0.428717,0.0243851,0.428717,0.0182242,0.0243851,0.33591,0
12.64,23.9674,7.4886,0.148872,0.983075,0.72296,0.710724,FRENET,0.428717,0.0243851,0.428717,0.0182242,0.0243851,0.33591,0
12.644,23.9674,7.4886,0.148872,0.983075,0.72296,0.710724,FRENET,0.428717,0.0243851,0.428717,0.0182242,0.0243851,0.33591,0
12.6486,23.9764,7.491,0.155317,0.887975,0.566132,0.502711,FRENET,0.428717,0.0243851,0.428717,0.0182242,0.0243851,0.33591,0
12.652,23.9764,7.491,0.155317,0.887975,0.566132,0.502711,FRENET,0.428717,0.0243851,0.428717,0.0182242,0.0243851,0.33591,0
12.656,23.9764,7.491,0.155317,0.887975,0.566132,0.502711,FRENET,0.428717,0.0243851,0.428717,0.0182242,0.0243851,0.33591,0
12.66,23.9846,7.49308,0.16022,0.792875,0.41757,0.331081,FRENET,0.428717,0.0243851,0.428717,0.0182242,0.0243851,0.33591,0
12.664,23.9846,7.49308,0.16022,0.792875,0.41757,0.331081,FRENET,0.428717,0.0243851,0.428717,0.0182242,0.0243851,0.33591,0
12.6686,23.9918,7.49483,0.163713,0.697775,0.286076,0.199617,FRENET,0.428717,0.0243851,0.428717,0.0182242,0.0243851,0.33591,0
12.672,23.9918,7.49483,0.163713,0.697775,0.286076,0.199617,FRENET,0.428717,0.0243851,0.428717,0.0182242,0.0243851,0.33591,0
12.676,23.9918,7.49483,0.163713,0.697775,0.286076,0.199617,FRENET,0.428717,0.0243851,0.428717,0.0182242,0.0243851,0.33591,0
12.68,23.9982,7.49628,0.165989,0.602675,0.175832,0.10597,FRENET,0.446296,0.0243851,0.446296,0.00266898,0.0243851,0.460903,0
12.684,23.9982,7.49628,0.165989,0.602675,0.175832,0.10597,FRENET,0.446296,0.0243851,0.446296,0.00266898,0.0243851,0.460903,0
12.6886,24.0036,7.49744,0.167267,0.507575,0.0889933,0.0451708,FRENET,0.446296,0.0243851,0.446296,0.00266898,0.0243851,0.460903,0

--- Experiment Summary ---
Scenario,Mux_playground_WS0.83_WT2.43_WC1.67_WCL2.57_WD2.79_DM0.56_Opp_bumper_slow_2.csv
Mode,MUX_OBSTACLE
Finish Reason,GOAL REACHED
Duration (s),12.69
Total Dist (m),34.11
Collision,NO
FRENET Usage (%),72.55
FGM Usage (%),27.45
Max Speed (m/s),4.69
Max Lat Acc (m/s^2),1.45
Global Min Dist (m),0.00
Global Unsafe Ratio,0.66
Global Track RMS (m),1.13
Global Lat Acc RMS,0.48
FGM Min Dist (m),0.00
FGM Unsafe Ratio,0.97
FGM Track RMS (m),0.38
