t,x,y,yaw,speed,yaw_rate,a_lat,planner,min_d,track_error,fre_min_d,fgm_min_d,fre_track,fgm_track,collision
7.8224e-05,-9.99841,7.475,0,0.138448,0,0,FRENET,0.414993,0.0473625,0.414993,0.420049,0.0473625,0.144691,0
0.00395191,-9.99841,7.475,0,0.138448,0,0,FRENET,0.414993,0.0473625,0.414993,0.420049,0.0473625,0.144691,0
0.00922573,-9.99673,7.475,0,0.196745,0,0,FRENET,0.414993,0.0473625,0.414993,0.420049,0.0473625,0.144691,0
0.0123231,-9.99673,7.475,0,0.196745,0,0,FRENET,0.414993,0.0473625,0.414993,0.420049,0.0473625,0.144691,0
0.01594,-9.99673,7.475,0,0.196745,0,0,FRENET,0.41497,0.0473625,0.41497,0.421941,0.0473625,0.153154,0
0.0199436,-9.99448,7.475,0,0.25227,0,0,FRENET,0.41497,0.0473625,0.41497,0.421941,0.0473625,0.153154,0
0.024504,-9.99448,7.475,0,0.25227,0,0,FRENET,0.41497,0.0473625,0.41497,0.421941,0.0473625,0.153154,0
0.0288193,-9.9917,7.475,0,0.305155,0,0,FRENET,0.41497,0.0473625,0.41497,0.421941,0.0473625,0.153154,0
0.0320197,-9.9917,7.475,0,0.305155,0,0,FRENET,0.41497,0.0473625,0.41497,0.421941,0.0473625,0.153154,0
0.0360004,-9.9917,7.475,0,0.305155,0,0,FRENET,0.41497,0.0473625,0.41497,0.421941,0.0473625,0.153154,0
0.0399131,-9.98839,7.475,0,0.355526,0,0,FRENET,0.41497,0.0473625,0.41497,0.421941,0.0473625,0.153154,0
0.0439896,-9.98839,7.475,0,0.355526,0,0,FRENET,0.41497,0.0473625,0.41497,0.421941,0.0473625,0.153154,0
0.0487845,-9.9846,7.475,0,0.403501,0,0,FRENET,0.41497,0.0473625,0.41497,0.421941,0.0473625,0.153154,0
0.0520247,-9.9846,7.475,0,0.403501,0,0,FRENET,0.41497,0.0473625,0.41497,0.421941,0.0473625,0.153154,0
0.0559361,-9.9846,7.475,0,0.403501,0,0,FRENET,0.41497,0.0473625,0.41497,0.421941,0.0473625,0.153154,0
0.0600639,-9.98034,7.475,0,0.449195,0,0,FRENET,0.41497,0.0473625,0.41497,0.421941,0.0473625,0.153154,0
0.0639486,-9.98034,7.475,0,0.449195,0,0,FRENET,0.416985,0.0473625,0.416985,0.42388,0.0473625,0.174329,0
0.0686756,-9.97563,7.475,0,0.492717,0,0,FRENET,0.416985,0.0473625,0.416985,0.42388,0.0473625,0.174329,0
0.0720136,-9.97563,7.475,0,0.492717,0,0,FRENET,0.416985,0.0473625,0.416985,0.42388,0.0473625,0.174329,0
0.0760932,-9.97563,7.475,0,0.492717,0,0,FRENET,0.416985,0.0473625,0.416985,0.42388,0.0473625,0.174329,0
0.0800415,-9.97049,7.475,0,0.534169,0,0,FRENET,0.416985,0.0473625,0.416985,0.42388,0.0473625,0.174329,0
0.0838521,-9.97049,7.475,0,0.534169,0,0,FRENET,0.416985,0.0473625,0.416985,0.42388,0.0473625,0.174329,0
0.0887613,-9.96495,7.475,0,0.57365,0,0,FRENET,0.416985,0.0473625,0.416985,0.42388,0.0473625,0.174329,0
0.0919475,-9.96495,7.475,0,0.57365,0,0,FRENET,0.416985,0.0473625,0.416985,0.42388,0.0473625,0.174329,0
0.0959342,-9.96495,7.475,0,0.57365,0,0,FRENET,0.416985,0.0473625,0.416985,0.42388,0.0473625,0.174329,0
0.100054,-9.95897,7.475,0,0.623141,0,0,FRENET,0.416985,0.0473625,0.416985,0.42388,0.0473625,0.174329,0
0.10423,-9.95897,7.475,0,0.623141,0,0,FRENET,0.416985,0.0473625,0.416985,0.42388,0.0473625,0.174329,0
0.108749,-9.9525,7.475,0,0.670278,0,0,FRENET,0.416985,0.0473625,0.416985,0.42388,0.0473625,0.174329,0
0.111803,-9.9525,7.475,0,0.670278,0,0,FRENET,0.416985,0.0473625,0.416985,0.42388,0.0473625,0.174329,0
0.115904,-9.9525,7.475,0,0.670278,0,0,FRENET,0.40216,0.0473625,0.40216,0.410323,0.0473625,0.191832,0
0.119897,-9.94557,7.475,0,0.715175,0,0,FRENET,0.40216,0.0473625,0.40216,0.410323,0.0473625,0.191832,0
0.124052,-9.94557,7.475,0,0.715175,0,0,FRENET,0.40216,0.0473625,0.40216,0.410323,0.0473625,0.191832,0
0.128798,-9.93821,7.475,0,0.757936,0,0,FRENET,0.40216,0.0473625,0.40216,0.410323,0.0473625,0.191832,0
0.131979,-9.93821,7.475,0,0.757936,0,0,FRENET,0.40216,0.0473625,0.40216,0.410323,0.0473625,0.191832,0
0.135852,-9.93821,7.475,0,0.757936,0,0,FRENET,0.40216,0.0473625,0.40216,0.410323,0.0473625,0.191832,0
0.139965,-9.93043,7.475,0,0.798665,0,0,FRENET,0.40216,0.0473625,0.40216,0.410323,0.0473625,0.191832,0
0.143967,-9.93043,7.475,0,0.798665,0,0,FRENET,0.40216,0.0473625,0.40216,0.410323,0.0473625,0.191832,0
0.149081,-9.92224,7.475,0,0.837456,0,0,FRENET,0.40216,0.0473625,0.40216,0.410323,0.0473625,0.191832,0
0.152019,-9.92224,7.475,0,0.837456,0,0,FRENET,0.40216,0.0473625,0.40216,0.410323,0.0473625,0.191832,0
0.155777,-9.92224,7.475,0,0.837456,0,0,FRENET,0.40216,0.0473625,0.40216,0.410323,0.0473625,0.191832,0
0.159976,-9.91369,7.475,0,0.874403,0,0,FRENET,0.40216,0.0473625,0.40216,0.410323,0.0473625,0.191832,0
0.163996,-9.91369,7.475,0,0.874403,0,0,FRENET,0.409894,0.0473625,0.409894,0.419574,0.0473625,0.202606,0
0.16866,-9.90477,7.475,0,0.909593,0,0,FRENET,0.409894,0.0473625,0.409894,0.419574,0.0473625,0.202606,0
0.171951,-9.90477,7.475,0,0.909593,0,0,FRENET,0.409894,0.0473625,0.409894,0.419574,0.0473625,0.202606,0
0.175993,-9.90477,7.475,0,0.909593,0,0,FRENET,0.409894,0.0473625,0.409894,0.419574,0.0473625,0.202606,0
0.180045,-9.8955,7.475,0,0.94311,0,0,FRENET,0.409894,0.0473625,0.409894,0.419574,0.0473625,0.202606,0
0.184001,-9.8955,7.475,0,0.94311,0,0,FRENET,0.409894,0.0473625,0.409894,0.419574,0.0473625,0.202606,0
0.188776,-9.88591,7.475,0,0.975034,0,0,FRENET,0.409894,0.0473625,0.409894,0.419574,0.0473625,0.202606,0
0.191955,-9.88591,7.475,0,0.975034,0,0,FRENET,0.409894,0.0473625,0.409894,0.419574,0.0473625,0.202606,0
0.195901,-9.88591,7.475,0,0.975034,0,0,FRENET,0.409894,0.0473625,0.409894,0.419574,0.0473625,0.202606,0
0.199905,-9.87601,7.475,0,1.00544,0,0,FRENET,0.409894,0.0473625,0.409894,0.419574,0.0473625,0.202606,0
0.203836,-9.87601,7.475,0,1.00544,0,0,FRENET,0.409894,0.0473625,0.409894,0.419574,0.0473625,0.202606,0
0.208565,-9.86581,7.475,0,1.0344,0,0,FRENET,0.409894,0.0473625,0.409894,0.419574,0.0473625,0.202606,0
0.211845,-9.86581,7.475,0,1.0344,0,0,FRENET,0.411749,0.0473625,0.411749,0.423238,0.0473625,0.220214,0
0.215895,-9.86581,7.475,0,1.0344,0,0,FRENET,0.411749,0.0473625,0.411749,0.423238,0.0473625,0.220214,0
0.219912,-9.85533,7.475,0,1.06198,0,0,FRENET,0.411749,0.0473625,0.411749,0.423238,0.0473625,0.220214,0
0.223941,-9.85533,7.475,0,1.06198,0,0,FRENET,0.411749,0.0473625,0.411749,0.423238,0.0473625,0.220214,0
0.228665,-9.84458,7.475,0,1.08825,0,0,FRENET,0.411749,0.0473625,0.411749,0.423238,0.0473625,0.220214,0
0.231966,-9.84458,7.475,0,1.08825,0,0,FRENET,0.411749,0.0473625,0.411749,0.423238,0.0473625,0.220214,0
0.235902,-9.84458,7.475,0,1.08825,0,0,FRENET,0.411749,0.0473625,0.411749,0.423238,0.0473625,0.220214,0
0.240087,-9.83357,7.475,0,1.11327,0,0,FRENET,0.411749,0.0473625,0.411749,0.423238,0.0473625,0.220214,0
0.24407,-9.83357,7.475,0,1.11327,0,0,FRENET,0.411749,0.0473625,0.411749,0.423238,0.0473625,0.220214,0
0.248699,-9.82232,7.475,0,1.13711,0,0,FRENET,0.411749,0.0473625,0.411749,0.423238,0.0473625,0.220214,0
0.252064,-9.82232,7.475,0,1.13711,0,0,FRENET,0.411749,0.0473625,0.411749,0.423238,0.0473625,0.220214,0
0.255962,-9.82232,7.475,0,1.13711,0,0,FRENET,0.411749,0.0473625,0.411749,0.423238,0.0473625,0.220214,0
0.260148,-9.81083,7.475,0,1.1598,0,0,FRENET,0.41597,0.0473625,0.41597,0.420891,0.0473625,0.232348,0
0.26385,-9.81083,7.475,0,1.1598,0,0,FRENET,0.41597,0.0473625,0.41597,0.420891,0.0473625,0.232348,0
0.268502,-9.79913,7.475,0,1.18142,0,0,FRENET,0.41597,0.0473625,0.41597,0.420891,0.0473625,0.232348,0
0.27194,-9.79913,7.475,0,1.18142,0,0,FRENET,0.41597,0.0473625,0.41597,0.420891,0.0473625,0.232348,0
0.275916,-9.79913,7.475,0,1.18142,0,0,FRENET,0.41597,0.0473625,0.41597,0.420891,0.0473625,0.232348,0
0.279954,-9.78721,7.475,0,1.20201,0,0,FRENET,0.41597,0.0473625,0.41597,0.420891,0.0473625,0.232348,0
0.283894,-9.78721,7.475,0,1.20201,0,0,FRENET,0.41597,0.0473625,0.41597,0.420891,0.0473625,0.232348,0
0.288711,-9.77509,7.475,0,1.22163,0,0,FRENET,0.41597,0.0473625,0.41597,0.420891,0.0473625,0.232348,0
0.291823,-9.77509,7.475,0,1.22163,0,0,FRENET,0.41597,0.0473625,0.41597,0.420891,0.0473625,0.232348,0
0.295909,-9.77509,7.475,0,1.22163,0,0,FRENET,0.41597,0.0473625,0.41597,0.420891,0.0473625,0.232348,0
0.299949,-9.76278,7.475,0,1.24031,0,0,FRENET,0.41597,0.0473625,0.41597,0.420891,0.0473625,0.232348,0
0.303792,-9.76278,7.475,0,1.24031,0,0,FRENET,0.41597,0.0473625,0.41597,0.420891,0.0473625,0.232348,0
0.308704,-9.75029,7.475,0,1.2581,0,0,FRENET,0.41597,0.0473625,0.41597,0.420891,0.0473625,0.232348,0
0.312016,-9.75029,7.475,0,1.2581,0,0,FRENET,0.407736,0.0484119,0.407736,0.42192,0.0484119,0.237931,0
0.315971,-9.75029,7.475,0,1.2581,0,0,FRENET,0.407736,0.0484119,0.407736,0.42192,0.0484119,0.237931,0
0.319866,-9.73755,7.475,0,1.28977,0,0,FRENET,0.407736,0.0484119,0.407736,0.42192,0.0484119,0.237931,0
0.323888,-9.73755,7.475,0,1.28977,0,0,FRENET,0.407736,0.0484119,0.407736,0.42192,0.0484119,0.237931,0
0.328789,-9.7245,7.475,0,1.31993,0,0,FRENET,0.407736,0.0484119,0.407736,0.42192,0.0484119,0.237931,0
0.332017,-9.7245,7.475,0,1.31993,0,0,FRENET,0.407736,0.0484119,0.407736,0.42192,0.0484119,0.237931,0
0.335985,-9.7245,7.475,0,1.31993,0,0,FRENET,0.407736,0.0484119,0.407736,0.42192,0.0484119,0.237931,0
0.340064,-9.71116,7.475,0,1.34866,0,0,FRENET,0.407736,0.0484119,0.407736,0.42192,0.0484119,0.237931,0
0.344,-9.71116,7.475,0,1.34866,0,0,FRENET,0.407736,0.0484119,0.407736,0.42192,0.0484119,0.237931,0
0.348737,-9.69754,7.475,0,1.37603,0,0,FRENET,0.407736,0.0484119,0.407736,0.42192,0.0484119,0.237931,0
0.352041,-9.69754,7.475,0,1.37603,0,0,FRENET,0.407736,0.0484119,0.407736,0.42192,0.0484119,0.237931,0
0.35601,-9.69754,7.475,0,1.37603,0,0,FRENET,0.407736,0.0484119,0.407736,0.42192,0.0484119,0.237931,0
0.360134,-9.68364,7.475,0,1.40209,0,0,FRENET,0.404681,0.0484119,0.404681,0.41255,0.0484119,0.253778,0
0.364014,-9.68364,7.475,0,1.40209,0,0,FRENET,0.404681,0.0484119,0.404681,0.41255,0.0484119,0.253778,0
0.368712,-9.6695,7.475,0,1.42692,0,0,FRENET,0.404681,0.0484119,0.404681,0.41255,0.0484119,0.253778,0
0.372068,-9.6695,7.475,0,1.42692,0,0,FRENET,0.404681,0.0484119,0.404681,0.41255,0.0484119,0.253778,0
0.376025,-9.6695,7.475,0,1.42692,0,0,FRENET,0.404681,0.0484119,0.404681,0.41255,0.0484119,0.253778,0
0.380021,-9.65511,7.475,0,1.45056,0,0,FRENET,0.404681,0.0484119,0.404681,0.41255,0.0484119,0.253778,0
0.384076,-9.65511,7.475,0,1.45056,0,0,FRENET,0.404681,0.0484119,0.404681,0.41255,0.0484119,0.253778,0
0.388862,-9.64043,7.475,0,1.48497,0,0,FRENET,0.404681,0.0484119,0.404681,0.41255,0.0484119,0.253778,0
0.392139,-9.64043,7.475,0,1.48497,0,0,FRENET,0.404681,0.0484119,0.404681,0.41255,0.0484119,0.253778,0
0.39597,-9.64043,7.475,0,1.48497,0,0,FRENET,0.404681,0.0484119,0.404681,0.41255,0.0484119,0.253778,0
0.399992,-9.62542,7.475,0,1.51774,0,0,FRENET,0.404681,0.0484119,0.404681,0.41255,0.0484119,0.253778,0
0.403916,-9.62542,7.475,0,1.51774,0,0,FRENET,0.404681,0.0484119,0.404681,0.41255,0.0484119,0.253778,0
0.408724,-9.61009,7.475,0,1.54895,0,0,FRENET,0.408339,0.0484119,0.408339,0.415406,0.0484119,0.257861,0
0.411952,-9.61009,7.475,0,1.54895,0,0,FRENET,0.408339,0.0484119,0.408339,0.415406,0.0484119,0.257861,0
0.415893,-9.61009,7.475,0,1.54895,0,0,FRENET,0.408339,0.0484119,0.408339,0.415406,0.0484119,0.257861,0
0.419968,-9.59445,7.475,0,1.57868,0,0,FRENET,0.408339,0.0484119,0.408339,0.415406,0.0484119,0.257861,0
0.423906,-9.59445,7.475,0,1.57868,0,0,FRENET,0.408339,0.0484119,0.408339,0.415406,0.0484119,0.257861,0
0.428765,-9.57852,7.475,0,1.60699,0,0,FRENET,0.408339,0.0484119,0.408339,0.415406,0.0484119,0.257861,0
0.431944,-9.57852,7.475,0,1.60699,0,0,FRENET,0.408339,0.0484119,0.408339,0.415406,0.0484119,0.257861,0
0.436192,-9.57852,7.475,0,1.60699,0,0,FRENET,0.408339,0.0484119,0.408339,0.415406,0.0484119,0.257861,0
0.440129,-9.56232,7.475,0,1.63396,0,0,FRENET,0.408339,0.0484119,0.408339,0.415406,0.0484119,0.257861,0
0.443992,-9.56232,7.475,0,1.63396,0,0,FRENET,0.408339,0.0484119,0.408339,0.415406,0.0484119,0.257861,0
0.448595,-9.54585,7.475,0,1.65965,0,0,FRENET,0.408339,0.0484119,0.408339,0.415406,0.0484119,0.257861,0
0.451859,-9.54585,7.475,0,1.65965,0,0,FRENET,0.408339,0.0484119,0.408339,0.415406,0.0484119,0.257861,0
0.456144,-9.54585,7.475,0,1.65965,0,0,FRENET,0.408339,0.0484119,0.408339,0.415406,0.0484119,0.257861,0
0.460021,-9.52913,7.475,0,1.68411,0,0,FRENET,0.417618,0.0484119,0.417618,0.423076,0.0484119,0.267291,0
0.463856,-9.52913,7.475,0,1.68411,0,0,FRENET,0.417618,0.0484119,0.417618,0.423076,0.0484119,0.267291,0
0.468717,-9.51217,7.475,0,1.70741,0,0,FRENET,0.417618,0.0484119,0.417618,0.423076,0.0484119,0.267291,0
0.472028,-9.51217,7.475,0,1.70741,0,0,FRENET,0.417618,0.0484119,0.417618,0.423076,0.0484119,0.267291,0
0.475917,-9.51217,7.475,0,1.70741,0,0,FRENET,0.417618,0.0484119,0.417618,0.423076,0.0484119,0.267291,0
0.479971,-9.49499,7.475,0,1.72961,0,0,FRENET,0.417618,0.0484119,0.417618,0.423076,0.0484119,0.267291,0
0.483903,-9.49499,7.475,0,1.72961,0,0,FRENET,0.417618,0.0484119,0.417618,0.423076,0.0484119,0.267291,0
0.488693,-9.47759,7.475,0,1.75074,0,0,FRENET,0.417618,0.0484119,0.417618,0.423076,0.0484119,0.267291,0
0.491838,-9.47759,7.475,0,1.75074,0,0,FRENET,0.417618,0.0484119,0.417618,0.423076,0.0484119,0.267291,0
0.496072,-9.47759,7.475,0,1.75074,0,0,FRENET,0.417618,0.0484119,0.417618,0.423076,0.0484119,0.267291,0
0.500035,-9.45998,7.475,0,1.77088,0,0,FRENET,0.417618,0.0484119,0.417618,0.423076,0.0484119,0.267291,0
0.503961,-9.45998,7.475,0,1.77088,0,0,FRENET,0.417618,0.0484119,0.417618,0.423076,0.0484119,0.267291,0
0.50873,-9.44217,7.475,0,1.79005,0,0,FRENET,0.414125,0.0451577,0.414125,0.427769,0.0451577,0.286206,0
0.512013,-9.44217,7.475,0,1.79005,0,0,FRENET,0.414125,0.0451577,0.414125,0.427769,0.0451577,0.286206,0
0.515845,-9.44217,7.475,0,1.79005,0,0,FRENET,0.414125,0.0451577,0.414125,0.427769,0.0451577,0.286206,0
0.519983,-9.42411,7.475,0,1.82157,0,0,FRENET,0.414125,0.0451577,0.414125,0.427769,0.0451577,0.286206,0
0.523859,-9.42411,7.475,0,1.82157,0,0,FRENET,0.414125,0.0451577,0.414125,0.427769,0.0451577,0.286206,0
0.528547,-9.40575,7.475,0,1.8516,0,0,FRENET,0.414125,0.0451577,0.414125,0.427769,0.0451577,0.286206,0
0.531968,-9.40575,7.475,0,1.8516,0,0,FRENET,0.414125,0.0451577,0.414125,0.427769,0.0451577,0.286206,0
0.535819,-9.40575,7.475,0,1.8516,0,0,FRENET,0.414125,0.0451577,0.414125,0.427769,0.0451577,0.286206,0
0.540004,-9.38709,7.475,0,1.88019,0,0,FRENET,0.414125,0.0451577,0.414125,0.427769,0.0451577,0.286206,0
0.543911,-9.38709,7.475,0,1.88019,0,0,FRENET,0.414125,0.0451577,0.414125,0.427769,0.0451577,0.286206,0
0.548638,-9.36815,7.475,0,1.90743,0,0,FRENET,0.414125,0.0451577,0.414125,0.427769,0.0451577,0.286206,0
0.55202,-9.36815,7.475,0,1.90743,0,0,FRENET,0.414125,0.0451577,0.414125,0.427769,0.0451577,0.286206,0
0.555901,-9.36815,7.475,0,1.90743,0,0,FRENET,0.413298,0.0451577,0.413298,0.423019,0.0451577,0.277846,0
0.559984,-9.34895,7.475,0,1.93337,0,0,FRENET,0.413298,0.0451577,0.413298,0.423019,0.0451577,0.277846,0
0.564074,-9.34895,7.475,0,1.93337,0,0,FRENET,0.413298,0.0451577,0.413298,0.423019,0.0451577,0.277846,0
0.568946,-9.32949,7.475,0,1.95807,0,0,FRENET,0.413298,0.0451577,0.413298,0.423019,0.0451577,0.277846,0
0.572059,-9.32949,7.475,0,1.95807,0,0,FRENET,0.413298,0.0451577,0.413298,0.423019,0.0451577,0.277846,0
0.576148,-9.32949,7.475,0,1.95807,0,0,FRENET,0.413298,0.0451577,0.413298,0.423019,0.0451577,0.277846,0
0.58007,-9.30979,7.475,0,1.98161,0,0,FRENET,0.413298,0.0451577,0.413298,0.423019,0.0451577,0.277846,0
0.583939,-9.30979,7.475,0,1.98161,0,0,FRENET,0.413298,0.0451577,0.413298,0.423019,0.0451577,0.277846,0
0.588769,-9.28986,7.475,0,2.00402,0,0,FRENET,0.413298,0.0451577,0.413298,0.423019,0.0451577,0.277846,0
0.59194,-9.28986,7.475,0,2.00402,0,0,FRENET,0.413298,0.0451577,0.413298,0.423019,0.0451577,0.277846,0
0.595927,-9.28986,7.475,0,2.00402,0,0,FRENET,0.413298,0.0451577,0.413298,0.423019,0.0451577,0.277846,0
0.60007,-9.26972,7.475,0,2.02537,0,0,FRENET,0.413298,0.0451577,0.413298,0.423019,0.0451577,0.277846,0
0.603918,-9.26972,7.475,0,2.02537,0,0,FRENET,0.413298,0.0451577,0.413298,0.423019,0.0451577,0.277846,0
0.608888,-9.24936,7.475,0,2.0457,0,0,FRENET,0.413177,0.0451577,0.413177,0.416955,0.0451577,0.312124,0
0.612126,-9.24936,7.475,0,2.0457,0,0,FRENET,0.413177,0.0451577,0.413177,0.416955,0.0451577,0.312124,0
0.616011,-9.24936,7.475,0,2.0457,0,0,FRENET,0.413177,0.0451577,0.413177,0.416955,0.0451577,0.312124,0
0.619972,-9.22881,7.475,0,2.06506,0,0,FRENET,0.413177,0.0451577,0.413177,0.416955,0.0451577,0.312124,0
0.62396,-9.22881,7.475,0,2.06506,0,0,FRENET,0.413177,0.0451577,0.413177,0.416955,0.0451577,0.312124,0
0.628817,-9.20806,7.475,0,2.08351,0,0,FRENET,0.413177,0.0451577,0.413177,0.416955,0.0451577,0.312124,0
0.631871,-9.20806,7.475,0,2.08351,0,0,FRENET,0.413177,0.0451577,0.413177,0.416955,0.0451577,0.312124,0
0.63591,-9.20806,7.475,0,2.08351,0,0,FRENET,0.413177,0.0451577,0.413177,0.416955,0.0451577,0.312124,0
0.639996,-9.18714,7.475,0,2.10108,0,0,FRENET,0.413177,0.0451577,0.413177,0.416955,0.0451577,0.312124,0
0.643932,-9.18714,7.475,0,2.10108,0,0,FRENET,0.413177,0.0451577,0.413177,0.416955,0.0451577,0.312124,0
0.648766,-9.16605,7.475,0,2.11781,0,0,FRENET,0.413177,0.0451577,0.413177,0.416955,0.0451577,0.312124,0
0.651778,-9.16605,7.475,0,2.11781,0,0,FRENET,0.413177,0.0451577,0.413177,0.416955,0.0451577,0.312124,0
0.655944,-9.16605,7.475,0,2.11781,0,0,FRENET,0.417843,0.0560425,0.417843,0.426672,0.0560425,0.269146,0
0.65994,-9.14479,7.475,0,2.13374,0,0,FRENET,0.417843,0.0560425,0.417843,0.426672,0.0560425,0.269146,0
0.66411,-9.14479,7.475,0,2.13374,0,0,FRENET,0.417843,0.0560425,0.417843,0.426672,0.0560425,0.269146,0
0.668863,-9.12333,7.475,0,2.1574,0,0,FRENET,0.417843,0.0560425,0.417843,0.426672,0.0560425,0.269146,0
0.671867,-9.12333,7.475,0,2.1574,0,0,FRENET,0.417843,0.0560425,0.417843,0.426672,0.0560425,0.269146,0
0.67584,-9.12333,7.475,0,2.1574,0,0,FRENET,0.417843,0.0560425,0.417843,0.426672,0.0560425,0.269146,0
0.679939,-9.10165,7.475,0,2.17993,0,0,FRENET,0.417843,0.0560425,0.417843,0.426672,0.0560425,0.269146,0
0.683966,-9.10165,7.475,0,2.17993,0,0,FRENET,0.417843,0.0560425,0.417843,0.426672,0.0560425,0.269146,0
0.688642,-9.07974,7.475,0,2.20138,0,0,FRENET,0.417843,0.0560425,0.417843,0.426672,0.0560425,0.269146,0
0.691997,-9.07974,7.475,0,2.20138,0,0,FRENET,0.417843,0.0560425,0.417843,0.426672,0.0560425,0.269146,0
0.696036,-9.07974,7.475,0,2.20138,0,0,FRENET,0.417843,0.0560425,0.417843,0.426672,0.0560425,0.269146,0
0.69998,-9.05757,7.475,0,2.23371,0,0,FRENET,0.417843,0.0560425,0.417843,0.426672,0.0560425,0.269146,0
0.703913,-9.05757,7.475,0,2.23371,0,0,FRENET,0.408811,0.0560425,0.408811,0.415358,0.0560425,0.171391,0
0.708691,-9.03507,7.475,0,2.2645,0,0,FRENET,0.408811,0.0560425,0.408811,0.415358,0.0560425,0.171391,0
0.711932,-9.03507,7.475,0,2.2645,0,0,FRENET,0.408811,0.0560425,0.408811,0.415358,0.0560425,0.171391,0
0.715931,-9.03507,7.475,0,2.2645,0,0,FRENET,0.408811,0.0560425,0.408811,0.415358,0.0560425,0.171391,0
0.71996,-9.01228,7.475,0,2.29382,0,0,FRENET,0.408811,0.0560425,0.408811,0.415358,0.0560425,0.171391,0
0.724482,-9.01228,7.475,0,2.29382,0,0,FRENET,0.408811,0.0560425,0.408811,0.415358,0.0560425,0.171391,0
0.728644,-8.9892,7.475,0,2.32175,0,0,FRENET,0.408811,0.0560425,0.408811,0.415358,0.0560425,0.171391,0
0.731976,-8.9892,7.475,0,2.32175,0,0,FRENET,0.408811,0.0560425,0.408811,0.415358,0.0560425,0.171391,0
0.735933,-8.9892,7.475,0,2.32175,0,0,FRENET,0.408811,0.0560425,0.408811,0.415358,0.0560425,0.171391,0
0.740017,-8.96585,7.475,0,2.34835,0,0,FRENET,0.408811,0.0560425,0.408811,0.415358,0.0560425,0.171391,0
0.74413,-8.96585,7.475,0,2.34835,0,0,FRENET,0.408811,0.0560425,0.408811,0.415358,0.0560425,0.171391,0
0.748712,-8.94224,7.475,0,2.37369,0,0,FRENET,0.408811,0.0560425,0.408811,0.415358,0.0560425,0.171391,0
0.752002,-8.94224,7.475,0,2.37369,0,0,FRENET,0.415171,0.0560425,0.415171,0.412446,0.0560425,0.263762,0
0.755984,-8.94224,7.475,0,2.37369,0,0,FRENET,0.415171,0.0560425,0.415171,0.412446,0.0560425,0.263762,0
0.760138,-8.91839,7.475,0,2.39782,0,0,FRENET,0.415171,0.0560425,0.415171,0.412446,0.0560425,0.263762,0
0.763951,-8.91839,7.475,0,2.39782,0,0,FRENET,0.415171,0.0560425,0.415171,0.412446,0.0560425,0.263762,0
0.768751,-8.89429,7.475,0,2.4208,0,0,FRENET,0.415171,0.0560425,0.415171,0.412446,0.0560425,0.263762,0
0.772008,-8.89429,7.475,0,2.4208,0,0,FRENET,0.415171,0.0560425,0.415171,0.412446,0.0560425,0.263762,0
0.775872,-8.89429,7.475,0,2.4208,0,0,FRENET,0.415171,0.0560425,0.415171,0.412446,0.0560425,0.263762,0
0.779827,-8.86998,7.475,0,2.4427,0,0,FRENET,0.415171,0.0560425,0.415171,0.412446,0.0560425,0.263762,0
0.783739,-8.86998,7.475,0,2.4427,0,0,FRENET,0.415171,0.0560425,0.415171,0.412446,0.0560425,0.263762,0
0.788519,-8.84544,7.475,0,2.46355,0,0,FRENET,0.415171,0.0560425,0.415171,0.412446,0.0560425,0.263762,0
0.791926,-8.84544,7.475,0,2.46355,0,0,FRENET,0.415171,0.0560425,0.415171,0.412446,0.0560425,0.263762,0
0.795906,-8.84544,7.475,0,2.46355,0,0,FRENET,0.415171,0.0560425,0.415171,0.412446,0.0560425,0.263762,0
0.799877,-8.82071,7.475,0,2.48341,0,0,FRENET,0.415171,0.0560425,0.415171,0.412446,0.0560425,0.263762,0
0.803872,-8.82071,7.475,0,2.48341,0,0,FRENET,0.413896,0.0560425,0.413896,0.424222,0.0560425,0.300295,0
0.808501,-8.79578,7.475,0,2.50232,0,0,FRENET,0.413896,0.0560425,0.413896,0.424222,0.0560425,0.300295,0
0.811938,-8.79578,7.475,0,2.50232,0,0,FRENET,0.413896,0.0560425,0.413896,0.424222,0.0560425,0.300295,0
0.816062,-8.79578,7.475,0,2.50232,0,0,FRENET,0.413896,0.0560425,0.413896,0.424222,0.0560425,0.300295,0
0.820143,-8.77067,7.475,0,2.52034,0,0,FRENET,0.413896,0.0560425,0.413896,0.424222,0.0560425,0.300295,0
0.824099,-8.77067,7.475,0,2.52034,0,0,FRENET,0.413896,0.0560425,0.413896,0.424222,0.0560425,0.300295,0
0.828611,-8.74538,7.475,0,2.53749,0,0,FRENET,0.413896,0.0560425,0.413896,0.424222,0.0560425,0.300295,0
0.832232,-8.74538,7.475,0,2.53749,0,0,FRENET,0.413896,0.0560425,0.413896,0.424222,0.0560425,0.300295,0
0.836024,-8.74538,7.475,0,2.53749,0,0,FRENET,0.413896,0.0560425,0.413896,0.424222,0.0560425,0.300295,0
0.840005,-8.71992,7.475,0,2.55384,0,0,FRENET,0.413896,0.0560425,0.413896,0.424222,0.0560425,0.300295,0
0.843991,-8.71992,7.475,0,2.55384,0,0,FRENET,0.413896,0.0560425,0.413896,0.424222,0.0560425,0.300295,0
0.848718,-8.69431,7.475,0,2.5694,0,0,FRENET,0.413896,0.0560425,0.413896,0.424222,0.0560425,0.300295,0
0.851913,-8.69431,7.475,0,2.5694,0,0,FRENET,0.410482,0.0405012,0.410482,0.418664,0.0405012,0.126947,0
0.856105,-8.69431,7.475,0,2.5694,0,0,FRENET,0.410482,0.0405012,0.410482,0.418664,0.0405012,0.126947,0
0.860016,-8.66851,7.475,0,2.58947,0,0,FRENET,0.410482,0.0405012,0.410482,0.418664,0.0405012,0.126947,0
0.86389,-8.66851,7.475,0,2.58947,0,0,FRENET,0.410482,0.0405012,0.410482,0.418664,0.0405012,0.126947,0
0.868557,-8.64252,7.475,0,2.60859,0,0,FRENET,0.410482,0.0405012,0.410482,0.418664,0.0405012,0.126947,0
0.872044,-8.64252,7.475,0,2.60859,0,0,FRENET,0.410482,0.0405012,0.410482,0.418664,0.0405012,0.126947,0
0.875904,-8.64252,7.475,0,2.60859,0,0,FRENET,0.410482,0.0405012,0.410482,0.418664,0.0405012,0.126947,0
0.879993,-8.61634,7.475,0,2.62679,0,0,FRENET,0.410482,0.0405012,0.410482,0.418664,0.0405012,0.126947,0
0.883929,-8.61634,7.475,0,2.62679,0,0,FRENET,0.410482,0.0405012,0.410482,0.418664,0.0405012,0.126947,0
0.888686,-8.58999,7.475,0,2.64413,0,0,FRENET,0.410482,0.0405012,0.410482,0.418664,0.0405012,0.126947,0
0.891904,-8.58999,7.475,0,2.64413,0,0,FRENET,0.410482,0.0405012,0.410482,0.418664,0.0405012,0.126947,0
0.895888,-8.58999,7.475,0,2.64413,0,0,FRENET,0.410482,0.0405012,0.410482,0.418664,0.0405012,0.126947,0
0.900103,-8.56347,7.475,0,2.66065,0,0,FRENET,0.414009,0.0405012,0.414009,0.423385,0.0405012,0.286871,0
0.903908,-8.56347,7.475,0,2.66065,0,0,FRENET,0.414009,0.0405012,0.414009,0.423385,0.0405012,0.286871,0
0.908684,-8.53672,7.475,0,2.68826,0,0,FRENET,0.414009,0.0405012,0.414009,0.423385,0.0405012,0.286871,0
0.912032,-8.53672,7.475,0,2.68826,0,0,FRENET,0.414009,0.0405012,0.414009,0.423385,0.0405012,0.286871,0
0.916047,-8.53672,7.475,0,2.68826,0,0,FRENET,0.414009,0.0405012,0.414009,0.423385,0.0405012,0.286871,0
0.919878,-8.50971,7.475,0,2.71457,0,0,FRENET,0.414009,0.0405012,0.414009,0.423385,0.0405012,0.286871,0
0.923819,-8.50971,7.475,0,2.71457,0,0,FRENET,0.414009,0.0405012,0.414009,0.423385,0.0405012,0.286871,0
0.928731,-8.48244,7.475,0,2.73962,0,0,FRENET,0.414009,0.0405012,0.414009,0.423385,0.0405012,0.286871,0
0.931814,-8.48244,7.475,0,2.73962,0,0,FRENET,0.414009,0.0405012,0.414009,0.423385,0.0405012,0.286871,0
0.935847,-8.48244,7.475,0,2.73962,0,0,FRENET,0.414009,0.0405012,0.414009,0.423385,0.0405012,0.286871,0
0.939805,-8.45492,7.475,0,2.76348,0,0,FRENET,0.414009,0.0405012,0.414009,0.423385,0.0405012,0.286871,0
0.943911,-8.45492,7.475,0,2.76348,0,0,FRENET,0.414009,0.0405012,0.414009,0.423385,0.0405012,0.286871,0
0.948837,-8.42717,7.475,0,2.78621,0,0,FRENET,0.409176,0.0405012,0.409176,0.421935,0.0405012,0.324871,0
0.951857,-8.42717,7.475,0,2.78621,0,0,FRENET,0.409176,0.0405012,0.409176,0.421935,0.0405012,0.324871,0
0.95593,-8.42717,7.475,0,2.78621,0,0,FRENET,0.409176,0.0405012,0.409176,0.421935,0.0405012,0.324871,0
0.959982,-8.3992,7.475,0,2.80786,0,0,FRENET,0.409176,0.0405012,0.409176,0.421935,0.0405012,0.324871,0
0.963844,-8.3992,7.475,0,2.80786,0,0,FRENET,0.409176,0.0405012,0.409176,0.421935,0.0405012,0.324871,0
0.968606,-8.37102,7.475,0,2.82847,0,0,FRENET,0.409176,0.0405012,0.409176,0.421935,0.0405012,0.324871,0
0.971896,-8.37102,7.475,0,2.82847,0,0,FRENET,0.409176,0.0405012,0.409176,0.421935,0.0405012,0.324871,0
0.975885,-8.37102,7.475,0,2.82847,0,0,FRENET,0.409176,0.0405012,0.409176,0.421935,0.0405012,0.324871,0
0.979968,-8.34264,7.475,0,2.84811,0,0,FRENET,0.409176,0.0405012,0.409176,0.421935,0.0405012,0.324871,0
0.98389,-8.34264,7.475,0,2.84811,0,0,FRENET,0.409176,0.0405012,0.409176,0.421935,0.0405012,0.324871,0
0.988689,-8.31406,7.475,0,2.86681,0,0,FRENET,0.409176,0.0405012,0.409176,0.421935,0.0405012,0.324871,0
0.991889,-8.31406,7.475,0,2.86681,0,0,FRENET,0.409176,0.0405012,0.409176,0.421935,0.0405012,0.324871,0
0.995961,-8.31406,7.475,0,2.86681,0,0,FRENET,0.409176,0.0405012,0.409176,0.421935,0.0405012,0.324871,0
0.999894,-8.28531,7.475,0,2.88463,0,0,FRENET,0.402743,0.0428332,0.402743,0.283456,0.0428332,0.378977,0
1.00401,-8.28531,7.475,0,2.88463,0,0,FRENET,0.402743,0.0428332,0.402743,0.283456,0.0428332,0.378977,0
1.00886,-8.25636,7.475,0,2.90505,0,0,FRENET,0.402743,0.0428332,0.402743,0.283456,0.0428332,0.378977,0
1.01191,-8.25636,7.475,0,2.90505,0,0,FRENET,0.402743,0.0428332,0.402743,0.283456,0.0428332,0.378977,0
1.0158,-8.25636,7.475,0,2.90505,0,0,FRENET,0.402743,0.0428332,0.402743,0.283456,0.0428332,0.378977,0
1.01981,-8.22715,7.475,0,2.93638,0,0,FRENET,0.402743,0.0428332,0.402743,0.283456,0.0428332,0.378977,0
1.02386,-8.22715,7.475,0,2.93638,0,0,FRENET,0.402743,0.0428332,0.402743,0.283456,0.0428332,0.378977,0
1.02853,-8.19764,7.475,0,2.96623,0,0,FRENET,0.402743,0.0428332,0.402743,0.283456,0.0428332,0.378977,0
1.032,-8.19764,7.475,0,2.96623,0,0,FRENET,0.402743,0.0428332,0.402743,0.283456,0.0428332,0.378977,0
1.03623,-8.19764,7.475,0,2.96623,0,0,FRENET,0.402743,0.0428332,0.402743,0.283456,0.0428332,0.378977,0
1.04031,-8.16783,7.475,0,2.99466,0,0,FRENET,0.402743,0.0428332,0.402743,0.283456,0.0428332,0.378977,0
1.04393,-8.16783,7.475,0,2.99466,0,0,FRENET,0.402743,0.0428332,0.402743,0.283456,0.0428332,0.378977,0
1.04937,-8.13775,7.475,0,3.02173,0,0,FRENET,0.417415,0.0428332,0.417415,0.238538,0.0428332,0.393544,0
1.05253,-8.13775,7.475,0,3.02173,0,0,FRENET,0.417415,0.0428332,0.417415,0.238538,0.0428332,0.393544,0
1.05609,-8.13775,7.475,0,3.02173,0,0,FRENET,0.417415,0.0428332,0.417415,0.238538,0.0428332,0.393544,0
1.06009,-8.1074,7.475,0,3.04752,0,0,FRENET,0.417415,0.0428332,0.417415,0.238538,0.0428332,0.393544,0
1.06401,-8.1074,7.475,0,3.04752,0,0,FRENET,0.417415,0.0428332,0.417415,0.238538,0.0428332,0.393544,0
1.06886,-8.07681,7.475,0,3.07208,0,0,FRENET,0.417415,0.0428332,0.417415,0.238538,0.0428332,0.393544,0
1.07201,-8.07681,7.475,0,3.07208,0,0,FRENET,0.417415,0.0428332,0.417415,0.238538,0.0428332,0.393544,0
1.07596,-8.07681,7.475,0,3.07208,0,0,FRENET,0.417415,0.0428332,0.417415,0.238538,0.0428332,0.393544,0
1.07994,-8.04597,7.475,0,3.09547,0,0,FRENET,0.417415,0.0428332,0.417415,0.238538,0.0428332,0.393544,0
1.08443,-8.04597,7.475,0,3.09547,0,0,FRENET,0.417415,0.0428332,0.417415,0.238538,0.0428332,0.393544,0
1.08912,-8.0149,7.475,0,3.11775,0,0,FRENET,0.417415,0.0428332,0.417415,0.238538,0.0428332,0.393544,0
1.09205,-8.0149,7.475,0,3.11775,0,0,FRENET,0.417415,0.0428332,0.417415,0.238538,0.0428332,0.393544,0
1.09597,-8.0149,7.475,0,3.11775,0,0,FRENET,0.417415,0.0428332,0.417415,0.238538,0.0428332,0.393544,0
1.1005,-7.98362,7.475,0,3.13898,0,0,FRENET,0.414886,0.0428332,0.414886,0.168643,0.0428332,0.417242,0
1.10389,-7.98362,7.475,0,3.13898,0,0,FRENET,0.414886,0.0428332,0.414886,0.168643,0.0428332,0.417242,0
1.1089,-7.95213,7.475,0,3.15919,0,0,FRENET,0.414886,0.0428332,0.414886,0.168643,0.0428332,0.417242,0
1.11193,-7.95213,7.475,0,3.15919,0,0,FRENET,0.414886,0.0428332,0.414886,0.168643,0.0428332,0.417242,0
1.11593,-7.95213,7.475,0,3.15919,0,0,FRENET,0.414886,0.0428332,0.414886,0.168643,0.0428332,0.417242,0
1.11998,-7.92044,7.475,0,3.17844,0,0,FRENET,0.414886,0.0428332,0.414886,0.168643,0.0428332,0.417242,0
1.12394,-7.92044,7.475,0,3.17844,0,0,FRENET,0.414886,0.0428332,0.414886,0.168643,0.0428332,0.417242,0
1.12903,-7.88856,7.475,0,3.19678,0,0,FRENET,0.414886,0.0428332,0.414886,0.168643,0.0428332,0.417242,0
1.13207,-7.88856,7.475,0,3.19678,0,0,FRENET,0.414886,0.0428332,0.414886,0.168643,0.0428332,0.417242,0
1.13601,-7.88856,7.475,0,3.19678,0,0,FRENET,0.414886,0.0428332,0.414886,0.168643,0.0428332,0.417242,0
1.14001,-7.85651,7.475,0,3.21424,0,0,FRENET,0.414886,0.0428332,0.414886,0.168643,0.0428332,0.417242,0
1.14406,-7.85651,7.475,0,3.21424,0,0,FRENET,0.414886,0.0428332,0.414886,0.168643,0.0428332,0.417242,0
1.14876,-7.82428,7.475,0,3.23087,0,0,FRENET,0.41322,0.0428332,0.41322,0.120751,0.0428332,0.445092,0
1.15212,-7.82428,7.475,0,3.23087,0,0,FRENET,0.41322,0.0428332,0.41322,0.120751,0.0428332,0.445092,0
1.15601,-7.82428,7.475,0,3.23087,0,0,FRENET,0.41322,0.0428332,0.41322,0.120751,0.0428332,0.445092,0
1.1602,-7.7919,7.475,0,3.24672,0,0,FRENET,0.41322,0.0428332,0.41322,0.120751,0.0428332,0.445092,0
1.16389,-7.7919,7.475,0,3.24672,0,0,FRENET,0.41322,0.0428332,0.41322,0.120751,0.0428332,0.445092,0
1.16891,-7.75935,7.475,0,3.26181,0,0,FRENET,0.41322,0.0428332,0.41322,0.120751,0.0428332,0.445092,0
1.17189,-7.75935,7.475,0,3.26181,0,0,FRENET,0.41322,0.0428332,0.41322,0.120751,0.0428332,0.445092,0
1.17613,-7.75935,7.475,0,3.26181,0,0,FRENET,0.41322,0.0428332,0.41322,0.120751,0.0428332,0.445092,0
1.18017,-7.72666,7.475,0,3.27618,0,0,FRENET,0.41322,0.0428332,0.41322,0.120751,0.0428332,0.445092,0
1.18407,-7.72666,7.475,0,3.27618,0,0,FRENET,0.41322,0.0428332,0.41322,0.120751,0.0428332,0.445092,0
1.18879,-7.69377,7.475,0,3.30175,0,0,FRENET,0.41322,0.0428332,0.41322,0.120751,0.0428332,0.445092,0
1.19193,-7.69377,7.475,0,3.30175,0,0,FRENET,0.41322,0.0428332,0.41322,0.120751,0.0428332,0.445092,0
1.1965,-7.69377,7.475,0,3.30175,0,0,FRENET,0.400497,0.0450372,0.400497,0,0.0450372,0.52724,0
1.20005,-7.66063,7.475,0,3.32611,0,0,FRENET,0.400497,0.0450372,0.400497,0,0.0450372,0.52724,0
1.20403,-7.66063,7.475,0,3.32611,0,0,FRENET,0.400497,0.0450372,0.400497,0,0.0450372,0.52724,0
1.20869,-7.62732,7.475,0,3.3362,0,0,FRENET,0.400497,0.0450372,0.400497,0,0.0450372,0.52724,0
1.21198,-7.62732,7.475,0,3.3362,0,0,FRENET,0.400497,0.0450372,0.400497,0,0.0450372,0.52724,0
1.21596,-7.62732,7.475,0,3.3362,0,0,FRENET,0.400497,0.0450372,0.400497,0,0.0450372,0.52724,0
1.22004,-7.59391,7.475,0,3.34581,0,0,FRENET,0.400497,0.0450372,0.400497,0,0.0450372,0.52724,0
1.2239,-7.59391,7.475,0,3.34581,0,0,FRENET,0.400497,0.0450372,0.400497,0,0.0450372,0.52724,0
1.22868,-7.56041,7.475,0,3.35496,0,0,FRENET,0.400497,0.0450372,0.400497,0,0.0450372,0.52724,0
1.23195,-7.56041,7.475,0,3.35496,0,0,FRENET,0.400497,0.0450372,0.400497,0,0.0450372,0.52724,0
1.2359,-7.56041,7.475,0,3.35496,0,0,FRENET,0.400497,0.0450372,0.400497,0,0.0450372,0.52724,0
1.24023,-7.52676,7.475,0,3.37462,0,0,FRENET,0.400497,0.0450372,0.400497,0,0.0450372,0.52724,0
1.2441,-7.52676,7.475,0,3.37462,0,0,FRENET,0.410767,0.0450372,0.410767,0,0.0450372,0.488156,0
1.2488,-7.49292,7.475,0,3.39335,0,0,FRENET,0.410767,0.0450372,0.410767,0,0.0450372,0.488156,0
1.25213,-7.49292,7.475,0,3.39335,0,0,FRENET,0.410767,0.0450372,0.410767,0,0.0450372,0.488156,0
1.25598,-7.49292,7.475,0,3.39335,0,0,FRENET,0.410767,0.0450372,0.410767,0,0.0450372,0.488156,0
1.26011,-7.4589,7.475,0,3.41119,0,0,FRENET,0.410767,0.0450372,0.410767,0,0.0450372,0.488156,0
1.26395,-7.4589,7.475,0,3.41119,0,0,FRENET,0.410767,0.0450372,0.410767,0,0.0450372,0.488156,0
1.26899,-7.4247,7.475,0,3.42817,0,0,FRENET,0.410767,0.0450372,0.410767,0,0.0450372,0.488156,0
1.27204,-7.4247,7.475,0,3.42817,0,0,FRENET,0.410767,0.0450372,0.410767,0,0.0450372,0.488156,0
1.27594,-7.4247,7.475,0,3.42817,0,0,FRENET,0.410767,0.0450372,0.410767,0,0.0450372,0.488156,0
1.28012,-7.39034,7.475,0,3.44435,0,0,FRENET,0.410767,0.0450372,0.410767,0,0.0450372,0.488156,0
1.28397,-7.39034,7.475,0,3.44435,0,0,FRENET,0.410767,0.0450372,0.410767,0,0.0450372,0.488156,0
1.28867,-7.35582,7.475,0,3.45976,0,0,FRENET,0.410767,0.0450372,0.410767,0,0.0450372,0.488156,0
1.29208,-7.35582,7.475,0,3.45976,0,0,FRENET,0.410767,0.0450372,0.410767,0,0.0450372,0.488156,0
1.29592,-7.35582,7.475,0,3.45976,0,0,FRENET,0.420537,0.0450372,0.420537,0,0.0450372,0.549083,0
1.29983,-7.32115,7.475,0,3.47444,0,0,FRENET,0.420537,0.0450372,0.420537,0,0.0450372,0.549083,0
1.3039,-7.32115,7.475,0,3.47444,0,0,FRENET,0.420537,0.0450372,0.420537,0,0.0450372,0.549083,0
1.30863,-7.28633,7.475,0,3.48842,0,0,FRENET,0.420537,0.0450372,0.420537,0,0.0450372,0.549083,0
1.3119,-7.28633,7.475,0,3.48842,0,0,FRENET,0.420537,0.0450372,0.420537,0,0.0450372,0.549083,0
1.31602,-7.28633,7.475,0,3.48842,0,0,FRENET,0.420537,0.0450372,0.420537,0,0.0450372,0.549083,0
1.32003,-7.25138,7.475,0,3.50173,0,0,FRENET,0.420537,0.0450372,0.420537,0,0.0450372,0.549083,0
1.32403,-7.25138,7.475,0,3.50173,0,0,FRENET,0.420537,0.0450372,0.420537,0,0.0450372,0.549083,0
1.32887,-7.2163,7.475,0,3.51441,0,0,FRENET,0.420537,0.0450372,0.420537,0,0.0450372,0.549083,0
1.33208,-7.2163,7.475,0,3.51441,0,0,FRENET,0.420537,0.0450372,0.420537,0,0.0450372,0.549083,0
1.33602,-7.2163,7.475,0,3.51441,0,0,FRENET,0.420537,0.0450372,0.420537,0,0.0450372,0.549083,0
1.33989,-7.1811,7.475,0,3.52649,0,0,FRENET,0.420537,0.0450372,0.420537,0,0.0450372,0.549083,0
1.34403,-7.1811,7.475,0,3.52649,0,0,FRENET,0.421088,0.0425572,0.421088,0.111273,0.0425572,0.447442,0
1.34879,-7.14577,7.475,0,3.53942,0,0,FRENET,0.421088,0.0425572,0.421088,0.111273,0.0425572,0.447442,0
1.35201,-7.14577,7.475,0,3.53942,0,0,FRENET,0.421088,0.0425572,0.421088,0.111273,0.0425572,0.447442,0
1.3558,-7.14577,7.475,0,3.53942,0,0,FRENET,0.421088,0.0425572,0.421088,0.111273,0.0425572,0.447442,0
1.35992,-7.11031,7.475,0,3.55173,0,0,FRENET,0.421088,0.0425572,0.421088,0.111273,0.0425572,0.447442,0
1.36384,-7.11031,7.475,0,3.55173,0,0,FRENET,0.421088,0.0425572,0.421088,0.111273,0.0425572,0.447442,0
1.36867,-7.07474,7.475,0,3.56346,0,0,FRENET,0.421088,0.0425572,0.421088,0.111273,0.0425572,0.447442,0
1.37187,-7.07474,7.475,0,3.56346,0,0,FRENET,0.421088,0.0425572,0.421088,0.111273,0.0425572,0.447442,0
1.37595,-7.07474,7.475,0,3.56346,0,0,FRENET,0.421088,0.0425572,0.421088,0.111273,0.0425572,0.447442,0
1.37999,-7.03904,7.475,0,3.57462,0,0,FRENET,0.421088,0.0425572,0.421088,0.111273,0.0425572,0.447442,0
1.38391,-7.03904,7.475,0,3.57462,0,0,FRENET,0.421088,0.0425572,0.421088,0.111273,0.0425572,0.447442,0
1.38882,-7.00325,7.475,0,3.58526,0,0,FRENET,0.421088,0.0425572,0.421088,0.111273,0.0425572,0.447442,0
1.39202,-7.00325,7.475,0,3.58526,0,0,FRENET,0.415562,0.0425572,0.415562,0.117076,0.0425572,0.447956,0
1.39595,-7.00325,7.475,0,3.58526,0,0,FRENET,0.415562,0.0425572,0.415562,0.117076,0.0425572,0.447956,0
1.40004,-6.96734,7.475,0,3.59539,0,0,FRENET,0.415562,0.0425572,0.415562,0.117076,0.0425572,0.447956,0
1.40392,-6.96734,7.475,0,3.59539,0,0,FRENET,0.415562,0.0425572,0.415562,0.117076,0.0425572,0.447956,0
1.40886,-6.93134,7.475,0,3.60504,0,0,FRENET,0.415562,0.0425572,0.415562,0.117076,0.0425572,0.447956,0
1.41202,-6.93134,7.475,0,3.60504,0,0,FRENET,0.415562,0.0425572,0.415562,0.117076,0.0425572,0.447956,0
1.41586,-6.93134,7.475,0,3.60504,0,0,FRENET,0.415562,0.0425572,0.415562,0.117076,0.0425572,0.447956,0
1.41994,-6.89524,7.475,0,3.61423,0,0,FRENET,0.415562,0.0425572,0.415562,0.117076,0.0425572,0.447956,0
1.424,-6.89524,7.475,0,3.61423,0,0,FRENET,0.415562,0.0425572,0.415562,0.117076,0.0425572,0.447956,0
1.42875,-6.85906,7.475,0,3.62299,0,0,FRENET,0.415562,0.0425572,0.415562,0.117076,0.0425572,0.447956,0
1.43191,-6.85906,7.475,0,3.62299,0,0,FRENET,0.415562,0.0425572,0.415562,0.117076,0.0425572,0.447956,0
1.43595,-6.85906,7.475,0,3.62299,0,0,FRENET,0.415562,0.0425572,0.415562,0.117076,0.0425572,0.447956,0
1.44006,-6.82279,7.475,0,3.63133,0,0,FRENET,0.415562,0.0425572,0.415562,0.117076,0.0425572,0.447956,0
1.44404,-6.82279,7.475,0,3.63133,0,0,FRENET,0.412008,0.0425572,0.412008,0,0.0425572,0.731824,0
1.44899,-6.78643,7.475,0,3.63927,0,0,FRENET,0.412008,0.0425572,0.412008,0,0.0425572,0.731824,0
1.45205,-6.78643,7.475,0,3.63927,0,0,FRENET,0.412008,0.0425572,0.412008,0,0.0425572,0.731824,0
1.45594,-6.78643,7.475,0,3.63927,0,0,FRENET,0.412008,0.0425572,0.412008,0,0.0425572,0.731824,0
1.46005,-6.75,7.475,0,3.64683,0,0,FRENET,0.412008,0.0425572,0.412008,0,0.0425572,0.731824,0
1.46418,-6.75,7.475,0,3.64683,0,0,FRENET,0.412008,0.0425572,0.412008,0,0.0425572,0.731824,0
1.46872,-6.7135,7.475,0,3.65403,0,0,FRENET,0.412008,0.0425572,0.412008,0,0.0425572,0.731824,0
1.47199,-6.7135,7.475,0,3.65403,0,0,FRENET,0.412008,0.0425572,0.412008,0,0.0425572,0.731824,0
1.476,-6.7135,7.475,0,3.65403,0,0,FRENET,0.412008,0.0425572,0.412008,0,0.0425572,0.731824,0
1.47987,-6.67692,7.475,0,3.6609,0,0,FRENET,0.412008,0.0425572,0.412008,0,0.0425572,0.731824,0
1.48385,-6.67692,7.475,0,3.6609,0,0,FRENET,0.412008,0.0425572,0.412008,0,0.0425572,0.731824,0
1.48852,-6.64028,7.475,0,3.66743,0,0,FRENET,0.412008,0.0425572,0.412008,0,0.0425572,0.731824,0
1.49187,-6.64028,7.475,0,3.66743,0,0,FRENET,0.422863,0.0425572,0.422863,0,0.0425572,0.631569,0
1.49585,-6.64028,7.475,0,3.66743,0,0,FRENET,0.422863,0.0425572,0.422863,0,0.0425572,0.631569,0
1.49989,-6.60358,7.475,0,3.67366,0,0,FRENET,0.422863,0.0425572,0.422863,0,0.0425572,0.631569,0
1.50382,-6.60358,7.475,0,3.67366,0,0,FRENET,0.422863,0.0425572,0.422863,0,0.0425572,0.631569,0
1.50873,-6.56681,7.475,0,3.67958,0,0,FRENET,0.422863,0.0425572,0.422863,0,0.0425572,0.631569,0
1.51206,-6.56681,7.475,0,3.67958,0,0,FRENET,0.422863,0.0425572,0.422863,0,0.0425572,0.631569,0
1.516,-6.56681,7.475,0,3.67958,0,0,FRENET,0.422863,0.0425572,0.422863,0,0.0425572,0.631569,0
1.51991,-6.52999,7.475,0,3.68523,0,0,FRENET,0.422863,0.0425572,0.422863,0,0.0425572,0.631569,0
1.52377,-6.52999,7.475,0,3.68523,0,0,FRENET,0.422863,0.0425572,0.422863,0,0.0425572,0.631569,0
1.52858,-6.49311,7.475,0,3.69061,0,0,FRENET,0.422863,0.0425572,0.422863,0,0.0425572,0.631569,0
1.53191,-6.49311,7.475,0,3.69061,0,0,FRENET,0.422863,0.0425572,0.422863,0,0.0425572,0.631569,0
1.53589,-6.49311,7.475,0,3.69061,0,0,FRENET,0.422863,0.0425572,0.422863,0,0.0425572,0.631569,0
1.54002,-6.45618,7.475,0,3.69573,0,0,FRENET,0.416712,0.0507754,0.416712,0,0.0507754,0.654991,0
1.5439,-6.45618,7.475,0,3.69573,0,0,FRENET,0.416712,0.0507754,0.416712,0,0.0507754,0.654991,0
1.54886,-6.41919,7.475,0,3.70162,0,0,FRENET,0.416712,0.0507754,0.416712,0,0.0507754,0.654991,0
1.55177,-6.41919,7.475,0,3.70162,0,0,FRENET,0.416712,0.0507754,0.416712,0,0.0507754,0.654991,0
1.55578,-6.41919,7.475,0,3.70162,0,0,FRENET,0.416712,0.0507754,0.416712,0,0.0507754,0.654991,0
1.55989,-6.38214,7.475,0,3.70723,0,0,FRENET,0.416712,0.0507754,0.416712,0,0.0507754,0.654991,0
1.56385,-6.38214,7.475,0,3.70723,0,0,FRENET,0.416712,0.0507754,0.416712,0,0.0507754,0.654991,0
1.56886,-6.34505,7.475,0,3.71257,0,0,FRENET,0.416712,0.0507754,0.416712,0,0.0507754,0.654991,0
1.57194,-6.34505,7.475,0,3.71257,0,0,FRENET,0.416712,0.0507754,0.416712,0,0.0507754,0.654991,0
1.57593,-6.34505,7.475,0,3.71257,0,0,FRENET,0.416712,0.0507754,0.416712,0,0.0507754,0.654991,0
1.57991,-6.30786,7.475,0,3.72458,0,0,FRENET,0.416712,0.0507754,0.416712,0,0.0507754,0.654991,0
1.58381,-6.30786,7.475,0,3.72458,0,0,FRENET,0.416712,0.0507754,0.416712,0,0.0507754,0.654991,0
1.5888,-6.27056,7.475,0,3.73601,0,0,FRENET,0.41502,0.0507754,0.41502,0,0.0507754,0.629745,0
1.59196,-6.27056,7.475,0,3.73601,0,0,FRENET,0.41502,0.0507754,0.41502,0,0.0507754,0.629745,0
1.59578,-6.27056,7.475,0,3.73601,0,0,FRENET,0.41502,0.0507754,0.41502,0,0.0507754,0.629745,0
1.59991,-6.23314,7.475,0,3.7469,0,0,FRENET,0.41502,0.0507754,0.41502,0,0.0507754,0.629745,0
1.6038,-6.23314,7.475,0,3.7469,0,0,FRENET,0.41502,0.0507754,0.41502,0,0.0507754,0.629745,0
1.60833,-6.19562,7.475,0,3.75728,0,0,FRENET,0.41502,0.0507754,0.41502,0,0.0507754,0.629745,0
1.61181,-6.19562,7.475,0,3.75728,0,0,FRENET,0.41502,0.0507754,0.41502,0,0.0507754,0.629745,0
1.61573,-6.19562,7.475,0,3.75728,0,0,FRENET,0.41502,0.0507754,0.41502,0,0.0507754,0.629745,0
1.61975,-6.158,7.475,0,3.76715,0,0,FRENET,0.41502,0.0507754,0.41502,0,0.0507754,0.629745,0
1.62377,-6.158,7.475,0,3.76715,0,0,FRENET,0.41502,0.0507754,0.41502,0,0.0507754,0.629745,0
1.62846,-6.12028,7.475,0,3.77656,0,0,FRENET,0.41502,0.0507754,0.41502,0,0.0507754,0.629745,0
1.6318,-6.12028,7.475,0,3.77656,0,0,FRENET,0.41502,0.0507754,0.41502,0,0.0507754,0.629745,0
1.63592,-6.12028,7.475,0,3.77656,0,0,FRENET,0.41502,0.0507754,0.41502,0,0.0507754,0.629745,0
1.63992,-6.08247,7.475,0,3.78553,0,0,FRENET,0.41878,0.0507754,0.41878,0,0.0507754,0.744974,0
1.6439,-6.08247,7.475,0,3.78553,0,0,FRENET,0.41878,0.0507754,0.41878,0,0.0507754,0.744974,0
1.6488,-6.04457,7.475,0,3.79406,0,0,FRENET,0.41878,0.0507754,0.41878,0,0.0507754,0.744974,0
1.65202,-6.04457,7.475,0,3.79406,0,0,FRENET,0.41878,0.0507754,0.41878,0,0.0507754,0.744974,0
1.65585,-6.04457,7.475,0,3.79406,0,0,FRENET,0.41878,0.0507754,0.41878,0,0.0507754,0.744974,0
1.65976,-6.00659,7.475,0,3.80219,0,0,FRENET,0.41878,0.0507754,0.41878,0,0.0507754,0.744974,0
1.66392,-6.00659,7.475,0,3.80219,0,0,FRENET,0.41878,0.0507754,0.41878,0,0.0507754,0.744974,0
1.66878,-5.96853,7.475,0,3.80994,0,0,FRENET,0.41878,0.0507754,0.41878,0,0.0507754,0.744974,0
1.67202,-5.96853,7.475,0,3.80994,0,0,FRENET,0.41878,0.0507754,0.41878,0,0.0507754,0.744974,0
1.67596,-5.96853,7.475,0,3.80994,0,0,FRENET,0.41878,0.0507754,0.41878,0,0.0507754,0.744974,0
1.68004,-5.93039,7.475,0,3.81731,0,0,FRENET,0.41878,0.0507754,0.41878,0,0.0507754,0.744974,0
1.68386,-5.93039,7.475,0,3.81731,0,0,FRENET,0.41878,0.0507754,0.41878,0,0.0507754,0.744974,0
1.68867,-5.89219,7.475,0,3.82434,0,0,FRENET,0.419596,0.0479552,0.419596,0,0.0479552,0.733369,0
1.69195,-5.89219,7.475,0,3.82434,0,0,FRENET,0.419596,0.0479552,0.419596,0,0.0479552,0.733369,0
1.69615,-5.89219,7.475,0,3.82434,0,0,FRENET,0.419596,0.0479552,0.419596,0,0.0479552,0.733369,0
1.70035,-5.85391,7.475,0,3.83067,0,0,FRENET,0.419596,0.0479552,0.419596,0,0.0479552,0.733369,0
1.70406,-5.85391,7.475,0,3.83067,0,0,FRENET,0.419596,0.0479552,0.419596,0,0.0479552,0.733369,0
1.70896,-5.81557,7.475,0,3.8367,0,0,FRENET,0.419596,0.0479552,0.419596,0,0.0479552,0.733369,0
1.71203,-5.81557,7.475,0,3.8367,0,0,FRENET,0.419596,0.0479552,0.419596,0,0.0479552,0.733369,0
1.71613,-5.81557,7.475,0,3.8367,0,0,FRENET,0.419596,0.0479552,0.419596,0,0.0479552,0.733369,0
1.72,-5.77718,7.475,0,3.84244,0,0,FRENET,0.419596,0.0479552,0.419596,0,0.0479552,0.733369,0
1.72415,-5.77718,7.475,0,3.84244,0,0,FRENET,0.419596,0.0479552,0.419596,0,0.0479552,0.733369,0
1.72898,-5.73873,7.475,0,3.84791,0,0,FRENET,0.419596,0.0479552,0.419596,0,0.0479552,0.733369,0
1.73202,-5.73873,7.475,0,3.84791,0,0,FRENET,0.419596,0.0479552,0.419596,0,0.0479552,0.733369,0
1.73594,-5.73873,7.475,0,3.84791,0,0,FRENET,0.419596,0.0479552,0.419596,0,0.0479552,0.733369,0
1.74003,-5.70022,7.475,0,3.85313,0,0,FRENET,0.413512,0.0479552,0.413512,0.112286,0.0479552,0.445713,0
1.74386,-5.70022,7.475,0,3.85313,0,0,FRENET,0.413512,0.0479552,0.413512,0.112286,0.0479552,0.445713,0
1.74865,-5.66166,7.475,0,3.85809,0,0,FRENET,0.413512,0.0479552,0.413512,0.112286,0.0479552,0.445713,0
1.75197,-5.66166,7.475,0,3.85809,0,0,FRENET,0.413512,0.0479552,0.413512,0.112286,0.0479552,0.445713,0
1.75595,-5.66166,7.475,0,3.85809,0,0,FRENET,0.413512,0.0479552,0.413512,0.112286,0.0479552,0.445713,0
1.75983,-5.62303,7.475,0,3.86865,0,0,FRENET,0.413512,0.0479552,0.413512,0.112286,0.0479552,0.445713,0
1.76386,-5.62303,7.475,0,3.86865,0,0,FRENET,0.413512,0.0479552,0.413512,0.112286,0.0479552,0.445713,0
1.76843,-5.58429,7.475,0,3.87871,0,0,FRENET,0.413512,0.0479552,0.413512,0.112286,0.0479552,0.445713,0
1.77187,-5.58429,7.475,0,3.87871,0,0,FRENET,0.413512,0.0479552,0.413512,0.112286,0.0479552,0.445713,0
1.77565,-5.58429,7.475,0,3.87871,0,0,FRENET,0.413512,0.0479552,0.413512,0.112286,0.0479552,0.445713,0
1.77969,-5.54546,7.475,0,3.88829,0,0,FRENET,0.413512,0.0479552,0.413512,0.112286,0.0479552,0.445713,0
1.78382,-5.54546,7.475,0,3.88829,0,0,FRENET,0.413512,0.0479552,0.413512,0.112286,0.0479552,0.445713,0
1.78858,-5.50653,7.475,0,3.89741,0,0,FRENET,0.415222,0.0479552,0.415222,0.110928,0.0479552,0.448037,0
1.79193,-5.50653,7.475,0,3.89741,0,0,FRENET,0.415222,0.0479552,0.415222,0.110928,0.0479552,0.448037,0
1.79582,-5.50653,7.475,0,3.89741,0,0,FRENET,0.415222,0.0479552,0.415222,0.110928,0.0479552,0.448037,0
1.8,-5.46751,7.475,0,3.9061,0,0,FRENET,0.415222,0.0479552,0.415222,0.110928,0.0479552,0.448037,0
1.80392,-5.46751,7.475,0,3.9061,0,0,FRENET,0.415222,0.0479552,0.415222,0.110928,0.0479552,0.448037,0
1.80896,-5.42841,7.475,0,3.91438,0,0,FRENET,0.415222,0.0479552,0.415222,0.110928,0.0479552,0.448037,0
1.81184,-5.42841,7.475,0,3.91438,0,0,FRENET,0.415222,0.0479552,0.415222,0.110928,0.0479552,0.448037,0
1.81585,-5.42841,7.475,0,3.91438,0,0,FRENET,0.415222,0.0479552,0.415222,0.110928,0.0479552,0.448037,0
1.81982,-5.38923,7.475,0,3.92226,0,0,FRENET,0.415222,0.0479552,0.415222,0.110928,0.0479552,0.448037,0
1.82389,-5.38923,7.475,0,3.92226,0,0,FRENET,0.415222,0.0479552,0.415222,0.110928,0.0479552,0.448037,0
1.82855,-5.34997,7.475,0,3.92977,0,0,FRENET,0.415222,0.0479552,0.415222,0.110928,0.0479552,0.448037,0
1.83189,-5.34997,7.475,0,3.92977,0,0,FRENET,0.415222,0.0479552,0.415222,0.110928,0.0479552,0.448037,0
1.83586,-5.34997,7.475,0,3.92977,0,0,FRENET,0.421911,0.0479552,0.421911,0.115376,0.0479552,0.446227,0
1.83991,-5.31063,7.475,0,3.93692,0,0,FRENET,0.421911,0.0479552,0.421911,0.115376,0.0479552,0.446227,0
1.84383,-5.31063,7.475,0,3.93692,0,0,FRENET,0.421911,0.0479552,0.421911,0.115376,0.0479552,0.446227,0
1.84861,-5.27123,7.475,0,3.94373,0,0,FRENET,0.421911,0.0479552,0.421911,0.115376,0.0479552,0.446227,0
1.85209,-5.27123,7.475,0,3.94373,0,0,FRENET,0.421911,0.0479552,0.421911,0.115376,0.0479552,0.446227,0
1.85579,-5.27123,7.475,0,3.94373,0,0,FRENET,0.421911,0.0479552,0.421911,0.115376,0.0479552,0.446227,0
1.86002,-5.23176,7.475,0,3.95022,0,0,FRENET,0.421911,0.0479552,0.421911,0.115376,0.0479552,0.446227,0
1.86392,-5.23176,7.475,0,3.95022,0,0,FRENET,0.421911,0.0479552,0.421911,0.115376,0.0479552,0.446227,0
1.86869,-5.19223,7.475,0,3.9564,0,0,FRENET,0.421911,0.0479552,0.421911,0.115376,0.0479552,0.446227,0
1.87185,-5.19223,7.475,0,3.9564,0,0,FRENET,0.421911,0.0479552,0.421911,0.115376,0.0479552,0.446227,0
1.87576,-5.19223,7.475,0,3.9564,0,0,FRENET,0.421911,0.0479552,0.421911,0.115376,0.0479552,0.446227,0
1.88004,-5.15263,7.475,0,3.96228,0,0,FRENET,0.421911,0.0479552,0.421911,0.115376,0.0479552,0.446227,0
1.88404,-5.15263,7.475,0,3.96228,0,0,FRENET,0.415307,0.04971,0.415307,0.111665,0.04971,0.44793,0
1.8887,-5.11299,7.475,0,3.96678,0,0,FRENET,0.415307,0.04971,0.415307,0.111665,0.04971,0.44793,0
1.89193,-5.11299,7.475,0,3.96678,0,0,FRENET,0.415307,0.04971,0.415307,0.111665,0.04971,0.44793,0
1.89589,-5.11299,7.475,0,3.96678,0,0,FRENET,0.415307,0.04971,0.415307,0.111665,0.04971,0.44793,0
1.90011,-5.0733,7.475,0,3.97107,0,0,FRENET,0.415307,0.04971,0.415307,0.111665,0.04971,0.44793,0
1.90383,-5.0733,7.475,0,3.97107,0,0,FRENET,0.415307,0.04971,0.415307,0.111665,0.04971,0.44793,0
1.90859,-5.03357,7.475,0,3.97515,0,0,FRENET,0.415307,0.04971,0.415307,0.111665,0.04971,0.44793,0
1.91193,-5.03357,7.475,0,3.97515,0,0,FRENET,0.415307,0.04971,0.415307,0.111665,0.04971,0.44793,0
1.91585,-5.03357,7.475,0,3.97515,0,0,FRENET,0.415307,0.04971,0.415307,0.111665,0.04971,0.44793,0
1.92006,-4.9938,7.475,0,3.97904,0,0,FRENET,0.415307,0.04971,0.415307,0.111665,0.04971,0.44793,0
1.92398,-4.9938,7.475,0,3.97904,0,0,FRENET,0.415307,0.04971,0.415307,0.111665,0.04971,0.44793,0
1.92881,-4.95399,7.475,0,3.98274,0,0,FRENET,0.415307,0.04971,0.415307,0.111665,0.04971,0.44793,0
1.93191,-4.95399,7.475,0,3.98274,0,0,FRENET,0.415307,0.04971,0.415307,0.111665,0.04971,0.44793,0
1.93598,-4.95399,7.475,0,3.98274,0,0,FRENET,0.418104,0.04971,0.418104,0.111551,0.04971,0.448352,0
1.93998,-4.91414,7.475,0,3.98627,0,0,FRENET,0.418104,0.04971,0.418104,0.111551,0.04971,0.448352,0
1.94394,-4.91414,7.475,0,3.98627,0,0,FRENET,0.418104,0.04971,0.418104,0.111551,0.04971,0.448352,0
1.94867,-4.87426,7.475,0,3.98963,0,0,FRENET,0.418104,0.04971,0.418104,0.111551,0.04971,0.448352,0
1.95201,-4.87426,7.475,0,3.98963,0,0,FRENET,0.418104,0.04971,0.418104,0.111551,0.04971,0.448352,0
1.95604,-4.87426,7.475,0,3.98963,0,0,FRENET,0.418104,0.04971,0.418104,0.111551,0.04971,0.448352,0
1.95991,-4.83435,7.475,0,3.99282,0,0,FRENET,0.418104,0.04971,0.418104,0.111551,0.04971,0.448352,0
1.96407,-4.83435,7.475,0,3.99282,0,0,FRENET,0.418104,0.04971,0.418104,0.111551,0.04971,0.448352,0
1.9687,-4.79438,7.475,0,4.00092,0,0,FRENET,0.418104,0.04971,0.418104,0.111551,0.04971,0.448352,0
1.97202,-4.79438,7.475,0,4.00092,0,0,FRENET,0.418104,0.04971,0.418104,0.111551,0.04971,0.448352,0
1.97601,-4.79438,7.475,0,4.00092,0,0,FRENET,0.418104,0.04971,0.418104,0.111551,0.04971,0.448352,0
1.98001,-4.75434,7.475,0,4.00864,0,0,FRENET,0.418104,0.04971,0.418104,0.111551,0.04971,0.448352,0
1.984,-4.75434,7.475,0,4.00864,0,0,FRENET,0.416376,0.04971,0.416376,0.110804,0.04971,0.449625,0
1.98904,-4.71421,7.475,0,4.01598,0,0,FRENET,0.416376,0.04971,0.416376,0.110804,0.04971,0.449625,0
1.99207,-4.71421,7.475,0,4.01598,0,0,FRENET,0.416376,0.04971,0.416376,0.110804,0.04971,0.449625,0
1.99599,-4.71421,7.475,0,4.01598,0,0,FRENET,0.416376,0.04971,0.416376,0.110804,0.04971,0.449625,0
2.00005,-4.67402,7.475,0,4.02298,0,0,FRENET,0.416376,0.04971,0.416376,0.110804,0.04971,0.449625,0
2.00394,-4.67402,7.475,0,4.02298,0,0,FRENET,0.416376,0.04971,0.416376,0.110804,0.04971,0.449625,0
2.00877,-4.63375,7.475,0,4.02965,0,0,FRENET,0.416376,0.04971,0.416376,0.110804,0.04971,0.449625,0
2.01208,-4.63375,7.475,0,4.02965,0,0,FRENET,0.416376,0.04971,0.416376,0.110804,0.04971,0.449625,0
2.01608,-4.63375,7.475,0,4.02965,0,0,FRENET,0.416376,0.04971,0.416376,0.110804,0.04971,0.449625,0
2.02001,-4.59343,7.475,0,4.036,0,0,FRENET,0.416376,0.04971,0.416376,0.110804,0.04971,0.449625,0
2.02405,-4.59343,7.475,0,4.036,0,0,FRENET,0.416376,0.04971,0.416376,0.110804,0.04971,0.449625,0
2.0288,-4.55304,7.475,0,4.04204,0,0,FRENET,0.416376,0.04971,0.416376,0.110804,0.04971,0.449625,0
2.03191,-4.55304,7.475,0,4.04204,0,0,FRENET,0.415808,0.04971,0.415808,0.114818,0.04971,0.444071,0
2.03593,-4.55304,7.475,0,4.04204,0,0,FRENET,0.415808,0.04971,0.415808,0.114818,0.04971,0.444071,0
2.04014,-4.51259,7.475,0,4.0478,0,0,FRENET,0.415808,0.04971,0.415808,0.114818,0.04971,0.444071,0
2.04367,-4.51259,7.475,0,4.0478,0,0,FRENET,0.415808,0.04971,0.415808,0.114818,0.04971,0.444071,0
2.04846,-4.47208,7.475,0,4.05328,0,0,FRENET,0.415808,0.04971,0.415808,0.114818,0.04971,0.444071,0
2.05186,-4.47208,7.475,0,4.05328,0,0,FRENET,0.415808,0.04971,0.415808,0.114818,0.04971,0.444071,0
2.05584,-4.47208,7.475,0,4.05328,0,0,FRENET,0.415808,0.04971,0.415808,0.114818,0.04971,0.444071,0
2.05993,-4.43152,7.475,0,4.05851,0,0,FRENET,0.415808,0.04971,0.415808,0.114818,0.04971,0.444071,0
2.06398,-4.43152,7.475,0,4.05851,0,0,FRENET,0.415808,0.04971,0.415808,0.114818,0.04971,0.444071,0
2.06867,-4.39091,7.475,0,4.06348,0,0,FRENET,0.415808,0.04971,0.415808,0.114818,0.04971,0.444071,0
2.07193,-4.39091,7.475,0,4.06348,0,0,FRENET,0.415808,0.04971,0.415808,0.114818,0.04971,0.444071,0
2.07593,-4.39091,7.475,0,4.06348,0,0,FRENET,0.415808,0.04971,0.415808,0.114818,0.04971,0.444071,0
2.08004,-4.35025,7.475,0,4.06822,0,0,FRENET,0.415808,0.04971,0.415808,0.114818,0.04971,0.444071,0
2.08402,-4.35025,7.475,0,4.06822,0,0,FRENET,0.416951,0.0389152,0.416951,0.115272,0.0389152,0.449973,0
2.08856,-4.30955,7.475,0,4.07201,0,0,FRENET,0.416951,0.0389152,0.416951,0.115272,0.0389152,0.449973,0
2.09184,-4.30955,7.475,0,4.07201,0,0,FRENET,0.416951,0.0389152,0.416951,0.115272,0.0389152,0.449973,0
2.09587,-4.30955,7.475,0,4.07201,0,0,FRENET,0.416951,0.0389152,0.416951,0.115272,0.0389152,0.449973,0
2.10007,-4.26881,7.475,0,4.07562,0,0,FRENET,0.416951,0.0389152,0.416951,0.115272,0.0389152,0.449973,0
2.10372,-4.26881,7.475,0,4.07562,0,0,FRENET,0.416951,0.0389152,0.416951,0.115272,0.0389152,0.449973,0
2.10867,-4.22804,7.475,0,4.07906,0,0,FRENET,0.416951,0.0389152,0.416951,0.115272,0.0389152,0.449973,0
2.11222,-4.22804,7.475,0,4.07906,0,0,FRENET,0.416951,0.0389152,0.416951,0.115272,0.0389152,0.449973,0
2.11594,-4.22804,7.475,0,4.07906,0,0,FRENET,0.416951,0.0389152,0.416951,0.115272,0.0389152,0.449973,0
2.11999,-4.18723,7.475,0,4.08233,0,0,FRENET,0.416951,0.0389152,0.416951,0.115272,0.0389152,0.449973,0
2.124,-4.18723,7.475,0,4.08233,0,0,FRENET,0.416951,0.0389152,0.416951,0.115272,0.0389152,0.449973,0
2.12866,-4.14637,7.475,0,4.08979,0,0,FRENET,0.416951,0.0389152,0.416951,0.115272,0.0389152,0.449973,0
2.1321,-4.14637,7.475,0,4.08979,0,0,FRENET,0.414999,0.0389152,0.414999,0.110084,0.0389152,0.449571,0
2.13596,-4.14637,7.475,0,4.08979,0,0,FRENET,0.414999,0.0389152,0.414999,0.110084,0.0389152,0.449571,0
2.13998,-4.10544,7.475,0,4.09689,0,0,FRENET,0.414999,0.0389152,0.414999,0.110084,0.0389152,0.449571,0
2.14395,-4.10544,7.475,0,4.09689,0,0,FRENET,0.414999,0.0389152,0.414999,0.110084,0.0389152,0.449571,0
2.14869,-4.06444,7.475,0,4.10365,0,0,FRENET,0.414999,0.0389152,0.414999,0.110084,0.0389152,0.449571,0
2.15201,-4.06444,7.475,0,4.10365,0,0,FRENET,0.414999,0.0389152,0.414999,0.110084,0.0389152,0.449571,0
2.15603,-4.06444,7.475,0,4.10365,0,0,FRENET,0.414999,0.0389152,0.414999,0.110084,0.0389152,0.449571,0
2.16005,-4.02337,7.475,0,4.11009,0,0,FRENET,0.414999,0.0389152,0.414999,0.110084,0.0389152,0.449571,0
2.16401,-4.02337,7.475,0,4.11009,0,0,FRENET,0.414999,0.0389152,0.414999,0.110084,0.0389152,0.449571,0
2.1687,-3.98224,7.475,0,4.11623,0,0,FRENET,0.414999,0.0389152,0.414999,0.110084,0.0389152,0.449571,0
2.17185,-3.98224,7.475,0,4.11623,0,0,FRENET,0.414999,0.0389152,0.414999,0.110084,0.0389152,0.449571,0
2.17599,-3.98224,7.475,0,4.11623,0,0,FRENET,0.414999,0.0389152,0.414999,0.110084,0.0389152,0.449571,0
2.18003,-3.94105,7.475,0,4.12207,0,0,FRENET,0.410568,0.0389152,0.410568,0.100647,0.0389152,0.451036,0
2.18391,-3.94105,7.475,0,4.12207,0,0,FRENET,0.410568,0.0389152,0.410568,0.100647,0.0389152,0.451036,0
2.1889,-3.8998,7.475,0,4.12764,0,0,FRENET,0.410568,0.0389152,0.410568,0.100647,0.0389152,0.451036,0
2.19194,-3.8998,7.475,0,4.12764,0,0,FRENET,0.410568,0.0389152,0.410568,0.100647,0.0389152,0.451036,0
2.196,-3.8998,7.475,0,4.12764,0,0,FRENET,0.410568,0.0389152,0.410568,0.100647,0.0389152,0.451036,0
2.20009,-3.85849,7.475,0,4.13294,0,0,FRENET,0.410568,0.0389152,0.410568,0.100647,0.0389152,0.451036,0
2.20395,-3.85849,7.475,0,4.13294,0,0,FRENET,0.410568,0.0389152,0.410568,0.100647,0.0389152,0.451036,0
2.20888,-3.81714,7.475,0,4.13799,0,0,FRENET,0.410568,0.0389152,0.410568,0.100647,0.0389152,0.451036,0
2.21192,-3.81714,7.475,0,4.13799,0,0,FRENET,0.410568,0.0389152,0.410568,0.100647,0.0389152,0.451036,0
2.21601,-3.81714,7.475,0,4.13799,0,0,FRENET,0.410568,0.0389152,0.410568,0.100647,0.0389152,0.451036,0
2.21985,-3.77574,7.475,0,4.1428,0,0,FRENET,0.410568,0.0389152,0.410568,0.100647,0.0389152,0.451036,0
2.22404,-3.77574,7.475,0,4.1428,0,0,FRENET,0.410568,0.0389152,0.410568,0.100647,0.0389152,0.451036,0
2.22874,-3.73429,7.475,0,4.14738,0,0,FRENET,0.411862,0.042003,0.411862,0.110808,0.042003,0.455451,0
2.23207,-3.73429,7.475,0,4.14738,0,0,FRENET,0.411862,0.042003,0.411862,0.110808,0.042003,0.455451,0
2.236,-3.73429,7.475,0,4.14738,0,0,FRENET,0.411862,0.042003,0.411862,0.110808,0.042003,0.455451,0
2.23993,-3.6928,7.475,0,4.15056,0,0,FRENET,0.411862,0.042003,0.411862,0.110808,0.042003,0.455451,0
2.24392,-3.6928,7.475,0,4.15056,0,0,FRENET,0.411862,0.042003,0.411862,0.110808,0.042003,0.455451,0
2.24857,-3.65127,7.475,0,4.1536,0,0,FRENET,0.411862,0.042003,0.411862,0.110808,0.042003,0.455451,0
2.25191,-3.65127,7.475,0,4.1536,0,0,FRENET,0.411862,0.042003,0.411862,0.110808,0.042003,0.455451,0
2.25594,-3.65127,7.475,0,4.1536,0,0,FRENET,0.411862,0.042003,0.411862,0.110808,0.042003,0.455451,0
2.25997,-3.60972,7.475,0,4.15649,0,0,FRENET,0.411862,0.042003,0.411862,0.110808,0.042003,0.455451,0
2.26391,-3.60972,7.475,0,4.15649,0,0,FRENET,0.411862,0.042003,0.411862,0.110808,0.042003,0.455451,0
2.26871,-3.56815,7.475,0,4.15925,0,0,FRENET,0.411862,0.042003,0.411862,0.110808,0.042003,0.455451,0
2.27201,-3.56815,7.475,0,4.15925,0,0,FRENET,0.411862,0.042003,0.411862,0.110808,0.042003,0.455451,0
2.27593,-3.56815,7.475,0,4.15925,0,0,FRENET,0.411862,0.042003,0.411862,0.110808,0.042003,0.455451,0
2.27999,-3.52652,7.475,0,4.16569,0,0,FRENET,0.421068,0.042003,0.421068,0.11549,0.042003,0.444973,0
2.28399,-3.52652,7.475,0,4.16569,0,0,FRENET,0.421068,0.042003,0.421068,0.11549,0.042003,0.444973,0
2.28901,-3.48483,7.475,0,4.17182,0,0,FRENET,0.421068,0.042003,0.421068,0.11549,0.042003,0.444973,0
2.29216,-3.48483,7.475,0,4.17182,0,0,FRENET,0.421068,0.042003,0.421068,0.11549,0.042003,0.444973,0
2.29601,-3.48483,7.475,0,4.17182,0,0,FRENET,0.421068,0.042003,0.421068,0.11549,0.042003,0.444973,0
2.30005,-3.44309,7.475,0,4.17766,0,0,FRENET,0.421068,0.042003,0.421068,0.11549,0.042003,0.444973,0
2.30385,-3.44309,7.475,0,4.17766,0,0,FRENET,0.421068,0.042003,0.421068,0.11549,0.042003,0.444973,0
2.3088,-3.40128,7.475,0,4.18322,0,0,FRENET,0.421068,0.042003,0.421068,0.11549,0.042003,0.444973,0
2.31205,-3.40128,7.475,0,4.18322,0,0,FRENET,0.421068,0.042003,0.421068,0.11549,0.042003,0.444973,0
2.31599,-3.40128,7.475,0,4.18322,0,0,FRENET,0.421068,0.042003,0.421068,0.11549,0.042003,0.444973,0
2.32003,-3.35942,7.475,0,4.18852,0,0,FRENET,0.421068,0.042003,0.421068,0.11549,0.042003,0.444973,0
2.32396,-3.35942,7.475,0,4.18852,0,0,FRENET,0.421068,0.042003,0.421068,0.11549,0.042003,0.444973,0
2.32885,-3.31751,7.475,0,4.19357,0,0,FRENET,0.40752,0.042003,0.40752,0.109869,0.042003,0.450518,0
2.33203,-3.31751,7.475,0,4.19357,0,0,FRENET,0.40752,0.042003,0.40752,0.109869,0.042003,0.450518,0
2.33593,-3.31751,7.475,0,4.19357,0,0,FRENET,0.40752,0.042003,0.40752,0.109869,0.042003,0.450518,0
2.33995,-3.27555,7.475,0,4.19838,0,0,FRENET,0.40752,0.042003,0.40752,0.109869,0.042003,0.450518,0
2.34398,-3.27555,7.475,0,4.19838,0,0,FRENET,0.40752,0.042003,0.40752,0.109869,0.042003,0.450518,0
2.34878,-3.23355,7.475,0,4.20295,0,0,FRENET,0.40752,0.042003,0.40752,0.109869,0.042003,0.450518,0
2.35195,-3.23355,7.475,0,4.20295,0,0,FRENET,0.40752,0.042003,0.40752,0.109869,0.042003,0.450518,0
2.356,-3.23355,7.475,0,4.20295,0,0,FRENET,0.40752,0.042003,0.40752,0.109869,0.042003,0.450518,0
2.36007,-3.19149,7.475,0,4.20732,0,0,FRENET,0.40752,0.042003,0.40752,0.109869,0.042003,0.450518,0
2.36388,-3.19149,7.475,0,4.20732,0,0,FRENET,0.40752,0.042003,0.40752,0.109869,0.042003,0.450518,0
2.36882,-3.1494,7.475,0,4.21147,0,0,FRENET,0.40752,0.042003,0.40752,0.109869,0.042003,0.450518,0
2.37204,-3.1494,7.475,0,4.21147,0,0,FRENET,0.40752,0.042003,0.40752,0.109869,0.042003,0.450518,0
2.37606,-3.1494,7.475,0,4.21147,0,0,FRENET,0.424657,0.042003,0.424657,0.106548,0.042003,0.451331,0
2.38005,-3.10727,7.475,0,4.21542,0,0,FRENET,0.424657,0.042003,0.424657,0.106548,0.042003,0.451331,0
2.38405,-3.10727,7.475,0,4.21542,0,0,FRENET,0.424657,0.042003,0.424657,0.106548,0.042003,0.451331,0
2.38877,-3.06509,7.475,0,4.21919,0,0,FRENET,0.424657,0.042003,0.424657,0.106548,0.042003,0.451331,0
2.39193,-3.06509,7.475,0,4.21919,0,0,FRENET,0.424657,0.042003,0.424657,0.106548,0.042003,0.451331,0
2.39606,-3.06509,7.475,0,4.21919,0,0,FRENET,0.424657,0.042003,0.424657,0.106548,0.042003,0.451331,0
2.40006,-3.02288,7.475,0,4.22278,0,0,FRENET,0.424657,0.042003,0.424657,0.106548,0.042003,0.451331,0
2.40389,-3.02288,7.475,0,4.22278,0,0,FRENET,0.424657,0.042003,0.424657,0.106548,0.042003,0.451331,0
2.40874,-2.98064,7.475,0,4.2262,0,0,FRENET,0.424657,0.042003,0.424657,0.106548,0.042003,0.451331,0
2.41178,-2.98064,7.475,0,4.2262,0,0,FRENET,0.424657,0.042003,0.424657,0.106548,0.042003,0.451331,0
2.41593,-2.98064,7.475,0,4.2262,0,0,FRENET,0.424657,0.042003,0.424657,0.106548,0.042003,0.451331,0
2.42001,-2.93836,7.475,0,4.22945,0,0,FRENET,0.424657,0.042003,0.424657,0.106548,0.042003,0.451331,0
2.42397,-2.93836,7.475,0,4.22945,0,0,FRENET,0.424657,0.042003,0.424657,0.106548,0.042003,0.451331,0
2.42885,-2.89605,7.475,0,4.23255,0,0,FRENET,0.420951,0.0452996,0.420951,0.105703,0.0452996,0.453832,0
2.4319,-2.89605,7.475,0,4.23255,0,0,FRENET,0.420951,0.0452996,0.420951,0.105703,0.0452996,0.453832,0
2.43585,-2.89605,7.475,0,4.23255,0,0,FRENET,0.420951,0.0452996,0.420951,0.105703,0.0452996,0.453832,0
2.43982,-2.85371,7.475,0,4.23487,0,0,FRENET,0.420951,0.0452996,0.420951,0.105703,0.0452996,0.453832,0
2.44396,-2.85371,7.475,0,4.23487,0,0,FRENET,0.420951,0.0452996,0.420951,0.105703,0.0452996,0.453832,0
2.44866,-2.81135,7.475,0,4.23707,0,0,FRENET,0.420951,0.0452996,0.420951,0.105703,0.0452996,0.453832,0
2.45195,-2.81135,7.475,0,4.23707,0,0,FRENET,0.420951,0.0452996,0.420951,0.105703,0.0452996,0.453832,0
2.45583,-2.81135,7.475,0,4.23707,0,0,FRENET,0.420951,0.0452996,0.420951,0.105703,0.0452996,0.453832,0
2.45989,-2.76897,7.475,0,4.23917,0,0,FRENET,0.420951,0.0452996,0.420951,0.105703,0.0452996,0.453832,0
2.46382,-2.76897,7.475,0,4.23917,0,0,FRENET,0.420951,0.0452996,0.420951,0.105703,0.0452996,0.453832,0
2.46882,-2.72657,7.475,0,4.24117,0,0,FRENET,0.420951,0.0452996,0.420951,0.105703,0.0452996,0.453832,0
2.472,-2.72657,7.475,0,4.24117,0,0,FRENET,0.420951,0.0452996,0.420951,0.105703,0.0452996,0.453832,0
2.47593,-2.72657,7.475,0,4.24117,0,0,FRENET,0.362391,0.0452996,0.362391,0.110567,0.0452996,0.450321,0
2.48004,-2.68413,7.475,0,4.24637,0,0,FRENET,0.362391,0.0452996,0.362391,0.110567,0.0452996,0.450321,0
2.48398,-2.68413,7.475,0,4.24637,0,0,FRENET,0.362391,0.0452996,0.362391,0.110567,0.0452996,0.450321,0
2.48883,-2.64164,7.475,0,4.25132,0,0,FRENET,0.362391,0.0452996,0.362391,0.110567,0.0452996,0.450321,0
2.492,-2.64164,7.475,0,4.25132,0,0,FRENET,0.362391,0.0452996,0.362391,0.110567,0.0452996,0.450321,0
2.49605,-2.64164,7.475,0,4.25132,0,0,FRENET,0.362391,0.0452996,0.362391,0.110567,0.0452996,0.450321,0
2.50002,-2.59911,7.475,0,4.25603,0,0,FRENET,0.362391,0.0452996,0.362391,0.110567,0.0452996,0.450321,0
2.50382,-2.59911,7.475,0,4.25603,0,0,FRENET,0.362391,0.0452996,0.362391,0.110567,0.0452996,0.450321,0
2.5088,-2.55652,7.475,0,4.26052,0,0,FRENET,0.362391,0.0452996,0.362391,0.110567,0.0452996,0.450321,0
2.51202,-2.55652,7.475,0,4.26052,0,0,FRENET,0.362391,0.0452996,0.362391,0.110567,0.0452996,0.450321,0
2.51604,-2.55652,7.475,0,4.26052,0,0,FRENET,0.362391,0.0452996,0.362391,0.110567,0.0452996,0.450321,0
2.51997,-2.5139,7.475,0,4.26479,0,0,FRENET,0.362391,0.0452996,0.362391,0.110567,0.0452996,0.450321,0
2.52412,-2.5139,7.475,0,4.26479,0,0,FRENET,0.212389,0.0452996,0.212389,0.121698,0.0452996,0.4498,0
2.52875,-2.47123,7.475,0,4.26887,0,0,FRENET,0.212389,0.0452996,0.212389,0.121698,0.0452996,0.4498,0
2.532,-2.47123,7.475,0,4.26887,0,0,FRENET,0.212389,0.0452996,0.212389,0.121698,0.0452996,0.4498,0
2.53635,-2.47123,7.475,0,4.26887,0,0,FRENET,0.212389,0.0452996,0.212389,0.121698,0.0452996,0.4498,0
2.54038,-2.42852,7.475,0,4.27274,0,0,FRENET,0.212389,0.0452996,0.212389,0.121698,0.0452996,0.4498,0
2.54396,-2.42852,7.475,0,4.27274,0,0,FRENET,0.212389,0.0452996,0.212389,0.121698,0.0452996,0.4498,0
2.54914,-2.38578,7.475,0,4.27644,0,0,FRENET,0.212389,0.0452996,0.212389,0.121698,0.0452996,0.4498,0
2.55235,-2.38578,7.475,0,4.27644,0,0,FRENET,0.212389,0.0452996,0.212389,0.121698,0.0452996,0.4498,0
2.55654,-2.38578,7.475,0,4.27644,0,0,FRENET,0.212389,0.0452996,0.212389,0.121698,0.0452996,0.4498,0
2.55996,-2.34299,7.475,0,4.27996,0,0,FRENET,0.212389,0.0452996,0.212389,0.121698,0.0452996,0.4498,0
2.56396,-2.34299,7.475,0,4.27996,0,0,FRENET,0.212389,0.0452996,0.212389,0.121698,0.0452996,0.4498,0
2.56872,-2.30018,7.475,0,4.28331,0,0,FRENET,0.212389,0.0452996,0.212389,0.121698,0.0452996,0.4498,0
2.57202,-2.30018,7.475,0,4.28331,0,0,FRENET,0.212389,0.0452996,0.212389,0.121698,0.0452996,0.4498,0
2.57607,-2.30018,7.475,0,4.28331,0,0,FRENET,0.420714,0.0447014,0.420714,0.108901,0.0447014,0.451258,0
2.58016,-2.25733,7.475,0,4.2865,0,0,FRENET,0.420714,0.0447014,0.420714,0.108901,0.0447014,0.451258,0
2.58416,-2.25733,7.475,0,4.2865,0,0,FRENET,0.420714,0.0447014,0.420714,0.108901,0.0447014,0.451258,0
2.58884,-2.21442,7.475,0,4.29472,0,0,FRENET,0.420714,0.0447014,0.420714,0.108901,0.0447014,0.451258,0
2.59206,-2.21442,7.475,0,4.29472,0,0,FRENET,0.420714,0.0447014,0.420714,0.108901,0.0447014,0.451258,0
2.59608,-2.21442,7.475,0,4.29472,0,0,FRENET,0.420714,0.0447014,0.420714,0.108901,0.0447014,0.451258,0
2.60007,-2.17144,7.475,0,4.30254,0,0,FRENET,0.420714,0.0447014,0.420714,0.108901,0.0447014,0.451258,0
2.60404,-2.17144,7.475,0,4.30254,0,0,FRENET,0.420714,0.0447014,0.420714,0.108901,0.0447014,0.451258,0
2.60881,-2.12837,7.475,0,4.31,0,0,FRENET,0.420714,0.0447014,0.420714,0.108901,0.0447014,0.451258,0
2.612,-2.12837,7.475,0,4.31,0,0,FRENET,0.420714,0.0447014,0.420714,0.108901,0.0447014,0.451258,0
2.61597,-2.12837,7.475,0,4.31,0,0,FRENET,0.420714,0.0447014,0.420714,0.108901,0.0447014,0.451258,0
2.61988,-2.08522,7.475,0,4.32102,0,0,FRENET,0.420714,0.0447014,0.420714,0.108901,0.0447014,0.451258,0
2.62386,-2.08522,7.475,0,4.32102,0,0,FRENET,0.418601,0.0447014,0.418601,0.115393,0.0447014,0.450835,0
2.62863,-2.04196,7.475,0,4.33152,0,0,FRENET,0.418601,0.0447014,0.418601,0.115393,0.0447014,0.450835,0
2.63187,-2.04196,7.475,0,4.33152,0,0,FRENET,0.418601,0.0447014,0.418601,0.115393,0.0447014,0.450835,0
2.63609,-2.04196,7.475,0,4.33152,0,0,FRENET,0.418601,0.0447014,0.418601,0.115393,0.0447014,0.450835,0
2.64011,-1.99859,7.475,0,4.34151,0,0,FRENET,0.418601,0.0447014,0.418601,0.115393,0.0447014,0.450835,0
2.64415,-1.99859,7.475,0,4.34151,0,0,FRENET,0.418601,0.0447014,0.418601,0.115393,0.0447014,0.450835,0
2.64878,-1.95513,7.475,0,4.35103,0,0,FRENET,0.418601,0.0447014,0.418601,0.115393,0.0447014,0.450835,0
2.65193,-1.95513,7.475,0,4.35103,0,0,FRENET,0.418601,0.0447014,0.418601,0.115393,0.0447014,0.450835,0
2.65575,-1.95513,7.475,0,4.35103,0,0,FRENET,0.418601,0.0447014,0.418601,0.115393,0.0447014,0.450835,0
2.65984,-1.91157,7.475,0,4.3601,0,0,FRENET,0.418601,0.0447014,0.418601,0.115393,0.0447014,0.450835,0
2.66382,-1.91157,7.475,0,4.3601,0,0,FRENET,0.418601,0.0447014,0.418601,0.115393,0.0447014,0.450835,0
2.66854,-1.86793,7.475,0,4.36874,0,0,FRENET,0.418601,0.0447014,0.418601,0.115393,0.0447014,0.450835,0
2.67197,-1.86793,7.475,0,4.36874,0,0,FRENET,0.415689,0.0447014,0.415689,0.0990599,0.0447014,0.452662,0
2.676,-1.86793,7.475,0,4.36874,0,0,FRENET,0.415689,0.0447014,0.415689,0.0990599,0.0447014,0.452662,0
2.67988,-1.8242,7.475,0,4.37696,0,0,FRENET,0.415689,0.0447014,0.415689,0.0990599,0.0447014,0.452662,0
2.68394,-1.8242,7.475,0,4.37696,0,0,FRENET,0.415689,0.0447014,0.415689,0.0990599,0.0447014,0.452662,0
2.68876,-1.78039,7.475,0,4.3848,0,0,FRENET,0.415689,0.0447014,0.415689,0.0990599,0.0447014,0.452662,0
2.69193,-1.78039,7.475,0,4.3848,0,0,FRENET,0.415689,0.0447014,0.415689,0.0990599,0.0447014,0.452662,0
2.69587,-1.78039,7.475,0,4.3848,0,0,FRENET,0.415689,0.0447014,0.415689,0.0990599,0.0447014,0.452662,0
2.70003,-1.73651,7.475,0,4.39226,0,0,FRENET,0.415689,0.0447014,0.415689,0.0990599,0.0447014,0.452662,0
2.70415,-1.73651,7.475,0,4.39226,0,0,FRENET,0.415689,0.0447014,0.415689,0.0990599,0.0447014,0.452662,0
2.70884,-1.69255,7.475,0,4.39937,0,0,FRENET,0.415689,0.0447014,0.415689,0.0990599,0.0447014,0.452662,0
2.712,-1.69255,7.475,0,4.39937,0,0,FRENET,0.415689,0.0447014,0.415689,0.0990599,0.0447014,0.452662,0
2.71613,-1.69255,7.475,0,4.39937,0,0,FRENET,0.415689,0.0447014,0.415689,0.0990599,0.0447014,0.452662,0
2.71993,-1.64852,7.475,0,4.40614,0,0,FRENET,0.415689,0.0447014,0.415689,0.0990599,0.0447014,0.452662,0
2.7241,-1.64852,7.475,0,4.40614,0,0,FRENET,0.425609,0.0447014,0.425609,0.100824,0.0447014,0.458453,0
2.72892,-1.60443,7.475,0,4.41259,0,0,FRENET,0.425609,0.0447014,0.425609,0.100824,0.0447014,0.458453,0
2.73203,-1.60443,7.475,0,4.41259,0,0,FRENET,0.425609,0.0447014,0.425609,0.100824,0.0447014,0.458453,0
2.73596,-1.60443,7.475,0,4.41259,0,0,FRENET,0.425609,0.0447014,0.425609,0.100824,0.0447014,0.458453,0
2.7401,-1.56027,7.475,0,4.41873,0,0,FRENET,0.425609,0.0447014,0.425609,0.100824,0.0447014,0.458453,0
2.74391,-1.56027,7.475,0,4.41873,0,0,FRENET,0.425609,0.0447014,0.425609,0.100824,0.0447014,0.458453,0
2.74869,-1.51605,7.475,0,4.42458,0,0,FRENET,0.425609,0.0447014,0.425609,0.100824,0.0447014,0.458453,0
2.75204,-1.51605,7.475,0,4.42458,0,0,FRENET,0.425609,0.0447014,0.425609,0.100824,0.0447014,0.458453,0
2.75602,-1.51605,7.475,0,4.42458,0,0,FRENET,0.425609,0.0447014,0.425609,0.100824,0.0447014,0.458453,0
2.7601,-1.47178,7.475,0,4.43015,0,0,FRENET,0.425609,0.0447014,0.425609,0.100824,0.0447014,0.458453,0
2.76397,-1.47178,7.475,0,4.43015,0,0,FRENET,0.425609,0.0447014,0.425609,0.100824,0.0447014,0.458453,0
2.76873,-1.42745,7.475,0,4.43545,0,0,FRENET,0.425609,0.0447014,0.425609,0.100824,0.0447014,0.458453,0
2.77197,-1.42745,7.475,0,4.43545,0,0,FRENET,0.415414,0.0491544,0.415414,0.103178,0.0491544,0.45547,0
2.77592,-1.42745,7.475,0,4.43545,0,0,FRENET,0.415414,0.0491544,0.415414,0.103178,0.0491544,0.45547,0
2.78004,-1.38308,7.475,0,4.4381,0,0,FRENET,0.415414,0.0491544,0.415414,0.103178,0.0491544,0.45547,0
2.784,-1.38308,7.475,0,4.4381,0,0,FRENET,0.415414,0.0491544,0.415414,0.103178,0.0491544,0.45547,0
2.78879,-1.33869,7.475,0,4.44063,0,0,FRENET,0.415414,0.0491544,0.415414,0.103178,0.0491544,0.45547,0
2.79196,-1.33869,7.475,0,4.44063,0,0,FRENET,0.415414,0.0491544,0.415414,0.103178,0.0491544,0.45547,0
2.79606,-1.33869,7.475,0,4.44063,0,0,FRENET,0.415414,0.0491544,0.415414,0.103178,0.0491544,0.45547,0
2.79997,-1.29427,7.475,0,4.44303,0,0,FRENET,0.415414,0.0491544,0.415414,0.103178,0.0491544,0.45547,0
2.80392,-1.29427,7.475,0,4.44303,0,0,FRENET,0.415414,0.0491544,0.415414,0.103178,0.0491544,0.45547,0
2.80882,-1.24981,7.475,0,4.44872,0,0,FRENET,0.415414,0.0491544,0.415414,0.103178,0.0491544,0.45547,0
2.81194,-1.24981,7.475,0,4.44872,0,0,FRENET,0.415414,0.0491544,0.415414,0.103178,0.0491544,0.45547,0
2.81609,-1.24981,7.475,0,4.44872,0,0,FRENET,0.415414,0.0491544,0.415414,0.103178,0.0491544,0.45547,0
2.81995,-1.2053,7.475,0,4.45414,0,0,FRENET,0.415825,0.0491544,0.415825,0.107577,0.0491544,0.452899,0
2.82391,-1.2053,7.475,0,4.45414,0,0,FRENET,0.415825,0.0491544,0.415825,0.107577,0.0491544,0.452899,0
2.82902,-1.16073,7.475,0,4.4593,0,0,FRENET,0.415825,0.0491544,0.415825,0.107577,0.0491544,0.452899,0
2.83206,-1.16073,7.475,0,4.4593,0,0,FRENET,0.415825,0.0491544,0.415825,0.107577,0.0491544,0.452899,0
2.83576,-1.16073,7.475,0,4.4593,0,0,FRENET,0.415825,0.0491544,0.415825,0.107577,0.0491544,0.452899,0
2.83974,-1.11611,7.475,0,4.46421,0,0,FRENET,0.415825,0.0491544,0.415825,0.107577,0.0491544,0.452899,0
2.84418,-1.11611,7.475,0,4.46421,0,0,FRENET,0.415825,0.0491544,0.415825,0.107577,0.0491544,0.452899,0
2.84853,-1.07145,7.475,0,4.46889,0,0,FRENET,0.415825,0.0491544,0.415825,0.107577,0.0491544,0.452899,0
2.85187,-1.07145,7.475,0,4.46889,0,0,FRENET,0.415825,0.0491544,0.415825,0.107577,0.0491544,0.452899,0
2.85602,-1.07145,7.475,0,4.46889,0,0,FRENET,0.415825,0.0491544,0.415825,0.107577,0.0491544,0.452899,0
2.86004,-1.02674,7.475,0,4.47335,0,0,FRENET,0.415825,0.0491544,0.415825,0.107577,0.0491544,0.452899,0
2.86396,-1.02674,7.475,0,4.47335,0,0,FRENET,0.415825,0.0491544,0.415825,0.107577,0.0491544,0.452899,0
2.8688,-0.981982,7.475,0,4.4776,0,0,FRENET,0.416125,0.0491544,0.416125,0.114229,0.0491544,0.449783,0
2.87199,-0.981982,7.475,0,4.4776,0,0,FRENET,0.416125,0.0491544,0.416125,0.114229,0.0491544,0.449783,0
2.876,-0.981982,7.475,0,4.4776,0,0,FRENET,0.416125,0.0491544,0.416125,0.114229,0.0491544,0.449783,0
2.87993,-0.937186,7.475,0,4.48164,0,0,FRENET,0.416125,0.0491544,0.416125,0.114229,0.0491544,0.449783,0
2.8839,-0.937186,7.475,0,4.48164,0,0,FRENET,0.416125,0.0491544,0.416125,0.114229,0.0491544,0.449783,0
2.88866,-0.89235,7.475,0,4.4855,0,0,FRENET,0.416125,0.0491544,0.416125,0.114229,0.0491544,0.449783,0
2.89212,-0.89235,7.475,0,4.4855,0,0,FRENET,0.416125,0.0491544,0.416125,0.114229,0.0491544,0.449783,0
2.89602,-0.89235,7.475,0,4.4855,0,0,FRENET,0.416125,0.0491544,0.416125,0.114229,0.0491544,0.449783,0
2.89997,-0.847477,7.475,0,4.48916,0,0,FRENET,0.416125,0.0491544,0.416125,0.114229,0.0491544,0.449783,0
2.90408,-0.847477,7.475,0,4.48916,0,0,FRENET,0.416125,0.0491544,0.416125,0.114229,0.0491544,0.449783,0
2.90869,-0.802568,7.475,0,4.49266,0,0,FRENET,0.416125,0.0491544,0.416125,0.114229,0.0491544,0.449783,0
2.91195,-0.802568,7.475,0,4.49266,0,0,FRENET,0.416125,0.0491544,0.416125,0.114229,0.0491544,0.449783,0
2.91616,-0.802568,7.475,0,4.49266,0,0,FRENET,0.416125,0.0491544,0.416125,0.114229,0.0491544,0.449783,0
2.91992,-0.757625,7.475,0,4.49599,0,0,FRENET,0.406125,0.0441944,0.406125,0.0996685,0.0441944,0.457328,0
2.92394,-0.757625,7.475,0,4.49599,0,0,FRENET,0.406125,0.0441944,0.406125,0.0996685,0.0441944,0.457328,0
2.92906,-0.712653,7.475,0,4.49839,0,0,FRENET,0.406125,0.0441944,0.406125,0.0996685,0.0441944,0.457328,0
2.93205,-0.712653,7.475,0,4.49839,0,0,FRENET,0.406125,0.0441944,0.406125,0.0996685,0.0441944,0.457328,0
2.9361,-0.712653,7.475,0,4.49839,0,0,FRENET,0.406125,0.0441944,0.406125,0.0996685,0.0441944,0.457328,0
2.9401,-0.667657,7.475,0,4.50068,0,0,FRENET,0.406125,0.0441944,0.406125,0.0996685,0.0441944,0.457328,0
2.94398,-0.667657,7.475,0,4.50068,0,0,FRENET,0.406125,0.0441944,0.406125,0.0996685,0.0441944,0.457328,0
2.94877,-0.62264,7.475,0,4.50286,0,0,FRENET,0.406125,0.0441944,0.406125,0.0996685,0.0441944,0.457328,0
2.95212,-0.62264,7.475,0,4.50286,0,0,FRENET,0.406125,0.0441944,0.406125,0.0996685,0.0441944,0.457328,0
2.95598,-0.62264,7.475,0,4.50286,0,0,FRENET,0.406125,0.0441944,0.406125,0.0996685,0.0441944,0.457328,0
2.96001,-0.577601,7.475,0,4.50493,0,0,FRENET,0.406125,0.0441944,0.406125,0.0996685,0.0441944,0.457328,0
2.96399,-0.577601,7.475,0,4.50493,0,0,FRENET,0.406125,0.0441944,0.406125,0.0996685,0.0441944,0.457328,0
2.96859,-0.532542,7.475,0,4.50691,0,0,FRENET,0.414872,0.0441944,0.414872,0.107153,0.0441944,0.45555,0
2.97197,-0.532542,7.475,0,4.50691,0,0,FRENET,0.414872,0.0441944,0.414872,0.107153,0.0441944,0.45555,0
2.97583,-0.532542,7.475,0,4.50691,0,0,FRENET,0.414872,0.0441944,0.414872,0.107153,0.0441944,0.45555,0
2.98014,-0.487463,7.475,0,4.50879,0,0,FRENET,0.414872,0.0441944,0.414872,0.107153,0.0441944,0.45555,0
2.98384,-0.487463,7.475,0,4.50879,0,0,FRENET,0.414872,0.0441944,0.414872,0.107153,0.0441944,0.45555,0
2.98857,-0.442366,7.475,0,4.51058,0,0,FRENET,0.414872,0.0441944,0.414872,0.107153,0.0441944,0.45555,0
2.99195,-0.442366,7.475,0,4.51058,0,0,FRENET,0.414872,0.0441944,0.414872,0.107153,0.0441944,0.45555,0
2.99592,-0.442366,7.475,0,4.51058,0,0,FRENET,0.414872,0.0441944,0.414872,0.107153,0.0441944,0.45555,0
3.00001,-0.39724,7.475,0,4.51479,0,0,FRENET,0.414872,0.0441944,0.414872,0.107153,0.0441944,0.45555,0
3.00389,-0.39724,7.475,0,4.51479,0,0,FRENET,0.414872,0.0441944,0.414872,0.107153,0.0441944,0.45555,0
3.0087,-0.352072,7.475,0,4.5188,0,0,FRENET,0.414872,0.0441944,0.414872,0.107153,0.0441944,0.45555,0
3.01192,-0.352072,7.475,0,4.5188,0,0,FRENET,0.414872,0.0441944,0.414872,0.107153,0.0441944,0.45555,0
3.01607,-0.352072,7.475,0,4.5188,0,0,FRENET,0.414369,0.0441944,0.414369,0.099418,0.0441944,0.454546,0
3.02021,-0.306865,7.475,0,4.52261,0,0,FRENET,0.414369,0.0441944,0.414369,0.099418,0.0441944,0.454546,0
3.02397,-0.306865,7.475,0,4.52261,0,0,FRENET,0.414369,0.0441944,0.414369,0.099418,0.0441944,0.454546,0
3.02863,-0.26162,7.475,0,4.52625,0,0,FRENET,0.414369,0.0441944,0.414369,0.099418,0.0441944,0.454546,0
3.03198,-0.26162,7.475,0,4.52625,0,0,FRENET,0.414369,0.0441944,0.414369,0.099418,0.0441944,0.454546,0
3.03593,-0.26162,7.475,0,4.52625,0,0,FRENET,0.414369,0.0441944,0.414369,0.099418,0.0441944,0.454546,0
3.03997,-0.21634,7.475,0,4.52971,0,0,FRENET,0.414369,0.0441944,0.414369,0.099418,0.0441944,0.454546,0
3.04387,-0.21634,7.475,0,4.52971,0,0,FRENET,0.414369,0.0441944,0.414369,0.099418,0.0441944,0.454546,0
3.0488,-0.171027,7.475,0,4.53301,0,0,FRENET,0.414369,0.0441944,0.414369,0.099418,0.0441944,0.454546,0
3.05208,-0.171027,7.475,0,4.53301,0,0,FRENET,0.414369,0.0441944,0.414369,0.099418,0.0441944,0.454546,0
3.05602,-0.171027,7.475,0,4.53301,0,0,FRENET,0.414369,0.0441944,0.414369,0.099418,0.0441944,0.454546,0
3.05996,-0.125681,7.475,0,4.53615,0,0,FRENET,0.414369,0.0441944,0.414369,0.099418,0.0441944,0.454546,0
3.06391,-0.125681,7.475,0,4.53615,0,0,FRENET,0.414369,0.0441944,0.414369,0.099418,0.0441944,0.454546,0
3.06897,-0.0803048,7.475,0,4.53914,0,0,FRENET,0,0.0453707,0,0.110462,0.0453707,0.452089,0
3.07187,-0.0803048,7.475,0,4.53914,0,0,FRENET,0,0.0453707,0,0.110462,0.0453707,0.452089,0
3.07611,-0.0803048,7.475,0,4.53914,0,0,FRENET,0,0.0453707,0,0.110462,0.0453707,0.452089,0
3.08011,-0.0349013,7.475,0,4.54156,0,0,FRENET,0,0.0453707,0,0.110462,0.0453707,0.452089,0
3.08414,-0.0349013,7.475,0,4.54156,0,0,FRENET,0,0.0453707,0,0.110462,0.0453707,0.452089,0
3.0891,0.0105259,7.475,0,4.54388,0,0,FRENET,0,0.0453707,0,0.110462,0.0453707,0.452089,0
3.09204,0.0105259,7.475,0,4.54388,0,0,FRENET,0,0.0453707,0,0.110462,0.0453707,0.452089,0
3.09637,0.0105259,7.475,0,4.54388,0,0,FRENET,0,0.0453707,0,0.110462,0.0453707,0.452089,0
3.09999,0.0559757,7.475,0,4.54608,0,0,FRENET,0,0.0453707,0,0.110462,0.0453707,0.452089,0
3.10382,0.0559757,7.475,0,4.54608,0,0,FRENET,0,0.0453707,0,0.110462,0.0453707,0.452089,0
3.10861,0.101447,7.475,0,4.54817,0,0,FRENET,0,0.0453707,0,0.110462,0.0453707,0.452089,0
3.11194,0.101447,7.475,0,4.54817,0,0,FRENET,0,0.0453707,0,0.110462,0.0453707,0.452089,0
3.11593,0.101447,7.475,0,4.54817,0,0,FRENET,0.0806237,0.0453707,0.0806237,0.118466,0.0453707,0.450084,0
3.1199,0.146939,7.475,0,4.55017,0,0,FRENET,0.0806237,0.0453707,0.0806237,0.118466,0.0453707,0.450084,0
3.12393,0.146939,7.475,0,4.55017,0,0,FRENET,0.0806237,0.0453707,0.0806237,0.118466,0.0453707,0.450084,0
3.12872,0.19245,7.475,0,4.55207,0,0,FRENET,0.0806237,0.0453707,0.0806237,0.118466,0.0453707,0.450084,0
3.13199,0.19245,7.475,0,4.55207,0,0,FRENET,0.0806237,0.0453707,0.0806237,0.118466,0.0453707,0.450084,0
3.13593,0.19245,7.475,0,4.55207,0,0,FRENET,0.0806237,0.0453707,0.0806237,0.118466,0.0453707,0.450084,0
3.14002,0.23798,7.475,0,4.55389,0,0,FRENET,0.0806237,0.0453707,0.0806237,0.118466,0.0453707,0.450084,0
3.14403,0.23798,7.475,0,4.55389,0,0,FRENET,0.0806237,0.0453707,0.0806237,0.118466,0.0453707,0.450084,0
3.14889,0.283527,7.475,0,4.55561,0,0,FRENET,0.0806237,0.0453707,0.0806237,0.118466,0.0453707,0.450084,0
3.15199,0.283527,7.475,0,4.55561,0,0,FRENET,0.0806237,0.0453707,0.0806237,0.118466,0.0453707,0.450084,0
3.15625,0.283527,7.475,0,4.55561,0,0,FRENET,0.0806237,0.0453707,0.0806237,0.118466,0.0453707,0.450084,0
3.16074,0.329092,7.475,0,4.55725,0,0,FRENET,0.0806237,0.0453707,0.0806237,0.118466,0.0453707,0.450084,0
3.16409,0.329092,7.475,0,4.55725,0,0,FRENET,0.230625,0.0453707,0.230625,0.12118,0.0453707,0.449639,0
3.16896,0.374672,7.475,0,4.55882,0,0,FRENET,0.230625,0.0453707,0.230625,0.12118,0.0453707,0.449639,0
3.17229,0.374672,7.475,0,4.55882,0,0,FRENET,0.230625,0.0453707,0.230625,0.12118,0.0453707,0.449639,0
3.17622,0.374672,7.475,0,4.55882,0,0,FRENET,0.230625,0.0453707,0.230625,0.12118,0.0453707,0.449639,0
3.18007,0.420276,7.475,0,4.5621,0,0,FRENET,0.230625,0.0453707,0.230625,0.12118,0.0453707,0.449639,0
3.18381,0.420276,7.475,0,4.5621,0,0,FRENET,0.230625,0.0453707,0.230625,0.12118,0.0453707,0.449639,0
3.18857,0.465913,7.475,0,4.56522,0,0,FRENET,0.230625,0.0453707,0.230625,0.12118,0.0453707,0.449639,0
3.19178,0.465913,7.475,0,4.56522,0,0,FRENET,0.230625,0.0453707,0.230625,0.12118,0.0453707,0.449639,0
3.19592,0.465913,7.475,0,4.56522,0,0,FRENET,0.230625,0.0453707,0.230625,0.12118,0.0453707,0.449639,0
3.1999,0.51158,7.475,0,4.5682,0,0,FRENET,0.230625,0.0453707,0.230625,0.12118,0.0453707,0.449639,0
3.20401,0.51158,7.475,0,4.5682,0,0,FRENET,0.230625,0.0453707,0.230625,0.12118,0.0453707,0.449639,0
3.20865,0.557276,7.475,0,4.57103,0,0,FRENET,0.230625,0.0453707,0.230625,0.12118,0.0453707,0.449639,0
3.21183,0.557276,7.475,0,4.57103,0,0,FRENET,0.230625,0.0453707,0.230625,0.12118,0.0453707,0.449639,0
3.21592,0.557276,7.475,0,4.57103,0,0,FRENET,0.259331,0.0453707,0.259331,0.103861,0.0453707,0.453757,0
3.22015,0.603,7.475,0,4.57373,0,0,FRENET,0.259331,0.0453707,0.259331,0.103861,0.0453707,0.453757,0
3.22417,0.603,7.475,0,4.57373,0,0,FRENET,0.259331,0.0453707,0.259331,0.103861,0.0453707,0.453757,0
3.22875,0.64875,7.475,0,4.5763,0,0,FRENET,0.259331,0.0453707,0.259331,0.103861,0.0453707,0.453757,0
3.23208,0.64875,7.475,0,4.5763,0,0,FRENET,0.259331,0.0453707,0.259331,0.103861,0.0453707,0.453757,0
3.23591,0.64875,7.475,0,4.5763,0,0,FRENET,0.259331,0.0453707,0.259331,0.103861,0.0453707,0.453757,0
3.24004,0.694525,7.475,0,4.57875,0,0,FRENET,0.259331,0.0453707,0.259331,0.103861,0.0453707,0.453757,0
3.24399,0.694525,7.475,0,4.57875,0,0,FRENET,0.259331,0.0453707,0.259331,0.103861,0.0453707,0.453757,0
3.24882,0.740325,7.475,0,4.58108,0,0,FRENET,0.259331,0.0453707,0.259331,0.103861,0.0453707,0.453757,0
3.25199,0.740325,7.475,0,4.58108,0,0,FRENET,0.259331,0.0453707,0.259331,0.103861,0.0453707,0.453757,0
3.256,0.740325,7.475,0,4.58108,0,0,FRENET,0.259331,0.0453707,0.259331,0.103861,0.0453707,0.453757,0
3.25998,0.786146,7.475,0,4.5833,0,0,FRENET,0.259331,0.0453707,0.259331,0.103861,0.0453707,0.453757,0
3.264,0.786146,7.475,0,4.5833,0,0,FRENET,0.218822,0.0480927,0.218822,0.107398,0.0480927,0.448057,0
3.26923,0.831504,7.475,0,4.4882,0,0,FRENET,0.218822,0.0480927,0.218822,0.107398,0.0480927,0.448057,0
3.27213,0.831504,7.475,0,4.4882,0,0,FRENET,0.218822,0.0480927,0.218822,0.107398,0.0480927,0.448057,0
3.27594,0.831504,7.475,0,4.4882,0,0,FRENET,0.218822,0.0480927,0.218822,0.107398,0.0480927,0.448057,0
3.27985,0.87591,7.475,0,4.3931,0,0,FRENET,0.218822,0.0480927,0.218822,0.107398,0.0480927,0.448057,0
3.28374,0.87591,7.475,0,4.3931,0,0,FRENET,0.218822,0.0480927,0.218822,0.107398,0.0480927,0.448057,0
3.28854,0.919366,7.475,0,4.298,0,0,FRENET,0.218822,0.0480927,0.218822,0.107398,0.0480927,0.448057,0
3.29194,0.919366,7.475,0,4.298,0,0,FRENET,0.218822,0.0480927,0.218822,0.107398,0.0480927,0.448057,0
3.29589,0.919366,7.475,0,4.298,0,0,FRENET,0.218822,0.0480927,0.218822,0.107398,0.0480927,0.448057,0
3.29989,0.96187,7.475,0,4.2029,0,0,FRENET,0.218822,0.0480927,0.218822,0.107398,0.0480927,0.448057,0
3.30382,0.96187,7.475,0,4.2029,0,0,FRENET,0.218822,0.0480927,0.218822,0.107398,0.0480927,0.448057,0
3.30883,1.00342,7.475,0,4.1078,0,0,FRENET,0.218822,0.0480927,0.218822,0.107398,0.0480927,0.448057,0
3.31193,1.00342,7.475,0,4.1078,0,0,FRENET,0.309181,0.0480927,0.309181,0.105097,0.0480927,0.45219,0
3.31603,1.00342,7.475,0,4.1078,0,0,FRENET,0.309181,0.0480927,0.309181,0.105097,0.0480927,0.45219,0
3.31998,1.04403,7.475,0,4.0127,0,0,FRENET,0.309181,0.0480927,0.309181,0.105097,0.0480927,0.45219,0
3.32397,1.04403,7.475,0,4.0127,0,0,FRENET,0.309181,0.0480927,0.309181,0.105097,0.0480927,0.45219,0
3.32873,1.08368,7.475,0,3.9176,0,0,FRENET,0.309181,0.0480927,0.309181,0.105097,0.0480927,0.45219,0
3.33199,1.08368,7.475,0,3.9176,0,0,FRENET,0.309181,0.0480927,0.309181,0.105097,0.0480927,0.45219,0
3.33602,1.08368,7.475,0,3.9176,0,0,FRENET,0.309181,0.0480927,0.309181,0.105097,0.0480927,0.45219,0
3.34001,1.12238,7.475,0,3.8225,0,0,FRENET,0.309181,0.0480927,0.309181,0.105097,0.0480927,0.45219,0
3.34389,1.12238,7.475,0,3.8225,0,0,FRENET,0.309181,0.0480927,0.309181,0.105097,0.0480927,0.45219,0
3.34864,1.16013,7.475,0,3.7274,0,0,FRENET,0.309181,0.0480927,0.309181,0.105097,0.0480927,0.45219,0
3.35198,1.16013,7.475,0,3.7274,0,0,FRENET,0.309181,0.0480927,0.309181,0.105097,0.0480927,0.45219,0
3.35593,1.16013,7.475,0,3.7274,0,0,FRENET,0.309181,0.0480927,0.309181,0.105097,0.0480927,0.45219,0
3.35995,1.19693,7.475,0,3.6323,0,0,FRENET,0.309181,0.0480927,0.309181,0.105097,0.0480927,0.45219,0
3.36403,1.19693,7.475,0,3.6323,0,0,FRENET,0.18918,0.0480927,0.18918,0.122343,0.0480927,0.443489,0
3.36867,1.23277,7.475,0,3.5372,0,0,FRENET,0.18918,0.0480927,0.18918,0.122343,0.0480927,0.443489,0
3.37215,1.23277,7.475,0,3.5372,0,0,FRENET,0.18918,0.0480927,0.18918,0.122343,0.0480927,0.443489,0
3.37592,1.23277,7.475,0,3.5372,0,0,FRENET,0.18918,0.0480927,0.18918,0.122343,0.0480927,0.443489,0
3.37999,1.26767,7.475,0,3.4421,0,0,FRENET,0.18918,0.0480927,0.18918,0.122343,0.0480927,0.443489,0
3.38418,1.26767,7.475,0,3.4421,0,0,FRENET,0.18918,0.0480927,0.18918,0.122343,0.0480927,0.443489,0
3.38883,1.30169,7.475,0,3.36132,0,0,FRENET,0.18918,0.0480927,0.18918,0.122343,0.0480927,0.443489,0
3.39187,1.30169,7.475,0,3.36132,0,0,FRENET,0.18918,0.0480927,0.18918,0.122343,0.0480927,0.443489,0
3.39595,1.30169,7.475,0,3.36132,0,0,FRENET,0.18918,0.0480927,0.18918,0.122343,0.0480927,0.443489,0
3.39992,1.33497,7.475,0,3.2959,0,0,FRENET,0.18918,0.0480927,0.18918,0.122343,0.0480927,0.443489,0
3.40411,1.33497,7.475,0,3.2959,0,0,FRENET,0.18918,0.0480927,0.18918,0.122343,0.0480927,0.443489,0
3.40895,1.36767,7.475,0,3.24292,0,0,FRENET,0,0.0412748,0,0,0.0412748,0.767912,0
3.41216,1.36767,7.475,0,3.24292,0,0,FRENET,0,0.0412748,0,0,0.0412748,0.767912,0
3.41586,1.36767,7.475,0,3.24292,0,0,FRENET,0,0.0412748,0,0,0.0412748,0.767912,0
3.41999,1.40037,7.475,0,3.29794,0,0,FRENET,0,0.0412748,0,0,0.0412748,0.767912,0
3.42401,1.40037,7.475,0,3.29794,0,0,FRENET,0,0.0412748,0,0,0.0412748,0.767912,0
3.42871,1.43361,7.475,0,3.35034,0,0,FRENET,0,0.0412748,0,0,0.0412748,0.767912,0
3.43184,1.43361,7.475,0,3.35034,0,0,FRENET,0,0.0412748,0,0,0.0412748,0.767912,0
3.43602,1.43361,7.475,0,3.35034,0,0,FRENET,0,0.0412748,0,0,0.0412748,0.767912,0
3.43999,1.46737,7.475,0,3.40025,0,0,FRENET,0,0.0412748,0,0,0.0412748,0.767912,0
3.44397,1.46737,7.475,0,3.40025,0,0,FRENET,0,0.0412748,0,0,0.0412748,0.767912,0
3.44867,1.50161,7.475,0,3.44779,0,0,FRENET,0,0.0412748,0,0,0.0412748,0.767912,0
3.45203,1.50161,7.475,0,3.44779,0,0,FRENET,0,0.0412748,0,0,0.0412748,0.767912,0
3.45593,1.50161,7.475,0,3.44779,0,0,FRENET,0,0.0412748,0,0,0.0412748,0.767912,0
3.46003,1.53631,7.475,0,3.49306,0,0,FRENET,0.0661255,0.0412748,0.0661255,0,0.0412748,0.774801,0
3.46397,1.53631,7.475,0,3.49306,0,0,FRENET,0.0661255,0.0412748,0.0661255,0,0.0412748,0.774801,0
3.46854,1.57146,7.475,0,3.53619,0,0,FRENET,0.0661255,0.0412748,0.0661255,0,0.0412748,0.774801,0
3.47187,1.57146,7.475,0,3.53619,0,0,FRENET,0.0661255,0.0412748,0.0661255,0,0.0412748,0.774801,0
3.47594,1.57146,7.475,0,3.53619,0,0,FRENET,0.0661255,0.0412748,0.0661255,0,0.0412748,0.774801,0
3.47978,1.60702,7.475,0,3.57726,0,0,FRENET,0.0661255,0.0412748,0.0661255,0,0.0412748,0.774801,0
3.48403,1.60702,7.475,0,3.57726,0,0,FRENET,0.0661255,0.0412748,0.0661255,0,0.0412748,0.774801,0
3.48864,1.64299,7.475,0,3.61638,0,0,FRENET,0.0661255,0.0412748,0.0661255,0,0.0412748,0.774801,0
3.49198,1.64299,7.475,0,3.61638,0,0,FRENET,0.0661255,0.0412748,0.0661255,0,0.0412748,0.774801,0
3.49578,1.64299,7.475,0,3.61638,0,0,FRENET,0.0661255,0.0412748,0.0661255,0,0.0412748,0.774801,0
3.49994,1.67934,7.475,0,3.65364,0,0,FRENET,0.0661255,0.0412748,0.0661255,0,0.0412748,0.774801,0
3.50393,1.67934,7.475,0,3.65364,0,0,FRENET,0.0661255,0.0412748,0.0661255,0,0.0412748,0.774801,0
3.50902,1.71606,7.475,0,3.68913,0,0,FRENET,0.216126,0.0412748,0.216126,0.120837,0.0412748,0.447588,0
3.51196,1.71606,7.475,0,3.68913,0,0,FRENET,0.216126,0.0412748,0.216126,0.120837,0.0412748,0.447588,0
3.51604,1.71606,7.475,0,3.68913,0,0,FRENET,0.216126,0.0412748,0.216126,0.120837,0.0412748,0.447588,0
3.52012,1.75312,7.475,0,3.72293,0,0,FRENET,0.216126,0.0412748,0.216126,0.120837,0.0412748,0.447588,0
3.52391,1.75312,7.475,0,3.72293,0,0,FRENET,0.216126,0.0412748,0.216126,0.120837,0.0412748,0.447588,0
3.52879,1.79051,7.475,0,3.75512,0,0,FRENET,0.216126,0.0412748,0.216126,0.120837,0.0412748,0.447588,0
3.53198,1.79051,7.475,0,3.75512,0,0,FRENET,0.216126,0.0412748,0.216126,0.120837,0.0412748,0.447588,0
3.53602,1.79051,7.475,0,3.75512,0,0,FRENET,0.216126,0.0412748,0.216126,0.120837,0.0412748,0.447588,0
3.54006,1.82823,7.475,0,3.7902,0,0,FRENET,0.216126,0.0412748,0.216126,0.120837,0.0412748,0.447588,0
3.54387,1.82823,7.475,0,3.7902,0,0,FRENET,0.216126,0.0412748,0.216126,0.120837,0.0412748,0.447588,0
3.54853,1.8663,7.475,0,3.8236,0,0,FRENET,0.216126,0.0412748,0.216126,0.120837,0.0412748,0.447588,0
3.55194,1.8663,7.475,0,3.8236,0,0,FRENET,0.216126,0.0412748,0.216126,0.120837,0.0412748,0.447588,0
3.55616,1.8663,7.475,0,3.8236,0,0,FRENET,0.216126,0.0412748,0.216126,0.120837,0.0412748,0.447588,0
3.5629,1.9047,7.475,0,3.85542,0,0,FRENET,0.357605,0.0412748,0.357605,0.112357,0.0412748,0.450491,0
3.56389,1.9047,7.475,0,3.85542,0,0,FRENET,0.357605,0.0412748,0.357605,0.112357,0.0412748,0.450491,0
3.56876,1.9434,7.475,0,3.88572,0,0,FRENET,0.357605,0.0412748,0.357605,0.112357,0.0412748,0.450491,0
3.57205,1.9434,7.475,0,3.88572,0,0,FRENET,0.357605,0.0412748,0.357605,0.112357,0.0412748,0.450491,0
3.57599,1.9434,7.475,0,3.88572,0,0,FRENET,0.357605,0.0412748,0.357605,0.112357,0.0412748,0.450491,0
3.57998,1.9824,7.475,0,3.91459,0,0,FRENET,0.357605,0.0412748,0.357605,0.112357,0.0412748,0.450491,0
3.584,1.9824,7.475,0,3.91459,0,0,FRENET,0.357605,0.0412748,0.357605,0.112357,0.0412748,0.450491,0
3.58868,2.02169,7.475,0,3.94208,0,0,FRENET,0.357605,0.0412748,0.357605,0.112357,0.0412748,0.450491,0
3.59198,2.02169,7.475,0,3.94208,0,0,FRENET,0.357605,0.0412748,0.357605,0.112357,0.0412748,0.450491,0
3.5959,2.02169,7.475,0,3.94208,0,0,FRENET,0.357605,0.0412748,0.357605,0.112357,0.0412748,0.450491,0
3.59989,2.06124,7.475,0,3.96826,0,0,FRENET,0.357605,0.0412748,0.357605,0.112357,0.0412748,0.450491,0
3.60389,2.06124,7.475,0,3.96826,0,0,FRENET,0.357605,0.0412748,0.357605,0.112357,0.0412748,0.450491,0
3.60894,2.10105,7.475,0,3.9932,0,0,FGM,0.116144,0.44289,0.100484,0.116144,0.38471,0.44289,0
3.61202,2.10105,7.475,0,3.9932,0,0,FGM,0.116144,0.44289,0.100484,0.116144,0.38471,0.44289,0
3.61604,2.10105,7.475,0,3.9932,0,0,FGM,0.116144,0.44289,0.100484,0.116144,0.38471,0.44289,0
3.62018,2.1405,7.475,0,3.8981,0,0,FGM,0.116144,0.44289,0.100484,0.116144,0.38471,0.44289,0
3.62422,2.1405,7.475,0,3.8981,0,0,FGM,0.116144,0.44289,0.100484,0.116144,0.38471,0.44289,0
3.6288,2.17901,7.475,0,3.803,0,0,FGM,0.116144,0.44289,0.100484,0.116144,0.38471,0.44289,0
3.63193,2.17901,7.475,0,3.803,0,0,FGM,0.116144,0.44289,0.100484,0.116144,0.38471,0.44289,0
3.63604,2.17901,7.475,0,3.803,0,0,FGM,0.116144,0.44289,0.100484,0.116144,0.38471,0.44289,0
3.64011,2.21656,7.47502,0.000220148,3.7079,0.0647897,0.240234,FGM,0.116144,0.44289,0.100484,0.116144,0.38471,0.44289,0
3.64413,2.21656,7.47502,0.000220148,3.7079,0.0647897,0.240234,FGM,0.116144,0.44289,0.100484,0.116144,0.38471,0.44289,0
3.64905,2.25317,7.47514,0.0016388,3.6128,0.23376,0.844527,FGM,0.116144,0.44289,0.100484,0.116144,0.38471,0.44289,0
3.65204,2.25317,7.47514,0.0016388,3.6128,0.23376,0.844527,FGM,0.116144,0.44289,0.100484,0.116144,0.38471,0.44289,0
3.65606,2.25317,7.47514,0.0016388,3.6128,0.23376,0.844527,FGM,0,0.641896,0.216994,0,0.38471,0.641896,0
3.65993,2.28882,7.47544,0.00513919,3.5177,0.476762,1.67711,FGM,0,0.641896,0.216994,0,0.38471,0.641896,0
3.66399,2.28882,7.47544,0.00513919,3.5177,0.476762,1.67711,FGM,0,0.641896,0.216994,0,0.38471,0.641896,0
3.66871,2.32352,7.47599,0.0113444,3.4226,0.771459,2.64039,FGM,0,0.641896,0.216994,0,0.38471,0.641896,0
3.67189,2.32352,7.47599,0.0113444,3.4226,0.771459,2.64039,FGM,0,0.641896,0.216994,0,0.38471,0.641896,0
3.67596,2.32352,7.47599,0.0113444,3.4226,0.771459,2.64039,FGM,0,0.641896,0.216994,0,0.38471,0.641896,0
3.67998,2.35726,7.47683,0.0202475,3.3275,0.972937,3.23745,FGM,0,0.641896,0.216994,0,0.38471,0.641896,0
3.68388,2.35726,7.47683,0.0202475,3.3275,0.972937,3.23745,FGM,0,0.641896,0.216994,0,0.38471,0.641896,0
3.68889,2.39004,7.47786,0.0302173,3.2324,0.995839,3.21895,FGM,0,0.641896,0.216994,0,0.38471,0.641896,0
3.69192,2.39004,7.47786,0.0302173,3.2324,0.995839,3.21895,FGM,0,0.641896,0.216994,0,0.38471,0.641896,0
3.69611,2.39004,7.47786,0.0302173,3.2324,0.995839,3.21895,FGM,0,0.641896,0.216994,0,0.38471,0.641896,0
3.70016,2.42187,7.47897,0.039758,3.1373,0.894905,2.80759,FGM,0,0.641896,0.216994,0,0.38471,0.641896,0
3.70389,2.42187,7.47897,0.039758,3.1373,0.894905,2.80759,FGM,0,0.641896,0.216994,0,0.38471,0.641896,0
3.70884,2.45274,7.48013,0.0482678,3.0422,0.835583,2.54201,FGM,0.271516,0.394554,0.252883,0.271516,0.38471,0.394554,0
3.71207,2.45274,7.48013,0.0482678,3.0422,0.835583,2.54201,FGM,0.271516,0.394554,0.252883,0.271516,0.38471,0.394554,0
3.71623,2.45274,7.48013,0.0482678,3.0422,0.835583,2.54201,FGM,0.271516,0.394554,0.252883,0.271516,0.38471,0.394554,0
3.72022,2.48279,7.48141,0.0563413,2.97307,0.760874,2.26213,FGM,0.271516,0.394554,0.252883,0.271516,0.38471,0.394554,0
3.72399,2.48279,7.48141,0.0563413,2.97307,0.760874,2.26213,FGM,0.271516,0.394554,0.252883,0.271516,0.38471,0.394554,0
3.72888,2.51221,7.4828,0.0635252,2.91709,0.700657,2.04388,FGM,0.271516,0.394554,0.252883,0.271516,0.38471,0.394554,0
3.73198,2.51221,7.4828,0.0635252,2.91709,0.700657,2.04388,FGM,0.271516,0.394554,0.252883,0.271516,0.38471,0.394554,0
3.73628,2.51221,7.4828,0.0635252,2.91709,0.700657,2.04388,FGM,0.271516,0.394554,0.252883,0.271516,0.38471,0.394554,0
3.74008,2.54111,7.48437,0.0703048,2.87176,0.63797,1.83209,FGM,0.271516,0.394554,0.252883,0.271516,0.38471,0.394554,0
3.74399,2.54111,7.48437,0.0703048,2.87176,0.63797,1.83209,FGM,0.271516,0.394554,0.252883,0.271516,0.38471,0.394554,0
3.74876,2.5696,7.48606,0.0759787,2.83505,0.48648,1.37919,FGM,0.271516,0.394554,0.252883,0.271516,0.38471,0.394554,0
3.75194,2.5696,7.48606,0.0759787,2.83505,0.48648,1.37919,FGM,0.271516,0.394554,0.252883,0.271516,0.38471,0.394554,0
3.75608,2.5696,7.48606,0.0759787,2.83505,0.48648,1.37919,FGM,0.207808,0.343376,0.0958443,0.207808,0.355359,0.343376,0
3.75998,2.59774,7.48782,0.0802028,2.80532,0.384419,1.07842,FGM,0.207808,0.343376,0.0958443,0.207808,0.355359,0.343376,0
3.76415,2.59774,7.48782,0.0802028,2.80532,0.384419,1.07842,FGM,0.207808,0.343376,0.0958443,0.207808,0.355359,0.343376,0
3.76886,2.62577,7.48971,0.0836013,2.81209,0.285545,0.80298,FGM,0.207808,0.343376,0.0958443,0.207808,0.355359,0.343376,0
3.77206,2.62577,7.48971,0.0836013,2.81209,0.285545,0.80298,FGM,0.207808,0.343376,0.0958443,0.207808,0.355359,0.343376,0
3.77608,2.62577,7.48971,0.0836013,2.81209,0.285545,0.80298,FGM,0.207808,0.343376,0.0958443,0.207808,0.355359,0.343376,0
3.78008,2.65385,7.49172,0.0860545,2.81855,0.22617,0.637471,FGM,0.207808,0.343376,0.0958443,0.207808,0.355359,0.343376,0
3.78413,2.65385,7.49172,0.0860545,2.81855,0.22617,0.637471,FGM,0.207808,0.343376,0.0958443,0.207808,0.355359,0.343376,0
3.78899,2.68198,7.49386,0.0881658,2.8247,0.182533,0.5156,FGM,0.207808,0.343376,0.0958443,0.207808,0.355359,0.343376,0
3.79202,2.68198,7.49386,0.0881658,2.8247,0.182533,0.5156,FGM,0.207808,0.343376,0.0958443,0.207808,0.355359,0.343376,0
3.79595,2.68198,7.49386,0.0881658,2.8247,0.182533,0.5156,FGM,0.207808,0.343376,0.0958443,0.207808,0.355359,0.343376,0
3.80008,2.71017,7.49608,0.0897853,2.83055,0.159929,0.452687,FGM,0.207808,0.343376,0.0958443,0.207808,0.355359,0.343376,0
3.80382,2.71017,7.49608,0.0897853,2.83055,0.159929,0.452687,FGM,0.0489733,0.252568,0.0893355,0.0489733,0.355359,0.252568,0
3.80878,2.73844,7.49842,0.0913454,2.84356,0.137656,0.391432,FGM,0.0489733,0.252568,0.0893355,0.0489733,0.355359,0.252568,0
3.81199,2.73844,7.49842,0.0913454,2.84356,0.137656,0.391432,FGM,0.0489733,0.252568,0.0893355,0.0489733,0.355359,0.252568,0
3.81598,2.73844,7.49842,0.0913454,2.84356,0.137656,0.391432,FGM,0.0489733,0.252568,0.0893355,0.0489733,0.355359,0.252568,0
3.81995,2.76684,7.50084,0.092595,2.85595,0.129386,0.369521,FGM,0.0489733,0.252568,0.0893355,0.0489733,0.355359,0.252568,0
3.82399,2.76684,7.50084,0.092595,2.85595,0.129386,0.369521,FGM,0.0489733,0.252568,0.0893355,0.0489733,0.355359,0.252568,0
3.82868,2.79535,7.50336,0.0939201,2.86776,0.120147,0.344553,FGM,0.0489733,0.252568,0.0893355,0.0489733,0.355359,0.252568,0
3.83203,2.79535,7.50336,0.0939201,2.86776,0.120147,0.344553,FGM,0.0489733,0.252568,0.0893355,0.0489733,0.355359,0.252568,0
3.83602,2.79535,7.50336,0.0939201,2.86776,0.120147,0.344553,FGM,0.0489733,0.252568,0.0893355,0.0489733,0.355359,0.252568,0
3.84011,2.82397,7.50593,0.0948929,2.879,0.0773276,0.222626,FGM,0.0489733,0.252568,0.0893355,0.0489733,0.355359,0.252568,0
3.84404,2.82397,7.50593,0.0948929,2.879,0.0773276,0.222626,FGM,0.0489733,0.252568,0.0893355,0.0489733,0.355359,0.252568,0
3.84895,2.85269,7.50853,0.0953676,2.88971,0.00588329,0.017001,FGM,0.0489733,0.252568,0.0893355,0.0489733,0.355359,0.252568,0
3.85188,2.85269,7.50853,0.0953676,2.88971,0.00588329,0.017001,FGM,0.0489733,0.252568,0.0893355,0.0489733,0.355359,0.252568,0
3.85593,2.85269,7.50853,0.0953676,2.88971,0.00588329,0.017001,FGM,0.0911717,0.339153,0.0618031,0.0911717,0.355359,0.339153,0
3.85993,2.88156,7.51111,0.0951166,2.90675,-0.0372815,-0.108368,FGM,0.0911717,0.339153,0.0618031,0.0911717,0.355359,0.339153,0
3.86399,2.88156,7.51111,0.0951166,2.90675,-0.0372815,-0.108368,FGM,0.0911717,0.339153,0.0618031,0.0911717,0.355359,0.339153,0
3.86866,2.91059,7.51372,0.0946424,2.92299,-0.0712636,-0.208303,FGM,0.0911717,0.339153,0.0618031,0.0911717,0.355359,0.339153,0
3.87199,2.91059,7.51372,0.0946424,2.92299,-0.0712636,-0.208303,FGM,0.0911717,0.339153,0.0618031,0.0911717,0.355359,0.339153,0
3.87592,2.91059,7.51372,0.0946424,2.92299,-0.0712636,-0.208303,FGM,0.0911717,0.339153,0.0618031,0.0911717,0.355359,0.339153,0
3.88007,2.93978,7.51632,0.0937532,2.93845,-0.0893067,-0.262424,FGM,0.0911717,0.339153,0.0618031,0.0911717,0.355359,0.339153,0
3.88399,2.93978,7.51632,0.0937532,2.93845,-0.0893067,-0.262424,FGM,0.0911717,0.339153,0.0618031,0.0911717,0.355359,0.339153,0
3.88879,2.96912,7.51895,0.0931383,2.95318,-0.0216579,-0.0639598,FGM,0.0911717,0.339153,0.0618031,0.0911717,0.355359,0.339153,0
3.89216,2.96912,7.51895,0.0931383,2.95318,-0.0216579,-0.0639598,FGM,0.0911717,0.339153,0.0618031,0.0911717,0.355359,0.339153,0
3.89598,2.96912,7.51895,0.0931383,2.95318,-0.0216579,-0.0639598,FGM,0.0911717,0.339153,0.0618031,0.0911717,0.355359,0.339153,0
3.89996,2.9986,7.52165,0.0932288,2.96721,0.0210711,0.0625224,FGM,0.0911717,0.339153,0.0618031,0.0911717,0.355359,0.339153,0
3.90401,2.9986,7.52165,0.0932288,2.96721,0.0210711,0.0625224,FGM,0.135916,0.400907,0.24808,0.135916,0.355067,0.400907,0
3.90873,3.02822,7.52441,0.0935432,2.98193,0.0558205,0.166453,FGM,0.135916,0.400907,0.24808,0.135916,0.355067,0.400907,0
3.91205,3.02822,7.52441,0.0935432,2.98193,0.0558205,0.166453,FGM,0.135916,0.400907,0.24808,0.135916,0.355067,0.400907,0
3.91609,3.02822,7.52441,0.0935432,2.98193,0.0558205,0.166453,FGM,0.135916,0.400907,0.24808,0.135916,0.355067,0.400907,0
3.91999,3.05798,7.52722,0.0942865,2.99595,0.0755388,0.22631,FGM,0.135916,0.400907,0.24808,0.135916,0.355067,0.400907,0
3.92417,3.05798,7.52722,0.0942865,2.99595,0.0755388,0.22631,FGM,0.135916,0.400907,0.24808,0.135916,0.355067,0.400907,0
3.92898,3.08787,7.53008,0.095061,3.0093,0.0944128,0.284116,FGM,0.135916,0.400907,0.24808,0.135916,0.355067,0.400907,0
3.93193,3.08787,7.53008,0.095061,3.0093,0.0944128,0.284116,FGM,0.135916,0.400907,0.24808,0.135916,0.355067,0.400907,0
3.9359,3.08787,7.53008,0.095061,3.0093,0.0944128,0.284116,FGM,0.135916,0.400907,0.24808,0.135916,0.355067,0.400907,0
3.94003,3.11788,7.533,0.0961315,3.02201,0.102964,0.311157,FGM,0.135916,0.400907,0.24808,0.135916,0.355067,0.400907,0
3.94395,3.11788,7.533,0.0961315,3.02201,0.102964,0.311157,FGM,0.135916,0.400907,0.24808,0.135916,0.355067,0.400907,0
3.94882,3.14802,7.53595,0.0971381,3.03413,0.113973,0.345809,FGM,0.135916,0.400907,0.24808,0.135916,0.355067,0.400907,0
3.95229,3.14802,7.53595,0.0971381,3.03413,0.113973,0.345809,FRENET,0.149102,0.355067,0.149102,0.124349,0.355067,0.468089,0
3.95608,3.14802,7.53595,0.0971381,3.03413,0.113973,0.345809,FRENET,0.149102,0.355067,0.149102,0.124349,0.355067,0.468089,0
3.96028,3.17774,7.53891,0.0985055,2.93903,0.13354,0.392476,FRENET,0.149102,0.355067,0.149102,0.124349,0.355067,0.468089,0
3.96397,3.17774,7.53891,0.0985055,2.93903,0.13354,0.392476,FRENET,0.149102,0.355067,0.149102,0.124349,0.355067,0.468089,0
3.96894,3.20651,7.5418,0.0998326,2.84393,0.15491,0.440552,FRENET,0.149102,0.355067,0.149102,0.124349,0.355067,0.468089,0
3.97198,3.20651,7.5418,0.0998326,2.84393,0.15491,0.440552,FRENET,0.149102,0.355067,0.149102,0.124349,0.355067,0.468089,0
3.9759,3.20651,7.5418,0.0998326,2.84393,0.15491,0.440552,FRENET,0.149102,0.355067,0.149102,0.124349,0.355067,0.468089,0
3.98,3.23432,7.54464,0.101531,2.74883,0.159559,0.4386,FRENET,0.149102,0.355067,0.149102,0.124349,0.355067,0.468089,0
3.98403,3.23432,7.54464,0.101531,2.74883,0.159559,0.4386,FRENET,0.149102,0.355067,0.149102,0.124349,0.355067,0.468089,0
3.98884,3.2612,7.54741,0.103065,2.65373,0.170973,0.453715,FRENET,0.149102,0.355067,0.149102,0.124349,0.355067,0.468089,0
3.99189,3.2612,7.54741,0.103065,2.65373,0.170973,0.453715,FRENET,0.149102,0.355067,0.149102,0.124349,0.355067,0.468089,0
3.99597,3.2612,7.54741,0.103065,2.65373,0.170973,0.453715,FRENET,0.149102,0.355067,0.149102,0.124349,0.355067,0.468089,0
4.00009,3.28712,7.55013,0.104882,2.55863,0.167704,0.429091,FRENET,0.0801401,0.355067,0.0801401,0.0544854,0.355067,0.40112,0
4.00387,3.28712,7.55013,0.104882,2.55863,0.167704,0.429091,FRENET,0.0801401,0.355067,0.0801401,0.0544854,0.355067,0.40112,0
4.00883,3.31209,7.55276,0.106471,2.46353,0.17393,0.428481,FRENET,0.0801401,0.355067,0.0801401,0.0544854,0.355067,0.40112,0
4.01195,3.31209,7.55276,0.106471,2.46353,0.17393,0.428481,FRENET,0.0801401,0.355067,0.0801401,0.0544854,0.355067,0.40112,0
4.01596,3.31209,7.55276,0.106471,2.46353,0.17393,0.428481,FRENET,0.0801401,0.355067,0.0801401,0.0544854,0.355067,0.40112,0
4.01989,3.33611,7.55535,0.108293,2.36843,0.165839,0.392778,FRENET,0.0801401,0.355067,0.0801401,0.0544854,0.355067,0.40112,0
4.02386,3.33611,7.55535,0.108293,2.36843,0.165839,0.392778,FRENET,0.0801401,0.355067,0.0801401,0.0544854,0.355067,0.40112,0
4.02878,3.35918,7.55786,0.109847,2.27333,0.169113,0.384449,FRENET,0.0801401,0.355067,0.0801401,0.0544854,0.355067,0.40112,0
4.03186,3.35918,7.55786,0.109847,2.27333,0.169113,0.384449,FRENET,0.0801401,0.355067,0.0801401,0.0544854,0.355067,0.40112,0
4.03595,3.35918,7.55786,0.109847,2.27333,0.169113,0.384449,FRENET,0.0801401,0.355067,0.0801401,0.0544854,0.355067,0.40112,0
4.03994,3.3813,7.56032,0.111604,2.17823,0.157633,0.343359,FRENET,0.0801401,0.355067,0.0801401,0.0544854,0.355067,0.40112,0
4.04406,3.3813,7.56032,0.111604,2.17823,0.157633,0.343359,FRENET,0.0801401,0.355067,0.0801401,0.0544854,0.355067,0.40112,0
4.04868,3.40248,7.56269,0.113066,2.08313,0.159173,0.331577,FRENET,0.0801401,0.355067,0.0801401,0.0544854,0.355067,0.40112,0
4.05223,3.40248,7.56269,0.113066,2.08313,0.159173,0.331577,FRENET,0.0538122,0.0392766,0.0538122,0.0696372,0.0392766,0.413164,0
4.05597,3.40248,7.56269,0.113066,2.08313,0.159173,0.331577,FRENET,0.0538122,0.0392766,0.0538122,0.0696372,0.0392766,0.413164,0
4.0599,3.42322,7.56507,0.114561,2.09332,0.126298,0.264382,FRENET,0.0538122,0.0392766,0.0538122,0.0696372,0.0392766,0.413164,0
4.06394,3.42322,7.56507,0.114561,2.09332,0.126298,0.264382,FRENET,0.0538122,0.0392766,0.0538122,0.0696372,0.0392766,0.413164,0
4.06881,3.44406,7.56749,0.115676,2.10304,0.114711,0.241242,FRENET,0.0538122,0.0392766,0.0538122,0.0696372,0.0392766,0.413164,0
4.07198,3.44406,7.56749,0.115676,2.10304,0.114711,0.241242,FRENET,0.0538122,0.0392766,0.0538122,0.0696372,0.0392766,0.413164,0
4.07643,3.44406,7.56749,0.115676,2.10304,0.114711,0.241242,FRENET,0.0538122,0.0392766,0.0538122,0.0696372,0.0392766,0.413164,0
4.08014,3.46499,7.56997,0.116837,2.11229,0.102014,0.215482,FRENET,0.0538122,0.0392766,0.0538122,0.0696372,0.0392766,0.413164,0
4.08399,3.46499,7.56997,0.116837,2.11229,0.102014,0.215482,FRENET,0.0538122,0.0392766,0.0538122,0.0696372,0.0392766,0.413164,0
4.08892,3.48601,7.57246,0.117487,2.1211,0.0186339,0.0395244,FRENET,0.0538122,0.0392766,0.0538122,0.0696372,0.0392766,0.413164,0
4.09208,3.48601,7.57246,0.117487,2.1211,0.0186339,0.0395244,FRENET,0.0538122,0.0392766,0.0538122,0.0696372,0.0392766,0.413164,0
4.09598,3.48601,7.57246,0.117487,2.1211,0.0186339,0.0395244,FRENET,0.0538122,0.0392766,0.0538122,0.0696372,0.0392766,0.413164,0
4.09977,3.50713,7.57489,0.117069,2.12949,-0.10797,-0.22992,FRENET,0.203846,0.0392766,0.203846,0.0455321,0.0392766,0.421583,0
4.10396,3.50713,7.57489,0.117069,2.12949,-0.10797,-0.22992,FRENET,0.203846,0.0392766,0.203846,0.0455321,0.0392766,0.421583,0
4.10906,3.52834,7.57722,0.115526,2.13748,-0.177764,-0.379968,FRENET,0.203846,0.0392766,0.203846,0.0455321,0.0392766,0.421583,0
4.1122,3.52834,7.57722,0.115526,2.13748,-0.177764,-0.379968,FRENET,0.203846,0.0392766,0.203846,0.0455321,0.0392766,0.421583,0
4.11604,3.52834,7.57722,0.115526,2.13748,-0.177764,-0.379968,FRENET,0.203846,0.0392766,0.203846,0.0455321,0.0392766,0.421583,0
4.11984,3.54963,7.57949,0.113565,2.1451,-0.226993,-0.486923,FRENET,0.203846,0.0392766,0.203846,0.0455321,0.0392766,0.421583,0
4.12385,3.54963,7.57949,0.113565,2.1451,-0.226993,-0.486923,FRENET,0.203846,0.0392766,0.203846,0.0455321,0.0392766,0.421583,0
4.12873,3.571,7.58168,0.111083,2.15235,-0.250503,-0.539169,FRENET,0.203846,0.0392766,0.203846,0.0455321,0.0392766,0.421583,0
4.13188,3.571,7.58168,0.111083,2.15235,-0.250503,-0.539169,FRENET,0.203846,0.0392766,0.203846,0.0455321,0.0392766,0.421583,0
4.13588,3.571,7.58168,0.111083,2.15235,-0.250503,-0.539169,FRENET,0.203846,0.0392766,0.203846,0.0455321,0.0392766,0.421583,0
4.13991,3.59246,7.58381,0.108547,2.15925,-0.27191,-0.587122,FRENET,0.203846,0.0392766,0.203846,0.0455321,0.0392766,0.421583,0
4.14394,3.59246,7.58381,0.108547,2.15925,-0.27191,-0.587122,FRENET,0.203846,0.0392766,0.203846,0.0455321,0.0392766,0.421583,0
4.14948,3.61398,7.58587,0.105707,2.16583,-0.278652,-0.603515,FRENET,0.0797874,0.0392766,0.0797874,0.0191024,0.0392766,0.483436,0
4.15229,3.61398,7.58587,0.105707,2.16583,-0.278652,-0.603515,FRENET,0.0797874,0.0392766,0.0797874,0.0191024,0.0392766,0.483436,0
4.15605,3.61398,7.58587,0.105707,2.16583,-0.278652,-0.603515,FRENET,0.0797874,0.0392766,0.0797874,0.0191024,0.0392766,0.483436,0
4.16005,3.63558,7.58788,0.102945,2.1721,-0.28988,-0.629647,FRENET,0.0797874,0.0392766,0.0797874,0.0191024,0.0392766,0.483436,0
4.16399,3.63558,7.58788,0.102945,2.1721,-0.28988,-0.629647,FRENET,0.0797874,0.0392766,0.0797874,0.0191024,0.0392766,0.483436,0
4.16893,3.65724,7.58981,0.0999584,2.17806,-0.290432,-0.632579,FRENET,0.0797874,0.0392766,0.0797874,0.0191024,0.0392766,0.483436,0
4.17194,3.65724,7.58981,0.0999584,2.17806,-0.290432,-0.632579,FRENET,0.0797874,0.0392766,0.0797874,0.0191024,0.0392766,0.483436,0
4.17585,3.65724,7.58981,0.0999584,2.17806,-0.290432,-0.632579,FRENET,0.0797874,0.0392766,0.0797874,0.0191024,0.0392766,0.483436,0
4.17998,3.67897,7.5917,0.0970995,2.18375,-0.297843,-0.650415,FRENET,0.0797874,0.0392766,0.0797874,0.0191024,0.0392766,0.483436,0
4.18392,3.67897,7.5917,0.0970995,2.18375,-0.297843,-0.650415,FRENET,0.0797874,0.0392766,0.0797874,0.0191024,0.0392766,0.483436,0
4.18875,3.70076,7.59352,0.0940457,2.18916,-0.296045,-0.648089,FRENET,0.0797874,0.0392766,0.0797874,0.0191024,0.0392766,0.483436,0
4.19197,3.70076,7.59352,0.0940457,2.18916,-0.296045,-0.648089,FRENET,0.0797874,0.0392766,0.0797874,0.0191024,0.0392766,0.483436,0
4.19605,3.70076,7.59352,0.0940457,2.18916,-0.296045,-0.648089,FRENET,0.0797874,0.0392766,0.0797874,0.0191024,0.0392766,0.483436,0
4.20015,3.72265,7.59529,0.0911498,2.20282,-0.299444,-0.659622,FRENET,0.187384,0.390629,0.187384,0,0.390629,0.407454,0
4.20408,3.72265,7.59529,0.0911498,2.20282,-0.299444,-0.659622,FRENET,0.187384,0.390629,0.187384,0,0.390629,0.407454,0
4.20879,3.74414,7.59694,0.0878908,2.10772,-0.324001,-0.682904,FRENET,0.187384,0.390629,0.187384,0,0.390629,0.407454,0
4.21196,3.74414,7.59694,0.0878908,2.10772,-0.324001,-0.682904,FRENET,0.187384,0.390629,0.187384,0,0.390629,0.407454,0
4.21601,3.74414,7.59694,0.0878908,2.10772,-0.324001,-0.682904,FRENET,0.187384,0.390629,0.187384,0,0.390629,0.407454,0
4.22001,3.76468,7.59849,0.0846543,2.01262,-0.3454,-0.695159,FRENET,0.187384,0.390629,0.187384,0,0.390629,0.407454,0
4.22411,3.76468,7.59849,0.0846543,2.01262,-0.3454,-0.695159,FRENET,0.187384,0.390629,0.187384,0,0.390629,0.407454,0
4.22892,3.78428,7.59988,0.0810958,1.91752,-0.340025,-0.652006,FRENET,0.187384,0.390629,0.187384,0,0.390629,0.407454,0
4.23197,3.78428,7.59988,0.0810958,1.91752,-0.340025,-0.652006,FRENET,0.187384,0.390629,0.187384,0,0.390629,0.407454,0
4.23621,3.78428,7.59988,0.0810958,1.91752,-0.340025,-0.652006,FRENET,0.187384,0.390629,0.187384,0,0.390629,0.407454,0
4.23997,3.80298,7.60121,0.0782022,1.8317,-0.225867,-0.413719,FRENET,0.187384,0.390629,0.187384,0,0.390629,0.407454,0
4.24395,3.80298,7.60121,0.0782022,1.8317,-0.225867,-0.413719,FRENET,0.187384,0.390629,0.187384,0,0.390629,0.407454,0
4.24881,3.8209,7.60253,0.0767211,1.76219,-0.0651943,-0.114885,FRENET,0.235913,0.390629,0.235913,0,0.390629,0.273463,0
4.25198,3.8209,7.60253,0.0767211,1.76219,-0.0651943,-0.114885,FRENET,0.235913,0.390629,0.235913,0,0.390629,0.273463,0
4.25589,3.8209,7.60253,0.0767211,1.76219,-0.0651943,-0.114885,FRENET,0.235913,0.390629,0.235913,0,0.390629,0.273463,0
4.25997,3.83819,7.60389,0.0765744,1.70591,0.00482032,0.00822303,FRENET,0.235913,0.390629,0.235913,0,0.390629,0.273463,0
4.26399,3.83819,7.60389,0.0765744,1.70591,0.00482032,0.00822303,FRENET,0.235913,0.390629,0.235913,0,0.390629,0.273463,0
4.26881,3.85497,7.60523,0.076769,1.66033,0.0502883,0.0834953,FRENET,0.235913,0.390629,0.235913,0,0.390629,0.273463,0
4.27199,3.85497,7.60523,0.076769,1.66033,0.0502883,0.0834953,FRENET,0.235913,0.390629,0.235913,0,0.390629,0.273463,0
4.27596,3.85497,7.60523,0.076769,1.66033,0.0502883,0.0834953,FRENET,0.235913,0.390629,0.235913,0,0.390629,0.273463,0
4.27996,3.87133,7.60658,0.0774387,1.62342,0.0609427,0.0989358,FRENET,0.235913,0.390629,0.235913,0,0.390629,0.273463,0
4.28396,3.87133,7.60658,0.0774387,1.62342,0.0609427,0.0989358,FRENET,0.235913,0.390629,0.235913,0,0.390629,0.273463,0
4.28884,3.88736,7.6079,0.0780287,1.59353,0.0757007,0.120632,FRENET,0.235913,0.390629,0.235913,0,0.390629,0.273463,0
4.292,3.88736,7.6079,0.0780287,1.59353,0.0757007,0.120632,FRENET,0.235913,0.390629,0.235913,0,0.390629,0.273463,0
4.29606,3.88736,7.6079,0.0780287,1.59353,0.0757007,0.120632,FRENET,0.164437,0.408038,0.164437,0.0812785,0.408038,0.568562,0
4.30006,3.90312,7.60923,0.078864,1.56933,0.0714829,0.11218,FRENET,0.164437,0.408038,0.164437,0.0812785,0.408038,0.568562,0
4.3039,3.90312,7.60923,0.078864,1.56933,0.0714829,0.11218,FRENET,0.164437,0.408038,0.164437,0.0812785,0.408038,0.568562,0
4.30888,3.91834,7.61051,0.0795253,1.48492,0.0842157,0.125053,FRENET,0.164437,0.408038,0.164437,0.0812785,0.408038,0.568562,0
4.31202,3.91834,7.61051,0.0795253,1.48492,0.0842157,0.125053,FRENET,0.164437,0.408038,0.164437,0.0812785,0.408038,0.568562,0
4.31603,3.91834,7.61051,0.0795253,1.48492,0.0842157,0.125053,FRENET,0.164437,0.408038,0.164437,0.0812785,0.408038,0.568562,0
4.32009,3.93279,7.61176,0.0804273,1.41656,0.0726886,0.102968,FRENET,0.164437,0.408038,0.164437,0.0812785,0.408038,0.568562,0
4.32395,3.93279,7.61176,0.0804273,1.41656,0.0726886,0.102968,FRENET,0.164437,0.408038,0.164437,0.0812785,0.408038,0.568562,0
4.32888,3.94663,7.61296,0.0810732,1.36121,0.078808,0.107274,FRENET,0.164437,0.408038,0.164437,0.0812785,0.408038,0.568562,0
4.3318,3.94663,7.61296,0.0810732,1.36121,0.078808,0.107274,FRENET,0.164437,0.408038,0.164437,0.0812785,0.408038,0.568562,0
4.33606,3.94663,7.61296,0.0810732,1.36121,0.078808,0.107274,FRENET,0.164437,0.408038,0.164437,0.0812785,0.408038,0.568562,0
4.33997,3.95996,7.61413,0.0819021,1.31638,0.0656315,0.086396,FRENET,0.164437,0.408038,0.164437,0.0812785,0.408038,0.568562,0
4.34385,3.95996,7.61413,0.0819021,1.31638,0.0656315,0.086396,FRENET,0.164437,0.408038,0.164437,0.0812785,0.408038,0.568562,0
4.34907,3.9726,7.61524,0.0824819,1.22128,0.0760744,0.0929082,FRENET,0.36016,0.125868,0.36016,0,0.125868,0.605647,0
4.35201,3.9726,7.61524,0.0824819,1.22128,0.0760744,0.0929082,FRENET,0.36016,0.125868,0.36016,0,0.125868,0.605647,0
4.35599,3.9726,7.61524,0.0824819,1.22128,0.0760744,0.0929082,FRENET,0.36016,0.125868,0.36016,0,0.125868,0.605647,0
4.35992,3.98429,7.61629,0.0832871,1.12618,0.057948,0.0652599,FRENET,0.36016,0.125868,0.36016,0,0.125868,0.605647,0
4.36395,3.98429,7.61629,0.0832871,1.12618,0.057948,0.0652599,FRENET,0.36016,0.125868,0.36016,0,0.125868,0.605647,0
4.36908,3.99504,7.61725,0.0837822,1.03108,0.0684778,0.0706061,FRENET,0.36016,0.125868,0.36016,0,0.125868,0.605647,0
4.37197,3.99504,7.61725,0.0837822,1.03108,0.0684778,0.0706061,FRENET,0.36016,0.125868,0.36016,0,0.125868,0.605647,0
4.37586,3.99504,7.61725,0.0837822,1.03108,0.0684778,0.0706061,FRENET,0.36016,0.125868,0.36016,0,0.125868,0.605647,0

--- Experiment Summary ---
Scenario,Mux_playground_WS1.4516_WT2.7474_WC1.0353_WCL1.2191_WD1.035_DM0.1973_Opp_bumper_v_3.csv
Mode,MUX_OBSTACLE
Finish Reason,COLLISION DETECTED
Duration (s),4.38
Total Dist (m),14.00
Collision,YES
FRENET Usage (%),92.15
FGM Usage (%),7.85
Max Speed (m/s),4.58
Max Lat Acc (m/s^2),3.24
Global Min Dist (m),0.00
Global Unsafe Ratio,1.00
Global Track RMS (m),0.15
Global Lat Acc RMS,0.40
FGM Min Dist (m),0.00
FGM Unsafe Ratio,1.00
FGM Track RMS (m),0.42
