t,x,y,yaw,speed,yaw_rate,a_lat,planner,min_d,track_error,fre_min_d,fgm_min_d,fre_track,fgm_track,collision
9.8105e-05,-9.99917,7.475,0,0.118878,0,0,FGM,0.420049,0.144691,0.241041,0.420049,0.258958,0.144691,0
0.00212796,-9.99917,7.475,0,0.118878,0,0,FGM,0.420049,0.144691,0.241041,0.420049,0.258958,0.144691,0
0.00608697,-9.99917,7.475,0,0.118878,0,0,FGM,0.420049,0.144691,0.241041,0.420049,0.258958,0.144691,0
0.00986578,-9.9975,7.475,8.83402e-05,0.213978,0.0207439,0.00443875,FGM,0.420049,0.144691,0.241041,0.420049,0.258958,0.144691,0
0.0141322,-9.9975,7.475,8.83402e-05,0.213978,0.0207439,0.00443875,FGM,0.420049,0.144691,0.241041,0.420049,0.258958,0.144691,0
0.0196989,-9.99489,7.475,0.000476538,0.309078,0.0599881,0.018541,FGM,0.420049,0.144691,0.241041,0.420049,0.258958,0.144691,0
0.0220607,-9.99489,7.475,0.000476538,0.309078,0.0599881,0.018541,FGM,0.420049,0.144691,0.241041,0.420049,0.258958,0.144691,0
0.0259714,-9.99489,7.475,0.000476538,0.309078,0.0599881,0.018541,FGM,0.422155,0.167362,0.218593,0.422155,0.258958,0.167362,0
0.0298414,-9.99132,7.475,0.00135022,0.404178,0.11787,0.0476406,FGM,0.422155,0.167362,0.218593,0.422155,0.258958,0.167362,0
0.0340065,-9.99132,7.475,0.00135022,0.404178,0.11787,0.0476406,FGM,0.422155,0.167362,0.218593,0.422155,0.258958,0.167362,0
0.0399798,-9.9868,7.47501,0.00243936,0.499278,0.0969034,0.0483818,FGM,0.422155,0.167362,0.218593,0.422155,0.258958,0.167362,0
0.0427307,-9.9868,7.47501,0.00243936,0.499278,0.0969034,0.0483818,FGM,0.422155,0.167362,0.218593,0.422155,0.258958,0.167362,0
0.0459453,-9.9868,7.47501,0.00243936,0.499278,0.0969034,0.0483818,FGM,0.422155,0.167362,0.218593,0.422155,0.258958,0.167362,0
0.0498499,-9.98134,7.47507,0.00354827,0.594378,0.0605913,0.0360141,FGM,0.422155,0.167362,0.218593,0.422155,0.258958,0.167362,0
0.0541912,-9.98134,7.47507,0.00354827,0.594378,0.0605913,0.0360141,FGM,0.422155,0.167362,0.218593,0.422155,0.258958,0.167362,0
0.0596746,-9.97494,7.47526,0.00459519,0.685655,0.10637,0.0729335,FGM,0.422155,0.167362,0.218593,0.422155,0.258958,0.167362,0
0.0621526,-9.97494,7.47526,0.00459519,0.685655,0.10637,0.0729335,FGM,0.422155,0.167362,0.218593,0.422155,0.258958,0.167362,0
0.0662646,-9.97494,7.47526,0.00459519,0.685655,0.10637,0.0729335,FGM,0.422155,0.167362,0.218593,0.422155,0.258958,0.167362,0
0.0703728,-9.96765,7.47551,0.005726,0.772592,0.105388,0.0814223,FGM,0.422155,0.167362,0.218593,0.422155,0.258958,0.167362,0
0.0740559,-9.96765,7.47551,0.005726,0.772592,0.105388,0.0814223,FGM,0.422155,0.167362,0.218593,0.422155,0.258958,0.167362,0
0.0795096,-9.95952,7.47576,0.00679962,0.855395,0.121448,0.103886,FGM,0.42392,0.198602,0.199445,0.42392,0.258958,0.198602,0
0.0820742,-9.95952,7.47576,0.00679962,0.855395,0.121448,0.103886,FGM,0.42392,0.198602,0.199445,0.42392,0.258958,0.198602,0
0.0859319,-9.95952,7.47576,0.00679962,0.855395,0.121448,0.103886,FGM,0.42392,0.198602,0.199445,0.42392,0.258958,0.198602,0
0.0898938,-9.95057,7.47605,0.00808316,0.933855,0.122546,0.11444,FGM,0.42392,0.198602,0.199445,0.42392,0.258958,0.198602,0
0.0940708,-9.95057,7.47605,0.00808316,0.933855,0.122546,0.11444,FGM,0.42392,0.198602,0.199445,0.42392,0.258958,0.198602,0
0.0996444,-9.94087,7.47635,0.00932096,1.00858,0.13756,0.138741,FGM,0.42392,0.198602,0.199445,0.42392,0.258958,0.198602,0
0.101869,-9.94087,7.47635,0.00932096,1.00858,0.13756,0.138741,FGM,0.42392,0.198602,0.199445,0.42392,0.258958,0.198602,0
0.106001,-9.94087,7.47635,0.00932096,1.00858,0.13756,0.138741,FGM,0.42392,0.198602,0.199445,0.42392,0.258958,0.198602,0
0.109908,-9.93043,7.4767,0.0107718,1.07976,0.139798,0.150949,FGM,0.42392,0.198602,0.199445,0.42392,0.258958,0.198602,0
0.114171,-9.93043,7.4767,0.0107718,1.07976,0.139798,0.150949,FGM,0.42392,0.198602,0.199445,0.42392,0.258958,0.198602,0
0.119607,-9.9193,7.47706,0.0121764,1.14755,0.153822,0.176519,FGM,0.42392,0.198602,0.199445,0.42392,0.258958,0.198602,0
0.121984,-9.9193,7.47706,0.0121764,1.14755,0.153822,0.176519,FGM,0.42392,0.198602,0.199445,0.42392,0.258958,0.198602,0
0.126569,-9.9193,7.47706,0.0121764,1.14755,0.153822,0.176519,FGM,0.420165,0.240936,0.179464,0.420165,0.258958,0.240936,0
0.131785,-9.90751,7.47748,0.0137923,1.21212,0.156318,0.189476,FGM,0.420165,0.240936,0.179464,0.420165,0.258958,0.240936,0
0.133838,-9.90751,7.47748,0.0137923,1.21212,0.156318,0.189476,FGM,0.420165,0.240936,0.179464,0.420165,0.258958,0.240936,0
0.139639,-9.89508,7.47792,0.0153559,1.27614,0.169202,0.215925,FGM,0.420165,0.240936,0.179464,0.420165,0.258958,0.240936,0
0.142061,-9.89508,7.47792,0.0153559,1.27614,0.169202,0.215925,FGM,0.420165,0.240936,0.179464,0.420165,0.258958,0.240936,0
0.14601,-9.89508,7.47792,0.0153559,1.27614,0.169202,0.215925,FGM,0.420165,0.240936,0.179464,0.420165,0.258958,0.240936,0
0.150127,-9.88202,7.4784,0.0171264,1.33711,0.17179,0.229703,FGM,0.420165,0.240936,0.179464,0.420165,0.258958,0.240936,0
0.15406,-9.88202,7.4784,0.0171264,1.33711,0.17179,0.229703,FGM,0.420165,0.240936,0.179464,0.420165,0.258958,0.240936,0
0.15962,-9.86837,7.47892,0.0188402,1.39519,0.183986,0.256694,FGM,0.420165,0.240936,0.179464,0.420165,0.258958,0.240936,0
0.162019,-9.86837,7.47892,0.0188402,1.39519,0.183986,0.256694,FGM,0.420165,0.240936,0.179464,0.420165,0.258958,0.240936,0
0.166151,-9.86837,7.47892,0.0188402,1.39519,0.183986,0.256694,FGM,0.420165,0.240936,0.179464,0.420165,0.258958,0.240936,0
0.169933,-9.85415,7.4795,0.0207589,1.4505,0.18634,0.270285,FGM,0.420165,0.240936,0.179464,0.420165,0.258958,0.240936,0
0.173988,-9.85415,7.4795,0.0207589,1.4505,0.18634,0.270285,FGM,0.420165,0.240936,0.179464,0.420165,0.258958,0.240936,0
0.179743,-9.83939,7.4801,0.0226127,1.50318,0.197736,0.297233,FGM,0.424125,0.259867,0.20258,0.424125,0.258958,0.259867,0
0.181828,-9.83939,7.4801,0.0226127,1.50318,0.197736,0.297233,FGM,0.424125,0.259867,0.20258,0.424125,0.258958,0.259867,0
0.186181,-9.83939,7.4801,0.0226127,1.50318,0.197736,0.297233,FGM,0.424125,0.259867,0.20258,0.424125,0.258958,0.259867,0
0.190211,-9.82412,7.48077,0.0246672,1.5552,0.19963,0.310465,FGM,0.424125,0.259867,0.20258,0.424125,0.258958,0.259867,0
0.194213,-9.82412,7.48077,0.0246672,1.5552,0.19963,0.310465,FGM,0.424125,0.259867,0.20258,0.424125,0.258958,0.259867,0
0.199421,-9.80833,7.48147,0.0266491,1.60475,0.210262,0.337417,FGM,0.424125,0.259867,0.20258,0.424125,0.258958,0.259867,0
0.202014,-9.80833,7.48147,0.0266491,1.60475,0.210262,0.337417,FGM,0.424125,0.259867,0.20258,0.424125,0.258958,0.259867,0
0.205962,-9.80833,7.48147,0.0266491,1.60475,0.210262,0.337417,FGM,0.424125,0.259867,0.20258,0.424125,0.258958,0.259867,0
0.209897,-9.79207,7.48223,0.0288299,1.65194,0.212034,0.350266,FGM,0.424125,0.259867,0.20258,0.424125,0.258958,0.259867,0
0.214072,-9.79207,7.48223,0.0288299,1.65194,0.212034,0.350266,FGM,0.424125,0.259867,0.20258,0.424125,0.258958,0.259867,0
0.219575,-9.77534,7.48303,0.0309318,1.69688,0.222128,0.376926,FGM,0.424125,0.259867,0.20258,0.424125,0.258958,0.259867,0
0.222108,-9.77534,7.48303,0.0309318,1.69688,0.222128,0.376926,FGM,0.424125,0.259867,0.20258,0.424125,0.258958,0.259867,0
0.226052,-9.77534,7.48303,0.0309318,1.69688,0.222128,0.376926,FGM,0.426111,0.288745,0.411242,0.426111,0.381943,0.288745,0
0.229745,-9.75818,7.4839,0.0332311,1.73969,0.223569,0.388942,FGM,0.426111,0.288745,0.411242,0.426111,0.381943,0.288745,0
0.233958,-9.75818,7.4839,0.0332311,1.73969,0.223569,0.388942,FGM,0.426111,0.288745,0.411242,0.426111,0.381943,0.288745,0
0.239339,-9.74059,7.48481,0.0354432,1.78238,0.232825,0.414982,FGM,0.426111,0.288745,0.411242,0.426111,0.381943,0.288745,0
0.241993,-9.74059,7.48481,0.0354432,1.78238,0.232825,0.414982,FGM,0.426111,0.288745,0.411242,0.426111,0.381943,0.288745,0
0.246123,-9.74059,7.48481,0.0354432,1.78238,0.232825,0.414982,FGM,0.426111,0.288745,0.411242,0.426111,0.381943,0.288745,0
0.251147,-9.72259,7.48579,0.0378484,1.82304,0.233958,0.426514,FGM,0.426111,0.288745,0.411242,0.426111,0.381943,0.288745,0
0.254086,-9.72259,7.48579,0.0378484,1.82304,0.233958,0.426514,FGM,0.426111,0.288745,0.411242,0.426111,0.381943,0.288745,0
0.259704,-9.7042,7.48682,0.0401623,1.86176,0.243013,0.452433,FGM,0.426111,0.288745,0.411242,0.426111,0.381943,0.288745,0
0.26188,-9.7042,7.48682,0.0401623,1.86176,0.243013,0.452433,FGM,0.426111,0.288745,0.411242,0.426111,0.381943,0.288745,0
0.266183,-9.7042,7.48682,0.0401623,1.86176,0.243013,0.452433,FGM,0.426111,0.288745,0.411242,0.426111,0.381943,0.288745,0
0.270192,-9.68543,7.48791,0.0426698,1.89865,0.243957,0.463188,FGM,0.426111,0.288745,0.411242,0.426111,0.381943,0.288745,0
0.274552,-9.68543,7.48791,0.0426698,1.89865,0.243957,0.463188,FGM,0.426111,0.288745,0.411242,0.426111,0.381943,0.288745,0
0.279593,-9.6663,7.48906,0.0450805,1.93378,0.252619,0.488509,FGM,0.425994,0.315769,0.433405,0.425994,0.381943,0.315769,0
0.282473,-9.6663,7.48906,0.0450805,1.93378,0.252619,0.488509,FGM,0.425994,0.315769,0.433405,0.425994,0.381943,0.315769,0
0.286023,-9.6663,7.48906,0.0450805,1.93378,0.252619,0.488509,FGM,0.425994,0.315769,0.433405,0.425994,0.381943,0.315769,0
0.290288,-9.64681,7.49029,0.0476771,1.97251,0.2525,0.498059,FGM,0.425994,0.315769,0.433405,0.425994,0.381943,0.315769,0
0.294098,-9.64681,7.49029,0.0476771,1.97251,0.2525,0.498059,FGM,0.425994,0.315769,0.433405,0.425994,0.381943,0.315769,0
0.299813,-9.62694,7.49157,0.0501698,2.00941,0.260378,0.523206,FGM,0.425994,0.315769,0.433405,0.425994,0.381943,0.315769,0
0.302061,-9.62694,7.49157,0.0501698,2.00941,0.260378,0.523206,FGM,0.425994,0.315769,0.433405,0.425994,0.381943,0.315769,0
0.306138,-9.62694,7.49157,0.0501698,2.00941,0.260378,0.523206,FGM,0.425994,0.315769,0.433405,0.425994,0.381943,0.315769,0
0.310226,-9.60672,7.49293,0.0528496,2.04455,0.261011,0.53365,FGM,0.425994,0.315769,0.433405,0.425994,0.381943,0.315769,0
0.31423,-9.60672,7.49293,0.0528496,2.04455,0.261011,0.53365,FGM,0.425994,0.315769,0.433405,0.425994,0.381943,0.315769,0
0.319573,-9.58615,7.49436,0.0554272,2.07802,0.269045,0.559082,FGM,0.425994,0.315769,0.433405,0.425994,0.381943,0.315769,0
0.32194,-9.58615,7.49436,0.0554272,2.07802,0.269045,0.559082,FGM,0.425994,0.315769,0.433405,0.425994,0.381943,0.315769,0
0.32608,-9.58615,7.49436,0.0554272,2.07802,0.269045,0.559082,FGM,0.455171,0.234156,0.434418,0.455171,0.381943,0.234156,0
0.329972,-9.56527,7.49586,0.0581949,2.1099,0.26967,0.568977,FGM,0.455171,0.234156,0.434418,0.455171,0.381943,0.234156,0
0.334072,-9.56527,7.49586,0.0581949,2.1099,0.26967,0.568977,FGM,0.455171,0.234156,0.434418,0.455171,0.381943,0.234156,0
0.339469,-9.54406,7.49741,0.0606004,2.14323,0.202356,0.433695,FGM,0.455171,0.234156,0.434418,0.455171,0.381943,0.234156,0
0.341863,-9.54406,7.49741,0.0606004,2.14323,0.202356,0.433695,FGM,0.455171,0.234156,0.434418,0.455171,0.381943,0.234156,0
0.346047,-9.54406,7.49741,0.0606004,2.14323,0.202356,0.433695,FGM,0.455171,0.234156,0.434418,0.455171,0.381943,0.234156,0
0.349964,-9.52252,7.49896,0.0623577,2.17498,0.167133,0.363511,FGM,0.455171,0.234156,0.434418,0.455171,0.381943,0.234156,0
0.354061,-9.52252,7.49896,0.0623577,2.17498,0.167133,0.363511,FGM,0.455171,0.234156,0.434418,0.455171,0.381943,0.234156,0
0.359657,-9.50068,7.50054,0.0639567,2.20521,0.139819,0.308331,FGM,0.455171,0.234156,0.434418,0.455171,0.381943,0.234156,0
0.361836,-9.50068,7.50054,0.0639567,2.20521,0.139819,0.308331,FGM,0.455171,0.234156,0.434418,0.455171,0.381943,0.234156,0
0.366035,-9.50068,7.50054,0.0639567,2.20521,0.139819,0.308331,FGM,0.455171,0.234156,0.434418,0.455171,0.381943,0.234156,0
0.369875,-9.47854,7.50213,0.0652186,2.23401,0.128683,0.287478,FGM,0.455171,0.234156,0.434418,0.455171,0.381943,0.234156,0
0.373992,-9.47854,7.50213,0.0652186,2.23401,0.128683,0.287478,FGM,0.455171,0.234156,0.434418,0.455171,0.381943,0.234156,0
0.379372,-9.45612,7.50377,0.0665142,2.26144,0.116161,0.26269,FGM,0.438708,0.354797,0.407083,0.438708,0.389154,0.354797,0
0.381571,-9.45612,7.50377,0.0665142,2.26144,0.116161,0.26269,FGM,0.438708,0.354797,0.407083,0.438708,0.389154,0.354797,0
0.386075,-9.45612,7.50377,0.0665142,2.26144,0.116161,0.26269,FGM,0.438708,0.354797,0.407083,0.438708,0.389154,0.354797,0
0.390167,-9.4334,7.50542,0.067588,2.29417,0.113708,0.260866,FGM,0.438708,0.354797,0.407083,0.438708,0.389154,0.354797,0
0.394176,-9.4334,7.50542,0.067588,2.29417,0.113708,0.260866,FGM,0.438708,0.354797,0.407083,0.438708,0.389154,0.354797,0
0.399371,-9.41037,7.50713,0.0687638,2.32535,0.107012,0.248839,FGM,0.438708,0.354797,0.407083,0.438708,0.389154,0.354797,0
0.402079,-9.41037,7.50713,0.0687638,2.32535,0.107012,0.248839,FGM,0.438708,0.354797,0.407083,0.438708,0.389154,0.354797,0
0.406172,-9.41037,7.50713,0.0687638,2.32535,0.107012,0.248839,FGM,0.438708,0.354797,0.407083,0.438708,0.389154,0.354797,0
0.410058,-9.38703,7.50886,0.0697661,2.35504,0.108481,0.255477,FGM,0.438708,0.354797,0.407083,0.438708,0.389154,0.354797,0
0.413954,-9.38703,7.50886,0.0697661,2.35504,0.108481,0.255477,FGM,0.438708,0.354797,0.407083,0.438708,0.389154,0.354797,0
0.419683,-9.36341,7.51064,0.0709043,2.38332,0.104326,0.248643,FGM,0.438708,0.354797,0.407083,0.438708,0.389154,0.354797,0
0.422342,-9.36341,7.51064,0.0709043,2.38332,0.104326,0.248643,FGM,0.438708,0.354797,0.407083,0.438708,0.389154,0.354797,0
0.426057,-9.36341,7.51064,0.0709043,2.38332,0.104326,0.248643,FGM,0.374512,0.385375,0.423399,0.374512,0.389154,0.385375,0
0.430127,-9.33951,7.51245,0.0718874,2.41026,0.107398,0.258856,FGM,0.374512,0.385375,0.423399,0.374512,0.389154,0.385375,0
0.434109,-9.33951,7.51245,0.0718874,2.41026,0.107398,0.258856,FGM,0.374512,0.385375,0.423399,0.374512,0.389154,0.385375,0
0.439709,-9.31533,7.51431,0.0730193,2.43871,0.104111,0.253896,FGM,0.374512,0.385375,0.423399,0.374512,0.389154,0.385375,0
0.441928,-9.31533,7.51431,0.0730193,2.43871,0.104111,0.253896,FGM,0.374512,0.385375,0.423399,0.374512,0.389154,0.385375,0
0.446142,-9.31533,7.51431,0.0730193,2.43871,0.104111,0.253896,FGM,0.374512,0.385375,0.423399,0.374512,0.389154,0.385375,0
0.450125,-9.29089,7.51621,0.0740029,2.4658,0.107662,0.265473,FGM,0.374512,0.385375,0.423399,0.374512,0.389154,0.385375,0
0.454104,-9.29089,7.51621,0.0740029,2.4658,0.107662,0.265473,FGM,0.374512,0.385375,0.423399,0.374512,0.389154,0.385375,0
0.45958,-9.26618,7.51816,0.0751421,2.4916,0.105058,0.261762,FGM,0.374512,0.385375,0.423399,0.374512,0.389154,0.385375,0
0.461828,-9.26618,7.51816,0.0751421,2.4916,0.105058,0.261762,FGM,0.374512,0.385375,0.423399,0.374512,0.389154,0.385375,0
0.466071,-9.26618,7.51816,0.0751421,2.4916,0.105058,0.261762,FGM,0.374512,0.385375,0.423399,0.374512,0.389154,0.385375,0
0.469866,-9.24121,7.52014,0.0761364,2.51618,0.109009,0.274287,FGM,0.374512,0.385375,0.423399,0.374512,0.389154,0.385375,0
0.474032,-9.24121,7.52014,0.0761364,2.51618,0.109009,0.274287,FGM,0.374512,0.385375,0.423399,0.374512,0.389154,0.385375,0
0.479271,-9.21602,7.52217,0.0772914,2.53959,0.106671,0.270901,FGM,0.477296,0.277198,0.443791,0.477296,0.389154,0.277198,0
0.482117,-9.21602,7.52217,0.0772914,2.53959,0.106671,0.270901,FGM,0.477296,0.277198,0.443791,0.477296,0.389154,0.277198,0
0.486042,-9.21602,7.52217,0.0772914,2.53959,0.106671,0.270901,FGM,0.477296,0.277198,0.443791,0.477296,0.389154,0.277198,0
0.49013,-9.19057,7.52424,0.0783002,2.56693,0.110107,0.282636,FGM,0.477296,0.277198,0.443791,0.477296,0.389154,0.277198,0
0.494028,-9.19057,7.52424,0.0783002,2.56693,0.110107,0.282636,FGM,0.477296,0.277198,0.443791,0.477296,0.389154,0.277198,0
0.499651,-9.16486,7.52636,0.0794646,2.59297,0.107706,0.279277,FGM,0.477296,0.277198,0.443791,0.477296,0.389154,0.277198,0
0.502165,-9.16486,7.52636,0.0794646,2.59297,0.107706,0.279277,FGM,0.477296,0.277198,0.443791,0.477296,0.389154,0.277198,0
0.505915,-9.16486,7.52636,0.0794646,2.59297,0.107706,0.279277,FGM,0.477296,0.277198,0.443791,0.477296,0.389154,0.277198,0
0.509973,-9.13889,7.52852,0.0804854,2.61776,0.111618,0.29219,FGM,0.477296,0.277198,0.443791,0.477296,0.389154,0.277198,0
0.514041,-9.13889,7.52852,0.0804854,2.61776,0.111618,0.29219,FGM,0.477296,0.277198,0.443791,0.477296,0.389154,0.277198,0
0.51941,-9.11269,7.53074,0.0816674,2.64138,0.109509,0.289255,FGM,0.477296,0.277198,0.443791,0.477296,0.389154,0.277198,0
0.52178,-9.11269,7.53074,0.0816674,2.64138,0.109509,0.289255,FGM,0.477296,0.277198,0.443791,0.477296,0.389154,0.277198,0
0.525868,-9.11269,7.53074,0.0816674,2.64138,0.109509,0.289255,FGM,0.386616,0.399622,0.449785,0.386616,0.389154,0.399622,0
0.529921,-9.08624,7.53299,0.0827046,2.66814,0.112962,0.301399,FGM,0.386616,0.399622,0.449785,0.386616,0.389154,0.399622,0
0.533902,-9.08624,7.53299,0.0827046,2.66814,0.112962,0.301399,FGM,0.386616,0.399622,0.449785,0.386616,0.389154,0.399622,0
0.539395,-9.05953,7.5353,0.0838987,2.69362,0.110759,0.298344,FGM,0.386616,0.399622,0.449785,0.386616,0.389154,0.399622,0
0.542022,-9.05953,7.5353,0.0838987,2.69362,0.110759,0.298344,FGM,0.386616,0.399622,0.449785,0.386616,0.389154,0.399622,0
0.546006,-9.05953,7.5353,0.0838987,2.69362,0.110759,0.298344,FGM,0.386616,0.399622,0.449785,0.386616,0.389154,0.399622,0
0.550109,-9.03258,7.53766,0.0849497,2.71789,0.114633,0.311561,FGM,0.386616,0.399622,0.449785,0.386616,0.389154,0.399622,0
0.553948,-9.03258,7.53766,0.0849497,2.71789,0.114633,0.311561,FGM,0.386616,0.399622,0.449785,0.386616,0.389154,0.399622,0
0.559146,-9.00539,7.54007,0.0861629,2.74101,0.11268,0.308857,FGM,0.386616,0.399622,0.449785,0.386616,0.389154,0.399622,0
0.562044,-9.00539,7.54007,0.0861629,2.74101,0.11268,0.308857,FGM,0.386616,0.399622,0.449785,0.386616,0.389154,0.399622,0
0.565892,-9.00539,7.54007,0.0861629,2.74101,0.11268,0.308857,FGM,0.386616,0.399622,0.449785,0.386616,0.389154,0.399622,0
0.569978,-8.97798,7.54252,0.0872329,2.76303,0.116669,0.322359,FGM,0.386616,0.399622,0.449785,0.386616,0.389154,0.399622,0
0.573767,-8.97798,7.54252,0.0872329,2.76303,0.116669,0.322359,FGM,0.386616,0.399622,0.449785,0.386616,0.389154,0.399622,0
0.5794,-8.95035,7.54503,0.0884675,2.784,0.114769,0.319517,FGM,0.354095,0.423862,0.292193,0.354095,0.393836,0.423862,0
0.581853,-8.95035,7.54503,0.0884675,2.784,0.114769,0.319517,FGM,0.354095,0.423862,0.292193,0.354095,0.393836,0.423862,0
0.585874,-8.95035,7.54503,0.0884675,2.784,0.114769,0.319517,FGM,0.354095,0.423862,0.292193,0.354095,0.393836,0.423862,0
0.589831,-8.92251,7.54757,0.0895559,2.80772,0.118164,0.331772,FGM,0.354095,0.423862,0.292193,0.354095,0.393836,0.423862,0
0.593949,-8.92251,7.54757,0.0895559,2.80772,0.118164,0.331772,FGM,0.354095,0.423862,0.292193,0.354095,0.393836,0.423862,0
0.599282,-8.89444,7.55018,0.0908036,2.83032,0.116041,0.328432,FGM,0.354095,0.423862,0.292193,0.354095,0.393836,0.423862,0
0.601874,-8.89444,7.55018,0.0908036,2.83032,0.116041,0.328432,FGM,0.354095,0.423862,0.292193,0.354095,0.393836,0.423862,0
0.606019,-8.89444,7.55018,0.0908036,2.83032,0.116041,0.328432,FGM,0.354095,0.423862,0.292193,0.354095,0.393836,0.423862,0
0.609926,-8.86616,7.55283,0.0919058,2.85184,0.11978,0.341593,FGM,0.354095,0.423862,0.292193,0.354095,0.393836,0.423862,0
0.613818,-8.86616,7.55283,0.0919058,2.85184,0.11978,0.341593,FGM,0.354095,0.423862,0.292193,0.354095,0.393836,0.423862,0
0.61934,-8.83766,7.55554,0.0931714,2.87234,0.117859,0.338532,FGM,0.354095,0.423862,0.292193,0.354095,0.393836,0.423862,0
0.621835,-8.83766,7.55554,0.0931714,2.87234,0.117859,0.338532,FGM,0.354095,0.423862,0.292193,0.354095,0.393836,0.423862,0
0.625901,-8.83766,7.55554,0.0931714,2.87234,0.117859,0.338532,FGM,0.43968,0.379143,0.320655,0.43968,0.393836,0.379143,0
0.63003,-8.80893,7.5583,0.0942868,2.90122,0.120134,0.348536,FGM,0.43968,0.379143,0.320655,0.43968,0.393836,0.379143,0
0.634065,-8.80893,7.5583,0.0942868,2.90122,0.120134,0.348536,FGM,0.43968,0.379143,0.320655,0.43968,0.393836,0.379143,0
0.639891,-8.77992,7.56112,0.0955503,2.92873,0.117671,0.344627,FGM,0.43968,0.379143,0.320655,0.43968,0.393836,0.379143,0
0.641795,-8.77992,7.56112,0.0955503,2.92873,0.117671,0.344627,FGM,0.43968,0.379143,0.320655,0.43968,0.393836,0.379143,0
0.646178,-8.77992,7.56112,0.0955503,2.92873,0.117671,0.344627,FGM,0.43968,0.379143,0.320655,0.43968,0.393836,0.379143,0
0.649962,-8.75064,7.564,0.0966683,2.95493,0.120972,0.357464,FGM,0.43968,0.379143,0.320655,0.43968,0.393836,0.379143,0
0.653888,-8.75064,7.564,0.0966683,2.95493,0.120972,0.357464,FGM,0.43968,0.379143,0.320655,0.43968,0.393836,0.379143,0
0.659478,-8.72111,7.56694,0.0979446,2.97989,0.119155,0.355068,FGM,0.43968,0.379143,0.320655,0.43968,0.393836,0.379143,0
0.661973,-8.72111,7.56694,0.0979446,2.97989,0.119155,0.355068,FGM,0.43968,0.379143,0.320655,0.43968,0.393836,0.379143,0
0.666072,-8.72111,7.56694,0.0979446,2.97989,0.119155,0.355068,FGM,0.43968,0.379143,0.320655,0.43968,0.393836,0.379143,0
0.669789,-8.69134,7.56993,0.0990786,3.00366,0.122841,0.368971,FGM,0.43968,0.379143,0.320655,0.43968,0.393836,0.379143,0
0.673934,-8.69134,7.56993,0.0990786,3.00366,0.122841,0.368971,FGM,0.43968,0.379143,0.320655,0.43968,0.393836,0.379143,0
0.679567,-8.66135,7.57298,0.100376,3.02629,0.121245,0.366922,FRENET,0.351216,0.393836,0.351216,0.300374,0.393836,0.465179,0
0.682032,-8.66135,7.57298,0.100376,3.02629,0.121245,0.366922,FRENET,0.351216,0.393836,0.351216,0.300374,0.393836,0.465179,0
0.685978,-8.66135,7.57298,0.100376,3.02629,0.121245,0.366922,FRENET,0.351216,0.393836,0.351216,0.300374,0.393836,0.465179,0
0.690037,-8.63172,7.57602,0.101601,2.93119,0.146607,0.429733,FRENET,0.351216,0.393836,0.351216,0.300374,0.393836,0.465179,0
0.694083,-8.63172,7.57602,0.101601,2.93119,0.146607,0.429733,FRENET,0.351216,0.393836,0.351216,0.300374,0.393836,0.465179,0
0.69945,-8.60303,7.57901,0.103233,2.83609,0.154569,0.438373,FRENET,0.351216,0.393836,0.351216,0.300374,0.393836,0.465179,0
0.701885,-8.60303,7.57901,0.103233,2.83609,0.154569,0.438373,FRENET,0.351216,0.393836,0.351216,0.300374,0.393836,0.465179,0
0.705874,-8.60303,7.57901,0.103233,2.83609,0.154569,0.438373,FRENET,0.351216,0.393836,0.351216,0.300374,0.393836,0.465179,0
0.709869,-8.5753,7.58189,0.104303,2.74099,0.0432624,0.118582,FRENET,0.351216,0.393836,0.351216,0.300374,0.393836,0.465179,0
0.713876,-8.5753,7.58189,0.104303,2.74099,0.0432624,0.118582,FRENET,0.351216,0.393836,0.351216,0.300374,0.393836,0.465179,0
0.719314,-8.5485,7.5846,0.104278,2.64589,-0.018736,-0.0495734,FRENET,0.351216,0.393836,0.351216,0.300374,0.393836,0.465179,0
0.722116,-8.5485,7.5846,0.104278,2.64589,-0.018736,-0.0495734,FRENET,0.351216,0.393836,0.351216,0.300374,0.393836,0.465179,0
0.72606,-8.5485,7.5846,0.104278,2.64589,-0.018736,-0.0495734,FRENET,0.100161,0.751856,0.100161,0.464091,0.751856,0.41137,0
0.730001,-8.52263,7.5872,0.103952,2.55438,-0.0671043,-0.17141,FRENET,0.100161,0.751856,0.100161,0.464091,0.751856,0.41137,0
0.73388,-8.52263,7.5872,0.103952,2.55438,-0.0671043,-0.17141,FRENET,0.100161,0.751856,0.100161,0.464091,0.751856,0.41137,0
0.739497,-8.49768,7.58966,0.103044,2.45928,-0.087919,-0.216217,FRENET,0.100161,0.751856,0.100161,0.464091,0.751856,0.41137,0
0.741984,-8.49768,7.58966,0.103044,2.45928,-0.087919,-0.216217,FRENET,0.100161,0.751856,0.100161,0.464091,0.751856,0.41137,0
0.746033,-8.49768,7.58966,0.103044,2.45928,-0.087919,-0.216217,FRENET,0.100161,0.751856,0.100161,0.464091,0.751856,0.41137,0
0.74994,-8.47368,7.59203,0.102166,2.36418,-0.110586,-0.261445,FRENET,0.100161,0.751856,0.100161,0.464091,0.751856,0.41137,0
0.754057,-8.47368,7.59203,0.102166,2.36418,-0.110586,-0.261445,FRENET,0.100161,0.751856,0.100161,0.464091,0.751856,0.41137,0
0.759444,-8.45062,7.59426,0.100919,2.26908,-0.113343,-0.257184,FRENET,0.100161,0.751856,0.100161,0.464091,0.751856,0.41137,0
0.761997,-8.45062,7.59426,0.100919,2.26908,-0.113343,-0.257184,FRENET,0.100161,0.751856,0.100161,0.464091,0.751856,0.41137,0
0.766048,-8.45062,7.59426,0.100919,2.26908,-0.113343,-0.257184,FRENET,0.100161,0.751856,0.100161,0.464091,0.751856,0.41137,0
0.76998,-8.42851,7.59644,0.10026,2.17398,-0.00416903,-0.00906338,FRENET,0.100161,0.751856,0.100161,0.464091,0.751856,0.41137,0
0.773967,-8.42851,7.59644,0.10026,2.17398,-0.00416903,-0.00906338,FRENET,0.100161,0.751856,0.100161,0.464091,0.751856,0.41137,0
0.77959,-8.40736,7.59864,0.101031,2.07888,0.16597,0.345032,FRENET,0.104803,0.751856,0.104803,0.42565,0.751856,0.423773,0
0.782104,-8.40736,7.59864,0.101031,2.07888,0.16597,0.345032,FRENET,0.104803,0.751856,0.104803,0.42565,0.751856,0.423773,0
0.786098,-8.40736,7.59864,0.101031,2.07888,0.16597,0.345032,FRENET,0.104803,0.751856,0.104803,0.42565,0.751856,0.423773,0
0.789964,-8.38717,7.60087,0.103263,1.98378,0.245567,0.48715,FRENET,0.104803,0.751856,0.104803,0.42565,0.751856,0.423773,0
0.79399,-8.38717,7.60087,0.103263,1.98378,0.245567,0.48715,FRENET,0.104803,0.751856,0.104803,0.42565,0.751856,0.423773,0
0.799468,-8.36794,7.60306,0.105878,1.88868,0.29601,0.559067,FRENET,0.104803,0.751856,0.104803,0.42565,0.751856,0.423773,0
0.802034,-8.36794,7.60306,0.105878,1.88868,0.29601,0.559067,FRENET,0.104803,0.751856,0.104803,0.42565,0.751856,0.423773,0
0.806011,-8.36794,7.60306,0.105878,1.88868,0.29601,0.559067,FRENET,0.104803,0.751856,0.104803,0.42565,0.751856,0.423773,0
0.809944,-8.34966,7.60527,0.109417,1.79358,0.420607,0.754392,FRENET,0.104803,0.751856,0.104803,0.42565,0.751856,0.423773,0
0.813899,-8.34966,7.60527,0.109417,1.79358,0.420607,0.754392,FRENET,0.104803,0.751856,0.104803,0.42565,0.751856,0.423773,0
0.819411,-8.33227,7.60752,0.113938,1.71388,0.45242,0.775394,FRENET,0.104803,0.751856,0.104803,0.42565,0.751856,0.423773,0
0.822025,-8.33227,7.60752,0.113938,1.71388,0.45242,0.775394,FRENET,0.104803,0.751856,0.104803,0.42565,0.751856,0.423773,0
0.825942,-8.33227,7.60752,0.113938,1.71388,0.45242,0.775394,FRENET,0.105679,0.751856,0.105679,0.532411,0.751856,0.386831,0
0.829862,-8.3156,7.60975,0.118054,1.64934,0.357334,0.589366,FRENET,0.105679,0.751856,0.105679,0.532411,0.751856,0.386831,0
0.833991,-8.3156,7.60975,0.118054,1.64934,0.357334,0.589366,FRENET,0.105679,0.751856,0.105679,0.532411,0.751856,0.386831,0
0.839297,-8.29951,7.61189,0.120927,1.59708,0.212213,0.338921,FRENET,0.105679,0.751856,0.105679,0.532411,0.751856,0.386831,0
0.842022,-8.29951,7.61189,0.120927,1.59708,0.212213,0.338921,FRENET,0.105679,0.751856,0.105679,0.532411,0.751856,0.386831,0
0.845907,-8.29951,7.61189,0.120927,1.59708,0.212213,0.338921,FRENET,0.105679,0.751856,0.105679,0.532411,0.751856,0.386831,0
0.849786,-8.28388,7.61393,0.122589,1.55476,0.149763,0.232845,FRENET,0.105679,0.751856,0.105679,0.532411,0.751856,0.386831,0
0.853931,-8.28388,7.61393,0.122589,1.55476,0.149763,0.232845,FRENET,0.105679,0.751856,0.105679,0.532411,0.751856,0.386831,0
0.859318,-8.26864,7.61594,0.123948,1.52048,0.106095,0.161315,FRENET,0.105679,0.751856,0.105679,0.532411,0.751856,0.386831,0
0.861956,-8.26864,7.61594,0.123948,1.52048,0.106095,0.161315,FRENET,0.105679,0.751856,0.105679,0.532411,0.751856,0.386831,0
0.866097,-8.26864,7.61594,0.123948,1.52048,0.106095,0.161315,FRENET,0.105679,0.751856,0.105679,0.532411,0.751856,0.386831,0
0.869949,-8.2537,7.61789,0.124842,1.49273,0.0948938,0.141651,FRENET,0.105679,0.751856,0.105679,0.532411,0.751856,0.386831,0
0.873866,-8.2537,7.61789,0.124842,1.49273,0.0948938,0.141651,FRENET,0.105679,0.751856,0.105679,0.532411,0.751856,0.386831,0
0.879378,-8.23901,7.61984,0.125795,1.47026,0.0775214,0.113976,FRENET,0.0715345,0.751856,0.0715345,0.566843,0.751856,0.383179,0
0.882009,-8.23901,7.61984,0.125795,1.47026,0.0775214,0.113976,FRENET,0.0715345,0.751856,0.0715345,0.566843,0.751856,0.383179,0
0.88609,-8.23901,7.61984,0.125795,1.47026,0.0775214,0.113976,FRENET,0.0715345,0.751856,0.0715345,0.566843,0.751856,0.383179,0
0.890091,-8.22453,7.62176,0.126482,1.45205,0.0794105,0.115308,FRENET,0.0715345,0.751856,0.0715345,0.566843,0.751856,0.383179,0
0.893911,-8.22453,7.62176,0.126482,1.45205,0.0794105,0.115308,FRENET,0.0715345,0.751856,0.0715345,0.566843,0.751856,0.383179,0
0.899503,-8.21021,7.62368,0.127316,1.43732,0.0689342,0.0990802,FRENET,0.0715345,0.751856,0.0715345,0.566843,0.751856,0.383179,0
0.902107,-8.21021,7.62368,0.127316,1.43732,0.0689342,0.0990802,FRENET,0.0715345,0.751856,0.0715345,0.566843,0.751856,0.383179,0
0.906071,-8.21021,7.62368,0.127316,1.43732,0.0689342,0.0990802,FRENET,0.0715345,0.751856,0.0715345,0.566843,0.751856,0.383179,0
0.91,-8.19602,7.62559,0.127937,1.42538,0.0742507,0.105836,FRENET,0.0715345,0.751856,0.0715345,0.566843,0.751856,0.383179,0
0.914046,-8.19602,7.62559,0.127937,1.42538,0.0742507,0.105836,FRENET,0.0715345,0.751856,0.0715345,0.566843,0.751856,0.383179,0
0.91951,-8.18195,7.6275,0.128729,1.41572,0.0657512,0.093085,FRENET,0.0715345,0.751856,0.0715345,0.566843,0.751856,0.383179,0
0.92205,-8.18195,7.6275,0.128729,1.41572,0.0657512,0.093085,FRENET,0.0715345,0.751856,0.0715345,0.566843,0.751856,0.383179,0
0.92609,-8.18195,7.6275,0.128729,1.41572,0.0657512,0.093085,FRENET,0.0591513,0.0801004,0.0591513,0.595675,0.0801004,0.378348,0
0.929853,-8.16796,7.6294,0.129326,1.40789,0.0720693,0.101465,FRENET,0.0591513,0.0801004,0.0591513,0.595675,0.0801004,0.378348,0
0.933841,-8.16796,7.6294,0.129326,1.40789,0.0720693,0.101465,FRENET,0.0591513,0.0801004,0.0591513,0.595675,0.0801004,0.378348,0
0.939534,-8.15361,7.63137,0.130061,1.48765,0.064585,0.0960799,FRENET,0.0591513,0.0801004,0.0591513,0.595675,0.0801004,0.378348,0
0.942002,-8.15361,7.63137,0.130061,1.48765,0.064585,0.0960799,FRENET,0.0591513,0.0801004,0.0591513,0.595675,0.0801004,0.378348,0
0.946273,-8.15361,7.63137,0.130061,1.48765,0.064585,0.0960799,FRENET,0.0591513,0.0801004,0.0591513,0.595675,0.0801004,0.378348,0
0.951633,-8.1385,7.63344,0.130666,1.56362,0.0685532,0.107191,FRENET,0.0591513,0.0801004,0.0591513,0.595675,0.0801004,0.378348,0
0.954575,-8.1385,7.63344,0.130666,1.56362,0.0685532,0.107191,FRENET,0.0591513,0.0801004,0.0591513,0.595675,0.0801004,0.378348,0
0.959592,-8.12265,7.63563,0.131401,1.63598,0.0666541,0.109045,FRENET,0.0591513,0.0801004,0.0591513,0.595675,0.0801004,0.378348,0
0.961774,-8.12265,7.63563,0.131401,1.63598,0.0666541,0.109045,FRENET,0.0591513,0.0801004,0.0591513,0.595675,0.0801004,0.378348,0
0.966004,-8.12265,7.63563,0.131401,1.63598,0.0666541,0.109045,FRENET,0.0591513,0.0801004,0.0591513,0.595675,0.0801004,0.378348,0
0.970009,-8.1061,7.63791,0.131835,1.70489,0.0130685,0.0222804,FRENET,0.0591513,0.0801004,0.0591513,0.595675,0.0801004,0.378348,0
0.974167,-8.1061,7.63791,0.131835,1.70489,0.0130685,0.0222804,FRENET,0.0591513,0.0801004,0.0591513,0.595675,0.0801004,0.378348,0
0.979655,-8.08888,7.6402,0.13155,1.77053,-0.0746085,-0.132097,FRENET,0.00919213,0.0801004,0.00919213,0.572877,0.0801004,0.396495,0
0.98175,-8.08888,7.6402,0.13155,1.77053,-0.0746085,-0.132097,FRENET,0.00919213,0.0801004,0.00919213,0.572877,0.0801004,0.396495,0
0.986009,-8.08888,7.6402,0.13155,1.77053,-0.0746085,-0.132097,FRENET,0.00919213,0.0801004,0.00919213,0.572877,0.0801004,0.396495,0
0.990067,-8.071,7.64248,0.130469,1.83305,-0.124838,-0.228835,FRENET,0.00919213,0.0801004,0.00919213,0.572877,0.0801004,0.396495,0
0.994107,-8.071,7.64248,0.130469,1.83305,-0.124838,-0.228835,FRENET,0.00919213,0.0801004,0.00919213,0.572877,0.0801004,0.396495,0
0.999516,-8.05252,7.64476,0.129072,1.89259,-0.164978,-0.312236,FRENET,0.00919213,0.0801004,0.00919213,0.572877,0.0801004,0.396495,0
1.00187,-8.05252,7.64476,0.129072,1.89259,-0.164978,-0.312236,FRENET,0.00919213,0.0801004,0.00919213,0.572877,0.0801004,0.396495,0
1.00612,-8.05252,7.64476,0.129072,1.89259,-0.164978,-0.312236,FRENET,0.00919213,0.0801004,0.00919213,0.572877,0.0801004,0.396495,0
1.00973,-8.03344,7.64704,0.127233,1.94931,-0.188315,-0.367084,FRENET,0.00919213,0.0801004,0.00919213,0.572877,0.0801004,0.396495,0
1.01384,-8.03344,7.64704,0.127233,1.94931,-0.188315,-0.367084,FRENET,0.00919213,0.0801004,0.00919213,0.572877,0.0801004,0.396495,0
1.01939,-8.01381,7.64932,0.125292,2.00333,-0.211977,-0.424658,FRENET,0.00919213,0.0801004,0.00919213,0.572877,0.0801004,0.396495,0
1.02208,-8.01381,7.64932,0.125292,2.00333,-0.211977,-0.424658,FRENET,0.00919213,0.0801004,0.00919213,0.572877,0.0801004,0.396495,0
1.02599,-8.01381,7.64932,0.125292,2.00333,-0.211977,-0.424658,FGM,0.514008,0.425384,0,0.514008,0.0801004,0.425384,0
1.03,-7.99365,7.65159,0.123038,2.05477,-0.224793,-0.461899,FGM,0.514008,0.425384,0,0.514008,0.0801004,0.425384,0
1.03416,-7.99365,7.65159,0.123038,2.05477,-0.224793,-0.461899,FGM,0.514008,0.425384,0,0.514008,0.0801004,0.425384,0
1.03993,-7.97283,7.65389,0.120808,2.13402,-0.232706,-0.496601,FGM,0.514008,0.425384,0,0.514008,0.0801004,0.425384,0
1.04191,-7.97283,7.65389,0.120808,2.13402,-0.232706,-0.496601,FGM,0.514008,0.425384,0,0.514008,0.0801004,0.425384,0
1.04621,-7.97283,7.65389,0.120808,2.13402,-0.232706,-0.496601,FGM,0.514008,0.425384,0,0.514008,0.0801004,0.425384,0
1.04997,-7.95124,7.65621,0.118396,2.2095,-0.23833,-0.526591,FGM,0.514008,0.425384,0,0.514008,0.0801004,0.425384,0
1.05425,-7.95124,7.65621,0.118396,2.2095,-0.23833,-0.526591,FGM,0.514008,0.425384,0,0.514008,0.0801004,0.425384,0
1.05979,-7.92891,7.65858,0.116219,2.2814,-0.18932,-0.431914,FGM,0.514008,0.425384,0,0.514008,0.0801004,0.425384,0
1.06199,-7.92891,7.65858,0.116219,2.2814,-0.18932,-0.431914,FGM,0.514008,0.425384,0,0.514008,0.0801004,0.425384,0
1.06602,-7.92891,7.65858,0.116219,2.2814,-0.18932,-0.431914,FGM,0.514008,0.425384,0,0.514008,0.0801004,0.425384,0
1.07022,-7.90588,7.66105,0.114742,2.34987,-0.100462,-0.236072,FGM,0.514008,0.425384,0,0.514008,0.0801004,0.425384,0
1.0742,-7.90588,7.66105,0.114742,2.34987,-0.100462,-0.236072,FGM,0.514008,0.425384,0,0.514008,0.0801004,0.425384,0
1.07943,-7.8822,7.66365,0.114097,2.41509,-0.0446743,-0.107892,FGM,0.4706,0.453862,0.290735,0.4706,0.450479,0.453862,0
1.08183,-7.8822,7.66365,0.114097,2.41509,-0.0446743,-0.107892,FGM,0.4706,0.453862,0.290735,0.4706,0.450479,0.453862,0
1.08605,-7.8822,7.66365,0.114097,2.41509,-0.0446743,-0.107892,FGM,0.4706,0.453862,0.290735,0.4706,0.450479,0.453862,0
1.09017,-7.85789,7.66636,0.113815,2.47816,-0.00191439,-0.00474416,FGM,0.4706,0.453862,0.290735,0.4706,0.450479,0.453862,0
1.09434,-7.85789,7.66636,0.113815,2.47816,-0.00191439,-0.00474416,FGM,0.4706,0.453862,0.290735,0.4706,0.450479,0.453862,0
1.09884,-7.83296,7.66919,0.113998,2.53824,0.0243836,0.0618913,FGM,0.4706,0.453862,0.290735,0.4706,0.450479,0.453862,0
1.10199,-7.83296,7.66919,0.113998,2.53824,0.0243836,0.0618913,FGM,0.4706,0.453862,0.290735,0.4706,0.450479,0.453862,0
1.10614,-7.83296,7.66919,0.113998,2.53824,0.0243836,0.0618913,FGM,0.4706,0.453862,0.290735,0.4706,0.450479,0.453862,0
1.11017,-7.80746,7.6721,0.114302,2.59546,0.0478892,0.124295,FGM,0.4706,0.453862,0.290735,0.4706,0.450479,0.453862,0
1.11396,-7.80746,7.6721,0.114302,2.59546,0.0478892,0.124295,FGM,0.4706,0.453862,0.290735,0.4706,0.450479,0.453862,0
1.11897,-7.78141,7.67513,0.114916,2.64996,0.0611197,0.161965,FGM,0.4706,0.453862,0.290735,0.4706,0.450479,0.453862,0
1.12208,-7.78141,7.67513,0.114916,2.64996,0.0611197,0.161965,FGM,0.4706,0.453862,0.290735,0.4706,0.450479,0.453862,0
1.12599,-7.78141,7.67513,0.114916,2.64996,0.0611197,0.161965,FGM,0.36144,0.510601,0.282018,0.36144,0.450479,0.510601,0
1.13018,-7.75483,7.67823,0.115537,2.70187,0.0755317,0.204077,FGM,0.36144,0.510601,0.282018,0.36144,0.450479,0.510601,0
1.13406,-7.75483,7.67823,0.115537,2.70187,0.0755317,0.204077,FGM,0.36144,0.510601,0.282018,0.36144,0.450479,0.510601,0
1.13895,-7.72776,7.68144,0.116397,2.74957,0.082567,0.227023,FGM,0.36144,0.510601,0.282018,0.36144,0.450479,0.510601,0
1.14209,-7.72776,7.68144,0.116397,2.74957,0.082567,0.227023,FGM,0.36144,0.510601,0.282018,0.36144,0.450479,0.510601,0
1.1459,-7.72776,7.68144,0.116397,2.74957,0.082567,0.227023,FGM,0.36144,0.510601,0.282018,0.36144,0.450479,0.510601,0
1.15002,-7.70023,7.68472,0.117206,2.795,0.0925139,0.258576,FGM,0.36144,0.510601,0.282018,0.36144,0.450479,0.510601,0
1.15383,-7.70023,7.68472,0.117206,2.795,0.0925139,0.258576,FGM,0.36144,0.510601,0.282018,0.36144,0.450479,0.510601,0
1.15847,-7.67227,7.68809,0.118219,2.83826,0.0959604,0.272361,FGM,0.36144,0.510601,0.282018,0.36144,0.450479,0.510601,0
1.162,-7.67227,7.68809,0.118219,2.83826,0.0959604,0.272361,FGM,0.36144,0.510601,0.282018,0.36144,0.450479,0.510601,0
1.16613,-7.67227,7.68809,0.118219,2.83826,0.0959604,0.272361,FGM,0.36144,0.510601,0.282018,0.36144,0.450479,0.510601,0
1.16985,-7.64389,7.69153,0.119146,2.87947,0.103275,0.297377,FGM,0.36144,0.510601,0.282018,0.36144,0.450479,0.510601,0
1.1739,-7.64389,7.69153,0.119146,2.87947,0.103275,0.297377,FGM,0.36144,0.510601,0.282018,0.36144,0.450479,0.510601,0
1.17878,-7.61511,7.69506,0.120258,2.91873,0.104777,0.305816,FGM,0.363165,0.51869,0.277085,0.363165,0.450479,0.51869,0
1.18202,-7.61511,7.69506,0.120258,2.91873,0.104777,0.305816,FGM,0.363165,0.51869,0.277085,0.363165,0.450479,0.51869,0
1.18603,-7.61511,7.69506,0.120258,2.91873,0.104777,0.305816,FGM,0.363165,0.51869,0.277085,0.363165,0.450479,0.51869,0
1.1898,-7.58597,7.69865,0.121266,2.95402,0.110974,0.327819,FGM,0.363165,0.51869,0.277085,0.363165,0.450479,0.51869,0
1.19393,-7.58597,7.69865,0.121266,2.95402,0.110974,0.327819,FGM,0.363165,0.51869,0.277085,0.363165,0.450479,0.51869,0
1.1989,-7.55649,7.70233,0.122451,2.98764,0.111512,0.333158,FGM,0.363165,0.51869,0.277085,0.363165,0.450479,0.51869,0
1.20203,-7.55649,7.70233,0.122451,2.98764,0.111512,0.333158,FGM,0.363165,0.51869,0.277085,0.363165,0.450479,0.51869,0
1.20611,-7.55649,7.70233,0.122451,2.98764,0.111512,0.333158,FGM,0.363165,0.51869,0.277085,0.363165,0.450479,0.51869,0
1.20987,-7.52669,7.70607,0.123519,3.01966,0.116652,0.352248,FGM,0.363165,0.51869,0.277085,0.363165,0.450479,0.51869,0
1.2139,-7.52669,7.70607,0.123519,3.01966,0.116652,0.352248,FGM,0.363165,0.51869,0.277085,0.363165,0.450479,0.51869,0
1.21863,-7.49658,7.70989,0.124759,3.05016,0.116403,0.355047,FGM,0.363165,0.51869,0.277085,0.363165,0.450479,0.51869,0
1.22191,-7.49658,7.70989,0.124759,3.05016,0.116403,0.355047,FGM,0.363165,0.51869,0.277085,0.363165,0.450479,0.51869,0
1.22594,-7.49658,7.70989,0.124759,3.05016,0.116403,0.355047,FGM,0.339994,0.548083,0.269151,0.339994,0.450479,0.548083,0
1.22989,-7.46621,7.71377,0.125876,3.07245,0.122124,0.375218,FGM,0.339994,0.548083,0.269151,0.339994,0.450479,0.548083,0
1.23401,-7.46621,7.71377,0.125876,3.07245,0.122124,0.375218,FGM,0.339994,0.548083,0.269151,0.339994,0.450479,0.548083,0
1.23877,-7.43564,7.71771,0.127173,3.09368,0.121919,0.377178,FGM,0.339994,0.548083,0.269151,0.339994,0.450479,0.548083,0
1.2418,-7.43564,7.71771,0.127173,3.09368,0.121919,0.377178,FGM,0.339994,0.548083,0.269151,0.339994,0.450479,0.548083,0
1.24592,-7.43564,7.71771,0.127173,3.09368,0.121919,0.377178,FGM,0.339994,0.548083,0.269151,0.339994,0.450479,0.548083,0
1.25004,-7.40485,7.72168,0.128057,3.1139,0.0436103,0.135798,FGM,0.339994,0.548083,0.269151,0.339994,0.450479,0.548083,0
1.25391,-7.40485,7.72168,0.128057,3.1139,0.0436103,0.135798,FGM,0.339994,0.548083,0.269151,0.339994,0.450479,0.548083,0
1.25859,-7.37387,7.72564,0.128144,3.13316,-0.0075254,-0.0235783,FGM,0.339994,0.548083,0.269151,0.339994,0.450479,0.548083,0
1.26184,-7.37387,7.72564,0.128144,3.13316,-0.0075254,-0.0235783,FGM,0.339994,0.548083,0.269151,0.339994,0.450479,0.548083,0
1.26576,-7.37387,7.72564,0.128144,3.13316,-0.0075254,-0.0235783,FGM,0.339994,0.548083,0.269151,0.339994,0.450479,0.548083,0
1.26984,-7.3427,7.72959,0.127931,3.1515,-0.0483536,-0.152386,FGM,0.339994,0.548083,0.269151,0.339994,0.450479,0.548083,0
1.27384,-7.3427,7.72959,0.127931,3.1515,-0.0483536,-0.152386,FGM,0.339994,0.548083,0.269151,0.339994,0.450479,0.548083,0
1.27919,-7.31134,7.73354,0.127239,3.16897,-0.0728061,-0.23072,FGM,0.320606,0.561165,0.276977,0.320606,0.465246,0.561165,0
1.28199,-7.31134,7.73354,0.127239,3.16897,-0.0728061,-0.23072,FGM,0.320606,0.561165,0.276977,0.320606,0.465246,0.561165,0
1.28587,-7.31134,7.73354,0.127239,3.16897,-0.0728061,-0.23072,FGM,0.320606,0.561165,0.276977,0.320606,0.465246,0.561165,0
1.28999,-7.27983,7.73748,0.126473,3.18205,-0.0951936,-0.302911,FGM,0.320606,0.561165,0.276977,0.320606,0.465246,0.561165,0
1.2939,-7.27983,7.73748,0.126473,3.18205,-0.0951936,-0.302911,FGM,0.320606,0.561165,0.276977,0.320606,0.465246,0.561165,0
1.29871,-7.24819,7.7414,0.125381,3.1945,-0.106399,-0.339891,FGM,0.320606,0.561165,0.276977,0.320606,0.465246,0.561165,0
1.30185,-7.24819,7.7414,0.125381,3.1945,-0.106399,-0.339891,FGM,0.320606,0.561165,0.276977,0.320606,0.465246,0.561165,0
1.30608,-7.24819,7.7414,0.125381,3.1945,-0.106399,-0.339891,FGM,0.320606,0.561165,0.276977,0.320606,0.465246,0.561165,0
1.30995,-7.21643,7.74532,0.124332,3.20637,-0.118919,-0.381297,FGM,0.320606,0.561165,0.276977,0.320606,0.465246,0.561165,0
1.3138,-7.21643,7.74532,0.124332,3.20637,-0.118919,-0.381297,FGM,0.320606,0.561165,0.276977,0.320606,0.465246,0.561165,0
1.31839,-7.18454,7.74921,0.123039,3.21767,-0.123149,-0.396254,FGM,0.320606,0.561165,0.276977,0.320606,0.465246,0.561165,0
1.3219,-7.18454,7.74921,0.123039,3.21767,-0.123149,-0.396254,FGM,0.320606,0.561165,0.276977,0.320606,0.465246,0.561165,0
1.32585,-7.18454,7.74921,0.123039,3.21767,-0.123149,-0.396254,FGM,0.369479,0.562358,0.303016,0.369479,0.465246,0.562358,0
1.32971,-7.15255,7.7531,0.121848,3.22843,-0.130752,-0.422125,FGM,0.369479,0.562358,0.303016,0.369479,0.465246,0.562358,0
1.33372,-7.15255,7.7531,0.121848,3.22843,-0.130752,-0.422125,FGM,0.369479,0.562358,0.303016,0.369479,0.465246,0.562358,0
1.33867,-7.12045,7.75695,0.120455,3.23846,-0.131564,-0.426065,FGM,0.369479,0.562358,0.303016,0.369479,0.465246,0.562358,0
1.34202,-7.12045,7.75695,0.120455,3.23846,-0.131564,-0.426065,FGM,0.369479,0.562358,0.303016,0.369479,0.465246,0.562358,0
1.34589,-7.12045,7.75695,0.120455,3.23846,-0.131564,-0.426065,FGM,0.369479,0.562358,0.303016,0.369479,0.465246,0.562358,0
1.34993,-7.08824,7.76081,0.119491,3.24801,-0.0493281,-0.160218,FGM,0.369479,0.562358,0.303016,0.369479,0.465246,0.562358,0
1.35407,-7.08824,7.76081,0.119491,3.24801,-0.0493281,-0.160218,FGM,0.369479,0.562358,0.303016,0.369479,0.465246,0.562358,0
1.35865,-7.05596,7.76473,0.119367,3.2571,0.0049961,0.0162728,FGM,0.369479,0.562358,0.303016,0.369479,0.465246,0.562358,0
1.3619,-7.05596,7.76473,0.119367,3.2571,0.0049961,0.0162728,FGM,0.369479,0.562358,0.303016,0.369479,0.465246,0.562358,0
1.3658,-7.05596,7.76473,0.119367,3.2571,0.0049961,0.0162728,FGM,0.369479,0.562358,0.303016,0.369479,0.465246,0.562358,0
1.36993,-7.02358,7.76866,0.119265,3.26576,-0.0393501,-0.128508,FGM,0.369479,0.562358,0.303016,0.369479,0.465246,0.562358,0
1.37406,-7.02358,7.76866,0.119265,3.26576,-0.0393501,-0.128508,FGM,0.369479,0.562358,0.303016,0.369479,0.465246,0.562358,0
1.37876,-6.99111,7.77254,0.118645,3.27402,-0.0667279,-0.218468,FGM,0.379245,0.562303,0.276249,0.379245,0.465246,0.562303,0
1.38207,-6.99111,7.77254,0.118645,3.27402,-0.0667279,-0.218468,FGM,0.379245,0.562303,0.276249,0.379245,0.465246,0.562303,0
1.38584,-6.99111,7.77254,0.118645,3.27402,-0.0667279,-0.218468,FGM,0.379245,0.562303,0.276249,0.379245,0.465246,0.562303,0
1.38986,-6.95857,7.7764,0.117929,3.27895,-0.0917357,-0.300797,FGM,0.379245,0.562303,0.276249,0.379245,0.465246,0.562303,0
1.39379,-6.95857,7.7764,0.117929,3.27895,-0.0917357,-0.300797,FGM,0.379245,0.562303,0.276249,0.379245,0.465246,0.562303,0
1.39856,-6.92598,7.78021,0.116858,3.28365,-0.104947,-0.344607,FGM,0.379245,0.562303,0.276249,0.379245,0.465246,0.562303,0
1.40181,-6.92598,7.78021,0.116858,3.28365,-0.104947,-0.344607,FGM,0.379245,0.562303,0.276249,0.379245,0.465246,0.562303,0
1.40603,-6.92598,7.78021,0.116858,3.28365,-0.104947,-0.344607,FGM,0.379245,0.562303,0.276249,0.379245,0.465246,0.562303,0
1.40989,-6.89334,7.78401,0.115818,3.28812,-0.119131,-0.391716,FGM,0.379245,0.562303,0.276249,0.379245,0.465246,0.562303,0
1.41387,-6.89334,7.78401,0.115818,3.28812,-0.119131,-0.391716,FGM,0.379245,0.562303,0.276249,0.379245,0.465246,0.562303,0
1.41881,-6.86066,7.78776,0.114514,3.29238,-0.124543,-0.410044,FGM,0.379245,0.562303,0.276249,0.379245,0.465246,0.562303,0
1.42197,-6.86066,7.78776,0.114514,3.29238,-0.124543,-0.410044,FGM,0.379245,0.562303,0.276249,0.379245,0.465246,0.562303,0
1.42598,-6.86066,7.78776,0.114514,3.29238,-0.124543,-0.410044,FGM,0.391539,0.571366,0.0732781,0.391539,0.364498,0.571366,0
1.42999,-6.82792,7.79149,0.113307,3.29644,-0.13312,-0.438823,FGM,0.391539,0.571366,0.0732781,0.391539,0.364498,0.571366,0
1.43389,-6.82792,7.79149,0.113307,3.29644,-0.13312,-0.438823,FGM,0.391539,0.571366,0.0732781,0.391539,0.364498,0.571366,0
1.43867,-6.79516,7.79517,0.111881,3.29804,-0.134918,-0.444965,FGM,0.391539,0.571366,0.0732781,0.391539,0.364498,0.571366,0
1.44193,-6.79516,7.79517,0.111881,3.29804,-0.134918,-0.444965,FGM,0.391539,0.571366,0.0732781,0.391539,0.364498,0.571366,0
1.44591,-6.79516,7.79517,0.111881,3.29804,-0.134918,-0.444965,FGM,0.391539,0.571366,0.0732781,0.391539,0.364498,0.571366,0
1.44994,-6.76237,7.79882,0.110585,3.29956,-0.140933,-0.465017,FGM,0.391539,0.571366,0.0732781,0.391539,0.364498,0.571366,0
1.45375,-6.76237,7.79882,0.110585,3.29956,-0.140933,-0.465017,FGM,0.391539,0.571366,0.0732781,0.391539,0.364498,0.571366,0
1.45859,-6.72957,7.80242,0.109094,3.301,-0.140389,-0.463424,FGM,0.391539,0.571366,0.0732781,0.391539,0.364498,0.571366,0
1.46178,-6.72957,7.80242,0.109094,3.301,-0.140389,-0.463424,FGM,0.391539,0.571366,0.0732781,0.391539,0.364498,0.571366,0
1.46598,-6.72957,7.80242,0.109094,3.301,-0.140389,-0.463424,FGM,0.391539,0.571366,0.0732781,0.391539,0.364498,0.571366,0
1.47006,-6.69674,7.806,0.107752,3.30238,-0.14474,-0.477988,FGM,0.391539,0.571366,0.0732781,0.391539,0.364498,0.571366,0
1.47394,-6.69674,7.806,0.107752,3.30238,-0.14474,-0.477988,FGM,0.391539,0.571366,0.0732781,0.391539,0.364498,0.571366,0
1.47884,-6.6639,7.80952,0.106228,3.30369,-0.14302,-0.472495,FGM,0.389873,0.570873,0.0802701,0.389873,0.364498,0.570873,0
1.48202,-6.6639,7.80952,0.106228,3.30369,-0.14302,-0.472495,FGM,0.389873,0.570873,0.0802701,0.389873,0.364498,0.570873,0
1.48597,-6.6639,7.80952,0.106228,3.30369,-0.14302,-0.472495,FGM,0.389873,0.570873,0.0802701,0.389873,0.364498,0.570873,0
1.4899,-6.63107,7.81301,0.10486,3.29904,-0.147901,-0.48793,FGM,0.389873,0.570873,0.0802701,0.389873,0.364498,0.570873,0
1.4939,-6.63107,7.81301,0.10486,3.29904,-0.147901,-0.48793,FGM,0.389873,0.570873,0.0802701,0.389873,0.364498,0.570873,0
1.49885,-6.59828,7.81643,0.103303,3.29528,-0.146134,-0.481551,FGM,0.389873,0.570873,0.0802701,0.389873,0.364498,0.570873,0
1.50204,-6.59828,7.81643,0.103303,3.29528,-0.146134,-0.481551,FGM,0.389873,0.570873,0.0802701,0.389873,0.364498,0.570873,0
1.50583,-6.59828,7.81643,0.103303,3.29528,-0.146134,-0.481551,FGM,0.389873,0.570873,0.0802701,0.389873,0.364498,0.570873,0
1.51003,-6.56552,7.81983,0.10191,3.29223,-0.149557,-0.492377,FGM,0.389873,0.570873,0.0802701,0.389873,0.364498,0.570873,0
1.51387,-6.56552,7.81983,0.10191,3.29223,-0.149557,-0.492377,FGM,0.389873,0.570873,0.0802701,0.389873,0.364498,0.570873,0
1.51875,-6.53278,7.82316,0.100342,3.28976,-0.146873,-0.483178,FGM,0.389873,0.570873,0.0802701,0.389873,0.364498,0.570873,0
1.5219,-6.53278,7.82316,0.100342,3.28976,-0.146873,-0.483178,FGM,0.389873,0.570873,0.0802701,0.389873,0.364498,0.570873,0
1.52589,-6.53278,7.82316,0.100342,3.28976,-0.146873,-0.483178,FGM,0.368107,0.573375,0.0903567,0.368107,0.364498,0.573375,0
1.53013,-6.50005,7.82645,0.0989463,3.28931,-0.149319,-0.491157,FGM,0.368107,0.573375,0.0903567,0.368107,0.364498,0.573375,0
1.53408,-6.50005,7.82645,0.0989463,3.28931,-0.149319,-0.491157,FGM,0.368107,0.573375,0.0903567,0.368107,0.364498,0.573375,0
1.53862,-6.46732,7.82969,0.0973839,3.28895,-0.146157,-0.480702,FGM,0.368107,0.573375,0.0903567,0.368107,0.364498,0.573375,0
1.54189,-6.46732,7.82969,0.0973839,3.28895,-0.146157,-0.480702,FGM,0.368107,0.573375,0.0903567,0.368107,0.364498,0.573375,0
1.54596,-6.46732,7.82969,0.0973839,3.28895,-0.146157,-0.480702,FGM,0.368107,0.573375,0.0903567,0.368107,0.364498,0.573375,0
1.54986,-6.43458,7.8329,0.0959947,3.28866,-0.148711,-0.48906,FGM,0.368107,0.573375,0.0903567,0.368107,0.364498,0.573375,0
1.55399,-6.43458,7.8329,0.0959947,3.28866,-0.148711,-0.48906,FGM,0.368107,0.573375,0.0903567,0.368107,0.364498,0.573375,0
1.55874,-6.40185,7.83604,0.0944379,3.28843,-0.145647,-0.478949,FGM,0.368107,0.573375,0.0903567,0.368107,0.364498,0.573375,0
1.56208,-6.40185,7.83604,0.0944379,3.28843,-0.145647,-0.478949,FGM,0.368107,0.573375,0.0903567,0.368107,0.364498,0.573375,0
1.56593,-6.40185,7.83604,0.0944379,3.28843,-0.145647,-0.478949,FGM,0.368107,0.573375,0.0903567,0.368107,0.364498,0.573375,0
1.56999,-6.36911,7.83915,0.0930533,3.28824,-0.148283,-0.487591,FGM,0.368107,0.573375,0.0903567,0.368107,0.364498,0.573375,0
1.57404,-6.36911,7.83915,0.0930533,3.28824,-0.148283,-0.487591,FGM,0.368107,0.573375,0.0903567,0.368107,0.364498,0.573375,0
1.57882,-6.33637,7.8422,0.0915005,3.28808,-0.145292,-0.477732,FGM,0,0.332786,0,0,0.995898,0.332786,0
1.582,-6.33637,7.8422,0.0915005,3.28808,-0.145292,-0.477732,FGM,0,0.332786,0,0,0.995898,0.332786,0
1.58601,-6.33637,7.8422,0.0915005,3.28808,-0.145292,-0.477732,FGM,0,0.332786,0,0,0.995898,0.332786,0
1.59002,-6.30364,7.84521,0.0901167,3.28535,-0.148637,-0.488323,FGM,0,0.332786,0,0,0.995898,0.332786,0
1.59439,-6.30364,7.84521,0.0901167,3.28535,-0.148637,-0.488323,FGM,0,0.332786,0,0,0.995898,0.332786,0
1.5988,-6.27094,7.84817,0.0885579,3.28314,-0.145933,-0.47912,FGM,0,0.332786,0,0,0.995898,0.332786,0
1.60207,-6.27094,7.84817,0.0885579,3.28314,-0.145933,-0.47912,FGM,0,0.332786,0,0,0.995898,0.332786,0
1.60609,-6.27094,7.84817,0.0885579,3.28314,-0.145933,-0.47912,FGM,0,0.332786,0,0,0.995898,0.332786,0
1.61013,-6.23824,7.85108,0.08717,3.28135,-0.14878,-0.488197,FGM,0,0.332786,0,0,0.995898,0.332786,0
1.61416,-6.23824,7.85108,0.08717,3.28135,-0.14878,-0.488197,FGM,0,0.332786,0,0,0.995898,0.332786,0
1.61879,-6.20556,7.85394,0.0856116,3.2799,-0.145798,-0.478201,FGM,0,0.332786,0,0,0.995898,0.332786,0
1.62202,-6.20556,7.85394,0.0856116,3.2799,-0.145798,-0.478201,FGM,0,0.332786,0,0,0.995898,0.332786,0
1.62601,-6.20556,7.85394,0.0856116,3.2799,-0.145798,-0.478201,FGM,0,0.263877,0,0,0.995898,0.263877,0
1.63004,-6.17289,7.85675,0.0842256,3.27872,-0.148478,-0.486817,FGM,0,0.263877,0,0,0.995898,0.263877,0
1.63395,-6.17289,7.85675,0.0842256,3.27872,-0.148478,-0.486817,FGM,0,0.263877,0,0,0.995898,0.263877,0
1.639,-6.14022,7.85951,0.0826717,3.27833,-0.145304,-0.476356,FGM,0,0.263877,0,0,0.995898,0.263877,0
1.64201,-6.14022,7.85951,0.0826717,3.27833,-0.145304,-0.476356,FGM,0,0.263877,0,0,0.995898,0.263877,0
1.64596,-6.14022,7.85951,0.0826717,3.27833,-0.145304,-0.476356,FGM,0,0.263877,0,0,0.995898,0.263877,0
1.64998,-6.10755,7.86223,0.0812909,3.27802,-0.147888,-0.48478,FGM,0,0.263877,0,0,0.995898,0.263877,0
1.65398,-6.10755,7.86223,0.0812909,3.27802,-0.147888,-0.48478,FGM,0,0.263877,0,0,0.995898,0.263877,0
1.65898,-6.07488,7.86486,0.0794314,3.27777,-0.23619,-0.774177,FGM,0,0.263877,0,0,0.995898,0.263877,0
1.66197,-6.07488,7.86486,0.0794314,3.27777,-0.23619,-0.774177,FGM,0,0.263877,0,0,0.995898,0.263877,0
1.66606,-6.07488,7.86486,0.0794314,3.27777,-0.23619,-0.774177,FGM,0,0.263877,0,0,0.995898,0.263877,0
1.67032,-6.0422,7.86736,0.0766763,3.27756,-0.294339,-0.964714,FGM,0,0.263877,0,0,0.995898,0.263877,0
1.67409,-6.0422,7.86736,0.0766763,3.27756,-0.294339,-0.964714,FGM,0,0.263877,0,0,0.995898,0.263877,0
1.67896,-6.00951,7.86976,0.0735743,3.2774,-0.340556,-1.11614,FGM,0.506204,0.336059,0,0.506204,0.995898,0.336059,0
1.68192,-6.00951,7.86976,0.0735743,3.2774,-0.340556,-1.11614,FGM,0.506204,0.336059,0,0.506204,0.995898,0.336059,0
1.68597,-6.00951,7.86976,0.0735743,3.2774,-0.340556,-1.11614,FGM,0.506204,0.336059,0,0.506204,0.995898,0.336059,0
1.69018,-5.97729,7.87199,0.0696217,3.1823,-0.420434,-1.33794,FGM,0.506204,0.336059,0,0.506204,0.995898,0.336059,0
1.69402,-5.97729,7.87199,0.0696217,3.1823,-0.420434,-1.33794,FGM,0.506204,0.336059,0,0.506204,0.995898,0.336059,0
1.69887,-5.94601,7.87406,0.0652048,3.0872,-0.483351,-1.4922,FGM,0.506204,0.336059,0,0.506204,0.995898,0.336059,0
1.70201,-5.94601,7.87406,0.0652048,3.0872,-0.483351,-1.4922,FGM,0.506204,0.336059,0,0.506204,0.995898,0.336059,0
1.70596,-5.94601,7.87406,0.0652048,3.0872,-0.483351,-1.4922,FGM,0.506204,0.336059,0,0.506204,0.995898,0.336059,0
1.70989,-5.91567,7.87593,0.0600659,2.9921,-0.517453,-1.54827,FGM,0.506204,0.336059,0,0.506204,0.995898,0.336059,0
1.71392,-5.91567,7.87593,0.0600659,2.9921,-0.517453,-1.54827,FGM,0.506204,0.336059,0,0.506204,0.995898,0.336059,0
1.71859,-5.88627,7.87764,0.0548504,2.897,-0.547866,-1.58717,FGM,0.506204,0.336059,0,0.506204,0.995898,0.336059,0
1.72175,-5.88627,7.87764,0.0548504,2.897,-0.547866,-1.58717,FGM,0.506204,0.336059,0,0.506204,0.995898,0.336059,0
1.72579,-5.88627,7.87764,0.0548504,2.897,-0.547866,-1.58717,FRENET,0.101486,0.900894,0.101486,0,0.900894,0.275215,0
1.72994,-5.85782,7.87917,0.0491952,2.8019,-0.557367,-1.56168,FRENET,0.101486,0.900894,0.101486,0,0.900894,0.275215,0
1.73388,-5.85782,7.87917,0.0491952,2.8019,-0.557367,-1.56168,FRENET,0.101486,0.900894,0.101486,0,0.900894,0.275215,0
1.73872,-5.83031,7.88054,0.0436753,2.7068,-0.569671,-1.54198,FRENET,0.101486,0.900894,0.101486,0,0.900894,0.275215,0
1.74196,-5.83031,7.88054,0.0436753,2.7068,-0.569671,-1.54198,FRENET,0.101486,0.900894,0.101486,0,0.900894,0.275215,0
1.74594,-5.83031,7.88054,0.0436753,2.7068,-0.569671,-1.54198,FRENET,0.101486,0.900894,0.101486,0,0.900894,0.275215,0
1.74991,-5.80375,7.88173,0.0378792,2.6117,-0.564246,-1.47364,FRENET,0.101486,0.900894,0.101486,0,0.900894,0.275215,0
1.7539,-5.80375,7.88173,0.0378792,2.6117,-0.564246,-1.47364,FRENET,0.101486,0.900894,0.101486,0,0.900894,0.275215,0
1.75871,-5.77813,7.8828,0.0327713,2.5166,-0.441649,-1.11145,FRENET,0.101486,0.900894,0.101486,0,0.900894,0.275215,0
1.76189,-5.77813,7.8828,0.0327713,2.5166,-0.441649,-1.11145,FRENET,0.101486,0.900894,0.101486,0,0.900894,0.275215,0
1.76604,-5.77813,7.8828,0.0327713,2.5166,-0.441649,-1.11145,FRENET,0.101486,0.900894,0.101486,0,0.900894,0.275215,0
1.77027,-5.75346,7.88384,0.0292769,2.4215,-0.248024,-0.600588,FRENET,0.101486,0.900894,0.101486,0,0.900894,0.275215,0
1.77424,-5.75346,7.88384,0.0292769,2.4215,-0.248024,-0.600588,FRENET,0.101486,0.900894,0.101486,0,0.900894,0.275215,0
1.77888,-5.72974,7.88491,0.0279401,2.3264,-0.0145338,-0.0338114,FRENET,0.136626,0.900894,0.136626,0,0.900894,0.264867,0
1.7821,-5.72974,7.88491,0.0279401,2.3264,-0.0145338,-0.0338114,FRENET,0.136626,0.900894,0.136626,0,0.900894,0.264867,0
1.78612,-5.72974,7.88491,0.0279401,2.3264,-0.0145338,-0.0338114,FRENET,0.136626,0.900894,0.136626,0,0.900894,0.264867,0
1.78993,-5.70698,7.88604,0.028632,2.2313,0.116265,0.259423,FRENET,0.136626,0.900894,0.136626,0,0.900894,0.264867,0
1.79386,-5.70698,7.88604,0.028632,2.2313,0.116265,0.259423,FRENET,0.136626,0.900894,0.136626,0,0.900894,0.264867,0
1.79874,-5.68517,7.88715,0.030155,2.1362,0.205236,0.438425,FRENET,0.136626,0.900894,0.136626,0,0.900894,0.264867,0
1.8021,-5.68517,7.88715,0.030155,2.1362,0.205236,0.438425,FRENET,0.136626,0.900894,0.136626,0,0.900894,0.264867,0
1.80603,-5.68517,7.88715,0.030155,2.1362,0.205236,0.438425,FRENET,0.136626,0.900894,0.136626,0,0.900894,0.264867,0
1.8101,-5.66432,7.88825,0.0325541,2.0411,0.245262,0.500603,FRENET,0.136626,0.900894,0.136626,0,0.900894,0.264867,0
1.81409,-5.66432,7.88825,0.0325541,2.0411,0.245262,0.500603,FRENET,0.136626,0.900894,0.136626,0,0.900894,0.264867,0
1.8188,-5.64441,7.88932,0.0350656,1.946,0.278634,0.542221,FRENET,0.136626,0.900894,0.136626,0,0.900894,0.264867,0
1.82209,-5.64441,7.88932,0.0350656,1.946,0.278634,0.542221,FRENET,0.136626,0.900894,0.136626,0,0.900894,0.264867,0
1.82606,-5.64441,7.88932,0.0350656,1.946,0.278634,0.542221,FRENET,0.135845,0.900894,0.135845,0,0.900894,0.265908,0
1.82995,-5.62545,7.89038,0.0380032,1.8509,0.282205,0.522331,FRENET,0.135845,0.900894,0.135845,0,0.900894,0.265908,0
1.83408,-5.62545,7.89038,0.0380032,1.8509,0.282205,0.522331,FRENET,0.135845,0.900894,0.135845,0,0.900894,0.265908,0
1.83872,-5.60741,7.89141,0.040759,1.76294,0.292015,0.514804,FRENET,0.135845,0.900894,0.135845,0,0.900894,0.265908,0
1.84207,-5.60741,7.89141,0.040759,1.76294,0.292015,0.514804,FRENET,0.135845,0.900894,0.135845,0,0.900894,0.265908,0
1.84591,-5.60741,7.89141,0.040759,1.76294,0.292015,0.514804,FRENET,0.135845,0.900894,0.135845,0,0.900894,0.265908,0
1.85001,-5.59017,7.89244,0.0437203,1.69171,0.276977,0.468565,FRENET,0.135845,0.900894,0.135845,0,0.900894,0.265908,0
1.85399,-5.59017,7.89244,0.0437203,1.69171,0.276977,0.468565,FRENET,0.135845,0.900894,0.135845,0,0.900894,0.265908,0
1.85875,-5.57352,7.89345,0.0463557,1.64584,0.271757,0.447269,FRENET,0.135845,0.900894,0.135845,0,0.900894,0.265908,0
1.86197,-5.57352,7.89345,0.0463557,1.64584,0.271757,0.447269,FRENET,0.135845,0.900894,0.135845,0,0.900894,0.265908,0
1.86606,-5.57352,7.89345,0.0463557,1.64584,0.271757,0.447269,FRENET,0.135845,0.900894,0.135845,0,0.900894,0.265908,0
1.86995,-5.55728,7.8945,0.0490779,1.60869,0.252996,0.406992,FRENET,0.135845,0.900894,0.135845,0,0.900894,0.265908,0
1.87388,-5.55728,7.8945,0.0490779,1.60869,0.252996,0.406992,FRENET,0.135845,0.900894,0.135845,0,0.900894,0.265908,0
1.87885,-5.54137,7.89553,0.0511772,1.57861,0.157921,0.249295,FRENET,0.111417,0.924146,0.111417,0,0.924146,0.255008,0
1.88204,-5.54137,7.89553,0.0511772,1.57861,0.157921,0.249295,FRENET,0.111417,0.924146,0.111417,0,0.924146,0.255008,0
1.88585,-5.54137,7.89553,0.0511772,1.57861,0.157921,0.249295,FRENET,0.111417,0.924146,0.111417,0,0.924146,0.255008,0
1.88991,-5.52569,7.8965,0.0524526,1.56319,0.12125,0.189537,FRENET,0.111417,0.924146,0.111417,0,0.924146,0.255008,0
1.8941,-5.52569,7.8965,0.0524526,1.56319,0.12125,0.189537,FRENET,0.111417,0.924146,0.111417,0,0.924146,0.255008,0
1.89874,-5.51016,7.89748,0.0536021,1.55071,0.0928603,0.143999,FRENET,0.111417,0.924146,0.111417,0,0.924146,0.255008,0
1.90201,-5.51016,7.89748,0.0536021,1.55071,0.0928603,0.143999,FRENET,0.111417,0.924146,0.111417,0,0.924146,0.255008,0
1.90595,-5.51016,7.89748,0.0536021,1.55071,0.0928603,0.143999,FRENET,0.111417,0.924146,0.111417,0,0.924146,0.255008,0
1.90992,-5.49473,7.89843,0.0544102,1.5406,0.0884246,0.136227,FRENET,0.111417,0.924146,0.111417,0,0.924146,0.255008,0
1.9139,-5.49473,7.89843,0.0544102,1.5406,0.0884246,0.136227,FRENET,0.111417,0.924146,0.111417,0,0.924146,0.255008,0
1.91857,-5.47939,7.89939,0.0553206,1.53241,0.076152,0.116696,FRENET,0.111417,0.924146,0.111417,0,0.924146,0.255008,0
1.92194,-5.47939,7.89939,0.0553206,1.53241,0.076152,0.116696,FRENET,0.111417,0.924146,0.111417,0,0.924146,0.255008,0
1.92597,-5.47939,7.89939,0.0553206,1.53241,0.076152,0.116696,FRENET,0.0967083,0.924146,0.0967083,0,0.924146,0.258168,0
1.92988,-5.46413,7.90034,0.0560075,1.52578,0.0796309,0.121499,FRENET,0.0967083,0.924146,0.0967083,0,0.924146,0.258168,0
1.93422,-5.46413,7.90034,0.0560075,1.52578,0.0796309,0.121499,FRENET,0.0967083,0.924146,0.0967083,0,0.924146,0.258168,0
1.93894,-5.44893,7.90131,0.0568515,1.52041,0.0714006,0.108558,FRENET,0.0967083,0.924146,0.0967083,0,0.924146,0.258168,0
1.94195,-5.44893,7.90131,0.0568515,1.52041,0.0714006,0.108558,FRENET,0.0967083,0.924146,0.0967083,0,0.924146,0.258168,0
1.94597,-5.44893,7.90131,0.0568515,1.52041,0.0714006,0.108558,FRENET,0.0967083,0.924146,0.0967083,0,0.924146,0.258168,0
1.94986,-5.43378,7.90227,0.057503,1.51607,0.0768772,0.116551,FRENET,0.0967083,0.924146,0.0967083,0,0.924146,0.258168,0
1.95383,-5.43378,7.90227,0.057503,1.51607,0.0768772,0.116551,FRENET,0.0967083,0.924146,0.0967083,0,0.924146,0.258168,0
1.95874,-5.41867,7.90325,0.0583249,1.51255,0.069747,0.105496,FRENET,0.0967083,0.924146,0.0967083,0,0.924146,0.258168,0
1.96186,-5.41867,7.90325,0.0583249,1.51255,0.069747,0.105496,FRENET,0.0967083,0.924146,0.0967083,0,0.924146,0.258168,0
1.96592,-5.41867,7.90325,0.0583249,1.51255,0.069747,0.105496,FRENET,0.0967083,0.924146,0.0967083,0,0.924146,0.258168,0
1.96991,-5.40359,7.90423,0.0589635,1.50969,0.0757839,0.114411,FRENET,0.0967083,0.924146,0.0967083,0,0.924146,0.258168,0
1.97395,-5.40359,7.90423,0.0589635,1.50969,0.0757839,0.114411,FRENET,0.0967083,0.924146,0.0967083,0,0.924146,0.258168,0
1.97865,-5.38854,7.90525,0.060056,1.50739,0.151337,0.228124,FRENET,0.0820358,0.924146,0.0820358,0,0.924146,0.26052,0
1.98208,-5.38854,7.90525,0.060056,1.50739,0.151337,0.228124,FRENET,0.0820358,0.924146,0.0820358,0,0.924146,0.26052,0
1.98586,-5.38854,7.90525,0.060056,1.50739,0.151337,0.228124,FRENET,0.0820358,0.924146,0.0820358,0,0.924146,0.26052,0
1.98986,-5.37351,7.90635,0.0618148,1.50552,0.17834,0.268494,FRENET,0.0820358,0.924146,0.0820358,0,0.924146,0.26052,0
1.99385,-5.37351,7.90635,0.0618148,1.50552,0.17834,0.268494,FRENET,0.0820358,0.924146,0.0820358,0,0.924146,0.26052,0
1.99893,-5.35851,7.90751,0.063634,1.504,0.201068,0.302406,FRENET,0.0820358,0.924146,0.0820358,0,0.924146,0.26052,0
2.00179,-5.35851,7.90751,0.063634,1.504,0.201068,0.302406,FRENET,0.0820358,0.924146,0.0820358,0,0.924146,0.26052,0
2.00597,-5.35851,7.90751,0.063634,1.504,0.201068,0.302406,FRENET,0.0820358,0.924146,0.0820358,0,0.924146,0.26052,0
2.01,-5.34353,7.90872,0.0657457,1.50278,0.202597,0.304458,FRENET,0.0820358,0.924146,0.0820358,0,0.924146,0.26052,0
2.01398,-5.34353,7.90872,0.0657457,1.50278,0.202597,0.304458,FRENET,0.0820358,0.924146,0.0820358,0,0.924146,0.26052,0
2.01884,-5.32855,7.90996,0.0677378,1.50178,0.212978,0.319846,FRENET,0.0820358,0.924146,0.0820358,0,0.924146,0.26052,0
2.02204,-5.32855,7.90996,0.0677378,1.50178,0.212978,0.319846,FRENET,0.0820358,0.924146,0.0820358,0,0.924146,0.26052,0
2.02601,-5.32855,7.90996,0.0677378,1.50178,0.212978,0.319846,FRENET,0.082766,0.924146,0.082766,0,0.924146,0.267168,0
2.03007,-5.3136,7.91126,0.0699345,1.50098,0.208508,0.312967,FRENET,0.082766,0.924146,0.082766,0,0.924146,0.267168,0
2.03402,-5.3136,7.91126,0.0699345,1.50098,0.208508,0.312967,FRENET,0.082766,0.924146,0.082766,0,0.924146,0.267168,0
2.03863,-5.29865,7.91258,0.0719693,1.50033,0.215937,0.323977,FRENET,0.082766,0.924146,0.082766,0,0.924146,0.267168,0
2.04186,-5.29865,7.91258,0.0719693,1.50033,0.215937,0.323977,FRENET,0.082766,0.924146,0.082766,0,0.924146,0.267168,0
2.0458,-5.29865,7.91258,0.0719693,1.50033,0.215937,0.323977,FRENET,0.082766,0.924146,0.082766,0,0.924146,0.267168,0
2.04991,-5.28371,7.91395,0.0741873,1.4998,0.210011,0.314975,FRENET,0.082766,0.924146,0.082766,0,0.924146,0.267168,0
2.05385,-5.28371,7.91395,0.0741873,1.4998,0.210011,0.314975,FRENET,0.082766,0.924146,0.082766,0,0.924146,0.267168,0
2.05868,-5.26878,7.91532,0.0759556,1.49937,0.135087,0.202546,FRENET,0.082766,0.924146,0.082766,0,0.924146,0.267168,0
2.06194,-5.26878,7.91532,0.0759556,1.49937,0.135087,0.202546,FRENET,0.082766,0.924146,0.082766,0,0.924146,0.267168,0
2.06579,-5.26878,7.91532,0.0759556,1.49937,0.135087,0.202546,FRENET,0.082766,0.924146,0.082766,0,0.924146,0.267168,0
2.06991,-5.25384,7.91665,0.0770622,1.49903,0.108174,0.162156,FRENET,0.082766,0.924146,0.082766,0,0.924146,0.267168,0
2.07399,-5.25384,7.91665,0.0770622,1.49903,0.108174,0.162156,FRENET,0.082766,0.924146,0.082766,0,0.924146,0.267168,0
2.07937,-5.23891,7.91797,0.0781073,1.49875,0.0853483,0.127916,FRENET,0.264507,0.585034,0.264507,0,0.585034,0.273054,0
2.08183,-5.23891,7.91797,0.0781073,1.49875,0.0853483,0.127916,FRENET,0.264507,0.585034,0.264507,0,0.585034,0.273054,0
2.0859,-5.23891,7.91797,0.0781073,1.49875,0.0853483,0.127916,FRENET,0.264507,0.585034,0.264507,0,0.585034,0.273054,0
2.08992,-5.22391,7.91929,0.0788651,1.51341,0.0835863,0.1265,FRENET,0.264507,0.585034,0.264507,0,0.585034,0.273054,0
2.09392,-5.22391,7.91929,0.0788651,1.51341,0.0835863,0.1265,FRENET,0.264507,0.585034,0.264507,0,0.585034,0.273054,0
2.09865,-5.20877,7.92062,0.079733,1.52736,0.074036,0.11308,FRENET,0.264507,0.585034,0.264507,0,0.585034,0.273054,0
2.10187,-5.20877,7.92062,0.079733,1.52736,0.074036,0.11308,FRENET,0.264507,0.585034,0.264507,0,0.585034,0.273054,0
2.10595,-5.20877,7.92062,0.079733,1.52736,0.074036,0.11308,FRENET,0.264507,0.585034,0.264507,0,0.585034,0.273054,0
2.1099,-5.19348,7.92193,0.0801463,1.54066,0.000566889,0.000873384,FRENET,0.264507,0.585034,0.264507,0,0.585034,0.273054,0
2.1139,-5.19348,7.92193,0.0801463,1.54066,0.000566889,0.000873384,FRENET,0.264507,0.585034,0.264507,0,0.585034,0.273054,0
2.11893,-5.17806,7.92319,0.079904,1.55332,-0.0283997,-0.044114,FRENET,0.264507,0.585034,0.264507,0,0.585034,0.273054,0
2.12206,-5.17806,7.92319,0.079904,1.55332,-0.0283997,-0.044114,FRENET,0.264507,0.585034,0.264507,0,0.585034,0.273054,0
2.12585,-5.17806,7.92319,0.079904,1.55332,-0.0283997,-0.044114,FRENET,0.26493,0.585034,0.26493,0,0.585034,0.278748,0
2.13013,-5.16252,7.92443,0.079572,1.56539,-0.052481,-0.082153,FRENET,0.26493,0.585034,0.26493,0,0.585034,0.278748,0
2.13394,-5.16252,7.92443,0.079572,1.56539,-0.052481,-0.082153,FRENET,0.26493,0.585034,0.26493,0,0.585034,0.278748,0
2.13879,-5.14685,7.92563,0.0789368,1.57687,-0.0569251,-0.0897637,FRENET,0.26493,0.585034,0.26493,0,0.585034,0.278748,0
2.14206,-5.14685,7.92563,0.0789368,1.57687,-0.0569251,-0.0897637,FRENET,0.26493,0.585034,0.26493,0,0.585034,0.278748,0
2.14587,-5.14685,7.92563,0.0789368,1.57687,-0.0569251,-0.0897637,FRENET,0.26493,0.585034,0.26493,0,0.585034,0.278748,0
2.15029,-5.13108,7.92682,0.0783903,1.58782,-0.068427,-0.108649,FRENET,0.26493,0.585034,0.26493,0,0.585034,0.278748,0
2.1541,-5.13108,7.92682,0.0783903,1.58782,-0.068427,-0.108649,FRENET,0.26493,0.585034,0.26493,0,0.585034,0.278748,0
2.15879,-5.11519,7.92799,0.0776317,1.59824,-0.0663621,-0.106062,FRENET,0.26493,0.585034,0.26493,0,0.585034,0.278748,0
2.16179,-5.11519,7.92799,0.0776317,1.59824,-0.0663621,-0.106062,FRENET,0.26493,0.585034,0.26493,0,0.585034,0.278748,0
2.16578,-5.11519,7.92799,0.0776317,1.59824,-0.0663621,-0.106062,FRENET,0.26493,0.585034,0.26493,0,0.585034,0.278748,0
2.16981,-5.0992,7.92916,0.0770109,1.60816,-0.0742794,-0.119453,FRENET,0.26493,0.585034,0.26493,0,0.585034,0.278748,0
2.17392,-5.0992,7.92916,0.0770109,1.60816,-0.0742794,-0.119453,FRENET,0.26493,0.585034,0.26493,0,0.585034,0.278748,0
2.17866,-5.08311,7.93031,0.0762041,1.61762,-0.0702784,-0.113684,FRENET,0.263225,0.585034,0.263225,0,0.585034,0.281029,0
2.18174,-5.08311,7.93031,0.0762041,1.61762,-0.0702784,-0.113684,FRENET,0.263225,0.585034,0.263225,0,0.585034,0.281029,0
2.18581,-5.08311,7.93031,0.0762041,1.61762,-0.0702784,-0.113684,FRENET,0.263225,0.585034,0.263225,0,0.585034,0.281029,0
2.18983,-5.06693,7.93146,0.075551,1.62662,-0.0770067,-0.125261,FRENET,0.263225,0.585034,0.263225,0,0.585034,0.281029,0
2.19389,-5.06693,7.93146,0.075551,1.62662,-0.0770067,-0.125261,FRENET,0.263225,0.585034,0.263225,0,0.585034,0.281029,0
2.19882,-5.05066,7.93258,0.0747203,1.6352,-0.0723473,-0.118302,FRENET,0.263225,0.585034,0.263225,0,0.585034,0.281029,0
2.20187,-5.05066,7.93258,0.0747203,1.6352,-0.0723473,-0.118302,FRENET,0.263225,0.585034,0.263225,0,0.585034,0.281029,0
2.20584,-5.05066,7.93258,0.0747203,1.6352,-0.0723473,-0.118302,FRENET,0.263225,0.585034,0.263225,0,0.585034,0.281029,0
2.20992,-5.03431,7.93372,0.0740492,1.64337,-0.0786014,-0.129171,FRENET,0.263225,0.585034,0.263225,0,0.585034,0.281029,0
2.21392,-5.03431,7.93372,0.0740492,1.64337,-0.0786014,-0.129171,FRENET,0.263225,0.585034,0.263225,0,0.585034,0.281029,0
2.21856,-5.01787,7.93483,0.0732037,1.65115,-0.0736856,-0.121666,FRENET,0.263225,0.585034,0.263225,0,0.585034,0.281029,0
2.2217,-5.01787,7.93483,0.0732037,1.65115,-0.0736856,-0.121666,FRENET,0.263225,0.585034,0.263225,0,0.585034,0.281029,0
2.22587,-5.01787,7.93483,0.0732037,1.65115,-0.0736856,-0.121666,FRENET,0.273925,0.592568,0.273925,0,0.592568,0.283836,0
2.2299,-5.00136,7.93594,0.0725207,1.65856,-0.0797101,-0.132204,FRENET,0.273925,0.592568,0.273925,0,0.592568,0.283836,0
2.23376,-5.00136,7.93594,0.0725207,1.65856,-0.0797101,-0.132204,FRENET,0.273925,0.592568,0.273925,0,0.592568,0.283836,0
2.23862,-4.98471,7.93704,0.0716717,1.67911,-0.0744566,-0.125021,FRENET,0.273925,0.592568,0.273925,0,0.592568,0.283836,0
2.24202,-4.98471,7.93704,0.0716717,1.67911,-0.0744566,-0.125021,FRENET,0.273925,0.592568,0.273925,0,0.592568,0.283836,0
2.24591,-4.98471,7.93704,0.0716717,1.67911,-0.0744566,-0.125021,FRENET,0.273925,0.592568,0.273925,0,0.592568,0.283836,0
2.24987,-4.96786,7.93816,0.0709798,1.69869,-0.079834,-0.135613,FRENET,0.273925,0.592568,0.273925,0,0.592568,0.283836,0
2.25388,-4.96786,7.93816,0.0709798,1.69869,-0.079834,-0.135613,FRENET,0.273925,0.592568,0.273925,0,0.592568,0.283836,0
2.25884,-4.95081,7.93926,0.0701235,1.71734,-0.0755442,-0.129735,FRENET,0.273925,0.592568,0.273925,0,0.592568,0.283836,0
2.26188,-4.95081,7.93926,0.0701235,1.71734,-0.0755442,-0.129735,FRENET,0.273925,0.592568,0.273925,0,0.592568,0.283836,0
2.26578,-4.95081,7.93926,0.0701235,1.71734,-0.0755442,-0.129735,FRENET,0.273925,0.592568,0.273925,0,0.592568,0.283836,0
2.26991,-4.93358,7.94037,0.0694193,1.7351,-0.0812481,-0.140973,FRENET,0.273925,0.592568,0.273925,0,0.592568,0.283836,0
2.27388,-4.93358,7.94037,0.0694193,1.7351,-0.0812481,-0.140973,FRENET,0.273925,0.592568,0.273925,0,0.592568,0.283836,0
2.27893,-4.91618,7.94146,0.0685472,1.75201,-0.0771527,-0.135173,FRENET,0.272164,0.592568,0.272164,0,0.592568,0.282121,0
2.28194,-4.91618,7.94146,0.0685472,1.75201,-0.0771527,-0.135173,FRENET,0.272164,0.592568,0.272164,0,0.592568,0.282121,0
2.28585,-4.91618,7.94146,0.0685472,1.75201,-0.0771527,-0.135173,FRENET,0.272164,0.592568,0.272164,0,0.592568,0.282121,0
2.28994,-4.89856,7.94257,0.0678278,1.78001,-0.0819697,-0.145907,FRENET,0.272164,0.592568,0.272164,0,0.592568,0.282121,0
2.29379,-4.89856,7.94257,0.0678278,1.78001,-0.0819697,-0.145907,FRENET,0.272164,0.592568,0.272164,0,0.592568,0.282121,0
2.29866,-4.88066,7.94367,0.0669505,1.80668,-0.0782903,-0.141446,FRENET,0.272164,0.592568,0.272164,0,0.592568,0.282121,0
2.30188,-4.88066,7.94367,0.0669505,1.80668,-0.0782903,-0.141446,FRENET,0.272164,0.592568,0.272164,0,0.592568,0.282121,0
2.30603,-4.88066,7.94367,0.0669505,1.80668,-0.0782903,-0.141446,FRENET,0.272164,0.592568,0.272164,0,0.592568,0.282121,0
2.31005,-4.8625,7.94479,0.0662171,1.83208,-0.0837115,-0.153366,FRENET,0.272164,0.592568,0.272164,0,0.592568,0.282121,0
2.31384,-4.8625,7.94479,0.0662171,1.83208,-0.0837115,-0.153366,FRENET,0.272164,0.592568,0.272164,0,0.592568,0.282121,0
2.31884,-4.84409,7.94589,0.0653196,1.85627,-0.0803707,-0.14919,FRENET,0.272164,0.592568,0.272164,0,0.592568,0.282121,0
2.32187,-4.84409,7.94589,0.0653196,1.85627,-0.0803707,-0.14919,FRENET,0.272164,0.592568,0.272164,0,0.592568,0.282121,0
2.32601,-4.84409,7.94589,0.0653196,1.85627,-0.0803707,-0.14919,FRENET,0.270684,0.592568,0.270684,0,0.592568,0.289735,0
2.32999,-4.82545,7.94701,0.064566,1.87931,-0.0858237,-0.16129,FRENET,0.270684,0.592568,0.270684,0,0.592568,0.289735,0
2.33383,-4.82545,7.94701,0.064566,1.87931,-0.0858237,-0.16129,FRENET,0.270684,0.592568,0.270684,0,0.592568,0.289735,0
2.33862,-4.80658,7.94811,0.0636463,1.90126,-0.0825266,-0.156904,FRENET,0.270684,0.592568,0.270684,0,0.592568,0.289735,0
2.34194,-4.80658,7.94811,0.0636463,1.90126,-0.0825266,-0.156904,FRENET,0.270684,0.592568,0.270684,0,0.592568,0.289735,0
2.34596,-4.80658,7.94811,0.0636463,1.90126,-0.0825266,-0.156904,FRENET,0.270684,0.592568,0.270684,0,0.592568,0.289735,0
2.34996,-4.78749,7.94923,0.0628723,1.92216,-0.0878823,-0.168924,FRENET,0.270684,0.592568,0.270684,0,0.592568,0.289735,0
2.3539,-4.78749,7.94923,0.0628723,1.92216,-0.0878823,-0.168924,FRENET,0.270684,0.592568,0.270684,0,0.592568,0.289735,0
2.35864,-4.7682,7.95032,0.0619315,1.94207,-0.0845577,-0.164217,FRENET,0.270684,0.592568,0.270684,0,0.592568,0.289735,0
2.36188,-4.7682,7.95032,0.0619315,1.94207,-0.0845577,-0.164217,FRENET,0.270684,0.592568,0.270684,0,0.592568,0.289735,0
2.36582,-4.7682,7.95032,0.0619315,1.94207,-0.0845577,-0.164217,FRENET,0.270684,0.592568,0.270684,0,0.592568,0.289735,0
2.36986,-4.74872,7.95143,0.0611385,1.96103,-0.0897958,-0.176092,FRENET,0.270684,0.592568,0.270684,0,0.592568,0.289735,0
2.37386,-4.74872,7.95143,0.0611385,1.96103,-0.0897958,-0.176092,FRENET,0.270684,0.592568,0.270684,0,0.592568,0.289735,0
2.37859,-4.72905,7.95252,0.0601781,1.97909,-0.0864287,-0.17105,FRENET,0.283732,0.604582,0.283732,0,0.604582,0.294684,0
2.38188,-4.72905,7.95252,0.0601781,1.97909,-0.0864287,-0.17105,FRENET,0.283732,0.604582,0.283732,0,0.604582,0.294684,0
2.38584,-4.72905,7.95252,0.0601781,1.97909,-0.0864287,-0.17105,FRENET,0.283732,0.604582,0.283732,0,0.604582,0.294684,0
2.39008,-4.70924,7.95361,0.0593667,1.98875,-0.0922128,-0.183389,FRENET,0.283732,0.604582,0.283732,0,0.604582,0.294684,0
2.39397,-4.70924,7.95361,0.0593667,1.98875,-0.0922128,-0.183389,FRENET,0.283732,0.604582,0.283732,0,0.604582,0.294684,0
2.39857,-4.68933,7.95467,0.0583796,1.99796,-0.0886721,-0.177163,FRENET,0.283732,0.604582,0.283732,0,0.604582,0.294684,0
2.40206,-4.68933,7.95467,0.0583796,1.99796,-0.0886721,-0.177163,FRENET,0.283732,0.604582,0.283732,0,0.604582,0.294684,0
2.40606,-4.68933,7.95467,0.0583796,1.99796,-0.0886721,-0.177163,FRENET,0.283732,0.604582,0.283732,0,0.604582,0.294684,0
2.40991,-4.66928,7.95574,0.0575509,2.01861,-0.0927551,-0.187236,FRENET,0.283732,0.604582,0.283732,0,0.604582,0.294684,0
2.41377,-4.66928,7.95574,0.0575509,2.01861,-0.0927551,-0.187236,FRENET,0.283732,0.604582,0.283732,0,0.604582,0.294684,0
2.41882,-4.64902,7.95679,0.0565636,2.03828,-0.0890559,-0.181521,FRENET,0.283732,0.604582,0.283732,0,0.604582,0.294684,0
2.42203,-4.64902,7.95679,0.0565636,2.03828,-0.0890559,-0.181521,FRENET,0.283732,0.604582,0.283732,0,0.604582,0.294684,0
2.42587,-4.64902,7.95679,0.0565636,2.03828,-0.0890559,-0.181521,FRENET,0.283088,0.604582,0.283088,0,0.604582,0.303965,0
2.42988,-4.62857,7.95785,0.0557283,2.05702,-0.093771,-0.192888,FRENET,0.283088,0.604582,0.283088,0,0.604582,0.303965,0
2.4341,-4.62857,7.95785,0.0557283,2.05702,-0.093771,-0.192888,FRENET,0.283088,0.604582,0.283088,0,0.604582,0.303965,0
2.43884,-4.60794,7.95888,0.0547282,2.07486,-0.0904351,-0.18764,FRENET,0.283088,0.604582,0.283088,0,0.604582,0.303965,0
2.44187,-4.60794,7.95888,0.0547282,2.07486,-0.0904351,-0.18764,FRENET,0.283088,0.604582,0.283088,0,0.604582,0.303965,0
2.44583,-4.60794,7.95888,0.0547282,2.07486,-0.0904351,-0.18764,FRENET,0.283088,0.604582,0.283088,0,0.604582,0.303965,0
2.44986,-4.58713,7.95992,0.0538789,2.09186,-0.0952727,-0.199297,FRENET,0.283088,0.604582,0.283088,0,0.604582,0.303965,0
2.45383,-4.58713,7.95992,0.0538789,2.09186,-0.0952727,-0.199297,FRENET,0.283088,0.604582,0.283088,0,0.604582,0.303965,0
2.45869,-4.56615,7.96094,0.0528628,2.10805,-0.0920136,-0.193969,FRENET,0.283088,0.604582,0.283088,0,0.604582,0.303965,0
2.46187,-4.56615,7.96094,0.0528628,2.10805,-0.0920136,-0.193969,FRENET,0.283088,0.604582,0.283088,0,0.604582,0.303965,0
2.46599,-4.56615,7.96094,0.0528628,2.10805,-0.0920136,-0.193969,FRENET,0.283088,0.604582,0.283088,0,0.604582,0.303965,0
2.47011,-4.54502,7.96196,0.0519984,2.12346,-0.0968232,-0.205601,FRENET,0.283088,0.604582,0.283088,0,0.604582,0.303965,0
2.47387,-4.54502,7.96196,0.0519984,2.12346,-0.0968232,-0.205601,FRENET,0.283088,0.604582,0.283088,0,0.604582,0.303965,0
2.47904,-4.52374,7.96295,0.0509663,2.13815,-0.0935546,-0.200034,FRENET,0.285411,0.604582,0.285411,0,0.604582,0.303776,0
2.48205,-4.52374,7.96295,0.0509663,2.13815,-0.0935546,-0.200034,FRENET,0.285411,0.604582,0.285411,0,0.604582,0.303776,0
2.48584,-4.52374,7.96295,0.0509663,2.13815,-0.0935546,-0.200034,FRENET,0.285411,0.604582,0.285411,0,0.604582,0.303776,0
2.49003,-4.50231,7.96394,0.0500873,2.15214,-0.0982963,-0.211547,FRENET,0.285411,0.604582,0.285411,0,0.604582,0.303776,0
2.49389,-4.50231,7.96394,0.0500873,2.15214,-0.0982963,-0.211547,FRENET,0.285411,0.604582,0.285411,0,0.604582,0.303776,0
2.49906,-4.48074,7.96491,0.0490402,2.16546,-0.0949939,-0.205705,FRENET,0.285411,0.604582,0.285411,0,0.604582,0.303776,0
2.50214,-4.48074,7.96491,0.0490402,2.16546,-0.0949939,-0.205705,FRENET,0.285411,0.604582,0.285411,0,0.604582,0.303776,0
2.50616,-4.48074,7.96491,0.0490402,2.16546,-0.0949939,-0.205705,FRENET,0.285411,0.604582,0.285411,0,0.604582,0.303776,0
2.51002,-4.45905,7.96587,0.0481476,2.17815,-0.0996611,-0.217076,FRENET,0.285411,0.604582,0.285411,0,0.604582,0.303776,0
2.51401,-4.45905,7.96587,0.0481476,2.17815,-0.0996611,-0.217076,FRENET,0.285411,0.604582,0.285411,0,0.604582,0.303776,0
2.51871,-4.43722,7.96681,0.0470866,2.19023,-0.0963201,-0.210963,FRENET,0.285411,0.604582,0.285411,0,0.604582,0.303776,0
2.52185,-4.43722,7.96681,0.0470866,2.19023,-0.0963201,-0.210963,FRENET,0.285411,0.604582,0.285411,0,0.604582,0.303776,0
2.526,-4.43722,7.96681,0.0470866,2.19023,-0.0963201,-0.210963,FGM,0.343906,0.319167,0.258568,0.343906,0.61182,0.319167,0
2.53,-4.41528,7.96775,0.0461816,2.20174,-0.100916,-0.222191,FGM,0.343906,0.319167,0.258568,0.343906,0.61182,0.319167,0
2.53378,-4.41528,7.96775,0.0461816,2.20174,-0.100916,-0.222191,FGM,0.343906,0.319167,0.258568,0.343906,0.61182,0.319167,0
2.53866,-4.39376,7.96863,0.0450254,2.10664,-0.10452,-0.220187,FGM,0.343906,0.319167,0.258568,0.343906,0.61182,0.319167,0
2.54177,-4.39376,7.96863,0.0450254,2.10664,-0.10452,-0.220187,FGM,0.343906,0.319167,0.258568,0.343906,0.61182,0.319167,0
2.54595,-4.39376,7.96863,0.0450254,2.10664,-0.10452,-0.220187,FGM,0.343906,0.319167,0.258568,0.343906,0.61182,0.319167,0
2.54979,-4.37319,7.96947,0.0440377,2.01154,-0.116778,-0.234903,FGM,0.343906,0.319167,0.258568,0.343906,0.61182,0.319167,0
2.55391,-4.37319,7.96947,0.0440377,2.01154,-0.116778,-0.234903,FGM,0.343906,0.319167,0.258568,0.343906,0.61182,0.319167,0
2.55855,-4.35349,7.97021,0.0424022,1.93037,-0.222384,-0.429283,FGM,0.343906,0.319167,0.258568,0.343906,0.61182,0.319167,0
2.56183,-4.35349,7.97021,0.0424022,1.93037,-0.222384,-0.429283,FGM,0.343906,0.319167,0.258568,0.343906,0.61182,0.319167,0
2.56585,-4.35349,7.97021,0.0424022,1.93037,-0.222384,-0.429283,FGM,0.343906,0.319167,0.258568,0.343906,0.61182,0.319167,0
2.5699,-4.33452,7.97078,0.0394902,1.86464,-0.365952,-0.68237,FGM,0.343906,0.319167,0.258568,0.343906,0.61182,0.319167,0
2.57395,-4.33452,7.97078,0.0394902,1.86464,-0.365952,-0.68237,FGM,0.343906,0.319167,0.258568,0.343906,0.61182,0.319167,0
2.57864,-4.31615,7.97113,0.0350716,1.81142,-0.520767,-0.943325,FGM,0,0.301893,0.261015,0,0.61182,0.301893,0
2.58191,-4.31615,7.97113,0.0350716,1.81142,-0.520767,-0.943325,FGM,0,0.301893,0.261015,0,0.61182,0.301893,0
2.58583,-4.31615,7.97113,0.0350716,1.81142,-0.520767,-0.943325,FGM,0,0.301893,0.261015,0,0.61182,0.301893,0
2.58989,-4.29771,7.97128,0.0299111,1.87681,-0.504377,-0.946618,FGM,0,0.301893,0.261015,0,0.61182,0.301893,0
2.59395,-4.29771,7.97128,0.0299111,1.87681,-0.504377,-0.946618,FGM,0,0.301893,0.261015,0,0.61182,0.301893,0
2.59864,-4.27863,7.9713,0.0248793,1.93909,-0.516429,-1.0014,FGM,0,0.301893,0.261015,0,0.61182,0.301893,0
2.6019,-4.27863,7.9713,0.0248793,1.93909,-0.516429,-1.0014,FGM,0,0.301893,0.261015,0,0.61182,0.301893,0
2.60608,-4.27863,7.9713,0.0248793,1.93909,-0.516429,-1.0014,FGM,0,0.301893,0.261015,0,0.61182,0.301893,0
2.6099,-4.25894,7.97116,0.0195821,1.9984,-0.530824,-1.0608,FGM,0,0.301893,0.261015,0,0.61182,0.301893,0
2.61386,-4.25894,7.97116,0.0195821,1.9984,-0.530824,-1.0608,FGM,0,0.301893,0.261015,0,0.61182,0.301893,0
2.6186,-4.23868,7.97092,0.0144425,2.0549,-0.488934,-1.00471,FGM,0,0.301893,0.261015,0,0.61182,0.301893,0
2.62191,-4.23868,7.97092,0.0144425,2.0549,-0.488934,-1.00471,FGM,0,0.301893,0.261015,0,0.61182,0.301893,0
2.62594,-4.23868,7.97092,0.0144425,2.0549,-0.488934,-1.00471,FGM,0.323814,0.319281,0.26543,0.323814,0.61182,0.319281,0
2.62992,-4.21848,7.97062,0.00953205,1.98478,-0.512997,-1.01819,FGM,0.323814,0.319281,0.26543,0.323814,0.61182,0.319281,0
2.63394,-4.21848,7.97062,0.00953205,1.98478,-0.512997,-1.01819,FGM,0.323814,0.319281,0.26543,0.323814,0.61182,0.319281,0
2.63867,-4.19892,7.97023,0.00432198,1.928,-0.506244,-0.97604,FGM,0.323814,0.319281,0.26543,0.323814,0.61182,0.319281,0
2.64179,-4.19892,7.97023,0.00432198,1.928,-0.506244,-0.97604,FGM,0.323814,0.319281,0.26543,0.323814,0.61182,0.319281,0
2.64588,-4.19892,7.97023,0.00432198,1.928,-0.506244,-0.97604,FGM,0.323814,0.319281,0.26543,0.323814,0.61182,0.319281,0
2.64991,-4.17987,7.9698,-0.000622699,1.88202,-0.503342,-0.9473,FGM,0.323814,0.319281,0.26543,0.323814,0.61182,0.319281,0
2.65384,-4.17987,7.9698,-0.000622699,1.88202,-0.503342,-0.9473,FGM,0.323814,0.319281,0.26543,0.323814,0.61182,0.319281,0
2.65862,-4.16125,7.96928,-0.00565675,1.84478,-0.48372,-0.892359,FGM,0.323814,0.319281,0.26543,0.323814,0.61182,0.319281,0
2.66205,-4.16125,7.96928,-0.00565675,1.84478,-0.48372,-0.892359,FGM,0.323814,0.319281,0.26543,0.323814,0.61182,0.319281,0
2.66589,-4.16125,7.96928,-0.00565675,1.84478,-0.48372,-0.892359,FGM,0.323814,0.319281,0.26543,0.323814,0.61182,0.319281,0
2.67005,-4.14296,7.96869,-0.0103525,1.81463,-0.475721,-0.863257,FGM,0.323814,0.319281,0.26543,0.323814,0.61182,0.319281,0
2.67396,-4.14296,7.96869,-0.0103525,1.81463,-0.475721,-0.863257,FGM,0.323814,0.319281,0.26543,0.323814,0.61182,0.319281,0
2.67885,-4.12495,7.96802,-0.0151051,1.79021,-0.456363,-0.816985,FGM,0.33116,0.318076,0.273358,0.33116,0.621515,0.318076,0
2.68186,-4.12495,7.96802,-0.0151051,1.79021,-0.456363,-0.816985,FGM,0.33116,0.318076,0.273358,0.33116,0.621515,0.318076,0
2.68597,-4.12495,7.96802,-0.0151051,1.79021,-0.456363,-0.816985,FGM,0.33116,0.318076,0.273358,0.33116,0.621515,0.318076,0
2.68998,-4.10706,7.96727,-0.0195061,1.79158,-0.44317,-0.793975,FGM,0.33116,0.318076,0.273358,0.33116,0.621515,0.318076,0
2.69392,-4.10706,7.96727,-0.0195061,1.79158,-0.44317,-0.793975,FGM,0.33116,0.318076,0.273358,0.33116,0.621515,0.318076,0
2.69869,-4.08915,7.96642,-0.0239447,1.79289,-0.428477,-0.768212,FGM,0.33116,0.318076,0.273358,0.33116,0.621515,0.318076,0
2.70187,-4.08915,7.96642,-0.0239447,1.79289,-0.428477,-0.768212,FGM,0.33116,0.318076,0.273358,0.33116,0.621515,0.318076,0
2.70601,-4.08915,7.96642,-0.0239447,1.79289,-0.428477,-0.768212,FGM,0.33116,0.318076,0.273358,0.33116,0.621515,0.318076,0
2.71007,-4.07124,7.9655,-0.0281431,1.79413,-0.42901,-0.769701,FGM,0.33116,0.318076,0.273358,0.33116,0.621515,0.318076,0
2.71401,-4.07124,7.9655,-0.0281431,1.79413,-0.42901,-0.769701,FGM,0.33116,0.318076,0.273358,0.33116,0.621515,0.318076,0
2.71878,-4.05332,7.96449,-0.0324804,1.79532,-0.421546,-0.75681,FGM,0.33116,0.318076,0.273358,0.33116,0.621515,0.318076,0
2.72205,-4.05332,7.96449,-0.0324804,1.79532,-0.421546,-0.75681,FGM,0.33116,0.318076,0.273358,0.33116,0.621515,0.318076,0
2.72598,-4.05332,7.96449,-0.0324804,1.79532,-0.421546,-0.75681,FGM,0.30588,0.302072,0.271002,0.30588,0.621515,0.302072,0
2.7301,-4.0354,7.96341,-0.0366305,1.79645,-0.425843,-0.765005,FGM,0.30588,0.302072,0.271002,0.30588,0.621515,0.302072,0
2.73393,-4.0354,7.96341,-0.0366305,1.79645,-0.425843,-0.765005,FGM,0.30588,0.302072,0.271002,0.30588,0.621515,0.302072,0
2.7389,-4.01743,7.96223,-0.0409328,1.80463,-0.418455,-0.755156,FGM,0.30588,0.302072,0.271002,0.30588,0.621515,0.302072,0
2.74203,-4.01743,7.96223,-0.0409328,1.80463,-0.418455,-0.755156,FGM,0.30588,0.302072,0.271002,0.30588,0.621515,0.302072,0
2.746,-4.01743,7.96223,-0.0409328,1.80463,-0.418455,-0.755156,FGM,0.30588,0.302072,0.271002,0.30588,0.621515,0.302072,0
2.74993,-3.99939,7.96098,-0.0450567,1.81242,-0.423252,-0.767108,FGM,0.30588,0.302072,0.271002,0.30588,0.621515,0.302072,0
2.75401,-3.99939,7.96098,-0.0450567,1.81242,-0.423252,-0.767108,FGM,0.30588,0.302072,0.271002,0.30588,0.621515,0.302072,0
2.75884,-3.98128,7.95963,-0.0493518,1.81984,-0.419157,-0.762797,FGM,0.30588,0.302072,0.271002,0.30588,0.621515,0.302072,0
2.762,-3.98128,7.95963,-0.0493518,1.81984,-0.419157,-0.762797,FGM,0.30588,0.302072,0.271002,0.30588,0.621515,0.302072,0
2.76592,-3.98128,7.95963,-0.0493518,1.81984,-0.419157,-0.762797,FGM,0.30588,0.302072,0.271002,0.30588,0.621515,0.302072,0
2.77011,-3.9631,7.95822,-0.0534914,1.8269,-0.425518,-0.77738,FGM,0.30588,0.302072,0.271002,0.30588,0.621515,0.302072,0
2.77414,-3.9631,7.95822,-0.0534914,1.8269,-0.425518,-0.77738,FGM,0.30588,0.302072,0.271002,0.30588,0.621515,0.302072,0
2.77869,-3.94486,7.95671,-0.0578136,1.83363,-0.422157,-0.77408,FGM,0.147054,0.28506,0.272381,0.147054,0.621515,0.28506,0
2.78205,-3.94486,7.95671,-0.0578136,1.83363,-0.422157,-0.77408,FGM,0.147054,0.28506,0.272381,0.147054,0.621515,0.28506,0
2.78607,-3.94486,7.95671,-0.0578136,1.83363,-0.422157,-0.77408,FGM,0.147054,0.28506,0.272381,0.147054,0.621515,0.28506,0
2.79008,-3.92657,7.95513,-0.0619869,1.83833,-0.429298,-0.789189,FGM,0.147054,0.28506,0.272381,0.147054,0.621515,0.28506,0
2.79408,-3.92657,7.95513,-0.0619869,1.83833,-0.429298,-0.789189,FGM,0.147054,0.28506,0.272381,0.147054,0.621515,0.28506,0
2.79883,-3.90824,7.95346,-0.0663484,1.8428,-0.425993,-0.785019,FGM,0.147054,0.28506,0.272381,0.147054,0.621515,0.28506,0
2.80199,-3.90824,7.95346,-0.0663484,1.8428,-0.425993,-0.785019,FGM,0.147054,0.28506,0.272381,0.147054,0.621515,0.28506,0
2.80602,-3.90824,7.95346,-0.0663484,1.8428,-0.425993,-0.785019,FGM,0.147054,0.28506,0.272381,0.147054,0.621515,0.28506,0
2.81008,-3.88987,7.95172,-0.070556,1.84705,-0.432415,-0.798693,FGM,0.147054,0.28506,0.272381,0.147054,0.621515,0.28506,0
2.81407,-3.88987,7.95172,-0.070556,1.84705,-0.432415,-0.798693,FGM,0.147054,0.28506,0.272381,0.147054,0.621515,0.28506,0
2.81879,-3.87147,7.94988,-0.0749464,1.85111,-0.428684,-0.793539,FGM,0.147054,0.28506,0.272381,0.147054,0.621515,0.28506,0
2.82206,-3.87147,7.94988,-0.0749464,1.85111,-0.428684,-0.793539,FGM,0.147054,0.28506,0.272381,0.147054,0.621515,0.28506,0
2.82589,-3.87147,7.94988,-0.0749464,1.85111,-0.428684,-0.793539,FGM,0.291445,0.288936,0.259341,0.291445,0.625484,0.288936,0
2.83003,-3.85312,7.94798,-0.0792041,1.83816,-0.440162,-0.809087,FGM,0.291445,0.288936,0.259341,0.291445,0.625484,0.288936,0
2.83411,-3.85312,7.94798,-0.0792041,1.83816,-0.440162,-0.809087,FGM,0.291445,0.288936,0.259341,0.291445,0.625484,0.288936,0
2.8386,-3.8349,7.946,-0.0836761,1.82767,-0.435753,-0.796413,FGM,0.291445,0.288936,0.259341,0.291445,0.625484,0.288936,0
2.8419,-3.8349,7.946,-0.0836761,1.82767,-0.435753,-0.796413,FGM,0.291445,0.288936,0.259341,0.291445,0.625484,0.288936,0
2.84604,-3.8349,7.946,-0.0836761,1.82767,-0.435753,-0.796413,FGM,0.291445,0.288936,0.259341,0.291445,0.625484,0.288936,0
2.84995,-3.81678,7.94397,-0.0879659,1.81918,-0.440054,-0.800537,FGM,0.291445,0.288936,0.259341,0.291445,0.625484,0.288936,0
2.85387,-3.81678,7.94397,-0.0879659,1.81918,-0.440054,-0.800537,FGM,0.291445,0.288936,0.259341,0.291445,0.625484,0.288936,0
2.85861,-3.79875,7.94186,-0.0924179,1.8123,-0.432578,-0.783963,FGM,0.291445,0.288936,0.259341,0.291445,0.625484,0.288936,0
2.86178,-3.79875,7.94186,-0.0924179,1.8123,-0.432578,-0.783963,FGM,0.291445,0.288936,0.259341,0.291445,0.625484,0.288936,0
2.86576,-3.79875,7.94186,-0.0924179,1.8123,-0.432578,-0.783963,FGM,0.291445,0.288936,0.259341,0.291445,0.625484,0.288936,0
2.8699,-3.78078,7.93968,-0.0966705,1.80673,-0.435752,-0.787288,FGM,0.291445,0.288936,0.259341,0.291445,0.625484,0.288936,0
2.87382,-3.78078,7.93968,-0.0966705,1.80673,-0.435752,-0.787288,FGM,0.291445,0.288936,0.259341,0.291445,0.625484,0.288936,0
2.87874,-3.76288,7.93742,-0.101078,1.80223,-0.428247,-0.771798,FGM,0.299297,0.28023,0.26747,0.299297,0.625484,0.28023,0
2.88186,-3.76288,7.93742,-0.101078,1.80223,-0.428247,-0.771798,FGM,0.299297,0.28023,0.26747,0.299297,0.625484,0.28023,0
2.88587,-3.76288,7.93742,-0.101078,1.80223,-0.428247,-0.771798,FGM,0.299297,0.28023,0.26747,0.299297,0.625484,0.28023,0
2.88991,-3.74512,7.93511,-0.105318,1.77933,-0.437848,-0.779078,FGM,0.299297,0.28023,0.26747,0.299297,0.625484,0.28023,0
2.8946,-3.74512,7.93511,-0.105318,1.77933,-0.437848,-0.779078,FGM,0.299297,0.28023,0.26747,0.299297,0.625484,0.28023,0
2.89883,-3.72758,7.93274,-0.109752,1.76079,-0.429897,-0.75696,FGM,0.299297,0.28023,0.26747,0.299297,0.625484,0.28023,0
2.90191,-3.72758,7.93274,-0.109752,1.76079,-0.429897,-0.75696,FGM,0.299297,0.28023,0.26747,0.299297,0.625484,0.28023,0
2.90592,-3.72758,7.93274,-0.109752,1.76079,-0.429897,-0.75696,FGM,0.299297,0.28023,0.26747,0.299297,0.625484,0.28023,0
2.91004,-3.71021,7.93036,-0.113663,1.74578,-0.342697,-0.598275,FGM,0.299297,0.28023,0.26747,0.299297,0.625484,0.28023,0
2.91397,-3.71021,7.93036,-0.113663,1.74578,-0.342697,-0.598275,FGM,0.299297,0.28023,0.26747,0.299297,0.625484,0.28023,0
2.91866,-3.69297,7.92799,-0.116782,1.73363,-0.30414,-0.527266,FGM,0.299297,0.28023,0.26747,0.299297,0.625484,0.28023,0
2.92192,-3.69297,7.92799,-0.116782,1.73363,-0.30414,-0.527266,FGM,0.299297,0.28023,0.26747,0.299297,0.625484,0.28023,0
2.92592,-3.69297,7.92799,-0.116782,1.73363,-0.30414,-0.527266,FGM,0.113864,0.249572,0.278186,0.113864,0.625484,0.249572,0
2.92994,-3.67585,7.92561,-0.119749,1.72378,-0.273699,-0.471797,FGM,0.113864,0.249572,0.278186,0.113864,0.625484,0.249572,0
2.93399,-3.67585,7.92561,-0.119749,1.72378,-0.273699,-0.471797,FGM,0.113864,0.249572,0.278186,0.113864,0.625484,0.249572,0
2.93862,-3.6589,7.92323,-0.122355,1.70047,-0.267654,-0.455139,FGM,0.113864,0.249572,0.278186,0.113864,0.625484,0.249572,0
2.94194,-3.6589,7.92323,-0.122355,1.70047,-0.267654,-0.455139,FGM,0.113864,0.249572,0.278186,0.113864,0.625484,0.249572,0
2.946,-3.6589,7.92323,-0.122355,1.70047,-0.267654,-0.455139,FGM,0.113864,0.249572,0.278186,0.113864,0.625484,0.249572,0
2.94997,-3.64216,7.92083,-0.125048,1.6816,-0.252741,-0.425008,FGM,0.113864,0.249572,0.278186,0.113864,0.625484,0.249572,0
2.95404,-3.64216,7.92083,-0.125048,1.6816,-0.252741,-0.425008,FGM,0.113864,0.249572,0.278186,0.113864,0.625484,0.249572,0
2.95889,-3.62559,7.91844,-0.12748,1.66631,-0.252711,-0.421094,FGM,0.113864,0.249572,0.278186,0.113864,0.625484,0.249572,0
2.96201,-3.62559,7.91844,-0.12748,1.66631,-0.252711,-0.421094,FGM,0.113864,0.249572,0.278186,0.113864,0.625484,0.249572,0
2.96601,-3.62559,7.91844,-0.12748,1.66631,-0.252711,-0.421094,FGM,0.113864,0.249572,0.278186,0.113864,0.625484,0.249572,0
2.97008,-3.60917,7.91601,-0.130042,1.65393,-0.241827,-0.399965,FGM,0.113864,0.249572,0.278186,0.113864,0.625484,0.249572,0
2.97394,-3.60917,7.91601,-0.130042,1.65393,-0.241827,-0.399965,FGM,0.113864,0.249572,0.278186,0.113864,0.625484,0.249572,0
2.97889,-3.59286,7.91357,-0.132381,1.64391,-0.244362,-0.401709,FGM,0.244725,0.334863,0.269508,0.244725,0.618068,0.334863,0
2.98197,-3.59286,7.91357,-0.132381,1.64391,-0.244362,-0.401709,FGM,0.244725,0.334863,0.269508,0.244725,0.618068,0.334863,0
2.98619,-3.59286,7.91357,-0.132381,1.64391,-0.244362,-0.401709,FGM,0.244725,0.334863,0.269508,0.244725,0.618068,0.334863,0
2.99024,-3.57668,7.91111,-0.134876,1.62936,-0.236108,-0.384704,FGM,0.244725,0.334863,0.269508,0.244725,0.618068,0.334863,0
2.99407,-3.57668,7.91111,-0.134876,1.62936,-0.236108,-0.384704,FGM,0.244725,0.334863,0.269508,0.244725,0.618068,0.334863,0
2.99899,-3.56063,7.90863,-0.137165,1.61758,-0.240045,-0.388292,FGM,0.244725,0.334863,0.269508,0.244725,0.618068,0.334863,0
3.00223,-3.56063,7.90863,-0.137165,1.61758,-0.240045,-0.388292,FGM,0.244725,0.334863,0.269508,0.244725,0.618068,0.334863,0
3.00602,-3.56063,7.90863,-0.137165,1.61758,-0.240045,-0.388292,FGM,0.244725,0.334863,0.269508,0.244725,0.618068,0.334863,0
3.01005,-3.5447,7.90612,-0.139613,1.60804,-0.23144,-0.372164,FGM,0.244725,0.334863,0.269508,0.244725,0.618068,0.334863,0
3.01399,-3.5447,7.90612,-0.139613,1.60804,-0.23144,-0.372164,FGM,0.244725,0.334863,0.269508,0.244725,0.618068,0.334863,0
3.01874,-3.52886,7.90363,-0.141567,1.60031,-0.150525,-0.240888,FGM,0.244725,0.334863,0.269508,0.244725,0.618068,0.334863,0
3.02194,-3.52886,7.90363,-0.141567,1.60031,-0.150525,-0.240888,FGM,0.244725,0.334863,0.269508,0.244725,0.618068,0.334863,0
3.02602,-3.52886,7.90363,-0.141567,1.60031,-0.150525,-0.240888,FRENET,0.268842,0.618068,0.268842,0,0.618068,0.305934,0
3.03005,-3.51307,7.9012,-0.142514,1.59406,-0.0344178,-0.0548639,FRENET,0.268842,0.618068,0.268842,0,0.618068,0.305934,0
3.03413,-3.51307,7.9012,-0.142514,1.59406,-0.0344178,-0.0548639,FRENET,0.268842,0.618068,0.268842,0,0.618068,0.305934,0
3.03885,-3.49723,7.89886,-0.142526,1.609,0.00997749,0.0160538,FRENET,0.268842,0.618068,0.268842,0,0.618068,0.305934,0
3.04197,-3.49723,7.89886,-0.142526,1.609,0.00997749,0.0160538,FRENET,0.268842,0.618068,0.268842,0,0.618068,0.305934,0
3.04596,-3.49723,7.89886,-0.142526,1.609,0.00997749,0.0160538,FRENET,0.268842,0.618068,0.268842,0,0.618068,0.305934,0
3.05,-3.48123,7.89654,-0.142332,1.62324,0.0422529,0.0685864,FRENET,0.268842,0.618068,0.268842,0,0.618068,0.305934,0
3.05396,-3.48123,7.89654,-0.142332,1.62324,0.0422529,0.0685864,FRENET,0.268842,0.618068,0.268842,0,0.618068,0.305934,0
3.05893,-3.46509,7.89428,-0.141506,1.63679,0.130061,0.212882,FRENET,0.268842,0.618068,0.268842,0,0.618068,0.305934,0
3.06209,-3.46509,7.89428,-0.141506,1.63679,0.130061,0.212882,FRENET,0.268842,0.618068,0.268842,0,0.618068,0.305934,0
3.0661,-3.46509,7.89428,-0.141506,1.63679,0.130061,0.212882,FRENET,0.268842,0.618068,0.268842,0,0.618068,0.305934,0
3.07026,-3.4488,7.89213,-0.139635,1.6497,0.247925,0.409003,FRENET,0.268842,0.618068,0.268842,0,0.618068,0.305934,0
3.07405,-3.4488,7.89213,-0.139635,1.6497,0.247925,0.409003,FRENET,0.268842,0.618068,0.268842,0,0.618068,0.305934,0
3.0789,-3.43236,7.89011,-0.136761,1.662,0.304017,0.505277,FRENET,0.267429,0.618068,0.267429,0,0.618068,0.314655,0
3.08207,-3.43236,7.89011,-0.136761,1.662,0.304017,0.505277,FRENET,0.267429,0.618068,0.267429,0,0.618068,0.314655,0
3.08618,-3.43236,7.89011,-0.136761,1.662,0.304017,0.505277,FRENET,0.267429,0.618068,0.267429,0,0.618068,0.314655,0
3.09002,-3.4158,7.88818,-0.133585,1.67371,0.344135,0.575983,FRENET,0.267429,0.618068,0.267429,0,0.618068,0.314655,0
3.09392,-3.4158,7.88818,-0.133585,1.67371,0.344135,0.575983,FRENET,0.267429,0.618068,0.267429,0,0.618068,0.314655,0
3.09895,-3.3991,7.88635,-0.129975,1.68487,0.359493,0.605699,FRENET,0.267429,0.618068,0.267429,0,0.618068,0.314655,0
3.102,-3.3991,7.88635,-0.129975,1.68487,0.359493,0.605699,FRENET,0.267429,0.618068,0.267429,0,0.618068,0.314655,0
3.10595,-3.3991,7.88635,-0.129975,1.68487,0.359493,0.605699,FRENET,0.267429,0.618068,0.267429,0,0.618068,0.314655,0
3.1101,-3.38229,7.88459,-0.126366,1.6955,0.377718,0.640418,FRENET,0.267429,0.618068,0.267429,0,0.618068,0.314655,0
3.11415,-3.38229,7.88459,-0.126366,1.6955,0.377718,0.640418,FRENET,0.267429,0.618068,0.267429,0,0.618068,0.314655,0
3.11891,-3.36537,7.88292,-0.122486,1.70562,0.381108,0.650024,FRENET,0.267429,0.618068,0.267429,0,0.618068,0.314655,0
3.12198,-3.36537,7.88292,-0.122486,1.70562,0.381108,0.650024,FRENET,0.267429,0.618068,0.267429,0,0.618068,0.314655,0
3.12619,-3.36537,7.88292,-0.122486,1.70562,0.381108,0.650024,FRENET,0.267418,0.618068,0.267418,0,0.618068,0.325789,0
3.13006,-3.34829,7.8813,-0.118714,1.72543,0.389427,0.671928,FRENET,0.267418,0.618068,0.267418,0,0.618068,0.325789,0
3.13419,-3.34829,7.8813,-0.118714,1.72543,0.389427,0.671928,FRENET,0.267418,0.618068,0.267418,0,0.618068,0.325789,0
3.13886,-3.33101,7.87975,-0.114742,1.7443,0.389143,0.678781,FRENET,0.267418,0.618068,0.267418,0,0.618068,0.325789,0
3.14196,-3.33101,7.87975,-0.114742,1.7443,0.389143,0.678781,FRENET,0.267418,0.618068,0.267418,0,0.618068,0.325789,0
3.14588,-3.33101,7.87975,-0.114742,1.7443,0.389143,0.678781,FRENET,0.267418,0.618068,0.267418,0,0.618068,0.325789,0
3.15012,-3.31355,7.87822,-0.111146,1.76227,0.321223,0.566081,FRENET,0.267418,0.618068,0.267418,0,0.618068,0.325789,0
3.15419,-3.31355,7.87822,-0.111146,1.76227,0.321223,0.566081,FRENET,0.267418,0.618068,0.267418,0,0.618068,0.325789,0
3.15887,-3.29591,7.87668,-0.108175,1.77939,0.292705,0.520836,FRENET,0.267418,0.618068,0.267418,0,0.618068,0.325789,0
3.16212,-3.29591,7.87668,-0.108175,1.77939,0.292705,0.520836,FRENET,0.267418,0.618068,0.267418,0,0.618068,0.325789,0
3.16611,-3.29591,7.87668,-0.108175,1.77939,0.292705,0.520836,FRENET,0.267418,0.618068,0.267418,0,0.618068,0.325789,0
3.1701,-3.2781,7.87515,-0.105289,1.79569,0.270427,0.485604,FRENET,0.267418,0.618068,0.267418,0,0.618068,0.325789,0
3.1739,-3.2781,7.87515,-0.105289,1.79569,0.270427,0.485604,FRENET,0.267418,0.618068,0.267418,0,0.618068,0.325789,0
3.17902,-3.26013,7.87362,-0.102692,1.81122,0.266256,0.482249,FRENET,0.227523,0.60287,0.227523,0.00468064,0.60287,0.334973,0
3.18202,-3.26013,7.87362,-0.102692,1.81122,0.266256,0.482249,FRENET,0.227523,0.60287,0.227523,0.00468064,0.60287,0.334973,0
3.18589,-3.26013,7.87362,-0.102692,1.81122,0.266256,0.482249,FRENET,0.227523,0.60287,0.227523,0.00468064,0.60287,0.334973,0
3.19008,-3.24212,7.87213,-0.0999735,1.80182,0.259312,0.467233,FRENET,0.227523,0.60287,0.227523,0.00468064,0.60287,0.334973,0
3.19409,-3.24212,7.87213,-0.0999735,1.80182,0.259312,0.467233,FRENET,0.227523,0.60287,0.227523,0.00468064,0.60287,0.334973,0
3.19884,-3.2242,7.87067,-0.0974509,1.79421,0.263116,0.472085,FRENET,0.227523,0.60287,0.227523,0.00468064,0.60287,0.334973,0
3.202,-3.2242,7.87067,-0.0974509,1.79421,0.263116,0.472085,FRENET,0.227523,0.60287,0.227523,0.00468064,0.60287,0.334973,0
3.20606,-3.2242,7.87067,-0.0974509,1.79421,0.263116,0.472085,FRENET,0.227523,0.60287,0.227523,0.00468064,0.60287,0.334973,0
3.21014,-3.20635,7.86927,-0.0947673,1.78804,0.255908,0.457573,FRENET,0.227523,0.60287,0.227523,0.00468064,0.60287,0.334973,0
3.21384,-3.20635,7.86927,-0.0947673,1.78804,0.255908,0.457573,FRENET,0.227523,0.60287,0.227523,0.00468064,0.60287,0.334973,0
3.21895,-3.18854,7.8679,-0.0922776,1.78305,0.2598,0.463235,FRENET,0.227523,0.60287,0.227523,0.00468064,0.60287,0.334973,0
3.2221,-3.18854,7.8679,-0.0922776,1.78305,0.2598,0.463235,FRENET,0.227523,0.60287,0.227523,0.00468064,0.60287,0.334973,0
3.22599,-3.18854,7.8679,-0.0922776,1.78305,0.2598,0.463235,FRENET,0.245773,0.60287,0.245773,0.0271271,0.60287,0.350137,0
3.23016,-3.17078,7.86659,-0.089626,1.779,0.252971,0.450037,FRENET,0.245773,0.60287,0.245773,0.0271271,0.60287,0.350137,0
3.23413,-3.17078,7.86659,-0.089626,1.779,0.252971,0.450037,FRENET,0.245773,0.60287,0.245773,0.0271271,0.60287,0.350137,0
3.23879,-3.15305,7.86531,-0.0871631,1.77573,0.257247,0.456801,FRENET,0.245773,0.60287,0.245773,0.0271271,0.60287,0.350137,0
3.24224,-3.15305,7.86531,-0.0871631,1.77573,0.257247,0.456801,FRENET,0.245773,0.60287,0.245773,0.0271271,0.60287,0.350137,0
3.24603,-3.15305,7.86531,-0.0871631,1.77573,0.257247,0.456801,FRENET,0.245773,0.60287,0.245773,0.0271271,0.60287,0.350137,0
3.25011,-3.13535,7.86409,-0.0845353,1.77308,0.250855,0.444785,FRENET,0.245773,0.60287,0.245773,0.0271271,0.60287,0.350137,0
3.2539,-3.13535,7.86409,-0.0845353,1.77308,0.250855,0.444785,FRENET,0.245773,0.60287,0.245773,0.0271271,0.60287,0.350137,0
3.25894,-3.11767,7.8629,-0.0820912,1.77093,0.255486,0.452448,FRENET,0.245773,0.60287,0.245773,0.0271271,0.60287,0.350137,0
3.26203,-3.11767,7.8629,-0.0820912,1.77093,0.255486,0.452448,FRENET,0.245773,0.60287,0.245773,0.0271271,0.60287,0.350137,0
3.26602,-3.11767,7.8629,-0.0820912,1.77093,0.255486,0.452448,FRENET,0.245773,0.60287,0.245773,0.0271271,0.60287,0.350137,0
3.27004,-3.10001,7.86177,-0.0794796,1.76919,0.249436,0.4413,FRENET,0.245773,0.60287,0.245773,0.0271271,0.60287,0.350137,0
3.27436,-3.10001,7.86177,-0.0794796,1.76919,0.249436,0.4413,FRENET,0.245773,0.60287,0.245773,0.0271271,0.60287,0.350137,0
3.27893,-3.08236,7.86067,-0.077048,1.76778,0.254329,0.449598,FRENET,0.246278,0.60287,0.246278,0.00994768,0.60287,0.335933,0
3.28198,-3.08236,7.86067,-0.077048,1.76778,0.254329,0.449598,FRENET,0.246278,0.60287,0.246278,0.00994768,0.60287,0.335933,0
3.28604,-3.08236,7.86067,-0.077048,1.76778,0.254329,0.449598,FRENET,0.246278,0.60287,0.246278,0.00994768,0.60287,0.335933,0
3.29003,-3.06472,7.85962,-0.0744469,1.76664,0.248515,0.439037,FRENET,0.246278,0.60287,0.246278,0.00994768,0.60287,0.335933,0
3.29414,-3.06472,7.85962,-0.0744469,1.76664,0.248515,0.439037,FRENET,0.246278,0.60287,0.246278,0.00994768,0.60287,0.335933,0
3.29894,-3.04708,7.85861,-0.0720235,1.76572,0.253583,0.447757,FRENET,0.246278,0.60287,0.246278,0.00994768,0.60287,0.335933,0
3.30208,-3.04708,7.85861,-0.0720235,1.76572,0.253583,0.447757,FRENET,0.246278,0.60287,0.246278,0.00994768,0.60287,0.335933,0
3.30612,-3.04708,7.85861,-0.0720235,1.76572,0.253583,0.447757,FRENET,0.246278,0.60287,0.246278,0.00994768,0.60287,0.335933,0
3.31016,-3.0294,7.85766,-0.069442,1.7755,0.246538,0.437728,FRENET,0.246278,0.60287,0.246278,0.00994768,0.60287,0.335933,0
3.3142,-3.0294,7.85766,-0.069442,1.7755,0.246538,0.437728,FRENET,0.246278,0.60287,0.246278,0.00994768,0.60287,0.335933,0
3.31911,-3.01163,7.85673,-0.0670371,1.78482,0.251231,0.448401,FRENET,0.246278,0.60287,0.246278,0.00994768,0.60287,0.335933,0
3.32222,-3.01163,7.85673,-0.0670371,1.78482,0.251231,0.448401,FRENET,0.246278,0.60287,0.246278,0.00994768,0.60287,0.335933,0
3.32611,-3.01163,7.85673,-0.0670371,1.78482,0.251231,0.448401,FRENET,0,0.241505,0,0.0503485,0.241505,0.371387,0
3.32997,-2.99375,7.85585,-0.0644647,1.79369,0.24671,0.442522,FRENET,0,0.241505,0,0.0503485,0.241505,0.371387,0
3.33399,-2.99375,7.85585,-0.0644647,1.79369,0.24671,0.442522,FRENET,0,0.241505,0,0.0503485,0.241505,0.371387,0
3.33894,-2.97631,7.85503,-0.061978,1.69909,0.272243,0.462565,FRENET,0,0.241505,0,0.0503485,0.241505,0.371387,0
3.34213,-2.97631,7.85503,-0.061978,1.69909,0.272243,0.462565,FRENET,0,0.241505,0,0.0503485,0.241505,0.371387,0
3.34627,-2.97631,7.85503,-0.061978,1.69909,0.272243,0.462565,FRENET,0,0.241505,0,0.0503485,0.241505,0.371387,0
3.35025,-2.95972,7.8543,-0.0591784,1.62248,0.262904,0.426558,FRENET,0,0.241505,0,0.0503485,0.241505,0.371387,0
3.35406,-2.95972,7.8543,-0.0591784,1.62248,0.262904,0.426558,FRENET,0,0.241505,0,0.0503485,0.241505,0.371387,0
3.35876,-2.94382,7.85359,-0.0570112,1.56045,0.160025,0.249711,FRENET,0,0.241505,0,0.0503485,0.241505,0.371387,0
3.36202,-2.94382,7.85359,-0.0570112,1.56045,0.160025,0.249711,FRENET,0,0.241505,0,0.0503485,0.241505,0.371387,0
3.36593,-2.94382,7.85359,-0.0570112,1.56045,0.160025,0.249711,FRENET,0,0.241505,0,0.0503485,0.241505,0.371387,0
3.37029,-2.92848,7.85284,-0.0560751,1.51021,0.023335,0.0352408,FRENET,0,0.241505,0,0.0503485,0.241505,0.371387,0
3.37402,-2.92848,7.85284,-0.0560751,1.51021,0.023335,0.0352408,FRENET,0,0.241505,0,0.0503485,0.241505,0.371387,0
3.37885,-2.91361,7.85203,-0.0562332,1.46953,-0.0257834,-0.0378895,FRENET,0,0.241505,0,0.0376241,0.241505,0.355107,0
3.38196,-2.91361,7.85203,-0.0562332,1.46953,-0.0257834,-0.0378895,FRENET,0,0.241505,0,0.0376241,0.241505,0.355107,0
3.38603,-2.91361,7.85203,-0.0562332,1.46953,-0.0257834,-0.0378895,FRENET,0,0.241505,0,0.0376241,0.241505,0.355107,0
3.39002,-2.8991,7.8512,-0.0565695,1.43658,-0.0580114,-0.0833383,FRENET,0,0.241505,0,0.0376241,0.241505,0.355107,0
3.39405,-2.8991,7.8512,-0.0565695,1.43658,-0.0580114,-0.0833383,FRENET,0,0.241505,0,0.0376241,0.241505,0.355107,0
3.39884,-2.8849,7.85032,-0.0575661,1.40991,-0.148531,-0.209415,FRENET,0,0.241505,0,0.0376241,0.241505,0.355107,0
3.40204,-2.8849,7.85032,-0.0575661,1.40991,-0.148531,-0.209415,FRENET,0,0.241505,0,0.0376241,0.241505,0.355107,0
3.40607,-2.8849,7.85032,-0.0575661,1.40991,-0.148531,-0.209415,FRENET,0,0.241505,0,0.0376241,0.241505,0.355107,0
3.41008,-2.87094,7.84935,-0.059306,1.3883,-0.174482,-0.242233,FRENET,0,0.241505,0,0.0376241,0.241505,0.355107,0
3.41403,-2.87094,7.84935,-0.059306,1.3883,-0.174482,-0.242233,FRENET,0,0.241505,0,0.0376241,0.241505,0.355107,0
3.41886,-2.85718,7.84834,-0.0610683,1.37081,-0.194853,-0.267107,FRENET,0,0.241505,0,0.0376241,0.241505,0.355107,0
3.42185,-2.85718,7.84834,-0.0610683,1.37081,-0.194853,-0.267107,FRENET,0,0.241505,0,0.0376241,0.241505,0.355107,0
3.42594,-2.85718,7.84834,-0.0610683,1.37081,-0.194853,-0.267107,FRENET,0,0.241505,0,0.026324,0.241505,0.344505,0
3.43014,-2.84358,7.84727,-0.063095,1.35664,-0.190732,-0.258754,FRENET,0,0.241505,0,0.026324,0.241505,0.344505,0
3.43409,-2.84358,7.84727,-0.063095,1.35664,-0.190732,-0.258754,FRENET,0,0.241505,0,0.026324,0.241505,0.344505,0
3.43885,-2.83012,7.84619,-0.0649496,1.34517,-0.198659,-0.26723,FRENET,0,0.241505,0,0.026324,0.241505,0.344505,0
3.442,-2.83012,7.84619,-0.0649496,1.34517,-0.198659,-0.26723,FRENET,0,0.241505,0,0.026324,0.241505,0.344505,0
3.44605,-2.83012,7.84619,-0.0649496,1.34517,-0.198659,-0.26723,FRENET,0,0.241505,0,0.026324,0.241505,0.344505,0
3.44987,-2.81676,7.84506,-0.0669857,1.33588,-0.189968,-0.253774,FRENET,0,0.241505,0,0.026324,0.241505,0.344505,0
3.45406,-2.81676,7.84506,-0.0669857,1.33588,-0.189968,-0.253774,FRENET,0,0.241505,0,0.026324,0.241505,0.344505,0
3.45864,-2.80349,7.84392,-0.0688251,1.32835,-0.196394,-0.260881,FRENET,0,0.241505,0,0.026324,0.241505,0.344505,0
3.46198,-2.80349,7.84392,-0.0688251,1.32835,-0.196394,-0.260881,FRENET,0,0.241505,0,0.026324,0.241505,0.344505,0
3.46601,-2.80349,7.84392,-0.0688251,1.32835,-0.196394,-0.260881,FRENET,0,0.241505,0,0.026324,0.241505,0.344505,0
3.47002,-2.79029,7.84273,-0.0708361,1.32226,-0.187549,-0.247988,FRENET,0,0.241505,0,0.026324,0.241505,0.344505,0
3.4739,-2.79029,7.84273,-0.0708361,1.32226,-0.187549,-0.247988,FRENET,0,0.241505,0,0.026324,0.241505,0.344505,0
3.47874,-2.77714,7.84154,-0.072653,1.31733,-0.194166,-0.25578,FRENET,0.217174,0.697302,0.217174,0.0111574,0.697302,0.331522,0
3.48213,-2.77714,7.84154,-0.072653,1.31733,-0.194166,-0.25578,FRENET,0.217174,0.697302,0.217174,0.0111574,0.697302,0.331522,0
3.48606,-2.77714,7.84154,-0.072653,1.31733,-0.194166,-0.25578,FRENET,0.217174,0.697302,0.217174,0.0111574,0.697302,0.331522,0
3.49008,-2.76392,7.8403,-0.0746239,1.33934,-0.184962,-0.247727,FRENET,0.217174,0.697302,0.217174,0.0111574,0.697302,0.331522,0
3.49404,-2.76392,7.8403,-0.0746239,1.33934,-0.184962,-0.247727,FRENET,0.217174,0.697302,0.217174,0.0111574,0.697302,0.331522,0
3.4989,-2.75048,7.83902,-0.0764265,1.36031,-0.192041,-0.261235,FRENET,0.217174,0.697302,0.217174,0.0111574,0.697302,0.331522,0
3.50196,-2.75048,7.83902,-0.0764265,1.36031,-0.192041,-0.261235,FRENET,0.217174,0.697302,0.217174,0.0111574,0.697302,0.331522,0
3.50598,-2.75048,7.83902,-0.0764265,1.36031,-0.192041,-0.261235,FRENET,0.217174,0.697302,0.217174,0.0111574,0.697302,0.331522,0
3.51003,-2.73684,7.83768,-0.078406,1.38027,-0.187816,-0.259237,FRENET,0.217174,0.697302,0.217174,0.0111574,0.697302,0.331522,0
3.51406,-2.73684,7.83768,-0.078406,1.38027,-0.187816,-0.259237,FRENET,0.217174,0.697302,0.217174,0.0111574,0.697302,0.331522,0
3.51877,-2.72301,7.83634,-0.0799955,1.39929,-0.12236,-0.171217,FRENET,0.217174,0.697302,0.217174,0.0111574,0.697302,0.331522,0
3.52194,-2.72301,7.83634,-0.0799955,1.39929,-0.12236,-0.171217,FRENET,0.217174,0.697302,0.217174,0.0111574,0.697302,0.331522,0
3.52595,-2.72301,7.83634,-0.0799955,1.39929,-0.12236,-0.171217,FRENET,0.217611,0.697302,0.217611,0.00088053,0.697302,0.321743,0
3.52991,-2.70899,7.83504,-0.080757,1.41741,-0.0259629,-0.0368,FRENET,0.217611,0.697302,0.217611,0.00088053,0.697302,0.321743,0
3.53394,-2.70899,7.83504,-0.080757,1.41741,-0.0259629,-0.0368,FRENET,0.217611,0.697302,0.217611,0.00088053,0.697302,0.321743,0
3.53862,-2.69478,7.83384,-0.0804606,1.43466,0.0874841,0.12551,FRENET,0.217611,0.697302,0.217611,0.00088053,0.697302,0.321743,0
3.54199,-2.69478,7.83384,-0.0804606,1.43466,0.0874841,0.12551,FRENET,0.217611,0.697302,0.217611,0.00088053,0.697302,0.321743,0
3.54595,-2.69478,7.83384,-0.0804606,1.43466,0.0874841,0.12551,FRENET,0.217611,0.697302,0.217611,0.00088053,0.697302,0.321743,0
3.54995,-2.68039,7.83275,-0.0792297,1.4511,0.13577,0.197015,FRENET,0.217611,0.697302,0.217611,0.00088053,0.697302,0.321743,0
3.55396,-2.68039,7.83275,-0.0792297,1.4511,0.13577,0.197015,FRENET,0.217611,0.697302,0.217611,0.00088053,0.697302,0.321743,0
3.55854,-2.66584,7.83173,-0.0777624,1.46675,0.170862,0.250612,FRENET,0.217611,0.697302,0.217611,0.00088053,0.697302,0.321743,0
3.56199,-2.66584,7.83173,-0.0777624,1.46675,0.170862,0.250612,FRENET,0.217611,0.697302,0.217611,0.00088053,0.697302,0.321743,0
3.56597,-2.66584,7.83173,-0.0777624,1.46675,0.170862,0.250612,FRENET,0.217611,0.697302,0.217611,0.00088053,0.697302,0.321743,0
3.57003,-2.65112,7.83081,-0.0756511,1.48165,0.257851,0.382046,FRENET,0.217611,0.697302,0.217611,0.00088053,0.697302,0.321743,0
3.57397,-2.65112,7.83081,-0.0756511,1.48165,0.257851,0.382046,FRENET,0.217611,0.697302,0.217611,0.00088053,0.697302,0.321743,0
3.57891,-2.63626,7.83001,-0.0727823,1.49585,0.294653,0.440757,FRENET,0.224643,0.697302,0.224643,0.0258931,0.697302,0.347493,0
3.58198,-2.63626,7.83001,-0.0727823,1.49585,0.294653,0.440757,FRENET,0.224643,0.697302,0.224643,0.0258931,0.697302,0.347493,0
3.58599,-2.63626,7.83001,-0.0727823,1.49585,0.294653,0.440757,FRENET,0.224643,0.697302,0.224643,0.0258931,0.697302,0.347493,0
3.59005,-2.62125,7.82928,-0.0697569,1.50938,0.324501,0.489794,FRENET,0.224643,0.697302,0.224643,0.0258931,0.697302,0.347493,0
3.59394,-2.62125,7.82928,-0.0697569,1.50938,0.324501,0.489794,FRENET,0.224643,0.697302,0.224643,0.0258931,0.697302,0.347493,0
3.59872,-2.60611,7.82865,-0.06638,1.52226,0.333094,0.507054,FRENET,0.224643,0.697302,0.224643,0.0258931,0.697302,0.347493,0
3.60214,-2.60611,7.82865,-0.06638,1.52226,0.333094,0.507054,FRENET,0.224643,0.697302,0.224643,0.0258931,0.697302,0.347493,0
3.60616,-2.60611,7.82865,-0.06638,1.52226,0.333094,0.507054,FRENET,0.224643,0.697302,0.224643,0.0258931,0.697302,0.347493,0
3.61007,-2.59083,7.82807,-0.063052,1.53453,0.348367,0.534578,FRENET,0.224643,0.697302,0.224643,0.0258931,0.697302,0.347493,0
3.61406,-2.59083,7.82807,-0.063052,1.53453,0.348367,0.534578,FRENET,0.224643,0.697302,0.224643,0.0258931,0.697302,0.347493,0
3.61869,-2.57544,7.82758,-0.0594789,1.54621,0.349262,0.540033,FRENET,0.224643,0.697302,0.224643,0.0258931,0.697302,0.347493,0
3.62213,-2.57544,7.82758,-0.0594789,1.54621,0.349262,0.540033,FRENET,0.224643,0.697302,0.224643,0.0258931,0.697302,0.347493,0
3.62602,-2.57544,7.82758,-0.0594789,1.54621,0.349262,0.540033,FRENET,0.206288,0.690376,0.206288,0.0186999,0.690376,0.337085,0
3.6299,-2.55993,7.82713,-0.0560138,1.55734,0.360131,0.560846,FRENET,0.206288,0.690376,0.206288,0.0186999,0.690376,0.337085,0
3.63398,-2.55993,7.82713,-0.0560138,1.55734,0.360131,0.560846,FRENET,0.206288,0.690376,0.206288,0.0186999,0.690376,0.337085,0
3.63896,-2.54433,7.82675,-0.0523272,1.56175,0.359515,0.561473,FRENET,0.206288,0.690376,0.206288,0.0186999,0.690376,0.337085,0
3.64209,-2.54433,7.82675,-0.0523272,1.56175,0.359515,0.561473,FRENET,0.206288,0.690376,0.206288,0.0186999,0.690376,0.337085,0
3.64603,-2.54433,7.82675,-0.0523272,1.56175,0.359515,0.561473,FRENET,0.206288,0.690376,0.206288,0.0186999,0.690376,0.337085,0
3.64998,-2.5287,7.82642,-0.0487701,1.56596,0.368767,0.577475,FRENET,0.206288,0.690376,0.206288,0.0186999,0.690376,0.337085,0
3.65388,-2.5287,7.82642,-0.0487701,1.56596,0.368767,0.577475,FRENET,0.206288,0.690376,0.206288,0.0186999,0.690376,0.337085,0
3.65859,-2.51302,7.82616,-0.0450146,1.56996,0.365012,0.573056,FRENET,0.206288,0.690376,0.206288,0.0186999,0.690376,0.337085,0
3.66191,-2.51302,7.82616,-0.0450146,1.56996,0.365012,0.573056,FRENET,0.206288,0.690376,0.206288,0.0186999,0.690376,0.337085,0
3.66591,-2.51302,7.82616,-0.0450146,1.56996,0.365012,0.573056,FRENET,0.206288,0.690376,0.206288,0.0186999,0.690376,0.337085,0
3.67016,-2.4973,7.82593,-0.0416876,1.57378,0.291659,0.459007,FRENET,0.206288,0.690376,0.206288,0.0186999,0.690376,0.337085,0
3.67402,-2.4973,7.82593,-0.0416876,1.57378,0.291659,0.459007,FRENET,0.206288,0.690376,0.206288,0.0186999,0.690376,0.337085,0
3.67875,-2.48155,7.82567,-0.0390171,1.57741,0.263802,0.416125,FRENET,0.214306,0.690376,0.214306,0.029451,0.690376,0.346613,0
3.68198,-2.48155,7.82567,-0.0390171,1.57741,0.263802,0.416125,FRENET,0.214306,0.690376,0.214306,0.029451,0.690376,0.346613,0
3.68596,-2.48155,7.82567,-0.0390171,1.57741,0.263802,0.416125,FRENET,0.214306,0.690376,0.214306,0.029451,0.690376,0.346613,0
3.69009,-2.46576,7.82544,-0.0364184,1.58087,0.240822,0.380709,FRENET,0.214306,0.690376,0.214306,0.029451,0.690376,0.346613,0
3.69408,-2.46576,7.82544,-0.0364184,1.58087,0.240822,0.380709,FRENET,0.214306,0.690376,0.214306,0.029451,0.690376,0.346613,0
3.69893,-2.44994,7.82521,-0.034115,1.58417,0.238119,0.37722,FRENET,0.214306,0.690376,0.214306,0.029451,0.690376,0.346613,0
3.70206,-2.44994,7.82521,-0.034115,1.58417,0.238119,0.37722,FRENET,0.214306,0.690376,0.214306,0.029451,0.690376,0.346613,0
3.70592,-2.44994,7.82521,-0.034115,1.58417,0.238119,0.37722,FRENET,0.214306,0.690376,0.214306,0.029451,0.690376,0.346613,0
3.70995,-2.43408,7.82502,-0.0317018,1.58731,0.227844,0.361658,FRENET,0.214306,0.690376,0.214306,0.029451,0.690376,0.346613,0
3.71391,-2.43408,7.82502,-0.0317018,1.58731,0.227844,0.361658,FRENET,0.214306,0.690376,0.214306,0.029451,0.690376,0.346613,0
3.71875,-2.41819,7.82484,-0.0294921,1.5903,0.231591,0.368299,FRENET,0.214306,0.690376,0.214306,0.029451,0.690376,0.346613,0
3.72199,-2.41819,7.82484,-0.0294921,1.5903,0.231591,0.368299,FRENET,0.214306,0.690376,0.214306,0.029451,0.690376,0.346613,0
3.72611,-2.41819,7.82484,-0.0294921,1.5903,0.231591,0.368299,FGM,0.0602216,0.376072,0,0.0602216,1.03047,0.376072,0
3.73006,-2.40228,7.8247,-0.0271253,1.59315,0.224666,0.357926,FGM,0.0602216,0.376072,0,0.0602216,1.03047,0.376072,0
3.73408,-2.40228,7.8247,-0.0271253,1.59315,0.224666,0.357926,FGM,0.0602216,0.376072,0,0.0602216,1.03047,0.376072,0
3.73876,-2.38605,7.82457,-0.0249583,1.65255,0.223212,0.36887,FGM,0.0602216,0.376072,0,0.0602216,1.03047,0.376072,0
3.74202,-2.38605,7.82457,-0.0249583,1.65255,0.223212,0.36887,FGM,0.0602216,0.376072,0,0.0602216,1.03047,0.376072,0
3.74602,-2.38605,7.82457,-0.0249583,1.65255,0.223212,0.36887,FGM,0.0602216,0.376072,0,0.0602216,1.03047,0.376072,0
3.75006,-2.36924,7.82449,-0.0226783,1.70913,0.220419,0.376726,FGM,0.0602216,0.376072,0,0.0602216,1.03047,0.376072,0
3.75402,-2.36924,7.82449,-0.0226783,1.70913,0.220419,0.376726,FGM,0.0602216,0.376072,0,0.0602216,1.03047,0.376072,0
3.75881,-2.35188,7.8244,-0.0207238,1.76303,0.1631,0.287549,FGM,0.0602216,0.376072,0,0.0602216,1.03047,0.376072,0
3.76196,-2.35188,7.8244,-0.0207238,1.76303,0.1631,0.287549,FGM,0.0602216,0.376072,0,0.0602216,1.03047,0.376072,0
3.76608,-2.35188,7.8244,-0.0207238,1.76303,0.1631,0.287549,FGM,0.0602216,0.376072,0,0.0602216,1.03047,0.376072,0
3.76999,-2.33399,7.82428,-0.0193052,1.81435,0.136969,0.24851,FGM,0.0602216,0.376072,0,0.0602216,1.03047,0.376072,0
3.77396,-2.33399,7.82428,-0.0193052,1.81435,0.136969,0.24851,FGM,0.0602216,0.376072,0,0.0602216,1.03047,0.376072,0
3.77883,-2.31561,7.82415,-0.0179812,1.86324,0.115946,0.216036,FGM,0.055982,0.372497,0,0.055982,1.03047,0.372497,0
3.78218,-2.31561,7.82415,-0.0179812,1.86324,0.115946,0.216036,FGM,0.055982,0.372497,0,0.055982,1.03047,0.372497,0
3.78601,-2.31561,7.82415,-0.0179812,1.86324,0.115946,0.216036,FGM,0.055982,0.372497,0,0.055982,1.03047,0.372497,0
3.79004,-2.29675,7.82399,-0.0169286,1.9076,0.10936,0.208616,FGM,0.055982,0.372497,0,0.055982,1.03047,0.372497,0
3.79419,-2.29675,7.82399,-0.0169286,1.9076,0.10936,0.208616,FGM,0.055982,0.372497,0,0.055982,1.03047,0.372497,0
3.79913,-2.27747,7.82385,-0.0158171,1.94984,0.0995051,0.194019,FGM,0.055982,0.372497,0,0.055982,1.03047,0.372497,0
3.80205,-2.27747,7.82385,-0.0158171,1.94984,0.0995051,0.194019,FGM,0.055982,0.372497,0,0.055982,1.03047,0.372497,0
3.80631,-2.27747,7.82385,-0.0158171,1.94984,0.0995051,0.194019,FGM,0.055982,0.372497,0,0.055982,1.03047,0.372497,0
3.80995,-2.25777,7.82369,-0.0148939,1.99008,0.0995987,0.198209,FGM,0.055982,0.372497,0,0.055982,1.03047,0.372497,0
3.81418,-2.25777,7.82369,-0.0148939,1.99008,0.0995987,0.198209,FGM,0.055982,0.372497,0,0.055982,1.03047,0.372497,0
3.81894,-2.23768,7.82354,-0.0138558,2.0284,0.0939571,0.190583,FGM,0.055982,0.372497,0,0.055982,1.03047,0.372497,0
3.82199,-2.23768,7.82354,-0.0138558,2.0284,0.0939571,0.190583,FGM,0.055982,0.372497,0,0.055982,1.03047,0.372497,0
3.82598,-2.23768,7.82354,-0.0138558,2.0284,0.0939571,0.190583,FGM,0.0724473,0.401137,0,0.0724473,1.03047,0.401137,0
3.83001,-2.21721,7.82339,-0.0129754,2.06491,0.0966392,0.199551,FGM,0.0724473,0.401137,0,0.0724473,1.03047,0.401137,0
3.83376,-2.21721,7.82339,-0.0129754,2.06491,0.0966392,0.199551,FGM,0.0724473,0.401137,0,0.0724473,1.03047,0.401137,0
3.83883,-2.1964,7.82326,-0.0119547,2.09677,0.0928309,0.194645,FGM,0.0724473,0.401137,0,0.0724473,1.03047,0.401137,0
3.84197,-2.1964,7.82326,-0.0119547,2.09677,0.0928309,0.194645,FGM,0.0724473,0.401137,0,0.0724473,1.03047,0.401137,0
3.84595,-2.1964,7.82326,-0.0119547,2.09677,0.0928309,0.194645,FGM,0.0724473,0.401137,0,0.0724473,1.03047,0.401137,0
3.84981,-2.17528,7.82313,-0.0110812,2.12712,0.0967294,0.205755,FGM,0.0724473,0.401137,0,0.0724473,1.03047,0.401137,0
3.85389,-2.17528,7.82313,-0.0110812,2.12712,0.0967294,0.205755,FGM,0.0724473,0.401137,0,0.0724473,1.03047,0.401137,0
3.85878,-2.15387,7.82303,-0.0100551,2.15603,0.0935632,0.201725,FGM,0.0724473,0.401137,0,0.0724473,1.03047,0.401137,0
3.86195,-2.15387,7.82303,-0.0100551,2.15603,0.0935632,0.201725,FGM,0.0724473,0.401137,0,0.0724473,1.03047,0.401137,0
3.86596,-2.15387,7.82303,-0.0100551,2.15603,0.0935632,0.201725,FGM,0.0724473,0.401137,0,0.0724473,1.03047,0.401137,0
3.86982,-2.13217,7.82292,-0.00917324,2.18356,0.0978473,0.213655,FGM,0.0724473,0.401137,0,0.0724473,1.03047,0.401137,0
3.8738,-2.13217,7.82292,-0.00917324,2.18356,0.0978473,0.213655,FGM,0.0724473,0.401137,0,0.0724473,1.03047,0.401137,0
3.87867,-2.1102,7.82285,-0.00813331,2.20978,0.0949976,0.209924,FGM,0.0700115,0.398911,0.132314,0.0700115,0.902079,0.398911,0
3.88197,-2.1102,7.82285,-0.00813331,2.20978,0.0949976,0.209924,FGM,0.0700115,0.398911,0.132314,0.0700115,0.902079,0.398911,0
3.88591,-2.1102,7.82285,-0.00813331,2.20978,0.0949976,0.209924,FGM,0.0700115,0.398911,0.132314,0.0700115,0.902079,0.398911,0
3.88998,-2.088,7.82278,-0.00723667,2.23144,0.0997612,0.222611,FGM,0.0700115,0.398911,0.132314,0.0700115,0.902079,0.398911,0
3.894,-2.088,7.82278,-0.00723667,2.23144,0.0997612,0.222611,FGM,0.0700115,0.398911,0.132314,0.0700115,0.902079,0.398911,0
3.89895,-2.06558,7.82273,-0.00617466,2.25206,0.0970581,0.21858,FGM,0.0700115,0.398911,0.132314,0.0700115,0.902079,0.398911,0
3.90209,-2.06558,7.82273,-0.00617466,2.25206,0.0970581,0.21858,FGM,0.0700115,0.398911,0.132314,0.0700115,0.902079,0.398911,0
3.90612,-2.06558,7.82273,-0.00617466,2.25206,0.0970581,0.21858,FGM,0.0700115,0.398911,0.132314,0.0700115,0.902079,0.398911,0
3.91036,-2.04296,7.8227,-0.00525918,2.2717,0.101629,0.23087,FGM,0.0700115,0.398911,0.132314,0.0700115,0.902079,0.398911,0
3.91417,-2.04296,7.8227,-0.00525918,2.2717,0.101629,0.23087,FGM,0.0700115,0.398911,0.132314,0.0700115,0.902079,0.398911,0
3.91893,-2.02015,7.8227,-0.00417828,2.29041,0.0988404,0.226385,FGM,0.0700115,0.398911,0.132314,0.0700115,0.902079,0.398911,0
3.9221,-2.02015,7.8227,-0.00417828,2.29041,0.0988404,0.226385,FGM,0.0700115,0.398911,0.132314,0.0700115,0.902079,0.398911,0
3.92596,-2.02015,7.8227,-0.00417828,2.29041,0.0988404,0.226385,FGM,0.0756326,0.415424,0.14026,0.0756326,0.902079,0.415424,0
3.93019,-1.99716,7.8227,-0.00324611,2.30823,0.10332,0.238486,FGM,0.0756326,0.415424,0.14026,0.0756326,0.902079,0.415424,0
3.93404,-1.99716,7.8227,-0.00324611,2.30823,0.10332,0.238486,FGM,0.0756326,0.415424,0.14026,0.0756326,0.902079,0.415424,0
3.93913,-1.97401,7.82274,-0.00214507,2.32167,0.100747,0.233902,FGM,0.0756326,0.415424,0.14026,0.0756326,0.902079,0.415424,0
3.94214,-1.97401,7.82274,-0.00214507,2.32167,0.100747,0.233902,FGM,0.0756326,0.415424,0.14026,0.0756326,0.902079,0.415424,0
3.94596,-1.97401,7.82274,-0.00214507,2.32167,0.100747,0.233902,FGM,0.0756326,0.415424,0.14026,0.0756326,0.902079,0.415424,0
3.95023,-1.95073,7.82279,-0.00119479,2.33448,0.105389,0.246029,FGM,0.0756326,0.415424,0.14026,0.0756326,0.902079,0.415424,0
3.95394,-1.95073,7.82279,-0.00119479,2.33448,0.105389,0.246029,FGM,0.0756326,0.415424,0.14026,0.0756326,0.902079,0.415424,0
3.95879,-1.92732,7.82287,-7.44917e-05,2.34667,0.102468,0.240458,FGM,0.0756326,0.415424,0.14026,0.0756326,0.902079,0.415424,0
3.96201,-1.92732,7.82287,-7.44917e-05,2.34667,0.102468,0.240458,FGM,0.0756326,0.415424,0.14026,0.0756326,0.902079,0.415424,0
3.96605,-1.92732,7.82287,-7.44917e-05,2.34667,0.102468,0.240458,FGM,0.0756326,0.415424,0.14026,0.0756326,0.902079,0.415424,0
3.96989,-1.9038,7.82297,0.000891251,2.35829,0.106865,0.252019,FGM,0.0756326,0.415424,0.14026,0.0756326,0.902079,0.415424,0
3.97408,-1.9038,7.82297,0.000891251,2.35829,0.106865,0.252019,FGM,0.0756326,0.415424,0.14026,0.0756326,0.902079,0.415424,0
3.97856,-1.88016,7.8231,0.00202594,2.36935,0.103801,0.245941,FGM,0.0797893,0.421096,0.122375,0.0797893,0.902079,0.421096,0
3.98202,-1.88016,7.8231,0.00202594,2.36935,0.103801,0.245941,FGM,0.0797893,0.421096,0.122375,0.0797893,0.902079,0.421096,0
3.98569,-1.88016,7.8231,0.00202594,2.36935,0.103801,0.245941,FGM,0.0797893,0.421096,0.122375,0.0797893,0.902079,0.421096,0
3.98993,-1.85643,7.82324,0.00300502,2.37638,0.108511,0.257863,FGM,0.0797893,0.421096,0.122375,0.0797893,0.902079,0.421096,0
3.99378,-1.85643,7.82324,0.00300502,2.37638,0.108511,0.257863,FGM,0.0797893,0.421096,0.122375,0.0797893,0.902079,0.421096,0
3.99858,-1.83263,7.82342,0.00415785,2.38308,0.105435,0.25126,FGM,0.0797893,0.421096,0.122375,0.0797893,0.902079,0.421096,0
4.00197,-1.83263,7.82342,0.00415785,2.38308,0.105435,0.25126,FGM,0.0797893,0.421096,0.122375,0.0797893,0.902079,0.421096,0
4.00578,-1.83263,7.82342,0.00415785,2.38308,0.105435,0.25126,FGM,0.0797893,0.421096,0.122375,0.0797893,0.902079,0.421096,0
4.0101,-1.80877,7.82361,0.00515091,2.38946,0.109751,0.262246,FGM,0.0797893,0.421096,0.122375,0.0797893,0.902079,0.421096,0
4.01404,-1.80877,7.82361,0.00515091,2.38946,0.109751,0.262246,FGM,0.0797893,0.421096,0.122375,0.0797893,0.902079,0.421096,0
4.01889,-1.78485,7.82384,0.00631507,2.39554,0.106436,0.254972,FGM,0.0797893,0.421096,0.122375,0.0797893,0.902079,0.421096,0
4.02212,-1.78485,7.82384,0.00631507,2.39554,0.106436,0.254972,FGM,0.0797893,0.421096,0.122375,0.0797893,0.902079,0.421096,0
4.02616,-1.78485,7.82384,0.00631507,2.39554,0.106436,0.254972,FRENET,0.131091,0.900358,0.131091,0.0886163,0.900358,0.450343,0
4.02994,-1.76087,7.82408,0.00731705,2.40132,0.110588,0.265558,FRENET,0.131091,0.900358,0.131091,0.0886163,0.900358,0.450343,0
4.03394,-1.76087,7.82408,0.00731705,2.40132,0.110588,0.265558,FRENET,0.131091,0.900358,0.131091,0.0886163,0.900358,0.450343,0
4.0389,-1.73733,7.82436,0.00858004,2.30622,0.116322,0.268264,FRENET,0.131091,0.900358,0.131091,0.0886163,0.900358,0.450343,0
4.04211,-1.73733,7.82436,0.00858004,2.30622,0.116322,0.268264,FRENET,0.131091,0.900358,0.131091,0.0886163,0.900358,0.450343,0
4.04614,-1.73733,7.82436,0.00858004,2.30622,0.116322,0.268264,FRENET,0.131091,0.900358,0.131091,0.0886163,0.900358,0.450343,0
4.04995,-1.71474,7.82462,0.00969011,2.21112,0.129298,0.285894,FRENET,0.131091,0.900358,0.131091,0.0886163,0.900358,0.450343,0
4.05399,-1.71474,7.82462,0.00969011,2.21112,0.129298,0.285894,FRENET,0.131091,0.900358,0.131091,0.0886163,0.900358,0.450343,0
4.05874,-1.69311,7.82496,0.0114945,2.11602,0.244578,0.517532,FRENET,0.131091,0.900358,0.131091,0.0886163,0.900358,0.450343,0
4.06206,-1.69311,7.82496,0.0114945,2.11602,0.244578,0.517532,FRENET,0.131091,0.900358,0.131091,0.0886163,0.900358,0.450343,0
4.06601,-1.69311,7.82496,0.0114945,2.11602,0.244578,0.517532,FRENET,0.131091,0.900358,0.131091,0.0886163,0.900358,0.450343,0
4.07001,-1.67243,7.82543,0.014752,2.02092,0.413155,0.834955,FRENET,0.131091,0.900358,0.131091,0.0886163,0.900358,0.450343,0
4.07393,-1.67243,7.82543,0.014752,2.02092,0.413155,0.834955,FRENET,0.131091,0.900358,0.131091,0.0886163,0.900358,0.450343,0
4.07879,-1.65271,7.82605,0.019424,1.92582,0.485735,0.935439,FRENET,0.130188,0.900358,0.130188,0.0870163,0.900358,0.425585,0
4.08196,-1.65271,7.82605,0.019424,1.92582,0.485735,0.935439,FRENET,0.130188,0.900358,0.130188,0.0870163,0.900358,0.425585,0
4.08585,-1.65271,7.82605,0.019424,1.92582,0.485735,0.935439,FRENET,0.130188,0.900358,0.130188,0.0870163,0.900358,0.425585,0
4.09002,-1.63394,7.82676,0.0243948,1.83072,0.526723,0.964284,FRENET,0.130188,0.900358,0.130188,0.0870163,0.900358,0.425585,0
4.09396,-1.63394,7.82676,0.0243948,1.83072,0.526723,0.964284,FRENET,0.130188,0.900358,0.130188,0.0870163,0.900358,0.425585,0
4.09864,-1.61612,7.82755,0.0297854,1.73562,0.522748,0.907294,FRENET,0.130188,0.900358,0.130188,0.0870163,0.900358,0.425585,0
4.1019,-1.61612,7.82755,0.0297854,1.73562,0.522748,0.907294,FRENET,0.130188,0.900358,0.130188,0.0870163,0.900358,0.425585,0
4.10597,-1.61612,7.82755,0.0297854,1.73562,0.522748,0.907294,FRENET,0.130188,0.900358,0.130188,0.0870163,0.900358,0.425585,0
4.11,-1.59926,7.82838,0.0348861,1.64052,0.520113,0.853257,FRENET,0.130188,0.900358,0.130188,0.0870163,0.900358,0.425585,0
4.11403,-1.59926,7.82838,0.0348861,1.64052,0.520113,0.853257,FRENET,0.130188,0.900358,0.130188,0.0870163,0.900358,0.425585,0
4.11877,-1.58336,7.82928,0.040062,1.54542,0.488533,0.754989,FRENET,0.130188,0.900358,0.130188,0.0870163,0.900358,0.425585,0
4.12201,-1.58336,7.82928,0.040062,1.54542,0.488533,0.754989,FRENET,0.130188,0.900358,0.130188,0.0870163,0.900358,0.425585,0
4.126,-1.58336,7.82928,0.040062,1.54542,0.488533,0.754989,FRENET,0.142137,0.900893,0.142137,0.0941232,0.900893,0.413475,0
4.12995,-1.56841,7.8302,0.0447386,1.45032,0.471362,0.683627,FRENET,0.142137,0.900893,0.142137,0.0941232,0.900893,0.413475,0
4.1341,-1.56841,7.8302,0.0447386,1.45032,0.471362,0.683627,FRENET,0.142137,0.900893,0.142137,0.0941232,0.900893,0.413475,0
4.13877,-1.55441,7.83116,0.04937,1.35522,0.428768,0.581076,FRENET,0.142137,0.900893,0.142137,0.0941232,0.900893,0.413475,0
4.14203,-1.55441,7.83116,0.04937,1.35522,0.428768,0.581076,FRENET,0.142137,0.900893,0.142137,0.0941232,0.900893,0.413475,0
4.146,-1.55441,7.83116,0.04937,1.35522,0.428768,0.581076,FRENET,0.142137,0.900893,0.142137,0.0941232,0.900893,0.413475,0
4.15004,-1.54132,7.83211,0.0534018,1.27032,0.403502,0.512577,FRENET,0.142137,0.900893,0.142137,0.0941232,0.900893,0.413475,0
4.15389,-1.54132,7.83211,0.0534018,1.27032,0.403502,0.512577,FRENET,0.142137,0.900893,0.142137,0.0941232,0.900893,0.413475,0
4.15879,-1.529,7.8331,0.057292,1.20157,0.352852,0.423975,FRENET,0.142137,0.900893,0.142137,0.0941232,0.900893,0.413475,0
4.16181,-1.529,7.8331,0.057292,1.20157,0.352852,0.423975,FRENET,0.142137,0.900893,0.142137,0.0941232,0.900893,0.413475,0
4.16579,-1.529,7.8331,0.057292,1.20157,0.352852,0.423975,FRENET,0.142137,0.900893,0.142137,0.0941232,0.900893,0.413475,0
4.17008,-1.51731,7.83409,0.0605834,1.14589,0.331035,0.37933,FRENET,0.142137,0.900893,0.142137,0.0941232,0.900893,0.413475,0
4.17394,-1.51731,7.83409,0.0605834,1.14589,0.331035,0.37933,FRENET,0.142137,0.900893,0.142137,0.0941232,0.900893,0.413475,0
4.17877,-1.50612,7.83512,0.0638043,1.1008,0.293044,0.322584,FRENET,0.135029,0.900893,0.135029,0.090114,0.900893,0.388964,0
4.18193,-1.50612,7.83512,0.0638043,1.1008,0.293044,0.322584,FRENET,0.135029,0.900893,0.135029,0.090114,0.900893,0.388964,0
4.18599,-1.50612,7.83512,0.0638043,1.1008,0.293044,0.322584,FRENET,0.135029,0.900893,0.135029,0.090114,0.900893,0.388964,0
4.19019,-1.49534,7.83616,0.066577,1.06429,0.285096,0.303424,FRENET,0.135029,0.900893,0.135029,0.090114,0.900893,0.388964,0
4.19415,-1.49534,7.83616,0.066577,1.06429,0.285096,0.303424,FRENET,0.135029,0.900893,0.135029,0.090114,0.900893,0.388964,0
4.19883,-1.4849,7.83722,0.0693981,1.03472,0.259062,0.268057,FRENET,0.135029,0.900893,0.135029,0.090114,0.900893,0.388964,0
4.20206,-1.4849,7.83722,0.0693981,1.03472,0.259062,0.268057,FRENET,0.135029,0.900893,0.135029,0.090114,0.900893,0.388964,0
4.20599,-1.4849,7.83722,0.0693981,1.03472,0.259062,0.268057,FRENET,0.135029,0.900893,0.135029,0.090114,0.900893,0.388964,0
4.20993,-1.47473,7.83828,0.0718847,1.01078,0.260245,0.26305,FRENET,0.135029,0.900893,0.135029,0.090114,0.900893,0.388964,0
4.21401,-1.47473,7.83828,0.0718847,1.01078,0.260245,0.26305,FRENET,0.135029,0.900893,0.135029,0.090114,0.900893,0.388964,0
4.21878,-1.46478,7.83937,0.0744902,0.991389,0.240748,0.238675,FRENET,0.135029,0.900893,0.135029,0.090114,0.900893,0.388964,0
4.22218,-1.46478,7.83937,0.0744902,0.991389,0.240748,0.238675,FRENET,0.135029,0.900893,0.135029,0.090114,0.900893,0.388964,0
4.22589,-1.46478,7.83937,0.0744902,0.991389,0.240748,0.238675,FRENET,0.111788,0.900893,0.111788,0.104891,0.900893,0.4023,0
4.22991,-1.455,7.84046,0.0768217,0.975687,0.246602,0.240607,FRENET,0.111788,0.900893,0.111788,0.104891,0.900893,0.4023,0
4.23402,-1.455,7.84046,0.0768217,0.975687,0.246602,0.240607,FRENET,0.111788,0.900893,0.111788,0.104891,0.900893,0.4023,0
4.23887,-1.44538,7.84157,0.0793065,0.962972,0.230342,0.221813,FRENET,0.111788,0.900893,0.111788,0.104891,0.900893,0.4023,0
4.24203,-1.44538,7.84157,0.0793065,0.962972,0.230342,0.221813,FRENET,0.111788,0.900893,0.111788,0.104891,0.900893,0.4023,0
4.24588,-1.44538,7.84157,0.0793065,0.962972,0.230342,0.221813,FRENET,0.111788,0.900893,0.111788,0.104891,0.900893,0.4023,0
4.25001,-1.43586,7.84268,0.0815487,0.952675,0.238598,0.227307,FRENET,0.111788,0.900893,0.111788,0.104891,0.900893,0.4023,0
4.25407,-1.43586,7.84268,0.0815487,0.952675,0.238598,0.227307,FRENET,0.111788,0.900893,0.111788,0.104891,0.900893,0.4023,0
4.25878,-1.42645,7.84382,0.0839615,0.944337,0.224042,0.211571,FRENET,0.111788,0.900893,0.111788,0.104891,0.900893,0.4023,0
4.26224,-1.42645,7.84382,0.0839615,0.944337,0.224042,0.211571,FRENET,0.111788,0.900893,0.111788,0.104891,0.900893,0.4023,0
4.26619,-1.42645,7.84382,0.0839615,0.944337,0.224042,0.211571,FRENET,0.111788,0.900893,0.111788,0.104891,0.900893,0.4023,0
4.27006,-1.41711,7.84496,0.0861489,0.937584,0.233645,0.219062,FRENET,0.111788,0.900893,0.111788,0.104891,0.900893,0.4023,0
4.27389,-1.41711,7.84496,0.0861489,0.937584,0.233645,0.219062,FRENET,0.111788,0.900893,0.111788,0.104891,0.900893,0.4023,0
4.27887,-1.40783,7.84613,0.0885167,0.932116,0.220069,0.20513,FRENET,0.0913945,0.901237,0.0913945,0.0956522,0.901237,0.388284,0
4.2821,-1.40783,7.84613,0.0885167,0.932116,0.220069,0.20513,FRENET,0.0913945,0.901237,0.0913945,0.0956522,0.901237,0.388284,0
4.28617,-1.40783,7.84613,0.0885167,0.932116,0.220069,0.20513,FRENET,0.0913945,0.901237,0.0913945,0.0956522,0.901237,0.388284,0
4.29,-1.39875,7.84728,0.0906656,0.89778,0.231219,0.207584,FRENET,0.0913945,0.901237,0.0913945,0.0956522,0.901237,0.388284,0
4.29413,-1.39875,7.84728,0.0906656,0.89778,0.231219,0.207584,FRENET,0.0913945,0.901237,0.0913945,0.0956522,0.901237,0.388284,0
4.2991,-1.38999,7.84843,0.0929849,0.869975,0.20995,0.182651,FRENET,0.0913945,0.901237,0.0913945,0.0956522,0.901237,0.388284,0
4.30199,-1.38999,7.84843,0.0929849,0.869975,0.20995,0.182651,FRENET,0.0913945,0.901237,0.0913945,0.0956522,0.901237,0.388284,0
4.306,-1.38999,7.84843,0.0929849,0.869975,0.20995,0.182651,FRENET,0.0913945,0.901237,0.0913945,0.0956522,0.901237,0.388284,0
4.30998,-1.38139,7.84956,0.0950143,0.864172,0.217762,0.188184,FRENET,0.0913945,0.901237,0.0913945,0.0956522,0.901237,0.388284,0
4.31398,-1.38139,7.84956,0.0950143,0.864172,0.217762,0.188184,FRENET,0.0913945,0.901237,0.0913945,0.0956522,0.901237,0.388284,0
4.31872,-1.37286,7.85074,0.0974492,0.859472,0.275886,0.237117,FRENET,0.0913945,0.901237,0.0913945,0.0956522,0.901237,0.388284,0
4.32192,-1.37286,7.85074,0.0974492,0.859472,0.275886,0.237117,FRENET,0.0913945,0.901237,0.0913945,0.0956522,0.901237,0.388284,0
4.3259,-1.37286,7.85074,0.0974492,0.859472,0.275886,0.237117,FRENET,0.124615,0.901237,0.124615,0.0817681,0.901237,0.320768,0
4.32996,-1.36437,7.852,0.10033,0.855667,0.275721,0.235925,FRENET,0.124615,0.901237,0.124615,0.0817681,0.901237,0.320768,0
4.33384,-1.36437,7.852,0.10033,0.855667,0.275721,0.235925,FRENET,0.124615,0.901237,0.124615,0.0817681,0.901237,0.320768,0
4.33873,-1.35593,7.85326,0.102842,0.852585,0.219182,0.186871,FRENET,0.124615,0.901237,0.124615,0.0817681,0.901237,0.320768,0
4.342,-1.35593,7.85326,0.102842,0.852585,0.219182,0.186871,FRENET,0.124615,0.901237,0.124615,0.0817681,0.901237,0.320768,0
4.34603,-1.35593,7.85326,0.102842,0.852585,0.219182,0.186871,FRENET,0.124615,0.901237,0.124615,0.0817681,0.901237,0.320768,0
4.34995,-1.3475,7.85447,0.104677,0.850089,0.145563,0.123741,FRENET,0.124615,0.901237,0.124615,0.0817681,0.901237,0.320768,0
4.354,-1.3475,7.85447,0.104677,0.850089,0.145563,0.123741,FRENET,0.124615,0.901237,0.124615,0.0817681,0.901237,0.320768,0
4.3589,-1.33909,7.85562,0.105973,0.848068,0.139587,0.118379,FRENET,0.124615,0.901237,0.124615,0.0817681,0.901237,0.320768,0
4.36207,-1.33909,7.85562,0.105973,0.848068,0.139587,0.118379,FRENET,0.124615,0.901237,0.124615,0.0817681,0.901237,0.320768,0
4.36579,-1.33909,7.85562,0.105973,0.848068,0.139587,0.118379,FRENET,0.124615,0.901237,0.124615,0.0817681,0.901237,0.320768,0
4.36997,-1.33069,7.85676,0.107363,0.846432,0.119784,0.101389,FRENET,0.124615,0.901237,0.124615,0.0817681,0.901237,0.320768,0
4.37394,-1.33069,7.85676,0.107363,0.846432,0.119784,0.101389,FRENET,0.124615,0.901237,0.124615,0.0817681,0.901237,0.320768,0
4.37896,-1.32231,7.85787,0.108511,0.845106,0.130585,0.110358,FGM,0.098512,0.323511,0.0902199,0.098512,0.906691,0.323511,0
4.38236,-1.32231,7.85787,0.108511,0.845106,0.130585,0.110358,FGM,0.098512,0.323511,0.0902199,0.098512,0.906691,0.323511,0
4.38591,-1.32231,7.85787,0.108511,0.845106,0.130585,0.110358,FGM,0.098512,0.323511,0.0902199,0.098512,0.906691,0.323511,0
4.39008,-1.31385,7.85901,0.109844,0.860856,0.118145,0.101706,FGM,0.098512,0.323511,0.0902199,0.098512,0.906691,0.323511,0
4.39394,-1.31385,7.85901,0.109844,0.860856,0.118145,0.101706,FGM,0.098512,0.323511,0.0902199,0.098512,0.906691,0.323511,0
4.39902,-1.30525,7.86017,0.110995,0.875857,0.130823,0.114582,FGM,0.098512,0.323511,0.0902199,0.098512,0.906691,0.323511,0
4.40205,-1.30525,7.86017,0.110995,0.875857,0.130823,0.114582,FGM,0.098512,0.323511,0.0902199,0.098512,0.906691,0.323511,0
4.40587,-1.30525,7.86017,0.110995,0.875857,0.130823,0.114582,FGM,0.098512,0.323511,0.0902199,0.098512,0.906691,0.323511,0
4.41002,-1.2965,7.86136,0.112347,0.890144,0.121082,0.107781,FGM,0.098512,0.323511,0.0902199,0.098512,0.906691,0.323511,0
4.41413,-1.2965,7.86136,0.112347,0.890144,0.121082,0.107781,FGM,0.098512,0.323511,0.0902199,0.098512,0.906691,0.323511,0
4.41899,-1.28761,7.86255,0.113306,0.903752,0.0646564,0.0584334,FGM,0.098512,0.323511,0.0902199,0.098512,0.906691,0.323511,0
4.42191,-1.28761,7.86255,0.113306,0.903752,0.0646564,0.0584334,FGM,0.098512,0.323511,0.0902199,0.098512,0.906691,0.323511,0
4.42622,-1.28761,7.86255,0.113306,0.903752,0.0646564,0.0584334,FGM,0.0969147,0.32817,0.0923745,0.0969147,0.906691,0.32817,0
4.43107,-1.27857,7.86368,0.113594,0.916713,-0.00957603,-0.00877847,FGM,0.0969147,0.32817,0.0923745,0.0969147,0.906691,0.32817,0
4.43422,-1.27857,7.86368,0.113594,0.916713,-0.00957603,-0.00877847,FGM,0.0969147,0.32817,0.0923745,0.0969147,0.906691,0.32817,0
4.43914,-1.2694,7.86472,0.113092,0.929223,-0.0919761,-0.0854664,FGM,0.0969147,0.32817,0.0923745,0.0969147,0.906691,0.32817,0
4.44222,-1.2694,7.86472,0.113092,0.929223,-0.0919761,-0.0854664,FGM,0.0969147,0.32817,0.0923745,0.0969147,0.906691,0.32817,0
4.44618,-1.2694,7.86472,0.113092,0.929223,-0.0919761,-0.0854664,FGM,0.0969147,0.32817,0.0923745,0.0969147,0.906691,0.32817,0
4.44995,-1.2601,7.86564,0.11174,0.941139,-0.179166,-0.16862,FGM,0.0969147,0.32817,0.0923745,0.0969147,0.906691,0.32817,0
4.45406,-1.2601,7.86564,0.11174,0.941139,-0.179166,-0.16862,FGM,0.0969147,0.32817,0.0923745,0.0969147,0.906691,0.32817,0
4.45892,-1.25066,7.86644,0.109498,0.952487,-0.269671,-0.256858,FGM,0.0969147,0.32817,0.0923745,0.0969147,0.906691,0.32817,0
4.46201,-1.25066,7.86644,0.109498,0.952487,-0.269671,-0.256858,FGM,0.0969147,0.32817,0.0923745,0.0969147,0.906691,0.32817,0
4.46584,-1.25066,7.86644,0.109498,0.952487,-0.269671,-0.256858,FGM,0.0969147,0.32817,0.0923745,0.0969147,0.906691,0.32817,0
4.47012,-1.24111,7.86708,0.106338,0.963296,-0.362779,-0.349464,FGM,0.0969147,0.32817,0.0923745,0.0969147,0.906691,0.32817,0
4.47398,-1.24111,7.86708,0.106338,0.963296,-0.362779,-0.349464,FGM,0.0969147,0.32817,0.0923745,0.0969147,0.906691,0.32817,0
4.47883,-1.23143,7.86758,0.102469,0.973591,-0.386654,-0.376443,FGM,0.10696,0.330997,0.103782,0.10696,0.906691,0.330997,0
4.48201,-1.23143,7.86758,0.102469,0.973591,-0.386654,-0.376443,FGM,0.10696,0.330997,0.103782,0.10696,0.906691,0.330997,0
4.48607,-1.23143,7.86758,0.102469,0.973591,-0.386654,-0.376443,FGM,0.10696,0.330997,0.103782,0.10696,0.906691,0.330997,0
4.49,-1.22166,7.86802,0.0987839,0.983488,-0.341645,-0.336004,FGM,0.10696,0.330997,0.103782,0.10696,0.906691,0.330997,0
4.49408,-1.22166,7.86802,0.0987839,0.983488,-0.341645,-0.336004,FGM,0.10696,0.330997,0.103782,0.10696,0.906691,0.330997,0
4.49886,-1.21179,7.86848,0.0957081,0.992914,-0.270051,-0.268137,FGM,0.10696,0.330997,0.103782,0.10696,0.906691,0.330997,0
4.50194,-1.21179,7.86848,0.0957081,0.992914,-0.270051,-0.268137,FGM,0.10696,0.330997,0.103782,0.10696,0.906691,0.330997,0
4.50606,-1.21179,7.86848,0.0957081,0.992914,-0.270051,-0.268137,FGM,0.10696,0.330997,0.103782,0.10696,0.906691,0.330997,0
4.5101,-1.20183,7.86901,0.0934161,1.00189,-0.186749,-0.187102,FGM,0.10696,0.330997,0.103782,0.10696,0.906691,0.330997,0
4.51417,-1.20183,7.86901,0.0934161,1.00189,-0.186749,-0.187102,FGM,0.10696,0.330997,0.103782,0.10696,0.906691,0.330997,0
4.51895,-1.19179,7.86963,0.0919911,1.01044,-0.0973814,-0.0983983,FGM,0.10696,0.330997,0.103782,0.10696,0.906691,0.330997,0
4.52195,-1.19179,7.86963,0.0919911,1.01044,-0.0973814,-0.0983983,FGM,0.10696,0.330997,0.103782,0.10696,0.906691,0.330997,0
4.52604,-1.19179,7.86963,0.0919911,1.01044,-0.0973814,-0.0983983,FGM,0.0958231,0.323371,0,0.0958231,0.348923,0.323371,0
4.53005,-1.18167,7.87038,0.09148,1.01859,-0.00430236,-0.00438232,FGM,0.0958231,0.323371,0,0.0958231,0.348923,0.323371,0
4.53403,-1.18167,7.87038,0.09148,1.01859,-0.00430236,-0.00438232,FGM,0.0958231,0.323371,0,0.0958231,0.348923,0.323371,0
4.53894,-1.17148,7.87127,0.0919134,1.02636,0.0913793,0.0937885,FGM,0.0958231,0.323371,0,0.0958231,0.348923,0.323371,0
4.54207,-1.17148,7.87127,0.0919134,1.02636,0.0913793,0.0937885,FGM,0.0958231,0.323371,0,0.0958231,0.348923,0.323371,0
4.54611,-1.17148,7.87127,0.0919134,1.02636,0.0913793,0.0937885,FGM,0.0958231,0.323371,0,0.0958231,0.348923,0.323371,0
4.55004,-1.16124,7.87232,0.0933143,1.03377,0.189104,0.195491,FGM,0.0958231,0.323371,0,0.0958231,0.348923,0.323371,0
4.55411,-1.16124,7.87232,0.0933143,1.03377,0.189104,0.195491,FGM,0.0958231,0.323371,0,0.0958231,0.348923,0.323371,0
4.55879,-1.15093,7.87354,0.0957012,1.04083,0.288525,0.300306,FGM,0.0958231,0.323371,0,0.0958231,0.348923,0.323371,0
4.56202,-1.15093,7.87354,0.0957012,1.04083,0.288525,0.300306,FGM,0.0958231,0.323371,0,0.0958231,0.348923,0.323371,0
4.56612,-1.15093,7.87354,0.0957012,1.04083,0.288525,0.300306,FGM,0.0958231,0.323371,0,0.0958231,0.348923,0.323371,0
4.56987,-1.14059,7.87494,0.0990898,1.04755,0.389415,0.407932,FGM,0.0958231,0.323371,0,0.0958231,0.348923,0.323371,0
4.5739,-1.14059,7.87494,0.0990898,1.04755,0.389415,0.407932,FGM,0.0958231,0.323371,0,0.0958231,0.348923,0.323371,0
4.57878,-1.1302,7.87652,0.10325,1.05395,0.417788,0.440328,FGM,0.0953062,0.33536,0,0.0953062,0.348923,0.33536,0
4.58196,-1.1302,7.87652,0.10325,1.05395,0.417788,0.440328,FGM,0.0953062,0.33536,0,0.0953062,0.348923,0.33536,0
4.58596,-1.1302,7.87652,0.10325,1.05395,0.417788,0.440328,FGM,0.0953062,0.33536,0,0.0953062,0.348923,0.33536,0
4.59014,-1.11976,7.87819,0.107238,1.06006,0.370627,0.392885,FGM,0.0953062,0.33536,0,0.0953062,0.348923,0.33536,0
4.59402,-1.11976,7.87819,0.107238,1.06006,0.370627,0.392885,FGM,0.0953062,0.33536,0,0.0953062,0.348923,0.33536,0
4.599,-1.10926,7.87986,0.110579,1.06587,0.293657,0.313,FGM,0.0953062,0.33536,0,0.0953062,0.348923,0.33536,0
4.60184,-1.10926,7.87986,0.110579,1.06587,0.293657,0.313,FGM,0.0953062,0.33536,0,0.0953062,0.348923,0.33536,0
4.60605,-1.10926,7.87986,0.110579,1.06587,0.293657,0.313,FGM,0.0953062,0.33536,0,0.0953062,0.348923,0.33536,0
4.60986,-1.0987,7.88148,0.113075,1.0714,0.203863,0.21842,FGM,0.0953062,0.33536,0,0.0953062,0.348923,0.33536,0
4.614,-1.0987,7.88148,0.113075,1.0714,0.203863,0.21842,FGM,0.0953062,0.33536,0,0.0953062,0.348923,0.33536,0
4.61902,-1.08807,7.88302,0.114637,1.07668,0.107867,0.116138,FGM,0.0953062,0.33536,0,0.0953062,0.348923,0.33536,0
4.62209,-1.08807,7.88302,0.114637,1.07668,0.107867,0.116138,FGM,0.0953062,0.33536,0,0.0953062,0.348923,0.33536,0
4.62612,-1.08807,7.88302,0.114637,1.07668,0.107867,0.116138,FGM,0.0733812,0.345656,0,0.0733812,0.348923,0.345656,0
4.63011,-1.07738,7.88446,0.115221,1.0817,0.00842645,0.00911488,FGM,0.0733812,0.345656,0,0.0733812,0.348923,0.345656,0
4.6341,-1.07738,7.88446,0.115221,1.0817,0.00842645,0.00911488,FGM,0.0733812,0.345656,0,0.0733812,0.348923,0.345656,0
4.63905,-1.06661,7.88576,0.114799,1.08646,-0.0932203,-0.10128,FGM,0.0733812,0.345656,0,0.0733812,0.348923,0.345656,0
4.64207,-1.06661,7.88576,0.114799,1.08646,-0.0932203,-0.10128,FGM,0.0733812,0.345656,0,0.0733812,0.348923,0.345656,0
4.64598,-1.06661,7.88576,0.114799,1.08646,-0.0932203,-0.10128,FGM,0.0733812,0.345656,0,0.0733812,0.348923,0.345656,0
4.64994,-1.05579,7.88691,0.113352,1.091,-0.196429,-0.214304,FGM,0.0733812,0.345656,0,0.0733812,0.348923,0.345656,0
4.65394,-1.05579,7.88691,0.113352,1.091,-0.196429,-0.214304,FGM,0.0733812,0.345656,0,0.0733812,0.348923,0.345656,0
4.65867,-1.0449,7.88789,0.110866,1.09532,-0.300857,-0.329534,FGM,0.0733812,0.345656,0,0.0733812,0.348923,0.345656,0
4.66203,-1.0449,7.88789,0.110866,1.09532,-0.300857,-0.329534,FGM,0.0733812,0.345656,0,0.0733812,0.348923,0.345656,0
4.66608,-1.0449,7.88789,0.110866,1.09532,-0.300857,-0.329534,FGM,0.0733812,0.345656,0,0.0733812,0.348923,0.345656,0
4.67012,-1.03396,7.88869,0.107331,1.09943,-0.406293,-0.446692,FGM,0.0733812,0.345656,0,0.0733812,0.348923,0.345656,0
4.67416,-1.03396,7.88869,0.107331,1.09943,-0.406293,-0.446692,FGM,0.0733812,0.345656,0,0.0733812,0.348923,0.345656,0
4.67888,-1.02296,7.88932,0.102988,1.10335,-0.437288,-0.482483,FGM,0.0999472,0.348368,0.0937072,0.0999472,0.922789,0.348368,0
4.68202,-1.02296,7.88932,0.102988,1.10335,-0.437288,-0.482483,FGM,0.0999472,0.348368,0.0937072,0.0999472,0.922789,0.348368,0
4.68599,-1.02296,7.88932,0.102988,1.10335,-0.437288,-0.482483,FGM,0.0999472,0.348368,0.0937072,0.0999472,0.922789,0.348368,0
4.69019,-1.01192,7.88987,0.0988086,1.10704,-0.388843,-0.430463,FGM,0.0999472,0.348368,0.0937072,0.0999472,0.922789,0.348368,0
4.69409,-1.01192,7.88987,0.0988086,1.10704,-0.388843,-0.430463,FGM,0.0999472,0.348368,0.0937072,0.0999472,0.922789,0.348368,0
4.69883,-1.00085,7.89041,0.0953019,1.11054,-0.308544,-0.342652,FGM,0.0999472,0.348368,0.0937072,0.0999472,0.922789,0.348368,0
4.70198,-1.00085,7.89041,0.0953019,1.11054,-0.308544,-0.342652,FGM,0.0999472,0.348368,0.0937072,0.0999472,0.922789,0.348368,0
4.70594,-1.00085,7.89041,0.0953019,1.11054,-0.308544,-0.342652,FGM,0.0999472,0.348368,0.0937072,0.0999472,0.922789,0.348368,0
4.70988,-0.989741,7.89101,0.0926772,1.11389,-0.21468,-0.239129,FGM,0.0999472,0.348368,0.0937072,0.0999472,0.922789,0.348368,0
4.71389,-0.989741,7.89101,0.0926772,1.11389,-0.21468,-0.239129,FGM,0.0999472,0.348368,0.0937072,0.0999472,0.922789,0.348368,0
4.71863,-0.978608,7.8917,0.0910271,1.11707,-0.114518,-0.127924,FGM,0.0999472,0.348368,0.0937072,0.0999472,0.922789,0.348368,0
4.72194,-0.978608,7.8917,0.0910271,1.11707,-0.114518,-0.127924,FGM,0.0999472,0.348368,0.0937072,0.0999472,0.922789,0.348368,0
4.72606,-0.978608,7.8917,0.0910271,1.11707,-0.114518,-0.127924,FGM,0.0798801,0.34892,0.0947773,0.0798801,0.922789,0.34892,0
4.7301,-0.967452,7.89251,0.0903969,1.1201,-0.0110922,-0.0124244,FGM,0.0798801,0.34892,0.0947773,0.0798801,0.922789,0.34892,0
4.73393,-0.967452,7.89251,0.0903969,1.1201,-0.0110922,-0.0124244,FGM,0.0798801,0.34892,0.0947773,0.0798801,0.922789,0.34892,0
4.73897,-0.956277,7.89346,0.0908116,1.12289,0.0942977,0.105886,FGM,0.0798801,0.34892,0.0947773,0.0798801,0.922789,0.34892,0
4.74191,-0.956277,7.89346,0.0908116,1.12289,0.0942977,0.105886,FGM,0.0798801,0.34892,0.0947773,0.0798801,0.922789,0.34892,0
4.74615,-0.956277,7.89346,0.0908116,1.12289,0.0942977,0.105886,FGM,0.0798801,0.34892,0.0947773,0.0798801,0.922789,0.34892,0
4.75007,-0.945091,7.89457,0.0922868,1.12554,0.200905,0.226127,FGM,0.0798801,0.34892,0.0947773,0.0798801,0.922789,0.34892,0
4.75407,-0.945091,7.89457,0.0922868,1.12554,0.200905,0.226127,FGM,0.0798801,0.34892,0.0947773,0.0798801,0.922789,0.34892,0
4.75864,-0.933897,7.89587,0.0948327,1.12807,0.308398,0.347896,FGM,0.0798801,0.34892,0.0947773,0.0798801,0.922789,0.34892,0
4.76207,-0.933897,7.89587,0.0948327,1.12807,0.308398,0.347896,FGM,0.0798801,0.34892,0.0947773,0.0798801,0.922789,0.34892,0
4.76611,-0.933897,7.89587,0.0948327,1.12807,0.308398,0.347896,FGM,0.0798801,0.34892,0.0947773,0.0798801,0.922789,0.34892,0
4.76994,-0.922702,7.89735,0.0984572,1.13048,0.416584,0.470941,FGM,0.0798801,0.34892,0.0947773,0.0798801,0.922789,0.34892,0
4.77395,-0.922702,7.89735,0.0984572,1.13048,0.416584,0.470941,FGM,0.0798801,0.34892,0.0947773,0.0798801,0.922789,0.34892,0
4.77883,-0.911509,7.89902,0.102912,1.13278,0.449108,0.508739,FGM,0.0786118,0.350143,0.1169,0.0786118,0.922789,0.350143,0
4.78213,-0.911509,7.89902,0.102912,1.13278,0.449108,0.508739,FGM,0.0786118,0.350143,0.1169,0.0786118,0.922789,0.350143,0
4.78606,-0.911509,7.89902,0.102912,1.13278,0.449108,0.508739,FGM,0.0786118,0.350143,0.1169,0.0786118,0.922789,0.350143,0
4.79008,-0.900308,7.90077,0.107207,1.13486,0.399858,0.453784,FGM,0.0786118,0.350143,0.1169,0.0786118,0.922789,0.350143,0
4.79387,-0.900308,7.90077,0.107207,1.13486,0.399858,0.453784,FGM,0.0786118,0.350143,0.1169,0.0786118,0.922789,0.350143,0
4.79888,-0.889088,7.90254,0.110814,1.13685,0.317505,0.360957,FGM,0.0786118,0.350143,0.1169,0.0786118,0.922789,0.350143,0
4.80209,-0.889088,7.90254,0.110814,1.13685,0.317505,0.360957,FGM,0.0786118,0.350143,0.1169,0.0786118,0.922789,0.350143,0
4.80604,-0.889088,7.90254,0.110814,1.13685,0.317505,0.360957,FGM,0.0786118,0.350143,0.1169,0.0786118,0.922789,0.350143,0
4.81032,-0.877841,7.90426,0.113516,1.13875,0.221142,0.251826,FGM,0.0786118,0.350143,0.1169,0.0786118,0.922789,0.350143,0
4.81396,-0.877841,7.90426,0.113516,1.13875,0.221142,0.251826,FGM,0.0786118,0.350143,0.1169,0.0786118,0.922789,0.350143,0
4.81891,-0.866563,7.9059,0.115218,1.14055,0.118444,0.135092,FGM,0.0786118,0.350143,0.1169,0.0786118,0.922789,0.350143,0
4.8219,-0.866563,7.9059,0.115218,1.14055,0.118444,0.135092,FGM,0.0786118,0.350143,0.1169,0.0786118,0.922789,0.350143,0
4.82606,-0.866563,7.9059,0.115218,1.14055,0.118444,0.135092,FGM,0.0586661,0.362698,0.0862914,0.0586661,0.929907,0.362698,0
4.83011,-0.855251,7.90742,0.115875,1.14227,0.0126197,0.0144151,FGM,0.0586661,0.362698,0.0862914,0.0586661,0.929907,0.362698,0
4.83388,-0.855251,7.90742,0.115875,1.14227,0.0126197,0.0144151,FGM,0.0586661,0.362698,0.0862914,0.0586661,0.929907,0.362698,0
4.83925,-0.843905,7.90881,0.115464,1.14381,-0.0949703,-0.108628,FGM,0.0586661,0.362698,0.0862914,0.0586661,0.929907,0.362698,0
4.8419,-0.843905,7.90881,0.115464,1.14381,-0.0949703,-0.108628,FGM,0.0586661,0.362698,0.0862914,0.0586661,0.929907,0.362698,0
4.84601,-0.843905,7.90881,0.115464,1.14381,-0.0949703,-0.108628,FGM,0.0586661,0.362698,0.0862914,0.0586661,0.929907,0.362698,0
4.84982,-0.832525,7.91003,0.113972,1.14527,-0.203558,-0.233128,FGM,0.0586661,0.362698,0.0862914,0.0586661,0.929907,0.362698,0
4.85381,-0.832525,7.91003,0.113972,1.14527,-0.203558,-0.233128,FGM,0.0586661,0.362698,0.0862914,0.0586661,0.929907,0.362698,0
4.85866,-0.821114,7.91108,0.111391,1.14666,-0.312815,-0.358691,FGM,0.0586661,0.362698,0.0862914,0.0586661,0.929907,0.362698,0
4.86187,-0.821114,7.91108,0.111391,1.14666,-0.312815,-0.358691,FGM,0.0586661,0.362698,0.0862914,0.0586661,0.929907,0.362698,0
4.86585,-0.821114,7.91108,0.111391,1.14666,-0.312815,-0.358691,FGM,0.0586661,0.362698,0.0862914,0.0586661,0.929907,0.362698,0
4.8699,-0.809673,7.91194,0.107715,1.14798,-0.42256,-0.48509,FGM,0.0586661,0.362698,0.0862914,0.0586661,0.929907,0.362698,0
4.87376,-0.809673,7.91194,0.107715,1.14798,-0.42256,-0.48509,FGM,0.0586661,0.362698,0.0862914,0.0586661,0.929907,0.362698,0
4.87854,-0.798207,7.91262,0.103195,1.14924,-0.455895,-0.523934,FGM,0.101023,0.363905,0.103105,0.101023,0.929907,0.363905,0
4.88196,-0.798207,7.91262,0.103195,1.14924,-0.455895,-0.523934,FGM,0.101023,0.363905,0.103105,0.101023,0.929907,0.363905,0
4.88578,-0.798207,7.91262,0.103195,1.14924,-0.455895,-0.523934,FGM,0.101023,0.363905,0.103105,0.101023,0.929907,0.363905,0
4.8899,-0.786724,7.9132,0.0988347,1.15034,-0.406122,-0.467179,FGM,0.101023,0.363905,0.103105,0.101023,0.929907,0.363905,0
4.89386,-0.786724,7.9132,0.0988347,1.15034,-0.406122,-0.467179,FGM,0.101023,0.363905,0.103105,0.101023,0.929907,0.363905,0
4.89867,-0.77523,7.91378,0.0951706,1.15139,-0.322554,-0.371384,FGM,0.101023,0.363905,0.103105,0.101023,0.929907,0.363905,0
4.9019,-0.77523,7.91378,0.0951706,1.15139,-0.322554,-0.371384,FGM,0.101023,0.363905,0.103105,0.101023,0.929907,0.363905,0
4.90589,-0.77523,7.91378,0.0951706,1.15139,-0.322554,-0.371384,FGM,0.101023,0.363905,0.103105,0.101023,0.929907,0.363905,0
4.90995,-0.763728,7.9144,0.0924253,1.15238,-0.224741,-0.258987,FGM,0.101023,0.363905,0.103105,0.101023,0.929907,0.363905,0
4.91388,-0.763728,7.9144,0.0924253,1.15238,-0.224741,-0.258987,FGM,0.101023,0.363905,0.103105,0.101023,0.929907,0.363905,0
4.91862,-0.752221,7.91512,0.0906946,1.15333,-0.12059,-0.13908,FGM,0.101023,0.363905,0.103105,0.101023,0.929907,0.363905,0
4.92193,-0.752221,7.91512,0.0906946,1.15333,-0.12059,-0.13908,FGM,0.101023,0.363905,0.103105,0.101023,0.929907,0.363905,0
4.92588,-0.752221,7.91512,0.0906946,1.15333,-0.12059,-0.13908,FGM,0.0889285,0.36257,0.119593,0.0889285,0.929907,0.36257,0
4.92989,-0.740714,7.91595,0.0900231,1.1541,-0.0133441,-0.0154004,FGM,0.0889285,0.36257,0.119593,0.0889285,0.929907,0.36257,0
4.93398,-0.740714,7.91595,0.0900231,1.1541,-0.0133441,-0.0154004,FGM,0.0889285,0.36257,0.119593,0.0889285,0.929907,0.36257,0
4.93891,-0.729211,7.91692,0.0904325,1.15483,0.095434,0.11021,FGM,0.0889285,0.36257,0.119593,0.0889285,0.929907,0.36257,0
4.94192,-0.729211,7.91692,0.0904325,1.15483,0.095434,0.11021,FGM,0.0889285,0.36257,0.119593,0.0889285,0.929907,0.36257,0
4.94598,-0.729211,7.91692,0.0904325,1.15483,0.095434,0.11021,FGM,0.0889285,0.36257,0.119593,0.0889285,0.929907,0.36257,0
4.94997,-0.717713,7.91803,0.0916767,1.15552,0.128025,0.147935,FGM,0.0889285,0.36257,0.119593,0.0889285,0.929907,0.36257,0
4.95393,-0.717713,7.91803,0.0916767,1.15552,0.128025,0.147935,FGM,0.0889285,0.36257,0.119593,0.0889285,0.929907,0.36257,0
4.95875,-0.706215,7.91922,0.0930116,1.15618,0.154344,0.17845,FGM,0.0889285,0.36257,0.119593,0.0889285,0.929907,0.36257,0
4.96191,-0.706215,7.91922,0.0930116,1.15618,0.154344,0.17845,FGM,0.0889285,0.36257,0.119593,0.0889285,0.929907,0.36257,0
4.966,-0.706215,7.91922,0.0930116,1.15618,0.154344,0.17845,FGM,0.0889285,0.36257,0.119593,0.0889285,0.929907,0.36257,0
4.96999,-0.694722,7.9205,0.0949069,1.15681,0.230768,0.266955,FGM,0.0889285,0.36257,0.119593,0.0889285,0.929907,0.36257,0
4.97389,-0.694722,7.9205,0.0949069,1.15681,0.230768,0.266955,FGM,0.0889285,0.36257,0.119593,0.0889285,0.929907,0.36257,0
4.97871,-0.683239,7.92192,0.0976846,1.15741,0.327195,0.378701,FGM,0.101557,0.362032,0.112505,0.101557,0.936303,0.362032,0
4.98197,-0.683239,7.92192,0.0976846,1.15741,0.327195,0.378701,FGM,0.101557,0.362032,0.112505,0.101557,0.936303,0.362032,0
4.9859,-0.683239,7.92192,0.0976846,1.15741,0.327195,0.378701,FGM,0.101557,0.362032,0.112505,0.101557,0.936303,0.362032,0
4.98974,-0.671769,7.92349,0.101217,1.15785,0.354737,0.410734,FGM,0.101557,0.362032,0.112505,0.101557,0.936303,0.362032,0
4.9937,-0.671769,7.92349,0.101217,1.15785,0.354737,0.410734,FGM,0.101557,0.362032,0.112505,0.101557,0.936303,0.362032,0
4.99883,-0.660304,7.92512,0.104548,1.15827,0.301658,0.349402,FGM,0.101557,0.362032,0.112505,0.101557,0.936303,0.362032,0
5.00194,-0.660304,7.92512,0.104548,1.15827,0.301658,0.349402,FGM,0.101557,0.362032,0.112505,0.101557,0.936303,0.362032,0
5.00583,-0.660304,7.92512,0.104548,1.15827,0.301658,0.349402,FGM,0.101557,0.362032,0.112505,0.101557,0.936303,0.362032,0
5.00987,-0.648832,7.92674,0.107155,1.15867,0.215908,0.250166,FGM,0.101557,0.362032,0.112505,0.101557,0.936303,0.362032,0
5.01383,-0.648832,7.92674,0.107155,1.15867,0.215908,0.250166,FGM,0.101557,0.362032,0.112505,0.101557,0.936303,0.362032,0
5.01858,-0.637348,7.92829,0.108826,1.15905,0.116498,0.135027,FGM,0.101557,0.362032,0.112505,0.101557,0.936303,0.362032,0
5.02189,-0.637348,7.92829,0.108826,1.15905,0.116498,0.135027,FGM,0.101557,0.362032,0.112505,0.101557,0.936303,0.362032,0
5.02574,-0.637348,7.92829,0.108826,1.15905,0.116498,0.135027,FGM,0.0459048,0.377238,0.119293,0.0459048,0.936303,0.377238,0
5.03006,-0.625847,7.92974,0.109467,1.1593,0.0110678,0.0128309,FGM,0.0459048,0.377238,0.119293,0.0459048,0.936303,0.377238,0
5.03392,-0.625847,7.92974,0.109467,1.1593,0.0110678,0.0128309,FGM,0.0459048,0.377238,0.119293,0.0459048,0.936303,0.377238,0
5.03884,-0.614328,7.93106,0.109039,1.15954,-0.0971014,-0.112593,FGM,0.0459048,0.377238,0.119293,0.0459048,0.936303,0.377238,0
5.04202,-0.614328,7.93106,0.109039,1.15954,-0.0971014,-0.112593,FGM,0.0459048,0.377238,0.119293,0.0459048,0.936303,0.377238,0
5.04599,-0.614328,7.93106,0.109039,1.15954,-0.0971014,-0.112593,FGM,0.0459048,0.377238,0.119293,0.0459048,0.936303,0.377238,0
5.04988,-0.602792,7.93224,0.10778,1.15977,-0.129366,-0.150035,FGM,0.0459048,0.377238,0.119293,0.0459048,0.936303,0.377238,0
5.05397,-0.602792,7.93224,0.10778,1.15977,-0.129366,-0.150035,FGM,0.0459048,0.377238,0.119293,0.0459048,0.936303,0.377238,0
5.05863,-0.591247,7.93336,0.106433,1.15999,-0.155414,-0.180279,FGM,0.0459048,0.377238,0.119293,0.0459048,0.936303,0.377238,0
5.06192,-0.591247,7.93336,0.106433,1.15999,-0.155414,-0.180279,FGM,0.0459048,0.377238,0.119293,0.0459048,0.936303,0.377238,0
5.06586,-0.591247,7.93336,0.106433,1.15999,-0.155414,-0.180279,FGM,0.0459048,0.377238,0.119293,0.0459048,0.936303,0.377238,0
5.06984,-0.579691,7.93437,0.104527,1.1602,-0.231824,-0.268962,FGM,0.0459048,0.377238,0.119293,0.0459048,0.936303,0.377238,0
5.07394,-0.579691,7.93437,0.104527,1.1602,-0.231824,-0.268962,FGM,0.0459048,0.377238,0.119293,0.0459048,0.936303,0.377238,0
5.08013,-0.568122,7.93526,0.101739,1.1604,-0.328357,-0.381026,FGM,0.0653075,0.38028,0.111181,0.0653075,0.936303,0.38028,0
5.08213,-0.568122,7.93526,0.101739,1.1604,-0.328357,-0.381026,FGM,0.0653075,0.38028,0.111181,0.0653075,0.936303,0.38028,0
5.08589,-0.568122,7.93526,0.101739,1.1604,-0.328357,-0.381026,FGM,0.0653075,0.38028,0.111181,0.0653075,0.936303,0.38028,0
5.09022,-0.556541,7.93599,0.0981947,1.16048,-0.355869,-0.412979,FGM,0.0653075,0.38028,0.111181,0.0653075,0.936303,0.38028,0
5.09421,-0.556541,7.93599,0.0981947,1.16048,-0.355869,-0.412979,FGM,0.0653075,0.38028,0.111181,0.0653075,0.936303,0.38028,0
5.09868,-0.544955,7.93667,0.0948537,1.16056,-0.302545,-0.351122,FGM,0.0653075,0.38028,0.111181,0.0653075,0.936303,0.38028,0
5.10194,-0.544955,7.93667,0.0948537,1.16056,-0.302545,-0.351122,FGM,0.0653075,0.38028,0.111181,0.0653075,0.936303,0.38028,0
5.10606,-0.544955,7.93667,0.0948537,1.16056,-0.302545,-0.351122,FGM,0.0653075,0.38028,0.111181,0.0653075,0.936303,0.38028,0
5.11002,-0.53337,7.93735,0.0922386,1.16064,-0.21648,-0.251255,FGM,0.0653075,0.38028,0.111181,0.0653075,0.936303,0.38028,0
5.11404,-0.53337,7.93735,0.0922386,1.16064,-0.21648,-0.251255,FGM,0.0653075,0.38028,0.111181,0.0653075,0.936303,0.38028,0
5.11876,-0.521787,7.93811,0.0905639,1.16071,-0.116769,-0.135534,FGM,0.0653075,0.38028,0.111181,0.0653075,0.936303,0.38028,0
5.12191,-0.521787,7.93811,0.0905639,1.16071,-0.116769,-0.135534,FGM,0.0653075,0.38028,0.111181,0.0653075,0.936303,0.38028,0
5.12599,-0.521787,7.93811,0.0905639,1.16071,-0.116769,-0.135534,FGM,0.0401631,0.381363,0.111636,0.0401631,0.94607,0.381363,0
5.12996,-0.510212,7.93897,0.0899207,1.16077,-0.0111354,-0.0129257,FGM,0.0401631,0.381363,0.111636,0.0401631,0.94607,0.381363,0
5.1341,-0.510212,7.93897,0.0899207,1.16077,-0.0111354,-0.0129257,FGM,0.0401631,0.381363,0.111636,0.0401631,0.94607,0.381363,0
5.13872,-0.498649,7.93996,0.0903508,1.16039,0.0974407,0.113069,FGM,0.0401631,0.381363,0.111636,0.0401631,0.94607,0.381363,0
5.14214,-0.498649,7.93996,0.0903508,1.16039,0.0974407,0.113069,FGM,0.0401631,0.381363,0.111636,0.0401631,0.94607,0.381363,0
5.14598,-0.498649,7.93996,0.0903508,1.16039,0.0974407,0.113069,FGM,0.0401631,0.381363,0.111636,0.0401631,0.94607,0.381363,0
5.14996,-0.487103,7.94111,0.0918729,1.16008,0.20713,0.240286,FGM,0.0401631,0.381363,0.111636,0.0401631,0.94607,0.381363,0
5.15405,-0.487103,7.94111,0.0918729,1.16008,0.20713,0.240286,FGM,0.0401631,0.381363,0.111636,0.0401631,0.94607,0.381363,0
5.15889,-0.47558,7.94243,0.094495,1.15982,0.317381,0.368106,FGM,0.0401631,0.381363,0.111636,0.0401631,0.94607,0.381363,0
5.1619,-0.47558,7.94243,0.094495,1.15982,0.317381,0.368106,FGM,0.0401631,0.381363,0.111636,0.0401631,0.94607,0.381363,0
5.1661,-0.47558,7.94243,0.094495,1.15982,0.317381,0.368106,FGM,0.0401631,0.381363,0.111636,0.0401631,0.94607,0.381363,0
5.17013,-0.464082,7.94395,0.0982213,1.15962,0.427933,0.496239,FGM,0.0401631,0.381363,0.111636,0.0401631,0.94607,0.381363,0
5.17402,-0.464082,7.94395,0.0982213,1.15962,0.427933,0.496239,FGM,0.0401631,0.381363,0.111636,0.0401631,0.94607,0.381363,0
5.17886,-0.452612,7.94565,0.102795,1.15945,0.46128,0.534833,FGM,0,0.383084,0.109002,0,0.94607,0.383084,0
5.18195,-0.452612,7.94565,0.102795,1.15945,0.46128,0.534833,FGM,0,0.383084,0.109002,0,0.94607,0.383084,0
5.18596,-0.452612,7.94565,0.102795,1.15945,0.46128,0.534833,FGM,0,0.383084,0.109002,0,0.94607,0.383084,0
5.19002,-0.441159,7.94744,0.107205,1.15893,0.410524,0.475769,FGM,0,0.383084,0.109002,0,0.94607,0.383084,0
5.19417,-0.441159,7.94744,0.107205,1.15893,0.410524,0.475769,FGM,0,0.383084,0.109002,0,0.94607,0.383084,0
5.199,-0.429712,7.94924,0.110907,1.15851,0.325546,0.377146,FGM,0,0.383084,0.109002,0,0.94607,0.383084,0
5.20211,-0.429712,7.94924,0.110907,1.15851,0.325546,0.377146,FGM,0,0.383084,0.109002,0,0.94607,0.383084,0
5.20595,-0.429712,7.94924,0.110907,1.15851,0.325546,0.377146,FGM,0,0.383084,0.109002,0,0.94607,0.383084,0
5.21012,-0.418262,7.95099,0.113675,1.15816,0.2264,0.262208,FGM,0,0.383084,0.109002,0,0.94607,0.383084,0
5.21395,-0.418262,7.95099,0.113675,1.15816,0.2264,0.262208,FGM,0,0.383084,0.109002,0,0.94607,0.383084,0
5.21885,-0.406802,7.95265,0.115417,1.15788,0.121169,0.1403,FGM,0,0.383084,0.109002,0,0.94607,0.383084,0
5.22211,-0.406802,7.95265,0.115417,1.15788,0.121169,0.1403,FGM,0,0.383084,0.109002,0,0.94607,0.383084,0
5.22607,-0.406802,7.95265,0.115417,1.15788,0.121169,0.1403,FGM,0,0.395047,0.0855094,0,0.94607,0.395047,0
5.22996,-0.395328,7.95419,0.11609,1.15766,0.0131937,0.0152738,FGM,0,0.395047,0.0855094,0,0.94607,0.395047,0
5.23401,-0.395328,7.95419,0.11609,1.15766,0.0131937,0.0152738,FGM,0,0.395047,0.0855094,0,0.94607,0.395047,0
5.23889,-0.38384,7.9556,0.115675,1.15711,-0.0962926,-0.111421,FGM,0,0.395047,0.0855094,0,0.94607,0.395047,0
5.24203,-0.38384,7.9556,0.115675,1.15711,-0.0962926,-0.111421,FGM,0,0.395047,0.0855094,0,0.94607,0.395047,0
5.24606,-0.38384,7.9556,0.115675,1.15711,-0.0962926,-0.111421,FGM,0,0.395047,0.0855094,0,0.94607,0.395047,0
5.25004,-0.372338,7.95684,0.114163,1.15666,-0.206264,-0.238578,FGM,0,0.395047,0.0855094,0,0.94607,0.395047,0
5.25409,-0.372338,7.95684,0.114163,1.15666,-0.206264,-0.238578,FGM,0,0.395047,0.0855094,0,0.94607,0.395047,0
5.25886,-0.360822,7.9579,0.111549,1.1563,-0.316493,-0.365962,FGM,0,0.395047,0.0855094,0,0.94607,0.395047,0
5.26203,-0.360822,7.9579,0.111549,1.1563,-0.316493,-0.365962,FGM,0,0.395047,0.0855094,0,0.94607,0.395047,0
5.26612,-0.360822,7.9579,0.111549,1.1563,-0.316493,-0.365962,FGM,0,0.395047,0.0855094,0,0.94607,0.395047,0
5.27008,-0.349293,7.95877,0.107833,1.15601,-0.426864,-0.49346,FGM,0,0.395047,0.0855094,0,0.94607,0.395047,0
5.27399,-0.349293,7.95877,0.107833,1.15601,-0.426864,-0.49346,FGM,0,0.395047,0.0855094,0,0.94607,0.395047,0
5.27889,-0.337755,7.95946,0.103271,1.15578,-0.459975,-0.531628,FGM,0,0.399013,0.0995556,0,0.955088,0.399013,0
5.28196,-0.337755,7.95946,0.103271,1.15578,-0.459975,-0.531628,FGM,0,0.399013,0.0995556,0,0.955088,0.399013,0
5.28598,-0.337755,7.95946,0.103271,1.15578,-0.459975,-0.531628,FGM,0,0.399013,0.0995556,0,0.955088,0.399013,0
5.28987,-0.326216,7.96005,0.0988738,1.15505,-0.409162,-0.472602,FGM,0,0.399013,0.0995556,0,0.955088,0.399013,0
5.29402,-0.326216,7.96005,0.0988738,1.15505,-0.409162,-0.472602,FGM,0,0.399013,0.0995556,0,0.955088,0.399013,0
5.29891,-0.314683,7.96063,0.0951861,1.15446,-0.324239,-0.374321,FGM,0,0.399013,0.0995556,0,0.955088,0.399013,0
5.30207,-0.314683,7.96063,0.0951861,1.15446,-0.324239,-0.374321,FGM,0,0.399013,0.0995556,0,0.955088,0.399013,0
5.30598,-0.314683,7.96063,0.0951861,1.15446,-0.324239,-0.374321,FGM,0,0.399013,0.0995556,0,0.955088,0.399013,0
5.31002,-0.303158,7.96126,0.09243,1.15398,-0.225275,-0.259964,FGM,0,0.399013,0.0995556,0,0.955088,0.399013,0
5.31409,-0.303158,7.96126,0.09243,1.15398,-0.225275,-0.259964,FGM,0,0.399013,0.0995556,0,0.955088,0.399013,0
5.31898,-0.291642,7.96197,0.0906983,1.1536,-0.12032,-0.138801,FGM,0,0.399013,0.0995556,0,0.955088,0.399013,0
5.32213,-0.291642,7.96197,0.0906983,1.1536,-0.12032,-0.138801,FGM,0,0.399013,0.0995556,0,0.955088,0.399013,0
5.32597,-0.291642,7.96197,0.0906983,1.1536,-0.12032,-0.138801,FGM,0,0.398781,0.0950808,0,0.955088,0.398781,0
5.33004,-0.280138,7.9628,0.0900315,1.15328,-0.0126826,-0.0146267,FGM,0,0.398781,0.0950808,0,0.955088,0.398781,0
5.33402,-0.280138,7.9628,0.0900315,1.15328,-0.0126826,-0.0146267,FGM,0,0.398781,0.0950808,0,0.955088,0.398781,0
5.33894,-0.26865,7.96378,0.09045,1.15253,0.0964965,0.111215,FGM,0,0.398781,0.0950808,0,0.955088,0.398781,0
5.34209,-0.26865,7.96378,0.09045,1.15253,0.0964965,0.111215,FGM,0,0.398781,0.0950808,0,0.955088,0.398781,0
5.34603,-0.26865,7.96378,0.09045,1.15253,0.0964965,0.111215,FGM,0,0.398781,0.0950808,0,0.955088,0.398781,0
5.35016,-0.257184,7.96491,0.0919625,1.15192,0.206068,0.237374,FGM,0,0.398781,0.0950808,0,0.955088,0.398781,0
5.35408,-0.257184,7.96491,0.0919625,1.15192,0.206068,0.237374,FGM,0,0.398781,0.0950808,0,0.955088,0.398781,0
5.3589,-0.245742,7.96622,0.0945718,1.15142,0.315843,0.36367,FGM,0,0.398781,0.0950808,0,0.955088,0.398781,0
5.36202,-0.245742,7.96622,0.0945718,1.15142,0.315843,0.36367,FGM,0,0.398781,0.0950808,0,0.955088,0.398781,0
5.36599,-0.245742,7.96622,0.0945718,1.15142,0.315843,0.36367,FGM,0,0.398781,0.0950808,0,0.955088,0.398781,0
5.37002,-0.234329,7.96773,0.0982795,1.15102,0.425728,0.490023,FGM,0,0.398781,0.0950808,0,0.955088,0.398781,0
5.37391,-0.234329,7.96773,0.0982795,1.15102,0.425728,0.490023,FGM,0,0.398781,0.0950808,0,0.955088,0.398781,0
5.37884,-0.222945,7.96942,0.102828,1.1507,0.458379,0.527456,FGM,0,0.399787,0.0975684,0,0.955088,0.399787,0
5.3818,-0.222945,7.96942,0.102828,1.1507,0.458379,0.527456,FGM,0,0.399787,0.0975684,0,0.955088,0.399787,0
5.38593,-0.222945,7.96942,0.102828,1.1507,0.458379,0.527456,FGM,0,0.399787,0.0975684,0,0.955088,0.399787,0
5.39013,-0.211579,7.97119,0.107208,1.15009,0.407406,0.468554,FGM,0,0.399787,0.0975684,0,0.955088,0.399787,0
5.39386,-0.211579,7.97119,0.107208,1.15009,0.407406,0.468554,FGM,0,0.399787,0.0975684,0,0.955088,0.399787,0
5.39866,-0.20022,7.97298,0.110879,1.1496,0.322661,0.370931,FGM,0,0.399787,0.0975684,0,0.955088,0.399787,0
5.40213,-0.20022,7.97298,0.110879,1.1496,0.322661,0.370931,FGM,0,0.399787,0.0975684,0,0.955088,0.399787,0
5.40609,-0.20022,7.97298,0.110879,1.1496,0.322661,0.370931,FGM,0,0.399787,0.0975684,0,0.955088,0.399787,0
5.41011,-0.188858,7.97471,0.11362,1.1492,0.224026,0.257451,FGM,0,0.399787,0.0975684,0,0.955088,0.399787,0
5.41394,-0.188858,7.97471,0.11362,1.1492,0.224026,0.257451,FGM,0,0.399787,0.0975684,0,0.955088,0.399787,0
5.41887,-0.177486,7.97636,0.115342,1.14888,0.119461,0.137246,FGM,0,0.399787,0.0975684,0,0.955088,0.399787,0
5.42204,-0.177486,7.97636,0.115342,1.14888,0.119461,0.137246,FGM,0,0.399787,0.0975684,0,0.955088,0.399787,0
5.42614,-0.177486,7.97636,0.115342,1.14888,0.119461,0.137246,FGM,0,0.412747,0.220955,0,0.614977,0.412747,0
5.43018,-0.166102,7.9779,0.116002,1.14861,0.0122352,0.0140535,FGM,0,0.412747,0.220955,0,0.614977,0.412747,0
5.43421,-0.166102,7.9779,0.116002,1.14861,0.0122352,0.0140535,FGM,0,0.412747,0.220955,0,0.614977,0.412747,0
5.43907,-0.154703,7.97929,0.115582,1.1481,-0.0964181,-0.110698,FGM,0,0.412747,0.220955,0,0.614977,0.412747,0
5.4423,-0.154703,7.97929,0.115582,1.1481,-0.0964181,-0.110698,FGM,0,0.412747,0.220955,0,0.614977,0.412747,0
5.44617,-0.154703,7.97929,0.115582,1.1481,-0.0964181,-0.110698,FGM,0,0.412747,0.220955,0,0.614977,0.412747,0
5.45022,-0.14329,7.98052,0.114072,1.14768,-0.205562,-0.23592,FGM,0,0.412747,0.220955,0,0.614977,0.412747,0
5.45401,-0.14329,7.98052,0.114072,1.14768,-0.205562,-0.23592,FGM,0,0.412747,0.220955,0,0.614977,0.412747,0
5.45898,-0.131863,7.98157,0.11147,1.14735,-0.314965,-0.361374,FGM,0,0.412747,0.220955,0,0.614977,0.412747,0
5.46198,-0.131863,7.98157,0.11147,1.14735,-0.314965,-0.361374,FGM,0,0.412747,0.220955,0,0.614977,0.412747,0
5.46608,-0.131863,7.98157,0.11147,1.14735,-0.314965,-0.361374,FGM,0,0.412747,0.220955,0,0.614977,0.412747,0
5.47021,-0.120423,7.98243,0.107772,1.14707,-0.424512,-0.486946,FGM,0,0.412747,0.220955,0,0.614977,0.412747,0
5.47439,-0.120423,7.98243,0.107772,1.14707,-0.424512,-0.486946,FGM,0,0.412747,0.220955,0,0.614977,0.412747,0
5.47911,-0.108974,7.9831,0.103237,1.14685,-0.456932,-0.524034,FGM,0,0.415385,0.22983,0,0.614977,0.415385,0
5.48195,-0.108974,7.9831,0.103237,1.14685,-0.456932,-0.524034,FGM,0,0.415385,0.22983,0,0.614977,0.415385,0
5.48597,-0.108974,7.9831,0.103237,1.14685,-0.456932,-0.524034,FGM,0,0.415385,0.22983,0,0.614977,0.415385,0
5.48989,-0.0975232,7.98368,0.0988719,1.14619,-0.405986,-0.465338,FGM,0,0.415385,0.22983,0,0.614977,0.415385,0
5.49397,-0.0975232,7.98368,0.0988719,1.14619,-0.405986,-0.465338,FGM,0,0.415385,0.22983,0,0.614977,0.415385,0
5.49876,-0.0860784,7.98426,0.0952147,1.14566,-0.321381,-0.368192,FGM,0,0.415385,0.22983,0,0.614977,0.415385,0
5.50198,-0.0860784,7.98426,0.0952147,1.14566,-0.321381,-0.368192,FGM,0,0.415385,0.22983,0,0.614977,0.415385,0
5.50601,-0.0860784,7.98426,0.0952147,1.14566,-0.321381,-0.368192,FGM,0,0.415385,0.22983,0,0.614977,0.415385,0
5.51001,-0.074641,7.98488,0.0924844,1.14522,-0.222979,-0.25536,FGM,0,0.415385,0.22983,0,0.614977,0.415385,0
5.51383,-0.074641,7.98488,0.0924844,1.14522,-0.222979,-0.25536,FGM,0,0.415385,0.22983,0,0.614977,0.415385,0
5.51866,-0.0632126,7.98559,0.0907723,1.14487,-0.118708,-0.135905,FGM,0,0.415385,0.22983,0,0.614977,0.415385,0
5.52207,-0.0632126,7.98559,0.0907723,1.14487,-0.118708,-0.135905,FGM,0,0.415385,0.22983,0,0.614977,0.415385,0
5.526,-0.0632126,7.98559,0.0907723,1.14487,-0.118708,-0.135905,FGM,0,0.415018,0.229828,0,0.614977,0.415018,0
5.52995,-0.051797,7.98642,0.090119,1.14424,-0.0116425,-0.0133218,FGM,0,0.415018,0.229828,0,0.614977,0.415018,0
5.53393,-0.051797,7.98642,0.090119,1.14424,-0.0116425,-0.0133218,FGM,0,0.415018,0.229828,0,0.614977,0.415018,0
5.53895,-0.0403983,7.98739,0.0905427,1.14373,0.0965312,0.110406,FGM,0,0.415018,0.229828,0,0.614977,0.415018,0
5.54206,-0.0403983,7.98739,0.0905427,1.14373,0.0965312,0.110406,FGM,0,0.415018,0.229828,0,0.614977,0.415018,0
5.54597,-0.0403983,7.98739,0.0905427,1.14373,0.0965312,0.110406,FGM,0,0.415018,0.229828,0,0.614977,0.415018,0
5.55008,-0.0290165,7.98849,0.091793,1.14332,0.128027,0.146375,FGM,0,0.415018,0.229828,0,0.614977,0.415018,0
5.55402,-0.0290165,7.98849,0.091793,1.14332,0.128027,0.146375,FGM,0,0.415018,0.229828,0,0.614977,0.415018,0
5.55887,-0.0176456,7.98967,0.0931244,1.14299,0.153787,0.175776,FGM,0,0.415018,0.229828,0,0.614977,0.415018,0
5.56194,-0.0176456,7.98967,0.0931244,1.14299,0.153787,0.175776,FGM,0,0.415018,0.229828,0,0.614977,0.415018,0
5.56609,-0.0176456,7.98967,0.0931244,1.14299,0.153787,0.175776,FGM,0,0.415018,0.229828,0,0.614977,0.415018,0
5.57004,-0.00628816,7.99094,0.095011,1.14272,0.229592,0.262358,FGM,0,0.415018,0.229828,0,0.614977,0.415018,0
5.57403,-0.00628816,7.99094,0.095011,1.14272,0.229592,0.262358,FGM,0,0.415018,0.229828,0,0.614977,0.415018,0
5.57895,0.00505055,7.99235,0.0977723,1.1425,0.325067,0.371389,FGM,0,0.415779,0.223835,0,0.622267,0.415779,0
5.58202,0.00505055,7.99235,0.0977723,1.1425,0.325067,0.371389,FGM,0,0.415779,0.223835,0,0.622267,0.415779,0
5.5861,0.00505055,7.99235,0.0977723,1.1425,0.325067,0.371389,FGM,0,0.415779,0.223835,0,0.622267,0.415779,0
5.58996,0.0163665,7.9939,0.101278,1.14189,0.35141,0.401273,FGM,0,0.415779,0.223835,0,0.622267,0.415779,0
5.59396,0.0163665,7.9939,0.101278,1.14189,0.35141,0.401273,FGM,0,0.415779,0.223835,0,0.622267,0.415779,0
5.59868,0.0276688,7.99551,0.104572,1.1414,0.297621,0.339706,FGM,0,0.415779,0.223835,0,0.622267,0.415779,0
5.602,0.0276688,7.99551,0.104572,1.1414,0.297621,0.339706,FGM,0,0.415779,0.223835,0,0.622267,0.415779,0
5.60607,0.0276688,7.99551,0.104572,1.1414,0.297621,0.339706,FGM,0,0.415779,0.223835,0,0.622267,0.415779,0
5.6101,0.0389687,7.99711,0.107139,1.14101,0.211955,0.241843,FGM,0,0.415779,0.223835,0,0.622267,0.415779,0
5.61407,0.0389687,7.99711,0.107139,1.14101,0.211955,0.241843,FGM,0,0.415779,0.223835,0,0.622267,0.415779,0
5.6188,0.0502744,7.99863,0.108773,1.14069,0.11327,0.129205,FGM,0,0.415779,0.223835,0,0.622267,0.415779,0
5.62186,0.0502744,7.99863,0.108773,1.14069,0.11327,0.129205,FGM,0,0.415779,0.223835,0,0.622267,0.415779,0
5.62602,0.0502744,7.99863,0.108773,1.14069,0.11327,0.129205,FGM,0,0.425272,0.235651,0,0.622267,0.425272,0
5.63021,0.0615907,8.00006,0.109388,1.14043,0.00906005,0.0103323,FGM,0,0.425272,0.235651,0,0.622267,0.425272,0
5.63404,0.0615907,8.00006,0.109388,1.14043,0.00906005,0.0103323,FGM,0,0.425272,0.235651,0,0.622267,0.425272,0
5.63892,0.0729191,8.00135,0.108946,1.13993,-0.0977624,-0.111442,FGM,0,0.425272,0.235651,0,0.622267,0.425272,0
5.64192,0.0729191,8.00135,0.108946,1.13993,-0.0977624,-0.111442,FGM,0,0.425272,0.235651,0,0.622267,0.425272,0
5.64601,0.0729191,8.00135,0.108946,1.13993,-0.0977624,-0.111442,FGM,0,0.425272,0.235651,0,0.622267,0.425272,0
5.65009,0.0842596,8.00248,0.10743,1.13952,-0.205616,-0.234305,FGM,0,0.425272,0.235651,0,0.622267,0.425272,0
5.65392,0.0842596,8.00248,0.10743,1.13952,-0.205616,-0.234305,FGM,0,0.425272,0.235651,0,0.622267,0.425272,0
5.65885,0.0956125,8.00344,0.104832,1.1392,-0.313981,-0.357685,FGM,0,0.425272,0.235651,0,0.622267,0.425272,0
5.66207,0.0956125,8.00344,0.104832,1.1392,-0.313981,-0.357685,FGM,0,0.425272,0.235651,0,0.622267,0.425272,0
5.6659,0.0956125,8.00344,0.104832,1.1392,-0.313981,-0.357685,FGM,0,0.425272,0.235651,0,0.622267,0.425272,0
5.66999,0.106977,8.00421,0.10115,1.13893,-0.422613,-0.481327,FGM,0,0.425272,0.235651,0,0.622267,0.425272,0
5.67389,0.106977,8.00421,0.10115,1.13893,-0.422613,-0.481327,FGM,0,0.425272,0.235651,0,0.622267,0.425272,0
5.67857,0.11835,8.0048,0.0966375,1.13872,-0.454305,-0.517324,FGM,0,0.430665,0.241204,0,0.622267,0.430665,0
5.68188,0.11835,8.0048,0.0966375,1.13872,-0.454305,-0.517324,FGM,0,0.430665,0.241204,0,0.622267,0.430665,0
5.68606,0.11835,8.0048,0.0966375,1.13872,-0.454305,-0.517324,FGM,0,0.430665,0.241204,0,0.622267,0.430665,0
5.68993,0.129724,8.0053,0.0922996,1.13823,-0.403181,-0.458914,FGM,0,0.430665,0.241204,0,0.622267,0.430665,0
5.69401,0.129724,8.0053,0.0922996,1.13823,-0.403181,-0.458914,FGM,0,0.430665,0.241204,0,0.622267,0.430665,0
5.69874,0.141093,8.0058,0.0886691,1.13784,-0.318877,-0.362832,FGM,0,0.430665,0.241204,0,0.622267,0.430665,0
5.70205,0.141093,8.0058,0.0886691,1.13784,-0.318877,-0.362832,FGM,0,0.430665,0.241204,0,0.622267,0.430665,0
5.70597,0.141093,8.0058,0.0886691,1.13784,-0.318877,-0.362832,FGM,0,0.430665,0.241204,0,0.622267,0.430665,0
5.71,0.152457,8.00634,0.0859614,1.13753,-0.221001,-0.251395,FGM,0,0.430665,0.241204,0,0.622267,0.430665,0
5.71403,0.152457,8.00634,0.0859614,1.13753,-0.221001,-0.251395,FGM,0,0.430665,0.241204,0,0.622267,0.430665,0
5.71887,0.163814,8.00697,0.0842661,1.13727,-0.11735,-0.133459,FGM,0,0.430665,0.241204,0,0.622267,0.430665,0
5.72207,0.163814,8.00697,0.0842661,1.13727,-0.11735,-0.133459,FGM,0,0.430665,0.241204,0,0.622267,0.430665,0
5.72595,0.163814,8.00697,0.0842661,1.13727,-0.11735,-0.133459,FGM,0,0.427864,0.235547,0,0.632187,0.427864,0
5.73001,0.175161,8.00772,0.0836221,1.13707,-0.0111117,-0.0126348,FGM,0,0.427864,0.235547,0,0.632187,0.427864,0
5.73401,0.175161,8.00772,0.0836221,1.13707,-0.0111117,-0.0126348,FGM,0,0.427864,0.235547,0,0.632187,0.427864,0
5.73905,0.186493,8.00861,0.0840489,1.13647,0.0965867,0.109768,FGM,0,0.427864,0.235547,0,0.632187,0.427864,0
5.74212,0.186493,8.00861,0.0840489,1.13647,0.0965867,0.109768,FGM,0,0.427864,0.235547,0,0.632187,0.427864,0
5.74595,0.186493,8.00861,0.0840489,1.13647,0.0965867,0.109768,FGM,0,0.427864,0.235547,0,0.632187,0.427864,0
5.75002,0.197807,8.00966,0.085555,1.13599,0.204698,0.232534,FGM,0,0.427864,0.235547,0,0.632187,0.427864,0
5.75406,0.197807,8.00966,0.085555,1.13599,0.204698,0.232534,FGM,0,0.427864,0.235547,0,0.632187,0.427864,0
5.75878,0.209099,8.01088,0.0881434,1.1356,0.313028,0.355473,FGM,0,0.427864,0.235547,0,0.632187,0.427864,0
5.76199,0.209099,8.01088,0.0881434,1.1356,0.313028,0.355473,FGM,0,0.427864,0.235547,0,0.632187,0.427864,0
5.76598,0.209099,8.01088,0.0881434,1.1356,0.313028,0.355473,FGM,0,0.427864,0.235547,0,0.632187,0.427864,0
5.76999,0.220364,8.0123,0.0918158,1.13528,0.421478,0.478496,FGM,0,0.427864,0.235547,0,0.632187,0.427864,0
5.77421,0.220364,8.0123,0.0918158,1.13528,0.421478,0.478496,FGM,0,0.427864,0.235547,0,0.632187,0.427864,0
5.77878,0.231603,8.01389,0.0963156,1.13503,0.452949,0.514109,FGM,0,0.428911,0.241835,0,0.632187,0.428911,0
5.7821,0.231603,8.01389,0.0963156,1.13503,0.452949,0.514109,FGM,0,0.428911,0.241835,0,0.632187,0.428911,0
5.78602,0.231603,8.01389,0.0963156,1.13503,0.452949,0.514109,FGM,0,0.428911,0.241835,0,0.632187,0.428911,0
5.79009,0.242824,8.01558,0.10064,1.13447,0.401793,0.455821,FGM,0,0.428911,0.241835,0,0.632187,0.428911,0
5.79397,0.242824,8.01558,0.10064,1.13447,0.401793,0.455821,FGM,0,0.428911,0.241835,0,0.632187,0.428911,0
5.79871,0.25404,8.01727,0.104257,1.13402,0.317607,0.360172,FGM,0,0.428911,0.241835,0,0.632187,0.428911,0
5.80204,0.25404,8.01727,0.104257,1.13402,0.317607,0.360172,FGM,0,0.428911,0.241835,0,0.632187,0.428911,0
5.8059,0.25404,8.01727,0.104257,1.13402,0.317607,0.360172,FGM,0,0.428911,0.241835,0,0.632187,0.428911,0
5.80988,0.265259,8.01891,0.106953,1.13365,0.219956,0.249353,FGM,0,0.428911,0.241835,0,0.632187,0.428911,0
5.81396,0.265259,8.01891,0.106953,1.13365,0.219956,0.249353,FGM,0,0.428911,0.241835,0,0.632187,0.428911,0
5.81882,0.276487,8.02046,0.108639,1.13335,0.116594,0.132143,FGM,0,0.428911,0.241835,0,0.632187,0.428911,0
5.82217,0.276487,8.02046,0.108639,1.13335,0.116594,0.132143,FGM,0,0.428911,0.241835,0,0.632187,0.428911,0
5.82622,0.276487,8.02046,0.108639,1.13335,0.116594,0.132143,FGM,0,0.440849,0.253342,0,0.632187,0.440849,0
5.83011,0.287728,8.0219,0.109277,1.13311,0.0106843,0.0121065,FGM,0,0.440849,0.253342,0,0.632187,0.440849,0
5.83395,0.287728,8.0219,0.109277,1.13311,0.0106843,0.0121065,FGM,0,0.440849,0.253342,0,0.632187,0.440849,0
5.83885,0.298992,8.02319,0.108854,1.13452,-0.0955777,-0.108435,FGM,0,0.440849,0.253342,0,0.632187,0.440849,0
5.84199,0.298992,8.02319,0.108854,1.13452,-0.0955777,-0.108435,FGM,0,0.440849,0.253342,0,0.632187,0.440849,0
5.84601,0.298992,8.02319,0.108854,1.13452,-0.0955777,-0.108435,FGM,0,0.440849,0.253342,0,0.632187,0.440849,0
5.85007,0.310287,8.02433,0.107362,1.13586,-0.203122,-0.230719,FGM,0,0.440849,0.253342,0,0.632187,0.440849,0
5.85389,0.310287,8.02433,0.107362,1.13586,-0.203122,-0.230719,FGM,0,0.440849,0.253342,0,0.632187,0.440849,0
5.85884,0.321611,8.0253,0.104789,1.13714,-0.31143,-0.354139,FGM,0,0.440849,0.253342,0,0.632187,0.440849,0
5.86197,0.321611,8.0253,0.104789,1.13714,-0.31143,-0.354139,FGM,0,0.440849,0.253342,0,0.632187,0.440849,0
5.86592,0.321611,8.0253,0.104789,1.13714,-0.31143,-0.354139,FGM,0,0.440849,0.253342,0,0.632187,0.440849,0
5.87007,0.332962,8.02607,0.101131,1.13836,-0.420247,-0.478391,FGM,0,0.440849,0.253342,0,0.632187,0.440849,0
5.87401,0.332962,8.02607,0.101131,1.13836,-0.420247,-0.478391,FGM,0,0.440849,0.253342,0,0.632187,0.440849,0
5.87875,0.344335,8.02666,0.0966394,1.13951,-0.452759,-0.515925,FGM,0,0.44432,0.2708,0,0.640812,0.44432,0
5.88183,0.344335,8.02666,0.0966394,1.13951,-0.452759,-0.515925,FGM,0,0.44432,0.2708,0,0.640812,0.44432,0
5.88599,0.344335,8.02666,0.0966394,1.13951,-0.452759,-0.515925,FGM,0,0.44432,0.2708,0,0.640812,0.44432,0
5.88998,0.355724,8.02716,0.0923116,1.14043,-0.402749,-0.459309,FGM,0,0.44432,0.2708,0,0.640812,0.44432,0
5.89399,0.355724,8.02716,0.0923116,1.14043,-0.402749,-0.459309,FGM,0,0.44432,0.2708,0,0.640812,0.44432,0
5.89872,0.367122,8.02766,0.0886804,1.14131,-0.319389,-0.364522,FGM,0,0.44432,0.2708,0,0.640812,0.44432,0
5.90182,0.367122,8.02766,0.0886804,1.14131,-0.319389,-0.364522,FGM,0,0.44432,0.2708,0,0.640812,0.44432,0
5.9057,0.367122,8.02766,0.0886804,1.14131,-0.319389,-0.364522,FGM,0,0.44432,0.2708,0,0.640812,0.44432,0
5.91005,0.378526,8.0282,0.0859644,1.14215,-0.222084,-0.253653,FGM,0,0.44432,0.2708,0,0.640812,0.44432,0
5.91395,0.378526,8.0282,0.0859644,1.14215,-0.222084,-0.253653,FGM,0,0.44432,0.2708,0,0.640812,0.44432,0
5.91879,0.389934,8.02883,0.084257,1.14294,-0.11863,-0.135587,FGM,0,0.44432,0.2708,0,0.640812,0.44432,0
5.92194,0.389934,8.02883,0.084257,1.14294,-0.11863,-0.135587,FGM,0,0.44432,0.2708,0,0.640812,0.44432,0
5.92594,0.389934,8.02883,0.084257,1.14294,-0.11863,-0.135587,FGM,0,0.444277,0.270664,0,0.640812,0.444277,0
5.93009,0.401336,8.02959,0.0836046,1.14227,-0.0115563,-0.0132004,FGM,0,0.444277,0.270664,0,0.640812,0.444277,0
5.93401,0.401336,8.02959,0.0836046,1.14227,-0.0115563,-0.0132004,FGM,0,0.444277,0.270664,0,0.640812,0.444277,0
5.93872,0.412721,8.03048,0.0840287,1.14173,0.0965167,0.110196,FGM,0,0.444277,0.270664,0,0.640812,0.444277,0
5.94188,0.412721,8.03048,0.0840287,1.14173,0.0965167,0.110196,FGM,0,0.444277,0.270664,0,0.640812,0.444277,0
5.9459,0.412721,8.03048,0.0840287,1.14173,0.0965167,0.110196,FGM,0,0.444277,0.270664,0,0.640812,0.444277,0
5.94991,0.424089,8.03151,0.0852783,1.14129,0.127883,0.145952,FGM,0,0.444277,0.270664,0,0.640812,0.444277,0
5.95384,0.424089,8.03151,0.0852783,1.14129,0.127883,0.145952,FGM,0,0.444277,0.270664,0,0.640812,0.444277,0
5.95881,0.435447,8.0326,0.0866079,1.14094,0.153595,0.175242,FGM,0,0.444277,0.270664,0,0.640812,0.444277,0
5.9619,0.435447,8.0326,0.0866079,1.14094,0.153595,0.175242,FGM,0,0.444277,0.270664,0,0.640812,0.444277,0
5.96595,0.435447,8.0326,0.0866079,1.14094,0.153595,0.175242,FGM,0,0.444277,0.270664,0,0.640812,0.444277,0
5.97001,0.446792,8.0338,0.0884922,1.14065,0.229315,0.261568,FGM,0,0.444277,0.270664,0,0.640812,0.444277,0
5.97385,0.446792,8.0338,0.0884922,1.14065,0.229315,0.261568,FGM,0,0.444277,0.270664,0,0.640812,0.444277,0
5.97873,0.458119,8.03513,0.0912502,1.14041,0.324659,0.370246,FGM,0,0.44654,0.270568,0,0.640812,0.44654,0
5.9819,0.458119,8.03513,0.0912502,1.14041,0.324659,0.370246,FGM,0,0.44654,0.270568,0,0.640812,0.44654,0
5.98587,0.458119,8.03513,0.0912502,1.14041,0.324659,0.370246,FGM,0,0.44654,0.270568,0,0.640812,0.44654,0
5.98997,0.46943,8.03661,0.0947486,1.14091,0.350591,0.399993,FGM,0,0.44654,0.270568,0,0.640812,0.44654,0
5.99402,0.46943,8.03661,0.0947486,1.14091,0.350591,0.399993,FGM,0,0.44654,0.270568,0,0.640812,0.44654,0
5.99903,0.480737,8.03815,0.0980357,1.14138,0.297201,0.339219,FGM,0,0.44654,0.270568,0,0.640812,0.44654,0
6.00188,0.480737,8.03815,0.0980357,1.14138,0.297201,0.339219,FGM,0,0.44654,0.270568,0,0.640812,0.44654,0
6.00592,0.480737,8.03815,0.0980357,1.14138,0.297201,0.339219,FGM,0,0.44654,0.270568,0,0.640812,0.44654,0
6.00989,0.492051,8.03967,0.100601,1.14183,0.212014,0.242084,FGM,0,0.44654,0.270568,0,0.640812,0.44654,0
6.01377,0.492051,8.03967,0.100601,1.14183,0.212014,0.242084,FGM,0,0.44654,0.270568,0,0.640812,0.44654,0
6.01864,0.503378,8.04113,0.102238,1.14226,0.113653,0.129821,FGM,0,0.44654,0.270568,0,0.640812,0.44654,0
6.02187,0.503378,8.04113,0.102238,1.14226,0.113653,0.129821,FGM,0,0.44654,0.270568,0,0.640812,0.44654,0
6.02613,0.503378,8.04113,0.102238,1.14226,0.113653,0.129821,FGM,0,0.454903,0.282602,0,0.648548,0.454903,0
6.03007,0.514723,8.04248,0.102857,1.14266,0.00956845,0.0109335,FGM,0,0.454903,0.282602,0,0.648548,0.454903,0
6.03394,0.514723,8.04248,0.102857,1.14266,0.00956845,0.0109335,FGM,0,0.454903,0.282602,0,0.648548,0.454903,0
6.03892,0.526093,8.0437,0.102425,1.14447,-0.0964276,-0.110359,FGM,0,0.454903,0.282602,0,0.648548,0.454903,0
6.042,0.526093,8.0437,0.102425,1.14447,-0.0964276,-0.110359,FGM,0,0.454903,0.282602,0,0.648548,0.454903,0
6.04595,0.526093,8.0437,0.102425,1.14447,-0.0964276,-0.110359,FGM,0,0.454903,0.282602,0,0.648548,0.454903,0
6.04999,0.537496,8.04477,0.100923,1.1462,-0.20429,-0.234156,FGM,0,0.454903,0.282602,0,0.648548,0.454903,0
6.05394,0.537496,8.04477,0.100923,1.1462,-0.20429,-0.234156,FGM,0,0.454903,0.282602,0,0.648548,0.454903,0
6.05889,0.548931,8.04567,0.098336,1.14784,-0.313244,-0.359553,FGM,0,0.454903,0.282602,0,0.648548,0.454903,0
6.06207,0.548931,8.04567,0.098336,1.14784,-0.313244,-0.359553,FGM,0,0.454903,0.282602,0,0.648548,0.454903,0
6.066,0.548931,8.04567,0.098336,1.14784,-0.313244,-0.359553,FGM,0,0.454903,0.282602,0,0.648548,0.454903,0
6.06995,0.560396,8.04637,0.0946557,1.1494,-0.422914,-0.486097,FGM,0,0.454903,0.282602,0,0.648548,0.454903,0
6.07382,0.560396,8.04637,0.0946557,1.1494,-0.422914,-0.486097,FGM,0,0.454903,0.282602,0,0.648548,0.454903,0
6.07868,0.571885,8.0469,0.0901327,1.15089,-0.456358,-0.525217,FGM,0,0.458322,0.283267,0,0.648548,0.458322,0
6.08177,0.571885,8.0469,0.0901327,1.15089,-0.456358,-0.525217,FGM,0,0.458322,0.283267,0,0.648548,0.458322,0
6.08609,0.571885,8.0469,0.0901327,1.15089,-0.456358,-0.525217,FGM,0,0.458322,0.283267,0,0.648548,0.458322,0
6.09011,0.583391,8.04733,0.0857666,1.15207,-0.406711,-0.468561,FGM,0,0.458322,0.283267,0,0.648548,0.458322,0
6.09377,0.583391,8.04733,0.0857666,1.15207,-0.406711,-0.468561,FGM,0,0.458322,0.283267,0,0.648548,0.458322,0
6.09866,0.59491,8.04776,0.0820965,1.1532,-0.323147,-0.372653,FGM,0,0.458322,0.283267,0,0.648548,0.458322,0
6.10197,0.59491,8.04776,0.0820965,1.1532,-0.323147,-0.372653,FGM,0,0.458322,0.283267,0,0.648548,0.458322,0
6.10575,0.59491,8.04776,0.0820965,1.1532,-0.323147,-0.372653,FGM,0,0.458322,0.283267,0,0.648548,0.458322,0
6.10973,0.606438,8.04823,0.0793456,1.15427,-0.225263,-0.260015,FGM,0,0.458322,0.283267,0,0.648548,0.458322,0
6.11374,0.606438,8.04823,0.0793456,1.15427,-0.225263,-0.260015,FGM,0,0.458322,0.283267,0,0.648548,0.458322,0
6.11851,0.617972,8.04879,0.0776103,1.15529,-0.120997,-0.139788,FGM,0,0.458322,0.283267,0,0.648548,0.458322,0
6.12175,0.617972,8.04879,0.0776103,1.15529,-0.120997,-0.139788,FGM,0,0.458322,0.283267,0,0.648548,0.458322,0
6.12566,0.617972,8.04879,0.0776103,1.15529,-0.120997,-0.139788,FGM,0,0.456704,0.283234,0,0.648548,0.456704,0
6.12977,0.629503,8.04948,0.0769382,1.15511,-0.0130926,-0.0151233,FGM,0,0.456704,0.283234,0,0.648548,0.456704,0
6.13405,0.629503,8.04948,0.0769382,1.15511,-0.0130926,-0.0151233,FGM,0,0.456704,0.283234,0,0.648548,0.456704,0
6.13855,0.641024,8.0503,0.0773521,1.15496,0.0960346,0.110916,FGM,0,0.456704,0.283234,0,0.648548,0.456704,0
6.142,0.641024,8.0503,0.0773521,1.15496,0.0960346,0.110916,FGM,0,0.456704,0.283234,0,0.648548,0.456704,0
6.14579,0.641024,8.0503,0.0773521,1.15496,0.0960346,0.110916,FGM,0,0.456704,0.283234,0,0.648548,0.456704,0
6.15003,0.652533,8.05126,0.0786022,1.15483,0.128498,0.148394,FGM,0,0.456704,0.283234,0,0.648548,0.456704,0
6.15388,0.652533,8.05126,0.0786022,1.15483,0.128498,0.148394,FGM,0,0.456704,0.283234,0,0.648548,0.456704,0
6.15884,0.664035,8.05229,0.0799408,1.15473,0.154671,0.178604,FGM,0,0.456704,0.283234,0,0.648548,0.456704,0
6.162,0.664035,8.05229,0.0799408,1.15473,0.154671,0.178604,FGM,0,0.456704,0.283234,0,0.648548,0.456704,0
6.16599,0.664035,8.05229,0.0799408,1.15473,0.154671,0.178604,FGM,0,0.456704,0.283234,0,0.648548,0.456704,0
6.17011,0.675526,8.05342,0.081839,1.15465,0.231027,0.266757,FGM,0,0.456704,0.283234,0,0.648548,0.456704,0
6.17401,0.675526,8.05342,0.081839,1.15465,0.231027,0.266757,FGM,0,0.456704,0.283234,0,0.648548,0.456704,0
6.17872,0.687002,8.0547,0.0846186,1.15459,0.327302,0.377899,FGM,0,0.458654,0.283778,0,0.656391,0.458654,0
6.18186,0.687002,8.0547,0.0846186,1.15459,0.327302,0.377899,FGM,0,0.458654,0.283778,0,0.656391,0.458654,0
6.18605,0.687002,8.0547,0.0846186,1.15459,0.327302,0.377899,FGM,0,0.458654,0.283778,0,0.656391,0.458654,0
6.19004,0.698463,8.05611,0.0881484,1.15512,0.35423,0.409179,FGM,0,0.458654,0.283778,0,0.656391,0.458654,0
6.19407,0.698463,8.05611,0.0881484,1.15512,0.35423,0.409179,FGM,0,0.458654,0.283778,0,0.656391,0.458654,0
6.19884,0.709922,8.05759,0.0914731,1.15563,0.301005,0.347851,FGM,0,0.458654,0.283778,0,0.656391,0.458654,0
6.20195,0.709922,8.05759,0.0914731,1.15563,0.301005,0.347851,FGM,0,0.458654,0.283778,0,0.656391,0.458654,0
6.2059,0.709922,8.05759,0.0914731,1.15563,0.301005,0.347851,FGM,0,0.458654,0.283778,0,0.656391,0.458654,0
6.21002,0.721388,8.05905,0.0940746,1.15611,0.215335,0.248952,FGM,0,0.458654,0.283778,0,0.656391,0.458654,0
6.21398,0.721388,8.05905,0.0940746,1.15611,0.215335,0.248952,FGM,0,0.458654,0.283778,0,0.656391,0.458654,0
6.21893,0.732866,8.06045,0.0957402,1.15657,0.116101,0.134279,FGM,0,0.458654,0.283778,0,0.656391,0.458654,0
6.22204,0.732866,8.06045,0.0957402,1.15657,0.116101,0.134279,FGM,0,0.458654,0.283778,0,0.656391,0.458654,0
6.22609,0.732866,8.06045,0.0957402,1.15657,0.116101,0.134279,FGM,0,0.46747,0.295228,0,0.656391,0.46747,0
6.23019,0.744362,8.06175,0.0963791,1.15701,0.0109301,0.0126462,FGM,0,0.46747,0.295228,0,0.656391,0.46747,0
6.23414,0.744362,8.06175,0.0963791,1.15701,0.0109301,0.0126462,FGM,0,0.46747,0.295228,0,0.656391,0.46747,0
6.23885,0.755882,8.06291,0.095955,1.15891,-0.0962292,-0.111521,FGM,0,0.46747,0.295228,0,0.656391,0.46747,0
6.24197,0.755882,8.06291,0.095955,1.15891,-0.0962292,-0.111521,FGM,0,0.46747,0.295228,0,0.656391,0.46747,0
6.24624,0.755882,8.06291,0.095955,1.15891,-0.0962292,-0.111521,FGM,0,0.46747,0.295228,0,0.656391,0.46747,0
6.25016,0.767436,8.06392,0.0944484,1.16072,-0.205337,-0.238337,FGM,0,0.46747,0.295228,0,0.656391,0.46747,0
6.25402,0.767436,8.06392,0.0944484,1.16072,-0.205337,-0.238337,FGM,0,0.46747,0.295228,0,0.656391,0.46747,0
6.2587,0.779022,8.06475,0.0918445,1.16244,-0.315589,-0.366853,FGM,0,0.46747,0.295228,0,0.656391,0.46747,0
6.26186,0.779022,8.06475,0.0918445,1.16244,-0.315589,-0.366853,FGM,0,0.46747,0.295228,0,0.656391,0.46747,0
6.26603,0.779022,8.06475,0.0918445,1.16244,-0.315589,-0.366853,FGM,0,0.46747,0.295228,0,0.656391,0.46747,0
6.27016,0.790637,8.0654,0.0881341,1.16408,-0.426593,-0.496587,FGM,0,0.46747,0.295228,0,0.656391,0.46747,0
6.27403,0.790637,8.0654,0.0881341,1.16408,-0.426593,-0.496587,FGM,0,0.46747,0.295228,0,0.656391,0.46747,0
6.2789,0.802276,8.06586,0.0835684,1.16564,-0.461212,-0.537606,FGM,0,0.47045,0.295356,0,0.656391,0.47045,0
6.28193,0.802276,8.06586,0.0835684,1.16564,-0.461212,-0.537606,FGM,0,0.47045,0.295356,0,0.656391,0.47045,0
6.28595,0.802276,8.06586,0.0835684,1.16564,-0.461212,-0.537606,FGM,0,0.47045,0.295356,0,0.656391,0.47045,0
6.29019,0.813933,8.06623,0.0791518,1.16685,-0.411863,-0.480581,FGM,0,0.47045,0.295356,0,0.656391,0.47045,0
6.29392,0.813933,8.06623,0.0791518,1.16685,-0.411863,-0.480581,FGM,0,0.47045,0.295356,0,0.656391,0.47045,0
6.29891,0.825601,8.06659,0.0754319,1.168,-0.327872,-0.382954,FGM,0,0.47045,0.295356,0,0.656391,0.47045,0
6.30189,0.825601,8.06659,0.0754319,1.168,-0.327872,-0.382954,FGM,0,0.47045,0.295356,0,0.656391,0.47045,0
6.30598,0.825601,8.06659,0.0754319,1.168,-0.327872,-0.382954,FGM,0,0.47045,0.295356,0,0.656391,0.47045,0
6.30996,0.83728,8.06699,0.0726377,1.1691,-0.229131,-0.267876,FGM,0,0.47045,0.295356,0,0.656391,0.47045,0
6.314,0.83728,8.06699,0.0726377,1.1691,-0.229131,-0.267876,FGM,0,0.47045,0.295356,0,0.656391,0.47045,0
6.31906,0.848966,8.06748,0.070869,1.17014,-0.123771,-0.144829,FGM,0,0.47045,0.295356,0,0.656391,0.47045,0
6.32199,0.848966,8.06748,0.070869,1.17014,-0.123771,-0.144829,FGM,0,0.47045,0.295356,0,0.656391,0.47045,0
6.32603,0.848966,8.06748,0.070869,1.17014,-0.123771,-0.144829,FGM,0,0.468893,0.291703,0,0.664249,0.468893,0
6.33001,0.860649,8.06809,0.0701761,1.16969,-0.0144922,-0.0169513,FGM,0,0.468893,0.291703,0,0.664249,0.468893,0
6.33397,0.860649,8.06809,0.0701761,1.16969,-0.0144922,-0.0169513,FGM,0,0.468893,0.291703,0,0.664249,0.468893,0
6.33892,0.872319,8.06885,0.0705827,1.16931,0.0959708,0.11222,FGM,0,0.468893,0.291703,0,0.664249,0.468893,0
6.34198,0.872319,8.06885,0.0705827,1.16931,0.0959708,0.11222,FGM,0,0.468893,0.291703,0,0.664249,0.468893,0
6.34644,0.872319,8.06885,0.0705827,1.16931,0.0959708,0.11222,FGM,0,0.468893,0.291703,0,0.664249,0.468893,0
6.34986,0.883977,8.06974,0.0718375,1.16901,0.129479,0.151362,FGM,0,0.468893,0.291703,0,0.664249,0.468893,0
6.3541,0.883977,8.06974,0.0718375,1.16901,0.129479,0.151362,FGM,0,0.468893,0.291703,0,0.664249,0.468893,0
6.359,0.895626,8.0707,0.0731882,1.16877,0.156028,0.182361,FGM,0,0.468893,0.291703,0,0.664249,0.468893,0
6.36207,0.895626,8.0707,0.0731882,1.16877,0.156028,0.182361,FGM,0,0.468893,0.291703,0,0.664249,0.468893,0
6.36619,0.895626,8.0707,0.0731882,1.16877,0.156028,0.182361,FGM,0,0.468893,0.291703,0,0.664249,0.468893,0
6.37013,0.907264,8.07177,0.0751029,1.16857,0.232989,0.272264,FGM,0,0.468893,0.291703,0,0.664249,0.468893,0
6.37402,0.907264,8.07177,0.0751029,1.16857,0.232989,0.272264,FGM,0,0.468893,0.291703,0,0.664249,0.468893,0
6.3788,0.918887,8.07297,0.0779062,1.16841,0.33014,0.38574,FGM,0,0.470288,0.29528,0,0.664249,0.470288,0
6.38193,0.918887,8.07297,0.0779062,1.16841,0.33014,0.38574,FGM,0,0.470288,0.29528,0,0.664249,0.470288,0
6.38598,0.918887,8.07297,0.0779062,1.16841,0.33014,0.38574,FGM,0,0.470288,0.29528,0,0.664249,0.470288,0
6.39013,0.930495,8.07432,0.0814684,1.16893,0.357877,0.418331,FGM,0,0.470288,0.29528,0,0.664249,0.470288,0
6.39413,0.930495,8.07432,0.0814684,1.16893,0.357877,0.418331,FGM,0,0.470288,0.29528,0,0.664249,0.470288,0
6.39875,0.942101,8.07574,0.0848305,1.16941,0.304738,0.356364,FGM,0,0.470288,0.29528,0,0.664249,0.470288,0
6.40192,0.942101,8.07574,0.0848305,1.16941,0.304738,0.356364,FGM,0,0.470288,0.29528,0,0.664249,0.470288,0
6.40606,0.942101,8.07574,0.0848305,1.16941,0.304738,0.356364,FGM,0,0.470288,0.29528,0,0.664249,0.470288,0
6.40986,0.953713,8.07714,0.0874671,1.16988,0.21856,0.255689,FGM,0,0.470288,0.29528,0,0.664249,0.470288,0
6.41386,0.953713,8.07714,0.0874671,1.16988,0.21856,0.255689,FGM,0,0.470288,0.29528,0,0.664249,0.470288,0
6.41864,0.965337,8.07848,0.0891608,1.17032,0.118461,0.138638,FGM,0,0.470288,0.29528,0,0.664249,0.470288,0
6.4221,0.965337,8.07848,0.0891608,1.17032,0.118461,0.138638,FGM,0,0.470288,0.29528,0,0.664249,0.470288,0
6.42603,0.965337,8.07848,0.0891608,1.17032,0.118461,0.138638,FGM,0,0.447655,0.305182,0,0.664249,0.447655,0
6.43013,0.976977,8.07971,0.0898181,1.17074,0.0122333,0.0143221,FGM,0,0.447655,0.305182,0,0.664249,0.447655,0
6.43393,0.976977,8.07971,0.0898181,1.17074,0.0122333,0.0143221,FGM,0,0.447655,0.305182,0,0.664249,0.447655,0
6.43898,0.988642,8.08081,0.0894015,1.17267,-0.0960531,-0.112638,FGM,0,0.447655,0.305182,0,0.664249,0.447655,0
6.4422,0.988642,8.08081,0.0894015,1.17267,-0.0960531,-0.112638,FGM,0,0.447655,0.305182,0,0.664249,0.447655,0
6.44586,0.988642,8.08081,0.0894015,1.17267,-0.0960531,-0.112638,FGM,0,0.447655,0.305182,0,0.664249,0.447655,0
6.45002,1.00034,8.08176,0.0878908,1.1745,-0.206351,-0.242359,FGM,0,0.447655,0.305182,0,0.664249,0.447655,0
6.45395,1.00034,8.08176,0.0878908,1.1745,-0.206351,-0.242359,FGM,0,0.447655,0.305182,0,0.664249,0.447655,0
6.45878,1.01207,8.08253,0.0852706,1.17624,-0.317833,-0.373849,FGM,0,0.447655,0.305182,0,0.664249,0.447655,0
6.46173,1.01207,8.08253,0.0852706,1.17624,-0.317833,-0.373849,FGM,0,0.447655,0.305182,0,0.664249,0.447655,0
6.46577,1.01207,8.08253,0.0852706,1.17624,-0.317833,-0.373849,FGM,0,0.447655,0.305182,0,0.664249,0.447655,0
6.46996,1.02382,8.08311,0.0815315,1.17791,-0.430091,-0.506606,FGM,0,0.447655,0.305182,0,0.664249,0.447655,0
6.47383,1.02382,8.08311,0.0815315,1.17791,-0.430091,-0.506606,FGM,0,0.447655,0.305182,0,0.664249,0.447655,0
6.47857,1.03561,8.08348,0.0766669,1.17949,-0.542907,-0.640352,FGM,0,0.482717,0.307636,0,0.664249,0.482717,0
6.48176,1.03561,8.08348,0.0766669,1.17949,-0.542907,-0.640352,FGM,0,0.482717,0.307636,0,0.664249,0.482717,0
6.48603,1.03561,8.08348,0.0766669,1.17949,-0.542907,-0.640352,FGM,0,0.482717,0.307636,0,0.664249,0.482717,0
6.48981,1.0474,8.08365,0.0709295,1.18068,-0.57912,-0.683754,FGM,0,0.482717,0.307636,0,0.664249,0.482717,0
6.49384,1.0474,8.08365,0.0709295,1.18068,-0.57912,-0.683754,FGM,0,0.482717,0.307636,0,0.664249,0.482717,0
6.49889,1.05922,8.08368,0.0650725,1.18181,-0.607364,-0.717791,FGM,0,0.482717,0.307636,0,0.664249,0.482717,0
6.50201,1.05922,8.08368,0.0650725,1.18181,-0.607364,-0.717791,FGM,0,0.482717,0.307636,0,0.664249,0.482717,0
6.50596,1.05922,8.08368,0.0650725,1.18181,-0.607364,-0.717791,FGM,0,0.482717,0.307636,0,0.664249,0.482717,0
6.50993,1.07104,8.08358,0.0588967,1.18289,-0.608395,-0.719666,FGM,0,0.482717,0.307636,0,0.664249,0.482717,0
6.51376,1.07104,8.08358,0.0588967,1.18289,-0.608395,-0.719666,FGM,0,0.482717,0.307636,0,0.664249,0.482717,0
6.5191,1.08287,8.08341,0.0530936,1.18392,-0.544296,-0.644403,FGM,0,0.482717,0.307636,0,0.664249,0.482717,0
6.522,1.08287,8.08341,0.0530936,1.18392,-0.544296,-0.644403,FGM,0,0.482717,0.307636,0,0.664249,0.482717,0
6.52596,1.08287,8.08341,0.0530936,1.18392,-0.544296,-0.644403,FGM,0,0.477381,0.306553,0,0.672744,0.477381,0
6.52997,1.09469,8.08325,0.0480941,1.17991,-0.451867,-0.533161,FGM,0,0.477381,0.306553,0,0.672744,0.477381,0
6.53388,1.09469,8.08325,0.0480941,1.17991,-0.451867,-0.533161,FGM,0,0.477381,0.306553,0,0.672744,0.477381,0
6.53871,1.10647,8.08313,0.0440913,1.17666,-0.347236,-0.408577,FGM,0,0.477381,0.306553,0,0.672744,0.477381,0
6.54184,1.10647,8.08313,0.0440913,1.17666,-0.347236,-0.408577,FGM,0,0.477381,0.306553,0,0.672744,0.477381,0
6.54587,1.10647,8.08313,0.0440913,1.17666,-0.347236,-0.408577,FGM,0,0.477381,0.306553,0,0.672744,0.477381,0
6.5499,1.11823,8.0831,0.0411622,1.17402,-0.238027,-0.27945,FGM,0,0.477381,0.306553,0,0.672744,0.477381,0
6.5539,1.11823,8.0831,0.0411622,1.17402,-0.238027,-0.27945,FGM,0,0.477381,0.306553,0,0.672744,0.477381,0
6.55869,1.12996,8.08319,0.039335,1.17189,-0.127185,-0.149047,FGM,0,0.477381,0.306553,0,0.672744,0.477381,0
6.56196,1.12996,8.08319,0.039335,1.17189,-0.127185,-0.149047,FGM,0,0.477381,0.306553,0,0.672744,0.477381,0
6.56589,1.12996,8.08319,0.039335,1.17189,-0.127185,-0.149047,FGM,0,0.477381,0.306553,0,0.672744,0.477381,0
6.56972,1.14166,8.0834,0.0386195,1.17017,-0.0158224,-0.0185149,FGM,0,0.477381,0.306553,0,0.672744,0.477381,0
6.57393,1.14166,8.0834,0.0386195,1.17017,-0.0158224,-0.0185149,FGM,0,0.477381,0.306553,0,0.672744,0.477381,0
6.57864,1.15335,8.08377,0.0390184,1.16877,0.0956537,0.111797,FGM,0,0.476219,0.309401,0,0.672744,0.476219,0
6.58177,1.15335,8.08377,0.0390184,1.16877,0.0956537,0.111797,FGM,0,0.476219,0.309401,0,0.672744,0.476219,0
6.58573,1.15335,8.08377,0.0390184,1.16877,0.0956537,0.111797,FGM,0,0.476219,0.309401,0,0.672744,0.476219,0
6.58972,1.16501,8.08431,0.0405442,1.16431,0.209107,0.243465,FGM,0,0.476219,0.309401,0,0.672744,0.476219,0
6.59386,1.16501,8.08431,0.0405442,1.16431,0.209107,0.243465,FGM,0,0.476219,0.309401,0,0.672744,0.476219,0
6.59857,1.17661,8.08503,0.0431928,1.1607,0.32049,0.371992,FGM,0,0.476219,0.309401,0,0.672744,0.476219,0
6.60182,1.17661,8.08503,0.0431928,1.1607,0.32049,0.371992,FGM,0,0.476219,0.309401,0,0.672744,0.476219,0
6.60582,1.17661,8.08503,0.0431928,1.1607,0.32049,0.371992,FGM,0,0.476219,0.309401,0,0.672744,0.476219,0
6.60993,1.18816,8.08595,0.0469494,1.15778,0.430823,0.498796,FGM,0,0.476219,0.309401,0,0.672744,0.476219,0
6.61377,1.18816,8.08595,0.0469494,1.15778,0.430823,0.498796,FGM,0,0.476219,0.309401,0,0.672744,0.476219,0
6.61858,1.19968,8.08705,0.0515452,1.15541,0.462598,0.534489,FGM,0,0.476219,0.309401,0,0.672744,0.476219,0
6.62189,1.19968,8.08705,0.0515452,1.15541,0.462598,0.534489,FGM,0,0.476219,0.309401,0,0.672744,0.476219,0
6.62584,1.19968,8.08705,0.0515452,1.15541,0.462598,0.534489,FGM,0,0.47952,0.318703,0,0.672744,0.47952,0
6.62988,1.21117,8.08824,0.0559567,1.15586,0.410004,0.47391,FGM,0,0.47952,0.318703,0,0.672744,0.47952,0
6.63415,1.21117,8.08824,0.0559567,1.15586,0.410004,0.47391,FGM,0,0.47952,0.318703,0,0.672744,0.47952,0
6.63905,1.22267,8.08945,0.0596511,1.1563,0.324892,0.375673,FGM,0,0.47952,0.318703,0,0.672744,0.47952,0
6.642,1.22267,8.08945,0.0596511,1.1563,0.324892,0.375673,FGM,0,0.47952,0.318703,0,0.672744,0.47952,0
6.64595,1.22267,8.08945,0.0596511,1.1563,0.324892,0.375673,FGM,0,0.47952,0.318703,0,0.672744,0.47952,0
6.64998,1.23418,8.09061,0.0624144,1.15671,0.226076,0.261506,FGM,0,0.47952,0.318703,0,0.672744,0.47952,0
6.65399,1.23418,8.09061,0.0624144,1.15671,0.226076,0.261506,FGM,0,0.47952,0.318703,0,0.672744,0.47952,0
6.65885,1.2457,8.09168,0.0641546,1.15711,0.121203,0.140245,FGM,0,0.47952,0.318703,0,0.672744,0.47952,0
6.66199,1.2457,8.09168,0.0641546,1.15711,0.121203,0.140245,FGM,0,0.47952,0.318703,0,0.672744,0.47952,0
6.66602,1.2457,8.09168,0.0641546,1.15711,0.121203,0.140245,FGM,0,0.47952,0.318703,0,0.672744,0.47952,0
6.66996,1.25723,8.09263,0.0648298,1.15748,0.01348,0.0156029,FGM,0,0.47952,0.318703,0,0.672744,0.47952,0
6.67397,1.25723,8.09263,0.0648298,1.15748,0.01348,0.0156029,FGM,0,0.47952,0.318703,0,0.672744,0.47952,0
6.67881,1.26878,8.09345,0.0644197,1.15784,-0.0956828,-0.110785,FGM,0,0.484489,0.319121,0,0.679907,0.484489,0
6.68198,1.26878,8.09345,0.0644197,1.15784,-0.0956828,-0.110785,FGM,0,0.484489,0.319121,0,0.679907,0.484489,0
6.68605,1.26878,8.09345,0.0644197,1.15784,-0.0956828,-0.110785,FGM,0,0.484489,0.319121,0,0.679907,0.484489,0
6.69021,1.28034,8.0941,0.0629179,1.15939,-0.204929,-0.237593,FGM,0,0.484489,0.319121,0,0.679907,0.484489,0
6.69388,1.28034,8.0941,0.0629179,1.15939,-0.204929,-0.237593,FGM,0,0.484489,0.319121,0,0.679907,0.484489,0
6.69884,1.29194,8.09458,0.0603178,1.16087,-0.315236,-0.365948,FGM,0,0.484489,0.319121,0,0.679907,0.484489,0
6.70215,1.29194,8.09458,0.0603178,1.16087,-0.315236,-0.365948,FGM,0,0.484489,0.319121,0,0.679907,0.484489,0
6.70607,1.29194,8.09458,0.0603178,1.16087,-0.315236,-0.365948,FGM,0,0.484489,0.319121,0,0.679907,0.484489,0
6.71001,1.30355,8.09486,0.0566111,1.16228,-0.426198,-0.495361,FGM,0,0.484489,0.319121,0,0.679907,0.484489,0
6.71393,1.30355,8.09486,0.0566111,1.16228,-0.426198,-0.495361,FGM,0,0.484489,0.319121,0,0.679907,0.484489,0
6.71875,1.31518,8.09495,0.05205,1.16362,-0.460649,-0.53602,FGM,0,0.484489,0.319121,0,0.679907,0.484489,0
6.7219,1.31518,8.09495,0.05205,1.16362,-0.460649,-0.53602,FGM,0,0.484489,0.319121,0,0.679907,0.484489,0
6.7259,1.31518,8.09495,0.05205,1.16362,-0.460649,-0.53602,FGM,0,0.48548,0.319007,0,0.679907,0.48548,0
6.73008,1.32682,8.09495,0.04764,1.1649,-0.411153,-0.478951,FGM,0,0.48548,0.319007,0,0.679907,0.48548,0
6.73403,1.32682,8.09495,0.04764,1.1649,-0.411153,-0.478951,FGM,0,0.48548,0.319007,0,0.679907,0.48548,0
6.73877,1.33847,8.09494,0.0439274,1.16537,-0.327077,-0.381167,FGM,0,0.48548,0.319007,0,0.679907,0.48548,0
6.74209,1.33847,8.09494,0.0439274,1.16537,-0.327077,-0.381167,FGM,0,0.48548,0.319007,0,0.679907,0.48548,0
6.74601,1.33847,8.09494,0.0439274,1.16537,-0.327077,-0.381167,FGM,0,0.48548,0.319007,0,0.679907,0.48548,0
6.75008,1.35013,8.09498,0.0411418,1.16583,-0.228219,-0.266065,FGM,0,0.48548,0.319007,0,0.679907,0.48548,0
6.75385,1.35013,8.09498,0.0411418,1.16583,-0.228219,-0.266065,FGM,0,0.48548,0.319007,0,0.679907,0.48548,0
6.75867,1.36179,8.0951,0.0393824,1.16626,-0.12285,-0.143275,FGM,0,0.48548,0.319007,0,0.679907,0.48548,0
6.76202,1.36179,8.0951,0.0393824,1.16626,-0.12285,-0.143275,FGM,0,0.48548,0.319007,0,0.679907,0.48548,0
6.76595,1.36179,8.0951,0.0393824,1.16626,-0.12285,-0.143275,FGM,0,0.48548,0.319007,0,0.679907,0.48548,0
6.77,1.37345,8.09535,0.038694,1.16668,-0.0144361,-0.0168422,FGM,0,0.48548,0.319007,0,0.679907,0.48548,0
6.77398,1.37345,8.09535,0.038694,1.16668,-0.0144361,-0.0168422,FGM,0,0.48548,0.319007,0,0.679907,0.48548,0
6.77872,1.38511,8.09573,0.0390984,1.16707,0.0955062,0.111462,FGM,0,0.48426,0.32185,0,0.679907,0.48426,0
6.78212,1.38511,8.09573,0.0390984,1.16707,0.0955062,0.111462,FGM,0,0.48426,0.32185,0,0.679907,0.48426,0
6.78606,1.38511,8.09573,0.0390984,1.16707,0.0955062,0.111462,FGM,0,0.48426,0.32185,0,0.679907,0.48426,0
6.79006,1.39676,8.09628,0.040614,1.16539,0.207479,0.241794,FGM,0,0.48426,0.32185,0,0.679907,0.48426,0
6.79406,1.39676,8.09628,0.040614,1.16539,0.207479,0.241794,FGM,0,0.48426,0.32185,0,0.679907,0.48426,0
6.79878,1.40839,8.09701,0.0432454,1.16403,0.318769,0.371057,FGM,0,0.48426,0.32185,0,0.679907,0.48426,0
6.80194,1.40839,8.09701,0.0432454,1.16403,0.318769,0.371057,FGM,0,0.48426,0.32185,0,0.679907,0.48426,0
6.80605,1.40839,8.09701,0.0432454,1.16403,0.318769,0.371057,FGM,0,0.48426,0.32185,0,0.679907,0.48426,0
6.80994,1.41998,8.09793,0.046988,1.16293,0.429755,0.499774,FGM,0,0.48426,0.32185,0,0.679907,0.48426,0
6.81389,1.41998,8.09793,0.046988,1.16293,0.429755,0.499774,FGM,0,0.48426,0.32185,0,0.679907,0.48426,0
6.81875,1.43155,8.09904,0.0515796,1.16204,0.462963,0.53798,FGM,0,0.48426,0.32185,0,0.679907,0.48426,0
6.82187,1.43155,8.09904,0.0515796,1.16204,0.462963,0.53798,FGM,0,0.48426,0.32185,0,0.679907,0.48426,0
6.82612,1.43155,8.09904,0.0515796,1.16204,0.462963,0.53798,FGM,0,0.48855,0.323812,0,0.682521,0.48855,0
6.8298,1.44311,8.10024,0.056004,1.16131,0.41171,0.478125,FGM,0,0.48855,0.323812,0,0.682521,0.48855,0
6.83406,1.44311,8.10024,0.056004,1.16131,0.41171,0.478125,FGM,0,0.48855,0.323812,0,0.682521,0.48855,0
6.83871,1.45466,8.10145,0.0597159,1.16216,0.326669,0.379643,FGM,0,0.48855,0.323812,0,0.682521,0.48855,0
6.84198,1.45466,8.10145,0.0597159,1.16216,0.326669,0.379643,FGM,0,0.48855,0.323812,0,0.682521,0.48855,0
6.84588,1.45466,8.10145,0.0597159,1.16216,0.326669,0.379643,FGM,0,0.48855,0.323812,0,0.682521,0.48855,0
6.85001,1.46623,8.10262,0.0624965,1.16297,0.227724,0.264837,FGM,0,0.48855,0.323812,0,0.682521,0.48855,0
6.85392,1.46623,8.10262,0.0624965,1.16297,0.227724,0.264837,FGM,0,0.48855,0.323812,0,0.682521,0.48855,0
6.85861,1.47781,8.1037,0.0642518,1.16375,0.122554,0.142621,FGM,0,0.48855,0.323812,0,0.682521,0.48855,0
6.86196,1.47781,8.1037,0.0642518,1.16375,0.122554,0.142621,FGM,0,0.48855,0.323812,0,0.682521,0.48855,0
6.86591,1.47781,8.1037,0.0642518,1.16375,0.122554,0.142621,FGM,0,0.48855,0.323812,0,0.682521,0.48855,0
6.86994,1.48942,8.10466,0.0649385,1.16448,0.0144012,0.0167699,FGM,0,0.48855,0.323812,0,0.682521,0.48855,0
6.874,1.48942,8.10466,0.0649385,1.16448,0.0144012,0.0167699,FGM,0,0.48855,0.323812,0,0.682521,0.48855,0
6.87871,1.50103,8.10548,0.064535,1.16518,-0.0952993,-0.111041,FGM,0,0.491276,0.323701,0,0.682521,0.491276,0
6.88209,1.50103,8.10548,0.064535,1.16518,-0.0952993,-0.111041,FGM,0,0.491276,0.323701,0,0.682521,0.491276,0
6.88614,1.50103,8.10548,0.064535,1.16518,-0.0952993,-0.111041,FGM,0,0.491276,0.323701,0,0.682521,0.491276,0
6.88983,1.51268,8.10614,0.0630343,1.16714,-0.205119,-0.239403,FGM,0,0.491276,0.323701,0,0.682521,0.491276,0
6.89389,1.51268,8.10614,0.0630343,1.16714,-0.205119,-0.239403,FGM,0,0.491276,0.323701,0,0.682521,0.491276,0
6.89873,1.52435,8.10662,0.0604289,1.16901,-0.316115,-0.369541,FGM,0,0.491276,0.323701,0,0.682521,0.491276,0
6.90187,1.52435,8.10662,0.0604289,1.16901,-0.316115,-0.369541,FGM,0,0.491276,0.323701,0,0.682521,0.491276,0
6.90597,1.52435,8.10662,0.0604289,1.16901,-0.316115,-0.369541,FGM,0,0.491276,0.323701,0,0.682521,0.491276,0
6.90986,1.53604,8.10691,0.0567095,1.17079,-0.42786,-0.500932,FGM,0,0.491276,0.323701,0,0.682521,0.491276,0
6.91388,1.53604,8.10691,0.0567095,1.17079,-0.42786,-0.500932,FGM,0,0.491276,0.323701,0,0.682521,0.491276,0
6.91854,1.54776,8.10701,0.0521278,1.17248,-0.463156,-0.54304,FGM,0,0.491276,0.323701,0,0.682521,0.491276,0
6.92193,1.54776,8.10701,0.0521278,1.17248,-0.463156,-0.54304,FGM,0,0.491276,0.323701,0,0.682521,0.491276,0
6.92597,1.54776,8.10701,0.0521278,1.17248,-0.463156,-0.54304,FRENET,0.323658,0.682521,0.323658,0.0686997,0.682521,0.36162,0
6.92991,1.55949,8.10701,0.0476904,1.17409,-0.414077,-0.486165,FRENET,0.323658,0.682521,0.323658,0.0686997,0.682521,0.36162,0
6.93393,1.55949,8.10701,0.0476904,1.17409,-0.414077,-0.486165,FRENET,0.323658,0.682521,0.323658,0.0686997,0.682521,0.36162,0
6.94009,1.57145,8.107,0.0439246,1.21757,-0.338709,-0.412401,FRENET,0.323658,0.682521,0.323658,0.0686997,0.682521,0.36162,0
6.94371,1.57145,8.107,0.0439246,1.21757,-0.338709,-0.412401,FRENET,0.323658,0.682521,0.323658,0.0686997,0.682521,0.36162,0
6.94652,1.57145,8.107,0.0439246,1.21757,-0.338709,-0.412401,FRENET,0.323658,0.682521,0.323658,0.0686997,0.682521,0.36162,0
6.95058,1.58383,8.10703,0.0409464,1.25898,-0.255311,-0.321431,FRENET,0.323658,0.682521,0.323658,0.0686997,0.682521,0.36162,0
6.95412,1.58383,8.10703,0.0409464,1.25898,-0.255311,-0.321431,FRENET,0.323658,0.682521,0.323658,0.0686997,0.682521,0.36162,0
6.9591,1.59668,8.10713,0.0388239,1.3103,-0.167325,-0.219246,FRENET,0.323658,0.682521,0.323658,0.0686997,0.682521,0.36162,0
6.96215,1.59668,8.10713,0.0388239,1.3103,-0.167325,-0.219246,FRENET,0.323658,0.682521,0.323658,0.0686997,0.682521,0.36162,0
6.96611,1.59668,8.10713,0.0388239,1.3103,-0.167325,-0.219246,FRENET,0.323658,0.682521,0.323658,0.0686997,0.682521,0.36162,0
6.97015,1.61002,8.10733,0.0374254,1.35919,-0.131416,-0.17862,FRENET,0.323658,0.682521,0.323658,0.0686997,0.682521,0.36162,0
6.974,1.61002,8.10733,0.0374254,1.35919,-0.131416,-0.17862,FRENET,0.323658,0.682521,0.323658,0.0686997,0.682521,0.36162,0
6.97875,1.62385,8.10758,0.036191,1.40575,-0.103889,-0.146042,FRENET,0.327172,0.682521,0.327172,0.068122,0.682521,0.358984,0
6.98218,1.62385,8.10758,0.036191,1.40575,-0.103889,-0.146042,FRENET,0.327172,0.682521,0.327172,0.068122,0.682521,0.358984,0
6.98614,1.62385,8.10758,0.036191,1.40575,-0.103889,-0.146042,FRENET,0.327172,0.682521,0.327172,0.068122,0.682521,0.358984,0
6.99023,1.63812,8.10789,0.0352677,1.4501,-0.0961975,-0.139496,FRENET,0.327172,0.682521,0.327172,0.068122,0.682521,0.358984,0
6.99409,1.63812,8.10789,0.0352677,1.4501,-0.0961975,-0.139496,FRENET,0.327172,0.682521,0.327172,0.068122,0.682521,0.358984,0
6.99889,1.65283,8.10822,0.0343005,1.49234,-0.083697,-0.124905,FRENET,0.327172,0.682521,0.327172,0.068122,0.682521,0.358984,0
7.00202,1.65283,8.10822,0.0343005,1.49234,-0.083697,-0.124905,FRENET,0.327172,0.682521,0.327172,0.068122,0.682521,0.358984,0
7.00603,1.65283,8.10822,0.0343005,1.49234,-0.083697,-0.124905,FRENET,0.327172,0.682521,0.327172,0.068122,0.682521,0.358984,0
7.01012,1.66795,8.10858,0.0335352,1.53257,-0.084197,-0.129038,FRENET,0.327172,0.682521,0.327172,0.068122,0.682521,0.358984,0
7.0141,1.66795,8.10858,0.0335352,1.53257,-0.084197,-0.129038,FRENET,0.327172,0.682521,0.327172,0.068122,0.682521,0.358984,0
7.01897,1.68346,8.10894,0.0326586,1.57089,-0.0768898,-0.120785,FRENET,0.327172,0.682521,0.327172,0.068122,0.682521,0.358984,0
7.02204,1.68346,8.10894,0.0326586,1.57089,-0.0768898,-0.120785,FRENET,0.327172,0.682521,0.327172,0.068122,0.682521,0.358984,0
7.02588,1.68346,8.10894,0.0326586,1.57089,-0.0768898,-0.120785,FRENET,0.332783,0.687663,0.332783,0.0843749,0.687663,0.368573,0
7.03003,1.69935,8.10933,0.031946,1.60739,-0.0804104,-0.129251,FRENET,0.332783,0.687663,0.332783,0.0843749,0.687663,0.368573,0
7.03415,1.69935,8.10933,0.031946,1.60739,-0.0804104,-0.129251,FRENET,0.332783,0.687663,0.332783,0.0843749,0.687663,0.368573,0
7.03901,1.7156,8.10971,0.0310949,1.64359,-0.0753044,-0.12377,FRENET,0.332783,0.687663,0.332783,0.0843749,0.687663,0.368573,0
7.04204,1.7156,8.10971,0.0310949,1.64359,-0.0753044,-0.12377,FRENET,0.332783,0.687663,0.332783,0.0843749,0.687663,0.368573,0
7.04594,1.7156,8.10971,0.0310949,1.64359,-0.0753044,-0.12377,FRENET,0.332783,0.687663,0.332783,0.0843749,0.687663,0.368573,0
7.0502,1.73221,8.11011,0.0303922,1.67807,-0.0800133,-0.134268,FRENET,0.332783,0.687663,0.332783,0.0843749,0.687663,0.368573,0
7.05407,1.73221,8.11011,0.0303922,1.67807,-0.0800133,-0.134268,FRENET,0.332783,0.687663,0.332783,0.0843749,0.687663,0.368573,0
7.05894,1.74915,8.1105,0.0295386,1.71091,-0.0759321,-0.129913,FRENET,0.332783,0.687663,0.332783,0.0843749,0.687663,0.368573,0
7.06206,1.74915,8.1105,0.0295386,1.71091,-0.0759321,-0.129913,FRENET,0.332783,0.687663,0.332783,0.0843749,0.687663,0.368573,0
7.06591,1.74915,8.1105,0.0295386,1.71091,-0.0759321,-0.129913,FRENET,0.332783,0.687663,0.332783,0.0843749,0.687663,0.368573,0
7.06996,1.76641,8.1109,0.0288278,1.74219,-0.0811481,-0.141376,FRENET,0.332783,0.687663,0.332783,0.0843749,0.687663,0.368573,0
7.07391,1.76641,8.1109,0.0288278,1.74219,-0.0811481,-0.141376,FRENET,0.332783,0.687663,0.332783,0.0843749,0.687663,0.368573,0
7.07874,1.78397,8.11128,0.0279593,1.77199,-0.0775365,-0.137394,FRENET,0.332611,0.687663,0.332611,0,0.687663,0.369735,0
7.08191,1.78397,8.11128,0.0279593,1.77199,-0.0775365,-0.137394,FRENET,0.332611,0.687663,0.332611,0,0.687663,0.369735,0
7.08614,1.78397,8.11128,0.0279593,1.77199,-0.0775365,-0.137394,FRENET,0.332611,0.687663,0.332611,0,0.687663,0.369735,0
7.09008,1.80183,8.11167,0.0272326,1.80036,-0.0829173,-0.149281,FRENET,0.332611,0.687663,0.332611,0,0.687663,0.369735,0
7.09381,1.80183,8.11167,0.0272326,1.80036,-0.0829173,-0.149281,FRENET,0.332611,0.687663,0.332611,0,0.687663,0.369735,0
7.09875,1.81997,8.11204,0.0263444,1.82739,-0.0795169,-0.145308,FRENET,0.332611,0.687663,0.332611,0,0.687663,0.369735,0
7.10191,1.81997,8.11204,0.0263444,1.82739,-0.0795169,-0.145308,FRENET,0.332611,0.687663,0.332611,0,0.687663,0.369735,0
7.10583,1.81997,8.11204,0.0263444,1.82739,-0.0795169,-0.145308,FRENET,0.332611,0.687663,0.332611,0,0.687663,0.369735,0
7.10994,1.83836,8.11242,0.0255986,1.85313,-0.0849084,-0.157347,FRENET,0.332611,0.687663,0.332611,0,0.687663,0.369735,0
7.11391,1.83836,8.11242,0.0255986,1.85313,-0.0849084,-0.157347,FRENET,0.332611,0.687663,0.332611,0,0.687663,0.369735,0
7.11876,1.85702,8.11278,0.0246892,1.87765,-0.081593,-0.153203,FRENET,0.332611,0.687663,0.332611,0,0.687663,0.369735,0
7.1219,1.85702,8.11278,0.0246892,1.87765,-0.081593,-0.153203,FRENET,0.332611,0.687663,0.332611,0,0.687663,0.369735,0
7.12592,1.85702,8.11278,0.0246892,1.87765,-0.081593,-0.153203,FRENET,0.332439,0.687663,0.332439,0,0.687663,0.374857,0
7.13005,1.87591,8.11314,0.0239237,1.901,-0.0869266,-0.165248,FRENET,0.332439,0.687663,0.332439,0,0.687663,0.374857,0
7.13408,1.87591,8.11314,0.0239237,1.901,-0.0869266,-0.165248,FRENET,0.332439,0.687663,0.332439,0,0.687663,0.374857,0
7.13877,1.89502,8.11348,0.0229932,1.92325,-0.0836334,-0.160848,FRENET,0.332439,0.687663,0.332439,0,0.687663,0.374857,0
7.14204,1.89502,8.11348,0.0229932,1.92325,-0.0836334,-0.160848,FRENET,0.332439,0.687663,0.332439,0,0.687663,0.374857,0
7.14609,1.89502,8.11348,0.0229932,1.92325,-0.0836334,-0.160848,FRENET,0.332439,0.687663,0.332439,0,0.687663,0.374857,0
7.15009,1.91436,8.11382,0.0222085,1.94443,-0.0888808,-0.172823,FRENET,0.332439,0.687663,0.332439,0,0.687663,0.374857,0
7.15403,1.91436,8.11382,0.0222085,1.94443,-0.0888808,-0.172823,FRENET,0.332439,0.687663,0.332439,0,0.687663,0.374857,0
7.15904,1.9339,8.11413,0.0212578,1.96461,-0.0855782,-0.168128,FRENET,0.332439,0.687663,0.332439,0,0.687663,0.374857,0
7.16214,1.9339,8.11413,0.0212578,1.96461,-0.0855782,-0.168128,FRENET,0.332439,0.687663,0.332439,0,0.687663,0.374857,0
7.16624,1.9339,8.11413,0.0212578,1.96461,-0.0855782,-0.168128,FRENET,0.332439,0.687663,0.332439,0,0.687663,0.374857,0
7.16997,1.95364,8.11445,0.0204548,1.98383,-0.0907303,-0.179993,FRENET,0.332439,0.687663,0.332439,0,0.687663,0.374857,0
7.17396,1.95364,8.11445,0.0204548,1.98383,-0.0907303,-0.179993,FRENET,0.332439,0.687663,0.332439,0,0.687663,0.374857,0
7.17894,1.97357,8.11474,0.019485,2.00213,-0.0874027,-0.174992,FRENET,0.312507,0.569488,0.312507,0.031982,0.569488,0.482341,0
7.18196,1.97357,8.11474,0.019485,2.00213,-0.0874027,-0.174992,FRENET,0.312507,0.569488,0.312507,0.031982,0.569488,0.482341,0
7.18607,1.97357,8.11474,0.019485,2.00213,-0.0874027,-0.174992,FRENET,0.312507,0.569488,0.312507,0.031982,0.569488,0.482341,0
7.19007,1.99367,8.11503,0.0186647,2.01817,-0.0925819,-0.186846,FRENET,0.312507,0.569488,0.312507,0.031982,0.569488,0.482341,0
7.19395,1.99367,8.11503,0.0186647,2.01817,-0.0925819,-0.186846,FRENET,0.312507,0.569488,0.312507,0.031982,0.569488,0.482341,0
7.19902,2.01392,8.11529,0.0176756,2.03345,-0.0892013,-0.181386,FRENET,0.312507,0.569488,0.312507,0.031982,0.569488,0.482341,0
7.20214,2.01392,8.11529,0.0176756,2.03345,-0.0892013,-0.181386,FRENET,0.312507,0.569488,0.312507,0.031982,0.569488,0.482341,0
7.20615,2.01392,8.11529,0.0176756,2.03345,-0.0892013,-0.181386,FRENET,0.312507,0.569488,0.312507,0.031982,0.569488,0.482341,0
7.21002,2.03433,8.11555,0.0168389,2.04801,-0.0941915,-0.192905,FRENET,0.312507,0.569488,0.312507,0.031982,0.569488,0.482341,0
7.21413,2.03433,8.11555,0.0168389,2.04801,-0.0941915,-0.192905,FRENET,0.312507,0.569488,0.312507,0.031982,0.569488,0.482341,0
7.2189,2.05488,8.11578,0.0158336,2.06187,-0.0907209,-0.187054,FRENET,0.312507,0.569488,0.312507,0.031982,0.569488,0.482341,0
7.2221,2.05488,8.11578,0.0158336,2.06187,-0.0907209,-0.187054,FRENET,0.312507,0.569488,0.312507,0.031982,0.569488,0.482341,0
7.22627,2.05488,8.11578,0.0158336,2.06187,-0.0907209,-0.187054,FGM,0.324381,0.595059,0.304514,0.324381,0.569488,0.595059,0
7.23057,2.07556,8.116,0.0149827,2.07507,-0.0955998,-0.198376,FGM,0.324381,0.595059,0.304514,0.324381,0.569488,0.595059,0
7.23411,2.07556,8.116,0.0149827,2.07507,-0.0955998,-0.198376,FGM,0.324381,0.595059,0.304514,0.324381,0.569488,0.595059,0
7.23926,2.09637,8.1162,0.0139622,2.08609,-0.0921599,-0.192254,FGM,0.324381,0.595059,0.304514,0.324381,0.569488,0.595059,0
7.24195,2.09637,8.1162,0.0139622,2.08609,-0.0921599,-0.192254,FGM,0.324381,0.595059,0.304514,0.324381,0.569488,0.595059,0
7.2461,2.09637,8.1162,0.0139622,2.08609,-0.0921599,-0.192254,FGM,0.324381,0.595059,0.304514,0.324381,0.569488,0.595059,0
7.25007,2.11728,8.11639,0.0130978,2.09659,-0.0970384,-0.203449,FGM,0.324381,0.595059,0.304514,0.324381,0.569488,0.595059,0
7.25408,2.11728,8.11639,0.0130978,2.09659,-0.0970384,-0.203449,FGM,0.324381,0.595059,0.304514,0.324381,0.569488,0.595059,0
7.25903,2.13829,8.11655,0.0120634,2.10658,-0.0934276,-0.196813,FGM,0.324381,0.595059,0.304514,0.324381,0.569488,0.595059,0
7.26209,2.13829,8.11655,0.0120634,2.10658,-0.0934276,-0.196813,FGM,0.324381,0.595059,0.304514,0.324381,0.569488,0.595059,0
7.26608,2.13829,8.11655,0.0120634,2.10658,-0.0934276,-0.196813,FGM,0.324381,0.595059,0.304514,0.324381,0.569488,0.595059,0
7.27005,2.15941,8.11671,0.0111875,2.1161,-0.0981648,-0.207727,FGM,0.324381,0.595059,0.304514,0.324381,0.569488,0.595059,0
7.27411,2.15941,8.11671,0.0111875,2.1161,-0.0981648,-0.207727,FGM,0.324381,0.595059,0.304514,0.324381,0.569488,0.595059,0
7.27896,2.18061,8.11683,0.0101419,2.12517,-0.0944806,-0.200788,FGM,0.322597,0.58752,0.30152,0.322597,0.569488,0.58752,0
7.28213,2.18061,8.11683,0.0101419,2.12517,-0.0944806,-0.200788,FGM,0.322597,0.58752,0.30152,0.322597,0.569488,0.58752,0
7.28606,2.18061,8.11683,0.0101419,2.12517,-0.0944806,-0.200788,FGM,0.322597,0.58752,0.30152,0.322597,0.569488,0.58752,0
7.29009,2.20191,8.11695,0.00925615,2.13342,-0.0991768,-0.211586,FGM,0.322597,0.58752,0.30152,0.322597,0.569488,0.58752,0
7.29414,2.20191,8.11695,0.00925615,2.13342,-0.0991768,-0.211586,FGM,0.322597,0.58752,0.30152,0.322597,0.569488,0.58752,0
7.29901,2.22328,8.11703,0.0082002,2.14127,-0.0954502,-0.204385,FGM,0.322597,0.58752,0.30152,0.322597,0.569488,0.58752,0
7.30195,2.22328,8.11703,0.0082002,2.14127,-0.0954502,-0.204385,FGM,0.322597,0.58752,0.30152,0.322597,0.569488,0.58752,0
7.30603,2.22328,8.11703,0.0082002,2.14127,-0.0954502,-0.204385,FGM,0.322597,0.58752,0.30152,0.322597,0.569488,0.58752,0
7.31003,2.24473,8.11711,0.00730548,2.14875,-0.100056,-0.214995,FGM,0.322597,0.58752,0.30152,0.322597,0.569488,0.58752,0
7.31399,2.24473,8.11711,0.00730548,2.14875,-0.100056,-0.214995,FGM,0.322597,0.58752,0.30152,0.322597,0.569488,0.58752,0
7.319,2.26625,8.11716,0.00624074,2.15588,-0.0962814,-0.207571,FGM,0.322597,0.58752,0.30152,0.322597,0.569488,0.58752,0
7.32229,2.26625,8.11716,0.00624074,2.15588,-0.0962814,-0.207571,FGM,0.322597,0.58752,0.30152,0.322597,0.569488,0.58752,0
7.32601,2.26625,8.11716,0.00624074,2.15588,-0.0962814,-0.207571,FGM,0.323229,0.585081,0.301253,0.323229,0.569488,0.585081,0
7.33009,2.28784,8.1172,0.00533826,2.16266,-0.100829,-0.218058,FGM,0.323229,0.585081,0.301253,0.323229,0.569488,0.585081,0
7.33406,2.28784,8.1172,0.00533826,2.16266,-0.100829,-0.218058,FGM,0.323229,0.585081,0.301253,0.323229,0.569488,0.585081,0
7.33884,2.3095,8.1172,0.00426537,2.16867,-0.0970535,-0.210477,FGM,0.323229,0.585081,0.301253,0.323229,0.569488,0.585081,0
7.34207,2.3095,8.1172,0.00426537,2.16867,-0.0970535,-0.210477,FGM,0.323229,0.585081,0.301253,0.323229,0.569488,0.585081,0
7.34597,2.3095,8.1172,0.00426537,2.16867,-0.0970535,-0.210477,FGM,0.323229,0.585081,0.301253,0.323229,0.569488,0.585081,0
7.35,2.33122,8.1172,0.00335563,2.1744,-0.101582,-0.220881,FGM,0.323229,0.585081,0.301253,0.323229,0.569488,0.585081,0
7.35376,2.33122,8.1172,0.00335563,2.1744,-0.101582,-0.220881,FGM,0.323229,0.585081,0.301253,0.323229,0.569488,0.585081,0
7.35871,2.35299,8.11716,0.00227536,2.17985,-0.0977415,-0.213062,FGM,0.323229,0.585081,0.301253,0.323229,0.569488,0.585081,0
7.36192,2.35299,8.11716,0.00227536,2.17985,-0.0977415,-0.213062,FGM,0.323229,0.585081,0.301253,0.323229,0.569488,0.585081,0
7.36609,2.35299,8.11716,0.00227536,2.17985,-0.0977415,-0.213062,FGM,0.323229,0.585081,0.301253,0.323229,0.569488,0.585081,0
7.37015,2.37481,8.11711,0.00135925,2.18505,-0.102208,-0.22333,FGM,0.323229,0.585081,0.301253,0.323229,0.569488,0.585081,0
7.374,2.37481,8.11711,0.00135925,2.18505,-0.102208,-0.22333,FGM,0.323229,0.585081,0.301253,0.323229,0.569488,0.585081,0
7.37882,2.39669,8.11703,0.000272726,2.18999,-0.0983337,-0.21535,FGM,0,0.880328,0.325859,0,0.571593,0.880328,0
7.38188,2.39669,8.11703,0.000272726,2.18999,-0.0983337,-0.21535,FGM,0,0.880328,0.325859,0,0.571593,0.880328,0
7.38591,2.39669,8.11703,0.000272726,2.18999,-0.0983337,-0.21535,FGM,0,0.880328,0.325859,0,0.571593,0.880328,0
7.3899,2.41811,8.11695,-0.000673027,2.09489,-0.114228,-0.239296,FGM,0,0.880328,0.325859,0,0.571593,0.880328,0
7.39375,2.41811,8.11695,-0.000673027,2.09489,-0.114228,-0.239296,FGM,0,0.880328,0.325859,0,0.571593,0.880328,0
7.39871,2.43859,8.11683,-0.00192225,1.99979,-0.110307,-0.220591,FGM,0,0.880328,0.325859,0,0.571593,0.880328,0
7.40193,2.43859,8.11683,-0.00192225,1.99979,-0.110307,-0.220591,FGM,0,0.880328,0.325859,0,0.571593,0.880328,0
7.40575,2.43859,8.11683,-0.00192225,1.99979,-0.110307,-0.220591,FGM,0,0.880328,0.325859,0,0.571593,0.880328,0
7.40985,2.45811,8.11675,-0.00254181,1.90469,-0.000379259,-0.000722372,FGM,0,0.880328,0.325859,0,0.571593,0.880328,0
7.41382,2.45811,8.11675,-0.00254181,1.90469,-0.000379259,-0.000722372,FGM,0,0.880328,0.325859,0,0.571593,0.880328,0
7.41891,2.47668,8.11675,-0.00216547,1.80959,0.0443945,0.0803359,FGM,0,0.880328,0.325859,0,0.571593,0.880328,0
7.42194,2.47668,8.11675,-0.00216547,1.80959,0.0443945,0.0803359,FGM,0,0.880328,0.325859,0,0.571593,0.880328,0
7.42584,2.47668,8.11675,-0.00216547,1.80959,0.0443945,0.0803359,FGM,0,0.880071,0.319093,0,0.571593,0.880071,0
7.42986,2.4943,8.11676,-0.00165504,1.71449,0.0789519,0.135362,FGM,0,0.880071,0.319093,0,0.571593,0.880071,0
7.43403,2.4943,8.11676,-0.00165504,1.71449,0.0789519,0.135362,FGM,0,0.880071,0.319093,0,0.571593,0.880071,0
7.43898,2.51097,8.11682,-0.000723621,1.61939,0.0803099,0.130053,FGM,0,0.880071,0.319093,0,0.571593,0.880071,0
7.44187,2.51097,8.11682,-0.000723621,1.61939,0.0803099,0.130053,FGM,0,0.880071,0.319093,0,0.571593,0.880071,0
7.44589,2.51097,8.11682,-0.000723621,1.61939,0.0803099,0.130053,FGM,0,0.880071,0.319093,0,0.571593,0.880071,0
7.44989,2.5267,8.11685,-0.000169825,1.52741,0.0364375,0.055655,FGM,0,0.880071,0.319093,0,0.571593,0.880071,0
7.45394,2.5267,8.11685,-0.000169825,1.52741,0.0364375,0.055655,FGM,0,0.880071,0.319093,0,0.571593,0.880071,0
7.45872,2.5416,8.11686,-0.00010009,1.45293,-0.0364905,-0.053018,FGM,0,0.880071,0.319093,0,0.571593,0.880071,0
7.46186,2.5416,8.11686,-0.00010009,1.45293,-0.0364905,-0.053018,FGM,0,0.880071,0.319093,0,0.571593,0.880071,0
7.46599,2.5416,8.11686,-0.00010009,1.45293,-0.0364905,-0.053018,FGM,0,0.880071,0.319093,0,0.571593,0.880071,0
7.46992,2.55583,8.11678,-0.00101504,1.39261,-0.151698,-0.211255,FGM,0,0.880071,0.319093,0,0.571593,0.880071,0
7.4738,2.55583,8.11678,-0.00101504,1.39261,-0.151698,-0.211255,FGM,0,0.880071,0.319093,0,0.571593,0.880071,0
7.47875,2.56951,8.11659,-0.0028198,1.34376,-0.180142,-0.242068,FGM,0,0.878557,0.317735,0,0.571593,0.878557,0
7.482,2.56951,8.11659,-0.0028198,1.34376,-0.180142,-0.242068,FGM,0,0.878557,0.317735,0,0.571593,0.878557,0
7.48594,2.56951,8.11659,-0.0028198,1.34376,-0.180142,-0.242068,FGM,0,0.878557,0.317735,0,0.571593,0.878557,0
7.49,2.58298,8.11639,-0.00431493,1.34985,-0.111189,-0.150089,FGM,0,0.878557,0.317735,0,0.571593,0.878557,0
7.49393,2.58298,8.11639,-0.00431493,1.34985,-0.111189,-0.150089,FGM,0,0.878557,0.317735,0,0.571593,0.878557,0
7.49884,2.5965,8.1162,-0.00521755,1.35566,-0.0908448,-0.123154,FGM,0,0.878557,0.317735,0,0.571593,0.878557,0
7.50195,2.5965,8.1162,-0.00521755,1.35566,-0.0908448,-0.123154,FGM,0,0.878557,0.317735,0,0.571593,0.878557,0
7.50603,2.5965,8.1162,-0.00521755,1.35566,-0.0908448,-0.123154,FGM,0,0.878557,0.317735,0,0.571593,0.878557,0
7.51011,2.61009,8.116,-0.00610824,1.36118,-0.071798,-0.0977303,FGM,0,0.878557,0.317735,0,0.571593,0.878557,0
7.51394,2.61009,8.116,-0.00610824,1.36118,-0.071798,-0.0977303,FGM,0,0.878557,0.317735,0,0.571593,0.878557,0
7.51901,2.62372,8.11584,-0.00647795,1.36645,0.00497742,0.00680139,FGM,0,0.878557,0.317735,0,0.571593,0.878557,0
7.52209,2.62372,8.11584,-0.00647795,1.36645,0.00497742,0.00680139,FGM,0,0.878557,0.317735,0,0.571593,0.878557,0
7.52614,2.62372,8.11584,-0.00647795,1.36645,0.00497742,0.00680139,FRENET,0.330514,0.574067,0.330514,0,0.574067,1.02257,0
7.5301,2.63741,8.11577,-0.00592559,1.37146,0.108875,0.149318,FRENET,0.330514,0.574067,0.330514,0,0.574067,1.02257,0
7.53407,2.63741,8.11577,-0.00592559,1.37146,0.108875,0.149318,FRENET,0.330514,0.574067,0.330514,0,0.574067,1.02257,0
7.53901,2.65145,8.11582,-0.0044588,1.43608,0.189966,0.272806,FRENET,0.330514,0.574067,0.330514,0,0.574067,1.02257,0
7.5421,2.65145,8.11582,-0.0044588,1.43608,0.189966,0.272806,FRENET,0.330514,0.574067,0.330514,0,0.574067,1.02257,0
7.54601,2.65145,8.11582,-0.0044588,1.43608,0.189966,0.272806,FRENET,0.330514,0.574067,0.330514,0,0.574067,1.02257,0
7.55009,2.66612,8.11602,-0.00204057,1.49762,0.296877,0.44461,FRENET,0.330514,0.574067,0.330514,0,0.574067,1.02257,0
7.55395,2.66612,8.11602,-0.00204057,1.49762,0.296877,0.44461,FRENET,0.330514,0.574067,0.330514,0,0.574067,1.02257,0
7.55905,2.68138,8.1164,0.00133092,1.55624,0.359522,0.559503,FRENET,0.330514,0.574067,0.330514,0,0.574067,1.02257,0
7.56204,2.68138,8.1164,0.00133092,1.55624,0.359522,0.559503,FRENET,0.330514,0.574067,0.330514,0,0.574067,1.02257,0
7.56611,2.68138,8.1164,0.00133092,1.55624,0.359522,0.559503,FRENET,0.330514,0.574067,0.330514,0,0.574067,1.02257,0
7.57003,2.69722,8.1169,0.00491965,1.61207,0.348083,0.561135,FRENET,0.330514,0.574067,0.330514,0,0.574067,1.02257,0
7.57406,2.69722,8.1169,0.00491965,1.61207,0.348083,0.561135,FRENET,0.330514,0.574067,0.330514,0,0.574067,1.02257,0
7.57889,2.71359,8.11745,0.00814945,1.66525,0.29151,0.485436,FRENET,0.330323,0.574067,0.330323,0,0.574067,0.872668,0
7.58207,2.71359,8.11745,0.00814945,1.66525,0.29151,0.485436,FRENET,0.330323,0.574067,0.330323,0,0.574067,0.872668,0
7.58604,2.71359,8.11745,0.00814945,1.66525,0.29151,0.485436,FRENET,0.330323,0.574067,0.330323,0,0.574067,0.872668,0
7.58983,2.73049,8.11799,0.0106511,1.7159,0.204489,0.350882,FRENET,0.330323,0.574067,0.330323,0,0.574067,0.872668,0
7.59391,2.73049,8.11799,0.0106511,1.7159,0.204489,0.350882,FRENET,0.330323,0.574067,0.330323,0,0.574067,0.872668,0
7.59875,2.74794,8.11848,0.0121974,1.77602,0.101676,0.180579,FRENET,0.330323,0.574067,0.330323,0,0.574067,0.872668,0
7.60188,2.74794,8.11848,0.0121974,1.77602,0.101676,0.180579,FRENET,0.330323,0.574067,0.330323,0,0.574067,0.872668,0
7.60598,2.74794,8.11848,0.0121974,1.77602,0.101676,0.180579,FRENET,0.330323,0.574067,0.330323,0,0.574067,0.872668,0
7.60995,2.76599,8.11889,0.0128405,1.83329,0.0450061,0.0825092,FRENET,0.330323,0.574067,0.330323,0,0.574067,0.872668,0
7.61387,2.76599,8.11889,0.0128405,1.83329,0.0450061,0.0825092,FRENET,0.330323,0.574067,0.330323,0,0.574067,0.872668,0
7.61873,2.78459,8.11926,0.0131296,1.88784,0.00270008,0.00509731,FRENET,0.330323,0.574067,0.330323,0,0.574067,0.872668,0
7.62188,2.78459,8.11926,0.0131296,1.88784,0.00270008,0.00509731,FRENET,0.330323,0.574067,0.330323,0,0.574067,0.872668,0
7.62602,2.78459,8.11926,0.0131296,1.88784,0.00270008,0.00509731,FRENET,0.330144,0.574067,0.330144,0,0.574067,0.882476,0
7.62996,2.80372,8.11956,0.0129676,1.93979,-0.0200308,-0.0388555,FRENET,0.330144,0.574067,0.330144,0,0.574067,0.882476,0
7.63403,2.80372,8.11956,0.0129676,1.93979,-0.0200308,-0.0388555,FRENET,0.330144,0.574067,0.330144,0,0.574067,0.882476,0
7.63907,2.82337,8.11985,0.012719,1.98927,-0.0419597,-0.0834691,FRENET,0.330144,0.574067,0.330144,0,0.574067,0.882476,0
7.64218,2.82337,8.11985,0.012719,1.98927,-0.0419597,-0.0834691,FRENET,0.330144,0.574067,0.330144,0,0.574067,0.882476,0
7.646,2.82337,8.11985,0.012719,1.98927,-0.0419597,-0.0834691,FRENET,0.330144,0.574067,0.330144,0,0.574067,0.882476,0
7.64995,2.84349,8.12008,0.0121773,2.0364,-0.0519929,-0.105878,FRENET,0.330144,0.574067,0.330144,0,0.574067,0.882476,0
7.654,2.84349,8.12008,0.0121773,2.0364,-0.0519929,-0.105878,FRENET,0.330144,0.574067,0.330144,0,0.574067,0.882476,0
7.65879,2.86408,8.1203,0.011656,2.08128,-0.0654908,-0.136305,FRENET,0.330144,0.574067,0.330144,0,0.574067,0.882476,0
7.66192,2.86408,8.1203,0.011656,2.08128,-0.0654908,-0.136305,FRENET,0.330144,0.574067,0.330144,0,0.574067,0.882476,0
7.66603,2.86408,8.1203,0.011656,2.08128,-0.0654908,-0.136305,FRENET,0.330144,0.574067,0.330144,0,0.574067,0.882476,0
7.66999,2.88511,8.12049,0.0109076,2.12403,-0.0698744,-0.148416,FRENET,0.330144,0.574067,0.330144,0,0.574067,0.882476,0
7.67413,2.88511,8.12049,0.0109076,2.12403,-0.0698744,-0.148416,FRENET,0.330144,0.574067,0.330144,0,0.574067,0.882476,0
7.67906,2.90655,8.12066,0.0102304,2.16475,-0.0793382,-0.171748,FRENET,0.329935,0.574067,0.329935,0,0.574067,0.885558,0
7.68194,2.90655,8.12066,0.0102304,2.16475,-0.0793382,-0.171748,FRENET,0.329935,0.574067,0.329935,0,0.574067,0.885558,0
7.68609,2.90655,8.12066,0.0102304,2.16475,-0.0793382,-0.171748,FRENET,0.329935,0.574067,0.329935,0,0.574067,0.885558,0
7.69035,2.92839,8.1208,0.00935712,2.20354,-0.0809009,-0.178268,FRENET,0.329935,0.574067,0.329935,0,0.574067,0.885558,0
7.69397,2.92839,8.1208,0.00935712,2.20354,-0.0809009,-0.178268,FRENET,0.329935,0.574067,0.329935,0,0.574067,0.885558,0
7.69876,2.95067,8.12093,0.00858577,2.25236,-0.0867672,-0.195431,FRENET,0.329935,0.574067,0.329935,0,0.574067,0.885558,0
7.70206,2.95067,8.12093,0.00858577,2.25236,-0.0867672,-0.195431,FRENET,0.329935,0.574067,0.329935,0,0.574067,0.885558,0
7.70582,2.95067,8.12093,0.00858577,2.25236,-0.0867672,-0.195431,FRENET,0.329935,0.574067,0.329935,0,0.574067,0.885558,0
7.70995,2.97343,8.12102,0.00765056,2.29887,-0.0866339,-0.19916,FRENET,0.329935,0.574067,0.329935,0,0.574067,0.885558,0
7.71384,2.97343,8.12102,0.00765056,2.29887,-0.0866339,-0.19916,FRENET,0.329935,0.574067,0.329935,0,0.574067,0.885558,0
7.71857,2.99664,8.12111,0.00682349,2.34316,-0.0924494,-0.216624,FRENET,0.329935,0.574067,0.329935,0,0.574067,0.885558,0
7.7218,2.99664,8.12111,0.00682349,2.34316,-0.0924494,-0.216624,FRENET,0.329935,0.574067,0.329935,0,0.574067,0.885558,0
7.72586,2.99664,8.12111,0.00682349,2.34316,-0.0924494,-0.216624,FRENET,0.329199,0.573583,0.329199,0,0.573583,0.883078,0
7.72997,3.02028,8.12117,0.00583099,2.38535,-0.0920763,-0.219634,FRENET,0.329199,0.573583,0.329199,0,0.573583,0.883078,0
7.73381,3.02028,8.12117,0.00583099,2.38535,-0.0920763,-0.219634,FRENET,0.329199,0.573583,0.329199,0,0.573583,0.883078,0
7.73865,3.04417,8.12121,0.00494368,2.39234,-0.101502,-0.242826,FRENET,0.329199,0.573583,0.329199,0,0.573583,0.883078,0
7.74183,3.04417,8.12121,0.00494368,2.39234,-0.101502,-0.242826,FRENET,0.329199,0.573583,0.329199,0,0.573583,0.883078,0
7.74577,3.04417,8.12121,0.00494368,2.39234,-0.101502,-0.242826,FRENET,0.329199,0.573583,0.329199,0,0.573583,0.883078,0
7.7498,3.06812,8.12122,0.00384483,2.399,-0.10141,-0.243281,FRENET,0.329199,0.573583,0.329199,0,0.573583,0.883078,0
7.75385,3.06812,8.12122,0.00384483,2.399,-0.10141,-0.243281,FRENET,0.329199,0.573583,0.329199,0,0.573583,0.883078,0
7.75891,3.09215,8.12122,0.00288219,2.40534,-0.107542,-0.258675,FRENET,0.329199,0.573583,0.329199,0,0.573583,0.883078,0
7.7619,3.09215,8.12122,0.00288219,2.40534,-0.107542,-0.258675,FRENET,0.329199,0.573583,0.329199,0,0.573583,0.883078,0
7.76588,3.09215,8.12122,0.00288219,2.40534,-0.107542,-0.258675,FRENET,0.329199,0.573583,0.329199,0,0.573583,0.883078,0
7.76999,3.11623,8.12118,0.00173383,2.41138,-0.105392,-0.254139,FRENET,0.329199,0.573583,0.329199,0,0.573583,0.883078,0
7.7739,3.11623,8.12118,0.00173383,2.41138,-0.105392,-0.254139,FRENET,0.329199,0.573583,0.329199,0,0.573583,0.883078,0
7.77882,3.14037,8.12113,0.000738616,2.41713,-0.110221,-0.266418,FRENET,0.32897,0.573583,0.32897,0,0.573583,0.885901,0
7.782,3.14037,8.12113,0.000738616,2.41713,-0.110221,-0.266418,FRENET,0.32897,0.573583,0.32897,0,0.573583,0.885901,0
7.7859,3.14037,8.12113,0.000738616,2.41713,-0.110221,-0.266418,FRENET,0.32897,0.573583,0.32897,0,0.573583,0.885901,0
7.79,3.16457,8.12105,-0.00043235,2.42261,-0.107259,-0.259846,FRENET,0.32897,0.573583,0.32897,0,0.573583,0.885901,0
7.79391,3.16457,8.12105,-0.00043235,2.42261,-0.107259,-0.259846,FRENET,0.32897,0.573583,0.32897,0,0.573583,0.885901,0
7.79906,3.18882,8.12095,-0.00144323,2.42782,-0.111567,-0.270866,FRENET,0.32897,0.573583,0.32897,0,0.573583,0.885901,0
7.80198,3.18882,8.12095,-0.00144323,2.42782,-0.111567,-0.270866,FRENET,0.32897,0.573583,0.32897,0,0.573583,0.885901,0
7.80595,3.18882,8.12095,-0.00144323,2.42782,-0.111567,-0.270866,FRENET,0.32897,0.573583,0.32897,0,0.573583,0.885901,0
7.80992,3.21312,8.12081,-0.00262611,2.43279,-0.108284,-0.263432,FRENET,0.32897,0.573583,0.32897,0,0.573583,0.885901,0
7.81389,3.21312,8.12081,-0.00262611,2.43279,-0.108284,-0.263432,FRENET,0.32897,0.573583,0.32897,0,0.573583,0.885901,0
7.81887,3.23748,8.12066,-0.00364592,2.43753,-0.112379,-0.273927,FRENET,0.32897,0.573583,0.32897,0,0.573583,0.885901,0
7.82188,3.23748,8.12066,-0.00364592,2.43753,-0.112379,-0.273927,FRENET,0.32897,0.573583,0.32897,0,0.573583,0.885901,0
7.82593,3.23748,8.12066,-0.00364592,2.43753,-0.112379,-0.273927,FRENET,0.323249,0.573583,0.323249,0,0.573583,0.881974,0
7.82983,3.26187,8.12047,-0.00483638,2.44203,-0.108965,-0.266096,FRENET,0.323249,0.573583,0.323249,0,0.573583,0.881974,0
7.83391,3.26187,8.12047,-0.00483638,2.44203,-0.108965,-0.266096,FRENET,0.323249,0.573583,0.323249,0,0.573583,0.881974,0
7.83899,3.28631,8.12026,-0.00586234,2.44633,-0.112967,-0.276354,FRENET,0.323249,0.573583,0.323249,0,0.573583,0.881974,0
7.84189,3.28631,8.12026,-0.00586234,2.44633,-0.112967,-0.276354,FRENET,0.323249,0.573583,0.323249,0,0.573583,0.881974,0
7.8462,3.28631,8.12026,-0.00586234,2.44633,-0.112967,-0.276354,FRENET,0.323249,0.573583,0.323249,0,0.573583,0.881974,0
7.85012,3.3108,8.12002,-0.00705852,2.45042,-0.109496,-0.268311,FRENET,0.323249,0.573583,0.323249,0,0.573583,0.881974,0
7.85414,3.3108,8.12002,-0.00705852,2.45042,-0.109496,-0.268311,FRENET,0.323249,0.573583,0.323249,0,0.573583,0.881974,0
7.85911,3.33532,8.11976,-0.0080894,2.45431,-0.113451,-0.278444,FRENET,0.323249,0.573583,0.323249,0,0.573583,0.881974,0
7.86187,3.33532,8.11976,-0.0080894,2.45431,-0.113451,-0.278444,FRENET,0.323249,0.573583,0.323249,0,0.573583,0.881974,0
7.86595,3.33532,8.11976,-0.0080894,2.45431,-0.113451,-0.278444,FRENET,0.323249,0.573583,0.323249,0,0.573583,0.881974,0
7.86975,3.35988,8.11947,-0.00929041,2.45802,-0.109951,-0.270263,FRENET,0.323249,0.573583,0.323249,0,0.573583,0.881974,0
7.87386,3.35988,8.11947,-0.00929041,2.45802,-0.109951,-0.270263,FRENET,0.323249,0.573583,0.323249,0,0.573583,0.881974,0
7.87887,3.38453,8.11915,-0.0103211,2.47344,-0.112231,-0.277596,FRENET,0.320273,0.573583,0.320273,0,0.573583,0.879089,0
7.88194,3.38453,8.11915,-0.0103211,2.47344,-0.112231,-0.277596,FRENET,0.320273,0.573583,0.320273,0,0.573583,0.879089,0
7.88586,3.38453,8.11915,-0.0103211,2.47344,-0.112231,-0.277596,FRENET,0.320273,0.573583,0.320273,0,0.573583,0.879089,0
7.88988,3.40934,8.1188,-0.0115035,2.48813,-0.108386,-0.269678,FRENET,0.320273,0.573583,0.320273,0,0.573583,0.879089,0
7.89386,3.40934,8.1188,-0.0115035,2.48813,-0.108386,-0.269678,FRENET,0.320273,0.573583,0.320273,0,0.573583,0.879089,0
7.89883,3.43429,8.11843,-0.0125246,2.50212,-0.111871,-0.279914,FRENET,0.320273,0.573583,0.320273,0,0.573583,0.879089,0
7.90209,3.43429,8.11843,-0.0125246,2.50212,-0.111871,-0.279914,FRENET,0.320273,0.573583,0.320273,0,0.573583,0.879089,0
7.90595,3.43429,8.11843,-0.0125246,2.50212,-0.111871,-0.279914,FRENET,0.320273,0.573583,0.320273,0,0.573583,0.879089,0
7.90979,3.45937,8.11802,-0.013708,2.51545,-0.108763,-0.273588,FRENET,0.320273,0.573583,0.320273,0,0.573583,0.879089,0
7.91396,3.45937,8.11802,-0.013708,2.51545,-0.108763,-0.273588,FRENET,0.320273,0.573583,0.320273,0,0.573583,0.879089,0
7.91889,3.48459,8.11759,-0.0147346,2.52814,-0.112663,-0.284827,FRENET,0.320273,0.573583,0.320273,0,0.573583,0.879089,0
7.9219,3.48459,8.11759,-0.0147346,2.52814,-0.112663,-0.284827,FRENET,0.320273,0.573583,0.320273,0,0.573583,0.879089,0
7.92595,3.48459,8.11759,-0.0147346,2.52814,-0.112663,-0.284827,FRENET,0.337705,0.575579,0.337705,0,0.575579,0.875673,0
7.92997,3.50992,8.11712,-0.0159276,2.54022,-0.109799,-0.278914,FRENET,0.337705,0.575579,0.337705,0,0.575579,0.875673,0
7.93403,3.50992,8.11712,-0.0159276,2.54022,-0.109799,-0.278914,FRENET,0.337705,0.575579,0.337705,0,0.575579,0.875673,0
7.93926,3.53548,8.11663,-0.0169568,2.57206,-0.110922,-0.285298,FRENET,0.337705,0.575579,0.337705,0,0.575579,0.875673,0
7.94194,3.53548,8.11663,-0.0169568,2.57206,-0.110922,-0.285298,FRENET,0.337705,0.575579,0.337705,0,0.575579,0.875673,0
7.94611,3.53548,8.11663,-0.0169568,2.57206,-0.110922,-0.285298,FRENET,0.337705,0.575579,0.337705,0,0.575579,0.875673,0
7.95008,3.56135,8.11609,-0.0181216,2.60238,-0.107403,-0.279503,FRENET,0.337705,0.575579,0.337705,0,0.575579,0.875673,0
7.95403,3.56135,8.11609,-0.0181216,2.60238,-0.107403,-0.279503,FRENET,0.337705,0.575579,0.337705,0,0.575579,0.875673,0
7.95888,3.58751,8.11554,-0.019137,2.63126,-0.110613,-0.291052,FRENET,0.337705,0.575579,0.337705,0,0.575579,0.875673,0
7.96191,3.58751,8.11554,-0.019137,2.63126,-0.110613,-0.291052,FRENET,0.337705,0.575579,0.337705,0,0.575579,0.875673,0
7.96602,3.58751,8.11554,-0.019137,2.63126,-0.110613,-0.291052,FRENET,0.337705,0.575579,0.337705,0,0.575579,0.875673,0
7.96991,3.61395,8.11493,-0.0203066,2.65877,-0.108355,-0.288091,FRENET,0.337705,0.575579,0.337705,0,0.575579,0.875673,0
7.97377,3.61395,8.11493,-0.0203066,2.65877,-0.108355,-0.288091,FRENET,0.337705,0.575579,0.337705,0,0.575579,0.875673,0
7.97907,3.64066,8.11433,-0.0210641,2.68497,-0.032968,-0.0885182,FRENET,0.337556,0.575579,0.337556,0,0.575579,0.873473,0
7.98217,3.64066,8.11433,-0.0210641,2.68497,-0.032968,-0.0885182,FRENET,0.337556,0.575579,0.337556,0,0.575579,0.873473,0
7.98588,3.64066,8.11433,-0.0210641,2.68497,-0.032968,-0.0885182,FRENET,0.337556,0.575579,0.337556,0,0.575579,0.873473,0
7.99008,3.66763,8.11378,-0.0210713,2.70992,0.0131254,0.0355688,FRENET,0.337556,0.575579,0.337556,0,0.575579,0.873473,0
7.99393,3.66763,8.11378,-0.0210713,2.70992,0.0131254,0.0355688,FRENET,0.337556,0.575579,0.337556,0,0.575579,0.873473,0
7.99903,3.69485,8.11323,-0.0208236,2.73369,0.0494519,0.135186,FRENET,0.337556,0.575579,0.337556,0,0.575579,0.873473,0
8.00192,3.69485,8.11323,-0.0208236,2.73369,0.0494519,0.135186,FRENET,0.337556,0.575579,0.337556,0,0.575579,0.873473,0
8.0062,3.69485,8.11323,-0.0208236,2.73369,0.0494519,0.135186,FRENET,0.337556,0.575579,0.337556,0,0.575579,0.873473,0
8.01017,3.72229,8.11273,-0.0201455,2.75633,0.0693437,0.191134,FRENET,0.337556,0.575579,0.337556,0,0.575579,0.873473,0
8.01404,3.72229,8.11273,-0.0201455,2.75633,0.0693437,0.191134,FRENET,0.337556,0.575579,0.337556,0,0.575579,0.873473,0
8.01908,3.74996,8.11224,-0.0194307,2.77789,0.0880159,0.244498,FRENET,0.337556,0.575579,0.337556,0,0.575579,0.873473,0
8.02246,3.74996,8.11224,-0.0194307,2.77789,0.0880159,0.244498,FRENET,0.337556,0.575579,0.337556,0,0.575579,0.873473,0
8.02616,3.74996,8.11224,-0.0194307,2.77789,0.0880159,0.244498,FRENET,0.333779,0.575579,0.333779,0,0.575579,0.873424,0
8.03162,3.77784,8.11178,-0.0184297,2.79842,0.0959982,0.268643,FRENET,0.333779,0.575579,0.333779,0,0.575579,0.873424,0
8.03453,3.77784,8.11178,-0.0184297,2.79842,0.0959982,0.268643,FRENET,0.333779,0.575579,0.333779,0,0.575579,0.873424,0
8.03909,3.80591,8.11134,-0.0174921,2.81798,0.106599,0.300393,FRENET,0.333779,0.575579,0.333779,0,0.575579,0.873424,0
8.04203,3.80591,8.11134,-0.0174921,2.81798,0.106599,0.300393,FRENET,0.333779,0.575579,0.333779,0,0.575579,0.873424,0
8.04607,3.80591,8.11134,-0.0174921,2.81798,0.106599,0.300393,FRENET,0.333779,0.575579,0.333779,0,0.575579,0.873424,0
8.0499,3.83418,8.11094,-0.0163338,2.83661,0.109115,0.309516,FRENET,0.333779,0.575579,0.333779,0,0.575579,0.873424,0
8.0539,3.83418,8.11094,-0.0163338,2.83661,0.109115,0.309516,FRENET,0.333779,0.575579,0.333779,0,0.575579,0.873424,0
8.05894,3.86264,8.11055,-0.0152855,2.85435,0.115991,0.331078,FRENET,0.333779,0.575579,0.333779,0,0.575579,0.873424,0
8.06192,3.86264,8.11055,-0.0152855,2.85435,0.115991,0.331078,FRENET,0.333779,0.575579,0.333779,0,0.575579,0.873424,0
8.06589,3.86264,8.11055,-0.0152855,2.85435,0.115991,0.331078,FRENET,0.333779,0.575579,0.333779,0,0.575579,0.873424,0
8.07,3.89126,8.1102,-0.0140461,2.87125,0.115977,0.333,FRENET,0.333779,0.575579,0.333779,0,0.575579,0.873424,0
8.07404,3.89126,8.1102,-0.0140461,2.87125,0.115977,0.333,FRENET,0.333779,0.575579,0.333779,0,0.575579,0.873424,0
8.07909,3.92005,8.10985,-0.0132246,2.88735,0.0372741,0.107623,FRENET,0.339635,0.575372,0.339635,0,0.575372,0.875445,0
8.08198,3.92005,8.10985,-0.0132246,2.88735,0.0372741,0.107623,FRENET,0.339635,0.575372,0.339635,0,0.575372,0.875445,0
8.08596,3.92005,8.10985,-0.0132246,2.88735,0.0372741,0.107623,FRENET,0.339635,0.575372,0.339635,0,0.575372,0.875445,0
8.09002,3.94901,8.10944,-0.0131925,2.90463,-0.0118609,-0.0344513,FRENET,0.339635,0.575372,0.339635,0,0.575372,0.875445,0
8.094,3.94901,8.10944,-0.0131925,2.90463,-0.0118609,-0.0344513,FRENET,0.339635,0.575372,0.339635,0,0.575372,0.875445,0
8.0992,3.97814,8.10902,-0.013438,2.92108,-0.0507606,-0.148276,FRENET,0.339635,0.575372,0.339635,0,0.575372,0.875445,0
8.10194,3.97814,8.10902,-0.013438,2.92108,-0.0507606,-0.148276,FRENET,0.339635,0.575372,0.339635,0,0.575372,0.875445,0
8.10587,3.97814,8.10902,-0.013438,2.92108,-0.0507606,-0.148276,FRENET,0.339635,0.575372,0.339635,0,0.575372,0.875445,0
8.10998,4.00742,8.10854,-0.014143,2.93675,-0.0728274,-0.213876,FRENET,0.339635,0.575372,0.339635,0,0.575372,0.875445,0
8.11395,4.00742,8.10854,-0.014143,2.93675,-0.0728274,-0.213876,FRENET,0.339635,0.575372,0.339635,0,0.575372,0.875445,0
8.11891,4.03686,8.10808,-0.0146104,2.95168,-0.00852409,-0.0251604,FRENET,0.339635,0.575372,0.339635,0,0.575372,0.875445,0
8.12193,4.03686,8.10808,-0.0146104,2.95168,-0.00852409,-0.0251604,FRENET,0.339635,0.575372,0.339635,0,0.575372,0.875445,0
8.12588,4.03686,8.10808,-0.0146104,2.95168,-0.00852409,-0.0251604,FRENET,0.339568,0.575372,0.339568,0,0.575372,0.875166,0
8.12999,4.06644,8.10766,-0.0144026,2.9659,0.0315146,0.0934692,FRENET,0.339568,0.575372,0.339568,0,0.575372,0.875166,0
8.13397,4.06644,8.10766,-0.0144026,2.9659,0.0315146,0.0934692,FRENET,0.339568,0.575372,0.339568,0,0.575372,0.875166,0
8.13899,4.09617,8.10726,-0.0139938,2.97944,0.0644035,0.191887,FRENET,0.339568,0.575372,0.339568,0,0.575372,0.875166,0
8.14204,4.09617,8.10726,-0.0139938,2.97944,0.0644035,0.191887,FRENET,0.339568,0.575372,0.339568,0,0.575372,0.875166,0
8.14608,4.09617,8.10726,-0.0139938,2.97944,0.0644035,0.191887,FRENET,0.339568,0.575372,0.339568,0,0.575372,0.875166,0
8.14984,4.12603,8.10691,-0.0131726,2.99234,0.0825196,0.246927,FRENET,0.339568,0.575372,0.339568,0,0.575372,0.875166,0
8.15397,4.12603,8.10691,-0.0131726,2.99234,0.0825196,0.246927,FRENET,0.339568,0.575372,0.339568,0,0.575372,0.875166,0
8.15926,4.15601,8.10658,-0.0123354,3.00463,0.100105,0.30078,FRENET,0.339568,0.575372,0.339568,0,0.575372,0.875166,0
8.16196,4.15601,8.10658,-0.0123354,3.00463,0.100105,0.30078,FRENET,0.339568,0.575372,0.339568,0,0.575372,0.875166,0
8.16593,4.15601,8.10658,-0.0123354,3.00463,0.100105,0.30078,FRENET,0.339568,0.575372,0.339568,0,0.575372,0.875166,0
8.16986,4.18617,8.10629,-0.0112266,3.02822,0.105924,0.320761,FRENET,0.339568,0.575372,0.339568,0,0.575372,0.875166,0
8.17394,4.18617,8.10629,-0.0112266,3.02822,0.105924,0.320761,FRENET,0.339568,0.575372,0.339568,0,0.575372,0.875166,0
8.17896,4.21656,8.10601,-0.0101978,3.05068,0.114787,0.350179,FRENET,0.339568,0.575372,0.339568,0,0.575372,0.873521,0
8.18191,4.21656,8.10601,-0.0101978,3.05068,0.114787,0.350179,FRENET,0.339568,0.575372,0.339568,0,0.575372,0.873521,0
8.18605,4.21656,8.10601,-0.0101978,3.05068,0.114787,0.350179,FRENET,0.339568,0.575372,0.339568,0,0.575372,0.873521,0
8.18991,4.24718,8.10578,-0.00896196,3.07208,0.116733,0.358614,FRENET,0.339568,0.575372,0.339568,0,0.575372,0.873521,0
8.19386,4.24718,8.10578,-0.00896196,3.07208,0.116733,0.358614,FRENET,0.339568,0.575372,0.339568,0,0.575372,0.873521,0
8.19888,4.278,8.10554,-0.00812223,3.09246,0.0400584,0.123879,FRENET,0.339568,0.575372,0.339568,0,0.575372,0.873521,0
8.20202,4.278,8.10554,-0.00812223,3.09246,0.0400584,0.123879,FRENET,0.339568,0.575372,0.339568,0,0.575372,0.873521,0
8.2058,4.278,8.10554,-0.00812223,3.09246,0.0400584,0.123879,FRENET,0.339568,0.575372,0.339568,0,0.575372,0.873521,0
8.21005,4.30902,8.10526,-0.00806405,3.11187,-0.0098095,-0.0305259,FRENET,0.339568,0.575372,0.339568,0,0.575372,0.873521,0
8.21389,4.30902,8.10526,-0.00806405,3.11187,-0.0098095,-0.0305259,FRENET,0.339568,0.575372,0.339568,0,0.575372,0.873521,0
8.21898,4.34023,8.10496,-0.00829457,3.13036,-0.0497189,-0.155638,FRENET,0.339568,0.575372,0.339568,0,0.575372,0.873521,0
8.22175,4.34023,8.10496,-0.00829457,3.13036,-0.0497189,-0.155638,FRENET,0.339568,0.575372,0.339568,0,0.575372,0.873521,0
8.22603,4.34023,8.10496,-0.00829457,3.13036,-0.0497189,-0.155638,FRENET,0.339621,0.575372,0.339621,0.324918,0.575372,0.739345,0
8.23005,4.37162,8.10461,-0.00899668,3.14797,-0.0734693,-0.231279,FRENET,0.339621,0.575372,0.339621,0.324918,0.575372,0.739345,0
8.23399,4.37162,8.10461,-0.00899668,3.14797,-0.0734693,-0.231279,FRENET,0.339621,0.575372,0.339621,0.324918,0.575372,0.739345,0
8.23919,4.40318,8.10425,-0.00976509,3.16475,-0.0948389,-0.300141,FRENET,0.339621,0.575372,0.339621,0.324918,0.575372,0.739345,0
8.24231,4.40318,8.10425,-0.00976509,3.16475,-0.0948389,-0.300141,FRENET,0.339621,0.575372,0.339621,0.324918,0.575372,0.739345,0
8.24597,4.40318,8.10425,-0.00976509,3.16475,-0.0948389,-0.300141,FRENET,0.339621,0.575372,0.339621,0.324918,0.575372,0.739345,0
8.25003,4.43491,8.10384,-0.0108495,3.18072,-0.105448,-0.335401,FRENET,0.339621,0.575372,0.339621,0.324918,0.575372,0.739345,0
8.25401,4.43491,8.10384,-0.0108495,3.18072,-0.105448,-0.335401,FRENET,0.339621,0.575372,0.339621,0.324918,0.575372,0.739345,0
8.25906,4.46679,8.10341,-0.0118879,3.19594,-0.117517,-0.375576,FRENET,0.339621,0.575372,0.339621,0.324918,0.575372,0.739345,0
8.26196,4.46679,8.10341,-0.0118879,3.19594,-0.117517,-0.375576,FRENET,0.339621,0.575372,0.339621,0.324918,0.575372,0.739345,0
8.26588,4.46679,8.10341,-0.0118879,3.19594,-0.117517,-0.375576,FRENET,0.339621,0.575372,0.339621,0.324918,0.575372,0.739345,0
8.26981,4.49881,8.10294,-0.0131648,3.21043,-0.121559,-0.390257,FRENET,0.339621,0.575372,0.339621,0.324918,0.575372,0.739345,0
8.27377,4.49881,8.10294,-0.0131648,3.21043,-0.121559,-0.390257,FRENET,0.339621,0.575372,0.339621,0.324918,0.575372,0.739345,0
8.27911,4.53098,8.10245,-0.0143393,3.22423,-0.129001,-0.415928,FRENET,0.331353,0.570828,0.331353,0,0.570828,0.397012,0
8.28194,4.53098,8.10245,-0.0143393,3.22423,-0.129001,-0.415928,FRENET,0.331353,0.570828,0.331353,0,0.570828,0.397012,0
8.28601,4.53098,8.10245,-0.0143393,3.22423,-0.129001,-0.415928,FRENET,0.331353,0.570828,0.331353,0,0.570828,0.397012,0
8.29005,4.56325,8.1019,-0.0157225,3.23051,-0.130837,-0.422669,FRENET,0.331353,0.570828,0.331353,0,0.570828,0.397012,0
8.29399,4.56325,8.1019,-0.0157225,3.23051,-0.130837,-0.422669,FRENET,0.331353,0.570828,0.331353,0,0.570828,0.397012,0
8.29913,4.59558,8.10136,-0.016677,3.2365,-0.0480388,-0.155478,FRENET,0.331353,0.570828,0.331353,0,0.570828,0.397012,0
8.30208,4.59558,8.10136,-0.016677,3.2365,-0.0480388,-0.155478,FRENET,0.331353,0.570828,0.331353,0,0.570828,0.397012,0
8.30598,4.59558,8.10136,-0.016677,3.2365,-0.0480388,-0.155478,FRENET,0.331353,0.570828,0.331353,0,0.570828,0.397012,0
8.30996,4.62797,8.10087,-0.0167861,3.2422,0.00639448,0.0207322,FRENET,0.331353,0.570828,0.331353,0,0.570828,0.397012,0
8.31389,4.62797,8.10087,-0.0167861,3.2422,0.00639448,0.0207322,FRENET,0.331353,0.570828,0.331353,0,0.570828,0.397012,0
8.31889,4.66042,8.10039,-0.0165755,3.24763,0.0499563,0.16224,FRENET,0.331353,0.570828,0.331353,0,0.570828,0.397012,0
8.32183,4.66042,8.10039,-0.0165755,3.24763,0.0499563,0.16224,FRENET,0.331353,0.570828,0.331353,0,0.570828,0.397012,0
8.32579,4.66042,8.10039,-0.0165755,3.24763,0.0499563,0.16224,FRENET,0.331354,0.570828,0.331354,0,0.570828,0.40165,0
8.33009,4.69297,8.09996,-0.0158634,3.26277,0.0750291,0.244803,FRENET,0.331354,0.570828,0.331354,0,0.570828,0.40165,0
8.33385,4.69297,8.09996,-0.0158634,3.26277,0.0750291,0.244803,FRENET,0.331354,0.570828,0.331354,0,0.570828,0.40165,0
8.33868,4.72566,8.09953,-0.0150752,3.27719,0.0973546,0.31905,FRENET,0.331354,0.570828,0.331354,0,0.570828,0.40165,0
8.3421,4.72566,8.09953,-0.0150752,3.27719,0.0973546,0.31905,FRENET,0.331354,0.570828,0.331354,0,0.570828,0.40165,0
8.34592,4.72566,8.09953,-0.0150752,3.27719,0.0973546,0.31905,FRENET,0.331354,0.570828,0.331354,0,0.570828,0.40165,0
8.3499,4.7585,8.09914,-0.0139606,3.29093,0.108786,0.358008,FRENET,0.331354,0.570828,0.331354,0,0.570828,0.40165,0
8.35393,4.7585,8.09914,-0.0139606,3.29093,0.108786,0.358008,FRENET,0.331354,0.570828,0.331354,0,0.570828,0.40165,0
8.3587,4.79148,8.09877,-0.012887,3.30401,0.121358,0.400968,FRENET,0.331354,0.570828,0.331354,0,0.570828,0.40165,0
8.36208,4.79148,8.09877,-0.012887,3.30401,0.121358,0.400968,FRENET,0.331354,0.570828,0.331354,0,0.570828,0.40165,0
8.36593,4.79148,8.09877,-0.012887,3.30401,0.121358,0.400968,FRENET,0.331354,0.570828,0.331354,0,0.570828,0.40165,0
8.36993,4.82458,8.09844,-0.0115686,3.31647,0.125836,0.417331,FRENET,0.331354,0.570828,0.331354,0,0.570828,0.40165,0
8.37399,4.82458,8.09844,-0.0115686,3.31647,0.125836,0.417331,FRENET,0.331354,0.570828,0.331354,0,0.570828,0.40165,0
8.37901,4.8578,8.09813,-0.010351,3.32834,0.133468,0.444227,FRENET,0.331412,0.570828,0.331412,0,0.570828,0.395983,0
8.38206,4.8578,8.09813,-0.010351,3.32834,0.133468,0.444227,FRENET,0.331412,0.570828,0.331412,0,0.570828,0.395983,0
8.386,4.8578,8.09813,-0.010351,3.32834,0.133468,0.444227,FRENET,0.331412,0.570828,0.331412,0,0.570828,0.395983,0
8.39005,4.89114,8.09786,-0.0089296,3.33964,0.134451,0.44902,FRENET,0.331412,0.570828,0.331412,0,0.570828,0.395983,0
8.39389,4.89114,8.09786,-0.0089296,3.33964,0.134451,0.44902,FRENET,0.331412,0.570828,0.331412,0,0.570828,0.395983,0
8.39882,4.92459,8.09762,-0.00763931,3.35041,0.139623,0.467793,FRENET,0.331412,0.570828,0.331412,0,0.570828,0.395983,0
8.40197,4.92459,8.09762,-0.00763931,3.35041,0.139623,0.467793,FRENET,0.331412,0.570828,0.331412,0,0.570828,0.395983,0
8.40591,4.92459,8.09762,-0.00763931,3.35041,0.139623,0.467793,FRENET,0.331412,0.570828,0.331412,0,0.570828,0.395983,0
8.4098,4.95814,8.09742,-0.00616511,3.36067,0.138882,0.466736,FRENET,0.331412,0.570828,0.331412,0,0.570828,0.395983,0
8.41384,4.95814,8.09742,-0.00616511,3.36067,0.138882,0.466736,FRENET,0.331412,0.570828,0.331412,0,0.570828,0.395983,0
8.41875,4.9918,8.09723,-0.00513554,3.37043,0.0551631,0.185924,FRENET,0.331412,0.570828,0.331412,0,0.570828,0.395983,0
8.42187,4.9918,8.09723,-0.00513554,3.37043,0.0551631,0.185924,FRENET,0.331412,0.570828,0.331412,0,0.570828,0.395983,0
8.42596,4.9918,8.09723,-0.00513554,3.37043,0.0551631,0.185924,FRENET,0.363872,0.570828,0.363872,0,0.570828,0.391196,0
8.42989,5.02555,8.09699,-0.00496252,3.37973,-0.00106336,-0.00359389,FRENET,0.363872,0.570828,0.363872,0,0.570828,0.391196,0
8.43431,5.02555,8.09699,-0.00496252,3.37973,-0.00106336,-0.00359389,FRENET,0.363872,0.570828,0.363872,0,0.570828,0.391196,0
8.43894,5.05939,8.09673,-0.00512897,3.38859,-0.0462022,-0.156561,FRENET,0.363872,0.570828,0.363872,0,0.570828,0.391196,0
8.44194,5.05939,8.09673,-0.00512897,3.38859,-0.0462022,-0.156561,FRENET,0.363872,0.570828,0.363872,0,0.570828,0.391196,0
8.44598,5.05939,8.09673,-0.00512897,3.38859,-0.0462022,-0.156561,FRENET,0.363872,0.570828,0.363872,0,0.570828,0.391196,0
8.44999,5.09331,8.09644,-0.00582157,3.39703,-0.0742553,-0.252248,FRENET,0.363872,0.570828,0.363872,0,0.570828,0.391196,0
8.45402,5.09331,8.09644,-0.00582157,3.39703,-0.0742553,-0.252248,FRENET,0.363872,0.570828,0.363872,0,0.570828,0.391196,0
8.45898,5.12732,8.09614,-0.0066115,3.40507,-0.0988683,-0.336654,FRENET,0.363872,0.570828,0.363872,0,0.570828,0.391196,0
8.46194,5.12732,8.09614,-0.0066115,3.40507,-0.0988683,-0.336654,FRENET,0.363872,0.570828,0.363872,0,0.570828,0.391196,0
8.46617,5.12732,8.09614,-0.0066115,3.40507,-0.0988683,-0.336654,FRENET,0.363872,0.570828,0.363872,0,0.570828,0.391196,0
8.47007,5.16141,8.09579,-0.00775245,3.41273,-0.112006,-0.382246,FRENET,0.363872,0.570828,0.363872,0,0.570828,0.391196,0
8.47404,5.16141,8.09579,-0.00775245,3.41273,-0.112006,-0.382246,FRENET,0.363872,0.570828,0.363872,0,0.570828,0.391196,0
8.47902,5.19557,8.09543,-0.00886265,3.42002,-0.125814,-0.430285,FRENET,0.474974,0.567412,0.474974,0,0.567412,0.396739,0
8.48192,5.19557,8.09543,-0.00886265,3.42002,-0.125814,-0.430285,FRENET,0.474974,0.567412,0.474974,0,0.567412,0.396739,0
8.4859,5.19557,8.09543,-0.00886265,3.42002,-0.125814,-0.430285,FRENET,0.474974,0.567412,0.474974,0,0.567412,0.396739,0
8.49,5.22981,8.09503,-0.0102321,3.42698,-0.131147,-0.44944,FRENET,0.474974,0.567412,0.474974,0,0.567412,0.396739,0
8.49395,5.22981,8.09503,-0.0102321,3.42698,-0.131147,-0.44944,FRENET,0.474974,0.567412,0.474974,0,0.567412,0.396739,0
8.49898,5.26411,8.0946,-0.0115039,3.43362,-0.139344,-0.478452,FRENET,0.474974,0.567412,0.474974,0,0.567412,0.396739,0
8.5019,5.26411,8.0946,-0.0115039,3.43362,-0.139344,-0.478452,FRENET,0.474974,0.567412,0.474974,0,0.567412,0.396739,0
8.50609,5.26411,8.0946,-0.0115039,3.43362,-0.139344,-0.478452,FRENET,0.474974,0.567412,0.474974,0,0.567412,0.396739,0
8.51004,5.29847,8.09413,-0.0129877,3.43993,-0.140663,-0.483873,FRENET,0.474974,0.567412,0.474974,0,0.567412,0.396739,0
8.51392,5.29847,8.09413,-0.0129877,3.43993,-0.140663,-0.483873,FRENET,0.474974,0.567412,0.474974,0,0.567412,0.396739,0
8.51861,5.3329,8.09365,-0.0140354,3.44595,-0.0566517,-0.195219,FRENET,0.474974,0.567412,0.474974,0,0.567412,0.396739,0
8.52188,5.3329,8.09365,-0.0140354,3.44595,-0.0566517,-0.195219,FRENET,0.474974,0.567412,0.474974,0,0.567412,0.396739,0
8.52614,5.3329,8.09365,-0.0140354,3.44595,-0.0566517,-0.195219,FRENET,0.589248,0.567412,0.589248,0,0.567412,0.401513,0
8.52996,5.36738,8.09323,-0.0142192,3.45168,0.000159069,0.000549055,FRENET,0.589248,0.567412,0.589248,0,0.567412,0.401513,0
8.53398,5.36738,8.09323,-0.0142192,3.45168,0.000159069,0.000549055,FRENET,0.589248,0.567412,0.589248,0,0.567412,0.401513,0
8.53884,5.40192,8.09281,-0.0140597,3.45714,0.0459878,0.158986,FRENET,0.589248,0.567412,0.589248,0,0.567412,0.401513,0
8.54194,5.40192,8.09281,-0.0140597,3.45714,0.0459878,0.158986,FRENET,0.589248,0.567412,0.589248,0,0.567412,0.401513,0
8.54578,5.40192,8.09281,-0.0140597,3.45714,0.0459878,0.158986,FRENET,0.589248,0.567412,0.589248,0,0.567412,0.401513,0
8.54986,5.43652,8.09244,-0.0133646,3.46234,0.0747241,0.25872,FRENET,0.589248,0.567412,0.589248,0,0.567412,0.401513,0
8.55391,5.43652,8.09244,-0.0133646,3.46234,0.0747241,0.25872,FRENET,0.589248,0.567412,0.589248,0,0.567412,0.401513,0
8.55868,5.47117,8.09208,-0.012568,3.46729,0.0999575,0.346582,FRENET,0.589248,0.567412,0.589248,0,0.567412,0.401513,0
8.562,5.47117,8.09208,-0.012568,3.46729,0.0999575,0.346582,FRENET,0.589248,0.567412,0.589248,0,0.567412,0.401513,0
8.56595,5.47117,8.09208,-0.012568,3.46729,0.0999575,0.346582,FRENET,0.589248,0.567412,0.589248,0,0.567412,0.401513,0
8.56991,5.50586,8.09176,-0.0114123,3.47201,0.113623,0.3945,FRENET,0.589248,0.567412,0.589248,0,0.567412,0.401513,0
8.57379,5.50586,8.09176,-0.0114123,3.47201,0.113623,0.3945,FRENET,0.589248,0.567412,0.589248,0,0.567412,0.401513,0
8.57868,5.5406,8.09145,-0.0102848,3.4765,0.127861,0.444507,FRENET,0.587878,0.567412,0.587878,0,0.567412,0.398756,0
8.582,5.5406,8.09145,-0.0102848,3.4765,0.127861,0.444507,FRENET,0.587878,0.567412,0.587878,0,0.567412,0.398756,0
8.58589,5.5406,8.09145,-0.0102848,3.4765,0.127861,0.444507,FRENET,0.587878,0.567412,0.587878,0,0.567412,0.398756,0
8.58985,5.57539,8.09119,-0.00889212,3.48078,0.133529,0.464785,FRENET,0.587878,0.567412,0.587878,0,0.567412,0.398756,0
8.59369,5.57539,8.09119,-0.00889212,3.48078,0.133529,0.464785,FRENET,0.587878,0.567412,0.587878,0,0.567412,0.398756,0
8.59872,5.61021,8.09095,-0.00759623,3.48485,0.141973,0.494756,FRENET,0.587878,0.567412,0.587878,0,0.567412,0.398756,0
8.6019,5.61021,8.09095,-0.00759623,3.48485,0.141973,0.494756,FRENET,0.587878,0.567412,0.587878,0,0.567412,0.398756,0
8.60591,5.61021,8.09095,-0.00759623,3.48485,0.141973,0.494756,FRENET,0.587878,0.567412,0.587878,0,0.567412,0.398756,0
8.60986,5.64508,8.09076,-0.00608431,3.48874,0.143463,0.500504,FRENET,0.587878,0.567412,0.587878,0,0.567412,0.398756,0
8.61382,5.64508,8.09076,-0.00608431,3.48874,0.143463,0.500504,FRENET,0.587878,0.567412,0.587878,0,0.567412,0.398756,0
8.61862,5.67999,8.0906,-0.00470506,3.49243,0.148909,0.520054,FRENET,0.587878,0.567412,0.587878,0,0.567412,0.398756,0
8.62175,5.67999,8.0906,-0.00470506,3.49243,0.148909,0.520054,FRENET,0.587878,0.567412,0.587878,0,0.567412,0.398756,0
8.62605,5.67999,8.0906,-0.00470506,3.49243,0.148909,0.520054,FRENET,0.603872,0.563675,0.603872,0,0.563675,0.393718,0
8.63,5.71493,8.09048,-0.00313497,3.49595,0.148259,0.518307,FRENET,0.603872,0.563675,0.603872,0,0.563675,0.393718,0
8.63377,5.71493,8.09048,-0.00313497,3.49595,0.148259,0.518307,FRENET,0.603872,0.563675,0.603872,0,0.563675,0.393718,0
8.63891,5.74995,8.09038,-0.00187092,3.50765,0.106694,0.374246,FRENET,0.603872,0.563675,0.603872,0,0.563675,0.393718,0
8.64201,5.74995,8.09038,-0.00187092,3.50765,0.106694,0.374246,FRENET,0.603872,0.563675,0.603872,0,0.563675,0.393718,0
8.64603,5.74995,8.09038,-0.00187092,3.50765,0.106694,0.374246,FRENET,0.603872,0.563675,0.603872,0,0.563675,0.393718,0
8.65012,5.78508,8.09028,-0.00111324,3.51879,0.0324295,0.114113,FRENET,0.603872,0.563675,0.603872,0,0.563675,0.393718,0
8.65392,5.78508,8.09028,-0.00111324,3.51879,0.0324295,0.114113,FRENET,0.603872,0.563675,0.603872,0,0.563675,0.393718,0
8.65878,5.82032,8.09014,-0.00113476,3.52941,-0.0177799,-0.0627524,FRENET,0.603872,0.563675,0.603872,0,0.563675,0.393718,0
8.66185,5.82032,8.09014,-0.00113476,3.52941,-0.0177799,-0.0627524,FRENET,0.603872,0.563675,0.603872,0,0.563675,0.393718,0
8.66587,5.82032,8.09014,-0.00113476,3.52941,-0.0177799,-0.0627524,FRENET,0.603872,0.563675,0.603872,0,0.563675,0.393718,0
8.66999,5.85566,8.08998,-0.00144663,3.53951,-0.0587641,-0.207996,FRENET,0.603872,0.563675,0.603872,0,0.563675,0.393718,0
8.67397,5.85566,8.08998,-0.00144663,3.53951,-0.0587641,-0.207996,FRENET,0.603872,0.563675,0.603872,0,0.563675,0.393718,0
8.67874,5.89111,8.08979,-0.002251,3.54914,-0.0843347,-0.299316,FRENET,0.590625,0.563675,0.590625,0,0.563675,0.392625,0
8.68197,5.89111,8.08979,-0.002251,3.54914,-0.0843347,-0.299316,FRENET,0.590625,0.563675,0.590625,0,0.563675,0.392625,0
8.68601,5.89111,8.08979,-0.002251,3.54914,-0.0843347,-0.299316,FRENET,0.590625,0.563675,0.590625,0,0.563675,0.392625,0
8.69003,5.92664,8.08959,-0.00313249,3.55831,-0.107134,-0.381215,FRENET,0.590625,0.563675,0.590625,0,0.563675,0.392625,0
8.69398,5.92664,8.08959,-0.00313249,3.55831,-0.107134,-0.381215,FRENET,0.590625,0.563675,0.590625,0,0.563675,0.392625,0
8.69872,5.96227,8.08935,-0.00435051,3.56704,-0.119324,-0.425633,FRENET,0.590625,0.563675,0.590625,0,0.563675,0.392625,0
8.70198,5.96227,8.08935,-0.00435051,3.56704,-0.119324,-0.425633,FRENET,0.590625,0.563675,0.590625,0,0.563675,0.392625,0
8.7059,5.96227,8.08935,-0.00435051,3.56704,-0.119324,-0.425633,FRENET,0.590625,0.563675,0.590625,0,0.563675,0.392625,0
8.70995,5.99798,8.0891,-0.00552996,3.57536,-0.132316,-0.473076,FRENET,0.590625,0.563675,0.590625,0,0.563675,0.392625,0
8.71408,5.99798,8.0891,-0.00552996,3.57536,-0.132316,-0.473076,FRENET,0.590625,0.563675,0.590625,0,0.563675,0.392625,0
8.71869,6.03377,8.0888,-0.0069624,3.58328,-0.137345,-0.492147,FRENET,0.590625,0.563675,0.590625,0,0.563675,0.392625,0
8.72203,6.03377,8.0888,-0.0069624,3.58328,-0.137345,-0.492147,FRENET,0.590625,0.563675,0.590625,0,0.563675,0.392625,0
8.72585,6.03377,8.0888,-0.0069624,3.58328,-0.137345,-0.492147,FRENET,0.600928,0.563675,0.600928,0,0.563675,0.392878,0
8.73016,6.06968,8.0885,-0.00799712,3.59835,-0.0575953,-0.207248,FRENET,0.600928,0.563675,0.600928,0,0.563675,0.392878,0
8.73397,6.06968,8.0885,-0.00799712,3.59835,-0.0575953,-0.207248,FRENET,0.600928,0.563675,0.600928,0,0.563675,0.392878,0
8.73878,6.10573,8.08825,-0.00820284,3.61271,-0.00234294,-0.00846437,FRENET,0.600928,0.563675,0.600928,0,0.563675,0.392878,0
8.74213,6.10573,8.08825,-0.00820284,3.61271,-0.00234294,-0.00846437,FRENET,0.600928,0.563675,0.600928,0,0.563675,0.392878,0
8.74608,6.10573,8.08825,-0.00820284,3.61271,-0.00234294,-0.00846437,FRENET,0.600928,0.563675,0.600928,0,0.563675,0.392878,0
8.75008,6.14193,8.088,-0.00821707,3.62638,-0.000623965,-0.00226273,FRENET,0.600928,0.563675,0.600928,0,0.563675,0.392878,0
8.75407,6.14193,8.088,-0.00821707,3.62638,-0.000623965,-0.00226273,FRENET,0.600928,0.563675,0.600928,0,0.563675,0.392878,0
8.75849,6.17826,8.08776,-0.00806953,3.6394,0.0439911,0.160101,FRENET,0.600928,0.563675,0.600928,0,0.563675,0.392878,0
8.76178,6.17826,8.08776,-0.00806953,3.6394,0.0439911,0.160101,FRENET,0.600928,0.563675,0.600928,0,0.563675,0.392878,0
8.76592,6.17826,8.08776,-0.00806953,3.6394,0.0439911,0.160101,FRENET,0.600928,0.563675,0.600928,0,0.563675,0.392878,0
8.76983,6.21471,8.08756,-0.00739674,3.65181,0.0729132,0.266265,FRENET,0.600928,0.563675,0.600928,0,0.563675,0.392878,0
8.77388,6.21471,8.08756,-0.00739674,3.65181,0.0729132,0.266265,FRENET,0.600928,0.563675,0.600928,0,0.563675,0.392878,0
8.77849,6.25129,8.08737,-0.00661485,3.66362,0.098349,0.360313,FRENET,0.602883,0.563675,0.602883,0,0.563675,0.39379,0
8.78181,6.25129,8.08737,-0.00661485,3.66362,0.098349,0.360313,FRENET,0.602883,0.563675,0.602883,0,0.563675,0.39379,0
8.78588,6.25129,8.08737,-0.00661485,3.66362,0.098349,0.360313,FRENET,0.602883,0.563675,0.602883,0,0.563675,0.39379,0
8.7898,6.28798,8.08723,-0.00547326,3.67487,0.112939,0.415034,FRENET,0.602883,0.563675,0.602883,0,0.563675,0.39379,0
8.79376,6.28798,8.08723,-0.00547326,3.67487,0.112939,0.415034,FRENET,0.602883,0.563675,0.602883,0,0.563675,0.39379,0
8.79874,6.32478,8.0871,-0.00434752,3.68559,0.127706,0.470672,FRENET,0.602883,0.563675,0.602883,0,0.563675,0.39379,0
8.80187,6.32478,8.0871,-0.00434752,3.68559,0.127706,0.470672,FRENET,0.602883,0.563675,0.602883,0,0.563675,0.39379,0
8.8059,6.32478,8.0871,-0.00434752,3.68559,0.127706,0.470672,FRENET,0.602883,0.563675,0.602883,0,0.563675,0.39379,0
8.80996,6.36169,8.08702,-0.00295353,3.69579,0.134381,0.496644,FRENET,0.602883,0.563675,0.602883,0,0.563675,0.39379,0
8.81394,6.36169,8.08702,-0.00295353,3.69579,0.134381,0.496644,FRENET,0.602883,0.563675,0.602883,0,0.563675,0.39379,0
8.81874,6.3987,8.08694,-0.00194514,3.70552,0.0548075,0.20309,FRENET,0.602883,0.563675,0.602883,0,0.563675,0.39379,0
8.822,6.3987,8.08694,-0.00194514,3.70552,0.0548075,0.20309,FRENET,0.602883,0.563675,0.602883,0,0.563675,0.39379,0
8.82595,6.3987,8.08694,-0.00194514,3.70552,0.0548075,0.20309,FRENET,0.607004,0.561796,0.607004,0,0.561796,0.397111,0
8.83003,6.4358,8.08682,-0.00176971,3.71477,-0.000596202,-0.00221476,FRENET,0.607004,0.561796,0.607004,0,0.561796,0.397111,0
8.83402,6.4358,8.08682,-0.00176971,3.71477,-0.000596202,-0.00221476,FRENET,0.607004,0.561796,0.607004,0,0.561796,0.397111,0
8.83873,6.47297,8.08668,-0.0019334,3.72032,-0.0465224,-0.173079,FRENET,0.607004,0.561796,0.607004,0,0.561796,0.397111,0
8.84199,6.47297,8.08668,-0.0019334,3.72032,-0.0465224,-0.173079,FRENET,0.607004,0.561796,0.607004,0,0.561796,0.397111,0
8.8461,6.47297,8.08668,-0.0019334,3.72032,-0.0465224,-0.173079,FRENET,0.607004,0.561796,0.607004,0,0.561796,0.397111,0
8.85016,6.5102,8.08649,-0.00263896,3.72561,-0.0763725,-0.284534,FRENET,0.607004,0.561796,0.607004,0,0.561796,0.397111,0
8.85389,6.5102,8.08649,-0.00263896,3.72561,-0.0763725,-0.284534,FRENET,0.607004,0.561796,0.607004,0,0.561796,0.397111,0
8.85888,6.54748,8.08629,-0.00345706,3.73064,-0.102611,-0.382806,FRENET,0.607004,0.561796,0.607004,0,0.561796,0.397111,0
8.86193,6.54748,8.08629,-0.00345706,3.73064,-0.102611,-0.382806,FRENET,0.607004,0.561796,0.607004,0,0.561796,0.397111,0
8.86578,6.54748,8.08629,-0.00345706,3.73064,-0.102611,-0.382806,FRENET,0.607004,0.561796,0.607004,0,0.561796,0.397111,0
8.86994,6.58481,8.08605,-0.00464627,3.73544,-0.117696,-0.439645,FRENET,0.607004,0.561796,0.607004,0,0.561796,0.397111,0
8.87395,6.58481,8.08605,-0.00464627,3.73544,-0.117696,-0.439645,FRENET,0.607004,0.561796,0.607004,0,0.561796,0.397111,0
8.87882,6.62219,8.08579,-0.00581953,3.74,-0.132897,-0.497037,FRENET,0.60035,0.561796,0.60035,0,0.561796,0.402371,0
8.88192,6.62219,8.08579,-0.00581953,3.74,-0.132897,-0.497037,FRENET,0.60035,0.561796,0.60035,0,0.561796,0.402371,0
8.88586,6.62219,8.08579,-0.00581953,3.74,-0.132897,-0.497037,FRENET,0.60035,0.561796,0.60035,0,0.561796,0.402371,0
8.88998,6.65961,8.08548,-0.00726861,3.74435,-0.139759,-0.523308,FRENET,0.60035,0.561796,0.60035,0,0.561796,0.402371,0
8.89382,6.65961,8.08548,-0.00726861,3.74435,-0.139759,-0.523308,FRENET,0.60035,0.561796,0.60035,0,0.561796,0.402371,0
8.89856,6.69711,8.08517,-0.00847614,3.75532,-0.103452,-0.388495,FRENET,0.60035,0.561796,0.60035,0,0.561796,0.402371,0
8.90183,6.69711,8.08517,-0.00847614,3.75532,-0.103452,-0.388495,FRENET,0.60035,0.561796,0.60035,0,0.561796,0.402371,0
8.90585,6.69711,8.08517,-0.00847614,3.75532,-0.103452,-0.388495,FRENET,0.60035,0.561796,0.60035,0,0.561796,0.402371,0
8.90981,6.73471,8.08486,-0.00921715,3.76576,-0.0318922,-0.120099,FRENET,0.60035,0.561796,0.60035,0,0.561796,0.402371,0
8.91378,6.73471,8.08486,-0.00921715,3.76576,-0.0318922,-0.120099,FRENET,0.60035,0.561796,0.60035,0,0.561796,0.402371,0
8.91847,6.77242,8.08459,-0.00919402,3.77571,0.0177587,0.0670516,FRENET,0.60035,0.561796,0.60035,0,0.561796,0.402371,0
8.92182,6.77242,8.08459,-0.00919402,3.77571,0.0177587,0.0670516,FRENET,0.60035,0.561796,0.60035,0,0.561796,0.402371,0
8.92593,6.77242,8.08459,-0.00919402,3.77571,0.0177587,0.0670516,FRENET,0.600499,0.561796,0.600499,0,0.561796,0.397912,0
8.92978,6.81022,8.08434,-0.00888229,3.78519,0.0589257,0.223045,FRENET,0.600499,0.561796,0.600499,0,0.561796,0.397912,0
8.93379,6.81022,8.08434,-0.00888229,3.78519,0.0589257,0.223045,FRENET,0.600499,0.561796,0.600499,0,0.561796,0.397912,0
8.93854,6.84812,8.08412,-0.00807129,3.79421,0.085522,0.324489,FRENET,0.600499,0.561796,0.600499,0,0.561796,0.397912,0
8.94172,6.84812,8.08412,-0.00807129,3.79421,0.085522,0.324489,FRENET,0.600499,0.561796,0.600499,0,0.561796,0.397912,0
8.94587,6.84812,8.08412,-0.00807129,3.79421,0.085522,0.324489,FRENET,0.600499,0.561796,0.600499,0,0.561796,0.397912,0
8.94995,6.8861,8.08392,-0.0071735,3.8028,0.109262,0.415504,FRENET,0.600499,0.561796,0.600499,0,0.561796,0.397912,0
8.95399,6.8861,8.08392,-0.0071735,3.8028,0.109262,0.415504,FRENET,0.600499,0.561796,0.600499,0,0.561796,0.397912,0
8.95872,6.92417,8.08376,-0.00592762,3.81099,0.122728,0.467715,FRENET,0.600499,0.561796,0.600499,0,0.561796,0.397912,0
8.9619,6.92417,8.08376,-0.00592762,3.81099,0.122728,0.467715,FRENET,0.600499,0.561796,0.600499,0,0.561796,0.397912,0
8.96587,6.92417,8.08376,-0.00592762,3.81099,0.122728,0.467715,FRENET,0.600499,0.561796,0.600499,0,0.561796,0.397912,0
8.96994,6.96232,8.08362,-0.00470971,3.81879,0.136617,0.52171,FRENET,0.600499,0.561796,0.600499,0,0.561796,0.397912,0
8.97386,6.96232,8.08362,-0.00470971,3.81879,0.136617,0.52171,FRENET,0.600499,0.561796,0.600499,0,0.561796,0.397912,0
8.97859,7.00054,8.08353,-0.00322864,3.82621,0.142718,0.546068,FRENET,0.603179,0.561796,0.603179,0,0.561796,0.392162,0
8.98187,7.00054,8.08353,-0.00322864,3.82621,0.142718,0.546068,FRENET,0.603179,0.561796,0.603179,0,0.561796,0.392162,0
8.98626,7.00054,8.08353,-0.00322864,3.82621,0.142718,0.546068,FRENET,0.603179,0.561796,0.603179,0,0.561796,0.392162,0
8.99004,7.03884,8.08343,-0.00214491,3.83329,0.0613121,0.235027,FRENET,0.603179,0.561796,0.603179,0,0.561796,0.392162,0
8.99405,7.03884,8.08343,-0.00214491,3.83329,0.0613121,0.235027,FRENET,0.603179,0.561796,0.603179,0,0.561796,0.392162,0
8.99886,7.07721,8.08329,-0.00191517,3.84002,0.00394775,0.0151594,FRENET,0.603179,0.561796,0.603179,0,0.561796,0.392162,0
9.0021,7.07721,8.08329,-0.00191517,3.84002,0.00394775,0.0151594,FRENET,0.603179,0.561796,0.603179,0,0.561796,0.392162,0
9.00587,7.07721,8.08329,-0.00191517,3.84002,0.00394775,0.0151594,FRENET,0.603179,0.561796,0.603179,0,0.561796,0.392162,0
9.01025,7.11564,8.08313,-0.00204012,3.84644,-0.0432548,-0.166377,FRENET,0.603179,0.561796,0.603179,0,0.561796,0.392162,0
9.01375,7.11564,8.08313,-0.00204012,3.84644,-0.0432548,-0.166377,FRENET,0.603179,0.561796,0.603179,0,0.561796,0.392162,0
9.01877,7.15413,8.08293,-0.00271989,3.85255,-0.0745338,-0.287145,FRENET,0.603179,0.561796,0.603179,0,0.561796,0.392162,0
9.02188,7.15413,8.08293,-0.00271989,3.85255,-0.0745338,-0.287145,FRENET,0.603179,0.561796,0.603179,0,0.561796,0.392162,0
9.02596,7.15413,8.08293,-0.00271989,3.85255,-0.0745338,-0.287145,FRENET,0.604786,0.558775,0.604786,0,0.558775,0.391992,0
9.02997,7.19269,8.08272,-0.00352568,3.85837,-0.101903,-0.393178,FRENET,0.604786,0.558775,0.604786,0,0.558775,0.391992,0
9.03399,7.19269,8.08272,-0.00352568,3.85837,-0.101903,-0.393178,FRENET,0.604786,0.558775,0.604786,0,0.558775,0.391992,0
9.03885,7.23129,8.08246,-0.00471486,3.86259,-0.118322,-0.457028,FRENET,0.604786,0.558775,0.604786,0,0.558775,0.391992,0
9.04199,7.23129,8.08246,-0.00471486,3.86259,-0.118322,-0.457028,FRENET,0.604786,0.558775,0.604786,0,0.558775,0.391992,0
9.04586,7.23129,8.08246,-0.00471486,3.86259,-0.118322,-0.457028,FRENET,0.604786,0.558775,0.604786,0,0.558775,0.391992,0
9.05002,7.26994,8.08219,-0.00589921,3.86661,-0.134495,-0.520039,FRENET,0.604786,0.558775,0.604786,0,0.558775,0.391992,0
9.05408,7.26994,8.08219,-0.00589921,3.86661,-0.134495,-0.520039,FRENET,0.604786,0.558775,0.604786,0,0.558775,0.391992,0
9.05874,7.30862,8.08187,-0.00736917,3.87044,-0.14227,-0.550649,FRENET,0.604786,0.558775,0.604786,0,0.558775,0.391992,0
9.06201,7.30862,8.08187,-0.00736917,3.87044,-0.14227,-0.550649,FRENET,0.604786,0.558775,0.604786,0,0.558775,0.391992,0
9.066,7.30862,8.08187,-0.00736917,3.87044,-0.14227,-0.550649,FRENET,0.604786,0.558775,0.604786,0,0.558775,0.391992,0
9.06996,7.34737,8.08155,-0.00845297,3.88,-0.0618518,-0.239985,FRENET,0.604786,0.558775,0.604786,0,0.558775,0.391992,0
9.07394,7.34737,8.08155,-0.00845297,3.88,-0.0618518,-0.239985,FRENET,0.604786,0.558775,0.604786,0,0.558775,0.391992,0
9.07874,7.38622,8.08128,-0.00869101,3.88911,-0.00482403,-0.0187611,FRENET,0.598423,0.558775,0.598423,0,0.558775,0.392938,0
9.082,7.38622,8.08128,-0.00869101,3.88911,-0.00482403,-0.0187611,FRENET,0.598423,0.558775,0.598423,0,0.558775,0.392938,0
9.08598,7.38622,8.08128,-0.00869101,3.88911,-0.00482403,-0.0187611,FRENET,0.598423,0.558775,0.598423,0,0.558775,0.392938,0
9.09009,7.42515,8.08102,-0.00857488,3.89778,0.0422343,0.16462,FRENET,0.598423,0.558775,0.598423,0,0.558775,0.392938,0
9.09392,7.42515,8.08102,-0.00857488,3.89778,0.0422343,0.16462,FRENET,0.598423,0.558775,0.598423,0,0.558775,0.392938,0
9.09873,7.46417,8.0808,-0.00790544,3.90604,0.073672,0.287766,FRENET,0.598423,0.558775,0.598423,0,0.558775,0.392938,0
9.10187,7.46417,8.0808,-0.00790544,3.90604,0.073672,0.287766,FRENET,0.598423,0.558775,0.598423,0,0.558775,0.392938,0
9.10594,7.46417,8.0808,-0.00790544,3.90604,0.073672,0.287766,FRENET,0.598423,0.558775,0.598423,0,0.558775,0.392938,0
9.10987,7.50327,8.0806,-0.00710689,3.91391,0.101169,0.395967,FRENET,0.598423,0.558775,0.598423,0,0.558775,0.392938,0
9.11395,7.50327,8.0806,-0.00710689,3.91391,0.101169,0.395967,FRENET,0.598423,0.558775,0.598423,0,0.558775,0.392938,0
9.11888,7.54244,8.08044,-0.00592576,3.9214,0.117701,0.461552,FRENET,0.598423,0.558775,0.598423,0,0.558775,0.392938,0
9.12185,7.54244,8.08044,-0.00592576,3.9214,0.117701,0.461552,FRENET,0.598423,0.558775,0.598423,0,0.558775,0.392938,0
9.12607,7.54244,8.08044,-0.00592576,3.9214,0.117701,0.461552,FRENET,0.603933,0.558775,0.603933,0,0.558775,0.390362,0
9.13013,7.58169,8.08029,-0.00474639,3.92854,0.133886,0.525978,FRENET,0.603933,0.558775,0.603933,0,0.558775,0.390362,0
9.13397,7.58169,8.08029,-0.00474639,3.92854,0.133886,0.525978,FRENET,0.603933,0.558775,0.603933,0,0.558775,0.390362,0
9.13891,7.62101,8.08019,-0.00328262,3.93533,0.141864,0.558284,FRENET,0.603933,0.558775,0.603933,0,0.558775,0.390362,0
9.14209,7.62101,8.08019,-0.00328262,3.93533,0.141864,0.558284,FRENET,0.603933,0.558775,0.603933,0,0.558775,0.390362,0
9.14594,7.62101,8.08019,-0.00328262,3.93533,0.141864,0.558284,FRENET,0.603933,0.558775,0.603933,0,0.558775,0.390362,0
9.14985,7.6604,8.08009,-0.00220208,3.94181,0.0613389,0.241786,FRENET,0.603933,0.558775,0.603933,0,0.558775,0.390362,0
9.15388,7.6604,8.08009,-0.00220208,3.94181,0.0613389,0.241786,FRENET,0.603933,0.558775,0.603933,0,0.558775,0.390362,0
9.15855,7.69985,8.07995,-0.00197134,3.94798,0.00407401,0.0160841,FRENET,0.603933,0.558775,0.603933,0,0.558775,0.390362,0
9.16196,7.69985,8.07995,-0.00197134,3.94798,0.00407401,0.0160841,FRENET,0.603933,0.558775,0.603933,0,0.558775,0.390362,0
9.16591,7.69985,8.07995,-0.00197134,3.94798,0.00407401,0.0160841,FRENET,0.603933,0.558775,0.603933,0,0.558775,0.390362,0
9.16993,7.73935,8.07978,-0.00209547,3.95385,-0.0433035,-0.171215,FRENET,0.603933,0.558775,0.603933,0,0.558775,0.390362,0
9.17393,7.73935,8.07978,-0.00209547,3.95385,-0.0433035,-0.171215,FRENET,0.603933,0.558775,0.603933,0,0.558775,0.390362,0
9.17893,7.77892,8.07958,-0.00277822,3.95944,-0.0750702,-0.297236,FRENET,0.600451,0.557479,0.600451,0,0.557479,0.396287,0
9.18205,7.77892,8.07958,-0.00277822,3.95944,-0.0750702,-0.297236,FRENET,0.600451,0.557479,0.600451,0,0.557479,0.396287,0
9.18588,7.77892,8.07958,-0.00277822,3.95944,-0.0750702,-0.297236,FRENET,0.600451,0.557479,0.600451,0,0.557479,0.396287,0
9.18989,7.81854,8.07936,-0.00359173,3.96408,-0.103,-0.4083,FRENET,0.600451,0.557479,0.600451,0,0.557479,0.396287,0
9.19396,7.81854,8.07936,-0.00359173,3.96408,-0.103,-0.4083,FRENET,0.600451,0.557479,0.600451,0,0.557479,0.396287,0
9.19868,7.8582,8.0791,-0.00479407,3.9685,-0.119877,-0.475733,FRENET,0.600451,0.557479,0.600451,0,0.557479,0.396287,0
9.2019,7.8582,8.0791,-0.00479407,3.9685,-0.119877,-0.475733,FRENET,0.600451,0.557479,0.600451,0,0.557479,0.396287,0
9.20604,7.8582,8.0791,-0.00479407,3.9685,-0.119877,-0.475733,FRENET,0.600451,0.557479,0.600451,0,0.557479,0.396287,0
9.21023,7.8979,8.07882,-0.00599571,3.97271,-0.136376,-0.541783,FRENET,0.600451,0.557479,0.600451,0,0.557479,0.396287,0
9.21409,7.8979,8.07882,-0.00599571,3.97271,-0.136376,-0.541783,FRENET,0.600451,0.557479,0.600451,0,0.557479,0.396287,0
9.21887,7.93765,8.0785,-0.00748657,3.97672,-0.144578,-0.574944,FRENET,0.600451,0.557479,0.600451,0,0.557479,0.396287,0
9.22205,7.93765,8.0785,-0.00748657,3.97672,-0.144578,-0.574944,FRENET,0.600451,0.557479,0.600451,0,0.557479,0.396287,0
9.22596,7.93765,8.0785,-0.00748657,3.97672,-0.144578,-0.574944,FRENET,0.610134,0.557479,0.610134,0,0.557479,0.402552,0
9.23017,7.97744,8.07817,-0.00859041,3.98054,-0.0631093,-0.251209,FRENET,0.610134,0.557479,0.610134,0,0.557479,0.402552,0
9.23416,7.97744,8.07817,-0.00859041,3.98054,-0.0631093,-0.251209,FRENET,0.610134,0.557479,0.610134,0,0.557479,0.402552,0
9.23887,8.01728,8.07789,-0.0088395,3.98922,-0.00574975,-0.022937,FRENET,0.610134,0.557479,0.610134,0,0.557479,0.402552,0
9.24214,8.01728,8.07789,-0.0088395,3.98922,-0.00574975,-0.022937,FRENET,0.610134,0.557479,0.610134,0,0.557479,0.402552,0
9.24607,8.01728,8.07789,-0.0088395,3.98922,-0.00574975,-0.022937,FRENET,0.610134,0.557479,0.610134,0,0.557479,0.402552,0
9.24995,8.05722,8.07763,-0.0087306,3.9975,0.0417687,0.16697,FRENET,0.610134,0.557479,0.610134,0,0.557479,0.402552,0
9.25413,8.05722,8.07763,-0.0087306,3.9975,0.0417687,0.16697,FRENET,0.610134,0.557479,0.610134,0,0.557479,0.402552,0
9.25888,8.09723,8.0774,-0.00806245,4.00538,0.0738632,0.29585,FRENET,0.610134,0.557479,0.610134,0,0.557479,0.402552,0
9.26198,8.09723,8.0774,-0.00806245,4.00538,0.0738632,0.29585,FRENET,0.610134,0.557479,0.610134,0,0.557479,0.402552,0
9.26591,8.09723,8.0774,-0.00806245,4.00538,0.0738632,0.29585,FRENET,0.610134,0.557479,0.610134,0,0.557479,0.402552,0
9.27005,8.13732,8.07719,-0.00725929,4.01288,0.101923,0.409005,FRENET,0.610134,0.557479,0.610134,0,0.557479,0.402552,0
9.2741,8.13732,8.07719,-0.00725929,4.01288,0.101923,0.409005,FRENET,0.610134,0.557479,0.610134,0,0.557479,0.402552,0
9.27869,8.17748,8.07702,-0.00606734,4.02003,0.119079,0.4787,FRENET,0.611678,0.557479,0.611678,0,0.557479,0.396161,0
9.28209,8.17748,8.07702,-0.00606734,4.02003,0.119079,0.4787,FRENET,0.611678,0.557479,0.611678,0,0.557479,0.396161,0
9.28616,8.17748,8.07702,-0.00606734,4.02003,0.119079,0.4787,FRENET,0.611678,0.557479,0.611678,0,0.557479,0.396161,0
9.29014,8.21772,8.07686,-0.00487197,4.02684,0.135719,0.546518,FRENET,0.611678,0.557479,0.611678,0,0.557479,0.396161,0
9.29423,8.21772,8.07686,-0.00487197,4.02684,0.135719,0.546518,FRENET,0.611678,0.557479,0.611678,0,0.557479,0.396161,0
9.29885,8.25802,8.07676,-0.00338731,4.03333,0.144177,0.581511,FRENET,0.611678,0.557479,0.611678,0,0.557479,0.396161,0
9.3019,8.25802,8.07676,-0.00338731,4.03333,0.144177,0.581511,FRENET,0.611678,0.557479,0.611678,0,0.557479,0.396161,0
9.30606,8.25802,8.07676,-0.00338731,4.03333,0.144177,0.581511,FRENET,0.611678,0.557479,0.611678,0,0.557479,0.396161,0
9.31014,8.29838,8.07666,-0.00212942,4.03951,0.108935,0.440043,FRENET,0.611678,0.557479,0.611678,0,0.557479,0.396161,0
9.31414,8.29838,8.07666,-0.00212942,4.03951,0.108935,0.440043,FRENET,0.611678,0.557479,0.611678,0,0.557479,0.396161,0
9.31887,8.33881,8.07656,-0.00133568,4.04539,0.0364401,0.147414,FRENET,0.611678,0.557479,0.611678,0,0.557479,0.396161,0
9.32213,8.33881,8.07656,-0.00133568,4.04539,0.0364401,0.147414,FRENET,0.611678,0.557479,0.611678,0,0.557479,0.396161,0
9.32601,8.33881,8.07656,-0.00133568,4.04539,0.0364401,0.147414,FRENET,0.615935,0.557479,0.615935,0,0.557479,0.394959,0
9.33008,8.37929,8.07641,-0.00132375,4.05099,-0.0150614,-0.0610135,FRENET,0.615935,0.557479,0.615935,0,0.557479,0.394959,0
9.33398,8.37929,8.07641,-0.00132375,4.05099,-0.0150614,-0.0610135,FRENET,0.615935,0.557479,0.615935,0,0.557479,0.394959,0
9.33902,8.41983,8.07625,-0.00161652,4.05633,-0.0581653,-0.235938,FRENET,0.615935,0.557479,0.615935,0,0.557479,0.394959,0
9.34189,8.41983,8.07625,-0.00161652,4.05633,-0.0581653,-0.235938,FRENET,0.615935,0.557479,0.615935,0,0.557479,0.394959,0
9.34608,8.41983,8.07625,-0.00161652,4.05633,-0.0581653,-0.235938,FRENET,0.615935,0.557479,0.615935,0,0.557479,0.394959,0
9.35004,8.46041,8.07605,-0.0024322,4.06141,-0.0869232,-0.353031,FRENET,0.615935,0.557479,0.615935,0,0.557479,0.394959,0
9.35394,8.46041,8.07605,-0.0024322,4.06141,-0.0869232,-0.353031,FRENET,0.615935,0.557479,0.615935,0,0.557479,0.394959,0
9.35884,8.50105,8.07583,-0.00335186,4.06625,-0.112486,-0.457398,FRENET,0.615935,0.557479,0.615935,0,0.557479,0.394959,0
9.36201,8.50105,8.07583,-0.00335186,4.06625,-0.112486,-0.457398,FRENET,0.615935,0.557479,0.615935,0,0.557479,0.394959,0
9.36618,8.50105,8.07583,-0.00335186,4.06625,-0.112486,-0.457398,FRENET,0.615935,0.557479,0.615935,0,0.557479,0.394959,0
9.37012,8.54174,8.07557,-0.0046405,4.07087,-0.127758,-0.520086,FRENET,0.615935,0.557479,0.615935,0,0.557479,0.394959,0
9.37403,8.54174,8.07557,-0.0046405,4.07087,-0.127758,-0.520086,FRENET,0.615935,0.557479,0.615935,0,0.557479,0.394959,0
9.37885,8.58247,8.0753,-0.00591438,4.07526,-0.142994,-0.582738,FRENET,0.608459,0.555017,0.608459,0,0.555017,0.405023,0
9.38217,8.58247,8.0753,-0.00591438,4.07526,-0.142994,-0.582738,FRENET,0.608459,0.555017,0.608459,0,0.555017,0.405023,0
9.38623,8.58247,8.0753,-0.00591438,4.07526,-0.142994,-0.582738,FRENET,0.608459,0.555017,0.608459,0,0.555017,0.405023,0
9.39078,8.62324,8.07497,-0.00746772,4.07892,-0.150476,-0.613778,FRENET,0.608459,0.555017,0.608459,0,0.555017,0.405023,0
9.39437,8.62324,8.07497,-0.00746772,4.07892,-0.150476,-0.613778,FRENET,0.608459,0.555017,0.608459,0,0.555017,0.405023,0
9.39913,8.66404,8.07462,-0.00893755,4.08242,-0.159809,-0.652406,FRENET,0.608459,0.555017,0.608459,0,0.555017,0.405023,0
9.40225,8.66404,8.07462,-0.00893755,4.08242,-0.159809,-0.652406,FRENET,0.608459,0.555017,0.608459,0,0.555017,0.405023,0
9.40607,8.66404,8.07462,-0.00893755,4.08242,-0.159809,-0.652406,FRENET,0.608459,0.555017,0.608459,0,0.555017,0.405023,0
9.41013,8.70488,8.07422,-0.0106353,4.08574,-0.162725,-0.664854,FRENET,0.608459,0.555017,0.608459,0,0.555017,0.405023,0
9.4143,8.70488,8.07422,-0.0106353,4.08574,-0.162725,-0.664854,FRENET,0.608459,0.555017,0.608459,0,0.555017,0.405023,0
9.41909,8.74575,8.0738,-0.0118977,4.08891,-0.0767489,-0.313819,FRENET,0.608459,0.555017,0.608459,0,0.555017,0.405023,0
9.42213,8.74575,8.0738,-0.0118977,4.08891,-0.0767489,-0.313819,FRENET,0.608459,0.555017,0.608459,0,0.555017,0.405023,0
9.4261,8.74575,8.0738,-0.0118977,4.08891,-0.0767489,-0.313819,FRENET,0.618514,0.555017,0.618514,0,0.555017,0.390766,0
9.4302,8.78665,8.07343,-0.0122573,4.09193,-0.0148061,-0.0605854,FRENET,0.618514,0.555017,0.618514,0,0.555017,0.390766,0
9.43423,8.78665,8.07343,-0.0122573,4.09193,-0.0148061,-0.0605854,FRENET,0.618514,0.555017,0.618514,0,0.555017,0.390766,0
9.43904,8.82761,8.07307,-0.0122228,4.0991,0.0359181,0.147232,FRENET,0.618514,0.555017,0.618514,0,0.555017,0.390766,0
9.44213,8.82761,8.07307,-0.0122228,4.0991,0.0359181,0.147232,FRENET,0.618514,0.555017,0.618514,0,0.555017,0.390766,0
9.44608,8.82761,8.07307,-0.0122228,4.0991,0.0359181,0.147232,FRENET,0.618514,0.555017,0.618514,0,0.555017,0.390766,0
9.45004,8.86863,8.07274,-0.011599,4.10594,0.0706625,0.290136,FRENET,0.618514,0.555017,0.618514,0,0.555017,0.390766,0
9.45404,8.86863,8.07274,-0.011599,4.10594,0.0706625,0.290136,FRENET,0.618514,0.555017,0.618514,0,0.555017,0.390766,0
9.45884,8.90972,8.07242,-0.0108177,4.11245,0.100749,0.414324,FRENET,0.618514,0.555017,0.618514,0,0.555017,0.390766,0
9.46206,8.90972,8.07242,-0.0108177,4.11245,0.100749,0.414324,FRENET,0.618514,0.555017,0.618514,0,0.555017,0.390766,0
9.46589,8.90972,8.07242,-0.0108177,4.11245,0.100749,0.414324,FRENET,0.618514,0.555017,0.618514,0,0.555017,0.390766,0
9.46993,8.95088,8.07213,-0.00962855,4.11865,0.119559,0.492422,FRENET,0.618514,0.555017,0.618514,0,0.555017,0.390766,0
9.47394,8.95088,8.07213,-0.00962855,4.11865,0.119559,0.492422,FRENET,0.618514,0.555017,0.618514,0,0.555017,0.390766,0
9.47883,8.99209,8.07186,-0.00842245,4.12455,0.137397,0.566699,FRENET,0.6103,0.555017,0.6103,0,0.555017,0.393923,0
9.48191,8.99209,8.07186,-0.00842245,4.12455,0.137397,0.566699,FRENET,0.6103,0.555017,0.6103,0,0.555017,0.393923,0
9.48595,8.99209,8.07186,-0.00842245,4.12455,0.137397,0.566699,FRENET,0.6103,0.555017,0.6103,0,0.555017,0.393923,0
9.48999,9.03336,8.07163,-0.00691561,4.13018,0.146827,0.606419,FRENET,0.6103,0.555017,0.6103,0,0.555017,0.393923,0
9.49407,9.03336,8.07163,-0.00691561,4.13018,0.146827,0.606419,FRENET,0.6103,0.555017,0.6103,0,0.555017,0.393923,0
9.49876,9.07469,8.07142,-0.00547441,4.13553,0.157519,0.651424,FRENET,0.6103,0.555017,0.6103,0,0.555017,0.393923,0
9.50195,9.07469,8.07142,-0.00547441,4.13553,0.157519,0.651424,FRENET,0.6103,0.555017,0.6103,0,0.555017,0.393923,0
9.50599,9.07469,8.07142,-0.00547441,4.13553,0.157519,0.651424,FRENET,0.6103,0.555017,0.6103,0,0.555017,0.393923,0
9.50997,9.11607,8.07126,-0.00379452,4.14064,0.16153,0.668838,FRENET,0.6103,0.555017,0.6103,0,0.555017,0.393923,0
9.514,9.11607,8.07126,-0.00379452,4.14064,0.16153,0.668838,FRENET,0.6103,0.555017,0.6103,0,0.555017,0.393923,0
9.51868,9.1575,8.07113,-0.00222783,4.1455,0.168142,0.697032,FRENET,0.6103,0.555017,0.6103,0,0.555017,0.393923,0
9.52187,9.1575,8.07113,-0.00222783,4.1455,0.168142,0.697032,FRENET,0.6103,0.555017,0.6103,0,0.555017,0.393923,0
9.52596,9.1575,8.07113,-0.00222783,4.1455,0.168142,0.697032,FRENET,0.615755,0.555017,0.615755,0,0.555017,0.389997,0
9.52994,9.19898,8.07106,-0.000457558,4.15012,0.169098,0.701778,FRENET,0.615755,0.555017,0.615755,0,0.555017,0.389997,0
9.534,9.19898,8.07106,-0.000457558,4.15012,0.169098,0.701778,FRENET,0.615755,0.555017,0.615755,0,0.555017,0.389997,0
9.53901,9.2405,8.07099,0.000862249,4.15453,0.081939,0.340418,FRENET,0.615755,0.555017,0.615755,0,0.555017,0.389997,0
9.54209,9.2405,8.07099,0.000862249,4.15453,0.081939,0.340418,FRENET,0.615755,0.555017,0.615755,0,0.555017,0.389997,0
9.5459,9.2405,8.07099,0.000862249,4.15453,0.081939,0.340418,FRENET,0.615755,0.555017,0.615755,0,0.555017,0.389997,0
9.54995,9.28207,8.07089,0.00126779,4.15873,0.018715,0.0778308,FRENET,0.615755,0.555017,0.615755,0,0.555017,0.389997,0
9.55387,9.28207,8.07089,0.00126779,4.15873,0.018715,0.0778308,FRENET,0.615755,0.555017,0.615755,0,0.555017,0.389997,0
9.55876,9.32368,8.07078,0.00126547,4.16273,-0.0335818,-0.139792,FRENET,0.615755,0.555017,0.615755,0,0.555017,0.389997,0
9.56193,9.32368,8.07078,0.00126547,4.16273,-0.0335818,-0.139792,FRENET,0.615755,0.555017,0.615755,0,0.555017,0.389997,0
9.56591,9.32368,8.07078,0.00126547,4.16273,-0.0335818,-0.139792,FRENET,0.615755,0.555017,0.615755,0,0.555017,0.389997,0
9.56987,9.36532,8.07064,0.000657241,4.16654,-0.0696318,-0.290123,FRENET,0.615755,0.555017,0.615755,0,0.555017,0.389997,0
9.57395,9.36532,8.07064,0.000657241,4.16654,-0.0696318,-0.290123,FRENET,0.615755,0.555017,0.615755,0,0.555017,0.389997,0
9.57872,9.40701,8.0705,-0.000118338,4.17017,-0.100814,-0.420411,FRENET,0.605015,0.55386,0.605015,0,0.55386,0.390988,0
9.58193,9.40701,8.0705,-0.000118338,4.17017,-0.100814,-0.420411,FRENET,0.605015,0.55386,0.605015,0,0.55386,0.390988,0
9.58587,9.40701,8.0705,-0.000118338,4.17017,-0.100814,-0.420411,FRENET,0.605015,0.55386,0.605015,0,0.55386,0.390988,0
9.5899,9.44872,8.07031,-0.00131405,4.17327,-0.120545,-0.503065,FRENET,0.605015,0.55386,0.605015,0,0.55386,0.390988,0
9.59377,9.44872,8.07031,-0.00131405,4.17327,-0.120545,-0.503065,FRENET,0.605015,0.55386,0.605015,0,0.55386,0.390988,0
9.59876,9.49047,8.07012,-0.00253283,4.17622,-0.139143,-0.581093,FRENET,0.605015,0.55386,0.605015,0,0.55386,0.390988,0
9.602,9.49047,8.07012,-0.00253283,4.17622,-0.139143,-0.581093,FRENET,0.605015,0.55386,0.605015,0,0.55386,0.390988,0
9.60597,9.49047,8.07012,-0.00253283,4.17622,-0.139143,-0.581093,FRENET,0.605015,0.55386,0.605015,0,0.55386,0.390988,0
9.60999,9.53225,8.06988,-0.00406119,4.17903,-0.149154,-0.62332,FRENET,0.605015,0.55386,0.605015,0,0.55386,0.390988,0
9.61393,9.53225,8.06988,-0.00406119,4.17903,-0.149154,-0.62332,FRENET,0.605015,0.55386,0.605015,0,0.55386,0.390988,0
9.61889,9.57405,8.06963,-0.00552708,4.1817,-0.160313,-0.670379,FRENET,0.605015,0.55386,0.605015,0,0.55386,0.390988,0
9.6221,9.57405,8.06963,-0.00552708,4.1817,-0.160313,-0.670379,FRENET,0.605015,0.55386,0.605015,0,0.55386,0.390988,0
9.62596,9.57405,8.06963,-0.00552708,4.1817,-0.160313,-0.670379,FRENET,0.616939,0.55386,0.616939,0,0.55386,0.38994,0
9.63,9.61588,8.06932,-0.00723758,4.18425,-0.164653,-0.68895,FRENET,0.616939,0.55386,0.616939,0,0.55386,0.38994,0
9.63433,9.61588,8.06932,-0.00723758,4.18425,-0.164653,-0.68895,FRENET,0.616939,0.55386,0.616939,0,0.55386,0.38994,0
9.63886,9.65773,8.06901,-0.00852254,4.18668,-0.0791597,-0.331416,FRENET,0.616939,0.55386,0.616939,0,0.55386,0.38994,0
9.64205,9.65773,8.06901,-0.00852254,4.18668,-0.0791597,-0.331416,FRENET,0.616939,0.55386,0.616939,0,0.55386,0.38994,0
9.64608,9.65773,8.06901,-0.00852254,4.18668,-0.0791597,-0.331416,FRENET,0.616939,0.55386,0.616939,0,0.55386,0.38994,0
9.65006,9.69963,8.06875,-0.00890928,4.19264,-0.0174868,-0.0733158,FRENET,0.616939,0.55386,0.616939,0,0.55386,0.38994,0
9.6541,9.69963,8.06875,-0.00890928,4.19264,-0.0174868,-0.0733158,FRENET,0.616939,0.55386,0.616939,0,0.55386,0.38994,0
9.65891,9.74158,8.0685,-0.00889969,4.19832,0.0337614,0.141741,FRENET,0.616939,0.55386,0.616939,0,0.55386,0.38994,0
9.66227,9.74158,8.0685,-0.00889969,4.19832,0.0337614,0.141741,FRENET,0.616939,0.55386,0.616939,0,0.55386,0.38994,0
9.66624,9.74158,8.0685,-0.00889969,4.19832,0.0337614,0.141741,FRENET,0.616939,0.55386,0.616939,0,0.55386,0.38994,0
9.67006,9.78359,8.06828,-0.00829336,4.20373,0.0692445,0.291085,FRENET,0.616939,0.55386,0.616939,0,0.55386,0.38994,0
9.67407,9.78359,8.06828,-0.00829336,4.20373,0.0692445,0.291085,FRENET,0.616939,0.55386,0.616939,0,0.55386,0.38994,0
9.6789,9.82565,8.06807,-0.00752312,4.20888,0.100053,0.421113,FRENET,0.624373,0.55386,0.624373,0,0.55386,0.388087,0
9.68193,9.82565,8.06807,-0.00752312,4.20888,0.100053,0.421113,FRENET,0.624373,0.55386,0.624373,0,0.55386,0.388087,0
9.6861,9.82565,8.06807,-0.00752312,4.20888,0.100053,0.421113,FRENET,0.624373,0.55386,0.624373,0,0.55386,0.388087,0
9.69009,9.86777,8.0679,-0.00633656,4.21379,0.119636,0.504121,FRENET,0.624373,0.55386,0.624373,0,0.55386,0.388087,0
9.69406,9.86777,8.0679,-0.00633656,4.21379,0.119636,0.504121,FRENET,0.624373,0.55386,0.624373,0,0.55386,0.388087,0
9.6989,9.90993,8.06775,-0.00512684,4.21846,0.138125,0.582676,FRENET,0.624373,0.55386,0.624373,0,0.55386,0.388087,0
9.70202,9.90993,8.06775,-0.00512684,4.21846,0.138125,0.582676,FRENET,0.624373,0.55386,0.624373,0,0.55386,0.388087,0
9.70602,9.90993,8.06775,-0.00512684,4.21846,0.138125,0.582676,FRENET,0.624373,0.55386,0.624373,0,0.55386,0.388087,0
9.71016,9.95213,8.06764,-0.00360902,4.22292,0.148197,0.625824,FRENET,0.624373,0.55386,0.624373,0,0.55386,0.388087,0
9.71414,9.95213,8.06764,-0.00360902,4.22292,0.148197,0.625824,FRENET,0.624373,0.55386,0.624373,0,0.55386,0.388087,0
9.71894,9.99438,8.06755,-0.00215199,4.22716,0.159381,0.673727,FRENET,0.624373,0.55386,0.624373,0,0.55386,0.388087,0
9.72203,9.99438,8.06755,-0.00215199,4.22716,0.159381,0.673727,FRENET,0.624373,0.55386,0.624373,0,0.55386,0.388087,0
9.72607,9.99438,8.06755,-0.00215199,4.22716,0.159381,0.673727,FRENET,0.621455,0.55386,0.621455,0,0.55386,0.393749,0
9.73021,10.0367,8.06752,-0.000450664,4.23119,0.163865,0.693344,FRENET,0.621455,0.55386,0.621455,0,0.55386,0.393749,0
9.7342,10.0367,8.06752,-0.000450664,4.23119,0.163865,0.693344,FRENET,0.621455,0.55386,0.621455,0,0.55386,0.393749,0
9.73887,10.079,8.06749,0.000829015,4.23504,0.0789284,0.334265,FRENET,0.621455,0.55386,0.621455,0,0.55386,0.393749,0
9.74225,10.079,8.06749,0.000829015,4.23504,0.0789284,0.334265,FRENET,0.621455,0.55386,0.621455,0,0.55386,0.393749,0
9.74619,10.079,8.06749,0.000829015,4.23504,0.0789284,0.334265,FRENET,0.621455,0.55386,0.621455,0,0.55386,0.393749,0
9.74999,10.1214,8.06742,0.00121123,4.2387,0.0169765,0.0719584,FRENET,0.621455,0.55386,0.621455,0,0.55386,0.393749,0
9.75405,10.1214,8.06742,0.00121123,4.2387,0.0169765,0.0719584,FRENET,0.621455,0.55386,0.621455,0,0.55386,0.393749,0
9.75887,10.1638,8.06733,0.00119582,4.24219,-0.0345811,-0.1467,FRENET,0.621455,0.55386,0.621455,0,0.55386,0.393749,0
9.76202,10.1638,8.06733,0.00119582,4.24219,-0.0345811,-0.1467,FRENET,0.621455,0.55386,0.621455,0,0.55386,0.393749,0
9.76605,10.1638,8.06733,0.00119582,4.24219,-0.0345811,-0.1467,FRENET,0.621455,0.55386,0.621455,0,0.55386,0.393749,0
9.77013,10.2062,8.06722,0.00057904,4.24552,-0.0703608,-0.298718,FRENET,0.621455,0.55386,0.621455,0,0.55386,0.393749,0
9.77414,10.2062,8.06722,0.00057904,4.24552,-0.0703608,-0.298718,FRENET,0.621455,0.55386,0.621455,0,0.55386,0.393749,0
9.77892,10.2487,8.06709,-0.000203077,4.24868,-0.10146,-0.43107,FRENET,0.600043,0.551117,0.600043,0,0.551117,0.393544,0
9.78206,10.2487,8.06709,-0.000203077,4.24868,-0.10146,-0.43107,FRENET,0.600043,0.551117,0.600043,0,0.551117,0.393544,0
9.78611,10.2487,8.06709,-0.000203077,4.24868,-0.10146,-0.43107,FRENET,0.600043,0.551117,0.600043,0,0.551117,0.393544,0
9.79012,10.2912,8.06692,-0.0014058,4.25158,-0.121308,-0.515752,FRENET,0.600043,0.551117,0.600043,0,0.551117,0.393544,0
9.79392,10.2912,8.06692,-0.0014058,4.25158,-0.121308,-0.515752,FRENET,0.600043,0.551117,0.600043,0,0.551117,0.393544,0
9.79883,10.3337,8.06674,-0.00263276,4.25434,-0.140039,-0.595774,FRENET,0.600043,0.551117,0.600043,0,0.551117,0.393544,0
9.80198,10.3337,8.06674,-0.00263276,4.25434,-0.140039,-0.595774,FRENET,0.600043,0.551117,0.600043,0,0.551117,0.393544,0
9.80592,10.3337,8.06674,-0.00263276,4.25434,-0.140039,-0.595774,FRENET,0.600043,0.551117,0.600043,0,0.551117,0.393544,0
9.81008,10.3763,8.06652,-0.00417137,4.25697,-0.150301,-0.639827,FRENET,0.600043,0.551117,0.600043,0,0.551117,0.393544,0
9.81394,10.3763,8.06652,-0.00417137,4.25697,-0.150301,-0.639827,FRENET,0.600043,0.551117,0.600043,0,0.551117,0.393544,0
9.81876,10.4189,8.06627,-0.00564961,4.25948,-0.161646,-0.688527,FRENET,0.600043,0.551117,0.600043,0,0.551117,0.393544,0
9.82198,10.4189,8.06627,-0.00564961,4.25948,-0.161646,-0.688527,FRENET,0.600043,0.551117,0.600043,0,0.551117,0.393544,0
9.82595,10.4189,8.06627,-0.00564961,4.25948,-0.161646,-0.688527,FRENET,0.627948,0.551117,0.627948,0,0.551117,0.39896,0
9.82999,10.4615,8.06597,-0.00737477,4.26186,-0.166242,-0.708501,FRENET,0.627948,0.551117,0.627948,0,0.551117,0.39896,0
9.83407,10.4615,8.06597,-0.00737477,4.26186,-0.166242,-0.708501,FRENET,0.627948,0.551117,0.627948,0,0.551117,0.39896,0
9.83884,10.5041,8.06567,-0.00867732,4.2672,-0.0812038,-0.346513,FRENET,0.627948,0.551117,0.627948,0,0.551117,0.39896,0
9.84214,10.5041,8.06567,-0.00867732,4.2672,-0.0812038,-0.346513,FRENET,0.627948,0.551117,0.627948,0,0.551117,0.39896,0
9.84607,10.5041,8.06567,-0.00867732,4.2672,-0.0812038,-0.346513,FRENET,0.627948,0.551117,0.627948,0,0.551117,0.39896,0
9.85015,10.5468,8.0654,-0.00908131,4.27229,-0.0189345,-0.0808938,FRENET,0.627948,0.551117,0.627948,0,0.551117,0.39896,0
9.85405,10.5468,8.0654,-0.00908131,4.27229,-0.0189345,-0.0808938,FRENET,0.627948,0.551117,0.627948,0,0.551117,0.39896,0
9.85926,10.5896,8.06515,-0.00908344,4.27713,0.0329333,0.14086,FRENET,0.627948,0.551117,0.627948,0,0.551117,0.39896,0
9.86187,10.5896,8.06515,-0.00908344,4.27713,0.0329333,0.14086,FRENET,0.627948,0.551117,0.627948,0,0.551117,0.39896,0
9.86597,10.5896,8.06515,-0.00908344,4.27713,0.0329333,0.14086,FRENET,0.627948,0.551117,0.627948,0,0.551117,0.39896,0
9.87018,10.6323,8.06493,-0.00848166,4.28175,0.0691039,0.295885,FRENET,0.627948,0.551117,0.627948,0,0.551117,0.39896,0
9.87448,10.6323,8.06493,-0.00848166,4.28175,0.0691039,0.295885,FRENET,0.627948,0.551117,0.627948,0,0.551117,0.39896,0
9.87942,10.6752,8.06472,-0.0077101,4.28614,0.100507,0.430786,FRENET,0.624088,0.551117,0.624088,0,0.551117,0.388001,0
9.88274,10.6752,8.06472,-0.0077101,4.28614,0.100507,0.430786,FRENET,0.624088,0.551117,0.624088,0,0.551117,0.388001,0
9.88605,10.6752,8.06472,-0.0077101,4.28614,0.100507,0.430786,FRENET,0.624088,0.551117,0.624088,0,0.551117,0.388001,0
9.89019,10.7181,8.06455,-0.00651573,4.29032,0.120681,0.517761,FRENET,0.624088,0.551117,0.624088,0,0.551117,0.388001,0
9.89415,10.7181,8.06455,-0.00651573,4.29032,0.120681,0.517761,FRENET,0.624088,0.551117,0.624088,0,0.551117,0.388001,0
9.89905,10.761,8.06439,-0.00529345,4.29431,0.13963,0.599615,FRENET,0.624088,0.551117,0.624088,0,0.551117,0.388001,0
9.90229,10.761,8.06439,-0.00529345,4.29431,0.13963,0.599615,FRENET,0.624088,0.551117,0.624088,0,0.551117,0.388001,0
9.90604,10.761,8.06439,-0.00529345,4.29431,0.13963,0.599615,FRENET,0.624088,0.551117,0.624088,0,0.551117,0.388001,0
9.9101,10.804,8.06428,-0.00375808,4.29811,0.150144,0.645333,FRENET,0.624088,0.551117,0.624088,0,0.551117,0.388001,0
9.91403,10.804,8.06428,-0.00375808,4.29811,0.150144,0.645333,FRENET,0.624088,0.551117,0.624088,0,0.551117,0.388001,0
9.91896,10.8469,8.06419,-0.00228022,4.30172,0.161635,0.695307,FRENET,0.624088,0.551117,0.624088,0,0.551117,0.388001,0
9.92203,10.8469,8.06419,-0.00228022,4.30172,0.161635,0.695307,FRENET,0.624088,0.551117,0.624088,0,0.551117,0.388001,0
9.92604,10.8469,8.06419,-0.00228022,4.30172,0.161635,0.695307,FRENET,0.623476,0.551117,0.623476,0,0.551117,0.391554,0
9.93014,10.89,8.06415,-0.000554609,4.30517,0.166415,0.716445,FRENET,0.623476,0.551117,0.623476,0,0.551117,0.391554,0
9.93418,10.89,8.06415,-0.000554609,4.30517,0.166415,0.716445,FRENET,0.623476,0.551117,0.623476,0,0.551117,0.391554,0
9.9392,10.9331,8.06411,0.000750147,4.30845,0.0812993,0.350273,FRENET,0.623476,0.551117,0.623476,0,0.551117,0.391554,0
9.9421,10.9331,8.06411,0.000750147,4.30845,0.0812993,0.350273,FRENET,0.623476,0.551117,0.623476,0,0.551117,0.391554,0
9.94652,10.9331,8.06411,0.000750147,4.30845,0.0812993,0.350273,FRENET,0.623476,0.551117,0.623476,0,0.551117,0.391554,0
9.95069,10.9762,8.06404,0.00115366,4.31157,0.0188755,0.0813829,FRENET,0.623476,0.551117,0.623476,0,0.551117,0.391554,0
9.95395,10.9762,8.06404,0.00115366,4.31157,0.0188755,0.0813829,FRENET,0.623476,0.551117,0.623476,0,0.551117,0.391554,0
9.95889,11.0193,8.06395,0.00115485,4.31455,-0.0332115,-0.143293,FRENET,0.623476,0.551117,0.623476,0,0.551117,0.391554,0
9.96215,11.0193,8.06395,0.00115485,4.31455,-0.0332115,-0.143293,FRENET,0.623476,0.551117,0.623476,0,0.551117,0.391554,0
9.96604,11.0193,8.06395,0.00115485,4.31455,-0.0332115,-0.143293,FRENET,0.623476,0.551117,0.623476,0,0.551117,0.391554,0
9.97011,11.0624,8.06383,0.000548462,4.31738,-0.0696184,-0.300569,FRENET,0.623476,0.551117,0.623476,0,0.551117,0.391554,0
9.97412,11.0624,8.06383,0.000548462,4.31738,-0.0696184,-0.300569,FRENET,0.623476,0.551117,0.623476,0,0.551117,0.391554,0
9.97902,11.1056,8.0637,-0.000228864,4.32008,-0.101274,-0.43751,FRENET,0.613848,0.551117,0.613848,0,0.551117,0.386239,0
9.98219,11.1056,8.0637,-0.000228864,4.32008,-0.101274,-0.43751,FRENET,0.613848,0.551117,0.613848,0,0.551117,0.386239,0
9.9862,11.1056,8.0637,-0.000228864,4.32008,-0.101274,-0.43751,FRENET,0.613848,0.551117,0.613848,0,0.551117,0.386239,0
9.99065,11.1488,8.06352,-0.00143268,4.32265,-0.121682,-0.525988,FRENET,0.613848,0.551117,0.613848,0,0.551117,0.386239,0
9.99414,11.1488,8.06352,-0.00143268,4.32265,-0.121682,-0.525988,FRENET,0.613848,0.551117,0.613848,0,0.551117,0.386239,0
9.99897,11.1921,8.06334,-0.00266552,4.3251,-0.140854,-0.609209,FRENET,0.613848,0.551117,0.613848,0,0.551117,0.386239,0
10.0021,11.1921,8.06334,-0.00266552,4.3251,-0.140854,-0.609209,FRENET,0.613848,0.551117,0.613848,0,0.551117,0.386239,0
10.0061,11.1921,8.06334,-0.00266552,4.3251,-0.140854,-0.609209,FRENET,0.613848,0.551117,0.613848,0,0.551117,0.386239,0
10.0102,11.2353,8.06311,-0.00421464,4.32743,-0.151557,-0.655853,FRENET,0.613848,0.551117,0.613848,0,0.551117,0.386239,0
10.0142,11.2353,8.06311,-0.00421464,4.32743,-0.151557,-0.655853,FRENET,0.613848,0.551117,0.613848,0,0.551117,0.386239,0
10.019,11.2786,8.06286,-0.00570696,4.32965,-0.163216,-0.706668,FRENET,0.613848,0.551117,0.613848,0,0.551117,0.386239,0
10.0221,11.2786,8.06286,-0.00570696,4.32965,-0.163216,-0.706668,FRENET,0.613848,0.551117,0.613848,0,0.551117,0.386239,0
10.0261,11.2786,8.06286,-0.00570696,4.32965,-0.163216,-0.706668,FRENET,0.630381,0.549381,0.630381,0,0.549381,0.389529,0
10.0302,11.3219,8.06255,-0.00744954,4.33177,-0.168126,-0.728284,FRENET,0.630381,0.549381,0.630381,0,0.549381,0.389529,0
10.0339,11.3219,8.06255,-0.00744954,4.33177,-0.168126,-0.728284,FRENET,0.630381,0.549381,0.630381,0,0.549381,0.389529,0
10.0387,11.3653,8.06222,-0.00908228,4.33607,-0.174793,-0.757912,FRENET,0.630381,0.549381,0.630381,0,0.549381,0.389529,0
10.042,11.3653,8.06222,-0.00908228,4.33607,-0.174793,-0.757912,FRENET,0.630381,0.549381,0.630381,0,0.549381,0.389529,0
10.046,11.3653,8.06222,-0.00908228,4.33607,-0.174793,-0.757912,FRENET,0.630381,0.549381,0.630381,0,0.549381,0.389529,0
10.0502,11.4087,8.06182,-0.0109203,4.34016,-0.175952,-0.763658,FRENET,0.630381,0.549381,0.630381,0,0.549381,0.389529,0
10.0541,11.4087,8.06182,-0.0109203,4.34016,-0.175952,-0.763658,FRENET,0.630381,0.549381,0.630381,0,0.549381,0.389529,0
10.0587,11.4521,8.06142,-0.0123068,4.34406,-0.0882499,-0.383363,FRENET,0.630381,0.549381,0.630381,0,0.549381,0.389529,0
10.0619,11.4521,8.06142,-0.0123068,4.34406,-0.0882499,-0.383363,FRENET,0.630381,0.549381,0.630381,0,0.549381,0.389529,0
10.066,11.4521,8.06142,-0.0123068,4.34406,-0.0882499,-0.383363,FRENET,0.630381,0.549381,0.630381,0,0.549381,0.389529,0
10.0701,11.4955,8.06105,-0.012769,4.34778,-0.0236944,-0.103018,FRENET,0.630381,0.549381,0.630381,0,0.549381,0.389529,0
10.074,11.4955,8.06105,-0.012769,4.34778,-0.0236944,-0.103018,FRENET,0.630381,0.549381,0.630381,0,0.549381,0.389529,0
10.0789,11.539,8.06068,-0.0128096,4.35132,0.0300455,0.130737,FRENET,0.625024,0.549381,0.625024,0,0.549381,0.396593,0
10.0821,11.539,8.06068,-0.0128096,4.35132,0.0300455,0.130737,FRENET,0.625024,0.549381,0.625024,0,0.549381,0.396593,0
10.0861,11.539,8.06068,-0.0128096,4.35132,0.0300455,0.130737,FRENET,0.625024,0.549381,0.625024,0,0.549381,0.396593,0
10.0901,11.5825,8.06034,-0.0122281,4.35469,0.0677956,0.295229,FRENET,0.625024,0.549381,0.625024,0,0.549381,0.396593,0
10.094,11.5825,8.06034,-0.0122281,4.35469,0.0677956,0.295229,FRENET,0.625024,0.549381,0.625024,0,0.549381,0.396593,0
10.0989,11.6261,8.06,-0.0114636,4.3579,0.100447,0.437737,FRENET,0.625024,0.549381,0.625024,0,0.549381,0.396593,0
10.1021,11.6261,8.06,-0.0114636,4.3579,0.100447,0.437737,FRENET,0.625024,0.549381,0.625024,0,0.549381,0.396593,0
10.1061,11.6261,8.06,-0.0114636,4.3579,0.100447,0.437737,FRENET,0.625024,0.549381,0.625024,0,0.549381,0.396593,0
10.1101,11.6697,8.0597,-0.010264,4.36095,0.121658,0.530544,FRENET,0.625024,0.549381,0.625024,0,0.549381,0.396593,0
10.114,11.6697,8.0597,-0.010264,4.36095,0.121658,0.530544,FRENET,0.625024,0.549381,0.625024,0,0.549381,0.396593,0
10.1188,11.7133,8.05941,-0.00902829,4.36386,0.141387,0.616995,FRENET,0.625024,0.549381,0.625024,0,0.549381,0.396593,0
10.1221,11.7133,8.05941,-0.00902829,4.36386,0.141387,0.616995,FRENET,0.625024,0.549381,0.625024,0,0.549381,0.396593,0
10.126,11.7133,8.05941,-0.00902829,4.36386,0.141387,0.616995,FRENET,0.619023,0.549381,0.619023,0,0.549381,0.385499,0
10.1301,11.757,8.05916,-0.00747164,4.36664,0.15254,0.666086,FRENET,0.619023,0.549381,0.619023,0,0.549381,0.385499,0
10.1341,11.757,8.05916,-0.00747164,4.36664,0.15254,0.666086,FRENET,0.619023,0.549381,0.619023,0,0.549381,0.385499,0
10.1389,11.8007,8.05893,-0.00596785,4.36928,0.164476,0.71864,FRENET,0.619023,0.549381,0.619023,0,0.549381,0.385499,0
10.1419,11.8007,8.05893,-0.00596785,4.36928,0.164476,0.71864,FRENET,0.619023,0.549381,0.619023,0,0.549381,0.385499,0
10.1461,11.8007,8.05893,-0.00596785,4.36928,0.164476,0.71864,FRENET,0.619023,0.549381,0.619023,0,0.549381,0.385499,0
10.1502,11.8444,8.05874,-0.00421161,4.3718,0.169616,0.741526,FRENET,0.619023,0.549381,0.619023,0,0.549381,0.385499,0
10.1542,11.8444,8.05874,-0.00421161,4.3718,0.169616,0.741526,FRENET,0.619023,0.549381,0.619023,0,0.549381,0.385499,0
10.159,11.8881,8.05859,-0.00256123,4.37419,0.176942,0.773976,FRENET,0.619023,0.549381,0.619023,0,0.549381,0.385499,0
10.1621,11.8881,8.05859,-0.00256123,4.37419,0.176942,0.773976,FRENET,0.619023,0.549381,0.619023,0,0.549381,0.385499,0
10.1661,11.8881,8.05859,-0.00256123,4.37419,0.176942,0.773976,FRENET,0.619023,0.549381,0.619023,0,0.549381,0.385499,0
10.1701,11.9318,8.05849,-0.000698624,4.37647,0.178567,0.781492,FRENET,0.619023,0.549381,0.619023,0,0.549381,0.385499,0
10.1741,11.9318,8.05849,-0.000698624,4.37647,0.178567,0.781492,FRENET,0.619023,0.549381,0.619023,0,0.549381,0.385499,0
10.1789,11.9756,8.05842,0.000869922,4.37865,0.136837,0.599163,FRENET,0.630558,0.549381,0.630558,0,0.549381,0.393465,0
10.1822,11.9756,8.05842,0.000869922,4.37865,0.136837,0.599163,FRENET,0.630558,0.549381,0.630558,0,0.549381,0.393465,0
10.1861,11.9756,8.05842,0.000869922,4.37865,0.136837,0.599163,FRENET,0.630558,0.549381,0.630558,0,0.549381,0.393465,0
10.1902,12.0194,8.05834,0.00191075,4.38072,0.0577363,0.252926,FRENET,0.630558,0.549381,0.630558,0,0.549381,0.393465,0
10.194,12.0194,8.05834,0.00191075,4.38072,0.0577363,0.252926,FRENET,0.630558,0.549381,0.630558,0,0.549381,0.393465,0
10.1989,12.0632,8.05824,0.00210218,4.38269,-9.8318e-05,-0.000430897,FRENET,0.630558,0.549381,0.630558,0,0.549381,0.393465,0
10.202,12.0632,8.05824,0.00210218,4.38269,-9.8318e-05,-0.000430897,FRENET,0.630558,0.549381,0.630558,0,0.549381,0.393465,0
10.206,12.0632,8.05824,0.00210218,4.38269,-9.8318e-05,-0.000430897,FRENET,0.630558,0.549381,0.630558,0,0.549381,0.393465,0
10.2098,12.1071,8.05813,0.00193264,4.38457,-0.0486244,-0.213197,FRENET,0.630558,0.549381,0.630558,0,0.549381,0.393465,0
10.214,12.1071,8.05813,0.00193264,4.38457,-0.0486244,-0.213197,FRENET,0.630558,0.549381,0.630558,0,0.549381,0.393465,0
10.2187,12.1509,8.05799,0.00118584,4.38636,-0.0823324,-0.361139,FRENET,0.630558,0.549381,0.630558,0,0.549381,0.393465,0
10.2219,12.1509,8.05799,0.00118584,4.38636,-0.0823324,-0.361139,FRENET,0.630558,0.549381,0.630558,0,0.549381,0.393465,0
10.226,12.1509,8.05799,0.00118584,4.38636,-0.0823324,-0.361139,FRENET,0.634543,0.547576,0.634543,0,0.547576,0.385908,0
10.23,12.1948,8.05785,0.000293191,4.39068,-0.111599,-0.489995,FRENET,0.634543,0.547576,0.634543,0,0.547576,0.385908,0
10.234,12.1948,8.05785,0.000293191,4.39068,-0.111599,-0.489995,FRENET,0.634543,0.547576,0.634543,0,0.547576,0.385908,0
10.2388,12.2387,8.05767,-0.00100251,4.39654,-0.130059,-0.57181,FRENET,0.634543,0.547576,0.634543,0,0.547576,0.385908,0
10.242,12.2387,8.05767,-0.00100251,4.39654,-0.130059,-0.57181,FRENET,0.634543,0.547576,0.634543,0,0.547576,0.385908,0
10.2461,12.2387,8.05767,-0.00100251,4.39654,-0.130059,-0.57181,FRENET,0.634543,0.547576,0.634543,0,0.547576,0.385908,0
10.2501,12.2827,8.05748,-0.00231163,4.40212,-0.147556,-0.64956,FRENET,0.634543,0.547576,0.634543,0,0.547576,0.385908,0
10.2539,12.2827,8.05748,-0.00231163,4.40212,-0.147556,-0.64956,FRENET,0.634543,0.547576,0.634543,0,0.547576,0.385908,0
10.2587,12.3268,8.05725,-0.00392046,4.40744,-0.157066,-0.69226,FRENET,0.634543,0.547576,0.634543,0,0.547576,0.385908,0
10.262,12.3268,8.05725,-0.00392046,4.40744,-0.157066,-0.69226,FRENET,0.634543,0.547576,0.634543,0,0.547576,0.385908,0
10.266,12.3268,8.05725,-0.00392046,4.40744,-0.157066,-0.69226,FRENET,0.634543,0.547576,0.634543,0,0.547576,0.385908,0
10.2701,12.3709,8.05699,-0.00546146,4.41553,-0.167051,-0.737621,FRENET,0.634543,0.547576,0.634543,0,0.547576,0.385908,0
10.2741,12.3709,8.05699,-0.00546146,4.41553,-0.167051,-0.737621,FRENET,0.634543,0.547576,0.634543,0,0.547576,0.385908,0
10.2789,12.4151,8.05669,-0.00723448,4.42324,-0.170837,-0.755654,FRENET,0.632115,0.547576,0.632115,0,0.547576,0.388284,0
10.282,12.4151,8.05669,-0.00723448,4.42324,-0.170837,-0.755654,FRENET,0.632115,0.547576,0.632115,0,0.547576,0.388284,0
10.286,12.4151,8.05669,-0.00723448,4.42324,-0.170837,-0.755654,FRENET,0.632115,0.547576,0.632115,0,0.547576,0.388284,0
10.2901,12.4594,8.05635,-0.00889277,4.43058,-0.176974,-0.784095,FRENET,0.632115,0.547576,0.632115,0,0.547576,0.388284,0
10.2939,12.4594,8.05635,-0.00889277,4.43058,-0.176974,-0.784095,FRENET,0.632115,0.547576,0.632115,0,0.547576,0.388284,0
10.2988,12.5037,8.05596,-0.0107501,4.43757,-0.177858,-0.789259,FRENET,0.632115,0.547576,0.632115,0,0.547576,0.388284,0
10.3021,12.5037,8.05596,-0.0107501,4.43757,-0.177858,-0.789259,FRENET,0.632115,0.547576,0.632115,0,0.547576,0.388284,0
10.306,12.5037,8.05596,-0.0107501,4.43757,-0.177858,-0.789259,FRENET,0.632115,0.547576,0.632115,0,0.547576,0.388284,0
10.3099,12.5481,8.05552,-0.012467,4.44423,-0.181836,-0.808122,FRENET,0.632115,0.547576,0.632115,0,0.547576,0.388284,0
10.314,12.5481,8.05552,-0.012467,4.44423,-0.181836,-0.808122,FRENET,0.632115,0.547576,0.632115,0,0.547576,0.388284,0
10.3189,12.5926,8.05502,-0.0143648,4.45058,-0.181127,-0.806121,FRENET,0.632115,0.547576,0.632115,0,0.547576,0.388284,0
10.322,12.5926,8.05502,-0.0143648,4.45058,-0.181127,-0.806121,FRENET,0.632115,0.547576,0.632115,0,0.547576,0.388284,0
10.326,12.5926,8.05502,-0.0143648,4.45058,-0.181127,-0.806121,FRENET,0.632159,0.547576,0.632159,0,0.547576,0.385909,0
10.33,12.6371,8.05448,-0.0161081,4.45662,-0.183951,-0.819799,FRENET,0.632159,0.547576,0.632159,0,0.547576,0.385909,0
10.3341,12.6371,8.05448,-0.0161081,4.45662,-0.183951,-0.819799,FRENET,0.632159,0.547576,0.632159,0,0.547576,0.385909,0
10.3389,12.6817,8.05386,-0.0180229,4.46237,-0.182416,-0.814007,FRENET,0.632159,0.547576,0.632159,0,0.547576,0.385909,0
10.342,12.6817,8.05386,-0.0180229,4.46237,-0.182416,-0.814007,FRENET,0.632159,0.547576,0.632159,0,0.547576,0.385909,0
10.3459,12.6817,8.05386,-0.0180229,4.46237,-0.182416,-0.814007,FRENET,0.632159,0.547576,0.632159,0,0.547576,0.385909,0
10.3501,12.7263,8.05322,-0.0194653,4.46785,-0.093065,-0.415801,FRENET,0.632159,0.547576,0.632159,0,0.547576,0.385909,0
10.3539,12.7263,8.05322,-0.0194653,4.46785,-0.093065,-0.415801,FRENET,0.632159,0.547576,0.632159,0,0.547576,0.385909,0
10.3589,12.771,8.0526,-0.0199671,4.47307,-0.0267102,-0.119477,FRENET,0.632159,0.547576,0.632159,0,0.547576,0.385909,0
10.362,12.771,8.0526,-0.0199671,4.47307,-0.0267102,-0.119477,FRENET,0.632159,0.547576,0.632159,0,0.547576,0.385909,0
10.366,12.771,8.0526,-0.0199671,4.47307,-0.0267102,-0.119477,FRENET,0.632159,0.547576,0.632159,0,0.547576,0.385909,0
10.37,12.8158,8.05198,-0.0200296,4.47805,0.0285539,0.127866,FRENET,0.632159,0.547576,0.632159,0,0.547576,0.385909,0
10.3741,12.8158,8.05198,-0.0200296,4.47805,0.0285539,0.127866,FRENET,0.632159,0.547576,0.632159,0,0.547576,0.385909,0
10.379,12.8606,8.05137,-0.0194559,4.48278,0.0677978,0.303923,FRENET,0.651124,0.547576,0.651124,0,0.547576,0.38493,0
10.382,12.8606,8.05137,-0.0194559,4.48278,0.0677978,0.303923,FRENET,0.651124,0.547576,0.651124,0,0.547576,0.38493,0
10.3861,12.8606,8.05137,-0.0194559,4.48278,0.0677978,0.303923,FRENET,0.651124,0.547576,0.651124,0,0.547576,0.38493,0
10.3901,12.9054,8.05076,-0.018685,4.48729,0.101581,0.455825,FRENET,0.651124,0.547576,0.651124,0,0.547576,0.38493,0
10.3941,12.9054,8.05076,-0.018685,4.48729,0.101581,0.455825,FRENET,0.651124,0.547576,0.651124,0,0.547576,0.38493,0
10.3989,12.9503,8.05018,-0.0174691,4.49159,0.123866,0.556356,FRENET,0.651124,0.547576,0.651124,0,0.547576,0.38493,0
10.4021,12.9503,8.05018,-0.0174691,4.49159,0.123866,0.556356,FRENET,0.651124,0.547576,0.651124,0,0.547576,0.38493,0
10.406,12.9503,8.05018,-0.0174691,4.49159,0.123866,0.556356,FRENET,0.651124,0.547576,0.651124,0,0.547576,0.38493,0
10.4102,12.9953,8.0496,-0.016207,4.49568,0.144319,0.648812,FRENET,0.651124,0.547576,0.651124,0,0.547576,0.38493,0
10.4141,12.9953,8.0496,-0.016207,4.49568,0.144319,0.648812,FRENET,0.651124,0.547576,0.651124,0,0.547576,0.38493,0
10.4188,13.0402,8.04906,-0.0146179,4.49958,0.156167,0.702687,FRENET,0.651124,0.547576,0.651124,0,0.547576,0.38493,0
10.4222,13.0402,8.04906,-0.0146179,4.49958,0.156167,0.702687,FRENET,0.651124,0.547576,0.651124,0,0.547576,0.38493,0
10.4262,13.0402,8.04906,-0.0146179,4.49958,0.156167,0.702687,FRENET,0.632289,0.544519,0.632289,0,0.544519,0.38279,0
10.43,13.0853,8.04853,-0.0130753,4.50329,0.168493,0.758774,FRENET,0.632289,0.544519,0.632289,0,0.544519,0.38279,0
10.434,13.0853,8.04853,-0.0130753,4.50329,0.168493,0.758774,FRENET,0.632289,0.544519,0.632289,0,0.544519,0.38279,0
10.4388,13.1303,8.04805,-0.0112751,4.50517,0.174328,0.785375,FRENET,0.632289,0.544519,0.632289,0,0.544519,0.38279,0
10.4421,13.1303,8.04805,-0.0112751,4.50517,0.174328,0.785375,FRENET,0.632289,0.544519,0.632289,0,0.544519,0.38279,0
10.4462,13.1303,8.04805,-0.0112751,4.50517,0.174328,0.785375,FRENET,0.632289,0.544519,0.632289,0,0.544519,0.38279,0
10.4499,13.1754,8.04759,-0.00957752,4.50952,0.18151,0.818524,FRENET,0.632289,0.544519,0.632289,0,0.544519,0.38279,0
10.4541,13.1754,8.04759,-0.00957752,4.50952,0.18151,0.818524,FRENET,0.632289,0.544519,0.632289,0,0.544519,0.38279,0
10.4591,13.2205,8.04719,-0.00766988,4.51366,0.183137,0.826619,FRENET,0.632289,0.544519,0.632289,0,0.544519,0.38279,0
10.4619,13.2205,8.04719,-0.00766988,4.51366,0.183137,0.826619,FRENET,0.632289,0.544519,0.632289,0,0.544519,0.38279,0
10.466,13.2205,8.04719,-0.00766988,4.51366,0.183137,0.826619,FRENET,0.632289,0.544519,0.632289,0,0.544519,0.38279,0
10.4701,13.2656,8.04682,-0.00589854,4.51761,0.187615,0.847573,FRENET,0.632289,0.544519,0.632289,0,0.544519,0.38279,0
10.4745,13.2656,8.04682,-0.00589854,4.51761,0.187615,0.847573,FRENET,0.632289,0.544519,0.632289,0,0.544519,0.38279,0
10.4791,13.3108,8.04651,-0.00394033,4.52137,0.187218,0.84648,FRENET,0.642038,0.544519,0.642038,0,0.544519,0.384572,0
10.4821,13.3108,8.04651,-0.00394033,4.52137,0.187218,0.84648,FRENET,0.642038,0.544519,0.642038,0,0.544519,0.384572,0
10.4861,13.3108,8.04651,-0.00394033,4.52137,0.187218,0.84648,FRENET,0.642038,0.544519,0.642038,0,0.544519,0.384572,0
10.4901,13.3561,8.04622,-0.00244957,4.52495,0.0977431,0.442282,FRENET,0.642038,0.544519,0.642038,0,0.544519,0.384572,0
10.4941,13.3561,8.04622,-0.00244957,4.52495,0.0977431,0.442282,FRENET,0.642038,0.544519,0.642038,0,0.544519,0.384572,0
10.4991,13.4013,8.04591,-0.00190336,4.52836,0.0309986,0.140373,FRENET,0.642038,0.544519,0.642038,0,0.544519,0.384572,0
10.5021,13.4013,8.04591,-0.00190336,4.52836,0.0309986,0.140373,FRENET,0.642038,0.544519,0.642038,0,0.544519,0.384572,0
10.506,13.4013,8.04591,-0.00190336,4.52836,0.0309986,0.140373,FRENET,0.642038,0.544519,0.642038,0,0.544519,0.384572,0
10.5101,13.4466,8.04559,-0.00180002,4.5316,-0.0248104,-0.112431,FRENET,0.642038,0.544519,0.642038,0,0.544519,0.384572,0
10.5141,13.4466,8.04559,-0.00180002,4.5316,-0.0248104,-0.112431,FRENET,0.642038,0.544519,0.642038,0,0.544519,0.384572,0
10.5189,13.492,8.04524,-0.00234004,4.5347,-0.0646928,-0.293362,FRENET,0.642038,0.544519,0.642038,0,0.544519,0.384572,0
10.5221,13.492,8.04524,-0.00234004,4.5347,-0.0646928,-0.293362,FRENET,0.642038,0.544519,0.642038,0,0.544519,0.384572,0
10.5262,13.492,8.04524,-0.00234004,4.5347,-0.0646928,-0.293362,FRENET,0.649181,0.544519,0.649181,0,0.544519,0.394341,0
10.53,13.5373,8.0449,-0.00308256,4.53764,-0.0991393,-0.449859,FRENET,0.649181,0.544519,0.649181,0,0.544519,0.394341,0
10.534,13.5373,8.0449,-0.00308256,4.53764,-0.0991393,-0.449859,FRENET,0.649181,0.544519,0.649181,0,0.544519,0.394341,0
10.5392,13.5827,8.04453,-0.00427799,4.54045,-0.122088,-0.554332,FRENET,0.649181,0.544519,0.649181,0,0.544519,0.394341,0
10.5422,13.5827,8.04453,-0.00427799,4.54045,-0.122088,-0.554332,FRENET,0.649181,0.544519,0.649181,0,0.544519,0.394341,0
10.546,13.5827,8.04453,-0.00427799,4.54045,-0.122088,-0.554332,FRENET,0.649181,0.544519,0.649181,0,0.544519,0.394341,0
10.5501,13.6281,8.04415,-0.00552484,4.54312,-0.143162,-0.650403,FRENET,0.649181,0.544519,0.649181,0,0.544519,0.394341,0
10.5541,13.6281,8.04415,-0.00552484,4.54312,-0.143162,-0.650403,FRENET,0.649181,0.544519,0.649181,0,0.544519,0.394341,0
10.559,13.6736,8.04373,-0.00710587,4.54567,-0.15559,-0.707262,FRENET,0.649181,0.544519,0.649181,0,0.544519,0.394341,0
10.5621,13.6736,8.04373,-0.00710587,4.54567,-0.15559,-0.707262,FRENET,0.649181,0.544519,0.649181,0,0.544519,0.394341,0
10.5661,13.6736,8.04373,-0.00710587,4.54567,-0.15559,-0.707262,FRENET,0.649181,0.544519,0.649181,0,0.544519,0.394341,0
10.5702,13.719,8.04329,-0.00864477,4.54809,-0.168427,-0.766022,FRENET,0.649181,0.544519,0.649181,0,0.544519,0.394341,0
10.5741,13.719,8.04329,-0.00864477,4.54809,-0.168427,-0.766022,FRENET,0.649181,0.544519,0.649181,0,0.544519,0.394341,0
10.579,13.7645,8.0428,-0.0104451,4.5504,-0.174434,-0.793742,FRENET,0.641466,0.542453,0.641466,0,0.542453,0.396294,0
10.5822,13.7645,8.0428,-0.0104451,4.5504,-0.174434,-0.793742,FRENET,0.641466,0.542453,0.641466,0,0.542453,0.396294,0
10.5861,13.7645,8.0428,-0.0104451,4.5504,-0.174434,-0.793742,FRENET,0.641466,0.542453,0.641466,0,0.542453,0.396294,0
10.5902,13.81,8.04229,-0.0121467,4.55214,-0.182397,-0.830299,FRENET,0.641466,0.542453,0.641466,0,0.542453,0.396294,0
10.5942,13.81,8.04229,-0.0121467,4.55214,-0.182397,-0.830299,FRENET,0.641466,0.542453,0.641466,0,0.542453,0.396294,0
10.5989,13.8556,8.04172,-0.0140673,4.5538,-0.184641,-0.840818,FRENET,0.641466,0.542453,0.641466,0,0.542453,0.396294,0
10.6021,13.8556,8.04172,-0.0140673,4.5538,-0.184641,-0.840818,FRENET,0.641466,0.542453,0.641466,0,0.542453,0.396294,0
10.6061,13.8556,8.04172,-0.0140673,4.5538,-0.184641,-0.840818,FRENET,0.641466,0.542453,0.641466,0,0.542453,0.396294,0
10.6101,13.9011,8.04114,-0.0155392,4.55539,-0.0963194,-0.438772,FRENET,0.641466,0.542453,0.641466,0,0.542453,0.396294,0
10.6141,13.9011,8.04114,-0.0155392,4.55539,-0.0963194,-0.438772,FRENET,0.641466,0.542453,0.641466,0,0.542453,0.396294,0
10.6189,13.9467,8.04059,-0.0160747,4.55689,-0.0303647,-0.138369,FRENET,0.641466,0.542453,0.641466,0,0.542453,0.396294,0
10.6221,13.9467,8.04059,-0.0160747,4.55689,-0.0303647,-0.138369,FRENET,0.641466,0.542453,0.641466,0,0.542453,0.396294,0
10.6261,13.9467,8.04059,-0.0160747,4.55689,-0.0303647,-0.138369,FRENET,0.640502,0.542453,0.640502,0,0.542453,0.37686,0
10.6301,13.9922,8.04005,-0.0161751,4.56017,0.0248139,0.113155,FRENET,0.640502,0.542453,0.640502,0,0.542453,0.37686,0
10.634,13.9922,8.04005,-0.0161751,4.56017,0.0248139,0.113155,FRENET,0.640502,0.542453,0.640502,0,0.542453,0.37686,0
10.639,14.0378,8.03954,-0.015637,4.56329,0.0643477,0.293637,FRENET,0.640502,0.542453,0.640502,0,0.542453,0.37686,0
10.6423,14.0378,8.03954,-0.015637,4.56329,0.0643477,0.293637,FRENET,0.640502,0.542453,0.640502,0,0.542453,0.37686,0
10.6461,14.0378,8.03954,-0.015637,4.56329,0.0643477,0.293637,FRENET,0.640502,0.542453,0.640502,0,0.542453,0.37686,0
10.6501,14.0835,8.03904,-0.014899,4.56626,0.0985995,0.450231,FRENET,0.640502,0.542453,0.640502,0,0.542453,0.37686,0
10.6541,14.0835,8.03904,-0.014899,4.56626,0.0985995,0.450231,FRENET,0.640502,0.542453,0.640502,0,0.542453,0.37686,0
10.659,14.1292,8.03856,-0.0137093,4.56908,0.121502,0.555152,FRENET,0.640502,0.542453,0.640502,0,0.542453,0.37686,0
10.6619,14.1292,8.03856,-0.0137093,4.56908,0.121502,0.555152,FRENET,0.640502,0.542453,0.640502,0,0.542453,0.37686,0
10.6661,14.1292,8.03856,-0.0137093,4.56908,0.121502,0.555152,FRENET,0.640502,0.542453,0.640502,0,0.542453,0.37686,0
10.6699,14.1749,8.0381,-0.0124683,4.57178,0.142586,0.651872,FRENET,0.640502,0.542453,0.640502,0,0.542453,0.37686,0
10.6738,14.1749,8.0381,-0.0124683,4.57178,0.142586,0.651872,FRENET,0.640502,0.542453,0.640502,0,0.542453,0.37686,0
10.6787,14.2206,8.03767,-0.0108926,4.57434,0.155101,0.709487,FRENET,0.643928,0.542453,0.643928,0,0.542453,0.379059,0
10.6819,14.2206,8.03767,-0.0108926,4.57434,0.155101,0.709487,FRENET,0.643928,0.542453,0.643928,0,0.542453,0.379059,0
10.6859,14.2206,8.03767,-0.0108926,4.57434,0.155101,0.709487,FRENET,0.643928,0.542453,0.643928,0,0.542453,0.379059,0
10.69,14.2664,8.03727,-0.00935816,4.57679,0.168029,0.769033,FRENET,0.643928,0.542453,0.643928,0,0.542453,0.379059,0
10.6939,14.2664,8.03727,-0.00935816,4.57679,0.168029,0.769033,FRENET,0.643928,0.542453,0.643928,0,0.542453,0.379059,0
10.6987,14.3121,8.03692,-0.00756119,4.57912,0.174167,0.797529,FRENET,0.643928,0.542453,0.643928,0,0.542453,0.379059,0
10.7021,14.3121,8.03692,-0.00756119,4.57912,0.174167,0.797529,FRENET,0.643928,0.542453,0.643928,0,0.542453,0.379059,0
10.7061,14.3121,8.03692,-0.00756119,4.57912,0.174167,0.797529,FRENET,0.643928,0.542453,0.643928,0,0.542453,0.379059,0
10.71,14.3579,8.03659,-0.00586201,4.58133,0.182137,0.834428,FRENET,0.643928,0.542453,0.643928,0,0.542453,0.379059,0
10.714,14.3579,8.03659,-0.00586201,4.58133,0.182137,0.834428,FRENET,0.643928,0.542453,0.643928,0,0.542453,0.379059,0
10.7187,14.4038,8.03632,-0.00394389,4.58344,0.184441,0.845374,FRENET,0.643928,0.542453,0.643928,0,0.542453,0.379059,0
10.7221,14.4038,8.03632,-0.00394389,4.58344,0.184441,0.845374,FRENET,0.643928,0.542453,0.643928,0,0.542453,0.379059,0
10.7261,14.4038,8.03632,-0.00394389,4.58344,0.184441,0.845374,FRENET,0.654627,0.542453,0.654627,0,0.542453,0.380692,0
10.7301,14.4496,8.03608,-0.00231532,4.58546,0.142875,0.655147,FRENET,0.654627,0.542453,0.654627,0,0.542453,0.380692,0
10.7341,14.4496,8.03608,-0.00231532,4.58546,0.142875,0.655147,FRENET,0.654627,0.542453,0.654627,0,0.542453,0.380692,0
10.7388,14.4955,8.03584,-0.00121575,4.58737,0.0633093,0.290423,FRENET,0.654627,0.542453,0.654627,0,0.542453,0.380692,0
10.742,14.4955,8.03584,-0.00121575,4.58737,0.0633093,0.290423,FRENET,0.654627,0.542453,0.654627,0,0.542453,0.380692,0
10.7459,14.4955,8.03584,-0.00121575,4.58737,0.0633093,0.290423,FRENET,0.654627,0.542453,0.654627,0,0.542453,0.380692,0
10.75,14.5413,8.03557,-0.000974388,4.5892,0.00425269,0.0195164,FRENET,0.654627,0.542453,0.654627,0,0.542453,0.380692,0
10.7539,14.5413,8.03557,-0.000974388,4.5892,0.00425269,0.0195164,FRENET,0.654627,0.542453,0.654627,0,0.542453,0.380692,0
10.7587,14.5872,8.0353,-0.00110684,4.59093,-0.0455966,-0.209331,FRENET,0.654627,0.542453,0.654627,0,0.542453,0.380692,0
10.762,14.5872,8.0353,-0.00110684,4.59093,-0.0455966,-0.209331,FRENET,0.654627,0.542453,0.654627,0,0.542453,0.380692,0
10.7661,14.5872,8.0353,-0.00110684,4.59093,-0.0455966,-0.209331,FRENET,0.654627,0.542453,0.654627,0,0.542453,0.380692,0
10.77,14.6332,8.03501,-0.00183139,4.59259,-0.0809084,-0.371579,FRENET,0.654627,0.542453,0.654627,0,0.542453,0.380692,0
10.7739,14.6332,8.03501,-0.00183139,4.59259,-0.0809084,-0.371579,FRENET,0.654627,0.542453,0.654627,0,0.542453,0.380692,0
10.7787,14.6791,8.0347,-0.0027172,4.59416,-0.111842,-0.513821,FRENET,0.649232,0.538019,0.649232,0,0.538019,0.377781,0
10.782,14.6791,8.0347,-0.0027172,4.59416,-0.111842,-0.513821,FRENET,0.649232,0.538019,0.649232,0,0.538019,0.377781,0
10.786,14.6791,8.0347,-0.0027172,4.59416,-0.111842,-0.513821,FRENET,0.649232,0.538019,0.649232,0,0.538019,0.377781,0
10.7899,14.725,8.03437,-0.00402635,4.59553,-0.132145,-0.607277,FRENET,0.649232,0.538019,0.649232,0,0.538019,0.377781,0
10.7939,14.725,8.03437,-0.00402635,4.59553,-0.132145,-0.607277,FRENET,0.649232,0.538019,0.649232,0,0.538019,0.377781,0
10.7987,14.771,8.03402,-0.00536272,4.59683,-0.151207,-0.695071,FRENET,0.649232,0.538019,0.649232,0,0.538019,0.377781,0
10.8019,14.771,8.03402,-0.00536272,4.59683,-0.151207,-0.695071,FRENET,0.649232,0.538019,0.649232,0,0.538019,0.377781,0
10.8058,14.771,8.03402,-0.00536272,4.59683,-0.151207,-0.695071,FRENET,0.649232,0.538019,0.649232,0,0.538019,0.377781,0
10.8102,14.817,8.03363,-0.0070168,4.59807,-0.162134,-0.745503,FRENET,0.649232,0.538019,0.649232,0,0.538019,0.377781,0
10.8141,14.817,8.03363,-0.0070168,4.59807,-0.162134,-0.745503,FRENET,0.649232,0.538019,0.649232,0,0.538019,0.377781,0
10.8189,14.863,8.03323,-0.00861471,4.59924,-0.173835,-0.799511,FRENET,0.649232,0.538019,0.649232,0,0.538019,0.377781,0
10.8221,14.863,8.03323,-0.00861471,4.59924,-0.173835,-0.799511,FRENET,0.649232,0.538019,0.649232,0,0.538019,0.377781,0
10.8261,14.863,8.03323,-0.00861471,4.59924,-0.173835,-0.799511,FRENET,0.65205,0.538019,0.65205,0,0.538019,0.389524,0
10.8301,14.909,8.03276,-0.0104652,4.60037,-0.17901,-0.823513,FRENET,0.65205,0.538019,0.65205,0,0.538019,0.389524,0
10.834,14.909,8.03276,-0.0104652,4.60037,-0.17901,-0.823513,FRENET,0.65205,0.538019,0.65205,0,0.538019,0.389524,0
10.8389,14.955,8.0323,-0.0118913,4.60143,-0.0926478,-0.426313,FRENET,0.65205,0.538019,0.65205,0,0.538019,0.389524,0
10.8421,14.955,8.0323,-0.0118913,4.60143,-0.0926478,-0.426313,FRENET,0.65205,0.538019,0.65205,0,0.538019,0.389524,0
10.8459,14.955,8.0323,-0.0118913,4.60143,-0.0926478,-0.426313,FRENET,0.65205,0.538019,0.65205,0,0.538019,0.389524,0
10.8501,15.001,8.03188,-0.0123969,4.60245,-0.0280089,-0.12891,FRENET,0.65205,0.538019,0.65205,0,0.538019,0.389524,0
10.8541,15.001,8.03188,-0.0123969,4.60245,-0.0280089,-0.12891,FRENET,0.65205,0.538019,0.65205,0,0.538019,0.389524,0
10.8586,15.047,8.03146,-0.0124788,4.60468,0.0262981,0.121094,FRENET,0.65205,0.538019,0.65205,0,0.538019,0.389524,0
10.8621,15.047,8.03146,-0.0124788,4.60468,0.0262981,0.121094,FRENET,0.65205,0.538019,0.65205,0,0.538019,0.389524,0
10.866,15.047,8.03146,-0.0124788,4.60468,0.0262981,0.121094,FRENET,0.65205,0.538019,0.65205,0,0.538019,0.389524,0
10.87,15.0931,8.03108,-0.0119284,4.6068,0.0653038,0.300842,FRENET,0.65205,0.538019,0.65205,0,0.538019,0.389524,0
10.874,15.0931,8.03108,-0.0119284,4.6068,0.0653038,0.300842,FRENET,0.65205,0.538019,0.65205,0,0.538019,0.389524,0
10.8789,15.1391,8.03071,-0.0111829,4.60882,0.0992501,0.457426,FRENET,0.648461,0.538019,0.648461,0,0.538019,0.380888,0
10.8818,15.1391,8.03071,-0.0111829,4.60882,0.0992501,0.457426,FRENET,0.648461,0.538019,0.648461,0,0.538019,0.380888,0
10.8861,15.1391,8.03071,-0.0111829,4.60882,0.0992501,0.457426,FRENET,0.648461,0.538019,0.648461,0,0.538019,0.380888,0
10.8901,15.1852,8.03037,-0.00998707,4.61074,0.122028,0.562639,FRENET,0.648461,0.538019,0.648461,0,0.538019,0.380888,0
10.8941,15.1852,8.03037,-0.00998707,4.61074,0.122028,0.562639,FRENET,0.648461,0.538019,0.648461,0,0.538019,0.380888,0
10.899,15.2314,8.03005,-0.00874135,4.61257,0.143085,0.65999,FRENET,0.648461,0.538019,0.648461,0,0.538019,0.380888,0
10.902,15.2314,8.03005,-0.00874135,4.61257,0.143085,0.65999,FRENET,0.648461,0.538019,0.648461,0,0.538019,0.380888,0
10.906,15.2314,8.03005,-0.00874135,4.61257,0.143085,0.65999,FRENET,0.648461,0.538019,0.648461,0,0.538019,0.380888,0
10.9101,15.2775,8.02977,-0.00716014,4.61432,0.155661,0.718269,FRENET,0.648461,0.538019,0.648461,0,0.538019,0.380888,0
10.914,15.2775,8.02977,-0.00716014,4.61432,0.155661,0.718269,FRENET,0.648461,0.538019,0.648461,0,0.538019,0.380888,0
10.9187,15.3236,8.02951,-0.00561997,4.61598,0.168677,0.778609,FRENET,0.648461,0.538019,0.648461,0,0.538019,0.380888,0
10.9221,15.3236,8.02951,-0.00561997,4.61598,0.168677,0.778609,FRENET,0.648461,0.538019,0.648461,0,0.538019,0.380888,0
10.9258,15.3236,8.02951,-0.00561997,4.61598,0.168677,0.778609,FRENET,0.640986,0.538019,0.640986,0,0.538019,0.328112,0
10.9299,15.3698,8.02931,-0.00381564,4.61756,0.174941,0.807799,FRENET,0.640986,0.538019,0.640986,0,0.538019,0.328112,0
10.934,15.3698,8.02931,-0.00381564,4.61756,0.174941,0.807799,FRENET,0.640986,0.538019,0.640986,0,0.538019,0.328112,0
10.939,15.416,8.02912,-0.00226673,4.61907,0.136307,0.62961,FRENET,0.640986,0.538019,0.640986,0,0.538019,0.328112,0
10.9419,15.416,8.02912,-0.00226673,4.61907,0.136307,0.62961,FRENET,0.640986,0.538019,0.640986,0,0.538019,0.328112,0
10.946,15.416,8.02912,-0.00226673,4.61907,0.136307,0.62961,FRENET,0.640986,0.538019,0.640986,0,0.538019,0.328112,0
10.9499,15.4622,8.02893,-0.00122169,4.62051,0.0588232,0.271793,FRENET,0.640986,0.538019,0.640986,0,0.538019,0.328112,0
10.954,15.4622,8.02893,-0.00122169,4.62051,0.0588232,0.271793,FRENET,0.640986,0.538019,0.640986,0,0.538019,0.328112,0
10.9587,15.5084,8.02871,-0.00101755,4.62187,0.00124158,0.00573842,FRENET,0.640986,0.538019,0.640986,0,0.538019,0.328112,0
10.9621,15.5084,8.02871,-0.00101755,4.62187,0.00124158,0.00573842,FRENET,0.640986,0.538019,0.640986,0,0.538019,0.328112,0
10.966,15.5084,8.02871,-0.00101755,4.62187,0.00124158,0.00573842,FRENET,0.640986,0.538019,0.640986,0,0.538019,0.328112,0
10.9701,15.5546,8.02847,-0.0011744,4.62317,-0.0475602,-0.219879,FRENET,0.640986,0.538019,0.640986,0,0.538019,0.328112,0
10.974,15.5546,8.02847,-0.0011744,4.62317,-0.0475602,-0.219879,FRENET,0.640986,0.538019,0.640986,0,0.538019,0.328112,0
10.9787,15.6009,8.02821,-0.00191501,4.62442,-0.0821751,-0.380012,FRENET,0.651466,0.533951,0.651466,0,0.533951,0.37759,0
10.982,15.6009,8.02821,-0.00191501,4.62442,-0.0821751,-0.380012,FRENET,0.651466,0.533951,0.651466,0,0.533951,0.37759,0
10.9861,15.6009,8.02821,-0.00191501,4.62442,-0.0821751,-0.380012,FRENET,0.651466,0.533951,0.651466,0,0.533951,0.37759,0
10.9906,15.6471,8.02794,-0.00281087,4.62538,-0.112666,-0.521121,FRENET,0.651466,0.533951,0.651466,0,0.533951,0.37759,0
10.9941,15.6471,8.02794,-0.00281087,4.62538,-0.112666,-0.521121,FRENET,0.651466,0.533951,0.651466,0,0.533951,0.37759,0
11,15.6934,8.02763,-0.00412695,4.62629,-0.1327,-0.613908,FRENET,0.651466,0.533951,0.651466,0,0.533951,0.37759,0
11.002,15.6934,8.02763,-0.00412695,4.62629,-0.1327,-0.613908,FRENET,0.651466,0.533951,0.651466,0,0.533951,0.37759,0
11.0061,15.6934,8.02763,-0.00412695,4.62629,-0.1327,-0.613908,FRENET,0.651466,0.533951,0.651466,0,0.533951,0.37759,0
11.0101,15.7396,8.0273,-0.00546782,4.62716,-0.151602,-0.701488,FRENET,0.651466,0.533951,0.651466,0,0.533951,0.37759,0
11.0144,15.7396,8.0273,-0.00546782,4.62716,-0.151602,-0.701488,FRENET,0.651466,0.533951,0.651466,0,0.533951,0.37759,0
11.0196,15.7859,8.02694,-0.00712567,4.62799,-0.162475,-0.751932,FRENET,0.651466,0.533951,0.651466,0,0.533951,0.37759,0
11.022,15.7859,8.02694,-0.00712567,4.62799,-0.162475,-0.751932,FRENET,0.651466,0.533951,0.651466,0,0.533951,0.37759,0
11.0262,15.7859,8.02694,-0.00712567,4.62799,-0.162475,-0.751932,FRENET,0.659079,0.533951,0.659079,0,0.533951,0.377303,0
11.0303,15.8322,8.02654,-0.0087261,4.62968,-0.173974,-0.805442,FRENET,0.659079,0.533951,0.659079,0,0.533951,0.377303,0
11.0343,15.8322,8.02654,-0.0087261,4.62968,-0.173974,-0.805442,FRENET,0.659079,0.533951,0.659079,0,0.533951,0.377303,0
11.0393,15.8785,8.0261,-0.0105773,4.6313,-0.179057,-0.829266,FRENET,0.659079,0.533951,0.659079,0,0.533951,0.377303,0
11.042,15.8785,8.0261,-0.0105773,4.6313,-0.179057,-0.829266,FRENET,0.659079,0.533951,0.659079,0,0.533951,0.377303,0
11.0464,15.8785,8.0261,-0.0105773,4.6313,-0.179057,-0.829266,FRENET,0.659079,0.533951,0.659079,0,0.533951,0.377303,0
11.0501,15.9248,8.02564,-0.0120041,4.63283,-0.0927581,-0.429732,FRENET,0.659079,0.533951,0.659079,0,0.533951,0.377303,0
11.0544,15.9248,8.02564,-0.0120041,4.63283,-0.0927581,-0.429732,FRENET,0.659079,0.533951,0.659079,0,0.533951,0.377303,0
11.0593,15.9711,8.02523,-0.0125107,4.63429,-0.0280339,-0.129917,FRENET,0.659079,0.533951,0.659079,0,0.533951,0.377303,0
11.062,15.9711,8.02523,-0.0125107,4.63429,-0.0280339,-0.129917,FRENET,0.659079,0.533951,0.659079,0,0.533951,0.377303,0
11.0664,15.9711,8.02523,-0.0125107,4.63429,-0.0280339,-0.129917,FRENET,0.659079,0.533951,0.659079,0,0.533951,0.377303,0
11.0704,16.0175,8.02482,-0.0125919,4.63568,0.0265168,0.122923,FRENET,0.659079,0.533951,0.659079,0,0.533951,0.377303,0
11.0743,16.0175,8.02482,-0.0125919,4.63568,0.0265168,0.122923,FRENET,0.659079,0.533951,0.659079,0,0.533951,0.377303,0
11.0795,16.0639,8.02444,-0.0120377,4.63701,0.0657651,0.304953,FRENET,0.658723,0.533951,0.658723,0,0.533951,0.389982,0
11.0821,16.0639,8.02444,-0.0120377,4.63701,0.0657651,0.304953,FRENET,0.658723,0.533951,0.658723,0,0.533951,0.389982,0
11.0863,16.0639,8.02444,-0.0120377,4.63701,0.0657651,0.304953,FRENET,0.658723,0.533951,0.658723,0,0.533951,0.389982,0
11.0901,16.1102,8.02407,-0.0112868,4.63827,0.0999303,0.463504,FRENET,0.658723,0.533951,0.658723,0,0.533951,0.389982,0
11.0942,16.1102,8.02407,-0.0112868,4.63827,0.0999303,0.463504,FRENET,0.658723,0.533951,0.658723,0,0.533951,0.389982,0
11.0993,16.1566,8.02374,-0.0100829,4.63948,0.122913,0.570252,FRENET,0.658723,0.533951,0.658723,0,0.533951,0.389982,0
11.1021,16.1566,8.02374,-0.0100829,4.63948,0.122913,0.570252,FRENET,0.658723,0.533951,0.658723,0,0.533951,0.389982,0
11.1063,16.1566,8.02374,-0.0100829,4.63948,0.122913,0.570252,FRENET,0.658723,0.533951,0.658723,0,0.533951,0.389982,0
11.1102,16.203,8.02342,-0.0088277,4.64062,0.144143,0.668912,FRENET,0.658723,0.533951,0.658723,0,0.533951,0.389982,0
11.1143,16.203,8.02342,-0.0088277,4.64062,0.144143,0.668912,FRENET,0.658723,0.533951,0.658723,0,0.533951,0.389982,0
11.1191,16.2494,8.02314,-0.00723488,4.64171,0.156873,0.728159,FRENET,0.658723,0.533951,0.658723,0,0.533951,0.389982,0
11.1224,16.2494,8.02314,-0.00723488,4.64171,0.156873,0.728159,FRENET,0.658723,0.533951,0.658723,0,0.533951,0.389982,0
11.1263,16.2494,8.02314,-0.00723488,4.64171,0.156873,0.728159,FRENET,0.667861,0.533951,0.667861,0,0.533951,0.366811,0
11.1301,16.2959,8.02289,-0.00568221,4.64275,0.170008,0.789308,FRENET,0.667861,0.533951,0.667861,0,0.533951,0.366811,0
11.1342,16.2959,8.02289,-0.00568221,4.64275,0.170008,0.789308,FRENET,0.667861,0.533951,0.667861,0,0.533951,0.366811,0
11.1392,16.3423,8.02268,-0.00386381,4.64374,0.176375,0.819041,FRENET,0.667861,0.533951,0.667861,0,0.533951,0.366811,0
11.1418,16.3423,8.02268,-0.00386381,4.64374,0.176375,0.819041,FRENET,0.667861,0.533951,0.667861,0,0.533951,0.366811,0
11.1464,16.3423,8.02268,-0.00386381,4.64374,0.176375,0.819041,FRENET,0.667861,0.533951,0.667861,0,0.533951,0.366811,0
11.1502,16.3887,8.02251,-0.00214208,4.64469,0.184533,0.857097,FRENET,0.667861,0.533951,0.667861,0,0.533951,0.366811,0
11.1544,16.3887,8.02251,-0.00214208,4.64469,0.184533,0.857097,FRENET,0.667861,0.533951,0.667861,0,0.533951,0.366811,0
11.1592,16.4352,8.0224,-0.000198592,4.64559,0.187025,0.868842,FRENET,0.667861,0.533951,0.667861,0,0.533951,0.366811,0
11.1623,16.4352,8.0224,-0.000198592,4.64559,0.187025,0.868842,FRENET,0.667861,0.533951,0.667861,0,0.533951,0.366811,0
11.1661,16.4352,8.0224,-0.000198592,4.64559,0.187025,0.868842,FRENET,0.667861,0.533951,0.667861,0,0.533951,0.366811,0
11.1703,16.4816,8.0223,0.00129632,4.64644,0.0984403,0.457397,FRENET,0.667861,0.533951,0.667861,0,0.533951,0.366811,0
11.1741,16.4816,8.0223,0.00129632,4.64644,0.0984403,0.457397,FRENET,0.667861,0.533951,0.667861,0,0.533951,0.366811,0
11.1791,16.5281,8.02217,0.00185017,4.64726,0.0319375,0.148422,FRENET,0.653841,0.533951,0.653841,0,0.533951,0.376182,0
11.1822,16.5281,8.02217,0.00185017,4.64726,0.0319375,0.148422,FRENET,0.653841,0.533951,0.653841,0,0.533951,0.376182,0
11.1863,16.5281,8.02217,0.00185017,4.64726,0.0319375,0.148422,FRENET,0.653841,0.533951,0.653841,0,0.533951,0.376182,0
11.1901,16.5746,8.02203,0.00196348,4.64803,-0.0239972,-0.11154,FRENET,0.653841,0.533951,0.653841,0,0.533951,0.376182,0
11.1943,16.5746,8.02203,0.00196348,4.64803,-0.0239972,-0.11154,FRENET,0.653841,0.533951,0.653841,0,0.533951,0.376182,0
11.199,16.6211,8.02187,0.00142873,4.64877,-0.0643103,-0.298964,FRENET,0.653841,0.533951,0.653841,0,0.533951,0.376182,0
11.2023,16.6211,8.02187,0.00142873,4.64877,-0.0643103,-0.298964,FRENET,0.653841,0.533951,0.653841,0,0.533951,0.376182,0
11.2063,16.6211,8.02187,0.00142873,4.64877,-0.0643103,-0.298964,FRENET,0.653841,0.533951,0.653841,0,0.533951,0.376182,0
11.2101,16.6676,8.02171,0.000688283,4.64947,-0.0992938,-0.461664,FRENET,0.653841,0.533951,0.653841,0,0.533951,0.376182,0
11.2142,16.6676,8.02171,0.000688283,4.64947,-0.0992938,-0.461664,FRENET,0.653841,0.533951,0.653841,0,0.533951,0.376182,0
11.2192,16.7141,8.02151,-0.000512702,4.65015,-0.122893,-0.571472,FRENET,0.653841,0.533951,0.653841,0,0.533951,0.376182,0
11.2222,16.7141,8.02151,-0.000512702,4.65015,-0.122893,-0.571472,FRENET,0.653841,0.533951,0.653841,0,0.533951,0.376182,0
11.2261,16.7141,8.02151,-0.000512702,4.65015,-0.122893,-0.571472,FRENET,0.242229,1.33449,0.242229,0,1.33449,0.390245,0
11.2302,16.7606,8.02131,-0.00176973,4.65152,-0.144489,-0.672095,FRENET,0.242229,1.33449,0.242229,0,1.33449,0.390245,0
11.2342,16.7606,8.02131,-0.00176973,4.65152,-0.144489,-0.672095,FRENET,0.242229,1.33449,0.242229,0,1.33449,0.390245,0
11.239,16.8066,8.02106,-0.00346987,4.55642,-0.170527,-0.776995,FRENET,0.242229,1.33449,0.242229,0,1.33449,0.390245,0
11.242,16.8066,8.02106,-0.00346987,4.55642,-0.170527,-0.776995,FRENET,0.242229,1.33449,0.242229,0,1.33449,0.390245,0
11.2463,16.8066,8.02106,-0.00346987,4.55642,-0.170527,-0.776995,FRENET,0.242229,1.33449,0.242229,0,1.33449,0.390245,0
11.2504,16.8517,8.0208,-0.005198,4.46132,-0.198511,-0.885619,FRENET,0.242229,1.33449,0.242229,0,1.33449,0.390245,0
11.2541,16.8517,8.0208,-0.005198,4.46132,-0.198511,-0.885619,FRENET,0.242229,1.33449,0.242229,0,1.33449,0.390245,0
11.2591,16.8958,8.0205,-0.00739416,4.36622,-0.216072,-0.943419,FRENET,0.242229,1.33449,0.242229,0,1.33449,0.390245,0
11.2623,16.8958,8.0205,-0.00739416,4.36622,-0.216072,-0.943419,FRENET,0.242229,1.33449,0.242229,0,1.33449,0.390245,0
11.2663,16.8958,8.0205,-0.00739416,4.36622,-0.216072,-0.943419,FRENET,0.242229,1.33449,0.242229,0,1.33449,0.390245,0
11.2703,16.939,8.02017,-0.00954467,4.27112,-0.237706,-1.01527,FRENET,0.242229,1.33449,0.242229,0,1.33449,0.390245,0
11.2741,16.939,8.02017,-0.00954467,4.27112,-0.237706,-1.01527,FRENET,0.242229,1.33449,0.242229,0,1.33449,0.390245,0
11.2789,16.9812,8.01979,-0.012105,4.17602,-0.249887,-1.04353,FRENET,0.214914,1.33449,0.214914,0,1.33449,0.369481,0
11.2822,16.9812,8.01979,-0.012105,4.17602,-0.249887,-1.04353,FRENET,0.214914,1.33449,0.214914,0,1.33449,0.369481,0
11.2863,16.9812,8.01979,-0.012105,4.17602,-0.249887,-1.04353,FRENET,0.214914,1.33449,0.214914,0,1.33449,0.369481,0
11.2902,17.0225,8.01938,-0.0145721,4.08092,-0.267321,-1.09092,FRENET,0.214914,1.33449,0.214914,0,1.33449,0.369481,0
11.2942,17.0225,8.01938,-0.0145721,4.08092,-0.267321,-1.09092,FRENET,0.214914,1.33449,0.214914,0,1.33449,0.369481,0
11.2989,17.0629,8.01891,-0.0174084,3.98582,-0.275536,-1.09824,FRENET,0.214914,1.33449,0.214914,0,1.33449,0.369481,0
11.3022,17.0629,8.01891,-0.0174084,3.98582,-0.275536,-1.09824,FRENET,0.214914,1.33449,0.214914,0,1.33449,0.369481,0
11.306,17.0629,8.01891,-0.0174084,3.98582,-0.275536,-1.09824,FRENET,0.214914,1.33449,0.214914,0,1.33449,0.369481,0
11.31,17.1022,8.01841,-0.0201153,3.89072,-0.289707,-1.12717,FRENET,0.214914,1.33449,0.214914,0,1.33449,0.369481,0
11.3143,17.1022,8.01841,-0.0201153,3.89072,-0.289707,-1.12717,FRENET,0.214914,1.33449,0.214914,0,1.33449,0.369481,0
11.319,17.1407,8.01784,-0.0231583,3.79562,-0.294498,-1.1178,FRENET,0.214914,1.33449,0.214914,0,1.33449,0.369481,0
11.3221,17.1407,8.01784,-0.0231583,3.79562,-0.294498,-1.1178,FRENET,0.214914,1.33449,0.214914,0,1.33449,0.369481,0
11.3261,17.1407,8.01784,-0.0231583,3.79562,-0.294498,-1.1178,FRENET,0.212865,1.33449,0.212865,0,1.33449,0.363318,0
11.3303,17.1781,8.01723,-0.0260401,3.70052,-0.305733,-1.13137,FRENET,0.212865,1.33449,0.212865,0,1.33449,0.363318,0
11.3342,17.1781,8.01723,-0.0260401,3.70052,-0.305733,-1.13137,FRENET,0.212865,1.33449,0.212865,0,1.33449,0.363318,0
11.3391,17.2147,8.01654,-0.0292046,3.61319,-0.30352,-1.09667,FRENET,0.212865,1.33449,0.212865,0,1.33449,0.363318,0
11.342,17.2147,8.01654,-0.0292046,3.61319,-0.30352,-1.09667,FRENET,0.212865,1.33449,0.212865,0,1.33449,0.363318,0
11.3462,17.2147,8.01654,-0.0292046,3.61319,-0.30352,-1.09667,FRENET,0.212865,1.33449,0.212865,0,1.33449,0.363318,0
11.3502,17.2505,8.0158,-0.032109,3.54247,-0.299934,-1.06251,FRENET,0.212865,1.33449,0.212865,0,1.33449,0.363318,0
11.3542,17.2505,8.0158,-0.032109,3.54247,-0.299934,-1.06251,FRENET,0.212865,1.33449,0.212865,0,1.33449,0.363318,0
11.359,17.2856,8.01498,-0.035128,3.4852,-0.283086,-0.986611,FRENET,0.212865,1.33449,0.212865,0,1.33449,0.363318,0
11.3622,17.2856,8.01498,-0.035128,3.4852,-0.283086,-0.986611,FRENET,0.212865,1.33449,0.212865,0,1.33449,0.363318,0
11.3662,17.2856,8.01498,-0.035128,3.4852,-0.283086,-0.986611,FRENET,0.212865,1.33449,0.212865,0,1.33449,0.363318,0
11.3701,17.3202,8.01409,-0.0377888,3.43882,-0.270243,-0.929316,FRENET,0.212865,1.33449,0.212865,0,1.33449,0.363318,0
11.3742,17.3202,8.01409,-0.0377888,3.43882,-0.270243,-0.929316,FRENET,0.212865,1.33449,0.212865,0,1.33449,0.363318,0
11.379,17.3544,8.0131,-0.0404825,3.40126,-0.249452,-0.848453,FRENET,0.242879,1.33449,0.242879,0,1.33449,0.360505,0
11.3823,17.3544,8.0131,-0.0404825,3.40126,-0.249452,-0.848453,FRENET,0.242879,1.33449,0.242879,0,1.33449,0.360505,0
11.3861,17.3544,8.0131,-0.0404825,3.40126,-0.249452,-0.848453,FRENET,0.242879,1.33449,0.242879,0,1.33449,0.360505,0
11.3903,17.3882,8.01204,-0.0428075,3.37085,-0.235624,-0.794253,FRENET,0.242879,1.33449,0.242879,0,1.33449,0.360505,0
11.3942,17.3882,8.01204,-0.0428075,3.37085,-0.235624,-0.794253,FRENET,0.242879,1.33449,0.242879,0,1.33449,0.360505,0
11.3989,17.4218,8.01089,-0.0451587,3.34622,-0.216548,-0.724618,FRENET,0.242879,1.33449,0.242879,0,1.33449,0.360505,0
11.402,17.4218,8.01089,-0.0451587,3.34622,-0.216548,-0.724618,FRENET,0.242879,1.33449,0.242879,0,1.33449,0.360505,0
11.4061,17.4218,8.01089,-0.0451587,3.34622,-0.216548,-0.724618,FRENET,0.242879,1.33449,0.242879,0,1.33449,0.360505,0
11.4101,17.4551,8.00967,-0.0470043,3.32628,-0.155954,-0.518748,FRENET,0.242879,1.33449,0.242879,0,1.33449,0.360505,0
11.414,17.4551,8.00967,-0.0470043,3.32628,-0.155954,-0.518748,FRENET,0.242879,1.33449,0.242879,0,1.33449,0.360505,0
11.4188,17.4883,8.00843,-0.048162,3.31012,-0.062517,-0.206939,FRENET,0.242879,1.33449,0.242879,0,1.33449,0.360505,0
11.422,17.4883,8.00843,-0.048162,3.31012,-0.062517,-0.206939,FRENET,0.242879,1.33449,0.242879,0,1.33449,0.360505,0
11.426,17.4883,8.00843,-0.048162,3.31012,-0.062517,-0.206939,FRENET,0.27488,0.787227,0.27488,0,0.787227,0.360959,0
11.4298,17.5213,8.0072,-0.04837,3.29705,-0.000766658,-0.00252771,FRENET,0.27488,0.787227,0.27488,0,0.787227,0.360959,0
11.4341,17.5213,8.0072,-0.04837,3.29705,-0.000766658,-0.00252771,FRENET,0.27488,0.787227,0.27488,0,0.787227,0.360959,0
11.4389,17.5543,8.00593,-0.0481881,3.31145,0.0501156,0.165955,FRENET,0.27488,0.787227,0.27488,0,0.787227,0.360959,0
11.4422,17.5543,8.00593,-0.0481881,3.31145,0.0501156,0.165955,FRENET,0.27488,0.787227,0.27488,0,0.787227,0.360959,0
11.446,17.5543,8.00593,-0.0481881,3.31145,0.0501156,0.165955,FRENET,0.27488,0.787227,0.27488,0,0.787227,0.360959,0
11.4501,17.5875,8.00467,-0.047442,3.32517,0.081068,0.269565,FRENET,0.27488,0.787227,0.27488,0,0.787227,0.360959,0
11.4542,17.5875,8.00467,-0.047442,3.32517,0.081068,0.269565,FRENET,0.27488,0.787227,0.27488,0,0.787227,0.360959,0
11.459,17.6208,8.00338,-0.0465758,3.33824,0.106705,0.356207,FRENET,0.27488,0.787227,0.27488,0,0.787227,0.360959,0
11.462,17.6208,8.00338,-0.0465758,3.33824,0.106705,0.356207,FRENET,0.27488,0.787227,0.27488,0,0.787227,0.360959,0
11.4661,17.6208,8.00338,-0.0465758,3.33824,0.106705,0.356207,FRENET,0.27488,0.787227,0.27488,0,0.787227,0.360959,0
11.4703,17.6542,8.00209,-0.0453577,3.35069,0.119824,0.401494,FRENET,0.27488,0.787227,0.27488,0,0.787227,0.360959,0
11.4742,17.6542,8.00209,-0.0453577,3.35069,0.119824,0.401494,FRENET,0.27488,0.787227,0.27488,0,0.787227,0.360959,0
11.4789,17.6878,8.0008,-0.0441708,3.36254,0.132939,0.447013,FRENET,0.248511,0.787227,0.248511,0,0.787227,0.346282,0
11.4822,17.6878,8.0008,-0.0441708,3.36254,0.132939,0.447013,FRENET,0.248511,0.787227,0.248511,0,0.787227,0.346282,0
11.4862,17.6878,8.0008,-0.0441708,3.36254,0.132939,0.447013,FRENET,0.248511,0.787227,0.248511,0,0.787227,0.346282,0
11.4901,17.7214,7.99952,-0.0427362,3.37384,0.137327,0.463319,FRENET,0.248511,0.787227,0.248511,0,0.787227,0.346282,0
11.4943,17.7214,7.99952,-0.0427362,3.37384,0.137327,0.463319,FRENET,0.248511,0.787227,0.248511,0,0.787227,0.346282,0
11.4989,17.7552,7.99825,-0.0414067,3.38459,0.144408,0.488763,FRENET,0.248511,0.787227,0.248511,0,0.787227,0.346282,0
11.5025,17.7552,7.99825,-0.0414067,3.38459,0.144408,0.488763,FRENET,0.248511,0.787227,0.248511,0,0.787227,0.346282,0
11.5062,17.7552,7.99825,-0.0414067,3.38459,0.144408,0.488763,FRENET,0.248511,0.787227,0.248511,0,0.787227,0.346282,0
11.5103,17.7891,7.997,-0.039879,3.39483,0.144672,0.491137,FRENET,0.248511,0.787227,0.248511,0,0.787227,0.346282,0
11.5143,17.7891,7.997,-0.039879,3.39483,0.144672,0.491137,FRENET,0.248511,0.787227,0.248511,0,0.787227,0.346282,0
11.519,17.823,7.99576,-0.0384912,3.40459,0.148973,0.507191,FRENET,0.248511,0.787227,0.248511,0,0.787227,0.346282,0
11.522,17.823,7.99576,-0.0384912,3.40459,0.148973,0.507191,FRENET,0.248511,0.787227,0.248511,0,0.787227,0.346282,0
11.5262,17.823,7.99576,-0.0384912,3.40459,0.148973,0.507191,FRENET,0.230813,0.787227,0.230813,0,0.787227,0.348586,0
11.5302,17.8571,7.99457,-0.0369308,3.41702,0.146972,0.502205,FRENET,0.230813,0.787227,0.230813,0,0.787227,0.348586,0
11.5342,17.8571,7.99457,-0.0369308,3.41702,0.146972,0.502205,FRENET,0.230813,0.787227,0.230813,0,0.787227,0.348586,0
11.5388,17.8913,7.99338,-0.0355276,3.42886,0.14971,0.513336,FRENET,0.230813,0.787227,0.230813,0,0.787227,0.348586,0
11.5421,17.8913,7.99338,-0.0355276,3.42886,0.14971,0.513336,FRENET,0.230813,0.787227,0.230813,0,0.787227,0.348586,0
11.5462,17.8913,7.99338,-0.0355276,3.42886,0.14971,0.513336,FRENET,0.230813,0.787227,0.230813,0,0.787227,0.348586,0
11.5501,17.9256,7.99224,-0.033962,3.44014,0.147234,0.506505,FRENET,0.230813,0.787227,0.230813,0,0.787227,0.348586,0
11.5541,17.9256,7.99224,-0.033962,3.44014,0.147234,0.506505,FRENET,0.230813,0.787227,0.230813,0,0.787227,0.348586,0
11.5589,17.9601,7.99112,-0.0325579,3.45088,0.149736,0.51672,FRENET,0.230813,0.787227,0.230813,0,0.787227,0.348586,0
11.562,17.9601,7.99112,-0.0325579,3.45088,0.149736,0.51672,FRENET,0.230813,0.787227,0.230813,0,0.787227,0.348586,0
11.566,17.9601,7.99112,-0.0325579,3.45088,0.149736,0.51672,FRENET,0.230813,0.787227,0.230813,0,0.787227,0.348586,0
11.5701,17.9946,7.99005,-0.0309922,3.46111,0.147171,0.509377,FRENET,0.230813,0.787227,0.230813,0,0.787227,0.348586,0
11.5741,17.9946,7.99005,-0.0309922,3.46111,0.147171,0.509377,FRENET,0.230813,0.787227,0.230813,0,0.787227,0.348586,0
11.5787,18.0293,7.98901,-0.0295891,3.47085,0.149678,0.519511,FRENET,0.259277,0.787227,0.259277,0,0.787227,0.347712,0
11.582,18.0293,7.98901,-0.0295891,3.47085,0.149678,0.519511,FRENET,0.259277,0.787227,0.259277,0,0.787227,0.347712,0
11.5861,18.0293,7.98901,-0.0295891,3.47085,0.149678,0.519511,FRENET,0.259277,0.787227,0.259277,0,0.787227,0.347712,0
11.5902,18.064,7.98801,-0.0280234,3.48014,0.147169,0.512169,FRENET,0.259277,0.787227,0.259277,0,0.787227,0.347712,0
11.5941,18.064,7.98801,-0.0280234,3.48014,0.147169,0.512169,FRENET,0.259277,0.787227,0.259277,0,0.787227,0.347712,0
11.5988,18.0988,7.98704,-0.0266202,3.48897,0.149759,0.522504,FRENET,0.259277,0.787227,0.259277,0,0.787227,0.347712,0
11.6021,18.0988,7.98704,-0.0266202,3.48897,0.149759,0.522504,FRENET,0.259277,0.787227,0.259277,0,0.787227,0.347712,0
11.6061,18.0988,7.98704,-0.0266202,3.48897,0.149759,0.522504,FRENET,0.259277,0.787227,0.259277,0,0.787227,0.347712,0
11.6101,18.1338,7.98613,-0.025053,3.49739,0.14734,0.515307,FRENET,0.259277,0.787227,0.259277,0,0.787227,0.347712,0
11.614,18.1338,7.98613,-0.025053,3.49739,0.14734,0.515307,FRENET,0.259277,0.787227,0.259277,0,0.787227,0.347712,0
11.6189,18.1688,7.98525,-0.023648,3.50541,0.15002,0.525881,FRENET,0.259277,0.787227,0.259277,0,0.787227,0.347712,0
11.622,18.1688,7.98525,-0.023648,3.50541,0.15002,0.525881,FRENET,0.259277,0.787227,0.259277,0,0.787227,0.347712,0
11.626,18.1688,7.98525,-0.023648,3.50541,0.15002,0.525881,FRENET,0.190968,1.88664,0.190968,0,1.88664,0.336684,0
11.6298,18.2039,7.98443,-0.0220774,3.51305,0.147684,0.51882,FRENET,0.190968,1.88664,0.190968,0,1.88664,0.336684,0
11.6338,18.2039,7.98443,-0.0220774,3.51305,0.147684,0.51882,FRENET,0.190968,1.88664,0.190968,0,1.88664,0.336684,0
11.6389,18.2385,7.98365,-0.0205699,3.41795,0.176581,0.603545,FRENET,0.190968,1.88664,0.190968,0,1.88664,0.336684,0
11.6421,18.2385,7.98365,-0.0205699,3.41795,0.176581,0.603545,FRENET,0.190968,1.88664,0.190968,0,1.88664,0.336684,0
11.6459,18.2385,7.98365,-0.0205699,3.41795,0.176581,0.603545,FRENET,0.190968,1.88664,0.190968,0,1.88664,0.336684,0
11.6501,18.2722,7.98296,-0.0186132,3.32285,0.189567,0.629903,FRENET,0.190968,1.88664,0.190968,0,1.88664,0.336684,0
11.6539,18.2722,7.98296,-0.0186132,3.32285,0.189567,0.629903,FRENET,0.190968,1.88664,0.190968,0,1.88664,0.336684,0
11.6587,18.3049,7.98231,-0.01675,3.22775,0.2065,0.66653,FRENET,0.190968,1.88664,0.190968,0,1.88664,0.336684,0
11.6618,18.3049,7.98231,-0.01675,3.22775,0.2065,0.66653,FRENET,0.190968,1.88664,0.190968,0,1.88664,0.336684,0
11.6661,18.3049,7.98231,-0.01675,3.22775,0.2065,0.66653,FRENET,0.190968,1.88664,0.190968,0,1.88664,0.336684,0
11.6701,18.3367,7.98178,-0.0141102,3.13265,0.337224,1.0564,FRENET,0.190968,1.88664,0.190968,0,1.88664,0.336684,0
11.6739,18.3367,7.98178,-0.0141102,3.13265,0.337224,1.0564,FRENET,0.190968,1.88664,0.190968,0,1.88664,0.336684,0
11.6787,18.3676,7.98142,-0.0101891,3.03755,0.416926,1.26643,FRENET,0.196891,1.88664,0.196891,0,1.88664,0.339351,0
11.6819,18.3676,7.98142,-0.0101891,3.03755,0.416926,1.26643,FRENET,0.196891,1.88664,0.196891,0,1.88664,0.339351,0
11.6859,18.3676,7.98142,-0.0101891,3.03755,0.416926,1.26643,FRENET,0.196891,1.88664,0.196891,0,1.88664,0.339351,0
11.69,18.3975,7.98118,-0.00581552,2.94245,0.477935,1.4063,FRENET,0.196891,1.88664,0.196891,0,1.88664,0.339351,0
11.694,18.3975,7.98118,-0.00581552,2.94245,0.477935,1.4063,FRENET,0.196891,1.88664,0.196891,0,1.88664,0.339351,0
11.6988,18.4264,7.98109,-0.000748104,2.84735,0.508397,1.44758,FRENET,0.196891,1.88664,0.196891,0,1.88664,0.339351,0
11.7019,18.4264,7.98109,-0.000748104,2.84735,0.508397,1.44758,FRENET,0.196891,1.88664,0.196891,0,1.88664,0.339351,0
11.7059,18.4264,7.98109,-0.000748104,2.84735,0.508397,1.44758,FRENET,0.196891,1.88664,0.196891,0,1.88664,0.339351,0
11.71,18.4544,7.9811,0.00435838,2.75225,0.535062,1.47262,FRENET,0.196891,1.88664,0.196891,0,1.88664,0.339351,0
11.714,18.4544,7.9811,0.00435838,2.75225,0.535062,1.47262,FRENET,0.196891,1.88664,0.196891,0,1.88664,0.339351,0
11.7187,18.4815,7.98124,0.00986298,2.65715,0.539994,1.43485,FRENET,0.196891,1.88664,0.196891,0,1.88664,0.339351,0
11.7219,18.4815,7.98124,0.00986298,2.65715,0.539994,1.43485,FRENET,0.196891,1.88664,0.196891,0,1.88664,0.339351,0
11.7259,18.4815,7.98124,0.00986298,2.65715,0.539994,1.43485,FRENET,0.212636,1.88664,0.212636,0,1.88664,0.328129,0
11.7301,18.5076,7.98147,0.015189,2.56205,0.54832,1.40482,FRENET,0.212636,1.88664,0.212636,0,1.88664,0.328129,0
11.7338,18.5076,7.98147,0.015189,2.56205,0.54832,1.40482,FRENET,0.212636,1.88664,0.212636,0,1.88664,0.328129,0
11.739,18.5327,7.98184,0.0207492,2.46695,0.538407,1.32822,FRENET,0.212636,1.88664,0.212636,0,1.88664,0.328129,0
11.7419,18.5327,7.98184,0.0207492,2.46695,0.538407,1.32822,FRENET,0.212636,1.88664,0.212636,0,1.88664,0.328129,0
11.7459,18.5327,7.98184,0.0207492,2.46695,0.538407,1.32822,FRENET,0.212636,1.88664,0.212636,0,1.88664,0.328129,0
11.7499,18.5569,7.9823,0.0260021,2.37185,0.535783,1.2708,FRENET,0.212636,1.88664,0.212636,0,1.88664,0.328129,0
11.7539,18.5569,7.9823,0.0260021,2.37185,0.535783,1.2708,FRENET,0.212636,1.88664,0.212636,0,1.88664,0.328129,0
11.7594,18.5801,7.98287,0.0313856,2.27701,0.51587,1.17464,FRENET,0.212636,1.88664,0.212636,0,1.88664,0.328129,0
11.7621,18.5801,7.98287,0.0313856,2.27701,0.51587,1.17464,FRENET,0.212636,1.88664,0.212636,0,1.88664,0.328129,0
11.766,18.5801,7.98287,0.0313856,2.27701,0.51587,1.17464,FRENET,0.212636,1.88664,0.212636,0,1.88664,0.328129,0
11.7699,18.6025,7.9835,0.0359149,2.20021,0.377633,0.830873,FRENET,0.212636,1.88664,0.212636,0,1.88664,0.328129,0
11.7739,18.6025,7.9835,0.0359149,2.20021,0.377633,0.830873,FRENET,0.212636,1.88664,0.212636,0,1.88664,0.328129,0
11.7794,18.6242,7.98414,0.0391252,2.13802,0.293496,0.627501,FRENET,0.195481,1.88664,0.195481,0,1.88664,0.321324,0
11.782,18.6242,7.98414,0.0391252,2.13802,0.293496,0.627501,FRENET,0.195481,1.88664,0.195481,0,1.88664,0.321324,0
11.786,18.6242,7.98414,0.0391252,2.13802,0.293496,0.627501,FRENET,0.195481,1.88664,0.195481,0,1.88664,0.321324,0
11.79,18.6453,7.98485,0.041797,2.08766,0.224786,0.469277,FRENET,0.195481,1.88664,0.195481,0,1.88664,0.321324,0
11.7942,18.6453,7.98485,0.041797,2.08766,0.224786,0.469277,FRENET,0.195481,1.88664,0.195481,0,1.88664,0.321324,0
11.7994,18.666,7.98559,0.0437352,2.04688,0.186666,0.382082,FRENET,0.195481,1.88664,0.195481,0,1.88664,0.321324,0
11.8021,18.666,7.98559,0.0437352,2.04688,0.186666,0.382082,FRENET,0.195481,1.88664,0.195481,0,1.88664,0.321324,0
11.806,18.666,7.98559,0.0437352,2.04688,0.186666,0.382082,FRENET,0.195481,1.88664,0.195481,0,1.88664,0.321324,0
11.8099,18.6863,7.98641,0.0455074,2.01385,0.150542,0.30317,FRENET,0.195481,1.88664,0.195481,0,1.88664,0.321324,0
11.8141,18.6863,7.98641,0.0455074,2.01385,0.150542,0.30317,FRENET,0.195481,1.88664,0.195481,0,1.88664,0.321324,0
11.8196,18.7063,7.98726,0.0468301,1.98711,0.135007,0.268273,FRENET,0.195481,1.88664,0.195481,0,1.88664,0.321324,0
11.8218,18.7063,7.98726,0.0468301,1.98711,0.135007,0.268273,FRENET,0.195481,1.88664,0.195481,0,1.88664,0.321324,0
11.826,18.7063,7.98726,0.0468301,1.98711,0.135007,0.268273,FRENET,0.232888,0.721156,0.232888,0,0.721156,0.313071,0
11.83,18.726,7.98817,0.0481694,1.96545,0.115222,0.226464,FRENET,0.232888,0.721156,0.232888,0,0.721156,0.313071,0
11.8339,18.726,7.98817,0.0481694,1.96545,0.115222,0.226464,FRENET,0.232888,0.721156,0.232888,0,0.721156,0.313071,0
11.8396,18.7458,7.98912,0.0491507,2.00641,0.097898,0.196423,FRENET,0.232888,0.721156,0.232888,0,0.721156,0.313071,0
11.8422,18.7458,7.98912,0.0491507,2.00641,0.097898,0.196423,FRENET,0.232888,0.721156,0.232888,0,0.721156,0.313071,0
11.8459,18.7458,7.98912,0.0491507,2.00641,0.097898,0.196423,FRENET,0.232888,0.721156,0.232888,0,0.721156,0.313071,0
11.8502,18.7661,7.99015,0.0501309,2.04542,0.085341,0.174558,FRENET,0.232888,0.721156,0.232888,0,0.721156,0.313071,0
11.8541,18.7661,7.99015,0.0501309,2.04542,0.085341,0.174558,FRENET,0.232888,0.721156,0.232888,0,0.721156,0.313071,0
11.8595,18.7867,7.9912,0.0506647,2.08257,0.0132885,0.0276743,FRENET,0.232888,0.721156,0.232888,0,0.721156,0.313071,0
11.8619,18.7867,7.9912,0.0506647,2.08257,0.0132885,0.0276743,FRENET,0.232888,0.721156,0.232888,0,0.721156,0.313071,0
11.866,18.7867,7.9912,0.0506647,2.08257,0.0132885,0.0276743,FRENET,0.232888,0.721156,0.232888,0,0.721156,0.313071,0
11.8699,18.8077,7.99222,0.0505191,2.11796,-0.0243675,-0.0516093,FRENET,0.232888,0.721156,0.232888,0,0.721156,0.313071,0
11.8739,18.8077,7.99222,0.0505191,2.11796,-0.0243675,-0.0516093,FRENET,0.232888,0.721156,0.232888,0,0.721156,0.313071,0
11.8795,18.829,7.99325,0.0501931,2.15167,-0.0533123,-0.11471,FRENET,0.223394,0.721156,0.223394,0,0.721156,0.310439,0
11.8821,18.829,7.99325,0.0501931,2.15167,-0.0533123,-0.11471,FRENET,0.223394,0.721156,0.223394,0,0.721156,0.310439,0
11.8859,18.829,7.99325,0.0501931,2.15167,-0.0533123,-0.11471,FRENET,0.223394,0.721156,0.223394,0,0.721156,0.310439,0
11.8899,18.8506,7.99426,0.0495174,2.18377,-0.0658543,-0.143811,FRENET,0.223394,0.721156,0.223394,0,0.721156,0.310439,0
11.8939,18.8506,7.99426,0.0495174,2.18377,-0.0658543,-0.143811,FRENET,0.223394,0.721156,0.223394,0,0.721156,0.310439,0
11.8999,18.8726,7.99527,0.0488591,2.21435,-0.0798301,-0.176772,FRENET,0.223394,0.721156,0.223394,0,0.721156,0.310439,0
11.9027,18.8726,7.99527,0.0488591,2.21435,-0.0798301,-0.176772,FRENET,0.223394,0.721156,0.223394,0,0.721156,0.310439,0
11.9061,18.8726,7.99527,0.0488591,2.21435,-0.0798301,-0.176772,FRENET,0.223394,0.721156,0.223394,0,0.721156,0.310439,0
11.9122,18.8949,7.99626,0.0479661,2.24347,-0.0833872,-0.187077,FRENET,0.223394,0.721156,0.223394,0,0.721156,0.310439,0
11.9149,18.8949,7.99626,0.0479661,2.24347,-0.0833872,-0.187077,FRENET,0.223394,0.721156,0.223394,0,0.721156,0.310439,0
11.9196,18.9174,7.99726,0.0471636,2.27121,-0.0918025,-0.208503,FRENET,0.223394,0.721156,0.223394,0,0.721156,0.310439,0
11.922,18.9174,7.99726,0.0471636,2.27121,-0.0918025,-0.208503,FRENET,0.223394,0.721156,0.223394,0,0.721156,0.310439,0
11.926,18.9174,7.99726,0.0471636,2.27121,-0.0918025,-0.208503,FRENET,0.239298,0.721156,0.239298,0,0.721156,0.321513,0
11.93,18.9402,7.99823,0.0461683,2.29763,-0.0919324,-0.211226,FRENET,0.239298,0.721156,0.239298,0,0.721156,0.321513,0
11.934,18.9402,7.99823,0.0461683,2.29763,-0.0919324,-0.211226,FRENET,0.239298,0.721156,0.239298,0,0.721156,0.321513,0
11.9396,18.9633,7.9992,0.0452933,2.32279,-0.0981301,-0.227936,FRENET,0.239298,0.721156,0.239298,0,0.721156,0.321513,0
11.9419,18.9633,7.9992,0.0452933,2.32279,-0.0981301,-0.227936,FRENET,0.239298,0.721156,0.239298,0,0.721156,0.321513,0
11.946,18.9633,7.9992,0.0452933,2.32279,-0.0981301,-0.227936,FRENET,0.239298,0.721156,0.239298,0,0.721156,0.321513,0
11.9499,18.9867,8.00015,0.0442414,2.34676,-0.0968602,-0.227307,FRENET,0.239298,0.721156,0.239298,0,0.721156,0.321513,0
11.9541,18.9867,8.00015,0.0442414,2.34676,-0.0968602,-0.227307,FRENET,0.239298,0.721156,0.239298,0,0.721156,0.321513,0
11.9597,19.0102,8.00109,0.043323,2.36958,-0.102097,-0.241927,FRENET,0.239298,0.721156,0.239298,0,0.721156,0.321513,0
11.962,19.0102,8.00109,0.043323,2.36958,-0.102097,-0.241927,FRENET,0.239298,0.721156,0.239298,0,0.721156,0.321513,0
11.966,19.0102,8.00109,0.043323,2.36958,-0.102097,-0.241927,FRENET,0.239298,0.721156,0.239298,0,0.721156,0.321513,0
11.9701,19.034,8.00201,0.042234,2.39133,-0.100207,-0.239627,FRENET,0.239298,0.721156,0.239298,0,0.721156,0.321513,0
11.9741,19.034,8.00201,0.042234,2.39133,-0.100207,-0.239627,FRENET,0.239298,0.721156,0.239298,0,0.721156,0.321513,0
11.9797,19.058,8.00293,0.0412854,2.41203,-0.104981,-0.253217,FRENET,0.209324,0.721156,0.209324,0,0.721156,0.322734,0
11.9818,19.058,8.00293,0.0412854,2.41203,-0.104981,-0.253217,FRENET,0.209324,0.721156,0.209324,0,0.721156,0.322734,0
11.9863,19.058,8.00293,0.0412854,2.41203,-0.104981,-0.253217,FRENET,0.209324,0.721156,0.209324,0,0.721156,0.322734,0
11.9901,19.0822,8.00383,0.0401742,2.43847,-0.102216,-0.249251,FRENET,0.209324,0.721156,0.209324,0,0.721156,0.322734,0
11.9942,19.0822,8.00383,0.0401742,2.43847,-0.102216,-0.249251,FRENET,0.209324,0.721156,0.209324,0,0.721156,0.322734,0
11.9996,19.1067,8.00472,0.0392077,2.46366,-0.106258,-0.261784,FRENET,0.209324,0.721156,0.209324,0,0.721156,0.322734,0
12.0019,19.1067,8.00472,0.0392077,2.46366,-0.106258,-0.261784,FRENET,0.209324,0.721156,0.209324,0,0.721156,0.322734,0
12.0061,19.1067,8.00472,0.0392077,2.46366,-0.106258,-0.261784,FRENET,0.209324,0.721156,0.209324,0,0.721156,0.322734,0
12.0101,19.1315,8.00558,0.0380803,2.48764,-0.103959,-0.258614,FRENET,0.209324,0.721156,0.209324,0,0.721156,0.322734,0
12.014,19.1315,8.00558,0.0380803,2.48764,-0.103959,-0.258614,FRENET,0.209324,0.721156,0.209324,0,0.721156,0.322734,0
12.0196,19.1564,8.00644,0.037096,2.51049,-0.108219,-0.271682,FRENET,0.209324,0.721156,0.209324,0,0.721156,0.322734,0
12.0221,19.1564,8.00644,0.037096,2.51049,-0.108219,-0.271682,FRENET,0.209324,0.721156,0.209324,0,0.721156,0.322734,0
12.0267,19.1564,8.00644,0.037096,2.51049,-0.108219,-0.271682,FRENET,0.232629,1.68547,0.232629,0,1.68547,0.335419,0
12.0299,19.1816,8.00727,0.0359475,2.53225,-0.106035,-0.268506,FRENET,0.232629,1.68547,0.232629,0,1.68547,0.335419,0
12.0341,19.1816,8.00727,0.0359475,2.53225,-0.106035,-0.268506,FRENET,0.232629,1.68547,0.232629,0,1.68547,0.335419,0
12.0395,19.2065,8.00807,0.0349023,2.43715,-0.126068,-0.307247,FRENET,0.232629,1.68547,0.232629,0,1.68547,0.335419,0
12.042,19.2065,8.00807,0.0349023,2.43715,-0.126068,-0.307247,FRENET,0.232629,1.68547,0.232629,0,1.68547,0.335419,0
12.0462,19.2065,8.00807,0.0349023,2.43715,-0.126068,-0.307247,FRENET,0.232629,1.68547,0.232629,0,1.68547,0.335419,0
12.0498,19.2305,8.00881,0.0335248,2.35895,-0.125693,-0.296504,FRENET,0.232629,1.68547,0.232629,0,1.68547,0.335419,0
12.054,19.2305,8.00881,0.0335248,2.35895,-0.125693,-0.296504,FRENET,0.232629,1.68547,0.232629,0,1.68547,0.335419,0
12.0587,19.2537,8.00951,0.0323456,2.29563,-0.131818,-0.302605,FRENET,0.232629,1.68547,0.232629,0,1.68547,0.335419,0
12.0619,19.2537,8.00951,0.0323456,2.29563,-0.131818,-0.302605,FRENET,0.232629,1.68547,0.232629,0,1.68547,0.335419,0
12.0661,19.2537,8.00951,0.0323456,2.29563,-0.131818,-0.302605,FRENET,0.232629,1.68547,0.232629,0,1.68547,0.335419,0
12.0701,19.2764,8.01016,0.0309621,2.24435,-0.123822,-0.277901,FRENET,0.232629,1.68547,0.232629,0,1.68547,0.335419,0
12.074,19.2764,8.01016,0.0309621,2.24435,-0.123822,-0.277901,FRENET,0.232629,1.68547,0.232629,0,1.68547,0.335419,0
12.0788,19.2986,8.01078,0.0298187,2.20283,-0.125305,-0.276025,FRENET,0.227943,1.68547,0.227943,0,1.68547,0.323611,0
12.0822,19.2986,8.01078,0.0298187,2.20283,-0.125305,-0.276025,FRENET,0.227943,1.68547,0.227943,0,1.68547,0.323611,0
12.0862,19.2986,8.01078,0.0298187,2.20283,-0.125305,-0.276025,FRENET,0.227943,1.68547,0.227943,0,1.68547,0.323611,0
12.09,19.3203,8.01135,0.0284858,2.13931,-0.118948,-0.254467,FRENET,0.227943,1.68547,0.227943,0,1.68547,0.323611,0
12.0939,19.3203,8.01135,0.0284858,2.13931,-0.118948,-0.254467,FRENET,0.227943,1.68547,0.227943,0,1.68547,0.323611,0
12.0987,19.3415,8.01188,0.027388,2.08788,-0.121738,-0.254174,FRENET,0.227943,1.68547,0.227943,0,1.68547,0.323611,0
12.102,19.3415,8.01188,0.027388,2.08788,-0.121738,-0.254174,FRENET,0.227943,1.68547,0.227943,0,1.68547,0.323611,0
12.1061,19.3415,8.01188,0.027388,2.08788,-0.121738,-0.254174,FRENET,0.227943,1.68547,0.227943,0,1.68547,0.323611,0
12.1101,19.3621,8.01237,0.0261202,2.04623,-0.111605,-0.228371,FRENET,0.227943,1.68547,0.227943,0,1.68547,0.323611,0
12.114,19.3621,8.01237,0.0261202,2.04623,-0.111605,-0.228371,FRENET,0.227943,1.68547,0.227943,0,1.68547,0.323611,0
12.1187,19.3826,8.01284,0.0251109,2.04239,-0.108478,-0.221553,FRENET,0.227943,1.68547,0.227943,0,1.68547,0.323611,0
12.1221,19.3826,8.01284,0.0251109,2.04239,-0.108478,-0.221553,FRENET,0.227943,1.68547,0.227943,0,1.68547,0.323611,0
12.1261,19.3826,8.01284,0.0251109,2.04239,-0.108478,-0.221553,FRENET,0.206134,1.68547,0.206134,0,1.68547,0.319315,0
12.1301,19.403,8.01324,0.0236906,2.03928,-0.186197,-0.379707,FRENET,0.206134,1.68547,0.206134,0,1.68547,0.319315,0
12.1341,19.403,8.01324,0.0236906,2.03928,-0.186197,-0.379707,FRENET,0.206134,1.68547,0.206134,0,1.68547,0.319315,0
12.1387,19.4233,8.01353,0.0215332,2.03676,-0.223949,-0.45613,FRENET,0.206134,1.68547,0.206134,0,1.68547,0.319315,0
12.142,19.4233,8.01353,0.0215332,2.03676,-0.223949,-0.45613,FRENET,0.206134,1.68547,0.206134,0,1.68547,0.319315,0
12.1461,19.4233,8.01353,0.0215332,2.03676,-0.223949,-0.45613,FRENET,0.206134,1.68547,0.206134,0,1.68547,0.319315,0
12.15,19.4437,8.01378,0.0195181,2.03471,-0.166667,-0.33912,FRENET,0.206134,1.68547,0.206134,0,1.68547,0.319315,0
12.1542,19.4437,8.01378,0.0195181,2.03471,-0.166667,-0.33912,FRENET,0.206134,1.68547,0.206134,0,1.68547,0.319315,0
12.1587,19.464,8.01404,0.0180824,2.03306,-0.140654,-0.285959,FRENET,0.206134,1.68547,0.206134,0,1.68547,0.319315,0
12.1619,19.464,8.01404,0.0180824,2.03306,-0.140654,-0.285959,FRENET,0.206134,1.68547,0.206134,0,1.68547,0.319315,0
12.1661,19.464,8.01404,0.0180824,2.03306,-0.140654,-0.285959,FRENET,0.206134,1.68547,0.206134,0,1.68547,0.319315,0
12.17,19.4844,8.01427,0.0167107,2.03172,-0.118078,-0.239901,FRENET,0.206134,1.68547,0.206134,0,1.68547,0.319315,0
12.1739,19.4844,8.01427,0.0167107,2.03172,-0.118078,-0.239901,FRENET,0.206134,1.68547,0.206134,0,1.68547,0.319315,0
12.179,19.5047,8.01449,0.0156502,2.03064,-0.112271,-0.227981,FRENET,0.0978411,1.12846,0.0978411,0,1.12846,0.320746,0
12.1821,19.5047,8.01449,0.0156502,2.03064,-0.112271,-0.227981,FRENET,0.0978411,1.12846,0.0978411,0,1.12846,0.320746,0
12.1861,19.5047,8.01449,0.0156502,2.03064,-0.112271,-0.227981,FRENET,0.0978411,1.12846,0.0978411,0,1.12846,0.320746,0
12.1901,19.5245,8.01469,0.0144337,1.93554,-0.105921,-0.205015,FRENET,0.0978411,1.12846,0.0978411,0,1.12846,0.320746,0
12.1939,19.5245,8.01469,0.0144337,1.93554,-0.105921,-0.205015,FRENET,0.0978411,1.12846,0.0978411,0,1.12846,0.320746,0
12.1986,19.5434,8.01487,0.01346,1.84044,-0.1132,-0.208337,FRENET,0.0978411,1.12846,0.0978411,0,1.12846,0.320746,0
12.202,19.5434,8.01487,0.01346,1.84044,-0.1132,-0.208337,FRENET,0.0978411,1.12846,0.0978411,0,1.12846,0.320746,0
12.2061,19.5434,8.01487,0.01346,1.84044,-0.1132,-0.208337,FRENET,0.0978411,1.12846,0.0978411,0,1.12846,0.320746,0
12.21,19.5613,8.01502,0.0122587,1.74534,-0.101981,-0.177991,FRENET,0.0978411,1.12846,0.0978411,0,1.12846,0.320746,0
12.214,19.5613,8.01502,0.0122587,1.74534,-0.101981,-0.177991,FRENET,0.0978411,1.12846,0.0978411,0,1.12846,0.320746,0
12.2187,19.5783,8.01519,0.0117276,1.65024,0.00755353,0.0124651,FRENET,0.0978411,1.12846,0.0978411,0,1.12846,0.320746,0
12.222,19.5783,8.01519,0.0117276,1.65024,0.00755353,0.0124651,FRENET,0.0978411,1.12846,0.0978411,0,1.12846,0.320746,0
12.226,19.5783,8.01519,0.0117276,1.65024,0.00755353,0.0124651,FRENET,0.136665,1.12846,0.136665,0.0142342,1.12846,0.313032,0
12.2301,19.5943,8.01545,0.0125367,1.55514,0.15842,0.246366,FRENET,0.136665,1.12846,0.136665,0.0142342,1.12846,0.313032,0
12.234,19.5943,8.01545,0.0125367,1.55514,0.15842,0.246366,FRENET,0.136665,1.12846,0.136665,0.0142342,1.12846,0.313032,0
12.2387,19.6094,8.01585,0.0149127,1.46308,0.316768,0.463457,FRENET,0.136665,1.12846,0.136665,0.0142342,1.12846,0.313032,0
12.2421,19.6094,8.01585,0.0149127,1.46308,0.316768,0.463457,FRENET,0.136665,1.12846,0.136665,0.0142342,1.12846,0.313032,0
12.246,19.6094,8.01585,0.0149127,1.46308,0.316768,0.463457,FRENET,0.136665,1.12846,0.136665,0.0142342,1.12846,0.313032,0
12.2502,19.6236,8.01637,0.0184246,1.38852,0.351418,0.487952,FRENET,0.136665,1.12846,0.136665,0.0142342,1.12846,0.313032,0
12.2541,19.6236,8.01637,0.0184246,1.38852,0.351418,0.487952,FRENET,0.136665,1.12846,0.136665,0.0142342,1.12846,0.313032,0
12.2589,19.6372,8.01695,0.0219007,1.32815,0.36312,0.482278,FRENET,0.136665,1.12846,0.136665,0.0142342,1.12846,0.313032,0
12.2621,19.6372,8.01695,0.0219007,1.32815,0.36312,0.482278,FRENET,0.136665,1.12846,0.136665,0.0142342,1.12846,0.313032,0
12.2661,19.6372,8.01695,0.0219007,1.32815,0.36312,0.482278,FRENET,0.136665,1.12846,0.136665,0.0142342,1.12846,0.313032,0
12.2701,19.6502,8.01761,0.0255256,1.27926,0.339481,0.434284,FRENET,0.136665,1.12846,0.136665,0.0142342,1.12846,0.313032,0
12.2741,19.6502,8.01761,0.0255256,1.27926,0.339481,0.434284,FRENET,0.136665,1.12846,0.136665,0.0142342,1.12846,0.313032,0
12.2788,19.6628,8.0183,0.028776,1.23967,0.332652,0.412378,FRENET,0.102421,1.12846,0.102421,0.0562656,1.12846,0.311033,0
12.282,19.6628,8.0183,0.028776,1.23967,0.332652,0.412378,FRENET,0.102421,1.12846,0.102421,0.0562656,1.12846,0.311033,0
12.2861,19.6628,8.0183,0.028776,1.23967,0.332652,0.412378,FRENET,0.102421,1.12846,0.102421,0.0562656,1.12846,0.311033,0
12.2901,19.675,8.01904,0.0320771,1.20761,0.307781,0.371679,FRENET,0.102421,1.12846,0.102421,0.0562656,1.12846,0.311033,0
12.294,19.675,8.01904,0.0320771,1.20761,0.307781,0.371679,FRENET,0.102421,1.12846,0.102421,0.0562656,1.12846,0.311033,0
12.2993,19.687,8.01981,0.0350359,1.18165,0.305267,0.360717,FRENET,0.102421,1.12846,0.102421,0.0562656,1.12846,0.311033,0
12.302,19.687,8.01981,0.0350359,1.18165,0.305267,0.360717,FRENET,0.102421,1.12846,0.102421,0.0562656,1.12846,0.311033,0
12.306,19.687,8.01981,0.0350359,1.18165,0.305267,0.360717,FRENET,0.102421,1.12846,0.102421,0.0562656,1.12846,0.311033,0
12.3101,19.6986,8.02062,0.0380889,1.16062,0.286056,0.332003,FRENET,0.102421,1.12846,0.102421,0.0562656,1.12846,0.311033,0
12.3139,19.6986,8.02062,0.0380889,1.16062,0.286056,0.332003,FRENET,0.102421,1.12846,0.102421,0.0562656,1.12846,0.311033,0
12.3194,19.7101,8.02146,0.0408596,1.14359,0.288417,0.329833,FRENET,0.102421,1.12846,0.102421,0.0562656,1.12846,0.311033,0
12.3222,19.7101,8.02146,0.0408596,1.14359,0.288417,0.329833,FRENET,0.102421,1.12846,0.102421,0.0562656,1.12846,0.311033,0
12.326,19.7101,8.02146,0.0408596,1.14359,0.288417,0.329833,FRENET,0.118177,1.12846,0.118177,0.127031,1.12846,0.314283,0
12.33,19.7215,8.02233,0.0437631,1.12981,0.273191,0.308654,FRENET,0.118177,1.12846,0.118177,0.127031,1.12846,0.314283,0
12.3339,19.7215,8.02233,0.0437631,1.12981,0.273191,0.308654,FRENET,0.118177,1.12846,0.118177,0.127031,1.12846,0.314283,0
12.3395,19.7327,8.02322,0.046423,1.11864,0.278489,0.311529,FRENET,0.118177,1.12846,0.118177,0.127031,1.12846,0.314283,0
12.3422,19.7327,8.02322,0.046423,1.11864,0.278489,0.311529,FRENET,0.118177,1.12846,0.118177,0.127031,1.12846,0.314283,0
12.3462,19.7327,8.02322,0.046423,1.11864,0.278489,0.311529,FRENET,0.118177,1.12846,0.118177,0.127031,1.12846,0.314283,0
12.35,19.7438,8.02415,0.0492292,1.1219,0.265618,0.297996,FRENET,0.118177,1.12846,0.118177,0.127031,1.12846,0.314283,0
12.3541,19.7438,8.02415,0.0492292,1.1219,0.265618,0.297996,FRENET,0.118177,1.12846,0.118177,0.127031,1.12846,0.314283,0
12.3596,19.755,8.02511,0.0518324,1.125,0.273544,0.307737,FRENET,0.118177,1.12846,0.118177,0.127031,1.12846,0.314283,0
12.362,19.755,8.02511,0.0518324,1.125,0.273544,0.307737,FRENET,0.118177,1.12846,0.118177,0.127031,1.12846,0.314283,0
12.3661,19.755,8.02511,0.0518324,1.125,0.273544,0.307737,FRENET,0.118177,1.12846,0.118177,0.127031,1.12846,0.314283,0
12.3701,19.7662,8.02611,0.054615,1.12796,0.264925,0.298823,FRENET,0.118177,1.12846,0.118177,0.127031,1.12846,0.314283,0
12.3738,19.7662,8.02611,0.054615,1.12796,0.264925,0.298823,FRENET,0.118177,1.12846,0.118177,0.127031,1.12846,0.314283,0
12.3793,19.7775,8.02711,0.056966,1.13077,0.198212,0.224132,FRENET,0.0880865,2.36161,0.0880865,0.144015,2.36161,0.318323,0
12.3822,19.7775,8.02711,0.056966,1.13077,0.198212,0.224132,FRENET,0.0880865,2.36161,0.0880865,0.144015,2.36161,0.318323,0
12.3861,19.7775,8.02711,0.056966,1.13077,0.198212,0.224132,FRENET,0.0880865,2.36161,0.0880865,0.144015,2.36161,0.318323,0
12.3901,19.7885,8.02803,0.058426,1.08451,0.0911449,0.0988476,FRENET,0.0880865,2.36161,0.0880865,0.144015,2.36161,0.318323,0
12.3941,19.7885,8.02803,0.058426,1.08451,0.0911449,0.0988476,FRENET,0.0880865,2.36161,0.0880865,0.144015,2.36161,0.318323,0
12.3993,19.7992,8.02883,0.0590892,1.04705,0.0706469,0.0739708,FRENET,0.0880865,2.36161,0.0880865,0.144015,2.36161,0.318323,0
12.4021,19.7992,8.02883,0.0590892,1.04705,0.0706469,0.0739708,FRENET,0.0880865,2.36161,0.0880865,0.144015,2.36161,0.318323,0
12.4061,19.7992,8.02883,0.0590892,1.04705,0.0706469,0.0739708,FRENET,0.0880865,2.36161,0.0880865,0.144015,2.36161,0.318323,0
12.4097,19.8094,8.02961,0.0600549,1.01671,0.131942,0.134147,FRENET,0.0880865,2.36161,0.0880865,0.144015,2.36161,0.318323,0
12.4141,19.8094,8.02961,0.0600549,1.01671,0.131942,0.134147,FRENET,0.0880865,2.36161,0.0880865,0.144015,2.36161,0.318323,0
12.4193,19.8195,8.03045,0.0617793,0.992147,0.215695,0.214001,FRENET,0.0880865,2.36161,0.0880865,0.144015,2.36161,0.318323,0
12.422,19.8195,8.03045,0.0617793,0.992147,0.215695,0.214001,FRENET,0.0880865,2.36161,0.0880865,0.144015,2.36161,0.318323,0
12.4261,19.8195,8.03045,0.0617793,0.992147,0.215695,0.214001,FRENET,0.0836192,2.36161,0.0836192,0.179739,2.36161,0.324645,0
12.43,19.8292,8.03136,0.0641073,0.972254,0.222981,0.216794,FRENET,0.0836192,2.36161,0.0836192,0.179739,2.36161,0.324645,0
12.4344,19.8292,8.03136,0.0641073,0.972254,0.222981,0.216794,FRENET,0.0836192,2.36161,0.0836192,0.179739,2.36161,0.324645,0
12.4391,19.8388,8.03229,0.0663163,0.956144,0.237854,0.227423,FRENET,0.0836192,2.36161,0.0836192,0.179739,2.36161,0.324645,0
12.4421,19.8388,8.03229,0.0663163,0.956144,0.237854,0.227423,FRENET,0.0836192,2.36161,0.0836192,0.179739,2.36161,0.324645,0
12.4462,19.8388,8.03229,0.0663163,0.956144,0.237854,0.227423,FRENET,0.0836192,2.36161,0.0836192,0.179739,2.36161,0.324645,0
12.4502,19.8483,8.03326,0.0687297,0.943098,0.223951,0.211208,FRENET,0.0836192,2.36161,0.0836192,0.179739,2.36161,0.324645,0
12.4545,19.8483,8.03326,0.0687297,0.943098,0.223951,0.211208,FRENET,0.0836192,2.36161,0.0836192,0.179739,2.36161,0.324645,0
12.4588,19.8576,8.03424,0.0709141,0.932534,0.233408,0.217661,FRENET,0.0836192,2.36161,0.0836192,0.179739,2.36161,0.324645,0
12.4621,19.8576,8.03424,0.0709141,0.932534,0.233408,0.217661,FRENET,0.0836192,2.36161,0.0836192,0.179739,2.36161,0.324645,0
12.4662,19.8576,8.03424,0.0709141,0.932534,0.233408,0.217661,FRENET,0.0836192,2.36161,0.0836192,0.179739,2.36161,0.324645,0
12.4702,19.8668,8.03526,0.0732756,0.923979,0.218745,0.202116,FRENET,0.0836192,2.36161,0.0836192,0.179739,2.36161,0.324645,0
12.4741,19.8668,8.03526,0.0732756,0.923979,0.218745,0.202116,FRENET,0.0836192,2.36161,0.0836192,0.179739,2.36161,0.324645,0
12.479,19.876,8.03627,0.0754116,0.917051,0.228807,0.209828,FRENET,0.0929177,2.36161,0.0929177,0.173033,2.36161,0.327831,0
12.4822,19.876,8.03627,0.0754116,0.917051,0.228807,0.209828,FRENET,0.0929177,2.36161,0.0929177,0.173033,2.36161,0.327831,0
12.4865,19.876,8.03627,0.0754116,0.917051,0.228807,0.209828,FRENET,0.0929177,2.36161,0.0929177,0.173033,2.36161,0.327831,0
12.4903,19.8851,8.03732,0.0777301,0.911441,0.214879,0.19585,FRENET,0.0929177,2.36161,0.0929177,0.173033,2.36161,0.327831,0
12.494,19.8851,8.03732,0.0777301,0.911441,0.214879,0.19585,FRENET,0.0929177,2.36161,0.0929177,0.173033,2.36161,0.327831,0
12.4988,19.8941,8.03836,0.079832,0.906898,0.225687,0.204675,FRENET,0.0929177,2.36161,0.0929177,0.173033,2.36161,0.327831,0
12.502,19.8941,8.03836,0.079832,0.906898,0.225687,0.204675,FRENET,0.0929177,2.36161,0.0929177,0.173033,2.36161,0.327831,0
12.506,19.8941,8.03836,0.079832,0.906898,0.225687,0.204675,FRENET,0.0929177,2.36161,0.0929177,0.173033,2.36161,0.327831,0
12.51,19.9031,8.03944,0.0821218,0.903219,0.212326,0.191776,FRENET,0.0929177,2.36161,0.0929177,0.173033,2.36161,0.327831,0
12.5139,19.9031,8.03944,0.0821218,0.903219,0.212326,0.191776,FRENET,0.0929177,2.36161,0.0929177,0.173033,2.36161,0.327831,0
12.5189,19.912,8.04052,0.0842014,0.900239,0.223642,0.201331,FRENET,0.0929177,2.36161,0.0929177,0.173033,2.36161,0.327831,0
12.522,19.912,8.04052,0.0842014,0.900239,0.223642,0.201331,FRENET,0.0929177,2.36161,0.0929177,0.173033,2.36161,0.327831,0
12.526,19.912,8.04052,0.0842014,0.900239,0.223642,0.201331,FRENET,0.0922406,2.36161,0.0922406,0.2072,2.36161,0.337015,0
12.5301,19.921,8.04163,0.0864724,0.897827,0.210653,0.18913,FRENET,0.0922406,2.36161,0.0922406,0.2072,2.36161,0.337015,0
12.534,19.921,8.04163,0.0864724,0.897827,0.210653,0.18913,FRENET,0.0922406,2.36161,0.0922406,0.2072,2.36161,0.337015,0
12.5388,19.9299,8.04275,0.0885373,0.895873,0.222303,0.199155,FRENET,0.0922406,2.36161,0.0922406,0.2072,2.36161,0.337015,0
12.5418,19.9299,8.04275,0.0885373,0.895873,0.222303,0.199155,FRENET,0.0922406,2.36161,0.0922406,0.2072,2.36161,0.337015,0
12.5461,19.9299,8.04275,0.0885373,0.895873,0.222303,0.199155,FRENET,0.0922406,2.36161,0.0922406,0.2072,2.36161,0.337015,0
12.5501,19.9387,8.04389,0.090796,0.894291,0.209556,0.187404,FRENET,0.0922406,2.36161,0.0922406,0.2072,2.36161,0.337015,0
12.554,19.9387,8.04389,0.090796,0.894291,0.209556,0.187404,FRENET,0.0922406,2.36161,0.0922406,0.2072,2.36161,0.337015,0
12.5588,19.9476,8.04501,0.0926151,0.89301,0.147994,0.13216,FRENET,0.0922406,2.36161,0.0922406,0.2072,2.36161,0.337015,0
12.5619,19.9476,8.04501,0.0926151,0.89301,0.147994,0.13216,FRENET,0.0922406,2.36161,0.0922406,0.2072,2.36161,0.337015,0
12.5659,19.9476,8.04501,0.0926151,0.89301,0.147994,0.13216,FRENET,0.0922406,2.36161,0.0922406,0.2072,2.36161,0.337015,0
12.5699,19.9565,8.04609,0.0939546,0.891972,0.144078,0.128513,FRENET,0.0922406,2.36161,0.0922406,0.2072,2.36161,0.337015,0
12.574,19.9565,8.04609,0.0939546,0.891972,0.144078,0.128513,FRENET,0.0922406,2.36161,0.0922406,0.2072,2.36161,0.337015,0
12.5794,19.9653,8.04718,0.0953985,0.891132,0.126188,0.11245,FGM,0.205923,0.339649,0.220507,0.205923,1.78842,0.339649,0
12.5824,19.9653,8.04718,0.0953985,0.891132,0.126188,0.11245,FGM,0.205923,0.339649,0.220507,0.205923,1.78842,0.339649,0
12.5859,19.9653,8.04718,0.0953985,0.891132,0.126188,0.11245,FGM,0.205923,0.339649,0.220507,0.205923,1.78842,0.339649,0
12.5921,19.9746,8.04829,0.096647,0.976737,0.13682,0.133637,FGM,0.205923,0.339649,0.220507,0.205923,1.78842,0.339649,0
12.5944,19.9746,8.04829,0.096647,0.976737,0.13682,0.133637,FGM,0.205923,0.339649,0.220507,0.205923,1.78842,0.339649,0
12.6024,19.9847,8.04952,0.098081,1.05827,0.138347,0.146408,FGM,0.205923,0.339649,0.220507,0.205923,1.78842,0.339649,0
12.6048,19.9847,8.04952,0.098081,1.05827,0.138347,0.146408,FGM,0.205923,0.339649,0.220507,0.205923,1.78842,0.339649,0
12.607,19.9847,8.04952,0.098081,1.05827,0.138347,0.146408,FGM,0.205923,0.339649,0.220507,0.205923,1.78842,0.339649,0
12.6105,19.9956,8.05083,0.0992987,1.13593,0.0993933,0.112904,FGM,0.205923,0.339649,0.220507,0.205923,1.78842,0.339649,0
12.6143,19.9956,8.05083,0.0992987,1.13593,0.0993933,0.112904,FGM,0.205923,0.339649,0.220507,0.205923,1.78842,0.339649,0
12.6189,20.0072,8.05216,0.0999875,1.20989,0.034602,0.0418648,FGM,0.205923,0.339649,0.220507,0.205923,1.78842,0.339649,0
12.6221,20.0072,8.05216,0.0999875,1.20989,0.034602,0.0418648,FGM,0.205923,0.339649,0.220507,0.205923,1.78842,0.339649,0
12.6261,20.0072,8.05216,0.0999875,1.20989,0.034602,0.0418648,FGM,0.132976,0.347447,0.228,0.132976,1.78842,0.347447,0
12.6302,20.0196,8.05347,0.0999255,1.28034,-0.049791,-0.0637496,FGM,0.132976,0.347447,0.228,0.132976,1.78842,0.347447,0
12.634,20.0196,8.05347,0.0999255,1.28034,-0.049791,-0.0637496,FGM,0.132976,0.347447,0.228,0.132976,1.78842,0.347447,0
12.639,20.0327,8.05472,0.0989235,1.3444,-0.152549,-0.205087,FGM,0.132976,0.347447,0.228,0.132976,1.78842,0.347447,0
12.642,20.0327,8.05472,0.0989235,1.3444,-0.152549,-0.205087,FGM,0.132976,0.347447,0.228,0.132976,1.78842,0.347447,0
12.6459,20.0327,8.05472,0.0989235,1.3444,-0.152549,-0.205087,FGM,0.132976,0.347447,0.228,0.132976,1.78842,0.347447,0
12.6499,20.0464,8.05587,0.0968278,1.40542,-0.268214,-0.376952,FGM,0.132976,0.347447,0.228,0.132976,1.78842,0.347447,0
12.6539,20.0464,8.05587,0.0968278,1.40542,-0.268214,-0.376952,FGM,0.132976,0.347447,0.228,0.132976,1.78842,0.347447,0
12.6587,20.0607,8.05689,0.0937242,1.46353,-0.333898,-0.48867,FGM,0.132976,0.347447,0.228,0.132976,1.78842,0.347447,0
12.662,20.0607,8.05689,0.0937242,1.46353,-0.333898,-0.48867,FGM,0.132976,0.347447,0.228,0.132976,1.78842,0.347447,0
12.6658,20.0607,8.05689,0.0937242,1.46353,-0.333898,-0.48867,FGM,0.132976,0.347447,0.228,0.132976,1.78842,0.347447,0
12.6699,20.0756,8.05782,0.0901669,1.51888,-0.387688,-0.588851,FGM,0.132976,0.347447,0.228,0.132976,1.78842,0.347447,0
12.674,20.0756,8.05782,0.0901669,1.51888,-0.387688,-0.588851,FGM,0.132976,0.347447,0.228,0.132976,1.78842,0.347447,0
12.6789,20.091,8.05866,0.0860488,1.57159,-0.420602,-0.661016,FGM,0.0451597,0.348425,0.204369,0.0451597,1.78842,0.348425,0
12.682,20.091,8.05866,0.0860488,1.57159,-0.420602,-0.661016,FGM,0.0451597,0.348425,0.204369,0.0451597,1.78842,0.348425,0
12.686,20.091,8.05866,0.0860488,1.57159,-0.420602,-0.661016,FGM,0.0451597,0.348425,0.204369,0.0451597,1.78842,0.348425,0
12.69,20.107,8.05943,0.0817393,1.62447,-0.453547,-0.736774,FGM,0.0451597,0.348425,0.204369,0.0451597,1.78842,0.348425,0
12.6942,20.107,8.05943,0.0817393,1.62447,-0.453547,-0.736774,FGM,0.0451597,0.348425,0.204369,0.0451597,1.78842,0.348425,0
12.6989,20.1234,8.06012,0.0770296,1.67483,-0.474019,-0.793903,FGM,0.0451597,0.348425,0.204369,0.0451597,1.78842,0.348425,0
12.702,20.1234,8.06012,0.0770296,1.67483,-0.474019,-0.793903,FGM,0.0451597,0.348425,0.204369,0.0451597,1.78842,0.348425,0
12.7059,20.1234,8.06012,0.0770296,1.67483,-0.474019,-0.793903,FGM,0.0451597,0.348425,0.204369,0.0451597,1.78842,0.348425,0
12.7098,20.1404,8.06075,0.0722264,1.7228,-0.499549,-0.860624,FGM,0.0451597,0.348425,0.204369,0.0451597,1.78842,0.348425,0
12.7139,20.1404,8.06075,0.0722264,1.7228,-0.499549,-0.860624,FGM,0.0451597,0.348425,0.204369,0.0451597,1.78842,0.348425,0
12.7187,20.1579,8.06128,0.0670842,1.76849,-0.514503,-0.909893,FGM,0.0451597,0.348425,0.204369,0.0451597,1.78842,0.348425,0
12.7221,20.1579,8.06128,0.0670842,1.76849,-0.514503,-0.909893,FGM,0.0451597,0.348425,0.204369,0.0451597,1.78842,0.348425,0
12.726,20.1579,8.06128,0.0670842,1.76849,-0.514503,-0.909893,FGM,0,0.353179,0.216595,0,1.78842,0.353179,0
12.7299,20.1758,8.06175,0.0619073,1.81534,-0.534285,-0.969908,FGM,0,0.353179,0.216595,0,1.78842,0.353179,0
12.7339,20.1758,8.06175,0.0619073,1.81534,-0.534285,-0.969908,FGM,0,0.353179,0.216595,0,1.78842,0.353179,0
12.7396,20.1941,8.06213,0.056436,1.85996,-0.545786,-1.01514,FGM,0,0.353179,0.216595,0,1.78842,0.353179,0
12.742,20.1941,8.06213,0.056436,1.85996,-0.545786,-1.01514,FGM,0,0.353179,0.216595,0,1.78842,0.353179,0
12.7459,20.1941,8.06213,0.056436,1.85996,-0.545786,-1.01514,FGM,0,0.353179,0.216595,0,1.78842,0.353179,0
12.75,20.213,8.06245,0.0511925,1.90246,-0.494292,-0.940373,FGM,0,0.353179,0.216595,0,1.78842,0.353179,0
12.7541,20.213,8.06245,0.0511925,1.90246,-0.494292,-0.940373,FGM,0,0.353179,0.216595,0,1.78842,0.353179,0
12.7595,20.2322,8.06275,0.0464376,1.94294,-0.473672,-0.920317,FGM,0,0.353179,0.216595,0,1.78842,0.353179,0
12.7622,20.2322,8.06275,0.0464376,1.94294,-0.473672,-0.920317,FGM,0,0.353179,0.216595,0,1.78842,0.353179,0
12.766,20.2322,8.06275,0.0464376,1.94294,-0.473672,-0.920317,FGM,0,0.353179,0.216595,0,1.78842,0.353179,0
12.77,20.2518,8.06299,0.0417136,1.9815,-0.458411,-0.90834,FGM,0,0.353179,0.216595,0,1.78842,0.353179,0
12.774,20.2518,8.06299,0.0417136,1.9815,-0.458411,-0.90834,FGM,0,0.353179,0.216595,0,1.78842,0.353179,0
12.7796,20.2718,8.0632,0.0372082,2.01822,-0.457888,-0.92412,FGM,0,0.351266,0.137494,0,1.99555,0.351266,0
12.7821,20.2718,8.0632,0.0372082,2.01822,-0.457888,-0.92412,FGM,0,0.351266,0.137494,0,1.99555,0.351266,0
12.7859,20.2718,8.0632,0.0372082,2.01822,-0.457888,-0.92412,FGM,0,0.351266,0.137494,0,1.99555,0.351266,0
12.79,20.2922,8.06333,0.0325878,2.05896,-0.45278,-0.932256,FGM,0,0.351266,0.137494,0,1.99555,0.351266,0
12.7938,20.2922,8.06333,0.0325878,2.05896,-0.45278,-0.932256,FGM,0,0.351266,0.137494,0,1.99555,0.351266,0
12.7986,20.313,8.0634,0.0281051,2.09776,-0.458258,-0.961315,FGM,0,0.351266,0.137494,0,1.99555,0.351266,0
12.8019,20.313,8.0634,0.0281051,2.09776,-0.458258,-0.961315,FGM,0,0.351266,0.137494,0,1.99555,0.351266,0
12.806,20.313,8.0634,0.0281051,2.09776,-0.458258,-0.961315,FGM,0,0.351266,0.137494,0,1.99555,0.351266,0
12.81,20.3341,8.0634,0.023449,2.13472,-0.458732,-0.979263,FGM,0,0.351266,0.137494,0,1.99555,0.351266,0
12.814,20.3341,8.0634,0.023449,2.13472,-0.458732,-0.979263,FGM,0,0.351266,0.137494,0,1.99555,0.351266,0
12.8189,20.3557,8.06332,0.0188911,2.16992,-0.467314,-1.01403,FGM,0,0.351266,0.137494,0,1.99555,0.351266,0
12.8221,20.3557,8.06332,0.0188911,2.16992,-0.467314,-1.01403,FGM,0,0.351266,0.137494,0,1.99555,0.351266,0
12.8261,20.3557,8.06332,0.0188911,2.16992,-0.467314,-1.01403,FGM,0,0.351844,0.111528,0,1.99555,0.351844,0
12.83,20.3775,8.06314,0.0141334,2.20344,-0.46958,-1.03469,FGM,0,0.351844,0.111528,0,1.99555,0.351844,0
12.834,20.3775,8.06314,0.0141334,2.20344,-0.46958,-1.03469,FGM,0,0.351844,0.111528,0,1.99555,0.351844,0
12.839,20.3997,8.06289,0.0094756,2.24212,-0.476366,-1.06807,FGM,0,0.351844,0.111528,0,1.99555,0.351844,0
12.842,20.3997,8.06289,0.0094756,2.24212,-0.476366,-1.06807,FGM,0,0.351844,0.111528,0,1.99555,0.351844,0
12.8459,20.3997,8.06289,0.0094756,2.24212,-0.476366,-1.06807,FGM,0,0.351844,0.111528,0,1.99555,0.351844,0
12.8502,20.4223,8.06253,0.0046309,2.27896,-0.478291,-1.09001,FGM,0,0.351844,0.111528,0,1.99555,0.351844,0
12.8539,20.4223,8.06253,0.0046309,2.27896,-0.478291,-1.09001,FGM,0,0.351844,0.111528,0,1.99555,0.351844,0
12.8586,20.4453,8.06207,-0.000126801,2.31405,-0.487625,-1.12839,FGM,0,0.351844,0.111528,0,1.99555,0.351844,0
12.862,20.4453,8.06207,-0.000126801,2.31405,-0.487625,-1.12839,FGM,0,0.351844,0.111528,0,1.99555,0.351844,0
12.8658,20.4453,8.06207,-0.000126801,2.31405,-0.487625,-1.12839,FGM,0,0.351844,0.111528,0,1.99555,0.351844,0
12.8699,20.4686,8.06151,-0.00509282,2.34747,-0.490893,-1.15235,FGM,0,0.351844,0.111528,0,1.99555,0.351844,0
12.8739,20.4686,8.06151,-0.00509282,2.34747,-0.490893,-1.15235,FGM,0,0.351844,0.111528,0,1.99555,0.351844,0
12.8788,20.4922,8.06084,-0.00997862,2.37929,-0.500788,-1.19152,FRENET,0.110399,1.99555,0.110399,0,1.99555,0.370525,0
12.882,20.4922,8.06084,-0.00997862,2.37929,-0.500788,-1.19152,FRENET,0.110399,1.99555,0.110399,0,1.99555,0.370525,0
12.8859,20.4922,8.06084,-0.00997862,2.37929,-0.500788,-1.19152,FRENET,0.110399,1.99555,0.110399,0,1.99555,0.370525,0
12.8901,20.5155,8.06006,-0.0154432,2.28419,-0.560969,-1.28136,FRENET,0.110399,1.99555,0.110399,0,1.99555,0.370525,0
12.8943,20.5155,8.06006,-0.0154432,2.28419,-0.560969,-1.28136,FRENET,0.110399,1.99555,0.110399,0,1.99555,0.370525,0
12.899,20.5379,8.05927,-0.0207494,2.18909,-0.481991,-1.05512,FRENET,0.110399,1.99555,0.110399,0,1.99555,0.370525,0
12.9023,20.5379,8.05927,-0.0207494,2.18909,-0.481991,-1.05512,FRENET,0.110399,1.99555,0.110399,0,1.99555,0.370525,0
12.9059,20.5379,8.05927,-0.0207494,2.18909,-0.481991,-1.05512,FRENET,0.110399,1.99555,0.110399,0,1.99555,0.370525,0
12.91,20.5593,8.05853,-0.0248281,2.09399,-0.323739,-0.677909,FRENET,0.110399,1.99555,0.110399,0,1.99555,0.370525,0
12.914,20.5593,8.05853,-0.0248281,2.09399,-0.323739,-0.677909,FRENET,0.110399,1.99555,0.110399,0,1.99555,0.370525,0
12.9188,20.5797,8.05791,-0.027093,1.99889,-0.124525,-0.248911,FRENET,0.110399,1.99555,0.110399,0,1.99555,0.370525,0
12.9219,20.5797,8.05791,-0.027093,1.99889,-0.124525,-0.248911,FRENET,0.110399,1.99555,0.110399,0,1.99555,0.370525,0
12.9258,20.5797,8.05791,-0.027093,1.99889,-0.124525,-0.248911,FRENET,0.104209,1.99555,0.104209,0,1.99555,0.350255,0
12.9299,20.5993,8.05745,-0.0272669,1.90379,0.0910014,0.173248,FRENET,0.104209,1.99555,0.104209,0,1.99555,0.350255,0
12.934,20.5993,8.05745,-0.0272669,1.90379,0.0910014,0.173248,FRENET,0.104209,1.99555,0.104209,0,1.99555,0.350255,0
12.9386,20.6178,8.05715,-0.0256719,1.80869,0.189868,0.343414,FRENET,0.104209,1.99555,0.104209,0,1.99555,0.350255,0
12.9419,20.6178,8.05715,-0.0256719,1.80869,0.189868,0.343414,FRENET,0.104209,1.99555,0.104209,0,1.99555,0.350255,0
12.946,20.6178,8.05715,-0.0256719,1.80869,0.189868,0.343414,FRENET,0.104209,1.99555,0.104209,0,1.99555,0.350255,0
12.95,20.6354,8.05693,-0.0235628,1.71359,0.249298,0.427196,FRENET,0.104209,1.99555,0.104209,0,1.99555,0.350255,0
12.9539,20.6354,8.05693,-0.0235628,1.71359,0.249298,0.427196,FRENET,0.104209,1.99555,0.104209,0,1.99555,0.350255,0
12.9587,20.6521,8.05679,-0.020875,1.61849,0.259041,0.419257,FRENET,0.104209,1.99555,0.104209,0,1.99555,0.350255,0
12.9619,20.6521,8.05679,-0.020875,1.61849,0.259041,0.419257,FRENET,0.104209,1.99555,0.104209,0,1.99555,0.350255,0
12.966,20.6521,8.05679,-0.020875,1.61849,0.259041,0.419257,FRENET,0.104209,1.99555,0.104209,0,1.99555,0.350255,0
12.97,20.6678,8.05669,-0.0183407,1.52339,0.270681,0.412354,FRENET,0.104209,1.99555,0.104209,0,1.99555,0.350255,0
12.9739,20.6678,8.05669,-0.0183407,1.52339,0.270681,0.412354,FRENET,0.104209,1.99555,0.104209,0,1.99555,0.350255,0
12.9787,20.6826,8.05667,-0.0156136,1.44126,0.249781,0.36,FRENET,0.0878303,2.21025,0.0878303,0,2.21025,0.330037,0
12.9819,20.6826,8.05667,-0.0156136,1.44126,0.249781,0.36,FRENET,0.0878303,2.21025,0.0878303,0,2.21025,0.330037,0
12.9859,20.6826,8.05667,-0.0156136,1.44126,0.249781,0.36,FRENET,0.0878303,2.21025,0.0878303,0,2.21025,0.330037,0
12.9901,20.6966,8.05666,-0.0132384,1.34616,0.249978,0.336511,FRENET,0.0878303,2.21025,0.0878303,0,2.21025,0.330037,0
12.9941,20.6966,8.05666,-0.0132384,1.34616,0.249978,0.336511,FRENET,0.0878303,2.21025,0.0878303,0,2.21025,0.330037,0
12.9988,20.7096,8.05672,-0.0107482,1.25431,0.221938,0.278379,FRENET,0.0878303,2.21025,0.0878303,0,2.21025,0.330037,0
13.002,20.7096,8.05672,-0.0107482,1.25431,0.221938,0.278379,FRENET,0.0878303,2.21025,0.0878303,0,2.21025,0.330037,0
13.0062,20.7096,8.05672,-0.0107482,1.25431,0.221938,0.278379,FRENET,0.0878303,2.21025,0.0878303,0,2.21025,0.330037,0
13.0103,20.7217,8.05678,-0.00869254,1.17993,0.214521,0.253119,FRENET,0.0878303,2.21025,0.0878303,0,2.21025,0.330037,0
13.0139,20.7217,8.05678,-0.00869254,1.17993,0.214521,0.253119,FRENET,0.0878303,2.21025,0.0878303,0,2.21025,0.330037,0
13.0187,20.7332,8.05693,-0.006273,1.11969,0.278641,0.311993,FRENET,0.0878303,2.21025,0.0878303,0,2.21025,0.330037,0
13.022,20.7332,8.05693,-0.006273,1.11969,0.278641,0.311993,FRENET,0.0878303,2.21025,0.0878303,0,2.21025,0.330037,0
13.0263,20.7332,8.05693,-0.006273,1.11969,0.278641,0.311993,FRENET,0.131263,2.21025,0.131263,0.0933238,2.21025,0.32113,0
13.03,20.7442,8.05717,-0.00339101,1.07092,0.270561,0.289748,FRENET,0.131263,2.21025,0.131263,0.0933238,2.21025,0.32113,0
13.034,20.7442,8.05717,-0.00339101,1.07092,0.270561,0.289748,FRENET,0.131263,2.21025,0.131263,0.0933238,2.21025,0.32113,0
13.0391,20.7547,8.05746,-0.000780491,1.03142,0.27322,0.281804,FRENET,0.131263,2.21025,0.131263,0.0933238,2.21025,0.32113,0
13.0419,20.7547,8.05746,-0.000780491,1.03142,0.27322,0.281804,FRENET,0.131263,2.21025,0.131263,0.0933238,2.21025,0.32113,0
13.0459,20.7547,8.05746,-0.000780491,1.03142,0.27322,0.281804,FRENET,0.131263,2.21025,0.131263,0.0933238,2.21025,0.32113,0
13.05,20.7648,8.0578,0.00193837,0.999429,0.249254,0.249111,FRENET,0.131263,2.21025,0.131263,0.0933238,2.21025,0.32113,0
13.0541,20.7648,8.0578,0.00193837,0.999429,0.249254,0.249111,FRENET,0.131263,2.21025,0.131263,0.0933238,2.21025,0.32113,0
13.0586,20.7747,8.05816,0.00433157,0.973526,0.251599,0.244938,FRENET,0.131263,2.21025,0.131263,0.0933238,2.21025,0.32113,0
13.0621,20.7747,8.05816,0.00433157,0.973526,0.251599,0.244938,FRENET,0.131263,2.21025,0.131263,0.0933238,2.21025,0.32113,0
13.0661,20.7747,8.05816,0.00433157,0.973526,0.251599,0.244938,FRENET,0.131263,2.21025,0.131263,0.0933238,2.21025,0.32113,0
13.0702,20.7843,8.05856,0.00684825,0.952549,0.23119,0.22022,FRENET,0.131263,2.21025,0.131263,0.0933238,2.21025,0.32113,0
13.074,20.7843,8.05856,0.00684825,0.952549,0.23119,0.22022,FRENET,0.131263,2.21025,0.131263,0.0933238,2.21025,0.32113,0
13.0788,20.7937,8.05896,0.0090844,0.935563,0.237517,0.222212,FRENET,0.126556,2.21025,0.126556,0.124637,2.21025,0.324549,0
13.0819,20.7937,8.05896,0.0090844,0.935563,0.237517,0.222212,FRENET,0.126556,2.21025,0.126556,0.124637,2.21025,0.324549,0
13.0861,20.7937,8.05896,0.0090844,0.935563,0.237517,0.222212,FRENET,0.126556,2.21025,0.126556,0.124637,2.21025,0.324549,0
13.09,20.803,8.05941,0.0114751,0.921807,0.220212,0.202993,FRENET,0.126556,2.21025,0.126556,0.124637,2.21025,0.324549,0
13.094,20.803,8.05941,0.0114751,0.921807,0.220212,0.202993,FRENET,0.126556,2.21025,0.126556,0.124637,2.21025,0.324549,0
13.0988,20.8122,8.05985,0.0136167,0.910667,0.229053,0.208591,FRENET,0.126556,2.21025,0.126556,0.124637,2.21025,0.324549,0
13.102,20.8122,8.05985,0.0136167,0.910667,0.229053,0.208591,FRENET,0.126556,2.21025,0.126556,0.124637,2.21025,0.324549,0
13.106,20.8122,8.05985,0.0136167,0.910667,0.229053,0.208591,FRENET,0.126556,2.21025,0.126556,0.124637,2.21025,0.324549,0
13.1098,20.8212,8.06033,0.0159311,0.901646,0.213508,0.192509,FRENET,0.126556,2.21025,0.126556,0.124637,2.21025,0.324549,0
13.1139,20.8212,8.06033,0.0159311,0.901646,0.213508,0.192509,FRENET,0.126556,2.21025,0.126556,0.124637,2.21025,0.324549,0
13.1189,20.8302,8.06081,0.0180145,0.894341,0.223804,0.200157,FRENET,0.126556,2.21025,0.126556,0.124637,2.21025,0.324549,0
13.1221,20.8302,8.06081,0.0180145,0.894341,0.223804,0.200157,FRENET,0.126556,2.21025,0.126556,0.124637,2.21025,0.324549,0
13.126,20.8302,8.06081,0.0180145,0.894341,0.223804,0.200157,FRENET,0.0339431,2.45878,0.0339431,0.137867,2.45878,0.328668,0
13.1298,20.8391,8.06132,0.0202811,0.888426,0.209276,0.185927,FRENET,0.0339431,2.45878,0.0339431,0.137867,2.45878,0.328668,0
13.134,20.8391,8.06132,0.0202811,0.888426,0.209276,0.185927,FRENET,0.0339431,2.45878,0.0339431,0.137867,2.45878,0.328668,0
13.1387,20.848,8.06184,0.0223286,0.888764,0.220392,0.195876,FRENET,0.0339431,2.45878,0.0339431,0.137867,2.45878,0.328668,0
13.1419,20.848,8.06184,0.0223286,0.888764,0.220392,0.195876,FRENET,0.0339431,2.45878,0.0339431,0.137867,2.45878,0.328668,0
13.1459,20.848,8.06184,0.0223286,0.888764,0.220392,0.195876,FRENET,0.0339431,2.45878,0.0339431,0.137867,2.45878,0.328668,0
13.1499,20.8568,8.06239,0.0245684,0.889085,0.207889,0.184831,FRENET,0.0339431,2.45878,0.0339431,0.137867,2.45878,0.328668,0
13.154,20.8568,8.06239,0.0245684,0.889085,0.207889,0.184831,FRENET,0.0339431,2.45878,0.0339431,0.137867,2.45878,0.328668,0
13.1586,20.8657,8.06293,0.026375,0.889392,0.147185,0.130906,FRENET,0.0339431,2.45878,0.0339431,0.137867,2.45878,0.328668,0
13.1619,20.8657,8.06293,0.026375,0.889392,0.147185,0.130906,FRENET,0.0339431,2.45878,0.0339431,0.137867,2.45878,0.328668,0
13.1658,20.8657,8.06293,0.026375,0.889392,0.147185,0.130906,FRENET,0.0339431,2.45878,0.0339431,0.137867,2.45878,0.328668,0
13.1698,20.8746,8.06339,0.0274744,0.889684,0.0706497,0.0628558,FRENET,0.0339431,2.45878,0.0339431,0.137867,2.45878,0.328668,0
13.1738,20.8746,8.06339,0.0274744,0.889684,0.0706497,0.0628558,FRENET,0.0339431,2.45878,0.0339431,0.137867,2.45878,0.328668,0
13.1785,20.8835,8.06376,0.0277743,0.889962,-0.0113877,-0.0101346,FRENET,0.0544246,2.45878,0.0544246,0.153156,2.45878,0.333024,0
13.1818,20.8835,8.06376,0.0277743,0.889962,-0.0113877,-0.0101346,FRENET,0.0544246,2.45878,0.0544246,0.153156,2.45878,0.333024,0
13.1858,20.8835,8.06376,0.0277743,0.889962,-0.0113877,-0.0101346,FRENET,0.0544246,2.45878,0.0544246,0.153156,2.45878,0.333024,0
13.1899,20.8924,8.06401,0.0272412,0.890226,-0.0955,-0.0850166,FRENET,0.0544246,2.45878,0.0544246,0.153156,2.45878,0.333024,0
13.1937,20.8924,8.06401,0.0272412,0.890226,-0.0955,-0.0850166,FRENET,0.0544246,2.45878,0.0544246,0.153156,2.45878,0.333024,0
13.1988,20.9013,8.06413,0.0258619,0.890479,-0.180482,-0.160715,FRENET,0.0544246,2.45878,0.0544246,0.153156,2.45878,0.333024,0
13.2019,20.9013,8.06413,0.0258619,0.890479,-0.180482,-0.160715,FRENET,0.0544246,2.45878,0.0544246,0.153156,2.45878,0.333024,0
13.2059,20.9013,8.06413,0.0258619,0.890479,-0.180482,-0.160715,FRENET,0.0544246,2.45878,0.0544246,0.153156,2.45878,0.333024,0
13.21,20.9102,8.06412,0.0238649,0.890719,-0.192915,-0.171833,FRENET,0.0544246,2.45878,0.0544246,0.153156,2.45878,0.333024,0
13.214,20.9102,8.06412,0.0238649,0.890719,-0.192915,-0.171833,FRENET,0.0544246,2.45878,0.0544246,0.153156,2.45878,0.333024,0
13.2187,20.9191,8.06406,0.0219188,0.890948,-0.214048,-0.190705,FRENET,0.0544246,2.45878,0.0544246,0.153156,2.45878,0.333024,0
13.2219,20.9191,8.06406,0.0219188,0.890948,-0.214048,-0.190705,FRENET,0.0544246,2.45878,0.0544246,0.153156,2.45878,0.333024,0
13.226,20.9191,8.06406,0.0219188,0.890948,-0.214048,-0.190705,FRENET,0.0622581,2.45878,0.0622581,0.192092,2.45878,0.333094,0
13.2299,20.928,8.06394,0.0197193,0.891165,-0.205378,-0.183026,FRENET,0.0622581,2.45878,0.0622581,0.192092,2.45878,0.333094,0
13.2339,20.928,8.06394,0.0197193,0.891165,-0.205378,-0.183026,FRENET,0.0622581,2.45878,0.0622581,0.192092,2.45878,0.333094,0
13.2387,20.9369,8.06379,0.0176944,0.891373,-0.219123,-0.19532,FRENET,0.0622581,2.45878,0.0622581,0.192092,2.45878,0.333094,0
13.242,20.9369,8.06379,0.0176944,0.891373,-0.219123,-0.19532,FRENET,0.0622581,2.45878,0.0622581,0.192092,2.45878,0.333094,0
13.246,20.9369,8.06379,0.0176944,0.891373,-0.219123,-0.19532,FRENET,0.0622581,2.45878,0.0622581,0.192092,2.45878,0.333094,0
13.2498,20.9458,8.06361,0.015461,0.891571,-0.207673,-0.185156,FRENET,0.0622581,2.45878,0.0622581,0.192092,2.45878,0.333094,0
13.2539,20.9458,8.06361,0.015461,0.891571,-0.207673,-0.185156,FRENET,0.0622581,2.45878,0.0622581,0.192092,2.45878,0.333094,0
13.2585,20.9547,8.06341,0.01342,0.891759,-0.220261,-0.196419,FRENET,0.0622581,2.45878,0.0622581,0.192092,2.45878,0.333094,0
13.2619,20.9547,8.06341,0.01342,0.891759,-0.220261,-0.196419,FRENET,0.0622581,2.45878,0.0622581,0.192092,2.45878,0.333094,0
13.2659,20.9547,8.06341,0.01342,0.891759,-0.220261,-0.196419,FRENET,0.0622581,2.45878,0.0622581,0.192092,2.45878,0.333094,0
13.2699,20.9637,8.06318,0.0111782,0.891938,-0.208297,-0.185788,FRENET,0.0622581,2.45878,0.0622581,0.192092,2.45878,0.333094,0
13.2738,20.9637,8.06318,0.0111782,0.891938,-0.208297,-0.185788,FRENET,0.0622581,2.45878,0.0622581,0.192092,2.45878,0.333094,0
13.2786,20.9726,8.06294,0.00913245,0.892109,-0.220623,-0.19682,FRENET,0.263849,2.21873,0.263849,0.165083,2.21873,0.32858,0
13.2817,20.9726,8.06294,0.00913245,0.892109,-0.220623,-0.19682,FRENET,0.263849,2.21873,0.263849,0.165083,2.21873,0.32858,0
13.2859,20.9726,8.06294,0.00913245,0.892109,-0.220623,-0.19682,FRENET,0.263849,2.21873,0.263849,0.165083,2.21873,0.32858,0
13.2898,20.9817,8.06266,0.00689935,0.927443,-0.211899,-0.196524,FRENET,0.263849,2.21873,0.263849,0.165083,2.21873,0.32858,0
13.2938,20.9817,8.06266,0.00689935,0.927443,-0.211899,-0.196524,FRENET,0.263849,2.21873,0.263849,0.165083,2.21873,0.32858,0
13.2987,20.9911,8.06237,0.00479023,0.961097,-0.226769,-0.217947,FRENET,0.263849,2.21873,0.263849,0.165083,2.21873,0.32858,0
13.3018,20.9911,8.06237,0.00479023,0.961097,-0.226769,-0.217947,FRENET,0.263849,2.21873,0.263849,0.165083,2.21873,0.32858,0
13.3059,20.9911,8.06237,0.00479023,0.961097,-0.226769,-0.217947,FRENET,0.263849,2.21873,0.263849,0.165083,2.21873,0.32858,0
13.3099,21.0009,8.06203,0.00245124,0.993151,-0.224802,-0.223262,FRENET,0.263849,2.21873,0.263849,0.165083,2.21873,0.32858,0
13.3139,21.0009,8.06203,0.00245124,0.993151,-0.224802,-0.223262,FRENET,0.263849,2.21873,0.263849,0.165083,2.21873,0.32858,0
13.3186,21.011,8.0617,0.000424142,1.02368,-0.174194,-0.178319,FRENET,0.263849,2.21873,0.263849,0.165083,2.21873,0.32858,0
13.3219,21.011,8.0617,0.000424142,1.02368,-0.174194,-0.178319,FRENET,0.263849,2.21873,0.263849,0.165083,2.21873,0.32858,0
13.3259,21.011,8.0617,0.000424142,1.02368,-0.174194,-0.178319,FRENET,0.253004,2.21873,0.253004,0.0777643,2.21873,0.325202,0
13.33,21.0213,8.06142,-0.000967496,1.05276,-0.101,-0.106328,FRENET,0.253004,2.21873,0.253004,0.0777643,2.21873,0.325202,0
13.3338,21.0213,8.06142,-0.000967496,1.05276,-0.101,-0.106328,FRENET,0.253004,2.21873,0.253004,0.0777643,2.21873,0.325202,0
13.3389,21.032,8.06121,-0.0017807,1.08045,-0.0826172,-0.0892641,FRENET,0.253004,2.21873,0.253004,0.0777643,2.21873,0.325202,0
13.3421,21.032,8.06121,-0.0017807,1.08045,-0.0826172,-0.0892641,FRENET,0.253004,2.21873,0.253004,0.0777643,2.21873,0.325202,0
13.3459,21.032,8.06121,-0.0017807,1.08045,-0.0826172,-0.0892641,FRENET,0.253004,2.21873,0.253004,0.0777643,2.21873,0.325202,0
13.35,21.0429,8.06102,-0.00258115,1.10683,-0.063025,-0.069758,FRENET,0.253004,2.21873,0.253004,0.0777643,2.21873,0.325202,0
13.3541,21.0429,8.06102,-0.00258115,1.10683,-0.063025,-0.069758,FRENET,0.253004,2.21873,0.253004,0.0777643,2.21873,0.325202,0
13.3586,21.0541,8.06086,-0.00313746,1.13196,-0.0653474,-0.0739704,FRENET,0.253004,2.21873,0.253004,0.0777643,2.21873,0.325202,0
13.3621,21.0541,8.06086,-0.00313746,1.13196,-0.0653474,-0.0739704,FRENET,0.253004,2.21873,0.253004,0.0777643,2.21873,0.325202,0
13.3658,21.0541,8.06086,-0.00313746,1.13196,-0.0653474,-0.0739704,FRENET,0.253004,2.21873,0.253004,0.0777643,2.21873,0.325202,0
13.37,21.0656,8.0607,-0.00382028,1.15589,-0.0552608,-0.0638752,FRENET,0.253004,2.21873,0.253004,0.0777643,2.21873,0.325202,0
13.3739,21.0656,8.0607,-0.00382028,1.15589,-0.0552608,-0.0638752,FRENET,0.253004,2.21873,0.253004,0.0777643,2.21873,0.325202,0
13.3785,21.0772,8.06055,-0.00432231,1.17868,-0.0616969,-0.0727207,FRENET,0.264551,2.21873,0.264551,0.0471651,2.21873,0.326608,0
13.3819,21.0772,8.06055,-0.00432231,1.17868,-0.0616969,-0.0727207,FRENET,0.264551,2.21873,0.264551,0.0471651,2.21873,0.326608,0
13.3859,21.0772,8.06055,-0.00432231,1.17868,-0.0616969,-0.0727207,FRENET,0.264551,2.21873,0.264551,0.0471651,2.21873,0.326608,0
13.3899,21.0891,8.0604,-0.00498288,1.20038,-0.0541301,-0.0649769,FRENET,0.264551,2.21873,0.264551,0.0471651,2.21873,0.326608,0
13.3938,21.0891,8.0604,-0.00498288,1.20038,-0.0541301,-0.0649769,FRENET,0.264551,2.21873,0.264551,0.0471651,2.21873,0.326608,0
13.3987,21.1012,8.06024,-0.00547903,1.22106,-0.0615691,-0.0751796,FRENET,0.264551,2.21873,0.264551,0.0471651,2.21873,0.326608,0
13.402,21.1012,8.06024,-0.00547903,1.22106,-0.0615691,-0.0751796,FRENET,0.264551,2.21873,0.264551,0.0471651,2.21873,0.326608,0
13.4058,21.1012,8.06024,-0.00547903,1.22106,-0.0615691,-0.0751796,FRENET,0.264551,2.21873,0.264551,0.0471651,2.21873,0.326608,0
13.4099,21.1135,8.06007,-0.00614347,1.24075,-0.0548957,-0.068112,FRENET,0.264551,2.21873,0.264551,0.0471651,2.21873,0.326608,0
13.414,21.1135,8.06007,-0.00614347,1.24075,-0.0548957,-0.068112,FRENET,0.264551,2.21873,0.264551,0.0471651,2.21873,0.326608,0
13.4186,21.126,8.05991,-0.00664814,1.25951,-0.0625316,-0.0787591,FRENET,0.264551,2.21873,0.264551,0.0471651,2.21873,0.326608,0
13.4219,21.126,8.05991,-0.00664814,1.25951,-0.0625316,-0.0787591,FRENET,0.264551,2.21873,0.264551,0.0471651,2.21873,0.326608,0
13.4259,21.126,8.05991,-0.00664814,1.25951,-0.0625316,-0.0787591,FRENET,0.225559,2.21873,0.225559,0.0766901,2.21873,0.328897,0
13.4299,21.1388,8.05972,-0.00732066,1.28926,-0.0565558,-0.0729151,FRENET,0.225559,2.21873,0.225559,0.0766901,2.21873,0.328897,0
13.4339,21.1388,8.05972,-0.00732066,1.28926,-0.0565558,-0.0729151,FRENET,0.225559,2.21873,0.225559,0.0766901,2.21873,0.328897,0
13.4387,21.1518,8.05954,-0.00784396,1.3176,-0.063743,-0.0839876,FRENET,0.225559,2.21873,0.225559,0.0766901,2.21873,0.328897,0
13.4419,21.1518,8.05954,-0.00784396,1.3176,-0.063743,-0.0839876,FRENET,0.225559,2.21873,0.225559,0.0766901,2.21873,0.328897,0
13.446,21.1518,8.05954,-0.00784396,1.3176,-0.063743,-0.0839876,FRENET,0.225559,2.21873,0.225559,0.0766901,2.21873,0.328897,0
13.4505,21.1651,8.05933,-0.00853389,1.34459,-0.0585904,-0.0787799,FRENET,0.225559,2.21873,0.225559,0.0766901,2.21873,0.328897,0
13.4539,21.1651,8.05933,-0.00853389,1.34459,-0.0585904,-0.0787799,FRENET,0.225559,2.21873,0.225559,0.0766901,2.21873,0.328897,0
13.4588,21.1787,8.05912,-0.0090773,1.37029,-0.0658031,-0.0901696,FRENET,0.225559,2.21873,0.225559,0.0766901,2.21873,0.328897,0
13.462,21.1787,8.05912,-0.0090773,1.37029,-0.0658031,-0.0901696,FRENET,0.225559,2.21873,0.225559,0.0766901,2.21873,0.328897,0
13.4659,21.1787,8.05912,-0.0090773,1.37029,-0.0658031,-0.0901696,FRENET,0.225559,2.21873,0.225559,0.0766901,2.21873,0.328897,0
13.4699,21.1925,8.05889,-0.0097896,1.39478,-0.0608641,-0.0848918,FRENET,0.225559,2.21873,0.225559,0.0766901,2.21873,0.328897,0
13.4739,21.1925,8.05889,-0.0097896,1.39478,-0.0608641,-0.0848918,FRENET,0.225559,2.21873,0.225559,0.0766901,2.21873,0.328897,0
13.4786,21.2066,8.05866,-0.0103543,1.4181,-0.0678987,-0.096287,FRENET,0.0715212,1.86888,0.0715212,0,1.86888,0.338366,0
13.4819,21.2066,8.05866,-0.0103543,1.4181,-0.0678987,-0.096287,FRENET,0.0715212,1.86888,0.0715212,0,1.86888,0.338366,0
13.4861,21.2066,8.05866,-0.0103543,1.4181,-0.0678987,-0.096287,FRENET,0.0715212,1.86888,0.0715212,0,1.86888,0.338366,0
13.4901,21.2203,8.05842,-0.011137,1.323,-0.0614113,-0.081247,FRENET,0.0715212,1.86888,0.0715212,0,1.86888,0.338366,0
13.494,21.2203,8.05842,-0.011137,1.323,-0.0614113,-0.081247,FRENET,0.0715212,1.86888,0.0715212,0,1.86888,0.338366,0
13.4986,21.2331,8.0582,-0.0116864,1.23626,-0.0732069,-0.090503,FRENET,0.0715212,1.86888,0.0715212,0,1.86888,0.338366,0
13.5021,21.2331,8.0582,-0.0116864,1.23626,-0.0732069,-0.090503,FRENET,0.0715212,1.86888,0.0715212,0,1.86888,0.338366,0
13.5059,21.2331,8.0582,-0.0116864,1.23626,-0.0732069,-0.090503,FRENET,0.0715212,1.86888,0.0715212,0,1.86888,0.338366,0
13.51,21.2451,8.05794,-0.0127933,1.16603,-0.156548,-0.182539,FRENET,0.0715212,1.86888,0.0715212,0,1.86888,0.338366,0
13.5139,21.2451,8.05794,-0.0127933,1.16603,-0.156548,-0.182539,FRENET,0.0715212,1.86888,0.0715212,0,1.86888,0.338366,0
13.5187,21.2565,8.05761,-0.0145266,1.10915,-0.161122,-0.178708,FRENET,0.0715212,1.86888,0.0715212,0,1.86888,0.338366,0
13.5219,21.2565,8.05761,-0.0145266,1.10915,-0.161122,-0.178708,FRENET,0.0715212,1.86888,0.0715212,0,1.86888,0.338366,0
13.5257,21.2565,8.05761,-0.0145266,1.10915,-0.161122,-0.178708,FRENET,0.0634768,1.86888,0.0634768,0.0516992,1.86888,0.325138,0
13.5299,21.2673,8.05727,-0.0160843,1.06309,-0.171576,-0.1824,FRENET,0.0634768,1.86888,0.0634768,0.0516992,1.86888,0.325138,0
13.5339,21.2673,8.05727,-0.0160843,1.06309,-0.171576,-0.1824,FRENET,0.0634768,1.86888,0.0634768,0.0516992,1.86888,0.325138,0
13.5387,21.2776,8.05689,-0.0178381,1.00027,-0.152858,-0.152899,FRENET,0.0634768,1.86888,0.0634768,0.0516992,1.86888,0.325138,0
13.542,21.2776,8.05689,-0.0178381,1.00027,-0.152858,-0.152899,FRENET,0.0634768,1.86888,0.0634768,0.0516992,1.86888,0.325138,0
13.5459,21.2776,8.05689,-0.0178381,1.00027,-0.152858,-0.152899,FRENET,0.0634768,1.86888,0.0634768,0.0516992,1.86888,0.325138,0
13.5499,21.2874,8.05653,-0.0192717,0.949407,-0.157909,-0.149919,FRENET,0.0634768,1.86888,0.0634768,0.0516992,1.86888,0.325138,0
13.5539,21.2874,8.05653,-0.0192717,0.949407,-0.157909,-0.149919,FRENET,0.0634768,1.86888,0.0634768,0.0516992,1.86888,0.325138,0
13.5587,21.2966,8.05612,-0.0211205,0.908215,-0.219101,-0.19899,FRENET,0.0634768,1.86888,0.0634768,0.0516992,1.86888,0.325138,0
13.5619,21.2966,8.05612,-0.0211205,0.908215,-0.219101,-0.19899,FRENET,0.0634768,1.86888,0.0634768,0.0516992,1.86888,0.325138,0
13.566,21.2966,8.05612,-0.0211205,0.908215,-0.219101,-0.19899,FRENET,0.0634768,1.86888,0.0634768,0.0516992,1.86888,0.325138,0
13.5701,21.3057,8.05561,-0.023613,0.900372,-0.284718,-0.256353,FRENET,0.0634768,1.86888,0.0634768,0.0516992,1.86888,0.325138,0
13.5738,21.3057,8.05561,-0.023613,0.900372,-0.284718,-0.256353,FRENET,0.0634768,1.86888,0.0634768,0.0516992,1.86888,0.325138,0
13.5787,21.3146,8.05499,-0.0265991,0.894021,-0.287564,-0.257088,FRENET,0.0609657,1.86888,0.0609657,0.0945309,1.86888,0.316653,0
13.5819,21.3146,8.05499,-0.0265991,0.894021,-0.287564,-0.257088,FRENET,0.0609657,1.86888,0.0609657,0.0945309,1.86888,0.316653,0
13.5859,21.3146,8.05499,-0.0265991,0.894021,-0.287564,-0.257088,FRENET,0.0609657,1.86888,0.0609657,0.0945309,1.86888,0.316653,0
13.5898,21.3235,8.05435,-0.0292231,0.888878,-0.229576,-0.204066,FRENET,0.0609657,1.86888,0.0609657,0.0945309,1.86888,0.316653,0
13.5938,21.3235,8.05435,-0.0292231,0.888878,-0.229576,-0.204066,FRENET,0.0609657,1.86888,0.0609657,0.0945309,1.86888,0.316653,0
13.5986,21.3324,8.05375,-0.031148,0.884714,-0.153095,-0.135446,FRENET,0.0609657,1.86888,0.0609657,0.0945309,1.86888,0.316653,0
13.6019,21.3324,8.05375,-0.031148,0.884714,-0.153095,-0.135446,FRENET,0.0609657,1.86888,0.0609657,0.0945309,1.86888,0.316653,0
13.6061,21.3324,8.05375,-0.031148,0.884714,-0.153095,-0.135446,FRENET,0.0609657,1.86888,0.0609657,0.0945309,1.86888,0.316653,0
13.6101,21.3412,8.05321,-0.0325094,0.881341,-0.144958,-0.127758,FRENET,0.0609657,1.86888,0.0609657,0.0945309,1.86888,0.316653,0
13.614,21.3412,8.05321,-0.0325094,0.881341,-0.144958,-0.127758,FRENET,0.0609657,1.86888,0.0609657,0.0945309,1.86888,0.316653,0
13.6187,21.35,8.05267,-0.0339518,0.87861,-0.125116,-0.109929,FRENET,0.0609657,1.86888,0.0609657,0.0945309,1.86888,0.316653,0
13.622,21.35,8.05267,-0.0339518,0.87861,-0.125116,-0.109929,FRENET,0.0609657,1.86888,0.0609657,0.0945309,1.86888,0.316653,0
13.6262,21.35,8.05267,-0.0339518,0.87861,-0.125116,-0.109929,FRENET,0.0411906,2.39083,0.0411906,0.146254,2.39083,0.31322,0
13.63,21.3587,8.05216,-0.0351487,0.876398,-0.134992,-0.118307,FRENET,0.0411906,2.39083,0.0411906,0.146254,2.39083,0.31322,0
13.6342,21.3587,8.05216,-0.0351487,0.876398,-0.134992,-0.118307,FRENET,0.0411906,2.39083,0.0411906,0.146254,2.39083,0.31322,0
13.6391,21.3674,8.05163,-0.0365307,0.859556,-0.119433,-0.10266,FRENET,0.0411906,2.39083,0.0411906,0.146254,2.39083,0.31322,0
13.6421,21.3674,8.05163,-0.0365307,0.859556,-0.119433,-0.10266,FRENET,0.0411906,2.39083,0.0411906,0.146254,2.39083,0.31322,0
13.6461,21.3674,8.05163,-0.0365307,0.859556,-0.119433,-0.10266,FRENET,0.0411906,2.39083,0.0411906,0.146254,2.39083,0.31322,0
13.6502,21.3759,8.05112,-0.0376777,0.845916,-0.131502,-0.11124,FRENET,0.0411906,2.39083,0.0411906,0.146254,2.39083,0.31322,0
13.6541,21.3759,8.05112,-0.0376777,0.845916,-0.131502,-0.11124,FRENET,0.0411906,2.39083,0.0411906,0.146254,2.39083,0.31322,0
13.6588,21.3843,8.0506,-0.0390186,0.834871,-0.115374,-0.0963226,FRENET,0.0411906,2.39083,0.0411906,0.146254,2.39083,0.31322,0
13.662,21.3843,8.0506,-0.0390186,0.834871,-0.115374,-0.0963226,FRENET,0.0411906,2.39083,0.0411906,0.146254,2.39083,0.31322,0
13.6661,21.3843,8.0506,-0.0390186,0.834871,-0.115374,-0.0963226,FRENET,0.0411906,2.39083,0.0411906,0.146254,2.39083,0.31322,0
13.6701,21.3926,8.0501,-0.039907,0.838496,-0.0565999,-0.0474588,FRENET,0.0411906,2.39083,0.0411906,0.146254,2.39083,0.31322,0
13.674,21.3926,8.0501,-0.039907,0.838496,-0.0565999,-0.0474588,FRENET,0.0411906,2.39083,0.0411906,0.146254,2.39083,0.31322,0
13.6788,21.401,8.04968,-0.0401193,0.841948,0.0160516,0.0135146,FRENET,0.0282635,2.39083,0.0282635,0.135372,2.39083,0.311182,0
13.6821,21.401,8.04968,-0.0401193,0.841948,0.0160516,0.0135146,FRENET,0.0282635,2.39083,0.0282635,0.135372,2.39083,0.311182,0
13.686,21.401,8.04968,-0.0401193,0.841948,0.0160516,0.0135146,FRENET,0.0282635,2.39083,0.0282635,0.135372,2.39083,0.311182,0
13.6902,21.4095,8.04936,-0.0395732,0.845236,0.0939201,0.0793846,FRENET,0.0282635,2.39083,0.0282635,0.135372,2.39083,0.311182,0
13.694,21.4095,8.04936,-0.0395732,0.845236,0.0939201,0.0793846,FRENET,0.0282635,2.39083,0.0282635,0.135372,2.39083,0.311182,0
13.6987,21.4179,8.04916,-0.0382346,0.848367,0.174132,0.147728,FRENET,0.0282635,2.39083,0.0282635,0.135372,2.39083,0.311182,0
13.702,21.4179,8.04916,-0.0382346,0.848367,0.174132,0.147728,FRENET,0.0282635,2.39083,0.0282635,0.135372,2.39083,0.311182,0
13.7062,21.4179,8.04916,-0.0382346,0.848367,0.174132,0.147728,FRENET,0.0282635,2.39083,0.0282635,0.135372,2.39083,0.311182,0
13.71,21.4264,8.04908,-0.036314,0.85135,0.184138,0.156766,FRENET,0.0282635,2.39083,0.0282635,0.135372,2.39083,0.311182,0
13.714,21.4264,8.04908,-0.036314,0.85135,0.184138,0.156766,FRENET,0.0282635,2.39083,0.0282635,0.135372,2.39083,0.311182,0
13.7189,21.435,8.04904,-0.0344553,0.854191,0.205573,0.175599,FRENET,0.0282635,2.39083,0.0282635,0.135372,2.39083,0.311182,0
13.7221,21.435,8.04904,-0.0344553,0.854191,0.205573,0.175599,FRENET,0.0282635,2.39083,0.0282635,0.135372,2.39083,0.311182,0
13.726,21.435,8.04904,-0.0344553,0.854191,0.205573,0.175599,FRENET,0.0500807,2.39083,0.0500807,0.144571,2.39083,0.313197,0
13.7301,21.4435,8.04906,-0.0323417,0.856897,0.196629,0.168491,FRENET,0.0500807,2.39083,0.0500807,0.144571,2.39083,0.313197,0
13.7341,21.4435,8.04906,-0.0323417,0.856897,0.196629,0.168491,FRENET,0.0500807,2.39083,0.0500807,0.144571,2.39083,0.313197,0
13.7389,21.4521,8.04909,-0.0304,0.859474,0.211317,0.181621,FRENET,0.0500807,2.39083,0.0500807,0.144571,2.39083,0.313197,0
13.7421,21.4521,8.04909,-0.0304,0.859474,0.211317,0.181621,FRENET,0.0500807,2.39083,0.0500807,0.144571,2.39083,0.313197,0
13.7461,21.4521,8.04909,-0.0304,0.859474,0.211317,0.181621,FRENET,0.0500807,2.39083,0.0500807,0.144571,2.39083,0.313197,0
13.7503,21.4607,8.04917,-0.0282442,0.861928,0.19991,0.172308,FRENET,0.0500807,2.39083,0.0500807,0.144571,2.39083,0.313197,0
13.7541,21.4607,8.04917,-0.0282442,0.861928,0.19991,0.172308,FRENET,0.0500807,2.39083,0.0500807,0.144571,2.39083,0.313197,0
13.7588,21.4693,8.04925,-0.0262764,0.864266,0.213416,0.184449,FRENET,0.0500807,2.39083,0.0500807,0.144571,2.39083,0.313197,0
13.762,21.4693,8.04925,-0.0262764,0.864266,0.213416,0.184449,FRENET,0.0500807,2.39083,0.0500807,0.144571,2.39083,0.313197,0
13.7661,21.4693,8.04925,-0.0262764,0.864266,0.213416,0.184449,FRENET,0.0500807,2.39083,0.0500807,0.144571,2.39083,0.313197,0
13.7701,21.478,8.04936,-0.0241023,0.866493,0.201564,0.174654,FRENET,0.0500807,2.39083,0.0500807,0.144571,2.39083,0.313197,0
13.774,21.478,8.04936,-0.0241023,0.866493,0.201564,0.174654,FRENET,0.0500807,2.39083,0.0500807,0.144571,2.39083,0.313197,0
13.7786,21.4867,8.04949,-0.0221199,0.868614,0.214712,0.186502,FRENET,0.0705431,2.39083,0.0705431,0.128925,2.39083,0.315163,0
13.7821,21.4867,8.04949,-0.0221199,0.868614,0.214712,0.186502,FRENET,0.0705431,2.39083,0.0705431,0.128925,2.39083,0.315163,0
13.7861,21.4867,8.04949,-0.0221199,0.868614,0.214712,0.186502,FRENET,0.0705431,2.39083,0.0705431,0.128925,2.39083,0.315163,0
13.7902,21.4953,8.04964,-0.0199334,0.870634,0.202765,0.176534,FRENET,0.0705431,2.39083,0.0705431,0.128925,2.39083,0.315163,0
13.794,21.4953,8.04964,-0.0199334,0.870634,0.202765,0.176534,FRENET,0.0705431,2.39083,0.0705431,0.128925,2.39083,0.315163,0
13.7988,21.5041,8.0498,-0.0179398,0.872558,0.215735,0.188241,FRENET,0.0705431,2.39083,0.0705431,0.128925,2.39083,0.315163,0
13.8021,21.5041,8.0498,-0.0179398,0.872558,0.215735,0.188241,FRENET,0.0705431,2.39083,0.0705431,0.128925,2.39083,0.315163,0
13.806,21.5041,8.0498,-0.0179398,0.872558,0.215735,0.188241,FRENET,0.0705431,2.39083,0.0705431,0.128925,2.39083,0.315163,0
13.8101,21.5128,8.04999,-0.0157433,0.87439,0.203773,0.178177,FRENET,0.0705431,2.39083,0.0705431,0.128925,2.39083,0.315163,0
13.8142,21.5128,8.04999,-0.0157433,0.87439,0.203773,0.178177,FRENET,0.0705431,2.39083,0.0705431,0.128925,2.39083,0.315163,0
13.8189,21.5215,8.05019,-0.0137402,0.876136,0.21662,0.189789,FRENET,0.0705431,2.39083,0.0705431,0.128925,2.39083,0.315163,0
13.8219,21.5215,8.05019,-0.0137402,0.876136,0.21662,0.189789,FRENET,0.0705431,2.39083,0.0705431,0.128925,2.39083,0.315163,0
13.826,21.5215,8.05019,-0.0137402,0.876136,0.21662,0.189789,FRENET,0.178456,2.58847,0.178456,0.158639,2.58847,0.322402,0
13.8301,21.5303,8.05042,-0.0115349,0.877798,0.204665,0.179654,FRENET,0.178456,2.58847,0.178456,0.158639,2.58847,0.322402,0
13.834,21.5303,8.05042,-0.0115349,0.877798,0.204665,0.179654,FRENET,0.178456,2.58847,0.178456,0.158639,2.58847,0.322402,0
13.8387,21.5392,8.05065,-0.00952003,0.894602,0.21731,0.194406,FRENET,0.178456,2.58847,0.178456,0.158639,2.58847,0.322402,0
13.8421,21.5392,8.05065,-0.00952003,0.894602,0.21731,0.194406,FRENET,0.178456,2.58847,0.178456,0.158639,2.58847,0.322402,0
13.8461,21.5392,8.05065,-0.00952003,0.894602,0.21731,0.194406,FRENET,0.178456,2.58847,0.178456,0.158639,2.58847,0.322402,0
13.85,21.5482,8.05092,-0.00729556,0.910607,0.209564,0.190831,FRENET,0.178456,2.58847,0.178456,0.158639,2.58847,0.322402,0
13.854,21.5482,8.05092,-0.00729556,0.910607,0.209564,0.190831,FRENET,0.178456,2.58847,0.178456,0.158639,2.58847,0.322402,0
13.8586,21.5574,8.05119,-0.00544384,0.925851,0.154522,0.143064,FRENET,0.178456,2.58847,0.178456,0.158639,2.58847,0.322402,0
13.862,21.5574,8.05119,-0.00544384,0.925851,0.154522,0.143064,FRENET,0.178456,2.58847,0.178456,0.158639,2.58847,0.322402,0
13.8661,21.5574,8.05119,-0.00544384,0.925851,0.154522,0.143064,FRENET,0.178456,2.58847,0.178456,0.158639,2.58847,0.322402,0
13.8698,21.5667,8.05138,-0.00425418,0.94037,0.0808542,0.0760328,FRENET,0.178456,2.58847,0.178456,0.158639,2.58847,0.322402,0
13.8738,21.5667,8.05138,-0.00425418,0.94037,0.0808542,0.0760328,FRENET,0.178456,2.58847,0.178456,0.158639,2.58847,0.322402,0
13.8787,21.5762,8.05149,-0.00385211,0.954199,-0.00172693,-0.00164784,FRENET,0.186157,2.58847,0.186157,0.154487,2.58847,0.330317,0
13.8817,21.5762,8.05149,-0.00385211,0.954199,-0.00172693,-0.00164784,FRENET,0.186157,2.58847,0.186157,0.154487,2.58847,0.330317,0
13.8858,21.5762,8.05149,-0.00385211,0.954199,-0.00172693,-0.00164784,FRENET,0.186157,2.58847,0.186157,0.154487,2.58847,0.330317,0
13.8899,21.5858,8.05147,-0.00430468,0.96737,-0.0895822,-0.0866592,FRENET,0.186157,2.58847,0.186157,0.154487,2.58847,0.330317,0
13.894,21.5858,8.05147,-0.00430468,0.96737,-0.0895822,-0.0866592,FRENET,0.186157,2.58847,0.186157,0.154487,2.58847,0.330317,0
13.8989,21.5955,8.05131,-0.00565552,0.979915,-0.181155,-0.177517,FRENET,0.186157,2.58847,0.186157,0.154487,2.58847,0.330317,0
13.902,21.5955,8.05131,-0.00565552,0.979915,-0.181155,-0.177517,FRENET,0.186157,2.58847,0.186157,0.154487,2.58847,0.330317,0
13.9059,21.5955,8.05131,-0.00565552,0.979915,-0.181155,-0.177517,FRENET,0.186157,2.58847,0.186157,0.154487,2.58847,0.330317,0
13.9101,21.6054,8.05102,-0.00770385,0.991864,-0.204446,-0.202783,FRENET,0.186157,2.58847,0.186157,0.154487,2.58847,0.330317,0
13.914,21.6054,8.05102,-0.00770385,0.991864,-0.204446,-0.202783,FRENET,0.186157,2.58847,0.186157,0.154487,2.58847,0.330317,0
13.9185,21.6153,8.05066,-0.00979609,1.00324,-0.229766,-0.230511,FRENET,0.186157,2.58847,0.186157,0.154487,2.58847,0.330317,0
13.9218,21.6153,8.05066,-0.00979609,1.00324,-0.229766,-0.230511,FRENET,0.186157,2.58847,0.186157,0.154487,2.58847,0.330317,0
13.9261,21.6153,8.05066,-0.00979609,1.00324,-0.229766,-0.230511,FRENET,0.185202,2.58847,0.185202,0.0808636,2.58847,0.339384,0
13.9302,21.6254,8.05022,-0.0121826,1.01408,-0.228626,-0.231846,FRENET,0.185202,2.58847,0.185202,0.0808636,2.58847,0.339384,0
13.9343,21.6254,8.05022,-0.0121826,1.01408,-0.228626,-0.231846,FRENET,0.185202,2.58847,0.185202,0.0808636,2.58847,0.339384,0
13.9393,21.6356,8.04975,-0.0144563,1.02441,-0.243667,-0.249614,FRENET,0.185202,2.58847,0.185202,0.0808636,2.58847,0.339384,0
13.9423,21.6356,8.04975,-0.0144563,1.02441,-0.243667,-0.249614,FRENET,0.185202,2.58847,0.185202,0.0808636,2.58847,0.339384,0
13.946,21.6356,8.04975,-0.0144563,1.02441,-0.243667,-0.249614,FRENET,0.185202,2.58847,0.185202,0.0808636,2.58847,0.339384,0
13.9501,21.6459,8.04922,-0.0169565,1.03424,-0.23817,-0.246325,FRENET,0.185202,2.58847,0.185202,0.0808636,2.58847,0.339384,0
13.9541,21.6459,8.04922,-0.0169565,1.03424,-0.23817,-0.246325,FRENET,0.185202,2.58847,0.185202,0.0808636,2.58847,0.339384,0
13.9589,21.6563,8.04867,-0.0193118,1.04361,-0.250738,-0.261671,FRENET,0.185202,2.58847,0.185202,0.0808636,2.58847,0.339384,0
13.9619,21.6563,8.04867,-0.0193118,1.04361,-0.250738,-0.261671,FRENET,0.185202,2.58847,0.185202,0.0808636,2.58847,0.339384,0
13.9661,21.6563,8.04867,-0.0193118,1.04361,-0.250738,-0.261671,FRENET,0.185202,2.58847,0.185202,0.0808636,2.58847,0.339384,0
13.97,21.6667,8.04807,-0.0218764,1.05253,-0.244131,-0.256954,FRENET,0.185202,2.58847,0.185202,0.0808636,2.58847,0.339384,0
13.974,21.6667,8.04807,-0.0218764,1.05253,-0.244131,-0.256954,FRENET,0.185202,2.58847,0.185202,0.0808636,2.58847,0.339384,0
13.9788,21.6773,8.04745,-0.0242863,1.06102,-0.255759,-0.271366,FRENET,0.186317,2.58847,0.186317,0.0314821,2.58847,0.347253,0
13.9821,21.6773,8.04745,-0.0242863,1.06102,-0.255759,-0.271366,FRENET,0.186317,2.58847,0.186317,0.0314821,2.58847,0.347253,0
13.986,21.6773,8.04745,-0.0242863,1.06102,-0.255759,-0.271366,FRENET,0.186317,2.58847,0.186317,0.0314821,2.58847,0.347253,0
13.99,21.6879,8.04678,-0.0268991,1.06911,-0.248774,-0.265968,FRENET,0.186317,2.58847,0.186317,0.0314821,2.58847,0.347253,0
13.9941,21.6879,8.04678,-0.0268991,1.06911,-0.248774,-0.265968,FRENET,0.186317,2.58847,0.186317,0.0314821,2.58847,0.347253,0
13.9988,21.6986,8.0461,-0.0293528,1.07682,-0.259891,-0.279856,FRENET,0.186317,2.58847,0.186317,0.0314821,2.58847,0.347253,0
14.002,21.6986,8.0461,-0.0293528,1.07682,-0.259891,-0.279856,FRENET,0.186317,2.58847,0.186317,0.0314821,2.58847,0.347253,0
14.006,21.6986,8.0461,-0.0293528,1.07682,-0.259891,-0.279856,FRENET,0.186317,2.58847,0.186317,0.0314821,2.58847,0.347253,0
14.01,21.7094,8.04537,-0.0320059,1.08416,-0.25274,-0.274011,FRENET,0.186317,2.58847,0.186317,0.0314821,2.58847,0.347253,0
14.014,21.7094,8.04537,-0.0320059,1.08416,-0.25274,-0.274011,FRENET,0.186317,2.58847,0.186317,0.0314821,2.58847,0.347253,0
14.0187,21.7203,8.04462,-0.0344968,1.10273,-0.262909,-0.289919,FRENET,0.186317,2.58847,0.186317,0.0314821,2.58847,0.347253,0
14.0221,21.7203,8.04462,-0.0344968,1.10273,-0.262909,-0.289919,FRENET,0.186317,2.58847,0.186317,0.0314821,2.58847,0.347253,0
14.0261,21.7203,8.04462,-0.0344968,1.10273,-0.262909,-0.289919,FRENET,0.156705,2.89949,0.156705,0,2.89949,0.361606,0
14.0301,21.7314,8.04381,-0.0371861,1.12042,-0.258127,-0.289211,FRENET,0.156705,2.89949,0.156705,0,2.89949,0.361606,0
14.034,21.7314,8.04381,-0.0371861,1.12042,-0.258127,-0.289211,FRENET,0.156705,2.89949,0.156705,0,2.89949,0.361606,0
14.0388,21.7425,8.04302,-0.0394774,1.10884,-0.191555,-0.212404,FRENET,0.156705,2.89949,0.156705,0,2.89949,0.361606,0
14.0421,21.7425,8.04302,-0.0394774,1.10884,-0.191555,-0.212404,FRENET,0.156705,2.89949,0.156705,0,2.89949,0.361606,0
14.0461,21.7425,8.04302,-0.0394774,1.10884,-0.191555,-0.212404,FRENET,0.156705,2.89949,0.156705,0,2.89949,0.361606,0
14.0501,21.7535,8.04227,-0.0412122,1.09946,-0.178864,-0.196653,FRENET,0.156705,2.89949,0.156705,0,2.89949,0.361606,0
14.054,21.7535,8.04227,-0.0412122,1.09946,-0.178864,-0.196653,FRENET,0.156705,2.89949,0.156705,0,2.89949,0.361606,0
14.0588,21.7644,8.04152,-0.0429935,1.09186,-0.159792,-0.17447,FRENET,0.156705,2.89949,0.156705,0,2.89949,0.361606,0
14.062,21.7644,8.04152,-0.0429935,1.09186,-0.159792,-0.17447,FRENET,0.156705,2.89949,0.156705,0,2.89949,0.361606,0
14.066,21.7644,8.04152,-0.0429935,1.09186,-0.159792,-0.17447,FRENET,0.156705,2.89949,0.156705,0,2.89949,0.361606,0
14.0701,21.7753,8.04081,-0.0442601,1.08571,-0.0870981,-0.0945629,FRENET,0.156705,2.89949,0.156705,0,2.89949,0.361606,0
14.0741,21.7753,8.04081,-0.0442601,1.08571,-0.0870981,-0.0945629,FRENET,0.156705,2.89949,0.156705,0,2.89949,0.361606,0
14.0786,21.7861,8.0402,-0.0446836,1.08072,0.00474108,0.00512379,FRENET,0.146173,2.89949,0.146173,0,2.89949,0.36569,0
14.0819,21.7861,8.0402,-0.0446836,1.08072,0.00474108,0.00512379,FRENET,0.146173,2.89949,0.146173,0,2.89949,0.36569,0
14.0863,21.7861,8.0402,-0.0446836,1.08072,0.00474108,0.00512379,FRENET,0.146173,2.89949,0.146173,0,2.89949,0.36569,0
14.0901,21.7969,8.0397,-0.0441482,1.07669,0.103206,0.111121,FRENET,0.146173,2.89949,0.146173,0,2.89949,0.36569,0
14.094,21.7969,8.0397,-0.0441482,1.07669,0.103206,0.111121,FRENET,0.146173,2.89949,0.146173,0,2.89949,0.36569,0
14.0986,21.8076,8.03933,-0.0428704,1.07342,0.126808,0.136119,FRENET,0.146173,2.89949,0.146173,0,2.89949,0.36569,0
14.1021,21.8076,8.03933,-0.0428704,1.07342,0.126808,0.136119,FRENET,0.146173,2.89949,0.146173,0,2.89949,0.36569,0
14.106,21.8076,8.03933,-0.0428704,1.07342,0.126808,0.136119,FRENET,0.146173,2.89949,0.146173,0,2.89949,0.36569,0
14.11,21.8184,8.03901,-0.0415722,1.07078,0.149263,0.159827,FRENET,0.146173,2.89949,0.146173,0,2.89949,0.36569,0
14.114,21.8184,8.03901,-0.0415722,1.07078,0.149263,0.159827,FRENET,0.146173,2.89949,0.146173,0,2.89949,0.36569,0
14.1188,21.8291,8.03876,-0.0400041,1.06863,0.144611,0.154536,FRENET,0.146173,2.89949,0.146173,0,2.89949,0.36569,0
14.122,21.8291,8.03876,-0.0400041,1.06863,0.144611,0.154536,FRENET,0.146173,2.89949,0.146173,0,2.89949,0.36569,0
14.126,21.8291,8.03876,-0.0400041,1.06863,0.144611,0.154536,FRENET,0.141023,2.89949,0.141023,0,2.89949,0.377552,0
14.13,21.8397,8.03853,-0.0385916,1.0669,0.156363,0.166823,FRENET,0.141023,2.89949,0.141023,0,2.89949,0.377552,0
14.1339,21.8397,8.03853,-0.0385916,1.0669,0.156363,0.166823,FRENET,0.141023,2.89949,0.141023,0,2.89949,0.377552,0
14.1387,21.8504,8.03835,-0.0369774,1.06549,0.147541,0.157204,FRENET,0.141023,2.89949,0.141023,0,2.89949,0.377552,0
14.142,21.8504,8.03835,-0.0369774,1.06549,0.147541,0.157204,FRENET,0.141023,2.89949,0.141023,0,2.89949,0.377552,0
14.146,21.8504,8.03835,-0.0369774,1.06549,0.147541,0.157204,FRENET,0.141023,2.89949,0.141023,0,2.89949,0.377552,0
14.15,21.861,8.03818,-0.0355454,1.06435,0.157592,0.167734,FRENET,0.141023,2.89949,0.141023,0,2.89949,0.377552,0
14.1541,21.861,8.03818,-0.0355454,1.06435,0.157592,0.167734,FRENET,0.141023,2.89949,0.141023,0,2.89949,0.377552,0
14.1588,21.8717,8.03804,-0.0339233,1.06343,0.148045,0.157436,FRENET,0.141023,2.89949,0.141023,0,2.89949,0.377552,0
14.162,21.8717,8.03804,-0.0339233,1.06343,0.148045,0.157436,FRENET,0.141023,2.89949,0.141023,0,2.89949,0.377552,0
14.166,21.8717,8.03804,-0.0339233,1.06343,0.148045,0.157436,FRENET,0.141023,2.89949,0.141023,0,2.89949,0.377552,0
14.1701,21.8823,8.0379,-0.0324879,1.06269,0.157768,0.167658,FRENET,0.141023,2.89949,0.141023,0,2.89949,0.377552,0
14.1741,21.8823,8.0379,-0.0324879,1.06269,0.157768,0.167658,FRENET,0.141023,2.89949,0.141023,0,2.89949,0.377552,0
14.1788,21.8929,8.03783,-0.0306129,1.06208,0.224122,0.238036,FRENET,0.193935,2.46371,0.193935,0,2.46371,0.385037,0
14.1821,21.8929,8.03783,-0.0306129,1.06208,0.224122,0.238036,FRENET,0.193935,2.46371,0.193935,0,2.46371,0.385037,0
14.1859,21.8929,8.03783,-0.0306129,1.06208,0.224122,0.238036,FRENET,0.193935,2.46371,0.193935,0,2.46371,0.385037,0
14.1901,21.9036,8.03783,-0.0282019,1.06363,0.235442,0.250422,FRENET,0.193935,2.46371,0.193935,0,2.46371,0.385037,0
14.194,21.9036,8.03783,-0.0282019,1.06363,0.235442,0.250422,FRENET,0.193935,2.46371,0.193935,0,2.46371,0.385037,0
14.1987,21.9142,8.03788,-0.0258427,1.0651,0.253428,0.269925,FRENET,0.193935,2.46371,0.193935,0,2.46371,0.385037,0
14.202,21.9142,8.03788,-0.0258427,1.0651,0.253428,0.269925,FRENET,0.193935,2.46371,0.193935,0,2.46371,0.385037,0
14.206,21.9142,8.03788,-0.0258427,1.0651,0.253428,0.269925,FRENET,0.193935,2.46371,0.193935,0,2.46371,0.385037,0
14.21,21.9249,8.03799,-0.0232419,1.0665,0.247607,0.264072,FRENET,0.193935,2.46371,0.193935,0,2.46371,0.385037,0
14.214,21.9249,8.03799,-0.0232419,1.0665,0.247607,0.264072,FRENET,0.193935,2.46371,0.193935,0,2.46371,0.385037,0
14.2187,21.9355,8.03809,-0.0210512,1.06783,0.183399,0.195839,FRENET,0.193935,2.46371,0.193935,0,2.46371,0.385037,0
14.2221,21.9355,8.03809,-0.0210512,1.06783,0.183399,0.195839,FRENET,0.193935,2.46371,0.193935,0,2.46371,0.385037,0
14.226,21.9355,8.03809,-0.0210512,1.06783,0.183399,0.195839,FRENET,0.177023,2.46371,0.177023,0.0584654,2.46371,0.308588,0
14.2301,21.9462,8.03814,-0.0196361,1.0691,0.09688,0.103574,FRENET,0.177023,2.46371,0.177023,0.0584654,2.46371,0.308588,0
14.2341,21.9462,8.03814,-0.0196361,1.0691,0.09688,0.103574,FRENET,0.177023,2.46371,0.177023,0.0584654,2.46371,0.308588,0
14.2388,21.957,8.03809,-0.0191169,1.07967,0.00538811,0.00581738,FRENET,0.177023,2.46371,0.177023,0.0584654,2.46371,0.308588,0
14.2421,21.957,8.03809,-0.0191169,1.07967,0.00538811,0.00581738,FRENET,0.177023,2.46371,0.177023,0.0584654,2.46371,0.308588,0
14.2461,21.957,8.03809,-0.0191169,1.07967,0.00538811,0.00581738,FRENET,0.177023,2.46371,0.177023,0.0584654,2.46371,0.308588,0
14.2501,21.9678,8.03792,-0.0195477,1.08974,-0.0924279,-0.100722,FRENET,0.177023,2.46371,0.177023,0.0584654,2.46371,0.308588,0
14.2541,21.9678,8.03792,-0.0195477,1.08974,-0.0924279,-0.100722,FRENET,0.177023,2.46371,0.177023,0.0584654,2.46371,0.308588,0
14.2588,21.9787,8.03762,-0.0207335,1.09932,-0.120673,-0.132659,FRENET,0.177023,2.46371,0.177023,0.0584654,2.46371,0.308588,0
14.2622,21.9787,8.03762,-0.0207335,1.09932,-0.120673,-0.132659,FRENET,0.177023,2.46371,0.177023,0.0584654,2.46371,0.308588,0
14.2661,21.9787,8.03762,-0.0207335,1.09932,-0.120673,-0.132659,FRENET,0.177023,2.46371,0.177023,0.0584654,2.46371,0.308588,0
14.2699,21.9898,8.03725,-0.0219917,1.10846,-0.146194,-0.16205,FRENET,0.177023,2.46371,0.177023,0.0584654,2.46371,0.308588,0
14.2739,21.9898,8.03725,-0.0219917,1.10846,-0.146194,-0.16205,FRENET,0.177023,2.46371,0.177023,0.0584654,2.46371,0.308588,0
14.2787,22.0009,8.03682,-0.0235469,1.11716,-0.146073,-0.163186,FRENET,0.177021,2.46371,0.177021,0.0517521,2.46371,0.302058,0
14.2818,22.0009,8.03682,-0.0235469,1.11716,-0.146073,-0.163186,FRENET,0.177021,2.46371,0.177021,0.0517521,2.46371,0.302058,0
14.2859,22.0009,8.03682,-0.0235469,1.11716,-0.146073,-0.163186,FRENET,0.177021,2.46371,0.177021,0.0517521,2.46371,0.302058,0
14.2899,22.0121,8.03635,-0.0249886,1.12544,-0.159509,-0.179518,FRENET,0.177021,2.46371,0.177021,0.0517521,2.46371,0.302058,0
14.2939,22.0121,8.03635,-0.0249886,1.12544,-0.159509,-0.179518,FRENET,0.177021,2.46371,0.177021,0.0517521,2.46371,0.302058,0
14.2987,22.0234,8.03583,-0.0266465,1.13333,-0.154103,-0.17465,FRENET,0.177021,2.46371,0.177021,0.0517521,2.46371,0.302058,0
14.3019,22.0234,8.03583,-0.0266465,1.13333,-0.154103,-0.17465,FRENET,0.177021,2.46371,0.177021,0.0517521,2.46371,0.302058,0
14.3061,22.0234,8.03583,-0.0266465,1.13333,-0.154103,-0.17465,FRENET,0.177021,2.46371,0.177021,0.0517521,2.46371,0.302058,0
14.31,22.0347,8.0353,-0.028153,1.14085,-0.164786,-0.187996,FRENET,0.177021,2.46371,0.177021,0.0517521,2.46371,0.302058,0
14.3138,22.0347,8.0353,-0.028153,1.14085,-0.164786,-0.187996,FRENET,0.177021,2.46371,0.177021,0.0517521,2.46371,0.302058,0
14.3184,22.0462,8.03473,-0.0298563,1.148,-0.158073,-0.181469,FRENET,0.177021,2.46371,0.177021,0.0517521,2.46371,0.302058,0
14.3219,22.0462,8.03473,-0.0298563,1.148,-0.158073,-0.181469,FRENET,0.177021,2.46371,0.177021,0.0517521,2.46371,0.302058,0
14.326,22.0462,8.03473,-0.0298563,1.148,-0.158073,-0.181469,FRENET,0.0838433,2.33465,0.0838433,0.0321862,2.33465,0.303779,0
14.3299,22.0577,8.03414,-0.0313975,1.15482,-0.167851,-0.193838,FRENET,0.0838433,2.33465,0.0838433,0.0321862,2.33465,0.303779,0
14.3339,22.0577,8.03414,-0.0313975,1.15482,-0.167851,-0.193838,FRENET,0.0838433,2.33465,0.0838433,0.0321862,2.33465,0.303779,0
14.3386,22.0688,8.03354,-0.0331737,1.08064,-0.159117,-0.171948,FRENET,0.0838433,2.33465,0.0838433,0.0321862,2.33465,0.303779,0
14.342,22.0688,8.03354,-0.0331737,1.08064,-0.159117,-0.171948,FRENET,0.0838433,2.33465,0.0838433,0.0321862,2.33465,0.303779,0
14.346,22.0688,8.03354,-0.0331737,1.08064,-0.159117,-0.171948,FRENET,0.0838433,2.33465,0.0838433,0.0321862,2.33465,0.303779,0
14.35,22.0793,8.03297,-0.0346886,1.02057,-0.167264,-0.170704,FRENET,0.0838433,2.33465,0.0838433,0.0321862,2.33465,0.303779,0
14.3539,22.0793,8.03297,-0.0346886,1.02057,-0.167264,-0.170704,FRENET,0.0838433,2.33465,0.0838433,0.0321862,2.33465,0.303779,0
14.3585,22.0893,8.03237,-0.0366564,0.971923,-0.233506,-0.22695,FRENET,0.0838433,2.33465,0.0838433,0.0321862,2.33465,0.303779,0
14.3618,22.0893,8.03237,-0.0366564,0.971923,-0.233506,-0.22695,FRENET,0.0838433,2.33465,0.0838433,0.0321862,2.33465,0.303779,0
14.3658,22.0893,8.03237,-0.0366564,0.971923,-0.233506,-0.22695,FRENET,0.0838433,2.33465,0.0838433,0.0321862,2.33465,0.303779,0
14.3699,22.0988,8.03172,-0.039093,0.932529,-0.225951,-0.210706,FRENET,0.0838433,2.33465,0.0838433,0.0321862,2.33465,0.303779,0
14.374,22.0988,8.03172,-0.039093,0.932529,-0.225951,-0.210706,FRENET,0.0838433,2.33465,0.0838433,0.0321862,2.33465,0.303779,0
14.3788,22.1079,8.03105,-0.0412845,0.900628,-0.234157,-0.210888,FRENET,0.0891035,2.33465,0.0891035,0.0553372,2.33465,0.30865,0
14.3818,22.1079,8.03105,-0.0412845,0.900628,-0.234157,-0.210888,FRENET,0.0891035,2.33465,0.0891035,0.0553372,2.33465,0.30865,0
14.3861,22.1079,8.03105,-0.0412845,0.900628,-0.234157,-0.210888,FRENET,0.0891035,2.33465,0.0891035,0.0553372,2.33465,0.30865,0
14.39,22.1168,8.03036,-0.0436255,0.874794,-0.211964,-0.185425,FRENET,0.0891035,2.33465,0.0891035,0.0553372,2.33465,0.30865,0
14.3939,22.1168,8.03036,-0.0436255,0.874794,-0.211964,-0.185425,FRENET,0.0891035,2.33465,0.0891035,0.0553372,2.33465,0.30865,0
14.3986,22.1254,8.02967,-0.0456696,0.853874,-0.21947,-0.1874,FRENET,0.0891035,2.33465,0.0891035,0.0553372,2.33465,0.30865,0
14.4019,22.1254,8.02967,-0.0456696,0.853874,-0.21947,-0.1874,FRENET,0.0891035,2.33465,0.0891035,0.0553372,2.33465,0.30865,0
14.4059,22.1254,8.02967,-0.0456696,0.853874,-0.21947,-0.1874,FRENET,0.0891035,2.33465,0.0891035,0.0553372,2.33465,0.30865,0
14.41,22.1338,8.02895,-0.0478708,0.836933,-0.199276,-0.16678,FRENET,0.0891035,2.33465,0.0891035,0.0553372,2.33465,0.30865,0
14.4138,22.1338,8.02895,-0.0478708,0.836933,-0.199276,-0.16678,FRENET,0.0891035,2.33465,0.0891035,0.0553372,2.33465,0.30865,0
14.4185,22.1421,8.02824,-0.049804,0.823214,-0.209534,-0.172491,FRENET,0.0891035,2.33465,0.0891035,0.0553372,2.33465,0.30865,0
14.4218,22.1421,8.02824,-0.049804,0.823214,-0.209534,-0.172491,FRENET,0.0891035,2.33465,0.0891035,0.0553372,2.33465,0.30865,0
14.4259,22.1421,8.02824,-0.049804,0.823214,-0.209534,-0.172491,FRENET,0.0781026,2.33465,0.0781026,0.0711093,2.33465,0.306111,0
14.4299,22.1502,8.02751,-0.0519149,0.812105,-0.191236,-0.155304,FRENET,0.0781026,2.33465,0.0781026,0.0711093,2.33465,0.306111,0
14.4339,22.1502,8.02751,-0.0519149,0.812105,-0.191236,-0.155304,FRENET,0.0781026,2.33465,0.0781026,0.0711093,2.33465,0.306111,0
14.4386,22.1583,8.02677,-0.0537819,0.815933,-0.203298,-0.165878,FRENET,0.0781026,2.33465,0.0781026,0.0711093,2.33465,0.306111,0
14.4421,22.1583,8.02677,-0.0537819,0.815933,-0.203298,-0.165878,FRENET,0.0781026,2.33465,0.0781026,0.0711093,2.33465,0.306111,0
14.446,22.1583,8.02677,-0.0537819,0.815933,-0.203298,-0.165878,FRENET,0.0781026,2.33465,0.0781026,0.0711093,2.33465,0.306111,0
14.45,22.1665,8.02601,-0.0558481,0.819579,-0.190011,-0.155729,FRENET,0.0781026,2.33465,0.0781026,0.0711093,2.33465,0.306111,0
14.454,22.1665,8.02601,-0.0558481,0.819579,-0.190011,-0.155729,FRENET,0.0781026,2.33465,0.0781026,0.0711093,2.33465,0.306111,0
14.4589,22.1746,8.02526,-0.057495,0.823052,-0.133295,-0.109709,FRENET,0.0781026,2.33465,0.0781026,0.0711093,2.33465,0.306111,0
14.4621,22.1746,8.02526,-0.057495,0.823052,-0.133295,-0.109709,FRENET,0.0781026,2.33465,0.0781026,0.0711093,2.33465,0.306111,0
14.4661,22.1746,8.02526,-0.057495,0.823052,-0.133295,-0.109709,FRENET,0.0781026,2.33465,0.0781026,0.0711093,2.33465,0.306111,0
14.4702,22.1829,8.02455,-0.0587069,0.82636,-0.133349,-0.110194,FRENET,0.0781026,2.33465,0.0781026,0.0711093,2.33465,0.306111,0
14.4741,22.1829,8.02455,-0.0587069,0.82636,-0.133349,-0.110194,FRENET,0.0781026,2.33465,0.0781026,0.0711093,2.33465,0.306111,0
14.479,22.1911,8.02383,-0.060047,0.829511,-0.115813,-0.0960683,FRENET,0.0822693,2.33465,0.0822693,0.0478212,2.33465,0.298882,0
14.4821,22.1911,8.02383,-0.060047,0.829511,-0.115813,-0.0960683,FRENET,0.0822693,2.33465,0.0822693,0.0478212,2.33465,0.298882,0
14.4861,22.1911,8.02383,-0.060047,0.829511,-0.115813,-0.0960683,FRENET,0.0822693,2.33465,0.0822693,0.0478212,2.33465,0.298882,0
14.4901,22.1994,8.02313,-0.0611627,0.832512,-0.127805,-0.106399,FRENET,0.0822693,2.33465,0.0822693,0.0478212,2.33465,0.298882,0
14.4941,22.1994,8.02313,-0.0611627,0.832512,-0.127805,-0.106399,FRENET,0.0822693,2.33465,0.0822693,0.0478212,2.33465,0.298882,0
14.4989,22.2077,8.02241,-0.062473,0.83537,-0.11432,-0.0954997,FRENET,0.0822693,2.33465,0.0822693,0.0478212,2.33465,0.298882,0
14.5022,22.2077,8.02241,-0.062473,0.83537,-0.11432,-0.0954997,FRENET,0.0822693,2.33465,0.0822693,0.0478212,2.33465,0.298882,0
14.5061,22.2077,8.02241,-0.062473,0.83537,-0.11432,-0.0954997,FRENET,0.0822693,2.33465,0.0822693,0.0478212,2.33465,0.298882,0
14.5101,22.216,8.0217,-0.063582,0.838092,-0.127575,-0.106919,FRENET,0.0822693,2.33465,0.0822693,0.0478212,2.33465,0.298882,0
14.5142,22.216,8.0217,-0.063582,0.838092,-0.127575,-0.106919,FRENET,0.0822693,2.33465,0.0822693,0.0478212,2.33465,0.298882,0
14.5188,22.2244,8.02096,-0.0648935,0.840684,-0.114707,-0.0964323,FRENET,0.0822693,2.33465,0.0822693,0.0478212,2.33465,0.298882,0
14.522,22.2244,8.02096,-0.0648935,0.840684,-0.114707,-0.0964323,FRENET,0.0822693,2.33465,0.0822693,0.0478212,2.33465,0.298882,0
14.526,22.2244,8.02096,-0.0648935,0.840684,-0.114707,-0.0964323,FRENET,0.164327,3.40609,0.164327,0.0361835,3.40609,0.290047,0
14.53,22.2328,8.02022,-0.0660072,0.843154,-0.128062,-0.107976,FRENET,0.164327,3.40609,0.164327,0.0361835,3.40609,0.290047,0
14.534,22.2328,8.02022,-0.0660072,0.843154,-0.128062,-0.107976,FRENET,0.164327,3.40609,0.164327,0.0361835,3.40609,0.290047,0
14.5389,22.2413,8.01945,-0.0673205,0.860989,-0.116841,-0.100599,FRENET,0.164327,3.40609,0.164327,0.0361835,3.40609,0.290047,0
14.5422,22.2413,8.01945,-0.0673205,0.860989,-0.116841,-0.100599,FRENET,0.164327,3.40609,0.164327,0.0361835,3.40609,0.290047,0
14.5461,22.2413,8.01945,-0.0673205,0.860989,-0.116841,-0.100599,FRENET,0.164327,3.40609,0.164327,0.0361835,3.40609,0.290047,0
14.5501,22.2499,8.01868,-0.068354,0.877976,-0.0961165,-0.084388,FRENET,0.164327,3.40609,0.164327,0.0361835,3.40609,0.290047,0
14.5541,22.2499,8.01868,-0.068354,0.877976,-0.0961165,-0.084388,FRENET,0.164327,3.40609,0.164327,0.0361835,3.40609,0.290047,0
14.5587,22.2587,8.01792,-0.0691647,0.894156,-0.0556675,-0.0497754,FRENET,0.164327,3.40609,0.164327,0.0361835,3.40609,0.290047,0
14.5628,22.2587,8.01792,-0.0691647,0.894156,-0.0556675,-0.0497754,FRENET,0.164327,3.40609,0.164327,0.0361835,3.40609,0.290047,0
14.5663,22.2587,8.01792,-0.0691647,0.894156,-0.0556675,-0.0497754,FRENET,0.164327,3.40609,0.164327,0.0361835,3.40609,0.290047,0
14.5701,22.2677,8.01721,-0.0693999,0.909566,0.0123832,0.0112634,FRENET,0.164327,3.40609,0.164327,0.0361835,3.40609,0.290047,0
14.5741,22.2677,8.01721,-0.0693999,0.909566,0.0123832,0.0112634,FRENET,0.164327,3.40609,0.164327,0.0361835,3.40609,0.290047,0
14.5789,22.2769,8.01658,-0.0688856,0.924243,0.0921346,0.0851548,FRENET,0.172847,3.40609,0.172847,0.0335015,3.40609,0.288807,0
14.5821,22.2769,8.01658,-0.0688856,0.924243,0.0921346,0.0851548,FRENET,0.172847,3.40609,0.172847,0.0335015,3.40609,0.288807,0
14.586,22.2769,8.01658,-0.0688856,0.924243,0.0921346,0.0851548,FRENET,0.172847,3.40609,0.172847,0.0335015,3.40609,0.288807,0
14.5901,22.2862,8.01608,-0.067539,0.938223,0.178106,0.167103,FRENET,0.172847,3.40609,0.172847,0.0335015,3.40609,0.288807,0
14.5941,22.2862,8.01608,-0.067539,0.938223,0.178106,0.167103,FRENET,0.172847,3.40609,0.172847,0.0335015,3.40609,0.288807,0
14.5988,22.2956,8.01571,-0.0653107,0.951538,0.268166,0.25517,FRENET,0.172847,3.40609,0.172847,0.0335015,3.40609,0.288807,0
14.6021,22.2956,8.01571,-0.0653107,0.951538,0.268166,0.25517,FRENET,0.172847,3.40609,0.172847,0.0335015,3.40609,0.288807,0
14.6059,22.2956,8.01571,-0.0653107,0.951538,0.268166,0.25517,FRENET,0.172847,3.40609,0.172847,0.0335015,3.40609,0.288807,0
14.6099,22.3052,8.01547,-0.0623959,0.964219,0.290763,0.280359,FRENET,0.172847,3.40609,0.172847,0.0335015,3.40609,0.288807,0
14.6141,22.3052,8.01547,-0.0623959,0.964219,0.290763,0.280359,FRENET,0.172847,3.40609,0.172847,0.0335015,3.40609,0.288807,0
14.6189,22.3149,8.01529,-0.0594373,0.976298,0.316887,0.309376,FRENET,0.172847,3.40609,0.172847,0.0335015,3.40609,0.288807,0
14.622,22.3149,8.01529,-0.0594373,0.976298,0.316887,0.309376,FRENET,0.172847,3.40609,0.172847,0.0335015,3.40609,0.288807,0
14.6261,22.3149,8.01529,-0.0594373,0.976298,0.316887,0.309376,FRENET,0.185243,3.40609,0.185243,0.0424416,3.40609,0.298506,0
14.6301,22.3247,8.0152,-0.0561765,0.987802,0.316286,0.312428,FRENET,0.185243,3.40609,0.185243,0.0424416,3.40609,0.298506,0
14.634,22.3247,8.0152,-0.0561765,0.987802,0.316286,0.312428,FRENET,0.185243,3.40609,0.185243,0.0424416,3.40609,0.298506,0
14.6388,22.3347,8.01514,-0.0530203,0.998759,0.332615,0.332203,FRENET,0.185243,3.40609,0.185243,0.0424416,3.40609,0.298506,0
14.6419,22.3347,8.01514,-0.0530203,0.998759,0.332615,0.332203,FRENET,0.185243,3.40609,0.185243,0.0424416,3.40609,0.298506,0
14.6458,22.3347,8.01514,-0.0530203,0.998759,0.332615,0.332203,FRENET,0.185243,3.40609,0.185243,0.0424416,3.40609,0.298506,0
14.6502,22.3447,8.01513,-0.0496264,1.0092,0.327878,0.330893,FRENET,0.185243,3.40609,0.185243,0.0424416,3.40609,0.298506,0
14.6541,22.3447,8.01513,-0.0496264,1.0092,0.327878,0.330893,FRENET,0.185243,3.40609,0.185243,0.0424416,3.40609,0.298506,0
14.6587,22.3548,8.01515,-0.0463678,1.01914,0.341751,0.348291,FRENET,0.185243,3.40609,0.185243,0.0424416,3.40609,0.298506,0
14.6622,22.3548,8.01515,-0.0463678,1.01914,0.341751,0.348291,FRENET,0.185243,3.40609,0.185243,0.0424416,3.40609,0.298506,0
14.6661,22.3548,8.01515,-0.0463678,1.01914,0.341751,0.348291,FRENET,0.185243,3.40609,0.185243,0.0424416,3.40609,0.298506,0
14.6702,22.3651,8.01522,-0.0428888,1.0286,0.335906,0.345514,FRENET,0.185243,3.40609,0.185243,0.0424416,3.40609,0.298506,0
14.6741,22.3651,8.01522,-0.0428888,1.0286,0.335906,0.345514,FRENET,0.185243,3.40609,0.185243,0.0424416,3.40609,0.298506,0
14.6789,22.3754,8.01532,-0.0395552,1.03762,0.348765,0.361885,FRENET,0.179402,3.40609,0.179402,0.0361582,3.40609,0.298273,0
14.682,22.3754,8.01532,-0.0395552,1.03762,0.348765,0.361885,FRENET,0.179402,3.40609,0.179402,0.0361582,3.40609,0.298273,0
14.686,22.3754,8.01532,-0.0395552,1.03762,0.348765,0.361885,FRENET,0.179402,3.40609,0.179402,0.0361582,3.40609,0.298273,0
14.6901,22.3858,8.01547,-0.0360085,1.04621,0.342495,0.358321,FRENET,0.179402,3.40609,0.179402,0.0361582,3.40609,0.298273,0
14.6942,22.3858,8.01547,-0.0360085,1.04621,0.342495,0.358321,FRENET,0.179402,3.40609,0.179402,0.0361582,3.40609,0.298273,0
14.6989,22.3963,8.01564,-0.0326121,1.05439,0.354749,0.374044,FRENET,0.179402,3.40609,0.179402,0.0361582,3.40609,0.298273,0
14.702,22.3963,8.01564,-0.0326121,1.05439,0.354749,0.374044,FRENET,0.179402,3.40609,0.179402,0.0361582,3.40609,0.298273,0
14.7061,22.3963,8.01564,-0.0326121,1.05439,0.354749,0.374044,FRENET,0.179402,3.40609,0.179402,0.0361582,3.40609,0.298273,0
14.7101,22.4069,8.01586,-0.0290067,1.06218,0.348255,0.369909,FRENET,0.179402,3.40609,0.179402,0.0361582,3.40609,0.298273,0
14.714,22.4069,8.01586,-0.0290067,1.06218,0.348255,0.369909,FRENET,0.179402,3.40609,0.179402,0.0361582,3.40609,0.298273,0
14.7187,22.4176,8.0161,-0.025555,1.0696,0.360062,0.385123,FRENET,0.179402,3.40609,0.179402,0.0361582,3.40609,0.298273,0
14.722,22.4176,8.0161,-0.025555,1.0696,0.360062,0.385123,FRENET,0.179402,3.40609,0.179402,0.0361582,3.40609,0.298273,0
14.7261,22.4176,8.0161,-0.025555,1.0696,0.360062,0.385123,FRENET,0.0380156,2.94418,0.0380156,0.0610371,2.94418,0.290038,0
14.7301,22.4283,8.0164,-0.0218974,1.07667,0.353412,0.380508,FRENET,0.0380156,2.94418,0.0380156,0.0610371,2.94418,0.290038,0
14.7341,22.4283,8.0164,-0.0218974,1.07667,0.353412,0.380508,FRENET,0.0380156,2.94418,0.0380156,0.0610371,2.94418,0.290038,0
14.7387,22.4388,8.01672,-0.018388,1.03222,0.367602,0.379447,FRENET,0.0380156,2.94418,0.0380156,0.0610371,2.94418,0.290038,0
14.7421,22.4388,8.01672,-0.018388,1.03222,0.367602,0.379447,FRENET,0.0380156,2.94418,0.0380156,0.0610371,2.94418,0.290038,0
14.7461,22.4388,8.01672,-0.018388,1.03222,0.367602,0.379447,FRENET,0.0380156,2.94418,0.0380156,0.0610371,2.94418,0.290038,0
14.75,22.449,8.01707,-0.0147079,0.996229,0.345472,0.344169,FRENET,0.0380156,2.94418,0.0380156,0.0610371,2.94418,0.290038,0
14.7541,22.449,8.01707,-0.0147079,0.996229,0.345472,0.344169,FRENET,0.0380156,2.94418,0.0380156,0.0610371,2.94418,0.290038,0
14.7587,22.4588,8.01741,-0.011629,0.967083,0.263776,0.255093,FRENET,0.0380156,2.94418,0.0380156,0.0610371,2.94418,0.290038,0
14.7621,22.4588,8.01741,-0.011629,0.967083,0.263776,0.255093,FRENET,0.0380156,2.94418,0.0380156,0.0610371,2.94418,0.290038,0
14.7661,22.4588,8.01741,-0.011629,0.967083,0.263776,0.255093,FRENET,0.0380156,2.94418,0.0380156,0.0610371,2.94418,0.290038,0
14.7701,22.4683,8.01769,-0.0094581,0.94348,0.169156,0.159595,FRENET,0.0380156,2.94418,0.0380156,0.0610371,2.94418,0.290038,0
14.774,22.4683,8.01769,-0.0094581,0.94348,0.169156,0.159595,FRENET,0.0380156,2.94418,0.0380156,0.0610371,2.94418,0.290038,0
14.7787,22.4777,8.01786,-0.00823691,0.924366,0.0752058,0.0695177,FRENET,0.0394833,2.94418,0.0394833,0.0426269,2.94418,0.301924,0
14.7821,22.4777,8.01786,-0.00823691,0.924366,0.0752058,0.0695177,FRENET,0.0394833,2.94418,0.0394833,0.0426269,2.94418,0.301924,0
14.7863,22.4777,8.01786,-0.00823691,0.924366,0.0752058,0.0695177,FRENET,0.0394833,2.94418,0.0394833,0.0426269,2.94418,0.301924,0
14.7901,22.4868,8.01793,-0.00793873,0.908888,-0.0152591,-0.0138688,FRENET,0.0394833,2.94418,0.0394833,0.0426269,2.94418,0.301924,0
14.7941,22.4868,8.01793,-0.00793873,0.908888,-0.0152591,-0.0138688,FRENET,0.0394833,2.94418,0.0394833,0.0426269,2.94418,0.301924,0
14.7988,22.4959,8.01786,-0.00852831,0.896353,-0.102451,-0.0918324,FRENET,0.0394833,2.94418,0.0394833,0.0426269,2.94418,0.301924,0
14.802,22.4959,8.01786,-0.00852831,0.896353,-0.102451,-0.0918324,FRENET,0.0394833,2.94418,0.0394833,0.0426269,2.94418,0.301924,0
14.8061,22.4959,8.01786,-0.00852831,0.896353,-0.102451,-0.0918324,FRENET,0.0394833,2.94418,0.0394833,0.0426269,2.94418,0.301924,0
14.8101,22.5048,8.01766,-0.00993469,0.901983,-0.181167,-0.16341,FRENET,0.0394833,2.94418,0.0394833,0.0426269,2.94418,0.301924,0
14.8141,22.5048,8.01766,-0.00993469,0.901983,-0.181167,-0.16341,FRENET,0.0394833,2.94418,0.0394833,0.0426269,2.94418,0.301924,0
14.8189,22.5139,8.01731,-0.0121669,0.907345,-0.266121,-0.241464,FRENET,0.0394833,2.94418,0.0394833,0.0426269,2.94418,0.301924,0
14.8221,22.5139,8.01731,-0.0121669,0.907345,-0.266121,-0.241464,FRENET,0.0394833,2.94418,0.0394833,0.0426269,2.94418,0.301924,0
14.8259,22.5139,8.01731,-0.0121669,0.907345,-0.266121,-0.241464,FRENET,0.0343065,2.94418,0.0343065,0.0424777,2.94418,0.304236,0
14.8301,22.523,8.01683,-0.0150318,0.912451,-0.281766,-0.257098,FRENET,0.0343065,2.94418,0.0343065,0.0424777,2.94418,0.304236,0
14.834,22.523,8.01683,-0.0150318,0.912451,-0.281766,-0.257098,FRENET,0.0343065,2.94418,0.0343065,0.0424777,2.94418,0.304236,0
14.8388,22.5321,8.0163,-0.0176453,0.917315,-0.232577,-0.213347,FRENET,0.0343065,2.94418,0.0343065,0.0424777,2.94418,0.304236,0
14.8421,22.5321,8.0163,-0.0176453,0.917315,-0.232577,-0.213347,FRENET,0.0343065,2.94418,0.0343065,0.0424777,2.94418,0.304236,0
14.846,22.5321,8.0163,-0.0176453,0.917315,-0.232577,-0.213347,FRENET,0.0343065,2.94418,0.0343065,0.0424777,2.94418,0.304236,0
14.8502,22.5413,8.01577,-0.019859,0.921948,-0.232622,-0.214465,FRENET,0.0343065,2.94418,0.0343065,0.0424777,2.94418,0.304236,0
14.8541,22.5413,8.01577,-0.019859,0.921948,-0.232622,-0.214465,FRENET,0.0343065,2.94418,0.0343065,0.0424777,2.94418,0.304236,0
14.8588,22.5505,8.01521,-0.0222039,0.92636,-0.218274,-0.202201,FRENET,0.0343065,2.94418,0.0343065,0.0424777,2.94418,0.304236,0
14.8621,22.5505,8.01521,-0.0222039,0.92636,-0.218274,-0.202201,FRENET,0.0343065,2.94418,0.0343065,0.0424777,2.94418,0.304236,0
14.8667,22.5505,8.01521,-0.0222039,0.92636,-0.218274,-0.202201,FRENET,0.0343065,2.94418,0.0343065,0.0424777,2.94418,0.304236,0
14.87,22.5598,8.01464,-0.0243438,0.930563,-0.229142,-0.213231,FRENET,0.0343065,2.94418,0.0343065,0.0424777,2.94418,0.304236,0
14.874,22.5598,8.01464,-0.0243438,0.930563,-0.229142,-0.213231,FRENET,0.0343065,2.94418,0.0343065,0.0424777,2.94418,0.304236,0
14.8788,22.5691,8.01404,-0.0266765,0.934566,-0.218407,-0.204115,FRENET,0.0429653,2.94418,0.0429653,0.0638511,2.94418,0.297439,0
14.882,22.5691,8.01404,-0.0266765,0.934566,-0.218407,-0.204115,FRENET,0.0429653,2.94418,0.0429653,0.0638511,2.94418,0.297439,0
14.8862,22.5691,8.01404,-0.0266765,0.934566,-0.218407,-0.204115,FRENET,0.0429653,2.94418,0.0429653,0.0638511,2.94418,0.297439,0
14.8901,22.5784,8.01344,-0.0288245,0.938378,-0.230293,-0.216101,FRENET,0.0429653,2.94418,0.0429653,0.0638511,2.94418,0.297439,0
14.8942,22.5784,8.01344,-0.0288245,0.938378,-0.230293,-0.216101,FRENET,0.0429653,2.94418,0.0429653,0.0638511,2.94418,0.297439,0
14.8987,22.5878,8.0128,-0.0311713,0.942009,-0.220004,-0.207246,FRENET,0.0429653,2.94418,0.0429653,0.0638511,2.94418,0.297439,0
14.9021,22.5878,8.0128,-0.0311713,0.942009,-0.220004,-0.207246,FRENET,0.0429653,2.94418,0.0429653,0.0638511,2.94418,0.297439,0
14.9061,22.5878,8.0128,-0.0311713,0.942009,-0.220004,-0.207246,FRENET,0.0429653,2.94418,0.0429653,0.0638511,2.94418,0.297439,0
14.91,22.5972,8.01215,-0.0333355,0.945468,-0.231878,-0.219233,FRENET,0.0429653,2.94418,0.0429653,0.0638511,2.94418,0.297439,0
14.9141,22.5972,8.01215,-0.0333355,0.945468,-0.231878,-0.219233,FRENET,0.0429653,2.94418,0.0429653,0.0638511,2.94418,0.297439,0
14.9187,22.6067,8.01146,-0.0356985,0.948762,-0.221666,-0.210308,FRENET,0.0429653,2.94418,0.0429653,0.0638511,2.94418,0.297439,0
14.9221,22.6067,8.01146,-0.0356985,0.948762,-0.221666,-0.210308,FRENET,0.0429653,2.94418,0.0429653,0.0638511,2.94418,0.297439,0
14.926,22.6067,8.01146,-0.0356985,0.948762,-0.221666,-0.210308,FRENET,0.0700339,2.61264,0.0700339,0.0497957,2.61264,0.287517,0
14.9302,22.6161,8.01076,-0.0378787,0.951899,-0.23341,-0.222183,FRENET,0.0700339,2.61264,0.0700339,0.0497957,2.61264,0.287517,0
14.9342,22.6161,8.01076,-0.0378787,0.951899,-0.23341,-0.222183,FRENET,0.0700339,2.61264,0.0700339,0.0497957,2.61264,0.287517,0
14.9387,22.6254,8.01004,-0.0402732,0.913879,-0.219738,-0.200814,FRENET,0.0700339,2.61264,0.0700339,0.0497957,2.61264,0.287517,0
14.942,22.6254,8.01004,-0.0402732,0.913879,-0.219738,-0.200814,FRENET,0.0700339,2.61264,0.0700339,0.0497957,2.61264,0.287517,0
14.9462,22.6254,8.01004,-0.0402732,0.913879,-0.219738,-0.200814,FRENET,0.0700339,2.61264,0.0700339,0.0497957,2.61264,0.287517,0
14.9501,22.6344,8.00934,-0.0424014,0.88309,-0.228191,-0.201513,FRENET,0.0700339,2.61264,0.0700339,0.0497957,2.61264,0.287517,0
14.954,22.6344,8.00934,-0.0424014,0.88309,-0.228191,-0.201513,FRENET,0.0700339,2.61264,0.0700339,0.0497957,2.61264,0.287517,0
14.9588,22.6431,8.0086,-0.0449396,0.858157,-0.286005,-0.245437,FRENET,0.0700339,2.61264,0.0700339,0.0497957,2.61264,0.287517,0
14.9621,22.6431,8.0086,-0.0449396,0.858157,-0.286005,-0.245437,FRENET,0.0700339,2.61264,0.0700339,0.0497957,2.61264,0.287517,0
14.9661,22.6431,8.0086,-0.0449396,0.858157,-0.286005,-0.245437,FRENET,0.0700339,2.61264,0.0700339,0.0497957,2.61264,0.287517,0
14.9701,22.6515,8.0078,-0.0478901,0.837966,-0.27752,-0.232553,FRENET,0.0700339,2.61264,0.0700339,0.0497957,2.61264,0.287517,0
14.974,22.6515,8.0078,-0.0478901,0.837966,-0.27752,-0.232553,FRENET,0.0700339,2.61264,0.0700339,0.0497957,2.61264,0.287517,0
14.9788,22.6598,8.00699,-0.0506183,0.821616,-0.289364,-0.237746,FRENET,0.0797811,2.61264,0.0797811,0.0438347,2.61264,0.286764,0
14.9819,22.6598,8.00699,-0.0506183,0.821616,-0.289364,-0.237746,FRENET,0.0797811,2.61264,0.0797811,0.0438347,2.61264,0.286764,0
14.9859,22.6598,8.00699,-0.0506183,0.821616,-0.289364,-0.237746,FRENET,0.0797811,2.61264,0.0797811,0.0438347,2.61264,0.286764,0
14.9903,22.6679,8.00613,-0.0535226,0.808375,-0.269613,-0.217949,FRENET,0.0797811,2.61264,0.0797811,0.0438347,2.61264,0.286764,0
14.9942,22.6679,8.00613,-0.0535226,0.808375,-0.269613,-0.217949,FRENET,0.0797811,2.61264,0.0797811,0.0438347,2.61264,0.286764,0
14.9988,22.6759,8.00528,-0.0561622,0.797653,-0.28043,-0.223686,FRENET,0.0797811,2.61264,0.0797811,0.0438347,2.61264,0.286764,0
15.002,22.6759,8.00528,-0.0561622,0.797653,-0.28043,-0.223686,FRENET,0.0797811,2.61264,0.0797811,0.0438347,2.61264,0.286764,0
15.006,22.6759,8.00528,-0.0561622,0.797653,-0.28043,-0.223686,FRENET,0.0797811,2.61264,0.0797811,0.0438347,2.61264,0.286764,0
15.0102,22.6838,8.00439,-0.0589795,0.78897,-0.261559,-0.206362,FRENET,0.0797811,2.61264,0.0797811,0.0438347,2.61264,0.286764,0
15.0142,22.6838,8.00439,-0.0589795,0.78897,-0.261559,-0.206362,FRENET,0.0797811,2.61264,0.0797811,0.0438347,2.61264,0.286764,0
15.0193,22.6916,8.00351,-0.0615474,0.781939,-0.273937,-0.214202,FRENET,0.0797811,2.61264,0.0797811,0.0438347,2.61264,0.286764,0
15.0223,22.6916,8.00351,-0.0615474,0.781939,-0.273937,-0.214202,FRENET,0.0797811,2.61264,0.0797811,0.0438347,2.61264,0.286764,0
15.0265,22.6916,8.00351,-0.0615474,0.781939,-0.273937,-0.214202,FRENET,0.0625756,2.61264,0.0625756,0.0354045,2.61264,0.290464,0
15.0306,22.6993,8.00259,-0.0643052,0.776245,-0.256171,-0.198852,FRENET,0.0625756,2.61264,0.0625756,0.0354045,2.61264,0.290464,0
15.0347,22.6993,8.00259,-0.0643052,0.776245,-0.256171,-0.198852,FRENET,0.0625756,2.61264,0.0625756,0.0354045,2.61264,0.290464,0
15.0395,22.707,8.00168,-0.0668258,0.771634,-0.269692,-0.208104,FRENET,0.0625756,2.61264,0.0625756,0.0354045,2.61264,0.290464,0
15.0422,22.707,8.00168,-0.0668258,0.771634,-0.269692,-0.208104,FRENET,0.0625756,2.61264,0.0625756,0.0354045,2.61264,0.290464,0
15.0464,22.707,8.00168,-0.0668258,0.771634,-0.269692,-0.208104,FRENET,0.0625756,2.61264,0.0625756,0.0354045,2.61264,0.290464,0
15.0502,22.7146,8.00073,-0.0695447,0.7679,-0.252658,-0.194016,FRENET,0.0625756,2.61264,0.0625756,0.0354045,2.61264,0.290464,0
15.0544,22.7146,8.00073,-0.0695447,0.7679,-0.252658,-0.194016,FRENET,0.0625756,2.61264,0.0625756,0.0354045,2.61264,0.290464,0
15.0593,22.7222,7.99978,-0.0720345,0.764876,-0.266927,-0.204166,FRENET,0.0625756,2.61264,0.0625756,0.0354045,2.61264,0.290464,0
15.0622,22.7222,7.99978,-0.0720345,0.764876,-0.266927,-0.204166,FRENET,0.0625756,2.61264,0.0625756,0.0354045,2.61264,0.290464,0
15.0663,22.7222,7.99978,-0.0720345,0.764876,-0.266927,-0.204166,FRENET,0.0625756,2.61264,0.0625756,0.0354045,2.61264,0.290464,0
15.0714,22.7298,7.9988,-0.074728,0.762427,-0.250364,-0.190884,FRENET,0.0625756,2.61264,0.0625756,0.0354045,2.61264,0.290464,0
15.0749,22.7298,7.9988,-0.074728,0.762427,-0.250364,-0.190884,FRENET,0.0625756,2.61264,0.0625756,0.0354045,2.61264,0.290464,0
15.0793,22.7374,7.99781,-0.0772008,0.76813,-0.265446,-0.203897,FRENET,0.0960448,3.05988,0.0960448,0.0541157,3.05988,0.291052,0
15.0821,22.7374,7.99781,-0.0772008,0.76813,-0.265446,-0.203897,FRENET,0.0960448,3.05988,0.0960448,0.0541157,3.05988,0.291052,0
15.0861,22.7374,7.99781,-0.0772008,0.76813,-0.265446,-0.203897,FRENET,0.0960448,3.05988,0.0960448,0.0541157,3.05988,0.291052,0
15.0902,22.745,7.99679,-0.0798932,0.762308,-0.250186,-0.190719,FRENET,0.0960448,3.05988,0.0960448,0.0541157,3.05988,0.291052,0
15.0941,22.745,7.99679,-0.0798932,0.762308,-0.250186,-0.190719,FRENET,0.0960448,3.05988,0.0960448,0.0541157,3.05988,0.291052,0
15.099,22.7525,7.9958,-0.0821403,0.757594,-0.192947,-0.146175,FRENET,0.0960448,3.05988,0.0960448,0.0541157,3.05988,0.291052,0
15.102,22.7525,7.9958,-0.0821403,0.757594,-0.192947,-0.146175,FRENET,0.0960448,3.05988,0.0960448,0.0541157,3.05988,0.291052,0
15.1061,22.7525,7.9958,-0.0821403,0.757594,-0.192947,-0.146175,FRENET,0.0960448,3.05988,0.0960448,0.0541157,3.05988,0.291052,0
15.11,22.76,7.99487,-0.0837356,0.753776,-0.124427,-0.0937901,FRENET,0.0960448,3.05988,0.0960448,0.0541157,3.05988,0.291052,0
15.1141,22.76,7.99487,-0.0837356,0.753776,-0.124427,-0.0937901,FRENET,0.0960448,3.05988,0.0960448,0.0541157,3.05988,0.291052,0
15.119,22.7675,7.99403,-0.0846253,0.750685,-0.0530951,-0.0398577,FRENET,0.0960448,3.05988,0.0960448,0.0541157,3.05988,0.291052,0
15.1222,22.7675,7.99403,-0.0846253,0.750685,-0.0530951,-0.0398577,FRENET,0.0960448,3.05988,0.0960448,0.0541157,3.05988,0.291052,0
15.1261,22.7675,7.99403,-0.0846253,0.750685,-0.0530951,-0.0398577,FRENET,0.0898731,3.05988,0.0898731,0.0629086,3.05988,0.288896,0
15.1302,22.7749,7.9933,-0.0847976,0.748181,0.0187454,0.0140249,FRENET,0.0898731,3.05988,0.0898731,0.0629086,3.05988,0.288896,0
15.1343,22.7749,7.9933,-0.0847976,0.748181,0.0187454,0.0140249,FRENET,0.0898731,3.05988,0.0898731,0.0629086,3.05988,0.288896,0
15.139,22.7824,7.99268,-0.0842514,0.746154,0.0905038,0.0675298,FRENET,0.0898731,3.05988,0.0898731,0.0629086,3.05988,0.288896,0
15.1421,22.7824,7.99268,-0.0842514,0.746154,0.0905038,0.0675298,FRENET,0.0898731,3.05988,0.0898731,0.0629086,3.05988,0.288896,0
15.1462,22.7824,7.99268,-0.0842514,0.746154,0.0905038,0.0675298,FRENET,0.0898731,3.05988,0.0898731,0.0629086,3.05988,0.288896,0
15.1502,22.7898,7.99218,-0.0829887,0.744512,0.162064,0.120659,FRENET,0.0898731,3.05988,0.0898731,0.0629086,3.05988,0.288896,0
15.1542,22.7898,7.99218,-0.0829887,0.744512,0.162064,0.120659,FRENET,0.0898731,3.05988,0.0898731,0.0629086,3.05988,0.288896,0
15.1589,22.7972,7.99181,-0.0810112,0.743183,0.233437,0.173486,FRENET,0.0898731,3.05988,0.0898731,0.0629086,3.05988,0.288896,0
15.162,22.7972,7.99181,-0.0810112,0.743183,0.233437,0.173486,FRENET,0.0898731,3.05988,0.0898731,0.0629086,3.05988,0.288896,0
15.166,22.7972,7.99181,-0.0810112,0.743183,0.233437,0.173486,FRENET,0.0898731,3.05988,0.0898731,0.0629086,3.05988,0.288896,0
15.1702,22.8047,7.99158,-0.0783208,0.742106,0.304663,0.226092,FRENET,0.0898731,3.05988,0.0898731,0.0629086,3.05988,0.288896,0
15.174,22.8047,7.99158,-0.0783208,0.742106,0.304663,0.226092,FRENET,0.0898731,3.05988,0.0898731,0.0629086,3.05988,0.288896,0
15.179,22.8121,7.99148,-0.0749187,0.741235,0.375782,0.278543,FRENET,0.11228,3.05988,0.11228,0.0446406,3.05988,0.282747,0
15.1822,22.8121,7.99148,-0.0749187,0.741235,0.375782,0.278543,FRENET,0.11228,3.05988,0.11228,0.0446406,3.05988,0.282747,0
15.1862,22.8121,7.99148,-0.0749187,0.741235,0.375782,0.278543,FRENET,0.11228,3.05988,0.11228,0.0446406,3.05988,0.282747,0
15.1902,22.8195,7.9915,-0.0710199,0.740529,0.37622,0.278602,FRENET,0.11228,3.05988,0.11228,0.0446406,3.05988,0.282747,0
15.1941,22.8195,7.9915,-0.0710199,0.740529,0.37622,0.278602,FRENET,0.11228,3.05988,0.11228,0.0446406,3.05988,0.282747,0
15.1991,22.8269,7.99158,-0.0672505,0.739957,0.397552,0.294172,FRENET,0.11228,3.05988,0.11228,0.0446406,3.05988,0.282747,0
15.2022,22.8269,7.99158,-0.0672505,0.739957,0.397552,0.294172,FRENET,0.11228,3.05988,0.11228,0.0446406,3.05988,0.282747,0
15.2062,22.8269,7.99158,-0.0672505,0.739957,0.397552,0.294172,FRENET,0.11228,3.05988,0.11228,0.0446406,3.05988,0.282747,0
15.2102,22.8343,7.99172,-0.0632363,0.739494,0.383115,0.283311,FRENET,0.11228,3.05988,0.11228,0.0446406,3.05988,0.282747,0
15.2141,22.8343,7.99172,-0.0632363,0.739494,0.383115,0.283311,FRENET,0.11228,3.05988,0.11228,0.0446406,3.05988,0.282747,0
15.2187,22.8417,7.99188,-0.0594292,0.739119,0.39979,0.295492,FRENET,0.11228,3.05988,0.11228,0.0446406,3.05988,0.282747,0
15.222,22.8417,7.99188,-0.0594292,0.739119,0.39979,0.295492,FRENET,0.11228,3.05988,0.11228,0.0446406,3.05988,0.282747,0
15.226,22.8417,7.99188,-0.0594292,0.739119,0.39979,0.295492,FRENET,0.0859284,3.05988,0.0859284,0.0408603,3.05988,0.278002,0
15.2303,22.8491,7.99209,-0.0554029,0.738815,0.383784,0.283546,FRENET,0.0859284,3.05988,0.0859284,0.0408603,3.05988,0.278002,0
15.234,22.8491,7.99209,-0.0554029,0.738815,0.383784,0.283546,FRENET,0.0859284,3.05988,0.0859284,0.0408603,3.05988,0.278002,0
15.2389,22.8565,7.99232,-0.0515925,0.73857,0.399919,0.295368,FRENET,0.0859284,3.05988,0.0859284,0.0408603,3.05988,0.278002,0
15.2419,22.8565,7.99232,-0.0515925,0.73857,0.399919,0.295368,FRENET,0.0859284,3.05988,0.0859284,0.0408603,3.05988,0.278002,0
15.2461,22.8565,7.99232,-0.0515925,0.73857,0.399919,0.295368,FRENET,0.0859284,3.05988,0.0859284,0.0408603,3.05988,0.278002,0
15.2501,22.8638,7.9926,-0.0475662,0.73837,0.383714,0.283323,FRENET,0.0859284,3.05988,0.0859284,0.0408603,3.05988,0.278002,0
15.254,22.8638,7.9926,-0.0475662,0.73837,0.383714,0.283323,FRENET,0.0859284,3.05988,0.0859284,0.0408603,3.05988,0.278002,0
15.2589,22.8712,7.99289,-0.0437569,0.738209,0.399794,0.295131,FRENET,0.0859284,3.05988,0.0859284,0.0408603,3.05988,0.278002,0
15.2619,22.8712,7.99289,-0.0437569,0.738209,0.399794,0.295131,FRENET,0.0859284,3.05988,0.0859284,0.0408603,3.05988,0.278002,0
15.2661,22.8712,7.99289,-0.0437569,0.738209,0.399794,0.295131,FRENET,0.0859284,3.05988,0.0859284,0.0408603,3.05988,0.278002,0
15.2701,22.8786,7.99322,-0.0397319,0.738079,0.383575,0.283109,FRENET,0.0859284,3.05988,0.0859284,0.0408603,3.05988,0.278002,0
15.2741,22.8786,7.99322,-0.0397319,0.738079,0.383575,0.283109,FRENET,0.0859284,3.05988,0.0859284,0.0408603,3.05988,0.278002,0
15.2791,22.886,7.99357,-0.0359238,0.737973,0.399668,0.294944,FRENET,0.0761251,3.05988,0.0761251,0.0265643,3.05988,0.285719,0
15.2822,22.886,7.99357,-0.0359238,0.737973,0.399668,0.294944,FRENET,0.0761251,3.05988,0.0761251,0.0265643,3.05988,0.285719,0
15.2863,22.886,7.99357,-0.0359238,0.737973,0.399668,0.294944,FRENET,0.0761251,3.05988,0.0761251,0.0265643,3.05988,0.285719,0
15.2902,22.8933,7.99395,-0.0319001,0.737887,0.383463,0.282953,FRENET,0.0761251,3.05988,0.0761251,0.0265643,3.05988,0.285719,0
15.2941,22.8933,7.99395,-0.0319001,0.737887,0.383463,0.282953,FRENET,0.0761251,3.05988,0.0761251,0.0265643,3.05988,0.285719,0
15.299,22.9007,7.99436,-0.028093,0.737818,0.399576,0.294814,FRENET,0.0761251,3.05988,0.0761251,0.0265643,3.05988,0.285719,0
15.3021,22.9007,7.99436,-0.028093,0.737818,0.399576,0.294814,FRENET,0.0761251,3.05988,0.0761251,0.0265643,3.05988,0.285719,0
15.3061,22.9007,7.99436,-0.028093,0.737818,0.399576,0.294814,FRENET,0.0761251,3.05988,0.0761251,0.0265643,3.05988,0.285719,0
15.3102,22.9081,7.99481,-0.0240701,0.737762,0.383385,0.282847,FRENET,0.0761251,3.05988,0.0761251,0.0265643,3.05988,0.285719,0
15.3141,22.9081,7.99481,-0.0240701,0.737762,0.383385,0.282847,FRENET,0.0761251,3.05988,0.0761251,0.0265643,3.05988,0.285719,0
15.3187,22.9155,7.99527,-0.0202604,0.744085,0.400276,0.297839,FRENET,0.0761251,3.05988,0.0761251,0.0265643,3.05988,0.285719,0
15.322,22.9155,7.99527,-0.0202604,0.744085,0.400276,0.297839,FRENET,0.0761251,3.05988,0.0761251,0.0265643,3.05988,0.285719,0
15.3262,22.9155,7.99527,-0.0202604,0.744085,0.400276,0.297839,FRENET,0.0717935,2.58333,0.0717935,0.0516601,2.58333,0.293467,0
15.33,22.9229,7.99578,-0.0162172,0.750107,0.387728,0.290837,FRENET,0.0717935,2.58333,0.0717935,0.0516601,2.58333,0.293467,0
15.3339,22.9229,7.99578,-0.0162172,0.750107,0.387728,0.290837,FRENET,0.0717935,2.58333,0.0717935,0.0516601,2.58333,0.293467,0
15.3389,22.9304,7.99629,-0.0125656,0.754973,0.33639,0.253965,FRENET,0.0717935,2.58333,0.0717935,0.0516601,2.58333,0.293467,0
15.3419,22.9304,7.99629,-0.0125656,0.754973,0.33639,0.253965,FRENET,0.0717935,2.58333,0.0717935,0.0516601,2.58333,0.293467,0
15.3459,22.9304,7.99629,-0.0125656,0.754973,0.33639,0.253965,FRENET,0.0717935,2.58333,0.0717935,0.0516601,2.58333,0.293467,0
15.3502,22.938,7.99675,-0.0095122,0.759608,0.272263,0.206813,FRENET,0.0717935,2.58333,0.0717935,0.0516601,2.58333,0.293467,0
15.3539,22.938,7.99675,-0.0095122,0.759608,0.272263,0.206813,FRENET,0.0717935,2.58333,0.0717935,0.0516601,2.58333,0.293467,0
15.3588,22.9456,7.99714,-0.00713058,0.764023,0.203273,0.155305,FRENET,0.0717935,2.58333,0.0717935,0.0516601,2.58333,0.293467,0
15.362,22.9456,7.99714,-0.00713058,0.764023,0.203273,0.155305,FRENET,0.0717935,2.58333,0.0717935,0.0516601,2.58333,0.293467,0
15.3659,22.9456,7.99714,-0.00713058,0.764023,0.203273,0.155305,FRENET,0.0717935,2.58333,0.0717935,0.0516601,2.58333,0.293467,0
15.3699,22.9532,7.99743,-0.00545238,0.768227,0.131965,0.101379,FRENET,0.0717935,2.58333,0.0717935,0.0516601,2.58333,0.293467,0
15.3739,22.9532,7.99743,-0.00545238,0.768227,0.131965,0.101379,FRENET,0.0717935,2.58333,0.0717935,0.0516601,2.58333,0.293467,0
15.3786,22.9609,7.99762,-0.00449502,0.772231,0.059246,0.0457516,FRENET,0.0475612,2.58333,0.0475612,0.0463947,2.58333,0.288965,0
15.382,22.9609,7.99762,-0.00449502,0.772231,0.059246,0.0457516,FRENET,0.0475612,2.58333,0.0475612,0.0463947,2.58333,0.288965,0
15.386,22.9609,7.99762,-0.00449502,0.772231,0.059246,0.0457516,FRENET,0.0475612,2.58333,0.0475612,0.0463947,2.58333,0.288965,0
15.3901,22.9687,7.99771,-0.00427034,0.776046,-0.0145099,-0.0112604,FRENET,0.0475612,2.58333,0.0475612,0.0463947,2.58333,0.288965,0
15.3941,22.9687,7.99771,-0.00427034,0.776046,-0.0145099,-0.0112604,FRENET,0.0475612,2.58333,0.0475612,0.0463947,2.58333,0.288965,0
15.3989,22.9765,7.99767,-0.00478765,0.779678,-0.0891184,-0.0694837,FRENET,0.0475612,2.58333,0.0475612,0.0463947,2.58333,0.288965,0
15.4021,22.9765,7.99767,-0.00478765,0.779678,-0.0891184,-0.0694837,FRENET,0.0475612,2.58333,0.0475612,0.0463947,2.58333,0.288965,0
15.4061,22.9765,7.99767,-0.00478765,0.779678,-0.0891184,-0.0694837,FRENET,0.0475612,2.58333,0.0475612,0.0463947,2.58333,0.288965,0
15.41,22.9843,7.99751,-0.00605486,0.783138,-0.164471,-0.128804,FRENET,0.0475612,2.58333,0.0475612,0.0463947,2.58333,0.288965,0
15.4139,22.9843,7.99751,-0.00605486,0.783138,-0.164471,-0.128804,FRENET,0.0475612,2.58333,0.0475612,0.0463947,2.58333,0.288965,0
15.4188,22.9921,7.99723,-0.00786097,0.786434,-0.170192,-0.133845,FRENET,0.0475612,2.58333,0.0475612,0.0463947,2.58333,0.288965,0
15.422,22.9921,7.99723,-0.00786097,0.786434,-0.170192,-0.133845,FRENET,0.0475612,2.58333,0.0475612,0.0463947,2.58333,0.288965,0
15.4261,22.9921,7.99723,-0.00786097,0.786434,-0.170192,-0.133845,FRENET,0.05267,2.58333,0.05267,0.0598435,2.58333,0.283229,0
15.4301,23,7.99691,-0.00957849,0.789572,-0.19207,-0.151654,FRENET,0.05267,2.58333,0.05267,0.0598435,2.58333,0.283229,0
15.434,23,7.99691,-0.00957849,0.789572,-0.19207,-0.151654,FRENET,0.05267,2.58333,0.05267,0.0598435,2.58333,0.283229,0
15.4388,23.0079,7.99654,-0.0115503,0.792562,-0.181136,-0.143561,FRENET,0.05267,2.58333,0.05267,0.0598435,2.58333,0.283229,0
15.4419,23.0079,7.99654,-0.0115503,0.792562,-0.181136,-0.143561,FRENET,0.05267,2.58333,0.05267,0.0598435,2.58333,0.283229,0
15.446,23.0079,7.99654,-0.0115503,0.792562,-0.181136,-0.143561,FRENET,0.05267,2.58333,0.05267,0.0598435,2.58333,0.283229,0
15.45,23.0158,7.99616,-0.0133401,0.795409,-0.197143,-0.156809,FRENET,0.05267,2.58333,0.05267,0.0598435,2.58333,0.283229,0
15.454,23.0158,7.99616,-0.0133401,0.795409,-0.197143,-0.156809,FRENET,0.05267,2.58333,0.05267,0.0598435,2.58333,0.283229,0
15.4586,23.0238,7.99573,-0.0153497,0.798121,-0.18417,-0.14699,FRENET,0.05267,2.58333,0.05267,0.0598435,2.58333,0.283229,0
15.4619,23.0238,7.99573,-0.0153497,0.798121,-0.18417,-0.14699,FRENET,0.05267,2.58333,0.05267,0.0598435,2.58333,0.283229,0
15.466,23.0238,7.99573,-0.0153497,0.798121,-0.18417,-0.14699,FRENET,0.05267,2.58333,0.05267,0.0598435,2.58333,0.283229,0
15.4704,23.0318,7.99531,-0.017164,0.800704,-0.199135,-0.159448,FRENET,0.05267,2.58333,0.05267,0.0598435,2.58333,0.283229,0
15.4743,23.0318,7.99531,-0.017164,0.800704,-0.199135,-0.159448,FRENET,0.05267,2.58333,0.05267,0.0598435,2.58333,0.283229,0
15.4791,23.0398,7.99485,-0.0191913,0.803165,-0.185836,-0.149257,FRENET,0.0618423,2.67264,0.0618423,0.0541647,2.67264,0.282753,0
15.4822,23.0398,7.99485,-0.0191913,0.803165,-0.185836,-0.149257,FRENET,0.0618423,2.67264,0.0618423,0.0541647,2.67264,0.282753,0
15.4863,23.0398,7.99485,-0.0191913,0.803165,-0.185836,-0.149257,FRENET,0.0618423,2.67264,0.0618423,0.0541647,2.67264,0.282753,0
15.4903,23.0478,7.99438,-0.0210205,0.805166,-0.200454,-0.161399,FRENET,0.0618423,2.67264,0.0618423,0.0541647,2.67264,0.282753,0
15.4943,23.0478,7.99438,-0.0210205,0.805166,-0.200454,-0.161399,FRENET,0.0618423,2.67264,0.0618423,0.0541647,2.67264,0.282753,0
15.4992,23.0558,7.99389,-0.0230603,0.807073,-0.187007,-0.150928,FRENET,0.0618423,2.67264,0.0618423,0.0541647,2.67264,0.282753,0
15.5025,23.0558,7.99389,-0.0230603,0.807073,-0.187007,-0.150928,FRENET,0.0618423,2.67264,0.0618423,0.0541647,2.67264,0.282753,0
15.5061,23.0558,7.99389,-0.0230603,0.807073,-0.187007,-0.150928,FRENET,0.0618423,2.67264,0.0618423,0.0541647,2.67264,0.282753,0
15.51,23.0639,7.99339,-0.0249,0.808888,-0.201405,-0.162914,FRENET,0.0618423,2.67264,0.0618423,0.0541647,2.67264,0.282753,0
15.5139,23.0639,7.99339,-0.0249,0.808888,-0.201405,-0.162914,FRENET,0.0618423,2.67264,0.0618423,0.0541647,2.67264,0.282753,0
15.5189,23.072,7.99286,-0.0269492,0.810618,-0.187957,-0.152361,FRENET,0.0618423,2.67264,0.0618423,0.0541647,2.67264,0.282753,0
15.5221,23.072,7.99286,-0.0269492,0.810618,-0.187957,-0.152361,FRENET,0.0618423,2.67264,0.0618423,0.0541647,2.67264,0.282753,0
15.5262,23.072,7.99286,-0.0269492,0.810618,-0.187957,-0.152361,FRENET,0.0500186,2.67264,0.0500186,0.048234,2.67264,0.287328,0
15.5303,23.0801,7.99233,-0.0287979,0.812265,-0.202224,-0.16426,FRENET,0.0500186,2.67264,0.0500186,0.048234,2.67264,0.287328,0
15.5344,23.0801,7.99233,-0.0287979,0.812265,-0.202224,-0.16426,FRENET,0.0500186,2.67264,0.0500186,0.048234,2.67264,0.287328,0
15.5389,23.0882,7.99177,-0.0308553,0.813834,-0.1888,-0.153652,FRENET,0.0500186,2.67264,0.0500186,0.048234,2.67264,0.287328,0
15.542,23.0882,7.99177,-0.0308553,0.813834,-0.1888,-0.153652,FRENET,0.0500186,2.67264,0.0500186,0.048234,2.67264,0.287328,0
15.5459,23.0882,7.99177,-0.0308553,0.813834,-0.1888,-0.153652,FRENET,0.0500186,2.67264,0.0500186,0.048234,2.67264,0.287328,0
15.55,23.0963,7.9912,-0.0327119,0.815328,-0.202959,-0.165478,FRENET,0.0500186,2.67264,0.0500186,0.048234,2.67264,0.287328,0
15.554,23.0963,7.9912,-0.0327119,0.815328,-0.202959,-0.165478,FRENET,0.0500186,2.67264,0.0500186,0.048234,2.67264,0.287328,0
15.5586,23.1045,7.99061,-0.0347767,0.816751,-0.18956,-0.154823,FRENET,0.0500186,2.67264,0.0500186,0.048234,2.67264,0.287328,0
15.5619,23.1045,7.99061,-0.0347767,0.816751,-0.18956,-0.154823,FRENET,0.0500186,2.67264,0.0500186,0.048234,2.67264,0.287328,0
15.5659,23.1045,7.99061,-0.0347767,0.816751,-0.18956,-0.154823,FRENET,0.0500186,2.67264,0.0500186,0.048234,2.67264,0.287328,0
15.5699,23.1126,7.99001,-0.0366406,0.818107,-0.203625,-0.166587,FRENET,0.0500186,2.67264,0.0500186,0.048234,2.67264,0.287328,0
15.5739,23.1126,7.99001,-0.0366406,0.818107,-0.203625,-0.166587,FRENET,0.0500186,2.67264,0.0500186,0.048234,2.67264,0.287328,0
15.5786,23.1208,7.98938,-0.038712,0.819398,-0.190249,-0.155889,FRENET,0.0341791,2.67264,0.0341791,0.0394709,2.67264,0.29342,0
15.5821,23.1208,7.98938,-0.038712,0.819398,-0.190249,-0.155889,FRENET,0.0341791,2.67264,0.0341791,0.0394709,2.67264,0.29342,0
15.5862,23.1208,7.98938,-0.038712,0.819398,-0.190249,-0.155889,FRENET,0.0341791,2.67264,0.0341791,0.0394709,2.67264,0.29342,0
15.59,23.1289,7.98875,-0.0405824,0.820627,-0.204228,-0.167595,FRENET,0.0341791,2.67264,0.0341791,0.0394709,2.67264,0.29342,0
15.594,23.1289,7.98875,-0.0405824,0.820627,-0.204228,-0.167595,FRENET,0.0341791,2.67264,0.0341791,0.0394709,2.67264,0.29342,0
15.5987,23.1371,7.98808,-0.0426599,0.821799,-0.190873,-0.156859,FRENET,0.0341791,2.67264,0.0341791,0.0394709,2.67264,0.29342,0
15.6021,23.1371,7.98808,-0.0426599,0.821799,-0.190873,-0.156859,FRENET,0.0341791,2.67264,0.0341791,0.0394709,2.67264,0.29342,0
15.6059,23.1371,7.98808,-0.0426599,0.821799,-0.190873,-0.156859,FRENET,0.0341791,2.67264,0.0341791,0.0394709,2.67264,0.29342,0
15.61,23.1453,7.98742,-0.0445362,0.822914,-0.204776,-0.168513,FRENET,0.0341791,2.67264,0.0341791,0.0394709,2.67264,0.29342,0
15.614,23.1453,7.98742,-0.0445362,0.822914,-0.204776,-0.168513,FRENET,0.0341791,2.67264,0.0341791,0.0394709,2.67264,0.29342,0
15.6187,23.1535,7.98672,-0.0466192,0.823977,-0.191439,-0.157741,FRENET,0.0341791,2.67264,0.0341791,0.0394709,2.67264,0.29342,0
15.6219,23.1535,7.98672,-0.0466192,0.823977,-0.191439,-0.157741,FRENET,0.0341791,2.67264,0.0341791,0.0394709,2.67264,0.29342,0
15.6261,23.1535,7.98672,-0.0466192,0.823977,-0.191439,-0.157741,FRENET,0.0774887,3.7585,0.0774887,0.0335166,3.7585,0.286551,0
15.6301,23.1617,7.98602,-0.0485009,0.824989,-0.205273,-0.169348,FRENET,0.0774887,3.7585,0.0774887,0.0335166,3.7585,0.286551,0
15.6341,23.1617,7.98602,-0.0485009,0.824989,-0.205273,-0.169348,FRENET,0.0774887,3.7585,0.0774887,0.0335166,3.7585,0.286551,0
15.6391,23.17,7.98529,-0.050589,0.825478,-0.191892,-0.158403,FRENET,0.0774887,3.7585,0.0774887,0.0335166,3.7585,0.286551,0
15.6421,23.17,7.98529,-0.050589,0.825478,-0.191892,-0.158403,FRENET,0.0774887,3.7585,0.0774887,0.0335166,3.7585,0.286551,0
15.646,23.17,7.98529,-0.050589,0.825478,-0.191892,-0.158403,FRENET,0.0774887,3.7585,0.0774887,0.0335166,3.7585,0.286551,0
15.6501,23.1782,7.98455,-0.0524747,0.825944,-0.205632,-0.16984,FRENET,0.0774887,3.7585,0.0774887,0.0335166,3.7585,0.286551,0
15.6541,23.1782,7.98455,-0.0524747,0.825944,-0.205632,-0.16984,FRENET,0.0774887,3.7585,0.0774887,0.0335166,3.7585,0.286551,0
15.6589,23.1864,7.98379,-0.0545657,0.826387,-0.192165,-0.158803,FRENET,0.0774887,3.7585,0.0774887,0.0335166,3.7585,0.286551,0
15.662,23.1864,7.98379,-0.0545657,0.826387,-0.192165,-0.158803,FRENET,0.0774887,3.7585,0.0774887,0.0335166,3.7585,0.286551,0
15.6661,23.1864,7.98379,-0.0545657,0.826387,-0.192165,-0.158803,FRENET,0.0774887,3.7585,0.0774887,0.0335166,3.7585,0.286551,0
15.6703,23.1947,7.98304,-0.0562275,0.82681,-0.13406,-0.110842,FRENET,0.0774887,3.7585,0.0774887,0.0335166,3.7585,0.286551,0
15.6742,23.1947,7.98304,-0.0562275,0.82681,-0.13406,-0.110842,FRENET,0.0774887,3.7585,0.0774887,0.0335166,3.7585,0.286551,0
15.6789,23.2029,7.98236,-0.0572171,0.827213,-0.0619449,-0.0512416,FRENET,0.0881127,3.7585,0.0881127,0.0619214,3.7585,0.279451,0
15.6821,23.2029,7.98236,-0.0572171,0.827213,-0.0619449,-0.0512416,FRENET,0.0881127,3.7585,0.0881127,0.0619214,3.7585,0.279451,0
15.6862,23.2029,7.98236,-0.0572171,0.827213,-0.0619449,-0.0512416,FRENET,0.0881127,3.7585,0.0881127,0.0619214,3.7585,0.279451,0
15.6903,23.2111,7.98178,-0.0574557,0.827596,0.0148616,0.0122994,FRENET,0.0881127,3.7585,0.0881127,0.0619214,3.7585,0.279451,0
15.6941,23.2111,7.98178,-0.0574557,0.827596,0.0148616,0.0122994,FRENET,0.0881127,3.7585,0.0881127,0.0619214,3.7585,0.279451,0
15.6989,23.2194,7.98131,-0.0569156,0.827961,0.0933956,0.0773279,FRENET,0.0881127,3.7585,0.0881127,0.0619214,3.7585,0.279451,0
15.7024,23.2194,7.98131,-0.0569156,0.827961,0.0933956,0.0773279,FRENET,0.0881127,3.7585,0.0881127,0.0619214,3.7585,0.279451,0
15.706,23.2194,7.98131,-0.0569156,0.827961,0.0933956,0.0773279,FRENET,0.0881127,3.7585,0.0881127,0.0619214,3.7585,0.279451,0
15.7101,23.2277,7.98097,-0.0555858,0.828309,0.172649,0.143007,FRENET,0.0881127,3.7585,0.0881127,0.0619214,3.7585,0.279451,0
15.714,23.2277,7.98097,-0.0555858,0.828309,0.172649,0.143007,FRENET,0.0881127,3.7585,0.0881127,0.0619214,3.7585,0.279451,0
15.7188,23.236,7.98077,-0.0534616,0.82864,0.252249,0.209023,FRENET,0.0881127,3.7585,0.0881127,0.0619214,3.7585,0.279451,0
15.722,23.236,7.98077,-0.0534616,0.82864,0.252249,0.209023,FRENET,0.0881127,3.7585,0.0881127,0.0619214,3.7585,0.279451,0
15.7259,23.236,7.98077,-0.0534616,0.82864,0.252249,0.209023,FRENET,0.093414,3.7585,0.093414,0.0619846,3.7585,0.272193,0
15.73,23.2443,7.98071,-0.0505403,0.828956,0.332039,0.275245,FRENET,0.093414,3.7585,0.093414,0.0619846,3.7585,0.272193,0
15.7343,23.2443,7.98071,-0.0505403,0.828956,0.332039,0.275245,FRENET,0.093414,3.7585,0.093414,0.0619846,3.7585,0.272193,0
15.7387,23.2525,7.98078,-0.0470472,0.829256,0.340082,0.282015,FRENET,0.093414,3.7585,0.093414,0.0619846,3.7585,0.272193,0
15.7422,23.2525,7.98078,-0.0470472,0.829256,0.340082,0.282015,FRENET,0.093414,3.7585,0.093414,0.0619846,3.7585,0.272193,0
15.746,23.2525,7.98078,-0.0470472,0.829256,0.340082,0.282015,FRENET,0.093414,3.7585,0.093414,0.0619846,3.7585,0.272193,0
15.7499,23.2608,7.98092,-0.0436332,0.829543,0.361196,0.299628,FRENET,0.093414,3.7585,0.093414,0.0619846,3.7585,0.272193,0
15.754,23.2608,7.98092,-0.0436332,0.829543,0.361196,0.299628,FRENET,0.093414,3.7585,0.093414,0.0619846,3.7585,0.272193,0
15.7587,23.2691,7.98112,-0.039969,0.829815,0.350647,0.290972,FRENET,0.093414,3.7585,0.093414,0.0619846,3.7585,0.272193,0
15.762,23.2691,7.98112,-0.039969,0.829815,0.350647,0.290972,FRENET,0.093414,3.7585,0.093414,0.0619846,3.7585,0.272193,0
15.7659,23.2691,7.98112,-0.039969,0.829815,0.350647,0.290972,FRENET,0.093414,3.7585,0.093414,0.0619846,3.7585,0.272193,0
15.7701,23.2775,7.98135,-0.0364888,0.838315,0.365663,0.306541,FRENET,0.093414,3.7585,0.093414,0.0619846,3.7585,0.272193,0
15.7739,23.2775,7.98135,-0.0364888,0.838315,0.365663,0.306541,FRENET,0.093414,3.7585,0.093414,0.0619846,3.7585,0.272193,0
15.7787,23.2859,7.98164,-0.0327812,0.84641,0.356517,0.301759,FRENET,0.0908422,3.7585,0.0908422,0.0293875,3.7585,0.280416,0
15.7821,23.2859,7.98164,-0.0327812,0.84641,0.356517,0.301759,FRENET,0.0908422,3.7585,0.0908422,0.0293875,3.7585,0.280416,0
15.7859,23.2859,7.98164,-0.0327812,0.84641,0.356517,0.301759,FRENET,0.0908422,3.7585,0.0908422,0.0293875,3.7585,0.280416,0
15.7901,23.2944,7.98193,-0.0294561,0.85412,0.302335,0.25823,FRENET,0.0908422,3.7585,0.0908422,0.0293875,3.7585,0.280416,0
15.7941,23.2944,7.98193,-0.0294561,0.85412,0.302335,0.25823,FRENET,0.0908422,3.7585,0.0908422,0.0293875,3.7585,0.280416,0
15.7987,23.303,7.98217,-0.026772,0.861463,0.232244,0.200069,FRENET,0.0908422,3.7585,0.0908422,0.0293875,3.7585,0.280416,0
15.8019,23.303,7.98217,-0.026772,0.861463,0.232244,0.200069,FRENET,0.0908422,3.7585,0.0908422,0.0293875,3.7585,0.280416,0
15.8059,23.303,7.98217,-0.026772,0.861463,0.232244,0.200069,FRENET,0.0908422,3.7585,0.0908422,0.0293875,3.7585,0.280416,0
15.8101,23.3116,7.98235,-0.0246027,0.868458,0.226181,0.196428,FRENET,0.0908422,3.7585,0.0908422,0.0293875,3.7585,0.280416,0
15.814,23.3116,7.98235,-0.0246027,0.868458,0.226181,0.196428,FRENET,0.0908422,3.7585,0.0908422,0.0293875,3.7585,0.280416,0
15.8187,23.3203,7.98253,-0.0223414,0.87512,0.208404,0.182378,FRENET,0.0908422,3.7585,0.0908422,0.0293875,3.7585,0.280416,0
15.822,23.3203,7.98253,-0.0223414,0.87512,0.208404,0.182378,FRENET,0.0908422,3.7585,0.0908422,0.0293875,3.7585,0.280416,0
15.826,23.3203,7.98253,-0.0223414,0.87512,0.208404,0.182378,FRENET,0.0756007,3.7585,0.0756007,0.0326477,3.7585,0.289031,0
15.8303,23.3291,7.98269,-0.0203034,0.881465,0.21905,0.193085,FRENET,0.0756007,3.7585,0.0756007,0.0326477,3.7585,0.289031,0
15.8341,23.3291,7.98269,-0.0203034,0.881465,0.21905,0.193085,FRENET,0.0756007,3.7585,0.0756007,0.0326477,3.7585,0.289031,0
15.8388,23.3379,7.98288,-0.018076,0.887508,0.207338,0.184014,FRENET,0.0756007,3.7585,0.0756007,0.0326477,3.7585,0.289031,0
15.842,23.3379,7.98288,-0.018076,0.887508,0.207338,0.184014,FRENET,0.0756007,3.7585,0.0756007,0.0326477,3.7585,0.289031,0
15.8461,23.3379,7.98288,-0.018076,0.887508,0.207338,0.184014,FRENET,0.0756007,3.7585,0.0756007,0.0326477,3.7585,0.289031,0
15.8501,23.3469,7.98307,-0.0160361,0.893264,0.219968,0.19649,FRENET,0.0756007,3.7585,0.0756007,0.0326477,3.7585,0.289031,0
15.8541,23.3469,7.98307,-0.0160361,0.893264,0.219968,0.19649,FRENET,0.0756007,3.7585,0.0756007,0.0326477,3.7585,0.289031,0
15.859,23.3558,7.98328,-0.0137938,0.898746,0.209278,0.188088,FRENET,0.0756007,3.7585,0.0756007,0.0326477,3.7585,0.289031,0
15.8624,23.3558,7.98328,-0.0137938,0.898746,0.209278,0.188088,FRENET,0.0756007,3.7585,0.0756007,0.0326477,3.7585,0.289031,0
15.8661,23.3558,7.98328,-0.0137938,0.898746,0.209278,0.188088,FRENET,0.0756007,3.7585,0.0756007,0.0326477,3.7585,0.289031,0
15.8701,23.3648,7.98351,-0.0117331,0.903968,0.222067,0.200742,FRENET,0.0756007,3.7585,0.0756007,0.0326477,3.7585,0.289031,0
15.8741,23.3648,7.98351,-0.0117331,0.903968,0.222067,0.200742,FRENET,0.0756007,3.7585,0.0756007,0.0326477,3.7585,0.289031,0
15.8787,23.3739,7.98376,-0.00946857,0.908941,0.211631,0.19236,FRENET,0.0636925,3.00864,0.0636925,0.048568,3.00864,0.282013,0
15.8819,23.3739,7.98376,-0.00946857,0.908941,0.211631,0.19236,FRENET,0.0636925,3.00864,0.0636925,0.048568,3.00864,0.282013,0
15.886,23.3739,7.98376,-0.00946857,0.908941,0.211631,0.19236,FRENET,0.0636925,3.00864,0.0636925,0.048568,3.00864,0.282013,0
15.89,23.3829,7.98402,-0.00738779,0.89902,0.224447,0.201783,FRENET,0.0636925,3.00864,0.0636925,0.048568,3.00864,0.282013,0
15.8939,23.3829,7.98402,-0.00738779,0.89902,0.224447,0.201783,FRENET,0.0636925,3.00864,0.0636925,0.048568,3.00864,0.282013,0
15.8988,23.3919,7.98431,-0.00511156,0.890987,0.21014,0.187232,FRENET,0.0636925,3.00864,0.0636925,0.048568,3.00864,0.282013,0
15.9019,23.3919,7.98431,-0.00511156,0.890987,0.21014,0.187232,FRENET,0.0636925,3.00864,0.0636925,0.048568,3.00864,0.282013,0
15.906,23.3919,7.98431,-0.00511156,0.890987,0.21014,0.187232,FRENET,0.0636925,3.00864,0.0636925,0.048568,3.00864,0.282013,0
15.91,23.4007,7.98458,-0.00329763,0.884481,0.146394,0.129482,FRENET,0.0636925,3.00864,0.0636925,0.048568,3.00864,0.282013,0
15.914,23.4007,7.98458,-0.00329763,0.884481,0.146394,0.129482,FRENET,0.0636925,3.00864,0.0636925,0.048568,3.00864,0.282013,0
15.9189,23.4096,7.98478,-0.00221557,0.879212,0.0681724,0.059938,FRENET,0.0636925,3.00864,0.0636925,0.048568,3.00864,0.282013,0
15.9221,23.4096,7.98478,-0.00221557,0.879212,0.0681724,0.059938,FRENET,0.0636925,3.00864,0.0636925,0.048568,3.00864,0.282013,0
15.926,23.4096,7.98478,-0.00221557,0.879212,0.0681724,0.059938,FRENET,0.060317,3.00864,0.060317,0.054577,3.00864,0.278883,0
15.9299,23.4183,7.98488,-0.00194188,0.874946,-0.0139722,-0.012225,FRENET,0.060317,3.00864,0.060317,0.054577,3.00864,0.278883,0
15.9339,23.4183,7.98488,-0.00194188,0.874946,-0.0139722,-0.012225,FRENET,0.060317,3.00864,0.060317,0.054577,3.00864,0.278883,0
15.9388,23.4271,7.98486,-0.00249569,0.871491,-0.0969509,-0.0844918,FRENET,0.060317,3.00864,0.060317,0.054577,3.00864,0.278883,0
15.942,23.4271,7.98486,-0.00249569,0.871491,-0.0969509,-0.0844918,FRENET,0.060317,3.00864,0.060317,0.054577,3.00864,0.278883,0
15.946,23.4271,7.98486,-0.00249569,0.871491,-0.0969509,-0.0844918,FRENET,0.060317,3.00864,0.060317,0.054577,3.00864,0.278883,0
15.9499,23.4358,7.98471,-0.00387972,0.868693,-0.179918,-0.156294,FRENET,0.060317,3.00864,0.060317,0.054577,3.00864,0.278883,0
15.954,23.4358,7.98471,-0.00387972,0.868693,-0.179918,-0.156294,FRENET,0.060317,3.00864,0.060317,0.054577,3.00864,0.278883,0
15.9594,23.4444,7.98444,-0.00585869,0.866428,-0.189447,-0.164142,FRENET,0.060317,3.00864,0.060317,0.054577,3.00864,0.278883,0
15.9625,23.4444,7.98444,-0.00585869,0.866428,-0.189447,-0.164142,FRENET,0.060317,3.00864,0.060317,0.054577,3.00864,0.278883,0
15.966,23.4444,7.98444,-0.00585869,0.866428,-0.189447,-0.164142,FRENET,0.060317,3.00864,0.060317,0.054577,3.00864,0.278883,0
15.9701,23.4531,7.98412,-0.00776309,0.864593,-0.209736,-0.181336,FRENET,0.060317,3.00864,0.060317,0.054577,3.00864,0.278883,0
15.9741,23.4531,7.98412,-0.00776309,0.864593,-0.209736,-0.181336,FRENET,0.060317,3.00864,0.060317,0.054577,3.00864,0.278883,0
15.9788,23.4617,7.98374,-0.00991278,0.863107,-0.199392,-0.172097,FRENET,0.0536922,3.00864,0.0536922,0.0510034,3.00864,0.282531,0
15.9821,23.4617,7.98374,-0.00991278,0.863107,-0.199392,-0.172097,FRENET,0.0536922,3.00864,0.0536922,0.0510034,3.00864,0.282531,0
15.986,23.4617,7.98374,-0.00991278,0.863107,-0.199392,-0.172097,FRENET,0.0536922,3.00864,0.0536922,0.0510034,3.00864,0.282531,0
15.99,23.4703,7.98334,-0.0118756,0.861904,-0.213157,-0.183721,FRENET,0.0536922,3.00864,0.0536922,0.0510034,3.00864,0.282531,0
15.9939,23.4703,7.98334,-0.0118756,0.861904,-0.213157,-0.183721,FRENET,0.0536922,3.00864,0.0536922,0.0510034,3.00864,0.282531,0
15.9987,23.4789,7.9829,-0.0140452,0.86093,-0.200528,-0.172641,FRENET,0.0536922,3.00864,0.0536922,0.0510034,3.00864,0.282531,0
16.002,23.4789,7.9829,-0.0140452,0.86093,-0.200528,-0.172641,FRENET,0.0536922,3.00864,0.0536922,0.0510034,3.00864,0.282531,0
16.0061,23.4789,7.9829,-0.0140452,0.86093,-0.200528,-0.172641,FRENET,0.0536922,3.00864,0.0536922,0.0510034,3.00864,0.282531,0
16.0101,23.4875,7.98246,-0.0160144,0.860141,-0.213466,-0.18361,FRENET,0.0536922,3.00864,0.0536922,0.0510034,3.00864,0.282531,0
16.014,23.4875,7.98246,-0.0160144,0.860141,-0.213466,-0.18361,FRENET,0.0536922,3.00864,0.0536922,0.0510034,3.00864,0.282531,0
16.0188,23.4961,7.98198,-0.0181851,0.859502,-0.200509,-0.172338,FRENET,0.0536922,3.00864,0.0536922,0.0510034,3.00864,0.282531,0
16.0219,23.4961,7.98198,-0.0181851,0.859502,-0.200509,-0.172338,FRENET,0.0536922,3.00864,0.0536922,0.0510034,3.00864,0.282531,0
16.0259,23.4961,7.98198,-0.0181851,0.859502,-0.200509,-0.172338,FRENET,0.0720872,3.03449,0.0720872,0.0337381,3.03449,0.289934,0
16.0299,23.5047,7.9815,-0.0201537,0.859608,-0.21333,-0.18338,FRENET,0.0720872,3.03449,0.0720872,0.0337381,3.03449,0.289934,0
16.034,23.5047,7.9815,-0.0201537,0.859608,-0.21333,-0.18338,FRENET,0.0720872,3.03449,0.0720872,0.0337381,3.03449,0.289934,0
16.0388,23.5133,7.98098,-0.0223233,0.859709,-0.200509,-0.172379,FRENET,0.0720872,3.03449,0.0720872,0.0337381,3.03449,0.289934,0
16.0421,23.5133,7.98098,-0.0223233,0.859709,-0.200509,-0.172379,FRENET,0.0720872,3.03449,0.0720872,0.0337381,3.03449,0.289934,0
16.0459,23.5133,7.98098,-0.0223233,0.859709,-0.200509,-0.172379,FRENET,0.0720872,3.03449,0.0720872,0.0337381,3.03449,0.289934,0
16.0503,23.5218,7.98046,-0.0242924,0.859805,-0.213394,-0.183477,FRENET,0.0720872,3.03449,0.0720872,0.0337381,3.03449,0.289934,0
16.054,23.5218,7.98046,-0.0242924,0.859805,-0.213394,-0.183477,FRENET,0.0720872,3.03449,0.0720872,0.0337381,3.03449,0.289934,0
16.0589,23.5304,7.97991,-0.0264627,0.859896,-0.20058,-0.172478,FRENET,0.0720872,3.03449,0.0720872,0.0337381,3.03449,0.289934,0
16.0621,23.5304,7.97991,-0.0264627,0.859896,-0.20058,-0.172478,FRENET,0.0720872,3.03449,0.0720872,0.0337381,3.03449,0.289934,0
16.0661,23.5304,7.97991,-0.0264627,0.859896,-0.20058,-0.172478,FRENET,0.0720872,3.03449,0.0720872,0.0337381,3.03449,0.289934,0
16.0701,23.539,7.97935,-0.0284324,0.859984,-0.213453,-0.183566,FRENET,0.0720872,3.03449,0.0720872,0.0337381,3.03449,0.289934,0
16.0744,23.539,7.97935,-0.0284324,0.859984,-0.213453,-0.183566,FRENET,0.0720872,3.03449,0.0720872,0.0337381,3.03449,0.289934,0
16.0787,23.5476,7.97876,-0.0306033,0.860067,-0.200634,-0.172559,FRENET,0.0744593,3.03449,0.0744593,0.0347125,3.03449,0.286973,0
16.082,23.5476,7.97876,-0.0306033,0.860067,-0.200634,-0.172559,FRENET,0.0744593,3.03449,0.0744593,0.0347125,3.03449,0.286973,0
16.086,23.5476,7.97876,-0.0306033,0.860067,-0.200634,-0.172559,FRENET,0.0744593,3.03449,0.0744593,0.0347125,3.03449,0.286973,0
16.0901,23.5562,7.97817,-0.0325735,0.860146,-0.213498,-0.183639,FRENET,0.0744593,3.03449,0.0744593,0.0347125,3.03449,0.286973,0
16.094,23.5562,7.97817,-0.0325735,0.860146,-0.213498,-0.183639,FRENET,0.0744593,3.03449,0.0744593,0.0347125,3.03449,0.286973,0
16.0987,23.5647,7.97755,-0.0347448,0.860221,-0.200678,-0.172627,FRENET,0.0744593,3.03449,0.0744593,0.0347125,3.03449,0.286973,0
16.1021,23.5647,7.97755,-0.0347448,0.860221,-0.200678,-0.172627,FRENET,0.0744593,3.03449,0.0744593,0.0347125,3.03449,0.286973,0
16.1061,23.5647,7.97755,-0.0347448,0.860221,-0.200678,-0.172627,FRENET,0.0744593,3.03449,0.0744593,0.0347125,3.03449,0.286973,0
16.11,23.5733,7.97692,-0.0367155,0.860293,-0.213535,-0.183703,FRENET,0.0744593,3.03449,0.0744593,0.0347125,3.03449,0.286973,0
16.1141,23.5733,7.97692,-0.0367155,0.860293,-0.213535,-0.183703,FRENET,0.0744593,3.03449,0.0744593,0.0347125,3.03449,0.286973,0
16.1186,23.5819,7.97626,-0.0388871,0.860362,-0.200715,-0.172688,FRENET,0.0744593,3.03449,0.0744593,0.0347125,3.03449,0.286973,0
16.1219,23.5819,7.97626,-0.0388871,0.860362,-0.200715,-0.172688,FRENET,0.0744593,3.03449,0.0744593,0.0347125,3.03449,0.286973,0
16.126,23.5819,7.97626,-0.0388871,0.860362,-0.200715,-0.172688,FRENET,0.70886,0.511876,0.70886,0.0290412,0.511876,0.277399,0
16.1301,23.59,7.97564,-0.0408321,0.765262,-0.215236,-0.164712,FRENET,0.70886,0.511876,0.70886,0.0290412,0.511876,0.277399,0
16.134,23.59,7.97564,-0.0408321,0.765262,-0.215236,-0.164712,FRENET,0.70886,0.511876,0.70886,0.0290412,0.511876,0.277399,0
16.1387,23.5972,7.97506,-0.0429289,0.670162,-0.167173,-0.112033,FRENET,0.70886,0.511876,0.70886,0.0290412,0.511876,0.277399,0
16.1421,23.5972,7.97506,-0.0429289,0.670162,-0.167173,-0.112033,FRENET,0.70886,0.511876,0.70886,0.0290412,0.511876,0.277399,0
16.146,23.5972,7.97506,-0.0429289,0.670162,-0.167173,-0.112033,FRENET,0.70886,0.511876,0.70886,0.0290412,0.511876,0.277399,0
16.15,23.6034,7.97459,-0.0442271,0.575062,-0.08416,-0.0483972,FRENET,0.70886,0.511876,0.70886,0.0290412,0.511876,0.277399,0
16.154,23.6034,7.97459,-0.0442271,0.575062,-0.08416,-0.0483972,FRENET,0.70886,0.511876,0.70886,0.0290412,0.511876,0.277399,0
16.1589,23.6086,7.97426,-0.0446839,0.479962,-0.0158597,-0.00761207,FRENET,0.70886,0.511876,0.70886,0.0290412,0.511876,0.277399,0
16.162,23.6086,7.97426,-0.0446839,0.479962,-0.0158597,-0.00761207,FRENET,0.70886,0.511876,0.70886,0.0290412,0.511876,0.277399,0
16.1661,23.6086,7.97426,-0.0446839,0.479962,-0.0158597,-0.00761207,FRENET,0.70886,0.511876,0.70886,0.0290412,0.511876,0.277399,0
16.17,23.613,7.97406,-0.0444808,0.388673,0.0218198,0.00848076,FRENET,0.70886,0.511876,0.70886,0.0290412,0.511876,0.277399,0
16.1739,23.613,7.97406,-0.0444808,0.388673,0.0218198,0.00848076,FRENET,0.70886,0.511876,0.70886,0.0290412,0.511876,0.277399,0
16.1788,23.6165,7.97391,-0.0439751,0.314747,0.0452286,0.0142356,FRENET,0.710208,0.511876,0.710208,0.0517057,0.511876,0.271867,0
16.1819,23.6165,7.97391,-0.0439751,0.314747,0.0452286,0.0142356,FRENET,0.710208,0.511876,0.710208,0.0517057,0.511876,0.271867,0
16.186,23.6165,7.97391,-0.0439751,0.314747,0.0452286,0.0142356,FRENET,0.710208,0.511876,0.710208,0.0517057,0.511876,0.271867,0
16.1899,23.6193,7.97378,-0.0432884,0.254882,0.0584714,0.0149033,FRENET,0.710208,0.511876,0.710208,0.0517057,0.511876,0.271867,0
16.1941,23.6193,7.97378,-0.0432884,0.254882,0.0584714,0.0149033,FRENET,0.710208,0.511876,0.710208,0.0517057,0.511876,0.271867,0
16.1988,23.6216,7.97368,-0.0427244,0.206404,0.0242005,0.00499508,FRENET,0.710208,0.511876,0.710208,0.0517057,0.511876,0.271867,0
16.2021,23.6216,7.97368,-0.0427244,0.206404,0.0242005,0.00499508,FRENET,0.710208,0.511876,0.710208,0.0517057,0.511876,0.271867,0
16.206,23.6216,7.97368,-0.0427244,0.206404,0.0242005,0.00499508,FRENET,0.710208,0.511876,0.710208,0.0517057,0.511876,0.271867,0
16.2101,23.6235,7.97361,-0.0422741,0.167146,0.0328849,0.00549656,FRENET,0.710208,0.511876,0.710208,0.0517057,0.511876,0.271867,0
16.214,23.6235,7.97361,-0.0422741,0.167146,0.0328849,0.00549656,FRENET,0.710208,0.511876,0.710208,0.0517057,0.511876,0.271867,0
16.2185,23.625,7.97354,-0.0419042,0.135355,0.0104108,0.00140915,FRENET,0.710208,0.511876,0.710208,0.0517057,0.511876,0.271867,0
16.2219,23.625,7.97354,-0.0419042,0.135355,0.0104108,0.00140915,FRENET,0.710208,0.511876,0.710208,0.0517057,0.511876,0.271867,0
16.2259,23.625,7.97354,-0.0419042,0.135355,0.0104108,0.00140915,FRENET,0.703784,0.511876,0.703784,0.0564808,0.511876,0.270122,0
16.23,23.6262,7.97349,-0.0416089,0.10961,0.0161058,0.00176536,FRENET,0.703784,0.511876,0.703784,0.0564808,0.511876,0.270122,0
16.2339,23.6262,7.97349,-0.0416089,0.10961,0.0161058,0.00176536,FRENET,0.703784,0.511876,0.703784,0.0564808,0.511876,0.270122,0
16.2386,23.6272,7.97345,-0.0413664,0.0887623,0.00136787,0.000121415,FRENET,0.703784,0.511876,0.703784,0.0564808,0.511876,0.270122,0
16.242,23.6272,7.97345,-0.0413664,0.0887623,0.00136787,0.000121415,FRENET,0.703784,0.511876,0.703784,0.0564808,0.511876,0.270122,0
16.246,23.6272,7.97345,-0.0413664,0.0887623,0.00136787,0.000121415,FRENET,0.703784,0.511876,0.703784,0.0564808,0.511876,0.270122,0
16.2499,23.628,7.97342,-0.0411727,0.0718797,0.00510249,0.000366766,FRENET,0.703784,0.511876,0.703784,0.0564808,0.511876,0.270122,0
16.2539,23.628,7.97342,-0.0411727,0.0718797,0.00510249,0.000366766,FRENET,0.703784,0.511876,0.703784,0.0564808,0.511876,0.270122,0
16.2586,23.6287,7.97339,-0.0410137,0.0582082,-0.00456229,-0.000265563,FRENET,0.703784,0.511876,0.703784,0.0564808,0.511876,0.270122,0
16.2619,23.6287,7.97339,-0.0410137,0.0582082,-0.00456229,-0.000265563,FRENET,0.703784,0.511876,0.703784,0.0564808,0.511876,0.270122,0
16.2659,23.6287,7.97339,-0.0410137,0.0582082,-0.00456229,-0.000265563,FRENET,0.703784,0.511876,0.703784,0.0564808,0.511876,0.270122,0
16.27,23.6292,7.97337,-0.0408867,0.047137,-0.00211321,-9.96106e-05,FRENET,0.703784,0.511876,0.703784,0.0564808,0.511876,0.270122,0
16.274,23.6292,7.97337,-0.0408867,0.047137,-0.00211321,-9.96106e-05,FRENET,0.703784,0.511876,0.703784,0.0564808,0.511876,0.270122,0
16.2784,23.6296,7.97335,-0.0407824,0.0381715,-0.00845115,-0.000322593,FRENET,0.046792,3.65366,0.046792,0.0513714,3.65366,0.270996,0
16.2819,23.6296,7.97335,-0.0407824,0.0381715,-0.00845115,-0.000322593,FRENET,0.046792,3.65366,0.046792,0.0513714,3.65366,0.270996,0
16.2859,23.6296,7.97335,-0.0407824,0.0381715,-0.00845115,-0.000322593,FRENET,0.046792,3.65366,0.046792,0.0513714,3.65366,0.270996,0
16.2899,23.6302,7.97333,-0.0406529,0.0665864,0.0035588,0.000236968,FRENET,0.046792,3.65366,0.046792,0.0513714,3.65366,0.270996,0
16.2938,23.6302,7.97333,-0.0406529,0.0665864,0.0035588,0.000236968,FRENET,0.046792,3.65366,0.046792,0.0513714,3.65366,0.270996,0
16.2986,23.631,7.9733,-0.0404605,0.0936501,0.00231653,0.000216943,FRENET,0.046792,3.65366,0.046792,0.0513714,3.65366,0.270996,0
16.3018,23.631,7.9733,-0.0404605,0.0936501,0.00231653,0.000216943,FRENET,0.046792,3.65366,0.046792,0.0513714,3.65366,0.270996,0
16.3058,23.631,7.9733,-0.0404605,0.0936501,0.00231653,0.000216943,FRENET,0.046792,3.65366,0.046792,0.0513714,3.65366,0.270996,0
16.3099,23.632,7.97325,-0.0403076,0.119427,-0.00428201,-0.000511387,FRENET,0.046792,3.65366,0.046792,0.0513714,3.65366,0.270996,0
16.314,23.632,7.97325,-0.0403076,0.119427,-0.00428201,-0.000511387,FRENET,0.046792,3.65366,0.046792,0.0513714,3.65366,0.270996,0
16.3186,23.6333,7.9732,-0.0402458,0.143978,-0.0158597,-0.00228346,FRENET,0.046792,3.65366,0.046792,0.0513714,3.65366,0.270996,0
16.3219,23.6333,7.9732,-0.0402458,0.143978,-0.0158597,-0.00228346,FRENET,0.046792,3.65366,0.046792,0.0513714,3.65366,0.270996,0
16.3259,23.6333,7.9732,-0.0402458,0.143978,-0.0158597,-0.00228346,FRENET,0.0596123,3.65366,0.0596123,0.0566375,3.65366,0.270155,0
16.3298,23.6349,7.97314,-0.0403231,0.167362,-0.0320845,-0.00536972,FRENET,0.0596123,3.65366,0.0596123,0.0566375,3.65366,0.270155,0
16.334,23.6349,7.97314,-0.0403231,0.167362,-0.0320845,-0.00536972,FRENET,0.0596123,3.65366,0.0596123,0.0566375,3.65366,0.270155,0
16.3387,23.6367,7.97307,-0.0405846,0.189634,-0.0526652,-0.0099871,FRENET,0.0596123,3.65366,0.0596123,0.0566375,3.65366,0.270155,0
16.3419,23.6367,7.97307,-0.0405846,0.189634,-0.0526652,-0.0099871,FRENET,0.0596123,3.65366,0.0596123,0.0566375,3.65366,0.270155,0
16.3459,23.6367,7.97307,-0.0405846,0.189634,-0.0526652,-0.0099871,FRENET,0.0596123,3.65366,0.0596123,0.0566375,3.65366,0.270155,0
16.3499,23.6387,7.97298,-0.0410725,0.210847,-0.0773488,-0.0163087,FRENET,0.0596123,3.65366,0.0596123,0.0566375,3.65366,0.270155,0
16.3539,23.6387,7.97298,-0.0410725,0.210847,-0.0773488,-0.0163087,FRENET,0.0596123,3.65366,0.0596123,0.0566375,3.65366,0.270155,0
16.3587,23.6409,7.97289,-0.0418268,0.231051,-0.105918,-0.0244723,FRENET,0.0596123,3.65366,0.0596123,0.0566375,3.65366,0.270155,0
16.3619,23.6409,7.97289,-0.0418268,0.231051,-0.105918,-0.0244723,FRENET,0.0596123,3.65366,0.0596123,0.0566375,3.65366,0.270155,0
16.3659,23.6409,7.97289,-0.0418268,0.231051,-0.105918,-0.0244723,FRENET,0.0596123,3.65366,0.0596123,0.0566375,3.65366,0.270155,0
16.37,23.6433,7.97279,-0.0428854,0.250294,-0.138187,-0.0345873,FRENET,0.0596123,3.65366,0.0596123,0.0566375,3.65366,0.270155,0
16.3739,23.6433,7.97279,-0.0428854,0.250294,-0.138187,-0.0345873,FRENET,0.0596123,3.65366,0.0596123,0.0566375,3.65366,0.270155,0
16.3787,23.6459,7.97268,-0.0443046,0.275883,-0.178277,-0.0491836,FRENET,0.055282,3.65366,0.055282,0.0407982,3.65366,0.269959,0
16.382,23.6459,7.97268,-0.0443046,0.275883,-0.178277,-0.0491836,FRENET,0.055282,3.65366,0.055282,0.0407982,3.65366,0.269959,0
16.3859,23.6459,7.97268,-0.0443046,0.275883,-0.178277,-0.0491836,FRENET,0.055282,3.65366,0.055282,0.0407982,3.65366,0.269959,0
16.39,23.6488,7.97255,-0.0458542,0.300255,-0.162604,-0.0488228,FRENET,0.055282,3.65366,0.055282,0.0407982,3.65366,0.269959,0
16.394,23.6488,7.97255,-0.0458542,0.300255,-0.162604,-0.0488228,FRENET,0.055282,3.65366,0.055282,0.0407982,3.65366,0.269959,0
16.3986,23.6519,7.9724,-0.0472219,0.323469,-0.14194,-0.045913,FRENET,0.055282,3.65366,0.055282,0.0407982,3.65366,0.269959,0
16.4019,23.6519,7.9724,-0.0472219,0.323469,-0.14194,-0.045913,FRENET,0.055282,3.65366,0.055282,0.0407982,3.65366,0.269959,0
16.406,23.6519,7.9724,-0.0472219,0.323469,-0.14194,-0.045913,FRENET,0.055282,3.65366,0.055282,0.0407982,3.65366,0.269959,0
16.41,23.6553,7.97224,-0.0483596,0.345578,-0.11664,-0.0403084,FRENET,0.055282,3.65366,0.055282,0.0407982,3.65366,0.269959,0
16.4141,23.6553,7.97224,-0.0483596,0.345578,-0.11664,-0.0403084,FRENET,0.055282,3.65366,0.055282,0.0407982,3.65366,0.269959,0
16.4186,23.6588,7.97207,-0.0492226,0.366636,-0.0870191,-0.0319043,FRENET,0.055282,3.65366,0.055282,0.0407982,3.65366,0.269959,0
16.422,23.6588,7.97207,-0.0492226,0.366636,-0.0870191,-0.0319043,FRENET,0.055282,3.65366,0.055282,0.0407982,3.65366,0.269959,0
16.4259,23.6588,7.97207,-0.0492226,0.366636,-0.0870191,-0.0319043,FRENET,0.0520013,3.20415,0.0520013,0.0558976,3.20415,0.270105,0
16.4299,23.6626,7.97188,-0.0501388,0.386693,-0.128631,-0.0497406,FRENET,0.0520013,3.20415,0.0520013,0.0558976,3.20415,0.270105,0
16.4339,23.6626,7.97188,-0.0501388,0.386693,-0.128631,-0.0497406,FRENET,0.0520013,3.20415,0.0520013,0.0558976,3.20415,0.270105,0
16.4387,23.6665,7.97168,-0.0511035,0.409368,-0.0953127,-0.039018,FRENET,0.0520013,3.20415,0.0520013,0.0558976,3.20415,0.270105,0
16.442,23.6665,7.97168,-0.0511035,0.409368,-0.0953127,-0.039018,FRENET,0.0520013,3.20415,0.0520013,0.0558976,3.20415,0.270105,0
16.446,23.6665,7.97168,-0.0511035,0.409368,-0.0953127,-0.039018,FRENET,0.0520013,3.20415,0.0520013,0.0558976,3.20415,0.270105,0
16.45,23.6707,7.97146,-0.0521255,0.430965,-0.141542,-0.0609995,FRENET,0.0520013,3.20415,0.0520013,0.0558976,3.20415,0.270105,0
16.4539,23.6707,7.97146,-0.0521255,0.430965,-0.141542,-0.0609995,FRENET,0.0520013,3.20415,0.0520013,0.0558976,3.20415,0.270105,0
16.4588,23.6752,7.97123,-0.0531952,0.451535,-0.103497,-0.0467323,FRENET,0.0520013,3.20415,0.0520013,0.0558976,3.20415,0.270105,0
16.462,23.6752,7.97123,-0.0531952,0.451535,-0.103497,-0.0467323,FRENET,0.0520013,3.20415,0.0520013,0.0558976,3.20415,0.270105,0
16.4659,23.6752,7.97123,-0.0531952,0.451535,-0.103497,-0.0467323,FRENET,0.0520013,3.20415,0.0520013,0.0558976,3.20415,0.270105,0
16.47,23.6798,7.97098,-0.054317,0.471126,-0.153254,-0.072202,FRENET,0.0520013,3.20415,0.0520013,0.0558976,3.20415,0.270105,0
16.474,23.6798,7.97098,-0.054317,0.471126,-0.153254,-0.072202,FRENET,0.0520013,3.20415,0.0520013,0.0558976,3.20415,0.270105,0
16.4787,23.6846,7.97072,-0.0554821,0.489786,-0.110921,-0.0543276,FRENET,0.0464622,3.20415,0.0464622,0.0459714,3.20415,0.270932,0
16.4821,23.6846,7.97072,-0.0554821,0.489786,-0.110921,-0.0543276,FRENET,0.0464622,3.20415,0.0464622,0.0459714,3.20415,0.270932,0
16.486,23.6846,7.97072,-0.0554821,0.489786,-0.110921,-0.0543276,FRENET,0.0464622,3.20415,0.0464622,0.0459714,3.20415,0.270932,0
16.4901,23.6895,7.97043,-0.0567208,0.507559,-0.142442,-0.072298,FRENET,0.0464622,3.20415,0.0464622,0.0459714,3.20415,0.270932,0
16.4942,23.6895,7.97043,-0.0567208,0.507559,-0.142442,-0.072298,FRENET,0.0464622,3.20415,0.0464622,0.0459714,3.20415,0.270932,0
16.4987,23.6947,7.96998,-0.0580241,0.524487,-0.117864,-0.0618181,FRENET,0.0464622,3.20415,0.0464622,0.0459714,3.20415,0.270932,0
16.5021,23.6947,7.96998,-0.0580241,0.524487,-0.117864,-0.0618181,FRENET,0.0464622,3.20415,0.0464622,0.0459714,3.20415,0.270932,0
16.5059,23.6947,7.96998,-0.0580241,0.524487,-0.117864,-0.0618181,FRENET,0.0464622,3.20415,0.0464622,0.0459714,3.20415,0.270932,0
16.5103,23.7,7.96949,-0.0591652,0.54061,-0.142478,-0.0770249,FRENET,0.0464622,3.20415,0.0464622,0.0459714,3.20415,0.270932,0
16.5143,23.7,7.96949,-0.0591652,0.54061,-0.142478,-0.0770249,FRENET,0.0464622,3.20415,0.0464622,0.0459714,3.20415,0.270932,0
16.5188,23.7054,7.96894,-0.0605834,0.555966,-0.121705,-0.0676637,FRENET,0.0464622,3.20415,0.0464622,0.0459714,3.20415,0.270932,0
16.522,23.7054,7.96894,-0.0605834,0.555966,-0.121705,-0.0676637,FRENET,0.0464622,3.20415,0.0464622,0.0459714,3.20415,0.270932,0
16.5259,23.7054,7.96894,-0.0605834,0.555966,-0.121705,-0.0676637,FRENET,0.0590577,3.20415,0.0590577,0.0298921,3.20415,0.273177,0
16.5301,23.711,7.96838,-0.0618077,0.570592,-0.14695,-0.0838486,FRENET,0.0590577,3.20415,0.0590577,0.0298921,3.20415,0.273177,0
16.5341,23.711,7.96838,-0.0618077,0.570592,-0.14695,-0.0838486,FRENET,0.0590577,3.20415,0.0590577,0.0298921,3.20415,0.273177,0
16.5387,23.7168,7.96779,-0.0632967,0.584523,-0.12855,-0.0751405,FRENET,0.0590577,3.20415,0.0590577,0.0298921,3.20415,0.273177,0
16.5421,23.7168,7.96779,-0.0632967,0.584523,-0.12855,-0.0751405,FRENET,0.0590577,3.20415,0.0590577,0.0298921,3.20415,0.273177,0
16.5461,23.7168,7.96779,-0.0632967,0.584523,-0.12855,-0.0751405,FRENET,0.0590577,3.20415,0.0590577,0.0298921,3.20415,0.273177,0
16.55,23.7227,7.96718,-0.0645905,0.597791,-0.152698,-0.0912813,FRENET,0.0590577,3.20415,0.0590577,0.0298921,3.20415,0.273177,0
16.5541,23.7227,7.96718,-0.0645905,0.597791,-0.152698,-0.0912813,FRENET,0.0590577,3.20415,0.0590577,0.0298921,3.20415,0.273177,0
16.5587,23.7287,7.96654,-0.0661428,0.610428,-0.135386,-0.0826432,FRENET,0.0590577,3.20415,0.0590577,0.0298921,3.20415,0.273177,0
16.562,23.7287,7.96654,-0.0661428,0.610428,-0.135386,-0.0826432,FRENET,0.0590577,3.20415,0.0590577,0.0298921,3.20415,0.273177,0
16.5662,23.7287,7.96654,-0.0661428,0.610428,-0.135386,-0.0826432,FRENET,0.0590577,3.20415,0.0590577,0.0298921,3.20415,0.273177,0
16.5702,23.7348,7.96589,-0.0674999,0.622464,-0.158168,-0.098454,FRENET,0.0590577,3.20415,0.0590577,0.0298921,3.20415,0.273177,0
16.5741,23.7348,7.96589,-0.0674999,0.622464,-0.158168,-0.098454,FRENET,0.0590577,3.20415,0.0590577,0.0298921,3.20415,0.273177,0
16.5788,23.741,7.96521,-0.0691095,0.633928,-0.141617,-0.0897752,FRENET,0.0826675,3.40146,0.0826675,0.0214606,3.40146,0.278697,0
16.5822,23.741,7.96521,-0.0691095,0.633928,-0.141617,-0.0897752,FRENET,0.0826675,3.40146,0.0826675,0.0214606,3.40146,0.278697,0
16.5861,23.741,7.96521,-0.0691095,0.633928,-0.141617,-0.0897752,FRENET,0.0826675,3.40146,0.0826675,0.0214606,3.40146,0.278697,0
16.59,23.7474,7.96451,-0.0705257,0.647742,-0.163242,-0.105739,FRENET,0.0826675,3.40146,0.0826675,0.0214606,3.40146,0.278697,0
16.5939,23.7474,7.96451,-0.0705257,0.647742,-0.163242,-0.105739,FRENET,0.0826675,3.40146,0.0826675,0.0214606,3.40146,0.278697,0
16.5986,23.7539,7.96378,-0.072191,0.660899,-0.148403,-0.0980797,FRENET,0.0826675,3.40146,0.0826675,0.0214606,3.40146,0.278697,0
16.6019,23.7539,7.96378,-0.072191,0.660899,-0.148403,-0.0980797,FRENET,0.0826675,3.40146,0.0826675,0.0214606,3.40146,0.278697,0
16.6059,23.7539,7.96378,-0.072191,0.660899,-0.148403,-0.0980797,FRENET,0.0826675,3.40146,0.0826675,0.0214606,3.40146,0.278697,0
16.61,23.7605,7.96304,-0.0736718,0.673431,-0.168954,-0.113779,FRENET,0.0826675,3.40146,0.0826675,0.0214606,3.40146,0.278697,0
16.614,23.7605,7.96304,-0.0736718,0.673431,-0.168954,-0.113779,FRENET,0.0826675,3.40146,0.0826675,0.0214606,3.40146,0.278697,0
16.6186,23.7673,7.96226,-0.0753964,0.685366,-0.154773,-0.106076,FRENET,0.0826675,3.40146,0.0826675,0.0214606,3.40146,0.278697,0
16.6219,23.7673,7.96226,-0.0753964,0.685366,-0.154773,-0.106076,FRENET,0.0826675,3.40146,0.0826675,0.0214606,3.40146,0.278697,0
16.6258,23.7673,7.96226,-0.0753964,0.685366,-0.154773,-0.106076,FRENET,0.0962958,3.40146,0.0962958,0.0294168,3.40146,0.288644,0
16.6299,23.7742,7.96147,-0.0769367,0.696734,-0.174248,-0.121405,FRENET,0.0962958,3.40146,0.0962958,0.0294168,3.40146,0.288644,0
16.6339,23.7742,7.96147,-0.0769367,0.696734,-0.174248,-0.121405,FRENET,0.0962958,3.40146,0.0962958,0.0294168,3.40146,0.288644,0
16.6385,23.7811,7.96064,-0.0787155,0.707562,-0.160548,-0.113598,FRENET,0.0962958,3.40146,0.0962958,0.0294168,3.40146,0.288644,0
16.6419,23.7811,7.96064,-0.0787155,0.707562,-0.160548,-0.113598,FRENET,0.0962958,3.40146,0.0962958,0.0294168,3.40146,0.288644,0
16.6458,23.7811,7.96064,-0.0787155,0.707562,-0.160548,-0.113598,FRENET,0.0962958,3.40146,0.0962958,0.0294168,3.40146,0.288644,0
16.6499,23.7882,7.95981,-0.0803098,0.717875,-0.179094,-0.128567,FRENET,0.0962958,3.40146,0.0962958,0.0294168,3.40146,0.288644,0
16.6538,23.7882,7.95981,-0.0803098,0.717875,-0.179094,-0.128567,FRENET,0.0962958,3.40146,0.0962958,0.0294168,3.40146,0.288644,0
16.6585,23.7954,7.95893,-0.0821381,0.727697,-0.165775,-0.120634,FRENET,0.0962958,3.40146,0.0962958,0.0294168,3.40146,0.288644,0
16.662,23.7954,7.95893,-0.0821381,0.727697,-0.165775,-0.120634,FRENET,0.0962958,3.40146,0.0962958,0.0294168,3.40146,0.288644,0
16.6659,23.7954,7.95893,-0.0821381,0.727697,-0.165775,-0.120634,FRENET,0.0962958,3.40146,0.0962958,0.0294168,3.40146,0.288644,0
16.67,23.8027,7.95805,-0.0837815,0.737052,-0.18352,-0.135264,FRENET,0.0962958,3.40146,0.0962958,0.0294168,3.40146,0.288644,0
16.674,23.8027,7.95805,-0.0837815,0.737052,-0.18352,-0.135264,FRENET,0.0962958,3.40146,0.0962958,0.0294168,3.40146,0.288644,0
16.6786,23.81,7.95712,-0.0856547,0.745963,-0.170505,-0.127191,FRENET,0.038235,3.85864,0.038235,0.0311519,3.85864,0.295346,0
16.682,23.81,7.95712,-0.0856547,0.745963,-0.170505,-0.127191,FRENET,0.038235,3.85864,0.038235,0.0311519,3.85864,0.295346,0
16.6859,23.81,7.95712,-0.0856547,0.745963,-0.170505,-0.127191,FRENET,0.038235,3.85864,0.038235,0.0311519,3.85864,0.295346,0
16.69,23.8174,7.9562,-0.0873403,0.748318,-0.187478,-0.140293,FRENET,0.038235,3.85864,0.038235,0.0311519,3.85864,0.295346,0
16.6939,23.8174,7.9562,-0.0873403,0.748318,-0.187478,-0.140293,FRENET,0.038235,3.85864,0.038235,0.0311519,3.85864,0.295346,0
16.6986,23.8249,7.95524,-0.0892475,0.750562,-0.172678,-0.129605,FRENET,0.038235,3.85864,0.038235,0.0311519,3.85864,0.295346,0
16.702,23.8249,7.95524,-0.0892475,0.750562,-0.172678,-0.129605,FRENET,0.038235,3.85864,0.038235,0.0311519,3.85864,0.295346,0
16.706,23.8249,7.95524,-0.0892475,0.750562,-0.172678,-0.129605,FRENET,0.038235,3.85864,0.038235,0.0311519,3.85864,0.295346,0
16.7099,23.8323,7.95428,-0.090949,0.752699,-0.188761,-0.14208,FRENET,0.038235,3.85864,0.038235,0.0311519,3.85864,0.295346,0
16.7139,23.8323,7.95428,-0.090949,0.752699,-0.188761,-0.14208,FRENET,0.038235,3.85864,0.038235,0.0311519,3.85864,0.295346,0
16.7186,23.8398,7.95329,-0.0928679,0.754735,-0.173836,-0.1312,FRENET,0.038235,3.85864,0.038235,0.0311519,3.85864,0.295346,0
16.7219,23.8398,7.95329,-0.0928679,0.754735,-0.173836,-0.1312,FRENET,0.038235,3.85864,0.038235,0.0311519,3.85864,0.295346,0
16.7259,23.8398,7.95329,-0.0928679,0.754735,-0.173836,-0.1312,FRENET,0.0445993,3.85864,0.0445993,0.0464422,3.85864,0.303171,0
16.73,23.8473,7.95229,-0.09458,0.756673,-0.189711,-0.143549,FRENET,0.0445993,3.85864,0.0445993,0.0464422,3.85864,0.303171,0
16.734,23.8473,7.95229,-0.09458,0.756673,-0.189711,-0.143549,FRENET,0.0445993,3.85864,0.0445993,0.0464422,3.85864,0.303171,0
16.7387,23.8548,7.95127,-0.0965083,0.75852,-0.17483,-0.132612,FRENET,0.0445993,3.85864,0.0445993,0.0464422,3.85864,0.303171,0
16.7419,23.8548,7.95127,-0.0965083,0.75852,-0.17483,-0.132612,FRENET,0.0445993,3.85864,0.0445993,0.0464422,3.85864,0.303171,0
16.746,23.8548,7.95127,-0.0965083,0.75852,-0.17483,-0.132612,FRENET,0.0445993,3.85864,0.0445993,0.0464422,3.85864,0.303171,0
16.75,23.8624,7.95024,-0.098233,0.768892,-0.190659,-0.146596,FRENET,0.0445993,3.85864,0.0445993,0.0464422,3.85864,0.303171,0
16.7538,23.8624,7.95024,-0.098233,0.768892,-0.190659,-0.146596,FRENET,0.0445993,3.85864,0.0445993,0.0464422,3.85864,0.303171,0
16.7585,23.87,7.94917,-0.100179,0.778772,-0.178625,-0.139108,FRENET,0.0445993,3.85864,0.0445993,0.0464422,3.85864,0.303171,0
16.7618,23.87,7.94917,-0.100179,0.778772,-0.178625,-0.139108,FRENET,0.0445993,3.85864,0.0445993,0.0464422,3.85864,0.303171,0
16.7661,23.87,7.94917,-0.100179,0.778772,-0.178625,-0.139108,FRENET,0.0445993,3.85864,0.0445993,0.0464422,3.85864,0.303171,0
16.7698,23.8778,7.94811,-0.101733,0.788182,-0.126142,-0.0994227,FRENET,0.0445993,3.85864,0.0445993,0.0464422,3.85864,0.303171,0
16.7739,23.8778,7.94811,-0.101733,0.788182,-0.126142,-0.0994227,FRENET,0.0445993,3.85864,0.0445993,0.0464422,3.85864,0.303171,0
16.7785,23.8856,7.94708,-0.102887,0.797144,-0.128421,-0.10237,FRENET,0.0470275,3.85864,0.0470275,0.0457471,3.85864,0.311326,0
16.782,23.8856,7.94708,-0.102887,0.797144,-0.128421,-0.10237,FRENET,0.0470275,3.85864,0.0470275,0.0457471,3.85864,0.311326,0
16.7859,23.8856,7.94708,-0.102887,0.797144,-0.128421,-0.10237,FRENET,0.0470275,3.85864,0.0470275,0.0457471,3.85864,0.311326,0
16.79,23.8936,7.94603,-0.104181,0.805681,-0.111681,-0.0899792,FRENET,0.0470275,3.85864,0.0470275,0.0457471,3.85864,0.311326,0
16.7941,23.8936,7.94603,-0.104181,0.805681,-0.111681,-0.0899792,FRENET,0.0470275,3.85864,0.0470275,0.0457471,3.85864,0.311326,0
16.7986,23.9016,7.94499,-0.105261,0.813811,-0.12454,-0.101352,FRENET,0.0470275,3.85864,0.0470275,0.0457471,3.85864,0.311326,0
16.802,23.9016,7.94499,-0.105261,0.813811,-0.12454,-0.101352,FRENET,0.0470275,3.85864,0.0470275,0.0457471,3.85864,0.311326,0
16.806,23.9016,7.94499,-0.105261,0.813811,-0.12454,-0.101352,FRENET,0.0470275,3.85864,0.0470275,0.0457471,3.85864,0.311326,0
16.8101,23.9097,7.94393,-0.106541,0.821555,-0.111746,-0.0918058,FRENET,0.0470275,3.85864,0.0470275,0.0457471,3.85864,0.311326,0
16.814,23.9097,7.94393,-0.106541,0.821555,-0.111746,-0.0918058,FRENET,0.0470275,3.85864,0.0470275,0.0457471,3.85864,0.311326,0
16.8186,23.9179,7.94286,-0.107629,0.82893,-0.125566,-0.104085,FRENET,0.0470275,3.85864,0.0470275,0.0457471,3.85864,0.311326,0
16.822,23.9179,7.94286,-0.107629,0.82893,-0.125566,-0.104085,FRENET,0.0470275,3.85864,0.0470275,0.0457471,3.85864,0.311326,0
16.826,23.9179,7.94286,-0.107629,0.82893,-0.125566,-0.104085,FRENET,0.110453,2.65251,0.110453,0.0337644,2.65251,0.330774,0
16.83,23.9262,7.94176,-0.108923,0.835955,-0.113519,-0.0948972,FRENET,0.110453,2.65251,0.110453,0.0337644,2.65251,0.330774,0
16.8341,23.9262,7.94176,-0.108923,0.835955,-0.113519,-0.0948972,FRENET,0.110453,2.65251,0.110453,0.0337644,2.65251,0.330774,0
16.8387,23.9345,7.94065,-0.110032,0.854711,-0.126975,-0.108527,FRENET,0.110453,2.65251,0.110453,0.0337644,2.65251,0.330774,0
16.8421,23.9345,7.94065,-0.110032,0.854711,-0.126975,-0.108527,FRENET,0.110453,2.65251,0.110453,0.0337644,2.65251,0.330774,0
16.8459,23.9345,7.94065,-0.110032,0.854711,-0.126975,-0.108527,FRENET,0.110453,2.65251,0.110453,0.0337644,2.65251,0.330774,0
16.85,23.9431,7.93949,-0.111347,0.872575,-0.11778,-0.102771,FRENET,0.110453,2.65251,0.110453,0.0337644,2.65251,0.330774,0
16.854,23.9431,7.93949,-0.111347,0.872575,-0.11778,-0.102771,FRENET,0.110453,2.65251,0.110453,0.0337644,2.65251,0.330774,0
16.8586,23.9518,7.93834,-0.112282,0.889589,-0.0631995,-0.0562216,FRENET,0.110453,2.65251,0.110453,0.0337644,2.65251,0.330774,0
16.8619,23.9518,7.93834,-0.112282,0.889589,-0.0631995,-0.0562216,FRENET,0.110453,2.65251,0.110453,0.0337644,2.65251,0.330774,0
16.8659,23.9518,7.93834,-0.112282,0.889589,-0.0631995,-0.0562216,FRENET,0.110453,2.65251,0.110453,0.0337644,2.65251,0.330774,0
16.8699,23.9607,7.93721,-0.112786,0.905795,-0.0594271,-0.0538287,FRENET,0.110453,2.65251,0.110453,0.0337644,2.65251,0.330774,0
16.874,23.9607,7.93721,-0.112786,0.905795,-0.0594271,-0.0538287,FRENET,0.110453,2.65251,0.110453,0.0337644,2.65251,0.330774,0
16.8786,23.9698,7.93607,-0.113385,0.92123,-0.043383,-0.0399657,FRENET,0.106725,2.65251,0.106725,0.0130258,2.65251,0.346467,0
16.8817,23.9698,7.93607,-0.113385,0.92123,-0.043383,-0.0399657,FRENET,0.106725,2.65251,0.106725,0.0130258,2.65251,0.346467,0
16.886,23.9698,7.93607,-0.113385,0.92123,-0.043383,-0.0399657,FRENET,0.106725,2.65251,0.106725,0.0130258,2.65251,0.346467,0
16.8899,23.979,7.93494,-0.113769,0.935931,-0.0520578,-0.0487224,FRENET,0.106725,2.65251,0.106725,0.0130258,2.65251,0.346467,0
16.8939,23.979,7.93494,-0.113769,0.935931,-0.0520578,-0.0487224,FRENET,0.106725,2.65251,0.106725,0.0130258,2.65251,0.346467,0
16.8986,23.9884,7.93378,-0.114325,0.949932,-0.0411169,-0.0390583,FRENET,0.106725,2.65251,0.106725,0.0130258,2.65251,0.346467,0
16.9017,23.9884,7.93378,-0.114325,0.949932,-0.0411169,-0.0390583,FRENET,0.106725,2.65251,0.106725,0.0130258,2.65251,0.346467,0
16.906,23.9884,7.93378,-0.114325,0.949932,-0.0411169,-0.0390583,FRENET,0.106725,2.65251,0.106725,0.0130258,2.65251,0.346467,0
16.9098,23.9979,7.93261,-0.114696,0.963269,-0.0513658,-0.0494791,FRENET,0.106725,2.65251,0.106725,0.0130258,2.65251,0.346467,0
16.9137,23.9979,7.93261,-0.114696,0.963269,-0.0513658,-0.0494791,FRENET,0.106725,2.65251,0.106725,0.0130258,2.65251,0.346467,0
16.9185,24.0075,7.93142,-0.115251,0.975971,-0.0415681,-0.0405692,FRENET,0.106725,2.65251,0.106725,0.0130258,2.65251,0.346467,0

--- Experiment Summary ---
Scenario,Mux_playground_WS1.0714_WT1.4109_WC1.5262_WCL1.552_WD1.4207_DM0.1955_Opp_bumper_slow_1.csv
Mode,MUX_OBSTACLE
Finish Reason,GOAL REACHED
Duration (s),16.92
Total Dist (m),34.06
Collision,NO
FRENET Usage (%),68.52
FGM Usage (%),31.48
Max Speed (m/s),4.65
Max Lat Acc (m/s^2),1.59
Global Min Dist (m),0.00
Global Unsafe Ratio,0.83
Global Track RMS (m),1.51
Global Lat Acc RMS,0.41
FGM Min Dist (m),0.00
FGM Unsafe Ratio,0.98
FGM Track RMS (m),0.43
