t,x,y,yaw,speed,yaw_rate,a_lat,planner,min_d,track_error,fre_min_d,fgm_min_d,fre_track,fgm_track,collision
0.000111105,-9.99917,7.475,0,0.118838,0,0,FGM,0.413341,0.15863,0.424643,0.413341,0.381943,0.15863,0
0.00423154,-9.99917,7.475,0,0.118838,0,0,FGM,0.413341,0.15863,0.424643,0.413341,0.381943,0.15863,0
0.0101915,-9.9975,7.475,8.83209e-05,0.213938,0.0207401,0.0044371,FGM,0.413341,0.15863,0.424643,0.413341,0.381943,0.15863,0
0.0153176,-9.9975,7.475,8.83209e-05,0.213938,0.0207401,0.0044371,FGM,0.413341,0.15863,0.424643,0.413341,0.381943,0.15863,0
0.0270927,-9.99489,7.475,0.000476461,0.309038,0.0599803,0.0185362,FGM,0.419101,0.168097,0.41915,0.419101,0.381943,0.168097,0
0.0315639,-9.99132,7.475,0.00135005,0.404138,0.117859,0.0476312,FGM,0.419101,0.168097,0.41915,0.419101,0.381943,0.168097,0
0.03387,-9.99132,7.475,0.00135005,0.404138,0.117859,0.0476312,FGM,0.419101,0.168097,0.41915,0.419101,0.381943,0.168097,0
0.0411844,-9.98681,7.47501,0.00243909,0.499238,0.0968957,0.048374,FGM,0.419101,0.168097,0.41915,0.419101,0.381943,0.168097,0
0.0450227,-9.98681,7.47501,0.00243909,0.499238,0.0968957,0.048374,FGM,0.419101,0.168097,0.41915,0.419101,0.381943,0.168097,0
0.0544069,-9.98134,7.47507,0.00354794,0.594338,0.0605787,0.0360043,FGM,0.419101,0.168097,0.41915,0.419101,0.381943,0.168097,0
0.055617,-9.98134,7.47507,0.00354794,0.594338,0.0605787,0.0360043,FGM,0.419101,0.168097,0.41915,0.419101,0.381943,0.168097,0
0.0631065,-9.97494,7.47526,0.00459521,0.68538,0.106375,0.0729073,FGM,0.419101,0.168097,0.41915,0.419101,0.381943,0.168097,0
0.0659445,-9.97494,7.47526,0.00459521,0.68538,0.106375,0.0729073,FGM,0.419101,0.168097,0.41915,0.419101,0.381943,0.168097,0
0.0724275,-9.96766,7.47552,0.00586743,0.772093,0.152319,0.117605,FGM,0.423681,0.210096,0.421308,0.423681,0.381943,0.210096,0
0.0761561,-9.96766,7.47552,0.00586743,0.772093,0.152319,0.117605,FGM,0.423681,0.210096,0.421308,0.423681,0.381943,0.210096,0
0.0826722,-9.95953,7.47585,0.00755579,0.854683,0.170519,0.14574,FGM,0.423681,0.210096,0.421308,0.423681,0.381943,0.210096,0
0.0893047,-9.95953,7.47585,0.00755579,0.854683,0.170519,0.14574,FGM,0.423681,0.210096,0.421308,0.423681,0.381943,0.210096,0
0.0942304,-9.9506,7.47623,0.00934521,0.932779,0.199055,0.185674,FGM,0.423681,0.210096,0.421308,0.423681,0.381943,0.210096,0
0.100483,-9.94092,7.47668,0.0114619,1.00716,0.211082,0.212593,FGM,0.423681,0.210096,0.421308,0.423681,0.381943,0.210096,0
0.10463,-9.94092,7.47668,0.0114619,1.00716,0.211082,0.212593,FGM,0.423681,0.210096,0.421308,0.423681,0.381943,0.210096,0
0.111377,-9.9305,7.47716,0.0134479,1.07801,0.179852,0.193882,FGM,0.423681,0.210096,0.421308,0.423681,0.381943,0.210096,0
0.115872,-9.9305,7.47716,0.0134479,1.07801,0.179852,0.193882,FGM,0.423681,0.210096,0.421308,0.423681,0.381943,0.210096,0
0.123474,-9.91939,7.47763,0.0151639,1.14548,0.178303,0.204244,FGM,0.423892,0.248506,0.415012,0.423892,0.381943,0.248506,0
0.131455,-9.90763,7.47813,0.0169773,1.20975,0.172224,0.208348,FGM,0.423892,0.248506,0.415012,0.423892,0.381943,0.248506,0
0.136076,-9.90763,7.47813,0.0169773,1.20975,0.172224,0.208348,FGM,0.423892,0.248506,0.415012,0.423892,0.381943,0.248506,0
0.142248,-9.89522,7.47865,0.0186728,1.27398,0.180074,0.22941,FGM,0.423892,0.248506,0.415012,0.423892,0.381943,0.248506,0
0.158411,-9.88219,7.47921,0.020534,1.33515,0.179335,0.239438,FGM,0.423892,0.248506,0.415012,0.423892,0.381943,0.248506,0
0.162126,-9.86856,7.4798,0.0223111,1.39341,0.189267,0.263727,FGM,0.423892,0.248506,0.415012,0.423892,0.381943,0.248506,0
0.166656,-9.86856,7.4798,0.0223111,1.39341,0.189267,0.263727,FGM,0.423892,0.248506,0.415012,0.423892,0.381943,0.248506,0
0.175396,-9.85436,7.48043,0.0242742,1.4489,0.190053,0.275368,FGM,0.428068,0.286071,0.417596,0.428068,0.381943,0.286071,0
0.185281,-9.83962,7.4811,0.0261593,1.50175,0.200351,0.300878,FGM,0.428068,0.286071,0.417596,0.428068,0.381943,0.286071,0
0.193141,-9.82437,7.48183,0.0282372,1.55209,0.201566,0.312848,FGM,0.428068,0.286071,0.417596,0.428068,0.381943,0.286071,0
0.200276,-9.80861,7.48259,0.0302345,1.60259,0.211418,0.338817,FGM,0.428068,0.286071,0.417596,0.428068,0.381943,0.286071,0
0.204607,-9.80861,7.48259,0.0302345,1.60259,0.211418,0.338817,FGM,0.428068,0.286071,0.417596,0.428068,0.381943,0.286071,0
0.220617,-9.79237,7.48341,0.0324243,1.6507,0.212769,0.351216,FGM,0.428068,0.286071,0.417596,0.428068,0.381943,0.286071,0
0.232863,-9.77565,7.48428,0.0345323,1.69651,0.222575,0.377601,FGM,0.425803,0.311206,0.429152,0.425803,0.381943,0.311206,0
0.239592,-9.7585,7.48521,0.036835,1.74015,0.223887,0.389595,FGM,0.425803,0.311206,0.429152,0.425803,0.381943,0.311206,0
0.248939,-9.74091,7.48619,0.039051,1.78171,0.233316,0.415701,FGM,0.425803,0.311206,0.429152,0.425803,0.381943,0.311206,0
0.254458,-9.72292,7.48723,0.0414595,1.82292,0.234216,0.426958,FGM,0.425803,0.311206,0.429152,0.425803,0.381943,0.311206,0
0.261875,-9.70453,7.48833,0.0437754,1.86218,0.243131,0.452752,FGM,0.425803,0.311206,0.429152,0.425803,0.381943,0.311206,0
0.265774,-9.70453,7.48833,0.0437754,1.86218,0.243131,0.452752,FGM,0.425803,0.311206,0.429152,0.425803,0.381943,0.311206,0
0.272649,-9.68576,7.48949,0.0462836,1.89956,0.244032,0.463554,FGM,0.467368,0.348174,0.434967,0.467368,0.381943,0.348174,0
0.281866,-9.66662,7.49071,0.0486951,1.93517,0.25266,0.488941,FGM,0.467368,0.348174,0.434967,0.467368,0.381943,0.348174,0
0.285945,-9.66662,7.49071,0.0486951,1.93517,0.25266,0.488941,FGM,0.467368,0.348174,0.434967,0.467368,0.381943,0.348174,0
0.292417,-9.64712,7.49201,0.0512929,1.97373,0.252656,0.498673,FGM,0.467368,0.348174,0.434967,0.467368,0.381943,0.348174,0
0.296212,-9.64712,7.49201,0.0512929,1.97373,0.252656,0.498673,FGM,0.467368,0.348174,0.434967,0.467368,0.381943,0.348174,0
0.302167,-9.62725,7.49337,0.0537873,2.01044,0.260582,0.523885,FGM,0.467368,0.348174,0.434967,0.467368,0.381943,0.348174,0
0.305587,-9.62725,7.49337,0.0537873,2.01044,0.260582,0.523885,FGM,0.467368,0.348174,0.434967,0.467368,0.381943,0.348174,0
0.314071,-9.60702,7.4948,0.0564692,2.04542,0.261221,0.534306,FGM,0.467368,0.348174,0.434967,0.467368,0.381943,0.348174,0
0.321257,-9.58645,7.4963,0.0590489,2.07873,0.26925,0.559698,FGM,0.473733,0.360586,0.434551,0.473733,0.381943,0.360586,0
0.325688,-9.58645,7.4963,0.0590489,2.07873,0.26925,0.559698,FGM,0.473733,0.360586,0.434551,0.473733,0.381943,0.360586,0
0.332047,-9.56556,7.49788,0.0618186,2.11045,0.269857,0.569519,FGM,0.473733,0.360586,0.434551,0.473733,0.381943,0.360586,0
0.335575,-9.56556,7.49788,0.0618186,2.11045,0.269857,0.569519,FGM,0.473733,0.360586,0.434551,0.473733,0.381943,0.360586,0
0.345426,-9.54435,7.49953,0.064479,2.14438,0.276785,0.593533,FGM,0.473733,0.360586,0.434551,0.473733,0.381943,0.360586,0
0.346733,-9.54435,7.49953,0.064479,2.14438,0.276785,0.593533,FGM,0.473733,0.360586,0.434551,0.473733,0.381943,0.360586,0
0.353743,-9.52282,7.50126,0.0673216,2.1767,0.277016,0.60298,FGM,0.473733,0.360586,0.434551,0.473733,0.381943,0.360586,0
0.360034,-9.50097,7.50307,0.0700553,2.20748,0.28444,0.627895,FGM,0.473733,0.360586,0.434551,0.473733,0.381943,0.360586,0
0.363865,-9.50097,7.50307,0.0700553,2.20748,0.28444,0.627895,FGM,0.473733,0.360586,0.434551,0.473733,0.381943,0.360586,0
0.370469,-9.47883,7.50496,0.0729767,2.23679,0.284861,0.637175,FGM,0.473733,0.360586,0.434551,0.473733,0.381943,0.360586,0
0.377431,-9.47883,7.50496,0.0729767,2.23679,0.284861,0.637175,FGM,0.473462,0.407037,0.429594,0.473462,0.381943,0.407037,0
0.383116,-9.45641,7.50693,0.0757876,2.26472,0.292212,0.661777,FGM,0.473462,0.407037,0.429594,0.473462,0.381943,0.407037,0
0.389325,-9.43372,7.50899,0.0787871,2.29131,0.292505,0.670221,FGM,0.473462,0.407037,0.429594,0.473462,0.381943,0.407037,0
0.39285,-9.43372,7.50899,0.0787871,2.29131,0.292505,0.670221,FGM,0.473462,0.407037,0.429594,0.473462,0.381943,0.407037,0
0.39908,-9.41074,7.5111,0.0814061,2.32423,0.222058,0.516113,FGM,0.473462,0.407037,0.429594,0.473462,0.381943,0.407037,0
0.408061,-9.41074,7.5111,0.0814061,2.32423,0.222058,0.516113,FGM,0.473462,0.407037,0.429594,0.473462,0.381943,0.407037,0
0.410272,-9.38744,7.51323,0.0833416,2.35558,0.18308,0.431261,FGM,0.473462,0.407037,0.429594,0.473462,0.381943,0.407037,0
0.414031,-9.38744,7.51323,0.0833416,2.35558,0.18308,0.431261,FGM,0.473462,0.407037,0.429594,0.473462,0.381943,0.407037,0
0.420749,-9.36384,7.51541,0.0850864,2.38545,0.153124,0.36527,FGM,0.471805,0.427603,0.430042,0.471805,0.381943,0.427603,0
0.424262,-9.36384,7.51541,0.0850864,2.38545,0.153124,0.36527,FGM,0.471805,0.427603,0.430042,0.471805,0.381943,0.427603,0
0.432479,-9.33994,7.51761,0.0864683,2.41389,0.1395,0.336736,FGM,0.471805,0.427603,0.430042,0.471805,0.381943,0.427603,0
0.440606,-9.33994,7.51761,0.0864683,2.41389,0.1395,0.336736,FGM,0.471805,0.427603,0.430042,0.471805,0.381943,0.427603,0
0.444266,-9.31573,7.51987,0.0878604,2.44823,0.125316,0.306803,FGM,0.471805,0.427603,0.430042,0.471805,0.381943,0.427603,0
0.45324,-9.2912,7.52216,0.089019,2.48094,0.121549,0.301555,FGM,0.471805,0.427603,0.430042,0.471805,0.381943,0.427603,0
0.459541,-9.26634,7.52452,0.0902705,2.51209,0.11438,0.287334,FGM,0.471805,0.427603,0.430042,0.471805,0.381943,0.427603,0
0.463499,-9.26634,7.52452,0.0902705,2.51209,0.11438,0.287334,FGM,0.471805,0.427603,0.430042,0.471805,0.381943,0.427603,0
0.472908,-9.24119,7.52691,0.0913429,2.54176,0.115116,0.292598,FGM,0.471805,0.427603,0.430042,0.471805,0.381943,0.427603,0
0.477694,-9.24119,7.52691,0.0913429,2.54176,0.115116,0.292598,FGM,0.404461,0.255863,0.426935,0.404461,0.381943,0.255863,0
0.481698,-9.21574,7.52936,0.0925469,2.57003,0.110898,0.285011,FGM,0.404461,0.255863,0.426935,0.404461,0.381943,0.255863,0
0.485846,-9.21574,7.52936,0.0925469,2.57003,0.110898,0.285011,FGM,0.404461,0.255863,0.426935,0.404461,0.381943,0.255863,0
0.494988,-9.19,7.53185,0.0935917,2.60348,0.112728,0.293487,FGM,0.404461,0.255863,0.426935,0.404461,0.381943,0.255863,0
0.507573,-9.16393,7.53441,0.0947761,2.63535,0.109578,0.288775,FGM,0.404461,0.255863,0.426935,0.404461,0.381943,0.255863,0
0.514718,-9.13755,7.53699,0.0955492,2.6657,0.0350978,0.0935604,FGM,0.404461,0.255863,0.426935,0.404461,0.381943,0.255863,0
0.522617,-9.11087,7.53955,0.0955813,2.69461,-0.0106009,-0.0285653,FGM,0.289747,0.265925,0.439963,0.289747,0.381943,0.265925,0
0.52874,-9.08391,7.54212,0.0953588,2.72214,-0.0467005,-0.127125,FGM,0.289747,0.265925,0.439963,0.289747,0.381943,0.265925,0
0.538155,-9.08391,7.54212,0.0953588,2.72214,-0.0467005,-0.127125,FGM,0.289747,0.265925,0.439963,0.289747,0.381943,0.265925,0
0.544264,-9.05666,7.54466,0.0947137,2.75234,-0.0661338,-0.182022,FGM,0.289747,0.265925,0.439963,0.289747,0.381943,0.265925,0
0.545574,-9.05666,7.54466,0.0947137,2.75234,-0.0661338,-0.182022,FGM,0.289747,0.265925,0.439963,0.289747,0.381943,0.265925,0
0.553619,-9.02911,7.54722,0.0940301,2.78109,-0.0844847,-0.23496,FGM,0.289747,0.265925,0.439963,0.289747,0.381943,0.265925,0
0.560107,-9.00127,7.54976,0.0930661,2.80848,-0.0926716,-0.260266,FGM,0.289747,0.265925,0.439963,0.289747,0.381943,0.265925,0
0.574636,-8.97317,7.55231,0.0921589,2.83457,-0.103351,-0.292957,FGM,0.380886,0.349857,0.456873,0.380886,0.381943,0.349857,0
0.582246,-8.94482,7.55485,0.0910333,2.85941,-0.106299,-0.303953,FGM,0.380886,0.349857,0.456873,0.380886,0.381943,0.349857,0
0.590589,-8.91622,7.55738,0.0900099,2.88308,-0.11337,-0.326855,FGM,0.380886,0.349857,0.456873,0.380886,0.381943,0.349857,0
0.602809,-8.91622,7.55738,0.0900099,2.88308,-0.11337,-0.326855,FGM,0.380886,0.349857,0.456873,0.380886,0.381943,0.349857,0
0.611334,-8.88736,7.5599,0.0888011,2.90998,-0.113273,-0.329623,FGM,0.380886,0.349857,0.456873,0.380886,0.381943,0.349857,0
0.621869,-8.85824,7.56242,0.0877188,2.9356,-0.118174,-0.346911,FGM,0.309886,0.336959,0.467197,0.309886,0.381943,0.336959,0
0.633976,-8.82887,7.56491,0.0864649,2.96,-0.117347,-0.347348,FGM,0.309886,0.336959,0.467197,0.309886,0.381943,0.336959,0
0.636716,-8.82887,7.56491,0.0864649,2.96,-0.117347,-0.347348,FGM,0.309886,0.336959,0.467197,0.309886,0.381943,0.336959,0
0.647685,-8.79926,7.56744,0.0856228,2.98312,-0.0402888,-0.120186,FGM,0.309886,0.336959,0.467197,0.309886,0.381943,0.336959,0
0.656553,-8.76943,7.57002,0.0855598,3.00514,0.00917983,0.0275867,FGM,0.309886,0.336959,0.467197,0.309886,0.381943,0.336959,0
0.668268,-8.73939,7.57265,0.0857823,3.02612,0.0485277,0.14685,FGM,0.309886,0.336959,0.467197,0.309886,0.381943,0.336959,0
0.676635,-8.70915,7.57533,0.0864681,3.04609,0.0715737,0.21802,FGM,0.527414,0.461332,0.500906,0.527414,0.381943,0.461332,0
0.684364,-8.67871,7.57804,0.0872156,3.06512,0.0924011,0.28322,FGM,0.527414,0.461332,0.500906,0.527414,0.381943,0.461332,0
0.69815,-8.6481,7.58082,0.0882721,3.08324,0.102476,0.315959,FGM,0.527414,0.461332,0.500906,0.527414,0.381943,0.461332,0
0.700443,-8.6481,7.58082,0.0882721,3.08324,0.102476,0.315959,FGM,0.527414,0.461332,0.500906,0.527414,0.381943,0.461332,0
0.707548,-8.6173,7.58362,0.0892792,3.10177,0.11402,0.353665,FGM,0.527414,0.461332,0.500906,0.527414,0.381943,0.461332,0
0.715,-8.58633,7.58649,0.0905179,3.11941,0.117665,0.367045,FGM,0.527414,0.461332,0.500906,0.527414,0.381943,0.461332,0
0.722874,-8.55518,7.58939,0.0916534,3.13622,0.124899,0.391712,FGM,0.00813057,0.222375,0.478784,0.00813057,0.511691,0.222375,0
0.732498,-8.52388,7.59235,0.0929856,3.15222,0.125543,0.39574,FGM,0.00813057,0.222375,0.478784,0.00813057,0.511691,0.222375,0
0.73651,-8.52388,7.59235,0.0929856,3.15222,0.125543,0.39574,FGM,0.00813057,0.222375,0.478784,0.00813057,0.511691,0.222375,0
0.744247,-8.4924,7.59535,0.094185,3.17294,0.1297,0.41153,FGM,0.00813057,0.222375,0.478784,0.00813057,0.511691,0.222375,0
0.753335,-8.46072,7.59841,0.0955537,3.19267,0.128452,0.410105,FGM,0.00813057,0.222375,0.478784,0.00813057,0.511691,0.222375,0
0.76654,-8.42884,7.6015,0.0964944,3.21146,0.0484545,0.15561,FGM,0.00813057,0.222375,0.478784,0.00813057,0.511691,0.222375,0
0.773953,-8.39679,7.60455,0.0966202,3.22936,-0.00448652,-0.0144886,FGM,0,0.167626,0.485352,0,0.511691,0.167626,0
0.781164,-8.36455,7.60761,0.0964309,3.24641,-0.0468269,-0.152019,FGM,0,0.167626,0.485352,0,0.511691,0.167626,0
0.794803,-8.36455,7.60761,0.0964309,3.24641,-0.0468269,-0.152019,FGM,0,0.167626,0.485352,0,0.511691,0.167626,0
0.796566,-8.3321,7.61065,0.0957552,3.27137,-0.0716353,-0.234345,FGM,0,0.167626,0.485352,0,0.511691,0.167626,0
0.805329,-8.29941,7.6137,0.0949994,3.29514,-0.0936162,-0.308478,FGM,0,0.167626,0.485352,0,0.511691,0.167626,0
0.815551,-8.26649,7.61673,0.0939248,3.31778,-0.105196,-0.349016,FGM,0,0.167626,0.485352,0,0.511691,0.167626,0
0.82871,-8.23334,7.61976,0.0928842,3.33935,-0.117706,-0.39306,FGM,0.539823,0.500183,0.503306,0.539823,0.511691,0.500183,0
0.831859,-8.19998,7.62277,0.0916037,3.35989,-0.122519,-0.411649,FGM,0.539823,0.500183,0.503306,0.539823,0.511691,0.500183,0
0.837203,-8.19998,7.62277,0.0916037,3.35989,-0.122519,-0.411649,FGM,0.539823,0.500183,0.503306,0.539823,0.511691,0.500183,0
0.852575,-8.16641,7.62579,0.0904172,3.38161,-0.129835,-0.43905,FGM,0.539823,0.500183,0.503306,0.539823,0.511691,0.500183,0
0.868122,-8.13262,7.62877,0.0890346,3.4023,-0.131043,-0.445849,FGM,0.539823,0.500183,0.503306,0.539823,0.511691,0.500183,0
0.87872,-8.09863,7.63177,0.0880607,3.42201,-0.052239,-0.178762,FGM,0.612488,0.540653,0.505821,0.612488,0.511691,0.540653,0
0.887654,-8.06445,7.63483,0.087899,3.44078,0.0013808,0.00475104,FGM,0.612488,0.540653,0.505821,0.612488,0.511691,0.540653,0
0.898669,-8.0301,7.63793,0.0880625,3.45865,0.0447742,0.154858,FGM,0.612488,0.540653,0.505821,0.612488,0.511691,0.540653,0
0.904112,-7.99557,7.64108,0.0887346,3.47538,0.0722903,0.251237,FGM,0.612488,0.540653,0.505821,0.612488,0.511691,0.540653,0
0.911533,-7.96088,7.64426,0.0895055,3.49132,0.0964738,0.336821,FGM,0.612488,0.540653,0.505821,0.612488,0.511691,0.540653,0
0.924118,-7.96088,7.64426,0.0895055,3.49132,0.0964738,0.336821,FGM,0.612488,0.540653,0.505821,0.612488,0.511691,0.540653,0
0.934309,-7.89106,7.65076,0.0917119,3.52095,0.123671,0.435439,FGM,0,0.237351,0.502077,0,0.511691,0.237351,0
0.941696,-7.85594,7.65408,0.0930598,3.53471,0.129488,0.457701,FGM,0,0.237351,0.502077,0,0.511691,0.237351,0
0.946191,-7.85594,7.65408,0.0930598,3.53471,0.129488,0.457701,FGM,0,0.237351,0.502077,0,0.511691,0.237351,0
0.955579,-7.82065,7.65744,0.0943145,3.55407,0.136679,0.485767,FGM,0,0.237351,0.502077,0,0.511691,0.237351,0
0.961495,-7.78518,7.66087,0.0957665,3.57251,0.137919,0.492717,FGM,0,0.237351,0.502077,0,0.511691,0.237351,0
0.96539,-7.78518,7.66087,0.0957665,3.57251,0.137919,0.492717,FGM,0,0.237351,0.502077,0,0.511691,0.237351,0
0.972143,-7.74954,7.66431,0.0968037,3.59007,0.0577386,0.207286,FGM,0,0.237351,0.502077,0,0.511691,0.237351,0
0.976186,-7.74954,7.66431,0.0968037,3.59007,0.0577386,0.207286,FGM,0.476787,0.513407,0.522696,0.476787,0.511691,0.513407,0
0.987605,-7.71371,7.66773,0.0970102,3.6068,0.00220421,0.00795015,FGM,0.476787,0.513407,0.522696,0.476787,0.511691,0.513407,0
0.996254,-7.67768,7.67115,0.0968783,3.63312,-0.0414692,-0.150663,FGM,0.476787,0.513407,0.522696,0.476787,0.511691,0.513407,0
1.00332,-7.64138,7.67457,0.0962374,3.6582,-0.0700307,-0.256186,FGM,0.476787,0.513407,0.522696,0.476787,0.511691,0.513407,0
1.01046,-7.60484,7.67801,0.0957641,3.68208,-0.0120555,-0.0443892,FGM,0.476787,0.513407,0.522696,0.476787,0.511691,0.513407,0
1.02059,-7.60484,7.67801,0.0957641,3.68208,-0.0120555,-0.0443892,FGM,0.476787,0.513407,0.522696,0.476787,0.511691,0.513407,0
1.02719,-7.56808,7.68154,0.0959308,3.70482,0.0281074,0.104133,FGM,0.476787,0.513407,0.522696,0.476787,0.511691,0.513407,0
1.02728,-7.56808,7.68154,0.0959308,3.70482,0.0281074,0.104133,FGM,0.552377,0.573884,0.53946,0.552377,0.511691,0.573884,0
1.03296,-7.53109,7.6851,0.096314,3.72649,0.0623337,0.232286,FGM,0.552377,0.573884,0.53946,0.552377,0.511691,0.573884,0
1.03973,-7.4939,7.68874,0.0971304,3.74712,0.0843336,0.316008,FGM,0.552377,0.573884,0.53946,0.552377,0.511691,0.573884,0
1.05118,-7.4939,7.68874,0.0971304,3.74712,0.0843336,0.316008,FGM,0.552377,0.573884,0.53946,0.552377,0.511691,0.573884,0
1.05215,-7.45648,7.69243,0.0979989,3.77249,0.103591,0.390798,FGM,0.552377,0.573884,0.53946,0.552377,0.511691,0.573884,0
1.06122,-7.41882,7.69618,0.0991682,3.79666,0.114461,0.434569,FGM,0.552377,0.573884,0.53946,0.552377,0.511691,0.573884,0
1.06696,-7.41882,7.69618,0.0991682,3.79666,0.114461,0.434569,FGM,0.552377,0.573884,0.53946,0.552377,0.511691,0.573884,0
1.08231,-7.38093,7.69999,0.100299,3.81968,0.126391,0.482771,FGM,0,0.200771,0.565296,0,0.511691,0.200771,0
1.08711,-7.34282,7.70387,0.101668,3.8416,0.131717,0.506006,FGM,0,0.200771,0.565296,0,0.511691,0.200771,0
1.09002,-7.3045,7.7078,0.102948,3.86248,0.13949,0.538778,FGM,0,0.200771,0.565296,0,0.511691,0.200771,0
1.09621,-7.3045,7.7078,0.102948,3.86248,0.13949,0.538778,FGM,0,0.200771,0.565296,0,0.511691,0.200771,0
1.10227,-7.26596,7.7118,0.104425,3.88804,0.140521,0.54635,FGM,0,0.200771,0.565296,0,0.511691,0.200771,0
1.11498,-7.22717,7.71587,0.105777,3.91239,0.145038,0.567445,FGM,0,0.200771,0.565296,0,0.511691,0.200771,0
1.11507,-7.22717,7.71587,0.105777,3.91239,0.145038,0.567445,FGM,0,0.200771,0.565296,0,0.511691,0.200771,0
1.12302,-7.18815,7.72001,0.107304,3.93557,0.145033,0.570789,FGM,0,0.200771,0.565296,0,0.511691,0.200771,0
1.12951,-7.18815,7.72001,0.107304,3.93557,0.145033,0.570789,FGM,0,0.200771,0.565296,0,0.511691,0.200771,0
1.13544,-7.14891,7.7242,0.108412,3.95766,0.0647339,0.256195,FGM,0.446538,0.55668,0.58435,0.446538,0.511691,0.55668,0
1.14773,-7.10944,7.72837,0.10868,3.97869,0.00705851,0.0280836,FGM,0.446538,0.55668,0.58435,0.446538,0.511691,0.55668,0
1.14784,-7.10944,7.72837,0.10868,3.97869,0.00705851,0.0280836,FGM,0.446538,0.55668,0.58435,0.446538,0.511691,0.55668,0
1.15553,-7.06978,7.73256,0.108581,3.99872,-0.0403407,-0.161311,FGM,0.446538,0.55668,0.58435,0.446538,0.511691,0.55668,0
1.1614,-7.02991,7.73673,0.10793,4.0178,-0.0725166,-0.291358,FGM,0.446538,0.55668,0.58435,0.446538,0.511691,0.55668,0
1.16703,-7.02991,7.73673,0.10793,4.0178,-0.0725166,-0.291358,FGM,0.446538,0.55668,0.58435,0.446538,0.511691,0.55668,0
1.18165,-6.98986,7.74092,0.107138,4.03598,-0.100266,-0.404673,FGM,0.243724,0.454613,0,0.243724,0.0674327,0.454613,0
1.18384,-6.94963,7.74509,0.105967,4.05329,-0.117363,-0.475707,FGM,0.243724,0.454613,0,0.243724,0.0674327,0.454613,0
1.1905,-6.90923,7.74929,0.10508,4.06977,-0.0471063,-0.191712,FGM,0.243724,0.454613,0,0.243724,0.0674327,0.454613,0
1.19525,-6.90923,7.74929,0.10508,4.06977,-0.0471063,-0.191712,FGM,0.243724,0.454613,0,0.243724,0.0674327,0.454613,0
1.20246,-6.86868,7.75356,0.104954,4.08547,0.00368924,0.0150723,FGM,0.243724,0.454613,0,0.243724,0.0674327,0.454613,0
1.21892,-6.82798,7.75787,0.105135,4.10043,0.0465539,0.190891,FGM,0.243724,0.454613,0,0.243724,0.0674327,0.454613,0
1.22953,-6.78714,7.76224,0.105833,4.11467,0.0758278,0.312007,FGM,0.243724,0.454613,0,0.243724,0.0674327,0.454613,0
1.23454,-6.74616,7.76663,0.10635,4.12824,0.0140842,0.0581429,FGM,0.257844,0.46534,0.0466003,0.257844,0.0674327,0.46534,0
1.24802,-6.70504,7.77098,0.10618,4.14116,-0.029988,-0.124185,FGM,0.257844,0.46534,0.0466003,0.257844,0.0674327,0.46534,0
1.24956,-6.66379,7.77532,0.105765,4.15347,-0.0675857,-0.280715,FGM,0.257844,0.46534,0.0466003,0.257844,0.0674327,0.46534,0
1.25507,-6.66379,7.77532,0.105765,4.15347,-0.0675857,-0.280715,FGM,0.257844,0.46534,0.0466003,0.257844,0.0674327,0.46534,0
1.25983,-6.62242,7.77963,0.104876,4.16519,-0.0927235,-0.386212,FGM,0.257844,0.46534,0.0466003,0.257844,0.0674327,0.46534,0
1.26501,-6.62242,7.77963,0.104876,4.16519,-0.0927235,-0.386212,FGM,0.257844,0.46534,0.0466003,0.257844,0.0674327,0.46534,0
1.2771,-6.58094,7.78393,0.103911,4.17636,-0.115547,-0.482564,FGM,0.257844,0.46534,0.0466003,0.257844,0.0674327,0.46534,0
1.28157,-6.53934,7.78819,0.102602,4.18699,-0.129196,-0.540944,FGM,0.470766,0.632116,0.157525,0.470766,0.0674327,0.632116,0
1.28656,-6.53934,7.78819,0.102602,4.18699,-0.129196,-0.540944,FGM,0.470766,0.632116,0.157525,0.470766,0.0674327,0.632116,0
1.29284,-6.49764,7.79244,0.101319,4.19712,-0.143137,-0.600762,FGM,0.470766,0.632116,0.157525,0.470766,0.0674327,0.632116,0
1.29921,-6.45583,7.79665,0.09977,4.20677,-0.149942,-0.630773,FGM,0.470766,0.632116,0.157525,0.470766,0.0674327,0.632116,0
1.30823,-6.45583,7.79665,0.09977,4.20677,-0.149942,-0.630773,FGM,0.470766,0.632116,0.157525,0.470766,0.0674327,0.632116,0
1.31121,-6.41392,7.80083,0.0983067,4.21596,-0.158646,-0.668844,FGM,0.470766,0.632116,0.157525,0.470766,0.0674327,0.632116,0
1.32139,-6.41392,7.80083,0.0983067,4.21596,-0.158646,-0.668844,FGM,0.470766,0.632116,0.157525,0.470766,0.0674327,0.632116,0
1.32595,-6.37192,7.80497,0.0966233,4.22471,-0.161459,-0.682117,FGM,0.437639,0.635147,0.0379546,0.437639,0.0674327,0.635147,0
1.33992,-6.32984,7.8091,0.0953664,4.23304,-0.0770784,-0.326276,FGM,0.437639,0.635147,0.0379546,0.437639,0.0674327,0.635147,0
1.34434,-6.28767,7.81328,0.0949995,4.24098,-0.0154439,-0.0654972,FGM,0.437639,0.635147,0.0379546,0.437639,0.0674327,0.635147,0
1.35206,-6.24543,7.81747,0.0950299,4.24854,0.0357503,0.151887,FGM,0.437639,0.635147,0.0379546,0.437639,0.0674327,0.635147,0
1.3584,-6.20312,7.8217,0.0956558,4.25575,0.0713079,0.303468,FGM,0.437639,0.635147,0.0379546,0.437639,0.0674327,0.635147,0
1.36941,-6.20312,7.8217,0.0956558,4.25575,0.0713079,0.303468,FGM,0.437639,0.635147,0.0379546,0.437639,0.0674327,0.635147,0
1.37165,-6.16074,7.82595,0.0964472,4.2626,0.102095,0.435189,FGM,0.437639,0.635147,0.0379546,0.437639,0.0674327,0.635147,0
1.38112,-6.16074,7.82595,0.0964472,4.2626,0.102095,0.435189,FGM,0.431006,0.645267,0,0.431006,0.0674327,0.645267,0
1.38508,-6.1183,7.83023,0.0976539,4.26914,0.121738,0.519718,FGM,0.431006,0.645267,0,0.431006,0.0674327,0.645267,0
1.39228,-6.07579,7.83453,0.098885,4.27536,0.140174,0.599294,FGM,0.431006,0.645267,0,0.431006,0.0674327,0.645267,0
1.40446,-6.03323,7.83888,0.100423,4.28129,0.15027,0.643347,FGM,0.431006,0.645267,0,0.431006,0.0674327,0.645267,0
1.40456,-6.03323,7.83888,0.100423,4.28129,0.15027,0.643347,FGM,0.431006,0.645267,0,0.431006,0.0674327,0.645267,0
1.4061,-6.03323,7.83888,0.100423,4.28129,0.15027,0.643347,FGM,0.431006,0.645267,0,0.431006,0.0674327,0.645267,0
1.41224,-5.99061,7.84326,0.101901,4.28693,0.161365,0.691762,FGM,0.431006,0.645267,0,0.431006,0.0674327,0.645267,0
1.41708,-5.99061,7.84326,0.101901,4.28693,0.161365,0.691762,FGM,0.431006,0.645267,0,0.431006,0.0674327,0.645267,0
1.42278,-5.94795,7.84769,0.103621,4.29231,0.165845,0.711859,FGM,0.430069,0.667513,0.0012754,0.430069,0.0674327,0.667513,0
1.43613,-5.90523,7.85216,0.105232,4.29743,0.172675,0.74206,FGM,0.430069,0.667513,0.0012754,0.430069,0.0674327,0.667513,0
1.44279,-5.86247,7.85669,0.10705,4.30231,0.173933,0.748314,FGM,0.430069,0.667513,0.0012754,0.430069,0.0674327,0.667513,0
1.45321,-5.81967,7.86126,0.108729,4.30695,0.178353,0.76816,FGM,0.430069,0.667513,0.0012754,0.430069,0.0674327,0.667513,0
1.46613,-5.77683,7.8659,0.110593,4.31138,0.177822,0.766657,FGM,0.430069,0.667513,0.0012754,0.430069,0.0674327,0.667513,0
1.47402,-5.73395,7.87058,0.112304,4.31559,0.180932,0.780828,FGM,0.42964,0.673619,0,0.42964,0.0674327,0.673619,0
1.48047,-5.69104,7.87534,0.11419,4.3196,0.179451,0.775157,FGM,0.42964,0.673619,0,0.42964,0.0674327,0.673619,0
1.4873,-5.69104,7.87534,0.11419,4.3196,0.179451,0.775157,FGM,0.42964,0.673619,0,0.42964,0.0674327,0.673619,0
1.50133,-5.64809,7.88015,0.115913,4.32343,0.181888,0.78638,FGM,0.42964,0.673619,0,0.42964,0.0674327,0.673619,0
1.50161,-5.60511,7.88504,0.117806,4.32707,0.179938,0.778605,FGM,0.42964,0.673619,0,0.42964,0.0674327,0.673619,0
1.5076,-5.60511,7.88504,0.117806,4.32707,0.179938,0.778605,FGM,0.42964,0.673619,0,0.42964,0.0674327,0.673619,0
1.51376,-5.56211,7.88998,0.119533,4.33054,0.182061,0.788423,FGM,0.42964,0.673619,0,0.42964,0.0674327,0.673619,0
1.52225,-5.51908,7.895,0.121426,4.33384,0.179908,0.779691,FGM,0.433483,0.689299,0,0.433483,0.0674327,0.689299,0
1.53659,-5.47602,7.90006,0.122839,4.33698,0.0895809,0.388511,FGM,0.433483,0.689299,0,0.433483,0.0674327,0.689299,0
1.54323,-5.43293,7.9051,0.123305,4.33998,0.0232566,0.100933,FGM,0.433483,0.689299,0,0.433483,0.0674327,0.689299,0
1.54968,-5.38981,7.91015,0.123335,4.34283,-0.0316681,-0.137529,FGM,0.433483,0.689299,0,0.433483,0.0674327,0.689299,0
1.55545,-5.38981,7.91015,0.123335,4.34283,-0.0316681,-0.137529,FGM,0.433483,0.689299,0,0.433483,0.0674327,0.689299,0
1.56707,-5.34666,7.91519,0.122733,4.34555,-0.0701348,-0.304775,FGM,0.433483,0.689299,0,0.433483,0.0674327,0.689299,0
1.57252,-5.30349,7.92023,0.121943,4.34814,-0.103209,-0.448769,FGM,0.433354,0.702537,0,0.433354,0.0674327,0.702537,0
1.58312,-5.26028,7.92526,0.120714,4.35061,-0.124594,-0.542058,FGM,0.433354,0.702537,0,0.433354,0.0674327,0.702537,0
1.58631,-5.26028,7.92526,0.120714,4.35061,-0.124594,-0.542058,FGM,0.433354,0.702537,0,0.433354,0.0674327,0.702537,0
1.59804,-5.21706,7.93028,0.119449,4.35296,-0.144364,-0.628412,FGM,0.433354,0.702537,0,0.433354,0.0674327,0.702537,0
1.60411,-5.1738,7.93528,0.117863,4.35519,-0.155428,-0.676918,FGM,0.433354,0.702537,0,0.433354,0.0674327,0.702537,0
1.61105,-5.13053,7.94026,0.116331,4.35732,-0.16723,-0.728677,FGM,0.433354,0.702537,0,0.433354,0.0674327,0.702537,0
1.61613,-5.13053,7.94026,0.116331,4.35732,-0.16723,-0.728677,FGM,0.433354,0.702537,0,0.433354,0.0674327,0.702537,0
1.6235,-5.08723,7.9452,0.114548,4.35935,-0.172172,-0.750558,FGM,0.418218,0.709352,0.286516,0.418218,0.493595,0.709352,0
1.63091,-5.0439,7.95012,0.112873,4.36129,-0.1793,-0.781979,FGM,0.418218,0.709352,0.286516,0.418218,0.493595,0.709352,0
1.6362,-5.0439,7.95012,0.112873,4.36129,-0.1793,-0.781979,FGM,0.418218,0.709352,0.286516,0.418218,0.493595,0.709352,0
1.64376,-5.00055,7.95499,0.110988,4.36313,-0.180695,-0.788394,FGM,0.418218,0.709352,0.286516,0.418218,0.493595,0.709352,0
1.65138,-4.95718,7.95983,0.109242,4.36488,-0.185155,-0.808178,FGM,0.418218,0.709352,0.286516,0.418218,0.493595,0.709352,0
1.6615,-4.91378,7.9646,0.107309,4.36655,-0.18456,-0.805888,FGM,0.418218,0.709352,0.286516,0.418218,0.493595,0.709352,0
1.66423,-4.91378,7.9646,0.107309,4.36655,-0.18456,-0.805888,FGM,0.418218,0.709352,0.286516,0.418218,0.493595,0.709352,0
1.67193,-4.87037,7.96934,0.105532,4.36814,-0.187554,-0.819263,FGM,0.418218,0.709352,0.286516,0.418218,0.493595,0.709352,0
1.67921,-4.82693,7.97402,0.10358,4.36966,-0.185894,-0.812291,FGM,0.409893,0.703663,0.287709,0.409893,0.493595,0.703663,0
1.68431,-4.82693,7.97402,0.10358,4.36966,-0.185894,-0.812291,FGM,0.409893,0.703663,0.287709,0.409893,0.493595,0.703663,0
1.69489,-4.78347,7.97865,0.101794,4.3711,-0.188129,-0.82233,FGM,0.409893,0.703663,0.287709,0.409893,0.493595,0.703663,0
1.70492,-4.74021,7.98318,0.0997498,4.32808,-0.19992,-0.865269,FGM,0.409893,0.703663,0.287709,0.409893,0.493595,0.703663,0
1.71515,-4.69734,7.98763,0.0977916,4.29324,-0.210932,-0.905584,FGM,0.409893,0.703663,0.287709,0.409893,0.493595,0.703663,0
1.72388,-4.65477,7.99196,0.0955787,4.26503,-0.212371,-0.90577,FGM,0.398523,0.708748,0.285975,0.398523,0.493595,0.708748,0
1.73161,-4.61244,7.99621,0.0935309,4.24219,-0.215783,-0.915392,FGM,0.398523,0.708748,0.285975,0.398523,0.493595,0.708748,0
1.73539,-4.61244,7.99621,0.0935309,4.24219,-0.215783,-0.915392,FGM,0.398523,0.708748,0.285975,0.398523,0.493595,0.708748,0
1.74234,-4.57032,8.00035,0.0912994,4.22369,-0.212188,-0.896217,FGM,0.398523,0.708748,0.285975,0.398523,0.493595,0.708748,0
1.75514,-4.52863,8.00439,0.0891703,4.15308,-0.235014,-0.976031,FGM,0.398523,0.708748,0.285975,0.398523,0.493595,0.708748,0
1.76068,-4.48757,8.00829,0.0866801,4.09591,-0.241336,-0.98849,FGM,0.398523,0.708748,0.285975,0.398523,0.493595,0.708748,0
1.7656,-4.48757,8.00829,0.0866801,4.09591,-0.241336,-0.98849,FGM,0.398523,0.708748,0.285975,0.398523,0.493595,0.708748,0
1.77297,-4.44702,8.01207,0.0843417,4.0496,-0.246639,-0.998789,FGM,0.390041,0.706155,0.28567,0.390041,0.493595,0.706155,0
1.77883,-4.40687,8.01572,0.0818028,4.01211,-0.241397,-0.968509,FGM,0.390041,0.706155,0.28567,0.390041,0.493595,0.706155,0
1.78955,-4.40687,8.01572,0.0818028,4.01211,-0.241397,-0.968509,FGM,0.390041,0.706155,0.28567,0.390041,0.493595,0.706155,0
1.79417,-4.36731,8.01925,0.0793977,3.93286,-0.261745,-1.02941,FGM,0.390041,0.706155,0.28567,0.390041,0.493595,0.706155,0
1.80133,-4.32844,8.02262,0.07666,3.86869,-0.263669,-1.02006,FGM,0.390041,0.706155,0.28567,0.390041,0.493595,0.706155,0
1.8083,-4.32844,8.02262,0.07666,3.86869,-0.263669,-1.02006,FGM,0.390041,0.706155,0.28567,0.390041,0.493595,0.706155,0
1.81954,-4.29015,8.02587,0.0741234,3.81672,-0.264538,-1.00967,FGM,0.390041,0.706155,0.28567,0.390041,0.493595,0.706155,0
1.82804,-4.25233,8.02898,0.0714301,3.77464,-0.25424,-0.959667,FGM,0.367108,0.685271,0.289649,0.367108,0.493595,0.685271,0
1.83637,-4.21487,8.03198,0.0690218,3.74056,-0.247332,-0.925161,FGM,0.367108,0.685271,0.289649,0.367108,0.493595,0.685271,0
1.84304,-4.17771,8.03486,0.0665258,3.71297,-0.23329,-0.866199,FGM,0.367108,0.685271,0.289649,0.367108,0.493595,0.685271,0
1.85316,-4.17771,8.03486,0.0665258,3.71297,-0.23329,-0.866199,FGM,0.367108,0.685271,0.289649,0.367108,0.493595,0.685271,0
1.85453,-4.14097,8.03763,0.0642544,3.65695,-0.24175,-0.884065,FGM,0.367108,0.685271,0.289649,0.367108,0.493595,0.685271,0
1.8611,-4.10472,8.04025,0.0617635,3.61158,-0.236,-0.852334,FGM,0.367108,0.685271,0.289649,0.367108,0.493595,0.685271,0
1.86616,-4.10472,8.04025,0.0617635,3.61158,-0.236,-0.852334,FGM,0.367108,0.685271,0.289649,0.367108,0.493595,0.685271,0
1.87267,-4.06888,8.04277,0.0595214,3.57484,-0.232364,-0.830663,FGM,0.354448,0.666724,0.311251,0.354448,0.493595,0.666724,0
1.88386,-4.03336,8.04517,0.0571643,3.54509,-0.2202,-0.780629,FGM,0.354448,0.666724,0.311251,0.354448,0.493595,0.666724,0
1.88987,-4.03336,8.04517,0.0571643,3.54509,-0.2202,-0.780629,FGM,0.354448,0.666724,0.311251,0.354448,0.493595,0.666724,0
1.89741,-3.99831,8.04746,0.0550017,3.4792,-0.233521,-0.812466,FGM,0.354448,0.666724,0.311251,0.354448,0.493595,0.666724,0
1.90429,-3.96385,8.04961,0.0525795,3.42585,-0.229706,-0.786938,FGM,0.354448,0.666724,0.311251,0.354448,0.493595,0.666724,0
1.91328,-3.92987,8.05166,0.0503966,3.38264,-0.227252,-0.76871,FGM,0.354448,0.666724,0.311251,0.354448,0.493595,0.666724,0
1.92316,-3.89628,8.05359,0.0480894,3.34765,-0.214906,-0.71943,FGM,0.354448,0.666724,0.311251,0.354448,0.493595,0.666724,0
1.92461,-3.89628,8.05359,0.0480894,3.34765,-0.214906,-0.71943,FGM,0.354448,0.666724,0.311251,0.354448,0.493595,0.666724,0
1.93275,-3.86299,8.05543,0.0460726,3.31931,-0.208026,-0.690503,FGM,0.345449,0.668544,0.340671,0.345449,0.493595,0.668544,0
1.94766,-3.82996,8.05717,0.0439682,3.29637,-0.194614,-0.641519,FGM,0.345449,0.668544,0.340671,0.345449,0.493595,0.668544,0
1.94781,-3.82996,8.05717,0.0439682,3.29637,-0.194614,-0.641519,FGM,0.345449,0.668544,0.340671,0.345449,0.493595,0.668544,0
1.9536,-3.79727,8.05881,0.042094,3.24914,-0.200428,-0.651219,FGM,0.345449,0.668544,0.340671,0.345449,0.493595,0.668544,0
1.96053,-3.76501,8.06035,0.0400244,3.21089,-0.193609,-0.621657,FGM,0.345449,0.668544,0.340671,0.345449,0.493595,0.668544,0
1.96515,-3.76501,8.06035,0.0400244,3.21089,-0.193609,-0.621657,FGM,0.345449,0.668544,0.340671,0.345449,0.493595,0.668544,0
1.98182,-3.73309,8.06181,0.0381988,3.17992,-0.191064,-0.607569,FGM,0.345449,0.668544,0.340671,0.345449,0.493595,0.668544,0
1.98523,-3.70144,8.06317,0.0362481,3.15483,-0.180496,-0.569435,FGM,0.341915,0.663644,0.371956,0.341915,0.493595,0.663644,0
1.99243,-3.67002,8.06446,0.0345574,3.13452,-0.176536,-0.553355,FGM,0.341915,0.663644,0.371956,0.341915,0.493595,0.663644,0
2.00018,-3.63891,8.06565,0.0327001,3.09347,-0.174536,-0.539923,FGM,0.341915,0.663644,0.371956,0.341915,0.493595,0.663644,0
2.01111,-3.63891,8.06565,0.0327001,3.09347,-0.174536,-0.539923,FGM,0.341915,0.663644,0.371956,0.341915,0.493595,0.663644,0
2.01243,-3.60816,8.06678,0.0310457,3.06023,-0.175849,-0.538138,FGM,0.341915,0.663644,0.371956,0.341915,0.493595,0.663644,0
2.01861,-3.60816,8.06678,0.0310457,3.06023,-0.175849,-0.538138,FGM,0.341915,0.663644,0.371956,0.341915,0.493595,0.663644,0
2.02291,-3.57771,8.06782,0.0292328,3.03331,-0.167832,-0.509087,FGM,0.324411,0.630459,0.364841,0.324411,0.493595,0.630459,0
2.02934,-3.5475,8.0688,0.0276578,3.01152,-0.166072,-0.500128,FGM,0.324411,0.630459,0.364841,0.324411,0.493595,0.630459,0
2.04117,-3.51749,8.0697,0.0259505,2.99386,-0.15732,-0.470994,FGM,0.324411,0.630459,0.364841,0.324411,0.493595,0.630459,0
2.04871,-3.51749,8.0697,0.0259505,2.99386,-0.15732,-0.470994,FGM,0.324411,0.630459,0.364841,0.324411,0.493595,0.630459,0
2.05533,-3.48774,8.07058,0.0248034,2.95901,-0.0585669,-0.1733,FGM,0.324411,0.630459,0.364841,0.324411,0.493595,0.630459,0
2.06118,-3.4583,8.07148,0.0246392,2.93078,0.00239975,0.00703316,FGM,0.324411,0.630459,0.364841,0.324411,0.493595,0.630459,0
2.06696,-3.4583,8.07148,0.0246392,2.93078,0.00239975,0.00703316,FGM,0.324411,0.630459,0.364841,0.324411,0.493595,0.630459,0
2.07564,-3.42912,8.07234,0.0244853,2.90793,-0.0487513,-0.141765,FGM,0.324411,0.630459,0.364841,0.324411,0.493595,0.630459,0
2.08093,-3.40014,8.07313,0.0237596,2.88942,-0.0759086,-0.219332,FGM,0.317476,0.621231,0.364844,0.317476,0.493595,0.621231,0
2.08697,-3.40014,8.07313,0.0237596,2.88942,-0.0759086,-0.219332,FGM,0.317476,0.621231,0.364844,0.317476,0.493595,0.621231,0
2.09408,-3.37133,8.07386,0.0229682,2.87443,-0.0991973,-0.285136,FGM,0.317476,0.621231,0.364844,0.317476,0.493595,0.621231,0
2.10713,-3.34275,8.07453,0.0218093,2.84444,-0.112067,-0.318768,FGM,0.317476,0.621231,0.364844,0.317476,0.493595,0.621231,0
2.10875,-3.34275,8.07453,0.0218093,2.84444,-0.112067,-0.318768,FGM,0.317476,0.621231,0.364844,0.317476,0.493595,0.621231,0
2.11491,-3.31443,8.07515,0.0207128,2.82016,-0.125362,-0.353541,FGM,0.317476,0.621231,0.364844,0.317476,0.493595,0.621231,0
2.12289,-3.28633,8.07571,0.0193582,2.8005,-0.126642,-0.354661,FRENET,0.484064,0.804666,0.484064,0.31449,0.804666,0.617876,0
2.13065,-3.25841,8.07624,0.0181522,2.78457,-0.132582,-0.369185,FRENET,0.484064,0.804666,0.484064,0.31449,0.804666,0.617876,0
2.14053,-3.25841,8.07624,0.0181522,2.78457,-0.132582,-0.369185,FRENET,0.484064,0.804666,0.484064,0.31449,0.804666,0.617876,0
2.14747,-3.23105,8.0767,0.0166373,2.68947,-0.144595,-0.388884,FRENET,0.484064,0.804666,0.484064,0.31449,0.804666,0.617876,0
2.15382,-3.20463,8.07713,0.0152278,2.59437,-0.160567,-0.41657,FRENET,0.484064,0.804666,0.484064,0.31449,0.804666,0.617876,0
2.16094,-3.17916,8.07748,0.0135012,2.49927,-0.159677,-0.399077,FRENET,0.484064,0.804666,0.484064,0.31449,0.804666,0.617876,0
2.17524,-3.15465,8.07784,0.012404,2.40417,-0.0447305,-0.10754,FRENET,0.484064,0.804666,0.484064,0.31449,0.804666,0.617876,0
2.17537,-3.15465,8.07784,0.012404,2.40417,-0.0447305,-0.10754,FRENET,0.484064,0.804666,0.484064,0.31449,0.804666,0.617876,0
2.18882,-3.13109,8.07825,0.0124051,2.30907,0.0147236,0.0339978,FRENET,0.484064,0.804666,0.484064,0.31449,0.804666,0.617876,0
2.19169,-3.10847,8.07865,0.0126788,2.21444,0.0608203,0.134683,FRENET,0.474644,0.804666,0.474644,0.300744,0.804666,0.592985,0
2.20538,-3.08672,8.07908,0.0134908,2.13781,0.0764105,0.163351,FRENET,0.474644,0.804666,0.474644,0.300744,0.804666,0.592985,0
2.20547,-3.08672,8.07908,0.0134908,2.13781,0.0764105,0.163351,FRENET,0.474644,0.804666,0.474644,0.300744,0.804666,0.592985,0
2.21493,-3.06565,8.07948,0.0142417,2.07575,0.0944761,0.196109,FRENET,0.474644,0.804666,0.474644,0.300744,0.804666,0.592985,0
2.22043,-3.04515,8.07991,0.0152922,2.0255,0.0938883,0.19017,FRENET,0.474644,0.804666,0.474644,0.300744,0.804666,0.592985,0
2.22532,-3.04515,8.07991,0.0152922,2.0255,0.0938883,0.19017,FRENET,0.473733,0.804666,0.473733,0.280509,0.804666,0.567162,0
2.23444,-3.0251,8.08033,0.0161699,1.9848,0.101659,0.201773,FRENET,0.473733,0.804666,0.473733,0.280509,0.804666,0.567162,0
2.24177,-3.00543,8.08076,0.017256,1.95184,0.0956756,0.186744,FRENET,0.473733,0.804666,0.473733,0.280509,0.804666,0.567162,0
2.24669,-3.00543,8.08076,0.017256,1.95184,0.0956756,0.186744,FRENET,0.473733,0.804666,0.473733,0.280509,0.804666,0.567162,0
2.25312,-2.98605,8.0812,0.0181389,1.92516,0.100173,0.192849,FRENET,0.473733,0.804666,0.473733,0.280509,0.804666,0.567162,0
2.26565,-2.96691,8.08166,0.0191989,1.90354,0.0929833,0.176998,FRENET,0.473733,0.804666,0.473733,0.280509,0.804666,0.567162,0
2.26612,-2.96691,8.08166,0.0191989,1.90354,0.0929833,0.176998,FRENET,0.473733,0.804666,0.473733,0.280509,0.804666,0.567162,0
2.27482,-2.94796,8.08211,0.0200548,1.88604,0.0968673,0.182696,FRENET,0.473402,0.804666,0.473402,0.268936,0.804666,0.549713,0
2.28164,-2.92918,8.0826,0.0210797,1.87187,0.0898669,0.168219,FRENET,0.473402,0.804666,0.473402,0.268936,0.804666,0.549713,0
2.28686,-2.92918,8.0826,0.0210797,1.87187,0.0898669,0.168219,FRENET,0.473402,0.804666,0.473402,0.268936,0.804666,0.549713,0
2.29534,-2.91053,8.08309,0.0219077,1.86039,0.0939534,0.17479,FRENET,0.473402,0.804666,0.473402,0.268936,0.804666,0.549713,0
2.30108,-2.89198,8.0836,0.0229042,1.8511,0.0874372,0.161855,FRENET,0.473402,0.804666,0.473402,0.268936,0.804666,0.549713,0
2.30532,-2.89198,8.0836,0.0229042,1.8511,0.0874372,0.161855,FRENET,0.473402,0.804666,0.473402,0.268936,0.804666,0.549713,0
2.31253,-2.87351,8.08412,0.0237111,1.84357,0.0918614,0.169353,FRENET,0.473402,0.804666,0.473402,0.268936,0.804666,0.549713,0
2.31827,-2.85511,8.08466,0.0246878,1.83748,0.0857737,0.157607,FRENET,0.473402,0.804666,0.473402,0.268936,0.804666,0.549713,0
2.32306,-2.85511,8.08466,0.0246878,1.83748,0.0857737,0.157607,FRENET,0.475363,0.804666,0.475363,0.28251,0.804666,0.565707,0
2.33138,-2.83677,8.08521,0.0254805,1.83254,0.0904752,0.1658,FRENET,0.475363,0.804666,0.475363,0.28251,0.804666,0.565707,0
2.33384,-2.83677,8.08521,0.0254805,1.83254,0.0904752,0.1658,FRENET,0.475363,0.804666,0.475363,0.28251,0.804666,0.565707,0
2.33999,-2.81847,8.08578,0.0264441,1.82855,0.0846939,0.154867,FRENET,0.475363,0.804666,0.475363,0.28251,0.804666,0.565707,0
2.34533,-2.81847,8.08578,0.0264441,1.82855,0.0846939,0.154867,FRENET,0.475363,0.804666,0.475363,0.28251,0.804666,0.565707,0
2.35123,-2.80021,8.08636,0.0272277,1.82531,0.0895863,0.163523,FRENET,0.475363,0.804666,0.475363,0.28251,0.804666,0.565707,0
2.35565,-2.80021,8.08636,0.0272277,1.82531,0.0895863,0.163523,FRENET,0.475363,0.804666,0.475363,0.28251,0.804666,0.565707,0
2.36851,-2.78198,8.08697,0.028183,1.82269,0.0840071,0.153119,FRENET,0.475363,0.804666,0.475363,0.28251,0.804666,0.565707,0
2.37253,-2.76378,8.08757,0.0289608,1.82057,0.0890225,0.162071,FRENET,0.47306,0.804666,0.47306,0.270259,0.804666,0.551787,0
2.37951,-2.74559,8.08821,0.0299108,1.81885,0.0835724,0.152006,FRENET,0.47306,0.804666,0.47306,0.270259,0.804666,0.551787,0
2.38503,-2.74559,8.08821,0.0299108,1.81885,0.0835724,0.152006,FRENET,0.47306,0.804666,0.47306,0.270259,0.804666,0.551787,0
2.39518,-2.72742,8.08885,0.030685,1.81746,0.088665,0.161145,FRENET,0.47306,0.804666,0.47306,0.270259,0.804666,0.551787,0
2.40052,-2.72742,8.08885,0.030685,1.81746,0.088665,0.161145,FRENET,0.47306,0.804666,0.47306,0.270259,0.804666,0.551787,0
2.4066,-2.70927,8.08952,0.0316316,1.81633,0.0832967,0.151294,FRENET,0.47306,0.804666,0.47306,0.270259,0.804666,0.551787,0
2.41449,-2.69112,8.09019,0.0324035,1.81542,0.0884374,0.160551,FRENET,0.47306,0.804666,0.47306,0.270259,0.804666,0.551787,0
2.42659,-2.67298,8.09091,0.0336365,1.81468,0.167686,0.304297,FRENET,0.47306,0.804666,0.47306,0.270259,0.804666,0.551787,0
2.42688,-2.67298,8.09091,0.0336365,1.81468,0.167686,0.304297,FRENET,0.472842,0.804666,0.472842,0.267961,0.804666,0.543514,0
2.4329,-2.65486,8.09173,0.0355981,1.81408,0.203027,0.368308,FRENET,0.472842,0.804666,0.472842,0.267961,0.804666,0.543514,0
2.43989,-2.63674,8.09261,0.0376912,1.81359,0.23058,0.418178,FRENET,0.472842,0.804666,0.472842,0.267961,0.804666,0.543514,0
2.44368,-2.63674,8.09261,0.0376912,1.81359,0.23058,0.418178,FRENET,0.472842,0.804666,0.472842,0.267961,0.804666,0.543514,0
2.45123,-2.61863,8.09356,0.0401255,1.8132,0.237682,0.430965,FRENET,0.472842,0.804666,0.472842,0.267961,0.804666,0.543514,0
2.45775,-2.61863,8.09356,0.0401255,1.8132,0.237682,0.430965,FRENET,0.472842,0.804666,0.472842,0.267961,0.804666,0.543514,0
2.46496,-2.60053,8.09455,0.0424797,1.81288,0.249767,0.452798,FRENET,0.472842,0.804666,0.472842,0.267961,0.804666,0.543514,0
2.4708,-2.58243,8.09561,0.0450588,1.81263,0.248378,0.450217,FRENET,0.472842,0.804666,0.472842,0.267961,0.804666,0.543514,0
2.47496,-2.58243,8.09561,0.0450588,1.81263,0.248378,0.450217,FRENET,0.47258,0.804666,0.47258,0.294943,0.804666,0.570952,0
2.48195,-2.56434,8.09672,0.0474942,1.81242,0.255777,0.463575,FRENET,0.47258,0.804666,0.47258,0.294943,0.804666,0.570952,0
2.48984,-2.56434,8.09672,0.0474942,1.81242,0.255777,0.463575,FRENET,0.47258,0.804666,0.47258,0.294943,0.804666,0.570952,0
2.4922,-2.54625,8.09788,0.0501191,1.81225,0.251793,0.456311,FRENET,0.47258,0.804666,0.47258,0.294943,0.804666,0.570952,0
2.49698,-2.54625,8.09788,0.0501191,1.81225,0.251793,0.456311,FRENET,0.47258,0.804666,0.47258,0.294943,0.804666,0.570952,0
2.50392,-2.52817,8.09909,0.0525806,1.81211,0.25774,0.467055,FRENET,0.47258,0.804666,0.47258,0.294943,0.804666,0.570952,0
2.51086,-2.5101,8.10035,0.0552207,1.812,0.252939,0.458327,FRENET,0.47258,0.804666,0.47258,0.294943,0.804666,0.570952,0
2.51575,-2.5101,8.10035,0.0552207,1.812,0.252939,0.458327,FRENET,0.47258,0.804666,0.47258,0.294943,0.804666,0.570952,0
2.52673,-2.49202,8.10165,0.0576904,1.81283,0.258235,0.468136,FRENET,0.47258,0.804666,0.47258,0.294943,0.804666,0.570952,0
2.53295,-2.47394,8.10301,0.0603336,1.81362,0.253185,0.459181,FRENET,0.472415,0.804666,0.472415,0.300287,0.804666,0.56773,0
2.53924,-2.45585,8.10438,0.0625193,1.81437,0.174492,0.316592,FRENET,0.472415,0.804666,0.472415,0.300287,0.804666,0.56773,0
2.54341,-2.45585,8.10438,0.0625193,1.81437,0.174492,0.316592,FRENET,0.472415,0.804666,0.472415,0.300287,0.804666,0.56773,0
2.55594,-2.43775,8.10572,0.0639809,1.81509,0.139298,0.252837,FRENET,0.472415,0.804666,0.472415,0.300287,0.804666,0.56773,0
2.56057,-2.41965,8.10707,0.065311,1.81577,0.111816,0.203032,FRENET,0.472415,0.804666,0.472415,0.300287,0.804666,0.56773,0
2.56534,-2.41965,8.10707,0.065311,1.81577,0.111816,0.203032,FRENET,0.472415,0.804666,0.472415,0.300287,0.804666,0.56773,0
2.57087,-2.40154,8.1084,0.0663007,1.81642,0.104633,0.190058,FRENET,0.472415,0.804666,0.472415,0.300287,0.804666,0.56773,0
2.57611,-2.40154,8.1084,0.0663007,1.81642,0.104633,0.190058,FRENET,0.472588,0.804666,0.472588,0.331472,0.804666,0.603314,0
2.58595,-2.38342,8.10975,0.0673692,1.81703,0.0925276,0.168126,FRENET,0.472588,0.804666,0.472588,0.331472,0.804666,0.603314,0
2.58728,-2.38342,8.10975,0.0673692,1.81703,0.0925276,0.168126,FRENET,0.472588,0.804666,0.472588,0.331472,0.804666,0.603314,0
2.59457,-2.3653,8.1111,0.0682128,1.81762,0.0938153,0.170521,FRENET,0.472588,0.804666,0.472588,0.331472,0.804666,0.603314,0
2.60218,-2.34717,8.11247,0.069199,1.81818,0.0864059,0.157102,FRENET,0.472588,0.804666,0.472588,0.331472,0.804666,0.603314,0
2.61142,-2.32904,8.11384,0.0699958,1.81872,0.0903111,0.16425,FRENET,0.472588,0.804666,0.472588,0.331472,0.804666,0.603314,0
2.6254,-2.3109,8.11523,0.0709551,1.81923,0.0843774,0.153502,FRENET,0.472588,0.804666,0.472588,0.331472,0.804666,0.603314,0
2.62943,-2.3109,8.11523,0.0709551,1.81923,0.0843774,0.153502,FRENET,0.28212,0.549404,0.28212,0.330571,0.549404,0.594222,0
2.63496,-2.29276,8.11662,0.0717361,1.81971,0.0891198,0.162172,FRENET,0.28212,0.549404,0.28212,0.330571,0.549404,0.594222,0
2.64062,-2.27461,8.11804,0.0726862,1.82017,0.083671,0.152296,FRENET,0.28212,0.549404,0.28212,0.330571,0.549404,0.594222,0
2.65004,-2.27461,8.11804,0.0726862,1.82017,0.083671,0.152296,FRENET,0.28212,0.549404,0.28212,0.330571,0.549404,0.594222,0
2.65431,-2.25621,8.11949,0.0734593,1.87254,0.0847205,0.158643,FRENET,0.28212,0.549404,0.28212,0.330571,0.549404,0.594222,0
2.65615,-2.25621,8.11949,0.0734593,1.87254,0.0847205,0.158643,FRENET,0.28212,0.549404,0.28212,0.330571,0.549404,0.594222,0
2.66294,-2.23729,8.121,0.0743531,1.92242,0.0808685,0.155463,FRENET,0.28212,0.549404,0.28212,0.330571,0.549404,0.594222,0
2.66831,-2.21789,8.12253,0.0748822,1.96993,0.0168192,0.0331326,FRENET,0.28212,0.549404,0.28212,0.330571,0.549404,0.594222,0
2.67293,-2.21789,8.12253,0.0748822,1.96993,0.0168192,0.0331326,FRENET,0.281632,0.549404,0.281632,0.351492,0.549404,0.617947,0
2.68324,-2.19802,8.12402,0.0745611,2.01518,-0.0862969,-0.173903,FRENET,0.281632,0.549404,0.281632,0.351492,0.549404,0.617947,0
2.68488,-2.19802,8.12402,0.0745611,2.01518,-0.0862969,-0.173903,FRENET,0.281632,0.549404,0.281632,0.351492,0.549404,0.617947,0
2.6914,-2.1777,8.12544,0.0733057,2.05827,-0.145946,-0.300397,FRENET,0.281632,0.549404,0.281632,0.351492,0.549404,0.617947,0
2.69604,-2.1777,8.12544,0.0733057,2.05827,-0.145946,-0.300397,FRENET,0.281632,0.549404,0.281632,0.351492,0.549404,0.617947,0
2.70211,-2.15696,8.12681,0.0716756,2.09932,-0.191092,-0.401163,FRENET,0.281632,0.549404,0.281632,0.351492,0.549404,0.617947,0
2.70629,-2.15696,8.12681,0.0716756,2.09932,-0.191092,-0.401163,FRENET,0.281632,0.549404,0.281632,0.351492,0.549404,0.617947,0
2.71367,-2.13581,8.12812,0.0695582,2.13841,-0.216324,-0.46259,FRENET,0.281632,0.549404,0.281632,0.351492,0.549404,0.617947,0
2.71997,-2.13581,8.12812,0.0695582,2.13841,-0.216324,-0.46259,FRENET,0.281632,0.549404,0.281632,0.351492,0.549404,0.617947,0
2.72446,-2.11428,8.12938,0.0673405,2.17565,-0.240283,-0.522771,FRENET,0.281632,0.549404,0.281632,0.351492,0.549404,0.617947,0
2.72977,-2.09238,8.13059,0.0648018,2.21112,-0.252185,-0.557611,FRENET,0.280923,0.549404,0.280923,0.351456,0.549404,0.607393,0
2.73506,-2.09238,8.13059,0.0648018,2.21112,-0.252185,-0.557611,FRENET,0.280923,0.549404,0.280923,0.351456,0.549404,0.607393,0
2.74584,-2.07013,8.13176,0.0622736,2.2449,-0.267416,-0.600321,FRENET,0.280923,0.549404,0.280923,0.351456,0.549404,0.607393,0
2.75223,-2.04755,8.13287,0.0594933,2.27707,-0.273534,-0.622856,FRENET,0.280923,0.549404,0.280923,0.351456,0.549404,0.607393,0
2.75961,-2.02465,8.13395,0.0567741,2.30771,-0.284744,-0.657107,FRENET,0.280923,0.549404,0.280923,0.351456,0.549404,0.607393,0
2.76501,-2.02465,8.13395,0.0567741,2.30771,-0.284744,-0.657107,FRENET,0.280923,0.549404,0.280923,0.351456,0.549404,0.607393,0
2.77193,-2.00145,8.13495,0.0538343,2.3369,-0.288071,-0.673194,FRENET,0.280923,0.549404,0.280923,0.351456,0.549404,0.607393,0
2.78425,-1.97792,8.13592,0.0509917,2.37214,-0.294899,-0.699543,FRENET,0.272327,0.549404,0.272327,0.220516,0.549404,1.12958,0
2.79199,-1.95405,8.13682,0.0479642,2.40571,-0.295997,-0.712082,FRENET,0.272327,0.549404,0.272327,0.220516,0.549404,1.12958,0
2.79841,-1.92985,8.1377,0.0452989,2.43768,-0.227399,-0.554326,FRENET,0.272327,0.549404,0.272327,0.220516,0.549404,1.12958,0
2.80338,-1.92985,8.1377,0.0452989,2.43768,-0.227399,-0.554326,FRENET,0.272327,0.549404,0.272327,0.220516,0.549404,1.12958,0
2.8121,-1.90534,8.1386,0.0433086,2.46813,-0.188572,-0.46542,FRENET,0.272327,0.549404,0.272327,0.220516,0.549404,1.12958,0
2.81623,-1.90534,8.1386,0.0433086,2.46813,-0.188572,-0.46542,FRENET,0.272327,0.549404,0.272327,0.220516,0.549404,1.12958,0
2.82275,-1.88053,8.13949,0.041509,2.49713,-0.15849,-0.395769,FRENET,0.272327,0.549404,0.272327,0.220516,0.549404,1.12958,0
2.82949,-1.85543,8.14038,0.0400763,2.52475,-0.144327,-0.364389,FRENET,0.272032,0.549404,0.272032,0,0.549404,1.26277,0
2.83373,-1.85543,8.14038,0.0400763,2.52475,-0.144327,-0.364389,FRENET,0.272032,0.549404,0.272032,0,0.549404,1.26277,0
2.84345,-1.83007,8.14125,0.0386324,2.55106,-0.130193,-0.332131,FRENET,0.272032,0.549404,0.272032,0,0.549404,1.26277,0
2.8499,-1.80445,8.14212,0.0374281,2.57612,-0.12637,-0.325545,FRENET,0.272032,0.549404,0.272032,0,0.549404,1.26277,0
2.85468,-1.80445,8.14212,0.0374281,2.57612,-0.12637,-0.325545,FRENET,0.272032,0.549404,0.272032,0,0.549404,1.26277,0
2.86147,-1.77858,8.14297,0.0361266,2.59999,-0.119009,-0.309422,FRENET,0.272032,0.549404,0.272032,0,0.549404,1.26277,0
2.86699,-1.77858,8.14297,0.0361266,2.59999,-0.119009,-0.309422,FRENET,0.272032,0.549404,0.272032,0,0.549404,1.26277,0
2.87565,-1.75248,8.14381,0.0350113,2.62272,-0.119606,-0.313692,FRENET,0.272032,0.549404,0.272032,0,0.549404,1.26277,0
2.88139,-1.72616,8.14462,0.033761,2.64437,-0.115167,-0.304543,FRENET,0.271807,0.549404,0.271807,0,0.549404,1.33785,0
2.88364,-1.72616,8.14462,0.033761,2.64437,-0.115167,-0.304543,FRENET,0.271807,0.549404,0.271807,0,0.549404,1.33785,0
2.89039,-1.69962,8.14542,0.0326746,2.66499,-0.117669,-0.313586,FRENET,0.271807,0.549404,0.271807,0,0.549404,1.33785,0
2.89525,-1.69962,8.14542,0.0326746,2.66499,-0.117669,-0.313586,FRENET,0.271807,0.549404,0.271807,0,0.549404,1.33785,0
2.90593,-1.67289,8.1462,0.0314362,2.68463,-0.114495,-0.307376,FRENET,0.271807,0.549404,0.271807,0,0.549404,1.33785,0
2.90676,-1.67289,8.1462,0.0314362,2.68463,-0.114495,-0.307376,FRENET,0.271807,0.549404,0.271807,0,0.549404,1.33785,0
2.91416,-1.64596,8.14696,0.0303529,2.70334,-0.117809,-0.318478,FRENET,0.271807,0.549404,0.271807,0,0.549404,1.33785,0
2.91994,-1.61884,8.14768,0.0291096,2.72116,-0.115174,-0.313405,FRENET,0.271807,0.549404,0.271807,0,0.549404,1.33785,0
2.92457,-1.61884,8.14768,0.0291096,2.72116,-0.115174,-0.313405,FRENET,0.2715,0.549404,0.2715,0,0.549404,1.39594,0
2.93755,-1.59156,8.1484,0.0280184,2.73813,-0.118819,-0.325341,FRENET,0.2715,0.549404,0.2715,0,0.549404,1.39594,0
2.93762,-1.59156,8.1484,0.0280184,2.73813,-0.118819,-0.325341,FRENET,0.2715,0.549404,0.2715,0,0.549404,1.39594,0
2.94207,-1.5641,8.14907,0.0267631,2.75429,-0.116397,-0.320592,FRENET,0.2715,0.549404,0.2715,0,0.549404,1.39594,0
2.94916,-1.53649,8.14974,0.0256596,2.76969,-0.120158,-0.3328,FRENET,0.2715,0.549404,0.2715,0,0.549404,1.39594,0
2.95388,-1.53649,8.14974,0.0256596,2.76969,-0.120158,-0.3328,FRENET,0.2715,0.549404,0.2715,0,0.549404,1.39594,0
2.95957,-1.50873,8.15036,0.0243901,2.78435,-0.117806,-0.328012,FRENET,0.2715,0.549404,0.2715,0,0.549404,1.39594,0
2.97075,-1.50873,8.15036,0.0243901,2.78435,-0.117806,-0.328012,FRENET,0.2715,0.549404,0.2715,0,0.549404,1.39594,0
2.97182,-1.48082,8.15097,0.0232729,2.79831,-0.121586,-0.340235,FRENET,0.2715,0.549404,0.2715,0,0.549404,1.39594,0
2.97585,-1.48082,8.15097,0.0232729,2.79831,-0.121586,-0.340235,FRENET,0.27122,0.549404,0.27122,0,0.549404,1.44811,0
2.98224,-1.45278,8.15153,0.0219886,2.81161,-0.119237,-0.335249,FRENET,0.27122,0.549404,0.27122,0,0.549404,1.44811,0
2.98898,-1.4246,8.15209,0.0208576,2.82428,-0.122995,-0.347373,FRENET,0.27122,0.549404,0.27122,0,0.549404,1.44811,0
2.99301,-1.4246,8.15209,0.0208576,2.82428,-0.122995,-0.347373,FRENET,0.27122,0.549404,0.27122,0,0.549404,1.44811,0
3.00267,-1.3963,8.15259,0.0195589,2.83635,-0.120622,-0.342125,FRENET,0.27122,0.549404,0.27122,0,0.549404,1.44811,0
3.0097,-1.36789,8.15308,0.0184147,2.84784,-0.12434,-0.3541,FRENET,0.27122,0.549404,0.27122,0,0.549404,1.44811,0
3.01381,-1.36789,8.15308,0.0184147,2.84784,-0.12434,-0.3541,FRENET,0.27122,0.549404,0.27122,0,0.549404,1.44811,0
3.02097,-1.33936,8.15353,0.0171023,2.85879,-0.12193,-0.348571,FRENET,0.270947,0.549404,0.270947,0,0.549404,1.52318,0
3.0252,-1.33936,8.15353,0.0171023,2.85879,-0.12193,-0.348571,FRENET,0.270947,0.549404,0.270947,0,0.549404,1.52318,0
3.03466,-1.31069,8.15396,0.0159496,2.87626,-0.124375,-0.357736,FRENET,0.270947,0.549404,0.270947,0,0.549404,1.52318,0
3.03655,-1.31069,8.15396,0.0159496,2.87626,-0.124375,-0.357736,FRENET,0.270947,0.549404,0.270947,0,0.549404,1.52318,0
3.04231,-1.28184,8.15434,0.0146418,2.8929,-0.121473,-0.351408,FRENET,0.270947,0.549404,0.270947,0,0.549404,1.52318,0
3.04659,-1.28184,8.15434,0.0146418,2.8929,-0.121473,-0.351408,FRENET,0.270947,0.549404,0.270947,0,0.549404,1.52318,0
3.05265,-1.25284,8.15471,0.0134901,2.90875,-0.124698,-0.362716,FRENET,0.270947,0.549404,0.270947,0,0.549404,1.52318,0
3.05884,-1.22368,8.15503,0.0121757,2.92384,-0.122295,-0.357573,FRENET,0.270947,0.549404,0.270947,0,0.549404,1.52318,0
3.06549,-1.22368,8.15503,0.0121757,2.92384,-0.122295,-0.357573,FRENET,0.270947,0.549404,0.270947,0,0.549404,1.52318,0
3.07069,-1.19437,8.15533,0.0110147,2.93822,-0.125822,-0.369693,FRENET,0.270947,0.549404,0.270947,0,0.549404,1.52318,0
3.07518,-1.19437,8.15533,0.0110147,2.93822,-0.125822,-0.369693,FRENET,0.299152,0.567499,0.299152,0.148602,0.567499,1.15608,0
3.08137,-1.16492,8.15558,0.00968764,2.95192,-0.123599,-0.364855,FRENET,0.299152,0.567499,0.299152,0.148602,0.567499,1.15608,0
3.08915,-1.13533,8.15582,0.00851362,2.96496,-0.127215,-0.377188,FRENET,0.299152,0.567499,0.299152,0.148602,0.567499,1.15608,0
3.09851,-1.13533,8.15582,0.00851362,2.96496,-0.127215,-0.377188,FRENET,0.299152,0.567499,0.299152,0.148602,0.567499,1.15608,0
3.10313,-1.10567,8.156,0.00716122,2.96858,-0.126384,-0.375182,FRENET,0.299152,0.567499,0.299152,0.148602,0.567499,1.15608,0
3.10733,-1.10567,8.156,0.00716122,2.96858,-0.126384,-0.375182,FRENET,0.299152,0.567499,0.299152,0.148602,0.567499,1.15608,0
3.11367,-1.07596,8.15617,0.00595744,2.97203,-0.131025,-0.389411,FRENET,0.299152,0.567499,0.299152,0.148602,0.567499,1.15608,0
3.11914,-1.04623,8.15628,0.00457279,2.97531,-0.129069,-0.384022,FRENET,0.299152,0.567499,0.299152,0.148602,0.567499,1.15608,0
3.12518,-1.04623,8.15628,0.00457279,2.97531,-0.129069,-0.384022,FRENET,0.297638,0.567499,0.297638,0.124749,0.567499,1.1602,0
3.13269,-1.01646,8.15637,0.00334639,2.97844,-0.132936,-0.395941,FRENET,0.297638,0.567499,0.297638,0.124749,0.567499,1.1602,0
3.13796,-1.01646,8.15637,0.00334639,2.97844,-0.132936,-0.395941,FRENET,0.297638,0.567499,0.297638,0.124749,0.567499,1.1602,0
3.14365,-0.98666,8.15641,0.00194535,2.98141,-0.13045,-0.388926,FRENET,0.297638,0.567499,0.297638,0.124749,0.567499,1.1602,0
3.15008,-0.956831,8.15642,0.000707197,2.98425,-0.133952,-0.399747,FRENET,0.297638,0.567499,0.297638,0.124749,0.567499,1.1602,0
3.15471,-0.956831,8.15642,0.000707197,2.98425,-0.133952,-0.399747,FRENET,0.297638,0.567499,0.297638,0.124749,0.567499,1.1602,0
3.16367,-0.926975,8.15639,-0.000702788,2.98695,-0.131218,-0.391943,FRENET,0.297638,0.567499,0.297638,0.124749,0.567499,1.1602,0
3.16946,-0.897093,8.15633,-0.00194762,2.98953,-0.13455,-0.40224,FRENET,0.297638,0.567499,0.297638,0.124749,0.567499,1.1602,0
3.17356,-0.897093,8.15633,-0.00194762,2.98953,-0.13455,-0.40224,FRENET,0.298521,0.567499,0.298521,0.121032,0.567499,1.16037,0
3.1796,-0.867186,8.15621,-0.00336305,2.99198,-0.1317,-0.394044,FRENET,0.298521,0.567499,0.298521,0.121032,0.567499,1.16037,0
3.18407,-0.867186,8.15621,-0.00336305,2.99198,-0.1317,-0.394044,FRENET,0.298521,0.567499,0.298521,0.121032,0.567499,1.16037,0
3.19287,-0.837195,8.15607,-0.00460385,3.0062,-0.132562,-0.398507,FRENET,0.298521,0.567499,0.298521,0.121032,0.567499,1.16037,0
3.19437,-0.837195,8.15607,-0.00460385,3.0062,-0.132562,-0.398507,FRENET,0.298521,0.567499,0.298521,0.121032,0.567499,1.16037,0
3.20214,-0.807066,8.15588,-0.00598944,3.01975,-0.128668,-0.388545,FRENET,0.298521,0.567499,0.298521,0.121032,0.567499,1.16037,0
3.20641,-0.807066,8.15588,-0.00598944,3.01975,-0.128668,-0.388545,FRENET,0.298521,0.567499,0.298521,0.121032,0.567499,1.16037,0
3.21218,-0.776805,8.15567,-0.00720768,3.03265,-0.131078,-0.397512,FRENET,0.298521,0.567499,0.298521,0.121032,0.567499,1.16037,0
3.22706,-0.746418,8.1554,-0.0085844,3.04493,-0.128216,-0.390411,FRENET,0.298521,0.567499,0.298521,0.121032,0.567499,1.16037,0
3.22717,-0.746418,8.1554,-0.0085844,3.04493,-0.128216,-0.390411,FRENET,0.29822,0.567499,0.29822,0.134712,0.567499,1.15949,0
3.23655,-0.715912,8.1551,-0.00980129,3.05664,-0.131298,-0.401332,FRENET,0.29822,0.567499,0.29822,0.134712,0.567499,1.15949,0
3.24477,-0.685292,8.15475,-0.011183,3.06779,-0.12887,-0.395346,FRENET,0.29822,0.567499,0.29822,0.134712,0.567499,1.15949,0
3.26107,-0.654563,8.15437,-0.0124074,3.0784,-0.132217,-0.407018,FRENET,0.29822,0.567499,0.29822,0.134712,0.567499,1.15949,0
3.2632,-0.623732,8.15394,-0.0137995,3.08852,-0.129946,-0.401339,FRENET,0.29822,0.567499,0.29822,0.134712,0.567499,1.15949,0
3.27151,-0.592802,8.15348,-0.0150348,3.09815,-0.133372,-0.413206,FRENET,0.29822,0.567499,0.29822,0.134712,0.567499,1.15949,0
3.27668,-0.592802,8.15348,-0.0150348,3.09815,-0.133372,-0.413206,FRENET,0.291501,0.567499,0.291501,0.132299,0.567499,1.16097,0
3.28909,-0.561779,8.15297,-0.016439,3.10732,-0.131134,-0.407475,FRENET,0.291501,0.567499,0.291501,0.132299,0.567499,1.16097,0
3.29763,-0.530666,8.15243,-0.0176858,3.11606,-0.134559,-0.419293,FRENET,0.291501,0.567499,0.291501,0.132299,0.567499,1.16097,0
3.3036,-0.49947,8.15183,-0.0191021,3.12438,-0.132302,-0.41336,FRENET,0.291501,0.567499,0.291501,0.132299,0.567499,1.16097,0
3.31021,-0.468193,8.1512,-0.0203601,3.13231,-0.135693,-0.425032,FRENET,0.291501,0.567499,0.291501,0.132299,0.567499,1.16097,0
3.31477,-0.468193,8.1512,-0.0203601,3.13231,-0.135693,-0.425032,FRENET,0.291501,0.567499,0.291501,0.132299,0.567499,1.16097,0
3.32536,-0.436839,8.15052,-0.0217878,3.13986,-0.133397,-0.418848,FRENET,0.291501,0.567499,0.291501,0.132299,0.567499,1.16097,0
3.3335,-0.405413,8.14981,-0.0230563,3.14705,-0.136745,-0.430342,FRENET,0.291501,0.567499,0.291501,0.132299,0.567499,1.16097,0
3.33647,-0.405413,8.14981,-0.0230563,3.14705,-0.136745,-0.430342,FRENET,0.284995,0.567499,0.284995,0.12894,0.567499,1.15529,0
3.34272,-0.373917,8.14905,-0.0244946,3.15389,-0.134405,-0.4239,FRENET,0.284995,0.567499,0.284995,0.12894,0.567499,1.15529,0
3.3567,-0.342356,8.14825,-0.0257727,3.16042,-0.137707,-0.435213,FRENET,0.284995,0.567499,0.284995,0.12894,0.567499,1.15529,0
3.36323,-0.310732,8.1474,-0.0272206,3.16663,-0.135325,-0.428525,FRENET,0.284995,0.567499,0.284995,0.12894,0.567499,1.15529,0
3.36973,-0.279048,8.14652,-0.0285075,3.17255,-0.138585,-0.439667,FRENET,0.284995,0.567499,0.284995,0.12894,0.567499,1.15529,0
3.37364,-0.279048,8.14652,-0.0285075,3.17255,-0.138585,-0.439667,FRENET,0.284664,0.567499,0.284664,0.142825,0.567499,1.15527,0
3.38586,-0.247309,8.14558,-0.0299641,3.17818,-0.136163,-0.432751,FRENET,0.284664,0.567499,0.284664,0.142825,0.567499,1.15527,0
3.38595,-0.247309,8.14558,-0.0299641,3.17818,-0.136163,-0.432751,FRENET,0.284664,0.567499,0.284664,0.142825,0.567499,1.15527,0
3.38919,-0.215515,8.14461,-0.031259,3.18355,-0.139383,-0.443733,FRENET,0.284664,0.567499,0.284664,0.142825,0.567499,1.15527,0
3.3935,-0.215515,8.14461,-0.031259,3.18355,-0.139383,-0.443733,FRENET,0.284664,0.567499,0.284664,0.142825,0.567499,1.15527,0
3.40048,-0.18367,8.14358,-0.0327236,3.18866,-0.136925,-0.436608,FRENET,0.284664,0.567499,0.284664,0.142825,0.567499,1.15527,0
3.40438,-0.18367,8.14358,-0.0327236,3.18866,-0.136925,-0.436608,FRENET,0.284664,0.567499,0.284664,0.142825,0.567499,1.15527,0
3.41087,-0.151777,8.14252,-0.0340257,3.19353,-0.14011,-0.447445,FRENET,0.284664,0.567499,0.284664,0.142825,0.567499,1.15527,0
3.41431,-0.151777,8.14252,-0.0340257,3.19353,-0.14011,-0.447445,FRENET,0.284664,0.567499,0.284664,0.142825,0.567499,1.15527,0
3.42369,-0.119838,8.1414,-0.0354977,3.19817,-0.137619,-0.440129,FRENET,0.284664,0.567499,0.284664,0.142825,0.567499,1.15527,0
3.42376,-0.119838,8.1414,-0.0354977,3.19817,-0.137619,-0.440129,FRENET,0.284664,0.567499,0.284664,0.142825,0.567499,1.15527,0
3.42647,-0.119838,8.1414,-0.0354977,3.19817,-0.137619,-0.440129,FRENET,0.284347,0.567499,0.284347,0.130594,0.567499,1.14702,0
3.43405,-0.0878548,8.14026,-0.0368064,3.20259,-0.140772,-0.450834,FRENET,0.284347,0.567499,0.284347,0.130594,0.567499,1.14702,0
3.4401,-0.0558306,8.13905,-0.0382849,3.2068,-0.138251,-0.443344,FRENET,0.284347,0.567499,0.284347,0.130594,0.567499,1.14702,0
3.44976,-0.0558306,8.13905,-0.0382849,3.2068,-0.138251,-0.443344,FRENET,0.284347,0.567499,0.284347,0.130594,0.567499,1.14702,0
3.4587,-0.0237665,8.13781,-0.0395997,3.2108,-0.141375,-0.453927,FRENET,0.284347,0.567499,0.284347,0.130594,0.567499,1.14702,0
3.46124,0.00833446,8.13651,-0.0410843,3.21462,-0.138828,-0.446279,FRENET,0.284347,0.567499,0.284347,0.130594,0.567499,1.14702,0
3.47116,0.0404714,8.13518,-0.0424045,3.21826,-0.141925,-0.456751,FRENET,0.284026,0.567499,0.284026,0.133009,0.567499,1.14612,0
3.48205,0.0404714,8.13518,-0.0424045,3.21826,-0.141925,-0.456751,FRENET,0.284026,0.567499,0.284026,0.133009,0.567499,1.14612,0
3.48311,0.0726413,8.1338,-0.0438946,3.22172,-0.139354,-0.448958,FRENET,0.284026,0.567499,0.284026,0.133009,0.567499,1.14612,0
3.48953,0.104844,8.13238,-0.0452198,3.22502,-0.142427,-0.459329,FRENET,0.284026,0.567499,0.284026,0.133009,0.567499,1.14612,0
3.49538,0.104844,8.13238,-0.0452198,3.22502,-0.142427,-0.459329,FRENET,0.284026,0.567499,0.284026,0.133009,0.567499,1.14612,0
3.50175,0.137076,8.1309,-0.0467149,3.22816,-0.139833,-0.451403,FRENET,0.284026,0.567499,0.284026,0.133009,0.567499,1.14612,0
3.51362,0.169337,8.12938,-0.0480447,3.23115,-0.142885,-0.461681,FRENET,0.284026,0.567499,0.284026,0.133009,0.567499,1.14612,0
3.51371,0.169337,8.12938,-0.0480447,3.23115,-0.142885,-0.461681,FRENET,0.284026,0.567499,0.284026,0.133009,0.567499,1.14612,0
3.52008,0.201624,8.12781,-0.0495444,3.234,-0.140271,-0.453635,FRENET,0.284026,0.567499,0.284026,0.133009,0.567499,1.14612,0
3.52519,0.201624,8.12781,-0.0495444,3.234,-0.140271,-0.453635,FRENET,0.360976,0.590357,0.360976,0.148427,0.590357,1.13061,0
3.5319,0.233938,8.12621,-0.0508784,3.23671,-0.143302,-0.463828,FRENET,0.360976,0.590357,0.360976,0.148427,0.590357,1.13061,0
3.53593,0.233938,8.12621,-0.0508784,3.23671,-0.143302,-0.463828,FRENET,0.360976,0.590357,0.360976,0.148427,0.590357,1.13061,0
3.54632,0.266334,8.12454,-0.0523646,3.25118,-0.138226,-0.4494,FRENET,0.360976,0.590357,0.360976,0.148427,0.590357,1.13061,0
3.55243,0.298931,8.12283,-0.053662,3.27711,-0.136602,-0.447659,FRENET,0.360976,0.590357,0.360976,0.148427,0.590357,1.13061,0
3.55428,0.298931,8.12283,-0.053662,3.27711,-0.136602,-0.447659,FRENET,0.360976,0.590357,0.360976,0.148427,0.590357,1.13061,0
3.56181,0.331777,8.12105,-0.0550794,3.30179,-0.131938,-0.435633,FRENET,0.360976,0.590357,0.360976,0.148427,0.590357,1.13061,0
3.5716,0.364864,8.11924,-0.0560496,3.32531,-0.0511439,-0.170069,FRENET,0.360793,0.590357,0.360793,0.127484,0.590357,1.12783,0
3.581,0.364864,8.11924,-0.0560496,3.32531,-0.0511439,-0.170069,FRENET,0.360793,0.590357,0.360793,0.127484,0.590357,1.12783,0
3.58583,0.398181,8.11746,-0.0561974,3.34771,0.00313819,0.0105057,FRENET,0.360793,0.590357,0.360793,0.127484,0.590357,1.12783,0
3.59059,0.431718,8.11568,-0.0560149,3.36904,0.0464768,0.156582,FRENET,0.360793,0.590357,0.360793,0.127484,0.590357,1.12783,0
3.59495,0.431718,8.11568,-0.0560149,3.36904,0.0464768,0.156582,FRENET,0.360793,0.590357,0.360793,0.127484,0.590357,1.12783,0
3.60111,0.465464,8.11392,-0.0553294,3.38935,0.0734948,0.2491,FRENET,0.360793,0.590357,0.360793,0.127484,0.590357,1.12783,0
3.60846,0.465464,8.11392,-0.0553294,3.38935,0.0734948,0.2491,FRENET,0.360793,0.590357,0.360793,0.127484,0.590357,1.12783,0
3.6128,0.499408,8.11216,-0.0545484,3.40871,0.0970414,0.330785,FRENET,0.360793,0.590357,0.360793,0.127484,0.590357,1.12783,0
3.61961,0.533544,8.11043,-0.0534321,3.42714,0.109729,0.376055,FRENET,0.360793,0.590357,0.360793,0.127484,0.590357,1.12783,0
3.62419,0.533544,8.11043,-0.0534321,3.42714,0.109729,0.376055,FRENET,0.352536,0.590357,0.352536,0.139239,0.590357,1.1224,0
3.63094,0.567859,8.1087,-0.0523439,3.44469,0.122939,0.423488,FRENET,0.352536,0.590357,0.352536,0.139239,0.590357,1.1224,0
3.64147,0.567859,8.1087,-0.0523439,3.44469,0.122939,0.423488,FRENET,0.352536,0.590357,0.352536,0.139239,0.590357,1.1224,0
3.64328,0.602348,8.107,-0.0510073,3.46141,0.128197,0.443742,FRENET,0.352536,0.590357,0.352536,0.139239,0.590357,1.1224,0
3.65079,0.637001,8.10531,-0.0497631,3.47734,0.136097,0.473254,FRENET,0.352536,0.590357,0.352536,0.139239,0.590357,1.1224,0
3.65622,0.637001,8.10531,-0.0497631,3.47734,0.136097,0.473254,FRENET,0.352536,0.590357,0.352536,0.139239,0.590357,1.1224,0
3.66416,0.671811,8.10366,-0.0483143,3.4925,0.137574,0.480478,FRENET,0.352536,0.590357,0.352536,0.139239,0.590357,1.1224,0
3.67575,0.70677,8.10203,-0.046991,3.50695,0.142805,0.50081,FRENET,0.352536,0.590357,0.352536,0.139239,0.590357,1.1224,0
3.68284,0.741872,8.10044,-0.0454845,3.52071,0.142407,0.501374,FRENET,0.349962,0.590357,0.349962,0.142445,0.590357,1.12039,0
3.6905,0.77711,8.09887,-0.0441203,3.53381,0.146336,0.517123,FRENET,0.349962,0.590357,0.349962,0.142445,0.590357,1.12039,0
3.69633,0.77711,8.09887,-0.0441203,3.53381,0.146336,0.517123,FRENET,0.349962,0.590357,0.349962,0.142445,0.590357,1.12039,0
3.70537,0.812528,8.09735,-0.0425969,3.55634,0.143098,0.508907,FRENET,0.349962,0.590357,0.349962,0.142445,0.590357,1.12039,0
3.71026,0.848167,8.09585,-0.0412339,3.5778,0.144896,0.518408,FRENET,0.349962,0.590357,0.349962,0.142445,0.590357,1.12039,0
3.71517,0.848167,8.09585,-0.0412339,3.5778,0.144896,0.518408,FRENET,0.349962,0.590357,0.349962,0.142445,0.590357,1.12039,0
3.72201,0.884018,8.09439,-0.0397197,3.59824,0.142503,0.51276,FRENET,0.349685,0.590357,0.349685,0.145998,0.590357,1.11846,0
3.72599,0.884018,8.09439,-0.0397197,3.59824,0.142503,0.51276,FRENET,0.349685,0.590357,0.349685,0.145998,0.590357,1.11846,0
3.7385,0.920069,8.09296,-0.03836,3.61771,0.144947,0.524376,FRENET,0.349685,0.590357,0.349685,0.145998,0.590357,1.11846,0
3.73987,0.956313,8.09158,-0.0368421,3.63625,0.143035,0.520109,FRENET,0.349685,0.590357,0.349685,0.145998,0.590357,1.11846,0
3.74541,0.956313,8.09158,-0.0368421,3.63625,0.143035,0.520109,FRENET,0.349685,0.590357,0.349685,0.145998,0.590357,1.11846,0
3.75167,0.992738,8.09023,-0.0354759,3.6539,0.14584,0.532884,FRENET,0.349685,0.590357,0.349685,0.145998,0.590357,1.11846,0
3.75664,0.992738,8.09023,-0.0354759,3.6539,0.14584,0.532884,FRENET,0.349685,0.590357,0.349685,0.145998,0.590357,1.11846,0
3.76896,1.02934,8.08893,-0.0339471,3.67072,0.144185,0.529262,FRENET,0.349685,0.590357,0.349685,0.145998,0.590357,1.11846,0
3.77094,1.0661,8.08765,-0.032569,3.68674,0.147178,0.542607,FRENET,0.349685,0.590357,0.349685,0.145998,0.590357,1.11846,0
3.77853,1.0661,8.08765,-0.032569,3.68674,0.147178,0.542607,FRENET,0.34953,0.590357,0.34953,0.149528,0.590357,1.11777,0
3.78412,1.10303,8.08644,-0.0310256,3.702,0.145648,0.539188,FRENET,0.34953,0.590357,0.34953,0.149528,0.590357,1.11777,0
3.79004,1.1401,8.08526,-0.029633,3.71653,0.148726,0.552745,FRENET,0.34953,0.590357,0.34953,0.149528,0.590357,1.11777,0
3.79442,1.1401,8.08526,-0.029633,3.71653,0.148726,0.552745,FRENET,0.34953,0.590357,0.34953,0.149528,0.590357,1.11777,0
3.80918,1.17732,8.08413,-0.0280733,3.73037,0.147242,0.549266,FRENET,0.34953,0.590357,0.34953,0.149528,0.590357,1.11777,0
3.81926,1.21467,8.08304,-0.0266651,3.74356,0.150345,0.562824,FRENET,0.34953,0.590357,0.34953,0.149528,0.590357,1.11777,0
3.82517,1.25216,8.08201,-0.0250888,3.75611,0.148861,0.559138,FRENET,0.348114,0.590357,0.348114,0.133703,0.590357,1.11868,0
3.83375,1.28976,8.08102,-0.0236649,3.76807,0.151954,0.572574,FRENET,0.348114,0.590357,0.348114,0.133703,0.590357,1.11868,0
3.84023,1.32749,8.08009,-0.0220722,3.77946,0.150445,0.568602,FRENET,0.348114,0.590357,0.348114,0.133703,0.590357,1.11868,0
3.84578,1.32749,8.08009,-0.0220722,3.77946,0.150445,0.568602,FRENET,0.348114,0.590357,0.348114,0.133703,0.590357,1.11868,0
3.8526,1.36533,8.07919,-0.020633,3.79031,0.15351,0.58185,FRENET,0.348114,0.590357,0.348114,0.133703,0.590357,1.11868,0
3.86452,1.40327,8.07836,-0.0190245,3.80064,0.151962,0.577554,FRENET,0.348114,0.590357,0.348114,0.133703,0.590357,1.11868,0
3.8721,1.44132,8.07757,-0.0175708,3.81049,0.154988,0.59058,FRENET,0.348114,0.590357,0.348114,0.133703,0.590357,1.11868,0
3.87686,1.44132,8.07757,-0.0175708,3.81049,0.154988,0.59058,FRENET,0.349498,0.590357,0.349498,0.300568,0.590357,0.819637,0
3.88317,1.47951,8.07685,-0.0159635,3.82889,0.15099,0.578122,FRENET,0.349498,0.590357,0.349498,0.300568,0.590357,0.819637,0
3.88912,1.51788,8.07616,-0.0145264,3.84642,0.152165,0.585291,FRENET,0.349498,0.590357,0.349498,0.300568,0.590357,0.819637,0
3.89889,1.51788,8.07616,-0.0145264,3.84642,0.152165,0.585291,FRENET,0.349498,0.590357,0.349498,0.300568,0.590357,0.819637,0
3.90395,1.55642,8.07554,-0.0129391,3.86311,0.149607,0.57795,FRENET,0.349498,0.590357,0.349498,0.300568,0.590357,0.819637,0
3.90528,1.55642,8.07554,-0.0129391,3.86311,0.149607,0.57795,FRENET,0.349498,0.590357,0.349498,0.300568,0.590357,0.819637,0
3.91304,1.59513,8.07496,-0.0115109,3.87901,0.151833,0.588964,FRENET,0.349498,0.590357,0.349498,0.300568,0.590357,0.819637,0
3.92134,1.63399,8.07445,-0.00992248,3.89415,0.15002,0.584199,FRENET,0.349498,0.590357,0.349498,0.300568,0.590357,0.819637,0
3.92973,1.63399,8.07445,-0.00992248,3.89415,0.15002,0.584199,FRENET,0.368885,0.590357,0.368885,0.328367,0.590357,0.650009,0
3.93153,1.673,8.07398,-0.0084879,3.90858,0.152773,0.597124,FRENET,0.368885,0.590357,0.368885,0.328367,0.590357,0.650009,0
3.9363,1.673,8.07398,-0.0084879,3.90858,0.152773,0.597124,FRENET,0.368885,0.590357,0.368885,0.328367,0.590357,0.650009,0
3.94387,1.71216,8.07358,-0.00688769,3.92232,0.151312,0.593495,FRENET,0.368885,0.590357,0.368885,0.328367,0.590357,0.650009,0
3.95028,1.75144,8.07322,-0.00543943,3.9354,0.154302,0.60724,FRENET,0.368885,0.590357,0.368885,0.328367,0.590357,0.650009,0
3.95498,1.75144,8.07322,-0.00543943,3.9354,0.154302,0.60724,FRENET,0.368885,0.590357,0.368885,0.328367,0.590357,0.650009,0
3.96447,1.79086,8.07292,-0.0038227,3.94787,0.152982,0.603953,FRENET,0.368885,0.590357,0.368885,0.328367,0.590357,0.650009,0
3.96626,1.79086,8.07292,-0.0038227,3.94787,0.152982,0.603953,FRENET,0.368885,0.590357,0.368885,0.328367,0.590357,0.650009,0
3.97257,1.8304,8.07265,-0.00265705,3.95974,0.0678935,0.26884,FRENET,0.368885,0.590357,0.368885,0.328367,0.590357,0.650009,0
3.97945,1.87005,8.07235,-0.00237685,3.97104,0.00721517,0.0286517,FRENET,0.417315,0.586037,0.417315,0.391577,0.586037,0.641681,0
3.98351,1.87005,8.07235,-0.00237685,3.97104,0.00721517,0.0286517,FRENET,0.417315,0.586037,0.417315,0.391577,0.586037,0.641681,0
3.99387,1.90981,8.07206,-0.00248329,3.98181,-0.0423942,-0.168806,FRENET,0.417315,0.586037,0.417315,0.391577,0.586037,0.641681,0
3.99398,1.90981,8.07206,-0.00248329,3.98181,-0.0423942,-0.168806,FRENET,0.417315,0.586037,0.417315,0.391577,0.586037,0.641681,0
3.99983,1.94963,8.07173,-0.00317021,3.98202,-0.0762871,-0.303777,FRENET,0.417315,0.586037,0.417315,0.391577,0.586037,0.641681,0
4.0038,1.94963,8.07173,-0.00317021,3.98202,-0.0762871,-0.303777,FRENET,0.417315,0.586037,0.417315,0.391577,0.586037,0.641681,0
4.01017,1.98945,8.07141,-0.00400204,3.98223,-0.105693,-0.420894,FRENET,0.417315,0.586037,0.417315,0.391577,0.586037,0.641681,0
4.0147,1.98945,8.07141,-0.00400204,3.98223,-0.105693,-0.420894,FRENET,0.417315,0.586037,0.417315,0.391577,0.586037,0.641681,0
4.02781,2.02927,8.07105,-0.00523774,3.98242,-0.123479,-0.491747,FGM,0.470196,0.631293,0.399352,0.470196,0.586037,0.631293,0
4.03499,2.0691,8.07071,-0.00616216,3.98261,-0.0477752,-0.19027,FGM,0.470196,0.631293,0.399352,0.470196,0.586037,0.631293,0
4.04348,2.10892,8.07043,-0.00627429,3.98279,0.00583257,0.0232299,FGM,0.470196,0.631293,0.399352,0.470196,0.586037,0.631293,0
4.05783,2.14885,8.07018,-0.00608105,4.00263,0.0465612,0.186367,FGM,0.470196,0.631293,0.399352,0.470196,0.586037,0.631293,0
4.06435,2.14885,8.07018,-0.00608105,4.00263,0.0465612,0.186367,FGM,0.470196,0.631293,0.399352,0.470196,0.586037,0.631293,0
4.06707,2.18897,8.06998,-0.00539268,4.02152,0.0742055,0.298419,FGM,0.470196,0.631293,0.399352,0.470196,0.586037,0.631293,0
4.07369,2.22927,8.0698,-0.00459951,4.03952,0.0989837,0.399846,FGM,0.613405,0.658061,0.488848,0.613405,0.586037,0.658061,0
4.08159,2.26975,8.06966,-0.00345091,4.05666,0.11423,0.463393,FGM,0.613405,0.658061,0.488848,0.613405,0.586037,0.658061,0
4.0922,2.26975,8.06966,-0.00345091,4.05666,0.11423,0.463393,FGM,0.613405,0.658061,0.488848,0.613405,0.586037,0.658061,0
4.09228,2.3104,8.06956,-0.00230809,4.07298,0.129432,0.527176,FGM,0.613405,0.658061,0.488848,0.613405,0.586037,0.658061,0
4.09986,2.3104,8.06956,-0.00230809,4.07298,0.129432,0.527176,FGM,0.613405,0.658061,0.488848,0.613405,0.586037,0.658061,0
4.10508,2.35121,8.0695,-0.000892919,4.08853,0.137304,0.561373,FGM,0.613405,0.658061,0.488848,0.613405,0.586037,0.658061,0
4.11227,2.39217,8.06948,0.000450614,4.10334,0.146869,0.602654,FGM,0.613405,0.658061,0.488848,0.613405,0.586037,0.658061,0
4.12522,2.43327,8.06951,0.0020182,4.11745,0.150442,0.619437,FGM,0.613405,0.658061,0.488848,0.613405,0.586037,0.658061,0
4.12602,2.43327,8.06951,0.0020182,4.11745,0.150442,0.619437,FGM,0.613405,0.658061,0.488848,0.613405,0.586037,0.658061,0
4.13273,2.47451,8.06958,0.00347559,4.13089,0.156759,0.647553,FGM,0.613405,0.658061,0.488848,0.613405,0.586037,0.658061,0
4.13875,2.51589,8.0697,0.00512973,4.14368,0.157882,0.654212,FGM,0.799961,0.646425,0.612053,0.799961,0.586037,0.646425,0
4.14369,2.51589,8.0697,0.00512973,4.14368,0.157882,0.654212,FGM,0.799961,0.646425,0.612053,0.799961,0.586037,0.646425,0
4.15408,2.55738,8.06987,0.00665148,4.15587,0.162374,0.674806,FGM,0.799961,0.646425,0.612053,0.799961,0.586037,0.646425,0
4.15521,2.55738,8.06987,0.00665148,4.15587,0.162374,0.674806,FGM,0.799961,0.646425,0.612053,0.799961,0.586037,0.646425,0
4.1619,2.599,8.0701,0.00835507,4.16748,0.162138,0.675706,FGM,0.799961,0.646425,0.612053,0.799961,0.586037,0.646425,0
4.16643,2.599,8.0701,0.00835507,4.16748,0.162138,0.675706,FGM,0.799961,0.646425,0.612053,0.799961,0.586037,0.646425,0
4.17434,2.64073,8.07037,0.00991372,4.17853,0.165635,0.692114,FGM,1.01599,0.677207,0.955268,1.01599,0.586037,0.677207,0
4.1843,2.68257,8.07072,0.0116465,4.18907,0.164669,0.689807,FGM,1.01599,0.677207,0.955268,1.01599,0.586037,0.677207,0
4.18759,2.68257,8.07072,0.0116465,4.18907,0.164669,0.689807,FGM,1.01599,0.677207,0.955268,1.01599,0.586037,0.677207,0
4.19357,2.7245,8.07111,0.0132273,4.1991,0.167644,0.703951,FGM,1.01599,0.677207,0.955268,1.01599,0.586037,0.677207,0
4.19963,2.76654,8.07157,0.0149785,4.20865,0.166299,0.699894,FGM,1.01599,0.677207,0.955268,1.01599,0.586037,0.677207,0
4.20415,2.76654,8.07157,0.0149785,4.20865,0.166299,0.699894,FGM,1.01599,0.677207,0.955268,1.01599,0.586037,0.677207,0
4.21062,2.80867,8.07208,0.0165738,4.21775,0.169012,0.712851,FGM,1.01599,0.677207,0.955268,1.01599,0.586037,0.677207,0
4.21862,2.80867,8.07208,0.0165738,4.21775,0.169012,0.712851,FGM,1.01599,0.677207,0.955268,1.01599,0.586037,0.677207,0
4.22614,2.85089,8.07266,0.018338,4.22641,0.167482,0.707847,FGM,1.02418,0.661158,0.958099,1.02418,0.586037,0.661158,0
4.23313,2.89319,8.0733,0.0199443,4.23467,0.170072,0.720197,FGM,1.02418,0.661158,0.958099,1.02418,0.586037,0.661158,0
4.23916,2.93557,8.07402,0.0217189,4.24253,0.168454,0.714673,FGM,1.02418,0.661158,0.958099,1.02418,0.586037,0.661158,0
4.24335,2.93557,8.07402,0.0217189,4.24253,0.168454,0.714673,FGM,1.02418,0.661158,0.958099,1.02418,0.586037,0.661158,0
4.24948,2.97802,8.07478,0.0233343,4.25002,0.17099,0.726712,FGM,1.02418,0.661158,0.958099,1.02418,0.586037,0.661158,0
4.25361,2.97802,8.07478,0.0233343,4.25002,0.17099,0.726712,FGM,1.02418,0.661158,0.958099,1.02418,0.586037,0.661158,0
4.25975,3.02055,8.07563,0.0251181,4.25715,0.169334,0.720881,FGM,1.02418,0.661158,0.958099,1.02418,0.586037,0.661158,0
4.26496,3.02055,8.07563,0.0251181,4.25715,0.169334,0.720881,FGM,1.02418,0.661158,0.958099,1.02418,0.586037,0.661158,0
4.27086,3.06315,8.07654,0.0267419,4.26394,0.171848,0.732749,FGM,1.02418,0.661158,0.958099,1.02418,0.586037,0.661158,0
4.28547,3.06315,8.07654,0.0267419,4.26394,0.171848,0.732749,FGM,1.02588,0.675685,0.960884,1.02588,0.586037,0.675685,0
4.28814,3.10581,8.07752,0.0285345,4.27041,0.170173,0.726709,FGM,1.02588,0.675685,0.960884,1.02588,0.586037,0.675685,0
4.29519,3.14853,8.07856,0.0301664,4.27657,0.172676,0.738462,FGM,1.02588,0.675685,0.960884,1.02588,0.586037,0.675685,0
4.30114,3.19131,8.07968,0.0319674,4.28244,0.17099,0.732253,FGM,1.02588,0.675685,0.960884,1.02588,0.586037,0.675685,0
4.30612,3.19131,8.07968,0.0319674,4.28244,0.17099,0.732253,FGM,1.02588,0.675685,0.960884,1.02588,0.586037,0.675685,0
4.31488,3.23415,8.08084,0.0332976,4.28803,0.0822209,0.352566,FGM,1.02588,0.675685,0.960884,1.02588,0.586037,0.675685,0
4.32246,3.27704,8.08198,0.033698,4.29336,0.0173272,0.0743917,FGM,1.02588,0.675685,0.960884,1.02588,0.586037,0.675685,0
4.32618,3.27704,8.08198,0.033698,4.29336,0.0173272,0.0743917,FGM,1.03008,0.685355,0.956968,1.03008,0.586037,0.685355,0
4.33341,3.31998,8.08313,0.0336746,4.29843,-0.0362812,-0.155952,FGM,1.03008,0.685355,0.956968,1.03008,0.586037,0.685355,0
4.33994,3.36297,8.08427,0.0330334,4.30326,-0.0735776,-0.316623,FGM,1.03008,0.685355,0.956968,1.03008,0.586037,0.685355,0
4.34384,3.36297,8.08427,0.0330334,4.30326,-0.0735776,-0.316623,FGM,1.03008,0.685355,0.956968,1.03008,0.586037,0.685355,0
4.35261,3.40601,8.08541,0.0322136,4.30786,-0.105606,-0.454938,FGM,1.03008,0.685355,0.956968,1.03008,0.586037,0.685355,0
4.3562,3.40601,8.08541,0.0322136,4.30786,-0.105606,-0.454938,FGM,1.03008,0.685355,0.956968,1.03008,0.586037,0.685355,0
4.36553,3.4491,8.08653,0.0309665,4.31224,-0.12609,-0.543729,FGM,1.03008,0.685355,0.956968,1.03008,0.586037,0.685355,0
4.37749,3.49223,8.08765,0.0296897,4.31641,-0.145077,-0.626213,FGM,1.02522,0.682505,0.954294,1.02522,0.586037,0.682505,0
4.38312,3.5354,8.08874,0.0281003,4.32039,-0.155488,-0.671767,FGM,1.02522,0.682505,0.954294,1.02522,0.586037,0.682505,0
4.38554,3.5354,8.08874,0.0281003,4.32039,-0.155488,-0.671767,FGM,1.02522,0.682505,0.954294,1.02522,0.586037,0.682505,0
4.39085,3.57861,8.08981,0.0265701,4.32417,-0.166738,-0.721005,FGM,1.02522,0.682505,0.954294,1.02522,0.586037,0.682505,0
4.39578,3.57861,8.08981,0.0265701,4.32417,-0.166738,-0.721005,FGM,1.02522,0.682505,0.954294,1.02522,0.586037,0.682505,0
4.4017,3.62186,8.09084,0.0247949,4.32778,-0.171236,-0.741072,FGM,1.02522,0.682505,0.954294,1.02522,0.586037,0.682505,0
4.40661,3.62186,8.09084,0.0247949,4.32778,-0.171236,-0.741072,FGM,1.02522,0.682505,0.954294,1.02522,0.586037,0.682505,0
4.41568,3.66514,8.09188,0.0234435,4.33121,-0.0857973,-0.371606,FGM,1.02522,0.682505,0.954294,1.02522,0.586037,0.682505,0
4.42146,3.70845,8.09296,0.0229972,4.33448,-0.0229159,-0.0993286,FGM,1.02522,0.682505,0.954294,1.02522,0.586037,0.682505,0
4.42526,3.70845,8.09296,0.0229972,4.33448,-0.0229159,-0.0993286,FGM,1.03187,0.67919,0.954903,1.03187,0.586037,0.67919,0
4.43113,3.7518,8.09406,0.022958,4.3376,0.0296507,0.128613,FGM,1.03187,0.67919,0.954903,1.03187,0.586037,0.67919,0
4.44118,3.7518,8.09406,0.022958,4.3376,0.0296507,0.128613,FGM,1.03187,0.67919,0.954903,1.03187,0.586037,0.67919,0
4.44187,3.79518,8.09519,0.0235313,4.34056,0.0665713,0.288957,FGM,1.03187,0.67919,0.954903,1.03187,0.586037,0.67919,0
4.44641,3.79518,8.09519,0.0235313,4.34056,0.0665713,0.288957,FGM,1.03187,0.67919,0.954903,1.03187,0.586037,0.67919,0
4.45301,3.83858,8.09635,0.0242806,4.34339,0.0986966,0.428678,FGM,1.03187,0.67919,0.954903,1.03187,0.586037,0.67919,0
4.45869,3.88201,8.09754,0.0254609,4.34608,0.119568,0.519653,FGM,1.03187,0.67919,0.954903,1.03187,0.586037,0.67919,0
4.4633,3.88201,8.09754,0.0254609,4.34608,0.119568,0.519653,FGM,1.03187,0.67919,0.954903,1.03187,0.586037,0.67919,0
4.47695,3.92547,8.09875,0.0266747,4.34865,0.139137,0.605058,FGM,1.03187,0.67919,0.954903,1.03187,0.586037,0.67919,0
4.48148,3.96895,8.10001,0.0282085,4.35109,0.150218,0.653612,FGM,1.04227,0.706133,0.959945,1.04227,0.552959,0.706133,0
4.48305,3.96895,8.10001,0.0282085,4.35109,0.150218,0.653612,FGM,1.04227,0.706133,0.959945,1.04227,0.552959,0.706133,0
4.49148,4.01245,8.10129,0.0296891,4.35341,0.162185,0.706058,FGM,1.04227,0.706133,0.959945,1.04227,0.552959,0.706133,0
4.49505,4.01245,8.10129,0.0296891,4.35341,0.162185,0.706058,FGM,1.04227,0.706133,0.959945,1.04227,0.552959,0.706133,0
4.51238,4.05598,8.10263,0.0314228,4.35563,0.167387,0.729076,FGM,1.04227,0.706133,0.959945,1.04227,0.552959,0.706133,0
4.51318,4.09952,8.10397,0.0327367,4.35774,0.0820504,0.357554,FGM,1.04227,0.706133,0.959945,1.04227,0.552959,0.706133,0
4.52111,4.14309,8.10527,0.0331457,4.35975,0.0192987,0.0841373,FGM,1.04227,0.706133,0.959945,1.04227,0.552959,0.706133,0
4.52539,4.14309,8.10527,0.0331457,4.35975,0.0192987,0.0841373,FGM,1.05706,0.702077,0.961818,1.05706,0.552959,0.702077,0
4.53896,4.18668,8.1066,0.0334648,4.36166,0.0597299,0.260522,FGM,1.05706,0.702077,0.961818,1.05706,0.552959,0.702077,0
4.5468,4.23028,8.10798,0.0342914,4.36349,0.0875148,0.38187,FGM,1.05706,0.702077,0.961818,1.05706,0.552959,0.702077,0
4.55462,4.2739,8.10941,0.035214,4.36522,0.112838,0.492563,FGM,1.05706,0.702077,0.961818,1.05706,0.552959,0.702077,0
4.55999,4.31754,8.11091,0.0365097,4.36688,0.128694,0.561991,FGM,1.05706,0.702077,0.961818,1.05706,0.552959,0.702077,0
4.57178,4.31754,8.11091,0.0365097,4.36688,0.128694,0.561991,FGM,1.05706,0.702077,0.961818,1.05706,0.552959,0.702077,0
4.58011,4.36119,8.11241,0.0374798,4.36845,0.05161,0.225456,FGM,1.06558,0.696656,0.964079,1.06558,0.552959,0.696656,0
4.58634,4.40486,8.11388,0.0376182,4.36995,-0.0046024,-0.0201123,FGM,1.06558,0.696656,0.964079,1.06558,0.552959,0.696656,0
4.59228,4.44854,8.11535,0.0374103,4.37138,-0.0518738,-0.22676,FGM,1.06558,0.696656,0.964079,1.06558,0.552959,0.696656,0
4.59883,4.49223,8.11678,0.0366361,4.37274,-0.0845828,-0.369859,FGM,1.06558,0.696656,0.964079,1.06558,0.552959,0.696656,0
4.60513,4.49223,8.11678,0.0366361,4.37274,-0.0845828,-0.369859,FGM,1.06558,0.696656,0.964079,1.06558,0.552959,0.696656,0
4.61301,4.53594,8.11821,0.0357246,4.37404,-0.113377,-0.495916,FGM,1.06558,0.696656,0.964079,1.06558,0.552959,0.696656,0
4.61871,4.57967,8.1196,0.0344106,4.37527,-0.131603,-0.575798,FGM,1.06558,0.696656,0.964079,1.06558,0.552959,0.696656,0
4.62458,4.57967,8.1196,0.0344106,4.37527,-0.131603,-0.575798,FGM,1.07556,0.697631,0.957986,1.07556,0.552959,0.697631,0
4.63581,4.62341,8.12098,0.0330879,4.37645,-0.149083,-0.652455,FGM,1.07556,0.697631,0.957986,1.07556,0.552959,0.697631,0
4.64168,4.66716,8.12231,0.0314628,4.37757,-0.158502,-0.693855,FGM,1.07556,0.697631,0.957986,1.07556,0.552959,0.697631,0
4.64579,4.66716,8.12231,0.0314628,4.37757,-0.158502,-0.693855,FGM,1.07556,0.697631,0.957986,1.07556,0.552959,0.697631,0
4.65117,4.71092,8.12362,0.0299067,4.37863,-0.169157,-0.740677,FGM,1.07556,0.697631,0.957986,1.07556,0.552959,0.697631,0
4.65646,4.71092,8.12362,0.0299067,4.37863,-0.169157,-0.740677,FGM,1.07556,0.697631,0.957986,1.07556,0.552959,0.697631,0
4.66674,4.75469,8.12487,0.0281082,4.37965,-0.173309,-0.759034,FGM,1.07556,0.697631,0.957986,1.07556,0.552959,0.697631,0
4.66964,4.79848,8.1261,0.0264252,4.38062,-0.179922,-0.788171,FGM,1.07556,0.697631,0.957986,1.07556,0.552959,0.697631,0
4.6759,4.79848,8.1261,0.0264252,4.38062,-0.179922,-0.788171,FGM,1.06743,0.714964,0.956083,1.06743,0.552959,0.714964,0
4.68067,4.84227,8.12727,0.0245352,4.38154,-0.180992,-0.793022,FGM,1.06743,0.714964,0.956083,1.06743,0.552959,0.714964,0
4.68569,4.84227,8.12727,0.0245352,4.38154,-0.180992,-0.793022,FGM,1.06743,0.714964,0.956083,1.06743,0.552959,0.714964,0
4.69701,4.88608,8.12839,0.0227876,4.38242,-0.18527,-0.811931,FGM,1.06743,0.714964,0.956083,1.06743,0.552959,0.714964,0
4.69709,4.88608,8.12839,0.0227876,4.38242,-0.18527,-0.811931,FGM,1.06743,0.714964,0.956083,1.06743,0.552959,0.714964,0
4.70378,4.92989,8.12946,0.0208533,4.38325,-0.184586,-0.809087,FGM,1.06743,0.714964,0.956083,1.06743,0.552959,0.714964,0
4.71015,4.97372,8.13047,0.0190767,4.38405,-0.187562,-0.82228,FGM,1.06743,0.714964,0.956083,1.06743,0.552959,0.714964,0
4.71527,4.97372,8.13047,0.0190767,4.38405,-0.187562,-0.82228,FGM,1.06743,0.714964,0.956083,1.06743,0.552959,0.714964,0
4.72167,5.01755,8.13141,0.0171244,4.38481,-0.185921,-0.815228,FGM,1.06221,0.703244,0.95231,1.06221,0.552959,0.703244,0
4.72933,5.01755,8.13141,0.0171244,4.38481,-0.185921,-0.815228,FGM,1.06221,0.703244,0.95231,1.06221,0.552959,0.703244,0
4.73493,5.06139,8.13233,0.0156548,4.38553,-0.094819,-0.415832,FGM,1.06221,0.703244,0.95231,1.06221,0.552959,0.703244,0
4.74164,5.10524,8.13328,0.0151415,4.38622,-0.0276767,-0.121396,FGM,1.06221,0.703244,0.95231,1.06221,0.552959,0.703244,0
4.74612,5.10524,8.13328,0.0151415,4.38622,-0.0276767,-0.121396,FGM,1.06221,0.703244,0.95231,1.06221,0.552959,0.703244,0
4.75231,5.1491,8.13421,0.0150706,4.38687,0.028091,0.123232,FGM,1.06221,0.703244,0.95231,1.06221,0.552959,0.703244,0
4.76113,5.19296,8.13517,0.0156416,4.3875,0.0673679,0.295576,FGM,1.06221,0.703244,0.95231,1.06221,0.552959,0.703244,0
4.76587,5.19296,8.13517,0.0156416,4.3875,0.0673679,0.295576,FGM,1.06221,0.703244,0.95231,1.06221,0.552959,0.703244,0
4.76701,5.19296,8.13517,0.0156416,4.3875,0.0673679,0.295576,FGM,1.06221,0.703244,0.95231,1.06221,0.552959,0.703244,0
4.77372,5.23683,8.13613,0.0164071,4.38809,0.101218,0.444155,FGM,1.07284,0.684784,0.953735,1.07284,0.552959,0.684784,0
4.78119,5.2807,8.13711,0.0176198,4.38866,0.123305,0.541145,FGM,1.07284,0.684784,0.953735,1.07284,0.552959,0.684784,0
4.78676,5.2807,8.13711,0.0176198,4.38866,0.123305,0.541145,FGM,1.07284,0.684784,0.953735,1.07284,0.552959,0.684784,0
4.79933,5.32458,8.13809,0.0188747,4.3892,0.143718,0.630805,FGM,1.07284,0.684784,0.953735,1.07284,0.552959,0.684784,0
4.80175,5.36846,8.13911,0.020458,4.38971,0.155336,0.68188,FGM,1.07284,0.684784,0.953735,1.07284,0.552959,0.684784,0
4.80719,5.36846,8.13911,0.020458,4.38971,0.155336,0.68188,FGM,1.07284,0.684784,0.953735,1.07284,0.552959,0.684784,0
4.81408,5.41235,8.14014,0.0219908,4.3902,0.167626,0.735911,FGM,1.07284,0.684784,0.953735,1.07284,0.552959,0.684784,0
4.82645,5.45624,8.14122,0.0237804,4.39067,0.172971,0.759457,FGM,1.07284,0.684784,0.953735,1.07284,0.552959,0.684784,0
4.8271,5.45624,8.14122,0.0237804,4.39067,0.172971,0.759457,FGM,1.07801,0.698851,0.96012,1.07801,0.552959,0.698851,0
4.83032,5.50013,8.1423,0.0251473,4.39111,0.086932,0.381728,FGM,1.07801,0.698851,0.96012,1.07801,0.552959,0.698851,0
4.8356,5.50013,8.1423,0.0251473,4.39111,0.086932,0.381728,FGM,1.07801,0.698851,0.96012,1.07801,0.552959,0.698851,0
4.84151,5.54403,8.14333,0.025601,4.39153,0.0234786,0.103107,FGM,1.07801,0.698851,0.96012,1.07801,0.552959,0.698851,0
4.84651,5.54403,8.14333,0.025601,4.39153,0.0234786,0.103107,FGM,1.07801,0.698851,0.96012,1.07801,0.552959,0.698851,0
4.85805,5.58794,8.14434,0.025644,4.39194,-0.0296539,-0.130238,FGM,1.07801,0.698851,0.96012,1.07801,0.552959,0.698851,0
4.86395,5.63185,8.14532,0.0250671,4.39232,-0.0670931,-0.294694,FGM,1.07801,0.698851,0.96012,1.07801,0.552959,0.698851,0
4.86501,5.63185,8.14532,0.0250671,4.39232,-0.0670931,-0.294694,FGM,1.07801,0.698851,0.96012,1.07801,0.552959,0.698851,0
4.87216,5.67576,8.14628,0.024311,4.39268,-0.0997084,-0.437988,FGM,1.07801,0.698851,0.96012,1.07801,0.552959,0.698851,0
4.87607,5.67576,8.14628,0.024311,4.39268,-0.0997084,-0.437988,FGM,1.09709,0.720537,0.951632,1.09709,0.552959,0.720537,0
4.89163,5.71968,8.14721,0.0231175,4.39303,-0.121007,-0.531588,FGM,1.09709,0.720537,0.951632,1.09709,0.552959,0.720537,0
4.89173,5.76361,8.14811,0.0218882,4.39336,-0.140961,-0.619293,FGM,1.09709,0.720537,0.951632,1.09709,0.552959,0.720537,0
4.89651,5.76361,8.14811,0.0218882,4.39336,-0.140961,-0.619293,FGM,1.09709,0.720537,0.951632,1.09709,0.552959,0.720537,0
4.90023,5.80753,8.14897,0.0203337,4.39368,-0.152359,-0.669415,FGM,1.09709,0.720537,0.951632,1.09709,0.552959,0.720537,0
4.90569,5.80753,8.14897,0.0203337,4.39368,-0.152359,-0.669415,FGM,1.09709,0.720537,0.951632,1.09709,0.552959,0.720537,0
4.91115,5.85146,8.14981,0.0188312,4.39398,-0.164598,-0.723239,FGM,1.09709,0.720537,0.951632,1.09709,0.552959,0.720537,0
4.9213,5.85146,8.14981,0.0188312,4.39398,-0.164598,-0.723239,FGM,1.09709,0.720537,0.951632,1.09709,0.552959,0.720537,0
4.92334,5.8954,8.15059,0.0170715,4.39427,-0.170007,-0.747057,FGM,1.09709,0.720537,0.951632,1.09709,0.552959,0.720537,0
4.93029,5.93934,8.15134,0.0154166,4.39454,-0.17762,-0.780557,FGM,1.09987,0.688776,0.95685,1.09987,0.558769,0.688776,0
4.93551,5.93934,8.15134,0.0154166,4.39454,-0.17762,-0.780557,FGM,1.09987,0.688776,0.95685,1.09987,0.558769,0.688776,0
4.9417,5.98328,8.15203,0.0135453,4.3948,-0.179473,-0.788748,FGM,1.09987,0.688776,0.95685,1.09987,0.558769,0.688776,0
4.94613,5.98328,8.15203,0.0135453,4.3948,-0.179473,-0.788748,FGM,1.09987,0.688776,0.95685,1.09987,0.558769,0.688776,0
4.95494,6.02722,8.15269,0.0118099,4.39505,-0.184369,-0.810308,FGM,1.09987,0.688776,0.95685,1.09987,0.558769,0.688776,0
4.95579,6.02722,8.15269,0.0118099,4.39505,-0.184369,-0.810308,FGM,1.09987,0.688776,0.95685,1.09987,0.558769,0.688776,0
4.96163,6.07117,8.15327,0.00988194,4.39528,-0.18416,-0.809436,FGM,1.09987,0.688776,0.95685,1.09987,0.558769,0.688776,0
4.96623,6.07117,8.15327,0.00988194,4.39528,-0.18416,-0.809436,FGM,1.09987,0.688776,0.95685,1.09987,0.558769,0.688776,0
4.97209,6.11512,8.15381,0.00810785,4.39551,-0.187505,-0.824177,FGM,1.09298,0.6856,0.968784,1.09298,0.558769,0.6856,0
4.97592,6.11512,8.15381,0.00810785,4.39551,-0.187505,-0.824177,FGM,1.09298,0.6856,0.968784,1.09298,0.558769,0.6856,0
4.98558,6.15907,8.15427,0.00615455,4.39572,-0.186141,-0.818222,FGM,1.09298,0.6856,0.968784,1.09298,0.558769,0.6856,0
4.9918,6.20303,8.15469,0.00436513,4.39592,-0.188635,-0.829227,FGM,1.09298,0.6856,0.968784,1.09298,0.558769,0.6856,0
4.99374,6.20303,8.15469,0.00436513,4.39592,-0.188635,-0.829227,FGM,1.09298,0.6856,0.968784,1.09298,0.558769,0.6856,0
5.0002,6.24699,8.15503,0.00240377,4.39612,-0.186656,-0.820563,FGM,1.09298,0.6856,0.968784,1.09298,0.558769,0.6856,0
5.00447,6.24699,8.15503,0.00240377,4.39612,-0.186656,-0.820563,FGM,1.09298,0.6856,0.968784,1.09298,0.558769,0.6856,0
5.01068,6.29095,8.15531,0.00061151,4.3963,-0.188715,-0.829647,FGM,1.09298,0.6856,0.968784,1.09298,0.558769,0.6856,0
5.01855,6.29095,8.15531,0.00061151,4.3963,-0.188715,-0.829647,FGM,1.09298,0.6856,0.968784,1.09298,0.558769,0.6856,0
5.02612,6.33491,8.15551,-0.00134905,4.39648,-0.186435,-0.819657,FGM,1.09282,0.674752,0.960906,1.09282,0.558769,0.674752,0
5.02986,6.37888,8.15565,-0.00313802,4.39664,-0.188294,-0.827864,FGM,1.09282,0.674752,0.960906,1.09282,0.558769,0.674752,0
5.03409,6.37888,8.15565,-0.00313802,4.39664,-0.188294,-0.827864,FGM,1.09282,0.674752,0.960906,1.09282,0.558769,0.674752,0
5.04132,6.42285,8.15571,-0.00509371,4.3968,-0.185891,-0.817327,FGM,1.09282,0.674752,0.960906,1.09282,0.558769,0.674752,0
5.05116,6.42285,8.15571,-0.00509371,4.3968,-0.185891,-0.817327,FGM,1.09282,0.674752,0.960906,1.09282,0.558769,0.674752,0
5.05267,6.46681,8.15573,-0.00671811,4.39696,-0.140865,-0.619377,FGM,1.09282,0.674752,0.960906,1.09282,0.558769,0.674752,0
5.05953,6.51078,8.15572,-0.00778537,4.3971,-0.0590009,-0.259433,FGM,1.09282,0.674752,0.960906,1.09282,0.558769,0.674752,0
5.06474,6.51078,8.15572,-0.00778537,4.3971,-0.0590009,-0.259433,FGM,1.09282,0.674752,0.960906,1.09282,0.558769,0.674752,0
5.07049,6.55476,8.15572,-0.00797848,4.39724,0.000776339,0.00341375,FGM,1.09282,0.674752,0.960906,1.09282,0.558769,0.674752,0
5.07556,6.55476,8.15572,-0.00797848,4.39724,0.000776339,0.00341375,FGM,1.08828,0.691149,0.955217,1.08828,0.558769,0.691149,0
5.08322,6.59873,8.15569,-0.00795423,4.39737,0.00386392,0.0169911,FGM,1.08828,0.691149,0.955217,1.08828,0.558769,0.691149,0
5.08991,6.6427,8.15565,-0.00774602,4.3975,0.0526916,0.231711,FGM,1.08828,0.691149,0.955217,1.08828,0.558769,0.691149,0
5.09529,6.6427,8.15565,-0.00774602,4.3975,0.0526916,0.231711,FGM,1.08828,0.691149,0.955217,1.08828,0.558769,0.691149,0
5.10081,6.68668,8.15562,-0.00695726,4.39761,0.0865111,0.380443,FGM,1.08828,0.691149,0.955217,1.08828,0.558769,0.691149,0
5.1045,6.68668,8.15562,-0.00695726,4.39761,0.0865111,0.380443,FGM,1.08828,0.691149,0.955217,1.08828,0.558769,0.691149,0
5.11852,6.73066,8.15558,-0.00602277,4.39773,0.116086,0.510514,FGM,1.08828,0.691149,0.955217,1.08828,0.558769,0.691149,0
5.12244,6.77463,8.15558,-0.00467856,4.39784,0.134828,0.59295,FGM,1.07659,0.662653,0.952035,1.07659,0.558769,0.662653,0
5.12638,6.77463,8.15558,-0.00467856,4.39784,0.134828,0.59295,FGM,1.07659,0.662653,0.952035,1.07659,0.558769,0.662653,0
5.13375,6.81861,8.15558,-0.00332221,4.39794,0.152634,0.671275,FGM,1.07659,0.662653,0.952035,1.07659,0.558769,0.662653,0
5.14669,6.86259,8.15561,-0.00166022,4.39804,0.162225,0.713471,FGM,1.07659,0.662653,0.952035,1.07659,0.558769,0.662653,0
5.14675,6.86259,8.15561,-0.00166022,4.39804,0.162225,0.713471,FGM,1.07659,0.662653,0.952035,1.07659,0.558769,0.662653,0
5.15327,6.90657,8.15566,-6.68567e-05,4.39813,0.172946,0.760639,FGM,1.07659,0.662653,0.952035,1.07659,0.558769,0.662653,0
5.15519,6.90657,8.15566,-6.68567e-05,4.39813,0.172946,0.760639,FGM,1.07659,0.662653,0.952035,1.07659,0.558769,0.662653,0
5.16148,6.95055,8.15576,0.00176976,4.39822,0.177077,0.778825,FGM,1.07659,0.662653,0.952035,1.07659,0.558769,0.662653,0
5.16607,6.95055,8.15576,0.00176976,4.39822,0.177077,0.778825,FGM,1.07659,0.662653,0.952035,1.07659,0.558769,0.662653,0
5.17821,6.99454,8.15586,0.00317218,4.3983,0.0899498,0.395627,FGM,1.09067,0.716203,0.955977,1.09067,0.558769,0.716203,0
5.18587,7.03852,8.15591,0.00365156,4.39838,0.0256455,0.112799,FGM,1.09067,0.716203,0.955977,1.09067,0.558769,0.716203,0
5.18972,7.0825,8.15595,0.00371284,4.39846,-0.0281534,-0.123832,FGM,1.09067,0.716203,0.955977,1.09067,0.558769,0.716203,0
5.19517,7.0825,8.15595,0.00371284,4.39846,-0.0281534,-0.123832,FGM,1.09067,0.716203,0.955977,1.09067,0.558769,0.716203,0
5.20152,7.12649,8.15595,0.00314813,4.39853,-0.0661098,-0.290786,FGM,1.09067,0.716203,0.955977,1.09067,0.558769,0.716203,0
5.21746,7.17048,8.15594,0.00239992,4.3986,-0.0991271,-0.436021,FGM,1.09067,0.716203,0.955977,1.09067,0.558769,0.716203,0
5.22116,7.21446,8.15589,0.00121052,4.39867,-0.120733,-0.531066,FGM,1.09067,0.716203,0.955977,1.09067,0.558769,0.716203,0
5.22538,7.21446,8.15589,0.00121052,4.39867,-0.120733,-0.531066,FGM,1.10095,0.688102,0.956993,1.10095,0.558769,0.688102,0
5.23084,7.25845,8.15585,0.000300476,4.39873,-0.047248,-0.207831,FGM,1.10095,0.688102,0.956993,1.10095,0.558769,0.688102,0
5.24385,7.25845,8.15585,0.000300476,4.39873,-0.047248,-0.207831,FGM,1.10095,0.688102,0.956993,1.10095,0.558769,0.688102,0
5.24532,7.30244,8.15587,0.000192794,4.39879,0.00643843,0.0283213,FGM,1.10095,0.688102,0.956993,1.10095,0.558769,0.688102,0
5.25457,7.34642,8.15591,0.000409421,4.39885,0.0520077,0.228774,FGM,1.10095,0.688102,0.956993,1.10095,0.558769,0.688102,0
5.26004,7.39041,8.156,0.00117955,4.39891,0.0836154,0.367816,FGM,1.10095,0.688102,0.956993,1.10095,0.558769,0.688102,0
5.27925,7.39041,8.156,0.00117955,4.39891,0.0836154,0.367816,FGM,1.10095,0.688102,0.956993,1.10095,0.558769,0.688102,0
5.27935,7.4344,8.15612,0.00207735,4.39896,0.111762,0.491636,FGM,1.10095,0.688102,0.956993,1.10095,0.558769,0.688102,0
5.28753,7.47839,8.15628,0.00337368,4.39901,0.129655,0.570351,FGM,1.08652,0.696209,0.948167,1.08652,0.558769,0.696209,0
5.29326,7.52238,8.15647,0.00467585,4.39905,0.147034,0.646811,FGM,1.08652,0.696209,0.948167,1.08652,0.558769,0.696209,0
5.29974,7.56637,8.15671,0.00628103,4.3991,0.1565,0.68846,FGM,1.08652,0.696209,0.948167,1.08652,0.558769,0.696209,0
5.31679,7.61036,8.15699,0.0078174,4.39914,0.167307,0.736008,FGM,1.08652,0.696209,0.948167,1.08652,0.558769,0.696209,0
5.32263,7.65435,8.15732,0.00959869,4.39918,0.171666,0.755191,FGM,1.10545,0.696464,0.956123,1.10545,0.558769,0.696464,0
5.32878,7.69834,8.15768,0.0111073,4.39922,0.13168,0.579288,FGM,1.10545,0.696464,0.956123,1.10545,0.558769,0.696464,0
5.33835,7.69834,8.15768,0.0111073,4.39922,0.13168,0.579288,FGM,1.10545,0.696464,0.956123,1.10545,0.558769,0.696464,0
5.3457,7.74233,8.15807,0.0124199,4.39926,0.147206,0.647599,FGM,1.10545,0.696464,0.956123,1.10545,0.558769,0.696464,0
5.35042,7.78632,8.15853,0.01402,4.39929,0.155396,0.683633,FGM,1.10545,0.696464,0.956123,1.10545,0.558769,0.696464,0
5.3544,7.78632,8.15853,0.01402,4.39929,0.155396,0.683633,FGM,1.10545,0.696464,0.956123,1.10545,0.558769,0.696464,0
5.36111,7.83031,8.15901,0.0152231,4.39933,0.0716724,0.31531,FGM,1.10545,0.696464,0.956123,1.10545,0.558769,0.696464,0
5.37018,7.83031,8.15901,0.0152231,4.39933,0.0716724,0.31531,FGM,1.10545,0.696464,0.956123,1.10545,0.558769,0.696464,0
5.37229,7.87431,8.15946,0.0155345,4.39936,0.0102399,0.0450489,FGM,1.10545,0.696464,0.956123,1.10545,0.558769,0.696464,0
5.37694,7.87431,8.15946,0.0155345,4.39936,0.0102399,0.0450489,FGM,1.11411,0.717967,0.976121,1.11411,0.586292,0.717967,0
5.38528,7.9183,8.15991,0.0154542,4.39939,-0.0411376,-0.18098,FGM,1.11411,0.717967,0.976121,1.11411,0.586292,0.717967,0
5.39066,7.96229,8.16034,0.0147701,4.39942,-0.0770523,-0.338985,FGM,1.11411,0.717967,0.976121,1.11411,0.586292,0.717967,0
5.4015,7.96229,8.16034,0.0147701,4.39942,-0.0770523,-0.338985,FGM,1.11411,0.717967,0.976121,1.11411,0.586292,0.717967,0
5.40415,8.00628,8.16076,0.0139213,4.39945,-0.108349,-0.476676,FGM,1.11411,0.717967,0.976121,1.11411,0.586292,0.717967,0
5.41015,8.05027,8.16115,0.0126472,4.39947,-0.128505,-0.565355,FGM,1.11411,0.717967,0.976121,1.11411,0.586292,0.717967,0
5.41509,8.05027,8.16115,0.0126472,4.39947,-0.128505,-0.565355,FGM,1.11411,0.717967,0.976121,1.11411,0.586292,0.717967,0
5.42059,8.09427,8.16153,0.0113481,4.3995,-0.147473,-0.648809,FGM,1.11411,0.717967,0.976121,1.11411,0.586292,0.717967,0
5.42456,8.09427,8.16153,0.0113481,4.3995,-0.147473,-0.648809,FGM,1.10695,0.692395,0.972783,1.10695,0.586292,0.692395,0
5.43625,8.13826,8.16188,0.00973271,4.39952,-0.158018,-0.695203,FGM,1.10695,0.692395,0.972783,1.10695,0.586292,0.692395,0
5.43994,8.18226,8.1622,0.00817741,4.39954,-0.169521,-0.745816,FGM,1.10695,0.692395,0.972783,1.10695,0.586292,0.692395,0
5.4439,8.18226,8.1622,0.00817741,4.39954,-0.169521,-0.745816,FGM,1.10695,0.692395,0.972783,1.10695,0.586292,0.692395,0
5.4502,8.22625,8.16248,0.0063717,4.39957,-0.174294,-0.766818,FGM,1.10695,0.692395,0.972783,1.10695,0.586292,0.692395,0
5.45462,8.22625,8.16248,0.0063717,4.39957,-0.174294,-0.766818,FGM,1.10695,0.692395,0.972783,1.10695,0.586292,0.692395,0
5.46518,8.27024,8.16275,0.00499451,4.39959,-0.0876643,-0.385687,FGM,1.10695,0.692395,0.972783,1.10695,0.586292,0.692395,0
5.46527,8.27024,8.16275,0.00499451,4.39959,-0.0876643,-0.385687,FGM,1.10695,0.692395,0.972783,1.10695,0.586292,0.692395,0
5.47438,8.31424,8.16307,0.00453592,4.39961,-0.0237662,-0.104562,FGM,1.10695,0.692395,0.972783,1.10695,0.586292,0.692395,0
5.47852,8.35823,8.16338,0.004174,4.39963,-0.0639923,-0.281542,FGM,1.11068,0.690947,0.956918,1.11068,0.586292,0.690947,0
5.4835,8.35823,8.16338,0.004174,4.39963,-0.0639923,-0.281542,FGM,1.11068,0.690947,0.956918,1.11068,0.586292,0.690947,0
5.49002,8.40223,8.16362,0.00330508,4.39964,-0.0915822,-0.402929,FGM,1.11068,0.690947,0.956918,1.11068,0.586292,0.690947,0
5.50231,8.44623,8.16382,0.00234333,4.39966,-0.116739,-0.513611,FGM,1.11068,0.690947,0.956918,1.11068,0.586292,0.690947,0
5.50528,8.44623,8.16382,0.00234333,4.39966,-0.116739,-0.513611,FGM,1.11068,0.690947,0.956918,1.11068,0.586292,0.690947,0
5.51034,8.49022,8.16396,0.00100878,4.39968,-0.132435,-0.58267,FGM,1.11068,0.690947,0.956918,1.11068,0.586292,0.690947,0
5.51529,8.49022,8.16396,0.00100878,4.39968,-0.132435,-0.58267,FGM,1.11068,0.690947,0.956918,1.11068,0.586292,0.690947,0
5.52171,8.53422,8.16406,-0.000312791,4.39969,-0.148227,-0.652153,FGM,1.10545,0.695812,0.959581,1.10545,0.586292,0.695812,0
5.53078,8.53422,8.16406,-0.000312791,4.39969,-0.148227,-0.652153,FGM,1.10545,0.695812,0.959581,1.10545,0.586292,0.695812,0
5.53238,8.57822,8.16409,-0.00192395,4.39971,-0.15657,-0.688861,FGM,1.10545,0.695812,0.959581,1.10545,0.586292,0.695812,0
5.54007,8.62221,8.16409,-0.00345691,4.39972,-0.166606,-0.733018,FGM,1.10545,0.695812,0.959581,1.10545,0.586292,0.695812,0
5.5445,8.62221,8.16409,-0.00345691,4.39972,-0.166606,-0.733018,FGM,1.10545,0.695812,0.959581,1.10545,0.586292,0.695812,0
5.55043,8.66621,8.16401,-0.00522846,4.39973,-0.170457,-0.749966,FGM,1.10545,0.695812,0.959581,1.10545,0.586292,0.695812,0
5.55543,8.66621,8.16401,-0.00522846,4.39973,-0.170457,-0.749966,FGM,1.10545,0.695812,0.959581,1.10545,0.586292,0.695812,0
5.56297,8.71021,8.16392,-0.00656438,4.39975,-0.0833051,-0.366521,FGM,1.10545,0.695812,0.959581,1.10545,0.586292,0.695812,0
5.56798,8.71021,8.16392,-0.00656438,4.39975,-0.0833051,-0.366521,FGM,1.10545,0.695812,0.959581,1.10545,0.586292,0.695812,0
5.57275,8.75421,8.16385,-0.00697802,4.39976,-0.0191764,-0.0843716,FGM,1.10545,0.695812,0.959581,1.10545,0.586292,0.695812,0
5.5788,8.7982,8.16378,-0.00697609,4.39977,0.0343155,0.15098,FGM,1.09525,0.702963,0.964244,1.09525,0.586292,0.702963,0
5.58484,8.7982,8.16378,-0.00697609,4.39977,0.0343155,0.15098,FGM,1.09525,0.702963,0.964244,1.09525,0.586292,0.702963,0
5.59458,8.8422,8.16374,-0.00635162,4.39978,0.0718831,0.31627,FGM,1.09525,0.702963,0.964244,1.09525,0.586292,0.702963,0
5.5994,8.8862,8.1637,-0.00554785,4.39979,0.104467,0.459635,FGM,1.09525,0.702963,0.964244,1.09525,0.586292,0.702963,0
5.60303,8.8862,8.1637,-0.00554785,4.39979,0.104467,0.459635,FGM,1.09525,0.702963,0.964244,1.09525,0.586292,0.702963,0
5.60975,8.9302,8.16368,-0.00430727,4.3998,0.125622,0.552714,FGM,1.09525,0.702963,0.964244,1.09525,0.586292,0.702963,0
5.61376,8.9302,8.16368,-0.00430727,4.3998,0.125622,0.552714,FGM,1.09525,0.702963,0.964244,1.09525,0.586292,0.702963,0
5.62876,8.9742,8.16368,-0.00303298,4.39981,0.145362,0.639565,FGM,1.09525,0.702963,0.964244,1.09525,0.586292,0.702963,0
5.62887,8.9742,8.16368,-0.00303298,4.39981,0.145362,0.639565,FGM,1.09796,0.697888,0.95172,1.09796,0.586292,0.697888,0
5.62892,8.9742,8.16368,-0.00303298,4.39981,0.145362,0.639565,FGM,1.09796,0.697888,0.95172,1.09796,0.586292,0.697888,0
5.63409,9.01819,8.16371,-0.00143566,4.39982,0.156498,0.688565,FGM,1.09796,0.697888,0.95172,1.09796,0.586292,0.697888,0
5.63566,9.01819,8.16371,-0.00143566,4.39982,0.156498,0.688565,FGM,1.09796,0.697888,0.95172,1.09796,0.586292,0.697888,0
5.64305,9.06219,8.16376,0.000106811,4.39983,0.168454,0.741169,FGM,1.09796,0.697888,0.95172,1.09796,0.586292,0.697888,0
5.64897,9.10619,8.16386,0.00190364,4.39984,0.173569,0.763676,FGM,1.09796,0.697888,0.95172,1.09796,0.586292,0.697888,0
5.659,9.10619,8.16386,0.00190364,4.39984,0.173569,0.763676,FGM,1.09796,0.697888,0.95172,1.09796,0.586292,0.697888,0
5.66621,9.15019,8.16398,0.00359262,4.39984,0.18089,0.795888,FGM,1.09796,0.697888,0.95172,1.09796,0.586292,0.697888,0
5.66629,9.15019,8.16398,0.00359262,4.39984,0.18089,0.795888,FGM,1.09796,0.697888,0.95172,1.09796,0.586292,0.697888,0
5.67149,9.19419,8.16416,0.00549527,4.39985,0.182458,0.80279,FGM,1.09796,0.697888,0.95172,1.09796,0.586292,0.697888,0
5.6787,9.23818,8.16438,0.00725903,4.39986,0.187084,0.823142,FGM,1.10222,0.710369,0.954983,1.10222,0.586292,0.710369,0
5.69085,9.23818,8.16438,0.00725903,4.39986,0.187084,0.823142,FGM,1.10222,0.710369,0.954983,1.10222,0.586292,0.710369,0
5.69101,9.28218,8.16466,0.00921297,4.39987,0.18662,0.821103,FGM,1.10222,0.710369,0.954983,1.10222,0.586292,0.710369,0
5.69648,9.28218,8.16466,0.00921297,4.39987,0.18662,0.821103,FGM,1.10222,0.710369,0.954983,1.10222,0.586292,0.710369,0
5.70245,9.32618,8.16497,0.0108515,4.39987,0.142878,0.628646,FGM,1.10222,0.710369,0.954983,1.10222,0.586292,0.710369,0
5.70849,9.37018,8.16529,0.0119433,4.39988,0.0618051,0.271935,FGM,1.10222,0.710369,0.954983,1.10222,0.586292,0.710369,0
5.71337,9.37018,8.16529,0.0119433,4.39988,0.0618051,0.271935,FGM,1.10222,0.710369,0.954983,1.10222,0.586292,0.710369,0
5.72272,9.41417,8.16558,0.0121669,4.39988,0.00248058,0.0109143,FGM,1.10222,0.710369,0.954983,1.10222,0.586292,0.710369,0
5.7237,9.41417,8.16558,0.0121669,4.39988,0.00248058,0.0109143,FGM,1.10222,0.710369,0.954983,1.10222,0.586292,0.710369,0
5.73128,9.45817,8.16588,0.0121765,4.39989,-0.000373464,-0.0016432,FGM,1.1091,0.700237,0.962883,1.1091,0.586292,0.700237,0
5.73589,9.45817,8.16588,0.0121765,4.39989,-0.000373464,-0.0016432,FGM,1.1091,0.700237,0.962883,1.1091,0.586292,0.700237,0
5.74198,9.50217,8.1662,0.0120035,4.39989,-0.0491715,-0.216349,FGM,1.1091,0.700237,0.962883,1.1091,0.586292,0.700237,0
5.746,9.50217,8.1662,0.0120035,4.39989,-0.0491715,-0.216349,FGM,1.1091,0.700237,0.962883,1.1091,0.586292,0.700237,0
5.75299,9.54617,8.16649,0.0112496,4.3999,-0.0830809,-0.365548,FGM,1.1091,0.700237,0.962883,1.1091,0.586292,0.700237,0
5.7593,9.59017,8.16677,0.0103486,4.3999,-0.112826,-0.496422,FGM,1.1091,0.700237,0.962883,1.1091,0.586292,0.700237,0
5.76395,9.59017,8.16677,0.0103486,4.3999,-0.112826,-0.496422,FGM,1.1091,0.700237,0.962883,1.1091,0.586292,0.700237,0
5.77135,9.63416,8.16703,0.00903592,4.39991,-0.131786,-0.579847,FGM,1.11213,0.695798,0.960051,1.11213,0.586292,0.695798,0
5.77601,9.63416,8.16703,0.00903592,4.39991,-0.131786,-0.579847,FGM,1.11213,0.695798,0.960051,1.11213,0.586292,0.695798,0
5.78691,9.67816,8.16727,0.00770881,4.39991,-0.149839,-0.659276,FGM,1.11213,0.695798,0.960051,1.11213,0.586292,0.695798,0
5.78748,9.67816,8.16727,0.00770881,4.39991,-0.149839,-0.659276,FGM,1.11213,0.695798,0.960051,1.11213,0.586292,0.695798,0
5.79492,9.72216,8.16747,0.00607346,4.39992,-0.159686,-0.702604,FGM,1.11213,0.695798,0.960051,1.11213,0.586292,0.695798,0
5.80101,9.76616,8.16765,0.00450424,4.39992,-0.170663,-0.750904,FGM,1.11213,0.695798,0.960051,1.11213,0.586292,0.695798,0
5.80489,9.76616,8.16765,0.00450424,4.39992,-0.170663,-0.750904,FGM,1.11213,0.695798,0.960051,1.11213,0.586292,0.695798,0
5.81029,9.81016,8.16778,0.00268918,4.39993,-0.175042,-0.770171,FGM,1.11213,0.695798,0.960051,1.11213,0.586292,0.695798,0
5.81742,9.81016,8.16778,0.00268918,4.39993,-0.175042,-0.770171,FGM,1.11213,0.695798,0.960051,1.11213,0.586292,0.695798,0
5.82275,9.85416,8.16788,0.000988354,4.39993,-0.181814,-0.79997,FGM,1.11213,0.695798,0.960051,1.11213,0.586292,0.695798,0
5.82688,9.85416,8.16788,0.000988354,4.39993,-0.181814,-0.79997,FGM,1.10458,0.695086,0.975134,1.10458,0.59296,0.695086,0
5.83044,9.89816,8.16792,-0.000921421,4.39993,-0.18298,-0.805098,FGM,1.10458,0.695086,0.975134,1.10458,0.59296,0.695086,0
5.83494,9.89816,8.16792,-0.000921421,4.39993,-0.18298,-0.805098,FGM,1.10458,0.695086,0.975134,1.10458,0.59296,0.695086,0
5.8403,9.94216,8.16792,-0.00268885,4.39994,-0.187313,-0.824165,FGM,1.10458,0.695086,0.975134,1.10458,0.59296,0.695086,0
5.85183,9.94216,8.16792,-0.00268885,4.39994,-0.187313,-0.824165,FGM,1.10458,0.695086,0.975134,1.10458,0.59296,0.695086,0
5.85189,9.98616,8.16786,-0.00464399,4.39994,-0.186642,-0.821214,FGM,1.10458,0.695086,0.975134,1.10458,0.59296,0.695086,0
5.86031,10.0302,8.16777,-0.00612315,4.39994,-0.0959066,-0.421984,FGM,1.10458,0.695086,0.975134,1.10458,0.59296,0.695086,0
5.86632,10.0302,8.16777,-0.00612315,4.39994,-0.0959066,-0.421984,FGM,1.10458,0.695086,0.975134,1.10458,0.59296,0.695086,0
5.87365,10.0742,8.16772,-0.00664808,4.39994,-0.0289474,-0.127367,FGM,1.09893,0.705316,0.957421,1.09893,0.59296,0.705316,0
5.88259,10.1182,8.16767,-0.00673226,4.39995,0.0267752,0.117809,FGM,1.09893,0.705316,0.957421,1.09893,0.59296,0.705316,0
5.8911,10.1622,8.16764,-0.00617407,4.39995,0.0660959,0.290819,FGM,1.09893,0.705316,0.957421,1.09893,0.59296,0.705316,0
5.89578,10.1622,8.16764,-0.00617407,4.39995,0.0660959,0.290819,FGM,1.09893,0.705316,0.957421,1.09893,0.59296,0.705316,0
5.90158,10.2062,8.16761,-0.00542102,4.39995,0.100054,0.440234,FGM,1.09893,0.705316,0.957421,1.09893,0.59296,0.705316,0
5.90582,10.2062,8.16761,-0.00542102,4.39995,0.100054,0.440234,FGM,1.09893,0.705316,0.957421,1.09893,0.59296,0.705316,0
5.91545,10.2502,8.16761,-0.00421899,4.39995,0.122282,0.538037,FGM,1.09893,0.705316,0.957421,1.09893,0.59296,0.705316,0
5.92117,10.2942,8.16761,-0.00297375,4.39996,0.142857,0.628566,FGM,1.09893,0.705316,0.957421,1.09893,0.59296,0.705316,0
5.92316,10.2942,8.16761,-0.00297375,4.39996,0.142857,0.628566,FGM,1.09893,0.705316,0.957421,1.09893,0.59296,0.705316,0
5.92999,10.3382,8.16765,-0.00139809,4.39996,0.154641,0.680415,FGM,1.09939,0.711466,0.96799,1.09939,0.59296,0.711466,0
5.93445,10.3382,8.16765,-0.00139809,4.39996,0.154641,0.680415,FGM,1.09939,0.711466,0.96799,1.09939,0.59296,0.711466,0
5.94554,10.3822,8.16771,0.000128411,4.39996,0.167096,0.735216,FGM,1.09939,0.711466,0.96799,1.09939,0.59296,0.711466,0
5.9459,10.3822,8.16771,0.000128411,4.39996,0.167096,0.735216,FGM,1.09939,0.711466,0.96799,1.09939,0.59296,0.711466,0
5.95208,10.4262,8.16782,0.00191366,4.39996,0.172594,0.759407,FGM,1.09939,0.711466,0.96799,1.09939,0.59296,0.711466,0
5.95695,10.4262,8.16782,0.00191366,4.39996,0.172594,0.759407,FGM,1.09939,0.711466,0.96799,1.09939,0.59296,0.711466,0
5.9632,10.4702,8.16795,0.00359441,4.39996,0.180207,0.792903,FGM,1.09939,0.711466,0.96799,1.09939,0.59296,0.711466,0
5.96842,10.5142,8.16814,0.00549139,4.39997,0.181996,0.800776,FGM,1.09939,0.711466,0.96799,1.09939,0.59296,0.711466,0
5.9799,10.5142,8.16814,0.00549139,4.39997,0.181996,0.800776,FGM,1.10718,0.709703,0.971143,1.10718,0.59296,0.709703,0
5.97998,10.5581,8.16836,0.0072514,4.39997,0.186787,0.821855,FGM,1.10718,0.709703,0.971143,1.10718,0.59296,0.709703,0
5.98497,10.5581,8.16836,0.0072514,4.39997,0.186787,0.821855,FGM,1.10718,0.709703,0.971143,1.10718,0.59296,0.709703,0
5.99153,10.6021,8.16864,0.00920301,4.39997,0.186445,0.820354,FGM,1.10718,0.709703,0.971143,1.10718,0.59296,0.709703,0
5.99859,10.6461,8.16897,0.0109991,4.39997,0.189643,0.834424,FGM,1.10718,0.709703,0.971143,1.10718,0.59296,0.709703,0
6.00941,10.6461,8.16897,0.0109991,4.39997,0.189643,0.834424,FGM,1.10718,0.709703,0.971143,1.10718,0.59296,0.709703,0
6.01238,10.6901,8.16937,0.0129731,4.39997,0.188124,0.827742,FGM,1.10718,0.709703,0.971143,1.10718,0.59296,0.709703,0
6.01673,10.6901,8.16937,0.0129731,4.39997,0.188124,0.827742,FGM,1.10718,0.709703,0.971143,1.10718,0.59296,0.709703,0
6.02135,10.7341,8.16979,0.0144638,4.39997,0.0967627,0.425753,FGM,1.10718,0.709703,0.971143,1.10718,0.59296,0.709703,0
6.02569,10.7341,8.16979,0.0144638,4.39997,0.0967627,0.425753,FGM,1.11805,0.699703,0.964106,1.11805,0.59296,0.699703,0
6.03115,10.7781,8.17018,0.0149949,4.39997,0.0293484,0.129132,FGM,1.11805,0.699703,0.964106,1.11805,0.59296,0.699703,0
6.03581,10.7781,8.17018,0.0149949,4.39997,0.0293484,0.129132,FGM,1.11805,0.699703,0.964106,1.11805,0.59296,0.699703,0
6.04522,10.8221,8.17058,0.0150814,4.39998,-0.0266983,-0.117472,FGM,1.11805,0.699703,0.964106,1.11805,0.59296,0.699703,0
6.04575,10.8221,8.17058,0.0150814,4.39998,-0.0266983,-0.117472,FGM,1.11805,0.699703,0.964106,1.11805,0.59296,0.699703,0
6.05312,10.8661,8.17095,0.0145228,4.39998,-0.066244,-0.291472,FGM,1.11805,0.699703,0.964106,1.11805,0.59296,0.699703,0
6.0614,10.9101,8.17133,0.0137674,4.39998,-0.100352,-0.441548,FGM,1.11805,0.699703,0.964106,1.11805,0.59296,0.699703,0
6.06642,10.9101,8.17133,0.0137674,4.39998,-0.100352,-0.441548,FGM,1.11805,0.699703,0.964106,1.11805,0.59296,0.699703,0
6.07916,10.9541,8.17168,0.0125619,4.39998,-0.122675,-0.539767,FGM,1.11413,0.721268,0.968511,1.11413,0.59296,0.721268,0
6.08208,10.9981,8.17203,0.0113124,4.39998,-0.143303,-0.63053,FGM,1.11413,0.721268,0.968511,1.11413,0.59296,0.721268,0
6.08622,10.9981,8.17203,0.0113124,4.39998,-0.143303,-0.63053,FGM,1.11413,0.721268,0.968511,1.11413,0.59296,0.721268,0
6.09234,11.0421,8.17234,0.0097322,4.39998,-0.15511,-0.682482,FGM,1.11413,0.721268,0.968511,1.11413,0.59296,0.721268,0
6.09915,11.0861,8.17264,0.00820098,4.39998,-0.167568,-0.737294,FGM,1.11413,0.721268,0.968511,1.11413,0.59296,0.721268,0
6.10515,11.0861,8.17264,0.00820098,4.39998,-0.167568,-0.737294,FGM,1.11413,0.721268,0.968511,1.11413,0.59296,0.721268,0
6.11114,11.1301,8.17289,0.00641106,4.39998,-0.173053,-0.761432,FGM,1.11413,0.721268,0.968511,1.11413,0.59296,0.721268,0
6.11369,11.1301,8.17289,0.00641106,4.39998,-0.173053,-0.761432,FGM,1.11413,0.721268,0.968511,1.11413,0.59296,0.721268,0
6.12022,11.1741,8.17312,0.00472582,4.39998,-0.180644,-0.794832,FGM,1.11413,0.721268,0.968511,1.11413,0.59296,0.721268,0
6.12436,11.1741,8.17312,0.00472582,4.39998,-0.180644,-0.794832,FGM,1.11249,0.702028,0.960869,1.11249,0.59296,0.702028,0
6.13095,11.2181,8.17329,0.0028246,4.39998,-0.182406,-0.802583,FGM,1.11249,0.702028,0.960869,1.11249,0.59296,0.702028,0
6.13667,11.2181,8.17329,0.0028246,4.39998,-0.182406,-0.802583,FGM,1.11249,0.702028,0.960869,1.11249,0.59296,0.702028,0
6.14649,11.2621,8.17346,0.00137837,4.39999,-0.0934632,-0.411237,FGM,1.11249,0.702028,0.960869,1.11249,0.59296,0.702028,0
6.14731,11.2621,8.17346,0.00137837,4.39999,-0.0934632,-0.411237,FGM,1.11249,0.702028,0.960869,1.11249,0.59296,0.702028,0
6.15376,11.3061,8.17366,0.000870996,4.39999,-0.0278063,-0.122347,FGM,1.11249,0.702028,0.960869,1.11249,0.59296,0.702028,0
6.16082,11.3501,8.17387,0.000793318,4.39999,0.026989,0.118751,FGM,1.11249,0.702028,0.960869,1.11249,0.59296,0.702028,0
6.17079,11.3941,8.17411,0.00135022,4.39999,0.0656671,0.288934,FGM,1.11249,0.702028,0.960869,1.11249,0.59296,0.702028,0
6.17823,11.3941,8.17411,0.00135022,4.39999,0.0656671,0.288934,FGM,1.11421,0.705642,0.953334,1.11421,0.59296,0.705642,0
6.18145,11.4381,8.17433,0.00177897,4.39999,0.00549477,0.0241769,FGM,1.11421,0.705642,0.953334,1.11421,0.59296,0.705642,0
6.18645,11.4381,8.17433,0.00177897,4.39999,0.00549477,0.0241769,FGM,1.11421,0.705642,0.953334,1.11421,0.59296,0.705642,0
6.19334,11.4821,8.17449,0.00152311,4.39999,-0.037829,-0.166447,FGM,1.11421,0.705642,0.953334,1.11421,0.59296,0.705642,0
6.20131,11.5261,8.17462,0.00119335,4.39999,-0.0285148,-0.125465,FGM,1.11421,0.705642,0.953334,1.11421,0.59296,0.705642,0
6.20507,11.5261,8.17462,0.00119335,4.39999,-0.0285148,-0.125465,FGM,1.11421,0.705642,0.953334,1.11421,0.59296,0.705642,0
6.21104,11.5701,8.17474,0.0009459,4.39999,-0.0212836,-0.0936477,FGM,1.11421,0.705642,0.953334,1.11421,0.59296,0.705642,0
6.21571,11.5701,8.17474,0.0009459,4.39999,-0.0212836,-0.0936477,FGM,1.11421,0.705642,0.953334,1.11421,0.59296,0.705642,0
6.22201,11.6141,8.17485,0.000762227,4.39999,-0.0156947,-0.0690563,FGM,1.106,0.711989,0.951167,1.106,0.59296,0.711989,0
6.22686,11.6141,8.17485,0.000762227,4.39999,-0.0156947,-0.0690563,FGM,1.106,0.711989,0.951167,1.106,0.59296,0.711989,0
6.23807,11.6581,8.17496,0.000627725,4.39999,-0.0113972,-0.0501475,FGM,1.106,0.711989,0.951167,1.106,0.59296,0.711989,0
6.24309,11.7021,8.17505,0.000530926,4.39999,-0.00811247,-0.0356948,FGM,1.106,0.711989,0.951167,1.106,0.59296,0.711989,0
6.24994,11.7461,8.17515,0.000621711,4.39999,0.0412317,0.181419,FGM,1.106,0.711989,0.951167,1.106,0.59296,0.711989,0
6.25494,11.7461,8.17515,0.000621711,4.39999,0.0412317,0.181419,FGM,1.106,0.711989,0.951167,1.106,0.59296,0.711989,0
6.26569,11.7901,8.1753,0.00129929,4.39999,0.0757497,0.333298,FGM,1.106,0.711989,0.951167,1.106,0.59296,0.711989,0
6.26576,11.7901,8.1753,0.00129929,4.39999,0.0757497,0.333298,FGM,1.106,0.711989,0.951167,1.106,0.59296,0.711989,0
6.27001,11.8341,8.17546,0.00213008,4.39999,0.106128,0.466962,FGM,1.106,0.711989,0.951167,1.106,0.59296,0.711989,0
6.27393,11.8341,8.17546,0.00213008,4.39999,0.106128,0.466962,FGM,1.106,0.711989,0.951167,1.106,0.59296,0.711989,0
6.2811,11.8781,8.17566,0.00337898,4.39999,0.12572,0.553169,FGM,1.11841,0.712278,0.967831,1.11841,0.598028,0.712278,0
6.28532,11.8781,8.17566,0.00337898,4.39999,0.12572,0.553169,FGM,1.11841,0.712278,0.967831,1.11841,0.598028,0.712278,0
6.29066,11.9221,8.17589,0.00464852,4.39999,0.144385,0.635294,FGM,1.11841,0.712278,0.967831,1.11841,0.598028,0.712278,0
6.29824,11.9221,8.17589,0.00464852,4.39999,0.144385,0.635294,FGM,1.11841,0.712278,0.967831,1.11841,0.598028,0.712278,0
6.30547,11.9661,8.17616,0.00623227,4.39999,0.154813,0.681177,FGM,1.11841,0.712278,0.967831,1.11841,0.598028,0.712278,0
6.30973,12.0101,8.17647,0.00775551,4.39999,0.166333,0.731862,FGM,1.11841,0.712278,0.967831,1.11841,0.598028,0.712278,0
6.31424,12.0101,8.17647,0.00775551,4.39999,0.166333,0.731862,FGM,1.11841,0.712278,0.967831,1.11841,0.598028,0.712278,0
6.32104,12.0541,8.17683,0.0095298,4.39999,0.171211,0.753328,FGM,1.11528,0.706994,0.966484,1.11528,0.598028,0.706994,0
6.33159,12.0541,8.17683,0.0095298,4.39999,0.171211,0.753328,FGM,1.11528,0.706994,0.966484,1.11528,0.598028,0.706994,0
6.33167,12.0981,8.17721,0.0110358,4.39999,0.131588,0.578987,FGM,1.11528,0.706994,0.966484,1.11528,0.598028,0.706994,0
6.33809,12.0981,8.17721,0.0110358,4.39999,0.131588,0.578987,FGM,1.11528,0.706994,0.966484,1.11528,0.598028,0.706994,0
6.34486,12.1421,8.17759,0.0120311,4.39999,0.0536725,0.236159,FGM,1.11528,0.706994,0.966484,1.11528,0.598028,0.706994,0
6.35165,12.1861,8.17794,0.012186,4.39999,-0.00324607,-0.0142827,FGM,1.11528,0.706994,0.966484,1.11528,0.598028,0.706994,0
6.36184,12.1861,8.17794,0.012186,4.39999,-0.00324607,-0.0142827,FGM,1.11528,0.706994,0.966484,1.11528,0.598028,0.706994,0
6.36225,12.2301,8.17829,0.011989,4.39999,-0.0511308,-0.224975,FGM,1.11528,0.706994,0.966484,1.11528,0.598028,0.706994,0
6.36938,12.2301,8.17829,0.011989,4.39999,-0.0511308,-0.224975,FGM,1.11528,0.706994,0.966484,1.11528,0.598028,0.706994,0
6.37291,12.2741,8.1786,0.0112191,4.4,-0.084356,-0.371166,FGM,1.11305,0.718257,0.952678,1.11305,0.598028,0.718257,0
6.37883,12.3181,8.1789,0.010308,4.4,-0.113594,-0.499812,FGM,1.11305,0.718257,0.952678,1.11305,0.598028,0.718257,0
6.38357,12.3181,8.1789,0.010308,4.4,-0.113594,-0.499812,FGM,1.11305,0.718257,0.952678,1.11305,0.598028,0.718257,0
6.39296,12.3621,8.17918,0.00898959,4.4,-0.132184,-0.58161,FGM,1.11305,0.718257,0.952678,1.11305,0.598028,0.718257,0
6.39504,12.3621,8.17918,0.00898959,4.4,-0.132184,-0.58161,FGM,1.11305,0.718257,0.952678,1.11305,0.598028,0.718257,0
6.40132,12.4061,8.17943,0.0076599,4.4,-0.149971,-0.659872,FGM,1.11305,0.718257,0.952678,1.11305,0.598028,0.718257,0
6.40589,12.4061,8.17943,0.0076599,4.4,-0.149971,-0.659872,FGM,1.11305,0.718257,0.952678,1.11305,0.598028,0.718257,0
6.41184,12.4501,8.17965,0.00602421,4.4,-0.159632,-0.702382,FGM,1.11305,0.718257,0.952678,1.11305,0.598028,0.718257,0
6.41589,12.4501,8.17965,0.00602421,4.4,-0.159632,-0.702382,FGM,1.11305,0.718257,0.952678,1.11305,0.598028,0.718257,0
6.42684,12.4941,8.17984,0.0044562,4.4,-0.170484,-0.750128,FGM,1.11305,0.718257,0.952678,1.11305,0.598028,0.718257,0
6.43121,12.5381,8.17998,0.00264336,4.4,-0.174782,-0.769039,FGM,1.09548,0.689812,0.960664,1.09548,0.598028,0.689812,0
6.43509,12.5381,8.17998,0.00264336,4.4,-0.174782,-0.769039,FGM,1.09548,0.689812,0.960664,1.09548,0.598028,0.689812,0
6.44172,12.5821,8.18008,0.000945407,4.4,-0.181507,-0.798628,FGM,1.09548,0.689812,0.960664,1.09548,0.598028,0.689812,0
6.44557,12.5821,8.18008,0.000945407,4.4,-0.181507,-0.798628,FGM,1.09548,0.689812,0.960664,1.09548,0.598028,0.689812,0
6.45742,12.6261,8.18013,-0.000961156,4.4,-0.182648,-0.803652,FGM,1.09548,0.689812,0.960664,1.09548,0.598028,0.689812,0
6.46218,12.6701,8.18016,-0.00256637,4.4,-0.140124,-0.616545,FGM,1.09548,0.689812,0.960664,1.09548,0.598028,0.689812,0
6.46618,12.6701,8.18016,-0.00256637,4.4,-0.140124,-0.616545,FGM,1.09548,0.689812,0.960664,1.09548,0.598028,0.689812,0
6.47237,12.7141,8.18015,-0.00395307,4.4,-0.153669,-0.676142,FGM,1.1159,0.70306,0.967811,1.1159,0.598028,0.70306,0
6.47949,12.7581,8.18007,-0.00560975,4.4,-0.16031,-0.705362,FGM,1.1159,0.70306,0.967811,1.1159,0.598028,0.70306,0
6.49078,12.7581,8.18007,-0.00560975,4.4,-0.16031,-0.705362,FGM,1.1159,0.70306,0.967811,1.1159,0.598028,0.70306,0
6.49085,12.8021,8.17994,-0.00717339,4.4,-0.169068,-0.743899,FGM,1.1159,0.70306,0.967811,1.1159,0.598028,0.70306,0
6.49644,12.8021,8.17994,-0.00717339,4.4,-0.169068,-0.743899,FGM,1.1159,0.70306,0.967811,1.1159,0.598028,0.70306,0
6.49981,12.8461,8.17974,-0.00896459,4.4,-0.171971,-0.756672,FGM,1.1159,0.70306,0.967811,1.1159,0.598028,0.70306,0
6.50473,12.8461,8.17974,-0.00896459,4.4,-0.171971,-0.756672,FGM,1.1159,0.70306,0.967811,1.1159,0.598028,0.70306,0
6.51061,12.8901,8.1795,-0.0106297,4.4,-0.177821,-0.782412,FGM,1.1159,0.70306,0.967811,1.1159,0.598028,0.70306,0
6.51501,12.8901,8.1795,-0.0106297,4.4,-0.177821,-0.782412,FGM,1.1159,0.70306,0.967811,1.1159,0.598028,0.70306,0
6.52222,12.9341,8.17917,-0.0124967,4.4,-0.178471,-0.78527,FGM,1.1159,0.70306,0.967811,1.1159,0.598028,0.70306,0
6.52401,12.9341,8.17917,-0.0124967,4.4,-0.178471,-0.78527,FGM,1.07887,0.676475,0.948348,1.07887,0.598028,0.676475,0
6.53125,12.9781,8.17882,-0.0139,4.4,-0.0888803,-0.391073,FGM,1.07887,0.676475,0.948348,1.07887,0.598028,0.676475,0
6.53544,12.9781,8.17882,-0.0139,4.4,-0.0888803,-0.391073,FGM,1.07887,0.676475,0.948348,1.07887,0.598028,0.676475,0
6.54075,13.0221,8.17848,-0.0143597,4.4,-0.0229136,-0.10082,FGM,1.07887,0.676475,0.948348,1.07887,0.598028,0.676475,0
6.54676,13.0221,8.17848,-0.0143597,4.4,-0.0229136,-0.10082,FGM,1.07887,0.676475,0.948348,1.07887,0.598028,0.676475,0
6.55552,13.0661,8.17814,-0.014388,4.4,0.0319505,0.140582,FGM,1.07887,0.676475,0.948348,1.07887,0.598028,0.676475,0
6.56453,13.1101,8.17782,-0.0137818,4.4,0.0705301,0.310332,FGM,1.07887,0.676475,0.948348,1.07887,0.598028,0.676475,0
6.56529,13.1101,8.17782,-0.0137818,4.4,0.0705301,0.310332,FGM,1.07887,0.676475,0.948348,1.07887,0.598028,0.676475,0
6.57199,13.1541,8.17749,-0.0129877,4.4,0.103849,0.456937,FGM,1.07887,0.676475,0.948348,1.07887,0.598028,0.676475,0
6.57603,13.1541,8.17749,-0.0129877,4.4,0.103849,0.456937,FGM,1.10847,0.691764,0.949828,1.10847,0.598028,0.691764,0
6.58958,13.1981,8.17719,-0.0117505,4.4,0.125528,0.552321,FGM,1.10847,0.691764,0.949828,1.10847,0.598028,0.691764,0
6.59152,13.2421,8.17689,-0.0104753,4.4,0.14563,0.64077,FGM,1.10847,0.691764,0.949828,1.10847,0.598028,0.691764,0
6.60037,13.2861,8.17663,-0.00887397,4.4,0.157008,0.690833,FGM,1.10847,0.691764,0.949828,1.10847,0.598028,0.691764,0
6.60535,13.2861,8.17663,-0.00887397,4.4,0.157008,0.690833,FGM,1.10847,0.691764,0.949828,1.10847,0.598028,0.691764,0
6.61026,13.3301,8.17638,-0.00732558,4.4,0.169114,0.744103,FGM,1.10847,0.691764,0.949828,1.10847,0.598028,0.691764,0
6.61469,13.3301,8.17638,-0.00732558,4.4,0.169114,0.744103,FGM,1.10847,0.691764,0.949828,1.10847,0.598028,0.691764,0
6.62021,13.3741,8.17617,-0.00552168,4.4,0.174314,0.766983,FGM,1.10847,0.691764,0.949828,1.10847,0.598028,0.691764,0
6.62615,13.3741,8.17617,-0.00552168,4.4,0.174314,0.766983,FGM,1.10058,0.693394,0.951032,1.10058,0.598028,0.693394,0
6.6328,13.4181,8.17599,-0.00382503,4.4,0.181672,0.799357,FGM,1.10058,0.693394,0.951032,1.10058,0.598028,0.693394,0
6.64023,13.4621,8.17586,-0.00191452,4.4,0.183243,0.806269,FGM,1.10058,0.693394,0.951032,1.10058,0.598028,0.693394,0
6.6487,13.4621,8.17586,-0.00191452,4.4,0.183243,0.806269,FGM,1.10058,0.693394,0.951032,1.10058,0.598028,0.693394,0
6.65357,13.5061,8.17577,-0.000143002,4.4,0.187847,0.826529,FGM,1.10058,0.693394,0.951032,1.10058,0.598028,0.693394,0
6.65607,13.5061,8.17577,-0.000143002,4.4,0.187847,0.826529,FGM,1.10058,0.693394,0.951032,1.10058,0.598028,0.693394,0
6.66263,13.5501,8.17574,0.00181841,4.4,0.187347,0.824328,FGM,1.10058,0.693394,0.951032,1.10058,0.598028,0.693394,0
6.66822,13.5941,8.17574,0.00362286,4.4,0.190409,0.837801,FGM,1.10058,0.693394,0.951032,1.10058,0.598028,0.693394,0
6.6735,13.5941,8.17574,0.00362286,4.4,0.190409,0.837801,FGM,1.11776,0.698254,0.957178,1.11776,0.598028,0.698254,0
6.68232,13.6381,8.17582,0.00560392,4.4,0.188775,0.830611,FGM,1.11776,0.698254,0.957178,1.11776,0.598028,0.698254,0
6.68623,13.6381,8.17582,0.00560392,4.4,0.188775,0.830611,FGM,1.11776,0.698254,0.957178,1.11776,0.598028,0.698254,0
6.69072,13.6821,8.17592,0.00710061,4.4,0.0973146,0.428184,FGM,1.11776,0.698254,0.957178,1.11776,0.598028,0.698254,0
6.69539,13.6821,8.17592,0.00710061,4.4,0.0973146,0.428184,FGM,1.11776,0.698254,0.957178,1.11776,0.598028,0.698254,0
6.70103,13.7261,8.176,0.00763679,4.4,0.0298162,0.131191,FGM,1.11776,0.698254,0.957178,1.11776,0.598028,0.698254,0
6.70623,13.7261,8.176,0.00763679,4.4,0.0298162,0.131191,FGM,1.11776,0.698254,0.957178,1.11776,0.598028,0.698254,0
6.71536,13.7701,8.17607,0.00772758,4.4,-0.0263022,-0.11573,FGM,1.11776,0.698254,0.957178,1.11776,0.598028,0.698254,0
6.72249,13.8141,8.17613,0.00717261,4.4,-0.0659087,-0.289998,FGM,1.11776,0.698254,0.957178,1.11776,0.598028,0.698254,0
6.72817,13.8581,8.17619,0.00642036,4.4,-0.100069,-0.440302,FGM,1.11562,0.697869,1.11958,1.11562,0.726735,0.697869,0
6.7321,13.8581,8.17619,0.00642036,4.4,-0.100069,-0.440302,FGM,1.11562,0.697869,1.11958,1.11562,0.726735,0.697869,0
6.73669,13.8581,8.17619,0.00642036,4.4,-0.100069,-0.440302,FGM,1.11562,0.697869,1.11958,1.11562,0.726735,0.697869,0
6.74542,13.9021,8.17622,0.00521744,4.4,-0.122435,-0.538715,FGM,1.11562,0.697869,1.11958,1.11562,0.726735,0.697869,0
6.75295,13.9461,8.17625,0.00397019,4.4,-0.1431,-0.629642,FGM,1.11562,0.697869,1.11958,1.11562,0.726735,0.697869,0
6.76025,13.9901,8.17624,0.0023918,4.4,-0.154939,-0.681733,FGM,1.11562,0.697869,1.11958,1.11562,0.726735,0.697869,0
6.7647,13.9901,8.17624,0.0023918,4.4,-0.154939,-0.681733,FGM,1.11562,0.697869,1.11958,1.11562,0.726735,0.697869,0
6.77122,14.0341,8.17621,0.000862151,4.4,-0.167423,-0.736663,FGM,1.11562,0.697869,1.11958,1.11562,0.726735,0.697869,0
6.78227,14.0781,8.17614,-0.000926443,4.4,-0.172932,-0.760901,FGM,1.10556,0.700616,1.12555,1.10556,0.726735,0.700616,0
6.78403,14.0781,8.17614,-0.000926443,4.4,-0.172932,-0.760901,FGM,1.10556,0.700616,1.12555,1.10556,0.726735,0.700616,0
6.79024,14.1221,8.17605,-0.00261057,4.4,-0.180542,-0.794385,FGM,1.10556,0.700616,1.12555,1.10556,0.726735,0.700616,0
6.79436,14.1221,8.17605,-0.00261057,4.4,-0.180542,-0.794385,FGM,1.10556,0.700616,1.12555,1.10556,0.726735,0.700616,0
6.8,14.1661,8.1759,-0.00451085,4.4,-0.18232,-0.802206,FGM,1.10556,0.700616,1.12555,1.10556,0.726735,0.700616,0
6.80974,14.1661,8.1759,-0.00451085,4.4,-0.18232,-0.802206,FGM,1.10556,0.700616,1.12555,1.10556,0.726735,0.700616,0
6.81259,14.2101,8.17571,-0.006274,4.4,-0.187093,-0.823209,FGM,1.10556,0.700616,1.12555,1.10556,0.726735,0.700616,0
6.81708,14.2101,8.17571,-0.006274,4.4,-0.187093,-0.823209,FGM,1.10556,0.700616,1.12555,1.10556,0.726735,0.700616,0
6.82355,14.2541,8.17546,-0.00822858,4.4,-0.186731,-0.821616,FGM,1.08117,0.675251,1.11454,1.08117,0.726735,0.675251,0
6.8292,14.2981,8.1752,-0.00970974,4.4,-0.0962033,-0.423294,FGM,1.08117,0.675251,1.11454,1.08117,0.726735,0.675251,0
6.83348,14.2981,8.1752,-0.00970974,4.4,-0.0962033,-0.423294,FGM,1.08117,0.675251,1.11454,1.08117,0.726735,0.675251,0
6.84288,14.3421,8.17497,-0.0102384,4.4,-0.029378,-0.129263,FGM,1.08117,0.675251,1.11454,1.08117,0.726735,0.675251,0
6.85184,14.3861,8.17474,-0.0103273,4.4,0.0262654,0.115568,FGM,1.08117,0.675251,1.11454,1.08117,0.726735,0.675251,0
6.8547,14.3861,8.17474,-0.0103273,4.4,0.0262654,0.115568,FGM,1.08117,0.675251,1.11454,1.08117,0.726735,0.675251,0
6.86209,14.4301,8.17454,-0.00977441,4.4,0.065547,0.288407,FGM,1.08117,0.675251,1.11454,1.08117,0.726735,0.675251,0
6.87029,14.4741,8.17431,-0.00934464,4.4,0.00579224,0.0254858,FGM,1.08117,0.675251,1.11454,1.08117,0.726735,0.675251,0
6.88096,14.5181,8.17401,-0.00959605,4.4,-0.0372537,-0.163916,FGM,1.10435,0.683806,1.1125,1.10435,0.726735,0.683806,0
6.88558,14.5181,8.17401,-0.00959605,4.4,-0.0372537,-0.163916,FGM,1.10435,0.683806,1.1125,1.10435,0.726735,0.683806,0
6.89328,14.5621,8.17367,-0.010078,4.4,-0.074617,-0.328315,FGM,1.10435,0.683806,1.1125,1.10435,0.726735,0.683806,0
6.90545,14.6061,8.17327,-0.0110413,4.4,-0.0999302,-0.439693,FGM,1.10435,0.683806,1.1125,1.10435,0.726735,0.683806,0
6.90552,14.6061,8.17327,-0.0110413,4.4,-0.0999302,-0.439693,FGM,1.10435,0.683806,1.1125,1.10435,0.726735,0.683806,0
6.91235,14.6501,8.17283,-0.0120772,4.4,-0.12328,-0.542431,FGM,1.10435,0.683806,1.1125,1.10435,0.726735,0.683806,0
6.91871,14.6941,8.17232,-0.0134697,4.4,-0.137544,-0.605193,FGM,1.10435,0.683806,1.1125,1.10435,0.726735,0.683806,0
6.92308,14.6941,8.17232,-0.0134697,4.4,-0.137544,-0.605193,FGM,1.1025,0.693,1.1188,1.1025,0.726735,0.693,0
6.92883,14.7381,8.17181,-0.0145187,4.4,-0.0585012,-0.257405,FGM,1.1025,0.693,1.1188,1.1025,0.726735,0.693,0
6.93877,14.7381,8.17181,-0.0145187,4.4,-0.0585012,-0.257405,FGM,1.1025,0.693,1.1188,1.1025,0.726735,0.693,0
6.94315,14.7821,8.17133,-0.0147172,4.4,-0.000667133,-0.00293538,FGM,1.1025,0.693,1.1188,1.1025,0.726735,0.693,0
6.95204,14.8261,8.17086,-0.0145555,4.4,0.047961,0.211028,FGM,1.1025,0.693,1.1188,1.1025,0.726735,0.693,0
6.95786,14.8701,8.17042,-0.0138141,4.4,0.0817897,0.359875,FGM,1.1025,0.693,1.1188,1.1025,0.726735,0.693,0
6.97734,14.8701,8.17042,-0.0138141,4.4,0.0817897,0.359875,FGM,1.1025,0.693,1.1188,1.1025,0.726735,0.693,0
6.9775,14.9141,8.16999,-0.0129262,4.4,0.111517,0.490676,FGM,1.08727,0.679624,1.11947,1.08727,0.726735,0.679624,0
6.98438,14.9581,8.1696,-0.0116265,4.4,0.130505,0.574221,FGM,1.08727,0.679624,1.11947,1.08727,0.726735,0.679624,0
6.99162,15.0021,8.16922,-0.0103119,4.4,0.148614,0.6539,FGM,1.08727,0.679624,1.11947,1.08727,0.726735,0.679624,0
7.00156,15.0021,8.16922,-0.0103119,4.4,0.148614,0.6539,FGM,1.08727,0.679624,1.11947,1.08727,0.726735,0.679624,0
7.00164,15.0461,8.16889,-0.00868846,4.4,0.158536,0.697558,FGM,1.08727,0.679624,1.11947,1.08727,0.726735,0.679624,0
7.00647,15.0461,8.16889,-0.00868846,4.4,0.158536,0.697558,FGM,1.08727,0.679624,1.11947,1.08727,0.726735,0.679624,0
7.0118,15.0901,8.16857,-0.00713032,4.4,0.169599,0.746234,FGM,1.08727,0.679624,1.11947,1.08727,0.726735,0.679624,0
7.01555,15.0901,8.16857,-0.00713032,4.4,0.169599,0.746234,FGM,1.08727,0.679624,1.11947,1.08727,0.726735,0.679624,0
7.02251,15.1341,8.16831,-0.00532545,4.4,0.174068,0.765897,FGM,1.09754,0.701374,1.12598,1.09754,0.726735,0.701374,0
7.03346,15.1781,8.16808,-0.00363392,4.4,0.180931,0.796096,FGM,1.09754,0.701374,1.12598,1.09754,0.726735,0.701374,0
7.03356,15.1781,8.16808,-0.00363392,4.4,0.180931,0.796096,FGM,1.09754,0.701374,1.12598,1.09754,0.726735,0.701374,0
7.03518,15.1781,8.16808,-0.00363392,4.4,0.180931,0.796096,FGM,1.09754,0.701374,1.12598,1.09754,0.726735,0.701374,0
7.04237,15.2221,8.16792,-0.00173253,4.4,0.182184,0.801611,FGM,1.09754,0.701374,1.12598,1.09754,0.726735,0.701374,0
7.04802,15.2661,8.16776,-0.000290348,4.4,0.0928994,0.408758,FGM,1.09754,0.701374,1.12598,1.09754,0.726735,0.701374,0
7.05197,15.2661,8.16776,-0.000290348,4.4,0.0928994,0.408758,FGM,1.09754,0.701374,1.12598,1.09754,0.726735,0.701374,0
7.05758,15.2661,8.16776,-0.000290348,4.4,0.0928994,0.408758,FGM,1.09754,0.701374,1.12598,1.09754,0.726735,0.701374,0
7.06674,15.3101,8.16757,0.000210206,4.4,0.0270241,0.118906,FGM,1.09754,0.701374,1.12598,1.09754,0.726735,0.701374,0
7.0775,15.3541,8.1674,0.000597083,4.4,0.0658045,0.28954,FGM,1.09713,0.687696,1.13009,1.09713,0.726735,0.687696,0
7.07999,15.3981,8.16731,0.00147861,4.4,0.0923494,0.406337,FGM,1.09713,0.687696,1.13009,1.09713,0.726735,0.687696,0
7.08537,15.3981,8.16731,0.00147861,4.4,0.0923494,0.406337,FGM,1.09713,0.687696,1.13009,1.09713,0.726735,0.687696,0
7.09682,15.4421,8.16726,0.00244412,4.4,0.116767,0.513776,FGM,1.09713,0.687696,1.13009,1.09713,0.726735,0.687696,0
7.10256,15.4861,8.16728,0.00377625,4.4,0.131956,0.580606,FGM,1.09713,0.687696,1.13009,1.09713,0.726735,0.687696,0
7.10537,15.4861,8.16728,0.00377625,4.4,0.131956,0.580606,FGM,1.09713,0.687696,1.13009,1.09713,0.726735,0.687696,0
7.11217,15.5301,8.16735,0.00509123,4.4,0.147415,0.648625,FGM,1.09713,0.687696,1.13009,1.09713,0.726735,0.687696,0
7.11621,15.5301,8.16735,0.00509123,4.4,0.147415,0.648625,FGM,1.09713,0.687696,1.13009,1.09713,0.726735,0.687696,0
7.12182,15.5741,8.16748,0.00669316,4.4,0.155553,0.684435,FGM,1.10093,0.718679,1.13114,1.10093,0.726735,0.718679,0
7.12945,15.5741,8.16748,0.00669316,4.4,0.155553,0.684435,FGM,1.10093,0.718679,1.13114,1.10093,0.726735,0.718679,0
7.13533,15.6181,8.16764,0.00789761,4.4,0.0717771,0.315819,FGM,1.10093,0.718679,1.13114,1.10093,0.726735,0.718679,0
7.14025,15.6621,8.16776,0.00820978,4.4,0.0103037,0.0453362,FGM,1.10093,0.718679,1.13114,1.10093,0.726735,0.718679,0
7.14465,15.6621,8.16776,0.00820978,4.4,0.0103037,0.0453362,FGM,1.10093,0.718679,1.13114,1.10093,0.726735,0.718679,0
7.15282,15.7061,8.16789,0.00812996,4.4,-0.0411057,-0.180865,FGM,1.10093,0.718679,1.13114,1.10093,0.726735,0.718679,0
7.16521,15.7501,8.16799,0.00744607,4.4,-0.0770448,-0.338997,FGM,1.10093,0.718679,1.13114,1.10093,0.726735,0.718679,0
7.16529,15.7501,8.16799,0.00744607,4.4,-0.0770448,-0.338997,FGM,1.10093,0.718679,1.13114,1.10093,0.726735,0.718679,0
7.17018,15.7941,8.16812,0.00691501,4.4,-0.0146579,-0.0644946,FGM,1.10093,0.718679,1.13114,1.10093,0.726735,0.718679,0
7.17673,15.7941,8.16812,0.00691501,4.4,-0.0146579,-0.0644946,FGM,1.10775,0.713537,1.11786,1.10775,0.727421,0.713537,0
7.18211,15.8381,8.16831,0.00708852,4.4,0.0304554,0.134004,FGM,1.10775,0.713537,1.11786,1.10775,0.727421,0.713537,0
7.19644,15.8821,8.16855,0.00751088,4.4,0.0694374,0.305525,FGM,1.10775,0.713537,1.11786,1.10775,0.727421,0.713537,0
7.19688,15.8821,8.16855,0.00751088,4.4,0.0694374,0.305525,FGM,1.10775,0.713537,1.11786,1.10775,0.727421,0.713537,0
7.20545,15.9261,8.16885,0.00842902,4.4,0.096014,0.422462,FGM,1.10775,0.713537,1.11786,1.10775,0.727421,0.713537,0
7.21245,15.9701,8.16918,0.00943082,4.4,0.120346,0.529521,FGM,1.10775,0.713537,1.11786,1.10775,0.727421,0.713537,0
7.21644,15.9701,8.16918,0.00943082,4.4,0.120346,0.529521,FGM,1.10775,0.713537,1.11786,1.10775,0.727421,0.713537,0
7.22641,16.014,8.16958,0.010798,4.4,0.13537,0.595629,FGM,1.10775,0.713537,1.11786,1.10775,0.727421,0.713537,0
7.23246,16.058,8.17001,0.0121461,4.4,0.150616,0.66271,FGM,1.10893,0.688789,1.12007,1.10893,0.727421,0.688789,0
7.23707,16.058,8.17001,0.0121461,4.4,0.150616,0.66271,FGM,1.10893,0.688789,1.12007,1.10893,0.727421,0.688789,0
7.24132,16.102,8.1705,0.0137788,4.4,0.158514,0.697463,FGM,1.10893,0.688789,1.12007,1.10893,0.727421,0.688789,0
7.24688,16.102,8.1705,0.0137788,4.4,0.158514,0.697463,FGM,1.10893,0.688789,1.12007,1.10893,0.727421,0.688789,0
7.25821,16.146,8.17101,0.0150116,4.4,0.0744858,0.327738,FGM,1.10893,0.688789,1.12007,1.10893,0.727421,0.688789,0
7.265,16.19,8.17149,0.0153496,4.4,0.0127598,0.0561432,FGM,1.10893,0.688789,1.12007,1.10893,0.727421,0.688789,0
7.27117,16.234,8.17196,0.0152931,4.4,-0.0388951,-0.171139,FGM,1.10893,0.688789,1.12007,1.10893,0.727421,0.688789,0
7.27676,16.234,8.17196,0.0152931,4.4,-0.0388951,-0.171139,FGM,1.11776,0.725584,1.12571,1.11776,0.727421,0.725584,0
7.28965,16.278,8.1724,0.0146302,4.4,-0.0750679,-0.330299,FGM,1.11776,0.725584,1.12571,1.11776,0.727421,0.725584,0
7.2911,16.322,8.17284,0.0138,4.4,-0.106602,-0.469048,FGM,1.11776,0.725584,1.12571,1.11776,0.727421,0.725584,0
7.29847,16.322,8.17284,0.0138,4.4,-0.106602,-0.469048,FGM,1.11776,0.725584,1.12571,1.11776,0.727421,0.725584,0
7.30315,16.366,8.17325,0.0125422,4.4,-0.126974,-0.558685,FGM,1.11776,0.725584,1.12571,1.11776,0.727421,0.725584,0
7.31014,16.41,8.17364,0.0112575,4.4,-0.146137,-0.643001,FGM,1.11776,0.725584,1.12571,1.11776,0.727421,0.725584,0
7.3215,16.41,8.17364,0.0112575,4.4,-0.146137,-0.643001,FGM,1.11776,0.725584,1.12571,1.11776,0.727421,0.725584,0
7.32442,16.454,8.174,0.00965459,4.4,-0.156855,-0.690163,FGM,1.11776,0.725584,1.12571,1.11776,0.727421,0.725584,0
7.33099,16.498,8.17433,0.00811013,4.4,-0.168514,-0.741461,FGM,1.11867,0.713384,1.12373,1.11867,0.727421,0.713384,0
7.33607,16.498,8.17433,0.00811013,4.4,-0.168514,-0.741461,FGM,1.11867,0.713384,1.12373,1.11867,0.727421,0.713384,0
7.34102,16.542,8.17462,0.00631379,4.4,-0.173424,-0.763065,FGM,1.11867,0.713384,1.12373,1.11867,0.727421,0.713384,0
7.34578,16.542,8.17462,0.00631379,4.4,-0.173424,-0.763065,FGM,1.11867,0.713384,1.12373,1.11867,0.727421,0.713384,0
7.35477,16.586,8.17487,0.004627,4.4,-0.180609,-0.794678,FGM,1.11867,0.713384,1.12373,1.11867,0.727421,0.713384,0
7.36014,16.63,8.17507,0.00272762,4.4,-0.182092,-0.801206,FGM,1.11867,0.713384,1.12373,1.11867,0.727421,0.713384,0
7.36291,16.63,8.17507,0.00272762,4.4,-0.182092,-0.801206,FGM,1.11867,0.713384,1.12373,1.11867,0.727421,0.713384,0
7.36942,16.674,8.17523,0.000967785,4.4,-0.186671,-0.821351,FGM,1.11867,0.713384,1.12373,1.11867,0.727421,0.713384,0
7.3741,16.674,8.17523,0.000967785,4.4,-0.186671,-0.821351,FGM,1.10861,0.693993,1.12908,1.10861,0.727421,0.693993,0
7.38645,16.718,8.17532,-0.000981908,4.4,-0.186187,-0.819223,FGM,1.10861,0.693993,1.12908,1.10861,0.727421,0.693993,0
7.38654,16.718,8.17532,-0.000981908,4.4,-0.186187,-0.819223,FGM,1.10861,0.693993,1.12908,1.10861,0.727421,0.693993,0
7.39032,16.762,8.1754,-0.00245725,4.4,-0.0955922,-0.420606,FGM,1.10861,0.693993,1.12908,1.10861,0.727421,0.693993,0
7.39393,16.762,8.1754,-0.00245725,4.4,-0.0955922,-0.420606,FGM,1.10861,0.693993,1.12908,1.10861,0.727421,0.693993,0
7.40166,16.806,8.1755,-0.0029796,4.4,-0.0287387,-0.12645,FGM,1.10861,0.693993,1.12908,1.10861,0.727421,0.693993,0
7.40607,16.806,8.1755,-0.0029796,4.4,-0.0287387,-0.12645,FGM,1.10861,0.693993,1.12908,1.10861,0.727421,0.693993,0
7.41659,16.85,8.17558,-0.00337982,4.4,-0.0667972,-0.293908,FGM,1.10861,0.693993,1.12908,1.10861,0.727421,0.693993,0
7.41666,16.85,8.17558,-0.00337982,4.4,-0.0667972,-0.293908,FGM,1.10861,0.693993,1.12908,1.10861,0.727421,0.693993,0
7.42411,16.894,8.17558,-0.00426851,4.4,-0.0928175,-0.408397,FGM,1.11534,0.695279,1.12689,1.11534,0.727421,0.695279,0
7.4289,16.938,8.17555,-0.00507786,4.4,-0.0700101,-0.308045,FGM,1.11534,0.695279,1.12689,1.11534,0.727421,0.695279,0
7.43339,16.938,8.17555,-0.00507786,4.4,-0.0700101,-0.308045,FGM,1.11534,0.695279,1.12689,1.11534,0.727421,0.695279,0
7.43931,16.982,8.17549,-0.00568561,4.4,-0.0522977,-0.23011,FGM,1.11534,0.695279,1.12689,1.11534,0.727421,0.695279,0
7.44374,16.982,8.17549,-0.00568561,4.4,-0.0522977,-0.23011,FGM,1.11534,0.695279,1.12689,1.11534,0.727421,0.695279,0
7.45386,17.026,8.17541,-0.00613714,4.4,-0.0386031,-0.169853,FGM,1.11534,0.695279,1.12689,1.11534,0.727421,0.695279,0
7.45598,17.026,8.17541,-0.00613714,4.4,-0.0386031,-0.169853,FGM,1.11534,0.695279,1.12689,1.11534,0.727421,0.695279,0
7.46173,17.07,8.17531,-0.00646815,4.4,-0.0280686,-0.123502,FGM,1.11534,0.695279,1.12689,1.11534,0.727421,0.695279,0
7.46675,17.07,8.17531,-0.00646815,4.4,-0.0280686,-0.123502,FGM,1.11534,0.695279,1.12689,1.11534,0.727421,0.695279,0
7.47349,17.114,8.1752,-0.00654787,4.4,0.0268383,0.118089,FGM,1.1106,0.70347,1.12964,1.1106,0.727421,0.70347,0
7.48711,17.158,8.17513,-0.00599204,4.4,0.0655975,0.288629,FGM,1.1106,0.70347,1.12964,1.1106,0.727421,0.70347,0
7.48938,17.202,8.17505,-0.00524596,4.4,0.0991853,0.436415,FGM,1.1106,0.70347,1.12964,1.1106,0.727421,0.70347,0
7.49437,17.202,8.17505,-0.00524596,4.4,0.0991853,0.436415,FGM,1.1106,0.70347,1.12964,1.1106,0.727421,0.70347,0
7.50084,17.246,8.17502,-0.00405386,4.4,0.121185,0.533213,FGM,1.1106,0.70347,1.12964,1.1106,0.727421,0.70347,0
7.50495,17.246,8.17502,-0.00405386,4.4,0.121185,0.533213,FGM,1.1106,0.70347,1.12964,1.1106,0.727421,0.70347,0
7.51367,17.29,8.17499,-0.0028203,4.4,0.141635,0.623194,FGM,1.1106,0.70347,1.12964,1.1106,0.727421,0.70347,0
7.52003,17.334,8.17501,-0.00125716,4.4,0.153369,0.674826,FGM,1.1106,0.70347,1.12964,1.1106,0.727421,0.70347,0
7.52273,17.334,8.17501,-0.00125716,4.4,0.153369,0.674826,FGM,1.1106,0.70347,1.12964,1.1106,0.727421,0.70347,0
7.52873,17.378,8.17504,0.000256603,4.4,0.165828,0.729643,FGM,1.10079,0.686653,1.12198,1.10079,0.727421,0.686653,0
7.53332,17.378,8.17504,0.000256603,4.4,0.165828,0.729643,FGM,1.10079,0.686653,1.12198,1.10079,0.727421,0.686653,0
7.53981,17.422,8.17513,0.00202935,4.4,0.171366,0.75401,FGM,1.10079,0.686653,1.12198,1.10079,0.727421,0.686653,0
7.54805,17.422,8.17513,0.00202935,4.4,0.171366,0.75401,FGM,1.10079,0.686653,1.12198,1.10079,0.727421,0.686653,0
7.55392,17.466,8.17524,0.00369812,4.4,0.179042,0.787785,FGM,1.10079,0.686653,1.12198,1.10079,0.727421,0.686653,0
7.55935,17.51,8.17542,0.00558383,4.4,0.180909,0.796,FGM,1.10079,0.686653,1.12198,1.10079,0.727421,0.686653,0
7.565,17.51,8.17542,0.00558383,4.4,0.180909,0.796,FGM,1.10079,0.686653,1.12198,1.10079,0.727421,0.686653,0
7.57745,17.554,8.1756,0.00701567,4.4,0.0920828,0.405165,FGM,1.10079,0.686653,1.12198,1.10079,0.727421,0.686653,0
7.57899,17.554,8.1756,0.00701567,4.4,0.0920828,0.405165,FGM,1.11837,0.71413,1.13325,1.11837,0.727421,0.71413,0
7.58561,17.598,8.17574,0.00750984,4.4,0.0265463,0.116804,FGM,1.11837,0.71413,1.13325,1.11837,0.727421,0.71413,0
7.59194,17.642,8.17589,0.00757552,4.4,-0.0281293,-0.123769,FGM,1.11837,0.71413,1.13325,1.11837,0.727421,0.71413,0
7.59581,17.642,8.17589,0.00757552,4.4,-0.0281293,-0.123769,FGM,1.11837,0.71413,1.13325,1.11837,0.727421,0.71413,0
7.60345,17.686,8.176,0.00700779,4.4,-0.0666919,-0.293444,FGM,1.11837,0.71413,1.13325,1.11837,0.727421,0.71413,0
7.61008,17.73,8.17611,0.00625163,4.4,-0.100112,-0.440495,FGM,1.11837,0.71413,1.13325,1.11837,0.727421,0.71413,0
7.61488,17.73,8.17611,0.00625163,4.4,-0.100112,-0.440495,FGM,1.11837,0.71413,1.13325,1.11837,0.727421,0.71413,0
7.6196,17.774,8.17618,0.00505099,4.4,-0.12197,-0.536668,FGM,1.11837,0.71413,1.13325,1.11837,0.727421,0.71413,0
7.62392,17.774,8.17618,0.00505099,4.4,-0.12197,-0.536668,FGM,1.11529,0.709246,0.261871,1.11529,1.48338,0.709246,0
7.62935,17.818,8.17624,0.00381019,4.4,-0.1423,-0.626118,FGM,1.11529,0.709246,0.261871,1.11529,1.48338,0.709246,0
7.64134,17.818,8.17624,0.00381019,4.4,-0.1423,-0.626118,FGM,1.11529,0.709246,0.261871,1.11529,1.48338,0.709246,0
7.64618,17.862,8.17627,0.00224093,4.4,-0.153932,-0.6773,FGM,1.11529,0.709246,0.261871,1.11529,1.48338,0.709246,0
7.65099,17.906,8.17627,0.000721991,4.4,-0.166303,-0.731735,FGM,1.11529,0.709246,0.261871,1.11529,1.48338,0.709246,0
7.65498,17.906,8.17627,0.000721991,4.4,-0.166303,-0.731735,FGM,1.11529,0.709246,0.261871,1.11529,1.48338,0.709246,0
7.66044,17.95,8.17622,-0.00105513,4.4,-0.171768,-0.755779,FGM,1.11529,0.709246,0.261871,1.11529,1.48338,0.709246,0
7.66774,17.95,8.17622,-0.00105513,4.4,-0.171768,-0.755779,FGM,1.11529,0.709246,0.261871,1.11529,1.48338,0.709246,0
7.6801,17.994,8.17615,-0.0027276,4.4,-0.179382,-0.78928,FGM,1.11529,0.709246,0.261871,1.11529,1.48338,0.709246,0
7.68527,17.994,8.17615,-0.0027276,4.4,-0.179382,-0.78928,FGM,1.11202,0.701844,0.296485,1.11202,1.48338,0.701844,0
7.69211,18.038,8.17602,-0.00461644,4.4,-0.181196,-0.797264,FGM,1.11202,0.701844,0.296485,1.11202,1.48338,0.701844,0
7.69689,18.038,8.17602,-0.00461644,4.4,-0.181196,-0.797264,FGM,1.11202,0.701844,0.296485,1.11202,1.48338,0.701844,0
7.70591,18.082,8.17588,-0.00605092,4.4,-0.0923253,-0.406231,FGM,1.11202,0.701844,0.296485,1.11202,1.48338,0.701844,0
7.71257,18.126,8.17577,-0.00654732,4.4,-0.026751,-0.117704,FGM,1.11202,0.701844,0.296485,1.11202,1.48338,0.701844,0
7.71453,18.126,8.17577,-0.00654732,4.4,-0.026751,-0.117704,FGM,1.11202,0.701844,0.296485,1.11202,1.48338,0.701844,0
7.72068,18.17,8.17567,-0.00661488,4.4,0.0279566,0.123009,FGM,1.11202,0.701844,0.296485,1.11202,1.48338,0.701844,0
7.72509,18.17,8.17567,-0.00661488,4.4,0.0279566,0.123009,FGM,1.08616,0.680766,0.277761,1.08616,1.48338,0.680766,0
7.7308,18.214,8.1756,-0.00604874,4.4,0.0665461,0.292803,FGM,1.08616,0.680766,0.277761,1.08616,1.48338,0.680766,0
7.73515,18.214,8.1756,-0.00604874,4.4,0.0665461,0.292803,FGM,1.08616,0.680766,0.277761,1.08616,1.48338,0.680766,0
7.7441,18.258,8.17553,-0.00529392,4.4,0.0999895,0.439954,FGM,1.08616,0.680766,0.277761,1.08616,1.48338,0.680766,0
7.74648,18.258,8.17553,-0.00529392,4.4,0.0999895,0.439954,FGM,1.08616,0.680766,0.277761,1.08616,1.48338,0.680766,0
7.75247,18.302,8.1755,-0.00409441,4.4,0.121866,0.536212,FGM,1.08616,0.680766,0.277761,1.08616,1.48338,0.680766,0
7.75795,18.346,8.17548,-0.00285457,4.4,0.142212,0.625734,FGM,1.08616,0.680766,0.277761,1.08616,1.48338,0.680766,0
7.76335,18.346,8.17548,-0.00285457,4.4,0.142212,0.625734,FGM,1.08616,0.680766,0.277761,1.08616,1.48338,0.680766,0
7.77475,18.39,8.17549,-0.00128611,4.4,0.153858,0.676976,FGM,1.08616,0.680766,0.277761,1.08616,1.48338,0.680766,0
7.78496,18.434,8.17551,-8.55686e-05,4.4,0.0725389,0.319171,FGM,1.11389,0.696313,0.28471,1.11389,1.48338,0.696313,0
7.78661,18.434,8.17551,-8.55686e-05,4.4,0.0725389,0.319171,FGM,1.11389,0.696313,0.28471,1.11389,1.48338,0.696313,0
7.79424,18.478,8.17547,0.000243113,4.4,0.0127296,0.0560101,FGM,1.11389,0.696313,0.28471,1.11389,1.48338,0.696313,0
7.80497,18.522,8.17541,0.000193336,4.4,-0.037609,-0.165479,FGM,1.11389,0.696313,0.28471,1.11389,1.48338,0.696313,0
7.81208,18.566,8.1753,-0.000452112,4.4,-0.072916,-0.32083,FGM,1.11389,0.696313,0.28471,1.11389,1.48338,0.696313,0
7.81669,18.566,8.1753,-0.000452112,4.4,-0.072916,-0.32083,FGM,1.11389,0.696313,0.28471,1.11389,1.48338,0.696313,0
7.8223,18.61,8.17518,-0.00125781,4.4,-0.103919,-0.457244,FGM,1.09171,0.68282,0.302334,1.09171,1.48338,0.68282,0
7.8344,18.654,8.17502,-0.00248719,4.4,-0.124005,-0.545624,FGM,1.09171,0.68282,0.302334,1.09171,1.48338,0.68282,0
7.83498,18.654,8.17502,-0.00248719,4.4,-0.124005,-0.545624,FGM,1.09171,0.68282,0.302334,1.09171,1.48338,0.68282,0
7.84102,18.698,8.17483,-0.0037416,4.4,-0.14306,-0.629462,FGM,1.09171,0.68282,0.302334,1.09171,1.48338,0.68282,0
7.84678,18.698,8.17483,-0.0037416,4.4,-0.14306,-0.629462,FGM,1.09171,0.68282,0.302334,1.09171,1.48338,0.68282,0
7.85336,18.742,8.17459,-0.00531369,4.4,-0.153794,-0.676693,FGM,1.09171,0.68282,0.302334,1.09171,1.48338,0.68282,0
7.8628,18.786,8.17433,-0.00682799,4.4,-0.165553,-0.728435,FGM,1.09171,0.68282,0.302334,1.09171,1.48338,0.68282,0
7.8629,18.786,8.17433,-0.00682799,4.4,-0.165553,-0.728435,FGM,1.09171,0.68282,0.302334,1.09171,1.48338,0.68282,0
7.86715,18.786,8.17433,-0.00682799,4.4,-0.165553,-0.728435,FGM,1.09171,0.68282,0.302334,1.09171,1.48338,0.68282,0
7.87423,18.83,8.17401,-0.00859547,4.4,-0.17062,-0.750727,FGM,0.939187,0.685885,0.279882,0.939187,1.48338,0.685885,0
7.88128,18.874,8.17365,-0.0102551,4.4,-0.177994,-0.783175,FGM,0.939187,0.685885,0.279882,0.939187,1.48338,0.685885,0
7.88812,18.918,8.17323,-0.0121294,4.4,-0.179685,-0.790614,FGM,0.939187,0.685885,0.279882,0.939187,1.48338,0.685885,0
7.89954,18.918,8.17323,-0.0121294,4.4,-0.179685,-0.790614,FGM,0.939187,0.685885,0.279882,0.939187,1.48338,0.685885,0
7.90423,18.962,8.17277,-0.0138662,4.4,-0.184476,-0.811695,FGM,0.939187,0.685885,0.279882,0.939187,1.48338,0.685885,0
7.9093,19.006,8.17224,-0.015795,4.4,-0.184203,-0.810495,FGM,0.939187,0.685885,0.279882,0.939187,1.48338,0.685885,0
7.91322,19.006,8.17224,-0.015795,4.4,-0.184203,-0.810495,FGM,0.939187,0.685885,0.279882,0.939187,1.48338,0.685885,0
7.91997,19.05,8.17169,-0.0172516,4.4,-0.0938113,-0.41277,FGM,0.939187,0.685885,0.279882,0.939187,1.48338,0.685885,0
7.92906,19.05,8.17169,-0.0172516,4.4,-0.0938113,-0.41277,FGM,0.730857,0.700172,0.30226,0.730857,1.48338,0.700172,0
7.93611,19.094,8.17117,-0.0177571,4.4,-0.0271494,-0.119457,FGM,0.730857,0.700172,0.30226,0.730857,1.48338,0.700172,0
7.94236,19.138,8.17064,-0.0178246,4.4,0.0283164,0.124592,FGM,0.730857,0.700172,0.30226,0.730857,1.48338,0.700172,0
7.94786,19.182,8.17014,-0.0172521,4.4,0.0674158,0.29663,FGM,0.730857,0.700172,0.30226,0.730857,1.48338,0.700172,0
7.95401,19.182,8.17014,-0.0172521,4.4,0.0674158,0.29663,FGM,0.730857,0.700172,0.30226,0.730857,1.48338,0.700172,0
7.96169,19.226,8.16963,-0.0164868,4.4,0.101184,0.445208,FGM,0.730857,0.700172,0.30226,0.730857,1.48338,0.700172,0
7.96464,19.226,8.16963,-0.0164868,4.4,0.101184,0.445208,FGM,0.730857,0.700172,0.30226,0.730857,1.48338,0.700172,0
7.96996,19.27,8.16915,-0.0152744,4.4,0.123248,0.542291,FGM,0.730857,0.700172,0.30226,0.730857,1.48338,0.700172,0
7.97506,19.27,8.16915,-0.0152744,4.4,0.123248,0.542291,FGM,0.488261,0.682596,0.272495,0.488261,1.48338,0.682596,0
7.98216,19.314,8.16868,-0.0140202,4.4,0.143682,0.632201,FGM,0.488261,0.682596,0.272495,0.488261,1.48338,0.682596,0
7.98684,19.314,8.16868,-0.0140202,4.4,0.143682,0.632201,FGM,0.488261,0.682596,0.272495,0.488261,1.48338,0.682596,0
7.99815,19.358,8.16824,-0.0124369,4.4,0.155345,0.683518,FGM,0.488261,0.682596,0.272495,0.488261,1.48338,0.682596,0
8.0047,19.402,8.16782,-0.0109039,4.4,0.167697,0.737865,FGM,0.488261,0.682596,0.272495,0.488261,1.48338,0.682596,0
8.01053,19.446,8.16745,-0.00911309,4.4,0.173106,0.761667,FGM,0.488261,0.682596,0.272495,0.488261,1.48338,0.682596,0
8.0148,19.446,8.16745,-0.00911309,4.4,0.173106,0.761667,FGM,0.488261,0.682596,0.272495,0.488261,1.48338,0.682596,0
8.0281,19.49,8.1671,-0.00742761,4.4,0.180643,0.794829,FGM,0.488261,0.682596,0.272495,0.488261,1.48338,0.682596,0
8.02956,19.49,8.1671,-0.00742761,4.4,0.180643,0.794829,FGM,0.284469,0.713043,0.121551,0.284469,2.12705,0.713043,0
8.03349,19.534,8.1668,-0.0055266,4.4,0.182367,0.802417,FGM,0.284469,0.713043,0.121551,0.284469,2.12705,0.713043,0
8.03891,19.578,8.16654,-0.00376317,4.4,0.187103,0.823253,FGM,0.284469,0.713043,0.121551,0.284469,2.12705,0.713043,0
8.04355,19.578,8.16654,-0.00376317,4.4,0.187103,0.823253,FGM,0.284469,0.713043,0.121551,0.284469,2.12705,0.713043,0
8.05066,19.622,8.16634,-0.00180863,4.4,0.186715,0.821544,FGM,0.284469,0.713043,0.121551,0.284469,2.12705,0.713043,0
8.0587,19.666,8.16619,-1.00082e-05,4.4,0.189872,0.835437,FGM,0.284469,0.713043,0.121551,0.284469,2.12705,0.713043,0
8.06452,19.666,8.16619,-1.00082e-05,4.4,0.189872,0.835437,FGM,0.284469,0.713043,0.121551,0.284469,2.12705,0.713043,0
8.07035,19.71,8.1661,0.00196609,4.4,0.188319,0.828604,FGM,0.284469,0.713043,0.121551,0.284469,2.12705,0.713043,0
8.0742,19.71,8.1661,0.00196609,4.4,0.188319,0.828604,FGM,0.0981033,0.694877,0.15351,0.0981033,2.12705,0.694877,0
8.0798,19.754,8.16607,0.00377629,4.4,0.19063,0.838773,FGM,0.0981033,0.694877,0.15351,0.0981033,2.12705,0.694877,0
8.08985,19.754,8.16607,0.00377629,4.4,0.19063,0.838773,FGM,0.0981033,0.694877,0.15351,0.0981033,2.12705,0.694877,0
8.09485,19.798,8.1661,0.00575678,4.4,0.188474,0.829286,FGM,0.0981033,0.694877,0.15351,0.0981033,2.12705,0.694877,0
8.09877,19.842,8.16619,0.00756631,4.4,0.190367,0.837613,FGM,0.0981033,0.694877,0.15351,0.0981033,2.12705,0.694877,0
8.10385,19.842,8.16619,0.00756631,4.4,0.190367,0.837613,FGM,0.0981033,0.694877,0.15351,0.0981033,2.12705,0.694877,0
8.10898,19.886,8.16637,0.00954266,4.4,0.187931,0.826896,FGM,0.0981033,0.694877,0.15351,0.0981033,2.12705,0.694877,0
8.11334,19.886,8.16637,0.00954266,4.4,0.187931,0.826896,FGM,0.0981033,0.694877,0.15351,0.0981033,2.12705,0.694877,0
8.12198,19.93,8.16657,0.0110281,4.4,0.0959449,0.422157,FGM,0.0981033,0.694877,0.15351,0.0981033,2.12705,0.694877,0
8.13003,19.93,8.16657,0.0110281,4.4,0.0959449,0.422157,FGM,0,0.735299,0.121616,0,2.12705,0.735299,0
8.13231,19.974,8.16675,0.0115488,4.4,0.0281261,0.123755,FGM,0,0.735299,0.121616,0,2.12705,0.735299,0
8.13985,20.018,8.16694,0.0116217,4.4,-0.0281624,-0.123915,FGM,0,0.735299,0.121616,0,2.12705,0.735299,0
8.1437,20.018,8.16694,0.0116217,4.4,-0.0281624,-0.123915,FGM,0,0.735299,0.121616,0,2.12705,0.735299,0
8.1553,20.062,8.16712,0.0110478,4.4,-0.067831,-0.298456,FGM,0,0.735299,0.121616,0,2.12705,0.735299,0
8.16109,20.106,8.16731,0.0102763,4.4,-0.101977,-0.4487,FGM,0,0.735299,0.121616,0,2.12705,0.735299,0
8.1656,20.106,8.16731,0.0102763,4.4,-0.101977,-0.4487,FGM,0,0.735299,0.121616,0,2.12705,0.735299,0
8.1727,20.15,8.16747,0.00905462,4.4,-0.124278,-0.546823,FGM,0,0.760322,0.141442,0,2.12705,0.760322,0
8.17823,20.194,8.16763,0.00778941,4.4,-0.144844,-0.637314,FGM,0,0.760322,0.141442,0,2.12705,0.760322,0
8.18586,20.194,8.16763,0.00778941,4.4,-0.144844,-0.637314,FGM,0,0.760322,0.141442,0,2.12705,0.760322,0
8.19212,20.238,8.16776,0.00619417,4.4,-0.156564,-0.68888,FGM,0,0.760322,0.141442,0,2.12705,0.760322,0
8.19423,20.238,8.16776,0.00619417,4.4,-0.156564,-0.68888,FGM,0,0.760322,0.141442,0,2.12705,0.760322,0
8.20076,20.282,8.16788,0.00464892,4.4,-0.168918,-0.743239,FGM,0,0.760322,0.141442,0,2.12705,0.760322,0
8.20485,20.282,8.16788,0.00464892,4.4,-0.168918,-0.743239,FGM,0,0.760322,0.141442,0,2.12705,0.760322,0
8.21134,20.326,8.16796,0.00284605,4.4,-0.174294,-0.766892,FGM,0,0.760322,0.141442,0,2.12705,0.760322,0
8.21853,20.326,8.16796,0.00284605,4.4,-0.174294,-0.766892,FGM,0,0.760322,0.141442,0,2.12705,0.760322,0
8.2222,20.37,8.16801,0.00114897,4.4,-0.181772,-0.799798,FGM,0,0.782384,0.167037,0,2.12705,0.782384,0
8.22656,20.37,8.16801,0.00114897,4.4,-0.181772,-0.799798,FGM,0,0.782384,0.167037,0,2.12705,0.782384,0
8.23336,20.414,8.16801,-0.000762979,4.4,-0.183424,-0.807064,FGM,0,0.782384,0.167037,0,2.12705,0.782384,0
8.23968,20.458,8.16798,-0.00253657,4.4,-0.188078,-0.827543,FGM,0,0.782384,0.167037,0,2.12705,0.782384,0
8.24933,20.458,8.16798,-0.00253657,4.4,-0.188078,-0.827543,FGM,0,0.782384,0.167037,0,2.12705,0.782384,0
8.25365,20.502,8.16788,-0.00450044,4.4,-0.187605,-0.825462,FGM,0,0.782384,0.167037,0,2.12705,0.782384,0
8.25519,20.502,8.16788,-0.00450044,4.4,-0.187605,-0.825462,FGM,0,0.782384,0.167037,0,2.12705,0.782384,0
8.26144,20.546,8.16775,-0.00630754,4.4,-0.190678,-0.838985,FGM,0,0.782384,0.167037,0,2.12705,0.782384,0
8.26539,20.546,8.16775,-0.00630754,4.4,-0.190678,-0.838985,FGM,0,0.782384,0.167037,0,2.12705,0.782384,0
8.27072,20.59,8.16754,-0.0082913,4.4,-0.189044,-0.831794,FGM,0,0.782384,0.167037,0,2.12705,0.782384,0
8.27635,20.59,8.16754,-0.0082913,4.4,-0.189044,-0.831794,FGM,0,0.541647,0.125993,0,2.12705,0.541647,0
8.28664,20.634,8.16732,-0.00979064,4.4,-0.0975753,-0.429331,FGM,0,0.541647,0.125993,0,2.12705,0.541647,0
8.29152,20.678,8.16712,-0.0103294,4.4,-0.0300637,-0.13228,FGM,0,0.541647,0.125993,0,2.12705,0.541647,0
8.29661,20.678,8.16712,-0.0103294,4.4,-0.0300637,-0.13228,FGM,0,0.541647,0.125993,0,2.12705,0.541647,0
8.30274,20.722,8.16692,-0.0104225,4.4,0.026071,0.114712,FGM,0,0.541647,0.125993,0,2.12705,0.541647,0
8.31498,20.766,8.16674,-0.0098698,4.4,0.0656955,0.28906,FGM,0,0.541647,0.125993,0,2.12705,0.541647,0
8.31619,20.766,8.16674,-0.0098698,4.4,0.0656955,0.28906,FGM,0,0.541647,0.125993,0,2.12705,0.541647,0
8.32338,20.81,8.16654,-0.00943731,4.4,0.00617167,0.0271553,FGM,0.0960535,0.378272,0.142521,0.0960535,2.12705,0.378272,0
8.33004,20.854,8.16623,-0.0100018,4.4,-0.130429,-0.57389,FGM,0.0960535,0.378272,0.142521,0.0960535,2.12705,0.378272,0
8.33447,20.854,8.16623,-0.0100018,4.4,-0.130429,-0.57389,FGM,0.0960535,0.378272,0.142521,0.0960535,2.12705,0.378272,0
8.34653,20.898,8.16578,-0.0119259,4.4,-0.232991,-1.02516,FGM,0.0960535,0.378272,0.142521,0.0960535,2.12705,0.378272,0
8.34664,20.898,8.16578,-0.0119259,4.4,-0.232991,-1.02516,FGM,0.0960535,0.378272,0.142521,0.0960535,2.12705,0.378272,0
8.35278,20.9415,8.16521,-0.014889,4.3049,-0.37751,-1.62514,FGM,0.0960535,0.378272,0.142521,0.0960535,2.12705,0.378272,0
8.36072,20.9841,8.16449,-0.0193365,4.2098,-0.483271,-2.03447,FGM,0.0960535,0.378272,0.142521,0.0960535,2.12705,0.378272,0
8.36767,20.9841,8.16449,-0.0193365,4.2098,-0.483271,-2.03447,FGM,0.0960535,0.378272,0.142521,0.0960535,2.12705,0.378272,0
8.38079,21.0257,8.16367,-0.0245132,4.1147,-0.572775,-2.3568,FGM,0,0.653501,0.135569,0,2.12705,0.653501,0
8.38969,21.0663,8.16267,-0.0311406,4.0196,-0.767947,-3.08684,FGM,0,0.653501,0.135569,0,2.12705,0.653501,0
8.39564,21.106,8.1614,-0.0401286,3.9245,-1.04081,-4.08464,FGM,0,0.653501,0.135569,0,2.12705,0.653501,0
8.40179,21.1448,8.15981,-0.051702,3.8294,-1.24024,-4.74937,FGM,0,0.653501,0.135569,0,2.12705,0.653501,0
8.41125,21.1831,8.15791,-0.0637199,3.85653,-1.18108,-4.55487,FGM,0,0.653501,0.135569,0,2.12705,0.653501,0
8.41665,21.1831,8.15791,-0.0637199,3.85653,-1.18108,-4.55487,FGM,0,0.653501,0.135569,0,2.12705,0.653501,0
8.42273,21.2218,8.15563,-0.0753653,3.88237,-1.13503,-4.40661,FGM,0.0985537,0.362472,0.197277,0.0985537,3.08519,0.362472,0
8.42858,21.2606,8.15301,-0.0862071,3.90699,-1.02332,-3.99809,FGM,0.0985537,0.362472,0.197277,0.0985537,3.08519,0.362472,0
8.43379,21.2606,8.15301,-0.0862071,3.90699,-1.02332,-3.99809,FGM,0.0985537,0.362472,0.197277,0.0985537,3.08519,0.362472,0
8.44085,21.2997,8.15011,-0.0956669,3.93043,-0.860924,-3.3838,FGM,0.0985537,0.362472,0.197277,0.0985537,3.08519,0.362472,0
8.44828,21.2997,8.15011,-0.0956669,3.93043,-0.860924,-3.3838,FGM,0.0985537,0.362472,0.197277,0.0985537,3.08519,0.362472,0
8.45387,21.3384,8.14704,-0.104317,3.83533,-0.892406,-3.42267,FGM,0.0985537,0.362472,0.197277,0.0985537,3.08519,0.362472,0
8.4603,21.3762,8.14381,-0.11346,3.74023,-0.911377,-3.40876,FGM,0.0985537,0.362472,0.197277,0.0985537,3.08519,0.362472,0
8.46499,21.3762,8.14381,-0.11346,3.74023,-0.911377,-3.40876,FGM,0.0985537,0.362472,0.197277,0.0985537,3.08519,0.362472,0
8.47687,21.4129,8.14046,-0.12257,3.64513,-0.933878,-3.40411,FGM,0.0985537,0.362472,0.197277,0.0985537,3.08519,0.362472,0
8.47758,21.4129,8.14046,-0.12257,3.64513,-0.933878,-3.40411,FGM,0.0894068,0.348725,0.197941,0.0894068,3.08519,0.348725,0
8.4851,21.4487,8.13692,-0.132519,3.55003,-1.07242,-3.80712,FGM,0.0894068,0.348725,0.197941,0.0894068,3.08519,0.348725,0
8.49093,21.4835,8.13308,-0.144283,3.45493,-1.29148,-4.46198,FGM,0.0894068,0.348725,0.197941,0.0894068,3.08519,0.348725,0
8.49604,21.4835,8.13308,-0.144283,3.45493,-1.29148,-4.46198,FGM,0.0894068,0.348725,0.197941,0.0894068,3.08519,0.348725,0
8.50869,21.5174,8.12887,-0.158528,3.35983,-1.56504,-5.25825,FGM,0.0894068,0.348725,0.197941,0.0894068,3.08519,0.348725,0
8.51683,21.5502,8.12427,-0.175264,3.26473,-1.74595,-5.70005,FGM,0.0894068,0.348725,0.197941,0.0894068,3.08519,0.348725,0
8.52447,21.582,8.11938,-0.192862,3.16963,-1.74838,-5.54173,FGM,0.126135,0.328902,0.171259,0.126135,3.08519,0.328902,0
8.53959,21.6128,8.11426,-0.210257,3.07453,-1.75373,-5.39191,FGM,0.126135,0.328902,0.171259,0.126135,3.08519,0.328902,0
8.5402,21.6425,8.10887,-0.227862,2.97943,-1.74152,-5.18874,FGM,0.126135,0.328902,0.171259,0.126135,3.08519,0.328902,0
8.5449,21.6425,8.10887,-0.227862,2.97943,-1.74152,-5.18874,FGM,0.126135,0.328902,0.171259,0.126135,3.08519,0.328902,0
8.55228,21.6713,8.10326,-0.245111,2.88433,-1.73128,-4.99358,FGM,0.126135,0.328902,0.171259,0.126135,3.08519,0.328902,0
8.55664,21.6713,8.10326,-0.245111,2.88433,-1.73128,-4.99358,FGM,0.126135,0.328902,0.171259,0.126135,3.08519,0.328902,0
8.57261,21.6991,8.09738,-0.262406,2.78923,-1.70201,-4.74729,FGM,0.126135,0.328902,0.171259,0.126135,3.08519,0.328902,0
8.58803,21.7258,8.09134,-0.278753,2.69413,-1.55052,-4.17731,FGM,0.0715662,0.308763,0.188336,0.0715662,3.08519,0.308763,0
8.59819,21.7516,8.08521,-0.29316,2.59903,-1.32042,-3.43182,FGM,0.0715662,0.308763,0.188336,0.0715662,3.08519,0.308763,0
8.60897,21.7763,8.07905,-0.305424,2.50393,-1.16537,-2.91801,FGM,0.0715662,0.308763,0.188336,0.0715662,3.08519,0.308763,0
8.61578,21.8001,8.07281,-0.316533,2.40883,-1.03729,-2.49866,FGM,0.0715662,0.308763,0.188336,0.0715662,3.08519,0.308763,0
8.62187,21.8228,8.06654,-0.326311,2.31373,-0.945896,-2.18855,FGM,0.0825436,0.291802,0.176186,0.0825436,3.08519,0.291802,0
8.6263,21.8228,8.06654,-0.326311,2.31373,-0.945896,-2.18855,FGM,0.0825436,0.291802,0.176186,0.0825436,3.08519,0.291802,0
8.63572,21.8446,8.06022,-0.335432,2.21863,-0.855929,-1.89899,FGM,0.0825436,0.291802,0.176186,0.0825436,3.08519,0.291802,0
8.64033,21.8654,8.05392,-0.343527,2.12353,-0.788879,-1.67521,FGM,0.0825436,0.291802,0.176186,0.0825436,3.08519,0.291802,0
8.64536,21.8654,8.05392,-0.343527,2.12353,-0.788879,-1.67521,FGM,0.0825436,0.291802,0.176186,0.0825436,3.08519,0.291802,0
8.65118,21.8852,8.04762,-0.351157,2.02843,-0.713292,-1.44686,FGM,0.0825436,0.291802,0.176186,0.0825436,3.08519,0.291802,0
8.65811,21.904,8.0414,-0.357882,1.93333,-0.657123,-1.27044,FGM,0.0825436,0.291802,0.176186,0.0825436,3.08519,0.291802,0
8.66367,21.904,8.0414,-0.357882,1.93333,-0.657123,-1.27044,FGM,0.0825436,0.291802,0.176186,0.0825436,3.08519,0.291802,0
8.6674,21.904,8.0414,-0.357882,1.93333,-0.657123,-1.27044,FGM,0.0825436,0.291802,0.176186,0.0825436,3.08519,0.291802,0
8.67459,21.9218,8.03522,-0.364631,1.83823,-0.70572,-1.29727,FGM,0.0825436,0.291802,0.176186,0.0825436,3.08519,0.291802,0
8.67966,21.9386,8.02906,-0.371695,1.75065,-0.678083,-1.18709,FGM,0.0574976,0.266325,0.193063,0.0574976,3.08519,0.266325,0
8.68433,21.9386,8.02906,-0.371695,1.75065,-0.678083,-1.18709,FGM,0.0574976,0.266325,0.193063,0.0574976,3.08519,0.266325,0
8.69113,21.9547,8.02296,-0.378104,1.67973,-0.628085,-1.05501,FGM,0.0574976,0.266325,0.193063,0.0574976,3.08519,0.266325,0
8.69691,21.9547,8.02296,-0.378104,1.67973,-0.628085,-1.05501,FGM,0.0574976,0.266325,0.193063,0.0574976,3.08519,0.266325,0
8.70408,21.97,8.0169,-0.384201,1.60783,-0.568807,-0.914543,FGM,0.0574976,0.266325,0.193063,0.0574976,3.08519,0.266325,0
8.70984,21.9846,8.01092,-0.389514,1.5496,-0.519242,-0.804618,FGM,0.0574976,0.266325,0.193063,0.0574976,3.08519,0.266325,0
8.714,21.9846,8.01092,-0.389514,1.5496,-0.519242,-0.804618,FGM,0.0574976,0.266325,0.193063,0.0574976,3.08519,0.266325,0
8.72002,21.9986,8.00497,-0.394495,1.50245,-0.45924,-0.689985,FGM,0.0574976,0.266325,0.193063,0.0574976,3.08519,0.266325,0
8.72963,21.9986,8.00497,-0.394495,1.50245,-0.45924,-0.689985,FGM,0.0464049,0.253423,0.204923,0.0464049,3.08519,0.253423,0
8.73009,22.0122,7.99908,-0.398483,1.46426,-0.332582,-0.486988,FGM,0.0464049,0.253423,0.204923,0.0464049,3.08519,0.253423,0
8.73643,22.0122,7.99908,-0.398483,1.46426,-0.332582,-0.486988,FGM,0.0464049,0.253423,0.204923,0.0464049,3.08519,0.253423,0
8.74245,22.0255,7.99332,-0.401086,1.43334,-0.186672,-0.267564,FGM,0.0464049,0.253423,0.204923,0.0464049,3.08519,0.253423,0
8.7469,22.0255,7.99332,-0.401086,1.43334,-0.186672,-0.267564,FGM,0.0464049,0.253423,0.204923,0.0464049,3.08519,0.253423,0
8.75399,22.0385,7.9877,-0.402519,1.39796,-0.129654,-0.181251,FGM,0.0464049,0.253423,0.204923,0.0464049,3.08519,0.253423,0
8.76099,22.0512,7.98219,-0.403695,1.3693,-0.0897954,-0.122957,FGM,0.0464049,0.253423,0.204923,0.0464049,3.08519,0.253423,0
8.76401,22.0512,7.98219,-0.403695,1.3693,-0.0897954,-0.122957,FGM,0.0464049,0.253423,0.204923,0.0464049,3.08519,0.253423,0
8.77217,22.0637,7.97678,-0.404448,1.3461,-0.0826673,-0.111278,FGM,0.0464049,0.253423,0.204923,0.0464049,3.08519,0.253423,0
8.77575,22.0637,7.97678,-0.404448,1.3461,-0.0826673,-0.111278,FRENET,0.19758,3.08519,0.19758,0,3.08519,0.486626,0
8.78226,22.0759,7.97141,-0.405577,1.32731,-0.15237,-0.202242,FRENET,0.19758,3.08519,0.19758,0,3.08519,0.486626,0
8.78763,22.0759,7.97141,-0.405577,1.32731,-0.15237,-0.202242,FRENET,0.19758,3.08519,0.19758,0,3.08519,0.486626,0
8.80365,22.088,7.96603,-0.407299,1.31209,-0.168793,-0.221472,FRENET,0.19758,3.08519,0.19758,0,3.08519,0.486626,0
8.80574,22.088,7.96603,-0.407299,1.31209,-0.168793,-0.221472,FRENET,0.19758,3.08519,0.19758,0,3.08519,0.486626,0
8.8124,22.1,7.96061,-0.408962,1.33129,-0.180173,-0.239863,FRENET,0.19758,3.08519,0.19758,0,3.08519,0.486626,0
8.81779,22.1122,7.95505,-0.410837,1.34957,-0.178379,-0.240735,FRENET,0.19758,3.08519,0.19758,0,3.08519,0.486626,0
8.82605,22.1122,7.95505,-0.410837,1.34957,-0.178379,-0.240735,FRENET,0.19758,3.08519,0.19758,0,3.08519,0.486626,0
8.83203,22.1246,7.94942,-0.412341,1.36699,-0.114672,-0.156756,FRENET,0.19963,3.08519,0.19963,0.0529653,3.08519,0.225518,0
8.83808,22.1371,7.94378,-0.413035,1.38357,-0.0201493,-0.0278781,FRENET,0.19963,3.08519,0.19963,0.0529653,3.08519,0.225518,0
8.84368,22.1371,7.94378,-0.413035,1.38357,-0.0201493,-0.0278781,FRENET,0.19963,3.08519,0.19963,0.0529653,3.08519,0.225518,0
8.85062,22.1498,7.93816,-0.412691,1.39937,0.091101,0.127484,FRENET,0.19963,3.08519,0.19963,0.0529653,3.08519,0.225518,0
8.85773,22.1498,7.93816,-0.412691,1.39937,0.091101,0.127484,FRENET,0.19963,3.08519,0.19963,0.0529653,3.08519,0.225518,0
8.86532,22.1628,7.93262,-0.41118,1.41442,0.21238,0.300395,FRENET,0.19963,3.08519,0.19963,0.0529653,3.08519,0.225518,0
8.87133,22.1759,7.92719,-0.408421,1.42875,0.340314,0.486223,FRENET,0.19963,3.08519,0.19963,0.0529653,3.08519,0.225518,0
8.87689,22.1759,7.92719,-0.408421,1.42875,0.340314,0.486223,FRENET,0.195249,3.08519,0.195249,0,3.08519,0.488729,0
8.88951,22.1892,7.92189,-0.404357,1.4424,0.47308,0.682371,FRENET,0.195249,3.08519,0.195249,0,3.08519,0.488729,0
8.89366,22.2028,7.91675,-0.399206,1.4554,0.532909,0.775595,FRENET,0.195249,3.08519,0.195249,0,3.08519,0.488729,0
8.90013,22.2165,7.91171,-0.393727,1.46778,0.575777,0.845115,FRENET,0.195249,3.08519,0.195249,0,3.08519,0.488729,0
8.90938,22.2165,7.91171,-0.393727,1.46778,0.575777,0.845115,FRENET,0.195249,3.08519,0.195249,0,3.08519,0.488729,0
8.91341,22.2304,7.90677,-0.387796,1.47958,0.591837,0.875668,FRENET,0.195249,3.08519,0.195249,0,3.08519,0.488729,0
8.92218,22.2304,7.90677,-0.387796,1.47958,0.591837,0.875668,FRENET,0.195249,3.08519,0.195249,0,3.08519,0.488729,0
8.92224,22.2444,7.9019,-0.381853,1.49081,0.612435,0.913024,FRENET,0.195249,3.08519,0.195249,0,3.08519,0.488729,0
8.92833,22.2444,7.9019,-0.381853,1.49081,0.612435,0.913024,FRENET,0.195249,3.08519,0.195249,0,3.08519,0.488729,0
8.93108,22.2586,7.89711,-0.37562,1.50151,0.616802,0.926134,FRENET,0.219168,3.08519,0.219168,0.0183219,3.08519,0.218041,0
8.93641,22.2586,7.89711,-0.37562,1.50151,0.616802,0.926134,FRENET,0.219168,3.08519,0.219168,0.0183219,3.08519,0.218041,0
8.943,22.2729,7.89239,-0.369464,1.5117,0.630796,0.953573,FRENET,0.219168,3.08519,0.219168,0.0183219,3.08519,0.218041,0
8.9544,22.2873,7.88774,-0.363068,1.5214,0.631355,0.960546,FRENET,0.219168,3.08519,0.219168,0.0183219,3.08519,0.218041,0
8.9558,22.2873,7.88774,-0.363068,1.5214,0.631355,0.960546,FRENET,0.219168,3.08519,0.219168,0.0183219,3.08519,0.218041,0
8.96379,22.3019,7.88315,-0.35678,1.53065,0.64288,0.984023,FRENET,0.219168,3.08519,0.219168,0.0183219,3.08519,0.218041,0
8.96906,22.3166,7.87865,-0.350271,1.53945,0.641877,0.988138,FRENET,0.219168,3.08519,0.219168,0.0183219,3.08519,0.218041,0
8.97349,22.3166,7.87865,-0.350271,1.53945,0.641877,0.988138,FRENET,0.185324,3.08519,0.185324,0.0292106,3.08519,0.208559,0
8.98588,22.3314,7.8742,-0.343886,1.54847,0.652013,1.00963,FRENET,0.185324,3.08519,0.185324,0.0292106,3.08519,0.208559,0
8.987,22.3314,7.8742,-0.343886,1.54847,0.652013,1.00963,FRENET,0.185324,3.08519,0.185324,0.0292106,3.08519,0.208559,0
8.99321,22.3463,7.86984,-0.33729,1.55707,0.650287,1.01254,FRENET,0.185324,3.08519,0.185324,0.0292106,3.08519,0.208559,0
8.99873,22.3613,7.86551,-0.331092,1.56525,0.580687,0.90892,FRENET,0.185324,3.08519,0.185324,0.0292106,3.08519,0.208559,0
9.00388,22.3613,7.86551,-0.331092,1.56525,0.580687,0.90892,FRENET,0.185324,3.08519,0.185324,0.0292106,3.08519,0.208559,0
9.00909,22.3763,7.86116,-0.325786,1.57304,0.475962,0.748709,FRENET,0.185324,3.08519,0.185324,0.0292106,3.08519,0.208559,0
9.01967,22.3763,7.86116,-0.325786,1.57304,0.475962,0.748709,FRENET,0.185324,3.08519,0.185324,0.0292106,3.08519,0.208559,0
9.0221,22.3915,7.85678,-0.321361,1.58047,0.432147,0.682994,FRENET,0.185324,3.08519,0.185324,0.0292106,3.08519,0.208559,0
9.02645,22.3915,7.85678,-0.321361,1.58047,0.432147,0.682994,FRENET,0.250429,4.58804,0.250429,0,4.58804,0.625293,0
9.0329,22.4067,7.85239,-0.317124,1.58754,0.401383,0.637211,FRENET,0.250429,4.58804,0.250429,0,4.58804,0.625293,0
9.03904,22.422,7.848,-0.313236,1.59427,0.394641,0.629165,FRENET,0.250429,4.58804,0.250429,0,4.58804,0.625293,0
9.04347,22.422,7.848,-0.313236,1.59427,0.394641,0.629165,FRENET,0.250429,4.58804,0.250429,0,4.58804,0.625293,0
9.05155,22.4377,7.84353,-0.309335,1.67228,0.377586,0.631428,FRENET,0.250429,4.58804,0.250429,0,4.58804,0.625293,0
9.05586,22.4377,7.84353,-0.309335,1.67228,0.377586,0.631428,FRENET,0.250429,4.58804,0.250429,0,4.58804,0.625293,0
9.05935,22.4542,7.83889,-0.305609,1.74657,0.380534,0.664629,FRENET,0.250429,4.58804,0.250429,0,4.58804,0.625293,0
9.06339,22.4542,7.83889,-0.305609,1.74657,0.380534,0.664629,FRENET,0.250429,4.58804,0.250429,0,4.58804,0.625293,0
9.06892,22.4713,7.83412,-0.301534,1.81733,0.442157,0.803545,FRENET,0.250429,4.58804,0.250429,0,4.58804,0.625293,0
9.0757,22.4713,7.83412,-0.301534,1.81733,0.442157,0.803545,FRENET,0.261379,4.58804,0.261379,0.0260452,4.58804,0.198134,0
9.08549,22.4892,7.82928,-0.296638,1.88473,0.541962,1.02145,FRENET,0.261379,4.58804,0.261379,0.0260452,4.58804,0.198134,0
9.08557,22.4892,7.82928,-0.296638,1.88473,0.541962,1.02145,FRENET,0.261379,4.58804,0.261379,0.0260452,4.58804,0.198134,0
9.09194,22.5077,7.82444,-0.290811,1.94892,0.606827,1.18266,FRENET,0.261379,4.58804,0.261379,0.0260452,4.58804,0.198134,0
9.0981,22.5269,7.81958,-0.284519,2.01006,0.661383,1.32942,FRENET,0.261379,4.58804,0.261379,0.0260452,4.58804,0.198134,0
9.10313,22.5269,7.81958,-0.284519,2.01006,0.661383,1.32942,FRENET,0.261379,4.58804,0.261379,0.0260452,4.58804,0.198134,0
9.11631,22.5467,7.81473,-0.277642,2.06829,0.699334,1.44643,FRENET,0.261379,4.58804,0.261379,0.0260452,4.58804,0.198134,0
9.11718,22.5467,7.81473,-0.277642,2.06829,0.699334,1.44643,FRENET,0.261379,4.58804,0.261379,0.0260452,4.58804,0.198134,0
9.12322,22.5671,7.80989,-0.27052,2.12376,0.736647,1.56446,FRENET,0.261379,4.58804,0.261379,0.0260452,4.58804,0.198134,0
9.13117,22.5881,7.80508,-0.26295,2.17658,0.763039,1.66082,FRENET,0.22052,4.58804,0.22052,0.174741,4.58804,0.192872,0
9.13505,22.5881,7.80508,-0.26295,2.17658,0.763039,1.66082,FRENET,0.22052,4.58804,0.22052,0.174741,4.58804,0.192872,0
9.1455,22.6096,7.8003,-0.255237,2.2269,0.792082,1.76389,FRENET,0.22052,4.58804,0.22052,0.174741,4.58804,0.192872,0
9.14565,22.6096,7.8003,-0.255237,2.2269,0.792082,1.76389,FRENET,0.22052,4.58804,0.22052,0.174741,4.58804,0.192872,0
9.15294,22.6316,7.79559,-0.247143,2.27482,0.812426,1.84812,FRENET,0.22052,4.58804,0.22052,0.174741,4.58804,0.192872,0
9.15906,22.6541,7.79093,-0.238961,2.32046,0.836782,1.94172,FRENET,0.22052,4.58804,0.22052,0.174741,4.58804,0.192872,0
9.16323,22.6541,7.79093,-0.238961,2.32046,0.836782,1.94172,FRENET,0.22052,4.58804,0.22052,0.174741,4.58804,0.192872,0
9.16931,22.6771,7.78636,-0.230438,2.36393,0.853483,2.01758,FRENET,0.22052,4.58804,0.22052,0.174741,4.58804,0.192872,0
9.17791,22.6771,7.78636,-0.230438,2.36393,0.853483,2.01758,FRENET,0.236207,4.58804,0.236207,0.238031,4.58804,0.193873,0
9.17993,22.7005,7.78188,-0.221863,2.40534,0.874848,2.10431,FRENET,0.236207,4.58804,0.236207,0.238031,4.58804,0.193873,0
9.18437,22.7005,7.78188,-0.221863,2.40534,0.874848,2.10431,FRENET,0.236207,4.58804,0.236207,0.238031,4.58804,0.193873,0
9.18997,22.7243,7.77751,-0.21297,2.44478,0.889116,2.17369,FRENET,0.236207,4.58804,0.236207,0.238031,4.58804,0.193873,0
9.19615,22.7243,7.77751,-0.21297,2.44478,0.889116,2.17369,FRENET,0.236207,4.58804,0.236207,0.238031,4.58804,0.193873,0
9.20157,22.7486,7.77326,-0.204051,2.48234,0.90839,2.25493,FRENET,0.236207,4.58804,0.236207,0.238031,4.58804,0.193873,0
9.21026,22.7486,7.77326,-0.204051,2.48234,0.90839,2.25493,FRENET,0.236207,4.58804,0.236207,0.238031,4.58804,0.193873,0
9.2137,22.7733,7.76915,-0.19483,2.51811,0.920894,2.31891,FRENET,0.236207,4.58804,0.236207,0.238031,4.58804,0.193873,0
9.21952,22.7983,7.76517,-0.185603,2.55219,0.938594,2.39547,FRENET,0.236207,4.58804,0.236207,0.238031,4.58804,0.193873,0
9.22381,22.7983,7.76517,-0.185603,2.55219,0.938594,2.39547,FRENET,0.248403,4.58804,0.248403,0.282548,4.58804,0.201632,0
9.2295,22.8237,7.76136,-0.176086,2.58464,0.949728,2.45471,FRENET,0.248403,4.58804,0.248403,0.282548,4.58804,0.201632,0
9.23475,22.8237,7.76136,-0.176086,2.58464,0.949728,2.45471,FRENET,0.248403,4.58804,0.248403,0.282548,4.58804,0.201632,0
9.24172,22.8494,7.75771,-0.166578,2.61555,0.966169,2.52707,FRENET,0.248403,4.58804,0.248403,0.282548,4.58804,0.201632,0
9.24678,22.8494,7.75771,-0.166578,2.61555,0.966169,2.52707,FRENET,0.248403,4.58804,0.248403,0.282548,4.58804,0.201632,0
9.25357,22.8755,7.75427,-0.156524,2.645,1.05412,2.78815,FRENET,0.248403,4.58804,0.248403,0.282548,4.58804,0.201632,0
9.25864,22.9019,7.7511,-0.145597,2.67304,1.11279,2.97454,FRENET,0.248403,4.58804,0.248403,0.282548,4.58804,0.201632,0
9.26293,22.9019,7.7511,-0.145597,2.67304,1.11279,2.97454,FRENET,0.248403,4.58804,0.248403,0.282548,4.58804,0.201632,0
9.27736,22.9286,7.74818,-0.134287,2.69974,1.16158,3.13596,FRENET,0.248403,4.58804,0.248403,0.282548,4.58804,0.201632,0
9.27745,22.9286,7.74818,-0.134287,2.69974,1.16158,3.13596,FRENET,0.236093,4.58804,0.236093,0.205519,4.58804,0.222195,0
9.28209,22.9556,7.74555,-0.122425,2.72518,1.1938,3.25331,FRENET,0.236093,4.58804,0.236093,0.205519,4.58804,0.222195,0
9.28923,22.9829,7.74318,-0.110402,2.74941,1.22452,3.36672,FRENET,0.236093,4.58804,0.236093,0.205519,4.58804,0.222195,0
9.29319,22.9829,7.74318,-0.110402,2.74941,1.22452,3.36672,FRENET,0.236093,4.58804,0.236093,0.205519,4.58804,0.222195,0
9.30417,23.0104,7.74112,-0.0979764,2.77249,1.24431,3.44984,FRENET,0.236093,4.58804,0.236093,0.205519,4.58804,0.222195,0
9.30518,23.0104,7.74112,-0.0979764,2.77249,1.24431,3.44984,FRENET,0.236093,4.58804,0.236093,0.205519,4.58804,0.222195,0
9.3113,23.0382,7.73934,-0.08552,2.79758,1.26165,3.52956,FRENET,0.236093,4.58804,0.236093,0.205519,4.58804,0.222195,0
9.31523,23.0382,7.73934,-0.08552,2.79758,1.26165,3.52956,FRENET,0.236093,4.58804,0.236093,0.205519,4.58804,0.222195,0
9.32332,23.0663,7.73789,-0.072769,2.82148,1.27288,3.59141,FRENET,0.107035,1.5551,0.107035,0.20315,1.5551,0.226071,0
9.33044,23.0946,7.73671,-0.0603085,2.84425,1.20821,3.43644,FRENET,0.107035,1.5551,0.107035,0.20315,1.5551,0.226071,0
9.34222,23.0946,7.73671,-0.0603085,2.84425,1.20821,3.43644,FRENET,0.107035,1.5551,0.107035,0.20315,1.5551,0.226071,0
9.34695,23.1225,7.73576,-0.0481426,2.74915,1.20084,3.30128,FRENET,0.107035,1.5551,0.107035,0.20315,1.5551,0.226071,0
9.3538,23.1495,7.73497,-0.0366657,2.65405,1.07887,2.86338,FRENET,0.107035,1.5551,0.107035,0.20315,1.5551,0.226071,0
9.36113,23.1756,7.73426,-0.0268048,2.55895,0.883446,2.26069,FRENET,0.107035,1.5551,0.107035,0.20315,1.5551,0.226071,0
9.36976,23.1756,7.73426,-0.0268048,2.55895,0.883446,2.26069,FRENET,0.107035,1.5551,0.107035,0.20315,1.5551,0.226071,0
9.37141,23.2007,7.73358,-0.0191438,2.46385,0.642948,1.58413,FRENET,0.107035,1.5551,0.107035,0.20315,1.5551,0.226071,0
9.37748,23.2007,7.73358,-0.0191438,2.46385,0.642948,1.58413,FRENET,0.117414,1.5551,0.117414,0.186326,1.5551,0.282678,0
9.3821,23.2248,7.73289,-0.0140279,2.36875,0.377308,0.893748,FRENET,0.117414,1.5551,0.117414,0.186326,1.5551,0.282678,0
9.38692,23.2248,7.73289,-0.0140279,2.36875,0.377308,0.893748,FRENET,0.117414,1.5551,0.117414,0.186326,1.5551,0.282678,0
9.39313,23.248,7.73217,-0.0112176,2.27365,0.222468,0.505814,FRENET,0.117414,1.5551,0.117414,0.186326,1.5551,0.282678,0
9.40171,23.2703,7.73152,-0.00945187,2.17855,0.114387,0.249197,FRENET,0.117414,1.5551,0.117414,0.186326,1.5551,0.282678,0
9.40519,23.2703,7.73152,-0.00945187,2.17855,0.114387,0.249197,FRENET,0.117414,1.5551,0.117414,0.186326,1.5551,0.282678,0
9.41255,23.2916,7.73086,-0.00915085,2.08345,-0.0626007,-0.130425,FRENET,0.117414,1.5551,0.117414,0.186326,1.5551,0.282678,0
9.41868,23.3119,7.73017,-0.0104009,1.98835,-0.153094,-0.304404,FRENET,0.117414,1.5551,0.117414,0.186326,1.5551,0.282678,0
9.42549,23.3119,7.73017,-0.0104009,1.98835,-0.153094,-0.304404,FRENET,0.0721256,1.5551,0.0721256,0.151702,1.5551,0.268888,0
9.43532,23.3313,7.72951,-0.0121523,1.89325,-0.215994,-0.408931,FRENET,0.0721256,1.5551,0.0721256,0.151702,1.5551,0.268888,0
9.44041,23.3498,7.72883,-0.0145567,1.79815,-0.236521,-0.425299,FRENET,0.0721256,1.5551,0.0721256,0.151702,1.5551,0.268888,0
9.44486,23.3498,7.72883,-0.0145567,1.79815,-0.236521,-0.425299,FRENET,0.0721256,1.5551,0.0721256,0.151702,1.5551,0.268888,0
9.45084,23.3673,7.7282,-0.0169174,1.70305,-0.258274,-0.439853,FRENET,0.0721256,1.5551,0.0721256,0.151702,1.5551,0.268888,0
9.45442,23.3673,7.7282,-0.0169174,1.70305,-0.258274,-0.439853,FRENET,0.0721256,1.5551,0.0721256,0.151702,1.5551,0.268888,0
9.46476,23.3839,7.72755,-0.0195911,1.61833,-0.251062,-0.406302,FRENET,0.0721256,1.5551,0.0721256,0.151702,1.5551,0.268888,0
9.46636,23.3839,7.72755,-0.0195911,1.61833,-0.251062,-0.406302,FRENET,0.0721256,1.5551,0.0721256,0.151702,1.5551,0.268888,0
9.4752,23.3997,7.72693,-0.0220053,1.54973,-0.254337,-0.394155,FRENET,0.0721256,1.5551,0.0721256,0.151702,1.5551,0.268888,0
9.48341,23.4149,7.72629,-0.0245695,1.49418,-0.236607,-0.353534,FRENET,0.117019,1.5551,0.117019,0.135739,1.5551,0.272745,0
9.48859,23.4296,7.72566,-0.0268199,1.44919,-0.235103,-0.34071,FRENET,0.117019,1.5551,0.117019,0.135739,1.5551,0.272745,0
9.50207,23.4439,7.72499,-0.0291824,1.41276,-0.217314,-0.307013,FRENET,0.117019,1.5551,0.117019,0.135739,1.5551,0.272745,0
9.50609,23.4439,7.72499,-0.0291824,1.41276,-0.217314,-0.307013,FRENET,0.117019,1.5551,0.117019,0.135739,1.5551,0.272745,0
9.51278,23.4579,7.72432,-0.0312528,1.38326,-0.217383,-0.300697,FRENET,0.117019,1.5551,0.117019,0.135739,1.5551,0.272745,0
9.51963,23.4716,7.72361,-0.0334481,1.35937,-0.20243,-0.275178,FRENET,0.117019,1.5551,0.117019,0.135739,1.5551,0.272745,0
9.52878,23.4716,7.72361,-0.0334481,1.35937,-0.20243,-0.275178,FRENET,0.0905579,1.5551,0.0905579,0.12286,1.5551,0.275967,0
9.53194,23.485,7.7229,-0.0353869,1.34002,-0.205096,-0.274834,FRENET,0.0905579,1.5551,0.0905579,0.12286,1.5551,0.275967,0
9.53622,23.485,7.7229,-0.0353869,1.34002,-0.205096,-0.274834,FRENET,0.0905579,1.5551,0.0905579,0.12286,1.5551,0.275967,0
9.54399,23.4983,7.72215,-0.03747,1.32436,-0.192727,-0.25524,FRENET,0.0905579,1.5551,0.0905579,0.12286,1.5551,0.275967,0
9.54661,23.4983,7.72215,-0.03747,1.32436,-0.192727,-0.25524,FRENET,0.0905579,1.5551,0.0905579,0.12286,1.5551,0.275967,0
9.55442,23.5115,7.7214,-0.0393247,1.31167,-0.197359,-0.25887,FRENET,0.0905579,1.5551,0.0905579,0.12286,1.5551,0.275967,0
9.56207,23.5245,7.72061,-0.0413378,1.3014,-0.186719,-0.242996,FRENET,0.0905579,1.5551,0.0905579,0.12286,1.5551,0.275967,0
9.57331,23.5375,7.71981,-0.0431407,1.29308,-0.19259,-0.249034,FRENET,0.108443,1.5551,0.108443,0.120856,1.5551,0.311694,0
9.57968,23.5504,7.71898,-0.0451104,1.28634,-0.18301,-0.235413,FRENET,0.108443,1.5551,0.108443,0.120856,1.5551,0.311694,0
9.58618,23.5504,7.71898,-0.0451104,1.28634,-0.18301,-0.235413,FRENET,0.108443,1.5551,0.108443,0.120856,1.5551,0.311694,0
9.59702,23.5632,7.71814,-0.0468812,1.28088,-0.189626,-0.242889,FRENET,0.108443,1.5551,0.108443,0.120856,1.5551,0.311694,0
9.60417,23.5759,7.71726,-0.048824,1.27647,-0.180688,-0.230642,FRENET,0.108443,1.5551,0.108443,0.120856,1.5551,0.311694,0
9.61171,23.5886,7.71638,-0.0505747,1.27289,-0.187756,-0.238992,FRENET,0.108443,1.5551,0.108443,0.120856,1.5551,0.311694,0
9.61895,23.6013,7.71546,-0.0525003,1.26999,-0.179212,-0.227598,FRENET,0.108443,1.5551,0.108443,0.120856,1.5551,0.311694,0
9.62571,23.6013,7.71546,-0.0525003,1.26999,-0.179212,-0.227598,FRENET,0.108443,1.5551,0.108443,0.120856,1.5551,0.311694,0
9.63646,23.614,7.71453,-0.0542382,1.26765,-0.186559,-0.236491,FRENET,0.0847463,1.5551,0.0847463,0.0824052,1.5551,0.302126,0
9.6496,23.6266,7.71357,-0.0561528,1.26575,-0.178264,-0.225636,FRENET,0.0847463,1.5551,0.0847463,0.0824052,1.5551,0.302126,0
9.6624,23.6392,7.7126,-0.0578824,1.26421,-0.185786,-0.234872,FRENET,0.0847463,1.5551,0.0847463,0.0824052,1.5551,0.302126,0
9.6679,23.6518,7.71159,-0.0597899,1.26296,-0.177649,-0.224363,FRENET,0.0847463,1.5551,0.0847463,0.0824052,1.5551,0.302126,0
9.67332,23.6644,7.71057,-0.0615141,1.26195,-0.185284,-0.233819,FGM,0.106875,0.304289,0.0946015,0.106875,1.5551,0.304289,0
9.67918,23.677,7.70952,-0.063417,1.26113,-0.177248,-0.223534,FGM,0.106875,0.304289,0.0946015,0.106875,1.5551,0.304289,0
9.68839,23.677,7.70952,-0.063417,1.26113,-0.177248,-0.223534,FGM,0.106875,0.304289,0.0946015,0.106875,1.5551,0.304289,0
9.68937,23.6894,7.70847,-0.0651397,1.24326,-0.186303,-0.231623,FGM,0.106875,0.304289,0.0946015,0.106875,1.5551,0.304289,0
9.69736,23.6894,7.70847,-0.0651397,1.24326,-0.186303,-0.231623,FGM,0.106875,0.304289,0.0946015,0.106875,1.5551,0.304289,0
9.69947,23.7018,7.70739,-0.0670481,1.22878,-0.176003,-0.216269,FGM,0.106875,0.304289,0.0946015,0.106875,1.5551,0.304289,0
9.70444,23.7018,7.70739,-0.0670481,1.22878,-0.176003,-0.216269,FGM,0.106875,0.304289,0.0946015,0.106875,1.5551,0.304289,0
9.71167,23.7139,7.70634,-0.068471,1.21706,-0.100923,-0.122829,FGM,0.106875,0.304289,0.0946015,0.106875,1.5551,0.304289,0
9.72282,23.7139,7.70634,-0.068471,1.21706,-0.100923,-0.122829,FGM,0.106875,0.304289,0.0946015,0.106875,1.5551,0.304289,0
9.72468,23.726,7.70538,-0.0689969,1.20757,-0.00131659,-0.00158987,FGM,0.106875,0.304289,0.0946015,0.106875,1.5551,0.304289,0
9.73147,23.738,7.70453,-0.0684744,1.19988,0.10696,0.12834,FGM,0.0639258,0.322629,0.100093,0.0639258,1.5551,0.322629,0
9.73676,23.738,7.70453,-0.0684744,1.19988,0.10696,0.12834,FGM,0.0639258,0.322629,0.100093,0.0639258,1.5551,0.322629,0
9.74471,23.75,7.70384,-0.0668524,1.19366,0.217924,0.260127,FGM,0.0639258,0.322629,0.100093,0.0639258,1.5551,0.322629,0
9.75408,23.7619,7.70333,-0.0641019,1.18457,0.331846,0.393096,FGM,0.0639258,0.322629,0.100093,0.0639258,1.5551,0.322629,0
9.76192,23.7737,7.70298,-0.0604948,1.17722,0.363249,0.427623,FGM,0.0639258,0.322629,0.100093,0.0639258,1.5551,0.322629,0
9.76593,23.7737,7.70298,-0.0604948,1.17722,0.363249,0.427623,FGM,0.0639258,0.322629,0.100093,0.0639258,1.5551,0.322629,0
9.77252,23.7854,7.70274,-0.0568231,1.17126,0.386971,0.453244,FGM,0.0285041,0.3466,0.137009,0.0285041,2.4796,0.3466,0
9.77863,23.7971,7.70263,-0.0526092,1.16644,0.462154,0.539073,FGM,0.0285041,0.3466,0.137009,0.0285041,2.4796,0.3466,0
9.78799,23.7971,7.70263,-0.0526092,1.16644,0.462154,0.539073,FGM,0.0285041,0.3466,0.137009,0.0285041,2.4796,0.3466,0
9.78819,23.7971,7.70263,-0.0526092,1.16644,0.462154,0.539073,FGM,0.0285041,0.3466,0.137009,0.0285041,2.4796,0.3466,0
9.79646,23.8087,7.70266,-0.0477776,1.15859,0.479792,0.55588,FGM,0.0285041,0.3466,0.137009,0.0285041,2.4796,0.3466,0
9.80248,23.8203,7.70276,-0.0432411,1.15223,0.418207,0.48187,FGM,0.0285041,0.3466,0.137009,0.0285041,2.4796,0.3466,0
9.8096,23.8318,7.70285,-0.039499,1.14708,0.326718,0.374773,FGM,0.0285041,0.3466,0.137009,0.0285041,2.4796,0.3466,0
9.82049,23.8318,7.70285,-0.039499,1.14708,0.326718,0.374773,FGM,0.0285041,0.3466,0.137009,0.0285041,2.4796,0.3466,0
9.82271,23.8432,7.70288,-0.0367378,1.14291,0.224222,0.256266,FGM,0.0285041,0.3466,0.137009,0.0285041,2.4796,0.3466,0
9.83104,23.8546,7.70282,-0.035025,1.13954,0.117842,0.134285,FGM,0.0717875,0.347333,0.151406,0.0717875,2.4796,0.347333,0
9.83486,23.8546,7.70282,-0.035025,1.13954,0.117842,0.134285,FGM,0.0717875,0.347333,0.151406,0.0717875,2.4796,0.347333,0
9.84065,23.866,7.70263,-0.0343838,1.1368,0.0102105,0.0116074,FGM,0.0717875,0.347333,0.151406,0.0717875,2.4796,0.347333,0
9.85317,23.8773,7.7023,-0.0348399,1.12864,-0.100927,-0.11391,FGM,0.0717875,0.347333,0.151406,0.0717875,2.4796,0.347333,0
9.85606,23.8773,7.7023,-0.0348399,1.12864,-0.100927,-0.11391,FGM,0.0717875,0.347333,0.151406,0.0717875,2.4796,0.347333,0
9.86434,23.8886,7.70181,-0.0363908,1.12202,-0.209082,-0.234594,FGM,0.0717875,0.347333,0.151406,0.0717875,2.4796,0.347333,0
9.87068,23.8998,7.70115,-0.039014,1.11666,-0.315528,-0.352339,FGM,0.0717875,0.347333,0.151406,0.0717875,2.4796,0.347333,0
9.87621,23.8998,7.70115,-0.039014,1.11666,-0.315528,-0.352339,FGM,0.0475073,0.369436,0.140388,0.0475073,2.4796,0.369436,0
9.88499,23.9109,7.7003,-0.0426962,1.11233,-0.420954,-0.468238,FGM,0.0475073,0.369436,0.140388,0.0475073,2.4796,0.369436,0
9.88962,23.9219,7.69925,-0.0474293,1.10881,-0.525758,-0.582968,FGM,0.0475073,0.369436,0.140388,0.0475073,2.4796,0.369436,0
9.89386,23.9219,7.69925,-0.0474293,1.10881,-0.525758,-0.582968,FGM,0.0475073,0.369436,0.140388,0.0475073,2.4796,0.369436,0
9.90123,23.9329,7.69798,-0.0532196,1.10329,-0.631792,-0.697051,FGM,0.0475073,0.369436,0.140388,0.0475073,2.4796,0.369436,0
9.90704,23.9329,7.69798,-0.0532196,1.10329,-0.631792,-0.697051,FGM,0.0475073,0.369436,0.140388,0.0475073,2.4796,0.369436,0
9.92195,23.9438,7.69652,-0.0597961,1.09882,-0.657464,-0.722435,FGM,0.0475073,0.369436,0.140388,0.0475073,2.4796,0.369436,0
9.92635,23.9438,7.69652,-0.0597961,1.09882,-0.657464,-0.722435,FGM,0.026605,0.396065,0.134638,0.026605,2.4796,0.396065,0
9.93306,23.9547,7.69496,-0.0661406,1.0952,-0.601795,-0.659085,FGM,0.026605,0.396065,0.134638,0.026605,2.4796,0.396065,0
9.9456,23.9655,7.69337,-0.0717469,1.09227,-0.51589,-0.563489,FGM,0.026605,0.396065,0.134638,0.026605,2.4796,0.396065,0
9.94565,23.9655,7.69337,-0.0717469,1.09227,-0.51589,-0.563489,FGM,0.026605,0.396065,0.134638,0.026605,2.4796,0.396065,0
9.9518,23.9763,7.69182,-0.0764228,1.08704,-0.417777,-0.454142,FGM,0.026605,0.396065,0.134638,0.026605,2.4796,0.396065,0
9.95376,23.9763,7.69182,-0.0764228,1.08704,-0.417777,-0.454142,FGM,0.026605,0.396065,0.134638,0.026605,2.4796,0.396065,0
9.96073,23.987,7.69035,-0.0800914,1.08282,-0.315473,-0.3416,FGM,0.026605,0.396065,0.134638,0.026605,2.4796,0.396065,0
9.96621,23.987,7.69035,-0.0800914,1.08282,-0.315473,-0.3416,FGM,0.026605,0.396065,0.134638,0.026605,2.4796,0.396065,0
9.97945,23.9978,7.68897,-0.0827301,1.07939,-0.212136,-0.228979,FGM,0.00901382,0.562887,0.14556,0.00901382,2.4796,0.562887,0
9.9795,23.9978,7.68897,-0.0827301,1.07939,-0.212136,-0.228979,FGM,0.00901382,0.562887,0.14556,0.00901382,2.4796,0.562887,0
9.98246,24.0085,7.68771,-0.0843349,1.07662,-0.108784,-0.117119,FGM,0.00901382,0.562887,0.14556,0.00901382,2.4796,0.562887,0

--- Experiment Summary ---
Scenario,Mux_playground_WS2.49_WT1.48_WC0.84_WCL1.27_WD1.35_DM0.37_Opp_bumper_slow_1.5.csv
Mode,MUX_OBSTACLE
Finish Reason,GOAL REACHED
Duration (s),9.98
Total Dist (m),34.10
Collision,NO
FRENET Usage (%),28.23
FGM Usage (%),71.77
Max Speed (m/s),4.40
Max Lat Acc (m/s^2),5.70
Global Min Dist (m),0.00
Global Unsafe Ratio,0.59
Global Track RMS (m),1.14
Global Lat Acc RMS,0.96
FGM Min Dist (m),0.00
FGM Unsafe Ratio,0.43
FGM Track RMS (m),0.62
