t,x,y,yaw,speed,yaw_rate,a_lat,planner,min_d,track_error,fre_min_d,fgm_min_d,fre_track,fgm_track,collision
0.000211548,0.24204,7.56339,0.178722,0.138448,-0.0134217,-0.0018582,FRENET,0.566339,0.17775,0.566339,0.572583,0.17775,0.230696,0
0.00466669,0.24204,7.56339,0.178722,0.138448,-0.0134217,-0.0018582,FRENET,0.566339,0.17775,0.566339,0.572583,0.17775,0.230696,0
0.010246,0.243689,7.56369,0.178474,0.196745,-0.0381856,-0.00751283,FRENET,0.566339,0.17775,0.566339,0.572583,0.17775,0.230696,0
0.0143321,0.243689,7.56369,0.178474,0.196745,-0.0381856,-0.00751283,FRENET,0.569523,0.17775,0.569523,0.577271,0.17775,0.243954,0
0.0203331,0.245899,7.56409,0.177924,0.25227,-0.0735694,-0.0185594,FRENET,0.569523,0.17775,0.569523,0.577271,0.17775,0.243954,0
0.0234969,0.245899,7.56409,0.177924,0.25227,-0.0735694,-0.0185594,FRENET,0.569523,0.17775,0.569523,0.577271,0.17775,0.243954,0
0.0285941,0.248642,7.56458,0.177252,0.305155,-0.0592267,-0.0180734,FRENET,0.569523,0.17775,0.569523,0.577271,0.17775,0.243954,0
0.0315827,0.248642,7.56458,0.177252,0.305155,-0.0592267,-0.0180734,FRENET,0.569523,0.17775,0.569523,0.577271,0.17775,0.243954,0
0.0377892,0.251894,7.56516,0.176445,0.355526,-0.103682,-0.0368616,FRENET,0.569523,0.17775,0.569523,0.577271,0.17775,0.243954,0
0.0411133,0.251894,7.56516,0.176445,0.355526,-0.103682,-0.0368616,FRENET,0.569523,0.17775,0.569523,0.577271,0.17775,0.243954,0
0.0443073,0.251894,7.56516,0.176445,0.355526,-0.103682,-0.0368616,FRENET,0.569523,0.17775,0.569523,0.577271,0.17775,0.243954,0
0.0488559,0.25563,7.56583,0.175528,0.403501,-0.0783144,-0.0315999,FRENET,0.569523,0.17775,0.569523,0.577271,0.17775,0.243954,0
0.0521168,0.25563,7.56583,0.175528,0.403501,-0.0783144,-0.0315999,FRENET,0.569523,0.17775,0.569523,0.577271,0.17775,0.243954,0
0.0591943,0.259887,7.56658,0.174473,0.461083,-0.134465,-0.0619997,FRENET,0.569523,0.17775,0.569523,0.577271,0.17775,0.243954,0
0.0632374,0.259887,7.56658,0.174473,0.461083,-0.134465,-0.0619997,FRENET,0.567886,0.17775,0.567886,0.575272,0.17775,0.273803,0
0.0699363,0.264699,7.56743,0.173292,0.515927,-0.0943772,-0.0486917,FRENET,0.567886,0.17775,0.567886,0.575272,0.17775,0.273803,0
0.0737557,0.264699,7.56743,0.173292,0.515927,-0.0943772,-0.0486917,FRENET,0.567886,0.17775,0.567886,0.575272,0.17775,0.273803,0
0.0797362,0.270051,7.56828,0.172543,0.568162,-0.0775347,-0.0440523,FRENET,0.567886,0.17775,0.567886,0.575272,0.17775,0.273803,0
0.0838032,0.270051,7.56828,0.172543,0.568162,-0.0775347,-0.0440523,FRENET,0.567886,0.17775,0.567886,0.575272,0.17775,0.273803,0
0.0889192,0.275911,7.56919,0.171842,0.617914,-0.0942006,-0.0582079,FRENET,0.567886,0.17775,0.567886,0.575272,0.17775,0.273803,0
0.0930441,0.275911,7.56919,0.171842,0.617914,-0.0942006,-0.0582079,FRENET,0.567886,0.17775,0.567886,0.575272,0.17775,0.273803,0
0.0989302,0.282255,7.57015,0.170884,0.665301,-0.0839206,-0.0558324,FRENET,0.567886,0.17775,0.567886,0.575272,0.17775,0.273803,0
0.102925,0.282255,7.57015,0.170884,0.665301,-0.0839206,-0.0558324,FRENET,0.567886,0.17775,0.567886,0.575272,0.17775,0.273803,0
0.108463,0.289058,7.57117,0.170037,0.710434,-0.103446,-0.0734916,FRENET,0.567886,0.17775,0.567886,0.575272,0.17775,0.273803,0
0.112963,0.289058,7.57117,0.170037,0.710434,-0.103446,-0.0734916,FRENET,0.557394,0.17775,0.557394,0.576343,0.17775,0.29474,0
0.11701,0.296299,7.57223,0.16895,0.753421,-0.0971681,-0.0732084,FRENET,0.557394,0.17775,0.557394,0.576343,0.17775,0.29474,0
0.120109,0.296299,7.57223,0.16895,0.753421,-0.0971681,-0.0732084,FRENET,0.557394,0.17775,0.557394,0.576343,0.17775,0.29474,0
0.123708,0.296299,7.57223,0.16895,0.753421,-0.0971681,-0.0732084,FRENET,0.557394,0.17775,0.557394,0.576343,0.17775,0.29474,0
0.128374,0.303956,7.57336,0.167974,0.794364,-0.114773,-0.0911713,FRENET,0.557394,0.17775,0.557394,0.576343,0.17775,0.29474,0
0.131261,0.303956,7.57336,0.167974,0.794364,-0.114773,-0.0911713,FRENET,0.557394,0.17775,0.557394,0.576343,0.17775,0.29474,0
0.136724,0.31201,7.57453,0.166769,0.83336,-0.109442,-0.0912044,FRENET,0.557394,0.17775,0.557394,0.576343,0.17775,0.29474,0
0.140039,0.31201,7.57453,0.166769,0.83336,-0.109442,-0.0912044,FRENET,0.557394,0.17775,0.557394,0.576343,0.17775,0.29474,0
0.143015,0.31201,7.57453,0.166769,0.83336,-0.109442,-0.0912044,FRENET,0.557394,0.17775,0.557394,0.576343,0.17775,0.29474,0
0.147706,0.320441,7.57575,0.165678,0.870502,-0.125114,-0.108912,FRENET,0.557394,0.17775,0.557394,0.576343,0.17775,0.29474,0
0.151254,0.320441,7.57575,0.165678,0.870502,-0.125114,-0.108912,FRENET,0.557394,0.17775,0.557394,0.576343,0.17775,0.29474,0
0.156132,0.329234,7.577,0.164368,0.905877,-0.120268,-0.108948,FRENET,0.557394,0.17775,0.557394,0.576343,0.17775,0.29474,0
0.15934,0.329234,7.577,0.164368,0.905877,-0.120268,-0.108948,FRENET,0.557394,0.17775,0.557394,0.576343,0.17775,0.29474,0
0.163049,0.329234,7.577,0.164368,0.905877,-0.120268,-0.108948,FRENET,0.53865,0.17775,0.53865,0.572442,0.17775,0.319495,0
0.168319,0.338369,7.57831,0.163176,0.939571,-0.134505,-0.126377,FRENET,0.53865,0.17775,0.53865,0.572442,0.17775,0.319495,0
0.17253,0.338369,7.57831,0.163176,0.939571,-0.134505,-0.126377,FRENET,0.53865,0.17775,0.53865,0.572442,0.17775,0.319495,0
0.176924,0.347833,7.57963,0.161772,0.971662,-0.129946,-0.126263,FRENET,0.53865,0.17775,0.53865,0.572442,0.17775,0.319495,0
0.180102,0.347833,7.57963,0.161772,0.971662,-0.129946,-0.126263,FRENET,0.53865,0.17775,0.53865,0.572442,0.17775,0.319495,0
0.183698,0.347833,7.57963,0.161772,0.971662,-0.129946,-0.126263,FRENET,0.53865,0.17775,0.53865,0.572442,0.17775,0.319495,0
0.188951,0.357606,7.581,0.160488,1.00223,-0.143081,-0.143399,FRENET,0.53865,0.17775,0.53865,0.572442,0.17775,0.319495,0
0.192659,0.357606,7.581,0.160488,1.00223,-0.143081,-0.143399,FRENET,0.53865,0.17775,0.53865,0.572442,0.17775,0.319495,0
0.197041,0.367679,7.58239,0.158997,1.03134,-0.138673,-0.143019,FRENET,0.53865,0.17775,0.53865,0.572442,0.17775,0.319495,0
0.200129,0.367679,7.58239,0.158997,1.03134,-0.138673,-0.143019,FRENET,0.53865,0.17775,0.53865,0.572442,0.17775,0.319495,0
0.205777,0.367679,7.58239,0.158997,1.03134,-0.138673,-0.143019,FRENET,0.53865,0.17775,0.53865,0.572442,0.17775,0.319495,0
0.213458,0.378033,7.58382,0.157631,1.05907,-0.150923,-0.159838,FRENET,0.542506,0.17775,0.542506,0.571759,0.17775,0.331221,0
0.219801,0.38866,7.58525,0.156061,1.08548,-0.146578,-0.159107,FRENET,0.542506,0.17775,0.542506,0.571759,0.17775,0.331221,0
0.235663,0.399542,7.58672,0.154619,1.11063,-0.158096,-0.175587,FRENET,0.542506,0.17775,0.542506,0.571759,0.17775,0.331221,0
0.251823,0.410671,7.58819,0.152978,1.13459,-0.153755,-0.174449,FRENET,0.542506,0.17775,0.542506,0.571759,0.17775,0.331221,0
0.268727,0.422032,7.58969,0.151468,1.15741,-0.164656,-0.190574,FRENET,0.54101,0.17775,0.54101,0.570368,0.17775,0.335556,0
0.273296,0.422032,7.58969,0.151468,1.15741,-0.164656,-0.190574,FRENET,0.54101,0.17775,0.54101,0.570368,0.17775,0.335556,0
0.290958,0.433618,7.59119,0.14976,1.17914,-0.160282,-0.188995,FRENET,0.54101,0.17775,0.54101,0.570368,0.17775,0.335556,0
0.29755,0.445416,7.59271,0.148188,1.19984,-0.170652,-0.204755,FRENET,0.54101,0.17775,0.54101,0.570368,0.17775,0.335556,0
0.302278,0.445416,7.59271,0.148188,1.19984,-0.170652,-0.204755,FRENET,0.54101,0.17775,0.54101,0.570368,0.17775,0.335556,0
0.318941,0.457417,7.59423,0.146421,1.21956,-0.166223,-0.202718,FRENET,0.544291,0.17775,0.544291,0.5812,0.17775,0.345498,0
0.323374,0.457417,7.59423,0.146421,1.21956,-0.166223,-0.202718,FRENET,0.544291,0.17775,0.544291,0.5812,0.17775,0.345498,0
0.339436,0.469611,7.59576,0.144791,1.23833,-0.176132,-0.21811,FRENET,0.544291,0.17775,0.544291,0.5812,0.17775,0.345498,0
0.346448,0.48199,7.59729,0.14297,1.25622,-0.171634,-0.215609,FRENET,0.544291,0.17775,0.544291,0.5812,0.17775,0.345498,0
0.359717,0.494544,7.59882,0.141288,1.27325,-0.181139,-0.230636,FRENET,0.544291,0.17775,0.544291,0.5812,0.17775,0.345498,0
0.366186,0.507267,7.60035,0.139417,1.28948,-0.176564,-0.227675,FRENET,0.535873,0.17775,0.535873,0.569764,0.17775,0.348732,0
0.381516,0.520207,7.60189,0.137689,1.31682,-0.184828,-0.243385,FRENET,0.535873,0.17775,0.535873,0.569764,0.17775,0.348732,0
0.391652,0.533416,7.60342,0.135779,1.34286,-0.181508,-0.24374,FRENET,0.535873,0.17775,0.535873,0.569764,0.17775,0.348732,0
0.399342,0.546879,7.60498,0.133996,1.36766,-0.190903,-0.261092,FRENET,0.535873,0.17775,0.535873,0.569764,0.17775,0.348732,0
0.403977,0.546879,7.60498,0.133996,1.36766,-0.190903,-0.261092,FRENET,0.535873,0.17775,0.535873,0.569764,0.17775,0.348732,0
0.417506,0.560587,7.60653,0.132022,1.39129,-0.188083,-0.261677,FRENET,0.536678,0.17775,0.536678,0.575869,0.17775,0.359979,0
0.423446,0.574525,7.60809,0.130174,1.41379,-0.197285,-0.278918,FRENET,0.536678,0.17775,0.536678,0.575869,0.17775,0.359979,0
0.431449,0.588685,7.60964,0.128136,1.43522,-0.194411,-0.279022,FRENET,0.536678,0.17775,0.536678,0.575869,0.17775,0.359979,0
0.437185,0.603055,7.61119,0.126227,1.45563,-0.203252,-0.295859,FRENET,0.536678,0.17775,0.536678,0.575869,0.17775,0.359979,0
0.440807,0.603055,7.61119,0.126227,1.45563,-0.203252,-0.295859,FRENET,0.536678,0.17775,0.536678,0.575869,0.17775,0.359979,0
0.444437,0.603055,7.61119,0.126227,1.45563,-0.203252,-0.295859,FRENET,0.536678,0.17775,0.536678,0.575869,0.17775,0.359979,0
0.449554,0.617628,7.61273,0.124129,1.47507,-0.20024,-0.295368,FRENET,0.536678,0.17775,0.536678,0.575869,0.17775,0.359979,0
0.45417,0.617628,7.61273,0.124129,1.47507,-0.20024,-0.295368,FRENET,0.536678,0.17775,0.536678,0.575869,0.17775,0.359979,0
0.460097,0.632391,7.61428,0.122165,1.49358,-0.208728,-0.311753,FRENET,0.536678,0.17775,0.536678,0.575869,0.17775,0.359979,0
0.464417,0.632391,7.61428,0.122165,1.49358,-0.208728,-0.311753,FRENET,0.537647,0.17775,0.537647,0.575901,0.17775,0.374812,0
0.46936,0.647337,7.6158,0.120012,1.51122,-0.20557,-0.310662,FRENET,0.537647,0.17775,0.537647,0.575901,0.17775,0.374812,0
0.472894,0.647337,7.6158,0.120012,1.51122,-0.20557,-0.310662,FRENET,0.537647,0.17775,0.537647,0.575901,0.17775,0.374812,0
0.478923,0.662457,7.61732,0.117996,1.52802,-0.213739,-0.326596,FRENET,0.537647,0.17775,0.537647,0.575901,0.17775,0.374812,0
0.482732,0.662457,7.61732,0.117996,1.52802,-0.213739,-0.326596,FRENET,0.537647,0.17775,0.537647,0.575901,0.17775,0.374812,0
0.490438,0.677744,7.61882,0.115794,1.54402,-0.21044,-0.324922,FRENET,0.537647,0.17775,0.537647,0.575901,0.17775,0.374812,0
0.495244,0.677744,7.61882,0.115794,1.54402,-0.21044,-0.324922,FRENET,0.537647,0.17775,0.537647,0.575901,0.17775,0.374812,0
0.501959,0.693189,7.62031,0.113732,1.55925,-0.218321,-0.340418,FRENET,0.537647,0.17775,0.537647,0.575901,0.17775,0.374812,0
0.509905,0.708785,7.62177,0.111484,1.57377,-0.214889,-0.338184,FRENET,0.537647,0.17775,0.537647,0.575901,0.17775,0.374812,0
0.51374,0.708785,7.62177,0.111484,1.57377,-0.214889,-0.338184,FRENET,0.527501,0.17775,0.527501,0.602752,0.17775,0.369187,0
0.518667,0.724525,7.62323,0.109378,1.58759,-0.222512,-0.353257,FRENET,0.527501,0.17775,0.527501,0.602752,0.17775,0.369187,0
0.522735,0.724525,7.62323,0.109378,1.58759,-0.222512,-0.353257,FRENET,0.527501,0.17775,0.527501,0.602752,0.17775,0.369187,0
0.529239,0.740403,7.62465,0.107089,1.60076,-0.218953,-0.350491,FRENET,0.527501,0.17775,0.527501,0.602752,0.17775,0.369187,0
0.534996,0.740403,7.62465,0.107089,1.60076,-0.218953,-0.350491,FRENET,0.527501,0.17775,0.527501,0.602752,0.17775,0.369187,0
0.539817,0.756411,7.62607,0.104944,1.61329,-0.226344,-0.365159,FRENET,0.527501,0.17775,0.527501,0.602752,0.17775,0.369187,0
0.54303,0.756411,7.62607,0.104944,1.61329,-0.226344,-0.365159,FRENET,0.527501,0.17775,0.527501,0.602752,0.17775,0.369187,0
0.548159,0.772545,7.62745,0.102617,1.62524,-0.222667,-0.361887,FRENET,0.527501,0.17775,0.527501,0.602752,0.17775,0.369187,0
0.55127,0.772545,7.62745,0.102617,1.62524,-0.222667,-0.361887,FRENET,0.527501,0.17775,0.527501,0.602752,0.17775,0.369187,0
0.556675,0.788796,7.62881,0.100436,1.63661,-0.229846,-0.37617,FRENET,0.527501,0.17775,0.527501,0.602752,0.17775,0.369187,0
0.560276,0.788796,7.62881,0.100436,1.63661,-0.229846,-0.37617,FRENET,0.527501,0.17775,0.527501,0.602752,0.17775,0.369187,0
0.563571,0.788796,7.62881,0.100436,1.63661,-0.229846,-0.37617,FRENET,0.533028,0.17775,0.533028,0.572408,0.17775,0.384233,0
0.568352,0.805163,7.63014,0.098074,1.64745,-0.22606,-0.372422,FRENET,0.533028,0.17775,0.533028,0.572408,0.17775,0.384233,0
0.570963,0.805163,7.63014,0.098074,1.64745,-0.22606,-0.372422,FRENET,0.533028,0.17775,0.533028,0.572408,0.17775,0.384233,0
0.576518,0.821637,7.63145,0.0958613,1.65777,-0.233048,-0.386339,FRENET,0.533028,0.17775,0.533028,0.572408,0.17775,0.384233,0
0.57935,0.821637,7.63145,0.0958613,1.65777,-0.233048,-0.386339,FRENET,0.533028,0.17775,0.533028,0.572408,0.17775,0.384233,0
0.582912,0.821637,7.63145,0.0958613,1.65777,-0.233048,-0.386339,FRENET,0.533028,0.17775,0.533028,0.572408,0.17775,0.384233,0
0.587754,0.838215,7.63272,0.0934669,1.6676,-0.229158,-0.382143,FRENET,0.533028,0.17775,0.533028,0.572408,0.17775,0.384233,0
0.591091,0.838215,7.63272,0.0934669,1.6676,-0.229158,-0.382143,FRENET,0.533028,0.17775,0.533028,0.572408,0.17775,0.384233,0
0.596325,0.854889,7.634,0.0914969,1.67696,-0.156012,-0.261625,FRENET,0.533028,0.17775,0.533028,0.572408,0.17775,0.384233,0
0.599214,0.854889,7.634,0.0914969,1.67696,-0.156012,-0.261625,FRENET,0.533028,0.17775,0.533028,0.572408,0.17775,0.384233,0
0.603341,0.854889,7.634,0.0914969,1.67696,-0.156012,-0.261625,FRENET,0.533028,0.17775,0.533028,0.572408,0.17775,0.384233,0
0.610369,0.871651,7.63532,0.0901921,1.68587,-0.125672,-0.211866,FRENET,0.533028,0.17775,0.533028,0.572408,0.17775,0.384233,0
0.614732,0.871651,7.63532,0.0901921,1.68587,-0.125672,-0.211866,FRENET,0.540098,0.17775,0.540098,0.618359,0.17775,0.364866,0
0.619431,0.8885,7.63665,0.0889841,1.69437,-0.10132,-0.171673,FRENET,0.540098,0.17775,0.540098,0.618359,0.17775,0.364866,0
0.62311,0.8885,7.63665,0.0889841,1.69437,-0.10132,-0.171673,FRENET,0.540098,0.17775,0.540098,0.618359,0.17775,0.364866,0
0.629539,0.90543,7.63801,0.0880847,1.70245,-0.0964246,-0.164158,FRENET,0.540098,0.17775,0.540098,0.618359,0.17775,0.364866,0
0.633661,0.90543,7.63801,0.0880847,1.70245,-0.0964246,-0.164158,FRENET,0.540098,0.17775,0.540098,0.618359,0.17775,0.364866,0
0.64035,0.922439,7.63936,0.0870939,1.71016,-0.0855668,-0.146333,FRENET,0.540098,0.17775,0.540098,0.618359,0.17775,0.364866,0
0.644448,0.922439,7.63936,0.0870939,1.71016,-0.0855668,-0.146333,FRENET,0.540098,0.17775,0.540098,0.618359,0.17775,0.364866,0
0.649867,0.939523,7.64072,0.0863123,1.7175,-0.087856,-0.150892,FRENET,0.540098,0.17775,0.540098,0.618359,0.17775,0.364866,0
0.653812,0.939523,7.64072,0.0863123,1.7175,-0.087856,-0.150892,FRENET,0.540098,0.17775,0.540098,0.618359,0.17775,0.364866,0
0.658976,0.95668,7.64207,0.0853852,1.72448,-0.0809436,-0.139586,FRENET,0.540098,0.17775,0.540098,0.618359,0.17775,0.364866,0
0.662719,0.95668,7.64207,0.0853852,1.72448,-0.0809436,-0.139586,FRENET,0.531971,0.183798,0.531971,0.590257,0.183798,0.379953,0
0.667524,0.973905,7.64343,0.0846382,1.73114,-0.0853744,-0.147795,FRENET,0.531971,0.183798,0.531971,0.590257,0.183798,0.379953,0
0.671205,0.973905,7.64343,0.0846382,1.73114,-0.0853744,-0.147795,FRENET,0.531971,0.183798,0.531971,0.590257,0.183798,0.379953,0
0.676586,0.991337,7.64479,0.0837422,1.7658,-0.0794808,-0.140347,FRENET,0.531971,0.183798,0.531971,0.590257,0.183798,0.379953,0
0.679444,0.991337,7.64479,0.0837422,1.7658,-0.0794808,-0.140347,FRENET,0.531971,0.183798,0.531971,0.590257,0.183798,0.379953,0
0.683178,0.991337,7.64479,0.0837422,1.7658,-0.0794808,-0.140347,FRENET,0.531971,0.183798,0.531971,0.590257,0.183798,0.379953,0
0.687536,1.00911,7.64617,0.0830014,1.79881,-0.0835766,-0.150338,FRENET,0.531971,0.183798,0.531971,0.590257,0.183798,0.379953,0
0.69121,1.00911,7.64617,0.0830014,1.79881,-0.0835766,-0.150338,FRENET,0.531971,0.183798,0.531971,0.590257,0.183798,0.379953,0
0.69654,1.0272,7.64755,0.0821107,1.83025,-0.079777,-0.146012,FRENET,0.531971,0.183798,0.531971,0.590257,0.183798,0.379953,0
0.699298,1.0272,7.64755,0.0821107,1.83025,-0.079777,-0.146012,FRENET,0.531971,0.183798,0.531971,0.590257,0.183798,0.379953,0
0.702904,1.0272,7.64755,0.0821107,1.83025,-0.079777,-0.146012,FRENET,0.531971,0.183798,0.531971,0.590257,0.183798,0.379953,0
0.707395,1.0456,7.64896,0.0813626,1.86019,-0.08483,-0.1578,FRENET,0.531971,0.183798,0.531971,0.590257,0.183798,0.379953,0
0.711044,1.0456,7.64896,0.0813626,1.86019,-0.08483,-0.1578,FRENET,0.531971,0.183798,0.531971,0.590257,0.183798,0.379953,0
0.716268,1.06429,7.65036,0.080455,1.88871,-0.0816106,-0.154139,FRENET,0.539947,0.183798,0.539947,0.583676,0.183798,0.384279,0
0.719087,1.06429,7.65036,0.080455,1.88871,-0.0816106,-0.154139,FRENET,0.539947,0.183798,0.539947,0.583676,0.183798,0.384279,0
0.722994,1.06429,7.65036,0.080455,1.88871,-0.0816106,-0.154139,FRENET,0.539947,0.183798,0.539947,0.583676,0.183798,0.384279,0
0.727287,1.08326,7.65178,0.0796884,1.91588,-0.0868533,-0.1664,FRENET,0.539947,0.183798,0.539947,0.583676,0.183798,0.384279,0
0.731059,1.08326,7.65178,0.0796884,1.91588,-0.0868533,-0.1664,FRENET,0.539947,0.183798,0.539947,0.583676,0.183798,0.384279,0
0.736107,1.10249,7.6532,0.0787589,1.94175,-0.0837898,-0.162699,FRENET,0.539947,0.183798,0.539947,0.583676,0.183798,0.384279,0
0.738974,1.10249,7.6532,0.0787589,1.94175,-0.0837898,-0.162699,FRENET,0.539947,0.183798,0.539947,0.583676,0.183798,0.384279,0
0.74344,1.10249,7.6532,0.0787589,1.94175,-0.0837898,-0.162699,FRENET,0.539947,0.183798,0.539947,0.583676,0.183798,0.384279,0
0.747449,1.12198,7.65463,0.0779715,1.96639,-0.0890078,-0.175024,FRENET,0.539947,0.183798,0.539947,0.583676,0.183798,0.384279,0
0.751076,1.12198,7.65463,0.0779715,1.96639,-0.0890078,-0.175024,FRENET,0.539947,0.183798,0.539947,0.583676,0.183798,0.384279,0
0.756141,1.14171,7.65606,0.0770194,1.98986,-0.0859689,-0.171066,FRENET,0.539947,0.183798,0.539947,0.583676,0.183798,0.384279,0
0.759362,1.14171,7.65606,0.0770194,1.98986,-0.0859689,-0.171066,FRENET,0.539947,0.183798,0.539947,0.583676,0.183798,0.384279,0
0.763106,1.14171,7.65606,0.0770194,1.98986,-0.0859689,-0.171066,FRENET,0.54331,0.183798,0.54331,0.544019,0.183798,0.412382,0
0.769351,1.16167,7.65749,0.0762114,2.01222,-0.0911017,-0.183316,FRENET,0.54331,0.183798,0.54331,0.544019,0.183798,0.412382,0
0.774461,1.16167,7.65749,0.0762114,2.01222,-0.0911017,-0.183316,FRENET,0.54331,0.183798,0.54331,0.544019,0.183798,0.412382,0
0.779102,1.18185,7.65891,0.0752377,2.03351,-0.088043,-0.179036,FRENET,0.54331,0.183798,0.54331,0.544019,0.183798,0.412382,0
0.783218,1.18185,7.65891,0.0752377,2.03351,-0.088043,-0.179036,FRENET,0.54331,0.183798,0.54331,0.544019,0.183798,0.412382,0
0.787812,1.20224,7.66034,0.0744102,2.05379,-0.0930763,-0.191159,FRENET,0.54331,0.183798,0.54331,0.544019,0.183798,0.412382,0
0.791133,1.20224,7.66034,0.0744102,2.05379,-0.0930763,-0.191159,FRENET,0.54331,0.183798,0.54331,0.544019,0.183798,0.412382,0
0.796092,1.22282,7.66176,0.0734163,2.0731,-0.0899819,-0.186542,FRENET,0.54331,0.183798,0.54331,0.544019,0.183798,0.412382,0
0.798779,1.22282,7.66176,0.0734163,2.0731,-0.0899819,-0.186542,FRENET,0.54331,0.183798,0.54331,0.544019,0.183798,0.412382,0
0.803015,1.22282,7.66176,0.0734163,2.0731,-0.0899819,-0.186542,FRENET,0.54331,0.183798,0.54331,0.544019,0.183798,0.412382,0
0.80709,1.2436,7.66319,0.0725705,2.0915,-0.094916,-0.198517,FRENET,0.54331,0.183798,0.54331,0.544019,0.183798,0.412382,0
0.810983,1.2436,7.66319,0.0725705,2.0915,-0.094916,-0.198517,FRENET,0.537248,0.183798,0.537248,0.556362,0.183798,0.403007,0
0.816241,1.26455,7.66459,0.0715578,2.10902,-0.0917806,-0.193567,FRENET,0.537248,0.183798,0.537248,0.556362,0.183798,0.403007,0
0.818955,1.26455,7.66459,0.0715578,2.10902,-0.0917806,-0.193567,FRENET,0.537248,0.183798,0.537248,0.556362,0.183798,0.403007,0
0.82287,1.26455,7.66459,0.0715578,2.10902,-0.0917806,-0.193567,FRENET,0.537248,0.183798,0.537248,0.556362,0.183798,0.403007,0
0.826923,1.28574,7.66601,0.0706969,2.1376,-0.09547,-0.204076,FRENET,0.537248,0.183798,0.537248,0.556362,0.183798,0.403007,0
0.830828,1.28574,7.66601,0.0706969,2.1376,-0.09547,-0.204076,FRENET,0.537248,0.183798,0.537248,0.556362,0.183798,0.403007,0
0.836005,1.3072,7.66741,0.0696827,2.16482,-0.0923502,-0.199921,FRENET,0.537248,0.183798,0.537248,0.556362,0.183798,0.403007,0
0.839051,1.3072,7.66741,0.0696827,2.16482,-0.0923502,-0.199921,FRENET,0.537248,0.183798,0.537248,0.556362,0.183798,0.403007,0
0.84394,1.3072,7.66741,0.0696827,2.16482,-0.0923502,-0.199921,FRENET,0.537248,0.183798,0.537248,0.556362,0.183798,0.403007,0
0.84785,1.32894,7.66883,0.0688125,2.19074,-0.0968483,-0.212169,FRENET,0.537248,0.183798,0.537248,0.556362,0.183798,0.403007,0
0.851101,1.32894,7.66883,0.0688125,2.19074,-0.0968483,-0.212169,FRENET,0.537248,0.183798,0.537248,0.556362,0.183798,0.403007,0
0.855972,1.35092,7.67023,0.0677811,2.21543,-0.0941889,-0.208669,FRENET,0.537248,0.183798,0.537248,0.556362,0.183798,0.403007,0
0.858934,1.35092,7.67023,0.0677811,2.21543,-0.0941889,-0.208669,FRENET,0.537248,0.183798,0.537248,0.556362,0.183798,0.403007,0
0.863413,1.35092,7.67023,0.0677811,2.21543,-0.0941889,-0.208669,FRENET,0.535979,0.183798,0.535979,0.528958,0.183798,0.414275,0
0.868461,1.37315,7.67163,0.0668924,2.23895,-0.0988615,-0.221346,FRENET,0.535979,0.183798,0.535979,0.528958,0.183798,0.414275,0
0.87118,1.37315,7.67163,0.0668924,2.23895,-0.0988615,-0.221346,FRENET,0.535979,0.183798,0.535979,0.528958,0.183798,0.414275,0
0.876755,1.39561,7.67302,0.0658394,2.26134,-0.0962996,-0.217767,FRENET,0.535979,0.183798,0.535979,0.528958,0.183798,0.414275,0
0.879846,1.39561,7.67302,0.0658394,2.26134,-0.0962996,-0.217767,FRENET,0.535979,0.183798,0.535979,0.528958,0.183798,0.414275,0
0.887862,1.41829,7.67442,0.0649305,2.28268,-0.100951,-0.230438,FRENET,0.535979,0.183798,0.535979,0.528958,0.183798,0.414275,0
0.891908,1.41829,7.67442,0.0649305,2.28268,-0.100951,-0.230438,FRENET,0.535979,0.183798,0.535979,0.528958,0.183798,0.414275,0
0.896574,1.44117,7.67579,0.0638559,2.303,-0.0983726,-0.226552,FRENET,0.535979,0.183798,0.535979,0.528958,0.183798,0.414275,0
0.899826,1.44117,7.67579,0.0638559,2.303,-0.0983726,-0.226552,FRENET,0.535979,0.183798,0.535979,0.528958,0.183798,0.414275,0
0.903299,1.44117,7.67579,0.0638559,2.303,-0.0983726,-0.226552,FRENET,0.535979,0.183798,0.535979,0.528958,0.183798,0.414275,0
0.909183,1.46426,7.67717,0.0629273,2.32235,-0.102946,-0.239077,FRENET,0.535979,0.183798,0.535979,0.528958,0.183798,0.414275,0
0.912926,1.46426,7.67717,0.0629273,2.32235,-0.102946,-0.239077,FRENET,0.588198,0.211346,0.588198,0.541116,0.211346,0.419316,0
0.919236,1.48753,7.67852,0.0618324,2.34078,-0.100319,-0.234825,FRENET,0.588198,0.211346,0.588198,0.541116,0.211346,0.419316,0
0.92296,1.48753,7.67852,0.0618324,2.34078,-0.100319,-0.234825,FRENET,0.588198,0.211346,0.588198,0.541116,0.211346,0.419316,0
0.928716,1.51104,7.67988,0.060888,2.36823,-0.103654,-0.245476,FRENET,0.588198,0.211346,0.588198,0.541116,0.211346,0.419316,0
0.93214,1.51104,7.67988,0.060888,2.36823,-0.103654,-0.245476,FRENET,0.588198,0.211346,0.588198,0.541116,0.211346,0.419316,0
0.937374,1.53482,7.68122,0.0597902,2.39438,-0.100826,-0.241415,FRENET,0.588198,0.211346,0.588198,0.541116,0.211346,0.419316,0
0.940137,1.53482,7.68122,0.0597902,2.39438,-0.100826,-0.241415,FRENET,0.588198,0.211346,0.588198,0.541116,0.211346,0.419316,0
0.943288,1.53482,7.68122,0.0597902,2.39438,-0.100826,-0.241415,FRENET,0.588198,0.211346,0.588198,0.541116,0.211346,0.419316,0
0.947639,1.55885,7.68256,0.0588375,2.41928,-0.104931,-0.253857,FRENET,0.588198,0.211346,0.588198,0.541116,0.211346,0.419316,0
0.951087,1.55885,7.68256,0.0588375,2.41928,-0.104931,-0.253857,FRENET,0.588198,0.211346,0.588198,0.541116,0.211346,0.419316,0
0.956177,1.58312,7.68388,0.0577236,2.44299,-0.102554,-0.250538,FRENET,0.588198,0.211346,0.588198,0.541116,0.211346,0.419316,0
0.959198,1.58312,7.68388,0.0577236,2.44299,-0.102554,-0.250538,FRENET,0.588198,0.211346,0.588198,0.541116,0.211346,0.419316,0
0.962985,1.58312,7.68388,0.0577236,2.44299,-0.102554,-0.250538,FRENET,0.586786,0.211346,0.586786,0.499107,0.211346,0.437601,0
0.967859,1.60763,7.6852,0.0567532,2.46558,-0.106863,-0.263481,FRENET,0.586786,0.211346,0.586786,0.499107,0.211346,0.437601,0
0.971047,1.60763,7.6852,0.0567532,2.46558,-0.106863,-0.263481,FRENET,0.586786,0.211346,0.586786,0.499107,0.211346,0.437601,0
0.978837,1.63236,7.6865,0.0556186,2.4871,-0.104596,-0.26014,FRENET,0.586786,0.211346,0.586786,0.499107,0.211346,0.437601,0
0.982524,1.63236,7.6865,0.0556186,2.4871,-0.104596,-0.26014,FRENET,0.586786,0.211346,0.586786,0.499107,0.211346,0.437601,0
0.988605,1.6573,7.68779,0.0546285,2.50759,-0.108912,-0.273107,FRENET,0.586786,0.211346,0.586786,0.499107,0.211346,0.437601,0
0.992512,1.6573,7.68779,0.0546285,2.50759,-0.108912,-0.273107,FRENET,0.586786,0.211346,0.586786,0.499107,0.211346,0.437601,0
0.998215,1.68244,7.68906,0.0534727,2.52711,-0.106635,-0.269477,FRENET,0.586786,0.211346,0.586786,0.499107,0.211346,0.437601,0
1.00269,1.68244,7.68906,0.0534727,2.52711,-0.106635,-0.269477,FRENET,0.586786,0.211346,0.586786,0.499107,0.211346,0.437601,0
1.00751,1.70777,7.69033,0.0524632,2.5457,-0.110892,-0.282298,FRENET,0.586786,0.211346,0.586786,0.499107,0.211346,0.437601,0
1.01135,1.70777,7.69033,0.0524632,2.5457,-0.110892,-0.282298,FRENET,0.586786,0.211346,0.586786,0.499107,0.211346,0.437601,0
1.01726,1.73335,7.69157,0.0512983,2.57529,-0.107387,-0.276552,FRENET,0.578395,0.211346,0.578395,0.46259,0.211346,0.451433,0
1.02105,1.73335,7.69157,0.0512983,2.57529,-0.107387,-0.276552,FRENET,0.578395,0.211346,0.578395,0.46259,0.211346,0.451433,0
1.02463,1.73335,7.69157,0.0512983,2.57529,-0.107387,-0.276552,FRENET,0.578395,0.211346,0.578395,0.46259,0.211346,0.451433,0
1.03067,1.75921,7.69281,0.0502831,2.60348,-0.110616,-0.287987,FRENET,0.578395,0.211346,0.578395,0.46259,0.211346,0.451433,0
1.03432,1.75921,7.69281,0.0502831,2.60348,-0.110616,-0.287987,FRENET,0.578395,0.211346,0.578395,0.46259,0.211346,0.451433,0
1.04048,1.78535,7.69402,0.0491138,2.63032,-0.108242,-0.284711,FRENET,0.578395,0.211346,0.578395,0.46259,0.211346,0.451433,0
1.04757,1.81176,7.69523,0.0480876,2.65589,-0.112122,-0.297783,FRENET,0.578395,0.211346,0.578395,0.46259,0.211346,0.451433,0
1.0521,1.81176,7.69523,0.0480876,2.65589,-0.112122,-0.297783,FRENET,0.578395,0.211346,0.578395,0.46259,0.211346,0.451433,0
1.05794,1.83841,7.69642,0.0469002,2.68025,-0.110131,-0.295178,FRENET,0.578395,0.211346,0.578395,0.46259,0.211346,0.451433,0
1.06308,1.83841,7.69642,0.0469002,2.68025,-0.110131,-0.295178,FRENET,0.585038,0.211346,0.585038,0.464758,0.211346,0.449154,0
1.0687,1.8653,7.6976,0.0458549,2.70344,-0.114197,-0.308726,FRENET,0.585038,0.211346,0.585038,0.464758,0.211346,0.449154,0
1.07252,1.8653,7.6976,0.0458549,2.70344,-0.114197,-0.308726,FRENET,0.585038,0.211346,0.585038,0.464758,0.211346,0.449154,0
1.07807,1.89242,7.69874,0.0446454,2.72554,-0.1123,-0.306077,FRENET,0.585038,0.211346,0.585038,0.464758,0.211346,0.449154,0
1.08325,1.89242,7.69874,0.0446454,2.72554,-0.1123,-0.306077,FRENET,0.585038,0.211346,0.585038,0.464758,0.211346,0.449154,0
1.08868,1.91976,7.69988,0.0435791,2.74658,-0.116375,-0.319634,FRENET,0.585038,0.211346,0.585038,0.464758,0.211346,0.449154,0
1.09561,1.91976,7.69988,0.0435791,2.74658,-0.116375,-0.319634,FRENET,0.585038,0.211346,0.585038,0.464758,0.211346,0.449154,0
1.10352,1.9473,7.70099,0.0423471,2.76662,-0.114461,-0.31667,FRENET,0.585038,0.211346,0.585038,0.464758,0.211346,0.449154,0
1.10812,1.97504,7.70209,0.0412602,2.78571,-0.118482,-0.330057,FRENET,0.585038,0.211346,0.585038,0.464758,0.211346,0.449154,0
1.11327,1.97504,7.70209,0.0412602,2.78571,-0.118482,-0.330057,FRENET,0.584014,0.211346,0.584014,0.457784,0.211346,0.459911,0
1.11782,2.00297,7.70315,0.0400068,2.80389,-0.116513,-0.326689,FRENET,0.584014,0.211346,0.584014,0.457784,0.211346,0.459911,0
1.1211,2.00297,7.70315,0.0400068,2.80389,-0.116513,-0.326689,FRENET,0.584014,0.211346,0.584014,0.457784,0.211346,0.459911,0
1.12428,2.00297,7.70315,0.0400068,2.80389,-0.116513,-0.326689,FRENET,0.584014,0.211346,0.584014,0.457784,0.211346,0.459911,0
1.12925,2.03108,7.7042,0.0389003,2.82121,-0.120461,-0.339845,FRENET,0.584014,0.211346,0.584014,0.457784,0.211346,0.459911,0
1.13228,2.03108,7.7042,0.0389003,2.82121,-0.120461,-0.339845,FRENET,0.584014,0.211346,0.584014,0.457784,0.211346,0.459911,0
1.13659,2.05935,7.70522,0.0376268,2.8377,-0.118426,-0.336056,FRENET,0.584014,0.211346,0.584014,0.457784,0.211346,0.459911,0
1.13967,2.05935,7.70522,0.0376268,2.8377,-0.118426,-0.336056,FRENET,0.584014,0.211346,0.584014,0.457784,0.211346,0.459911,0
1.14333,2.05935,7.70522,0.0376268,2.8377,-0.118426,-0.336056,FRENET,0.584014,0.211346,0.584014,0.457784,0.211346,0.459911,0
1.14922,2.08779,7.70622,0.0365023,2.85341,-0.122298,-0.348966,FRENET,0.584014,0.211346,0.584014,0.457784,0.211346,0.459911,0
1.15282,2.08779,7.70622,0.0365023,2.85341,-0.122298,-0.348966,FRENET,0.584014,0.211346,0.584014,0.457784,0.211346,0.459911,0
1.15793,2.11638,7.70718,0.0352102,2.86837,-0.120197,-0.344769,FRENET,0.584014,0.211346,0.584014,0.457784,0.211346,0.459911,0
1.16098,2.11638,7.70718,0.0352102,2.86837,-0.120197,-0.344769,FRENET,0.584014,0.211346,0.584014,0.457784,0.211346,0.459911,0
1.16461,2.11638,7.70718,0.0352102,2.86837,-0.120197,-0.344769,FRENET,0.584603,0.211346,0.584603,0.453997,0.211346,0.462697,0
1.17039,2.14512,7.70813,0.0340688,2.88262,-0.123996,-0.357435,FRENET,0.584603,0.211346,0.584603,0.453997,0.211346,0.462697,0
1.17336,2.14512,7.70813,0.0340688,2.88262,-0.123996,-0.357435,FRENET,0.584603,0.211346,0.584603,0.453997,0.211346,0.462697,0
1.17761,2.17406,7.70904,0.0327731,2.90808,-0.120168,-0.349458,FRENET,0.584603,0.211346,0.584603,0.453997,0.211346,0.462697,0
1.1806,2.17406,7.70904,0.0327731,2.90808,-0.120168,-0.349458,FRENET,0.584603,0.211346,0.584603,0.453997,0.211346,0.462697,0
1.18467,2.17406,7.70904,0.0327731,2.90808,-0.120168,-0.349458,FRENET,0.584603,0.211346,0.584603,0.453997,0.211346,0.462697,0
1.1894,2.20325,7.70993,0.0316354,2.93233,-0.12263,-0.35959,FRENET,0.584603,0.211346,0.584603,0.453997,0.211346,0.462697,0
1.19261,2.20325,7.70993,0.0316354,2.93233,-0.12263,-0.35959,FRENET,0.584603,0.211346,0.584603,0.453997,0.211346,0.462697,0
1.19701,2.23268,7.71079,0.0303453,2.95543,-0.120143,-0.355073,FRENET,0.584603,0.211346,0.584603,0.453997,0.211346,0.462697,0
1.20101,2.23268,7.71079,0.0303453,2.95543,-0.120143,-0.355073,FRENET,0.584603,0.211346,0.584603,0.453997,0.211346,0.462697,0
1.20823,2.26233,7.71163,0.0292042,2.97742,-0.123458,-0.367587,FRENET,0.584603,0.211346,0.584603,0.453997,0.211346,0.462697,0
1.21322,2.26233,7.71163,0.0292042,2.97742,-0.123458,-0.367587,FRENET,0.61902,0.226938,0.61902,0.40603,0.226938,0.480708,0
1.21781,2.2922,7.71243,0.0279021,2.99838,-0.121509,-0.364329,FRENET,0.61902,0.226938,0.61902,0.40603,0.226938,0.480708,0
1.22098,2.2922,7.71243,0.0279021,2.99838,-0.121509,-0.364329,FRENET,0.61902,0.226938,0.61902,0.40603,0.226938,0.480708,0
1.22418,2.2922,7.71243,0.0279021,2.99838,-0.121509,-0.364329,FRENET,0.61902,0.226938,0.61902,0.40603,0.226938,0.480708,0
1.23141,2.32226,7.71321,0.026745,3.0162,-0.125531,-0.378626,FRENET,0.61902,0.226938,0.61902,0.40603,0.226938,0.480708,0
1.23626,2.3525,7.71395,0.0254189,3.03317,-0.123923,-0.375879,FRENET,0.61902,0.226938,0.61902,0.40603,0.226938,0.480708,0
1.23962,2.3525,7.71395,0.0254189,3.03317,-0.123923,-0.375879,FRENET,0.61902,0.226938,0.61902,0.40603,0.226938,0.480708,0
1.24642,2.3829,7.71467,0.0242391,3.04934,-0.127776,-0.389631,FRENET,0.61902,0.226938,0.61902,0.40603,0.226938,0.480708,0
1.24973,2.3829,7.71467,0.0242391,3.04934,-0.127776,-0.389631,FRENET,0.61902,0.226938,0.61902,0.40603,0.226938,0.480708,0
1.25302,2.3829,7.71467,0.0242391,3.04934,-0.127776,-0.389631,FRENET,0.61902,0.226938,0.61902,0.40603,0.226938,0.480708,0
1.25837,2.41347,7.71535,0.0228907,3.06474,-0.126026,-0.386237,FRENET,0.61902,0.226938,0.61902,0.40603,0.226938,0.480708,0
1.26254,2.41347,7.71535,0.0228907,3.06474,-0.126026,-0.386237,FRENET,0.604191,0.226938,0.604191,0.429205,0.226938,0.469279,0
1.26824,2.44418,7.716,0.0216911,3.0794,-0.129753,-0.399562,FRENET,0.604191,0.226938,0.604191,0.429205,0.226938,0.469279,0
1.27263,2.44418,7.716,0.0216911,3.0794,-0.129753,-0.399562,FRENET,0.604191,0.226938,0.604191,0.429205,0.226938,0.469279,0
1.27862,2.47504,7.71661,0.020323,3.09337,-0.127896,-0.39563,FRENET,0.604191,0.226938,0.604191,0.429205,0.226938,0.469279,0
1.28284,2.47504,7.71661,0.020323,3.09337,-0.127896,-0.39563,FRENET,0.604191,0.226938,0.604191,0.429205,0.226938,0.469279,0
1.28706,2.50603,7.7172,0.0191057,3.10668,-0.131524,-0.408603,FRENET,0.604191,0.226938,0.604191,0.429205,0.226938,0.469279,0
1.29167,2.50603,7.7172,0.0191057,3.10668,-0.131524,-0.408603,FRENET,0.604191,0.226938,0.604191,0.429205,0.226938,0.469279,0
1.29818,2.53716,7.71774,0.0177198,3.11935,-0.129581,-0.404208,FRENET,0.604191,0.226938,0.604191,0.429205,0.226938,0.469279,0
1.30254,2.53716,7.71774,0.0177198,3.11935,-0.129581,-0.404208,FRENET,0.604191,0.226938,0.604191,0.429205,0.226938,0.469279,0
1.30689,2.56841,7.71825,0.0164866,3.13142,-0.133128,-0.41688,FRENET,0.604191,0.226938,0.604191,0.429205,0.226938,0.469279,0
1.31216,2.56841,7.71825,0.0164866,3.13142,-0.133128,-0.41688,FRENET,0.606386,0.226938,0.606386,0.436364,0.226938,0.463853,0
1.31848,2.59983,7.71872,0.0151001,3.1548,-0.129057,-0.407148,FRENET,0.606386,0.226938,0.606386,0.436364,0.226938,0.463853,0
1.32162,2.59983,7.71872,0.0151001,3.1548,-0.129057,-0.407148,FRENET,0.606386,0.226938,0.606386,0.436364,0.226938,0.463853,0
1.32719,2.63149,7.71916,0.0138769,3.17707,-0.130992,-0.416172,FRENET,0.606386,0.226938,0.606386,0.436364,0.226938,0.463853,0
1.33183,2.63149,7.71916,0.0138769,3.17707,-0.130992,-0.416172,FRENET,0.606386,0.226938,0.606386,0.436364,0.226938,0.463853,0
1.33815,2.66337,7.71956,0.012503,3.19829,-0.12842,-0.410725,FRENET,0.606386,0.226938,0.606386,0.436364,0.226938,0.463853,0
1.34139,2.66337,7.71956,0.012503,3.19829,-0.12842,-0.410725,FRENET,0.606386,0.226938,0.606386,0.436364,0.226938,0.463853,0
1.34455,2.66337,7.71956,0.012503,3.19829,-0.12842,-0.410725,FRENET,0.606386,0.226938,0.606386,0.436364,0.226938,0.463853,0
1.35,2.69545,7.71993,0.0112816,3.21849,-0.131357,-0.422772,FRENET,0.606386,0.226938,0.606386,0.436364,0.226938,0.463853,0
1.35491,2.69545,7.71993,0.0112816,3.21849,-0.131357,-0.422772,FRENET,0.606386,0.226938,0.606386,0.436364,0.226938,0.463853,0
1.36048,2.72773,7.72025,0.00989984,3.23773,-0.129441,-0.419095,FRENET,0.606386,0.226938,0.606386,0.436364,0.226938,0.463853,0
1.36504,2.72773,7.72025,0.00989984,3.23773,-0.129441,-0.419095,FRENET,0.598609,0.226938,0.598609,0.456806,0.226938,0.457505,0
1.37021,2.76019,7.72054,0.00866666,3.25606,-0.132795,-0.432388,FRENET,0.598609,0.226938,0.598609,0.456806,0.226938,0.457505,0
1.37488,2.76019,7.72054,0.00866666,3.25606,-0.132795,-0.432388,FRENET,0.598609,0.226938,0.598609,0.456806,0.226938,0.457505,0
1.38121,2.79284,7.72079,0.00726851,3.27352,-0.131131,-0.429259,FRENET,0.598609,0.226938,0.598609,0.456806,0.226938,0.457505,0
1.38524,2.79284,7.72079,0.00726851,3.27352,-0.131131,-0.429259,FRENET,0.598609,0.226938,0.598609,0.456806,0.226938,0.457505,0
1.39091,2.82566,7.721,0.0060183,3.29014,-0.134626,-0.442939,FRENET,0.598609,0.226938,0.598609,0.456806,0.226938,0.457505,0
1.39498,2.82566,7.721,0.0060183,3.29014,-0.134626,-0.442939,FRENET,0.598609,0.226938,0.598609,0.456806,0.226938,0.457505,0
1.39945,2.85864,7.72116,0.00460087,3.30598,-0.133027,-0.439783,FRENET,0.598609,0.226938,0.598609,0.456806,0.226938,0.457505,0
1.40313,2.85864,7.72116,0.00460087,3.30598,-0.133027,-0.439783,FRENET,0.598609,0.226938,0.598609,0.456806,0.226938,0.457505,0
1.40756,2.89177,7.7213,0.00333218,3.32106,-0.136536,-0.453446,FRENET,0.598609,0.226938,0.598609,0.456806,0.226938,0.457505,0
1.41148,2.89177,7.7213,0.00333218,3.32106,-0.136536,-0.453446,FRENET,0.61845,0.226938,0.61845,0.419988,0.226938,0.467379,0
1.41624,2.92506,7.72138,0.00189519,3.33543,-0.134918,-0.45001,FRENET,0.61845,0.226938,0.61845,0.419988,0.226938,0.467379,0
1.41892,2.92506,7.72138,0.00189519,3.33543,-0.134918,-0.45001,FRENET,0.61845,0.226938,0.61845,0.419988,0.226938,0.467379,0
1.42299,2.92506,7.72138,0.00189519,3.33543,-0.134918,-0.45001,FRENET,0.61845,0.226938,0.61845,0.419988,0.226938,0.467379,0
1.42738,2.95848,7.72143,0.000608286,3.34911,-0.138389,-0.463479,FRENET,0.61845,0.226938,0.61845,0.419988,0.226938,0.467379,0
1.43126,2.95848,7.72143,0.000608286,3.34911,-0.138389,-0.463479,FRENET,0.61845,0.226938,0.61845,0.419988,0.226938,0.467379,0
1.43683,2.99204,7.72142,-0.000847453,3.36214,-0.136718,-0.459664,FRENET,0.61845,0.226938,0.61845,0.419988,0.226938,0.467379,0
1.44058,2.99204,7.72142,-0.000847453,3.36214,-0.136718,-0.459664,FRENET,0.61845,0.226938,0.61845,0.419988,0.226938,0.467379,0
1.44798,3.02572,7.72138,-0.00215157,3.37455,-0.140129,-0.472873,FRENET,0.61845,0.226938,0.61845,0.419988,0.226938,0.467379,0
1.45243,3.02572,7.72138,-0.00215157,3.37455,-0.140129,-0.472873,FRENET,0.61845,0.226938,0.61845,0.419988,0.226938,0.467379,0
1.45782,3.05952,7.72129,-0.00362484,3.38638,-0.138394,-0.468654,FRENET,0.61845,0.226938,0.61845,0.419988,0.226938,0.467379,0
1.46714,3.09344,7.72116,-0.00494496,3.39764,-0.141741,-0.481584,FRENET,0.604618,0.226938,0.604618,0.452104,0.226938,0.453792,0
1.47205,3.09344,7.72116,-0.00494496,3.39764,-0.141741,-0.481584,FRENET,0.604618,0.226938,0.604618,0.452104,0.226938,0.453792,0
1.4766,3.12753,7.72098,-0.00641667,3.42025,-0.13746,-0.470146,FRENET,0.604618,0.226938,0.604618,0.452104,0.226938,0.453792,0
1.47982,3.12753,7.72098,-0.00641667,3.42025,-0.13746,-0.470146,FRENET,0.604618,0.226938,0.604618,0.452104,0.226938,0.453792,0
1.48313,3.12753,7.72098,-0.00641667,3.42025,-0.13746,-0.470146,FRENET,0.604618,0.226938,0.604618,0.452104,0.226938,0.453792,0
1.49027,3.16184,7.72076,-0.00772115,3.44178,-0.138892,-0.478036,FRENET,0.604618,0.226938,0.604618,0.452104,0.226938,0.453792,0
1.49578,3.16184,7.72076,-0.00772115,3.44178,-0.138892,-0.478036,FRENET,0.604618,0.226938,0.604618,0.452104,0.226938,0.453792,0
1.50138,3.19636,7.72048,-0.00917393,3.4623,-0.13627,-0.471809,FRENET,0.604618,0.226938,0.604618,0.452104,0.226938,0.453792,0
1.50464,3.19636,7.72048,-0.00917393,3.4623,-0.13627,-0.471809,FRENET,0.604618,0.226938,0.604618,0.452104,0.226938,0.453792,0
1.50924,3.23108,7.72017,-0.0104719,3.48183,-0.138855,-0.483471,FRENET,0.604618,0.226938,0.604618,0.452104,0.226938,0.453792,0
1.51315,3.23108,7.72017,-0.0104719,3.48183,-0.138855,-0.483471,FGM,0.490587,0.436651,0.0966685,0.490587,0.248115,0.436651,0
1.51822,3.26599,7.7198,-0.0119291,3.50044,-0.137015,-0.479612,FGM,0.490587,0.436651,0.0966685,0.490587,0.248115,0.436651,0
1.5213,3.26599,7.7198,-0.0119291,3.50044,-0.137015,-0.479612,FGM,0.490587,0.436651,0.0966685,0.490587,0.248115,0.436651,0
1.52436,3.26599,7.7198,-0.0119291,3.50044,-0.137015,-0.479612,FGM,0.490587,0.436651,0.0966685,0.490587,0.248115,0.436651,0
1.53093,3.3007,7.71943,-0.0129186,3.44267,-0.0446485,-0.15371,FGM,0.490587,0.436651,0.0966685,0.490587,0.248115,0.436651,0
1.53497,3.3007,7.71943,-0.0129186,3.44267,-0.0446485,-0.15371,FGM,0.490587,0.436651,0.0966685,0.490587,0.248115,0.436651,0
1.54093,3.33489,7.71911,-0.0129519,3.39588,0.0139347,0.0473206,FGM,0.490587,0.436651,0.0966685,0.490587,0.248115,0.436651,0
1.54734,3.36866,7.71881,-0.012664,3.35799,0.0610053,0.204855,FGM,0.490587,0.436651,0.0966685,0.490587,0.248115,0.436651,0
1.55103,3.36866,7.71881,-0.012664,3.35799,0.0610053,0.204855,FGM,0.490587,0.436651,0.0966685,0.490587,0.248115,0.436651,0
1.55544,3.36866,7.71881,-0.012664,3.35799,0.0610053,0.204855,FGM,0.490587,0.436651,0.0966685,0.490587,0.248115,0.436651,0
1.56219,3.40209,7.71856,-0.0118125,3.32731,0.0882512,0.293639,FGM,0.481051,0.433283,0,0.481051,0.248115,0.433283,0
1.56941,3.43524,7.71831,-0.0108959,3.30247,0.112692,0.372163,FGM,0.481051,0.433283,0,0.481051,0.248115,0.433283,0
1.57421,3.43524,7.71831,-0.0108959,3.30247,0.112692,0.372163,FGM,0.481051,0.433283,0,0.481051,0.248115,0.433283,0
1.58223,3.46817,7.7181,-0.00961838,3.28542,0.123698,0.4064,FGM,0.481051,0.433283,0,0.481051,0.248115,0.433283,0
1.58823,3.50096,7.7179,-0.00840587,3.27162,0.136249,0.445755,FGM,0.481051,0.433283,0,0.481051,0.248115,0.433283,0
1.59211,3.50096,7.7179,-0.00840587,3.27162,0.136249,0.445755,FGM,0.481051,0.433283,0,0.481051,0.248115,0.433283,0
1.59705,3.53362,7.71775,-0.00693661,3.26044,0.139372,0.454413,FGM,0.481051,0.433283,0,0.481051,0.248115,0.433283,0
1.6005,3.53362,7.71775,-0.00693661,3.26044,0.139372,0.454413,FGM,0.481051,0.433283,0,0.481051,0.248115,0.433283,0
1.60413,3.53362,7.71775,-0.00693661,3.26044,0.139372,0.454413,FGM,0.481051,0.433283,0,0.481051,0.248115,0.433283,0
1.61013,3.56618,7.71761,-0.00559564,3.25139,0.146231,0.475454,FGM,0.481051,0.433283,0,0.481051,0.248115,0.433283,0
1.61461,3.56618,7.71761,-0.00559564,3.25139,0.146231,0.475454,FGM,0.467504,0.445837,0,0.467504,0.248115,0.445837,0
1.61958,3.59866,7.71752,-0.00404852,3.24406,0.145478,0.47194,FGM,0.467504,0.445837,0,0.467504,0.248115,0.445837,0
1.62328,3.59866,7.71752,-0.00404852,3.24406,0.145478,0.47194,FGM,0.467504,0.445837,0,0.467504,0.248115,0.445837,0
1.63009,3.6311,7.71745,-0.00266467,3.24592,0.148126,0.480807,FGM,0.467504,0.445837,0,0.467504,0.248115,0.445837,0
1.63567,3.6311,7.71745,-0.00266467,3.24592,0.148126,0.480807,FGM,0.467504,0.445837,0,0.467504,0.248115,0.445837,0
1.64078,3.66357,7.71743,-0.00111445,3.2477,0.145047,0.471068,FGM,0.467504,0.445837,0,0.467504,0.248115,0.445837,0
1.64745,3.69606,7.71744,0.000264538,3.2494,0.147614,0.479656,FGM,0.467504,0.445837,0,0.467504,0.248115,0.445837,0
1.65088,3.69606,7.71744,0.000264538,3.2494,0.147614,0.479656,FGM,0.467504,0.445837,0,0.467504,0.248115,0.445837,0
1.65642,3.72856,7.71749,0.00180957,3.25101,0.14452,0.469836,FGM,0.467504,0.445837,0,0.467504,0.248115,0.445837,0
1.66012,3.72856,7.71749,0.00180957,3.25101,0.14452,0.469836,FGM,0.467504,0.445837,0,0.467504,0.248115,0.445837,0
1.66375,3.72856,7.71749,0.00180957,3.25101,0.14452,0.469836,FGM,0.470672,0.447148,0.299709,0.470672,0.248115,0.447148,0
1.66815,3.76108,7.71758,0.00318334,3.25254,0.147113,0.478491,FGM,0.470672,0.447148,0.299709,0.470672,0.248115,0.447148,0
1.67123,3.76108,7.71758,0.00318334,3.25254,0.147113,0.478491,FGM,0.470672,0.447148,0.299709,0.470672,0.248115,0.447148,0
1.67746,3.79361,7.71772,0.00472476,3.25321,0.144219,0.469174,FGM,0.470672,0.447148,0.299709,0.470672,0.248115,0.447148,0
1.6841,3.79361,7.71772,0.00472476,3.25321,0.144219,0.469174,FGM,0.470672,0.447148,0.299709,0.470672,0.248115,0.447148,0
1.68982,3.82614,7.71789,0.00609608,3.25385,0.146985,0.478266,FGM,0.470672,0.447148,0.299709,0.470672,0.248115,0.447148,0
1.69368,3.82614,7.71789,0.00609608,3.25385,0.146985,0.478266,FGM,0.470672,0.447148,0.299709,0.470672,0.248115,0.447148,0
1.6988,3.85868,7.71812,0.00763597,3.25446,0.144042,0.468777,FGM,0.470672,0.447148,0.299709,0.470672,0.248115,0.447148,0
1.70236,3.85868,7.71812,0.00763597,3.25446,0.144042,0.468777,FGM,0.470672,0.447148,0.299709,0.470672,0.248115,0.447148,0
1.71075,3.89123,7.71838,0.00900538,3.25503,0.146789,0.477804,FGM,0.470672,0.447148,0.299709,0.470672,0.248115,0.447148,0
1.71459,3.89123,7.71838,0.00900538,3.25503,0.146789,0.477804,FGM,0.464531,0.449936,0.10911,0.464531,0.248115,0.449936,0
1.71945,3.92378,7.71869,0.0105433,3.25558,0.143848,0.468308,FGM,0.464531,0.449936,0.10911,0.464531,0.248115,0.449936,0
1.72332,3.92378,7.71869,0.0105433,3.25558,0.143848,0.468308,FGM,0.464531,0.449936,0.10911,0.464531,0.248115,0.449936,0
1.72963,3.95635,7.71904,0.0119081,3.2592,0.145879,0.47545,FGM,0.464531,0.449936,0.10911,0.464531,0.248115,0.449936,0
1.73408,3.95635,7.71904,0.0119081,3.2592,0.145879,0.47545,FGM,0.464531,0.449936,0.10911,0.464531,0.248115,0.449936,0
1.73851,3.98896,7.71944,0.013434,3.26264,0.142605,0.465269,FGM,0.464531,0.449936,0.10911,0.464531,0.248115,0.449936,0
1.74189,3.98896,7.71944,0.013434,3.26264,0.142605,0.465269,FGM,0.464531,0.449936,0.10911,0.464531,0.248115,0.449936,0
1.74803,4.0216,7.71988,0.0147888,3.26593,0.145114,0.473933,FGM,0.464531,0.449936,0.10911,0.464531,0.248115,0.449936,0
1.7512,4.0216,7.71988,0.0147888,3.26593,0.145114,0.473933,FGM,0.464531,0.449936,0.10911,0.464531,0.248115,0.449936,0
1.75657,4.05427,7.72038,0.016309,3.26905,0.14218,0.464794,FGM,0.464531,0.449936,0.10911,0.464531,0.248115,0.449936,0
1.76102,4.05427,7.72038,0.016309,3.26905,0.14218,0.464794,FGM,0.464531,0.449936,0.10911,0.464531,0.248115,0.449936,0
1.76502,4.05427,7.72038,0.016309,3.26905,0.14218,0.464794,FGM,0.423202,0.469573,0,0.423202,0.248115,0.469573,0
1.76939,4.08697,7.72091,0.0176607,3.27203,0.144929,0.474211,FGM,0.423202,0.469573,0,0.423202,0.248115,0.469573,0
1.77277,4.08697,7.72091,0.0176607,3.27203,0.144929,0.474211,FGM,0.423202,0.469573,0,0.423202,0.248115,0.469573,0
1.77804,4.11973,7.7215,0.0191719,3.2802,0.141037,0.462628,FGM,0.423202,0.469573,0,0.423202,0.248115,0.469573,0
1.78219,4.11973,7.7215,0.0191719,3.2802,0.141037,0.462628,FGM,0.423202,0.469573,0,0.423202,0.248115,0.469573,0
1.78766,4.15256,7.72213,0.0205102,3.28798,0.143074,0.470424,FGM,0.423202,0.469573,0,0.423202,0.248115,0.469573,0
1.79171,4.15256,7.72213,0.0205102,3.28798,0.143074,0.470424,FGM,0.423202,0.469573,0,0.423202,0.248115,0.469573,0
1.79821,4.18547,7.72281,0.0220079,3.29539,0.140078,0.461613,FGM,0.423202,0.469573,0,0.423202,0.248115,0.469573,0
1.80148,4.18547,7.72281,0.0220079,3.29539,0.140078,0.461613,FGM,0.423202,0.469573,0,0.423202,0.248115,0.469573,0
1.80454,4.18547,7.72281,0.0220079,3.29539,0.140078,0.461613,FGM,0.423202,0.469573,0,0.423202,0.248115,0.469573,0
1.81089,4.21845,7.72354,0.0233396,3.30245,0.142734,0.471372,FGM,0.423202,0.469573,0,0.423202,0.248115,0.469573,0
1.81495,4.21845,7.72354,0.0233396,3.30245,0.142734,0.471372,FGM,0.406345,0.482465,0.155952,0.406345,0.248115,0.482465,0
1.82016,4.2515,7.72432,0.0248365,3.30918,0.140159,0.463811,FGM,0.406345,0.482465,0.155952,0.406345,0.248115,0.482465,0
1.82351,4.2515,7.72432,0.0248365,3.30918,0.140159,0.463811,FGM,0.406345,0.482465,0.155952,0.406345,0.248115,0.482465,0
1.82839,4.28463,7.72513,0.0261669,3.31915,0.142229,0.472079,FGM,0.406345,0.482465,0.155952,0.406345,0.248115,0.482465,0
1.83154,4.28463,7.72513,0.0261669,3.31915,0.142229,0.472079,FGM,0.406345,0.482465,0.155952,0.406345,0.248115,0.482465,0
1.83775,4.31786,7.72601,0.0276563,3.32865,0.139409,0.464043,FGM,0.406345,0.482465,0.155952,0.406345,0.248115,0.482465,0
1.84109,4.31786,7.72601,0.0276563,3.32865,0.139409,0.464043,FGM,0.406345,0.482465,0.155952,0.406345,0.248115,0.482465,0
1.84445,4.31786,7.72601,0.0276563,3.32865,0.139409,0.464043,FGM,0.406345,0.482465,0.155952,0.406345,0.248115,0.482465,0
1.84977,4.35118,7.72693,0.0289824,3.3377,0.14213,0.474386,FGM,0.406345,0.482465,0.155952,0.406345,0.248115,0.482465,0
1.85418,4.35118,7.72693,0.0289824,3.3377,0.14213,0.474386,FGM,0.406345,0.482465,0.155952,0.406345,0.248115,0.482465,0
1.85977,4.38459,7.7279,0.0304735,3.34632,0.139747,0.467639,FGM,0.406345,0.482465,0.155952,0.406345,0.248115,0.482465,0
1.86417,4.38459,7.7279,0.0304735,3.34632,0.139747,0.467639,FGM,0.400123,0.494472,0.234687,0.400123,0.254068,0.494472,0
1.86871,4.41807,7.72892,0.0318041,3.35453,0.142755,0.478877,FGM,0.400123,0.494472,0.234687,0.400123,0.254068,0.494472,0
1.87184,4.41807,7.72892,0.0318041,3.35453,0.142755,0.478877,FGM,0.400123,0.494472,0.234687,0.400123,0.254068,0.494472,0
1.87685,4.45167,7.72999,0.0332931,3.36862,0.139199,0.46891,FGM,0.400123,0.494472,0.234687,0.400123,0.254068,0.494472,0
1.88036,4.45167,7.72999,0.0332931,3.36862,0.139199,0.46891,FGM,0.400123,0.494472,0.234687,0.400123,0.254068,0.494472,0
1.88343,4.45167,7.72999,0.0332931,3.36862,0.139199,0.46891,FGM,0.400123,0.494472,0.234687,0.400123,0.254068,0.494472,0
1.88826,4.48541,7.73111,0.0346155,3.38205,0.141316,0.477938,FGM,0.400123,0.494472,0.234687,0.400123,0.254068,0.494472,0
1.89134,4.48541,7.73111,0.0346155,3.38205,0.141316,0.477938,FGM,0.400123,0.494472,0.234687,0.400123,0.254068,0.494472,0
1.89668,4.51927,7.73229,0.036096,3.39484,0.138775,0.471117,FGM,0.400123,0.494472,0.234687,0.400123,0.254068,0.494472,0
1.89975,4.51927,7.73229,0.036096,3.39484,0.138775,0.471117,FGM,0.400123,0.494472,0.234687,0.400123,0.254068,0.494472,0
1.90294,4.51927,7.73229,0.036096,3.39484,0.138775,0.471117,FGM,0.400123,0.494472,0.234687,0.400123,0.254068,0.494472,0
1.90749,4.55326,7.7335,0.0374174,3.40701,0.141582,0.482372,FGM,0.400123,0.494472,0.234687,0.400123,0.254068,0.494472,0
1.9114,4.55326,7.7335,0.0374174,3.40701,0.141582,0.482372,FGM,0.413965,0.494406,0,0.413965,0.254068,0.494406,0
1.91722,4.58738,7.73478,0.0388973,3.42251,0.138649,0.474526,FGM,0.413965,0.494406,0,0.413965,0.254068,0.494406,0
1.92078,4.58738,7.73478,0.0388973,3.42251,0.138649,0.474526,FGM,0.413965,0.494406,0,0.413965,0.254068,0.494406,0
1.92424,4.58738,7.73478,0.0388973,3.42251,0.138649,0.474526,FGM,0.413965,0.494406,0,0.413965,0.254068,0.494406,0
1.93164,4.62166,7.7361,0.0402167,3.43726,0.141124,0.485079,FGM,0.413965,0.494406,0,0.413965,0.254068,0.494406,0
1.9362,4.65607,7.73749,0.0416967,3.45132,0.138962,0.479602,FGM,0.413965,0.494406,0,0.413965,0.254068,0.494406,0
1.93972,4.65607,7.73749,0.0416967,3.45132,0.138962,0.479602,FGM,0.413965,0.494406,0,0.413965,0.254068,0.494406,0
1.94342,4.65607,7.73749,0.0416967,3.45132,0.138962,0.479602,FGM,0.413965,0.494406,0,0.413965,0.254068,0.494406,0
1.94875,4.69062,7.73892,0.0430214,3.4647,0.141954,0.491827,FGM,0.413965,0.494406,0,0.413965,0.254068,0.494406,0
1.95234,4.69062,7.73892,0.0430214,3.4647,0.141954,0.491827,FGM,0.413965,0.494406,0,0.413965,0.254068,0.494406,0
1.95727,4.7253,7.74041,0.044512,3.47745,0.140124,0.487275,FGM,0.413965,0.494406,0,0.413965,0.254068,0.494406,0
1.96135,4.7253,7.74041,0.044512,3.47745,0.140124,0.487275,FGM,0.383456,0.511215,0.074006,0.383456,0.254068,0.511215,0
1.96655,4.7601,7.74194,0.0458489,3.48959,0.143322,0.500136,FGM,0.383456,0.511215,0.074006,0.383456,0.254068,0.511215,0
1.96949,4.7601,7.74194,0.0458489,3.48959,0.143322,0.500136,FGM,0.383456,0.511215,0.074006,0.383456,0.254068,0.511215,0
1.97249,4.7601,7.74194,0.0458489,3.48959,0.143322,0.500136,FGM,0.383456,0.511215,0.074006,0.383456,0.254068,0.511215,0
1.97838,4.79505,7.74354,0.0473439,3.50775,0.140122,0.491515,FGM,0.383456,0.511215,0.074006,0.383456,0.254068,0.511215,0
1.98352,4.79505,7.74354,0.0473439,3.50775,0.140122,0.491515,FGM,0.383456,0.511215,0.074006,0.383456,0.254068,0.511215,0
1.99,4.83018,7.74519,0.0486772,3.52505,0.142271,0.501513,FGM,0.383456,0.511215,0.074006,0.383456,0.254068,0.511215,0
1.99438,4.83018,7.74519,0.0486772,3.52505,0.142271,0.501513,FGM,0.383456,0.511215,0.074006,0.383456,0.254068,0.511215,0
2.00046,4.86547,7.7469,0.0501676,3.54152,0.140087,0.496121,FGM,0.383456,0.511215,0.074006,0.383456,0.254068,0.511215,0
2.00431,4.86547,7.7469,0.0501676,3.54152,0.140087,0.496121,FGM,0.383456,0.511215,0.074006,0.383456,0.254068,0.511215,0
2.01003,4.90092,7.74866,0.0515037,3.55721,0.142934,0.508445,FGM,0.383456,0.511215,0.074006,0.383456,0.254068,0.511215,0
2.01384,4.90092,7.74866,0.0515037,3.55721,0.142934,0.508445,FGM,0.423307,0.505201,0.259327,0.423307,0.254068,0.505201,0
2.01843,4.93652,7.75048,0.0530038,3.57216,0.141212,0.504431,FGM,0.423307,0.505201,0.259327,0.423307,0.254068,0.505201,0
2.02314,4.93652,7.75048,0.0530038,3.57216,0.141212,0.504431,FGM,0.423307,0.505201,0.259327,0.423307,0.254068,0.505201,0
2.02809,4.97229,7.75235,0.054347,3.59161,0.143005,0.513619,FGM,0.423307,0.505201,0.259327,0.423307,0.254068,0.505201,0
2.03299,4.97229,7.75235,0.054347,3.59161,0.143005,0.513619,FGM,0.423307,0.505201,0.259327,0.423307,0.254068,0.505201,0
2.03939,5.00825,7.75429,0.0558435,3.61015,0.140731,0.508059,FGM,0.423307,0.505201,0.259327,0.423307,0.254068,0.505201,0
2.04384,5.00825,7.75429,0.0558435,3.61015,0.140731,0.508059,FGM,0.423307,0.505201,0.259327,0.423307,0.254068,0.505201,0
2.05033,5.04438,7.75628,0.0571859,3.6278,0.14342,0.520299,FGM,0.423307,0.505201,0.259327,0.423307,0.254068,0.505201,0
2.05709,5.08068,7.75834,0.0586904,3.64461,0.141751,0.516627,FGM,0.423307,0.505201,0.259327,0.423307,0.254068,0.505201,0
2.06217,5.08068,7.75834,0.0586904,3.64461,0.141751,0.516627,FGM,0.380141,0.527677,0.1287,0.380141,0.254068,0.527677,0
2.06783,5.11715,7.76045,0.0600446,3.66062,0.144845,0.530222,FGM,0.380141,0.527677,0.1287,0.380141,0.254068,0.527677,0
2.07142,5.11715,7.76045,0.0600446,3.66062,0.144845,0.530222,FGM,0.380141,0.527677,0.1287,0.380141,0.254068,0.527677,0
2.0769,5.15373,7.76263,0.0615763,3.66917,0.145041,0.532179,FGM,0.380141,0.527677,0.1287,0.380141,0.254068,0.527677,0
2.08046,5.15373,7.76263,0.0615763,3.66917,0.145041,0.532179,FGM,0.380141,0.527677,0.1287,0.380141,0.254068,0.527677,0
2.08516,5.15373,7.76263,0.0615763,3.66917,0.145041,0.532179,FGM,0.380141,0.527677,0.1287,0.380141,0.254068,0.527677,0
2.09155,5.1904,7.76485,0.0629677,3.67732,0.149499,0.549755,FGM,0.380141,0.527677,0.1287,0.380141,0.254068,0.527677,0
2.09926,5.22714,7.76714,0.0645412,3.68507,0.14873,0.54808,FGM,0.380141,0.527677,0.1287,0.380141,0.254068,0.527677,0
2.10335,5.22714,7.76714,0.0645412,3.68507,0.14873,0.54808,FGM,0.380141,0.527677,0.1287,0.380141,0.254068,0.527677,0
2.11009,5.26395,7.76947,0.0659654,3.69246,0.152461,0.562957,FGM,0.380141,0.527677,0.1287,0.380141,0.254068,0.527677,0
2.11417,5.26395,7.76947,0.0659654,3.69246,0.152461,0.562957,FGM,0.384786,0.537731,0,0.384786,0.254068,0.537731,0
2.1186,5.30084,7.77187,0.0675659,3.6995,0.151141,0.559145,FGM,0.384786,0.537731,0,0.384786,0.254068,0.537731,0
2.12181,5.30084,7.77187,0.0675659,3.6995,0.151141,0.559145,FGM,0.384786,0.537731,0,0.384786,0.254068,0.537731,0
2.12526,5.30084,7.77187,0.0675659,3.6995,0.151141,0.559145,FGM,0.384786,0.537731,0,0.384786,0.254068,0.537731,0
2.13092,5.33777,7.77432,0.0690156,3.70274,0.15543,0.575518,FGM,0.384786,0.537731,0,0.384786,0.254068,0.537731,0
2.13529,5.33777,7.77432,0.0690156,3.70274,0.15543,0.575518,FGM,0.384786,0.537731,0,0.384786,0.254068,0.537731,0
2.14109,5.37472,7.77683,0.0706485,3.70582,0.154342,0.571964,FGM,0.384786,0.537731,0,0.384786,0.254068,0.537731,0
2.14623,5.41171,7.77939,0.0721259,3.70876,0.157838,0.585381,FGM,0.384786,0.537731,0,0.384786,0.254068,0.537731,0
2.1494,5.41171,7.77939,0.0721259,3.70876,0.157838,0.585381,FGM,0.384786,0.537731,0,0.384786,0.254068,0.537731,0
2.15408,5.41171,7.77939,0.0721259,3.70876,0.157838,0.585381,FGM,0.384786,0.537731,0,0.384786,0.254068,0.537731,0
2.1595,5.44872,7.78202,0.07378,3.71156,0.15616,0.579598,FGM,0.384786,0.537731,0,0.384786,0.254068,0.537731,0
2.1632,5.44872,7.78202,0.07378,3.71156,0.15616,0.579598,FGM,0.369701,0.549882,0.278127,0.369701,0.502327,0.549882,0
2.16783,5.48575,7.78469,0.0752732,3.71422,0.159222,0.591387,FGM,0.369701,0.549882,0.278127,0.369701,0.502327,0.549882,0
2.17187,5.48575,7.78469,0.0752732,3.71422,0.159222,0.591387,FGM,0.369701,0.549882,0.278127,0.369701,0.502327,0.549882,0
2.17736,5.52273,7.78742,0.0769649,3.70261,0.161017,0.596182,FGM,0.369701,0.549882,0.278127,0.369701,0.502327,0.549882,0
2.18057,5.52273,7.78742,0.0769649,3.70261,0.161017,0.596182,FGM,0.369701,0.549882,0.278127,0.369701,0.502327,0.549882,0
2.1839,5.52273,7.78742,0.0769649,3.70261,0.161017,0.596182,FGM,0.369701,0.549882,0.278127,0.369701,0.502327,0.549882,0
2.1884,5.55961,7.7902,0.0785133,3.69322,0.166203,0.613823,FGM,0.369701,0.549882,0.278127,0.369701,0.502327,0.549882,0
2.19151,5.55961,7.7902,0.0785133,3.69322,0.166203,0.613823,FGM,0.369701,0.549882,0.278127,0.369701,0.502327,0.549882,0
2.19696,5.59639,7.79303,0.0802564,3.68561,0.164786,0.607338,FGM,0.369701,0.549882,0.278127,0.369701,0.502327,0.549882,0
2.19993,5.59639,7.79303,0.0802564,3.68561,0.164786,0.607338,FGM,0.369701,0.549882,0.278127,0.369701,0.502327,0.549882,0
2.20309,5.59639,7.79303,0.0802564,3.68561,0.164786,0.607338,FGM,0.369701,0.549882,0.278127,0.369701,0.502327,0.549882,0
2.20793,5.63311,7.7959,0.0818322,3.67944,0.167766,0.617285,FGM,0.369701,0.549882,0.278127,0.369701,0.502327,0.549882,0
2.21181,5.63311,7.7959,0.0818322,3.67944,0.167766,0.617285,FGM,0.40333,0.532808,0.236508,0.40333,0.502327,0.532808,0
2.21728,5.66976,7.79884,0.0835828,3.67445,0.164987,0.606236,FGM,0.40333,0.532808,0.236508,0.40333,0.502327,0.532808,0
2.22119,5.66976,7.79884,0.0835828,3.67445,0.164987,0.606236,FGM,0.40333,0.532808,0.236508,0.40333,0.502327,0.532808,0
2.22483,5.66976,7.79884,0.0835828,3.67445,0.164987,0.606236,FGM,0.40333,0.532808,0.236508,0.40333,0.502327,0.532808,0
2.23042,5.70623,7.80181,0.0851903,3.64375,0.17537,0.639005,FGM,0.40333,0.532808,0.236508,0.40333,0.502327,0.532808,0
2.23442,5.70623,7.80181,0.0851903,3.64375,0.17537,0.639005,FGM,0.40333,0.532808,0.236508,0.40333,0.502327,0.532808,0
2.23847,5.74241,7.80483,0.0870413,3.61889,0.175742,0.635991,FGM,0.40333,0.532808,0.236508,0.40333,0.502327,0.532808,0
2.24184,5.74241,7.80483,0.0870413,3.61889,0.175742,0.635991,FGM,0.40333,0.532808,0.236508,0.40333,0.502327,0.532808,0
2.2475,5.77837,7.80788,0.0887247,3.59875,0.179354,0.645451,FGM,0.40333,0.532808,0.236508,0.40333,0.502327,0.532808,0
2.25105,5.77837,7.80788,0.0887247,3.59875,0.179354,0.645451,FGM,0.40333,0.532808,0.236508,0.40333,0.502327,0.532808,0
2.25608,5.81415,7.81098,0.0905905,3.58245,0.175598,0.629072,FGM,0.40333,0.532808,0.236508,0.40333,0.502327,0.532808,0
2.26027,5.81415,7.81098,0.0905905,3.58245,0.175598,0.629072,FGM,0.40333,0.532808,0.236508,0.40333,0.502327,0.532808,0
2.26294,5.81415,7.81098,0.0905905,3.58245,0.175598,0.629072,FGM,0.402382,0.565441,0.258133,0.402382,0.502327,0.565441,0
2.2684,5.84977,7.81409,0.0919307,3.56925,0.079369,0.283287,FGM,0.402382,0.565441,0.258133,0.402382,0.502327,0.565441,0
2.27109,5.84977,7.81409,0.0919307,3.56925,0.079369,0.283287,FGM,0.402382,0.565441,0.258133,0.402382,0.502327,0.565441,0
2.27653,5.88521,7.81715,0.0922835,3.54495,0.0136621,0.0484313,FGM,0.402382,0.565441,0.258133,0.402382,0.502327,0.565441,0
2.27922,5.88521,7.81715,0.0922835,3.54495,0.0136621,0.0484313,FGM,0.402382,0.565441,0.258133,0.402382,0.502327,0.565441,0
2.28312,5.88521,7.81715,0.0922835,3.54495,0.0136621,0.0484313,FGM,0.402382,0.565441,0.258133,0.402382,0.502327,0.565441,0
2.28806,5.92043,7.8202,0.0922344,3.52527,-0.0392607,-0.138404,FGM,0.402382,0.565441,0.258133,0.402382,0.502327,0.565441,0
2.29108,5.92043,7.8202,0.0922344,3.52527,-0.0392607,-0.138404,FGM,0.402382,0.565441,0.258133,0.402382,0.502327,0.565441,0
2.29617,5.95547,7.8232,0.0915746,3.50933,-0.0725706,-0.254674,FGM,0.402382,0.565441,0.258133,0.402382,0.502327,0.565441,0
2.29899,5.95547,7.8232,0.0915746,3.50933,-0.0725706,-0.254674,FGM,0.402382,0.565441,0.258133,0.402382,0.502327,0.565441,0
2.30283,5.95547,7.8232,0.0915746,3.50933,-0.0725706,-0.254674,FGM,0.402382,0.565441,0.258133,0.402382,0.502327,0.565441,0
2.30674,5.99037,7.82619,0.0907868,3.49643,-0.101506,-0.354907,FGM,0.402382,0.565441,0.258133,0.402382,0.502327,0.565441,0
2.31103,5.99037,7.82619,0.0907868,3.49643,-0.101506,-0.354907,FGM,0.36805,0.572358,0.245743,0.36805,0.502327,0.572358,0
2.31629,6.02507,7.82914,0.0895876,3.46857,-0.118181,-0.40992,FGM,0.36805,0.572358,0.245743,0.36805,0.502327,0.572358,0
2.31882,6.02507,7.82914,0.0895876,3.46857,-0.118181,-0.40992,FGM,0.36805,0.572358,0.245743,0.36805,0.502327,0.572358,0
2.32289,6.02507,7.82914,0.0895876,3.46857,-0.118181,-0.40992,FGM,0.36805,0.572358,0.245743,0.36805,0.502327,0.572358,0
2.32713,6.05952,7.83208,0.0885816,3.446,-0.0848556,-0.292413,FGM,0.36805,0.572358,0.245743,0.36805,0.502327,0.572358,0
2.33109,6.05952,7.83208,0.0885816,3.446,-0.0848556,-0.292413,FGM,0.36805,0.572358,0.245743,0.36805,0.502327,0.572358,0
2.3359,6.09376,7.835,0.0876903,3.42773,-0.110486,-0.378717,FGM,0.36805,0.572358,0.245743,0.36805,0.502327,0.572358,0
2.33904,6.09376,7.835,0.0876903,3.42773,-0.110486,-0.378717,FGM,0.36805,0.572358,0.245743,0.36805,0.502327,0.572358,0
2.34363,6.09376,7.835,0.0876903,3.42773,-0.110486,-0.378717,FGM,0.36805,0.572358,0.245743,0.36805,0.502327,0.572358,0
2.34849,6.12785,7.83787,0.0864267,3.41293,-0.12324,-0.420609,FGM,0.36805,0.572358,0.245743,0.36805,0.502327,0.572358,0
2.35136,6.12785,7.83787,0.0864267,3.41293,-0.12324,-0.420609,FGM,0.36805,0.572358,0.245743,0.36805,0.502327,0.572358,0
2.35647,6.1618,7.84074,0.0855396,3.40095,-0.0406577,-0.138275,FGM,0.36805,0.572358,0.245743,0.36805,0.502327,0.572358,0
2.36017,6.1618,7.84074,0.0855396,3.40095,-0.0406577,-0.138275,FGM,0.36805,0.572358,0.245743,0.36805,0.502327,0.572358,0
2.36375,6.1618,7.84074,0.0855396,3.40095,-0.0406577,-0.138275,FGM,0,0.322897,0.180078,0,0.502327,0.322897,0
2.36932,6.19563,7.84366,0.0855081,3.39125,0.013482,0.0457208,FGM,0,0.322897,0.180078,0,0.502327,0.322897,0
2.37263,6.19563,7.84366,0.0855081,3.39125,0.013482,0.0457208,FGM,0,0.322897,0.180078,0,0.502327,0.322897,0
2.37805,6.22937,7.84659,0.0857853,3.38207,0.0573585,0.193991,FGM,0,0.322897,0.180078,0,0.502327,0.322897,0
2.3808,6.22937,7.84659,0.0857853,3.38207,0.0573585,0.193991,FGM,0,0.322897,0.180078,0,0.502327,0.322897,0
2.38359,6.22937,7.84659,0.0857853,3.38207,0.0573585,0.193991,FGM,0,0.322897,0.180078,0,0.502327,0.322897,0
2.38787,6.26302,7.84957,0.0865861,3.37464,0.0836182,0.282181,FGM,0,0.322897,0.180078,0,0.502327,0.322897,0
2.39086,6.26302,7.84957,0.0865861,3.37464,0.0836182,0.282181,FGM,0,0.322897,0.180078,0,0.502327,0.322897,0
2.39618,6.29661,7.85253,0.0871391,3.36863,0.0132455,0.0446192,FGM,0,0.322897,0.180078,0,0.502327,0.322897,0
2.40001,6.29661,7.85253,0.0871391,3.36863,0.0132455,0.0446192,FGM,0,0.322897,0.180078,0,0.502327,0.322897,0
2.40312,6.29661,7.85253,0.0871391,3.36863,0.0132455,0.0446192,FGM,0,0.322897,0.180078,0,0.502327,0.322897,0
2.40756,6.33015,7.85543,0.0869433,3.36375,-0.0323617,-0.108857,FGM,0,0.322897,0.180078,0,0.502327,0.322897,0
2.41081,6.33015,7.85543,0.0869433,3.36375,-0.0323617,-0.108857,FGM,0,0.322897,0.180078,0,0.502327,0.322897,0
2.41622,6.36319,7.85826,0.0864579,3.26865,-0.0858314,-0.280553,FGM,0.396651,0.263373,0.0919687,0.396651,0.522154,0.263373,0
2.41905,6.36319,7.85826,0.0864579,3.26865,-0.0858314,-0.280553,FGM,0.396651,0.263373,0.0919687,0.396651,0.522154,0.263373,0
2.42283,6.36319,7.85826,0.0864579,3.26865,-0.0858314,-0.280553,FGM,0.396651,0.263373,0.0919687,0.396651,0.522154,0.263373,0
2.42696,6.39528,7.86096,0.0853223,3.17355,-0.114956,-0.364818,FGM,0.396651,0.263373,0.0919687,0.396651,0.522154,0.263373,0
2.43092,6.39528,7.86096,0.0853223,3.17355,-0.114956,-0.364818,FGM,0.396651,0.263373,0.0919687,0.396651,0.522154,0.263373,0
2.43587,6.42644,7.86355,0.0841454,3.07845,-0.143148,-0.440673,FGM,0.396651,0.263373,0.0919687,0.396651,0.522154,0.263373,0
2.43914,6.42644,7.86355,0.0841454,3.07845,-0.143148,-0.440673,FGM,0.396651,0.263373,0.0919687,0.396651,0.522154,0.263373,0
2.44314,6.42644,7.86355,0.0841454,3.07845,-0.143148,-0.440673,FGM,0.396651,0.263373,0.0919687,0.396651,0.522154,0.263373,0
2.4473,6.45665,7.86598,0.0821023,2.98335,-0.280421,-0.836595,FGM,0.396651,0.263373,0.0919687,0.396651,0.522154,0.263373,0
2.45096,6.45665,7.86598,0.0821023,2.98335,-0.280421,-0.836595,FGM,0.396651,0.263373,0.0919687,0.396651,0.522154,0.263373,0
2.45611,6.48592,7.86817,0.0783054,2.88825,-0.488463,-1.4108,FGM,0.396651,0.263373,0.0919687,0.396651,0.522154,0.263373,0
2.45941,6.48592,7.86817,0.0783054,2.88825,-0.488463,-1.4108,FGM,0.396651,0.263373,0.0919687,0.396651,0.522154,0.263373,0
2.46314,6.48592,7.86817,0.0783054,2.88825,-0.488463,-1.4108,FGM,0.0436444,0.31224,0.0850407,0.0436444,0.522154,0.31224,0
2.46735,6.51427,7.87007,0.0726177,2.79315,-0.614829,-1.71731,FGM,0.0436444,0.31224,0.0850407,0.0436444,0.522154,0.31224,0
2.4709,6.51427,7.87007,0.0726177,2.79315,-0.614829,-1.71731,FGM,0.0436444,0.31224,0.0850407,0.0436444,0.522154,0.31224,0
2.4761,6.54226,7.87181,0.0668703,2.81564,-0.525252,-1.47892,FGM,0.0436444,0.31224,0.0850407,0.0436444,0.522154,0.31224,0
2.47899,6.54226,7.87181,0.0668703,2.81564,-0.525252,-1.47892,FGM,0.0436444,0.31224,0.0850407,0.0436444,0.522154,0.31224,0
2.48298,6.54226,7.87181,0.0668703,2.81564,-0.525252,-1.47892,FGM,0.0436444,0.31224,0.0850407,0.0436444,0.522154,0.31224,0
2.48682,6.57047,7.87347,0.0619863,2.83705,-0.47091,-1.336,FGM,0.0436444,0.31224,0.0850407,0.0436444,0.522154,0.31224,0
2.49079,6.57047,7.87347,0.0619863,2.83705,-0.47091,-1.336,FGM,0.0436444,0.31224,0.0850407,0.0436444,0.522154,0.31224,0
2.49742,6.5989,7.87503,0.0574141,2.85745,-0.430684,-1.23066,FGM,0.0436444,0.31224,0.0850407,0.0436444,0.522154,0.31224,0
2.5004,6.5989,7.87503,0.0574141,2.85745,-0.430684,-1.23066,FGM,0.0436444,0.31224,0.0850407,0.0436444,0.522154,0.31224,0
2.50292,6.5989,7.87503,0.0574141,2.85745,-0.430684,-1.23066,FGM,0.0436444,0.31224,0.0850407,0.0436444,0.522154,0.31224,0
2.50709,6.62753,7.87652,0.0535803,2.87688,-0.32708,-0.94097,FGM,0.0436444,0.31224,0.0850407,0.0436444,0.522154,0.31224,0
2.511,6.62753,7.87652,0.0535803,2.87688,-0.32708,-0.94097,FGM,0.18665,0.502119,0.0953336,0.18665,0.522154,0.502119,0
2.51607,6.6563,7.878,0.050728,2.88379,-0.264172,-0.761818,FGM,0.18665,0.502119,0.0953336,0.18665,0.522154,0.502119,0
2.51997,6.6563,7.878,0.050728,2.88379,-0.264172,-0.761818,FGM,0.18665,0.502119,0.0953336,0.18665,0.522154,0.502119,0
2.52293,6.6563,7.878,0.050728,2.88379,-0.264172,-0.761818,FGM,0.18665,0.502119,0.0953336,0.18665,0.522154,0.502119,0
2.5272,6.68514,7.87942,0.0482579,2.89038,-0.21625,-0.625043,FGM,0.18665,0.502119,0.0953336,0.18665,0.522154,0.502119,0
2.53093,6.68514,7.87942,0.0482579,2.89038,-0.21625,-0.625043,FGM,0.18665,0.502119,0.0953336,0.18665,0.522154,0.502119,0
2.53592,6.71404,7.88081,0.0463242,2.89665,-0.189042,-0.547588,FGM,0.18665,0.502119,0.0953336,0.18665,0.522154,0.502119,0
2.53897,6.71404,7.88081,0.0463242,2.89665,-0.189042,-0.547588,FGM,0.18665,0.502119,0.0953336,0.18665,0.522154,0.502119,0
2.54291,6.71404,7.88081,0.0463242,2.89665,-0.189042,-0.547588,FGM,0.18665,0.502119,0.0953336,0.18665,0.522154,0.502119,0
2.54696,6.743,7.88214,0.0444752,2.90262,-0.165572,-0.480591,FGM,0.18665,0.502119,0.0953336,0.18665,0.522154,0.502119,0
2.55108,6.743,7.88214,0.0444752,2.90262,-0.165572,-0.480591,FGM,0.18665,0.502119,0.0953336,0.18665,0.522154,0.502119,0
2.55602,6.77203,7.88343,0.0429595,2.90831,-0.155074,-0.451004,FGM,0.18665,0.502119,0.0953336,0.18665,0.522154,0.502119,0
2.55921,6.77203,7.88343,0.0429595,2.90831,-0.155074,-0.451004,FGM,0.18665,0.502119,0.0953336,0.18665,0.522154,0.502119,0
2.56355,6.77203,7.88343,0.0429595,2.90831,-0.155074,-0.451004,FGM,0.154929,0.328413,0.0418496,0.154929,0.522154,0.328413,0
2.56823,6.80111,7.88467,0.0413892,2.91372,-0.143001,-0.416666,FGM,0.154929,0.328413,0.0418496,0.154929,0.522154,0.328413,0
2.57108,6.80111,7.88467,0.0413892,2.91372,-0.143001,-0.416666,FGM,0.154929,0.328413,0.0418496,0.154929,0.522154,0.328413,0
2.57633,6.82975,7.88586,0.039966,2.81862,-0.164568,-0.463856,FGM,0.154929,0.328413,0.0418496,0.154929,0.522154,0.328413,0
2.57876,6.82975,7.88586,0.039966,2.81862,-0.164568,-0.463856,FGM,0.154929,0.328413,0.0418496,0.154929,0.522154,0.328413,0
2.58295,6.82975,7.88586,0.039966,2.81862,-0.164568,-0.463856,FGM,0.154929,0.328413,0.0418496,0.154929,0.522154,0.328413,0
2.58681,6.85744,7.88695,0.0381732,2.72352,-0.168778,-0.459671,FGM,0.154929,0.328413,0.0418496,0.154929,0.522154,0.328413,0
2.59085,6.85744,7.88695,0.0381732,2.72352,-0.168778,-0.459671,FGM,0.154929,0.328413,0.0418496,0.154929,0.522154,0.328413,0
2.59596,6.88418,7.88799,0.0365498,2.62842,-0.17953,-0.471881,FGM,0.154929,0.328413,0.0418496,0.154929,0.522154,0.328413,0
2.59896,6.88418,7.88799,0.0365498,2.62842,-0.17953,-0.471881,FGM,0.154929,0.328413,0.0418496,0.154929,0.522154,0.328413,0
2.60291,6.88418,7.88799,0.0365498,2.62842,-0.17953,-0.471881,FGM,0.154929,0.328413,0.0418496,0.154929,0.522154,0.328413,0
2.60719,6.90997,7.88892,0.0346515,2.53332,-0.175299,-0.444088,FGM,0.154929,0.328413,0.0418496,0.154929,0.522154,0.328413,0
2.61126,6.90997,7.88892,0.0346515,2.53332,-0.175299,-0.444088,FGM,0,0.341856,0,0,1.03088,0.341856,0
2.61661,6.93481,7.8898,0.032992,2.43822,-0.180591,-0.440321,FGM,0,0.341856,0,0,1.03088,0.341856,0
2.61989,6.93481,7.8898,0.032992,2.43822,-0.180591,-0.440321,FGM,0,0.341856,0,0,1.03088,0.341856,0
2.62301,6.93481,7.8898,0.032992,2.43822,-0.180591,-0.440321,FGM,0,0.341856,0,0,1.03088,0.341856,0
2.6274,6.95871,7.89059,0.0311086,2.34312,-0.171401,-0.401615,FGM,0,0.341856,0,0,1.03088,0.341856,0
2.631,6.95871,7.89059,0.0311086,2.34312,-0.171401,-0.401615,FGM,0,0.341856,0,0,1.03088,0.341856,0
2.63626,6.98165,7.89133,0.029504,2.24802,-0.173732,-0.390554,FGM,0,0.341856,0,0,1.03088,0.341856,0
2.63873,6.98165,7.89133,0.029504,2.24802,-0.173732,-0.390554,FGM,0,0.341856,0,0,1.03088,0.341856,0
2.64351,6.98165,7.89133,0.029504,2.24802,-0.173732,-0.390554,FGM,0,0.341856,0,0,1.03088,0.341856,0
2.64886,7.00365,7.89194,0.0272941,2.15292,-0.281749,-0.606583,FGM,0,0.341856,0,0,1.03088,0.341856,0
2.65194,7.00365,7.89194,0.0272941,2.15292,-0.281749,-0.606583,FGM,0,0.341856,0,0,1.03088,0.341856,0
2.65596,7.0247,7.89239,0.024098,2.05782,-0.32625,-0.671365,FGM,0,0.341856,0,0,1.03088,0.341856,0
2.65906,7.0247,7.89239,0.024098,2.05782,-0.32625,-0.671365,FGM,0,0.341856,0,0,1.03088,0.341856,0
2.66323,7.0247,7.89239,0.024098,2.05782,-0.32625,-0.671365,FGM,0.0278733,0.734564,0,0.0278733,1.03088,0.734564,0
2.66722,7.0448,7.89275,0.02079,1.96272,-0.355939,-0.69861,FGM,0.0278733,0.734564,0,0.0278733,1.03088,0.734564,0
2.67107,7.0448,7.89275,0.02079,1.96272,-0.355939,-0.69861,FGM,0.0278733,0.734564,0,0.0278733,1.03088,0.734564,0
2.67662,7.06395,7.89298,0.0171147,1.86762,-0.351961,-0.657331,FGM,0.0278733,0.734564,0,0.0278733,1.03088,0.734564,0
2.67882,7.06395,7.89298,0.0171147,1.86762,-0.351961,-0.657331,FGM,0.0278733,0.734564,0,0.0278733,1.03088,0.734564,0
2.683,7.06395,7.89298,0.0171147,1.86762,-0.351961,-0.657331,FGM,0.0278733,0.734564,0,0.0278733,1.03088,0.734564,0
2.68695,7.08215,7.89315,0.0137031,1.77252,-0.353688,-0.626921,FGM,0.0278733,0.734564,0,0.0278733,1.03088,0.734564,0
2.69101,7.08215,7.89315,0.0137031,1.77252,-0.353688,-0.626921,FGM,0.0278733,0.734564,0,0.0278733,1.03088,0.734564,0
2.69627,7.0994,7.89322,0.010149,1.67742,-0.331291,-0.555716,FGM,0.0278733,0.734564,0,0.0278733,1.03088,0.734564,0
2.69885,7.0994,7.89322,0.010149,1.67742,-0.331291,-0.555716,FGM,0.0278733,0.734564,0,0.0278733,1.03088,0.734564,0
2.70301,7.0994,7.89322,0.010149,1.67742,-0.331291,-0.555716,FGM,0.0278733,0.734564,0,0.0278733,1.03088,0.734564,0
2.7069,7.11569,7.89326,0.00738578,1.58232,-0.209534,-0.331551,FGM,0.0278733,0.734564,0,0.0278733,1.03088,0.734564,0
2.7112,7.11569,7.89326,0.00738578,1.58232,-0.209534,-0.331551,FGM,0.0439534,0.746295,0,0.0439534,1.03088,0.746295,0
2.71629,7.13104,7.89333,0.00569838,1.48722,-0.160095,-0.238097,FGM,0.0439534,0.746295,0,0.0439534,1.03088,0.746295,0
2.71901,7.13104,7.89333,0.00569838,1.48722,-0.160095,-0.238097,FGM,0.0439534,0.746295,0,0.0439534,1.03088,0.746295,0
2.72296,7.13104,7.89333,0.00569838,1.48722,-0.160095,-0.238097,FGM,0.0439534,0.746295,0,0.0439534,1.03088,0.746295,0
2.72837,7.14546,7.89336,0.00421324,1.39624,-0.115315,-0.161008,FGM,0.0439534,0.746295,0,0.0439534,1.03088,0.746295,0
2.73191,7.14546,7.89336,0.00421324,1.39624,-0.115315,-0.161008,FGM,0.0439534,0.746295,0,0.0439534,1.03088,0.746295,0
2.73635,7.15905,7.89342,0.00359837,1.32257,-0.00054566,-0.000721673,FGM,0.0439534,0.746295,0,0.0439534,1.03088,0.746295,0
2.73902,7.15905,7.89342,0.00359837,1.32257,-0.00054566,-0.000721673,FGM,0.0439534,0.746295,0,0.0439534,1.03088,0.746295,0
2.74293,7.15905,7.89342,0.00359837,1.32257,-0.00054566,-0.000721673,FGM,0.0439534,0.746295,0,0.0439534,1.03088,0.746295,0
2.74699,7.17198,7.89356,0.00423155,1.26291,0.128541,0.162335,FGM,0.0439534,0.746295,0,0.0439534,1.03088,0.746295,0
2.7509,7.17198,7.89356,0.00423155,1.26291,0.128541,0.162335,FGM,0.0439534,0.746295,0,0.0439534,1.03088,0.746295,0
2.75657,7.18436,7.89379,0.00582125,1.21459,0.158568,0.192595,FGM,0.0439534,0.746295,0,0.0439534,1.03088,0.746295,0
2.75883,7.18436,7.89379,0.00582125,1.21459,0.158568,0.192595,FGM,0.0439534,0.746295,0,0.0439534,1.03088,0.746295,0
2.76313,7.18436,7.89379,0.00582125,1.21459,0.158568,0.192595,FRENET,0,1.03088,0,0,1.03088,0.752685,0
2.76905,7.19631,7.89402,0.00711575,1.17547,0.0892324,0.10489,FRENET,0,1.03088,0,0,1.03088,0.752685,0
2.77196,7.19631,7.89402,0.00711575,1.17547,0.0892324,0.10489,FRENET,0,1.03088,0,0,1.03088,0.752685,0
2.77792,7.20823,7.8942,0.00761943,1.20833,0.00849619,0.0102662,FRENET,0,1.03088,0,0,1.03088,0.752685,0
2.78305,7.20823,7.8942,0.00761943,1.20833,0.00849619,0.0102662,FRENET,0,1.03088,0,0,1.03088,0.752685,0
2.7874,7.22047,7.89432,0.00746859,1.23963,-0.0182492,-0.0226221,FRENET,0,1.03088,0,0,1.03088,0.752685,0
2.79113,7.22047,7.89432,0.00746859,1.23963,-0.0182492,-0.0226221,FRENET,0,1.03088,0,0,1.03088,0.752685,0
2.7966,7.23301,7.89443,0.00747054,1.26944,0.0278086,0.0353012,FRENET,0,1.03088,0,0,1.03088,0.752685,0
2.79926,7.23301,7.89443,0.00747054,1.26944,0.0278086,0.0353012,FRENET,0,1.03088,0,0,1.03088,0.752685,0
2.80304,7.23301,7.89443,0.00747054,1.26944,0.0278086,0.0353012,FRENET,0,1.03088,0,0,1.03088,0.752685,0
2.80805,7.24585,7.8946,0.00813372,1.29783,0.10945,0.142048,FRENET,0,1.03088,0,0,1.03088,0.752685,0
2.81082,7.24585,7.8946,0.00813372,1.29783,0.10945,0.142048,FRENET,0,1.03088,0,0,1.03088,0.752685,0
2.81638,7.25896,7.89489,0.00972235,1.32487,0.2109,0.279415,FRENET,0,1.03088,0,0.000449146,1.03088,0.754126,0
2.81899,7.25896,7.89489,0.00972235,1.32487,0.2109,0.279415,FRENET,0,1.03088,0,0.000449146,1.03088,0.754126,0
2.82298,7.25896,7.89489,0.00972235,1.32487,0.2109,0.279415,FRENET,0,1.03088,0,0.000449146,1.03088,0.754126,0
2.82759,7.27233,7.89531,0.0121516,1.35063,0.253426,0.342283,FRENET,0,1.03088,0,0.000449146,1.03088,0.754126,0
2.83107,7.27233,7.89531,0.0121516,1.35063,0.253426,0.342283,FRENET,0,1.03088,0,0.000449146,1.03088,0.754126,0
2.83639,7.28595,7.89582,0.0147893,1.37516,0.287211,0.39496,FRENET,0,1.03088,0,0.000449146,1.03088,0.754126,0
2.83888,7.28595,7.89582,0.0147893,1.37516,0.287211,0.39496,FRENET,0,1.03088,0,0.000449146,1.03088,0.754126,0
2.84302,7.28595,7.89582,0.0147893,1.37516,0.287211,0.39496,FRENET,0,1.03088,0,0.000449146,1.03088,0.754126,0
2.84697,7.29981,7.89642,0.0178046,1.39852,0.298598,0.417596,FRENET,0,1.03088,0,0.000449146,1.03088,0.754126,0
2.85084,7.29981,7.89642,0.0178046,1.39852,0.298598,0.417596,FRENET,0,1.03088,0,0.000449146,1.03088,0.754126,0
2.85632,7.31389,7.8971,0.0208055,1.42078,0.316738,0.450013,FRENET,0,1.03088,0,0.000449146,1.03088,0.754126,0
2.85939,7.31389,7.8971,0.0208055,1.42078,0.316738,0.450013,FRENET,0,1.03088,0,0.000449146,1.03088,0.754126,0
2.86299,7.31389,7.8971,0.0208055,1.42078,0.316738,0.450013,FRENET,0.35916,0.805814,0.35916,0.125732,0.805814,0.378283,0
2.867,7.32818,7.89785,0.0240714,1.44197,0.320014,0.461452,FRENET,0.35916,0.805814,0.35916,0.125732,0.805814,0.378283,0
2.87093,7.32818,7.89785,0.0240714,1.44197,0.320014,0.461452,FRENET,0.35916,0.805814,0.35916,0.125732,0.805814,0.378283,0
2.87611,7.34218,7.89864,0.027341,1.36332,0.352158,0.480104,FRENET,0.35916,0.805814,0.35916,0.125732,0.805814,0.378283,0
2.87882,7.34218,7.89864,0.027341,1.36332,0.352158,0.480104,FRENET,0.35916,0.805814,0.35916,0.125732,0.805814,0.378283,0
2.88294,7.34218,7.89864,0.027341,1.36332,0.352158,0.480104,FRENET,0.35916,0.805814,0.35916,0.125732,0.805814,0.378283,0
2.88676,7.35547,7.89945,0.030918,1.29962,0.33804,0.439325,FRENET,0.35916,0.805814,0.35916,0.125732,0.805814,0.378283,0
2.89101,7.35547,7.89945,0.030918,1.29962,0.33804,0.439325,FRENET,0.35916,0.805814,0.35916,0.125732,0.805814,0.378283,0
2.89598,7.36819,7.90022,0.0338558,1.24805,0.240753,0.300471,FRENET,0.35916,0.805814,0.35916,0.125732,0.805814,0.378283,0
2.89904,7.36819,7.90022,0.0338558,1.24805,0.240753,0.300471,FRENET,0.35916,0.805814,0.35916,0.125732,0.805814,0.378283,0
2.90284,7.36819,7.90022,0.0338558,1.24805,0.240753,0.300471,FRENET,0.35916,0.805814,0.35916,0.125732,0.805814,0.378283,0
2.90697,7.38044,7.90095,0.0359784,1.20628,0.211342,0.254937,FRENET,0.35916,0.805814,0.35916,0.125732,0.805814,0.378283,0
2.91096,7.38044,7.90095,0.0359784,1.20628,0.211342,0.254937,FRENET,0.365584,0.805814,0.365584,0.157945,0.805814,0.249909,0
2.91569,7.39231,7.90167,0.0380351,1.17245,0.181614,0.212934,FRENET,0.365584,0.805814,0.365584,0.157945,0.805814,0.249909,0
2.91894,7.39231,7.90167,0.0380351,1.17245,0.181614,0.212934,FRENET,0.365584,0.805814,0.365584,0.157945,0.805814,0.249909,0
2.92294,7.39231,7.90167,0.0380351,1.17245,0.181614,0.212934,FRENET,0.365584,0.805814,0.365584,0.157945,0.805814,0.249909,0
2.92708,7.40388,7.90236,0.0397391,1.14506,0.181076,0.207343,FRENET,0.365584,0.805814,0.365584,0.157945,0.805814,0.249909,0
2.93105,7.40388,7.90236,0.0397391,1.14506,0.181076,0.207343,FRENET,0.365584,0.805814,0.365584,0.157945,0.805814,0.249909,0
2.93578,7.41519,7.90308,0.0415637,1.12288,0.16423,0.18441,FRENET,0.365584,0.805814,0.365584,0.157945,0.805814,0.249909,0
2.93899,7.41519,7.90308,0.0415637,1.12288,0.16423,0.18441,FRENET,0.365584,0.805814,0.365584,0.157945,0.805814,0.249909,0
2.94299,7.41519,7.90308,0.0415637,1.12288,0.16423,0.18441,FRENET,0.365584,0.805814,0.365584,0.157945,0.805814,0.249909,0
2.94664,7.42631,7.90378,0.0431314,1.10492,0.169709,0.187515,FRENET,0.365584,0.805814,0.365584,0.157945,0.805814,0.249909,0
2.95103,7.42631,7.90378,0.0431314,1.10492,0.169709,0.187515,FRENET,0.365584,0.805814,0.365584,0.157945,0.805814,0.249909,0
2.95571,7.43726,7.90451,0.0448583,1.09037,0.156157,0.170269,FRENET,0.365584,0.805814,0.365584,0.157945,0.805814,0.249909,0
2.959,7.43726,7.90451,0.0448583,1.09037,0.156157,0.170269,FRENET,0.365584,0.805814,0.365584,0.157945,0.805814,0.249909,0
2.96288,7.43726,7.90451,0.0448583,1.09037,0.156157,0.170269,FRENET,0.34859,0.805814,0.34859,0.154049,0.805814,0.25501,0
2.96688,7.44808,7.90523,0.0463581,1.07859,0.163602,0.17646,FRENET,0.34859,0.805814,0.34859,0.154049,0.805814,0.25501,0
2.97107,7.44808,7.90523,0.0463581,1.07859,0.163602,0.17646,FRENET,0.34859,0.805814,0.34859,0.154049,0.805814,0.25501,0
2.97614,7.4588,7.90597,0.0480299,1.06905,0.151439,0.161896,FRENET,0.34859,0.805814,0.34859,0.154049,0.805814,0.25501,0
2.97898,7.4588,7.90597,0.0480299,1.06905,0.151439,0.161896,FRENET,0.34859,0.805814,0.34859,0.154049,0.805814,0.25501,0
2.98292,7.4588,7.90597,0.0480299,1.06905,0.151439,0.161896,FRENET,0.34859,0.805814,0.34859,0.154049,0.805814,0.25501,0
2.98693,7.46942,7.90671,0.0494891,1.06133,0.159876,0.169681,FRENET,0.34859,0.805814,0.34859,0.154049,0.805814,0.25501,0
2.99097,7.46942,7.90671,0.0494891,1.06133,0.159876,0.169681,FRENET,0.34859,0.805814,0.34859,0.154049,0.805814,0.25501,0
2.99612,7.47998,7.90748,0.0511268,1.05507,0.148494,0.156672,FRENET,0.34859,0.805814,0.34859,0.154049,0.805814,0.25501,0
2.99891,7.47998,7.90748,0.0511268,1.05507,0.148494,0.156672,FRENET,0.34859,0.805814,0.34859,0.154049,0.805814,0.25501,0
3.0028,7.47998,7.90748,0.0511268,1.05507,0.148494,0.156672,FRENET,0.34859,0.805814,0.34859,0.154049,0.805814,0.25501,0
3.00701,7.49047,7.90825,0.0525606,1.05001,0.157522,0.165399,FRENET,0.34859,0.805814,0.34859,0.154049,0.805814,0.25501,0
3.01099,7.49047,7.90825,0.0525606,1.05001,0.157522,0.165399,FRENET,0.361113,0.805814,0.361113,0.176568,0.805814,0.257524,0
3.01598,7.50092,7.90904,0.0541766,1.04591,0.146616,0.153347,FRENET,0.361113,0.805814,0.361113,0.176568,0.805814,0.257524,0
3.01901,7.50092,7.90904,0.0541766,1.04591,0.146616,0.153347,FRENET,0.361113,0.805814,0.361113,0.176568,0.805814,0.257524,0
3.02308,7.50092,7.90904,0.0541766,1.04591,0.146616,0.153347,FRENET,0.361113,0.805814,0.361113,0.176568,0.805814,0.257524,0
3.02705,7.51134,7.90983,0.0555942,1.04258,0.156013,0.162657,FRENET,0.361113,0.805814,0.361113,0.176568,0.805814,0.257524,0
3.03107,7.51134,7.90983,0.0555942,1.04258,0.156013,0.162657,FRENET,0.361113,0.805814,0.361113,0.176568,0.805814,0.257524,0
3.03598,7.52172,7.91066,0.0571962,1.03989,0.145407,0.151208,FRENET,0.361113,0.805814,0.361113,0.176568,0.805814,0.257524,0
3.03875,7.52172,7.91066,0.0571962,1.03989,0.145407,0.151208,FRENET,0.361113,0.805814,0.361113,0.176568,0.805814,0.257524,0
3.04307,7.52172,7.91066,0.0571962,1.03989,0.145407,0.151208,FRENET,0.361113,0.805814,0.361113,0.176568,0.805814,0.257524,0
3.04711,7.53207,7.91148,0.0586034,1.03772,0.155038,0.160886,FRENET,0.361113,0.805814,0.361113,0.176568,0.805814,0.257524,0
3.05103,7.53207,7.91148,0.0586034,1.03772,0.155038,0.160886,FRENET,0.361113,0.805814,0.361113,0.176568,0.805814,0.257524,0
3.05583,7.54241,7.91232,0.0601964,1.03595,0.144623,0.149822,FRENET,0.361113,0.805814,0.361113,0.176568,0.805814,0.257524,0
3.06161,7.54241,7.91232,0.0601964,1.03595,0.144623,0.149822,FRENET,0.361113,0.805814,0.361113,0.176568,0.805814,0.257524,0
3.06703,7.55272,7.91317,0.0615967,1.03452,0.154405,0.159736,FRENET,0.421403,0.687186,0.421403,0.220057,0.687186,0.261383,0
3.06978,7.55272,7.91317,0.0615967,1.03452,0.154405,0.159736,FRENET,0.421403,0.687186,0.421403,0.220057,0.687186,0.261383,0
3.07221,7.55272,7.91317,0.0615967,1.03452,0.154405,0.159736,FRENET,0.421403,0.687186,0.421403,0.220057,0.687186,0.261383,0
3.07624,7.56279,7.91403,0.0632031,0.986763,0.141678,0.139803,FRENET,0.421403,0.687186,0.421403,0.220057,0.687186,0.261383,0
3.07914,7.56279,7.91403,0.0632031,0.986763,0.141678,0.139803,FRENET,0.421403,0.687186,0.421403,0.220057,0.687186,0.261383,0
3.083,7.56279,7.91403,0.0632031,0.986763,0.141678,0.139803,FRENET,0.421403,0.687186,0.421403,0.220057,0.687186,0.261383,0
3.08724,7.57243,7.91485,0.0645536,0.948086,0.150919,0.143084,FRENET,0.421403,0.687186,0.421403,0.220057,0.687186,0.261383,0
3.09118,7.57243,7.91485,0.0645536,0.948086,0.150919,0.143084,FRENET,0.421403,0.687186,0.421403,0.220057,0.687186,0.261383,0
3.09727,7.58172,7.9157,0.0663451,0.916766,0.214163,0.196337,FRENET,0.421403,0.687186,0.421403,0.220057,0.687186,0.261383,0
3.0998,7.58172,7.9157,0.0663451,0.916766,0.214163,0.196337,FRENET,0.421403,0.687186,0.421403,0.220057,0.687186,0.261383,0
3.10301,7.58172,7.9157,0.0663451,0.916766,0.214163,0.196337,FRENET,0.421403,0.687186,0.421403,0.220057,0.687186,0.261383,0
3.10707,7.59083,7.91661,0.0685697,0.915012,0.20933,0.191539,FRENET,0.421403,0.687186,0.421403,0.220057,0.687186,0.261383,0
3.11156,7.59083,7.91661,0.0685697,0.915012,0.20933,0.191539,FRENET,0.428321,0.687186,0.428321,0.207449,0.687186,0.264174,0
3.11614,7.59993,7.91755,0.070639,0.913591,0.223717,0.204386,FRENET,0.428321,0.687186,0.428321,0.207449,0.687186,0.264174,0
3.11892,7.59993,7.91755,0.070639,0.913591,0.223717,0.204386,FRENET,0.428321,0.687186,0.428321,0.207449,0.687186,0.264174,0
3.12284,7.59993,7.91755,0.070639,0.913591,0.223717,0.204386,FRENET,0.428321,0.687186,0.428321,0.207449,0.687186,0.264174,0
3.12743,7.609,7.91854,0.0729207,0.912441,0.212716,0.194091,FRENET,0.428321,0.687186,0.428321,0.207449,0.687186,0.264174,0
3.13122,7.609,7.91854,0.0729207,0.912441,0.212716,0.194091,FRENET,0.428321,0.687186,0.428321,0.207449,0.687186,0.264174,0
3.13597,7.61807,7.91951,0.0747726,0.911509,0.151248,0.137864,FRENET,0.428321,0.687186,0.428321,0.207449,0.687186,0.264174,0
3.13906,7.61807,7.91951,0.0747726,0.911509,0.151248,0.137864,FRENET,0.428321,0.687186,0.428321,0.207449,0.687186,0.264174,0
3.14317,7.61807,7.91951,0.0747726,0.911509,0.151248,0.137864,FRENET,0.428321,0.687186,0.428321,0.207449,0.687186,0.264174,0
3.14776,7.62714,7.92042,0.0759051,0.910755,0.0731398,0.0666125,FRENET,0.428321,0.687186,0.428321,0.207449,0.687186,0.264174,0
3.15071,7.62714,7.92042,0.0759051,0.910755,0.0731398,0.0666125,FRENET,0.428321,0.687186,0.428321,0.207449,0.687186,0.264174,0
3.15595,7.6362,7.92126,0.0764586,0.910144,0.0628662,0.0572173,FRENET,0.428321,0.687186,0.428321,0.207449,0.687186,0.264174,0
3.15915,7.6362,7.92126,0.0764586,0.910144,0.0628662,0.0572173,FRENET,0.428321,0.687186,0.428321,0.207449,0.687186,0.264174,0
3.16358,7.6362,7.92126,0.0764586,0.910144,0.0628662,0.0572173,FRENET,0.426789,0.687186,0.426789,0.23309,0.687186,0.269967,0
3.16794,7.64526,7.92208,0.077078,0.909649,0.0431399,0.0392422,FRENET,0.426789,0.687186,0.426789,0.23309,0.687186,0.269967,0
3.17157,7.64526,7.92208,0.077078,0.909649,0.0431399,0.0392422,FRENET,0.426789,0.687186,0.426789,0.23309,0.687186,0.269967,0
3.17689,7.65432,7.92287,0.0774525,0.909248,0.0520683,0.047343,FRENET,0.426789,0.687186,0.426789,0.23309,0.687186,0.269967,0
3.18068,7.65432,7.92287,0.0774525,0.909248,0.0520683,0.047343,FRENET,0.426789,0.687186,0.426789,0.23309,0.687186,0.269967,0
3.1835,7.65432,7.92287,0.0774525,0.909248,0.0520683,0.047343,FRENET,0.426789,0.687186,0.426789,0.23309,0.687186,0.269967,0
3.18732,7.66338,7.92367,0.0780048,0.908924,0.0389267,0.0353814,FRENET,0.426789,0.687186,0.426789,0.23309,0.687186,0.269967,0
3.19112,7.66338,7.92367,0.0780048,0.908924,0.0389267,0.0353814,FRENET,0.426789,0.687186,0.426789,0.23309,0.687186,0.269967,0
3.19683,7.67243,7.92445,0.0783519,0.908661,0.0502651,0.0456739,FRENET,0.426789,0.687186,0.426789,0.23309,0.687186,0.269967,0
3.19956,7.67243,7.92445,0.0783519,0.908661,0.0502651,0.0456739,FRENET,0.426789,0.687186,0.426789,0.23309,0.687186,0.269967,0
3.20314,7.67243,7.92445,0.0783519,0.908661,0.0502651,0.0456739,FRENET,0.426789,0.687186,0.426789,0.23309,0.687186,0.269967,0
3.20835,7.68148,7.92524,0.0788918,0.908449,0.0380787,0.0345926,FRENET,0.426789,0.687186,0.426789,0.23309,0.687186,0.269967,0
3.21247,7.68148,7.92524,0.0788918,0.908449,0.0380787,0.0345926,FRENET,0.426789,0.687186,0.426789,0.23309,0.687186,0.269967,0
3.21774,7.69053,7.92602,0.079233,0.908276,0.0498356,0.0452645,FRENET,0.42801,0.687186,0.42801,0.201581,0.687186,0.271501,0
3.22009,7.69053,7.92602,0.079233,0.908276,0.0498356,0.0452645,FRENET,0.42801,0.687186,0.42801,0.201581,0.687186,0.271501,0
3.22305,7.69053,7.92602,0.079233,0.908276,0.0498356,0.0452645,FRENET,0.42801,0.687186,0.42801,0.201581,0.687186,0.271501,0
3.22727,7.69958,7.92682,0.0797697,0.908137,0.0378468,0.0343701,FRENET,0.42801,0.687186,0.42801,0.201581,0.687186,0.271501,0
3.23103,7.69958,7.92682,0.0797697,0.908137,0.0378468,0.0343701,FRENET,0.42801,0.687186,0.42801,0.201581,0.687186,0.271501,0
3.23682,7.70863,7.92761,0.0801091,0.908024,0.0497059,0.0451342,FRENET,0.42801,0.687186,0.42801,0.201581,0.687186,0.271501,0
3.23991,7.70863,7.92761,0.0801091,0.908024,0.0497059,0.0451342,FRENET,0.42801,0.687186,0.42801,0.201581,0.687186,0.271501,0
3.24308,7.70863,7.92761,0.0801091,0.908024,0.0497059,0.0451342,FRENET,0.42801,0.687186,0.42801,0.201581,0.687186,0.271501,0
3.24871,7.71767,7.92841,0.0806448,0.907932,0.037771,0.0342935,FRENET,0.42801,0.687186,0.42801,0.201581,0.687186,0.271501,0
3.25298,7.71767,7.92841,0.0806448,0.907932,0.037771,0.0342935,FRENET,0.42801,0.687186,0.42801,0.201581,0.687186,0.271501,0
3.25963,7.72672,7.92921,0.0809836,0.907858,0.049661,0.0450851,FRENET,0.42801,0.687186,0.42801,0.201581,0.687186,0.271501,0
3.26383,7.72672,7.92921,0.0809836,0.907858,0.049661,0.0450851,FRENET,0.407675,0.687186,0.407675,0.249935,0.687186,0.274999,0
3.26855,7.73576,7.93002,0.0815189,0.907798,0.0377429,0.034263,FRENET,0.407675,0.687186,0.407675,0.249935,0.687186,0.274999,0
3.27292,7.73576,7.93002,0.0815189,0.907798,0.0377429,0.034263,FRENET,0.407675,0.687186,0.407675,0.249935,0.687186,0.274999,0
3.27858,7.7448,7.93082,0.0818575,0.90775,0.0496435,0.0450638,FRENET,0.407675,0.687186,0.407675,0.249935,0.687186,0.274999,0
3.2817,7.7448,7.93082,0.0818575,0.90775,0.0496435,0.0450638,FRENET,0.407675,0.687186,0.407675,0.249935,0.687186,0.274999,0
3.28447,7.7448,7.93082,0.0818575,0.90775,0.0496435,0.0450638,FRENET,0.407675,0.687186,0.407675,0.249935,0.687186,0.274999,0
3.28886,7.75384,7.93164,0.0823927,0.90771,0.0377312,0.034249,FRENET,0.407675,0.687186,0.407675,0.249935,0.687186,0.274999,0
3.29283,7.75384,7.93164,0.0823927,0.90771,0.0377312,0.034249,FRENET,0.407675,0.687186,0.407675,0.249935,0.687186,0.274999,0
3.29726,7.76288,7.93245,0.0827313,0.907678,0.0496357,0.0450533,FRENET,0.407675,0.687186,0.407675,0.249935,0.687186,0.274999,0
3.30117,7.76288,7.93245,0.0827313,0.907678,0.0496357,0.0450533,FRENET,0.407675,0.687186,0.407675,0.249935,0.687186,0.274999,0
3.30485,7.76288,7.93245,0.0827313,0.907678,0.0496357,0.0450533,FRENET,0.407675,0.687186,0.407675,0.249935,0.687186,0.274999,0
3.3109,7.77192,7.93328,0.0832664,0.907653,0.0377256,0.0342418,FRENET,0.423515,0.687186,0.423515,0.229733,0.687186,0.277296,0
3.31489,7.77192,7.93328,0.0832664,0.907653,0.0377256,0.0342418,FRENET,0.423515,0.687186,0.423515,0.229733,0.687186,0.277296,0
3.3203,7.78096,7.9341,0.0836048,0.907632,0.0496318,0.0450474,FRENET,0.423515,0.687186,0.423515,0.229733,0.687186,0.277296,0
3.32311,7.78096,7.9341,0.0836048,0.907632,0.0496318,0.0450474,FRENET,0.423515,0.687186,0.423515,0.229733,0.687186,0.277296,0
3.32929,7.79,7.93493,0.0841399,0.907615,0.0377226,0.0342376,FRENET,0.423515,0.687186,0.423515,0.229733,0.687186,0.277296,0
3.33406,7.79,7.93493,0.0841399,0.907615,0.0377226,0.0342376,FRENET,0.423515,0.687186,0.423515,0.229733,0.687186,0.277296,0
3.33913,7.79904,7.93576,0.0844784,0.907601,0.0496296,0.0450439,FRENET,0.423515,0.687186,0.423515,0.229733,0.687186,0.277296,0
3.34227,7.79904,7.93576,0.0844784,0.907601,0.0496296,0.0450439,FRENET,0.423515,0.687186,0.423515,0.229733,0.687186,0.277296,0
3.34724,7.80807,7.9366,0.0850135,0.90759,0.0377208,0.0342351,FRENET,0.423515,0.687186,0.423515,0.229733,0.687186,0.277296,0
3.35098,7.80807,7.9366,0.0850135,0.90759,0.0377208,0.0342351,FRENET,0.423515,0.687186,0.423515,0.229733,0.687186,0.277296,0
3.35683,7.81711,7.93744,0.0853519,0.907581,0.0496283,0.0450417,FRENET,0.423515,0.687186,0.423515,0.229733,0.687186,0.277296,0
3.35981,7.81711,7.93744,0.0853519,0.907581,0.0496283,0.0450417,FRENET,0.423515,0.687186,0.423515,0.229733,0.687186,0.277296,0
3.36296,7.81711,7.93744,0.0853519,0.907581,0.0496283,0.0450417,FRENET,0.726595,0.345646,0.726595,0.255572,0.345646,0.281916,0
3.36798,7.82615,7.93829,0.0858869,0.907574,0.0377198,0.0342335,FRENET,0.726595,0.345646,0.726595,0.255572,0.345646,0.281916,0
3.37107,7.82615,7.93829,0.0858869,0.907574,0.0377198,0.0342335,FRENET,0.726595,0.345646,0.726595,0.255572,0.345646,0.281916,0
3.37683,7.83553,7.93916,0.0862412,0.977502,0.0466879,0.0456376,FRENET,0.726595,0.345646,0.726595,0.255572,0.345646,0.281916,0
3.37908,7.83553,7.93916,0.0862412,0.977502,0.0466879,0.0456376,FRENET,0.726595,0.345646,0.726595,0.255572,0.345646,0.281916,0
3.38284,7.83553,7.93916,0.0862412,0.977502,0.0466879,0.0456376,FRENET,0.726595,0.345646,0.726595,0.255572,0.345646,0.281916,0
3.38751,7.84559,7.94011,0.0867535,1.04411,0.0426486,0.0445297,FRENET,0.726595,0.345646,0.726595,0.255572,0.345646,0.281916,0
3.39091,7.84559,7.94011,0.0867535,1.04411,0.0426486,0.0445297,FRENET,0.726595,0.345646,0.726595,0.255572,0.345646,0.281916,0
3.39675,7.85631,7.9411,0.0869703,1.10754,-0.00534051,-0.00591484,FRENET,0.726595,0.345646,0.726595,0.255572,0.345646,0.281916,0
3.39921,7.85631,7.9411,0.0869703,1.10754,-0.00534051,-0.00591484,FRENET,0.726595,0.345646,0.726595,0.255572,0.345646,0.281916,0
3.40271,7.85631,7.9411,0.0869703,1.10754,-0.00534051,-0.00591484,FRENET,0.726595,0.345646,0.726595,0.255572,0.345646,0.281916,0
3.40737,7.86764,7.94207,0.0865674,1.16796,-0.0788622,-0.092108,FRENET,0.726595,0.345646,0.726595,0.255572,0.345646,0.281916,0
3.41094,7.86764,7.94207,0.0865674,1.16796,-0.0788622,-0.092108,FRENET,0.722307,0.345646,0.722307,0.17549,0.345646,0.284425,0
3.41685,7.87957,7.943,0.0855342,1.22551,-0.110454,-0.135362,FRENET,0.722307,0.345646,0.722307,0.17549,0.345646,0.284425,0
3.4195,7.87957,7.943,0.0855342,1.22551,-0.110454,-0.135362,FRENET,0.722307,0.345646,0.722307,0.17549,0.345646,0.284425,0
3.42291,7.87957,7.943,0.0855342,1.22551,-0.110454,-0.135362,FRENET,0.722307,0.345646,0.722307,0.17549,0.345646,0.284425,0
3.4278,7.89207,7.94392,0.0843409,1.28032,-0.139933,-0.179159,FRENET,0.722307,0.345646,0.722307,0.17549,0.345646,0.284425,0
3.43078,7.89207,7.94392,0.0843409,1.28032,-0.139933,-0.179159,FRENET,0.722307,0.345646,0.722307,0.17549,0.345646,0.284425,0
3.43686,7.9051,7.94481,0.0828088,1.33252,-0.151765,-0.202231,FRENET,0.722307,0.345646,0.722307,0.17549,0.345646,0.284425,0
3.43938,7.9051,7.94481,0.0828088,1.33252,-0.151765,-0.202231,FRENET,0.722307,0.345646,0.722307,0.17549,0.345646,0.284425,0
3.443,7.9051,7.94481,0.0828088,1.33252,-0.151765,-0.202231,FRENET,0.722307,0.345646,0.722307,0.17549,0.345646,0.284425,0
3.4477,7.91865,7.94571,0.081265,1.38225,-0.170177,-0.235227,FRENET,0.722307,0.345646,0.722307,0.17549,0.345646,0.284425,0
3.45104,7.91865,7.94571,0.081265,1.38225,-0.170177,-0.235227,FRENET,0.722307,0.345646,0.722307,0.17549,0.345646,0.284425,0
3.45891,7.93268,7.94659,0.079463,1.4296,-0.175834,-0.251373,FRENET,0.722307,0.345646,0.722307,0.17549,0.345646,0.284425,0
3.46422,7.93268,7.94659,0.079463,1.4296,-0.175834,-0.251373,FRENET,0.709925,0.345646,0.709925,0.146736,0.345646,0.285586,0
3.46922,7.94717,7.94748,0.0777033,1.47471,-0.189831,-0.279946,FRENET,0.709925,0.345646,0.709925,0.146736,0.345646,0.285586,0
3.47226,7.94717,7.94748,0.0777033,1.47471,-0.189831,-0.279946,FRENET,0.709925,0.345646,0.709925,0.146736,0.345646,0.285586,0
3.47738,7.96211,7.94835,0.075718,1.51767,-0.192799,-0.292605,FRENET,0.709925,0.345646,0.709925,0.146736,0.345646,0.285586,0
3.47989,7.96211,7.94835,0.075718,1.51767,-0.192799,-0.292605,FRENET,0.709925,0.345646,0.709925,0.146736,0.345646,0.285586,0
3.48288,7.96211,7.94835,0.075718,1.51767,-0.192799,-0.292605,FRENET,0.709925,0.345646,0.709925,0.146736,0.345646,0.285586,0
3.48776,7.97747,7.94923,0.0738018,1.55859,-0.204545,-0.318802,FRENET,0.709925,0.345646,0.709925,0.146736,0.345646,0.285586,0
3.49103,7.97747,7.94923,0.0738018,1.55859,-0.204545,-0.318802,FRENET,0.709925,0.345646,0.709925,0.146736,0.345646,0.285586,0
3.49673,7.99322,7.95008,0.0716755,1.59756,-0.206112,-0.329276,FRENET,0.709925,0.345646,0.709925,0.146736,0.345646,0.285586,0
3.49924,7.99322,7.95008,0.0716755,1.59756,-0.206112,-0.329276,FRENET,0.709925,0.345646,0.709925,0.146736,0.345646,0.285586,0
3.50292,7.99322,7.95008,0.0716755,1.59756,-0.206112,-0.329276,FRENET,0.709925,0.345646,0.709925,0.146736,0.345646,0.285586,0
3.50778,8.00936,7.95093,0.0696343,1.63468,-0.216528,-0.353954,FRENET,0.709925,0.345646,0.709925,0.146736,0.345646,0.285586,0
3.51116,8.00936,7.95093,0.0696343,1.63468,-0.216528,-0.353954,FRENET,0.726843,0.345646,0.726843,0.0772977,0.345646,0.291261,0
3.51595,8.02586,7.95176,0.0673914,1.67004,-0.217264,-0.362839,FRENET,0.726843,0.345646,0.726843,0.0772977,0.345646,0.291261,0
3.51888,8.02586,7.95176,0.0673914,1.67004,-0.217264,-0.362839,FRENET,0.726843,0.345646,0.726843,0.0772977,0.345646,0.291261,0
3.52322,8.02586,7.95176,0.0673914,1.67004,-0.217264,-0.362839,FRENET,0.726843,0.345646,0.726843,0.0772977,0.345646,0.291261,0
3.52718,8.04277,7.95258,0.0652498,1.7156,-0.225106,-0.386191,FRENET,0.726843,0.345646,0.726843,0.0772977,0.345646,0.291261,0
3.5309,8.04277,7.95258,0.0652498,1.7156,-0.225106,-0.386191,FRENET,0.726843,0.345646,0.726843,0.0772977,0.345646,0.291261,0
3.53607,8.06013,7.95338,0.062926,1.75899,-0.225705,-0.397012,FRENET,0.726843,0.345646,0.726843,0.0772977,0.345646,0.291261,0
3.53943,8.06013,7.95338,0.062926,1.75899,-0.225705,-0.397012,FRENET,0.726843,0.345646,0.726843,0.0772977,0.345646,0.291261,0
3.54386,8.06013,7.95338,0.062926,1.75899,-0.225705,-0.397012,FRENET,0.726843,0.345646,0.726843,0.0772977,0.345646,0.291261,0
3.54786,8.07791,7.95418,0.0606936,1.80032,-0.234848,-0.422802,FRENET,0.726843,0.345646,0.726843,0.0772977,0.345646,0.291261,0
3.55096,8.07791,7.95418,0.0606936,1.80032,-0.234848,-0.422802,FRENET,0.726843,0.345646,0.726843,0.0772977,0.345646,0.291261,0
3.55615,8.09609,7.95495,0.058268,1.83969,-0.235928,-0.434035,FRENET,0.726843,0.345646,0.726843,0.0772977,0.345646,0.291261,0
3.55918,8.09609,7.95495,0.058268,1.83969,-0.235928,-0.434035,FRENET,0.726843,0.345646,0.726843,0.0772977,0.345646,0.291261,0
3.56405,8.09609,7.95495,0.058268,1.83969,-0.235928,-0.434035,FRENET,0.719456,0.345646,0.719456,0.00491129,0.345646,0.298027,0
3.56792,8.11466,7.9557,0.0559351,1.87718,-0.244934,-0.459786,FRENET,0.719456,0.345646,0.719456,0.00491129,0.345646,0.298027,0
3.57096,8.11466,7.9557,0.0559351,1.87718,-0.244934,-0.459786,FRENET,0.719456,0.345646,0.719456,0.00491129,0.345646,0.298027,0
3.57629,8.1336,7.95642,0.0534082,1.91289,-0.245829,-0.470244,FRENET,0.719456,0.345646,0.719456,0.00491129,0.345646,0.298027,0
3.58116,8.1336,7.95642,0.0534082,1.91289,-0.245829,-0.470244,FRENET,0.719456,0.345646,0.719456,0.00491129,0.345646,0.298027,0
3.5873,8.15288,7.95712,0.0509795,1.94691,-0.254433,-0.495357,FRENET,0.719456,0.345646,0.719456,0.00491129,0.345646,0.298027,0
3.59129,8.15288,7.95712,0.0509795,1.94691,-0.254433,-0.495357,FRENET,0.719456,0.345646,0.719456,0.00491129,0.345646,0.298027,0
3.59697,8.1725,7.95777,0.048358,1.9793,-0.25502,-0.504762,FRENET,0.719456,0.345646,0.719456,0.00491129,0.345646,0.298027,0
3.59978,8.1725,7.95777,0.048358,1.9793,-0.25502,-0.504762,FRENET,0.719456,0.345646,0.719456,0.00491129,0.345646,0.298027,0
3.60335,8.1725,7.95777,0.048358,1.9793,-0.25502,-0.504762,FRENET,0.719456,0.345646,0.719456,0.00491129,0.345646,0.298027,0
3.60764,8.19244,7.9584,0.0458405,2.01016,-0.263207,-0.529086,FRENET,0.719456,0.345646,0.719456,0.00491129,0.345646,0.298027,0
3.61123,8.19244,7.9584,0.0458405,2.01016,-0.263207,-0.529086,FRENET,0.719456,0.345646,0.719456,0.00491129,0.345646,0.298027,0
3.61671,8.21268,7.95899,0.0431319,2.03954,-0.263485,-0.53739,FRENET,0.714474,0.356648,0.714474,0,0.356648,0.300896,0
3.62008,8.21268,7.95899,0.0431319,2.03954,-0.263485,-0.53739,FRENET,0.714474,0.356648,0.714474,0,0.356648,0.300896,0
3.62315,8.21268,7.95899,0.0431319,2.03954,-0.263485,-0.53739,FRENET,0.714474,0.356648,0.714474,0,0.356648,0.300896,0
3.62834,8.23312,7.95954,0.0405169,2.04927,-0.275301,-0.564165,FRENET,0.714474,0.356648,0.714474,0,0.356648,0.300896,0
3.63198,8.23312,7.95954,0.0405169,2.04927,-0.275301,-0.564165,FRENET,0.714474,0.356648,0.714474,0,0.356648,0.300896,0
3.63687,8.25365,7.96003,0.0376774,2.05852,-0.275757,-0.567652,FRENET,0.714474,0.356648,0.714474,0,0.356648,0.300896,0
3.64053,8.25365,7.96003,0.0376774,2.05852,-0.275757,-0.567652,FRENET,0.714474,0.356648,0.714474,0,0.356648,0.300896,0
3.64474,8.25365,7.96003,0.0376774,2.05852,-0.275757,-0.567652,FRENET,0.714474,0.356648,0.714474,0,0.356648,0.300896,0
3.64918,8.27427,7.96048,0.0349635,2.06734,-0.283301,-0.58568,FRENET,0.714474,0.356648,0.714474,0,0.356648,0.300896,0
3.65277,8.27427,7.96048,0.0349635,2.06734,-0.283301,-0.58568,FRENET,0.714474,0.356648,0.714474,0,0.356648,0.300896,0
3.6576,8.29498,7.96087,0.0320571,2.07574,-0.281319,-0.583946,FRENET,0.714474,0.356648,0.714474,0,0.356648,0.300896,0
3.66209,8.29498,7.96087,0.0320571,2.07574,-0.281319,-0.583946,FRENET,0.714474,0.356648,0.714474,0,0.356648,0.300896,0
3.66638,8.31578,7.96122,0.0292957,2.08374,-0.287424,-0.598917,FRENET,0.7138,0.356648,0.7138,0,0.356648,0.307246,0
3.669,8.31578,7.96122,0.0292957,2.08374,-0.287424,-0.598917,FRENET,0.7138,0.356648,0.7138,0,0.356648,0.307246,0
3.67184,8.31578,7.96122,0.0292957,2.08374,-0.287424,-0.598917,FRENET,0.7138,0.356648,0.7138,0,0.356648,0.307246,0
3.67616,8.33671,7.9615,0.026371,2.10325,-0.282178,-0.593492,FRENET,0.7138,0.356648,0.7138,0,0.356648,0.307246,0
3.68003,8.33671,7.9615,0.026371,2.10325,-0.282178,-0.593492,FRENET,0.7138,0.356648,0.7138,0,0.356648,0.307246,0
3.68298,8.33671,7.9615,0.026371,2.10325,-0.282178,-0.593492,FRENET,0.7138,0.356648,0.7138,0,0.356648,0.307246,0
3.68713,8.35784,7.96175,0.0236067,2.12183,-0.286579,-0.608072,FRENET,0.7138,0.356648,0.7138,0,0.356648,0.307246,0
3.69367,8.35784,7.96175,0.0236067,2.12183,-0.286579,-0.608072,FRENET,0.7138,0.356648,0.7138,0,0.356648,0.307246,0
3.69831,8.37914,7.96192,0.0206751,2.13952,-0.284003,-0.607632,FRENET,0.7138,0.356648,0.7138,0,0.356648,0.307246,0
3.70141,8.37914,7.96192,0.0206751,2.13952,-0.284003,-0.607632,FRENET,0.7138,0.356648,0.7138,0,0.356648,0.307246,0
3.70425,8.37914,7.96192,0.0206751,2.13952,-0.284003,-0.607632,FRENET,0.7138,0.356648,0.7138,0,0.356648,0.307246,0
3.70984,8.40062,7.96207,0.0181602,2.15638,-0.209282,-0.451291,FRENET,0.7138,0.356648,0.7138,0,0.356648,0.307246,0
3.7152,8.40062,7.96207,0.0181602,2.15638,-0.209282,-0.451291,FRENET,0.709359,0.356648,0.709359,0,0.356648,0.289772,0
3.72045,8.42226,7.96225,0.0163599,2.17243,-0.170391,-0.370162,FRENET,0.709359,0.356648,0.709359,0,0.356648,0.289772,0
3.72323,8.42226,7.96225,0.0163599,2.17243,-0.170391,-0.370162,FRENET,0.709359,0.356648,0.709359,0,0.356648,0.289772,0
3.72841,8.44407,7.9624,0.0147368,2.18772,-0.140493,-0.30736,FRENET,0.709359,0.356648,0.709359,0,0.356648,0.289772,0
3.73125,8.44407,7.9624,0.0147368,2.18772,-0.140493,-0.30736,FRENET,0.709359,0.356648,0.709359,0,0.356648,0.289772,0
3.73617,8.46601,7.96257,0.0134781,2.20229,-0.128606,-0.283228,FRENET,0.709359,0.356648,0.709359,0,0.356648,0.289772,0
3.73916,8.46601,7.96257,0.0134781,2.20229,-0.128606,-0.283228,FRENET,0.709359,0.356648,0.709359,0,0.356648,0.289772,0
3.74345,8.46601,7.96257,0.0134781,2.20229,-0.128606,-0.283228,FRENET,0.709359,0.356648,0.709359,0,0.356648,0.289772,0
3.74996,8.48811,7.96271,0.0121832,2.21616,-0.11513,-0.255147,FRENET,0.709359,0.356648,0.709359,0,0.356648,0.289772,0
3.75383,8.48811,7.96271,0.0121832,2.21616,-0.11513,-0.255147,FRENET,0.709359,0.356648,0.709359,0,0.356648,0.289772,0
3.75909,8.51033,7.96286,0.0111244,2.22937,-0.113243,-0.25246,FRENET,0.709359,0.356648,0.709359,0,0.356648,0.289772,0
3.76417,8.51033,7.96286,0.0111244,2.22937,-0.113243,-0.25246,FRENET,0.698786,0.356648,0.698786,0,0.356648,0.294203,0
3.76827,8.53269,7.96297,0.00994917,2.24195,-0.105935,-0.237501,FRENET,0.698786,0.356648,0.698786,0,0.356648,0.294203,0
3.77115,8.53269,7.96297,0.00994917,2.24195,-0.105935,-0.237501,FRENET,0.698786,0.356648,0.698786,0,0.356648,0.294203,0
3.77647,8.55517,7.96308,0.00896228,2.25393,-0.107831,-0.243043,FRENET,0.698786,0.356648,0.698786,0,0.356648,0.294203,0
3.78047,8.55517,7.96308,0.00896228,2.25393,-0.107831,-0.243043,FRENET,0.698786,0.356648,0.698786,0,0.356648,0.294203,0
3.78349,8.55517,7.96308,0.00896228,2.25393,-0.107831,-0.243043,FRENET,0.698786,0.356648,0.698786,0,0.356648,0.294203,0
3.78776,8.57777,7.96316,0.00782798,2.26535,-0.102894,-0.23309,FRENET,0.698786,0.356648,0.698786,0,0.356648,0.294203,0
3.79083,8.57777,7.96316,0.00782798,2.26535,-0.102894,-0.23309,FRENET,0.698786,0.356648,0.698786,0,0.356648,0.294203,0
3.79832,8.60047,7.96324,0.00686405,2.27622,-0.106242,-0.241831,FRENET,0.698786,0.356648,0.698786,0,0.356648,0.294203,0
3.801,8.60047,7.96324,0.00686405,2.27622,-0.106242,-0.241831,FRENET,0.698786,0.356648,0.698786,0,0.356648,0.294203,0
3.80453,8.60047,7.96324,0.00686405,2.27622,-0.106242,-0.241831,FRENET,0.698786,0.356648,0.698786,0,0.356648,0.294203,0
3.80884,8.62329,7.96328,0.00574025,2.28657,-0.102233,-0.233762,FRENET,0.698786,0.356648,0.698786,0,0.356648,0.294203,0
3.81305,8.62329,7.96328,0.00574025,2.28657,-0.102233,-0.233762,FRENET,0.693942,0.356648,0.693942,0,0.356648,0.307577,0
3.81729,8.6462,7.96331,0.00478026,2.29644,-0.106139,-0.243742,FRENET,0.693942,0.356648,0.693942,0,0.356648,0.307577,0
3.82016,8.6462,7.96331,0.00478026,2.29644,-0.106139,-0.243742,FRENET,0.693942,0.356648,0.693942,0,0.356648,0.307577,0
3.82307,8.6462,7.96331,0.00478026,2.29644,-0.106139,-0.243742,FRENET,0.693942,0.356648,0.693942,0,0.356648,0.307577,0
3.82832,8.66921,7.96331,0.00365518,2.30583,-0.102494,-0.236334,FRENET,0.693942,0.356648,0.693942,0,0.356648,0.307577,0
3.83182,8.66921,7.96331,0.00365518,2.30583,-0.102494,-0.236334,FRENET,0.693942,0.356648,0.693942,0,0.356648,0.307577,0
3.83614,8.69232,7.96329,0.00269178,2.31478,-0.106607,-0.246772,FRENET,0.693942,0.356648,0.693942,0,0.356648,0.307577,0
3.83894,8.69232,7.96329,0.00269178,2.31478,-0.106607,-0.246772,FRENET,0.693942,0.356648,0.693942,0,0.356648,0.307577,0
3.84349,8.69232,7.96329,0.00269178,2.31478,-0.106607,-0.246772,FRENET,0.693942,0.356648,0.693942,0,0.356648,0.307577,0
3.84851,8.71557,7.96325,0.00157082,2.33519,-0.102175,-0.238598,FRENET,0.693942,0.356648,0.693942,0,0.356648,0.307577,0
3.85146,8.71557,7.96325,0.00157082,2.33519,-0.102175,-0.238598,FRENET,0.693942,0.356648,0.693942,0,0.356648,0.307577,0
3.85607,8.73901,7.96319,0.000610623,2.35462,-0.105557,-0.248548,FRENET,0.693942,0.356648,0.693942,0,0.356648,0.307577,0
3.85927,8.73901,7.96319,0.000610623,2.35462,-0.105557,-0.248548,FRENET,0.693942,0.356648,0.693942,0,0.356648,0.307577,0
3.86325,8.73901,7.96319,0.000610623,2.35462,-0.105557,-0.248548,FRENET,0.708096,0.368627,0.708096,0,0.368627,0.304912,0
3.86747,8.76265,7.96309,-0.000506966,2.37314,-0.102309,-0.242793,FRENET,0.708096,0.368627,0.708096,0,0.368627,0.304912,0
3.87097,8.76265,7.96309,-0.000506966,2.37314,-0.102309,-0.242793,FRENET,0.708096,0.368627,0.708096,0,0.368627,0.304912,0
3.87627,8.78653,7.96299,-0.00146825,2.402,-0.104983,-0.25217,FRENET,0.708096,0.368627,0.708096,0,0.368627,0.304912,0
3.87948,8.78653,7.96299,-0.00146825,2.402,-0.104983,-0.25217,FRENET,0.708096,0.368627,0.708096,0,0.368627,0.304912,0
3.88301,8.78653,7.96299,-0.00146825,2.402,-0.104983,-0.25217,FRENET,0.708096,0.368627,0.708096,0,0.368627,0.304912,0
3.88863,8.81069,7.96284,-0.00257742,2.42949,-0.101921,-0.247617,FRENET,0.708096,0.368627,0.708096,0,0.368627,0.304912,0
3.89263,8.81069,7.96284,-0.00257742,2.42949,-0.101921,-0.247617,FRENET,0.708096,0.368627,0.708096,0,0.368627,0.304912,0
3.89748,8.83511,7.96269,-0.00354043,2.45568,-0.105797,-0.259804,FRENET,0.708096,0.368627,0.708096,0,0.368627,0.304912,0
3.90063,8.83511,7.96269,-0.00354043,2.45568,-0.105797,-0.259804,FRENET,0.708096,0.368627,0.708096,0,0.368627,0.304912,0
3.90406,8.83511,7.96269,-0.00354043,2.45568,-0.105797,-0.259804,FRENET,0.708096,0.368627,0.708096,0,0.368627,0.304912,0
3.90895,8.85979,7.96249,-0.00466253,2.48062,-0.10344,-0.256596,FRENET,0.708096,0.368627,0.708096,0,0.368627,0.304912,0
3.91295,8.85979,7.96249,-0.00466253,2.48062,-0.10344,-0.256596,FRENET,0.701041,0.368627,0.701041,0,0.368627,0.309364,0
3.91886,8.88472,7.96228,-0.00564182,2.50437,-0.107672,-0.26965,FRENET,0.701041,0.368627,0.701041,0,0.368627,0.309364,0
3.92214,8.88472,7.96228,-0.00564182,2.50437,-0.107672,-0.26965,FRENET,0.701041,0.368627,0.701041,0,0.368627,0.309364,0
3.92741,8.90987,7.96204,-0.0067846,2.527,-0.10551,-0.266622,FRENET,0.701041,0.368627,0.701041,0,0.368627,0.309364,0
3.93132,8.90987,7.96204,-0.0067846,2.527,-0.10551,-0.266622,FRENET,0.701041,0.368627,0.701041,0,0.368627,0.309364,0
3.93851,8.93525,7.96177,-0.00778412,2.54854,-0.109796,-0.27982,FRENET,0.701041,0.368627,0.701041,0,0.368627,0.309364,0
3.94159,8.93525,7.96177,-0.00778412,2.54854,-0.109796,-0.27982,FRENET,0.701041,0.368627,0.701041,0,0.368627,0.309364,0
3.94691,8.96089,7.96147,-0.00893793,2.58096,-0.106473,-0.274801,FRENET,0.701041,0.368627,0.701041,0,0.368627,0.309364,0
3.95122,8.96089,7.96147,-0.00893793,2.58096,-0.106473,-0.274801,FRENET,0.701041,0.368627,0.701041,0,0.368627,0.309364,0
3.95728,8.98686,7.96115,-0.00994526,2.61183,-0.109763,-0.286681,FRENET,0.701041,0.368627,0.701041,0,0.368627,0.309364,0
3.9619,8.98686,7.96115,-0.00994526,2.61183,-0.109763,-0.286681,FRENET,0.695675,0.368627,0.695675,0,0.368627,0.310242,0
3.96711,9.01312,7.96079,-0.011106,2.64123,-0.107571,-0.284118,FRENET,0.695675,0.368627,0.695675,0,0.368627,0.310242,0
3.971,9.01312,7.96079,-0.011106,2.64123,-0.107571,-0.284118,FRENET,0.695675,0.368627,0.695675,0,0.368627,0.310242,0
3.97685,9.03967,7.96041,-0.0121268,2.66923,-0.111504,-0.297629,FRENET,0.695675,0.368627,0.695675,0,0.368627,0.310242,0
3.97992,9.03967,7.96041,-0.0121268,2.66923,-0.111504,-0.297629,FRENET,0.695675,0.368627,0.695675,0,0.368627,0.310242,0
3.98324,9.03967,7.96041,-0.0121268,2.66923,-0.111504,-0.297629,FRENET,0.695675,0.368627,0.695675,0,0.368627,0.310242,0
3.98942,9.06649,7.95998,-0.0133079,2.6959,-0.109685,-0.2957,FRENET,0.695675,0.368627,0.695675,0,0.368627,0.310242,0
3.99352,9.06649,7.95998,-0.0133079,2.6959,-0.109685,-0.2957,FRENET,0.695675,0.368627,0.695675,0,0.368627,0.310242,0
3.99797,9.09357,7.95954,-0.0143499,2.72131,-0.113794,-0.309668,FRENET,0.695675,0.368627,0.695675,0,0.368627,0.310242,0
4.00112,9.09357,7.95954,-0.0143499,2.72131,-0.113794,-0.309668,FRENET,0.695675,0.368627,0.695675,0,0.368627,0.310242,0
4.00512,9.09357,7.95954,-0.0143499,2.72131,-0.113794,-0.309668,FRENET,0.695675,0.368627,0.695675,0,0.368627,0.310242,0
4.01087,9.1209,7.95905,-0.0155553,2.74551,-0.112058,-0.307655,FRENET,0.695675,0.368627,0.695675,0,0.368627,0.310242,0
4.01402,9.1209,7.95905,-0.0155553,2.74551,-0.112058,-0.307655,FRENET,0.704582,0.368627,0.704582,0,0.368627,0.320578,0
4.01831,9.14847,7.95854,-0.0166202,2.76855,-0.116167,-0.321613,FRENET,0.704582,0.368627,0.704582,0,0.368627,0.320578,0
4.02149,9.14847,7.95854,-0.0166202,2.76855,-0.116167,-0.321613,FRENET,0.704582,0.368627,0.704582,0,0.368627,0.320578,0
4.02501,9.14847,7.95854,-0.0166202,2.76855,-0.116167,-0.321613,FRENET,0.704582,0.368627,0.704582,0,0.368627,0.320578,0
4.02905,9.17626,7.95798,-0.0178501,2.7905,-0.114405,-0.319246,FRENET,0.704582,0.368627,0.704582,0,0.368627,0.320578,0
4.03304,9.17626,7.95798,-0.0178501,2.7905,-0.114405,-0.319246,FRENET,0.704582,0.368627,0.704582,0,0.368627,0.320578,0
4.03729,9.20426,7.9574,-0.0189373,2.81141,-0.118452,-0.333016,FRENET,0.704582,0.368627,0.704582,0,0.368627,0.320578,0
4.04124,9.20426,7.9574,-0.0189373,2.81141,-0.118452,-0.333016,FRENET,0.704582,0.368627,0.704582,0,0.368627,0.320578,0
4.0442,9.20426,7.9574,-0.0189373,2.81141,-0.118452,-0.333016,FRENET,0.704582,0.368627,0.704582,0,0.368627,0.320578,0
4.04828,9.23247,7.95678,-0.0201905,2.83132,-0.116627,-0.330208,FRENET,0.704582,0.368627,0.704582,0,0.368627,0.320578,0
4.05285,9.23247,7.95678,-0.0201905,2.83132,-0.116627,-0.330208,FRENET,0.704582,0.368627,0.704582,0,0.368627,0.320578,0
4.05761,9.26087,7.95613,-0.0212988,2.85028,-0.120594,-0.343728,FRENET,0.704582,0.368627,0.704582,0,0.368627,0.320578,0
4.06064,9.26087,7.95613,-0.0212988,2.85028,-0.120594,-0.343728,FRENET,0.704582,0.368627,0.704582,0,0.368627,0.320578,0
4.06399,9.26087,7.95613,-0.0212988,2.85028,-0.120594,-0.343728,FRENET,0.710352,0.368627,0.710352,0,0.368627,0.320371,0
4.06804,9.28945,7.95544,-0.0225738,2.86835,-0.118698,-0.340467,FRENET,0.710352,0.368627,0.710352,0,0.368627,0.320371,0
4.07092,9.28945,7.95544,-0.0225738,2.86835,-0.118698,-0.340467,FRENET,0.710352,0.368627,0.710352,0,0.368627,0.320371,0
4.07626,9.31821,7.95472,-0.0237017,2.88555,-0.122584,-0.353723,FRENET,0.710352,0.368627,0.710352,0,0.368627,0.320371,0
4.07913,9.31821,7.95472,-0.0237017,2.88555,-0.122584,-0.353723,FRENET,0.710352,0.368627,0.710352,0,0.368627,0.320371,0
4.08305,9.31821,7.95472,-0.0237017,2.88555,-0.122584,-0.353723,FRENET,0.710352,0.368627,0.710352,0,0.368627,0.320371,0
4.08874,9.34714,7.95395,-0.0249968,2.90194,-0.120616,-0.350021,FRENET,0.710352,0.368627,0.710352,0,0.368627,0.320371,0
4.09242,9.34714,7.95395,-0.0249968,2.90194,-0.120616,-0.350021,FRENET,0.710352,0.368627,0.710352,0,0.368627,0.320371,0
4.09662,9.37623,7.95316,-0.026143,2.91755,-0.124425,-0.363017,FRENET,0.710352,0.368627,0.710352,0,0.368627,0.320371,0
4.09994,9.37623,7.95316,-0.026143,2.91755,-0.124425,-0.363017,FRENET,0.710352,0.368627,0.710352,0,0.368627,0.320371,0
4.10307,9.37623,7.95316,-0.026143,2.91755,-0.124425,-0.363017,FRENET,0.710352,0.368627,0.710352,0,0.368627,0.320371,0
4.10848,9.40547,7.95232,-0.0274567,2.93241,-0.12239,-0.358899,FRENET,0.710352,0.368627,0.710352,0,0.368627,0.320371,0
4.11272,9.40547,7.95232,-0.0274567,2.93241,-0.12239,-0.358899,FRENET,0.700297,0.368627,0.700297,0,0.368627,0.31153,0
4.11726,9.43491,7.95145,-0.0286129,2.95846,-0.124023,-0.366917,FRENET,0.700297,0.368627,0.700297,0,0.368627,0.31153,0
4.12058,9.43491,7.95145,-0.0286129,2.95846,-0.124023,-0.366917,FRENET,0.700297,0.368627,0.700297,0,0.368627,0.31153,0
4.12458,9.43491,7.95145,-0.0286129,2.95846,-0.124023,-0.366917,FRENET,0.700297,0.368627,0.700297,0,0.368627,0.31153,0
4.12965,9.4646,7.95053,-0.0299138,2.98327,-0.121097,-0.361265,FRENET,0.700297,0.368627,0.700297,0,0.368627,0.31153,0
4.13271,9.4646,7.95053,-0.0299138,2.98327,-0.121097,-0.361265,FRENET,0.700297,0.368627,0.700297,0,0.368627,0.31153,0
4.13689,9.49454,7.94958,-0.0310633,3.00689,-0.124052,-0.373011,FRENET,0.700297,0.368627,0.700297,0,0.368627,0.31153,0
4.14011,9.49454,7.94958,-0.0310633,3.00689,-0.124052,-0.373011,FRENET,0.700297,0.368627,0.700297,0,0.368627,0.31153,0
4.14409,9.49454,7.94958,-0.0310633,3.00689,-0.124052,-0.373011,FRENET,0.700297,0.368627,0.700297,0,0.368627,0.31153,0
4.14821,9.5247,7.94857,-0.03237,3.0294,-0.121981,-0.369529,FRENET,0.700297,0.368627,0.700297,0,0.368627,0.31153,0
4.15121,9.5247,7.94857,-0.03237,3.0294,-0.121981,-0.369529,FRENET,0.700297,0.368627,0.700297,0,0.368627,0.31153,0
4.15594,9.55509,7.94753,-0.0335303,3.05083,-0.125468,-0.382783,FRENET,0.700297,0.368627,0.700297,0,0.368627,0.31153,0
4.15925,9.55509,7.94753,-0.0335303,3.05083,-0.125468,-0.382783,FRENET,0.700297,0.368627,0.700297,0,0.368627,0.31153,0
4.1636,9.55509,7.94753,-0.0335303,3.05083,-0.125468,-0.382783,FRENET,0.728883,0.497669,0.728883,0,0.497669,0.326921,0
4.16896,9.58568,7.94644,-0.0348537,3.07125,-0.123722,-0.37998,FRENET,0.728883,0.497669,0.728883,0,0.497669,0.326921,0
4.17268,9.58568,7.94644,-0.0348537,3.07125,-0.123722,-0.37998,FRENET,0.728883,0.497669,0.728883,0,0.497669,0.326921,0
4.17918,9.61646,7.94532,-0.0360319,3.09035,-0.127454,-0.393876,FRENET,0.728883,0.497669,0.728883,0,0.497669,0.326921,0
4.18202,9.61646,7.94532,-0.0360319,3.09035,-0.127454,-0.393876,FRENET,0.728883,0.497669,0.728883,0,0.497669,0.326921,0
4.18608,9.64744,7.94414,-0.0373767,3.10854,-0.125824,-0.391128,FRENET,0.728883,0.497669,0.728883,0,0.497669,0.326921,0
4.18917,9.64744,7.94414,-0.0373767,3.10854,-0.125824,-0.391128,FRENET,0.728883,0.497669,0.728883,0,0.497669,0.326921,0
4.19234,9.64744,7.94414,-0.0373767,3.10854,-0.125824,-0.391128,FRENET,0.728883,0.497669,0.728883,0,0.497669,0.326921,0
4.1963,9.67858,7.94295,-0.0382889,3.12586,-0.0454479,-0.142064,FRENET,0.728883,0.497669,0.728883,0,0.497669,0.326921,0
4.19975,9.67858,7.94295,-0.0382889,3.12586,-0.0454479,-0.142064,FRENET,0.728883,0.497669,0.728883,0,0.497669,0.326921,0
4.20307,9.67858,7.94295,-0.0382889,3.12586,-0.0454479,-0.142064,FRENET,0.728883,0.497669,0.728883,0,0.497669,0.326921,0
4.20796,9.7099,7.9418,-0.0383863,3.14237,0.00699753,0.0219888,FRENET,0.728883,0.497669,0.728883,0,0.497669,0.326921,0
4.21105,9.7099,7.9418,-0.0383863,3.14237,0.00699753,0.0219888,FRENET,0.728883,0.497669,0.728883,0,0.497669,0.326921,0
4.21626,9.74139,7.94066,-0.0381753,3.15808,0.0487314,0.153898,FRENET,0.73131,0.497669,0.73131,0,0.497669,0.328893,0
4.21894,9.74139,7.94066,-0.0381753,3.15808,0.0487314,0.153898,FRENET,0.73131,0.497669,0.73131,0,0.497669,0.328893,0
4.22304,9.74139,7.94066,-0.0381753,3.15808,0.0487314,0.153898,FRENET,0.73131,0.497669,0.73131,0,0.497669,0.328893,0
4.22776,9.77302,7.93956,-0.0374757,3.17305,0.0736793,0.233788,FRENET,0.73131,0.497669,0.73131,0,0.497669,0.328893,0
4.23091,9.77302,7.93956,-0.0374757,3.17305,0.0736793,0.233788,FRENET,0.73131,0.497669,0.73131,0,0.497669,0.328893,0
4.23602,9.80481,7.93846,-0.0367017,3.18731,0.095871,0.305571,FRENET,0.73131,0.497669,0.73131,0,0.497669,0.328893,0
4.23892,9.80481,7.93846,-0.0367017,3.18731,0.095871,0.305571,FRENET,0.73131,0.497669,0.73131,0,0.497669,0.328893,0
4.24308,9.80481,7.93846,-0.0367017,3.18731,0.095871,0.305571,FRENET,0.73131,0.497669,0.73131,0,0.497669,0.328893,0
4.2473,9.83673,7.9374,-0.0356035,3.20089,0.106958,0.342362,FRENET,0.73131,0.497669,0.73131,0,0.497669,0.328893,0
4.25116,9.83673,7.9374,-0.0356035,3.20089,0.106958,0.342362,FRENET,0.73131,0.497669,0.73131,0,0.497669,0.328893,0
4.25625,9.86884,7.93634,-0.0345545,3.22572,0.117492,0.378996,FRENET,0.73131,0.497669,0.73131,0,0.497669,0.328893,0
4.25948,9.86884,7.93634,-0.0345545,3.22572,0.117492,0.378996,FRENET,0.73131,0.497669,0.73131,0,0.497669,0.328893,0
4.26288,9.86884,7.93634,-0.0345545,3.22572,0.117492,0.378996,FRENET,0.730441,0.497669,0.730441,0,0.497669,0.316478,0
4.26703,9.9012,7.93532,-0.0332851,3.24936,0.120827,0.392609,FRENET,0.730441,0.497669,0.730441,0,0.497669,0.316478,0
4.27092,9.9012,7.93532,-0.0332851,3.24936,0.120827,0.392609,FRENET,0.730441,0.497669,0.730441,0,0.497669,0.316478,0
4.2766,9.93379,7.93431,-0.0321184,3.27188,0.127543,0.417304,FRENET,0.730441,0.497669,0.730441,0,0.497669,0.316478,0
4.28009,9.93379,7.93431,-0.0321184,3.27188,0.127543,0.417304,FRENET,0.730441,0.497669,0.730441,0,0.497669,0.316478,0
4.28304,9.93379,7.93431,-0.0321184,3.27188,0.127543,0.417304,FRENET,0.730441,0.497669,0.730441,0,0.497669,0.316478,0
4.28751,9.96661,7.93334,-0.0307618,3.29332,0.128212,0.422243,FRENET,0.730441,0.497669,0.730441,0,0.497669,0.316478,0
4.29104,9.96661,7.93334,-0.0307618,3.29332,0.128212,0.422243,FRENET,0.730441,0.497669,0.730441,0,0.497669,0.316478,0
4.29756,9.99963,7.93239,-0.029532,3.31375,0.133076,0.44098,FRENET,0.730441,0.497669,0.730441,0,0.497669,0.316478,0
4.30033,9.99963,7.93239,-0.029532,3.31375,0.133076,0.44098,FRENET,0.730441,0.497669,0.730441,0,0.497669,0.316478,0
4.3033,9.99963,7.93239,-0.029532,3.31375,0.133076,0.44098,FRENET,0.730441,0.497669,0.730441,0,0.497669,0.316478,0
4.30794,10.0329,7.93147,-0.0281261,3.33321,0.13246,0.441517,FRENET,0.730441,0.497669,0.730441,0,0.497669,0.316478,0
4.31246,10.0329,7.93147,-0.0281261,3.33321,0.13246,0.441517,FRENET,0.725021,0.497669,0.725021,0,0.497669,0.312941,0
4.31635,10.0663,7.93058,-0.0268592,3.35174,0.13644,0.45731,FRENET,0.725021,0.497669,0.725021,0,0.497669,0.312941,0
4.31929,10.0663,7.93058,-0.0268592,3.35174,0.13644,0.45731,FRENET,0.725021,0.497669,0.725021,0,0.497669,0.312941,0
4.32309,10.0663,7.93058,-0.0268592,3.35174,0.13644,0.45731,FRENET,0.725021,0.497669,0.725021,0,0.497669,0.312941,0
4.32892,10.0999,7.92973,-0.0254222,3.36939,0.135214,0.455589,FRENET,0.725021,0.497669,0.725021,0,0.497669,0.312941,0
4.33176,10.0999,7.92973,-0.0254222,3.36939,0.135214,0.455589,FRENET,0.725021,0.497669,0.725021,0,0.497669,0.312941,0
4.33577,10.1336,7.92891,-0.0241306,3.3862,0.138778,0.469929,FRENET,0.725021,0.497669,0.725021,0,0.497669,0.312941,0
4.33885,10.1336,7.92891,-0.0241306,3.3862,0.138778,0.469929,FRENET,0.725021,0.497669,0.725021,0,0.497669,0.312941,0
4.34334,10.1336,7.92891,-0.0241306,3.3862,0.138778,0.469929,FRENET,0.725021,0.497669,0.725021,0,0.497669,0.312941,0
4.34838,10.1676,7.92813,-0.0226712,3.40221,0.137266,0.467006,FRENET,0.725021,0.497669,0.725021,0,0.497669,0.312941,0
4.35125,10.1676,7.92813,-0.0226712,3.40221,0.137266,0.467006,FRENET,0.725021,0.497669,0.725021,0,0.497669,0.312941,0
4.35607,10.2016,7.92738,-0.0213607,3.41746,0.140633,0.480609,FRENET,0.725021,0.497669,0.725021,0,0.497669,0.312941,0
4.35928,10.2016,7.92738,-0.0213607,3.41746,0.140633,0.480609,FRENET,0.725021,0.497669,0.725021,0,0.497669,0.312941,0
4.36508,10.2016,7.92738,-0.0213607,3.41746,0.140633,0.480609,FRENET,0.719791,0.497669,0.719791,0,0.497669,0.310066,0
4.37122,10.2359,7.92668,-0.019883,3.43198,0.138983,0.476989,FRENET,0.719791,0.497669,0.719791,0,0.497669,0.310066,0
4.37717,10.2703,7.92601,-0.0185563,3.44582,0.142255,0.490185,FRENET,0.719791,0.497669,0.719791,0,0.497669,0.310066,0
4.38095,10.2703,7.92601,-0.0185563,3.44582,0.142255,0.490185,FRENET,0.719791,0.497669,0.719791,0,0.497669,0.310066,0
4.38449,10.2703,7.92601,-0.0185563,3.44582,0.142255,0.490185,FRENET,0.719791,0.497669,0.719791,0,0.497669,0.310066,0
4.38851,10.3048,7.92539,-0.0170623,3.45899,0.140532,0.4861,FRENET,0.719791,0.497669,0.719791,0,0.497669,0.310066,0
4.39159,10.3048,7.92539,-0.0170623,3.45899,0.140532,0.4861,FRENET,0.719791,0.497669,0.719791,0,0.497669,0.310066,0
4.39722,10.3394,7.92481,-0.0157209,3.47154,0.14375,0.499033,FRENET,0.719791,0.497669,0.719791,0,0.497669,0.310066,0
4.39993,10.3394,7.92481,-0.0157209,3.47154,0.14375,0.499033,FRENET,0.719791,0.497669,0.719791,0,0.497669,0.310066,0
4.40304,10.3394,7.92481,-0.0157209,3.47154,0.14375,0.499033,FRENET,0.719791,0.497669,0.719791,0,0.497669,0.310066,0
4.40739,10.3742,7.92427,-0.0142117,3.4835,0.14198,0.494587,FRENET,0.719791,0.497669,0.719791,0,0.497669,0.310066,0
4.41189,10.3742,7.92427,-0.0142117,3.4835,0.14198,0.494587,FRENET,0.719791,0.497669,0.719791,0,0.497669,0.310066,0
4.41654,10.4091,7.92377,-0.0128565,3.49488,0.145158,0.507311,FRENET,0.720309,0.497669,0.720309,0,0.497669,0.308688,0
4.41961,10.4091,7.92377,-0.0128565,3.49488,0.145158,0.507311,FRENET,0.720309,0.497669,0.720309,0,0.497669,0.308688,0
4.42302,10.4091,7.92377,-0.0128565,3.49488,0.145158,0.507311,FRENET,0.720309,0.497669,0.720309,0,0.497669,0.308688,0
4.42787,10.4442,7.92333,-0.0113513,3.51761,0.140758,0.495132,FRENET,0.720309,0.497669,0.720309,0,0.497669,0.308688,0
4.43114,10.4442,7.92333,-0.0113513,3.51761,0.140758,0.495132,FRENET,0.720309,0.497669,0.720309,0,0.497669,0.308688,0
4.43607,10.4794,7.92291,-0.0100149,3.53926,0.141955,0.502417,FRENET,0.720309,0.497669,0.720309,0,0.497669,0.308688,0
4.43906,10.4794,7.92291,-0.0100149,3.53926,0.141955,0.502417,FRENET,0.720309,0.497669,0.720309,0,0.497669,0.308688,0
4.44314,10.4794,7.92291,-0.0100149,3.53926,0.141955,0.502417,FRENET,0.720309,0.497669,0.720309,0,0.497669,0.308688,0
4.44828,10.5149,7.92256,-0.00853195,3.55988,0.139261,0.495752,FRENET,0.720309,0.497669,0.720309,0,0.497669,0.308688,0
4.45121,10.5149,7.92256,-0.00853195,3.55988,0.139261,0.495752,FRENET,0.720309,0.497669,0.720309,0,0.497669,0.308688,0
4.4561,10.5506,7.92224,-0.00720495,3.57952,0.141666,0.507097,FRENET,0.720309,0.497669,0.720309,0,0.497669,0.308688,0
4.45892,10.5506,7.92224,-0.00720495,3.57952,0.141666,0.507097,FRENET,0.720309,0.497669,0.720309,0,0.497669,0.308688,0
4.46321,10.5506,7.92224,-0.00720495,3.57952,0.141666,0.507097,FRENET,0.710549,0.490955,0.710549,0,0.490955,0.31264,0
4.46746,10.5865,7.92197,-0.00571974,3.59823,0.139805,0.503051,FRENET,0.710549,0.490955,0.710549,0,0.490955,0.31264,0
4.47099,10.5865,7.92197,-0.00571974,3.59823,0.139805,0.503051,FRENET,0.710549,0.490955,0.710549,0,0.490955,0.31264,0
4.47599,10.6226,7.92174,-0.0043797,3.61068,0.144157,0.520504,FRENET,0.710549,0.490955,0.710549,0,0.490955,0.31264,0
4.47881,10.6226,7.92174,-0.0043797,3.61068,0.144157,0.520504,FRENET,0.710549,0.490955,0.710549,0,0.490955,0.31264,0
4.48299,10.6226,7.92174,-0.0043797,3.61068,0.144157,0.520504,FRENET,0.710549,0.490955,0.710549,0,0.490955,0.31264,0
4.48722,10.6587,7.92157,-0.00286101,3.62254,0.143417,0.519535,FRENET,0.710549,0.490955,0.710549,0,0.490955,0.31264,0
4.49119,10.6587,7.92157,-0.00286101,3.62254,0.143417,0.519535,FRENET,0.710549,0.490955,0.710549,0,0.490955,0.31264,0
4.49584,10.695,7.92144,-0.0014882,3.63383,0.147211,0.534941,FRENET,0.710549,0.490955,0.710549,0,0.490955,0.31264,0
4.4988,10.695,7.92144,-0.0014882,3.63383,0.147211,0.534941,FRENET,0.710549,0.490955,0.710549,0,0.490955,0.31264,0
4.50306,10.695,7.92144,-0.0014882,3.63383,0.147211,0.534941,FRENET,0.710549,0.490955,0.710549,0,0.490955,0.31264,0
4.50793,10.7314,7.92137,5.91647e-05,3.64459,0.146037,0.532246,FRENET,0.710549,0.490955,0.710549,0,0.490955,0.31264,0
4.51103,10.7314,7.92137,5.91647e-05,3.64459,0.146037,0.532246,FRENET,0.717094,0.490955,0.717094,0,0.490955,0.314859,0
4.51624,10.7679,7.92134,0.00145603,3.65483,0.149496,0.546381,FRENET,0.717094,0.490955,0.717094,0,0.490955,0.314859,0
4.51897,10.7679,7.92134,0.00145603,3.65483,0.149496,0.546381,FRENET,0.717094,0.490955,0.717094,0,0.490955,0.314859,0
4.52299,10.7679,7.92134,0.00145603,3.65483,0.149496,0.546381,FRENET,0.717094,0.490955,0.717094,0,0.490955,0.314859,0
4.52708,10.8045,7.92137,0.00302522,3.66459,0.148056,0.542564,FRENET,0.717094,0.490955,0.717094,0,0.490955,0.314859,0
4.53099,10.8045,7.92137,0.00302522,3.66459,0.148056,0.542564,FRENET,0.717094,0.490955,0.717094,0,0.490955,0.314859,0
4.53653,10.8412,7.92144,0.00444082,3.67388,0.151306,0.555882,FRENET,0.717094,0.490955,0.717094,0,0.490955,0.314859,0
4.53914,10.8412,7.92144,0.00444082,3.67388,0.151306,0.555882,FRENET,0.717094,0.490955,0.717094,0,0.490955,0.314859,0
4.54304,10.8412,7.92144,0.00444082,3.67388,0.151306,0.555882,FRENET,0.717094,0.490955,0.717094,0,0.490955,0.314859,0
4.54681,10.878,7.92157,0.00602757,3.68273,0.149698,0.551298,FRENET,0.717094,0.490955,0.717094,0,0.490955,0.314859,0
4.55101,10.878,7.92157,0.00602757,3.68273,0.149698,0.551298,FRENET,0.717094,0.490955,0.717094,0,0.490955,0.314859,0
4.55599,10.9148,7.92174,0.00745858,3.69116,0.152814,0.564063,FRENET,0.717094,0.490955,0.717094,0,0.490955,0.314859,0
4.55885,10.9148,7.92174,0.00745858,3.69116,0.152814,0.564063,FRENET,0.717094,0.490955,0.717094,0,0.490955,0.314859,0
4.56315,10.9148,7.92174,0.00745858,3.69116,0.152814,0.564063,FRENET,0.701622,0.490955,0.701622,0,0.490955,0.31591,0
4.56732,10.9518,7.92198,0.00906012,3.69919,0.151094,0.558925,FRENET,0.701622,0.490955,0.701622,0,0.490955,0.31591,0
4.57103,10.9518,7.92198,0.00906012,3.69919,0.151094,0.558925,FRENET,0.701622,0.490955,0.701622,0,0.490955,0.31591,0
4.576,10.9888,7.92226,0.0105043,3.70684,0.154118,0.571291,FRENET,0.701622,0.490955,0.701622,0,0.490955,0.31591,0
4.57889,10.9888,7.92226,0.0105043,3.70684,0.154118,0.571291,FRENET,0.701622,0.490955,0.701622,0,0.490955,0.31591,0
4.58299,10.9888,7.92226,0.0105043,3.70684,0.154118,0.571291,FRENET,0.701622,0.490955,0.701622,0,0.490955,0.31591,0
4.58713,11.0259,7.92261,0.0121187,3.71413,0.152317,0.565726,FRENET,0.701622,0.490955,0.701622,0,0.490955,0.31591,0
4.59117,11.0259,7.92261,0.0121187,3.71413,0.152317,0.565726,FRENET,0.701622,0.490955,0.701622,0,0.490955,0.31591,0
4.59589,11.0631,7.923,0.0135746,3.72107,0.155274,0.577786,FRENET,0.701622,0.490955,0.701622,0,0.490955,0.31591,0
4.59875,11.0631,7.923,0.0135746,3.72107,0.155274,0.577786,FRENET,0.701622,0.490955,0.701622,0,0.490955,0.31591,0
4.60306,11.0631,7.923,0.0135746,3.72107,0.155274,0.577786,FRENET,0.701622,0.490955,0.701622,0,0.490955,0.31591,0
4.60747,11.1003,7.92346,0.0152005,3.72767,0.153413,0.571872,FRENET,0.701622,0.490955,0.701622,0,0.490955,0.31591,0
4.61101,11.1003,7.92346,0.0152005,3.72767,0.153413,0.571872,FRENET,0.71954,0.490955,0.71954,0,0.490955,0.310288,0
4.61622,11.1376,7.92396,0.0166667,3.73397,0.156317,0.583682,FRENET,0.71954,0.490955,0.71954,0,0.490955,0.310288,0
4.61898,11.1376,7.92396,0.0166667,3.73397,0.156317,0.583682,FRENET,0.71954,0.490955,0.71954,0,0.490955,0.310288,0
4.62311,11.1376,7.92396,0.0166667,3.73397,0.156317,0.583682,FRENET,0.71954,0.490955,0.71954,0,0.490955,0.310288,0
4.62825,11.175,7.92453,0.0183031,3.73996,0.154405,0.577471,FRENET,0.71954,0.490955,0.71954,0,0.490955,0.310288,0
4.63136,11.175,7.92453,0.0183031,3.73996,0.154405,0.577471,FRENET,0.71954,0.490955,0.71954,0,0.490955,0.310288,0
4.63649,11.2124,7.92514,0.0197788,3.74567,0.157266,0.589066,FRENET,0.71954,0.490955,0.71954,0,0.490955,0.310288,0
4.63923,11.2124,7.92514,0.0197788,3.74567,0.157266,0.589066,FRENET,0.71954,0.490955,0.71954,0,0.490955,0.310288,0
4.643,11.2124,7.92514,0.0197788,3.74567,0.157266,0.589066,FRENET,0.71954,0.490955,0.71954,0,0.490955,0.310288,0
4.64685,11.2499,7.92583,0.0214246,3.75111,0.155312,0.582592,FRENET,0.71954,0.490955,0.71954,0,0.490955,0.310288,0
4.65104,11.2499,7.92583,0.0214246,3.75111,0.155312,0.582592,FRENET,0.71954,0.490955,0.71954,0,0.490955,0.310288,0
4.65786,11.2874,7.92653,0.0226019,3.75629,0.0677272,0.254403,FRENET,0.71954,0.490955,0.71954,0,0.490955,0.310288,0
4.66107,11.2874,7.92653,0.0226019,3.75629,0.0677272,0.254403,FRENET,0.71954,0.490955,0.71954,0,0.490955,0.310288,0
4.66361,11.2874,7.92653,0.0226019,3.75629,0.0677272,0.254403,FRENET,0.722133,0.490955,0.722133,0,0.490955,0.317309,0
4.66862,11.325,7.9272,0.0228746,3.76122,0.00658106,0.0247529,FRENET,0.722133,0.490955,0.722133,0,0.490955,0.317309,0
4.67106,11.325,7.9272,0.0228746,3.76122,0.00658106,0.0247529,FRENET,0.722133,0.490955,0.722133,0,0.490955,0.317309,0
4.67791,11.3626,7.92788,0.0227637,3.76592,-0.043017,-0.161999,FRENET,0.722133,0.490955,0.722133,0,0.490955,0.317309,0
4.68136,11.3626,7.92788,0.0227637,3.76592,-0.043017,-0.161999,FRENET,0.722133,0.490955,0.722133,0,0.490955,0.317309,0
4.68698,11.4003,7.92853,0.0220789,3.7704,-0.075509,-0.284699,FRENET,0.722133,0.490955,0.722133,0,0.490955,0.317309,0
4.6913,11.4003,7.92853,0.0220789,3.7704,-0.075509,-0.284699,FRENET,0.722133,0.490955,0.722133,0,0.490955,0.317309,0
4.69628,11.4381,7.92917,0.021261,3.784,-0.1027,-0.388615,FRENET,0.722133,0.490955,0.722133,0,0.490955,0.317309,0
4.69882,11.4381,7.92917,0.021261,3.784,-0.1027,-0.388615,FRENET,0.722133,0.490955,0.722133,0,0.490955,0.317309,0
4.70317,11.4381,7.92917,0.021261,3.784,-0.1027,-0.388615,FRENET,0.722133,0.490955,0.722133,0,0.490955,0.317309,0
4.70723,11.476,7.92979,0.0200696,3.79695,-0.118583,-0.450254,FRENET,0.722133,0.490955,0.722133,0,0.490955,0.317309,0
4.71136,11.476,7.92979,0.0200696,3.79695,-0.118583,-0.450254,FRENET,0.722133,0.490955,0.722133,0,0.490955,0.317309,0
4.71597,11.514,7.93041,0.0188822,3.80493,-0.134518,-0.511833,FRENET,0.722479,0.355206,0.722479,0,0.355206,0.311917,0
4.71904,11.514,7.93041,0.0188822,3.80493,-0.134518,-0.511833,FRENET,0.722479,0.355206,0.722479,0,0.355206,0.311917,0
4.72295,11.514,7.93041,0.0188822,3.80493,-0.134518,-0.511833,FRENET,0.722479,0.355206,0.722479,0,0.355206,0.311917,0
4.72877,11.5521,7.93098,0.0174149,3.81252,-0.141971,-0.541265,FRENET,0.722479,0.355206,0.722479,0,0.355206,0.311917,0
4.73157,11.5521,7.93098,0.0174149,3.81252,-0.141971,-0.541265,FRENET,0.722479,0.355206,0.722479,0,0.355206,0.311917,0
4.73592,11.5902,7.93154,0.0160289,3.81975,-0.151259,-0.577772,FRENET,0.722479,0.355206,0.722479,0,0.355206,0.311917,0
4.73894,11.5902,7.93154,0.0160289,3.81975,-0.151259,-0.577772,FRENET,0.722479,0.355206,0.722479,0,0.355206,0.311917,0
4.74408,11.5902,7.93154,0.0160289,3.81975,-0.151259,-0.577772,FRENET,0.722479,0.355206,0.722479,0,0.355206,0.311917,0
4.74803,11.6285,7.93206,0.0144196,3.82664,-0.153826,-0.588634,FRENET,0.722479,0.355206,0.722479,0,0.355206,0.311917,0
4.75088,11.6285,7.93206,0.0144196,3.82664,-0.153826,-0.588634,FRENET,0.722479,0.355206,0.722479,0,0.355206,0.311917,0
4.75601,11.6668,7.93255,0.012934,3.8332,-0.159552,-0.611594,FRENET,0.722479,0.355206,0.722479,0,0.355206,0.311917,0
4.75947,11.6668,7.93255,0.012934,3.8332,-0.159552,-0.611594,FRENET,0.722479,0.355206,0.722479,0,0.355206,0.311917,0
4.76283,11.6668,7.93255,0.012934,3.8332,-0.159552,-0.611594,FRENET,0.71637,0.355206,0.71637,0,0.355206,0.314961,0
4.76711,11.7051,7.93299,0.0112552,3.83944,-0.15954,-0.612543,FRENET,0.71637,0.355206,0.71637,0,0.355206,0.314961,0
4.77152,11.7051,7.93299,0.0112552,3.83944,-0.15954,-0.612543,FRENET,0.71637,0.355206,0.71637,0,0.355206,0.314961,0
4.77664,11.7435,7.93341,0.00972242,3.84539,-0.163421,-0.628417,FRENET,0.71637,0.355206,0.71637,0,0.355206,0.314961,0
4.77988,11.7435,7.93341,0.00972242,3.84539,-0.163421,-0.628417,FRENET,0.71637,0.355206,0.71637,0,0.355206,0.314961,0
4.78354,11.7435,7.93341,0.00972242,3.84539,-0.163421,-0.628417,FRENET,0.71637,0.355206,0.71637,0,0.355206,0.314961,0
4.78778,11.782,7.93376,0.00801165,3.85106,-0.1621,-0.624258,FRENET,0.71637,0.355206,0.71637,0,0.355206,0.314961,0
4.79257,11.782,7.93376,0.00801165,3.85106,-0.1621,-0.624258,FRENET,0.71637,0.355206,0.71637,0,0.355206,0.314961,0
4.79667,11.8206,7.93409,0.0064583,3.85646,-0.165071,-0.63659,FRENET,0.71637,0.355206,0.71637,0,0.355206,0.314961,0
4.79966,11.8206,7.93409,0.0064583,3.85646,-0.165071,-0.63659,FRENET,0.71637,0.355206,0.71637,0,0.355206,0.314961,0
4.80335,11.8206,7.93409,0.0064583,3.85646,-0.165071,-0.63659,FRENET,0.71637,0.355206,0.71637,0,0.355206,0.314961,0
4.80732,11.8591,7.93435,0.00473416,3.8616,-0.163126,-0.629929,FRENET,0.71637,0.355206,0.71637,0,0.355206,0.314961,0
4.81163,11.8591,7.93435,0.00473416,3.8616,-0.163126,-0.629929,FRENET,0.71637,0.355206,0.71637,0,0.355206,0.314961,0
4.81599,11.8978,7.93457,0.00317296,3.8665,-0.165682,-0.640611,FRENET,0.708508,0.355206,0.708508,0,0.355206,0.323922,0
4.81897,11.8978,7.93457,0.00317296,3.8665,-0.165682,-0.640611,FRENET,0.708508,0.355206,0.708508,0,0.355206,0.323922,0
4.82309,11.8978,7.93457,0.00317296,3.8665,-0.165682,-0.640611,FRENET,0.708508,0.355206,0.708508,0,0.355206,0.323922,0
4.82758,11.9365,7.93473,0.00144397,3.87116,-0.163469,-0.632816,FRENET,0.708508,0.355206,0.708508,0,0.355206,0.323922,0
4.83084,11.9365,7.93473,0.00144397,3.87116,-0.163469,-0.632816,FRENET,0.708508,0.355206,0.708508,0,0.355206,0.323922,0
4.83606,11.9752,7.93485,-0.000119604,3.8756,-0.165863,-0.642818,FRENET,0.708508,0.355206,0.708508,0,0.355206,0.323922,0
4.83959,11.9752,7.93485,-0.000119604,3.8756,-0.165863,-0.642818,FRENET,0.708508,0.355206,0.708508,0,0.355206,0.323922,0
4.84349,11.9752,7.93485,-0.000119604,3.8756,-0.165863,-0.642818,FRENET,0.708508,0.355206,0.708508,0,0.355206,0.323922,0
4.84921,12.014,7.9349,-0.00185004,3.87984,-0.163558,-0.634576,FRENET,0.708508,0.355206,0.708508,0,0.355206,0.323922,0
4.85272,12.014,7.9349,-0.00185004,3.87984,-0.163558,-0.634576,FRENET,0.708508,0.355206,0.708508,0,0.355206,0.323922,0
4.85784,12.0528,7.9349,-0.0034141,3.88387,-0.165909,-0.644369,FRENET,0.708508,0.355206,0.708508,0,0.355206,0.323922,0
4.86111,12.0528,7.9349,-0.0034141,3.88387,-0.165909,-0.644369,FRENET,0.708508,0.355206,0.708508,0,0.355206,0.323922,0
4.86399,12.0528,7.9349,-0.0034141,3.88387,-0.165909,-0.644369,FRENET,0.714984,0.355206,0.714984,0,0.355206,0.320869,0
4.86787,12.0917,7.93484,-0.00514507,3.8877,-0.163593,-0.636001,FRENET,0.714984,0.355206,0.714984,0,0.355206,0.320869,0
4.87264,12.0917,7.93484,-0.00514507,3.8877,-0.163593,-0.636001,FRENET,0.714984,0.355206,0.714984,0,0.355206,0.320869,0
4.87789,12.1306,7.93473,-0.00670937,3.89136,-0.165955,-0.645789,FRENET,0.714984,0.355206,0.714984,0,0.355206,0.320869,0
4.88166,12.1306,7.93473,-0.00670937,3.89136,-0.165955,-0.645789,FRENET,0.714984,0.355206,0.714984,0,0.355206,0.320869,0
4.88433,12.1306,7.93473,-0.00670937,3.89136,-0.165955,-0.645789,FRENET,0.714984,0.355206,0.714984,0,0.355206,0.320869,0
4.88831,12.1695,7.93455,-0.00844102,3.89484,-0.163659,-0.637424,FRENET,0.714984,0.355206,0.714984,0,0.355206,0.320869,0
4.89131,12.1695,7.93455,-0.00844102,3.89484,-0.163659,-0.637424,FRENET,0.714984,0.355206,0.714984,0,0.355206,0.320869,0
4.8965,12.2085,7.93432,-0.00999703,3.90509,-0.163852,-0.639857,FRENET,0.714984,0.355206,0.714984,0,0.355206,0.320869,0
4.89935,12.2085,7.93432,-0.00999703,3.90509,-0.163852,-0.639857,FRENET,0.714984,0.355206,0.714984,0,0.355206,0.320869,0
4.90294,12.2085,7.93432,-0.00999703,3.90509,-0.163852,-0.639857,FRENET,0.714984,0.355206,0.714984,0,0.355206,0.320869,0
4.90702,12.2476,7.93402,-0.0116985,3.91484,-0.160282,-0.62748,FRENET,0.714984,0.355206,0.714984,0,0.355206,0.320869,0
4.91112,12.2476,7.93402,-0.0116985,3.91484,-0.160282,-0.62748,FRENET,0.71627,0.355206,0.71627,0,0.355206,0.315786,0
4.91598,12.2868,7.93367,-0.0132269,3.92414,-0.161719,-0.634608,FRENET,0.71627,0.355206,0.71627,0,0.355206,0.315786,0
4.91894,12.2868,7.93367,-0.0132269,3.92414,-0.161719,-0.634608,FRENET,0.71627,0.355206,0.71627,0,0.355206,0.315786,0
4.92309,12.2868,7.93367,-0.0132269,3.92414,-0.161719,-0.634608,FRENET,0.71627,0.355206,0.71627,0,0.355206,0.315786,0
4.92797,12.3261,7.93325,-0.0149123,3.93299,-0.159073,-0.62563,FRENET,0.71627,0.355206,0.71627,0,0.355206,0.315786,0
4.93253,12.3261,7.93325,-0.0149123,3.93299,-0.159073,-0.62563,FRENET,0.71627,0.355206,0.71627,0,0.355206,0.315786,0
4.93721,12.3654,7.93278,-0.0164318,3.94142,-0.161194,-0.635333,FRENET,0.71627,0.355206,0.71627,0,0.355206,0.315786,0
4.9404,12.3654,7.93278,-0.0164318,3.94142,-0.161194,-0.635333,FRENET,0.71627,0.355206,0.71627,0,0.355206,0.315786,0
4.94398,12.3654,7.93278,-0.0164318,3.94142,-0.161194,-0.635333,FRENET,0.71627,0.355206,0.71627,0,0.355206,0.315786,0
4.94821,12.4049,7.93223,-0.0181148,3.94945,-0.159044,-0.628137,FRENET,0.71627,0.355206,0.71627,0,0.355206,0.315786,0
4.9523,12.4049,7.93223,-0.0181148,3.94945,-0.159044,-0.628137,FRENET,0.71627,0.355206,0.71627,0,0.355206,0.315786,0
4.95589,12.4444,7.93163,-0.0196357,3.95709,-0.161526,-0.639172,FRENET,0.71627,0.355206,0.71627,0,0.355206,0.315786,0
4.95907,12.4444,7.93163,-0.0196357,3.95709,-0.161526,-0.639172,FRENET,0.71627,0.355206,0.71627,0,0.355206,0.315786,0
4.96298,12.4444,7.93163,-0.0196357,3.95709,-0.161526,-0.639172,FRENET,0.572506,0.480514,0.572506,0,0.480514,0.322467,0
4.96765,12.484,7.93096,-0.0213236,3.96438,-0.159626,-0.632819,FRENET,0.572506,0.480514,0.572506,0,0.480514,0.322467,0
4.97151,12.484,7.93096,-0.0213236,3.96438,-0.159626,-0.632819,FRENET,0.572506,0.480514,0.572506,0,0.480514,0.322467,0
4.97629,12.5237,7.93023,-0.0228494,3.97247,-0.161903,-0.643153,FRENET,0.572506,0.480514,0.572506,0,0.480514,0.322467,0
4.97989,12.5237,7.93023,-0.0228494,3.97247,-0.161903,-0.643153,FRENET,0.572506,0.480514,0.572506,0,0.480514,0.322467,0
4.98452,12.5237,7.93023,-0.0228494,3.97247,-0.161903,-0.643153,FRENET,0.572506,0.480514,0.572506,0,0.480514,0.322467,0
4.98825,12.5634,7.92943,-0.0245403,3.98017,-0.159888,-0.63638,FRENET,0.572506,0.480514,0.572506,0,0.480514,0.322467,0
4.9912,12.5634,7.92943,-0.0245403,3.98017,-0.159888,-0.63638,FRENET,0.572506,0.480514,0.572506,0,0.480514,0.322467,0
4.99609,12.6033,7.92861,-0.0257643,3.98751,-0.072422,-0.288783,FRENET,0.572506,0.480514,0.572506,0,0.480514,0.322467,0
4.99929,12.6033,7.92861,-0.0257643,3.98751,-0.072422,-0.288783,FRENET,0.572506,0.480514,0.572506,0,0.480514,0.322467,0
5.0041,12.6033,7.92861,-0.0257643,3.98751,-0.072422,-0.288783,FRENET,0.572506,0.480514,0.572506,0,0.480514,0.322467,0
5.00961,12.6432,7.9278,-0.0260791,3.99449,-0.0100035,-0.0399587,FRENET,0.572506,0.480514,0.572506,0,0.480514,0.322467,0
5.01267,12.6432,7.9278,-0.0260791,3.99449,-0.0100035,-0.0399587,FRENET,0.590744,0.480514,0.590744,0,0.480514,0.322652,0
5.01639,12.6831,7.92699,-0.0259947,4.00115,0.0410221,0.164136,FRENET,0.590744,0.480514,0.590744,0,0.480514,0.322652,0
5.01891,12.6831,7.92699,-0.0259947,4.00115,0.0410221,0.164136,FRENET,0.590744,0.480514,0.590744,0,0.480514,0.322652,0
5.02331,12.6831,7.92699,-0.0259947,4.00115,0.0410221,0.164136,FRENET,0.590744,0.480514,0.590744,0,0.480514,0.322652,0
5.02783,12.7232,7.9262,-0.0253211,4.00749,0.0754223,0.302254,FRENET,0.590744,0.480514,0.590744,0,0.480514,0.322652,0
5.03129,12.7232,7.9262,-0.0253211,4.00749,0.0754223,0.302254,FRENET,0.590744,0.480514,0.590744,0,0.480514,0.322652,0
5.03633,12.7633,7.92541,-0.0244949,4.01353,0.104985,0.42136,FRENET,0.590744,0.480514,0.590744,0,0.480514,0.322652,0
5.03937,12.7633,7.92541,-0.0244949,4.01353,0.104985,0.42136,FRENET,0.590744,0.480514,0.590744,0,0.480514,0.322652,0
5.0433,12.7633,7.92541,-0.0244949,4.01353,0.104985,0.42136,FRENET,0.590744,0.480514,0.590744,0,0.480514,0.322652,0
5.04766,12.8034,7.92465,-0.0232671,4.01928,0.123003,0.494382,FRENET,0.590744,0.480514,0.590744,0,0.480514,0.322652,0
5.05089,12.8034,7.92465,-0.0232671,4.01928,0.123003,0.494382,FRENET,0.590744,0.480514,0.590744,0,0.480514,0.322652,0
5.05614,12.8436,7.92389,-0.0220303,4.02476,0.140117,0.563937,FRENET,0.590744,0.480514,0.590744,0,0.480514,0.322652,0
5.0594,12.8436,7.92389,-0.0220303,4.02476,0.140117,0.563937,FRENET,0.590744,0.480514,0.590744,0,0.480514,0.322652,0
5.06318,12.8436,7.92389,-0.0220303,4.02476,0.140117,0.563937,FRENET,0.580953,0.480514,0.580953,0,0.480514,0.323113,0
5.06738,12.8839,7.92316,-0.0205003,4.02997,0.148716,0.59932,FRENET,0.580953,0.480514,0.580953,0,0.480514,0.323113,0
5.07153,12.8839,7.92316,-0.0205003,4.02997,0.148716,0.59932,FRENET,0.580953,0.480514,0.580953,0,0.480514,0.323113,0
5.07777,12.9242,7.92245,-0.0190437,4.03494,0.158744,0.640523,FRENET,0.580953,0.480514,0.580953,0,0.480514,0.323113,0
5.08049,12.9242,7.92245,-0.0190437,4.03494,0.158744,0.640523,FRENET,0.580953,0.480514,0.580953,0,0.480514,0.323113,0
5.0829,12.9242,7.92245,-0.0190437,4.03494,0.158744,0.640523,FRENET,0.580953,0.480514,0.580953,0,0.480514,0.323113,0
5.087,12.9646,7.92179,-0.0173551,4.03967,0.16204,0.654589,FRENET,0.580953,0.480514,0.580953,0,0.480514,0.323113,0
5.09113,12.9646,7.92179,-0.0173551,4.03967,0.16204,0.654589,FRENET,0.580953,0.480514,0.580953,0,0.480514,0.323113,0
5.09617,13.005,7.92115,-0.0157861,4.04418,0.168131,0.679951,FRENET,0.580953,0.480514,0.580953,0,0.480514,0.323113,0
5.09909,13.005,7.92115,-0.0157861,4.04418,0.168131,0.679951,FRENET,0.580953,0.480514,0.580953,0,0.480514,0.323113,0
5.10343,13.005,7.92115,-0.0157861,4.04418,0.168131,0.679951,FRENET,0.580953,0.480514,0.580953,0,0.480514,0.323113,0
5.10802,13.0455,7.92056,-0.0140187,4.04848,0.168522,0.682258,FRENET,0.580953,0.480514,0.580953,0,0.480514,0.323113,0
5.11114,13.0455,7.92056,-0.0140187,4.04848,0.168522,0.682258,FRENET,0.580953,0.480514,0.580953,0,0.480514,0.323113,0
5.11608,13.086,7.92,-0.0123962,4.05256,0.172494,0.699043,FRENET,0.591955,0.480514,0.591955,0,0.480514,0.31819,0
5.11922,13.086,7.92,-0.0123962,4.05256,0.172494,0.699043,FRENET,0.591955,0.480514,0.591955,0,0.480514,0.31819,0
5.1247,13.086,7.92,-0.0123962,4.05256,0.172494,0.699043,FRENET,0.591955,0.480514,0.591955,0,0.480514,0.31819,0
5.13063,13.1265,7.9195,-0.0105931,4.05646,0.171355,0.695093,FRENET,0.591955,0.480514,0.591955,0,0.480514,0.31819,0
5.13471,13.1265,7.9195,-0.0105931,4.05646,0.171355,0.695093,FRENET,0.591955,0.480514,0.591955,0,0.480514,0.31819,0
5.14288,13.1671,7.91903,-0.00895381,4.0655,0.172789,0.702474,FRENET,0.591955,0.480514,0.591955,0,0.480514,0.31819,0
5.14954,13.2078,7.91863,-0.0071583,4.0741,0.169987,0.692544,FRENET,0.591955,0.480514,0.591955,0,0.480514,0.31819,0
5.15329,13.2078,7.91863,-0.0071583,4.0741,0.169987,0.692544,FRENET,0.591955,0.480514,0.591955,0,0.480514,0.31819,0
5.15885,13.2486,7.91827,-0.00553201,4.0823,0.171618,0.700596,FRENET,0.591955,0.480514,0.591955,0,0.480514,0.31819,0
5.16329,13.2486,7.91827,-0.00553201,4.0823,0.171618,0.700596,FRENET,0.529206,0.480514,0.529206,0,0.480514,0.320749,0
5.16806,13.2895,7.91798,-0.00374688,4.09011,0.169025,0.691331,FRENET,0.529206,0.480514,0.529206,0,0.480514,0.320749,0
5.17239,13.2895,7.91798,-0.00374688,4.09011,0.169025,0.691331,FRENET,0.529206,0.480514,0.529206,0,0.480514,0.320749,0
5.17759,13.3304,7.91773,-0.00212941,4.09755,0.17087,0.700148,FRENET,0.529206,0.480514,0.529206,0,0.480514,0.320749,0
5.18169,13.3304,7.91773,-0.00212941,4.09755,0.17087,0.700148,FRENET,0.529206,0.480514,0.529206,0,0.480514,0.320749,0
5.18668,13.3714,7.91755,-0.000350484,4.10463,0.168477,0.691536,FRENET,0.529206,0.480514,0.529206,0,0.480514,0.320749,0
5.19033,13.3714,7.91755,-0.000350484,4.10463,0.168477,0.691536,FRENET,0.529206,0.480514,0.529206,0,0.480514,0.320749,0
5.19472,13.3714,7.91755,-0.000350484,4.10463,0.168477,0.691536,FRENET,0.529206,0.480514,0.529206,0,0.480514,0.320749,0
5.19957,13.4125,7.91742,0.00126219,4.11137,0.170509,0.701028,FRENET,0.529206,0.480514,0.529206,0,0.480514,0.320749,0
5.20355,13.4125,7.91742,0.00126219,4.11137,0.170509,0.701028,FRENET,0.529206,0.480514,0.529206,0,0.480514,0.320749,0
5.20867,13.4536,7.91737,0.00303859,4.1178,0.168281,0.692949,FRENET,0.529206,0.480514,0.529206,0,0.480514,0.320749,0
5.21277,13.4536,7.91737,0.00303859,4.1178,0.168281,0.692949,FRENET,0.551553,0.480514,0.551553,0,0.480514,0.310229,0
5.21905,13.4948,7.91736,0.00464982,4.12392,0.170461,0.702967,FRENET,0.551553,0.480514,0.551553,0,0.480514,0.310229,0
5.22505,13.4948,7.91736,0.00464982,4.12392,0.170461,0.702967,FRENET,0.551553,0.480514,0.551553,0,0.480514,0.310229,0
5.22995,13.5361,7.91743,0.00642659,4.12975,0.168357,0.695271,FRENET,0.551553,0.480514,0.551553,0,0.480514,0.310229,0
5.23331,13.5361,7.91743,0.00642659,4.12975,0.168357,0.695271,FRENET,0.551553,0.480514,0.551553,0,0.480514,0.310229,0
5.23977,13.5774,7.91756,0.00803891,4.1353,0.170644,0.705662,FRENET,0.551553,0.480514,0.551553,0,0.480514,0.310229,0
5.24325,13.5774,7.91756,0.00803891,4.1353,0.170644,0.705662,FRENET,0.551553,0.480514,0.551553,0,0.480514,0.310229,0
5.24832,13.6188,7.91775,0.00981814,4.14059,0.168626,0.69821,FRENET,0.551553,0.480514,0.551553,0,0.480514,0.310229,0
5.25135,13.6188,7.91775,0.00981814,4.14059,0.168626,0.69821,FRENET,0.551553,0.480514,0.551553,0,0.480514,0.310229,0
5.25687,13.6602,7.91801,0.0114333,4.14562,0.170986,0.708842,FRENET,0.551553,0.480514,0.551553,0,0.480514,0.310229,0
5.25977,13.6602,7.91801,0.0114333,4.14562,0.170986,0.708842,FRENET,0.551553,0.480514,0.551553,0,0.480514,0.310229,0
5.2632,13.6602,7.91801,0.0114333,4.14562,0.170986,0.708842,FRENET,0.716917,0.481463,0.716917,0,0.481463,0.313977,0
5.26761,13.7017,7.91834,0.0132165,4.15042,0.169024,0.701521,FRENET,0.716917,0.481463,0.716917,0,0.481463,0.313977,0
5.27163,13.7017,7.91834,0.0132165,4.15042,0.169024,0.701521,FRENET,0.716917,0.481463,0.716917,0,0.481463,0.313977,0
5.27737,13.7433,7.91871,0.0146724,4.16502,0.124145,0.517067,FRENET,0.716917,0.481463,0.716917,0,0.481463,0.313977,0
5.28102,13.7433,7.91871,0.0146724,4.16502,0.124145,0.517067,FRENET,0.716917,0.481463,0.716917,0,0.481463,0.313977,0
5.28433,13.7433,7.91871,0.0146724,4.16502,0.124145,0.517067,FRENET,0.716917,0.481463,0.716917,0,0.481463,0.313977,0
5.28938,13.785,7.91911,0.0155859,4.17893,0.0459983,0.192224,FRENET,0.716917,0.481463,0.716917,0,0.481463,0.313977,0
5.29275,13.785,7.91911,0.0155859,4.17893,0.0459983,0.192224,FRENET,0.716917,0.481463,0.716917,0,0.481463,0.313977,0
5.29808,13.8269,7.91949,0.0156716,4.19218,-0.0102565,-0.0429971,FRENET,0.716917,0.481463,0.716917,0,0.481463,0.313977,0
5.30162,13.8269,7.91949,0.0156716,4.19218,-0.0102565,-0.0429971,FRENET,0.716917,0.481463,0.716917,0,0.481463,0.313977,0
5.30802,13.8689,7.91987,0.0154067,4.2048,-0.0566872,-0.238359,FRENET,0.716917,0.481463,0.716917,0,0.481463,0.313977,0
5.31112,13.8689,7.91987,0.0154067,4.2048,-0.0566872,-0.238359,FRENET,0.715569,0.481463,0.715569,0,0.481463,0.321542,0
5.31627,13.911,7.92024,0.0145939,4.21682,-0.0882048,-0.371944,FRENET,0.715569,0.481463,0.715569,0,0.481463,0.321542,0
5.31952,13.911,7.92024,0.0145939,4.21682,-0.0882048,-0.371944,FRENET,0.715569,0.481463,0.715569,0,0.481463,0.321542,0
5.3229,13.911,7.92024,0.0145939,4.21682,-0.0882048,-0.371944,FRENET,0.715569,0.481463,0.715569,0,0.481463,0.321542,0
5.3272,13.9532,7.92062,0.01365,4.22826,-0.115447,-0.488141,FRENET,0.715569,0.481463,0.715569,0,0.481463,0.321542,0
5.33152,13.9532,7.92062,0.01365,4.22826,-0.115447,-0.488141,FRENET,0.715569,0.481463,0.715569,0,0.481463,0.321542,0
5.33645,13.9955,7.92097,0.0123266,4.23917,-0.132148,-0.560196,FRENET,0.715569,0.481463,0.715569,0,0.481463,0.321542,0
5.33985,13.9955,7.92097,0.0123266,4.23917,-0.132148,-0.560196,FRENET,0.715569,0.481463,0.715569,0,0.481463,0.321542,0
5.34378,13.9955,7.92097,0.0123266,4.23917,-0.132148,-0.560196,FRENET,0.715569,0.481463,0.715569,0,0.481463,0.321542,0
5.34852,14.038,7.92131,0.011003,4.24955,-0.148022,-0.629026,FRENET,0.715569,0.481463,0.715569,0,0.481463,0.321542,0
5.35154,14.038,7.92131,0.011003,4.24955,-0.148022,-0.629026,FRENET,0.715569,0.481463,0.715569,0,0.481463,0.321542,0
5.35643,14.0805,7.92161,0.00939876,4.25944,-0.156044,-0.66466,FRENET,0.715569,0.481463,0.715569,0,0.481463,0.321542,0
5.35909,14.0805,7.92161,0.00939876,4.25944,-0.156044,-0.66466,FRENET,0.715569,0.481463,0.715569,0,0.481463,0.321542,0
5.36513,14.0805,7.92161,0.00939876,4.25944,-0.156044,-0.66466,FRENET,0.718506,0.481463,0.718506,0,0.481463,0.319664,0
5.36886,14.1232,7.92193,0.00817518,4.26886,-0.0756562,-0.322966,FRENET,0.718506,0.481463,0.718506,0,0.481463,0.319664,0
5.37192,14.1232,7.92193,0.00817518,4.26886,-0.0756562,-0.322966,FRENET,0.718506,0.481463,0.718506,0,0.481463,0.319664,0
5.37617,14.1659,7.92229,0.0078084,4.27783,-0.0165601,-0.0708415,FRENET,0.718506,0.481463,0.718506,0,0.481463,0.319664,0
5.37885,14.1659,7.92229,0.0078084,4.27783,-0.0165601,-0.0708415,FRENET,0.718506,0.481463,0.718506,0,0.481463,0.319664,0
5.38312,14.1659,7.92229,0.0078084,4.27783,-0.0165601,-0.0708415,FRENET,0.718506,0.481463,0.718506,0,0.481463,0.319664,0
5.38728,14.2087,7.92268,0.00781932,4.28638,0.0330275,0.141568,FRENET,0.718506,0.481463,0.718506,0,0.481463,0.319664,0
5.39118,14.2087,7.92268,0.00781932,4.28638,0.0330275,0.141568,FRENET,0.718506,0.481463,0.718506,0,0.481463,0.319664,0
5.39627,14.2516,7.92311,0.00840744,4.29943,0.0670418,0.288242,FRENET,0.718506,0.481463,0.718506,0,0.481463,0.319664,0
5.39946,14.2516,7.92311,0.00840744,4.29943,0.0670418,0.288242,FRENET,0.718506,0.481463,0.718506,0,0.481463,0.319664,0
5.40317,14.2516,7.92311,0.00840744,4.29943,0.0670418,0.288242,FRENET,0.718506,0.481463,0.718506,0,0.481463,0.319664,0
5.40732,14.2947,7.92356,0.00915269,4.31187,0.0967954,0.417369,FRENET,0.718506,0.481463,0.718506,0,0.481463,0.319664,0
5.41152,14.2947,7.92356,0.00915269,4.31187,0.0967954,0.417369,FRENET,0.723213,0.481463,0.723213,0,0.481463,0.316988,0
5.41637,14.3379,7.92406,0.0103023,4.32371,0.116071,0.501859,FRENET,0.723213,0.481463,0.723213,0,0.481463,0.316988,0
5.41955,14.3379,7.92406,0.0103023,4.32371,0.116071,0.501859,FRENET,0.723213,0.481463,0.723213,0,0.481463,0.316988,0
5.42372,14.3379,7.92406,0.0103023,4.32371,0.116071,0.501859,FRENET,0.723213,0.481463,0.723213,0,0.481463,0.316988,0
5.42943,14.3811,7.92457,0.0114773,4.335,0.13428,0.582103,FRENET,0.723213,0.481463,0.723213,0,0.481463,0.316988,0
5.43307,14.3811,7.92457,0.0114773,4.335,0.13428,0.582103,FRENET,0.723213,0.481463,0.723213,0,0.481463,0.316988,0
5.43674,14.4245,7.92514,0.0129552,4.34574,0.144547,0.628165,FRENET,0.723213,0.481463,0.723213,0,0.481463,0.316988,0
5.43954,14.4245,7.92514,0.0129552,4.34574,0.144547,0.628165,FRENET,0.723213,0.481463,0.723213,0,0.481463,0.316988,0
5.44361,14.4245,7.92514,0.0129552,4.34574,0.144547,0.628165,FRENET,0.723213,0.481463,0.723213,0,0.481463,0.316988,0
5.45035,14.4681,7.92574,0.0143782,4.35597,0.155774,0.678548,FRENET,0.723213,0.481463,0.723213,0,0.481463,0.316988,0
5.45301,14.4681,7.92574,0.0143782,4.35597,0.155774,0.678548,FRENET,0.723213,0.481463,0.723213,0,0.481463,0.316988,0
5.45795,14.5117,7.92639,0.0160433,4.36572,0.160651,0.701359,FRENET,0.723213,0.481463,0.723213,0,0.481463,0.316988,0
5.46132,14.5117,7.92639,0.0160433,4.36572,0.160651,0.701359,FRENET,0.718948,0.481463,0.718948,0,0.481463,0.318654,0
5.46399,14.5117,7.92639,0.0160433,4.36572,0.160651,0.701359,FRENET,0.718948,0.481463,0.718948,0,0.481463,0.318654,0
5.46915,14.5554,7.92707,0.0174529,4.37501,0.122792,0.537218,FRENET,0.718948,0.481463,0.718948,0,0.481463,0.318654,0
5.47215,14.5554,7.92707,0.0174529,4.37501,0.122792,0.537218,FRENET,0.718948,0.481463,0.718948,0,0.481463,0.318654,0
5.47771,14.5991,7.92774,0.0183734,4.38385,0.0480109,0.210472,FRENET,0.718948,0.481463,0.718948,0,0.481463,0.318654,0
5.48234,14.5991,7.92774,0.0183734,4.38385,0.0480109,0.210472,FRENET,0.718948,0.481463,0.718948,0,0.481463,0.318654,0
5.4869,14.643,7.92839,0.0184861,4.39227,-0.00675201,-0.0296567,FRENET,0.718948,0.481463,0.718948,0,0.481463,0.318654,0
5.49175,14.643,7.92839,0.0184861,4.39227,-0.00675201,-0.0296567,FRENET,0.718948,0.481463,0.718948,0,0.481463,0.318654,0
5.49896,14.687,7.92903,0.0182605,4.40029,-0.0528236,-0.232439,FRENET,0.718948,0.481463,0.718948,0,0.481463,0.318654,0
5.50224,14.687,7.92903,0.0182605,4.40029,-0.0528236,-0.232439,FRENET,0.718948,0.481463,0.718948,0,0.481463,0.318654,0
5.5078,14.731,7.92964,0.0174829,4.40793,-0.0848187,-0.373875,FRENET,0.718948,0.481463,0.718948,0,0.481463,0.318654,0
5.51182,14.731,7.92964,0.0174829,4.40793,-0.0848187,-0.373875,FRENET,0.721368,0.481463,0.721368,0,0.481463,0.323918,0
5.51787,14.7751,7.93024,0.0165704,4.41521,-0.112917,-0.49855,FRENET,0.721368,0.481463,0.721368,0,0.481463,0.323918,0
5.52206,14.7751,7.93024,0.0165704,4.41521,-0.112917,-0.49855,FRENET,0.721368,0.481463,0.721368,0,0.481463,0.323918,0
5.529,14.8193,7.9308,0.0152651,4.42214,-0.130776,-0.578312,FRENET,0.721368,0.481463,0.721368,0,0.481463,0.323918,0
5.53269,14.8193,7.9308,0.0152651,4.42214,-0.130776,-0.578312,FRENET,0.721368,0.481463,0.721368,0,0.481463,0.323918,0
5.53892,14.8636,7.93135,0.0139508,4.42874,-0.147815,-0.654635,FRENET,0.721368,0.481463,0.721368,0,0.481463,0.323918,0
5.54285,14.8636,7.93135,0.0139508,4.42874,-0.147815,-0.654635,FRENET,0.721368,0.481463,0.721368,0,0.481463,0.323918,0
5.54829,14.9079,7.93186,0.0123412,4.43503,-0.157058,-0.696557,FRENET,0.721368,0.481463,0.721368,0,0.481463,0.323918,0
5.55189,14.9079,7.93186,0.0123412,4.43503,-0.157058,-0.696557,FRENET,0.721368,0.481463,0.721368,0,0.481463,0.323918,0
5.556,14.9523,7.93235,0.0107991,4.44102,-0.167425,-0.743536,FRENET,0.721368,0.481463,0.721368,0,0.481463,0.323918,0
5.55936,14.9523,7.93235,0.0107991,4.44102,-0.167425,-0.743536,FRENET,0.721368,0.481463,0.721368,0,0.481463,0.323918,0
5.56294,14.9523,7.93235,0.0107991,4.44102,-0.167425,-0.743536,FRENET,0.72011,0.474371,0.72011,0,0.474371,0.327067,0
5.56721,14.9967,7.93278,0.00902003,4.44672,-0.171526,-0.762728,FRENET,0.72011,0.474371,0.72011,0,0.474371,0.327067,0
5.571,14.9967,7.93278,0.00902003,4.44672,-0.171526,-0.762728,FRENET,0.72011,0.474371,0.72011,0,0.474371,0.327067,0
5.5772,15.0412,7.93321,0.00766553,4.45002,-0.0860405,-0.382882,FRENET,0.72011,0.474371,0.72011,0,0.474371,0.327067,0
5.57975,15.0412,7.93321,0.00766553,4.45002,-0.0860405,-0.382882,FRENET,0.72011,0.474371,0.72011,0,0.474371,0.327067,0
5.58365,15.0412,7.93321,0.00766553,4.45002,-0.0860405,-0.382882,FRENET,0.72011,0.474371,0.72011,0,0.474371,0.327067,0
5.58776,15.0857,7.93367,0.00721903,4.45316,-0.0226768,-0.100984,FRENET,0.72011,0.474371,0.72011,0,0.474371,0.327067,0
5.59259,15.0857,7.93367,0.00721903,4.45316,-0.0226768,-0.100984,FRENET,0.72011,0.474371,0.72011,0,0.474371,0.327067,0
5.59883,15.1302,7.93412,0.00687092,4.45615,-0.0621609,-0.276998,FRENET,0.72011,0.474371,0.72011,0,0.474371,0.327067,0
5.60379,15.1302,7.93412,0.00687092,4.45615,-0.0621609,-0.276998,FRENET,0.72011,0.474371,0.72011,0,0.474371,0.327067,0
5.6111,15.1748,7.9345,0.0060229,4.459,-0.0894873,-0.399023,FRENET,0.72011,0.474371,0.72011,0,0.474371,0.327067,0
5.61441,15.1748,7.9345,0.0060229,4.459,-0.0894873,-0.399023,FRENET,0.715506,0.474371,0.715506,0,0.474371,0.322858,0
5.6184,15.2194,7.93485,0.00508199,4.46171,-0.114487,-0.510808,FRENET,0.715506,0.474371,0.715506,0,0.474371,0.322858,0
5.62145,15.2194,7.93485,0.00508199,4.46171,-0.114487,-0.510808,FRENET,0.715506,0.474371,0.715506,0,0.474371,0.322858,0
5.62519,15.2194,7.93485,0.00508199,4.46171,-0.114487,-0.510808,FRENET,0.715506,0.474371,0.715506,0,0.474371,0.322858,0
5.62984,15.264,7.93513,0.00377042,4.46429,-0.130299,-0.581692,FRENET,0.715506,0.474371,0.715506,0,0.474371,0.322858,0
5.6327,15.264,7.93513,0.00377042,4.46429,-0.130299,-0.581692,FRENET,0.715506,0.474371,0.715506,0,0.474371,0.322858,0
5.63683,15.3087,7.93537,0.00246889,4.46675,-0.146174,-0.652923,FRENET,0.715506,0.474371,0.715506,0,0.474371,0.322858,0
5.63987,15.3087,7.93537,0.00246889,4.46675,-0.146174,-0.652923,FRENET,0.715506,0.474371,0.715506,0,0.474371,0.322858,0
5.6431,15.3087,7.93537,0.00246889,4.46675,-0.146174,-0.652923,FRENET,0.715506,0.474371,0.715506,0,0.474371,0.322858,0
5.64743,15.3534,7.93554,0.000877848,4.4691,-0.154775,-0.691704,FRENET,0.715506,0.474371,0.715506,0,0.474371,0.322858,0
5.65129,15.3534,7.93554,0.000877848,4.4691,-0.154775,-0.691704,FRENET,0.715506,0.474371,0.715506,0,0.474371,0.322858,0
5.65593,15.3981,7.9357,-0.000323819,4.47133,-0.0720544,-0.322179,FRENET,0.715506,0.474371,0.715506,0,0.474371,0.322858,0
5.65942,15.3981,7.9357,-0.000323819,4.47133,-0.0720544,-0.322179,FRENET,0.715506,0.474371,0.715506,0,0.474371,0.322858,0
5.66291,15.3981,7.9357,-0.000323819,4.47133,-0.0720544,-0.322179,FRENET,0.714431,0.474371,0.714431,0,0.474371,0.325426,0
5.6673,15.4428,7.93589,-0.000641854,4.47346,-0.0109669,-0.0490599,FRENET,0.714431,0.474371,0.714431,0,0.474371,0.325426,0
5.67112,15.4428,7.93589,-0.000641854,4.47346,-0.0109669,-0.0490599,FRENET,0.714431,0.474371,0.714431,0,0.474371,0.325426,0
5.67648,15.4875,7.93607,-0.000568946,4.47548,0.0402778,0.180263,FRENET,0.714431,0.474371,0.714431,0,0.474371,0.325426,0
5.6796,15.4875,7.93607,-0.000568946,4.47548,0.0402778,0.180263,FRENET,0.714431,0.474371,0.714431,0,0.474371,0.325426,0
5.68309,15.4875,7.93607,-0.000568946,4.47548,0.0402778,0.180263,FRENET,0.714431,0.474371,0.714431,0,0.474371,0.325426,0
5.68713,15.5323,7.93629,0.000104126,4.48114,0.0761629,0.341297,FRENET,0.714431,0.474371,0.714431,0,0.474371,0.325426,0
5.6912,15.5323,7.93629,0.000104126,4.48114,0.0761629,0.341297,FRENET,0.714431,0.474371,0.714431,0,0.474371,0.325426,0
5.69624,15.5772,7.93651,0.000945402,4.48653,0.10735,0.481628,FRENET,0.714431,0.474371,0.714431,0,0.474371,0.325426,0
5.69907,15.5772,7.93651,0.000945402,4.48653,0.10735,0.481628,FRENET,0.714431,0.474371,0.714431,0,0.474371,0.325426,0
5.70308,15.5772,7.93651,0.000945402,4.48653,0.10735,0.481628,FRENET,0.714431,0.474371,0.714431,0,0.474371,0.325426,0
5.7074,15.622,7.93676,0.00220849,4.49167,0.127673,0.573467,FRENET,0.714431,0.474371,0.714431,0,0.474371,0.325426,0
5.71116,15.622,7.93676,0.00220849,4.49167,0.127673,0.573467,FRENET,0.726122,0.474371,0.726122,0,0.474371,0.337681,0
5.71778,15.667,7.93702,0.00350104,4.49656,0.146627,0.659319,FRENET,0.726122,0.474371,0.726122,0,0.474371,0.337681,0
5.72059,15.667,7.93702,0.00350104,4.49656,0.146627,0.659319,FRENET,0.726122,0.474371,0.726122,0,0.474371,0.337681,0
5.72381,15.667,7.93702,0.00350104,4.49656,0.146627,0.659319,FRENET,0.726122,0.474371,0.726122,0,0.474371,0.337681,0
5.72905,15.712,7.93733,0.00510722,4.50122,0.157374,0.708373,FRENET,0.726122,0.474371,0.726122,0,0.474371,0.337681,0
5.73299,15.712,7.93733,0.00510722,4.50122,0.157374,0.708373,FRENET,0.726122,0.474371,0.726122,0,0.474371,0.337681,0
5.73832,15.757,7.93765,0.00665775,4.50565,0.168871,0.760874,FRENET,0.726122,0.474371,0.726122,0,0.474371,0.337681,0
5.74145,15.757,7.93765,0.00665775,4.50565,0.168871,0.760874,FRENET,0.726122,0.474371,0.726122,0,0.474371,0.337681,0
5.74436,15.757,7.93765,0.00665775,4.50565,0.168871,0.760874,FRENET,0.726122,0.474371,0.726122,0,0.474371,0.337681,0
5.74805,15.8021,7.93803,0.00845639,4.50988,0.173839,0.783994,FRENET,0.726122,0.474371,0.726122,0,0.474371,0.337681,0
5.75116,15.8021,7.93803,0.00845639,4.50988,0.173839,0.783994,FRENET,0.726122,0.474371,0.726122,0,0.474371,0.337681,0
5.75687,15.8472,7.93843,0.0101482,4.5139,0.180891,0.816525,FRENET,0.726122,0.474371,0.726122,0,0.474371,0.337681,0
5.75985,15.8472,7.93843,0.0101482,4.5139,0.180891,0.816525,FRENET,0.726122,0.474371,0.726122,0,0.474371,0.337681,0
5.76294,15.8472,7.93843,0.0101482,4.5139,0.180891,0.816525,FRENET,0.713952,0.474371,0.713952,0,0.474371,0.344105,0
5.76679,15.8924,7.93889,0.0120494,4.51774,0.182459,0.824303,FRENET,0.713952,0.474371,0.713952,0,0.474371,0.344105,0
5.771,15.8924,7.93889,0.0120494,4.51774,0.182459,0.824303,FRENET,0.713952,0.474371,0.713952,0,0.474371,0.344105,0
5.77704,15.9376,7.93936,0.0135005,4.52139,0.0945101,0.427317,FRENET,0.713952,0.474371,0.713952,0,0.474371,0.344105,0
5.77981,15.9376,7.93936,0.0135005,4.52139,0.0945101,0.427317,FRENET,0.713952,0.474371,0.713952,0,0.474371,0.344105,0
5.78282,15.9376,7.93936,0.0135005,4.52139,0.0945101,0.427317,FRENET,0.713952,0.474371,0.713952,0,0.474371,0.344105,0
5.78825,15.9828,7.9398,0.0140205,4.52487,0.0289232,0.130874,FRENET,0.713952,0.474371,0.713952,0,0.474371,0.344105,0
5.79123,15.9828,7.9398,0.0140205,4.52487,0.0289232,0.130874,FRENET,0.713952,0.474371,0.713952,0,0.474371,0.344105,0
5.79691,16.028,7.94024,0.0141076,4.52818,-0.0260191,-0.117819,FRENET,0.713952,0.474371,0.713952,0,0.474371,0.344105,0
5.79977,16.028,7.94024,0.0141076,4.52818,-0.0260191,-0.117819,FRENET,0.713952,0.474371,0.713952,0,0.474371,0.344105,0
5.80307,16.028,7.94024,0.0141076,4.52818,-0.0260191,-0.117819,FRENET,0.713952,0.474371,0.713952,0,0.474371,0.344105,0
5.80955,16.0733,7.94065,0.0135589,4.53133,-0.065259,-0.29571,FRENET,0.713952,0.474371,0.713952,0,0.474371,0.344105,0
5.81379,16.0733,7.94065,0.0135589,4.53133,-0.065259,-0.29571,FRENET,0.713062,0.479607,0.713062,0,0.479607,0.34755,0
5.81778,16.1187,7.94106,0.0128132,4.53434,-0.0992399,-0.449987,FRENET,0.713062,0.479607,0.713062,0,0.479607,0.34755,0
5.82076,16.1187,7.94106,0.0128132,4.53434,-0.0992399,-0.449987,FRENET,0.713062,0.479607,0.713062,0,0.479607,0.34755,0
5.8235,16.1187,7.94106,0.0128132,4.53434,-0.0992399,-0.449987,FRENET,0.713062,0.479607,0.713062,0,0.479607,0.34755,0
5.82751,16.164,7.94143,0.0116189,4.53764,-0.121815,-0.552751,FRENET,0.713062,0.479607,0.713062,0,0.479607,0.34755,0
5.83082,16.164,7.94143,0.0116189,4.53764,-0.121815,-0.552751,FRENET,0.713062,0.479607,0.713062,0,0.479607,0.34755,0
5.83589,16.2094,7.94179,0.010376,4.54079,-0.142615,-0.647586,FRENET,0.713062,0.479607,0.713062,0,0.479607,0.34755,0
5.83899,16.2094,7.94179,0.010376,4.54079,-0.142615,-0.647586,FRENET,0.713062,0.479607,0.713062,0,0.479607,0.34755,0
5.84378,16.2094,7.94179,0.010376,4.54079,-0.142615,-0.647586,FRENET,0.713062,0.479607,0.713062,0,0.479607,0.34755,0
5.84922,16.2548,7.94211,0.00880159,4.54379,-0.154863,-0.703664,FRENET,0.713062,0.479607,0.713062,0,0.479607,0.34755,0
5.85278,16.2548,7.94211,0.00880159,4.54379,-0.154863,-0.703664,FRENET,0.713062,0.479607,0.713062,0,0.479607,0.34755,0
5.85922,16.3003,7.94242,0.00727048,4.54664,-0.167574,-0.761898,FRENET,0.713062,0.479607,0.713062,0,0.479607,0.34755,0
5.86309,16.3003,7.94242,0.00727048,4.54664,-0.167574,-0.761898,FRENET,0.729592,0.479607,0.729592,0,0.479607,0.336507,0
5.87371,16.3458,7.94267,0.00547923,4.54936,-0.173512,-0.789369,FRENET,0.729592,0.479607,0.729592,0,0.479607,0.336507,0
5.87939,16.3913,7.94289,0.00378724,4.55195,-0.181332,-0.825412,FRENET,0.729592,0.479607,0.729592,0,0.479607,0.336507,0
5.88349,16.3913,7.94289,0.00378724,4.55195,-0.181332,-0.825412,FRENET,0.729592,0.479607,0.729592,0,0.479607,0.336507,0
5.8877,16.4368,7.94306,0.001878,4.55442,-0.183498,-0.835727,FRENET,0.729592,0.479607,0.729592,0,0.479607,0.336507,0
5.89132,16.4368,7.94306,0.001878,4.55442,-0.183498,-0.835727,FRENET,0.729592,0.479607,0.729592,0,0.479607,0.336507,0
5.89635,16.4824,7.94319,0.000101315,4.55677,-0.188432,-0.858642,FRENET,0.729592,0.479607,0.729592,0,0.479607,0.336507,0
5.90047,16.4824,7.94319,0.000101315,4.55677,-0.188432,-0.858642,FRENET,0.729592,0.479607,0.729592,0,0.479607,0.336507,0
5.9041,16.4824,7.94319,0.000101315,4.55677,-0.188432,-0.858642,FRENET,0.729592,0.479607,0.729592,0,0.479607,0.336507,0
5.90957,16.5279,7.94325,-0.00186754,4.55901,-0.188407,-0.858949,FRENET,0.729592,0.479607,0.729592,0,0.479607,0.336507,0
5.91325,16.5279,7.94325,-0.00186754,4.55901,-0.188407,-0.858949,FRENET,0.735262,0.479607,0.735262,0,0.479607,0.32715,0
5.91806,16.5735,7.9433,-0.00336906,4.56114,-0.0985938,-0.4497,FRENET,0.735262,0.479607,0.735262,0,0.479607,0.32715,0
5.92088,16.5735,7.9433,-0.00336906,4.56114,-0.0985938,-0.4497,FRENET,0.735262,0.479607,0.735262,0,0.479607,0.32715,0
5.9254,16.5735,7.9433,-0.00336906,4.56114,-0.0985938,-0.4497,FRENET,0.735262,0.479607,0.735262,0,0.479607,0.32715,0
5.93149,16.6192,7.94337,-0.00392153,4.56317,-0.0315017,-0.143748,FRENET,0.735262,0.479607,0.735262,0,0.479607,0.32715,0
5.93646,16.6648,7.94344,-0.00402866,4.5651,0.0246549,0.112552,FRENET,0.735262,0.479607,0.735262,0,0.479607,0.32715,0
5.93936,16.6648,7.94344,-0.00402866,4.5651,0.0246549,0.112552,FRENET,0.735262,0.479607,0.735262,0,0.479607,0.32715,0
5.94314,16.6648,7.94344,-0.00402866,4.5651,0.0246549,0.112552,FRENET,0.735262,0.479607,0.735262,0,0.479607,0.32715,0
5.94893,16.7105,7.94354,-0.00348805,4.56694,0.06487,0.296258,FRENET,0.735262,0.479607,0.735262,0,0.479607,0.32715,0
5.95178,16.7105,7.94354,-0.00348805,4.56694,0.06487,0.296258,FRENET,0.735262,0.479607,0.735262,0,0.479607,0.32715,0
5.95582,16.7561,7.94363,-0.00274262,4.5687,0.0996282,0.455171,FRENET,0.735262,0.479607,0.735262,0,0.479607,0.32715,0
5.96161,16.7561,7.94363,-0.00274262,4.5687,0.0996282,0.455171,FRENET,0.723942,0.479607,0.723942,0,0.479607,0.329437,0
5.96787,16.8018,7.94375,-0.00154045,4.57037,0.122858,0.561508,FRENET,0.723942,0.479607,0.723942,0,0.479607,0.329437,0
5.97122,16.8018,7.94375,-0.00154045,4.57037,0.122858,0.561508,FRENET,0.723942,0.479607,0.723942,0,0.479607,0.329437,0
5.97637,16.8475,7.94388,-0.000285027,4.57196,0.144182,0.659196,FRENET,0.723942,0.479607,0.723942,0,0.479607,0.329437,0
5.97941,16.8475,7.94388,-0.000285027,4.57196,0.144182,0.659196,FRENET,0.723942,0.479607,0.723942,0,0.479607,0.329437,0
5.98446,16.8475,7.94388,-0.000285027,4.57196,0.144182,0.659196,FRENET,0.723942,0.479607,0.723942,0,0.479607,0.329437,0
5.98881,16.8933,7.94405,0.00130573,4.57543,0.156584,0.716439,FRENET,0.723942,0.479607,0.723942,0,0.479607,0.329437,0
5.9923,16.8933,7.94405,0.00130573,4.57543,0.156584,0.716439,FRENET,0.723942,0.479607,0.723942,0,0.479607,0.329437,0
5.99772,16.9391,7.94423,0.00285453,4.57873,0.169346,0.77539,FRENET,0.723942,0.479607,0.723942,0,0.479607,0.329437,0
6.00101,16.9391,7.94423,0.00285453,4.57873,0.169346,0.77539,FRENET,0.723942,0.479607,0.723942,0,0.479607,0.329437,0
6.00405,16.9391,7.94423,0.00285453,4.57873,0.169346,0.77539,FRENET,0.723942,0.479607,0.723942,0,0.479607,0.329437,0
6.00907,16.9849,7.94446,0.00466359,4.58187,0.175326,0.80332,FRENET,0.723942,0.479607,0.723942,0,0.479607,0.329437,0
6.0127,16.9849,7.94446,0.00466359,4.58187,0.175326,0.80332,FRENET,0.70631,0.479607,0.70631,0,0.479607,0.333265,0
6.01712,17.0307,7.94471,0.00637374,4.58487,0.183113,0.839547,FRENET,0.70631,0.479607,0.70631,0,0.479607,0.333265,0
6.02207,17.0307,7.94471,0.00637374,4.58487,0.183113,0.839547,FRENET,0.70631,0.479607,0.70631,0,0.479607,0.333265,0
6.0281,17.0766,7.94503,0.00830056,4.58772,0.18526,0.849921,FRENET,0.70631,0.479607,0.70631,0,0.479607,0.333265,0
6.03212,17.0766,7.94503,0.00830056,4.58772,0.18526,0.849921,FRENET,0.70631,0.479607,0.70631,0,0.479607,0.333265,0
6.03618,17.1224,7.94537,0.0100947,4.59044,0.19012,0.872734,FRENET,0.70631,0.479607,0.70631,0,0.479607,0.333265,0
6.03982,17.1224,7.94537,0.0100947,4.59044,0.19012,0.872734,FRENET,0.70631,0.479607,0.70631,0,0.479607,0.333265,0
6.04302,17.1224,7.94537,0.0100947,4.59044,0.19012,0.872734,FRENET,0.70631,0.479607,0.70631,0,0.479607,0.333265,0
6.04866,17.1684,7.94579,0.01208,4.59302,0.190049,0.872898,FRENET,0.70631,0.479607,0.70631,0,0.479607,0.333265,0
6.05158,17.1684,7.94579,0.01208,4.59302,0.190049,0.872898,FRENET,0.70631,0.479607,0.70631,0,0.479607,0.333265,0
6.05958,17.2143,7.94622,0.013598,4.59549,0.100228,0.460598,FRENET,0.70631,0.479607,0.70631,0,0.479607,0.333265,0
6.06341,17.2143,7.94622,0.013598,4.59549,0.100228,0.460598,FRENET,0.717559,0.479607,0.717559,0,0.479607,0.327954,0
6.06881,17.2603,7.94662,0.014166,4.59784,0.0329464,0.151482,FRENET,0.717559,0.479607,0.717559,0,0.479607,0.327954,0
6.07173,17.2603,7.94662,0.014166,4.59784,0.0329464,0.151482,FRENET,0.717559,0.479607,0.717559,0,0.479607,0.327954,0
6.0781,17.3063,7.94703,0.0142864,4.60007,-0.0234409,-0.10783,FRENET,0.717559,0.479607,0.717559,0,0.479607,0.327954,0
6.08186,17.3063,7.94703,0.0142864,4.60007,-0.0234409,-0.10783,FRENET,0.717559,0.479607,0.717559,0,0.479607,0.327954,0
6.08746,17.3523,7.94741,0.0137565,4.6022,-0.0639587,-0.294351,FRENET,0.717559,0.479607,0.717559,0,0.479607,0.327954,0
6.09137,17.3523,7.94741,0.0137565,4.6022,-0.0639587,-0.294351,FRENET,0.717559,0.479607,0.717559,0,0.479607,0.327954,0
6.09694,17.3983,7.94779,0.0130188,4.60423,-0.0989869,-0.455758,FRENET,0.717559,0.479607,0.717559,0,0.479607,0.327954,0
6.10003,17.3983,7.94779,0.0130188,4.60423,-0.0989869,-0.455758,FRENET,0.717559,0.479607,0.717559,0,0.479607,0.327954,0
6.10304,17.3983,7.94779,0.0130188,4.60423,-0.0989869,-0.455758,FRENET,0.717559,0.479607,0.717559,0,0.479607,0.327954,0
6.10887,17.4443,7.94815,0.0118216,4.60616,-0.122512,-0.564309,FRENET,0.717559,0.479607,0.717559,0,0.479607,0.327954,0
6.11311,17.4443,7.94815,0.0118216,4.60616,-0.122512,-0.564309,FRENET,0.289741,1.81487,0.289741,0,1.81487,0.334472,0
6.11743,17.4904,7.94849,0.0105684,4.608,-0.144069,-0.663872,FRENET,0.289741,1.81487,0.289741,0,1.81487,0.334472,0
6.12035,17.4904,7.94849,0.0105684,4.608,-0.144069,-0.663872,FRENET,0.289741,1.81487,0.289741,0,1.81487,0.334472,0
6.12336,17.4904,7.94849,0.0105684,4.608,-0.144069,-0.663872,FRENET,0.289741,1.81487,0.289741,0,1.81487,0.334472,0
6.12927,17.5365,7.9488,0.00898288,4.61693,-0.156056,-0.7205,FRENET,0.289741,1.81487,0.289741,0,1.81487,0.334472,0
6.13259,17.5365,7.9488,0.00898288,4.61693,-0.156056,-0.7205,FRENET,0.289741,1.81487,0.289741,0,1.81487,0.334472,0
6.13683,17.5827,7.9491,0.00744,4.62543,-0.168305,-0.778482,FRENET,0.289741,1.81487,0.289741,0,1.81487,0.334472,0
6.13995,17.5827,7.9491,0.00744,4.62543,-0.168305,-0.778482,FRENET,0.289741,1.81487,0.289741,0,1.81487,0.334472,0
6.1435,17.5827,7.9491,0.00744,4.62543,-0.168305,-0.778482,FRENET,0.289741,1.81487,0.289741,0,1.81487,0.334472,0
6.14949,17.629,7.94934,0.00564467,4.63352,-0.173995,-0.80621,FRENET,0.289741,1.81487,0.289741,0,1.81487,0.334472,0
6.15261,17.629,7.94934,0.00564467,4.63352,-0.173995,-0.80621,FRENET,0.289741,1.81487,0.289741,0,1.81487,0.334472,0
6.15685,17.6754,7.94957,0.00394799,4.64123,-0.181395,-0.841898,FRENET,0.289741,1.81487,0.289741,0,1.81487,0.334472,0
6.16032,17.6754,7.94957,0.00394799,4.64123,-0.181395,-0.841898,FRENET,0.289741,1.81487,0.289741,0,1.81487,0.334472,0
6.16466,17.6754,7.94957,0.00394799,4.64123,-0.181395,-0.841898,FRENET,0.331104,1.81487,0.331104,0,1.81487,0.334868,0
6.16944,17.7219,7.94973,0.00204086,4.64858,-0.183375,-0.852432,FRENET,0.331104,1.81487,0.331104,0,1.81487,0.334868,0
6.17254,17.7219,7.94973,0.00204086,4.64858,-0.183375,-0.852432,FRENET,0.331104,1.81487,0.331104,0,1.81487,0.334868,0
6.17843,17.7684,7.94986,0.000265344,4.65557,-0.187969,-0.875104,FRENET,0.331104,1.81487,0.331104,0,1.81487,0.334868,0
6.18582,17.7684,7.94986,0.000265344,4.65557,-0.187969,-0.875104,FRENET,0.331104,1.81487,0.331104,0,1.81487,0.334868,0
6.1913,17.815,7.94993,-0.00169673,4.66224,-0.187842,-0.875765,FRENET,0.331104,1.81487,0.331104,0,1.81487,0.334868,0
6.19732,17.8616,7.94995,-0.00350851,4.66858,-0.190883,-0.891153,FRENET,0.331104,1.81487,0.331104,0,1.81487,0.334868,0
6.2011,17.8616,7.94995,-0.00350851,4.66858,-0.190883,-0.891153,FRENET,0.331104,1.81487,0.331104,0,1.81487,0.334868,0
6.20473,17.8616,7.94995,-0.00350851,4.66858,-0.190883,-0.891153,FRENET,0.331104,1.81487,0.331104,0,1.81487,0.334868,0
6.21064,17.9083,7.9499,-0.00549398,4.67463,-0.189622,-0.886412,FRENET,0.331104,1.81487,0.331104,0,1.81487,0.334868,0
6.21587,17.9551,7.94981,-0.00716354,4.68038,-0.145953,-0.683116,FRENET,0.334916,1.81487,0.334916,0,1.81487,0.338842,0
6.21932,17.9551,7.94981,-0.00716354,4.68038,-0.145953,-0.683116,FRENET,0.334916,1.81487,0.334916,0,1.81487,0.338842,0
6.2234,17.9551,7.94981,-0.00716354,4.68038,-0.145953,-0.683116,FRENET,0.334916,1.81487,0.334916,0,1.81487,0.338842,0
6.22862,18.0019,7.9497,-0.00828728,4.68587,-0.0653217,-0.306089,FRENET,0.334916,1.81487,0.334916,0,1.81487,0.338842,0
6.23256,18.0019,7.9497,-0.00828728,4.68587,-0.0653217,-0.306089,FRENET,0.334916,1.81487,0.334916,0,1.81487,0.338842,0
6.23638,18.0488,7.94962,-0.0085439,4.69109,-0.00504509,-0.023667,FRENET,0.334916,1.81487,0.334916,0,1.81487,0.338842,0
6.23945,18.0488,7.94962,-0.0085439,4.69109,-0.00504509,-0.023667,FRENET,0.334916,1.81487,0.334916,0,1.81487,0.338842,0
6.24288,18.0488,7.94962,-0.0085439,4.69109,-0.00504509,-0.023667,FRENET,0.334916,1.81487,0.334916,0,1.81487,0.338842,0
6.24878,18.0958,7.94952,-0.00841329,4.69606,0.0457548,0.214868,FRENET,0.334916,1.81487,0.334916,0,1.81487,0.338842,0
6.25187,18.0958,7.94952,-0.00841329,4.69606,0.0457548,0.214868,FRENET,0.334916,1.81487,0.334916,0,1.81487,0.338842,0
6.256,18.1428,7.94945,-0.00768512,4.70461,0.0819576,0.385578,FRENET,0.334916,1.81487,0.334916,0,1.81487,0.338842,0
6.2593,18.1428,7.94945,-0.00768512,4.70461,0.0819576,0.385578,FRENET,0.334916,1.81487,0.334916,0,1.81487,0.338842,0
6.26331,18.1428,7.94945,-0.00768512,4.70461,0.0819576,0.385578,FRENET,0.343071,1.81487,0.343071,0,1.81487,0.349937,0
6.26834,18.1899,7.94937,-0.00678399,4.71275,0.11333,0.534098,FRENET,0.343071,1.81487,0.343071,0,1.81487,0.349937,0
6.2715,18.1899,7.94937,-0.00678399,4.71275,0.11333,0.534098,FRENET,0.343071,1.81487,0.343071,0,1.81487,0.349937,0
6.27634,18.237,7.94932,-0.00545974,4.7205,0.134124,0.633135,FRENET,0.343071,1.81487,0.343071,0,1.81487,0.349937,0
6.28021,18.237,7.94932,-0.00545974,4.7205,0.134124,0.633135,FRENET,0.343071,1.81487,0.343071,0,1.81487,0.349937,0
6.28372,18.237,7.94932,-0.00545974,4.7205,0.134124,0.633135,FRENET,0.343071,1.81487,0.343071,0,1.81487,0.349937,0
6.28831,18.2843,7.94927,-0.00410074,4.72789,0.153267,0.72463,FRENET,0.343071,1.81487,0.343071,0,1.81487,0.349937,0
6.292,18.2843,7.94927,-0.00410074,4.72789,0.153267,0.72463,FRENET,0.343071,1.81487,0.343071,0,1.81487,0.349937,0
6.29648,18.3316,7.94926,-0.00242708,4.73492,0.1644,0.778419,FRENET,0.343071,1.81487,0.343071,0,1.81487,0.349937,0
6.30005,18.3316,7.94926,-0.00242708,4.73492,0.1644,0.778419,FRENET,0.343071,1.81487,0.343071,0,1.81487,0.349937,0
6.30334,18.3316,7.94926,-0.00242708,4.73492,0.1644,0.778419,FRENET,0.343071,1.81487,0.343071,0,1.81487,0.349937,0
6.30801,18.379,7.94926,-0.000805022,4.74162,0.175963,0.834349,FRENET,0.343071,1.81487,0.343071,0,1.81487,0.349937,0
6.31222,18.379,7.94926,-0.000805022,4.74162,0.175963,0.834349,FRENET,0.345804,1.81487,0.345804,0,1.81487,0.334482,0
6.3168,18.4264,7.94932,0.00106503,4.748,0.18118,0.860244,FRENET,0.345804,1.81487,0.345804,0,1.81487,0.334482,0
6.31988,18.4264,7.94932,0.00106503,4.748,0.18118,0.860244,FRENET,0.345804,1.81487,0.345804,0,1.81487,0.334482,0
6.32328,18.4264,7.94932,0.00106503,4.748,0.18118,0.860244,FRENET,0.345804,1.81487,0.345804,0,1.81487,0.334482,0
6.32884,18.4739,7.9494,0.0028308,4.75407,0.188168,0.894565,FRENET,0.345804,1.81487,0.345804,0,1.81487,0.334482,0
6.332,18.4739,7.9494,0.0028308,4.75407,0.188168,0.894565,FRENET,0.345804,1.81487,0.345804,0,1.81487,0.334482,0
6.33591,18.5215,7.94954,0.00480476,4.75986,0.189868,0.903747,FRENET,0.345804,1.81487,0.345804,0,1.81487,0.334482,0
6.33891,18.5215,7.94954,0.00480476,4.75986,0.189868,0.903747,FRENET,0.345804,1.81487,0.345804,0,1.81487,0.334482,0
6.34375,18.5215,7.94954,0.00480476,4.75986,0.189868,0.903747,FRENET,0.345804,1.81487,0.345804,0,1.81487,0.334482,0
6.3504,18.5691,7.94969,0.00633148,4.76537,0.102155,0.486807,FRENET,0.345804,1.81487,0.345804,0,1.81487,0.334482,0
6.35428,18.5691,7.94969,0.00633148,4.76537,0.102155,0.486807,FRENET,0.345804,1.81487,0.345804,0,1.81487,0.334482,0
6.35986,18.6168,7.94981,0.0069243,4.77062,0.0355915,0.169794,FRENET,0.345804,1.81487,0.345804,0,1.81487,0.334482,0
6.36359,18.6168,7.94981,0.0069243,4.77062,0.0355915,0.169794,FRENET,0.329687,1.81487,0.329687,0,1.81487,0.335311,0
6.36897,18.6645,7.94993,0.00707142,4.77562,-0.0206193,-0.0984701,FRENET,0.329687,1.81487,0.329687,0,1.81487,0.335311,0
6.37206,18.6645,7.94993,0.00707142,4.77562,-0.0206193,-0.0984701,FRENET,0.329687,1.81487,0.329687,0,1.81487,0.335311,0
6.37685,18.7123,7.95002,0.00656862,4.78039,-0.0616244,-0.294588,FRENET,0.329687,1.81487,0.329687,0,1.81487,0.335311,0
6.38101,18.7123,7.95002,0.00656862,4.78039,-0.0616244,-0.294588,FRENET,0.329687,1.81487,0.329687,0,1.81487,0.335311,0
6.38417,18.7123,7.95002,0.00656862,4.78039,-0.0616244,-0.294588,FRENET,0.329687,1.81487,0.329687,0,1.81487,0.335311,0
6.38842,18.7601,7.95011,0.00585074,4.78492,-0.0971819,-0.465008,FRENET,0.329687,1.81487,0.329687,0,1.81487,0.335311,0
6.39184,18.7601,7.95011,0.00585074,4.78492,-0.0971819,-0.465008,FRENET,0.329687,1.81487,0.329687,0,1.81487,0.335311,0
6.39964,18.808,7.95016,0.00466833,4.78924,-0.121557,-0.582166,FRENET,0.329687,1.81487,0.329687,0,1.81487,0.335311,0
6.40325,18.808,7.95016,0.00466833,4.78924,-0.121557,-0.582166,FRENET,0.329687,1.81487,0.329687,0,1.81487,0.335311,0
6.40911,18.8559,7.95021,0.00342041,4.79336,-0.143783,-0.689206,FRENET,0.329687,1.81487,0.329687,0,1.81487,0.335311,0
6.41439,18.8559,7.95021,0.00342041,4.79336,-0.143783,-0.689206,FRENET,0.0858124,2.42528,0.0858124,0,2.42528,0.335925,0
6.41968,18.9039,7.95021,0.00182709,4.79728,-0.157513,-0.755636,FRENET,0.0858124,2.42528,0.0858124,0,2.42528,0.335925,0
6.42345,18.9039,7.95021,0.00182709,4.79728,-0.157513,-0.755636,FRENET,0.0858124,2.42528,0.0858124,0,2.42528,0.335925,0
6.42884,18.9514,7.9502,0.000205294,4.70218,-0.190098,-0.893875,FRENET,0.0858124,2.42528,0.0858124,0,2.42528,0.335925,0
6.43297,18.9514,7.9502,0.000205294,4.70218,-0.190098,-0.893875,FRENET,0.0858124,2.42528,0.0858124,0,2.42528,0.335925,0
6.43811,18.9979,7.95013,-0.00192823,4.60708,-0.211861,-0.976063,FRENET,0.0858124,2.42528,0.0858124,0,2.42528,0.335925,0
6.44191,18.9979,7.95013,-0.00192823,4.60708,-0.211861,-0.976063,FRENET,0.0858124,2.42528,0.0858124,0,2.42528,0.335925,0
6.44664,19.0435,7.95007,-0.00360624,4.51198,-0.104789,-0.472804,FRENET,0.0858124,2.42528,0.0858124,0,2.42528,0.335925,0
6.44975,19.0435,7.95007,-0.00360624,4.51198,-0.104789,-0.472804,FRENET,0.0858124,2.42528,0.0858124,0,2.42528,0.335925,0
6.45262,19.0435,7.95007,-0.00360624,4.51198,-0.104789,-0.472804,FRENET,0.0858124,2.42528,0.0858124,0,2.42528,0.335925,0
6.4566,19.0882,7.95008,-0.00414334,4.41688,-0.0304723,-0.134592,FRENET,0.0858124,2.42528,0.0858124,0,2.42528,0.335925,0
6.46118,19.0882,7.95008,-0.00414334,4.41688,-0.0304723,-0.134592,FRENET,0.0858124,2.42528,0.0858124,0,2.42528,0.335925,0
6.46752,19.1318,7.95011,-0.00424355,4.32178,0.0318293,0.137559,FRENET,0.129058,2.42528,0.129058,0,2.42528,0.335362,0
6.47126,19.1318,7.95011,-0.00424355,4.32178,0.0318293,0.137559,FRENET,0.129058,2.42528,0.129058,0,2.42528,0.335362,0
6.47704,19.1746,7.95019,-0.00358692,4.22668,0.07341,0.31028,FRENET,0.129058,2.42528,0.129058,0,2.42528,0.335362,0
6.48024,19.1746,7.95019,-0.00358692,4.22668,0.07341,0.31028,FRENET,0.129058,2.42528,0.129058,0,2.42528,0.335362,0
6.48306,19.1746,7.95019,-0.00358692,4.22668,0.07341,0.31028,FRENET,0.129058,2.42528,0.129058,0,2.42528,0.335362,0
6.48754,19.2164,7.95026,-0.00277238,4.13158,0.112174,0.463455,FRENET,0.129058,2.42528,0.129058,0,2.42528,0.335362,0
6.49147,19.2164,7.95026,-0.00277238,4.13158,0.112174,0.463455,FRENET,0.129058,2.42528,0.129058,0,2.42528,0.335362,0
6.49713,19.2572,7.95042,-0.000960744,4.03648,0.266943,1.07751,FRENET,0.129058,2.42528,0.129058,0,2.42528,0.335362,0
6.49989,19.2572,7.95042,-0.000960744,4.03648,0.266943,1.07751,FRENET,0.129058,2.42528,0.129058,0,2.42528,0.335362,0
6.50332,19.2572,7.95042,-0.000960744,4.03648,0.266943,1.07751,FRENET,0.129058,2.42528,0.129058,0,2.42528,0.335362,0
6.50881,19.2971,7.9507,0.00240728,3.94138,0.37721,1.48673,FRENET,0.129058,2.42528,0.129058,0,2.42528,0.335362,0
6.51211,19.2971,7.9507,0.00240728,3.94138,0.37721,1.48673,FRENET,0.0880579,2.42528,0.0880579,0,2.42528,0.328713,0
6.51616,19.336,7.95108,0.00653327,3.84628,0.468222,1.80091,FRENET,0.0880579,2.42528,0.0880579,0,2.42528,0.328713,0
6.51937,19.336,7.95108,0.00653327,3.84628,0.468222,1.80091,FRENET,0.0880579,2.42528,0.0880579,0,2.42528,0.328713,0
6.52339,19.336,7.95108,0.00653327,3.84628,0.468222,1.80091,FRENET,0.0880579,2.42528,0.0880579,0,2.42528,0.328713,0
6.52898,19.374,7.95157,0.0116669,3.75118,0.531467,1.99363,FRENET,0.0880579,2.42528,0.0880579,0,2.42528,0.328713,0
6.53261,19.374,7.95157,0.0116669,3.75118,0.531467,1.99363,FRENET,0.0880579,2.42528,0.0880579,0,2.42528,0.328713,0
6.53798,19.4111,7.95214,0.0171539,3.65608,0.587868,2.14929,FRENET,0.0880579,2.42528,0.0880579,0,2.42528,0.328713,0
6.54159,19.4111,7.95214,0.0171539,3.65608,0.587868,2.14929,FRENET,0.0880579,2.42528,0.0880579,0,2.42528,0.328713,0
6.54702,19.4471,7.95283,0.0233449,3.56098,0.624461,2.22369,FRENET,0.0880579,2.42528,0.0880579,0,2.42528,0.328713,0
6.55045,19.4471,7.95283,0.0233449,3.56098,0.624461,2.22369,FRENET,0.0880579,2.42528,0.0880579,0,2.42528,0.328713,0
6.55347,19.4471,7.95283,0.0233449,3.56098,0.624461,2.22369,FRENET,0.0880579,2.42528,0.0880579,0,2.42528,0.328713,0
6.5575,19.4823,7.95362,0.0296555,3.46588,0.660431,2.28897,FRENET,0.0880579,2.42528,0.0880579,0,2.42528,0.328713,0
6.56185,19.4823,7.95362,0.0296555,3.46588,0.660431,2.28897,FRENET,0.136891,2.42528,0.136891,0,2.42528,0.328982,0
6.56831,19.5164,7.95454,0.0364849,3.37078,0.680092,2.29244,FRENET,0.136891,2.42528,0.136891,0,2.42528,0.328982,0
6.57173,19.5164,7.95454,0.0364849,3.37078,0.680092,2.29244,FRENET,0.136891,2.42528,0.136891,0,2.42528,0.328982,0
6.57678,19.5497,7.95556,0.0432811,3.27568,0.702307,2.30053,FRENET,0.136891,2.42528,0.136891,0,2.42528,0.328982,0
6.58032,19.5497,7.95556,0.0432811,3.27568,0.702307,2.30053,FRENET,0.136891,2.42528,0.136891,0,2.42528,0.328982,0
6.58458,19.5497,7.95556,0.0432811,3.27568,0.702307,2.30053,FRENET,0.136891,2.42528,0.136891,0,2.42528,0.328982,0
6.58842,19.5819,7.95672,0.0504658,3.18058,0.709524,2.2567,FRENET,0.136891,2.42528,0.136891,0,2.42528,0.328982,0
6.59195,19.5819,7.95672,0.0504658,3.18058,0.709524,2.2567,FRENET,0.136891,2.42528,0.136891,0,2.42528,0.328982,0
6.59853,19.6132,7.95796,0.0570697,3.08548,0.594169,1.83329,FRENET,0.136891,2.42528,0.136891,0,2.42528,0.328982,0
6.60195,19.6132,7.95796,0.0570697,3.08548,0.594169,1.83329,FRENET,0.136891,2.42528,0.136891,0,2.42528,0.328982,0
6.60593,19.6436,7.95921,0.0625086,2.99038,0.522463,1.56236,FRENET,0.136891,2.42528,0.136891,0,2.42528,0.328982,0
6.60976,19.6436,7.95921,0.0625086,2.99038,0.522463,1.56236,FRENET,0.136891,2.42528,0.136891,0,2.42528,0.328982,0
6.61346,19.6436,7.95921,0.0625086,2.99038,0.522463,1.56236,FRENET,0.129042,2.42528,0.129042,0,2.42528,0.337236,0
6.62068,19.673,7.96055,0.0675392,2.89528,0.462405,1.33879,FRENET,0.129042,2.42528,0.129042,0,2.42528,0.337236,0
6.62453,19.673,7.96055,0.0675392,2.89528,0.462405,1.33879,FRENET,0.129042,2.42528,0.129042,0,2.42528,0.337236,0
6.62988,19.7014,7.96193,0.0718541,2.80018,0.426703,1.19485,FRENET,0.129042,2.42528,0.129042,0,2.42528,0.337236,0
6.63456,19.7014,7.96193,0.0718541,2.80018,0.426703,1.19485,FRENET,0.129042,2.42528,0.129042,0,2.42528,0.337236,0
6.64021,19.7289,7.9634,0.0760468,2.70508,0.388714,1.0515,FRENET,0.129042,2.42528,0.129042,0,2.42528,0.337236,0
6.64462,19.7289,7.9634,0.0760468,2.70508,0.388714,1.0515,FRENET,0.129042,2.42528,0.129042,0,2.42528,0.337236,0
6.65094,19.7554,7.96491,0.0797013,2.60998,0.367185,0.958345,FRENET,0.129042,2.42528,0.129042,0,2.42528,0.337236,0
6.65424,19.7554,7.96491,0.0797013,2.60998,0.367185,0.958345,FRENET,0.129042,2.42528,0.129042,0,2.42528,0.337236,0
6.6594,19.781,7.9665,0.083342,2.51488,0.337016,0.847553,FRENET,0.129042,2.42528,0.129042,0,2.42528,0.337236,0
6.66326,19.781,7.9665,0.083342,2.51488,0.337016,0.847553,FRENET,0.135532,2.42528,0.135532,0,2.42528,0.328701,0
6.66897,19.8056,7.96812,0.0865077,2.41978,0.320726,0.776085,FRENET,0.135532,2.42528,0.135532,0,2.42528,0.328701,0
6.67208,19.8056,7.96812,0.0865077,2.41978,0.320726,0.776085,FRENET,0.135532,2.42528,0.135532,0,2.42528,0.328701,0
6.6771,19.8293,7.9698,0.0896966,2.32468,0.292784,0.68063,FRENET,0.135532,2.42528,0.135532,0,2.42528,0.328701,0
6.68093,19.8293,7.9698,0.0896966,2.32468,0.292784,0.68063,FRENET,0.135532,2.42528,0.135532,0,2.42528,0.328701,0
6.68414,19.8293,7.9698,0.0896966,2.32468,0.292784,0.68063,FRENET,0.135532,2.42528,0.135532,0,2.42528,0.328701,0
6.68834,19.852,7.9715,0.0924238,2.23173,0.277147,0.618517,FRENET,0.135532,2.42528,0.135532,0,2.42528,0.328701,0
6.69201,19.852,7.9715,0.0924238,2.23173,0.277147,0.618517,FRENET,0.135532,2.42528,0.135532,0,2.42528,0.328701,0
6.69791,19.8739,7.97325,0.0951122,2.15646,0.23893,0.515243,FRENET,0.135532,2.42528,0.135532,0,2.42528,0.328701,0
6.70182,19.8739,7.97325,0.0951122,2.15646,0.23893,0.515243,FRENET,0.135532,2.42528,0.135532,0,2.42528,0.328701,0
6.70603,19.8951,7.97503,0.097249,2.09551,0.212094,0.444444,FRENET,0.135532,2.42528,0.135532,0,2.42528,0.328701,0
6.71069,19.8951,7.97503,0.097249,2.09551,0.212094,0.444444,FRENET,0.135532,2.42528,0.135532,0,2.42528,0.328701,0
6.71251,19.8951,7.97503,0.097249,2.09551,0.212094,0.444444,FRENET,0.268105,1.38429,0.268105,0,1.38429,0.323271,0
6.71691,19.9157,7.97686,0.099286,2.04615,0.176239,0.360611,FRENET,0.268105,1.38429,0.268105,0,1.38429,0.323271,0
6.72025,19.9157,7.97686,0.099286,2.04615,0.176239,0.360611,FRENET,0.268105,1.38429,0.268105,0,1.38429,0.323271,0
6.72351,19.9157,7.97686,0.099286,2.04615,0.176239,0.360611,FRENET,0.268105,1.38429,0.268105,0,1.38429,0.323271,0
6.72762,19.9363,7.97878,0.100659,2.10306,0.11882,0.249885,FRENET,0.268105,1.38429,0.268105,0,1.38429,0.323271,0
6.73122,19.9363,7.97878,0.100659,2.10306,0.11882,0.249885,FRENET,0.268105,1.38429,0.268105,0,1.38429,0.323271,0
6.73617,19.9576,7.98083,0.101739,2.15726,0.0878078,0.189424,FRENET,0.268105,1.38429,0.268105,0,1.38429,0.323271,0
6.73937,19.9576,7.98083,0.101739,2.15726,0.0878078,0.189424,FRENET,0.268105,1.38429,0.268105,0,1.38429,0.323271,0
6.743,19.9576,7.98083,0.101739,2.15726,0.0878078,0.189424,FRENET,0.268105,1.38429,0.268105,0,1.38429,0.323271,0
6.74763,19.9793,7.98297,0.102269,2.20889,0.0116138,0.0256536,FRENET,0.268105,1.38429,0.268105,0,1.38429,0.323271,0
6.75216,19.9793,7.98297,0.102269,2.20889,0.0116138,0.0256536,FRENET,0.268105,1.38429,0.268105,0,1.38429,0.323271,0
6.75627,20.0015,7.98514,0.102095,2.25806,-0.0290471,-0.06559,FRENET,0.268105,1.38429,0.268105,0,1.38429,0.323271,0
6.75932,20.0015,7.98514,0.102095,2.25806,-0.0290471,-0.06559,FRENET,0.268105,1.38429,0.268105,0,1.38429,0.323271,0
6.76324,20.0015,7.98514,0.102095,2.25806,-0.0290471,-0.06559,FRENET,0.271472,1.38429,0.271472,0,1.38429,0.328701,0
6.76778,20.0242,7.98736,0.101713,2.30489,-0.0587152,-0.135332,FRENET,0.271472,1.38429,0.271472,0,1.38429,0.328701,0
6.77118,20.0242,7.98736,0.101713,2.30489,-0.0587152,-0.135332,FRENET,0.271472,1.38429,0.271472,0,1.38429,0.328701,0
6.77611,20.0474,7.98958,0.10074,2.3495,-0.14351,-0.337177,FRENET,0.271472,1.38429,0.271472,0,1.38429,0.328701,0
6.77915,20.0474,7.98958,0.10074,2.3495,-0.14351,-0.337177,FRENET,0.271472,1.38429,0.271472,0,1.38429,0.328701,0
6.78297,20.0474,7.98958,0.10074,2.3495,-0.14351,-0.337177,FRENET,0.271472,1.38429,0.271472,0,1.38429,0.328701,0
6.78714,20.071,7.99176,0.0989602,2.39198,-0.194693,-0.465702,FRENET,0.271472,1.38429,0.271472,0,1.38429,0.328701,0
6.791,20.071,7.99176,0.0989602,2.39198,-0.194693,-0.465702,FRENET,0.271472,1.38429,0.271472,0,1.38429,0.328701,0
6.7959,20.095,7.99391,0.0968718,2.43245,-0.234524,-0.570468,FRENET,0.271472,1.38429,0.271472,0,1.38429,0.328701,0
6.79901,20.095,7.99391,0.0968718,2.43245,-0.234524,-0.570468,FRENET,0.271472,1.38429,0.271472,0,1.38429,0.328701,0
6.80305,20.095,7.99391,0.0968718,2.43245,-0.234524,-0.570468,FRENET,0.271472,1.38429,0.271472,0,1.38429,0.328701,0
6.80718,20.1194,7.99601,0.0943334,2.47099,-0.257364,-0.635945,FRENET,0.271472,1.38429,0.271472,0,1.38429,0.328701,0
6.81102,20.1194,7.99601,0.0943334,2.47099,-0.257364,-0.635945,FRENET,0.250718,1.38429,0.250718,0,1.38429,0.346462,0
6.81597,20.1442,7.99808,0.0917175,2.5077,-0.278981,-0.699601,FRENET,0.250718,1.38429,0.250718,0,1.38429,0.346462,0
6.81893,20.1442,7.99808,0.0917175,2.5077,-0.278981,-0.699601,FRENET,0.250718,1.38429,0.250718,0,1.38429,0.346462,0
6.82307,20.1442,7.99808,0.0917175,2.5077,-0.278981,-0.699601,FRENET,0.250718,1.38429,0.250718,0,1.38429,0.346462,0
6.82741,20.1694,8.0001,0.0887968,2.54266,-0.289976,-0.737313,FRENET,0.250718,1.38429,0.250718,0,1.38429,0.346462,0
6.8311,20.1694,8.0001,0.0887968,2.54266,-0.289976,-0.737313,FRENET,0.250718,1.38429,0.250718,0,1.38429,0.346462,0
6.83601,20.1949,8.00209,0.0858982,2.57596,-0.303724,-0.782383,FRENET,0.250718,1.38429,0.250718,0,1.38429,0.346462,0
6.83891,20.1949,8.00209,0.0858982,2.57596,-0.303724,-0.782383,FRENET,0.250718,1.38429,0.250718,0,1.38429,0.346462,0
6.84333,20.1949,8.00209,0.0858982,2.57596,-0.303724,-0.782383,FRENET,0.250718,1.38429,0.250718,0,1.38429,0.346462,0
6.85007,20.2208,8.00401,0.0827569,2.60768,-0.309447,-0.806939,FRENET,0.250718,1.38429,0.250718,0,1.38429,0.346462,0
6.8531,20.2208,8.00401,0.0827569,2.60768,-0.309447,-0.806939,FRENET,0.250718,1.38429,0.250718,0,1.38429,0.346462,0
6.85667,20.2469,8.00589,0.0796841,2.63789,-0.319565,-0.842978,FRENET,0.250718,1.38429,0.250718,0,1.38429,0.346462,0
6.8604,20.2469,8.00589,0.0796841,2.63789,-0.319565,-0.842978,FRENET,0.250718,1.38429,0.250718,0,1.38429,0.346462,0
6.86339,20.2469,8.00589,0.0796841,2.63789,-0.319565,-0.842978,FRENET,0.27802,1.38429,0.27802,0,1.38429,0.367242,0
6.86889,20.2734,8.00771,0.0763967,2.66666,-0.322776,-0.860735,FRENET,0.27802,1.38429,0.27802,0,1.38429,0.367242,0
6.87221,20.2734,8.00771,0.0763967,2.66666,-0.322776,-0.860735,FRENET,0.27802,1.38429,0.27802,0,1.38429,0.367242,0
6.87727,20.3001,8.00948,0.0732011,2.69407,-0.33109,-0.89198,FRENET,0.27802,1.38429,0.27802,0,1.38429,0.367242,0
6.88316,20.3001,8.00948,0.0732011,2.69407,-0.33109,-0.89198,FRENET,0.27802,1.38429,0.27802,0,1.38429,0.367242,0
6.8885,20.3272,8.01117,0.0698044,2.72017,-0.333004,-0.905829,FRENET,0.27802,1.38429,0.27802,0,1.38429,0.367242,0
6.89154,20.3272,8.01117,0.0698044,2.72017,-0.333004,-0.905829,FRENET,0.27802,1.38429,0.27802,0,1.38429,0.367242,0
6.8965,20.3544,8.01281,0.0665126,2.74503,-0.340336,-0.934234,FRENET,0.27802,1.38429,0.27802,0,1.38429,0.367242,0
6.9001,20.3544,8.01281,0.0665126,2.74503,-0.340336,-0.934234,FRENET,0.27802,1.38429,0.27802,0,1.38429,0.367242,0
6.90359,20.3544,8.01281,0.0665126,2.74503,-0.340336,-0.934234,FRENET,0.27802,1.38429,0.27802,0,1.38429,0.367242,0
6.90888,20.382,8.01436,0.0630264,2.76871,-0.341511,-0.945544,FRENET,0.27802,1.38429,0.27802,0,1.38429,0.367242,0
6.91227,20.382,8.01436,0.0630264,2.76871,-0.341511,-0.945544,FRENET,0.308012,1.38429,0.308012,0,1.38429,0.406729,0
6.91733,20.4097,8.01586,0.0596536,2.79126,-0.348246,-0.972046,FRENET,0.308012,1.38429,0.308012,0,1.38429,0.406729,0
6.92048,20.4097,8.01586,0.0596536,2.79126,-0.348246,-0.972046,FRENET,0.308012,1.38429,0.308012,0,1.38429,0.406729,0
6.92387,20.4097,8.01586,0.0596536,2.79126,-0.348246,-0.972046,FRENET,0.308012,1.38429,0.308012,0,1.38429,0.406729,0
6.92883,20.4377,8.01726,0.05609,2.81274,-0.348947,-0.981498,FRENET,0.308012,1.38429,0.308012,0,1.38429,0.406729,0
6.93257,20.4377,8.01726,0.05609,2.81274,-0.348947,-0.981498,FRENET,0.308012,1.38429,0.308012,0,1.38429,0.406729,0
6.93836,20.4659,8.0186,0.0526457,2.8332,-0.355275,-1.00656,FRENET,0.308012,1.38429,0.308012,0,1.38429,0.406729,0
6.94237,20.4659,8.0186,0.0526457,2.8332,-0.355275,-1.00656,FRENET,0.308012,1.38429,0.308012,0,1.38429,0.406729,0
6.94747,20.4943,8.01985,0.0490128,2.85269,-0.355635,-1.01452,FRENET,0.308012,1.38429,0.308012,0,1.38429,0.406729,0
6.95107,20.4943,8.01985,0.0490128,2.85269,-0.355635,-1.01452,FRENET,0.308012,1.38429,0.308012,0,1.38429,0.406729,0
6.95607,20.5229,8.02104,0.0457861,2.87125,-0.278805,-0.800518,FRENET,0.308012,1.38429,0.308012,0,1.38429,0.406729,0
6.96004,20.5229,8.02104,0.0457861,2.87125,-0.278805,-0.800518,FRENET,0.308012,1.38429,0.308012,0,1.38429,0.406729,0
6.96437,20.5229,8.02104,0.0457861,2.87125,-0.278805,-0.800518,FRENET,0.245597,1.38429,0.245597,0,1.38429,0.452118,0
6.96932,20.5517,8.02223,0.0433306,2.88892,-0.23123,-0.668005,FRENET,0.245597,1.38429,0.245597,0,1.38429,0.452118,0
6.97217,20.5517,8.02223,0.0433306,2.88892,-0.23123,-0.668005,FRENET,0.245597,1.38429,0.245597,0,1.38429,0.452118,0
6.97604,20.5806,8.02338,0.0411368,2.90576,-0.194002,-0.563722,FRENET,0.245597,1.38429,0.245597,0,1.38429,0.452118,0
6.97894,20.5806,8.02338,0.0411368,2.90576,-0.194002,-0.563722,FRENET,0.245597,1.38429,0.245597,0,1.38429,0.452118,0
6.98356,20.5806,8.02338,0.0411368,2.90576,-0.194002,-0.563722,FRENET,0.245597,1.38429,0.245597,0,1.38429,0.452118,0
6.9879,20.6097,8.02451,0.0393851,2.92179,-0.173666,-0.507417,FRENET,0.245597,1.38429,0.245597,0,1.38429,0.452118,0
6.99443,20.6097,8.02451,0.0393851,2.92179,-0.173666,-0.507417,FRENET,0.245597,1.38429,0.245597,0,1.38429,0.452118,0
7.00272,20.639,8.0256,0.0376667,2.93707,-0.155179,-0.455771,FRENET,0.245597,1.38429,0.245597,0,1.38429,0.452118,0
7.00779,20.6684,8.02667,0.0362354,2.95161,-0.147716,-0.435999,FRENET,0.245597,1.38429,0.245597,0,1.38429,0.452118,0
7.01122,20.6684,8.02667,0.0362354,2.95161,-0.147716,-0.435999,FRENET,0.0978289,2.78336,0.0978289,0,2.78336,0.501877,0
7.01724,20.698,8.02769,0.034729,2.96547,-0.138063,-0.409423,FRENET,0.0978289,2.78336,0.0978289,0,2.78336,0.501877,0
7.02054,20.698,8.02769,0.034729,2.96547,-0.138063,-0.409423,FRENET,0.0978289,2.78336,0.0978289,0,2.78336,0.501877,0
7.02353,20.698,8.02769,0.034729,2.96547,-0.138063,-0.409423,FRENET,0.0978289,2.78336,0.0978289,0,2.78336,0.501877,0
7.02864,20.7272,8.02867,0.033357,2.87037,-0.159355,-0.457407,FRENET,0.0978289,2.78336,0.0978289,0,2.78336,0.501877,0
7.03164,20.7272,8.02867,0.033357,2.87037,-0.159355,-0.457407,FRENET,0.0978289,2.78336,0.0978289,0,2.78336,0.501877,0
7.0361,20.7554,8.02953,0.0311875,2.77527,-0.289238,-0.802713,FRENET,0.0978289,2.78336,0.0978289,0,2.78336,0.501877,0
7.03911,20.7554,8.02953,0.0311875,2.77527,-0.289238,-0.802713,FRENET,0.0978289,2.78336,0.0978289,0,2.78336,0.501877,0
7.04313,20.7554,8.02953,0.0311875,2.77527,-0.289238,-0.802713,FRENET,0.0978289,2.78336,0.0978289,0,2.78336,0.501877,0
7.04823,20.7827,8.03023,0.0277764,2.68017,-0.362293,-0.971006,FRENET,0.0978289,2.78336,0.0978289,0,2.78336,0.501877,0
7.05105,20.7827,8.03023,0.0277764,2.68017,-0.362293,-0.971006,FRENET,0.0978289,2.78336,0.0978289,0,2.78336,0.501877,0
7.05625,20.809,8.03084,0.0244078,2.58507,-0.292059,-0.754992,FRENET,0.0978289,2.78336,0.0978289,0,2.78336,0.501877,0
7.06016,20.809,8.03084,0.0244078,2.58507,-0.292059,-0.754992,FRENET,0.0978289,2.78336,0.0978289,0,2.78336,0.501877,0
7.06397,20.809,8.03084,0.0244078,2.58507,-0.292059,-0.754992,FRENET,0.113292,2.78336,0.113292,0,2.78336,0.482702,0
7.07052,20.8343,8.03147,0.0222238,2.48997,-0.133026,-0.33123,FRENET,0.113292,2.78336,0.113292,0,2.78336,0.482702,0
7.0749,20.8343,8.03147,0.0222238,2.48997,-0.133026,-0.33123,FRENET,0.113292,2.78336,0.113292,0,2.78336,0.482702,0
7.08142,20.8588,8.03218,0.0219163,2.39487,0.0780632,0.186951,FRENET,0.113292,2.78336,0.113292,0,2.78336,0.482702,0
7.08444,20.8588,8.03218,0.0219163,2.39487,0.0780632,0.186951,FRENET,0.113292,2.78336,0.113292,0,2.78336,0.482702,0
7.09619,20.8822,8.033,0.0234565,2.29977,0.194371,0.447008,FRENET,0.113292,2.78336,0.113292,0,2.78336,0.482702,0
7.10184,20.9047,8.03384,0.0257045,2.20467,0.272641,0.601082,FRENET,0.113292,2.78336,0.113292,0,2.78336,0.482702,0
7.10479,20.9047,8.03384,0.0257045,2.20467,0.272641,0.601082,FRENET,0.113292,2.78336,0.113292,0,2.78336,0.482702,0
7.1089,20.9263,8.03473,0.0287364,2.10957,0.304813,0.643024,FRENET,0.113292,2.78336,0.113292,0,2.78336,0.482702,0
7.11242,20.9263,8.03473,0.0287364,2.10957,0.304813,0.643024,FRENET,0.124776,2.78336,0.124776,0,2.78336,0.405907,0
7.11733,20.9469,8.03561,0.0318078,2.01447,0.331224,0.667241,FRENET,0.124776,2.78336,0.124776,0,2.78336,0.405907,0
7.12073,20.9469,8.03561,0.0318078,2.01447,0.331224,0.667241,FRENET,0.124776,2.78336,0.124776,0,2.78336,0.405907,0
7.12393,20.9469,8.03561,0.0318078,2.01447,0.331224,0.667241,FRENET,0.124776,2.78336,0.124776,0,2.78336,0.405907,0
7.12862,20.9665,8.03653,0.035243,1.91937,0.329311,0.632069,FRENET,0.124776,2.78336,0.124776,0,2.78336,0.405907,0
7.1339,20.9665,8.03653,0.035243,1.91937,0.329311,0.632069,FRENET,0.124776,2.78336,0.124776,0,2.78336,0.405907,0
7.13935,20.9852,8.03744,0.0384465,1.82427,0.334921,0.610986,FRENET,0.124776,2.78336,0.124776,0,2.78336,0.405907,0
7.14307,20.9852,8.03744,0.0384465,1.82427,0.334921,0.610986,FRENET,0.124776,2.78336,0.124776,0,2.78336,0.405907,0
7.14943,21.003,8.03837,0.0418383,1.72917,0.317747,0.549439,FRENET,0.124776,2.78336,0.124776,0,2.78336,0.405907,0
7.15498,21.003,8.03837,0.0418383,1.72917,0.317747,0.549439,FRENET,0.124776,2.78336,0.124776,0,2.78336,0.405907,0
7.16128,21.0198,8.03929,0.0448776,1.63407,0.314522,0.51395,FRENET,0.124776,2.78336,0.124776,0,2.78336,0.405907,0
7.16542,21.0198,8.03929,0.0448776,1.63407,0.314522,0.51395,FRENET,0.125161,2.78336,0.125161,0.022357,2.78336,0.358792,0
7.16991,21.0356,8.04022,0.0480246,1.53897,0.289276,0.445186,FRENET,0.125161,2.78336,0.125161,0.022357,2.78336,0.358792,0
7.17349,21.0356,8.04022,0.0480246,1.53897,0.289276,0.445186,FRENET,0.125161,2.78336,0.125161,0.022357,2.78336,0.358792,0
7.18047,21.0505,8.04114,0.0507463,1.45218,0.2799,0.406463,FRENET,0.125161,2.78336,0.125161,0.022357,2.78336,0.358792,0
7.18513,21.0505,8.04114,0.0507463,1.45218,0.2799,0.406463,FRENET,0.125161,2.78336,0.125161,0.022357,2.78336,0.358792,0
7.18994,21.0647,8.04207,0.0534916,1.38189,0.246795,0.341044,FRENET,0.125161,2.78336,0.125161,0.022357,2.78336,0.358792,0
7.19532,21.0647,8.04207,0.0534916,1.38189,0.246795,0.341044,FRENET,0.125161,2.78336,0.125161,0.022357,2.78336,0.358792,0
7.20179,21.0782,8.04299,0.0557831,1.32497,0.235393,0.31189,FRENET,0.125161,2.78336,0.125161,0.022357,2.78336,0.358792,0
7.20634,21.0911,8.04394,0.0581011,1.27888,0.207831,0.265792,FRENET,0.125161,2.78336,0.125161,0.022357,2.78336,0.358792,0
7.21076,21.0911,8.04394,0.0581011,1.27888,0.207831,0.265792,FRENET,0.125161,2.78336,0.125161,0.022357,2.78336,0.358792,0
7.21429,21.0911,8.04394,0.0581011,1.27888,0.207831,0.265792,FRENET,0.11053,2.78336,0.11053,0.0795995,2.78336,0.336848,0
7.21858,21.1037,8.04489,0.0600479,1.24156,0.203766,0.252987,FRENET,0.11053,2.78336,0.11053,0.0795995,2.78336,0.336848,0
7.22293,21.1037,8.04489,0.0600479,1.24156,0.203766,0.252987,FRENET,0.11053,2.78336,0.11053,0.0795995,2.78336,0.336848,0
7.22851,21.1159,8.04586,0.0620841,1.21133,0.183736,0.222565,FRENET,0.11053,2.78336,0.11053,0.0795995,2.78336,0.336848,0
7.23367,21.1159,8.04586,0.0620841,1.21133,0.183736,0.222565,FRENET,0.11053,2.78336,0.11053,0.0795995,2.78336,0.336848,0
7.23905,21.1279,8.04683,0.0638266,1.18686,0.185666,0.220359,FRENET,0.11053,2.78336,0.11053,0.0795995,2.78336,0.336848,0
7.24345,21.1279,8.04683,0.0638266,1.18686,0.185666,0.220359,FRENET,0.11053,2.78336,0.11053,0.0795995,2.78336,0.336848,0
7.25011,21.1397,8.04784,0.0656909,1.18502,0.170145,0.201625,FRENET,0.11053,2.78336,0.11053,0.0795995,2.78336,0.336848,0
7.25377,21.1397,8.04784,0.0656909,1.18502,0.170145,0.201625,FRENET,0.11053,2.78336,0.11053,0.0795995,2.78336,0.336848,0
7.2584,21.1515,8.04886,0.0673267,1.18354,0.175877,0.208157,FRENET,0.11053,2.78336,0.11053,0.0795995,2.78336,0.336848,0
7.26306,21.1515,8.04886,0.0673267,1.18354,0.175877,0.208157,FRENET,0.103783,2.78336,0.103783,0.132158,2.78336,0.337039,0
7.2688,21.1633,8.04991,0.0691279,1.18233,0.166248,0.19656,FRENET,0.103783,2.78336,0.103783,0.132158,2.78336,0.337039,0
7.2719,21.1633,8.04991,0.0691279,1.18233,0.166248,0.19656,FRENET,0.103783,2.78336,0.103783,0.132158,2.78336,0.337039,0
7.27727,21.1751,8.05095,0.0704772,1.18136,0.0963294,0.1138,FRENET,0.103783,2.78336,0.103783,0.132158,2.78336,0.337039,0
7.28103,21.1751,8.05095,0.0704772,1.18136,0.0963294,0.1138,FRENET,0.103783,2.78336,0.103783,0.132158,2.78336,0.337039,0
7.28406,21.1751,8.05095,0.0704772,1.18136,0.0963294,0.1138,FRENET,0.103783,2.78336,0.103783,0.132158,2.78336,0.337039,0
7.28853,21.1868,8.05194,0.0712445,1.18057,0.079804,0.0942141,FRENET,0.103783,2.78336,0.103783,0.132158,2.78336,0.337039,0
7.29348,21.1868,8.05194,0.0712445,1.18057,0.079804,0.0942141,FRENET,0.103783,2.78336,0.103783,0.132158,2.78336,0.337039,0
7.29835,21.1986,8.05292,0.0720304,1.17993,0.0608696,0.0718219,FRENET,0.103783,2.78336,0.103783,0.132158,2.78336,0.337039,0
7.30144,21.1986,8.05292,0.0720304,1.17993,0.0608696,0.0718219,FRENET,0.103783,2.78336,0.103783,0.132158,2.78336,0.337039,0
7.30448,21.1986,8.05292,0.0720304,1.17993,0.0608696,0.0718219,FRENET,0.103783,2.78336,0.103783,0.132158,2.78336,0.337039,0
7.31113,21.2104,8.05388,0.0725642,1.17941,0.0648615,0.0764985,FRENET,0.103783,2.78336,0.103783,0.132158,2.78336,0.337039,0
7.31441,21.2104,8.05388,0.0725642,1.17941,0.0648615,0.0764985,FRENET,0.125095,2.78336,0.125095,0.124172,2.78336,0.343654,0
7.31999,21.2221,8.05485,0.0732499,1.17899,0.0543273,0.0640515,FRENET,0.125095,2.78336,0.125095,0.124172,2.78336,0.343654,0
7.3232,21.2221,8.05485,0.0732499,1.17899,0.0543273,0.0640515,FRENET,0.125095,2.78336,0.125095,0.124172,2.78336,0.343654,0
7.32961,21.2339,8.0558,0.0737388,1.17865,0.0618436,0.0728923,FRENET,0.125095,2.78336,0.125095,0.124172,2.78336,0.343654,0
7.33368,21.2339,8.0558,0.0737388,1.17865,0.0618436,0.0728923,FRENET,0.125095,2.78336,0.125095,0.124172,2.78336,0.343654,0
7.33806,21.2456,8.05677,0.0744032,1.17838,0.052848,0.062275,FRENET,0.125095,2.78336,0.125095,0.124172,2.78336,0.343654,0
7.34273,21.2456,8.05677,0.0744032,1.17838,0.052848,0.062275,FRENET,0.125095,2.78336,0.125095,0.124172,2.78336,0.343654,0
7.34801,21.2573,8.05773,0.0748814,1.17816,0.0610674,0.071947,FRENET,0.125095,2.78336,0.125095,0.124172,2.78336,0.343654,0
7.35099,21.2573,8.05773,0.0748814,1.17816,0.0610674,0.071947,FRENET,0.125095,2.78336,0.125095,0.124172,2.78336,0.343654,0
7.35871,21.2691,8.05871,0.07554,1.17798,0.0524155,0.0617442,FRENET,0.125095,2.78336,0.125095,0.124172,2.78336,0.343654,0
7.36321,21.2691,8.05871,0.07554,1.17798,0.0524155,0.0617442,FRENET,0.213096,2.98303,0.213096,0.0994648,2.98303,0.348244,0
7.36876,21.2808,8.05968,0.0760149,1.17783,0.0608121,0.0716263,FRENET,0.213096,2.98303,0.213096,0.0994648,2.98303,0.348244,0
7.37198,21.2808,8.05968,0.0760149,1.17783,0.0608121,0.0716263,FRENET,0.213096,2.98303,0.213096,0.0994648,2.98303,0.348244,0
7.37785,21.2928,8.06068,0.0766582,1.21888,0.0535654,0.0652898,FRENET,0.213096,2.98303,0.213096,0.0994648,2.98303,0.348244,0
7.38166,21.2928,8.06068,0.0766582,1.21888,0.0535654,0.0652898,FRENET,0.213096,2.98303,0.213096,0.0994648,2.98303,0.348244,0
7.38464,21.2928,8.06068,0.0766582,1.21888,0.0535654,0.0652898,FRENET,0.213096,2.98303,0.213096,0.0994648,2.98303,0.348244,0
7.38955,21.3051,8.06171,0.0771536,1.25798,0.0605331,0.0761491,FRENET,0.213096,2.98303,0.213096,0.0994648,2.98303,0.348244,0
7.39448,21.3051,8.06171,0.0771536,1.25798,0.0605331,0.0761491,FRENET,0.213096,2.98303,0.213096,0.0994648,2.98303,0.348244,0
7.40205,21.3178,8.0628,0.0778093,1.29521,0.0557241,0.0721746,FRENET,0.213096,2.98303,0.213096,0.0994648,2.98303,0.348244,0
7.4062,21.3309,8.06388,0.0780988,1.33068,-0.0049627,-0.00660377,FRENET,0.213096,2.98303,0.213096,0.0994648,2.98303,0.348244,0
7.41062,21.3309,8.06388,0.0780988,1.33068,-0.0049627,-0.00660377,FRENET,0.213096,2.98303,0.213096,0.0994648,2.98303,0.348244,0
7.41498,21.3309,8.06388,0.0780988,1.33068,-0.0049627,-0.00660377,FRENET,0.213841,2.98303,0.213841,0.129907,2.98303,0.370832,0
7.42045,21.3443,8.06492,0.0776176,1.36446,-0.0951569,-0.129838,FRENET,0.213841,2.98303,0.213841,0.129907,2.98303,0.370832,0
7.42429,21.3443,8.06492,0.0776176,1.36446,-0.0951569,-0.129838,FRENET,0.213841,2.98303,0.213841,0.129907,2.98303,0.370832,0
7.43006,21.3581,8.06587,0.0763738,1.39663,-0.133391,-0.186299,FRENET,0.213841,2.98303,0.213841,0.129907,2.98303,0.370832,0
7.4331,21.3581,8.06587,0.0763738,1.39663,-0.133391,-0.186299,FRENET,0.213841,2.98303,0.213841,0.129907,2.98303,0.370832,0
7.43719,21.3722,8.06679,0.0749496,1.42728,-0.16428,-0.234474,FRENET,0.213841,2.98303,0.213841,0.129907,2.98303,0.370832,0
7.4435,21.3722,8.06679,0.0749496,1.42728,-0.16428,-0.234474,FRENET,0.213841,2.98303,0.213841,0.129907,2.98303,0.370832,0
7.44966,21.3866,8.06765,0.0731721,1.45647,-0.174618,-0.254325,FRENET,0.213841,2.98303,0.213841,0.129907,2.98303,0.370832,0
7.45434,21.3866,8.06765,0.0731721,1.45647,-0.174618,-0.254325,FRENET,0.213841,2.98303,0.213841,0.129907,2.98303,0.370832,0
7.46844,21.4013,8.0685,0.071417,1.48426,-0.191076,-0.283607,FRENET,0.227383,2.98303,0.227383,0,2.98303,0.39879,0
7.47262,21.4013,8.0685,0.071417,1.48426,-0.191076,-0.283607,FRENET,0.227383,2.98303,0.227383,0,2.98303,0.39879,0
7.48066,21.4162,8.0693,0.0694133,1.51074,-0.193751,-0.292708,FRENET,0.227383,2.98303,0.227383,0,2.98303,0.39879,0
7.48415,21.4162,8.0693,0.0694133,1.51074,-0.193751,-0.292708,FRENET,0.227383,2.98303,0.227383,0,2.98303,0.39879,0
7.48846,21.4314,8.07008,0.0674932,1.53596,-0.205527,-0.315681,FRENET,0.227383,2.98303,0.227383,0,2.98303,0.39879,0
7.49287,21.4314,8.07008,0.0674932,1.53596,-0.205527,-0.315681,FRENET,0.227383,2.98303,0.227383,0,2.98303,0.39879,0
7.49767,21.4469,8.07083,0.0653591,1.55998,-0.205476,-0.320539,FRENET,0.227383,2.98303,0.227383,0,2.98303,0.39879,0
7.50093,21.4469,8.07083,0.0653591,1.55998,-0.205476,-0.320539,FRENET,0.227383,2.98303,0.227383,0,2.98303,0.39879,0
7.50393,21.4469,8.07083,0.0653591,1.55998,-0.205476,-0.320539,FRENET,0.227383,2.98303,0.227383,0,2.98303,0.39879,0
7.50893,21.4626,8.07157,0.063333,1.58286,-0.215281,-0.340759,FRENET,0.227383,2.98303,0.227383,0,2.98303,0.39879,0
7.51279,21.4626,8.07157,0.063333,1.58286,-0.215281,-0.340759,FRENET,0.229575,2.98303,0.229575,0,2.98303,0.429877,0
7.51904,21.4785,8.07227,0.0611071,1.60465,-0.214029,-0.343441,FRENET,0.229575,2.98303,0.229575,0,2.98303,0.429877,0
7.52289,21.4785,8.07227,0.0611071,1.60465,-0.214029,-0.343441,FRENET,0.229575,2.98303,0.229575,0,2.98303,0.429877,0
7.5282,21.4947,8.07296,0.0590043,1.63152,-0.221954,-0.362122,FRENET,0.229575,2.98303,0.229575,0,2.98303,0.429877,0
7.53187,21.4947,8.07296,0.0590043,1.63152,-0.221954,-0.362122,FRENET,0.229575,2.98303,0.229575,0,2.98303,0.429877,0
7.53602,21.5111,8.07361,0.0567154,1.65711,-0.220399,-0.365226,FRENET,0.229575,2.98303,0.229575,0,2.98303,0.429877,0
7.53945,21.5111,8.07361,0.0567154,1.65711,-0.220399,-0.365226,FRENET,0.229575,2.98303,0.229575,0,2.98303,0.429877,0
7.54423,21.5111,8.07361,0.0567154,1.65711,-0.220399,-0.365226,FRENET,0.229575,2.98303,0.229575,0,2.98303,0.429877,0
7.54891,21.5278,8.07427,0.0548016,1.68149,-0.153941,-0.25885,FRENET,0.229575,2.98303,0.229575,0,2.98303,0.429877,0
7.55215,21.5278,8.07427,0.0548016,1.68149,-0.153941,-0.25885,FRENET,0.229575,2.98303,0.229575,0,2.98303,0.429877,0
7.55641,21.5447,8.07497,0.0534975,1.70471,-0.126061,-0.214897,FRENET,0.229575,2.98303,0.229575,0,2.98303,0.429877,0
7.56188,21.5447,8.07497,0.0534975,1.70471,-0.126061,-0.214897,FRENET,0.222852,2.98303,0.222852,0.077165,2.98303,0.326377,0
7.56659,21.5619,8.07569,0.052281,1.72682,-0.103511,-0.178745,FRENET,0.222852,2.98303,0.222852,0.077165,2.98303,0.326377,0
7.57081,21.5619,8.07569,0.052281,1.72682,-0.103511,-0.178745,FRENET,0.222852,2.98303,0.222852,0.077165,2.98303,0.326377,0
7.57467,21.5619,8.07569,0.052281,1.72682,-0.103511,-0.178745,FRENET,0.222852,2.98303,0.222852,0.077165,2.98303,0.326377,0
7.58058,21.5792,8.07644,0.0513542,1.74788,-0.0985776,-0.172302,FRENET,0.222852,2.98303,0.222852,0.077165,2.98303,0.326377,0
7.58345,21.5792,8.07644,0.0513542,1.74788,-0.0985776,-0.172302,FRENET,0.222852,2.98303,0.222852,0.077165,2.98303,0.326377,0
7.58775,21.5968,8.07718,0.050343,1.76794,-0.0884629,-0.156397,FRENET,0.222852,2.98303,0.222852,0.077165,2.98303,0.326377,0
7.59129,21.5968,8.07718,0.050343,1.76794,-0.0884629,-0.156397,FRENET,0.222852,2.98303,0.222852,0.077165,2.98303,0.326377,0
7.59614,21.6145,8.07794,0.0495299,1.78705,-0.0902914,-0.161355,FRENET,0.222852,2.98303,0.222852,0.077165,2.98303,0.326377,0
7.59891,21.6145,8.07794,0.0495299,1.78705,-0.0902914,-0.161355,FRENET,0.222852,2.98303,0.222852,0.077165,2.98303,0.326377,0
7.60295,21.6145,8.07794,0.0495299,1.78705,-0.0902914,-0.161355,FRENET,0.222852,2.98303,0.222852,0.077165,2.98303,0.326377,0
7.60847,21.6325,8.07869,0.0485795,1.80525,-0.0840798,-0.151785,FRENET,0.222852,2.98303,0.222852,0.077165,2.98303,0.326377,0
7.61211,21.6325,8.07869,0.0485795,1.80525,-0.0840798,-0.151785,FRENET,0.221525,2.98303,0.221525,0.0660924,2.98303,0.33854,0
7.61695,21.6506,8.07945,0.0477989,1.82258,-0.0880865,-0.160545,FRENET,0.221525,2.98303,0.221525,0.0660924,2.98303,0.33854,0
7.6205,21.6506,8.07945,0.0477989,1.82258,-0.0880865,-0.160545,FRENET,0.221525,2.98303,0.221525,0.0660924,2.98303,0.33854,0
7.62486,21.6506,8.07945,0.0477989,1.82258,-0.0880865,-0.160545,FRENET,0.221525,2.98303,0.221525,0.0660924,2.98303,0.33854,0
7.63154,21.6689,8.0802,0.0468626,1.83909,-0.0832348,-0.153077,FRENET,0.221525,2.98303,0.221525,0.0660924,2.98303,0.33854,0
7.63596,21.6874,8.08095,0.0460869,1.85482,-0.0879898,-0.163205,FRENET,0.221525,2.98303,0.221525,0.0660924,2.98303,0.33854,0
7.63914,21.6874,8.08095,0.0460869,1.85482,-0.0879898,-0.163205,FRENET,0.221525,2.98303,0.221525,0.0660924,2.98303,0.33854,0
7.64452,21.6874,8.08095,0.0460869,1.85482,-0.0879898,-0.163205,FRENET,0.221525,2.98303,0.221525,0.0660924,2.98303,0.33854,0
7.64981,21.706,8.08169,0.0451482,1.86979,-0.0836567,-0.156421,FRENET,0.221525,2.98303,0.221525,0.0660924,2.98303,0.33854,0
7.65292,21.706,8.08169,0.0451482,1.86979,-0.0836567,-0.156421,FRENET,0.221525,2.98303,0.221525,0.0660924,2.98303,0.33854,0
7.6579,21.7247,8.08243,0.0443673,1.88406,-0.0886671,-0.167054,FRENET,0.221525,2.98303,0.221525,0.0660924,2.98303,0.33854,0
7.66237,21.7247,8.08243,0.0443673,1.88406,-0.0886671,-0.167054,FRENET,0.0646911,2.651,0.0646911,0.0635022,2.651,0.329547,0
7.66754,21.7436,8.08315,0.0434203,1.89764,-0.0845425,-0.160431,FRENET,0.0646911,2.651,0.0646911,0.0635022,2.651,0.329547,0
7.67082,21.7436,8.08315,0.0434203,1.89764,-0.0845425,-0.160431,FRENET,0.0646911,2.651,0.0646911,0.0635022,2.651,0.329547,0
7.67718,21.7621,8.08385,0.0426239,1.80254,-0.0985415,-0.177625,FRENET,0.0646911,2.651,0.0646911,0.0635022,2.651,0.329547,0
7.68259,21.7621,8.08385,0.0426239,1.80254,-0.0985415,-0.177625,FRENET,0.0646911,2.651,0.0646911,0.0635022,2.651,0.329547,0
7.68706,21.7796,8.08448,0.0415487,1.70744,-0.0909884,-0.155358,FRENET,0.0646911,2.651,0.0646911,0.0635022,2.651,0.329547,0
7.6915,21.7796,8.08448,0.0415487,1.70744,-0.0909884,-0.155358,FRENET,0.0646911,2.651,0.0646911,0.0635022,2.651,0.329547,0
7.69695,21.7962,8.08509,0.0407223,1.61234,-0.0989453,-0.159534,FRENET,0.0646911,2.651,0.0646911,0.0635022,2.651,0.329547,0
7.70074,21.7962,8.08509,0.0407223,1.61234,-0.0989453,-0.159534,FRENET,0.0646911,2.651,0.0646911,0.0635022,2.651,0.329547,0
7.70367,21.7962,8.08509,0.0407223,1.61234,-0.0989453,-0.159534,FRENET,0.0646911,2.651,0.0646911,0.0635022,2.651,0.329547,0
7.70815,21.8119,8.08563,0.0396716,1.51724,-0.0857101,-0.130043,FRENET,0.0646911,2.651,0.0646911,0.0635022,2.651,0.329547,0
7.71114,21.8119,8.08563,0.0396716,1.51724,-0.0857101,-0.130043,FRENET,0.0813087,2.651,0.0813087,0.0703163,2.651,0.336363,0
7.71595,21.8266,8.08615,0.0389092,1.42214,-0.0920695,-0.130936,FRENET,0.0813087,2.651,0.0813087,0.0703163,2.651,0.336363,0
7.71914,21.8266,8.08615,0.0389092,1.42214,-0.0920695,-0.130936,FRENET,0.0813087,2.651,0.0813087,0.0703163,2.651,0.336363,0
7.72359,21.8266,8.08615,0.0389092,1.42214,-0.0920695,-0.130936,FRENET,0.0813087,2.651,0.0813087,0.0703163,2.651,0.336363,0
7.72835,21.8404,8.0866,0.0379512,1.3394,-0.075003,-0.100459,FRENET,0.0813087,2.651,0.0813087,0.0703163,2.651,0.336363,0
7.73199,21.8404,8.0866,0.0379512,1.3394,-0.075003,-0.100459,FRENET,0.0813087,2.651,0.0813087,0.0703163,2.651,0.336363,0
7.736,21.8534,8.08703,0.0372982,1.27239,-0.0794345,-0.101072,FRENET,0.0813087,2.651,0.0813087,0.0703163,2.651,0.336363,0
7.73936,21.8534,8.08703,0.0372982,1.27239,-0.0794345,-0.101072,FRENET,0.0813087,2.651,0.0813087,0.0703163,2.651,0.336363,0
7.7435,21.8534,8.08703,0.0372982,1.27239,-0.0794345,-0.101072,FRENET,0.0813087,2.651,0.0813087,0.0703163,2.651,0.336363,0
7.7497,21.8659,8.08741,0.0364762,1.21813,-0.0627259,-0.0764083,FRENET,0.0813087,2.651,0.0813087,0.0703163,2.651,0.336363,0
7.75368,21.8659,8.08741,0.0364762,1.21813,-0.0627259,-0.0764083,FRENET,0.0813087,2.651,0.0813087,0.0703163,2.651,0.336363,0
7.75885,21.8778,8.08778,0.0359307,1.17419,-0.0686711,-0.0806328,FRENET,0.0813087,2.651,0.0813087,0.0703163,2.651,0.336363,0
7.76369,21.8778,8.08778,0.0359307,1.17419,-0.0686711,-0.0806328,FRENET,0.0774507,2.651,0.0774507,0.0561101,2.651,0.337711,0
7.76805,21.8894,8.08811,0.0352108,1.1386,-0.054257,-0.0617773,FRENET,0.0774507,2.651,0.0774507,0.0561101,2.651,0.337711,0
7.77106,21.8894,8.08811,0.0352108,1.1386,-0.054257,-0.0617773,FRENET,0.0774507,2.651,0.0774507,0.0561101,2.651,0.337711,0
7.77589,21.9006,8.08844,0.0347347,1.10979,-0.0621113,-0.0689305,FRENET,0.0774507,2.651,0.0774507,0.0561101,2.651,0.337711,0
7.77913,21.9006,8.08844,0.0347347,1.10979,-0.0621113,-0.0689305,FRENET,0.0774507,2.651,0.0774507,0.0561101,2.651,0.337711,0
7.78318,21.9006,8.08844,0.0347347,1.10979,-0.0621113,-0.0689305,FRENET,0.0774507,2.651,0.0774507,0.0561101,2.651,0.337711,0
7.7875,21.9116,8.08874,0.0340753,1.08645,-0.0493784,-0.0536474,FRENET,0.0774507,2.651,0.0774507,0.0561101,2.651,0.337711,0
7.79372,21.9116,8.08874,0.0340753,1.08645,-0.0493784,-0.0536474,FRENET,0.0774507,2.651,0.0774507,0.0561101,2.651,0.337711,0
7.79912,21.9223,8.08904,0.0336383,1.06756,-0.0584239,-0.0623708,FRENET,0.0774507,2.651,0.0774507,0.0561101,2.651,0.337711,0
7.80323,21.9223,8.08904,0.0336383,1.06756,-0.0584239,-0.0623708,FRENET,0.0774507,2.651,0.0774507,0.0561101,2.651,0.337711,0
7.80875,21.9329,8.08931,0.0330134,1.05225,-0.0466138,-0.0490496,FRENET,0.0774507,2.651,0.0774507,0.0561101,2.651,0.337711,0
7.81391,21.9329,8.08931,0.0330134,1.05225,-0.0466138,-0.0490496,FRENET,0.0922657,2.651,0.0922657,0.0689175,2.651,0.330748,0
7.81872,21.9434,8.08958,0.0325985,1.03986,-0.056303,-0.0585473,FRENET,0.0922657,2.651,0.0922657,0.0689175,2.651,0.330748,0
7.82206,21.9434,8.08958,0.0325985,1.03986,-0.056303,-0.0585473,FRENET,0.0922657,2.651,0.0922657,0.0689175,2.651,0.330748,0
7.82726,21.9537,8.08984,0.0319938,1.02983,-0.0449786,-0.0463202,FRENET,0.0922657,2.651,0.0922657,0.0689175,2.651,0.330748,0
7.8311,21.9537,8.08984,0.0319938,1.02983,-0.0449786,-0.0463202,FRENET,0.0922657,2.651,0.0922657,0.0689175,2.651,0.330748,0
7.83786,21.964,8.0901,0.0315919,1.0217,-0.055023,-0.0562171,FRENET,0.0922657,2.651,0.0922657,0.0689175,2.651,0.330748,0
7.84145,21.964,8.0901,0.0315919,1.0217,-0.055023,-0.0562171,FRENET,0.0922657,2.651,0.0922657,0.0689175,2.651,0.330748,0
7.84668,21.9742,8.09033,0.0309997,1.01512,-0.0439677,-0.0446325,FRENET,0.0922657,2.651,0.0922657,0.0689175,2.651,0.330748,0
7.85059,21.9742,8.09033,0.0309997,1.01512,-0.0439677,-0.0446325,FRENET,0.0922657,2.651,0.0922657,0.0689175,2.651,0.330748,0
7.85367,21.9742,8.09033,0.0309997,1.01512,-0.0439677,-0.0446325,FRENET,0.0922657,2.651,0.0922657,0.0689175,2.651,0.330748,0
7.85885,21.9843,8.09058,0.0306059,1.00979,-0.0542213,-0.0547522,FRENET,0.0922657,2.651,0.0922657,0.0689175,2.651,0.330748,0
7.86316,21.9843,8.09058,0.0306059,1.00979,-0.0542213,-0.0547522,FRENET,0.118379,2.651,0.118379,0.0586396,2.651,0.333994,0
7.86855,21.9944,8.0908,0.0300215,1.00548,-0.0433249,-0.0435621,FRENET,0.118379,2.651,0.118379,0.0586396,2.651,0.333994,0
7.87241,21.9944,8.0908,0.0300215,1.00548,-0.0433249,-0.0435621,FRENET,0.118379,2.651,0.118379,0.0586396,2.651,0.333994,0
7.87733,22.0044,8.09104,0.029633,1.00198,-0.0537082,-0.0538146,FRENET,0.118379,2.651,0.118379,0.0586396,2.651,0.333994,0
7.88104,22.0044,8.09104,0.029633,1.00198,-0.0537082,-0.0538146,FRENET,0.118379,2.651,0.118379,0.0586396,2.651,0.333994,0
7.88455,22.0044,8.09104,0.029633,1.00198,-0.0537082,-0.0538146,FRENET,0.118379,2.651,0.118379,0.0586396,2.651,0.333994,0
7.88871,22.0144,8.09125,0.0290536,0.999151,-0.04291,-0.0428736,FRENET,0.118379,2.651,0.118379,0.0586396,2.651,0.333994,0
7.89295,22.0144,8.09125,0.0290536,0.999151,-0.04291,-0.0428736,FRENET,0.118379,2.651,0.118379,0.0586396,2.651,0.333994,0
7.89856,22.0244,8.09147,0.0286684,0.99686,-0.053376,-0.0532084,FRENET,0.118379,2.651,0.118379,0.0586396,2.651,0.333994,0
7.90167,22.0244,8.09147,0.0286684,0.99686,-0.053376,-0.0532084,FRENET,0.118379,2.651,0.118379,0.0586396,2.651,0.333994,0
7.90453,22.0244,8.09147,0.0286684,0.99686,-0.053376,-0.0532084,FRENET,0.118379,2.651,0.118379,0.0586396,2.651,0.333994,0
7.90998,22.0344,8.09167,0.0280923,0.995004,-0.0426402,-0.0424271,FRENET,0.118379,2.651,0.118379,0.0586396,2.651,0.333994,0
7.91461,22.0344,8.09167,0.0280923,0.995004,-0.0426402,-0.0424271,FRENET,0.0727152,2.651,0.0727152,0.0602816,2.651,0.341912,0
7.91899,22.0443,8.09188,0.0277093,0.993501,-0.0531597,-0.0528143,FRENET,0.0727152,2.651,0.0727152,0.0602816,2.651,0.341912,0
7.92329,22.0443,8.09188,0.0277093,0.993501,-0.0531597,-0.0528143,FRENET,0.0727152,2.651,0.0727152,0.0602816,2.651,0.341912,0
7.92868,22.0542,8.09208,0.0271354,0.992284,-0.042464,-0.0421364,FRENET,0.0727152,2.651,0.0727152,0.0602816,2.651,0.341912,0
7.93191,22.0542,8.09208,0.0271354,0.992284,-0.042464,-0.0421364,FRENET,0.0727152,2.651,0.0727152,0.0602816,2.651,0.341912,0
7.93716,22.0641,8.09228,0.0267537,0.991298,-0.0530185,-0.0525572,FRENET,0.0727152,2.651,0.0727152,0.0602816,2.651,0.341912,0
7.94063,22.0641,8.09228,0.0267537,0.991298,-0.0530185,-0.0525572,FRENET,0.0727152,2.651,0.0727152,0.0602816,2.651,0.341912,0
7.9446,22.0641,8.09228,0.0267537,0.991298,-0.0530185,-0.0525572,FRENET,0.0727152,2.651,0.0727152,0.0602816,2.651,0.341912,0
7.95067,22.074,8.09246,0.0261812,0.9905,-0.0423489,-0.0419466,FRENET,0.0727152,2.651,0.0727152,0.0602816,2.651,0.341912,0
7.95431,22.074,8.09246,0.0261812,0.9905,-0.0423489,-0.0419466,FRENET,0.0727152,2.651,0.0727152,0.0602816,2.651,0.341912,0
7.95903,22.0839,8.09265,0.0258005,0.989854,-0.0529262,-0.0523892,FRENET,0.0727152,2.651,0.0727152,0.0602816,2.651,0.341912,0
7.96273,22.0839,8.09265,0.0258005,0.989854,-0.0529262,-0.0523892,FRENET,0.113508,2.651,0.113508,0.0670537,2.651,0.339475,0
7.96766,22.0938,8.09282,0.0252289,0.989331,-0.0422735,-0.0418224,FRENET,0.113508,2.651,0.113508,0.0670537,2.651,0.339475,0
7.97087,22.0938,8.09282,0.0252289,0.989331,-0.0422735,-0.0418224,FRENET,0.113508,2.651,0.113508,0.0670537,2.651,0.339475,0
7.97629,22.1037,8.09303,0.0250943,0.988907,0.0219543,0.0217107,FRENET,0.113508,2.651,0.113508,0.0670537,2.651,0.339475,0
7.97997,22.1037,8.09303,0.0250943,0.988907,0.0219543,0.0217107,FRENET,0.113508,2.651,0.113508,0.0670537,2.651,0.339475,0
7.98345,22.1037,8.09303,0.0250943,0.988907,0.0219543,0.0217107,FRENET,0.113508,2.651,0.113508,0.0670537,2.651,0.339475,0
7.98794,22.1136,8.09329,0.0254724,0.988564,0.0302928,0.0299463,FRENET,0.113508,2.651,0.113508,0.0670537,2.651,0.339475,0
7.99183,22.1136,8.09329,0.0254724,0.988564,0.0302928,0.0299463,FRENET,0.113508,2.651,0.113508,0.0670537,2.651,0.339475,0
7.99709,22.1235,8.09357,0.0257751,0.988286,0.0478822,0.0473213,FRENET,0.113508,2.651,0.113508,0.0670537,2.651,0.339475,0
8.00036,22.1235,8.09357,0.0257751,0.988286,0.0478822,0.0473213,FRENET,0.113508,2.651,0.113508,0.0670537,2.651,0.339475,0
8.00328,22.1235,8.09357,0.0257751,0.988286,0.0478822,0.0473213,FRENET,0.113508,2.651,0.113508,0.0670537,2.651,0.339475,0
8.00834,22.1334,8.09389,0.0263125,0.988061,0.0399711,0.0394939,FRENET,0.113508,2.651,0.113508,0.0670537,2.651,0.339475,0
8.01202,22.1334,8.09389,0.0263125,0.988061,0.0399711,0.0394939,FRENET,0.0665456,3.0759,0.0665456,0.0711691,3.0759,0.33358,0
8.01672,22.1432,8.09421,0.0266765,0.987878,0.0517215,0.0510946,FRENET,0.0665456,3.0759,0.0665456,0.0711691,3.0759,0.33358,0
8.01977,22.1432,8.09421,0.0266765,0.987878,0.0517215,0.0510946,FRENET,0.0665456,3.0759,0.0665456,0.0711691,3.0759,0.33358,0
8.02315,22.1432,8.09421,0.0266765,0.987878,0.0517215,0.0510946,FRENET,0.0665456,3.0759,0.0665456,0.0711691,3.0759,0.33358,0
8.02909,22.1529,8.09454,0.027254,0.949403,0.0399592,0.0379374,FRENET,0.0665456,3.0759,0.0665456,0.0711691,3.0759,0.33358,0
8.03265,22.1529,8.09454,0.027254,0.949403,0.0399592,0.0379374,FRENET,0.0665456,3.0759,0.0665456,0.0711691,3.0759,0.33358,0
8.03665,22.1624,8.09485,0.0276103,0.937866,0.0517112,0.0484982,FRENET,0.0665456,3.0759,0.0665456,0.0711691,3.0759,0.33358,0
8.03991,22.1624,8.09485,0.0276103,0.937866,0.0517112,0.0484982,FRENET,0.0665456,3.0759,0.0665456,0.0711691,3.0759,0.33358,0
8.04376,22.1624,8.09485,0.0276103,0.937866,0.0517112,0.0484982,FRENET,0.0665456,3.0759,0.0665456,0.0711691,3.0759,0.33358,0
8.04956,22.1717,8.09521,0.0284138,0.928523,0.11548,0.107226,FRENET,0.0665456,3.0759,0.0665456,0.0711691,3.0759,0.33358,0
8.05269,22.1717,8.09521,0.0284138,0.928523,0.11548,0.107226,FRENET,0.0665456,3.0759,0.0665456,0.0711691,3.0759,0.33358,0
8.05651,22.1809,8.09566,0.0299556,0.920958,0.194927,0.179519,FRENET,0.0665456,3.0759,0.0665456,0.0711691,3.0759,0.33358,0
8.06023,22.1809,8.09566,0.0299556,0.920958,0.194927,0.179519,FRENET,0.0665456,3.0759,0.0665456,0.0711691,3.0759,0.33358,0
8.06694,22.1901,8.09621,0.0320772,0.914831,0.20354,0.186205,FRENET,0.073294,3.0759,0.073294,0.0663449,3.0759,0.333952,0
8.07015,22.1901,8.09621,0.0320772,0.914831,0.20354,0.186205,FRENET,0.073294,3.0759,0.073294,0.0663449,3.0759,0.333952,0
8.07341,22.1901,8.09621,0.0320772,0.914831,0.20354,0.186205,FRENET,0.073294,3.0759,0.073294,0.0663449,3.0759,0.333952,0
8.07783,22.1992,8.0968,0.0341123,0.90987,0.221805,0.201814,FRENET,0.073294,3.0759,0.073294,0.0663449,3.0759,0.333952,0
8.08206,22.1992,8.0968,0.0341123,0.90987,0.221805,0.201814,FRENET,0.073294,3.0759,0.073294,0.0663449,3.0759,0.333952,0
8.08635,22.2082,8.09744,0.0363794,0.905852,0.21108,0.191207,FRENET,0.073294,3.0759,0.073294,0.0663449,3.0759,0.333952,0
8.08975,22.2082,8.09744,0.0363794,0.905852,0.21108,0.191207,FRENET,0.073294,3.0759,0.073294,0.0663449,3.0759,0.333952,0
8.09329,22.2082,8.09744,0.0363794,0.905852,0.21108,0.191207,FRENET,0.073294,3.0759,0.073294,0.0663449,3.0759,0.333952,0
8.09847,22.2173,8.09809,0.0384522,0.902598,0.223342,0.201588,FRENET,0.073294,3.0759,0.073294,0.0663449,3.0759,0.333952,0
8.10152,22.2173,8.09809,0.0384522,0.902598,0.223342,0.201588,FRENET,0.073294,3.0759,0.073294,0.0663449,3.0759,0.333952,0
8.10436,22.2173,8.09809,0.0384522,0.902598,0.223342,0.201588,FRENET,0.073294,3.0759,0.073294,0.0663449,3.0759,0.333952,0
8.10874,22.2262,8.09879,0.0407226,0.899963,0.210768,0.189684,FRENET,0.073294,3.0759,0.073294,0.0663449,3.0759,0.333952,0
8.11392,22.2262,8.09879,0.0407226,0.899963,0.210768,0.189684,FRENET,0.0811341,3.0759,0.0811341,0.0598442,3.0759,0.344534,0
8.1191,22.2352,8.09949,0.0427895,0.89783,0.222557,0.199818,FRENET,0.0811341,3.0759,0.0811341,0.0598442,3.0759,0.344534,0
8.12349,22.2352,8.09949,0.0427895,0.89783,0.222557,0.199818,FRENET,0.0811341,3.0759,0.0811341,0.0598442,3.0759,0.344534,0
8.1398,22.2441,8.10022,0.0450512,0.896102,0.209904,0.188096,FRENET,0.0811341,3.0759,0.0811341,0.0598442,3.0759,0.344534,0
8.14562,22.2531,8.10097,0.04711,0.894703,0.221773,0.198421,FRENET,0.0811341,3.0759,0.0811341,0.0598442,3.0759,0.344534,0
8.16267,22.262,8.10174,0.0493643,0.89357,0.209215,0.186948,FRENET,0.0811341,3.0759,0.0811341,0.0598442,3.0759,0.344534,0
8.16915,22.2709,8.10252,0.0514169,0.892652,0.221198,0.197453,FRENET,0.0539949,3.0759,0.0539949,0.0789174,3.0759,0.347681,0
8.18588,22.2798,8.10333,0.0536658,0.891909,0.208731,0.186169,FRENET,0.0539949,3.0759,0.0539949,0.0789174,3.0759,0.347681,0
8.21286,22.2886,8.10415,0.0557141,0.891308,0.220804,0.196804,FRENET,0.0539949,3.0759,0.0539949,0.0789174,3.0759,0.347681,0
8.22991,22.2975,8.105,0.0579593,0.89082,0.208403,0.18565,FRENET,0.0523237,3.0759,0.0523237,0.0790048,3.0759,0.342928,0
8.24681,22.3064,8.10585,0.0600048,0.890426,0.220539,0.196374,FRENET,0.0523237,3.0759,0.0523237,0.0790048,3.0759,0.342928,0
8.26328,22.3152,8.10674,0.0622476,0.890106,0.208185,0.185307,FRENET,0.0609954,3.0759,0.0609954,0.0766542,3.0759,0.341139,0
8.27898,22.3241,8.10763,0.0642911,0.889847,0.220364,0.196091,FRENET,0.0609954,3.0759,0.0609954,0.0766542,3.0759,0.341139,0
8.28549,22.3329,8.10855,0.0665323,0.889638,0.208041,0.185081,FRENET,0.0609954,3.0759,0.0609954,0.0766542,3.0759,0.341139,0
8.29879,22.3418,8.10948,0.0685745,0.889468,0.220249,0.195904,FRENET,0.0609954,3.0759,0.0609954,0.0766542,3.0759,0.341139,0
8.30273,22.3418,8.10948,0.0685745,0.889468,0.220249,0.195904,FRENET,0.0609954,3.0759,0.0609954,0.0766542,3.0759,0.341139,0
8.31405,22.3506,8.11045,0.0708147,0.889331,0.207946,0.184933,FRENET,0.0643309,3.0759,0.0643309,0.0588974,3.0759,0.347381,0
8.32055,22.3595,8.11141,0.0728561,0.88922,0.220173,0.195782,FRENET,0.0643309,3.0759,0.0643309,0.0588974,3.0759,0.347381,0
8.32546,22.3595,8.11141,0.0728561,0.88922,0.220173,0.195782,FRENET,0.0643309,3.0759,0.0643309,0.0588974,3.0759,0.347381,0
8.33632,22.3683,8.11241,0.0750955,0.889129,0.207884,0.184836,FRENET,0.0643309,3.0759,0.0643309,0.0588974,3.0759,0.347381,0
8.34576,22.3771,8.11342,0.0771364,0.889056,0.220123,0.195702,FRENET,0.0643309,3.0759,0.0643309,0.0588974,3.0759,0.347381,0
8.35111,22.386,8.11445,0.0793754,0.888997,0.207843,0.184772,FRENET,0.0643309,3.0759,0.0643309,0.0588974,3.0759,0.347381,0
8.35511,22.386,8.11445,0.0793754,0.888997,0.207843,0.184772,FRENET,0.0643309,3.0759,0.0643309,0.0588974,3.0759,0.347381,0
8.36064,22.3948,8.1155,0.0814159,0.888949,0.220091,0.195649,FRENET,0.0643309,3.0759,0.0643309,0.0588974,3.0759,0.347381,0
8.36458,22.3948,8.1155,0.0814159,0.888949,0.220091,0.195649,FGM,0.0853271,0.358288,0.0295074,0.0853271,3.38224,0.358288,0
8.36893,22.4036,8.11657,0.0836546,0.888911,0.207817,0.18473,FGM,0.0853271,0.358288,0.0295074,0.0853271,3.38224,0.358288,0
8.37298,22.4036,8.11657,0.0836546,0.888911,0.207817,0.18473,FGM,0.0853271,0.358288,0.0295074,0.0853271,3.38224,0.358288,0
8.37906,22.4125,8.11766,0.0856985,0.907641,0.219899,0.19959,FGM,0.0853271,0.358288,0.0295074,0.0853271,3.38224,0.358288,0
8.38327,22.4125,8.11766,0.0856985,0.907641,0.219899,0.19959,FGM,0.0853271,0.358288,0.0295074,0.0853271,3.38224,0.358288,0
8.38928,22.4216,8.11881,0.0879502,0.92548,0.212736,0.196883,FGM,0.0853271,0.358288,0.0295074,0.0853271,3.38224,0.358288,0
8.39547,22.4216,8.11881,0.0879502,0.92548,0.212736,0.196883,FGM,0.0853271,0.358288,0.0295074,0.0853271,3.38224,0.358288,0
8.39993,22.4309,8.11996,0.0898349,0.942471,0.157935,0.148849,FGM,0.0853271,0.358288,0.0295074,0.0853271,3.38224,0.358288,0
8.40311,22.4309,8.11996,0.0898349,0.942471,0.157935,0.148849,FGM,0.0853271,0.358288,0.0295074,0.0853271,3.38224,0.358288,0
8.40922,22.4403,8.12106,0.0910573,0.958654,0.083908,0.0804388,FGM,0.0853271,0.358288,0.0295074,0.0853271,3.38224,0.358288,0
8.41311,22.4403,8.12106,0.0910573,0.958654,0.083908,0.0804388,FGM,0.0759377,0.354879,0.0340996,0.0759377,3.38224,0.354879,0
8.41737,22.4499,8.12209,0.0914858,0.974067,0.000422703,0.000411741,FGM,0.0759377,0.354879,0.0340996,0.0759377,3.38224,0.354879,0
8.42069,22.4499,8.12209,0.0914858,0.974067,0.000422703,0.000411741,FGM,0.0759377,0.354879,0.0340996,0.0759377,3.38224,0.354879,0
8.42958,22.4597,8.12301,0.0910444,0.98735,-0.0894129,-0.0882818,FGM,0.0759377,0.354879,0.0340996,0.0759377,3.38224,0.354879,0
8.43316,22.4597,8.12301,0.0910444,0.98735,-0.0894129,-0.0882818,FGM,0.0759377,0.354879,0.0340996,0.0759377,3.38224,0.354879,0
8.43784,22.4696,8.1238,0.089686,1,-0.18281,-0.18281,FGM,0.0759377,0.354879,0.0340996,0.0759377,3.38224,0.354879,0
8.44571,22.4696,8.1238,0.089686,1,-0.18281,-0.18281,FGM,0.0759377,0.354879,0.0340996,0.0759377,3.38224,0.354879,0
8.45086,22.4796,8.12444,0.0873785,1.01205,-0.27913,-0.282494,FGM,0.0759377,0.354879,0.0340996,0.0759377,3.38224,0.354879,0
8.45458,22.4796,8.12444,0.0873785,1.01205,-0.27913,-0.282494,FGM,0.0759377,0.354879,0.0340996,0.0759377,3.38224,0.354879,0
8.46178,22.4898,8.12492,0.0840949,1.02353,-0.37796,-0.386852,FGM,0.0881362,0.35252,0.0306018,0.0881362,3.38224,0.35252,0
8.46757,22.5001,8.12525,0.0800499,1.03446,-0.406836,-0.420854,FGM,0.0881362,0.35252,0.0306018,0.0881362,3.38224,0.35252,0
8.47096,22.5001,8.12525,0.0800499,1.03446,-0.406836,-0.420854,FGM,0.0881362,0.35252,0.0306018,0.0881362,3.38224,0.35252,0
8.47767,22.5105,8.1255,0.0761566,1.04487,-0.362686,-0.378959,FGM,0.0881362,0.35252,0.0306018,0.0881362,3.38224,0.35252,0
8.48123,22.5105,8.1255,0.0761566,1.04487,-0.362686,-0.378959,FGM,0.0881362,0.35252,0.0306018,0.0881362,3.38224,0.35252,0
8.48444,22.5105,8.1255,0.0761566,1.04487,-0.362686,-0.378959,FGM,0.0881362,0.35252,0.0306018,0.0881362,3.38224,0.35252,0
8.48851,22.521,8.12576,0.0728786,1.05478,-0.289123,-0.304962,FGM,0.0881362,0.35252,0.0306018,0.0881362,3.38224,0.35252,0
8.4923,22.521,8.12576,0.0728786,1.05478,-0.289123,-0.304962,FGM,0.0881362,0.35252,0.0306018,0.0881362,3.38224,0.35252,0
8.49653,22.5316,8.12609,0.0704128,1.06423,-0.20225,-0.21524,FGM,0.0881362,0.35252,0.0306018,0.0881362,3.38224,0.35252,0
8.5013,22.5316,8.12609,0.0704128,1.06423,-0.20225,-0.21524,FGM,0.0881362,0.35252,0.0306018,0.0881362,3.38224,0.35252,0
8.50445,22.5316,8.12609,0.0704128,1.06423,-0.20225,-0.21524,FGM,0.0881362,0.35252,0.0306018,0.0881362,3.38224,0.35252,0
8.51082,22.5423,8.1265,0.0688547,1.07322,-0.108415,-0.116353,FGM,0.0881362,0.35252,0.0306018,0.0881362,3.38224,0.35252,0
8.51412,22.5423,8.1265,0.0688547,1.07322,-0.108415,-0.116353,FGM,0.0936386,0.353421,0.0315914,0.0936386,3.38224,0.353421,0
8.51837,22.553,8.12704,0.0682578,1.08179,-0.0103386,-0.0111841,FGM,0.0936386,0.353421,0.0315914,0.0936386,3.38224,0.353421,0
8.52178,22.553,8.12704,0.0682578,1.08179,-0.0103386,-0.0111841,FGM,0.0936386,0.353421,0.0315914,0.0936386,3.38224,0.353421,0
8.52752,22.5639,8.12773,0.0686526,1.09147,0.0898859,0.098108,FGM,0.0936386,0.353421,0.0315914,0.0936386,3.38224,0.353421,0
8.53128,22.5639,8.12773,0.0686526,1.09147,0.0898859,0.098108,FGM,0.0936386,0.353421,0.0315914,0.0936386,3.38224,0.353421,0
8.53629,22.5748,8.12857,0.070065,1.10069,0.192998,0.212432,FGM,0.0936386,0.353421,0.0315914,0.0936386,3.38224,0.353421,0
8.5412,22.5748,8.12857,0.070065,1.10069,0.192998,0.212432,FGM,0.0936386,0.353421,0.0315914,0.0936386,3.38224,0.353421,0
8.54515,22.5748,8.12857,0.070065,1.10069,0.192998,0.212432,FGM,0.0936386,0.353421,0.0315914,0.0936386,3.38224,0.353421,0
8.54956,22.5858,8.1296,0.0725202,1.10948,0.298368,0.331033,FGM,0.0936386,0.353421,0.0315914,0.0936386,3.38224,0.353421,0
8.55259,22.5858,8.1296,0.0725202,1.10948,0.298368,0.331033,FGM,0.0936386,0.353421,0.0315914,0.0936386,3.38224,0.353421,0
8.55799,22.5969,8.13082,0.0760389,1.11784,0.405636,0.453437,FGM,0.0936386,0.353421,0.0315914,0.0936386,3.38224,0.353421,0
8.5636,22.5969,8.13082,0.0760389,1.11784,0.405636,0.453437,FGM,0.0802417,0.363047,0.0267184,0.0802417,3.38224,0.363047,0
8.56902,22.608,8.13225,0.0806388,1.12581,0.514565,0.579303,FGM,0.0802417,0.363047,0.0267184,0.0802417,3.38224,0.363047,0
8.57296,22.608,8.13225,0.0806388,1.12581,0.514565,0.579303,FGM,0.0802417,0.363047,0.0267184,0.0802417,3.38224,0.363047,0
8.5794,22.6192,8.13388,0.0860875,1.13312,0.550462,0.623738,FGM,0.0802417,0.363047,0.0267184,0.0802417,3.38224,0.363047,0
8.58248,22.6192,8.13388,0.0860875,1.13312,0.550462,0.623738,FGM,0.0802417,0.363047,0.0267184,0.0802417,3.38224,0.363047,0
8.58663,22.6304,8.13561,0.0914183,1.14007,0.505795,0.576643,FGM,0.0802417,0.363047,0.0267184,0.0802417,3.38224,0.363047,0
8.59012,22.6304,8.13561,0.0914183,1.14007,0.505795,0.576643,FGM,0.0802417,0.363047,0.0267184,0.0802417,3.38224,0.363047,0
8.594,22.6304,8.13561,0.0914183,1.14007,0.505795,0.576643,FGM,0.0802417,0.363047,0.0267184,0.0802417,3.38224,0.363047,0
8.59842,22.6417,8.13738,0.0961059,1.1467,0.427489,0.490202,FGM,0.0802417,0.363047,0.0267184,0.0802417,3.38224,0.363047,0
8.60164,22.6417,8.13738,0.0961059,1.1467,0.427489,0.490202,FGM,0.0802417,0.363047,0.0267184,0.0802417,3.38224,0.363047,0
8.60627,22.6531,8.13913,0.0999233,1.15301,0.334021,0.38513,FGM,0.0802417,0.363047,0.0267184,0.0802417,3.38224,0.363047,0
8.60937,22.6531,8.13913,0.0999233,1.15301,0.334021,0.38513,FGM,0.0802417,0.363047,0.0267184,0.0802417,3.38224,0.363047,0
8.61292,22.6531,8.13913,0.0999233,1.15301,0.334021,0.38513,FGM,0.076388,0.362635,0.027748,0.076388,3.38224,0.362635,0
8.61713,22.6645,8.1408,0.102763,1.15902,0.23298,0.270029,FGM,0.076388,0.362635,0.027748,0.076388,3.38224,0.362635,0
8.62032,22.6645,8.1408,0.102763,1.15902,0.23298,0.270029,FGM,0.076388,0.362635,0.027748,0.076388,3.38224,0.362635,0
8.62405,22.6645,8.1408,0.102763,1.15902,0.23298,0.270029,FGM,0.076388,0.362635,0.027748,0.076388,3.38224,0.362635,0
8.62805,22.676,8.14238,0.104563,1.16244,0.126514,0.147065,FGM,0.076388,0.362635,0.027748,0.076388,3.38224,0.362635,0
8.63113,22.676,8.14238,0.104563,1.16244,0.126514,0.147065,FGM,0.076388,0.362635,0.027748,0.076388,3.38224,0.362635,0
8.63635,22.6875,8.14384,0.105287,1.16569,0.017881,0.0208436,FGM,0.076388,0.362635,0.027748,0.076388,3.38224,0.362635,0
8.63977,22.6875,8.14384,0.105287,1.16569,0.017881,0.0208436,FGM,0.076388,0.362635,0.027748,0.076388,3.38224,0.362635,0
8.64382,22.6875,8.14384,0.105287,1.16569,0.017881,0.0208436,FGM,0.076388,0.362635,0.027748,0.076388,3.38224,0.362635,0
8.64904,22.6991,8.14515,0.104916,1.16878,-0.0921892,-0.107749,FGM,0.076388,0.362635,0.027748,0.076388,3.38224,0.362635,0
8.65215,22.6991,8.14515,0.104916,1.16878,-0.0921892,-0.107749,FGM,0.076388,0.362635,0.027748,0.076388,3.38224,0.362635,0
8.65705,22.7108,8.14629,0.103439,1.17173,-0.203308,-0.238223,FGM,0.076388,0.362635,0.027748,0.076388,3.38224,0.362635,0
8.66101,22.7108,8.14629,0.103439,1.17173,-0.203308,-0.238223,FGM,0.076388,0.362635,0.027748,0.076388,3.38224,0.362635,0
8.66506,22.7108,8.14629,0.103439,1.17173,-0.203308,-0.238223,FGM,0.0843798,0.366858,0.149326,0.0843798,3.37479,0.366858,0
8.67026,22.7225,8.14726,0.100847,1.17454,-0.31525,-0.370275,FGM,0.0843798,0.366858,0.149326,0.0843798,3.37479,0.366858,0
8.679,22.7342,8.14802,0.0971294,1.17656,-0.428306,-0.503926,FGM,0.0843798,0.366858,0.149326,0.0843798,3.37479,0.366858,0
8.68209,22.7342,8.14802,0.0971294,1.17656,-0.428306,-0.503926,FGM,0.0843798,0.366858,0.149326,0.0843798,3.37479,0.366858,0
8.68656,22.746,8.14858,0.0922804,1.17847,-0.54151,-0.638155,FGM,0.0843798,0.366858,0.149326,0.0843798,3.37479,0.366858,0
8.69044,22.746,8.14858,0.0922804,1.17847,-0.54151,-0.638155,FGM,0.0843798,0.366858,0.149326,0.0843798,3.37479,0.366858,0
8.69542,22.746,8.14858,0.0922804,1.17847,-0.54151,-0.638155,FGM,0.0843798,0.366858,0.149326,0.0843798,3.37479,0.366858,0
8.69987,22.7578,8.14893,0.0865564,1.1803,-0.577942,-0.682144,FGM,0.0843798,0.366858,0.149326,0.0843798,3.37479,0.366858,0
8.70305,22.7578,8.14893,0.0865564,1.1803,-0.577942,-0.682144,FGM,0.0843798,0.366858,0.149326,0.0843798,3.37479,0.366858,0
8.70927,22.7696,8.14918,0.0809678,1.18204,-0.52943,-0.625806,FGM,0.0843798,0.366858,0.149326,0.0843798,3.37479,0.366858,0
8.71405,22.7696,8.14918,0.0809678,1.18204,-0.52943,-0.625806,FRENET,0.153259,3.37479,0.153259,0.0733087,3.37479,0.373544,0
8.71953,22.7814,8.1494,0.0760711,1.18369,-0.445583,-0.527434,FRENET,0.153259,3.37479,0.153259,0.0733087,3.37479,0.373544,0
8.72368,22.7814,8.1494,0.0760711,1.18369,-0.445583,-0.527434,FRENET,0.153259,3.37479,0.153259,0.0733087,3.37479,0.373544,0
8.72902,22.7931,8.14965,0.0721435,1.15345,-0.336548,-0.38819,FRENET,0.153259,3.37479,0.153259,0.0733087,3.37479,0.373544,0
8.73194,22.7931,8.14965,0.0721435,1.15345,-0.336548,-0.38819,FRENET,0.153259,3.37479,0.153259,0.0733087,3.37479,0.373544,0
8.73599,22.8045,8.14997,0.0693516,1.12895,-0.221266,-0.249798,FRENET,0.153259,3.37479,0.153259,0.0733087,3.37479,0.373544,0
8.7392,22.8045,8.14997,0.0693516,1.12895,-0.221266,-0.249798,FRENET,0.153259,3.37479,0.153259,0.0733087,3.37479,0.373544,0
8.7443,22.8045,8.14997,0.0693516,1.12895,-0.221266,-0.249798,FRENET,0.153259,3.37479,0.153259,0.0733087,3.37479,0.373544,0
8.7487,22.8157,8.15039,0.0677052,1.10912,-0.108221,-0.12003,FRENET,0.153259,3.37479,0.153259,0.0733087,3.37479,0.373544,0
8.75179,22.8157,8.15039,0.0677052,1.10912,-0.108221,-0.12003,FRENET,0.153259,3.37479,0.153259,0.0733087,3.37479,0.373544,0
8.75616,22.8267,8.15093,0.0671695,1.09305,0.000767577,0.000839003,FRENET,0.153259,3.37479,0.153259,0.0733087,3.37479,0.373544,0
8.76096,22.8267,8.15093,0.0671695,1.09305,0.000767577,0.000839003,FRENET,0.153259,3.37479,0.153259,0.0733087,3.37479,0.373544,0
8.76429,22.8267,8.15093,0.0671695,1.09305,0.000767577,0.000839003,FRENET,0.131047,3.37479,0.131047,0.0773966,3.37479,0.373725,0
8.76823,22.8375,8.15158,0.0674385,1.08005,0.0259967,0.0280776,FRENET,0.131047,3.37479,0.131047,0.0773966,3.37479,0.373725,0
8.7712,22.8375,8.15158,0.0674385,1.08005,0.0259967,0.0280776,FRENET,0.131047,3.37479,0.131047,0.0773966,3.37479,0.373725,0
8.77694,22.8482,8.15228,0.0677265,1.06951,0.0485763,0.051953,FRENET,0.131047,3.37479,0.131047,0.0773966,3.37479,0.373725,0
8.77999,22.8482,8.15228,0.0677265,1.06951,0.0485763,0.051953,FRENET,0.131047,3.37479,0.131047,0.0773966,3.37479,0.373725,0
8.78303,22.8482,8.15228,0.0677265,1.06951,0.0485763,0.051953,FRENET,0.131047,3.37479,0.131047,0.0773966,3.37479,0.373725,0
8.78742,22.8589,8.15303,0.0682846,1.06098,0.0427639,0.0453718,FRENET,0.131047,3.37479,0.131047,0.0773966,3.37479,0.373725,0
8.79107,22.8589,8.15303,0.0682846,1.06098,0.0427639,0.0453718,FRENET,0.131047,3.37479,0.131047,0.0773966,3.37479,0.373725,0
8.79654,22.8694,8.15379,0.0686751,1.05407,0.0543561,0.0572954,FRENET,0.131047,3.37479,0.131047,0.0773966,3.37479,0.373725,0
8.8003,22.8694,8.15379,0.0686751,1.05407,0.0543561,0.0572954,FRENET,0.131047,3.37479,0.131047,0.0773966,3.37479,0.373725,0
8.80351,22.8694,8.15379,0.0686751,1.05407,0.0543561,0.0572954,FRENET,0.131047,3.37479,0.131047,0.0773966,3.37479,0.373725,0
8.80824,22.8799,8.15457,0.0692669,1.04848,0.0447076,0.046875,FRENET,0.131047,3.37479,0.131047,0.0773966,3.37479,0.373725,0
8.81126,22.8799,8.15457,0.0692669,1.04848,0.0447076,0.046875,FRENET,0.142245,3.37479,0.142245,0.0796713,3.37479,0.366946,0
8.81599,22.8903,8.15536,0.0696695,1.04395,0.0549432,0.057358,FRENET,0.142245,3.37479,0.142245,0.0796713,3.37479,0.366946,0
8.81907,22.8903,8.15536,0.0696695,1.04395,0.0549432,0.057358,FRENET,0.142245,3.37479,0.142245,0.0796713,3.37479,0.366946,0
8.82362,22.8903,8.15536,0.0696695,1.04395,0.0549432,0.057358,FRENET,0.142245,3.37479,0.142245,0.0796713,3.37479,0.366946,0
8.82806,22.9007,8.15616,0.0702638,1.04028,0.044816,0.0466213,FRENET,0.142245,3.37479,0.142245,0.0796713,3.37479,0.366946,0
8.83117,22.9007,8.15616,0.0702638,1.04028,0.044816,0.0466213,FRENET,0.142245,3.37479,0.142245,0.0796713,3.37479,0.366946,0
8.83684,22.9111,8.15696,0.070667,1.03731,0.0548729,0.0569203,FRENET,0.142245,3.37479,0.142245,0.0796713,3.37479,0.366946,0
8.8405,22.9111,8.15696,0.070667,1.03731,0.0548729,0.0569203,FRENET,0.142245,3.37479,0.142245,0.0796713,3.37479,0.366946,0
8.84428,22.9111,8.15696,0.070667,1.03731,0.0548729,0.0569203,FRENET,0.142245,3.37479,0.142245,0.0796713,3.37479,0.366946,0
8.84936,22.9214,8.15777,0.0712599,1.03491,0.0446859,0.0462458,FRENET,0.142245,3.37479,0.142245,0.0796713,3.37479,0.366946,0
8.85251,22.9214,8.15777,0.0712599,1.03491,0.0446859,0.0462458,FRENET,0.142245,3.37479,0.142245,0.0796713,3.37479,0.366946,0
8.8572,22.9317,8.15857,0.0716619,1.03296,0.0547247,0.0565283,FRENET,0.142245,3.37479,0.142245,0.0796713,3.37479,0.366946,0
8.86201,22.9317,8.15857,0.0716619,1.03296,0.0547247,0.0565283,FRENET,0.0344518,3.84695,0.0344518,0.0699588,3.84695,0.369637,0
8.86652,22.942,8.1594,0.0722531,1.03138,0.044542,0.0459398,FRENET,0.0344518,3.84695,0.0344518,0.0699588,3.84695,0.369637,0
8.86967,22.942,8.1594,0.0722531,1.03138,0.044542,0.0459398,FRENET,0.0344518,3.84695,0.0344518,0.0699588,3.84695,0.369637,0
8.87266,22.942,8.1594,0.0722531,1.03138,0.044542,0.0459398,FRENET,0.0344518,3.84695,0.0344518,0.0699588,3.84695,0.369637,0
8.87646,22.9522,8.1602,0.0726493,1.00627,0.0557413,0.0560906,FRENET,0.0344518,3.84695,0.0344518,0.0699588,3.84695,0.369637,0
8.87946,22.9522,8.1602,0.0726493,1.00627,0.0557413,0.0560906,FRENET,0.0344518,3.84695,0.0344518,0.0699588,3.84695,0.369637,0
8.8829,22.9522,8.1602,0.0726493,1.00627,0.0557413,0.0560906,FRENET,0.0344518,3.84695,0.0344518,0.0699588,3.84695,0.369637,0
8.88691,22.9621,8.16101,0.0732468,0.985932,0.0428621,0.0422591,FRENET,0.0344518,3.84695,0.0344518,0.0699588,3.84695,0.369637,0
8.89267,22.9621,8.16101,0.0732468,0.985932,0.0428621,0.0422591,FRENET,0.0344518,3.84695,0.0344518,0.0699588,3.84695,0.369637,0
8.89844,22.9718,8.16179,0.0736262,0.969463,0.0537344,0.0520936,FRENET,0.0344518,3.84695,0.0344518,0.0699588,3.84695,0.369637,0
8.90125,22.9718,8.16179,0.0736262,0.969463,0.0537344,0.0520936,FRENET,0.0344518,3.84695,0.0344518,0.0699588,3.84695,0.369637,0
8.90404,22.9718,8.16179,0.0736262,0.969463,0.0537344,0.0520936,FRENET,0.0344518,3.84695,0.0344518,0.0699588,3.84695,0.369637,0
8.90857,22.9814,8.1626,0.0744564,0.956127,0.118988,0.113768,FRENET,0.0344518,3.84695,0.0344518,0.0699588,3.84695,0.369637,0
8.91319,22.9814,8.1626,0.0744564,0.956127,0.118988,0.113768,FRENET,0.0441332,3.84695,0.0441332,0.0887385,3.84695,0.380214,0
8.92006,22.9909,8.1635,0.0760425,0.945327,0.200335,0.189383,FRENET,0.0441332,3.84695,0.0441332,0.0887385,3.84695,0.380214,0
8.9236,22.9909,8.1635,0.0760425,0.945327,0.200335,0.189383,FRENET,0.0441332,3.84695,0.0441332,0.0887385,3.84695,0.380214,0
8.92892,23.0003,8.16449,0.0782215,0.936582,0.209443,0.196161,FRENET,0.0441332,3.84695,0.0441332,0.0887385,3.84695,0.380214,0
8.93256,23.0003,8.16449,0.0782215,0.936582,0.209443,0.196161,FRENET,0.0441332,3.84695,0.0441332,0.0887385,3.84695,0.380214,0
8.93825,23.0095,8.16552,0.0803124,0.9295,0.2271,0.21109,FRENET,0.0441332,3.84695,0.0441332,0.0887385,3.84695,0.380214,0
8.94116,23.0095,8.16552,0.0803124,0.9295,0.2271,0.21109,FRENET,0.0441332,3.84695,0.0441332,0.0887385,3.84695,0.380214,0
8.9439,23.0095,8.16552,0.0803124,0.9295,0.2271,0.21109,FRENET,0.0441332,3.84695,0.0441332,0.0887385,3.84695,0.380214,0
8.94785,23.0187,8.1666,0.082631,0.923764,0.216078,0.199605,FRENET,0.0441332,3.84695,0.0441332,0.0887385,3.84695,0.380214,0
8.95089,23.0187,8.1666,0.082631,0.923764,0.216078,0.199605,FRENET,0.0441332,3.84695,0.0441332,0.0887385,3.84695,0.380214,0
8.9561,23.0279,8.16769,0.0847502,0.91912,0.227661,0.209248,FRENET,0.0441332,3.84695,0.0441332,0.0887385,3.84695,0.380214,0
8.95903,23.0279,8.16769,0.0847502,0.91912,0.227661,0.209248,FRENET,0.0441332,3.84695,0.0441332,0.0887385,3.84695,0.380214,0
8.96308,23.0279,8.16769,0.0847502,0.91912,0.227661,0.209248,FRENET,0.0314155,3.84695,0.0314155,0.0927739,3.84695,0.379373,0
8.9673,23.037,8.16882,0.0870628,0.915359,0.214922,0.196731,FRENET,0.0314155,3.84695,0.0314155,0.0927739,3.84695,0.379373,0
8.97142,23.037,8.16882,0.0870628,0.915359,0.214922,0.196731,FRENET,0.0314155,3.84695,0.0314155,0.0927739,3.84695,0.379373,0
8.97582,23.046,8.16995,0.0891686,0.912314,0.226197,0.206363,FRENET,0.0314155,3.84695,0.0314155,0.0927739,3.84695,0.379373,0
8.97903,23.046,8.16995,0.0891686,0.912314,0.226197,0.206363,FRENET,0.0314155,3.84695,0.0314155,0.0927739,3.84695,0.379373,0
8.98304,23.046,8.16995,0.0891686,0.912314,0.226197,0.206363,FRENET,0.0314155,3.84695,0.0314155,0.0927739,3.84695,0.379373,0
8.98731,23.0551,8.17112,0.0914663,0.909847,0.213515,0.194266,FRENET,0.0314155,3.84695,0.0314155,0.0927739,3.84695,0.379373,0
8.99104,23.0551,8.17112,0.0914663,0.909847,0.213515,0.194266,FRENET,0.0314155,3.84695,0.0314155,0.0927739,3.84695,0.379373,0
8.99578,23.0641,8.17229,0.0935594,0.90785,0.224984,0.204252,FRENET,0.0314155,3.84695,0.0314155,0.0927739,3.84695,0.379373,0
8.99907,23.0641,8.17229,0.0935594,0.90785,0.224984,0.204252,FRENET,0.0314155,3.84695,0.0314155,0.0927739,3.84695,0.379373,0
9.00298,23.0641,8.17229,0.0935594,0.90785,0.224984,0.204252,FRENET,0.0314155,3.84695,0.0314155,0.0927739,3.84695,0.379373,0
9.00751,23.0731,8.17349,0.0958457,0.906233,0.21248,0.192556,FRENET,0.0314155,3.84695,0.0314155,0.0927739,3.84695,0.379373,0
9.01106,23.0731,8.17349,0.0958457,0.906233,0.21248,0.192556,FRENET,0.0299989,3.84695,0.0299989,0.0823066,3.84695,0.377108,0
9.01578,23.0821,8.1747,0.0979296,0.904923,0.224134,0.202824,FRENET,0.0299989,3.84695,0.0299989,0.0823066,3.84695,0.377108,0
9.01918,23.0821,8.1747,0.0979296,0.904923,0.224134,0.202824,FRENET,0.0299989,3.84695,0.0299989,0.0823066,3.84695,0.377108,0
9.02324,23.0821,8.1747,0.0979296,0.904923,0.224134,0.202824,FRENET,0.0299989,3.84695,0.0299989,0.0823066,3.84695,0.377108,0
9.029,23.091,8.17594,0.100208,0.903862,0.211772,0.191413,FRENET,0.0299989,3.84695,0.0299989,0.0823066,3.84695,0.377108,0
9.03261,23.091,8.17594,0.100208,0.903862,0.211772,0.191413,FRENET,0.0299989,3.84695,0.0299989,0.0823066,3.84695,0.377108,0
9.03617,23.1,8.17718,0.102286,0.903003,0.22356,0.201875,FRENET,0.0299989,3.84695,0.0299989,0.0823066,3.84695,0.377108,0
9.03952,23.1,8.17718,0.102286,0.903003,0.22356,0.201875,FRENET,0.0299989,3.84695,0.0299989,0.0823066,3.84695,0.377108,0
9.04324,23.1,8.17718,0.102286,0.903003,0.22356,0.201875,FRENET,0.0299989,3.84695,0.0299989,0.0823066,3.84695,0.377108,0
9.04772,23.1089,8.17846,0.104559,0.902308,0.211299,0.190656,FRENET,0.0299989,3.84695,0.0299989,0.0823066,3.84695,0.377108,0
9.05173,23.1089,8.17846,0.104559,0.902308,0.211299,0.190656,FRENET,0.0299989,3.84695,0.0299989,0.0823066,3.84695,0.377108,0
9.05714,23.1178,8.17974,0.106632,0.901745,0.223178,0.20125,FRENET,0.0299989,3.84695,0.0299989,0.0823066,3.84695,0.377108,0
9.06129,23.1178,8.17974,0.106632,0.901745,0.223178,0.20125,FRENET,0.0299989,3.84695,0.0299989,0.0823066,3.84695,0.377108,0
9.06678,23.1268,8.18105,0.108902,0.901288,0.210985,0.190158,FRENET,0.0357204,3.84695,0.0357204,0.0848427,3.84695,0.386952,0
9.0707,23.1268,8.18105,0.108902,0.901288,0.210985,0.190158,FRENET,0.0357204,3.84695,0.0357204,0.0848427,3.84695,0.386952,0
9.07417,23.1268,8.18105,0.108902,0.901288,0.210985,0.190158,FRENET,0.0357204,3.84695,0.0357204,0.0848427,3.84695,0.386952,0
9.07903,23.1357,8.18237,0.110973,0.900919,0.222926,0.200838,FRENET,0.0357204,3.84695,0.0357204,0.0848427,3.84695,0.386952,0
9.08186,23.1357,8.18237,0.110973,0.900919,0.222926,0.200838,FRENET,0.0357204,3.84695,0.0357204,0.0848427,3.84695,0.386952,0
9.08575,23.1446,8.18373,0.11324,0.90062,0.210779,0.189831,FRENET,0.0357204,3.84695,0.0357204,0.0848427,3.84695,0.386952,0
9.08838,23.1446,8.18373,0.11324,0.90062,0.210779,0.189831,FRENET,0.0357204,3.84695,0.0357204,0.0848427,3.84695,0.386952,0
9.09268,23.1446,8.18373,0.11324,0.90062,0.210779,0.189831,FRENET,0.0357204,3.84695,0.0357204,0.0848427,3.84695,0.386952,0
9.09726,23.1535,8.18506,0.115073,0.900378,0.149496,0.134603,FRENET,0.0357204,3.84695,0.0357204,0.0848427,3.84695,0.386952,0
9.09998,23.1535,8.18506,0.115073,0.900378,0.149496,0.134603,FRENET,0.0357204,3.84695,0.0357204,0.0848427,3.84695,0.386952,0
9.10306,23.1535,8.18506,0.115073,0.900378,0.149496,0.134603,FRENET,0.0357204,3.84695,0.0357204,0.0848427,3.84695,0.386952,0
9.10903,23.1624,8.18635,0.116427,0.900182,0.145309,0.130804,FRENET,0.0357204,3.84695,0.0357204,0.0848427,3.84695,0.386952,0
9.11322,23.1624,8.18635,0.116427,0.900182,0.145309,0.130804,FRENET,0.0646947,3.61395,0.0646947,0.0957125,3.61395,0.396331,0
9.11946,23.1713,8.18764,0.117883,0.900023,0.127613,0.114854,FRENET,0.0646947,3.61395,0.0646947,0.0957125,3.61395,0.396331,0
9.12377,23.1713,8.18764,0.117883,0.900023,0.127613,0.114854,FRENET,0.0646947,3.61395,0.0646947,0.0957125,3.61395,0.396331,0
9.12845,23.1802,8.18892,0.11911,0.903477,0.137568,0.12429,FRENET,0.0646947,3.61395,0.0646947,0.0957125,3.61395,0.396331,0
9.13159,23.1802,8.18892,0.11911,0.903477,0.137568,0.12429,FRENET,0.0646947,3.61395,0.0646947,0.0957125,3.61395,0.396331,0
9.1362,23.1892,8.19022,0.120521,0.906766,0.125378,0.113688,FRENET,0.0646947,3.61395,0.0646947,0.0957125,3.61395,0.396331,0
9.13939,23.1892,8.19022,0.120521,0.906766,0.125378,0.113688,FRENET,0.0646947,3.61395,0.0646947,0.0957125,3.61395,0.396331,0
9.14455,23.1892,8.19022,0.120521,0.906766,0.125378,0.113688,FRENET,0.0646947,3.61395,0.0646947,0.0957125,3.61395,0.396331,0
9.1485,23.1982,8.1915,0.121502,0.909899,0.0646281,0.058805,FRENET,0.0646947,3.61395,0.0646947,0.0957125,3.61395,0.396331,0
9.15146,23.1982,8.1915,0.121502,0.909899,0.0646281,0.058805,FRENET,0.0646947,3.61395,0.0646947,0.0957125,3.61395,0.396331,0
9.15637,23.2072,8.19273,0.122006,0.912884,0.0597779,0.0545703,FRENET,0.0646947,3.61395,0.0646947,0.0957125,3.61395,0.396331,0
9.16444,23.2072,8.19273,0.122006,0.912884,0.0597779,0.0545703,FRENET,0.0781962,3.61395,0.0781962,0.0804275,3.61395,0.39297,0
9.16825,23.2163,8.19395,0.122607,0.915726,0.0423605,0.0387906,FRENET,0.0781962,3.61395,0.0781962,0.0804275,3.61395,0.39297,0
9.17138,23.2163,8.19395,0.122607,0.915726,0.0423605,0.0387906,FRENET,0.0781962,3.61395,0.0781962,0.0804275,3.61395,0.39297,0
9.17972,23.2254,8.19516,0.122978,0.918433,0.0517281,0.0475088,FRENET,0.0781962,3.61395,0.0781962,0.0804275,3.61395,0.39297,0
9.18347,23.2254,8.19516,0.122978,0.918433,0.0517281,0.0475088,FRENET,0.0781962,3.61395,0.0781962,0.0804275,3.61395,0.39297,0
9.18808,23.2345,8.19637,0.12353,0.921012,0.0393589,0.03625,FRENET,0.0781962,3.61395,0.0781962,0.0804275,3.61395,0.39297,0
9.19171,23.2345,8.19637,0.12353,0.921012,0.0393589,0.03625,FRENET,0.0781962,3.61395,0.0781962,0.0804275,3.61395,0.39297,0
9.19649,23.2436,8.19758,0.123882,0.923467,0.0505046,0.0466394,FRENET,0.0781962,3.61395,0.0781962,0.0804275,3.61395,0.39297,0
9.19965,23.2436,8.19758,0.123882,0.923467,0.0505046,0.0466394,FRENET,0.0781962,3.61395,0.0781962,0.0804275,3.61395,0.39297,0
9.20288,23.2436,8.19758,0.123882,0.923467,0.0505046,0.0466394,FRENET,0.0781962,3.61395,0.0781962,0.0804275,3.61395,0.39297,0
9.20781,23.2528,8.1988,0.124426,0.925807,0.0389502,0.0360603,FRENET,0.0781962,3.61395,0.0781962,0.0804275,3.61395,0.39297,0
9.21112,23.2528,8.1988,0.124426,0.925807,0.0389502,0.0360603,FRENET,0.0781962,3.61395,0.0781962,0.0804275,3.61395,0.39297,0
9.2161,23.262,8.20002,0.124776,0.928034,0.0503573,0.0467333,FRENET,0.0683047,3.61395,0.0683047,0.103148,3.61395,0.394219,0
9.21895,23.262,8.20002,0.124776,0.928034,0.0503573,0.0467333,FRENET,0.0683047,3.61395,0.0683047,0.103148,3.61395,0.394219,0
9.22354,23.262,8.20002,0.124776,0.928034,0.0503573,0.0467333,FRENET,0.0683047,3.61395,0.0683047,0.103148,3.61395,0.394219,0
9.22909,23.2712,8.20126,0.125319,0.930156,0.0390155,0.0362905,FRENET,0.0683047,3.61395,0.0683047,0.103148,3.61395,0.394219,0
9.23217,23.2712,8.20126,0.125319,0.930156,0.0390155,0.0362905,FRENET,0.0683047,3.61395,0.0683047,0.103148,3.61395,0.394219,0
9.23617,23.2804,8.20248,0.12567,0.932177,0.0504377,0.0470168,FRENET,0.0683047,3.61395,0.0683047,0.103148,3.61395,0.394219,0
9.23954,23.2804,8.20248,0.12567,0.932177,0.0504377,0.0470168,FRENET,0.0683047,3.61395,0.0683047,0.103148,3.61395,0.394219,0
9.24429,23.2804,8.20248,0.12567,0.932177,0.0504377,0.0470168,FRENET,0.0683047,3.61395,0.0683047,0.103148,3.61395,0.394219,0
9.2484,23.2897,8.20373,0.126214,0.934102,0.0391848,0.0366027,FRENET,0.0683047,3.61395,0.0683047,0.103148,3.61395,0.394219,0
9.25265,23.2897,8.20373,0.126214,0.934102,0.0391848,0.0366027,FRENET,0.0683047,3.61395,0.0683047,0.103148,3.61395,0.394219,0
9.25814,23.2989,8.20497,0.126567,0.935936,0.0505701,0.0473304,FRENET,0.0683047,3.61395,0.0683047,0.103148,3.61395,0.394219,0
9.26289,23.2989,8.20497,0.126567,0.935936,0.0505701,0.0473304,FRENET,0.0544112,3.61395,0.0544112,0.0856639,3.61395,0.405332,0
9.26765,23.3082,8.20624,0.127113,0.937682,0.0393708,0.0369172,FRENET,0.0544112,3.61395,0.0544112,0.0856639,3.61395,0.405332,0
9.2712,23.3082,8.20624,0.127113,0.937682,0.0393708,0.0369172,FRENET,0.0544112,3.61395,0.0544112,0.0856639,3.61395,0.405332,0
9.27759,23.3175,8.20749,0.127467,0.939345,0.0507088,0.047633,FRENET,0.0544112,3.61395,0.0544112,0.0856639,3.61395,0.405332,0
9.28123,23.3175,8.20749,0.127467,0.939345,0.0507088,0.047633,FRENET,0.0544112,3.61395,0.0544112,0.0856639,3.61395,0.405332,0
9.28406,23.3175,8.20749,0.127467,0.939345,0.0507088,0.047633,FRENET,0.0544112,3.61395,0.0544112,0.0856639,3.61395,0.405332,0
9.2886,23.3268,8.20877,0.128014,0.940929,0.0395495,0.0372132,FRENET,0.0544112,3.61395,0.0544112,0.0856639,3.61395,0.405332,0
9.29508,23.3268,8.20877,0.128014,0.940929,0.0395495,0.0372132,FRENET,0.0544112,3.61395,0.0544112,0.0856639,3.61395,0.405332,0
9.29943,23.3362,8.21003,0.12837,0.942438,0.0508406,0.0479141,FRENET,0.0544112,3.61395,0.0544112,0.0856639,3.61395,0.405332,0
9.30301,23.3362,8.21003,0.12837,0.942438,0.0508406,0.0479141,FRENET,0.0544112,3.61395,0.0544112,0.0856639,3.61395,0.405332,0
9.30898,23.3455,8.21132,0.128919,0.943875,0.0397147,0.0374857,FRENET,0.0544112,3.61395,0.0544112,0.0856639,3.61395,0.405332,0
9.31356,23.3455,8.21132,0.128919,0.943875,0.0397147,0.0374857,FRENET,0.0579807,3.61395,0.0579807,0.0882348,3.61395,0.41047,0
9.3174,23.3549,8.2126,0.129276,0.945244,0.0509623,0.0481718,FRENET,0.0579807,3.61395,0.0579807,0.0882348,3.61395,0.41047,0
9.32026,23.3549,8.2126,0.129276,0.945244,0.0509623,0.0481718,FRENET,0.0579807,3.61395,0.0579807,0.0882348,3.61395,0.41047,0
9.32385,23.3549,8.2126,0.129276,0.945244,0.0509623,0.0481718,FRENET,0.0579807,3.61395,0.0579807,0.0882348,3.61395,0.41047,0
9.3287,23.3642,8.2139,0.129827,0.946547,0.0398656,0.0377347,FRENET,0.0579807,3.61395,0.0579807,0.0882348,3.61395,0.41047,0
9.33264,23.3642,8.2139,0.129827,0.946547,0.0398656,0.0377347,FRENET,0.0579807,3.61395,0.0579807,0.0882348,3.61395,0.41047,0
9.33664,23.3736,8.21519,0.130185,0.947789,0.0510735,0.0484069,FRENET,0.0579807,3.61395,0.0579807,0.0882348,3.61395,0.41047,0
9.34036,23.3736,8.21519,0.130185,0.947789,0.0510735,0.0484069,FRENET,0.0579807,3.61395,0.0579807,0.0882348,3.61395,0.41047,0
9.34451,23.3736,8.21519,0.130185,0.947789,0.0510735,0.0484069,FRENET,0.0579807,3.61395,0.0579807,0.0882348,3.61395,0.41047,0
9.34882,23.383,8.2165,0.130737,0.948971,0.0400027,0.0379615,FRENET,0.0579807,3.61395,0.0579807,0.0882348,3.61395,0.41047,0
9.35282,23.383,8.2165,0.130737,0.948971,0.0400027,0.0379615,FRENET,0.0579807,3.61395,0.0579807,0.0882348,3.61395,0.41047,0
9.35828,23.3924,8.2178,0.131096,0.950098,0.0511748,0.048621,FRENET,0.0579807,3.61395,0.0579807,0.0882348,3.61395,0.41047,0
9.36212,23.3924,8.2178,0.131096,0.950098,0.0511748,0.048621,FRENET,0.0539216,3.61395,0.0539216,0.0989152,3.61395,0.406847,0
9.36626,23.4018,8.21913,0.131649,0.951171,0.0401272,0.0381678,FRENET,0.0539216,3.61395,0.0539216,0.0989152,3.61395,0.406847,0
9.36916,23.4018,8.21913,0.131649,0.951171,0.0401272,0.0381678,FRENET,0.0539216,3.61395,0.0539216,0.0989152,3.61395,0.406847,0
9.37249,23.4018,8.21913,0.131649,0.951171,0.0401272,0.0381678,FRENET,0.0539216,3.61395,0.0539216,0.0989152,3.61395,0.406847,0
9.37767,23.4112,8.22042,0.13177,0.952192,-0.0225193,-0.0214427,FRENET,0.0539216,3.61395,0.0539216,0.0989152,3.61395,0.406847,0
9.3807,23.4112,8.22042,0.13177,0.952192,-0.0225193,-0.0214427,FRENET,0.0539216,3.61395,0.0539216,0.0989152,3.61395,0.406847,0
9.3837,23.4112,8.22042,0.13177,0.952192,-0.0225193,-0.0214427,FRENET,0.0539216,3.61395,0.0539216,0.0989152,3.61395,0.406847,0
9.38822,23.4207,8.22165,0.131393,0.953166,-0.0292789,-0.0279076,FRENET,0.0539216,3.61395,0.0539216,0.0989152,3.61395,0.406847,0
9.39339,23.4207,8.22165,0.131393,0.953166,-0.0292789,-0.0279076,FRENET,0.0539216,3.61395,0.0539216,0.0989152,3.61395,0.406847,0
9.39818,23.4302,8.22287,0.131102,0.954093,-0.04683,-0.0446802,FRENET,0.0539216,3.61395,0.0539216,0.0989152,3.61395,0.406847,0
9.40117,23.4302,8.22287,0.131102,0.954093,-0.04683,-0.0446802,FRENET,0.0539216,3.61395,0.0539216,0.0989152,3.61395,0.406847,0
9.40421,23.4302,8.22287,0.131102,0.954093,-0.04683,-0.0446802,FRENET,0.0539216,3.61395,0.0539216,0.0989152,3.61395,0.406847,0
9.40928,23.4396,8.22406,0.130578,0.954975,-0.0383132,-0.0365881,FRENET,0.0539216,3.61395,0.0539216,0.0989152,3.61395,0.406847,0
9.41347,23.4396,8.22406,0.130578,0.954975,-0.0383132,-0.0365881,FRENET,0.0822581,3.65145,0.0822581,0.0981444,3.65145,0.407903,0
9.41709,23.4491,8.22525,0.130229,0.955816,-0.0504412,-0.0482125,FRENET,0.0822581,3.65145,0.0822581,0.0981444,3.65145,0.407903,0
9.42012,23.4491,8.22525,0.130229,0.955816,-0.0504412,-0.0482125,FRENET,0.0822581,3.65145,0.0822581,0.0981444,3.65145,0.407903,0
9.4241,23.4491,8.22525,0.130229,0.955816,-0.0504412,-0.0482125,FRENET,0.0822581,3.65145,0.0822581,0.0981444,3.65145,0.407903,0
9.42964,23.4586,8.22641,0.12968,0.954219,-0.0398182,-0.0379952,FRENET,0.0822581,3.65145,0.0822581,0.0981444,3.65145,0.407903,0
9.43341,23.4586,8.22641,0.12968,0.954219,-0.0398182,-0.0379952,FRENET,0.0822581,3.65145,0.0822581,0.0981444,3.65145,0.407903,0
9.43777,23.468,8.22758,0.129321,0.952926,-0.051239,-0.0488269,FRENET,0.0822581,3.65145,0.0822581,0.0981444,3.65145,0.407903,0
9.44261,23.468,8.22758,0.129321,0.952926,-0.051239,-0.0488269,FRENET,0.0822581,3.65145,0.0822581,0.0981444,3.65145,0.407903,0
9.44771,23.4775,8.22873,0.128768,0.951879,-0.0400901,-0.0381609,FRENET,0.0822581,3.65145,0.0822581,0.0981444,3.65145,0.407903,0
9.4511,23.4775,8.22873,0.128768,0.951879,-0.0400901,-0.0381609,FRENET,0.0822581,3.65145,0.0822581,0.0981444,3.65145,0.407903,0
9.45618,23.4869,8.22992,0.12865,0.951031,0.0229897,0.0218639,FRENET,0.0822581,3.65145,0.0822581,0.0981444,3.65145,0.407903,0
9.4612,23.4869,8.22992,0.12865,0.951031,0.0229897,0.0218639,FRENET,0.07688,3.65145,0.07688,0.108361,3.65145,0.415082,0
9.46465,23.4869,8.22992,0.12865,0.951031,0.0229897,0.0218639,FRENET,0.07688,3.65145,0.07688,0.108361,3.65145,0.415082,0
9.46861,23.4964,8.23116,0.12903,0.950344,0.0294979,0.0280331,FRENET,0.07688,3.65145,0.07688,0.108361,3.65145,0.415082,0
9.47189,23.4964,8.23116,0.12903,0.950344,0.0294979,0.0280331,FRENET,0.07688,3.65145,0.07688,0.108361,3.65145,0.415082,0
9.47928,23.5058,8.23241,0.129323,0.949788,0.0470238,0.0446627,FRENET,0.07688,3.65145,0.07688,0.108361,3.65145,0.415082,0
9.48305,23.5058,8.23241,0.129323,0.949788,0.0470238,0.0446627,FRENET,0.07688,3.65145,0.07688,0.108361,3.65145,0.415082,0
9.48825,23.5152,8.23369,0.129849,0.949338,0.0381819,0.0362475,FRENET,0.07688,3.65145,0.07688,0.108361,3.65145,0.415082,0
9.49191,23.5152,8.23369,0.129849,0.949338,0.0381819,0.0362475,FRENET,0.07688,3.65145,0.07688,0.108361,3.65145,0.415082,0
9.49651,23.5246,8.23498,0.130195,0.948973,0.0503672,0.0477971,FRENET,0.07688,3.65145,0.07688,0.108361,3.65145,0.415082,0
9.49972,23.5246,8.23498,0.130195,0.948973,0.0503672,0.0477971,FRENET,0.07688,3.65145,0.07688,0.108361,3.65145,0.415082,0
9.5031,23.5246,8.23498,0.130195,0.948973,0.0503672,0.0477971,FRENET,0.07688,3.65145,0.07688,0.108361,3.65145,0.415082,0
9.50825,23.534,8.23628,0.130742,0.948678,0.0395695,0.0375387,FRENET,0.07688,3.65145,0.07688,0.108361,3.65145,0.415082,0
9.51255,23.534,8.23628,0.130742,0.948678,0.0395695,0.0375387,FRENET,0.0747836,3.65145,0.0747836,0.108568,3.65145,0.427737,0
9.5169,23.5434,8.23758,0.131098,0.948438,0.0509902,0.0483611,FRENET,0.0747836,3.65145,0.0747836,0.108568,3.65145,0.427737,0
9.51975,23.5434,8.23758,0.131098,0.948438,0.0509902,0.0483611,FRENET,0.0747836,3.65145,0.0747836,0.108568,3.65145,0.427737,0
9.52338,23.5434,8.23758,0.131098,0.948438,0.0509902,0.0483611,FRENET,0.0747836,3.65145,0.0747836,0.108568,3.65145,0.427737,0
9.52778,23.5528,8.2389,0.131649,0.948245,0.0398668,0.0378035,FRENET,0.0747836,3.65145,0.0747836,0.108568,3.65145,0.427737,0
9.5318,23.5528,8.2389,0.131649,0.948245,0.0398668,0.0378035,FRENET,0.0747836,3.65145,0.0747836,0.108568,3.65145,0.427737,0
9.53775,23.5622,8.24021,0.132008,0.948088,0.0511388,0.0484841,FRENET,0.0747836,3.65145,0.0747836,0.108568,3.65145,0.427737,0
9.54178,23.5622,8.24021,0.132008,0.948088,0.0511388,0.0484841,FRENET,0.0747836,3.65145,0.0747836,0.108568,3.65145,0.427737,0
9.54725,23.5716,8.24153,0.13256,0.947961,0.0399416,0.0378631,FRENET,0.0747836,3.65145,0.0747836,0.108568,3.65145,0.427737,0
9.55093,23.5716,8.24153,0.13256,0.947961,0.0399416,0.0378631,FRENET,0.0747836,3.65145,0.0747836,0.108568,3.65145,0.427737,0
9.55386,23.5716,8.24153,0.13256,0.947961,0.0399416,0.0378631,FRENET,0.0747836,3.65145,0.0747836,0.108568,3.65145,0.427737,0
9.55857,23.5809,8.24285,0.132919,0.947858,0.0511764,0.048508,FRENET,0.0747836,3.65145,0.0747836,0.108568,3.65145,0.427737,0
9.56316,23.5809,8.24285,0.132919,0.947858,0.0511764,0.048508,FRENET,0.432913,0.744127,0.432913,0.0932805,0.744127,0.448454,0
9.56825,23.5903,8.24419,0.133471,0.947775,0.0399591,0.0378722,FRENET,0.432913,0.744127,0.432913,0.0932805,0.744127,0.448454,0
9.57133,23.5903,8.24419,0.133471,0.947775,0.0399591,0.0378722,FRENET,0.432913,0.744127,0.432913,0.0932805,0.744127,0.448454,0
9.57677,23.5992,8.24544,0.133806,0.852675,0.056558,0.0482256,FRENET,0.432913,0.744127,0.432913,0.0932805,0.744127,0.448454,0
9.57969,23.5992,8.24544,0.133806,0.852675,0.056558,0.0482256,FRENET,0.432913,0.744127,0.432913,0.0932805,0.744127,0.448454,0
9.5831,23.5992,8.24544,0.133806,0.852675,0.056558,0.0482256,FRENET,0.432913,0.744127,0.432913,0.0932805,0.744127,0.448454,0
9.58752,23.6072,8.24659,0.134393,0.757575,0.0287681,0.021794,FRENET,0.432913,0.744127,0.432913,0.0932805,0.744127,0.448454,0
9.59134,23.6072,8.24659,0.134393,0.757575,0.0287681,0.021794,FRENET,0.432913,0.744127,0.432913,0.0932805,0.744127,0.448454,0
9.59608,23.6142,8.24758,0.134624,0.662475,0.0525298,0.0347997,FRENET,0.432913,0.744127,0.432913,0.0932805,0.744127,0.448454,0
9.59881,23.6142,8.24758,0.134624,0.662475,0.0525298,0.0347997,FRENET,0.432913,0.744127,0.432913,0.0932805,0.744127,0.448454,0
9.60308,23.6142,8.24758,0.134624,0.662475,0.0525298,0.0347997,FRENET,0.432913,0.744127,0.432913,0.0932805,0.744127,0.448454,0
9.6075,23.6203,8.24847,0.135141,0.567375,0.0110178,0.0062512,FRENET,0.432913,0.744127,0.432913,0.0932805,0.744127,0.448454,0
9.61103,23.6203,8.24847,0.135141,0.567375,0.0110178,0.0062512,FRENET,0.434904,0.744127,0.434904,0.103189,0.744127,0.468063,0
9.6159,23.6255,8.24919,0.135384,0.472275,0.0191953,0.00906546,FRENET,0.434904,0.744127,0.434904,0.103189,0.744127,0.468063,0
9.61903,23.6255,8.24919,0.135384,0.472275,0.0191953,0.00906546,FRENET,0.434904,0.744127,0.434904,0.103189,0.744127,0.468063,0
9.62308,23.6255,8.24919,0.135384,0.472275,0.0191953,0.00906546,FRENET,0.434904,0.744127,0.434904,0.103189,0.744127,0.468063,0
9.62705,23.6297,8.24977,0.135598,0.382448,-0.0265889,-0.0101689,FRENET,0.434904,0.744127,0.434904,0.103189,0.744127,0.468063,0
9.63114,23.6297,8.24977,0.135598,0.382448,-0.0265889,-0.0101689,FRENET,0.434904,0.744127,0.434904,0.103189,0.744127,0.468063,0
9.63597,23.6331,8.25024,0.13576,0.309706,0.00343527,0.00106393,FRENET,0.434904,0.744127,0.434904,0.103189,0.744127,0.468063,0
9.63929,23.6331,8.25024,0.13576,0.309706,0.00343527,0.00106393,FRENET,0.434904,0.744127,0.434904,0.103189,0.744127,0.468063,0
9.6431,23.6331,8.25024,0.13576,0.309706,0.00343527,0.00106393,FRENET,0.434904,0.744127,0.434904,0.103189,0.744127,0.468063,0
9.64763,23.6359,8.25062,0.135901,0.2508,-0.0265889,-0.00666851,FRENET,0.434904,0.744127,0.434904,0.103189,0.744127,0.468063,0
9.65224,23.6359,8.25062,0.135901,0.2508,-0.0265889,-0.00666851,FRENET,0.434904,0.744127,0.434904,0.103189,0.744127,0.468063,0
9.65707,23.6382,8.25093,0.136007,0.203098,-0.00689978,-0.00140133,FRENET,0.434904,0.744127,0.434904,0.103189,0.744127,0.468063,0
9.66008,23.6382,8.25093,0.136007,0.203098,-0.00689978,-0.00140133,FRENET,0.434904,0.744127,0.434904,0.103189,0.744127,0.468063,0
9.66317,23.6382,8.25093,0.136007,0.203098,-0.00689978,-0.00140133,FRENET,0.434584,0.744127,0.434584,0,0.744127,0.759487,0
9.66732,23.64,8.25118,0.136099,0.164469,-0.0265889,-0.00437305,FRENET,0.434584,0.744127,0.434584,0,0.744127,0.759487,0
9.67101,23.64,8.25118,0.136099,0.164469,-0.0265889,-0.00437305,FRENET,0.434584,0.744127,0.434584,0,0.744127,0.759487,0
9.67581,23.6415,8.25138,0.136168,0.133187,-0.0136773,-0.00182163,FRENET,0.434584,0.744127,0.434584,0,0.744127,0.759487,0
9.67898,23.6415,8.25138,0.136168,0.133187,-0.0136773,-0.00182163,FRENET,0.434584,0.744127,0.434584,0,0.744127,0.759487,0
9.68313,23.6415,8.25138,0.136168,0.133187,-0.0136773,-0.00182163,FRENET,0.434584,0.744127,0.434584,0,0.744127,0.759487,0
9.68704,23.6427,8.25154,0.136229,0.107855,-0.0265889,-0.00286774,FRENET,0.434584,0.744127,0.434584,0,0.744127,0.759487,0
9.69099,23.6427,8.25154,0.136229,0.107855,-0.0265889,-0.00286774,FRENET,0.434584,0.744127,0.434584,0,0.744127,0.759487,0
9.69618,23.6436,8.25167,0.136275,0.0873407,-0.0181218,-0.00158277,FRENET,0.434584,0.744127,0.434584,0,0.744127,0.759487,0
9.69896,23.6436,8.25167,0.136275,0.0873407,-0.0181218,-0.00158277,FRENET,0.434584,0.744127,0.434584,0,0.744127,0.759487,0
9.70293,23.6436,8.25167,0.136275,0.0873407,-0.0181218,-0.00158277,FRENET,0.434584,0.744127,0.434584,0,0.744127,0.759487,0
9.70756,23.6444,8.25178,0.136314,0.0707285,-0.0265889,-0.0018806,FRENET,0.434584,0.744127,0.434584,0,0.744127,0.759487,0
9.71146,23.6444,8.25178,0.136314,0.0707285,-0.0265889,-0.0018806,FRENET,0.434584,0.744127,0.434584,0,0.744127,0.759487,0
9.71599,23.645,8.25187,0.136344,0.057276,-0.0210364,-0.00120488,FRENET,0,3.74229,0,0,3.74229,0.705832,0
9.71904,23.645,8.25187,0.136344,0.057276,-0.0210364,-0.00120488,FRENET,0,3.74229,0,0,3.74229,0.705832,0
9.72297,23.645,8.25187,0.136344,0.057276,-0.0210364,-0.00120488,FRENET,0,3.74229,0,0,3.74229,0.705832,0
9.72696,23.6457,8.25196,0.136376,0.0836112,-0.0265889,-0.00222313,FRENET,0,3.74229,0,0,3.74229,0.705832,0
9.73113,23.6457,8.25196,0.136376,0.0836112,-0.0265889,-0.00222313,FRENET,0,3.74229,0,0,3.74229,0.705832,0
9.73596,23.6467,8.2521,0.136425,0.108694,-0.0160517,-0.00174472,FRENET,0,3.74229,0,0,3.74229,0.705832,0
9.73906,23.6467,8.2521,0.136425,0.108694,-0.0160517,-0.00174472,FRENET,0,3.74229,0,0,3.74229,0.705832,0
9.74296,23.6467,8.2521,0.136425,0.108694,-0.0160517,-0.00174472,FRENET,0,3.74229,0,0,3.74229,0.705832,0
9.74862,23.6479,8.25226,0.136481,0.132584,-0.0265889,-0.00352528,FRENET,0,3.74229,0,0,3.74229,0.705832,0
9.75122,23.6479,8.25226,0.136481,0.132584,-0.0265889,-0.00352528,FRENET,0,3.74229,0,0,3.74229,0.705832,0
9.75581,23.6493,8.25246,0.13641,0.155339,-0.0416481,-0.00646956,FRENET,0,3.74229,0,0,3.74229,0.705832,0
9.75909,23.6493,8.25246,0.13641,0.155339,-0.0416481,-0.00646956,FRENET,0,3.74229,0,0,3.74229,0.705832,0
9.76289,23.6493,8.25246,0.13641,0.155339,-0.0416481,-0.00646956,FRENET,0,3.74229,0,0,3.74229,0.72435,0
9.76739,23.651,8.25268,0.136331,0.177011,-0.0265889,-0.00470653,FRENET,0,3.74229,0,0,3.74229,0.72435,0
9.77167,23.651,8.25268,0.136331,0.177011,-0.0265889,-0.00470653,FRENET,0,3.74229,0,0,3.74229,0.72435,0
9.77671,23.6528,8.25294,0.136238,0.197653,-0.0457502,-0.00904266,FRENET,0,3.74229,0,0,3.74229,0.72435,0
9.78051,23.6528,8.25294,0.136238,0.197653,-0.0457502,-0.00904266,FRENET,0,3.74229,0,0,3.74229,0.72435,0
9.78403,23.6528,8.25294,0.136238,0.197653,-0.0457502,-0.00904266,FRENET,0,3.74229,0,0,3.74229,0.72435,0
9.78816,23.6549,8.25322,0.136139,0.217313,-0.0265889,-0.00577812,FRENET,0,3.74229,0,0,3.74229,0.72435,0
9.79179,23.6549,8.25322,0.136139,0.217313,-0.0265889,-0.00577812,FRENET,0,3.74229,0,0,3.74229,0.72435,0
9.79557,23.6571,8.25352,0.136028,0.236039,-0.0494715,-0.0116772,FRENET,0,3.74229,0,0,3.74229,0.72435,0
9.79901,23.6571,8.25352,0.136028,0.236039,-0.0494715,-0.0116772,FRENET,0,3.74229,0,0,3.74229,0.72435,0
9.80295,23.6571,8.25352,0.136028,0.236039,-0.0494715,-0.0116772,FRENET,0,3.74229,0,0,3.74229,0.72435,0
9.80677,23.6595,8.25386,0.135911,0.253874,-0.0265889,-0.00675023,FRENET,0,3.74229,0,0,3.74229,0.72435,0
9.81106,23.6595,8.25386,0.135911,0.253874,-0.0265889,-0.00675023,FRENET,0,3.74229,0,0,3.74229,0.76709,0
9.8158,23.6621,8.25421,0.135782,0.270861,-0.0528473,-0.0143142,FRENET,0,3.74229,0,0,3.74229,0.76709,0
9.81902,23.6621,8.25421,0.135782,0.270861,-0.0528473,-0.0143142,FRENET,0,3.74229,0,0,3.74229,0.76709,0
9.82295,23.6621,8.25421,0.135782,0.270861,-0.0528473,-0.0143142,FRENET,0,3.74229,0,0,3.74229,0.76709,0
9.82709,23.6649,8.25459,0.135648,0.28704,-0.0265889,-0.00763208,FRENET,0,3.74229,0,0,3.74229,0.76709,0
9.83117,23.6649,8.25459,0.135648,0.28704,-0.0265889,-0.00763208,FRENET,0,3.74229,0,0,3.74229,0.76709,0
9.83587,23.6678,8.25499,0.135504,0.30245,-0.0559096,-0.0169099,FRENET,0,3.74229,0,0,3.74229,0.76709,0
9.83899,23.6678,8.25499,0.135504,0.30245,-0.0559096,-0.0169099,FRENET,0,3.74229,0,0,3.74229,0.76709,0
9.84297,23.6678,8.25499,0.135504,0.30245,-0.0559096,-0.0169099,FRENET,0,3.74229,0,0,3.74229,0.76709,0
9.84685,23.6709,8.25541,0.135355,0.317127,-0.0265889,-0.00843207,FRENET,0,3.74229,0,0,3.74229,0.76709,0
9.8511,23.6709,8.25541,0.135355,0.317127,-0.0265889,-0.00843207,FRENET,0,3.74229,0,0,3.74229,0.76709,0
9.85624,23.6741,8.25584,0.135197,0.331106,-0.0586877,-0.0194319,FRENET,0,3.74229,0,0,3.74229,0.76709,0
9.85966,23.6741,8.25584,0.135197,0.331106,-0.0586877,-0.0194319,FRENET,0,3.74229,0,0,3.74229,0.76709,0
9.86288,23.6741,8.25584,0.135197,0.331106,-0.0586877,-0.0194319,FRENET,0,3.74229,0,0.102046,3.74229,0.487983,0
9.86694,23.6775,8.2563,0.135035,0.344421,-0.0265889,-0.00915778,FRENET,0,3.74229,0,0.102046,3.74229,0.487983,0
9.87194,23.6775,8.2563,0.135035,0.344421,-0.0265889,-0.00915778,FRENET,0,3.74229,0,0.102046,3.74229,0.487983,0
9.8757,23.681,8.25677,0.134862,0.363378,-0.0618163,-0.0224627,FRENET,0,3.74229,0,0.102046,3.74229,0.487983,0
9.87912,23.681,8.25677,0.134862,0.363378,-0.0618163,-0.0224627,FRENET,0,3.74229,0,0.102046,3.74229,0.487983,0
9.88307,23.681,8.25677,0.134862,0.363378,-0.0618163,-0.0224627,FRENET,0,3.74229,0,0.102046,3.74229,0.487983,0
9.88658,23.6846,8.25727,0.134682,0.381434,-0.0265889,-0.0101419,FRENET,0,3.74229,0,0.102046,3.74229,0.487983,0
9.89129,23.6846,8.25727,0.134682,0.381434,-0.0265889,-0.0101419,FRENET,0,3.74229,0,0.102046,3.74229,0.487983,0
9.89581,23.6885,8.2578,0.134492,0.398631,-0.0652338,-0.0260042,FRENET,0,3.74229,0,0.102046,3.74229,0.487983,0
9.89916,23.6885,8.2578,0.134492,0.398631,-0.0652338,-0.0260042,FRENET,0,3.74229,0,0.102046,3.74229,0.487983,0
9.90328,23.6885,8.2578,0.134492,0.398631,-0.0652338,-0.0260042,FRENET,0,3.74229,0,0.102046,3.74229,0.487983,0
9.90705,23.6925,8.25834,0.133899,0.41501,-0.107137,-0.044463,FRENET,0,3.74229,0,0.102046,3.74229,0.487983,0
9.91113,23.6925,8.25834,0.133899,0.41501,-0.107137,-0.044463,FRENET,0,3.74229,0,0.0921434,3.74229,0.499698,0
9.9179,23.6967,8.25891,0.132871,0.430611,-0.152168,-0.065525,FRENET,0,3.74229,0,0.0921434,3.74229,0.499698,0
9.92093,23.6967,8.25891,0.132871,0.430611,-0.152168,-0.065525,FRENET,0,3.74229,0,0.0921434,3.74229,0.499698,0
9.92396,23.6967,8.25891,0.132871,0.430611,-0.152168,-0.065525,FRENET,0,3.74229,0,0.0921434,3.74229,0.499698,0
9.92763,23.7011,8.25948,0.131809,0.44547,-0.113049,-0.0503598,FRENET,0,3.74229,0,0.0921434,3.74229,0.499698,0
9.93161,23.7011,8.25948,0.131809,0.44547,-0.113049,-0.0503598,FRENET,0,3.74229,0,0.0921434,3.74229,0.499698,0
9.93581,23.7056,8.26008,0.130709,0.459622,-0.160628,-0.0738282,FRENET,0,3.74229,0,0.0921434,3.74229,0.499698,0
9.93913,23.7056,8.26008,0.130709,0.459622,-0.160628,-0.0738282,FRENET,0,3.74229,0,0.0921434,3.74229,0.499698,0
9.94296,23.7056,8.26008,0.130709,0.459622,-0.160628,-0.0738282,FRENET,0,3.74229,0,0.0921434,3.74229,0.499698,0
9.94694,23.7102,8.26068,0.129577,0.473101,-0.118412,-0.0560207,FRENET,0,3.74229,0,0.0921434,3.74229,0.499698,0
9.95106,23.7102,8.26068,0.129577,0.473101,-0.118412,-0.0560207,FRENET,0,3.74229,0,0.0921434,3.74229,0.499698,0
9.95597,23.7149,8.2613,0.128412,0.48594,-0.168303,-0.0817851,FRENET,0,3.74229,0,0.0921434,3.74229,0.499698,0
9.95883,23.7149,8.2613,0.128412,0.48594,-0.168303,-0.0817851,FRENET,0,3.74229,0,0.0921434,3.74229,0.499698,0
9.96304,23.7149,8.2613,0.128412,0.48594,-0.168303,-0.0817851,FRENET,0.0532612,3.8341,0.0532612,0.0978602,3.8341,0.504957,0
9.96713,23.7198,8.26192,0.127218,0.498167,-0.123277,-0.0614125,FRENET,0.0532612,3.8341,0.0532612,0.0978602,3.8341,0.504957,0
9.97099,23.7198,8.26192,0.127218,0.498167,-0.123277,-0.0614125,FRENET,0.0532612,3.8341,0.0532612,0.0978602,3.8341,0.504957,0
9.97591,23.7249,8.26253,0.125961,0.518266,-0.094069,-0.0487528,FRENET,0.0532612,3.8341,0.0532612,0.0978602,3.8341,0.504957,0
9.97968,23.7249,8.26253,0.125961,0.518266,-0.094069,-0.0487528,FRENET,0.0532612,3.8341,0.0532612,0.0978602,3.8341,0.504957,0
9.98323,23.7249,8.26253,0.125961,0.518266,-0.094069,-0.0487528,FRENET,0.0532612,3.8341,0.0532612,0.0978602,3.8341,0.504957,0
9.98715,23.7301,8.26303,0.124759,0.537409,-0.0989223,-0.0531618,FRENET,0.0532612,3.8341,0.0532612,0.0978602,3.8341,0.504957,0
9.99106,23.7301,8.26303,0.124759,0.537409,-0.0989223,-0.0531618,FRENET,0.0532612,3.8341,0.0532612,0.0978602,3.8341,0.504957,0
9.99761,23.7356,8.26354,0.123807,0.555642,-0.0723395,-0.0401948,FRENET,0.0532612,3.8341,0.0532612,0.0978602,3.8341,0.504957,0
9.99997,23.7356,8.26354,0.123807,0.555642,-0.0723395,-0.0401948,FRENET,0.0532612,3.8341,0.0532612,0.0978602,3.8341,0.504957,0
10.003,23.7356,8.26354,0.123807,0.555642,-0.0723395,-0.0401948,FRENET,0.0532612,3.8341,0.0532612,0.0978602,3.8341,0.504957,0
10.0068,23.7412,8.26412,0.123258,0.573008,-0.0299555,-0.0171647,FRENET,0.0532612,3.8341,0.0532612,0.0978602,3.8341,0.504957,0
10.0116,23.7412,8.26412,0.123258,0.573008,-0.0299555,-0.0171647,FRENET,0.0446665,3.8341,0.0446665,0.109381,3.8341,0.514595,0
10.0158,23.747,8.26478,0.123196,0.589548,0.0208551,0.0122951,FRENET,0.0446665,3.8341,0.0446665,0.109381,3.8341,0.514595,0
10.019,23.747,8.26478,0.123196,0.589548,0.0208551,0.0122951,FRENET,0.0446665,3.8341,0.0446665,0.109381,3.8341,0.514595,0
10.0234,23.747,8.26478,0.123196,0.589548,0.0208551,0.0122951,FRENET,0.0446665,3.8341,0.0446665,0.109381,3.8341,0.514595,0
10.0272,23.7529,8.26555,0.123676,0.605302,0.0767853,0.0464783,FRENET,0.0446665,3.8341,0.0446665,0.109381,3.8341,0.514595,0
10.0311,23.7529,8.26555,0.123676,0.605302,0.0767853,0.0464783,FRENET,0.0446665,3.8341,0.0446665,0.109381,3.8341,0.514595,0
10.0358,23.7589,8.26642,0.124558,0.620306,0.0714778,0.0443381,FRENET,0.0446665,3.8341,0.0446665,0.109381,3.8341,0.514595,0
10.0391,23.7589,8.26642,0.124558,0.620306,0.0714778,0.0443381,FRENET,0.0446665,3.8341,0.0446665,0.109381,3.8341,0.514595,0
10.0429,23.7589,8.26642,0.124558,0.620306,0.0714778,0.0443381,FRENET,0.0446665,3.8341,0.0446665,0.109381,3.8341,0.514595,0
10.047,23.7652,8.26732,0.125302,0.634597,0.097069,0.0615998,FRENET,0.0446665,3.8341,0.0446665,0.109381,3.8341,0.514595,0
10.0509,23.7652,8.26732,0.125302,0.634597,0.097069,0.0615998,FRENET,0.0446665,3.8341,0.0446665,0.109381,3.8341,0.514595,0
10.0562,23.7715,8.26828,0.126309,0.648209,0.0822539,0.0533177,FRENET,0.0446665,3.8341,0.0446665,0.109381,3.8341,0.514595,0
10.0589,23.7715,8.26828,0.126309,0.648209,0.0822539,0.0533177,FRENET,0.0446665,3.8341,0.0446665,0.109381,3.8341,0.514595,0
10.063,23.7715,8.26828,0.126309,0.648209,0.0822539,0.0533177,FRENET,0.0484626,3.8341,0.0484626,0.096084,3.8341,0.53267,0
10.0672,23.778,8.26925,0.127129,0.661173,0.102796,0.0679657,FRENET,0.0484626,3.8341,0.0484626,0.096084,3.8341,0.53267,0
10.0711,23.778,8.26925,0.127129,0.661173,0.102796,0.0679657,FRENET,0.0484626,3.8341,0.0484626,0.096084,3.8341,0.53267,0
10.0757,23.7846,8.27026,0.128186,0.673521,0.0873476,0.0588305,FRENET,0.0484626,3.8341,0.0484626,0.096084,3.8341,0.53267,0
10.079,23.7846,8.27026,0.128186,0.673521,0.0873476,0.0588305,FRENET,0.0484626,3.8341,0.0484626,0.096084,3.8341,0.53267,0
10.0831,23.7846,8.27026,0.128186,0.673521,0.0873476,0.0588305,FRENET,0.0484626,3.8341,0.0484626,0.096084,3.8341,0.53267,0
10.0868,23.7913,8.27128,0.129049,0.685282,0.106293,0.0728404,FRENET,0.0484626,3.8341,0.0484626,0.096084,3.8341,0.53267,0
10.091,23.7913,8.27128,0.129049,0.685282,0.106293,0.0728404,FRENET,0.0484626,3.8341,0.0484626,0.096084,3.8341,0.53267,0
10.0957,23.7981,8.27234,0.130142,0.696483,0.0912617,0.0635623,FRENET,0.0484626,3.8341,0.0484626,0.096084,3.8341,0.53267,0
10.099,23.7981,8.27234,0.130142,0.696483,0.0912617,0.0635623,FRENET,0.0484626,3.8341,0.0484626,0.096084,3.8341,0.53267,0
10.103,23.7981,8.27234,0.130142,0.696483,0.0912617,0.0635623,FRENET,0.0484626,3.8341,0.0484626,0.096084,3.8341,0.53267,0
10.1072,23.805,8.27341,0.13104,0.707152,0.109224,0.0772383,FRENET,0.0484626,3.8341,0.0484626,0.096084,3.8341,0.53267,0
10.111,23.805,8.27341,0.13104,0.707152,0.109224,0.0772383,FRENET,0,3.33666,0,0.107091,3.33666,0.555434,0
10.1156,23.8121,8.27451,0.132165,0.711526,0.0938719,0.0667923,FRENET,0,3.33666,0,0.107091,3.33666,0.555434,0
10.1191,23.8121,8.27451,0.132165,0.711526,0.0938719,0.0667923,FRENET,0,3.33666,0,0.107091,3.33666,0.555434,0
10.123,23.8121,8.27451,0.132165,0.711526,0.0938719,0.0667923,FRENET,0,3.33666,0,0.107091,3.33666,0.555434,0
10.1273,23.8191,8.27562,0.133084,0.715691,0.111282,0.0796435,FRENET,0,3.33666,0,0.107091,3.33666,0.555434,0
10.1309,23.8191,8.27562,0.133084,0.715691,0.111282,0.0796435,FRENET,0,3.33666,0,0.107091,3.33666,0.555434,0
10.1358,23.8262,8.27675,0.134225,0.719659,0.0954616,0.0686998,FRENET,0,3.33666,0,0.107091,3.33666,0.555434,0
10.1395,23.8262,8.27675,0.134225,0.719659,0.0954616,0.0686998,FRENET,0,3.33666,0,0.107091,3.33666,0.555434,0
10.1431,23.8262,8.27675,0.134225,0.719659,0.0954616,0.0686998,FRENET,0,3.33666,0,0.107091,3.33666,0.555434,0
10.147,23.8333,8.27785,0.13495,0.723438,0.0432533,0.0312911,FRENET,0,3.33666,0,0.107091,3.33666,0.555434,0
10.1511,23.8333,8.27785,0.13495,0.723438,0.0432533,0.0312911,FRENET,0,3.33666,0,0.107091,3.33666,0.555434,0
10.1558,23.8405,8.2789,0.135073,0.727037,-0.0205419,-0.0149347,FRENET,0,3.33666,0,0.107091,3.33666,0.555434,0
10.1588,23.8405,8.2789,0.135073,0.727037,-0.0205419,-0.0149347,FRENET,0,3.33666,0,0.107091,3.33666,0.555434,0
10.1631,23.8405,8.2789,0.135073,0.727037,-0.0205419,-0.0149347,FRENET,0,3.33666,0,0.103457,3.33666,0.578928,0
10.1671,23.8477,8.27985,0.134531,0.730465,-0.0885559,-0.064687,FRENET,0,3.33666,0,0.103457,3.33666,0.578928,0
10.1711,23.8477,8.27985,0.134531,0.730465,-0.0885559,-0.064687,FRENET,0,3.33666,0,0.103457,3.33666,0.578928,0
10.1767,23.855,8.28069,0.133298,0.73373,-0.158459,-0.116266,FRENET,0,3.33666,0,0.103457,3.33666,0.578928,0
10.1796,23.855,8.28069,0.133298,0.73373,-0.158459,-0.116266,FRENET,0,3.33666,0,0.103457,3.33666,0.578928,0
10.1833,23.855,8.28069,0.133298,0.73373,-0.158459,-0.116266,FRENET,0,3.33666,0,0.103457,3.33666,0.578928,0
10.1869,23.8623,8.28145,0.13157,0.73684,-0.159918,-0.117834,FRENET,0,3.33666,0,0.103457,3.33666,0.578928,0
10.191,23.8623,8.28145,0.13157,0.73684,-0.159918,-0.117834,FRENET,0,3.33666,0,0.103457,3.33666,0.578928,0
10.1959,23.8697,8.28216,0.129957,0.739802,-0.182123,-0.134735,FRENET,0,3.33666,0,0.103457,3.33666,0.578928,0
10.1988,23.8697,8.28216,0.129957,0.739802,-0.182123,-0.134735,FRENET,0,3.33666,0,0.103457,3.33666,0.578928,0
10.203,23.8697,8.28216,0.129957,0.739802,-0.182123,-0.134735,FRENET,0,3.33666,0,0.103457,3.33666,0.578928,0
10.2069,23.877,8.28284,0.128092,0.742623,-0.169122,-0.125594,FRENET,0,3.33666,0,0.103457,3.33666,0.578928,0
10.211,23.877,8.28284,0.128092,0.742623,-0.169122,-0.125594,FRENET,0,3.33666,0,0.111304,3.33666,0.598071,0
10.2157,23.8845,8.28351,0.12642,0.74531,-0.186317,-0.138864,FRENET,0,3.33666,0,0.111304,3.33666,0.598071,0
10.2192,23.8845,8.28351,0.12642,0.74531,-0.186317,-0.138864,FRENET,0,3.33666,0,0.111304,3.33666,0.598071,0
10.2231,23.8845,8.28351,0.12642,0.74531,-0.186317,-0.138864,FRENET,0,3.33666,0,0.111304,3.33666,0.598071,0
10.2271,23.8919,8.28416,0.124523,0.74787,-0.171691,-0.128403,FRENET,0,3.33666,0,0.111304,3.33666,0.598071,0
10.2312,23.8919,8.28416,0.124523,0.74787,-0.171691,-0.128403,FRENET,0,3.33666,0,0.111304,3.33666,0.598071,0
10.2366,23.8994,8.2848,0.12283,0.750307,-0.188015,-0.141069,FRENET,0,3.33666,0,0.111304,3.33666,0.598071,0
10.2395,23.8994,8.2848,0.12283,0.750307,-0.188015,-0.141069,FRENET,0,3.33666,0,0.111304,3.33666,0.598071,0
10.2434,23.8994,8.2848,0.12283,0.750307,-0.188015,-0.141069,FRENET,0,3.33666,0,0.111304,3.33666,0.598071,0
10.2486,23.9068,8.28542,0.120919,0.752629,-0.173181,-0.130341,FRENET,0,3.33666,0,0.111304,3.33666,0.598071,0
10.2529,23.9068,8.28542,0.120919,0.752629,-0.173181,-0.130341,FRENET,0,3.33666,0,0.111304,3.33666,0.598071,0
10.2576,23.9144,8.28603,0.119212,0.75484,-0.189196,-0.142812,FRENET,0,3.33666,0,0.111304,3.33666,0.598071,0
10.2601,23.9144,8.28603,0.119212,0.75484,-0.189196,-0.142812,FRENET,0,3.33666,0,0.111304,3.33666,0.598071,0
10.2632,23.9144,8.28603,0.119212,0.75484,-0.189196,-0.142812,FRENET,0.0420236,3.08918,0.0420236,0.112786,3.08918,0.615299,0
10.268,23.9219,8.28663,0.117289,0.756946,-0.174368,-0.131987,FRENET,0.0420236,3.08918,0.0420236,0.112786,3.08918,0.615299,0
10.2718,23.9219,8.28663,0.117289,0.756946,-0.174368,-0.131987,FRENET,0.0420236,3.08918,0.0420236,0.112786,3.08918,0.615299,0
10.276,23.9295,8.28723,0.115564,0.779043,-0.19044,-0.148361,FRENET,0.0420236,3.08918,0.0420236,0.112786,3.08918,0.615299,0
10.2791,23.9295,8.28723,0.115564,0.779043,-0.19044,-0.148361,FRENET,0.0420236,3.08918,0.0420236,0.112786,3.08918,0.615299,0
10.2831,23.9295,8.28723,0.115564,0.779043,-0.19044,-0.148361,FRENET,0.0420236,3.08918,0.0420236,0.112786,3.08918,0.615299,0
10.288,23.9374,8.28782,0.113609,0.800089,-0.182,-0.145616,FRENET,0.0420236,3.08918,0.0420236,0.112786,3.08918,0.615299,0
10.2914,23.9374,8.28782,0.113609,0.800089,-0.182,-0.145616,FRENET,0.0420236,3.08918,0.0420236,0.112786,3.08918,0.615299,0
10.2961,23.9455,8.28845,0.112005,0.820135,-0.132861,-0.108964,FRENET,0.0420236,3.08918,0.0420236,0.112786,3.08918,0.615299,0
10.2996,23.9455,8.28845,0.112005,0.820135,-0.132861,-0.108964,FRENET,0.0420236,3.08918,0.0420236,0.112786,3.08918,0.615299,0
10.3034,23.9455,8.28845,0.112005,0.820135,-0.132861,-0.108964,FRENET,0.0420236,3.08918,0.0420236,0.112786,3.08918,0.615299,0
10.3075,23.9538,8.28916,0.110991,0.839227,-0.0673172,-0.0564945,FRENET,0.0420236,3.08918,0.0420236,0.112786,3.08918,0.615299,0
10.3112,23.9538,8.28916,0.110991,0.839227,-0.0673172,-0.0564945,FRENET,0.0338307,3.08918,0.0338307,0.115526,3.08918,0.634471,0
10.3171,23.9622,8.28998,0.110681,0.857412,0.00666007,0.00571042,FRENET,0.0338307,3.08918,0.0338307,0.115526,3.08918,0.634471,0
10.3201,23.9622,8.28998,0.110681,0.857412,0.00666007,0.00571042,FRENET,0.0338307,3.08918,0.0338307,0.115526,3.08918,0.634471,0
10.3241,23.9622,8.28998,0.110681,0.857412,0.00666007,0.00571042,FRENET,0.0338307,3.08918,0.0338307,0.115526,3.08918,0.634471,0
10.3279,23.9708,8.29091,0.110924,0.874732,0.0182537,0.0159671,FRENET,0.0338307,3.08918,0.0338307,0.115526,3.08918,0.634471,0
10.3309,23.9708,8.29091,0.110924,0.874732,0.0182537,0.0159671,FRENET,0.0338307,3.08918,0.0338307,0.115526,3.08918,0.634471,0
10.3358,23.9796,8.29189,0.111129,0.891228,0.0392585,0.0349882,FRENET,0.0338307,3.08918,0.0338307,0.115526,3.08918,0.634471,0
10.3392,23.9796,8.29189,0.111129,0.891228,0.0392585,0.0349882,FRENET,0.0338307,3.08918,0.0338307,0.115526,3.08918,0.634471,0
10.3431,23.9796,8.29189,0.111129,0.891228,0.0392585,0.0349882,FRENET,0.0338307,3.08918,0.0338307,0.115526,3.08918,0.634471,0
10.3473,23.9885,8.29293,0.111585,0.90694,0.0330783,0.0300001,FRENET,0.0338307,3.08918,0.0338307,0.115526,3.08918,0.634471,0
10.351,23.9885,8.29293,0.111585,0.90694,0.0330783,0.0300001,FRENET,0.0338307,3.08918,0.0338307,0.115526,3.08918,0.634471,0
10.3563,23.9976,8.294,0.111893,0.921905,0.0465556,0.0429198,FRENET,0.0338307,3.08918,0.0338307,0.115526,3.08918,0.634471,0
10.3588,23.9976,8.294,0.111893,0.921905,0.0465556,0.0429198,FRENET,0.0338307,3.08918,0.0338307,0.115526,3.08918,0.634471,0
10.3631,23.9976,8.294,0.111893,0.921905,0.0465556,0.0429198,FRENET,0.0448092,3.08918,0.0448092,0.118465,3.08918,0.670058,0
10.368,24.0068,8.2951,0.112406,0.936158,0.0376891,0.035283,FRENET,0.0448092,3.08918,0.0448092,0.118465,3.08918,0.670058,0

--- Experiment Summary ---
Scenario,Mux_playground_WS0.82_WT2.32_WC1.64_WCL2.52_WD2.74_DM0.54_Opp_bumper_v_5.csv
Mode,MUX_OBSTACLE
Finish Reason,GOAL REACHED
Duration (s),10.37
Total Dist (m),23.80
Collision,NO
FRENET Usage (%),84.59
FGM Usage (%),15.41
Max Speed (m/s),4.80
Max Lat Acc (m/s^2),2.30
Global Min Dist (m),0.00
Global Unsafe Ratio,0.59
Global Track RMS (m),1.85
Global Lat Acc RMS,0.47
FGM Min Dist (m),0.00
FGM Unsafe Ratio,1.00
FGM Track RMS (m),0.47
