t,x,y,yaw,speed,yaw_rate,a_lat,planner,min_d,track_error,fre_min_d,fgm_min_d,fre_track,fgm_track,collision
9.5577e-05,-9.99917,7.475,0,0.11877,0,0,FGM,0.426646,0.144589,0.426642,0.426646,0.381943,0.144589,0
0.00276633,-9.99917,7.475,0,0.11877,0,0,FGM,0.426646,0.144589,0.426642,0.426646,0.381943,0.144589,0
0.00640964,-9.99917,7.475,0,0.11877,0,0,FGM,0.426646,0.144589,0.426642,0.426646,0.381943,0.144589,0
0.01045,-9.99751,7.475,8.82879e-05,0.21387,0.0207335,0.00443427,FGM,0.426646,0.144589,0.426642,0.426646,0.381943,0.144589,0
0.0143595,-9.99751,7.475,8.82879e-05,0.21387,0.0207335,0.00443427,FGM,0.426646,0.144589,0.426642,0.426646,0.381943,0.144589,0
0.0201163,-9.99489,7.475,0.000476328,0.30897,0.0599671,0.0185281,FGM,0.426646,0.144589,0.426642,0.426646,0.381943,0.144589,0
0.0225267,-9.99489,7.475,0.000476328,0.30897,0.0599671,0.0185281,FGM,0.426646,0.144589,0.426642,0.426646,0.381943,0.144589,0
0.0264753,-9.99489,7.475,0.000476328,0.30897,0.0599671,0.0185281,FGM,0.426646,0.144589,0.426642,0.426646,0.381943,0.144589,0
0.0304175,-9.99133,7.475,0.000987333,0.40407,0.0391722,0.0158283,FGM,0.426646,0.144589,0.426642,0.426646,0.381943,0.144589,0
0.0344823,-9.99133,7.475,0.000987333,0.40407,0.0391722,0.0158283,FGM,0.426646,0.144589,0.426642,0.426646,0.381943,0.144589,0
0.0400685,-9.98681,7.47501,0.0016521,0.49917,0.0968825,0.0483608,FGM,0.426646,0.144589,0.426642,0.426646,0.381943,0.144589,0
0.0423429,-9.98681,7.47501,0.0016521,0.49917,0.0968825,0.0483608,FGM,0.426646,0.144589,0.426642,0.426646,0.381943,0.144589,0
0.046499,-9.98681,7.47501,0.0016521,0.49917,0.0968825,0.0483608,FGM,0.409138,0.184899,0.421521,0.409138,0.381943,0.184899,0
0.0503484,-9.98134,7.47505,0.0024478,0.59427,0.042752,0.0254062,FGM,0.409138,0.184899,0.421521,0.409138,0.381943,0.184899,0
0.0544486,-9.98134,7.47505,0.0024478,0.59427,0.042752,0.0254062,FGM,0.409138,0.184899,0.421521,0.409138,0.381943,0.184899,0
0.0600464,-9.97495,7.47516,0.00301342,0.68513,0.0773764,0.0530129,FGM,0.409138,0.184899,0.421521,0.409138,0.381943,0.184899,0
0.0625724,-9.97495,7.47516,0.00301342,0.68513,0.0773764,0.0530129,FGM,0.409138,0.184899,0.421521,0.409138,0.381943,0.184899,0
0.0665871,-9.97495,7.47516,0.00301342,0.68513,0.0773764,0.0530129,FGM,0.409138,0.184899,0.421521,0.409138,0.381943,0.184899,0
0.070333,-9.96767,7.47533,0.00390329,0.771669,0.0863847,0.0666605,FGM,0.409138,0.184899,0.421521,0.409138,0.381943,0.184899,0
0.074495,-9.96767,7.47533,0.00390329,0.771669,0.0863847,0.0666605,FGM,0.409138,0.184899,0.421521,0.409138,0.381943,0.184899,0
0.0799361,-9.95954,7.47552,0.00481985,0.854094,0.108815,0.0929383,FGM,0.409138,0.184899,0.421521,0.409138,0.381943,0.184899,0
0.0824689,-9.95954,7.47552,0.00481985,0.854094,0.108815,0.0929383,FGM,0.409138,0.184899,0.421521,0.409138,0.381943,0.184899,0
0.0864567,-9.95954,7.47552,0.00481985,0.854094,0.108815,0.0929383,FGM,0.409138,0.184899,0.421521,0.409138,0.381943,0.184899,0
0.0904001,-9.95061,7.47576,0.00599889,0.932599,0.114011,0.106327,FGM,0.409138,0.184899,0.421521,0.409138,0.381943,0.184899,0
0.094388,-9.95061,7.47576,0.00599889,0.932599,0.114011,0.106327,FGM,0.409138,0.184899,0.421521,0.409138,0.381943,0.184899,0
0.0998212,-9.94091,7.47602,0.00716591,1.00737,0.131741,0.132712,FGM,0.418824,0.216837,0.411906,0.418824,0.381943,0.216837,0
0.1024,-9.94091,7.47602,0.00716591,1.00737,0.131741,0.132712,FGM,0.418824,0.216837,0.411906,0.418824,0.381943,0.216837,0
0.10657,-9.94091,7.47602,0.00716591,1.00737,0.131741,0.132712,FGM,0.418824,0.216837,0.411906,0.418824,0.381943,0.216837,0
0.110558,-9.93049,7.47633,0.00856813,1.07865,0.13577,0.146447,FGM,0.418824,0.216837,0.411906,0.418824,0.381943,0.216837,0
0.114594,-9.93049,7.47633,0.00856813,1.07865,0.13577,0.146447,FGM,0.418824,0.216837,0.411906,0.418824,0.381943,0.216837,0
0.119962,-9.91937,7.47666,0.00993898,1.14653,0.151006,0.173134,FGM,0.418824,0.216837,0.411906,0.418824,0.381943,0.216837,0
0.122579,-9.91937,7.47666,0.00993898,1.14653,0.151006,0.173134,FGM,0.418824,0.216837,0.411906,0.418824,0.381943,0.216837,0
0.126543,-9.91937,7.47666,0.00993898,1.14653,0.151006,0.173134,FGM,0.418824,0.216837,0.411906,0.418824,0.381943,0.216837,0
0.130397,-9.90758,7.47704,0.0115311,1.21119,0.154324,0.186916,FGM,0.418824,0.216837,0.411906,0.418824,0.381943,0.216837,0
0.13455,-9.90758,7.47704,0.0115311,1.21119,0.154324,0.186916,FGM,0.418824,0.216837,0.411906,0.418824,0.381943,0.216837,0
0.139984,-9.89517,7.47745,0.0130779,1.27277,0.167923,0.213728,FGM,0.418824,0.216837,0.411906,0.418824,0.381943,0.216837,0
0.142236,-9.89517,7.47745,0.0130779,1.27277,0.167923,0.213728,FGM,0.418824,0.216837,0.411906,0.418824,0.381943,0.216837,0
0.146502,-9.89517,7.47745,0.0130779,1.27277,0.167923,0.213728,FGM,0.425576,0.250437,0.289155,0.425576,0.258958,0.250437,0
0.150368,-9.88216,7.4779,0.0148375,1.33143,0.170664,0.227227,FGM,0.425576,0.250437,0.289155,0.425576,0.258958,0.250437,0
0.154455,-9.88216,7.4779,0.0148375,1.33143,0.170664,0.227227,FGM,0.425576,0.250437,0.289155,0.425576,0.258958,0.250437,0
0.159964,-9.86856,7.47839,0.0165398,1.39025,0.182818,0.254163,FGM,0.425576,0.250437,0.289155,0.425576,0.258958,0.250437,0
0.16245,-9.86856,7.47839,0.0165398,1.39025,0.182818,0.254163,FGM,0.425576,0.250437,0.289155,0.425576,0.258958,0.250437,0
0.166486,-9.86856,7.47839,0.0165398,1.39025,0.182818,0.254163,FGM,0.425576,0.250437,0.289155,0.425576,0.258958,0.250437,0
0.170384,-9.85439,7.47892,0.0184472,1.44627,0.18529,0.26798,FGM,0.425576,0.250437,0.289155,0.425576,0.258958,0.250437,0
0.174333,-9.85439,7.47892,0.0184472,1.44627,0.18529,0.26798,FGM,0.425576,0.250437,0.289155,0.425576,0.258958,0.250437,0
0.179869,-9.83967,7.47949,0.0202913,1.49963,0.19682,0.295157,FGM,0.425576,0.250437,0.289155,0.425576,0.258958,0.250437,0
0.182426,-9.83967,7.47949,0.0202913,1.49963,0.19682,0.295157,FGM,0.425576,0.250437,0.289155,0.425576,0.258958,0.250437,0
0.186435,-9.83967,7.47949,0.0202913,1.49963,0.19682,0.295157,FGM,0.425576,0.250437,0.289155,0.425576,0.258958,0.250437,0
0.190424,-9.82443,7.48012,0.0223386,1.55045,0.198955,0.30847,FGM,0.425576,0.250437,0.289155,0.425576,0.258958,0.250437,0
0.194448,-9.82443,7.48012,0.0223386,1.55045,0.198955,0.30847,FGM,0.425576,0.250437,0.289155,0.425576,0.258958,0.250437,0
0.199961,-9.8087,7.48078,0.0243142,1.59886,0.209734,0.335335,FGM,0.418854,0.279928,0.247848,0.418854,0.258958,0.279928,0
0.202501,-9.8087,7.48078,0.0243142,1.59886,0.209734,0.335335,FGM,0.418854,0.279928,0.247848,0.418854,0.258958,0.279928,0
0.206445,-9.8087,7.48078,0.0243142,1.59886,0.209734,0.335335,FGM,0.418854,0.279928,0.247848,0.418854,0.258958,0.279928,0
0.210517,-9.79248,7.4815,0.0264877,1.64751,0.211276,0.348079,FGM,0.418854,0.279928,0.247848,0.418854,0.258958,0.279928,0
0.214213,-9.79248,7.4815,0.0264877,1.64751,0.211276,0.348079,FGM,0.418854,0.279928,0.247848,0.418854,0.258958,0.279928,0
0.219749,-9.77579,7.48226,0.0285821,1.69385,0.221306,0.374859,FGM,0.418854,0.279928,0.247848,0.418854,0.258958,0.279928,0
0.222472,-9.77579,7.48226,0.0285821,1.69385,0.221306,0.374859,FGM,0.418854,0.279928,0.247848,0.418854,0.258958,0.279928,0
0.226403,-9.77579,7.48226,0.0285821,1.69385,0.221306,0.374859,FGM,0.418854,0.279928,0.247848,0.418854,0.258958,0.279928,0
0.230465,-9.75865,7.48309,0.0308731,1.73798,0.222846,0.387303,FGM,0.418854,0.279928,0.247848,0.418854,0.258958,0.279928,0
0.234321,-9.75865,7.48309,0.0308731,1.73798,0.222846,0.387303,FGM,0.418854,0.279928,0.247848,0.418854,0.258958,0.279928,0
0.239902,-9.74108,7.48396,0.0330798,1.78002,0.232458,0.41378,FGM,0.418854,0.279928,0.247848,0.418854,0.258958,0.279928,0
0.242517,-9.74108,7.48396,0.0330798,1.78002,0.232458,0.41378,FGM,0.418854,0.279928,0.247848,0.418854,0.258958,0.279928,0
0.246323,-9.74108,7.48396,0.0330798,1.78002,0.232458,0.41378,FGM,0.424331,0.300477,0.23667,0.424331,0.258958,0.300477,0
0.250473,-9.72311,7.48489,0.0354822,1.82006,0.233704,0.425354,FGM,0.424331,0.300477,0.23667,0.424331,0.258958,0.300477,0
0.25468,-9.72311,7.48489,0.0354822,1.82006,0.233704,0.425354,FGM,0.424331,0.300477,0.23667,0.424331,0.258958,0.300477,0
0.260873,-9.70473,7.48588,0.0377921,1.86097,0.242364,0.451033,FGM,0.424331,0.300477,0.23667,0.424331,0.258958,0.300477,0
0.263196,-9.70473,7.48588,0.0377921,1.86097,0.242364,0.451033,FGM,0.424331,0.300477,0.23667,0.424331,0.258958,0.300477,0
0.266609,-9.70473,7.48588,0.0377921,1.86097,0.242364,0.451033,FGM,0.424331,0.300477,0.23667,0.424331,0.258958,0.300477,0
0.270719,-9.68595,7.48693,0.0402922,1.89994,0.243302,0.462261,FGM,0.424331,0.300477,0.23667,0.424331,0.258958,0.300477,0
0.274577,-9.68595,7.48693,0.0402922,1.89994,0.243302,0.462261,FGM,0.424331,0.300477,0.23667,0.424331,0.258958,0.300477,0
0.28019,-9.6668,7.48804,0.0426971,1.93706,0.25198,0.4881,FGM,0.424331,0.300477,0.23667,0.424331,0.258958,0.300477,0
0.282509,-9.6668,7.48804,0.0426971,1.93706,0.25198,0.4881,FGM,0.424331,0.300477,0.23667,0.424331,0.258958,0.300477,0
0.286443,-9.6668,7.48804,0.0426971,1.93706,0.25198,0.4881,FGM,0.424331,0.300477,0.23667,0.424331,0.258958,0.300477,0
0.290554,-9.64729,7.48922,0.0452942,1.97241,0.252834,0.498693,FGM,0.424331,0.300477,0.23667,0.424331,0.258958,0.300477,0
0.294508,-9.64729,7.48922,0.0452942,1.97241,0.252834,0.498693,FGM,0.424331,0.300477,0.23667,0.424331,0.258958,0.300477,0
0.300171,-9.62743,7.49045,0.0477918,2.00608,0.261201,0.52399,FGM,0.460216,0.332448,0.228412,0.460216,0.258958,0.332448,0
0.302376,-9.62743,7.49045,0.0477918,2.00608,0.261201,0.52399,FGM,0.460216,0.332448,0.228412,0.460216,0.258958,0.332448,0
0.306559,-9.62743,7.49045,0.0477918,2.00608,0.261201,0.52399,FGM,0.460216,0.332448,0.228412,0.460216,0.258958,0.332448,0
0.310367,-9.60724,7.49176,0.0504762,2.04173,0.261211,0.533323,FGM,0.460216,0.332448,0.228412,0.460216,0.258958,0.332448,0
0.314337,-9.60724,7.49176,0.0504762,2.04173,0.261211,0.533323,FGM,0.460216,0.332448,0.228412,0.460216,0.258958,0.332448,0
0.31996,-9.5867,7.49313,0.0530542,2.07568,0.268916,0.558183,FGM,0.460216,0.332448,0.228412,0.460216,0.258958,0.332448,0
0.322376,-9.5867,7.49313,0.0530542,2.07568,0.268916,0.558183,FGM,0.460216,0.332448,0.228412,0.460216,0.258958,0.332448,0
0.326473,-9.5867,7.49313,0.0530542,2.07568,0.268916,0.558183,FGM,0.460216,0.332448,0.228412,0.460216,0.258958,0.332448,0
0.330443,-9.56583,7.49459,0.0558196,2.10802,0.269393,0.567885,FGM,0.460216,0.332448,0.228412,0.460216,0.258958,0.332448,0
0.334506,-9.56583,7.49459,0.0558196,2.10802,0.269393,0.567885,FGM,0.460216,0.332448,0.228412,0.460216,0.258958,0.332448,0
0.340423,-9.54465,7.49608,0.0582217,2.13882,0.201799,0.431613,FGM,0.460216,0.332448,0.228412,0.460216,0.258958,0.332448,0
0.342503,-9.54465,7.49608,0.0582217,2.13882,0.201799,0.431613,FGM,0.460216,0.332448,0.228412,0.460216,0.258958,0.332448,0
0.346534,-9.54465,7.49608,0.0582217,2.13882,0.201799,0.431613,FGM,0.435163,0.352864,0.232835,0.435163,0.262221,0.352864,0
0.35135,-9.52316,7.49758,0.0599724,2.16816,0.166569,0.361148,FGM,0.435163,0.352864,0.232835,0.435163,0.262221,0.352864,0
0.354759,-9.52316,7.49758,0.0599724,2.16816,0.166569,0.361148,FGM,0.435163,0.352864,0.232835,0.435163,0.262221,0.352864,0
0.360159,-9.50136,7.4991,0.061565,2.2026,0.139419,0.307083,FGM,0.435163,0.352864,0.232835,0.435163,0.262221,0.352864,0
0.362709,-9.50136,7.4991,0.061565,2.2026,0.139419,0.307083,FGM,0.435163,0.352864,0.232835,0.435163,0.262221,0.352864,0
0.366541,-9.50136,7.4991,0.061565,2.2026,0.139419,0.307083,FGM,0.435163,0.352864,0.232835,0.435163,0.262221,0.352864,0
0.370567,-9.47923,7.50064,0.0628243,2.2354,0.128266,0.286725,FGM,0.435163,0.352864,0.232835,0.435163,0.262221,0.352864,0
0.374354,-9.47923,7.50064,0.0628243,2.2354,0.128266,0.286725,FGM,0.435163,0.352864,0.232835,0.435163,0.262221,0.352864,0
0.379852,-9.45677,7.50223,0.0641152,2.26664,0.115907,0.262719,FGM,0.435163,0.352864,0.232835,0.435163,0.262221,0.352864,0
0.382324,-9.45677,7.50223,0.0641152,2.26664,0.115907,0.262719,FGM,0.435163,0.352864,0.232835,0.435163,0.262221,0.352864,0
0.386327,-9.45677,7.50223,0.0641152,2.26664,0.115907,0.262719,FGM,0.435163,0.352864,0.232835,0.435163,0.262221,0.352864,0
0.390248,-9.43401,7.50383,0.0651875,2.2964,0.113872,0.261496,FGM,0.435163,0.352864,0.232835,0.435163,0.262221,0.352864,0
0.394429,-9.43401,7.50383,0.0651875,2.2964,0.113872,0.261496,FGM,0.435163,0.352864,0.232835,0.435163,0.262221,0.352864,0
0.399998,-9.41097,7.50548,0.0663667,2.32474,0.107286,0.249412,FGM,0.401636,0.367924,0.221985,0.401636,0.262221,0.367924,0
0.402619,-9.41097,7.50548,0.0663667,2.32474,0.107286,0.249412,FGM,0.401636,0.367924,0.221985,0.401636,0.262221,0.367924,0
0.4066,-9.41097,7.50548,0.0663667,2.32474,0.107286,0.249412,FGM,0.401636,0.367924,0.221985,0.401636,0.262221,0.367924,0
0.410465,-9.38763,7.50716,0.0673711,2.35505,0.108589,0.255733,FGM,0.401636,0.367924,0.221985,0.401636,0.262221,0.367924,0
0.41465,-9.38763,7.50716,0.0673711,2.35505,0.108589,0.255733,FGM,0.401636,0.367924,0.221985,0.401636,0.262221,0.367924,0
0.421095,-9.364,7.50888,0.0685098,2.38391,0.104361,0.248788,FGM,0.401636,0.367924,0.221985,0.401636,0.262221,0.367924,0
0.423619,-9.364,7.50888,0.0685098,2.38391,0.104361,0.248788,FGM,0.401636,0.367924,0.221985,0.401636,0.262221,0.367924,0
0.426712,-9.364,7.50888,0.0685098,2.38391,0.104361,0.248788,FGM,0.401636,0.367924,0.221985,0.401636,0.262221,0.367924,0
0.43172,-9.34008,7.51064,0.0694931,2.41141,0.107373,0.258921,FGM,0.401636,0.367924,0.221985,0.401636,0.262221,0.367924,0
0.434484,-9.34008,7.51064,0.0694931,2.41141,0.107373,0.258921,FGM,0.401636,0.367924,0.221985,0.401636,0.262221,0.367924,0
0.439939,-9.31591,7.51244,0.0706267,2.4376,0.104279,0.254191,FGM,0.401636,0.367924,0.221985,0.401636,0.262221,0.367924,0
0.442899,-9.31591,7.51244,0.0706267,2.4376,0.104279,0.254191,FGM,0.401636,0.367924,0.221985,0.401636,0.262221,0.367924,0
0.446379,-9.31591,7.51244,0.0706267,2.4376,0.104279,0.254191,FGM,0.364609,0.394831,0.205393,0.364609,0.262221,0.394831,0
0.450307,-9.29147,7.51428,0.0716121,2.46254,0.107995,0.265941,FGM,0.364609,0.394831,0.205393,0.364609,0.262221,0.394831,0
0.454364,-9.29147,7.51428,0.0716121,2.46254,0.107995,0.265941,FGM,0.364609,0.394831,0.205393,0.364609,0.262221,0.394831,0
0.459759,-9.26678,7.51616,0.0727517,2.4906,0.105028,0.261583,FGM,0.364609,0.394831,0.205393,0.364609,0.262221,0.394831,0
0.462497,-9.26678,7.51616,0.0727517,2.4906,0.105028,0.261583,FGM,0.364609,0.394831,0.205393,0.364609,0.262221,0.394831,0
0.466493,-9.26678,7.51616,0.0727517,2.4906,0.105028,0.261583,FGM,0.364609,0.394831,0.205393,0.364609,0.262221,0.394831,0
0.470431,-9.24182,7.51808,0.0737452,2.51732,0.108717,0.273675,FGM,0.364609,0.394831,0.205393,0.364609,0.262221,0.394831,0
0.474478,-9.24182,7.51808,0.0737452,2.51732,0.108717,0.273675,FGM,0.364609,0.394831,0.205393,0.364609,0.262221,0.394831,0
0.480069,-9.21659,7.52006,0.074896,2.54278,0.106322,0.270354,FGM,0.364609,0.394831,0.205393,0.364609,0.262221,0.394831,0
0.482499,-9.21659,7.52006,0.074896,2.54278,0.106322,0.270354,FGM,0.364609,0.394831,0.205393,0.364609,0.262221,0.394831,0
0.486481,-9.21659,7.52006,0.074896,2.54278,0.106322,0.270354,FGM,0.364609,0.394831,0.205393,0.364609,0.262221,0.394831,0
0.490217,-9.19112,7.52206,0.0759033,2.56702,0.110331,0.283223,FGM,0.364609,0.394831,0.205393,0.364609,0.262221,0.394831,0
0.494411,-9.19112,7.52206,0.0759033,2.56702,0.110331,0.283223,FGM,0.364609,0.394831,0.205393,0.364609,0.262221,0.394831,0
0.501511,-9.16542,7.52413,0.0770723,2.59011,0.10814,0.280094,FRENET,0.441052,0.38575,0.441052,0.33327,0.38575,0.409441,0
0.503627,-9.16542,7.52413,0.0770723,2.59011,0.10814,0.280094,FRENET,0.441052,0.38575,0.441052,0.33327,0.38575,0.409441,0
0.506729,-9.16542,7.52413,0.0770723,2.59011,0.10814,0.280094,FRENET,0.441052,0.38575,0.441052,0.33327,0.38575,0.409441,0
0.511708,-9.13953,7.52622,0.0780999,2.60476,0.11323,0.294937,FRENET,0.441052,0.38575,0.441052,0.33327,0.38575,0.409441,0
0.514734,-9.13953,7.52622,0.0780999,2.60476,0.11323,0.294937,FRENET,0.441052,0.38575,0.441052,0.33327,0.38575,0.409441,0
0.520251,-9.1135,7.52836,0.0793031,2.61871,0.11134,0.291568,FRENET,0.441052,0.38575,0.441052,0.33327,0.38575,0.409441,0
0.522503,-9.1135,7.52836,0.0793031,2.61871,0.11134,0.291568,FRENET,0.441052,0.38575,0.441052,0.33327,0.38575,0.409441,0
0.526691,-9.1135,7.52836,0.0793031,2.61871,0.11134,0.291568,FRENET,0.441052,0.38575,0.441052,0.33327,0.38575,0.409441,0
0.531047,-9.08733,7.5305,0.0800721,2.632,0.0317251,0.0835004,FRENET,0.441052,0.38575,0.441052,0.33327,0.38575,0.409441,0
0.534539,-9.08733,7.5305,0.0800721,2.632,0.0317251,0.0835004,FRENET,0.441052,0.38575,0.441052,0.33327,0.38575,0.409441,0
0.539988,-9.06103,7.5326,0.0800534,2.64466,-0.0158494,-0.0419163,FRENET,0.441052,0.38575,0.441052,0.33327,0.38575,0.409441,0
0.542246,-9.06103,7.5326,0.0800534,2.64466,-0.0158494,-0.0419163,FRENET,0.441052,0.38575,0.441052,0.33327,0.38575,0.409441,0
0.546413,-9.06103,7.5326,0.0800534,2.64466,-0.0158494,-0.0419163,FRENET,0.439546,0.38575,0.439546,0.363934,0.38575,0.408189,0
0.55047,-9.03461,7.53469,0.0797779,2.65671,-0.0530504,-0.14094,FRENET,0.439546,0.38575,0.439546,0.363934,0.38575,0.408189,0
0.554452,-9.03461,7.53469,0.0797779,2.65671,-0.0530504,-0.14094,FRENET,0.439546,0.38575,0.439546,0.363934,0.38575,0.408189,0
0.559954,-9.00806,7.53674,0.0790615,2.66819,-0.0724876,-0.193411,FRENET,0.439546,0.38575,0.439546,0.363934,0.38575,0.408189,0
0.562499,-9.00806,7.53674,0.0790615,2.66819,-0.0724876,-0.193411,FRENET,0.439546,0.38575,0.439546,0.363934,0.38575,0.408189,0
0.56645,-9.00806,7.53674,0.0790615,2.66819,-0.0724876,-0.193411,FRENET,0.439546,0.38575,0.439546,0.363934,0.38575,0.408189,0
0.570406,-8.98135,7.53879,0.0783253,2.69102,-0.08917,-0.239958,FRENET,0.439546,0.38575,0.439546,0.363934,0.38575,0.408189,0
0.574426,-8.98135,7.53879,0.0783253,2.69102,-0.08917,-0.239958,FRENET,0.439546,0.38575,0.439546,0.363934,0.38575,0.408189,0
0.5801,-8.9544,7.54082,0.0773212,2.71275,-0.0956395,-0.259447,FRENET,0.439546,0.38575,0.439546,0.363934,0.38575,0.408189,0
0.582506,-8.9544,7.54082,0.0773212,2.71275,-0.0956395,-0.259447,FRENET,0.439546,0.38575,0.439546,0.363934,0.38575,0.408189,0
0.586554,-8.9544,7.54082,0.0773212,2.71275,-0.0956395,-0.259447,FRENET,0.439546,0.38575,0.439546,0.363934,0.38575,0.408189,0
0.590495,-8.92725,7.54284,0.0763917,2.73346,-0.10532,-0.287889,FRENET,0.439546,0.38575,0.439546,0.363934,0.38575,0.408189,0
0.594429,-8.92725,7.54284,0.0763917,2.73346,-0.10532,-0.287889,FRENET,0.439546,0.38575,0.439546,0.363934,0.38575,0.408189,0
0.600151,-8.89989,7.54484,0.0752504,2.75318,-0.107097,-0.294858,FRENET,0.447127,0.38575,0.447127,0.423317,0.38575,0.391462,0
0.602442,-8.89989,7.54484,0.0752504,2.75318,-0.107097,-0.294858,FRENET,0.447127,0.38575,0.447127,0.423317,0.38575,0.391462,0
0.606541,-8.89989,7.54484,0.0752504,2.75318,-0.107097,-0.294858,FRENET,0.447127,0.38575,0.447127,0.423317,0.38575,0.391462,0
0.610301,-8.87234,7.54685,0.0743645,2.77196,-0.072385,-0.200648,FRENET,0.447127,0.38575,0.447127,0.423317,0.38575,0.391462,0
0.614547,-8.87234,7.54685,0.0743645,2.77196,-0.072385,-0.200648,FRENET,0.447127,0.38575,0.447127,0.423317,0.38575,0.391462,0
0.619914,-8.8446,7.54889,0.0739073,2.78985,-0.00740624,-0.0206623,FRENET,0.447127,0.38575,0.447127,0.423317,0.38575,0.391462,0
0.622268,-8.8446,7.54889,0.0739073,2.78985,-0.00740624,-0.0206623,FRENET,0.447127,0.38575,0.447127,0.423317,0.38575,0.391462,0
0.626554,-8.8446,7.54889,0.0739073,2.78985,-0.00740624,-0.0206623,FRENET,0.447127,0.38575,0.447127,0.423317,0.38575,0.391462,0
0.63057,-8.8167,7.55099,0.0741225,2.80689,0.0319585,0.089704,FRENET,0.447127,0.38575,0.447127,0.423317,0.38575,0.391462,0
0.634588,-8.8167,7.55099,0.0741225,2.80689,0.0319585,0.089704,FRENET,0.447127,0.38575,0.447127,0.423317,0.38575,0.391462,0
0.639977,-8.78863,7.55312,0.0745325,2.82312,0.06396,0.180567,FRENET,0.447127,0.38575,0.447127,0.423317,0.38575,0.391462,0
0.642481,-8.78863,7.55312,0.0745325,2.82312,0.06396,0.180567,FRENET,0.447127,0.38575,0.447127,0.423317,0.38575,0.391462,0
0.646518,-8.78863,7.55312,0.0745325,2.82312,0.06396,0.180567,FRENET,0.447127,0.38575,0.447127,0.423317,0.38575,0.391462,0
0.650507,-8.7604,7.55531,0.0753425,2.83857,0.0808823,0.22959,FRENET,0.438733,0.38575,0.438733,0.526159,0.38575,0.302019,0
0.654518,-8.7604,7.55531,0.0753425,2.83857,0.0808823,0.22959,FRENET,0.438733,0.38575,0.438733,0.526159,0.38575,0.302019,0
0.660043,-8.73203,7.55752,0.0761596,2.85329,0.0975849,0.278438,FRENET,0.438733,0.38575,0.438733,0.526159,0.38575,0.302019,0
0.662316,-8.73203,7.55752,0.0761596,2.85329,0.0975849,0.278438,FRENET,0.438733,0.38575,0.438733,0.526159,0.38575,0.302019,0
0.666295,-8.73203,7.55752,0.0761596,2.85329,0.0975849,0.278438,FRENET,0.438733,0.38575,0.438733,0.526159,0.38575,0.302019,0
0.670553,-8.70352,7.55979,0.0772509,2.86732,0.104086,0.298446,FRENET,0.438733,0.38575,0.438733,0.526159,0.38575,0.302019,0
0.674206,-8.70352,7.55979,0.0772509,2.86732,0.104086,0.298446,FRENET,0.438733,0.38575,0.438733,0.526159,0.38575,0.302019,0
0.679778,-8.67487,7.56209,0.0782617,2.88067,0.113676,0.327463,FRENET,0.438733,0.38575,0.438733,0.526159,0.38575,0.302019,0
0.682494,-8.67487,7.56209,0.0782617,2.88067,0.113676,0.327463,FRENET,0.438733,0.38575,0.438733,0.526159,0.38575,0.302019,0
0.686395,-8.67487,7.56209,0.0782617,2.88067,0.113676,0.327463,FRENET,0.438733,0.38575,0.438733,0.526159,0.38575,0.302019,0
0.690424,-8.64609,7.56443,0.0794885,2.89339,0.115334,0.333707,FRENET,0.438733,0.38575,0.438733,0.526159,0.38575,0.302019,0
0.694454,-8.64609,7.56443,0.0794885,2.89339,0.115334,0.333707,FRENET,0.438733,0.38575,0.438733,0.526159,0.38575,0.302019,0
0.699884,-8.6172,7.5668,0.0804482,2.9055,0.0789039,0.229256,FRENET,0.433401,0.402367,0.433401,0.527043,0.402367,0.188968,0
0.702365,-8.6172,7.5668,0.0804482,2.9055,0.0789039,0.229256,FRENET,0.433401,0.402367,0.433401,0.527043,0.402367,0.188968,0
0.706367,-8.6172,7.5668,0.0804482,2.9055,0.0789039,0.229256,FRENET,0.433401,0.402367,0.433401,0.527043,0.402367,0.188968,0
0.710547,-8.58813,7.56916,0.080965,2.9272,0.0129648,0.0379506,FRENET,0.433401,0.402367,0.433401,0.527043,0.402367,0.188968,0
0.714462,-8.58813,7.56916,0.080965,2.9272,0.0129648,0.0379506,FRENET,0.433401,0.402367,0.433401,0.527043,0.402367,0.188968,0
0.719954,-8.55885,7.5715,0.0807978,2.94786,-0.028229,-0.0832152,FRENET,0.433401,0.402367,0.433401,0.527043,0.402367,0.188968,0
0.722257,-8.55885,7.5715,0.0807978,2.94786,-0.028229,-0.0832152,FRENET,0.433401,0.402367,0.433401,0.527043,0.402367,0.188968,0
0.726646,-8.55885,7.5715,0.0807978,2.94786,-0.028229,-0.0832152,FRENET,0.433401,0.402367,0.433401,0.527043,0.402367,0.188968,0
0.730415,-8.52936,7.57383,0.0804164,2.96754,-0.0616786,-0.183033,FRENET,0.433401,0.402367,0.433401,0.527043,0.402367,0.188968,0
0.734438,-8.52936,7.57383,0.0804164,2.96754,-0.0616786,-0.183033,FRENET,0.433401,0.402367,0.433401,0.527043,0.402367,0.188968,0
0.739951,-8.49968,7.57614,0.0796219,2.98628,-0.0803114,-0.239832,FRENET,0.433401,0.402367,0.433401,0.527043,0.402367,0.188968,0
0.742522,-8.49968,7.57614,0.0796219,2.98628,-0.0803114,-0.239832,FRENET,0.433401,0.402367,0.433401,0.527043,0.402367,0.188968,0
0.746315,-8.49968,7.57614,0.0796219,2.98628,-0.0803114,-0.239832,FRENET,0.433401,0.402367,0.433401,0.527043,0.402367,0.188968,0
0.750386,-8.46982,7.57844,0.0788036,3.00413,-0.098082,-0.294651,FRENET,0.433331,0.402367,0.433331,0.28149,0.402367,0.469034,0
0.754327,-8.46982,7.57844,0.0788036,3.00413,-0.098082,-0.294651,FRENET,0.433331,0.402367,0.433331,0.28149,0.402367,0.469034,0
0.759709,-8.43978,7.58072,0.0777022,3.02113,-0.105828,-0.319722,FRENET,0.433331,0.402367,0.433331,0.28149,0.402367,0.469034,0
0.762506,-8.43978,7.58072,0.0777022,3.02113,-0.105828,-0.319722,FRENET,0.433331,0.402367,0.433331,0.28149,0.402367,0.469034,0
0.766529,-8.43978,7.58072,0.0777022,3.02113,-0.105828,-0.319722,FRENET,0.433331,0.402367,0.433331,0.28149,0.402367,0.469034,0
0.770413,-8.40951,7.583,0.0766751,3.04921,-0.11414,-0.348036,FRENET,0.433331,0.402367,0.433331,0.28149,0.402367,0.469034,0
0.774353,-8.40951,7.583,0.0766751,3.04921,-0.11414,-0.348036,FRENET,0.433331,0.402367,0.433331,0.28149,0.402367,0.469034,0
0.779685,-8.37897,7.58525,0.0754489,3.07596,-0.115871,-0.356416,FRENET,0.433331,0.402367,0.433331,0.28149,0.402367,0.469034,0
0.782242,-8.37897,7.58525,0.0754489,3.07596,-0.115871,-0.356416,FRENET,0.433331,0.402367,0.433331,0.28149,0.402367,0.469034,0
0.786369,-8.37897,7.58525,0.0754489,3.07596,-0.115871,-0.356416,FRENET,0.433331,0.402367,0.433331,0.28149,0.402367,0.469034,0
0.790412,-8.34817,7.58751,0.0743354,3.10143,-0.121726,-0.377525,FRENET,0.433331,0.402367,0.433331,0.28149,0.402367,0.469034,0
0.794458,-8.34817,7.58751,0.0743354,3.10143,-0.121726,-0.377525,FRENET,0.433331,0.402367,0.433331,0.28149,0.402367,0.469034,0
0.799683,-8.31711,7.58974,0.0730415,3.1257,-0.121746,-0.380542,FRENET,0.442317,0.402367,0.442317,0.549951,0.402367,0.344011,0
0.802122,-8.31711,7.58974,0.0730415,3.1257,-0.121746,-0.380542,FRENET,0.442317,0.402367,0.442317,0.549951,0.402367,0.344011,0
0.806457,-8.31711,7.58974,0.0730415,3.1257,-0.121746,-0.380542,FRENET,0.442317,0.402367,0.442317,0.549951,0.402367,0.344011,0
0.810316,-8.28582,7.59197,0.0718765,3.14881,-0.126404,-0.398021,FRENET,0.442317,0.402367,0.442317,0.549951,0.402367,0.344011,0
0.814528,-8.28582,7.59197,0.0718765,3.14881,-0.126404,-0.398021,FRENET,0.442317,0.402367,0.442317,0.549951,0.402367,0.344011,0
0.819918,-8.25429,7.59416,0.0705394,3.17082,-0.125585,-0.398209,FRENET,0.442317,0.402367,0.442317,0.549951,0.402367,0.344011,0
0.822443,-8.25429,7.59416,0.0705394,3.17082,-0.125585,-0.398209,FRENET,0.442317,0.402367,0.442317,0.549951,0.402367,0.344011,0
0.82647,-8.25429,7.59416,0.0705394,3.17082,-0.125585,-0.398209,FRENET,0.442317,0.402367,0.442317,0.549951,0.402367,0.344011,0
0.830345,-8.22256,7.59635,0.06934,3.19178,-0.129652,-0.41382,FRENET,0.442317,0.402367,0.442317,0.549951,0.402367,0.344011,0
0.834515,-8.22256,7.59635,0.06934,3.19178,-0.129652,-0.41382,FRENET,0.442317,0.402367,0.442317,0.549951,0.402367,0.344011,0
0.84005,-8.19061,7.5985,0.0679719,3.21175,-0.128414,-0.412433,FRENET,0.442317,0.402367,0.442317,0.549951,0.402367,0.344011,0
0.842296,-8.19061,7.5985,0.0679719,3.21175,-0.128414,-0.412433,FRENET,0.442317,0.402367,0.442317,0.549951,0.402367,0.344011,0
0.846469,-8.19061,7.5985,0.0679719,3.21175,-0.128414,-0.412433,FGM,0.576556,0.287359,0.128856,0.576556,0.294793,0.287359,0
0.85035,-8.15847,7.60064,0.0667465,3.23077,-0.132178,-0.427038,FGM,0.576556,0.287359,0.128856,0.576556,0.294793,0.287359,0
0.854445,-8.15847,7.60064,0.0667465,3.23077,-0.132178,-0.427038,FGM,0.576556,0.287359,0.128856,0.576556,0.294793,0.287359,0
0.860158,-8.1262,7.60274,0.0653391,3.23773,-0.132625,-0.429405,FGM,0.576556,0.287359,0.128856,0.576556,0.294793,0.287359,0
0.862269,-8.1262,7.60274,0.0653391,3.23773,-0.132625,-0.429405,FGM,0.576556,0.287359,0.128856,0.576556,0.294793,0.287359,0
0.866566,-8.1262,7.60274,0.0653391,3.23773,-0.132625,-0.429405,FGM,0.576556,0.287359,0.128856,0.576556,0.294793,0.287359,0
0.870516,-8.09385,7.60482,0.0640693,3.24436,-0.137695,-0.446733,FGM,0.576556,0.287359,0.128856,0.576556,0.294793,0.287359,0
0.874412,-8.09385,7.60482,0.0640693,3.24436,-0.137695,-0.446733,FGM,0.576556,0.287359,0.128856,0.576556,0.294793,0.287359,0
0.880061,-8.06144,7.60685,0.0626146,3.25068,-0.136626,-0.444129,FGM,0.576556,0.287359,0.128856,0.576556,0.294793,0.287359,0
0.882418,-8.06144,7.60685,0.0626146,3.25068,-0.136626,-0.444129,FGM,0.576556,0.287359,0.128856,0.576556,0.294793,0.287359,0
0.886512,-8.06144,7.60685,0.0626146,3.25068,-0.136626,-0.444129,FGM,0.576556,0.287359,0.128856,0.576556,0.294793,0.287359,0
0.890493,-8.02897,7.60886,0.0613107,3.2567,-0.140627,-0.457979,FGM,0.576556,0.287359,0.128856,0.576556,0.294793,0.287359,0
0.89456,-8.02897,7.60886,0.0613107,3.2567,-0.140627,-0.457979,FGM,0.576556,0.287359,0.128856,0.576556,0.294793,0.287359,0
0.900091,-7.99643,7.61082,0.0598304,3.26243,-0.138807,-0.452848,FGM,0.441662,0.126746,0.1252,0.441662,0.294793,0.126746,0
0.902384,-7.99643,7.61082,0.0598304,3.26243,-0.138807,-0.452848,FGM,0.441662,0.126746,0.1252,0.441662,0.294793,0.126746,0
0.906504,-7.99643,7.61082,0.0598304,3.26243,-0.138807,-0.452848,FGM,0.441662,0.126746,0.1252,0.441662,0.294793,0.126746,0
0.910505,-7.96384,7.61278,0.0588109,3.2679,-0.0531856,-0.173805,FGM,0.441662,0.126746,0.1252,0.441662,0.294793,0.126746,0
0.914501,-7.96384,7.61278,0.0588109,3.2679,-0.0531856,-0.173805,FGM,0.441662,0.126746,0.1252,0.441662,0.294793,0.126746,0
0.920002,-7.93119,7.61478,0.0586616,3.27311,0.00336516,0.0110145,FGM,0.441662,0.126746,0.1252,0.441662,0.294793,0.126746,0
0.922336,-7.93119,7.61478,0.0586616,3.27311,0.00336516,0.0110145,FGM,0.441662,0.126746,0.1252,0.441662,0.294793,0.126746,0
0.92676,-7.93119,7.61478,0.0586616,3.27311,0.00336516,0.0110145,FGM,0.441662,0.126746,0.1252,0.441662,0.294793,0.126746,0
0.930658,-7.8985,7.61677,0.0585457,3.27807,-0.040882,-0.134014,FGM,0.441662,0.126746,0.1252,0.441662,0.294793,0.126746,0
0.934556,-7.8985,7.61677,0.0585457,3.27807,-0.040882,-0.134014,FGM,0.441662,0.126746,0.1252,0.441662,0.294793,0.126746,0
0.940179,-7.86575,7.6187,0.0579093,3.28279,-0.0681072,-0.223582,FGM,0.441662,0.126746,0.1252,0.441662,0.294793,0.126746,0
0.942454,-7.86575,7.6187,0.0579093,3.28279,-0.0681072,-0.223582,FGM,0.441662,0.126746,0.1252,0.441662,0.294793,0.126746,0
0.946626,-7.86575,7.6187,0.0579093,3.28279,-0.0681072,-0.223582,FGM,0.535806,0.162736,0.148309,0.535806,0.294793,0.162736,0
0.950171,-7.83295,7.62061,0.0571836,3.28729,-0.0924909,-0.304045,FGM,0.535806,0.162736,0.148309,0.535806,0.294793,0.162736,0
0.954707,-7.83295,7.62061,0.0571836,3.28729,-0.0924909,-0.304045,FGM,0.535806,0.162736,0.148309,0.535806,0.294793,0.162736,0
0.960066,-7.80012,7.62246,0.056105,3.29028,-0.10556,-0.347323,FGM,0.535806,0.162736,0.148309,0.535806,0.294793,0.162736,0
0.96231,-7.80012,7.62246,0.056105,3.29028,-0.10556,-0.347323,FGM,0.535806,0.162736,0.148309,0.535806,0.294793,0.162736,0
0.966337,-7.80012,7.62246,0.056105,3.29028,-0.10556,-0.347323,FGM,0.535806,0.162736,0.148309,0.535806,0.294793,0.162736,0
0.970644,-7.76725,7.62429,0.0550594,3.29313,-0.119702,-0.394192,FGM,0.535806,0.162736,0.148309,0.535806,0.294793,0.162736,0
0.97456,-7.76725,7.62429,0.0550594,3.29313,-0.119702,-0.394192,FGM,0.535806,0.162736,0.148309,0.535806,0.294793,0.162736,0
0.980139,-7.73436,7.62606,0.0537493,3.29584,-0.125058,-0.412171,FGM,0.535806,0.162736,0.148309,0.535806,0.294793,0.162736,0
0.982711,-7.73436,7.62606,0.0537493,3.29584,-0.125058,-0.412171,FGM,0.535806,0.162736,0.148309,0.535806,0.294793,0.162736,0
0.986538,-7.73436,7.62606,0.0537493,3.29584,-0.125058,-0.412171,FGM,0.535806,0.162736,0.148309,0.535806,0.294793,0.162736,0
0.990409,-7.70143,7.62781,0.0525381,3.29842,-0.13364,-0.440802,FGM,0.535806,0.162736,0.148309,0.535806,0.294793,0.162736,0
0.994471,-7.70143,7.62781,0.0525381,3.29842,-0.13364,-0.440802,FGM,0.535806,0.162736,0.148309,0.535806,0.294793,0.162736,0
1.00036,-7.66848,7.6295,0.0511097,3.30087,-0.134999,-0.445615,FGM,0.576367,0.201057,0.17427,0.576367,0.294793,0.201057,0
1.0031,-7.66848,7.6295,0.0511097,3.30087,-0.134999,-0.445615,FGM,0.576367,0.201057,0.17427,0.576367,0.294793,0.201057,0
1.00646,-7.66848,7.6295,0.0511097,3.30087,-0.134999,-0.445615,FGM,0.576367,0.201057,0.17427,0.576367,0.294793,0.201057,0
1.01061,-7.63549,7.63117,0.0498155,3.30468,-0.140389,-0.463942,FGM,0.576367,0.201057,0.17427,0.576367,0.294793,0.201057,0
1.01459,-7.63549,7.63117,0.0498155,3.30468,-0.140389,-0.463942,FGM,0.576367,0.201057,0.17427,0.576367,0.294793,0.201057,0
1.0202,-7.60247,7.63278,0.0483317,3.3083,-0.139538,-0.461635,FGM,0.576367,0.201057,0.17427,0.576367,0.294793,0.201057,0
1.02235,-7.60247,7.63278,0.0483317,3.3083,-0.139538,-0.461635,FGM,0.576367,0.201057,0.17427,0.576367,0.294793,0.201057,0
1.0265,-7.60247,7.63278,0.0483317,3.3083,-0.139538,-0.461635,FGM,0.576367,0.201057,0.17427,0.576367,0.294793,0.201057,0
1.03031,-7.5694,7.63437,0.0469989,3.31176,-0.143661,-0.475771,FGM,0.576367,0.201057,0.17427,0.576367,0.294793,0.201057,0
1.03458,-7.5694,7.63437,0.0469989,3.31176,-0.143661,-0.475771,FGM,0.576367,0.201057,0.17427,0.576367,0.294793,0.201057,0
1.0401,-7.53631,7.6359,0.0454871,3.31504,-0.141908,-0.470432,FGM,0.576367,0.201057,0.17427,0.576367,0.294793,0.201057,0
1.04237,-7.53631,7.6359,0.0454871,3.31504,-0.141908,-0.470432,FGM,0.576367,0.201057,0.17427,0.576367,0.294793,0.201057,0
1.04652,-7.53631,7.6359,0.0454871,3.31504,-0.141908,-0.470432,FGM,0.3359,0.46774,0.41799,0.3359,0.436277,0.46774,0
1.05041,-7.50317,7.6374,0.0441341,3.31818,-0.145391,-0.482433,FGM,0.3359,0.46774,0.41799,0.3359,0.436277,0.46774,0
1.05449,-7.50317,7.6374,0.0441341,3.31818,-0.145391,-0.482433,FGM,0.3359,0.46774,0.41799,0.3359,0.436277,0.46774,0
1.06003,-7.47001,7.63885,0.0426067,3.32078,-0.143264,-0.475748,FGM,0.3359,0.46774,0.41799,0.3359,0.436277,0.46774,0
1.06229,-7.47001,7.63885,0.0426067,3.32078,-0.143264,-0.475748,FGM,0.3359,0.46774,0.41799,0.3359,0.436277,0.46774,0
1.06666,-7.47001,7.63885,0.0426067,3.32078,-0.143264,-0.475748,FGM,0.3359,0.46774,0.41799,0.3359,0.436277,0.46774,0
1.07174,-7.43682,7.64026,0.0412418,3.32326,-0.146487,-0.486813,FGM,0.3359,0.46774,0.41799,0.3359,0.436277,0.46774,0
1.07474,-7.43682,7.64026,0.0412418,3.32326,-0.146487,-0.486813,FGM,0.3359,0.46774,0.41799,0.3359,0.436277,0.46774,0
1.07947,-7.4036,7.64161,0.0397048,3.32562,-0.14408,-0.479155,FGM,0.3359,0.46774,0.41799,0.3359,0.436277,0.46774,0
1.08258,-7.4036,7.64161,0.0397048,3.32562,-0.14408,-0.479155,FGM,0.3359,0.46774,0.41799,0.3359,0.436277,0.46774,0
1.08655,-7.4036,7.64161,0.0397048,3.32562,-0.14408,-0.479155,FGM,0.3359,0.46774,0.41799,0.3359,0.436277,0.46774,0
1.09049,-7.37036,7.64296,0.0386408,3.32786,-0.0565949,-0.18834,FGM,0.3359,0.46774,0.41799,0.3359,0.436277,0.46774,0
1.09448,-7.37036,7.64296,0.0386408,3.32786,-0.0565949,-0.18834,FGM,0.3359,0.46774,0.41799,0.3359,0.436277,0.46774,0
1.09963,-7.3371,7.64435,0.0384667,3.33001,0.00152983,0.00509435,FGM,0.565173,0.176992,0.456776,0.565173,0.436277,0.176992,0
1.10272,-7.3371,7.64435,0.0384667,3.33001,0.00152983,0.00509435,FGM,0.565173,0.176992,0.456776,0.565173,0.436277,0.176992,0
1.10638,-7.3371,7.64435,0.0384667,3.33001,0.00152983,0.00509435,FGM,0.565173,0.176992,0.456776,0.565173,0.436277,0.176992,0
1.11058,-7.30385,7.64575,0.038643,3.32678,0.0484664,0.161237,FGM,0.565173,0.176992,0.456776,0.565173,0.436277,0.176992,0
1.11464,-7.30385,7.64575,0.038643,3.32678,0.0484664,0.161237,FGM,0.565173,0.176992,0.456776,0.565173,0.436277,0.176992,0
1.11941,-7.27063,7.64719,0.0393653,3.32416,0.0769923,0.255935,FGM,0.565173,0.176992,0.456776,0.565173,0.436277,0.176992,0
1.12264,-7.27063,7.64719,0.0393653,3.32416,0.0769923,0.255935,FGM,0.565173,0.176992,0.456776,0.565173,0.436277,0.176992,0
1.1265,-7.27063,7.64719,0.0393653,3.32416,0.0769923,0.255935,FGM,0.565173,0.176992,0.456776,0.565173,0.436277,0.176992,0
1.13055,-7.23742,7.6486,0.0398674,3.32205,0.00983201,0.0326624,FGM,0.565173,0.176992,0.456776,0.565173,0.436277,0.176992,0
1.13466,-7.23742,7.6486,0.0398674,3.32205,0.00983201,0.0326624,FGM,0.565173,0.176992,0.456776,0.565173,0.436277,0.176992,0
1.13939,-7.20424,7.64995,0.0396502,3.32033,-0.033588,-0.111523,FGM,0.565173,0.176992,0.456776,0.565173,0.436277,0.176992,0
1.14244,-7.20424,7.64995,0.0396502,3.32033,-0.033588,-0.111523,FGM,0.565173,0.176992,0.456776,0.565173,0.436277,0.176992,0
1.14661,-7.20424,7.64995,0.0396502,3.32033,-0.033588,-0.111523,FGM,0.47303,0.422316,0.442052,0.47303,0.436277,0.422316,0
1.15063,-7.17107,7.65127,0.0392105,3.31895,-0.0695881,-0.230959,FGM,0.47303,0.422316,0.442052,0.47303,0.436277,0.422316,0
1.15452,-7.17107,7.65127,0.0392105,3.31895,-0.0695881,-0.230959,FGM,0.47303,0.422316,0.442052,0.47303,0.436277,0.422316,0
1.15935,-7.13789,7.65253,0.0383229,3.32149,-0.0898599,-0.298469,FGM,0.47303,0.422316,0.442052,0.47303,0.436277,0.422316,0
1.16254,-7.13789,7.65253,0.0383229,3.32149,-0.0898599,-0.298469,FGM,0.47303,0.422316,0.442052,0.47303,0.436277,0.422316,0
1.1665,-7.13789,7.65253,0.0383229,3.32149,-0.0898599,-0.298469,FGM,0.47303,0.422316,0.442052,0.47303,0.436277,0.422316,0
1.17048,-7.10469,7.65377,0.0374072,3.32391,-0.109141,-0.362775,FGM,0.47303,0.422316,0.442052,0.47303,0.436277,0.422316,0
1.17454,-7.10469,7.65377,0.0374072,3.32391,-0.109141,-0.362775,FGM,0.47303,0.422316,0.442052,0.47303,0.436277,0.422316,0
1.17926,-7.07146,7.65496,0.0361831,3.32622,-0.118203,-0.393169,FGM,0.47303,0.422316,0.442052,0.47303,0.436277,0.422316,0
1.18252,-7.07146,7.65496,0.0361831,3.32622,-0.118203,-0.393169,FGM,0.47303,0.422316,0.442052,0.47303,0.436277,0.422316,0
1.18651,-7.07146,7.65496,0.0361831,3.32622,-0.118203,-0.393169,FGM,0.47303,0.422316,0.442052,0.47303,0.436277,0.422316,0
1.19055,-7.03821,7.65616,0.0353348,3.32842,-0.0388513,-0.129313,FGM,0.47303,0.422316,0.442052,0.47303,0.436277,0.422316,0
1.19458,-7.03821,7.65616,0.0353348,3.32842,-0.0388513,-0.129313,FGM,0.47303,0.422316,0.442052,0.47303,0.436277,0.422316,0
1.19942,-7.00493,7.65739,0.0353077,3.33051,0.0135215,0.0450336,FGM,0.612833,0.215016,0.417956,0.612833,0.436277,0.215016,0
1.20246,-7.00493,7.65739,0.0353077,3.33051,0.0135215,0.0450336,FGM,0.612833,0.215016,0.417956,0.612833,0.436277,0.215016,0
1.20636,-7.00493,7.65739,0.0353077,3.33051,0.0135215,0.0450336,FGM,0.612833,0.215016,0.417956,0.612833,0.436277,0.215016,0
1.21071,-6.97166,7.65865,0.0355824,3.3299,0.0562145,0.187189,FGM,0.612833,0.215016,0.417956,0.612833,0.436277,0.215016,0
1.21454,-6.97166,7.65865,0.0355824,3.3299,0.0562145,0.187189,FGM,0.612833,0.215016,0.417956,0.612833,0.436277,0.215016,0
1.21934,-6.93839,7.65995,0.0363662,3.32941,0.081892,0.272652,FGM,0.612833,0.215016,0.417956,0.612833,0.436277,0.215016,0
1.22243,-6.93839,7.65995,0.0363662,3.32941,0.081892,0.272652,FGM,0.612833,0.215016,0.417956,0.612833,0.436277,0.215016,0
1.22645,-6.93839,7.65995,0.0363662,3.32941,0.081892,0.272652,FGM,0.612833,0.215016,0.417956,0.612833,0.436277,0.215016,0
1.23042,-6.90512,7.66123,0.0369097,3.32901,0.0133853,0.0445596,FGM,0.612833,0.215016,0.417956,0.612833,0.436277,0.215016,0
1.23451,-6.90512,7.66123,0.0369097,3.32901,0.0133853,0.0445596,FGM,0.612833,0.215016,0.417956,0.612833,0.436277,0.215016,0
1.23919,-6.87185,7.66245,0.0367226,3.32868,-0.0311546,-0.103704,FGM,0.612833,0.215016,0.417956,0.612833,0.436277,0.215016,0
1.24259,-6.87185,7.66245,0.0367226,3.32868,-0.0311546,-0.103704,FGM,0.612833,0.215016,0.417956,0.612833,0.436277,0.215016,0
1.24649,-6.87185,7.66245,0.0367226,3.32868,-0.0311546,-0.103704,FGM,0.612743,0.210334,0.303869,0.612743,0.455465,0.210334,0
1.25051,-6.83859,7.66365,0.0363025,3.32842,-0.0679671,-0.226223,FGM,0.612743,0.210334,0.303869,0.612743,0.455465,0.210334,0
1.2546,-6.83859,7.66365,0.0363025,3.32842,-0.0679671,-0.226223,FGM,0.612743,0.210334,0.303869,0.612743,0.455465,0.210334,0
1.25935,-6.80531,7.6648,0.0354263,3.33079,-0.0891329,-0.296883,FGM,0.612743,0.210334,0.303869,0.612743,0.455465,0.210334,0
1.26256,-6.80531,7.6648,0.0354263,3.33079,-0.0891329,-0.296883,FGM,0.612743,0.210334,0.303869,0.612743,0.455465,0.210334,0
1.26661,-6.80531,7.6648,0.0354263,3.33079,-0.0891329,-0.296883,FGM,0.612743,0.210334,0.303869,0.612743,0.455465,0.210334,0
1.27064,-6.77201,7.66593,0.0345148,3.33305,-0.109006,-0.363323,FGM,0.612743,0.210334,0.303869,0.612743,0.455465,0.210334,0
1.27455,-6.77201,7.66593,0.0345148,3.33305,-0.109006,-0.363323,FGM,0.612743,0.210334,0.303869,0.612743,0.455465,0.210334,0
1.27919,-6.73869,7.66701,0.0332898,3.33519,-0.118464,-0.395101,FGM,0.612743,0.210334,0.303869,0.612743,0.455465,0.210334,0
1.28239,-6.73869,7.66701,0.0332898,3.33519,-0.118464,-0.395101,FGM,0.612743,0.210334,0.303869,0.612743,0.455465,0.210334,0
1.28649,-6.73869,7.66701,0.0332898,3.33519,-0.118464,-0.395101,FGM,0.612743,0.210334,0.303869,0.612743,0.455465,0.210334,0
1.29053,-6.70534,7.66807,0.0321297,3.33724,-0.129887,-0.433464,FGM,0.612743,0.210334,0.303869,0.612743,0.455465,0.210334,0
1.29451,-6.70534,7.66807,0.0321297,3.33724,-0.129887,-0.433464,FGM,0.612743,0.210334,0.303869,0.612743,0.455465,0.210334,0
1.29951,-6.67198,7.66908,0.0307279,3.33919,-0.133261,-0.444984,FGM,0.569149,0.39386,0.284448,0.569149,0.455465,0.39386,0
1.30254,-6.67198,7.66908,0.0307279,3.33919,-0.133261,-0.444984,FGM,0.569149,0.39386,0.284448,0.569149,0.455465,0.39386,0
1.30641,-6.67198,7.66908,0.0307279,3.33919,-0.133261,-0.444984,FGM,0.569149,0.39386,0.284448,0.569149,0.455465,0.39386,0
1.31063,-6.6386,7.67006,0.0294421,3.33988,-0.140554,-0.469434,FGM,0.569149,0.39386,0.284448,0.569149,0.455465,0.39386,0
1.31468,-6.6386,7.67006,0.0294421,3.33988,-0.140554,-0.469434,FGM,0.569149,0.39386,0.284448,0.569149,0.455465,0.39386,0
1.31935,-6.60521,7.671,0.0279491,3.34055,-0.140922,-0.470755,FGM,0.569149,0.39386,0.284448,0.569149,0.455465,0.39386,0
1.32261,-6.60521,7.671,0.0279491,3.34055,-0.140922,-0.470755,FGM,0.569149,0.39386,0.284448,0.569149,0.455465,0.39386,0
1.32635,-6.60521,7.671,0.0279491,3.34055,-0.140922,-0.470755,FGM,0.569149,0.39386,0.284448,0.569149,0.455465,0.39386,0
1.33054,-6.57181,7.67193,0.0269094,3.34118,-0.0546728,-0.182672,FGM,0.569149,0.39386,0.284448,0.569149,0.455465,0.39386,0
1.33442,-6.57181,7.67193,0.0269094,3.34118,-0.0546728,-0.182672,FGM,0.569149,0.39386,0.284448,0.569149,0.455465,0.39386,0
1.3392,-6.53841,7.6729,0.0267507,3.34178,0.00265115,0.00885957,FGM,0.569149,0.39386,0.284448,0.569149,0.455465,0.39386,0
1.34232,-6.53841,7.6729,0.0267507,3.34178,0.00265115,0.00885957,FGM,0.569149,0.39386,0.284448,0.569149,0.455465,0.39386,0
1.34645,-6.53841,7.6729,0.0267507,3.34178,0.00265115,0.00885957,FGM,0.391062,0.463178,0.282693,0.391062,0.455465,0.463178,0
1.35033,-6.505,7.67389,0.0269341,3.34235,0.0485518,0.162277,FGM,0.391062,0.463178,0.282693,0.391062,0.455465,0.463178,0
1.35445,-6.505,7.67389,0.0269341,3.34235,0.0485518,0.162277,FGM,0.391062,0.463178,0.282693,0.391062,0.455465,0.463178,0
1.35922,-6.47159,7.67492,0.027653,3.34348,0.0765604,0.255979,FGM,0.391062,0.463178,0.282693,0.391062,0.455465,0.463178,0
1.36245,-6.47159,7.67492,0.027653,3.34348,0.0765604,0.255979,FGM,0.391062,0.463178,0.282693,0.391062,0.455465,0.463178,0
1.36638,-6.47159,7.67492,0.027653,3.34348,0.0765604,0.255979,FGM,0.391062,0.463178,0.282693,0.391062,0.455465,0.463178,0
1.37062,-6.43817,7.67596,0.0284637,3.34456,0.101232,0.338577,FGM,0.391062,0.463178,0.282693,0.391062,0.455465,0.463178,0
1.37457,-6.43817,7.67596,0.0284637,3.34456,0.101232,0.338577,FGM,0.391062,0.463178,0.282693,0.391062,0.455465,0.463178,0
1.37919,-6.40473,7.67704,0.029629,3.34559,0.11399,0.381365,FGM,0.391062,0.463178,0.282693,0.391062,0.455465,0.463178,0
1.38246,-6.40473,7.67704,0.029629,3.34559,0.11399,0.381365,FGM,0.391062,0.463178,0.282693,0.391062,0.455465,0.463178,0
1.38647,-6.40473,7.67704,0.029629,3.34559,0.11399,0.381365,FGM,0.391062,0.463178,0.282693,0.391062,0.455465,0.463178,0
1.3905,-6.37129,7.67813,0.030756,3.34657,0.127678,0.427283,FGM,0.391062,0.463178,0.282693,0.391062,0.455465,0.463178,0
1.39462,-6.37129,7.67813,0.030756,3.34657,0.127678,0.427283,FGM,0.391062,0.463178,0.282693,0.391062,0.455465,0.463178,0
1.39932,-6.33784,7.67927,0.0321441,3.3475,0.13255,0.44371,FGM,0.346418,0.481626,0.204111,0.346418,0.346123,0.481626,0
1.40235,-6.33784,7.67927,0.0321441,3.3475,0.13255,0.44371,FGM,0.346418,0.481626,0.204111,0.346418,0.346123,0.481626,0
1.40639,-6.33784,7.67927,0.0321441,3.3475,0.13255,0.44371,FGM,0.346418,0.481626,0.204111,0.346418,0.346123,0.481626,0
1.41037,-6.30438,7.68042,0.033427,3.34819,0.14063,0.470855,FGM,0.346418,0.481626,0.204111,0.346418,0.346123,0.481626,0
1.41436,-6.30438,7.68042,0.033427,3.34819,0.14063,0.470855,FGM,0.346418,0.481626,0.204111,0.346418,0.346123,0.481626,0
1.41938,-6.27092,7.68162,0.0349235,3.34884,0.1415,0.473861,FGM,0.346418,0.481626,0.204111,0.346418,0.346123,0.481626,0
1.42241,-6.27092,7.68162,0.0349235,3.34884,0.1415,0.473861,FGM,0.346418,0.481626,0.204111,0.346418,0.346123,0.481626,0
1.42627,-6.27092,7.68162,0.0349235,3.34884,0.1415,0.473861,FGM,0.346418,0.481626,0.204111,0.346418,0.346123,0.481626,0
1.43038,-6.23745,7.68285,0.0362807,3.34947,0.146714,0.491412,FGM,0.346418,0.481626,0.204111,0.346418,0.346123,0.481626,0
1.43453,-6.23745,7.68285,0.0362807,3.34947,0.146714,0.491412,FGM,0.346418,0.481626,0.204111,0.346418,0.346123,0.481626,0
1.43912,-6.20397,7.68412,0.0378274,3.35006,0.145564,0.48765,FGM,0.346418,0.481626,0.204111,0.346418,0.346123,0.481626,0
1.44246,-6.20397,7.68412,0.0378274,3.35006,0.145564,0.48765,FGM,0.346418,0.481626,0.204111,0.346418,0.346123,0.481626,0
1.44645,-6.20397,7.68412,0.0378274,3.35006,0.145564,0.48765,FGM,0.367113,0.482916,0.200767,0.367113,0.346123,0.482916,0
1.4504,-6.17047,7.68543,0.039214,3.3557,0.148293,0.497628,FGM,0.367113,0.482916,0.200767,0.367113,0.346123,0.482916,0
1.45448,-6.17047,7.68543,0.039214,3.3557,0.148293,0.497628,FGM,0.367113,0.482916,0.200767,0.367113,0.346123,0.482916,0
1.45926,-6.13691,7.68679,0.0407666,3.36107,0.145631,0.489476,FGM,0.367113,0.482916,0.200767,0.367113,0.346123,0.482916,0
1.46256,-6.13691,7.68679,0.0407666,3.36107,0.145631,0.489476,FGM,0.367113,0.482916,0.200767,0.367113,0.346123,0.482916,0
1.46638,-6.13691,7.68679,0.0407666,3.36107,0.145631,0.489476,FGM,0.367113,0.482916,0.200767,0.367113,0.346123,0.482916,0
1.47065,-6.10331,7.68818,0.0421534,3.36619,0.148319,0.49927,FGM,0.367113,0.482916,0.200767,0.367113,0.346123,0.482916,0
1.47449,-6.10331,7.68818,0.0421534,3.36619,0.148319,0.49927,FGM,0.367113,0.482916,0.200767,0.367113,0.346123,0.482916,0
1.47924,-6.06965,7.68963,0.0437064,3.37106,0.145657,0.49102,FGM,0.367113,0.482916,0.200767,0.367113,0.346123,0.482916,0
1.48257,-6.06965,7.68963,0.0437064,3.37106,0.145657,0.49102,FGM,0.367113,0.482916,0.200767,0.367113,0.346123,0.482916,0
1.48663,-6.06965,7.68963,0.0437064,3.37106,0.145657,0.49102,FGM,0.367113,0.482916,0.200767,0.367113,0.346123,0.482916,0
1.49062,-6.03595,7.69111,0.0450934,3.3757,0.14837,0.500853,FGM,0.367113,0.482916,0.200767,0.367113,0.346123,0.482916,0
1.49459,-6.03595,7.69111,0.0450934,3.3757,0.14837,0.500853,FGM,0.367113,0.482916,0.200767,0.367113,0.346123,0.482916,0
1.49954,-6.00221,7.69265,0.0466473,3.38012,0.145744,0.492633,FGM,0.338261,0.498795,0.210953,0.338261,0.346123,0.498795,0
1.50246,-6.00221,7.69265,0.0466473,3.38012,0.145744,0.492633,FGM,0.338261,0.498795,0.210953,0.338261,0.346123,0.498795,0
1.50642,-6.00221,7.69265,0.0466473,3.38012,0.145744,0.492633,FGM,0.338261,0.498795,0.210953,0.338261,0.346123,0.498795,0
1.51045,-5.96838,7.69423,0.0480278,3.39256,0.146521,0.497079,FGM,0.338261,0.498795,0.210953,0.338261,0.346123,0.498795,0
1.5143,-5.96838,7.69423,0.0480278,3.39256,0.146521,0.497079,FGM,0.338261,0.498795,0.210953,0.338261,0.346123,0.498795,0
1.51899,-5.93444,7.69587,0.0495551,3.4044,0.142931,0.486593,FGM,0.338261,0.498795,0.210953,0.338261,0.346123,0.498795,0
1.52232,-5.93444,7.69587,0.0495551,3.4044,0.142931,0.486593,FGM,0.338261,0.498795,0.210953,0.338261,0.346123,0.498795,0
1.52634,-5.93444,7.69587,0.0495551,3.4044,0.142931,0.486593,FGM,0.338261,0.498795,0.210953,0.338261,0.346123,0.498795,0
1.53048,-5.90038,7.69755,0.0509136,3.41567,0.14494,0.495069,FGM,0.338261,0.498795,0.210953,0.338261,0.346123,0.498795,0
1.53481,-5.90038,7.69755,0.0509136,3.41567,0.14494,0.495069,FGM,0.338261,0.498795,0.210953,0.338261,0.346123,0.498795,0
1.53927,-5.86621,7.6993,0.0524301,3.42642,0.142225,0.487321,FGM,0.338261,0.498795,0.210953,0.338261,0.346123,0.498795,0
1.54276,-5.86621,7.6993,0.0524301,3.42642,0.142225,0.487321,FGM,0.338261,0.498795,0.210953,0.338261,0.346123,0.498795,0
1.54662,-5.86621,7.6993,0.0524301,3.42642,0.142225,0.487321,FGM,0.115629,0.258314,0.226504,0.115629,0.476803,0.258314,0
1.55098,-5.83194,7.70109,0.0537844,3.43665,0.144849,0.497796,FGM,0.115629,0.258314,0.226504,0.115629,0.476803,0.258314,0
1.55464,-5.83194,7.70109,0.0537844,3.43665,0.144849,0.497796,FGM,0.115629,0.258314,0.226504,0.115629,0.476803,0.258314,0
1.55966,-5.79755,7.70294,0.0552943,3.45173,0.141378,0.487998,FGM,0.115629,0.258314,0.226504,0.115629,0.476803,0.258314,0
1.56256,-5.79755,7.70294,0.0552943,3.45173,0.141378,0.487998,FGM,0.115629,0.258314,0.226504,0.115629,0.476803,0.258314,0
1.56635,-5.79755,7.70294,0.0552943,3.45173,0.141378,0.487998,FGM,0.115629,0.258314,0.226504,0.115629,0.476803,0.258314,0
1.57035,-5.76301,7.70483,0.0566385,3.46609,0.143415,0.497089,FGM,0.115629,0.258314,0.226504,0.115629,0.476803,0.258314,0
1.5742,-5.76301,7.70483,0.0566385,3.46609,0.143415,0.497089,FGM,0.115629,0.258314,0.226504,0.115629,0.476803,0.258314,0
1.5795,-5.72834,7.7068,0.05814,3.47977,0.140945,0.490455,FGM,0.115629,0.258314,0.226504,0.115629,0.476803,0.258314,0
1.5826,-5.72834,7.7068,0.05814,3.47977,0.140945,0.490455,FGM,0.115629,0.258314,0.226504,0.115629,0.476803,0.258314,0
1.58662,-5.72834,7.7068,0.05814,3.47977,0.140945,0.490455,FGM,0.115629,0.258314,0.226504,0.115629,0.476803,0.258314,0
1.59057,-5.69353,7.70878,0.0591882,3.4928,0.0569626,0.198959,FGM,0.115629,0.258314,0.226504,0.115629,0.476803,0.258314,0
1.5945,-5.69353,7.70878,0.0591882,3.4928,0.0569626,0.198959,FGM,0.115629,0.258314,0.226504,0.115629,0.476803,0.258314,0
1.59937,-5.6586,7.71074,0.0593757,3.50521,-0.000260819,-0.000914227,FGM,0.372733,0.505741,0.224127,0.372733,0.476803,0.505741,0
1.60241,-5.6586,7.71074,0.0593757,3.50521,-0.000260819,-0.000914227,FGM,0.372733,0.505741,0.224127,0.372733,0.476803,0.505741,0
1.60672,-5.6586,7.71074,0.0593757,3.50521,-0.000260819,-0.000914227,FGM,0.372733,0.505741,0.224127,0.372733,0.476803,0.505741,0
1.61079,-5.62351,7.71269,0.0592132,3.52373,-0.0455333,-0.160447,FGM,0.372733,0.505741,0.224127,0.372733,0.476803,0.505741,0
1.61482,-5.62351,7.71269,0.0592132,3.52373,-0.0455333,-0.160447,FGM,0.372733,0.505741,0.224127,0.372733,0.476803,0.505741,0
1.61974,-5.58823,7.71463,0.0585268,3.54136,-0.0743796,-0.263405,FGM,0.372733,0.505741,0.224127,0.372733,0.476803,0.505741,0
1.6227,-5.58823,7.71463,0.0585268,3.54136,-0.0743796,-0.263405,FGM,0.372733,0.505741,0.224127,0.372733,0.476803,0.505741,0
1.62667,-5.58823,7.71463,0.0585268,3.54136,-0.0743796,-0.263405,FGM,0.372733,0.505741,0.224127,0.372733,0.476803,0.505741,0
1.63064,-5.55279,7.71659,0.0580208,3.55815,-0.0139472,-0.0496263,FGM,0.372733,0.505741,0.224127,0.372733,0.476803,0.505741,0
1.63455,-5.55279,7.71659,0.0580208,3.55815,-0.0139472,-0.0496263,FGM,0.372733,0.505741,0.224127,0.372733,0.476803,0.505741,0
1.63953,-5.51719,7.71862,0.0581768,3.57415,0.0272084,0.0972467,FGM,0.372733,0.505741,0.224127,0.372733,0.476803,0.505741,0
1.64266,-5.51719,7.71862,0.0581768,3.57415,0.0272084,0.0972467,FGM,0.372733,0.505741,0.224127,0.372733,0.476803,0.505741,0
1.64654,-5.51719,7.71862,0.0581768,3.57415,0.0272084,0.0972467,FGM,0.377789,0.509443,0.231248,0.377789,0.476803,0.509443,0
1.65054,-5.48143,7.72069,0.0585523,3.58938,0.0621067,0.222925,FGM,0.377789,0.509443,0.231248,0.377789,0.476803,0.509443,0
1.65457,-5.48143,7.72069,0.0585523,3.58938,0.0621067,0.222925,FGM,0.377789,0.509443,0.231248,0.377789,0.476803,0.509443,0
1.65933,-5.44552,7.72282,0.0593666,3.60533,0.0837597,0.301981,FGM,0.377789,0.509443,0.231248,0.377789,0.476803,0.509443,0
1.66245,-5.44552,7.72282,0.0593666,3.60533,0.0837597,0.301981,FGM,0.377789,0.509443,0.231248,0.377789,0.476803,0.509443,0
1.66618,-5.44552,7.72282,0.0593666,3.60533,0.0837597,0.301981,FGM,0.377789,0.509443,0.231248,0.377789,0.476803,0.509443,0
1.67072,-5.40946,7.72499,0.0602308,3.62052,0.104003,0.376544,FGM,0.377789,0.509443,0.231248,0.377789,0.476803,0.509443,0
1.67446,-5.40946,7.72499,0.0602308,3.62052,0.104003,0.376544,FGM,0.377789,0.509443,0.231248,0.377789,0.476803,0.509443,0
1.67926,-5.37325,7.72722,0.0614087,3.63498,0.115001,0.418026,FGM,0.377789,0.509443,0.231248,0.377789,0.476803,0.509443,0
1.68241,-5.37325,7.72722,0.0614087,3.63498,0.115001,0.418026,FGM,0.377789,0.509443,0.231248,0.377789,0.476803,0.509443,0
1.68652,-5.37325,7.72722,0.0614087,3.63498,0.115001,0.418026,FGM,0.377789,0.509443,0.231248,0.377789,0.476803,0.509443,0
1.6904,-5.3369,7.72948,0.0625429,3.64876,0.127277,0.464404,FGM,0.377789,0.509443,0.231248,0.377789,0.476803,0.509443,0
1.69434,-5.3369,7.72948,0.0625429,3.64876,0.127277,0.464404,FGM,0.377789,0.509443,0.231248,0.377789,0.476803,0.509443,0
1.69933,-5.30042,7.7318,0.0639229,3.66188,0.13233,0.484578,FGM,0.368926,0.519841,0.266149,0.368926,0.476803,0.519841,0
1.70258,-5.30042,7.7318,0.0639229,3.66188,0.13233,0.484578,FGM,0.368926,0.519841,0.266149,0.368926,0.476803,0.519841,0
1.70648,-5.30042,7.7318,0.0639229,3.66188,0.13233,0.484578,FGM,0.368926,0.519841,0.266149,0.368926,0.476803,0.519841,0
1.71085,-5.26381,7.73417,0.065206,3.67541,0.13996,0.51441,FGM,0.368926,0.519841,0.266149,0.368926,0.476803,0.519841,0
1.71464,-5.26381,7.73417,0.065206,3.67541,0.13996,0.51441,FGM,0.368926,0.519841,0.266149,0.368926,0.476803,0.519841,0
1.71945,-5.22707,7.73659,0.066695,3.68829,0.141611,0.522304,FGM,0.368926,0.519841,0.266149,0.368926,0.476803,0.519841,0
1.72249,-5.22707,7.73659,0.066695,3.68829,0.141611,0.522304,FGM,0.368926,0.519841,0.266149,0.368926,0.476803,0.519841,0
1.72655,-5.22707,7.73659,0.066695,3.68829,0.141611,0.522304,FGM,0.368926,0.519841,0.266149,0.368926,0.476803,0.519841,0
1.73062,-5.19021,7.73906,0.0680583,3.70056,0.146954,0.543813,FGM,0.368926,0.519841,0.266149,0.368926,0.476803,0.519841,0
1.73469,-5.19021,7.73906,0.0680583,3.70056,0.146954,0.543813,FGM,0.368926,0.519841,0.266149,0.368926,0.476803,0.519841,0
1.73945,-5.15323,7.74159,0.0696089,3.71225,0.146921,0.545407,FGM,0.368926,0.519841,0.266149,0.368926,0.476803,0.519841,0
1.74269,-5.15323,7.74159,0.0696089,3.71225,0.146921,0.545407,FGM,0.368926,0.519841,0.266149,0.368926,0.476803,0.519841,0
1.74664,-5.15323,7.74159,0.0696089,3.71225,0.146921,0.545407,FRENET,0.111427,0.834269,0.111427,0,0.834269,0.24626,0
1.75055,-5.11614,7.74416,0.0710184,3.72338,0.151034,0.562357,FRENET,0.111427,0.834269,0.111427,0,0.834269,0.24626,0
1.75473,-5.11614,7.74416,0.0710184,3.72338,0.151034,0.562357,FRENET,0.111427,0.834269,0.111427,0,0.834269,0.24626,0
1.75933,-5.07948,7.74677,0.0727749,3.62828,0.174678,0.633783,FRENET,0.111427,0.834269,0.111427,0,0.834269,0.24626,0
1.76247,-5.07948,7.74677,0.0727749,3.62828,0.174678,0.633783,FRENET,0.111427,0.834269,0.111427,0,0.834269,0.24626,0
1.7665,-5.07948,7.74677,0.0727749,3.62828,0.174678,0.633783,FRENET,0.111427,0.834269,0.111427,0,0.834269,0.24626,0
1.77046,-5.04376,7.74933,0.0745298,3.53318,0.19939,0.70448,FRENET,0.111427,0.834269,0.111427,0,0.834269,0.24626,0
1.77459,-5.04376,7.74933,0.0745298,3.53318,0.19939,0.70448,FRENET,0.111427,0.834269,0.111427,0,0.834269,0.24626,0
1.77952,-5.009,7.75194,0.0771391,3.43808,0.338603,1.16414,FRENET,0.111427,0.834269,0.111427,0,0.834269,0.24626,0
1.78273,-5.009,7.75194,0.0771391,3.43808,0.338603,1.16414,FRENET,0.111427,0.834269,0.111427,0,0.834269,0.24626,0
1.78676,-5.009,7.75194,0.0771391,3.43808,0.338603,1.16414,FRENET,0.111427,0.834269,0.111427,0,0.834269,0.24626,0
1.7906,-4.9752,7.75463,0.081127,3.34298,0.429112,1.43452,FRENET,0.111427,0.834269,0.111427,0,0.834269,0.24626,0
1.79463,-4.9752,7.75463,0.081127,3.34298,0.429112,1.43452,FRENET,0.111427,0.834269,0.111427,0,0.834269,0.24626,0
1.79983,-4.94236,7.75735,0.0856739,3.24788,0.500392,1.62522,FRENET,0.105581,0.834269,0.105581,0.351236,0.834269,0.551061,0
1.8029,-4.94236,7.75735,0.0856739,3.24788,0.500392,1.62522,FRENET,0.105581,0.834269,0.105581,0.351236,0.834269,0.551061,0
1.80657,-4.94236,7.75735,0.0856739,3.24788,0.500392,1.62522,FRENET,0.105581,0.834269,0.105581,0.351236,0.834269,0.551061,0
1.81053,-4.91048,7.76014,0.0910213,3.15278,0.541932,1.70859,FRENET,0.105581,0.834269,0.105581,0.351236,0.834269,0.551061,0
1.81476,-4.91048,7.76014,0.0910213,3.15278,0.541932,1.70859,FRENET,0.105581,0.834269,0.105581,0.351236,0.834269,0.551061,0
1.81947,-4.87955,7.76292,0.0960797,3.05768,0.451374,1.38016,FRENET,0.105581,0.834269,0.105581,0.351236,0.834269,0.551061,0
1.82256,-4.87955,7.76292,0.0960797,3.05768,0.451374,1.38016,FRENET,0.105581,0.834269,0.105581,0.351236,0.834269,0.551061,0
1.82655,-4.87955,7.76292,0.0960797,3.05768,0.451374,1.38016,FRENET,0.105581,0.834269,0.105581,0.351236,0.834269,0.551061,0
1.83064,-4.84957,7.76563,0.100188,2.96258,0.398372,1.18021,FRENET,0.105581,0.834269,0.105581,0.351236,0.834269,0.551061,0
1.83454,-4.84957,7.76563,0.100188,2.96258,0.398372,1.18021,FRENET,0.105581,0.834269,0.105581,0.351236,0.834269,0.551061,0
1.83947,-4.82055,7.76834,0.104054,2.86748,0.352818,1.0117,FRENET,0.105581,0.834269,0.105581,0.351236,0.834269,0.551061,0
1.84257,-4.82055,7.76834,0.104054,2.86748,0.352818,1.0117,FRENET,0.105581,0.834269,0.105581,0.351236,0.834269,0.551061,0
1.84643,-4.82055,7.76834,0.104054,2.86748,0.352818,1.0117,FRENET,0.105581,0.834269,0.105581,0.351236,0.834269,0.551061,0
1.85065,-4.79248,7.77101,0.107334,2.77238,0.32901,0.912142,FRENET,0.0952014,0.834269,0.0952014,0.436922,0.834269,0.533521,0
1.85462,-4.79248,7.77101,0.107334,2.77238,0.32901,0.912142,FRENET,0.0952014,0.834269,0.0952014,0.436922,0.834269,0.533521,0
1.85938,-4.76536,7.77368,0.110601,2.67728,0.301006,0.805877,FRENET,0.0952014,0.834269,0.0952014,0.436922,0.834269,0.533521,0
1.86246,-4.76536,7.77368,0.110601,2.67728,0.301006,0.805877,FRENET,0.0952014,0.834269,0.0952014,0.436922,0.834269,0.533521,0
1.86663,-4.76536,7.77368,0.110601,2.67728,0.301006,0.805877,FRENET,0.0952014,0.834269,0.0952014,0.436922,0.834269,0.533521,0
1.87057,-4.73919,7.77631,0.113424,2.58218,0.288375,0.744638,FRENET,0.0952014,0.834269,0.0952014,0.436922,0.834269,0.533521,0
1.87459,-4.73919,7.77631,0.113424,2.58218,0.288375,0.744638,FRENET,0.0952014,0.834269,0.0952014,0.436922,0.834269,0.533521,0
1.87934,-4.71398,7.77895,0.116317,2.48708,0.266137,0.661906,FRENET,0.0952014,0.834269,0.0952014,0.436922,0.834269,0.533521,0
1.88255,-4.71398,7.77895,0.116317,2.48708,0.266137,0.661906,FRENET,0.0952014,0.834269,0.0952014,0.436922,0.834269,0.533521,0
1.88654,-4.71398,7.77895,0.116317,2.48708,0.266137,0.661906,FRENET,0.0952014,0.834269,0.0952014,0.436922,0.834269,0.533521,0
1.89045,-4.68973,7.78154,0.118811,2.39198,0.257303,0.615466,FRENET,0.0952014,0.834269,0.0952014,0.436922,0.834269,0.533521,0
1.89452,-4.68973,7.78154,0.118811,2.39198,0.257303,0.615466,FRENET,0.0952014,0.834269,0.0952014,0.436922,0.834269,0.533521,0
1.89917,-4.66643,7.78413,0.1214,2.29688,0.236176,0.542469,FRENET,0.0728496,0.378045,0.0728496,0.428522,0.378045,0.507779,0
1.90244,-4.66643,7.78413,0.1214,2.29688,0.236176,0.542469,FRENET,0.0728496,0.378045,0.0728496,0.428522,0.378045,0.507779,0
1.90645,-4.66643,7.78413,0.1214,2.29688,0.236176,0.542469,FRENET,0.0728496,0.378045,0.0728496,0.428522,0.378045,0.507779,0
1.91048,-4.64349,7.78674,0.123341,2.32082,0.173582,0.402852,FRENET,0.0728496,0.378045,0.0728496,0.428522,0.378045,0.507779,0
1.9145,-4.64349,7.78674,0.123341,2.32082,0.173582,0.402852,FRENET,0.0728496,0.378045,0.0728496,0.428522,0.378045,0.507779,0
1.91912,-4.62033,7.78948,0.124933,2.34361,0.133003,0.311708,FRENET,0.0728496,0.378045,0.0728496,0.428522,0.378045,0.507779,0
1.92237,-4.62033,7.78948,0.124933,2.34361,0.133003,0.311708,FRENET,0.0728496,0.378045,0.0728496,0.428522,0.378045,0.507779,0
1.92654,-4.62033,7.78948,0.124933,2.34361,0.133003,0.311708,FRENET,0.0728496,0.378045,0.0728496,0.428522,0.378045,0.507779,0
1.93024,-4.59695,7.79229,0.12582,2.36532,0.0366312,0.0866444,FRENET,0.0728496,0.378045,0.0728496,0.428522,0.378045,0.507779,0
1.93454,-4.59695,7.79229,0.12582,2.36532,0.0366312,0.0866444,FRENET,0.0728496,0.378045,0.0728496,0.428522,0.378045,0.507779,0
1.93911,-4.57336,7.79509,0.125541,2.386,-0.097482,-0.232592,FRENET,0.0728496,0.378045,0.0728496,0.428522,0.378045,0.507779,0
1.94242,-4.57336,7.79509,0.125541,2.386,-0.097482,-0.232592,FRENET,0.0728496,0.378045,0.0728496,0.428522,0.378045,0.507779,0
1.94643,-4.57336,7.79509,0.125541,2.386,-0.097482,-0.232592,FRENET,0.0843669,0.378045,0.0843669,0.399542,0.378045,0.515217,0
1.95058,-4.54956,7.79783,0.124059,2.40569,-0.177048,-0.425922,FRENET,0.0843669,0.378045,0.0843669,0.399542,0.378045,0.515217,0
1.95454,-4.54956,7.79783,0.124059,2.40569,-0.177048,-0.425922,FRENET,0.0843669,0.378045,0.0843669,0.399542,0.378045,0.515217,0
1.95919,-4.52556,7.80053,0.122063,2.42445,-0.233646,-0.566463,FRENET,0.0843669,0.378045,0.0843669,0.399542,0.378045,0.515217,0
1.96264,-4.52556,7.80053,0.122063,2.42445,-0.233646,-0.566463,FRENET,0.0843669,0.378045,0.0843669,0.399542,0.378045,0.515217,0
1.9666,-4.52556,7.80053,0.122063,2.42445,-0.233646,-0.566463,FRENET,0.0843669,0.378045,0.0843669,0.399542,0.378045,0.515217,0
1.97046,-4.50137,7.80319,0.11948,2.44231,-0.264574,-0.646174,FRENET,0.0843669,0.378045,0.0843669,0.399542,0.378045,0.515217,0
1.97458,-4.50137,7.80319,0.11948,2.44231,-0.264574,-0.646174,FRENET,0.0843669,0.378045,0.0843669,0.399542,0.378045,0.515217,0
1.97935,-4.477,7.8058,0.116776,2.45933,-0.29051,-0.71446,FRENET,0.0843669,0.378045,0.0843669,0.399542,0.378045,0.515217,0
1.98257,-4.477,7.8058,0.116776,2.45933,-0.29051,-0.71446,FRENET,0.0843669,0.378045,0.0843669,0.399542,0.378045,0.515217,0
1.98653,-4.477,7.8058,0.116776,2.45933,-0.29051,-0.71446,FRENET,0.0843669,0.378045,0.0843669,0.399542,0.378045,0.515217,0
1.99068,-4.45246,7.80836,0.113728,2.47554,-0.302082,-0.747814,FRENET,0.0843669,0.378045,0.0843669,0.399542,0.378045,0.515217,0
1.99457,-4.45246,7.80836,0.113728,2.47554,-0.302082,-0.747814,FRENET,0.0843669,0.378045,0.0843669,0.399542,0.378045,0.515217,0
1.99946,-4.42775,7.81087,0.110715,2.49097,-0.315728,-0.786471,FRENET,0.0699403,0.378045,0.0699403,0.347314,0.378045,0.509774,0
2.00256,-4.42775,7.81087,0.110715,2.49097,-0.315728,-0.786471,FRENET,0.0699403,0.378045,0.0699403,0.347314,0.378045,0.509774,0
2.00659,-4.42775,7.81087,0.110715,2.49097,-0.315728,-0.786471,FRENET,0.0699403,0.378045,0.0699403,0.347314,0.378045,0.509774,0
2.01061,-4.40289,7.81332,0.107457,2.50568,-0.319505,-0.800575,FRENET,0.0699403,0.378045,0.0699403,0.347314,0.378045,0.509774,0
2.01462,-4.40289,7.81332,0.107457,2.50568,-0.319505,-0.800575,FRENET,0.0699403,0.378045,0.0699403,0.347314,0.378045,0.509774,0
2.01936,-4.37788,7.81572,0.104297,2.51968,-0.32816,-0.826858,FRENET,0.0699403,0.378045,0.0699403,0.347314,0.378045,0.509774,0
2.02257,-4.37788,7.81572,0.104297,2.51968,-0.32816,-0.826858,FRENET,0.0699403,0.378045,0.0699403,0.347314,0.378045,0.509774,0
2.02652,-4.37788,7.81572,0.104297,2.51968,-0.32816,-0.826858,FRENET,0.0699403,0.378045,0.0699403,0.347314,0.378045,0.509774,0
2.03048,-4.35272,7.81805,0.100931,2.53302,-0.328752,-0.832735,FRENET,0.0699403,0.378045,0.0699403,0.347314,0.378045,0.509774,0
2.03455,-4.35272,7.81805,0.100931,2.53302,-0.328752,-0.832735,FRENET,0.0699403,0.378045,0.0699403,0.347314,0.378045,0.509774,0
2.03924,-4.32743,7.82032,0.0976903,2.54572,-0.335337,-0.853676,FRENET,0.0699403,0.378045,0.0699403,0.347314,0.378045,0.509774,0
2.04243,-4.32743,7.82032,0.0976903,2.54572,-0.335337,-0.853676,FRENET,0.0699403,0.378045,0.0699403,0.347314,0.378045,0.509774,0
2.0464,-4.32743,7.82032,0.0976903,2.54572,-0.335337,-0.853676,FRENET,0.0699403,0.378045,0.0699403,0.347314,0.378045,0.509774,0
2.05052,-4.30201,7.82252,0.0942593,2.55782,-0.334594,-0.855833,FGM,0.337803,0.505942,0.0806137,0.337803,0.378045,0.505942,0
2.05438,-4.30201,7.82252,0.0942593,2.55782,-0.334594,-0.855833,FGM,0.337803,0.505942,0.0806137,0.337803,0.378045,0.505942,0
2.05952,-4.27633,7.82467,0.0910094,2.59534,-0.330446,-0.857619,FGM,0.337803,0.505942,0.0806137,0.337803,0.378045,0.505942,0
2.06286,-4.27633,7.82467,0.0910094,2.59534,-0.330446,-0.857619,FGM,0.337803,0.505942,0.0806137,0.337803,0.378045,0.505942,0
2.06644,-4.27633,7.82467,0.0910094,2.59534,-0.330446,-0.857619,FGM,0.337803,0.505942,0.0806137,0.337803,0.378045,0.505942,0
2.07033,-4.25028,7.82676,0.0876618,2.63107,-0.325189,-0.855596,FGM,0.337803,0.505942,0.0806137,0.337803,0.378045,0.505942,0
2.07443,-4.25028,7.82676,0.0876618,2.63107,-0.325189,-0.855596,FGM,0.337803,0.505942,0.0806137,0.337803,0.378045,0.505942,0
2.0791,-4.22388,7.82883,0.0847273,2.66511,-0.252114,-0.671911,FGM,0.337803,0.505942,0.0806137,0.337803,0.378045,0.505942,0
2.08225,-4.22388,7.82883,0.0847273,2.66511,-0.252114,-0.671911,FGM,0.337803,0.505942,0.0806137,0.337803,0.378045,0.505942,0
2.08636,-4.22388,7.82883,0.0847273,2.66511,-0.252114,-0.671911,FGM,0.337803,0.505942,0.0806137,0.337803,0.378045,0.505942,0
2.09024,-4.19715,7.83092,0.0825138,2.69752,-0.208403,-0.562172,FGM,0.337803,0.505942,0.0806137,0.337803,0.378045,0.505942,0
2.09447,-4.19715,7.83092,0.0825138,2.69752,-0.208403,-0.562172,FGM,0.337803,0.505942,0.0806137,0.337803,0.378045,0.505942,0
2.09933,-4.1701,7.833,0.0805349,2.7284,-0.174795,-0.476911,FGM,0,0.235663,0.256811,0,0.525393,0.235663,0
2.10223,-4.1701,7.833,0.0805349,2.7284,-0.174795,-0.476911,FGM,0,0.235663,0.256811,0,0.525393,0.235663,0
2.1063,-4.1701,7.833,0.0805349,2.7284,-0.174795,-0.476911,FGM,0,0.235663,0.256811,0,0.525393,0.235663,0
2.11029,-4.14274,7.83509,0.0789561,2.76012,-0.157039,-0.433447,FGM,0,0.235663,0.256811,0,0.525393,0.235663,0
2.11436,-4.14274,7.83509,0.0789561,2.76012,-0.157039,-0.433447,FGM,0,0.235663,0.256811,0,0.525393,0.235663,0
2.11917,-4.11507,7.83716,0.0773974,2.79034,-0.140901,-0.393163,FGM,0,0.235663,0.256811,0,0.525393,0.235663,0
2.12233,-4.11507,7.83716,0.0773974,2.79034,-0.140901,-0.393163,FGM,0,0.235663,0.256811,0,0.525393,0.235663,0
2.12643,-4.11507,7.83716,0.0773974,2.79034,-0.140901,-0.393163,FGM,0,0.235663,0.256811,0,0.525393,0.235663,0
2.13045,-4.0871,7.83924,0.0760947,2.81912,-0.135103,-0.380871,FGM,0,0.235663,0.256811,0,0.525393,0.235663,0
2.13438,-4.0871,7.83924,0.0760947,2.81912,-0.135103,-0.380871,FGM,0,0.235663,0.256811,0,0.525393,0.235663,0
2.13923,-4.05884,7.84128,0.0744411,2.84654,-0.206373,-0.587449,FGM,0,0.235663,0.256811,0,0.525393,0.235663,0
2.14241,-4.05884,7.84128,0.0744411,2.84654,-0.206373,-0.587449,FGM,0,0.235663,0.256811,0,0.525393,0.235663,0
2.14649,-4.05884,7.84128,0.0744411,2.84654,-0.206373,-0.587449,FGM,0.125252,0.425882,0.255978,0.125252,0.525393,0.425882,0
2.15041,-4.03031,7.84323,0.0720593,2.87265,-0.251987,-0.723869,FGM,0.125252,0.425882,0.255978,0.125252,0.525393,0.425882,0
2.1542,-4.03031,7.84323,0.0720593,2.87265,-0.251987,-0.723869,FGM,0.125252,0.425882,0.255978,0.125252,0.525393,0.425882,0
2.15907,-4.00151,7.84511,0.0694225,2.89925,-0.288403,-0.836154,FGM,0.125252,0.425882,0.255978,0.125252,0.525393,0.425882,0
2.16243,-4.00151,7.84511,0.0694225,2.89925,-0.288403,-0.836154,FGM,0.125252,0.425882,0.255978,0.125252,0.525393,0.425882,0
2.1663,-4.00151,7.84511,0.0694225,2.89925,-0.288403,-0.836154,FGM,0.125252,0.425882,0.255978,0.125252,0.525393,0.425882,0
2.17048,-3.97245,7.8469,0.0663474,2.92459,-0.310081,-0.90686,FGM,0.125252,0.425882,0.255978,0.125252,0.525393,0.425882,0
2.17432,-3.97245,7.8469,0.0663474,2.92459,-0.310081,-0.90686,FGM,0.125252,0.425882,0.255978,0.125252,0.525393,0.425882,0
2.17925,-3.94314,7.84866,0.0634898,2.94872,-0.249792,-0.736568,FGM,0.125252,0.425882,0.255978,0.125252,0.525393,0.425882,0
2.18237,-3.94314,7.84866,0.0634898,2.94872,-0.249792,-0.736568,FGM,0.125252,0.425882,0.255978,0.125252,0.525393,0.425882,0
2.18629,-3.94314,7.84866,0.0634898,2.94872,-0.249792,-0.736568,FGM,0.125252,0.425882,0.255978,0.125252,0.525393,0.425882,0
2.19024,-3.91358,7.85041,0.0612657,2.97171,-0.212779,-0.632316,FGM,0.125252,0.425882,0.255978,0.125252,0.525393,0.425882,0
2.19443,-3.91358,7.85041,0.0612657,2.97171,-0.212779,-0.632316,FGM,0.125252,0.425882,0.255978,0.125252,0.525393,0.425882,0
2.19936,-3.88381,7.85213,0.0592198,2.9936,-0.182755,-0.547096,FGM,0.349945,0.529658,0.266906,0.349945,0.525393,0.529658,0
2.20271,-3.88381,7.85213,0.0592198,2.9936,-0.182755,-0.547096,FGM,0.349945,0.529658,0.266906,0.349945,0.525393,0.529658,0
2.20666,-3.88381,7.85213,0.0592198,2.9936,-0.182755,-0.547096,FGM,0.349945,0.529658,0.266906,0.349945,0.525393,0.529658,0
2.21079,-3.85381,7.85384,0.0575556,3.0156,-0.166632,-0.502495,FGM,0.349945,0.529658,0.266906,0.349945,0.525393,0.529658,0
2.21445,-3.85381,7.85384,0.0575556,3.0156,-0.166632,-0.502495,FGM,0.349945,0.529658,0.266906,0.349945,0.525393,0.529658,0
2.21931,-3.8236,7.85551,0.0558932,3.03656,-0.151237,-0.459241,FGM,0.349945,0.529658,0.266906,0.349945,0.525393,0.529658,0
2.22246,-3.8236,7.85551,0.0558932,3.03656,-0.151237,-0.459241,FGM,0.349945,0.529658,0.266906,0.349945,0.525393,0.529658,0
2.22644,-3.8236,7.85551,0.0558932,3.03656,-0.151237,-0.459241,FGM,0.349945,0.529658,0.266906,0.349945,0.525393,0.529658,0
2.23051,-3.79318,7.85719,0.054772,3.05652,-0.0626254,-0.191416,FGM,0.349945,0.529658,0.266906,0.349945,0.525393,0.529658,0
2.23423,-3.79318,7.85719,0.054772,3.05652,-0.0626254,-0.191416,FGM,0.349945,0.529658,0.266906,0.349945,0.525393,0.529658,0
2.239,-3.76257,7.85892,0.0545304,3.07553,-0.00487286,-0.0149866,FGM,0.349945,0.529658,0.266906,0.349945,0.525393,0.529658,0
2.24238,-3.76257,7.85892,0.0545304,3.07553,-0.00487286,-0.0149866,FGM,0.349945,0.529658,0.266906,0.349945,0.525393,0.529658,0
2.2465,-3.76257,7.85892,0.0545304,3.07553,-0.00487286,-0.0149866,FGM,0,0.247731,0.283834,0,0.547192,0.247731,0
2.25028,-3.73177,7.86068,0.0546422,3.09363,0.0403081,0.124699,FGM,0,0.247731,0.283834,0,0.547192,0.247731,0
2.25426,-3.73177,7.86068,0.0546422,3.09363,0.0403081,0.124699,FGM,0,0.247731,0.283834,0,0.547192,0.247731,0
2.2592,-3.7008,7.86248,0.055269,3.11026,0.0675034,0.209953,FGM,0,0.247731,0.283834,0,0.547192,0.247731,0
2.26239,-3.7008,7.86248,0.055269,3.11026,0.0675034,0.209953,FGM,0,0.247731,0.283834,0,0.547192,0.247731,0
2.26639,-3.7008,7.86248,0.055269,3.11026,0.0675034,0.209953,FGM,0,0.247731,0.283834,0,0.547192,0.247731,0
2.27048,-3.66967,7.8643,0.0559897,3.12609,0.0911693,0.285003,FGM,0,0.247731,0.283834,0,0.547192,0.247731,0
2.27468,-3.66967,7.8643,0.0559897,3.12609,0.0911693,0.285003,FGM,0,0.247731,0.283834,0,0.547192,0.247731,0
2.27967,-3.63839,7.86617,0.0570451,3.14116,0.103144,0.323993,FGM,0,0.247731,0.283834,0,0.547192,0.247731,0
2.28294,-3.63839,7.86617,0.0570451,3.14116,0.103144,0.323993,FGM,0,0.247731,0.283834,0,0.547192,0.247731,0
2.28649,-3.63839,7.86617,0.0570451,3.14116,0.103144,0.323993,FGM,0,0.247731,0.283834,0,0.547192,0.247731,0
2.29039,-3.60697,7.86804,0.0577746,3.15553,0.030801,0.0971932,FGM,0,0.247731,0.283834,0,0.547192,0.247731,0
2.29435,-3.60697,7.86804,0.0577746,3.15553,0.030801,0.0971932,FGM,0,0.247731,0.283834,0,0.547192,0.247731,0
2.29942,-3.57539,7.86984,0.0574616,3.1692,-0.101932,-0.323043,FGM,0.319193,0.525583,0.297433,0.319193,0.547192,0.525583,0
2.30241,-3.57539,7.86984,0.0574616,3.1692,-0.101932,-0.323043,FGM,0.319193,0.525583,0.297433,0.319193,0.547192,0.525583,0
2.30646,-3.57539,7.86984,0.0574616,3.1692,-0.101932,-0.323043,FGM,0.319193,0.525583,0.297433,0.319193,0.547192,0.525583,0
2.31054,-3.54368,7.87153,0.0558882,3.1834,-0.191526,-0.609704,FGM,0.319193,0.525583,0.297433,0.319193,0.547192,0.525583,0
2.31437,-3.54368,7.87153,0.0558882,3.1834,-0.191526,-0.609704,FGM,0.319193,0.525583,0.297433,0.319193,0.547192,0.525583,0
2.31935,-3.51181,7.87314,0.0536908,3.19691,-0.260133,-0.831622,FGM,0.319193,0.525583,0.297433,0.319193,0.547192,0.525583,0
2.32245,-3.51181,7.87314,0.0536908,3.19691,-0.260133,-0.831622,FGM,0.319193,0.525583,0.297433,0.319193,0.547192,0.525583,0
2.32651,-3.51181,7.87314,0.0536908,3.19691,-0.260133,-0.831622,FGM,0.319193,0.525583,0.297433,0.319193,0.547192,0.525583,0
2.33051,-3.47982,7.87464,0.0507736,3.20979,-0.304531,-0.977479,FGM,0.319193,0.525583,0.297433,0.319193,0.547192,0.525583,0
2.33448,-3.47982,7.87464,0.0507736,3.20979,-0.304531,-0.977479,FGM,0.319193,0.525583,0.297433,0.319193,0.547192,0.525583,0
2.33961,-3.44769,7.87609,0.0479111,3.22205,-0.254517,-0.820067,FGM,0.319193,0.525583,0.297433,0.319193,0.547192,0.525583,0
2.34262,-3.44769,7.87609,0.0479111,3.22205,-0.254517,-0.820067,FGM,0.319193,0.525583,0.297433,0.319193,0.547192,0.525583,0
2.34633,-3.44769,7.87609,0.0479111,3.22205,-0.254517,-0.820067,FGM,0.319193,0.525583,0.297433,0.319193,0.547192,0.525583,0
2.35041,-3.41544,7.87753,0.0456125,3.23373,-0.223203,-0.721779,FGM,0,0.280736,0.273968,0,0.547192,0.280736,0
2.3548,-3.41544,7.87753,0.0456125,3.23373,-0.223203,-0.721779,FGM,0,0.280736,0.273968,0,0.547192,0.280736,0
2.35935,-3.38306,7.87892,0.0434456,3.24804,-0.195653,-0.635488,FGM,0,0.280736,0.273968,0,0.547192,0.280736,0
2.36248,-3.38306,7.87892,0.0434456,3.24804,-0.195653,-0.635488,FGM,0,0.280736,0.273968,0,0.547192,0.280736,0
2.36651,-3.38306,7.87892,0.0434456,3.24804,-0.195653,-0.635488,FGM,0,0.280736,0.273968,0,0.547192,0.280736,0
2.37076,-3.35055,7.88032,0.0419416,3.26166,-0.0946797,-0.308813,FGM,0,0.280736,0.273968,0,0.547192,0.280736,0
2.37446,-3.35055,7.88032,0.0419416,3.26166,-0.0946797,-0.308813,FGM,0,0.280736,0.273968,0,0.547192,0.280736,0
2.37933,-3.3179,7.88176,0.0414345,3.27464,-0.026729,-0.0875278,FGM,0,0.280736,0.273968,0,0.547192,0.280736,0
2.38236,-3.3179,7.88176,0.0414345,3.27464,-0.026729,-0.0875278,FGM,0,0.280736,0.273968,0,0.547192,0.280736,0
2.38634,-3.3179,7.88176,0.0414345,3.27464,-0.026729,-0.0875278,FGM,0,0.280736,0.273968,0,0.547192,0.280736,0
2.39035,-3.28512,7.8832,0.0410728,3.287,-0.0600537,-0.197396,FGM,0,0.280736,0.273968,0,0.547192,0.280736,0
2.3944,-3.28512,7.8832,0.0410728,3.287,-0.0600537,-0.197396,FGM,0,0.280736,0.273968,0,0.547192,0.280736,0
2.39912,-3.25222,7.88455,0.039991,3.29877,-0.166703,-0.549916,FRENET,0.282322,0.547192,0.282322,0,0.547192,0.249887,0
2.40236,-3.25222,7.88455,0.039991,3.29877,-0.166703,-0.549916,FRENET,0.282322,0.547192,0.282322,0,0.547192,0.249887,0
2.40652,-3.25222,7.88455,0.039991,3.29877,-0.166703,-0.549916,FRENET,0.282322,0.547192,0.282322,0,0.547192,0.249887,0
2.41048,-3.21973,7.88574,0.0375115,3.20367,-0.296339,-0.949372,FRENET,0.282322,0.547192,0.282322,0,0.547192,0.249887,0
2.4145,-3.21973,7.88574,0.0375115,3.20367,-0.296339,-0.949372,FRENET,0.282322,0.547192,0.282322,0,0.547192,0.249887,0
2.41926,-3.18818,7.88679,0.0341599,3.11006,-0.392107,-1.21948,FRENET,0.282322,0.547192,0.282322,0,0.547192,0.249887,0
2.42236,-3.18818,7.88679,0.0341599,3.11006,-0.392107,-1.21948,FRENET,0.282322,0.547192,0.282322,0,0.547192,0.249887,0
2.42633,-3.18818,7.88679,0.0341599,3.11006,-0.392107,-1.21948,FRENET,0.282322,0.547192,0.282322,0,0.547192,0.249887,0
2.43044,-3.15747,7.88767,0.0298721,3.03426,-0.439164,-1.33254,FRENET,0.282322,0.547192,0.282322,0,0.547192,0.249887,0
2.43438,-3.15747,7.88767,0.0298721,3.03426,-0.439164,-1.33254,FRENET,0.282322,0.547192,0.282322,0,0.547192,0.249887,0
2.43922,-3.12744,7.88847,0.0258163,2.97287,-0.355517,-1.05691,FRENET,0.282322,0.547192,0.282322,0,0.547192,0.249887,0
2.44235,-3.12744,7.88847,0.0258163,2.97287,-0.355517,-1.05691,FRENET,0.282322,0.547192,0.282322,0,0.547192,0.249887,0
2.44632,-3.12744,7.88847,0.0258163,2.97287,-0.355517,-1.05691,FRENET,0.282322,0.547192,0.282322,0,0.547192,0.249887,0
2.45061,-3.0982,7.88924,0.0225936,2.87777,-0.316335,-0.910339,FRENET,0.246765,0.563563,0.246765,0,0.563563,0.287231,0
2.45456,-3.0982,7.88924,0.0225936,2.87777,-0.316335,-0.910339,FRENET,0.246765,0.563563,0.246765,0,0.563563,0.287231,0
2.45926,-3.06972,7.88994,0.0195729,2.81958,-0.269025,-0.758538,FRENET,0.246765,0.563563,0.246765,0,0.563563,0.287231,0
2.46249,-3.06972,7.88994,0.0195729,2.81958,-0.269025,-0.758538,FRENET,0.246765,0.563563,0.246765,0,0.563563,0.287231,0
2.46639,-3.06972,7.88994,0.0195729,2.81958,-0.269025,-0.758538,FRENET,0.246765,0.563563,0.246765,0,0.563563,0.287231,0
2.47054,-3.04177,7.89058,0.0171434,2.77245,-0.239528,-0.664079,FRENET,0.246765,0.563563,0.246765,0,0.563563,0.287231,0
2.47451,-3.04177,7.89058,0.0171434,2.77245,-0.239528,-0.664079,FRENET,0.246765,0.563563,0.246765,0,0.563563,0.287231,0
2.47926,-3.01424,7.89113,0.0148127,2.73429,-0.208312,-0.569585,FRENET,0.246765,0.563563,0.246765,0,0.563563,0.287231,0
2.48255,-3.01424,7.89113,0.0148127,2.73429,-0.208312,-0.569585,FRENET,0.246765,0.563563,0.246765,0,0.563563,0.287231,0
2.48655,-3.01424,7.89113,0.0148127,2.73429,-0.208312,-0.569585,FRENET,0.246765,0.563563,0.246765,0,0.563563,0.287231,0
2.49051,-2.98706,7.89163,0.01292,2.70339,-0.190915,-0.516116,FRENET,0.246765,0.563563,0.246765,0,0.563563,0.287231,0
2.49448,-2.98706,7.89163,0.01292,2.70339,-0.190915,-0.516116,FRENET,0.246765,0.563563,0.246765,0,0.563563,0.287231,0
2.49914,-2.96015,7.89205,0.0110264,2.67837,-0.169917,-0.455101,FRENET,0.255469,0.563563,0.255469,0,0.563563,0.274284,0
2.50256,-2.96015,7.89205,0.0110264,2.67837,-0.169917,-0.455101,FRENET,0.255469,0.563563,0.255469,0,0.563563,0.274284,0
2.50637,-2.96015,7.89205,0.0110264,2.67837,-0.169917,-0.455101,FRENET,0.255469,0.563563,0.255469,0,0.563563,0.274284,0
2.51046,-2.93347,7.89244,0.00980102,2.6581,-0.063863,-0.169754,FRENET,0.255469,0.563563,0.255469,0,0.563563,0.274284,0
2.51442,-2.93347,7.89244,0.00980102,2.6581,-0.063863,-0.169754,FRENET,0.255469,0.563563,0.255469,0,0.563563,0.274284,0
2.51927,-2.90698,7.89286,0.00959359,2.64169,-0.000731694,-0.00193291,FRENET,0.255469,0.563563,0.255469,0,0.563563,0.274284,0
2.5225,-2.90698,7.89286,0.00959359,2.64169,-0.000731694,-0.00193291,FRENET,0.255469,0.563563,0.255469,0,0.563563,0.274284,0
2.52647,-2.90698,7.89286,0.00959359,2.64169,-0.000731694,-0.00193291,FRENET,0.255469,0.563563,0.255469,0,0.563563,0.274284,0
2.53051,-2.88063,7.89328,0.00974995,2.6284,0.04687,0.123193,FRENET,0.255469,0.563563,0.255469,0,0.563563,0.274284,0
2.53455,-2.88063,7.89328,0.00974995,2.6284,0.04687,0.123193,FRENET,0.255469,0.563563,0.255469,0,0.563563,0.274284,0
2.53947,-2.8544,7.89372,0.0104414,2.61764,0.0714651,0.18707,FRENET,0.255469,0.563563,0.255469,0,0.563563,0.274284,0
2.54307,-2.8544,7.89372,0.0104414,2.61764,0.0714651,0.18707,FRENET,0.255469,0.563563,0.255469,0,0.563563,0.274284,0
2.5464,-2.8544,7.89372,0.0104414,2.61764,0.0714651,0.18707,FRENET,0.262633,0.563563,0.262633,0,0.563563,0.274216,0
2.5506,-2.82827,7.89415,0.0111844,2.60892,0.0934642,0.243841,FRENET,0.262633,0.563563,0.262633,0,0.563563,0.274216,0
2.55451,-2.82827,7.89415,0.0111844,2.60892,0.0934642,0.243841,FRENET,0.262633,0.563563,0.262633,0,0.563563,0.274216,0
2.56023,-2.80222,7.89461,0.0122506,2.60187,0.101291,0.263545,FRENET,0.262633,0.563563,0.262633,0,0.563563,0.274216,0
2.56246,-2.80222,7.89461,0.0122506,2.60187,0.101291,0.263545,FRENET,0.262633,0.563563,0.262633,0,0.563563,0.274216,0
2.56639,-2.80222,7.89461,0.0122506,2.60187,0.101291,0.263545,FRENET,0.262633,0.563563,0.262633,0,0.563563,0.274216,0
2.57049,-2.77624,7.89506,0.0132336,2.59615,0.112212,0.291318,FRENET,0.262633,0.563563,0.262633,0,0.563563,0.274216,0
2.57445,-2.77624,7.89506,0.0132336,2.59615,0.112212,0.291318,FRENET,0.262633,0.563563,0.262633,0,0.563563,0.274216,0
2.57923,-2.7503,7.89555,0.0144479,2.59152,0.112892,0.292561,FRENET,0.262633,0.563563,0.262633,0,0.563563,0.274216,0
2.58234,-2.7503,7.89555,0.0144479,2.59152,0.112892,0.292561,FRENET,0.262633,0.563563,0.262633,0,0.563563,0.274216,0
2.58635,-2.7503,7.89555,0.0144479,2.59152,0.112892,0.292561,FRENET,0.262633,0.563563,0.262633,0,0.563563,0.274216,0
2.59029,-2.72441,7.89604,0.0155226,2.58777,0.119147,0.308326,FRENET,0.262633,0.563563,0.262633,0,0.563563,0.274216,0
2.59451,-2.72441,7.89604,0.0155226,2.58777,0.119147,0.308326,FRENET,0.262633,0.563563,0.262633,0,0.563563,0.274216,0
2.5993,-2.69855,7.89657,0.0167899,2.58474,0.116897,0.302147,FRENET,0.236074,0.580232,0.236074,0,0.580232,0.276542,0
2.60243,-2.69855,7.89657,0.0167899,2.58474,0.116897,0.302147,FRENET,0.236074,0.580232,0.236074,0,0.580232,0.276542,0
2.60638,-2.69855,7.89657,0.0167899,2.58474,0.116897,0.302147,FRENET,0.236074,0.580232,0.236074,0,0.580232,0.276542,0
2.61051,-2.67308,7.8971,0.0179166,2.51186,0.130326,0.327361,FRENET,0.236074,0.580232,0.236074,0,0.580232,0.276542,0
2.61438,-2.67308,7.8971,0.0179166,2.51186,0.130326,0.327361,FRENET,0.236074,0.580232,0.236074,0,0.580232,0.276542,0
2.61924,-2.64826,7.89765,0.0193171,2.45285,0.127841,0.313575,FRENET,0.236074,0.580232,0.236074,0,0.580232,0.276542,0
2.62238,-2.64826,7.89765,0.0193171,2.45285,0.127841,0.313575,FRENET,0.236074,0.580232,0.236074,0,0.580232,0.276542,0
2.62631,-2.64826,7.89765,0.0193171,2.45285,0.127841,0.313575,FRENET,0.236074,0.580232,0.236074,0,0.580232,0.276542,0
2.63035,-2.62398,7.89818,0.0201551,2.40506,0.0269135,0.0647285,FRENET,0.236074,0.580232,0.236074,0,0.580232,0.276542,0
2.63429,-2.62398,7.89818,0.0201551,2.40506,0.0269135,0.0647285,FRENET,0.236074,0.580232,0.236074,0,0.580232,0.276542,0
2.63917,-2.60012,7.89862,0.0200356,2.36635,-0.025967,-0.0614471,FRENET,0.236074,0.580232,0.236074,0,0.580232,0.276542,0
2.64222,-2.60012,7.89862,0.0200356,2.36635,-0.025967,-0.0614471,FRENET,0.236074,0.580232,0.236074,0,0.580232,0.276542,0
2.64639,-2.60012,7.89862,0.0200356,2.36635,-0.025967,-0.0614471,FRENET,0.25944,0.580232,0.25944,0,0.580232,0.267023,0
2.65035,-2.57662,7.89904,0.0196626,2.33501,-0.0651798,-0.152196,FRENET,0.25944,0.580232,0.25944,0,0.580232,0.267023,0
2.65436,-2.57662,7.89904,0.0196626,2.33501,-0.0651798,-0.152196,FRENET,0.25944,0.580232,0.25944,0,0.580232,0.267023,0
2.65903,-2.5534,7.89941,0.0188294,2.30964,-0.0806735,-0.186326,FRENET,0.25944,0.580232,0.25944,0,0.580232,0.267023,0
2.66237,-2.5534,7.89941,0.0188294,2.30964,-0.0806735,-0.186326,FRENET,0.25944,0.580232,0.25944,0,0.580232,0.267023,0
2.66638,-2.5534,7.89941,0.0188294,2.30964,-0.0806735,-0.186326,FRENET,0.25944,0.580232,0.25944,0,0.580232,0.267023,0
2.67041,-2.53041,7.89977,0.0180304,2.28908,-0.0967766,-0.22153,FRENET,0.25944,0.580232,0.25944,0,0.580232,0.267023,0
2.67431,-2.53041,7.89977,0.0180304,2.28908,-0.0967766,-0.22153,FRENET,0.25944,0.580232,0.25944,0,0.580232,0.267023,0
2.67918,-2.5076,7.90008,0.0169589,2.27244,-0.0985457,-0.223939,FRENET,0.25944,0.580232,0.25944,0,0.580232,0.267023,0
2.6824,-2.5076,7.90008,0.0169589,2.27244,-0.0985457,-0.223939,FRENET,0.25944,0.580232,0.25944,0,0.580232,0.267023,0
2.68642,-2.5076,7.90008,0.0169589,2.27244,-0.0985457,-0.223939,FRENET,0.25944,0.580232,0.25944,0,0.580232,0.267023,0
2.69061,-2.48495,7.90038,0.0160239,2.25896,-0.106256,-0.240027,FRENET,0.25944,0.580232,0.25944,0,0.580232,0.267023,0
2.69445,-2.48495,7.90038,0.0160239,2.25896,-0.106256,-0.240027,FRENET,0.25944,0.580232,0.25944,0,0.580232,0.267023,0
2.69918,-2.46241,7.90064,0.0148857,2.24805,-0.103273,-0.232164,FRENET,0.301433,0.580232,0.301433,0,0.580232,0.26486,0
2.70242,-2.46241,7.90064,0.0148857,2.24805,-0.103273,-0.232164,FRENET,0.301433,0.580232,0.301433,0,0.580232,0.26486,0
2.7065,-2.46241,7.90064,0.0148857,2.24805,-0.103273,-0.232164,FRENET,0.301433,0.580232,0.301433,0,0.580232,0.26486,0
2.71048,-2.43998,7.90088,0.0139172,2.23921,-0.108147,-0.242163,FRENET,0.301433,0.580232,0.301433,0,0.580232,0.26486,0
2.71439,-2.43998,7.90088,0.0139172,2.23921,-0.108147,-0.242163,FRENET,0.301433,0.580232,0.301433,0,0.580232,0.26486,0
2.71917,-2.41762,7.90109,0.0127694,2.23205,-0.103718,-0.231503,FRENET,0.301433,0.580232,0.301433,0,0.580232,0.26486,0
2.7224,-2.41762,7.90109,0.0127694,2.23205,-0.103718,-0.231503,FRENET,0.301433,0.580232,0.301433,0,0.580232,0.26486,0
2.72641,-2.41762,7.90109,0.0127694,2.23205,-0.103718,-0.231503,FRENET,0.301433,0.580232,0.301433,0,0.580232,0.26486,0
2.73044,-2.39533,7.90129,0.0117998,2.22626,-0.107769,-0.239922,FRENET,0.301433,0.580232,0.301433,0,0.580232,0.26486,0
2.73445,-2.39533,7.90129,0.0117998,2.22626,-0.107769,-0.239922,FRENET,0.301433,0.580232,0.301433,0,0.580232,0.26486,0
2.73913,-2.37305,7.90145,0.0106656,2.22994,-0.10236,-0.228257,FRENET,0.301433,0.580232,0.301433,0,0.580232,0.26486,0
2.7423,-2.37305,7.90145,0.0106656,2.22994,-0.10236,-0.228257,FRENET,0.301433,0.580232,0.301433,0,0.580232,0.26486,0
2.74654,-2.37305,7.90145,0.0106656,2.22994,-0.10236,-0.228257,FRENET,0.2697,0.58773,0.2697,0,0.58773,0.273553,0
2.75047,-2.35074,7.9016,0.00970954,2.23345,-0.105788,-0.236273,FRENET,0.2697,0.58773,0.2697,0,0.58773,0.273553,0
2.75441,-2.35074,7.9016,0.00970954,2.23345,-0.105788,-0.236273,FRENET,0.2697,0.58773,0.2697,0,0.58773,0.273553,0
2.75931,-2.32837,7.90172,0.00859169,2.23916,-0.101174,-0.226544,FRENET,0.2697,0.58773,0.2697,0,0.58773,0.273553,0
2.76246,-2.32837,7.90172,0.00859169,2.23916,-0.101174,-0.226544,FRENET,0.2697,0.58773,0.2697,0,0.58773,0.273553,0
2.76625,-2.32837,7.90172,0.00859169,2.23916,-0.101174,-0.226544,FRENET,0.2697,0.58773,0.2697,0,0.58773,0.273553,0
2.77048,-2.30596,7.90185,0.00793512,2.24461,-0.0198712,-0.0446031,FRENET,0.2697,0.58773,0.2697,0,0.58773,0.273553,0
2.77436,-2.30596,7.90185,0.00793512,2.24461,-0.0198712,-0.0446031,FRENET,0.2697,0.58773,0.2697,0,0.58773,0.273553,0
2.77908,-2.28348,7.90203,0.00805804,2.24979,0.0237797,0.0534993,FRENET,0.2697,0.58773,0.2697,0,0.58773,0.273553,0
2.78256,-2.28348,7.90203,0.00805804,2.24979,0.0237797,0.0534993,FRENET,0.2697,0.58773,0.2697,0,0.58773,0.273553,0
2.78631,-2.28348,7.90203,0.00805804,2.24979,0.0237797,0.0534993,FRENET,0.2697,0.58773,0.2697,0,0.58773,0.273553,0
2.79033,-2.26096,7.90224,0.0083921,2.25473,0.0573388,0.129283,FRENET,0.2697,0.58773,0.2697,0,0.58773,0.273553,0
2.7943,-2.26096,7.90224,0.0083921,2.25473,0.0573388,0.129283,FRENET,0.2697,0.58773,0.2697,0,0.58773,0.273553,0
2.79923,-2.23839,7.9025,0.00912831,2.25943,0.0716467,0.161881,FRENET,0.269533,0.58773,0.269533,0,0.58773,0.266648,0
2.80259,-2.23839,7.9025,0.00912831,2.25943,0.0716467,0.161881,FRENET,0.269533,0.58773,0.269533,0,0.58773,0.266648,0
2.80636,-2.23839,7.9025,0.00912831,2.25943,0.0716467,0.161881,FRENET,0.269533,0.58773,0.269533,0,0.58773,0.266648,0
2.81027,-2.21578,7.90277,0.00984294,2.26391,0.0871232,0.197239,FRENET,0.269533,0.58773,0.269533,0,0.58773,0.266648,0
2.81432,-2.21578,7.90277,0.00984294,2.26391,0.0871232,0.197239,FRENET,0.269533,0.58773,0.269533,0,0.58773,0.266648,0
2.81889,-2.19312,7.90308,0.0108168,2.26818,0.0902825,0.204777,FRENET,0.269533,0.58773,0.269533,0,0.58773,0.266648,0
2.82222,-2.19312,7.90308,0.0108168,2.26818,0.0902825,0.204777,FRENET,0.269533,0.58773,0.269533,0,0.58773,0.266648,0
2.82639,-2.19312,7.90308,0.0108168,2.26818,0.0902825,0.204777,FRENET,0.269533,0.58773,0.269533,0,0.58773,0.266648,0
2.8304,-2.17042,7.9034,0.0116803,2.27224,0.0988566,0.224626,FRENET,0.269533,0.58773,0.269533,0,0.58773,0.266648,0
2.83445,-2.17042,7.9034,0.0116803,2.27224,0.0988566,0.224626,FRENET,0.269533,0.58773,0.269533,0,0.58773,0.266648,0
2.8389,-2.14764,7.90377,0.0127411,2.28445,0.0970301,0.22166,FRENET,0.269533,0.58773,0.269533,0,0.58773,0.266648,0
2.84231,-2.14764,7.90377,0.0127411,2.28445,0.0970301,0.22166,FRENET,0.269533,0.58773,0.269533,0,0.58773,0.266648,0
2.84635,-2.14764,7.90377,0.0127411,2.28445,0.0970301,0.22166,FRENET,0.266704,0.58773,0.266704,0,0.58773,0.264979,0
2.85037,-2.12474,7.90415,0.0136574,2.29608,0.102364,0.235035,FRENET,0.266704,0.58773,0.266704,0,0.58773,0.264979,0
2.85442,-2.12474,7.90415,0.0136574,2.29608,0.102364,0.235035,FRENET,0.266704,0.58773,0.266704,0,0.58773,0.264979,0
2.85919,-2.10173,7.90456,0.0147497,2.30716,0.0997812,0.230211,FRENET,0.266704,0.58773,0.266704,0,0.58773,0.264979,0
2.86238,-2.10173,7.90456,0.0147497,2.30716,0.0997812,0.230211,FRENET,0.266704,0.58773,0.266704,0,0.58773,0.264979,0
2.86644,-2.10173,7.90456,0.0147497,2.30716,0.0997812,0.230211,FRENET,0.266704,0.58773,0.266704,0,0.58773,0.264979,0
2.8704,-2.07861,7.90499,0.0156902,2.31771,0.104578,0.24238,FRENET,0.266704,0.58773,0.266704,0,0.58773,0.264979,0
2.87446,-2.07861,7.90499,0.0156902,2.31771,0.104578,0.24238,FRENET,0.266704,0.58773,0.266704,0,0.58773,0.264979,0
2.87936,-2.05538,7.90546,0.0168032,2.32775,0.10164,0.236592,FRENET,0.266704,0.58773,0.266704,0,0.58773,0.264979,0
2.88244,-2.05538,7.90546,0.0168032,2.32775,0.10164,0.236592,FRENET,0.266704,0.58773,0.266704,0,0.58773,0.264979,0
2.88624,-2.05538,7.90546,0.0168032,2.32775,0.10164,0.236592,FRENET,0.266704,0.58773,0.266704,0,0.58773,0.264979,0
2.89041,-2.03206,7.90594,0.0177605,2.33733,0.106163,0.248138,FRENET,0.266704,0.58773,0.266704,0,0.58773,0.264979,0
2.8944,-2.03206,7.90594,0.0177605,2.33733,0.106163,0.248138,FRENET,0.266704,0.58773,0.266704,0,0.58773,0.264979,0
2.89926,-2.00865,7.90646,0.0188886,2.34644,0.103043,0.241783,FRENET,0.274341,0.590258,0.274341,0,0.590258,0.278061,0
2.90248,-2.00865,7.90646,0.0188886,2.34644,0.103043,0.241783,FRENET,0.274341,0.590258,0.274341,0,0.590258,0.278061,0
2.90627,-2.00865,7.90646,0.0188886,2.34644,0.103043,0.241783,FRENET,0.274341,0.590258,0.274341,0,0.590258,0.278061,0
2.91032,-1.98518,7.907,0.0198607,2.34896,0.108184,0.25412,FRENET,0.274341,0.590258,0.274341,0,0.590258,0.278061,0
2.91433,-1.98518,7.907,0.0198607,2.34896,0.108184,0.25412,FRENET,0.274341,0.590258,0.274341,0,0.590258,0.278061,0
2.91918,-1.96169,7.90757,0.0210118,2.35136,0.105056,0.247023,FRENET,0.274341,0.590258,0.274341,0,0.590258,0.278061,0
2.92237,-1.96169,7.90757,0.0210118,2.35136,0.105056,0.247023,FRENET,0.274341,0.590258,0.274341,0,0.590258,0.278061,0
2.92638,-1.96169,7.90757,0.0210118,2.35136,0.105056,0.247023,FRENET,0.274341,0.590258,0.274341,0,0.590258,0.278061,0
2.93056,-1.93817,7.90815,0.0220002,2.35364,0.109509,0.257745,FRENET,0.274341,0.590258,0.274341,0,0.590258,0.278061,0
2.93454,-1.93817,7.90815,0.0220002,2.35364,0.109509,0.257745,FRENET,0.274341,0.590258,0.274341,0,0.590258,0.278061,0
2.93921,-1.91463,7.90877,0.0231623,2.35582,0.105956,0.249613,FRENET,0.274341,0.590258,0.274341,0,0.590258,0.278061,0
2.94227,-1.91463,7.90877,0.0231623,2.35582,0.105956,0.249613,FRENET,0.274341,0.590258,0.274341,0,0.590258,0.278061,0
2.94637,-1.91463,7.90877,0.0231623,2.35582,0.105956,0.249613,FRENET,0.275642,0.590258,0.275642,0,0.590258,0.279515,0
2.95036,-1.89107,7.90941,0.0241581,2.35789,0.11014,0.259698,FRENET,0.275642,0.590258,0.275642,0,0.590258,0.279515,0
2.95428,-1.89107,7.90941,0.0241581,2.35789,0.11014,0.259698,FRENET,0.275642,0.590258,0.275642,0,0.590258,0.279515,0
2.95915,-1.86749,7.91008,0.0253257,2.35987,0.106422,0.251141,FRENET,0.275642,0.590258,0.275642,0,0.590258,0.279515,0
2.96216,-1.86749,7.91008,0.0253257,2.35987,0.106422,0.251141,FRENET,0.275642,0.590258,0.275642,0,0.590258,0.279515,0
2.96619,-1.86749,7.91008,0.0253257,2.35987,0.106422,0.251141,FRENET,0.275642,0.590258,0.275642,0,0.590258,0.279515,0
2.97042,-1.84389,7.91076,0.0263256,2.36175,0.110498,0.260968,FRENET,0.275642,0.590258,0.275642,0,0.590258,0.279515,0
2.97446,-1.84389,7.91076,0.0263256,2.36175,0.110498,0.260968,FRENET,0.275642,0.590258,0.275642,0,0.590258,0.279515,0
2.97923,-1.82028,7.91149,0.0274965,2.36354,0.106714,0.252223,FRENET,0.275642,0.590258,0.275642,0,0.590258,0.279515,0
2.98234,-1.82028,7.91149,0.0274965,2.36354,0.106714,0.252223,FRENET,0.275642,0.590258,0.275642,0,0.590258,0.279515,0
2.98636,-1.82028,7.91149,0.0274965,2.36354,0.106714,0.252223,FRENET,0.275642,0.590258,0.275642,0,0.590258,0.279515,0
2.99058,-1.79664,7.91222,0.028499,2.36524,0.110745,0.261938,FRENET,0.275642,0.590258,0.275642,0,0.590258,0.279515,0
2.99438,-1.79664,7.91222,0.028499,2.36524,0.110745,0.261938,FRENET,0.275642,0.590258,0.275642,0,0.590258,0.279515,0
2.99926,-1.773,7.913,0.0296722,2.36687,0.106934,0.253098,FRENET,0.289258,0.590258,0.289258,0,0.590258,0.269574,0
3.00256,-1.773,7.913,0.0296722,2.36687,0.106934,0.253098,FRENET,0.289258,0.590258,0.289258,0,0.590258,0.269574,0
3.00655,-1.773,7.913,0.0296722,2.36687,0.106934,0.253098,FRENET,0.289258,0.590258,0.289258,0,0.590258,0.269574,0
3.01054,-1.74933,7.91379,0.0306768,2.36842,0.110942,0.262757,FRENET,0.289258,0.590258,0.289258,0,0.590258,0.269574,0
3.01452,-1.74933,7.91379,0.0306768,2.36842,0.110942,0.262757,FRENET,0.289258,0.590258,0.289258,0,0.590258,0.269574,0
3.01921,-1.72566,7.91461,0.031852,2.36989,0.107118,0.253858,FRENET,0.289258,0.590258,0.289258,0,0.590258,0.269574,0
3.02238,-1.72566,7.91461,0.031852,2.36989,0.107118,0.253858,FRENET,0.289258,0.590258,0.289258,0,0.590258,0.269574,0
3.02656,-1.72566,7.91461,0.031852,2.36989,0.107118,0.253858,FRENET,0.289258,0.590258,0.289258,0,0.590258,0.269574,0
3.03062,-1.70196,7.91545,0.0328582,2.37129,0.111114,0.263483,FRENET,0.289258,0.590258,0.289258,0,0.590258,0.269574,0
3.03483,-1.70196,7.91545,0.0328582,2.37129,0.111114,0.263483,FRENET,0.289258,0.590258,0.289258,0,0.590258,0.269574,0
3.03939,-1.67826,7.91633,0.0340352,2.37263,0.107282,0.25454,FRENET,0.289258,0.590258,0.289258,0,0.590258,0.269574,0
3.04234,-1.67826,7.91633,0.0340352,2.37263,0.107282,0.25454,FRENET,0.289258,0.590258,0.289258,0,0.590258,0.269574,0
3.04646,-1.67826,7.91633,0.0340352,2.37263,0.107282,0.25454,FRENET,0.307953,0.590258,0.307953,0,0.590258,0.284186,0
3.05065,-1.65454,7.9172,0.0347448,2.3739,0.023924,0.0567932,FRENET,0.307953,0.590258,0.307953,0,0.590258,0.284186,0
3.05448,-1.65454,7.9172,0.0347448,2.3739,0.023924,0.0567932,FRENET,0.307953,0.590258,0.307953,0,0.590258,0.284186,0
3.05924,-1.63076,7.91801,0.0346605,2.38509,-0.0208044,-0.0496202,FRENET,0.307953,0.590258,0.307953,0,0.590258,0.284186,0
3.06235,-1.63076,7.91801,0.0346605,2.38509,-0.0208044,-0.0496202,FRENET,0.307953,0.590258,0.307953,0,0.590258,0.284186,0
3.0667,-1.63076,7.91801,0.0346605,2.38509,-0.0208044,-0.0496202,FRENET,0.307953,0.590258,0.307953,0,0.590258,0.284186,0
3.07035,-1.60687,7.91881,0.0343491,2.39574,-0.0553827,-0.132682,FRENET,0.307953,0.590258,0.307953,0,0.590258,0.284186,0
3.07441,-1.60687,7.91881,0.0343491,2.39574,-0.0553827,-0.132682,FRENET,0.307953,0.590258,0.307953,0,0.590258,0.284186,0
3.07955,-1.58288,7.91957,0.0336252,2.40588,-0.0715665,-0.17218,FRENET,0.307953,0.590258,0.307953,0,0.590258,0.284186,0
3.08253,-1.58288,7.91957,0.0336252,2.40588,-0.0715665,-0.17218,FRENET,0.307953,0.590258,0.307953,0,0.590258,0.284186,0
3.08658,-1.58288,7.91957,0.0336252,2.40588,-0.0715665,-0.17218,FRENET,0.307953,0.590258,0.307953,0,0.590258,0.284186,0
3.09054,-1.55878,7.92033,0.0331922,2.41554,-0.0035965,-0.00868751,FRENET,0.307953,0.590258,0.307953,0,0.590258,0.284186,0
3.09451,-1.55878,7.92033,0.0331922,2.41554,-0.0035965,-0.00868751,FRENET,0.307953,0.590258,0.307953,0,0.590258,0.284186,0
3.09943,-1.53459,7.92116,0.0334419,2.42474,0.034003,0.0824486,FRENET,0.277791,0.592852,0.277791,0,0.592852,0.288023,0
3.10255,-1.53459,7.92116,0.0334419,2.42474,0.034003,0.0824486,FRENET,0.277791,0.592852,0.277791,0,0.592852,0.288023,0
3.10644,-1.53459,7.92116,0.0334419,2.42474,0.034003,0.0824486,FRENET,0.277791,0.592852,0.277791,0,0.592852,0.288023,0
3.11053,-1.51033,7.92201,0.0338621,2.43113,0.0645942,0.157037,FRENET,0.277791,0.592852,0.277791,0,0.592852,0.288023,0
3.11451,-1.51033,7.92201,0.0338621,2.43113,0.0645942,0.157037,FRENET,0.277791,0.592852,0.277791,0,0.592852,0.288023,0
3.11924,-1.486,7.9229,0.0346657,2.43722,0.0781958,0.19058,FRENET,0.277791,0.592852,0.277791,0,0.592852,0.288023,0
3.12242,-1.486,7.9229,0.0346657,2.43722,0.0781958,0.19058,FRENET,0.277791,0.592852,0.277791,0,0.592852,0.288023,0
3.12654,-1.486,7.9229,0.0346657,2.43722,0.0781958,0.19058,FRENET,0.277791,0.592852,0.277791,0,0.592852,0.288023,0
3.13052,-1.46157,7.92379,0.0351584,2.4535,0.00938535,0.023027,FRENET,0.277791,0.592852,0.277791,0,0.592852,0.288023,0
3.13418,-1.46157,7.92379,0.0351584,2.4535,0.00938535,0.023027,FRENET,0.277791,0.592852,0.277791,0,0.592852,0.288023,0
3.13906,-1.43697,7.92464,0.0349622,2.46901,-0.0295706,-0.0730101,FRENET,0.277791,0.592852,0.277791,0,0.592852,0.288023,0
3.14245,-1.43697,7.92464,0.0349622,2.46901,-0.0295706,-0.0730101,FRENET,0.277791,0.592852,0.277791,0,0.592852,0.288023,0
3.14634,-1.43697,7.92464,0.0349622,2.46901,-0.0295706,-0.0730101,FRENET,0.277791,0.592852,0.277791,0,0.592852,0.288023,0
3.15037,-1.41222,7.92547,0.0345806,2.48378,-0.0606764,-0.150707,FRENET,0.272786,0.592852,0.272786,0,0.592852,0.287517,0
3.15428,-1.41222,7.92547,0.0345806,2.48378,-0.0606764,-0.150707,FRENET,0.272786,0.592852,0.272786,0,0.592852,0.287517,0
3.15963,-1.38732,7.92626,0.0338137,2.49785,-0.0753995,-0.188336,FRENET,0.272786,0.592852,0.272786,0,0.592852,0.287517,0
3.16249,-1.38732,7.92626,0.0338137,2.49785,-0.0753995,-0.188336,FRENET,0.272786,0.592852,0.272786,0,0.592852,0.287517,0
3.16653,-1.38732,7.92626,0.0338137,2.49785,-0.0753995,-0.188336,FRENET,0.272786,0.592852,0.272786,0,0.592852,0.287517,0
3.17046,-1.36229,7.92704,0.0330584,2.51124,-0.090851,-0.228149,FRENET,0.272786,0.592852,0.272786,0,0.592852,0.287517,0
3.17448,-1.36229,7.92704,0.0330584,2.51124,-0.090851,-0.228149,FRENET,0.272786,0.592852,0.272786,0,0.592852,0.287517,0
3.17935,-1.33712,7.92778,0.0320436,2.524,-0.0954561,-0.240932,FRENET,0.272786,0.592852,0.272786,0,0.592852,0.287517,0
3.1825,-1.33712,7.92778,0.0320436,2.524,-0.0954561,-0.240932,FRENET,0.272786,0.592852,0.272786,0,0.592852,0.287517,0
3.18651,-1.33712,7.92778,0.0320436,2.524,-0.0954561,-0.240932,FRENET,0.272786,0.592852,0.272786,0,0.592852,0.287517,0
3.19045,-1.31183,7.92851,0.0311236,2.53616,-0.104322,-0.264578,FRENET,0.272786,0.592852,0.272786,0,0.592852,0.287517,0
3.19434,-1.31183,7.92851,0.0311236,2.53616,-0.104322,-0.264578,FRENET,0.272786,0.592852,0.272786,0,0.592852,0.287517,0
3.19927,-1.28642,7.92921,0.0299965,2.54774,-0.104651,-0.266622,FRENET,0.271198,0.592852,0.271198,0,0.592852,0.28419,0
3.20235,-1.28642,7.92921,0.0299965,2.54774,-0.104651,-0.266622,FRENET,0.271198,0.592852,0.271198,0,0.592852,0.28419,0
3.20645,-1.28642,7.92921,0.0299965,2.54774,-0.104651,-0.266622,FRENET,0.271198,0.592852,0.271198,0,0.592852,0.28419,0
3.21039,-1.2609,7.92989,0.029,2.55876,-0.110707,-0.283274,FRENET,0.271198,0.592852,0.271198,0,0.592852,0.28419,0
3.21459,-1.2609,7.92989,0.029,2.55876,-0.110707,-0.283274,FRENET,0.271198,0.592852,0.271198,0,0.592852,0.28419,0
3.21929,-1.23527,7.93054,0.0278186,2.56926,-0.109204,-0.280573,FRENET,0.271198,0.592852,0.271198,0,0.592852,0.28419,0
3.22238,-1.23527,7.93054,0.0278186,2.56926,-0.109204,-0.280573,FRENET,0.271198,0.592852,0.271198,0,0.592852,0.28419,0
3.22647,-1.23527,7.93054,0.0278186,2.56926,-0.109204,-0.280573,FRENET,0.271198,0.592852,0.271198,0,0.592852,0.28419,0
3.2305,-1.20953,7.93119,0.0270735,2.57927,-0.0290127,-0.0748314,FRENET,0.271198,0.592852,0.271198,0,0.592852,0.28419,0
3.23422,-1.20953,7.93119,0.0270735,2.57927,-0.0290127,-0.0748314,FRENET,0.271198,0.592852,0.271198,0,0.592852,0.28419,0
3.23923,-1.1837,7.93191,0.0271189,2.58879,0.0181524,0.0469928,FRENET,0.271198,0.592852,0.271198,0,0.592852,0.28419,0
3.24256,-1.1837,7.93191,0.0271189,2.58879,0.0181524,0.0469928,FRENET,0.271198,0.592852,0.271198,0,0.592852,0.28419,0
3.24643,-1.1837,7.93191,0.0271189,2.58879,0.0181524,0.0469928,FRENET,0.278974,0.597533,0.278974,0,0.597533,0.287355,0
3.25045,-1.15778,7.93265,0.0274142,2.59787,0.0549162,0.142665,FRENET,0.278974,0.597533,0.278974,0,0.597533,0.287355,0
3.25452,-1.15778,7.93265,0.0274142,2.59787,0.0549162,0.142665,FRENET,0.278974,0.597533,0.278974,0,0.597533,0.287355,0
3.25927,-1.13228,7.93342,0.0282514,2.50514,0.0852611,0.213591,FRENET,0.278974,0.597533,0.278974,0,0.597533,0.287355,0
3.26255,-1.13228,7.93342,0.0282514,2.50514,0.0852611,0.213591,FRENET,0.278974,0.597533,0.278974,0,0.597533,0.287355,0
3.26648,-1.13228,7.93342,0.0282514,2.50514,0.0852611,0.213591,FRENET,0.278974,0.597533,0.278974,0,0.597533,0.287355,0
3.27064,-1.10761,7.93419,0.0291248,2.43005,0.110459,0.268421,FRENET,0.278974,0.597533,0.278974,0,0.597533,0.287355,0
3.27455,-1.10761,7.93419,0.0291248,2.43005,0.110459,0.268421,FRENET,0.278974,0.597533,0.278974,0,0.597533,0.287355,0
3.27937,-1.08363,7.93498,0.0303621,2.36924,0.11431,0.270829,FRENET,0.278974,0.597533,0.278974,0,0.597533,0.287355,0
3.28251,-1.08363,7.93498,0.0303621,2.36924,0.11431,0.270829,FRENET,0.278974,0.597533,0.278974,0,0.597533,0.287355,0
3.2865,-1.08363,7.93498,0.0303621,2.36924,0.11431,0.270829,FRENET,0.278974,0.597533,0.278974,0,0.597533,0.287355,0
3.29052,-1.0602,7.93573,0.0310856,2.32,0.0173828,0.0403282,FRENET,0.278974,0.597533,0.278974,0,0.597533,0.287355,0
3.29451,-1.0602,7.93573,0.0310856,2.32,0.0173828,0.0403282,FRENET,0.278974,0.597533,0.278974,0,0.597533,0.287355,0
3.29945,-1.03721,7.9364,0.0308901,2.28012,-0.0316405,-0.0721443,FRENET,0.277212,0.597533,0.277212,0,0.597533,0.296407,0
3.30251,-1.03721,7.9364,0.0308901,2.28012,-0.0316405,-0.0721443,FRENET,0.277212,0.597533,0.277212,0,0.597533,0.296407,0
3.30633,-1.03721,7.9364,0.0308901,2.28012,-0.0316405,-0.0721443,FRENET,0.277212,0.597533,0.277212,0,0.597533,0.296407,0
3.31037,-1.01458,7.93705,0.0304749,2.24783,-0.068171,-0.153237,FRENET,0.277212,0.597533,0.277212,0,0.597533,0.296407,0
3.3145,-1.01458,7.93705,0.0304749,2.24783,-0.068171,-0.153237,FRENET,0.277212,0.597533,0.277212,0,0.597533,0.296407,0
3.31916,-0.992236,7.93764,0.0296239,2.22168,-0.0812607,-0.180535,FRENET,0.277212,0.597533,0.277212,0,0.597533,0.296407,0
3.32242,-0.992236,7.93764,0.0296239,2.22168,-0.0812607,-0.180535,FRENET,0.277212,0.597533,0.277212,0,0.597533,0.296407,0
3.32647,-0.992236,7.93764,0.0296239,2.22168,-0.0812607,-0.180535,FRENET,0.277212,0.597533,0.277212,0,0.597533,0.296407,0
3.33062,-0.970132,7.93822,0.0288267,2.2005,-0.095977,-0.211198,FRENET,0.277212,0.597533,0.277212,0,0.597533,0.296407,0
3.3343,-0.970132,7.93822,0.0288267,2.2005,-0.095977,-0.211198,FRENET,0.277212,0.597533,0.277212,0,0.597533,0.296407,0
3.33906,-0.948219,7.93875,0.0277699,2.18336,-0.0964226,-0.210525,FRENET,0.277212,0.597533,0.277212,0,0.597533,0.296407,0
3.34253,-0.948219,7.93875,0.0277699,2.18336,-0.0964226,-0.210525,FRENET,0.277212,0.597533,0.277212,0,0.597533,0.296407,0
3.3464,-0.948219,7.93875,0.0277699,2.18336,-0.0964226,-0.210525,FRENET,0.277965,0.597533,0.277965,0,0.597533,0.292745,0
3.35025,-0.926462,7.93927,0.0268595,2.16947,-0.103573,-0.224699,FRENET,0.277965,0.597533,0.277965,0,0.597533,0.292745,0
3.35441,-0.926462,7.93927,0.0268595,2.16947,-0.103573,-0.224699,FRENET,0.277965,0.597533,0.277965,0,0.597533,0.292745,0
3.35934,-0.904828,7.93975,0.0257515,2.15822,-0.0998898,-0.215585,FRENET,0.277965,0.597533,0.277965,0,0.597533,0.292745,0
3.36232,-0.904828,7.93975,0.0257515,2.15822,-0.0998898,-0.215585,FRENET,0.277965,0.597533,0.277965,0,0.597533,0.292745,0
3.36629,-0.904828,7.93975,0.0257515,2.15822,-0.0998898,-0.215585,FRENET,0.277965,0.597533,0.277965,0,0.597533,0.292745,0
3.37036,-0.883297,7.94021,0.0248178,2.14912,-0.104642,-0.224888,FRENET,0.277965,0.597533,0.277965,0,0.597533,0.292745,0
3.37443,-0.883297,7.94021,0.0248178,2.14912,-0.104642,-0.224888,FRENET,0.277965,0.597533,0.277965,0,0.597533,0.292745,0
3.37915,-0.861847,7.94064,0.0237069,2.14174,-0.0998212,-0.213791,FRENET,0.277965,0.597533,0.277965,0,0.597533,0.292745,0
3.38244,-0.861847,7.94064,0.0237069,2.14174,-0.0998212,-0.213791,FRENET,0.277965,0.597533,0.277965,0,0.597533,0.292745,0
3.38649,-0.861847,7.94064,0.0237069,2.14174,-0.0998212,-0.213791,FRENET,0.277965,0.597533,0.277965,0,0.597533,0.292745,0
3.39048,-0.840463,7.94106,0.0227761,2.13577,-0.103956,-0.222025,FRENET,0.277965,0.597533,0.277965,0,0.597533,0.292745,0
3.39442,-0.840463,7.94106,0.0227761,2.13577,-0.103956,-0.222025,FRENET,0.277965,0.597533,0.277965,0,0.597533,0.292745,0
3.39918,-0.819133,7.94144,0.021674,2.13093,-0.0989651,-0.210888,FRENET,0.252261,0.603551,0.252261,0,0.603551,0.280595,0
3.40248,-0.819133,7.94144,0.021674,2.13093,-0.0989651,-0.210888,FRENET,0.252261,0.603551,0.252261,0,0.603551,0.280595,0
3.40642,-0.819133,7.94144,0.021674,2.13093,-0.0989651,-0.210888,FRENET,0.252261,0.603551,0.252261,0,0.603551,0.280595,0
3.41059,-0.797819,7.94181,0.0207528,2.13253,-0.102406,-0.218384,FRENET,0.252261,0.603551,0.252261,0,0.603551,0.280595,0
3.4145,-0.797819,7.94181,0.0207528,2.13253,-0.102406,-0.218384,FRENET,0.252261,0.603551,0.252261,0,0.603551,0.280595,0
3.4195,-0.776489,7.94215,0.0196681,2.13406,-0.0975585,-0.208195,FRENET,0.252261,0.603551,0.252261,0,0.603551,0.280595,0
3.42252,-0.776489,7.94215,0.0196681,2.13406,-0.0975585,-0.208195,FRENET,0.252261,0.603551,0.252261,0,0.603551,0.280595,0
3.42652,-0.776489,7.94215,0.0196681,2.13406,-0.0975585,-0.208195,FRENET,0.252261,0.603551,0.252261,0,0.603551,0.280595,0
3.43046,-0.755144,7.94248,0.0187572,2.13551,-0.101677,-0.217133,FRENET,0.252261,0.603551,0.252261,0,0.603551,0.280595,0
3.43439,-0.755144,7.94248,0.0187572,2.13551,-0.101677,-0.217133,FRENET,0.252261,0.603551,0.252261,0,0.603551,0.280595,0
3.43919,-0.733784,7.94278,0.0176776,2.13689,-0.097224,-0.207757,FRENET,0.252261,0.603551,0.252261,0,0.603551,0.280595,0
3.44232,-0.733784,7.94278,0.0176776,2.13689,-0.097224,-0.207757,FRENET,0.252261,0.603551,0.252261,0,0.603551,0.280595,0
3.44648,-0.733784,7.94278,0.0176776,2.13689,-0.097224,-0.207757,FRENET,0.259405,0.603551,0.259405,0,0.603551,0.303764,0
3.4504,-0.71241,7.94306,0.016769,2.1382,-0.101563,-0.217162,FRENET,0.259405,0.603551,0.259405,0,0.603551,0.303764,0
3.45456,-0.71241,7.94306,0.016769,2.1382,-0.101563,-0.217162,FRENET,0.259405,0.603551,0.259405,0,0.603551,0.303764,0
3.45921,-0.691023,7.94331,0.0156897,2.13945,-0.0972351,-0.20803,FRENET,0.259405,0.603551,0.259405,0,0.603551,0.303764,0
3.46252,-0.691023,7.94331,0.0156897,2.13945,-0.0972351,-0.20803,FRENET,0.259405,0.603551,0.259405,0,0.603551,0.303764,0
3.46663,-0.691023,7.94331,0.0156897,2.13945,-0.0972351,-0.20803,FRENET,0.259405,0.603551,0.259405,0,0.603551,0.303764,0
3.47056,-0.669624,7.94356,0.0147806,2.14065,-0.101638,-0.217571,FRENET,0.259405,0.603551,0.259405,0,0.603551,0.303764,0
3.47454,-0.669624,7.94356,0.0147806,2.14065,-0.101638,-0.217571,FRENET,0.259405,0.603551,0.259405,0,0.603551,0.303764,0
3.4793,-0.648213,7.94377,0.0137004,2.14178,-0.097345,-0.208492,FRENET,0.259405,0.603551,0.259405,0,0.603551,0.303764,0
3.48257,-0.648213,7.94377,0.0137004,2.14178,-0.097345,-0.208492,FRENET,0.259405,0.603551,0.259405,0,0.603551,0.303764,0
3.48655,-0.648213,7.94377,0.0137004,2.14178,-0.097345,-0.208492,FRENET,0.259405,0.603551,0.259405,0,0.603551,0.303764,0
3.49051,-0.626791,7.94397,0.0127902,2.14287,-0.10176,-0.218059,FRENET,0.259405,0.603551,0.259405,0,0.603551,0.303764,0
3.49466,-0.626791,7.94397,0.0127902,2.14287,-0.10176,-0.218059,FRENET,0.259405,0.603551,0.259405,0,0.603551,0.303764,0
3.49936,-0.605316,7.94413,0.0117153,2.15229,-0.0969114,-0.208582,FRENET,0.276854,0.603551,0.276854,0,0.603551,0.278409,0
3.50231,-0.605316,7.94413,0.0117153,2.15229,-0.0969114,-0.208582,FRENET,0.276854,0.603551,0.276854,0,0.603551,0.278409,0
3.50663,-0.605316,7.94413,0.0117153,2.15229,-0.0969114,-0.208582,FRENET,0.276854,0.603551,0.276854,0,0.603551,0.278409,0
3.5105,-0.583748,7.9443,0.0109515,2.16127,-0.0591201,-0.127775,FRENET,0.276854,0.603551,0.276854,0,0.603551,0.278409,0
3.51448,-0.583748,7.9443,0.0109515,2.16127,-0.0591201,-0.127775,FRENET,0.276854,0.603551,0.276854,0,0.603551,0.278409,0
3.51909,-0.562094,7.9445,0.0106274,2.16983,0.00557693,0.012101,FRENET,0.276854,0.603551,0.276854,0,0.603551,0.278409,0
3.52248,-0.562094,7.9445,0.0106274,2.16983,0.00557693,0.012101,FRENET,0.276854,0.603551,0.276854,0,0.603551,0.278409,0
3.52628,-0.562094,7.9445,0.0106274,2.16983,0.00557693,0.012101,FRENET,0.276854,0.603551,0.276854,0,0.603551,0.278409,0
3.53056,-0.540356,7.94475,0.0109459,2.17797,0.0384645,0.0837747,FRENET,0.276854,0.603551,0.276854,0,0.603551,0.278409,0
3.5346,-0.540356,7.94475,0.0109459,2.17797,0.0384645,0.0837747,FRENET,0.276854,0.603551,0.276854,0,0.603551,0.278409,0
3.53941,-0.518539,7.94502,0.0113915,2.18573,0.0652931,0.142713,FRENET,0.276854,0.603551,0.276854,0,0.603551,0.278409,0
3.54269,-0.518539,7.94502,0.0113915,2.18573,0.0652931,0.142713,FRENET,0.276854,0.603551,0.276854,0,0.603551,0.278409,0
3.54637,-0.518539,7.94502,0.0113915,2.18573,0.0652931,0.142713,FRENET,0.274072,0.608713,0.274072,0,0.608713,0.292606,0
3.55061,-0.496648,7.94534,0.0121829,2.19312,0.0752732,0.165083,FRENET,0.274072,0.608713,0.274072,0,0.608713,0.292606,0
3.55457,-0.496648,7.94534,0.0121829,2.19312,0.0752732,0.165083,FRENET,0.274072,0.608713,0.274072,0,0.608713,0.292606,0
3.55937,-0.474715,7.94568,0.0129231,2.19394,0.0890176,0.195299,FRENET,0.274072,0.608713,0.274072,0,0.608713,0.292606,0
3.56268,-0.474715,7.94568,0.0129231,2.19394,0.0890176,0.195299,FRENET,0.274072,0.608713,0.274072,0,0.608713,0.292606,0
3.5666,-0.474715,7.94568,0.0129231,2.19394,0.0890176,0.195299,FRENET,0.274072,0.608713,0.274072,0,0.608713,0.292606,0
3.5706,-0.452775,7.94605,0.0139089,2.19472,0.0905772,0.198792,FRENET,0.274072,0.608713,0.274072,0,0.608713,0.292606,0
3.57454,-0.452775,7.94605,0.0139089,2.19472,0.0905772,0.198792,FRENET,0.274072,0.608713,0.274072,0,0.608713,0.292606,0
3.57933,-0.430827,7.94644,0.0147699,2.19546,0.0984009,0.216035,FRENET,0.274072,0.608713,0.274072,0,0.608713,0.292606,0
3.58249,-0.430827,7.94644,0.0147699,2.19546,0.0984009,0.216035,FRENET,0.274072,0.608713,0.274072,0,0.608713,0.292606,0
3.58635,-0.430827,7.94644,0.0147699,2.19546,0.0984009,0.216035,FRENET,0.274072,0.608713,0.274072,0,0.608713,0.292606,0
3.59051,-0.408873,7.94686,0.0158299,2.19617,0.0963546,0.211611,FRENET,0.274072,0.608713,0.274072,0,0.608713,0.292606,0
3.59449,-0.408873,7.94686,0.0158299,2.19617,0.0963546,0.211611,FRENET,0.274072,0.608713,0.274072,0,0.608713,0.292606,0
3.59942,-0.386912,7.94729,0.0167368,2.19684,0.101976,0.224025,FRENET,0.298925,0.608713,0.298925,0,0.608713,0.292106,0
3.60259,-0.386912,7.94729,0.0167368,2.19684,0.101976,0.224025,FRENET,0.298925,0.608713,0.298925,0,0.608713,0.292106,0
3.60642,-0.386912,7.94729,0.0167368,2.19684,0.101976,0.224025,FRENET,0.298925,0.608713,0.298925,0,0.608713,0.292106,0
3.61044,-0.364946,7.94776,0.0178253,2.19748,0.0985846,0.216638,FRENET,0.298925,0.608713,0.298925,0,0.608713,0.292106,0
3.61456,-0.364946,7.94776,0.0178253,2.19748,0.0985846,0.216638,FRENET,0.298925,0.608713,0.298925,0,0.608713,0.292106,0
3.61935,-0.342973,7.94824,0.0187499,2.19809,0.10338,0.227238,FRENET,0.298925,0.608713,0.298925,0,0.608713,0.292106,0
3.62257,-0.342973,7.94824,0.0187499,2.19809,0.10338,0.227238,FRENET,0.298925,0.608713,0.298925,0,0.608713,0.292106,0
3.62652,-0.342973,7.94824,0.0187499,2.19809,0.10338,0.227238,FRENET,0.298925,0.608713,0.298925,0,0.608713,0.292106,0
3.63053,-0.320995,7.94876,0.0198498,2.19868,0.0994818,0.218728,FRENET,0.298925,0.608713,0.298925,0,0.608713,0.292106,0
3.63438,-0.320995,7.94876,0.0198498,2.19868,0.0994818,0.218728,FRENET,0.298925,0.608713,0.298925,0,0.608713,0.292106,0
3.63967,-0.299012,7.94929,0.0207817,2.19923,0.103963,0.228638,FRENET,0.298925,0.608713,0.298925,0,0.608713,0.292106,0
3.64236,-0.299012,7.94929,0.0207817,2.19923,0.103963,0.228638,FRENET,0.298925,0.608713,0.298925,0,0.608713,0.292106,0
3.64652,-0.299012,7.94929,0.0207817,2.19923,0.103963,0.228638,FRENET,0.296288,0.608713,0.296288,0,0.608713,0.282583,0
3.65065,-0.277024,7.94985,0.0218863,2.19976,0.0998709,0.219692,FRENET,0.296288,0.608713,0.296288,0,0.608713,0.282583,0
3.65465,-0.277024,7.94985,0.0218863,2.19976,0.0998709,0.219692,FRENET,0.296288,0.608713,0.296288,0,0.608713,0.282583,0
3.65927,-0.255032,7.95042,0.0228214,2.20026,0.104229,0.229331,FRENET,0.296288,0.608713,0.296288,0,0.608713,0.282583,0
3.66256,-0.255032,7.95042,0.0228214,2.20026,0.104229,0.229331,FRENET,0.296288,0.608713,0.296288,0,0.608713,0.282583,0
3.66645,-0.255032,7.95042,0.0228214,2.20026,0.104229,0.229331,FRENET,0.296288,0.608713,0.296288,0,0.608713,0.282583,0
3.67048,-0.233035,7.95103,0.0239284,2.20074,0.100061,0.220208,FRENET,0.296288,0.608713,0.296288,0,0.608713,0.282583,0
3.67423,-0.233035,7.95103,0.0239284,2.20074,0.100061,0.220208,FRENET,0.296288,0.608713,0.296288,0,0.608713,0.282583,0
3.67917,-0.211034,7.95165,0.024865,2.2012,0.104369,0.229737,FRENET,0.296288,0.608713,0.296288,0,0.608713,0.282583,0
3.68226,-0.211034,7.95165,0.024865,2.2012,0.104369,0.229737,FRENET,0.296288,0.608713,0.296288,0,0.608713,0.282583,0
3.68629,-0.211034,7.95165,0.024865,2.2012,0.104369,0.229737,FRENET,0.296288,0.608713,0.296288,0,0.608713,0.282583,0
3.69049,-0.18903,7.9523,0.0259732,2.20163,0.10017,0.220537,FRENET,0.296288,0.608713,0.296288,0,0.608713,0.282583,0
3.6944,-0.18903,7.9523,0.0259732,2.20163,0.10017,0.220537,FRENET,0.296288,0.608713,0.296288,0,0.608713,0.282583,0
3.69918,-0.167021,7.95296,0.0269109,2.20205,0.104456,0.230017,FRENET,0.261607,0.61224,0.261607,0,0.61224,0.306748,0
3.7025,-0.167021,7.95296,0.0269109,2.20205,0.104456,0.230017,FRENET,0.261607,0.61224,0.261607,0,0.61224,0.306748,0
3.7065,-0.167021,7.95296,0.0269109,2.20205,0.104456,0.230017,FRENET,0.261607,0.61224,0.261607,0,0.61224,0.306748,0
3.71041,-0.144998,7.95366,0.0280179,2.20482,0.100067,0.220631,FRENET,0.261607,0.61224,0.261607,0,0.61224,0.306748,0
3.71425,-0.144998,7.95366,0.0280179,2.20482,0.100067,0.220631,FRENET,0.261607,0.61224,0.261607,0,0.61224,0.306748,0
3.71906,-0.122947,7.95436,0.0288078,2.20747,0.06121,0.135119,FRENET,0.261607,0.61224,0.261607,0,0.61224,0.306748,0
3.7225,-0.122947,7.95436,0.0288078,2.20747,0.06121,0.135119,FRENET,0.261607,0.61224,0.261607,0,0.61224,0.306748,0
3.72654,-0.122947,7.95436,0.0288078,2.20747,0.06121,0.135119,FRENET,0.261607,0.61224,0.261607,0,0.61224,0.306748,0
3.7306,-0.10087,7.95503,0.0291444,2.20999,-0.00551141,-0.0121802,FRENET,0.261607,0.61224,0.261607,0,0.61224,0.306748,0
3.73437,-0.10087,7.95503,0.0291444,2.20999,-0.00551141,-0.0121802,FRENET,0.261607,0.61224,0.261607,0,0.61224,0.306748,0
3.73914,-0.0787672,7.95565,0.028818,2.21239,-0.0395847,-0.0875769,FRENET,0.261607,0.61224,0.261607,0,0.61224,0.306748,0
3.74239,-0.0787672,7.95565,0.028818,2.21239,-0.0395847,-0.0875769,FRENET,0.261607,0.61224,0.261607,0,0.61224,0.306748,0
3.74645,-0.0787672,7.95565,0.028818,2.21239,-0.0395847,-0.0875769,FRENET,0.266766,0.61224,0.266766,0,0.61224,0.292491,0
3.75039,-0.0566399,7.95625,0.028359,2.21468,-0.0672017,-0.14883,FRENET,0.266766,0.61224,0.266766,0,0.61224,0.292491,0
3.75417,-0.0566399,7.95625,0.028359,2.21468,-0.0672017,-0.14883,FRENET,0.266766,0.61224,0.266766,0,0.61224,0.292491,0
3.75912,-0.0344892,7.95681,0.027545,2.21686,-0.0774282,-0.171647,FRENET,0.266766,0.61224,0.266766,0,0.61224,0.292491,0
3.76247,-0.0344892,7.95681,0.027545,2.21686,-0.0774282,-0.171647,FRENET,0.266766,0.61224,0.266766,0,0.61224,0.292491,0
3.76645,-0.0344892,7.95681,0.027545,2.21686,-0.0774282,-0.171647,FRENET,0.266766,0.61224,0.266766,0,0.61224,0.292491,0
3.77023,-0.0123169,7.95735,0.0267866,2.21893,-0.0904778,-0.200764,FRENET,0.266766,0.61224,0.266766,0,0.61224,0.292491,0
3.7745,-0.0123169,7.95735,0.0267866,2.21893,-0.0904778,-0.200764,FRENET,0.266766,0.61224,0.266766,0,0.61224,0.292491,0
3.77898,0.00987662,7.95785,0.0257881,2.22091,-0.091802,-0.203884,FRENET,0.266766,0.61224,0.266766,0,0.61224,0.292491,0
3.78233,0.00987662,7.95785,0.0257881,2.22091,-0.091802,-0.203884,FRENET,0.266766,0.61224,0.266766,0,0.61224,0.292491,0
3.78625,0.00987662,7.95785,0.0257881,2.22091,-0.091802,-0.203884,FRENET,0.266766,0.61224,0.266766,0,0.61224,0.292491,0
3.79027,0.0320897,7.95834,0.0249156,2.22279,-0.0993955,-0.220936,FRENET,0.266766,0.61224,0.266766,0,0.61224,0.292491,0
3.79424,0.0320897,7.95834,0.0249156,2.22279,-0.0993955,-0.220936,FRENET,0.266766,0.61224,0.266766,0,0.61224,0.292491,0
3.79919,0.0543219,7.9588,0.0238459,2.22459,-0.097377,-0.216623,FRENET,0.289127,0.61224,0.289127,0,0.61224,0.305411,0
3.80245,0.0543219,7.9588,0.0238459,2.22459,-0.097377,-0.216623,FRENET,0.289127,0.61224,0.289127,0,0.61224,0.305411,0
3.80642,0.0543219,7.9588,0.0238459,2.22459,-0.097377,-0.216623,FRENET,0.289127,0.61224,0.289127,0,0.61224,0.305411,0
3.81035,0.0765719,7.95924,0.0229289,2.22629,-0.102911,-0.229111,FRENET,0.289127,0.61224,0.289127,0,0.61224,0.305411,0
3.81448,0.0765719,7.95924,0.0229289,2.22629,-0.102911,-0.229111,FRENET,0.289127,0.61224,0.289127,0,0.61224,0.305411,0
3.81931,0.0988898,7.95965,0.0218394,2.23805,-0.0988288,-0.221184,FRENET,0.289127,0.61224,0.289127,0,0.61224,0.305411,0
3.82237,0.0988898,7.95965,0.0218394,2.23805,-0.0988288,-0.221184,FRENET,0.289127,0.61224,0.289127,0,0.61224,0.305411,0
3.82643,0.0988898,7.95965,0.0218394,2.23805,-0.0988288,-0.221184,FRENET,0.289127,0.61224,0.289127,0,0.61224,0.305411,0
3.8306,0.121323,7.96005,0.0209122,2.24925,-0.10291,-0.231469,FRENET,0.289127,0.61224,0.289127,0,0.61224,0.305411,0
3.83441,0.121323,7.96005,0.0209122,2.24925,-0.10291,-0.231469,FRENET,0.289127,0.61224,0.289127,0,0.61224,0.305411,0
3.83906,0.143866,7.96042,0.0198193,2.25992,-0.099393,-0.22462,FRENET,0.289127,0.61224,0.289127,0,0.61224,0.305411,0
3.84243,0.143866,7.96042,0.0198193,2.25992,-0.099393,-0.22462,FRENET,0.289127,0.61224,0.289127,0,0.61224,0.305411,0
3.84634,0.143866,7.96042,0.0198193,2.25992,-0.099393,-0.22462,FRENET,0.294818,0.61224,0.294818,0,0.61224,0.302582,0
3.85025,0.166512,7.9608,0.0191704,2.27008,-0.020198,-0.045851,FRENET,0.294818,0.61224,0.294818,0,0.61224,0.302582,0
3.85416,0.166512,7.9608,0.0191704,2.27008,-0.020198,-0.045851,FRENET,0.294818,0.61224,0.294818,0,0.61224,0.302582,0
3.85923,0.189257,7.96124,0.0192847,2.27975,0.0228728,0.0521444,FRENET,0.294818,0.61224,0.294818,0,0.61224,0.302582,0
3.86231,0.189257,7.96124,0.0192847,2.27975,0.0228728,0.0521444,FRENET,0.294818,0.61224,0.294818,0,0.61224,0.302582,0
3.86623,0.189257,7.96124,0.0192847,2.27975,0.0228728,0.0521444,FRENET,0.294818,0.61224,0.294818,0,0.61224,0.302582,0
3.87028,0.212096,7.96171,0.0196096,2.28897,0.0561645,0.128559,FRENET,0.294818,0.61224,0.294818,0,0.61224,0.302582,0
3.87421,0.212096,7.96171,0.0196096,2.28897,0.0561645,0.128559,FRENET,0.294818,0.61224,0.294818,0,0.61224,0.302582,0
3.87901,0.235024,7.96222,0.0203342,2.29775,0.0708392,0.16277,FRENET,0.294818,0.61224,0.294818,0,0.61224,0.302582,0
3.88242,0.235024,7.96222,0.0203342,2.29775,0.0708392,0.16277,FRENET,0.294818,0.61224,0.294818,0,0.61224,0.302582,0
3.88643,0.235024,7.96222,0.0203342,2.29775,0.0708392,0.16277,FRENET,0.294818,0.61224,0.294818,0,0.61224,0.302582,0
3.89043,0.258037,7.96275,0.0210431,2.30611,0.0864813,0.199435,FRENET,0.294818,0.61224,0.294818,0,0.61224,0.302582,0
3.8944,0.258037,7.96275,0.0210431,2.30611,0.0864813,0.199435,FRENET,0.294818,0.61224,0.294818,0,0.61224,0.302582,0
3.89924,0.281131,7.96333,0.0220117,2.31407,0.0901761,0.208674,FRENET,0.265701,0.614502,0.265701,0,0.614502,0.296503,0
3.90244,0.281131,7.96333,0.0220117,2.31407,0.0901761,0.208674,FRENET,0.265701,0.614502,0.265701,0,0.614502,0.296503,0
3.90623,0.281131,7.96333,0.0220117,2.31407,0.0901761,0.208674,FRENET,0.265701,0.614502,0.265701,0,0.614502,0.296503,0
3.91041,0.30428,7.96391,0.022878,2.31735,0.0995118,0.230604,FRENET,0.265701,0.614502,0.265701,0,0.614502,0.296503,0
3.9144,0.30428,7.96391,0.022878,2.31735,0.0995118,0.230604,FRENET,0.265701,0.614502,0.265701,0,0.614502,0.296503,0
3.91914,0.327461,7.96454,0.0239561,2.32048,0.0989758,0.229671,FRENET,0.265701,0.614502,0.265701,0,0.614502,0.296503,0
3.92224,0.327461,7.96454,0.0239561,2.32048,0.0989758,0.229671,FRENET,0.265701,0.614502,0.265701,0,0.614502,0.296503,0
3.92621,0.327461,7.96454,0.0239561,2.32048,0.0989758,0.229671,FRENET,0.265701,0.614502,0.265701,0,0.614502,0.296503,0
3.93046,0.350673,7.96516,0.024598,2.32345,0.0186765,0.043394,FRENET,0.265701,0.614502,0.265701,0,0.614502,0.296503,0
3.93435,0.350673,7.96516,0.024598,2.32345,0.0186765,0.043394,FRENET,0.265701,0.614502,0.265701,0,0.614502,0.296503,0
3.93925,0.373914,7.96572,0.024462,2.32629,-0.0251581,-0.058525,FRENET,0.265701,0.614502,0.265701,0,0.614502,0.296503,0
3.94254,0.373914,7.96572,0.024462,2.32629,-0.0251581,-0.058525,FRENET,0.265701,0.614502,0.265701,0,0.614502,0.296503,0
3.94646,0.373914,7.96572,0.024462,2.32629,-0.0251581,-0.058525,FRENET,0.26403,0.614502,0.26403,0,0.614502,0.306783,0
3.95073,0.397185,7.96625,0.0241133,2.32899,-0.059063,-0.137557,FRENET,0.26403,0.614502,0.26403,0,0.614502,0.306783,0
3.95443,0.397185,7.96625,0.0241133,2.32899,-0.059063,-0.137557,FRENET,0.26403,0.614502,0.26403,0,0.614502,0.306783,0
3.95921,0.420482,7.96675,0.0233565,2.33156,-0.0739032,-0.17231,FRENET,0.26403,0.614502,0.26403,0,0.614502,0.306783,0
3.96249,0.420482,7.96675,0.0233565,2.33156,-0.0739032,-0.17231,FRENET,0.26403,0.614502,0.26403,0,0.614502,0.306783,0
3.96667,0.420482,7.96675,0.0233565,2.33156,-0.0739032,-0.17231,FRENET,0.26403,0.614502,0.26403,0,0.614502,0.306783,0
3.97052,0.443805,7.96722,0.0226185,2.33401,-0.0896686,-0.209288,FRENET,0.26403,0.614502,0.26403,0,0.614502,0.306783,0
3.97447,0.443805,7.96722,0.0226185,2.33401,-0.0896686,-0.209288,FRENET,0.26403,0.614502,0.26403,0,0.614502,0.306783,0
3.97926,0.467153,7.96766,0.0216168,2.33635,-0.0931614,-0.217657,FRENET,0.26403,0.614502,0.26403,0,0.614502,0.306783,0
3.98257,0.467153,7.96766,0.0216168,2.33635,-0.0931614,-0.217657,FRENET,0.26403,0.614502,0.26403,0,0.614502,0.306783,0
3.98649,0.467153,7.96766,0.0216168,2.33635,-0.0931614,-0.217657,FRENET,0.26403,0.614502,0.26403,0,0.614502,0.306783,0
3.99056,0.490524,7.96809,0.0207247,2.33857,-0.101817,-0.238105,FRENET,0.26403,0.614502,0.26403,0,0.614502,0.306783,0
3.99455,0.490524,7.96809,0.0207247,2.33857,-0.101817,-0.238105,FRENET,0.26403,0.614502,0.26403,0,0.614502,0.306783,0
3.99937,0.513968,7.96848,0.0196348,2.35102,-0.0999183,-0.23491,FRENET,0.263118,0.614502,0.263118,0,0.614502,0.315289,0
4.00258,0.513968,7.96848,0.0196348,2.35102,-0.0999183,-0.23491,FRENET,0.263118,0.614502,0.263118,0,0.614502,0.315289,0
4.00653,0.513968,7.96848,0.0196348,2.35102,-0.0999183,-0.23491,FRENET,0.263118,0.614502,0.263118,0,0.614502,0.315289,0
4.01045,0.537535,7.96885,0.0186907,2.36288,-0.105024,-0.248159,FRENET,0.263118,0.614502,0.263118,0,0.614502,0.315289,0
4.01449,0.537535,7.96885,0.0186907,2.36288,-0.105024,-0.248159,FRENET,0.263118,0.614502,0.263118,0,0.614502,0.315289,0
4.01933,0.561218,7.9692,0.0175717,2.37417,-0.102492,-0.243334,FRENET,0.263118,0.614502,0.263118,0,0.614502,0.315289,0
4.0224,0.561218,7.9692,0.0175717,2.37417,-0.102492,-0.243334,FRENET,0.263118,0.614502,0.263118,0,0.614502,0.315289,0
4.02658,0.561218,7.9692,0.0175717,2.37417,-0.102492,-0.243334,FRENET,0.263118,0.614502,0.263118,0,0.614502,0.315289,0
4.03045,0.58501,7.96955,0.0168909,2.38493,-0.0232458,-0.0554397,FRENET,0.263118,0.614502,0.263118,0,0.614502,0.315289,0
4.03451,0.58501,7.96955,0.0168909,2.38493,-0.0232458,-0.0554397,FRENET,0.263118,0.614502,0.263118,0,0.614502,0.315289,0
4.03913,0.608907,7.96996,0.0169811,2.39518,0.0212611,0.0509241,FRENET,0.263118,0.614502,0.263118,0,0.614502,0.315289,0
4.04238,0.608907,7.96996,0.0169811,2.39518,0.0212611,0.0509241,FRENET,0.263118,0.614502,0.263118,0,0.614502,0.315289,0
4.0465,0.608907,7.96996,0.0169811,2.39518,0.0212611,0.0509241,FRENET,0.270676,0.619226,0.270676,0,0.619226,0.310417,0
4.05066,0.632904,7.9704,0.0172963,2.40494,0.0557664,0.134115,FRENET,0.270676,0.619226,0.270676,0,0.619226,0.310417,0
4.05424,0.632904,7.9704,0.0172963,2.40494,0.0557664,0.134115,FRENET,0.270676,0.619226,0.270676,0,0.619226,0.310417,0
4.05943,0.656931,7.97088,0.0180375,2.40148,0.0734074,0.176286,FRENET,0.270676,0.619226,0.270676,0,0.619226,0.310417,0
4.06233,0.656931,7.97088,0.0180375,2.40148,0.0734074,0.176286,FRENET,0.270676,0.619226,0.270676,0,0.619226,0.310417,0
4.06663,0.656931,7.97088,0.0180375,2.40148,0.0734074,0.176286,FRENET,0.270676,0.619226,0.270676,0,0.619226,0.310417,0
4.07051,0.680927,7.97138,0.0187779,2.39868,0.0908948,0.218028,FRENET,0.270676,0.619226,0.270676,0,0.619226,0.310417,0
4.07463,0.680927,7.97138,0.0187779,2.39868,0.0908948,0.218028,FRENET,0.270676,0.619226,0.270676,0,0.619226,0.310417,0
4.07948,0.704896,7.97192,0.0197988,2.39642,0.0953701,0.228547,FRENET,0.270676,0.619226,0.270676,0,0.619226,0.310417,0
4.08246,0.704896,7.97192,0.0197988,2.39642,0.0953701,0.228547,FRENET,0.270676,0.619226,0.270676,0,0.619226,0.310417,0
4.08641,0.704896,7.97192,0.0197988,2.39642,0.0953701,0.228547,FRENET,0.270676,0.619226,0.270676,0,0.619226,0.310417,0
4.09046,0.728903,7.97247,0.02071,2.40615,0.102948,0.247707,FRENET,0.270676,0.619226,0.270676,0,0.619226,0.310417,0
4.09479,0.728903,7.97247,0.02071,2.40615,0.102948,0.247707,FRENET,0.270676,0.619226,0.270676,0,0.619226,0.310417,0
4.09928,0.753003,7.97307,0.0218175,2.41542,0.101982,0.246329,FRENET,0.269115,0.619226,0.269115,0,0.619226,0.320263,0
4.10247,0.753003,7.97307,0.0218175,2.41542,0.101982,0.246329,FRENET,0.269115,0.619226,0.269115,0,0.619226,0.320263,0
4.10654,0.753003,7.97307,0.0218175,2.41542,0.101982,0.246329,FRENET,0.269115,0.619226,0.269115,0,0.619226,0.320263,0
4.11031,0.777194,7.97368,0.0227837,2.42425,0.107555,0.260739,FRENET,0.269115,0.619226,0.269115,0,0.619226,0.320263,0
4.11445,0.777194,7.97368,0.0227837,2.42425,0.107555,0.260739,FRENET,0.269115,0.619226,0.269115,0,0.619226,0.320263,0
4.11921,0.80147,7.97433,0.0239306,2.43265,0.1053,0.256157,FRENET,0.269115,0.619226,0.269115,0,0.619226,0.320263,0
4.12237,0.80147,7.97433,0.0239306,2.43265,0.1053,0.256157,FRENET,0.269115,0.619226,0.269115,0,0.619226,0.320263,0
4.12679,0.80147,7.97433,0.0239306,2.43265,0.1053,0.256157,FRENET,0.269115,0.619226,0.269115,0,0.619226,0.320263,0
4.1308,0.825827,7.975,0.0249251,2.44066,0.110015,0.268508,FRENET,0.269115,0.619226,0.269115,0,0.619226,0.320263,0
4.13452,0.825827,7.975,0.0249251,2.44066,0.110015,0.268508,FRENET,0.269115,0.619226,0.269115,0,0.619226,0.320263,0
4.13909,0.850262,7.97571,0.0260938,2.44829,0.107202,0.262463,FRENET,0.269115,0.619226,0.269115,0,0.619226,0.320263,0
4.1423,0.850262,7.97571,0.0260938,2.44829,0.107202,0.262463,FRENET,0.269115,0.619226,0.269115,0,0.619226,0.320263,0
4.14651,0.850262,7.97571,0.0260938,2.44829,0.107202,0.262463,FGM,0.335262,0.323343,0.269933,0.335262,0.619226,0.323343,0
4.15062,0.87477,7.97643,0.0271051,2.45556,0.111532,0.273873,FGM,0.335262,0.323343,0.269933,0.335262,0.619226,0.323343,0
4.15452,0.87477,7.97643,0.0271051,2.45556,0.111532,0.273873,FGM,0.335262,0.323343,0.269933,0.335262,0.619226,0.323343,0
4.16008,0.898838,7.97718,0.028384,2.36046,0.118523,0.279768,FGM,0.335262,0.323343,0.269933,0.335262,0.619226,0.323343,0
4.16314,0.898838,7.97718,0.028384,2.36046,0.118523,0.279768,FGM,0.335262,0.323343,0.269933,0.335262,0.619226,0.323343,0
4.1669,0.898838,7.97718,0.028384,2.36046,0.118523,0.279768,FGM,0.335262,0.323343,0.269933,0.335262,0.619226,0.323343,0
4.17065,0.921956,7.97791,0.0295196,2.26536,0.132142,0.299348,FGM,0.335262,0.323343,0.269933,0.335262,0.619226,0.323343,0
4.1745,0.921956,7.97791,0.0295196,2.26536,0.132142,0.299348,FGM,0.335262,0.323343,0.269933,0.335262,0.619226,0.323343,0
4.17943,0.944122,7.97865,0.0309456,2.17026,0.12798,0.277749,FGM,0.335262,0.323343,0.269933,0.335262,0.619226,0.323343,0
4.18253,0.944122,7.97865,0.0309456,2.17026,0.12798,0.277749,FGM,0.335262,0.323343,0.269933,0.335262,0.619226,0.323343,0
4.18628,0.944122,7.97865,0.0309456,2.17026,0.12798,0.277749,FGM,0.335262,0.323343,0.269933,0.335262,0.619226,0.323343,0
4.1906,0.965338,7.97933,0.0317307,2.07516,0.0152044,0.0315514,FGM,0.335262,0.323343,0.269933,0.335262,0.619226,0.323343,0
4.1945,0.965338,7.97933,0.0317307,2.07516,0.0152044,0.0315514,FGM,0.335262,0.323343,0.269933,0.335262,0.619226,0.323343,0
4.19931,0.985661,7.97988,0.03109,1.99094,-0.150035,-0.298711,FGM,0.327014,0.327974,0.274508,0.327014,0.624094,0.327974,0
4.2025,0.985661,7.97988,0.03109,1.99094,-0.150035,-0.298711,FGM,0.327014,0.327974,0.274508,0.327014,0.624094,0.327974,0
4.2066,0.985661,7.97988,0.03109,1.99094,-0.150035,-0.298711,FGM,0.327014,0.327974,0.274508,0.327014,0.624094,0.327974,0
4.21056,1.00519,7.98026,0.02868,1.91551,-0.334698,-0.641119,FGM,0.327014,0.327974,0.274508,0.327014,0.624094,0.327974,0
4.21443,1.00519,7.98026,0.02868,1.91551,-0.334698,-0.641119,FGM,0.327014,0.327974,0.274508,0.327014,0.624094,0.327974,0
4.21908,1.02404,7.98041,0.024437,1.85444,-0.514993,-0.955023,FGM,0.327014,0.327974,0.274508,0.327014,0.624094,0.327974,0
4.22242,1.02404,7.98041,0.024437,1.85444,-0.514993,-0.955023,FGM,0.327014,0.327974,0.274508,0.327014,0.624094,0.327974,0
4.22662,1.02404,7.98041,0.024437,1.85444,-0.514993,-0.955023,FGM,0.327014,0.327974,0.274508,0.327014,0.624094,0.327974,0
4.2305,1.04234,7.98036,0.0187876,1.80498,-0.583414,-1.05305,FGM,0.327014,0.327974,0.274508,0.327014,0.624094,0.327974,0
4.23453,1.04234,7.98036,0.0187876,1.80498,-0.583414,-1.05305,FGM,0.327014,0.327974,0.274508,0.327014,0.624094,0.327974,0
4.23924,1.06018,7.98015,0.0128723,1.76493,-0.615457,-1.08624,FGM,0.327014,0.327974,0.274508,0.327014,0.624094,0.327974,0
4.24252,1.06018,7.98015,0.0128723,1.76493,-0.615457,-1.08624,FGM,0.327014,0.327974,0.274508,0.327014,0.624094,0.327974,0
4.24636,1.06018,7.98015,0.0128723,1.76493,-0.615457,-1.08624,FGM,0,0.303681,0.274827,0,0.624094,0.303681,0
4.2505,1.07767,7.97979,0.00663517,1.73249,-0.610449,-1.0576,FGM,0,0.303681,0.274827,0,0.624094,0.303681,0
4.25466,1.07767,7.97979,0.00663517,1.73249,-0.610449,-1.0576,FGM,0,0.303681,0.274827,0,0.624094,0.303681,0
4.25951,1.09537,7.97929,0.000928317,1.80956,-0.553616,-1.0018,FGM,0,0.303681,0.274827,0,0.624094,0.303681,0
4.26264,1.09537,7.97929,0.000928317,1.80956,-0.553616,-1.0018,FGM,0,0.303681,0.274827,0,0.624094,0.303681,0
4.26668,1.09537,7.97929,0.000928317,1.80956,-0.553616,-1.0018,FGM,0,0.303681,0.274827,0,0.624094,0.303681,0
4.27072,1.11382,7.97863,-0.00455105,1.88295,-0.535302,-1.00795,FGM,0,0.303681,0.274827,0,0.624094,0.303681,0
4.2745,1.11382,7.97863,-0.00455105,1.88295,-0.535302,-1.00795,FGM,0,0.303681,0.274827,0,0.624094,0.303681,0
4.27919,1.13298,7.97787,-0.00966807,1.95286,-0.482578,-0.942407,FGM,0,0.303681,0.274827,0,0.624094,0.303681,0
4.28254,1.13298,7.97787,-0.00966807,1.95286,-0.482578,-0.942407,FGM,0,0.303681,0.274827,0,0.624094,0.303681,0
4.28671,1.13298,7.97787,-0.00966807,1.95286,-0.482578,-0.942407,FGM,0,0.303681,0.274827,0,0.624094,0.303681,0
4.29083,1.15283,7.97703,-0.0143199,2.01945,-0.463064,-0.935133,FGM,0,0.303681,0.274827,0,0.624094,0.303681,0
4.29474,1.15283,7.97703,-0.0143199,2.01945,-0.463064,-0.935133,FGM,0,0.303681,0.274827,0,0.624094,0.303681,0
4.29922,1.17332,7.97609,-0.018948,2.08286,-0.451769,-0.940975,FGM,0.149219,0.300896,0.27493,0.149219,0.624094,0.300896,0
4.30259,1.17332,7.97609,-0.018948,2.08286,-0.451769,-0.940975,FGM,0.149219,0.300896,0.27493,0.149219,0.624094,0.300896,0
4.30656,1.17332,7.97609,-0.018948,2.08286,-0.451769,-0.940975,FGM,0.149219,0.300896,0.27493,0.149219,0.624094,0.300896,0
4.31044,1.19386,7.97509,-0.0235578,2.03126,-0.487725,-0.990698,FGM,0.149219,0.300896,0.27493,0.149219,0.624094,0.300896,0
4.31443,1.19386,7.97509,-0.0235578,2.03126,-0.487725,-0.990698,FGM,0.149219,0.300896,0.27493,0.149219,0.624094,0.300896,0
4.31981,1.21394,7.97403,-0.0285677,1.98947,-0.492026,-0.978873,FGM,0.149219,0.300896,0.27493,0.149219,0.624094,0.300896,0
4.32246,1.21394,7.97403,-0.0285677,1.98947,-0.492026,-0.978873,FGM,0.149219,0.300896,0.27493,0.149219,0.624094,0.300896,0
4.32646,1.21394,7.97403,-0.0285677,1.98947,-0.492026,-0.978873,FGM,0.149219,0.300896,0.27493,0.149219,0.624094,0.300896,0
4.33046,1.23363,7.97292,-0.0334185,1.95563,-0.497272,-0.972482,FGM,0.149219,0.300896,0.27493,0.149219,0.624094,0.300896,0
4.3343,1.23363,7.97292,-0.0334185,1.95563,-0.497272,-0.972482,FGM,0.149219,0.300896,0.27493,0.149219,0.624094,0.300896,0
4.3392,1.25302,7.97173,-0.03843,1.92823,-0.485617,-0.936381,FGM,0.149219,0.300896,0.27493,0.149219,0.624094,0.300896,0
4.34236,1.25302,7.97173,-0.03843,1.92823,-0.485617,-0.936381,FGM,0.149219,0.300896,0.27493,0.149219,0.624094,0.300896,0
4.34633,1.25302,7.97173,-0.03843,1.92823,-0.485617,-0.936381,FGM,0.149219,0.300896,0.27493,0.149219,0.624094,0.300896,0
4.35081,1.27227,7.97048,-0.0431351,1.92999,-0.474196,-0.915192,FGM,0.146392,0.291663,0.252327,0.146392,0.627434,0.291663,0
4.35456,1.27227,7.97048,-0.0431351,1.92999,-0.474196,-0.915192,FGM,0.146392,0.291663,0.252327,0.146392,0.627434,0.291663,0
4.35922,1.29153,7.96912,-0.0478894,1.93166,-0.460507,-0.889543,FGM,0.146392,0.291663,0.252327,0.146392,0.627434,0.291663,0
4.36253,1.29153,7.96912,-0.0478894,1.93166,-0.460507,-0.889543,FGM,0.146392,0.291663,0.252327,0.146392,0.627434,0.291663,0
4.36673,1.29153,7.96912,-0.0478894,1.93166,-0.460507,-0.889543,FGM,0.146392,0.291663,0.252327,0.146392,0.627434,0.291663,0
4.37103,1.3108,7.96769,-0.0524068,1.93325,-0.460616,-0.890486,FGM,0.146392,0.291663,0.252327,0.146392,0.627434,0.291663,0
4.37458,1.3108,7.96769,-0.0524068,1.93325,-0.460616,-0.890486,FGM,0.146392,0.291663,0.252327,0.146392,0.627434,0.291663,0
4.37916,1.33008,7.96615,-0.0570608,1.93477,-0.453358,-0.877143,FGM,0.146392,0.291663,0.252327,0.146392,0.627434,0.291663,0
4.3825,1.33008,7.96615,-0.0570608,1.93477,-0.453358,-0.877143,FGM,0.146392,0.291663,0.252327,0.146392,0.627434,0.291663,0
4.38665,1.33008,7.96615,-0.0570608,1.93477,-0.453358,-0.877143,FGM,0.146392,0.291663,0.252327,0.146392,0.627434,0.291663,0
4.39068,1.34937,7.96454,-0.0615264,1.93621,-0.45703,-0.884908,FGM,0.146392,0.291663,0.252327,0.146392,0.627434,0.291663,0
4.39445,1.34937,7.96454,-0.0615264,1.93621,-0.45703,-0.884908,FGM,0.146392,0.291663,0.252327,0.146392,0.627434,0.291663,0
4.39921,1.36866,7.96283,-0.0661555,1.93759,-0.451744,-0.875294,FGM,0.311491,0.295779,0.26339,0.311491,0.627434,0.295779,0
4.40254,1.36866,7.96283,-0.0661555,1.93759,-0.451744,-0.875294,FGM,0.311491,0.295779,0.26339,0.311491,0.627434,0.295779,0
4.40655,1.36866,7.96283,-0.0661555,1.93759,-0.451744,-0.875294,FGM,0.311491,0.295779,0.26339,0.311491,0.627434,0.295779,0
4.41066,1.3879,7.96104,-0.0706326,1.92639,-0.461083,-0.888227,FGM,0.311491,0.295779,0.26339,0.311491,0.627434,0.295779,0
4.4146,1.3879,7.96104,-0.0706326,1.92639,-0.461083,-0.888227,FGM,0.311491,0.295779,0.26339,0.311491,0.627434,0.295779,0
4.41942,1.40702,7.95916,-0.0753104,1.91732,-0.45629,-0.874855,FGM,0.311491,0.295779,0.26339,0.311491,0.627434,0.295779,0
4.42251,1.40702,7.95916,-0.0753104,1.91732,-0.45629,-0.874855,FGM,0.311491,0.295779,0.26339,0.311491,0.627434,0.295779,0
4.42659,1.40702,7.95916,-0.0753104,1.91732,-0.45629,-0.874855,FGM,0.311491,0.295779,0.26339,0.311491,0.627434,0.295779,0
4.43044,1.42606,7.95722,-0.0798036,1.90998,-0.460111,-0.878803,FGM,0.311491,0.295779,0.26339,0.311491,0.627434,0.295779,0
4.43437,1.42606,7.95722,-0.0798036,1.90998,-0.460111,-0.878803,FGM,0.311491,0.295779,0.26339,0.311491,0.627434,0.295779,0
4.43911,1.44502,7.95518,-0.0844573,1.90403,-0.452992,-0.862513,FGM,0.311491,0.295779,0.26339,0.311491,0.627434,0.295779,0
4.44244,1.44502,7.95518,-0.0844573,1.90403,-0.452992,-0.862513,FGM,0.311491,0.295779,0.26339,0.311491,0.627434,0.295779,0
4.44661,1.44502,7.95518,-0.0844573,1.90403,-0.452992,-0.862513,FGM,0,0.286802,0.281586,0,0.627434,0.286802,0
4.45045,1.46392,7.95307,-0.0889137,1.89922,-0.455999,-0.866043,FGM,0,0.286802,0.281586,0,0.627434,0.286802,0
4.45444,1.46392,7.95307,-0.0889137,1.89922,-0.455999,-0.866043,FGM,0,0.286802,0.281586,0,0.627434,0.286802,0
4.45944,1.48317,7.95083,-0.0933416,1.97757,-0.423475,-0.837449,FGM,0,0.286802,0.281586,0,0.627434,0.286802,0
4.46244,1.48317,7.95083,-0.0933416,1.97757,-0.423475,-0.837449,FGM,0,0.286802,0.281586,0,0.627434,0.286802,0
4.46648,1.48317,7.95083,-0.0933416,1.97757,-0.423475,-0.837449,FGM,0,0.286802,0.281586,0,0.627434,0.286802,0
4.47049,1.50318,7.94842,-0.0974821,2.05219,-0.418419,-0.858675,FGM,0,0.286802,0.281586,0,0.627434,0.286802,0
4.47473,1.50318,7.94842,-0.0974821,2.05219,-0.418419,-0.858675,FGM,0,0.286802,0.281586,0,0.627434,0.286802,0
4.47921,1.5239,7.94584,-0.10172,2.12326,-0.418379,-0.888328,FGM,0,0.286802,0.281586,0,0.627434,0.286802,0
4.48248,1.5239,7.94584,-0.10172,2.12326,-0.418379,-0.888328,FGM,0,0.286802,0.281586,0,0.627434,0.286802,0
4.48652,1.5239,7.94584,-0.10172,2.12326,-0.418379,-0.888328,FGM,0,0.286802,0.281586,0,0.627434,0.286802,0
4.49063,1.54529,7.94312,-0.105684,2.19096,-0.366907,-0.803876,FGM,0,0.286802,0.281586,0,0.627434,0.286802,0
4.49454,1.54529,7.94312,-0.105684,2.19096,-0.366907,-0.803876,FGM,0,0.286802,0.281586,0,0.627434,0.286802,0
4.49938,1.56735,7.9403,-0.109152,2.25543,-0.341416,-0.77004,FGM,0.135,0.258924,0.282193,0.135,0.628472,0.258924,0
4.50238,1.56735,7.9403,-0.109152,2.25543,-0.341416,-0.77004,FGM,0.135,0.258924,0.282193,0.135,0.628472,0.258924,0
4.50644,1.56735,7.9403,-0.109152,2.25543,-0.341416,-0.77004,FGM,0.135,0.258924,0.282193,0.135,0.628472,0.258924,0
4.51071,1.58924,7.93745,-0.112695,2.16033,-0.341796,-0.738393,FGM,0.135,0.258924,0.282193,0.135,0.628472,0.258924,0
4.51459,1.58924,7.93745,-0.112695,2.16033,-0.341796,-0.738393,FGM,0.135,0.258924,0.282193,0.135,0.628472,0.258924,0
4.51921,1.61021,7.93471,-0.116038,2.06872,-0.350347,-0.72477,FGM,0.135,0.258924,0.282193,0.135,0.628472,0.258924,0
4.5225,1.61021,7.93471,-0.116038,2.06872,-0.350347,-0.72477,FGM,0.135,0.258924,0.282193,0.135,0.628472,0.258924,0
4.52655,1.61021,7.93471,-0.116038,2.06872,-0.350347,-0.72477,FGM,0.135,0.258924,0.282193,0.135,0.628472,0.258924,0
4.53048,1.63034,7.93201,-0.119588,1.99454,-0.336593,-0.671349,FGM,0.135,0.258924,0.282193,0.135,0.628472,0.258924,0
4.53442,1.63034,7.93201,-0.119588,1.99454,-0.336593,-0.671349,FGM,0.135,0.258924,0.282193,0.135,0.628472,0.258924,0
4.53909,1.64981,7.92938,-0.12282,1.93447,-0.331875,-0.642001,FGM,0.135,0.258924,0.282193,0.135,0.628472,0.258924,0
4.54263,1.64981,7.92938,-0.12282,1.93447,-0.331875,-0.642001,FGM,0.135,0.258924,0.282193,0.135,0.628472,0.258924,0
4.54692,1.64981,7.92938,-0.12282,1.93447,-0.331875,-0.642001,FRENET,0.282168,0.628472,0.282168,0,0.628472,0.278279,0
4.55058,1.66873,7.92675,-0.126142,1.88582,-0.312068,-0.588503,FRENET,0.282168,0.628472,0.282168,0,0.628472,0.278279,0
4.55456,1.66873,7.92675,-0.126142,1.88582,-0.312068,-0.588503,FRENET,0.282168,0.628472,0.282168,0,0.628472,0.278279,0
4.55933,1.68745,7.9241,-0.129064,1.89616,-0.291753,-0.55321,FRENET,0.282168,0.628472,0.282168,0,0.628472,0.278279,0
4.56243,1.68745,7.9241,-0.129064,1.89616,-0.291753,-0.55321,FRENET,0.282168,0.628472,0.282168,0,0.628472,0.278279,0
4.56653,1.68745,7.9241,-0.129064,1.89616,-0.291753,-0.55321,FRENET,0.282168,0.628472,0.282168,0,0.628472,0.278279,0
4.57063,1.70627,7.92136,-0.13197,1.90602,-0.274391,-0.522994,FRENET,0.282168,0.628472,0.282168,0,0.628472,0.278279,0
4.57454,1.70627,7.92136,-0.13197,1.90602,-0.274391,-0.522994,FRENET,0.282168,0.628472,0.282168,0,0.628472,0.278279,0
4.57947,1.72517,7.91859,-0.134341,1.9154,-0.191257,-0.366334,FRENET,0.282168,0.628472,0.282168,0,0.628472,0.278279,0
4.58255,1.72517,7.91859,-0.134341,1.9154,-0.191257,-0.366334,FRENET,0.282168,0.628472,0.282168,0,0.628472,0.278279,0
4.58659,1.72517,7.91859,-0.134341,1.9154,-0.191257,-0.366334,FRENET,0.282168,0.628472,0.282168,0,0.628472,0.278279,0
4.59053,1.74417,7.91585,-0.135671,1.92434,-0.0697062,-0.134138,FRENET,0.282168,0.628472,0.282168,0,0.628472,0.278279,0
4.59446,1.74417,7.91585,-0.135671,1.92434,-0.0697062,-0.134138,FRENET,0.282168,0.628472,0.282168,0,0.628472,0.278279,0
4.59918,1.76328,7.91319,-0.135661,1.93285,0.0747939,0.144566,FRENET,0.282868,0.628472,0.282868,0.0140223,0.628472,0.35769,0
4.60253,1.76328,7.91319,-0.135661,1.93285,0.0747939,0.144566,FRENET,0.282868,0.628472,0.282868,0.0140223,0.628472,0.35769,0
4.60656,1.76328,7.91319,-0.135661,1.93285,0.0747939,0.144566,FRENET,0.282868,0.628472,0.282868,0.0140223,0.628472,0.35769,0
4.61051,1.78248,7.91068,-0.134129,1.94096,0.2334,0.45302,FRENET,0.282868,0.628472,0.282868,0.0140223,0.628472,0.35769,0
4.61449,1.78248,7.91068,-0.134129,1.94096,0.2334,0.45302,FRENET,0.282868,0.628472,0.282868,0.0140223,0.628472,0.35769,0
4.61935,1.80179,7.90833,-0.131245,1.94868,0.318432,0.620524,FRENET,0.282868,0.628472,0.282868,0.0140223,0.628472,0.35769,0
4.62253,1.80179,7.90833,-0.131245,1.94868,0.318432,0.620524,FRENET,0.282868,0.628472,0.282868,0.0140223,0.628472,0.35769,0
4.62647,1.80179,7.90833,-0.131245,1.94868,0.318432,0.620524,FRENET,0.282868,0.628472,0.282868,0.0140223,0.628472,0.35769,0
4.63058,1.82118,7.9061,-0.127832,1.95604,0.375981,0.735433,FRENET,0.282868,0.628472,0.282868,0.0140223,0.628472,0.35769,0
4.6347,1.82118,7.9061,-0.127832,1.95604,0.375981,0.735433,FRENET,0.282868,0.628472,0.282868,0.0140223,0.628472,0.35769,0
4.63942,1.84072,7.90399,-0.123871,1.97354,0.398324,0.78611,FRENET,0.282868,0.628472,0.282868,0.0140223,0.628472,0.35769,0
4.64241,1.84072,7.90399,-0.123871,1.97354,0.398324,0.78611,FRENET,0.282868,0.628472,0.282868,0.0140223,0.628472,0.35769,0
4.64654,1.84072,7.90399,-0.123871,1.97354,0.398324,0.78611,FRENET,0.269084,0.618128,0.269084,0,0.618128,0.327502,0
4.65102,1.86043,7.90196,-0.119849,1.99022,0.420826,0.837536,FRENET,0.269084,0.618128,0.269084,0,0.618128,0.327502,0
4.65486,1.86043,7.90196,-0.119849,1.99022,0.420826,0.837536,FRENET,0.269084,0.618128,0.269084,0,0.618128,0.327502,0
4.65922,1.88018,7.90005,-0.115435,1.97739,0.441119,0.872263,FRENET,0.269084,0.618128,0.269084,0,0.618128,0.327502,0
4.66249,1.88018,7.90005,-0.115435,1.97739,0.441119,0.872263,FRENET,0.269084,0.618128,0.269084,0,0.618128,0.327502,0
4.66658,1.88018,7.90005,-0.115435,1.97739,0.441119,0.872263,FRENET,0.269084,0.618128,0.269084,0,0.618128,0.327502,0
4.67036,1.89981,7.89822,-0.111324,1.967,0.369327,0.726465,FRENET,0.269084,0.618128,0.269084,0,0.618128,0.327502,0
4.67441,1.89981,7.89822,-0.111324,1.967,0.369327,0.726465,FRENET,0.269084,0.618128,0.269084,0,0.618128,0.327502,0
4.67925,1.91936,7.89641,-0.107909,1.95858,0.335301,0.656716,FRENET,0.269084,0.618128,0.269084,0,0.618128,0.327502,0
4.68267,1.91936,7.89641,-0.107909,1.95858,0.335301,0.656716,FRENET,0.269084,0.618128,0.269084,0,0.618128,0.327502,0
4.68669,1.91936,7.89641,-0.107909,1.95858,0.335301,0.656716,FRENET,0.269084,0.618128,0.269084,0,0.618128,0.327502,0
4.69055,1.93883,7.89467,-0.104619,1.95177,0.307174,0.599532,FRENET,0.269084,0.618128,0.269084,0,0.618128,0.327502,0
4.69444,1.93883,7.89467,-0.104619,1.95177,0.307174,0.599532,FRENET,0.269084,0.618128,0.269084,0,0.618128,0.327502,0
4.69939,1.95825,7.89296,-0.101686,1.94625,0.298334,0.580634,FRENET,0.268109,0.618128,0.268109,0.0179761,0.618128,0.355424,0
4.70255,1.95825,7.89296,-0.101686,1.94625,0.298334,0.580634,FRENET,0.268109,0.618128,0.268109,0.0179761,0.618128,0.355424,0
4.70646,1.95825,7.89296,-0.101686,1.94625,0.298334,0.580634,FRENET,0.268109,0.618128,0.268109,0.0179761,0.618128,0.355424,0
4.71051,1.97762,7.89132,-0.0986854,1.94178,0.284921,0.553255,FRENET,0.268109,0.618128,0.268109,0.0179761,0.618128,0.355424,0
4.7146,1.97762,7.89132,-0.0986854,1.94178,0.284921,0.553255,FRENET,0.268109,0.618128,0.268109,0.0179761,0.618128,0.355424,0
4.71926,1.99695,7.88972,-0.0959274,1.93817,0.284643,0.551685,FRENET,0.268109,0.618128,0.268109,0.0179761,0.618128,0.355424,0
4.72248,1.99695,7.88972,-0.0959274,1.93817,0.284643,0.551685,FRENET,0.268109,0.618128,0.268109,0.0179761,0.618128,0.355424,0
4.72649,1.99695,7.88972,-0.0959274,1.93817,0.284643,0.551685,FRENET,0.268109,0.618128,0.268109,0.0179761,0.618128,0.355424,0
4.73052,2.01632,7.88818,-0.0930541,1.94726,0.274215,0.533968,FRENET,0.268109,0.618128,0.268109,0.0179761,0.618128,0.355424,0
4.73439,2.01632,7.88818,-0.0930541,1.94726,0.274215,0.533968,FRENET,0.268109,0.618128,0.268109,0.0179761,0.618128,0.355424,0
4.73919,2.03578,7.88668,-0.0903869,1.95593,0.276148,0.540126,FRENET,0.268109,0.618128,0.268109,0.0179761,0.618128,0.355424,0
4.74253,2.03578,7.88668,-0.0903869,1.95593,0.276148,0.540126,FRENET,0.268109,0.618128,0.268109,0.0179761,0.618128,0.355424,0
4.74642,2.03578,7.88668,-0.0903869,1.95593,0.276148,0.540126,FRENET,0.268093,0.618128,0.268093,0.279434,0.618128,0.284799,0
4.7506,2.05532,7.88523,-0.0875709,1.96418,0.270681,0.531665,FRENET,0.268093,0.618128,0.268093,0.279434,0.618128,0.284799,0
4.75451,2.05532,7.88523,-0.0875709,1.96418,0.270681,0.531665,FRENET,0.268093,0.618128,0.268093,0.279434,0.618128,0.284799,0
4.75926,2.07495,7.88382,-0.0849245,1.97204,0.275294,0.542889,FRENET,0.268093,0.618128,0.268093,0.279434,0.618128,0.284799,0
4.76248,2.07495,7.88382,-0.0849245,1.97204,0.275294,0.542889,FRENET,0.268093,0.618128,0.268093,0.279434,0.618128,0.284799,0
4.76667,2.07495,7.88382,-0.0849245,1.97204,0.275294,0.542889,FRENET,0.268093,0.618128,0.268093,0.279434,0.618128,0.284799,0
4.77051,2.09467,7.88247,-0.0821087,1.97952,0.271291,0.537027,FRENET,0.268093,0.618128,0.268093,0.279434,0.618128,0.284799,0
4.77452,2.09467,7.88247,-0.0821087,1.97952,0.271291,0.537027,FRENET,0.268093,0.618128,0.268093,0.279434,0.618128,0.284799,0
4.77935,2.11445,7.88115,-0.0794523,1.98665,0.276643,0.549593,FRENET,0.268093,0.618128,0.268093,0.279434,0.618128,0.284799,0
4.78268,2.11445,7.88115,-0.0794523,1.98665,0.276643,0.549593,FRENET,0.268093,0.618128,0.268093,0.279434,0.618128,0.284799,0
4.7865,2.11445,7.88115,-0.0794523,1.98665,0.276643,0.549593,FRENET,0.268093,0.618128,0.268093,0.279434,0.618128,0.284799,0
4.79066,2.13431,7.8799,-0.0766206,1.99344,0.273025,0.544261,FRENET,0.268093,0.618128,0.268093,0.279434,0.618128,0.284799,0
4.79456,2.13431,7.8799,-0.0766206,1.99344,0.273025,0.544261,FRENET,0.268093,0.618128,0.268093,0.279434,0.618128,0.284799,0
4.79936,2.15424,7.87868,-0.0739463,1.99991,0.278522,0.557018,FRENET,0.222042,0.59767,0.222042,0.0531141,0.59767,0.378929,0
4.80244,2.15424,7.87868,-0.0739463,1.99991,0.278522,0.557018,FRENET,0.222042,0.59767,0.222042,0.0531141,0.59767,0.378929,0
4.80647,2.15424,7.87868,-0.0739463,1.99991,0.278522,0.557018,FRENET,0.222042,0.59767,0.222042,0.0531141,0.59767,0.378929,0
4.8107,2.17405,7.87753,-0.0710377,1.96818,0.282198,0.555418,FRENET,0.222042,0.59767,0.222042,0.0531141,0.59767,0.378929,0
4.81449,2.17405,7.87753,-0.0710377,1.96818,0.282198,0.555418,FRENET,0.222042,0.59767,0.222042,0.0531141,0.59767,0.378929,0
4.81935,2.19357,7.87644,-0.0682704,1.94249,0.289882,0.563093,FRENET,0.222042,0.59767,0.222042,0.0531141,0.59767,0.378929,0
4.8225,2.19357,7.87644,-0.0682704,1.94249,0.289882,0.563093,FRENET,0.222042,0.59767,0.222042,0.0531141,0.59767,0.378929,0
4.82652,2.19357,7.87644,-0.0682704,1.94249,0.289882,0.563093,FRENET,0.222042,0.59767,0.222042,0.0531141,0.59767,0.378929,0
4.83071,2.21287,7.87544,-0.065312,1.92168,0.282817,0.543485,FRENET,0.222042,0.59767,0.222042,0.0531141,0.59767,0.378929,0
4.83465,2.21287,7.87544,-0.065312,1.92168,0.282817,0.543485,FRENET,0.222042,0.59767,0.222042,0.0531141,0.59767,0.378929,0
4.83929,2.23198,7.87448,-0.0625649,1.90483,0.285182,0.543224,FRENET,0.222042,0.59767,0.222042,0.0531141,0.59767,0.378929,0
4.84268,2.23198,7.87448,-0.0625649,1.90483,0.285182,0.543224,FRENET,0.222042,0.59767,0.222042,0.0531141,0.59767,0.378929,0
4.84662,2.23198,7.87448,-0.0625649,1.90483,0.285182,0.543224,FRENET,0.239579,0.59767,0.239579,0,0.59767,0.298514,0
4.8505,2.25094,7.8736,-0.059667,1.89119,0.276269,0.522476,FRENET,0.239579,0.59767,0.239579,0,0.59767,0.298514,0
4.85454,2.25094,7.8736,-0.059667,1.89119,0.276269,0.522476,FRENET,0.239579,0.59767,0.239579,0,0.59767,0.298514,0
4.85922,2.26977,7.87277,-0.0569859,1.88014,0.278233,0.523117,FRENET,0.239579,0.59767,0.239579,0,0.59767,0.298514,0
4.86242,2.26977,7.87277,-0.0569859,1.88014,0.278233,0.523117,FRENET,0.239579,0.59767,0.239579,0,0.59767,0.298514,0
4.86647,2.26977,7.87277,-0.0569859,1.88014,0.278233,0.523117,FRENET,0.239579,0.59767,0.239579,0,0.59767,0.298514,0
4.87048,2.28852,7.87201,-0.0541564,1.87119,0.269903,0.505042,FRENET,0.239579,0.59767,0.239579,0,0.59767,0.298514,0
4.87457,2.28852,7.87201,-0.0541564,1.87119,0.269903,0.505042,FRENET,0.239579,0.59767,0.239579,0,0.59767,0.298514,0
4.87931,2.30718,7.87129,-0.0515337,1.86395,0.272622,0.508153,FRENET,0.239579,0.59767,0.239579,0,0.59767,0.298514,0
4.88255,2.30718,7.87129,-0.0515337,1.86395,0.272622,0.508153,FRENET,0.239579,0.59767,0.239579,0,0.59767,0.298514,0
4.88655,2.30718,7.87129,-0.0515337,1.86395,0.272622,0.508153,FRENET,0.239579,0.59767,0.239579,0,0.59767,0.298514,0
4.89095,2.32578,7.87064,-0.0487566,1.85808,0.265233,0.492824,FRENET,0.239579,0.59767,0.239579,0,0.59767,0.298514,0
4.89461,2.32578,7.87064,-0.0487566,1.85808,0.265233,0.492824,FRENET,0.239579,0.59767,0.239579,0,0.59767,0.298514,0
4.89939,2.34432,7.87003,-0.0461755,1.85333,0.268739,0.498062,FRENET,0.242118,0.59767,0.242118,0.0763628,0.59767,0.393001,0
4.90259,2.34432,7.87003,-0.0461755,1.85333,0.268739,0.498062,FRENET,0.242118,0.59767,0.242118,0.0763628,0.59767,0.393001,0
4.90656,2.34432,7.87003,-0.0461755,1.85333,0.268739,0.498062,FRENET,0.242118,0.59767,0.242118,0.0763628,0.59767,0.393001,0
4.91055,2.36283,7.86949,-0.0434339,1.84948,0.262113,0.484773,FRENET,0.242118,0.59767,0.242118,0.0763628,0.59767,0.393001,0
4.91463,2.36283,7.86949,-0.0434339,1.84948,0.262113,0.484773,FRENET,0.242118,0.59767,0.242118,0.0763628,0.59767,0.393001,0
4.9195,2.3813,7.86898,-0.0408803,1.84636,0.266204,0.491509,FRENET,0.242118,0.59767,0.242118,0.0763628,0.59767,0.393001,0
4.92243,2.3813,7.86898,-0.0408803,1.84636,0.266204,0.491509,FRENET,0.242118,0.59767,0.242118,0.0763628,0.59767,0.393001,0
4.92652,2.3813,7.86898,-0.0408803,1.84636,0.266204,0.491509,FRENET,0.242118,0.59767,0.242118,0.0763628,0.59767,0.393001,0
4.93037,2.39975,7.86854,-0.0381617,1.84384,0.260103,0.479589,FRENET,0.242118,0.59767,0.242118,0.0763628,0.59767,0.393001,0
4.93456,2.39975,7.86854,-0.0381617,1.84384,0.260103,0.479589,FRENET,0.242118,0.59767,0.242118,0.0763628,0.59767,0.393001,0
4.93935,2.41823,7.86814,-0.0356348,1.85263,0.262298,0.48594,FRENET,0.242118,0.59767,0.242118,0.0763628,0.59767,0.393001,0
4.94251,2.41823,7.86814,-0.0356348,1.85263,0.262298,0.48594,FRENET,0.242118,0.59767,0.242118,0.0763628,0.59767,0.393001,0
4.94658,2.41823,7.86814,-0.0356348,1.85263,0.262298,0.48594,FRENET,0.239604,0.59767,0.239604,0.00554815,0.59767,0.331426,0
4.95072,2.43679,7.86779,-0.0329578,1.86099,0.256708,0.477732,FRENET,0.239604,0.59767,0.239604,0.00554815,0.59767,0.331426,0
4.95445,2.43679,7.86779,-0.0329578,1.86099,0.256708,0.477732,FRENET,0.239604,0.59767,0.239604,0.00554815,0.59767,0.331426,0
4.95947,2.45544,7.86746,-0.0307288,1.86896,0.179833,0.336101,FRENET,0.239604,0.59767,0.239604,0.00554815,0.59767,0.331426,0
4.96261,2.45544,7.86746,-0.0307288,1.86896,0.179833,0.336101,FRENET,0.239604,0.59767,0.239604,0.00554815,0.59767,0.331426,0
4.96656,2.45544,7.86746,-0.0307288,1.86896,0.179833,0.336101,FRENET,0.239604,0.59767,0.239604,0.00554815,0.59767,0.331426,0
4.97062,2.47416,7.86709,-0.0292116,1.87656,0.144344,0.27087,FRENET,0.239604,0.59767,0.239604,0.00554815,0.59767,0.331426,0
4.97466,2.47416,7.86709,-0.0292116,1.87656,0.144344,0.27087,FRENET,0.239604,0.59767,0.239604,0.00554815,0.59767,0.331426,0
4.97951,2.49296,7.86674,-0.0278334,1.88379,0.116871,0.22016,FRENET,0.239604,0.59767,0.239604,0.00554815,0.59767,0.331426,0
4.98264,2.49296,7.86674,-0.0278334,1.88379,0.116871,0.22016,FRENET,0.239604,0.59767,0.239604,0.00554815,0.59767,0.331426,0
4.98648,2.49296,7.86674,-0.0278334,1.88379,0.116871,0.22016,FRENET,0.239604,0.59767,0.239604,0.00554815,0.59767,0.331426,0
4.99062,2.51183,7.86636,-0.0267947,1.89067,0.108859,0.205816,FRENET,0.239604,0.59767,0.239604,0.00554815,0.59767,0.331426,0
4.99462,2.51183,7.86636,-0.0267947,1.89067,0.108859,0.205816,FRENET,0.239604,0.59767,0.239604,0.00554815,0.59767,0.331426,0
4.99944,2.53076,7.86601,-0.0256863,1.89723,0.0968073,0.183666,FRENET,0.139002,0.931306,0.139002,0.0781076,0.931306,0.387968,0
5.00242,2.53076,7.86601,-0.0256863,1.89723,0.0968073,0.183666,FRENET,0.139002,0.931306,0.139002,0.0781076,0.931306,0.387968,0
5.00646,2.53076,7.86601,-0.0256863,1.89723,0.0968073,0.183666,FRENET,0.139002,0.931306,0.139002,0.0781076,0.931306,0.387968,0
5.01054,2.54926,7.86566,-0.0248086,1.80213,0.103438,0.186409,FRENET,0.139002,0.931306,0.139002,0.0781076,0.931306,0.387968,0
5.01458,2.54926,7.86566,-0.0248086,1.80213,0.103438,0.186409,FRENET,0.139002,0.931306,0.139002,0.0781076,0.931306,0.387968,0
5.0193,2.56687,7.86534,-0.0237119,1.72047,0.0921277,0.158503,FRENET,0.139002,0.931306,0.139002,0.0781076,0.931306,0.387968,0
5.02254,2.56687,7.86534,-0.0237119,1.72047,0.0921277,0.158503,FRENET,0.139002,0.931306,0.139002,0.0781076,0.931306,0.387968,0
5.02658,2.56687,7.86534,-0.0237119,1.72047,0.0921277,0.158503,FRENET,0.139002,0.931306,0.139002,0.0781076,0.931306,0.387968,0
5.03058,2.58374,7.86504,-0.0228831,1.65433,0.0963459,0.159388,FRENET,0.139002,0.931306,0.139002,0.0781076,0.931306,0.387968,0
5.03447,2.58374,7.86504,-0.0228831,1.65433,0.0963459,0.159388,FRENET,0.139002,0.931306,0.139002,0.0781076,0.931306,0.387968,0
5.03921,2.60001,7.8648,-0.021531,1.60078,0.184542,0.29541,FRENET,0.139002,0.931306,0.139002,0.0781076,0.931306,0.387968,0
5.04238,2.60001,7.8648,-0.021531,1.60078,0.184542,0.29541,FRENET,0.139002,0.931306,0.139002,0.0781076,0.931306,0.387968,0
5.04632,2.60001,7.8648,-0.021531,1.60078,0.184542,0.29541,FGM,0.256814,0.289292,0.113729,0.256814,0.931306,0.289292,0
5.05045,2.6158,7.8647,-0.0191029,1.55741,0.305733,0.476152,FGM,0.256814,0.289292,0.113729,0.256814,0.931306,0.289292,0
5.05455,2.6158,7.8647,-0.0191029,1.55741,0.305733,0.476152,FGM,0.256814,0.289292,0.113729,0.256814,0.931306,0.289292,0
5.05916,2.63142,7.86474,-0.0158385,1.56556,0.327449,0.512641,FGM,0.256814,0.289292,0.113729,0.256814,0.931306,0.289292,0
5.06241,2.63142,7.86474,-0.0158385,1.56556,0.327449,0.512641,FGM,0.256814,0.289292,0.113729,0.256814,0.931306,0.289292,0
5.06675,2.63142,7.86474,-0.0158385,1.56556,0.327449,0.512641,FGM,0.256814,0.289292,0.113729,0.256814,0.931306,0.289292,0
5.0707,2.64711,7.86487,-0.0125316,1.57332,0.349315,0.549582,FGM,0.256814,0.289292,0.113729,0.256814,0.931306,0.289292,0
5.07454,2.64711,7.86487,-0.0125316,1.57332,0.349315,0.549582,FGM,0.256814,0.289292,0.113729,0.256814,0.931306,0.289292,0
5.07934,2.66288,7.8651,-0.00892925,1.5807,0.353431,0.558669,FGM,0.256814,0.289292,0.113729,0.256814,0.931306,0.289292,0
5.08238,2.66288,7.8651,-0.00892925,1.5807,0.353431,0.558669,FGM,0.256814,0.289292,0.113729,0.256814,0.931306,0.289292,0
5.08648,2.66288,7.8651,-0.00892925,1.5807,0.353431,0.558669,FGM,0.256814,0.289292,0.113729,0.256814,0.931306,0.289292,0
5.09048,2.67872,7.86538,-0.00568775,1.58774,0.285785,0.453753,FGM,0.256814,0.289292,0.113729,0.256814,0.931306,0.289292,0
5.09443,2.67872,7.86538,-0.00568775,1.58774,0.285785,0.453753,FGM,0.256814,0.289292,0.113729,0.256814,0.931306,0.289292,0
5.09924,2.69463,7.86563,-0.00333117,1.59445,0.180754,0.288202,FGM,0.0984795,0.402711,0.141543,0.0984795,0.931306,0.402711,0
5.1025,2.69463,7.86563,-0.00333117,1.59445,0.180754,0.288202,FGM,0.0984795,0.402711,0.141543,0.0984795,0.931306,0.402711,0
5.10646,2.69463,7.86563,-0.00333117,1.59445,0.180754,0.288202,FGM,0.0984795,0.402711,0.141543,0.0984795,0.931306,0.402711,0
5.11052,2.71101,7.86583,-0.00194103,1.68274,0.09523,0.160247,FGM,0.0984795,0.402711,0.141543,0.0984795,0.931306,0.402711,0
5.11455,2.71101,7.86583,-0.00194103,1.68274,0.09523,0.160247,FGM,0.0984795,0.402711,0.141543,0.0984795,0.931306,0.402711,0
5.11936,2.72826,7.86595,-0.00148567,1.76683,-0.00648448,-0.011457,FGM,0.0984795,0.402711,0.141543,0.0984795,0.931306,0.402711,0
5.12256,2.72826,7.86595,-0.00148567,1.76683,-0.00648448,-0.011457,FGM,0.0984795,0.402711,0.141543,0.0984795,0.931306,0.402711,0
5.12659,2.72826,7.86595,-0.00148567,1.76683,-0.00648448,-0.011457,FGM,0.0984795,0.402711,0.141543,0.0984795,0.931306,0.402711,0
5.13038,2.74633,7.86595,-0.00194295,1.84693,-0.0691378,-0.127693,FGM,0.0984795,0.402711,0.141543,0.0984795,0.931306,0.402711,0
5.13453,2.74633,7.86595,-0.00194295,1.84693,-0.0691378,-0.127693,FGM,0.0984795,0.402711,0.141543,0.0984795,0.931306,0.402711,0
5.13934,2.76518,7.86589,-0.00264503,1.92322,-0.0613514,-0.117992,FGM,0.0984795,0.402711,0.141543,0.0984795,0.931306,0.402711,0
5.14246,2.76518,7.86589,-0.00264503,1.92322,-0.0613514,-0.117992,FGM,0.0984795,0.402711,0.141543,0.0984795,0.931306,0.402711,0
5.14647,2.76518,7.86589,-0.00264503,1.92322,-0.0613514,-0.117992,FGM,0.100057,0.408074,0.228027,0.100057,0.699269,0.408074,0
5.15067,2.78478,7.86582,-0.00301595,1.99588,-0.0060804,-0.0121357,FGM,0.100057,0.408074,0.228027,0.100057,0.699269,0.408074,0
5.15444,2.78478,7.86582,-0.00301595,1.99588,-0.0060804,-0.0121357,FGM,0.100057,0.408074,0.228027,0.100057,0.699269,0.408074,0
5.15935,2.80508,7.86578,-0.00285705,2.06411,0.0231734,0.0478325,FGM,0.100057,0.408074,0.228027,0.100057,0.699269,0.408074,0
5.16248,2.80508,7.86578,-0.00285705,2.06411,0.0231734,0.0478325,FGM,0.100057,0.408074,0.228027,0.100057,0.699269,0.408074,0
5.1665,2.80508,7.86578,-0.00285705,2.06411,0.0231734,0.0478325,FGM,0.100057,0.408074,0.228027,0.100057,0.699269,0.408074,0
5.17061,2.82604,7.86576,-0.00256036,2.1291,0.0468235,0.099692,FGM,0.100057,0.408074,0.228027,0.100057,0.699269,0.408074,0
5.17448,2.82604,7.86576,-0.00256036,2.1291,0.0468235,0.099692,FGM,0.100057,0.408074,0.228027,0.100057,0.699269,0.408074,0
5.17959,2.84764,7.86577,-0.00196856,2.191,0.0581425,0.12739,FGM,0.100057,0.408074,0.228027,0.100057,0.699269,0.408074,0
5.18255,2.84764,7.86577,-0.00196856,2.191,0.0581425,0.12739,FGM,0.100057,0.408074,0.228027,0.100057,0.699269,0.408074,0
5.1865,2.84764,7.86577,-0.00196856,2.191,0.0581425,0.12739,FGM,0.100057,0.408074,0.228027,0.100057,0.699269,0.408074,0
5.19067,2.86985,7.86579,-0.00138245,2.24996,0.0711181,0.160012,FGM,0.100057,0.408074,0.228027,0.100057,0.699269,0.408074,0
5.19452,2.86985,7.86579,-0.00138245,2.24996,0.0711181,0.160012,FGM,0.100057,0.408074,0.228027,0.100057,0.699269,0.408074,0
5.19918,2.89263,7.86585,-0.000581078,2.30611,0.0758854,0.175,FGM,0.119046,0.427826,0.241438,0.119046,0.699269,0.427826,0
5.20237,2.89263,7.86585,-0.000581078,2.30611,0.0758854,0.175,FGM,0.119046,0.427826,0.241438,0.119046,0.699269,0.427826,0
5.20635,2.89263,7.86585,-0.000581078,2.30611,0.0758854,0.175,FGM,0.119046,0.427826,0.241438,0.119046,0.699269,0.427826,0
5.21035,2.91594,7.86592,0.000158285,2.3571,0.0848956,0.200108,FGM,0.119046,0.427826,0.241438,0.119046,0.699269,0.427826,0
5.21434,2.91594,7.86592,0.000158285,2.3571,0.0848956,0.200108,FGM,0.119046,0.427826,0.241438,0.119046,0.699269,0.427826,0
5.21912,2.93976,7.86603,0.00108551,2.40567,0.0869029,0.20906,FGM,0.119046,0.427826,0.241438,0.119046,0.699269,0.427826,0
5.22241,2.93976,7.86603,0.00108551,2.40567,0.0869029,0.20906,FGM,0.119046,0.427826,0.241438,0.119046,0.699269,0.427826,0
5.22657,2.93976,7.86603,0.00108551,2.40567,0.0869029,0.20906,FGM,0.119046,0.427826,0.241438,0.119046,0.699269,0.427826,0
5.23055,2.96405,7.86614,0.00192155,2.45194,0.0937026,0.229753,FGM,0.119046,0.427826,0.241438,0.119046,0.699269,0.427826,0
5.23437,2.96405,7.86614,0.00192155,2.45194,0.0937026,0.229753,FGM,0.119046,0.427826,0.241438,0.119046,0.699269,0.427826,0
5.23929,2.98878,7.8663,0.00293047,2.496,0.0942013,0.235126,FGM,0.119046,0.427826,0.241438,0.119046,0.699269,0.427826,0
5.24237,2.98878,7.8663,0.00293047,2.496,0.0942013,0.235126,FGM,0.119046,0.427826,0.241438,0.119046,0.699269,0.427826,0
5.24625,2.98878,7.8663,0.00293047,2.496,0.0942013,0.235126,FGM,0.119046,0.427826,0.241438,0.119046,0.699269,0.427826,0
5.25044,3.01394,7.86647,0.00383315,2.53427,0.100349,0.254312,FGM,0.137663,0.459047,0.237861,0.137663,0.699269,0.459047,0
5.25454,3.01394,7.86647,0.00383315,2.53427,0.100349,0.254312,FGM,0.137663,0.459047,0.237861,0.137663,0.699269,0.459047,0
5.25913,3.03946,7.86667,0.00490784,2.57073,0.100166,0.257499,FGM,0.137663,0.459047,0.237861,0.137663,0.699269,0.459047,0
5.2624,3.03946,7.86667,0.00490784,2.57073,0.100166,0.257499,FGM,0.137663,0.459047,0.237861,0.137663,0.699269,0.459047,0
5.26654,3.03946,7.86667,0.00490784,2.57073,0.100166,0.257499,FGM,0.137663,0.459047,0.237861,0.137663,0.699269,0.459047,0
5.27066,3.06534,7.86689,0.00586389,2.60545,0.105376,0.274551,FGM,0.137663,0.459047,0.237861,0.137663,0.699269,0.459047,0
5.27439,3.06534,7.86689,0.00586389,2.60545,0.105376,0.274551,FGM,0.137663,0.459047,0.237861,0.137663,0.699269,0.459047,0
5.27916,3.09156,7.86715,0.00698665,2.63853,0.104546,0.275848,FGM,0.137663,0.459047,0.237861,0.137663,0.699269,0.459047,0
5.28231,3.09156,7.86715,0.00698665,2.63853,0.104546,0.275848,FGM,0.137663,0.459047,0.237861,0.137663,0.699269,0.459047,0
5.28639,3.09156,7.86715,0.00698665,2.63853,0.104546,0.275848,FGM,0.137663,0.459047,0.237861,0.137663,0.699269,0.459047,0
5.2905,3.1181,7.86743,0.00798274,2.67003,0.109265,0.291741,FGM,0.137663,0.459047,0.237861,0.137663,0.699269,0.459047,0
5.29453,3.1181,7.86743,0.00798274,2.67003,0.109265,0.291741,FGM,0.137663,0.459047,0.237861,0.137663,0.699269,0.459047,0
5.29899,3.14495,7.86775,0.00914368,2.70003,0.108086,0.291834,FGM,0.0670916,0.358696,0.208877,0.0670916,0.698224,0.358696,0
5.30223,3.14495,7.86775,0.00914368,2.70003,0.108086,0.291834,FGM,0.0670916,0.358696,0.208877,0.0670916,0.698224,0.358696,0
5.30645,3.14495,7.86775,0.00914368,2.70003,0.108086,0.291834,FGM,0.0670916,0.358696,0.208877,0.0670916,0.698224,0.358696,0
5.31056,3.17207,7.86809,0.0101743,2.72426,0.113134,0.308207,FGM,0.0670916,0.358696,0.208877,0.0670916,0.698224,0.358696,0
5.31455,3.17207,7.86809,0.0101743,2.72426,0.113134,0.308207,FGM,0.0670916,0.358696,0.208877,0.0670916,0.698224,0.358696,0
5.31935,3.19942,7.86847,0.0113765,2.74733,0.111931,0.307511,FGM,0.0670916,0.358696,0.208877,0.0670916,0.698224,0.358696,0
5.3226,3.19942,7.86847,0.0113765,2.74733,0.111931,0.307511,FGM,0.0670916,0.358696,0.208877,0.0670916,0.698224,0.358696,0
5.32647,3.19942,7.86847,0.0113765,2.74733,0.111931,0.307511,FGM,0.0670916,0.358696,0.208877,0.0670916,0.698224,0.358696,0
5.33053,3.227,7.86884,0.0121647,2.76931,0.0351703,0.0973975,FGM,0.0670916,0.358696,0.208877,0.0670916,0.698224,0.358696,0
5.33461,3.227,7.86884,0.0121647,2.76931,0.0351703,0.0973975,FGM,0.0670916,0.358696,0.208877,0.0670916,0.698224,0.358696,0
5.33955,3.2548,7.86917,0.0121852,2.79025,-0.0123465,-0.0344498,FGM,0.0670916,0.358696,0.208877,0.0670916,0.698224,0.358696,0
5.3425,3.2548,7.86917,0.0121852,2.79025,-0.0123465,-0.0344498,FGM,0.0670916,0.358696,0.208877,0.0670916,0.698224,0.358696,0
5.34656,3.2548,7.86917,0.0121852,2.79025,-0.0123465,-0.0344498,FGM,0.132297,0.453172,0.208509,0.132297,0.698224,0.453172,0
5.35064,3.2828,7.86948,0.0119406,2.81019,-0.0498729,-0.140152,FGM,0.132297,0.453172,0.208509,0.132297,0.698224,0.453172,0
5.35452,3.2828,7.86948,0.0119406,2.81019,-0.0498729,-0.140152,FGM,0.132297,0.453172,0.208509,0.132297,0.698224,0.453172,0
5.3592,3.31097,7.86974,0.0112469,2.82452,-0.0713225,-0.201452,FGM,0.132297,0.453172,0.208509,0.132297,0.698224,0.453172,0
5.36253,3.31097,7.86974,0.0112469,2.82452,-0.0713225,-0.201452,FGM,0.132297,0.453172,0.208509,0.132297,0.698224,0.453172,0
5.36656,3.31097,7.86974,0.0112469,2.82452,-0.0713225,-0.201452,FGM,0.132297,0.453172,0.208509,0.132297,0.698224,0.453172,0
5.37055,3.33928,7.86999,0.0105091,2.83817,-0.0911388,-0.258667,FGM,0.132297,0.453172,0.208509,0.132297,0.698224,0.453172,0
5.37438,3.33928,7.86999,0.0105091,2.83817,-0.0911388,-0.258667,FGM,0.132297,0.453172,0.208509,0.132297,0.698224,0.453172,0
5.37912,3.36773,7.8702,0.00947115,2.85117,-0.099673,-0.284184,FGM,0.132297,0.453172,0.208509,0.132297,0.698224,0.453172,0
5.38241,3.36773,7.8702,0.00947115,2.85117,-0.099673,-0.284184,FGM,0.132297,0.453172,0.208509,0.132297,0.698224,0.453172,0
5.38644,3.36773,7.8702,0.00947115,2.85117,-0.099673,-0.284184,FGM,0.132297,0.453172,0.208509,0.132297,0.698224,0.453172,0
5.39043,3.3963,7.87042,0.00878748,2.86355,-0.0254993,-0.0730184,FGM,0.132297,0.453172,0.208509,0.132297,0.698224,0.453172,0
5.39444,3.3963,7.87042,0.00878748,2.86355,-0.0254993,-0.0730184,FGM,0.132297,0.453172,0.208509,0.132297,0.698224,0.453172,0
5.39921,3.425,7.87069,0.00885847,2.87534,0.020448,0.058795,FGM,0.079506,0.369218,0.23062,0.079506,0.698224,0.369218,0
5.40232,3.425,7.87069,0.00885847,2.87534,0.020448,0.058795,FGM,0.079506,0.369218,0.23062,0.079506,0.698224,0.369218,0
5.40654,3.425,7.87069,0.00885847,2.87534,0.020448,0.058795,FGM,0.079506,0.369218,0.23062,0.079506,0.698224,0.369218,0
5.41053,3.45378,7.87099,0.00917911,2.88166,0.0580099,0.167165,FGM,0.079506,0.369218,0.23062,0.079506,0.698224,0.369218,0
5.4145,3.45378,7.87099,0.00917911,2.88166,0.0580099,0.167165,FGM,0.079506,0.369218,0.23062,0.079506,0.698224,0.369218,0
5.41933,3.48262,7.87133,0.00995207,2.88768,0.0784927,0.226662,FGM,0.079506,0.369218,0.23062,0.079506,0.698224,0.369218,0
5.42254,3.48262,7.87133,0.00995207,2.88768,0.0784927,0.226662,FGM,0.079506,0.369218,0.23062,0.079506,0.698224,0.369218,0
5.42655,3.48262,7.87133,0.00995207,2.88768,0.0784927,0.226662,FGM,0.079506,0.369218,0.23062,0.079506,0.698224,0.369218,0
5.43042,3.51153,7.87166,0.0104563,2.89341,0.00992183,0.0287079,FGM,0.079506,0.369218,0.23062,0.079506,0.698224,0.369218,0
5.43447,3.51153,7.87166,0.0104563,2.89341,0.00992183,0.0287079,FGM,0.079506,0.369218,0.23062,0.079506,0.698224,0.369218,0
5.43916,3.54049,7.87194,0.0102485,2.89887,-0.0320079,-0.0927866,FGM,0.079506,0.369218,0.23062,0.079506,0.698224,0.369218,0
5.44239,3.54049,7.87194,0.0102485,2.89887,-0.0320079,-0.0927866,FGM,0.079506,0.369218,0.23062,0.079506,0.698224,0.369218,0
5.44658,3.54049,7.87194,0.0102485,2.89887,-0.0320079,-0.0927866,FRENET,0.143006,0.922014,0.143006,0.126575,0.922014,0.453182,0
5.45047,3.5695,7.8722,0.00983136,2.90407,-0.0660764,-0.191891,FRENET,0.143006,0.922014,0.143006,0.126575,0.922014,0.453182,0
5.4544,3.5695,7.8722,0.00983136,2.90407,-0.0660764,-0.191891,FRENET,0.143006,0.922014,0.143006,0.126575,0.922014,0.453182,0
5.45931,3.59807,7.8724,0.0088804,2.80897,-0.0971486,-0.272887,FRENET,0.143006,0.922014,0.143006,0.126575,0.922014,0.453182,0
5.46262,3.59807,7.8724,0.0088804,2.80897,-0.0971486,-0.272887,FRENET,0.143006,0.922014,0.143006,0.126575,0.922014,0.453182,0
5.46655,3.59807,7.8724,0.0088804,2.80897,-0.0971486,-0.272887,FRENET,0.143006,0.922014,0.143006,0.126575,0.922014,0.453182,0
5.47047,3.62568,7.87258,0.00787676,2.71387,-0.126027,-0.34202,FRENET,0.143006,0.922014,0.143006,0.126575,0.922014,0.453182,0
5.47443,3.62568,7.87258,0.00787676,2.71387,-0.126027,-0.34202,FRENET,0.143006,0.922014,0.143006,0.126575,0.922014,0.453182,0
5.47919,3.65234,7.8727,0.00644465,2.61877,-0.134848,-0.353136,FRENET,0.143006,0.922014,0.143006,0.126575,0.922014,0.453182,0
5.48253,3.65234,7.8727,0.00644465,2.61877,-0.134848,-0.353136,FRENET,0.143006,0.922014,0.143006,0.126575,0.922014,0.453182,0
5.48649,3.65234,7.8727,0.00644465,2.61877,-0.134848,-0.353136,FRENET,0.143006,0.922014,0.143006,0.126575,0.922014,0.453182,0
5.49059,3.67805,7.87285,0.00556318,2.52367,-0.0257067,-0.0648752,FRENET,0.143006,0.922014,0.143006,0.126575,0.922014,0.453182,0
5.49447,3.67805,7.87285,0.00556318,2.52367,-0.0257067,-0.0648752,FRENET,0.143006,0.922014,0.143006,0.126575,0.922014,0.453182,0
5.4995,3.70281,7.87309,0.00616063,2.42857,0.154339,0.374823,FRENET,0.136079,0.922014,0.136079,0.175545,0.922014,0.298566,0
5.50246,3.70281,7.87309,0.00616063,2.42857,0.154339,0.374823,FRENET,0.136079,0.922014,0.136079,0.175545,0.922014,0.298566,0
5.50671,3.70281,7.87309,0.00616063,2.42857,0.154339,0.374823,FRENET,0.136079,0.922014,0.136079,0.175545,0.922014,0.298566,0
5.51072,3.72662,7.87346,0.00835989,2.33347,0.251485,0.586832,FRENET,0.136079,0.922014,0.136079,0.175545,0.922014,0.298566,0
5.51465,3.72662,7.87346,0.00835989,2.33347,0.251485,0.586832,FRENET,0.136079,0.922014,0.136079,0.175545,0.922014,0.298566,0
5.51943,3.74948,7.87389,0.0111125,2.23837,0.317379,0.710411,FRENET,0.136079,0.922014,0.136079,0.175545,0.922014,0.298566,0
5.52264,3.74948,7.87389,0.0111125,2.23837,0.317379,0.710411,FRENET,0.136079,0.922014,0.136079,0.175545,0.922014,0.298566,0
5.52635,3.74948,7.87389,0.0111125,2.23837,0.317379,0.710411,FRENET,0.136079,0.922014,0.136079,0.175545,0.922014,0.298566,0
5.53058,3.77138,7.8744,0.0145488,2.14327,0.341527,0.731985,FRENET,0.136079,0.922014,0.136079,0.175545,0.922014,0.298566,0
5.53453,3.77138,7.8744,0.0145488,2.14327,0.341527,0.731985,FRENET,0.136079,0.922014,0.136079,0.175545,0.922014,0.298566,0
5.53909,3.79233,7.87493,0.0179567,2.04817,0.362119,0.741681,FRENET,0.136079,0.922014,0.136079,0.175545,0.922014,0.298566,0
5.54232,3.79233,7.87493,0.0179567,2.04817,0.362119,0.741681,FRENET,0.136079,0.922014,0.136079,0.175545,0.922014,0.298566,0
5.54634,3.79233,7.87493,0.0179567,2.04817,0.362119,0.741681,FRENET,0.129873,0.922014,0.129873,0.0962601,0.922014,0.330687,0
5.55048,3.81233,7.87553,0.0216791,1.95307,0.356109,0.695505,FRENET,0.129873,0.922014,0.129873,0.0962601,0.922014,0.330687,0
5.55443,3.81233,7.87553,0.0216791,1.95307,0.356109,0.695505,FRENET,0.129873,0.922014,0.129873,0.0962601,0.922014,0.330687,0
5.55961,3.83137,7.87614,0.0251327,1.85797,0.358226,0.665573,FRENET,0.129873,0.922014,0.129873,0.0962601,0.922014,0.330687,0
5.56249,3.83137,7.87614,0.0251327,1.85797,0.358226,0.665573,FRENET,0.129873,0.922014,0.129873,0.0962601,0.922014,0.330687,0
5.56631,3.83137,7.87614,0.0251327,1.85797,0.358226,0.665573,FRENET,0.129873,0.922014,0.129873,0.0962601,0.922014,0.330687,0
5.57041,3.84946,7.87681,0.0287441,1.76287,0.338475,0.596686,FRENET,0.129873,0.922014,0.129873,0.0962601,0.922014,0.330687,0
5.5744,3.84946,7.87681,0.0287441,1.76287,0.338475,0.596686,FRENET,0.129873,0.922014,0.129873,0.0962601,0.922014,0.330687,0
5.57907,3.8666,7.87748,0.0319779,1.66777,0.332712,0.554887,FRENET,0.129873,0.922014,0.129873,0.0962601,0.922014,0.330687,0
5.58246,3.8666,7.87748,0.0319779,1.66777,0.332712,0.554887,FRENET,0.129873,0.922014,0.129873,0.0962601,0.922014,0.330687,0
5.5864,3.8666,7.87748,0.0319779,1.66777,0.332712,0.554887,FRENET,0.129873,0.922014,0.129873,0.0962601,0.922014,0.330687,0
5.59034,3.88279,7.87819,0.0352973,1.57267,0.30567,0.480718,FRENET,0.129873,0.922014,0.129873,0.0962601,0.922014,0.330687,0
5.59439,3.88279,7.87819,0.0352973,1.57267,0.30567,0.480718,FRENET,0.129873,0.922014,0.129873,0.0962601,0.922014,0.330687,0
5.59904,3.89802,7.8789,0.0381843,1.47757,0.296794,0.438533,FRENET,0.350357,0.7992,0.350357,0.165299,0.7992,0.308458,0
5.60222,3.89802,7.8789,0.0381843,1.47757,0.296794,0.438533,FRENET,0.350357,0.7992,0.350357,0.165299,0.7992,0.308458,0
5.60647,3.89802,7.8789,0.0381843,1.47757,0.296794,0.438533,FRENET,0.350357,0.7992,0.350357,0.165299,0.7992,0.308458,0
5.61087,3.91234,7.87964,0.0411109,1.38875,0.263768,0.366309,FRENET,0.350357,0.7992,0.350357,0.165299,0.7992,0.308458,0
5.61438,3.91234,7.87964,0.0411109,1.38875,0.263768,0.366309,FRENET,0.350357,0.7992,0.350357,0.165299,0.7992,0.308458,0
5.61923,3.92584,7.88037,0.0435506,1.31683,0.249253,0.328223,FRENET,0.350357,0.7992,0.350357,0.165299,0.7992,0.308458,0
5.62229,3.92584,7.88037,0.0435506,1.31683,0.249253,0.328223,FRENET,0.350357,0.7992,0.350357,0.165299,0.7992,0.308458,0
5.6264,3.92584,7.88037,0.0435506,1.31683,0.249253,0.328223,FRENET,0.350357,0.7992,0.350357,0.165299,0.7992,0.308458,0
5.63047,3.9387,7.88114,0.0459813,1.25858,0.215654,0.271418,FRENET,0.350357,0.7992,0.350357,0.165299,0.7992,0.308458,0
5.63459,3.9387,7.88114,0.0459813,1.25858,0.215654,0.271418,FRENET,0.350357,0.7992,0.350357,0.165299,0.7992,0.308458,0
5.63929,3.95103,7.8819,0.0479796,1.21141,0.207571,0.251455,FRENET,0.350357,0.7992,0.350357,0.165299,0.7992,0.308458,0
5.64258,3.95103,7.8819,0.0479796,1.21141,0.207571,0.251455,FRENET,0.350357,0.7992,0.350357,0.165299,0.7992,0.308458,0
5.6464,3.95103,7.8819,0.0479796,1.21141,0.207571,0.251455,FRENET,0.34279,0.7992,0.34279,0.166757,0.7992,0.312224,0
5.65042,3.96292,7.8827,0.0500333,1.17322,0.182966,0.214659,FRENET,0.34279,0.7992,0.34279,0.166757,0.7992,0.312224,0
5.65434,3.96292,7.8827,0.0500333,1.17322,0.182966,0.214659,FRENET,0.34279,0.7992,0.34279,0.166757,0.7992,0.312224,0
5.65929,3.97447,7.88349,0.0517535,1.14229,0.182948,0.208979,FRENET,0.34279,0.7992,0.34279,0.166757,0.7992,0.312224,0
5.66248,3.97447,7.88349,0.0517535,1.14229,0.182948,0.208979,FRENET,0.34279,0.7992,0.34279,0.166757,0.7992,0.312224,0
5.66644,3.97447,7.88349,0.0517535,1.14229,0.182948,0.208979,FRENET,0.34279,0.7992,0.34279,0.166757,0.7992,0.312224,0
5.67056,3.98574,7.88431,0.0535925,1.11724,0.164987,0.18433,FRENET,0.34279,0.7992,0.34279,0.166757,0.7992,0.312224,0
5.67455,3.98574,7.88431,0.0535925,1.11724,0.164987,0.18433,FRENET,0.34279,0.7992,0.34279,0.166757,0.7992,0.312224,0
5.67938,3.99678,7.88512,0.0551626,1.09696,0.169767,0.186227,FRENET,0.34279,0.7992,0.34279,0.166757,0.7992,0.312224,0
5.68254,3.99678,7.88512,0.0551626,1.09696,0.169767,0.186227,FRENET,0.34279,0.7992,0.34279,0.166757,0.7992,0.312224,0
5.68669,3.99678,7.88512,0.0551626,1.09696,0.169767,0.186227,FRENET,0.34279,0.7992,0.34279,0.166757,0.7992,0.312224,0
5.6907,4.00764,7.88596,0.0568863,1.08053,0.155312,0.167819,FRENET,0.34279,0.7992,0.34279,0.166757,0.7992,0.312224,0
5.6946,4.00764,7.88596,0.0568863,1.08053,0.155312,0.167819,FRENET,0.34279,0.7992,0.34279,0.166757,0.7992,0.312224,0
5.69934,4.01834,7.8868,0.0583751,1.06723,0.162508,0.173434,FRENET,0.356827,0.801643,0.356827,0.169868,0.801643,0.315965,0
5.7027,4.01834,7.8868,0.0583751,1.06723,0.162508,0.173434,FRENET,0.356827,0.801643,0.356827,0.169868,0.801643,0.315965,0
5.7067,4.01834,7.8868,0.0583751,1.06723,0.162508,0.173434,FRENET,0.356827,0.801643,0.356827,0.169868,0.801643,0.315965,0
5.71058,4.02875,7.88764,0.0600516,1.0218,0.148588,0.151828,FRENET,0.356827,0.801643,0.356827,0.169868,0.801643,0.315965,0
5.71453,4.02875,7.88764,0.0600516,1.0218,0.148588,0.151828,FRENET,0.356827,0.801643,0.356827,0.169868,0.801643,0.315965,0
5.71963,4.03875,7.88846,0.0614656,0.985019,0.156439,0.154096,FRENET,0.356827,0.801643,0.356827,0.169868,0.801643,0.315965,0
5.7229,4.03875,7.88846,0.0614656,0.985019,0.156439,0.154096,FRENET,0.356827,0.801643,0.356827,0.169868,0.801643,0.315965,0
5.72647,4.03875,7.88846,0.0614656,0.985019,0.156439,0.154096,FRENET,0.356827,0.801643,0.356827,0.169868,0.801643,0.315965,0
5.73062,4.04849,7.88931,0.0632975,0.969994,0.217533,0.211006,FRENET,0.356827,0.801643,0.356827,0.169868,0.801643,0.315965,0
5.73446,4.04849,7.88931,0.0632975,0.969994,0.217533,0.211006,FRENET,0.356827,0.801643,0.356827,0.169868,0.801643,0.315965,0
5.73936,4.05808,7.89026,0.065859,0.957827,0.297249,0.284713,FRENET,0.356827,0.801643,0.356827,0.169868,0.801643,0.315965,0
5.74233,4.05808,7.89026,0.065859,0.957827,0.297249,0.284713,FRENET,0.356827,0.801643,0.356827,0.169868,0.801643,0.315965,0
5.74661,4.05808,7.89026,0.065859,0.957827,0.297249,0.284713,FRENET,0.353912,0.801643,0.353912,0.174526,0.801643,0.322823,0
5.75033,4.06756,7.89131,0.0690002,0.947974,0.305095,0.289222,FRENET,0.353912,0.801643,0.353912,0.174526,0.801643,0.322823,0
5.75441,4.06756,7.89131,0.0690002,0.947974,0.305095,0.289222,FRENET,0.353912,0.801643,0.353912,0.174526,0.801643,0.322823,0
5.75913,4.07693,7.89238,0.0717925,0.939995,0.245189,0.230477,FRENET,0.353912,0.801643,0.353912,0.174526,0.801643,0.322823,0
5.76274,4.07693,7.89238,0.0717925,0.939995,0.245189,0.230477,FRENET,0.353912,0.801643,0.353912,0.174526,0.801643,0.322823,0
5.76638,4.07693,7.89238,0.0717925,0.939995,0.245189,0.230477,FRENET,0.353912,0.801643,0.353912,0.174526,0.801643,0.322823,0
5.77056,4.08625,7.8934,0.0738534,0.933534,0.164513,0.153579,FRENET,0.353912,0.801643,0.353912,0.174526,0.801643,0.322823,0
5.77456,4.08625,7.8934,0.0738534,0.933534,0.164513,0.153579,FRENET,0.353912,0.801643,0.353912,0.174526,0.801643,0.322823,0
5.77924,4.0955,7.89437,0.0753132,0.928301,0.153116,0.142137,FRENET,0.353912,0.801643,0.353912,0.174526,0.801643,0.322823,0
5.78242,4.0955,7.89437,0.0753132,0.928301,0.153116,0.142137,FRENET,0.353912,0.801643,0.353912,0.174526,0.801643,0.322823,0
5.78648,4.0955,7.89437,0.0753132,0.928301,0.153116,0.142137,FRENET,0.353912,0.801643,0.353912,0.174526,0.801643,0.322823,0
5.79045,4.10472,7.89533,0.0768333,0.924064,0.132882,0.122792,FRENET,0.353912,0.801643,0.353912,0.174526,0.801643,0.322823,0
5.79476,4.10472,7.89533,0.0768333,0.924064,0.132882,0.122792,FRENET,0.353912,0.801643,0.353912,0.174526,0.801643,0.322823,0
5.79934,4.11389,7.89627,0.0781023,0.920633,0.141425,0.1302,FRENET,0.357828,0.801643,0.357828,0.180342,0.801643,0.326371,0
5.80252,4.11389,7.89627,0.0781023,0.920633,0.141425,0.1302,FRENET,0.357828,0.801643,0.357828,0.180342,0.801643,0.326371,0
5.8064,4.11389,7.89627,0.0781023,0.920633,0.141425,0.1302,FRENET,0.357828,0.801643,0.357828,0.180342,0.801643,0.326371,0
5.81059,4.12304,7.89722,0.0795472,0.917854,0.127957,0.117446,FRENET,0.357828,0.801643,0.357828,0.180342,0.801643,0.326371,0
5.81445,4.12304,7.89722,0.0795472,0.917854,0.127957,0.117446,FRENET,0.357828,0.801643,0.357828,0.180342,0.801643,0.326371,0
5.81942,4.13215,7.89816,0.0807824,0.915604,0.138992,0.127262,FRENET,0.357828,0.801643,0.357828,0.180342,0.801643,0.326371,0
5.82261,4.13215,7.89816,0.0807824,0.915604,0.138992,0.127262,FRENET,0.357828,0.801643,0.357828,0.180342,0.801643,0.326371,0
5.82649,4.13215,7.89816,0.0807824,0.915604,0.138992,0.127262,FRENET,0.357828,0.801643,0.357828,0.180342,0.801643,0.326371,0
5.83048,4.14125,7.89912,0.0822086,0.913782,0.126528,0.115619,FRENET,0.357828,0.801643,0.357828,0.180342,0.801643,0.326371,0
5.83451,4.14125,7.89912,0.0822086,0.913782,0.126528,0.115619,FRENET,0.357828,0.801643,0.357828,0.180342,0.801643,0.326371,0
5.83937,4.15033,7.90007,0.0834326,0.912306,0.13806,0.125953,FRENET,0.357828,0.801643,0.357828,0.180342,0.801643,0.326371,0
5.84261,4.15033,7.90007,0.0834326,0.912306,0.13806,0.125953,FRENET,0.357828,0.801643,0.357828,0.180342,0.801643,0.326371,0
5.84656,4.15033,7.90007,0.0834326,0.912306,0.13806,0.125953,FGM,0.186825,0.326693,0.0873459,0.186825,0.930426,0.326693,0
5.85078,4.1594,7.90105,0.0848508,0.911111,0.125859,0.114672,FGM,0.186825,0.326693,0.0873459,0.186825,0.930426,0.326693,0
5.85442,4.1594,7.90105,0.0848508,0.911111,0.125859,0.114672,FGM,0.186825,0.326693,0.0873459,0.186825,0.930426,0.326693,0
5.85941,4.16858,7.90204,0.0860747,0.936734,0.136828,0.128171,FGM,0.186825,0.326693,0.0873459,0.186825,0.930426,0.326693,0
5.86261,4.16858,7.90204,0.0860747,0.936734,0.136828,0.128171,FGM,0.186825,0.326693,0.0873459,0.186825,0.930426,0.326693,0
5.86647,4.16858,7.90204,0.0860747,0.936734,0.136828,0.128171,FGM,0.186825,0.326693,0.0873459,0.186825,0.930426,0.326693,0
5.87041,4.17801,7.90308,0.0874931,0.961138,0.129891,0.124843,FGM,0.186825,0.326693,0.0873459,0.186825,0.930426,0.326693,0
5.87448,4.17801,7.90308,0.0874931,0.961138,0.129891,0.124843,FGM,0.186825,0.326693,0.0873459,0.186825,0.930426,0.326693,0
5.87936,4.18769,7.90413,0.0885473,0.984381,0.0746231,0.0734576,FGM,0.186825,0.326693,0.0873459,0.186825,0.930426,0.326693,0
5.88234,4.18769,7.90413,0.0885473,0.984381,0.0746231,0.0734576,FGM,0.186825,0.326693,0.0873459,0.186825,0.930426,0.326693,0
5.88639,4.18769,7.90413,0.0885473,0.984381,0.0746231,0.0734576,FGM,0.186825,0.326693,0.0873459,0.186825,0.930426,0.326693,0
5.89046,4.19759,7.90513,0.0889271,1.00652,-0.00152181,-0.00153173,FGM,0.186825,0.326693,0.0873459,0.186825,0.930426,0.326693,0
5.89435,4.19759,7.90513,0.0889271,1.00652,-0.00152181,-0.00153173,FGM,0.186825,0.326693,0.0873459,0.186825,0.930426,0.326693,0
5.89939,4.20772,7.90604,0.0884837,1.02761,-0.0887368,-0.0911865,FGM,0.191261,0.332536,0.0957798,0.191261,0.930426,0.332536,0
5.90251,4.20772,7.90604,0.0884837,1.02761,-0.0887368,-0.0911865,FGM,0.191261,0.332536,0.0957798,0.191261,0.930426,0.332536,0
5.90657,4.20772,7.90604,0.0884837,1.02761,-0.0887368,-0.0911865,FGM,0.191261,0.332536,0.0957798,0.191261,0.930426,0.332536,0
5.91057,4.21807,7.90683,0.0871327,1.04865,-0.182608,-0.191491,FGM,0.191261,0.332536,0.0957798,0.191261,0.930426,0.332536,0
5.91452,4.21807,7.90683,0.0871327,1.04865,-0.182608,-0.191491,FGM,0.191261,0.332536,0.0957798,0.191261,0.930426,0.332536,0
5.91955,4.22864,7.90749,0.0848129,1.06869,-0.282169,-0.301552,FGM,0.191261,0.332536,0.0957798,0.191261,0.930426,0.332536,0
5.9227,4.22864,7.90749,0.0848129,1.06869,-0.282169,-0.301552,FGM,0.191261,0.332536,0.0957798,0.191261,0.930426,0.332536,0
5.92658,4.22864,7.90749,0.0848129,1.06869,-0.282169,-0.301552,FGM,0.191261,0.332536,0.0957798,0.191261,0.930426,0.332536,0
5.93065,4.23941,7.90799,0.0814739,1.08778,-0.386268,-0.420175,FGM,0.191261,0.332536,0.0957798,0.191261,0.930426,0.332536,0
5.93468,4.23941,7.90799,0.0814739,1.08778,-0.386268,-0.420175,FGM,0.191261,0.332536,0.0957798,0.191261,0.930426,0.332536,0
5.93932,4.25037,7.90833,0.0773102,1.10596,-0.423238,-0.468086,FGM,0.191261,0.332536,0.0957798,0.191261,0.930426,0.332536,0
5.94234,4.25037,7.90833,0.0773102,1.10596,-0.423238,-0.468086,FGM,0.191261,0.332536,0.0957798,0.191261,0.930426,0.332536,0
5.94651,4.25037,7.90833,0.0773102,1.10596,-0.423238,-0.468086,FGM,0.196243,0.329551,0.123536,0.196243,0.930426,0.329551,0
5.95048,4.26151,7.90857,0.072984,1.12328,-0.456347,-0.512606,FGM,0.196243,0.329551,0.123536,0.196243,0.930426,0.329551,0
5.95453,4.26151,7.90857,0.072984,1.12328,-0.456347,-0.512606,FGM,0.196243,0.329551,0.123536,0.196243,0.930426,0.329551,0
5.95926,4.27283,7.9087,0.0682912,1.14055,-0.464169,-0.52941,FGM,0.196243,0.329551,0.123536,0.196243,0.930426,0.329551,0
5.9625,4.27283,7.9087,0.0682912,1.14055,-0.464169,-0.52941,FGM,0.196243,0.329551,0.123536,0.196243,0.930426,0.329551,0
5.96637,4.27283,7.9087,0.0682912,1.14055,-0.464169,-0.52941,FGM,0.196243,0.329551,0.123536,0.196243,0.930426,0.329551,0
5.97051,4.28432,7.90878,0.0636326,1.157,-0.483881,-0.559853,FGM,0.196243,0.329551,0.123536,0.196243,0.930426,0.329551,0
5.97456,4.28432,7.90878,0.0636326,1.157,-0.483881,-0.559853,FGM,0.196243,0.329551,0.123536,0.196243,0.930426,0.329551,0
5.97922,4.29597,7.90877,0.0586985,1.17267,-0.4856,-0.56945,FGM,0.196243,0.329551,0.123536,0.196243,0.930426,0.329551,0
5.9825,4.29597,7.90877,0.0586985,1.17267,-0.4856,-0.56945,FGM,0.196243,0.329551,0.123536,0.196243,0.930426,0.329551,0
5.98664,4.29597,7.90877,0.0586985,1.17267,-0.4856,-0.56945,FGM,0.196243,0.329551,0.123536,0.196243,0.930426,0.329551,0
5.99065,4.30777,7.9087,0.0538467,1.1876,-0.50149,-0.595569,FGM,0.196243,0.329551,0.123536,0.196243,0.930426,0.329551,0
5.99461,4.30777,7.9087,0.0538467,1.1876,-0.50149,-0.595569,FGM,0.196243,0.329551,0.123536,0.196243,0.930426,0.329551,0
5.99953,4.31972,7.90856,0.0487479,1.20181,-0.501083,-0.602207,FGM,0.200064,0.322352,0.114551,0.200064,0.936653,0.322352,0
6.00246,4.31972,7.90856,0.0487479,1.20181,-0.501083,-0.602207,FGM,0.200064,0.322352,0.114551,0.200064,0.936653,0.322352,0
6.00642,4.31972,7.90856,0.0487479,1.20181,-0.501083,-0.602207,FGM,0.200064,0.322352,0.114551,0.200064,0.936653,0.322352,0
6.01045,4.3318,7.90837,0.043751,1.21601,-0.515166,-0.626445,FGM,0.200064,0.322352,0.114551,0.200064,0.936653,0.322352,0
6.01459,4.3318,7.90837,0.043751,1.21601,-0.515166,-0.626445,FGM,0.200064,0.322352,0.114551,0.200064,0.936653,0.322352,0
6.01923,4.34403,7.9081,0.03852,1.22952,-0.513933,-0.631892,FGM,0.200064,0.322352,0.114551,0.200064,0.936653,0.322352,0
6.02255,4.34403,7.9081,0.03852,1.22952,-0.513933,-0.631892,FGM,0.200064,0.322352,0.114551,0.200064,0.936653,0.322352,0
6.02654,4.34403,7.9081,0.03852,1.22952,-0.513933,-0.631892,FGM,0.200064,0.322352,0.114551,0.200064,0.936653,0.322352,0
6.03068,4.35638,7.90778,0.0333986,1.2424,-0.527243,-0.655047,FGM,0.200064,0.322352,0.114551,0.200064,0.936653,0.322352,0
6.03486,4.35638,7.90778,0.0333986,1.2424,-0.527243,-0.655047,FGM,0.200064,0.322352,0.114551,0.200064,0.936653,0.322352,0
6.03955,4.36886,7.90738,0.0280494,1.25466,-0.525486,-0.659308,FGM,0.200064,0.322352,0.114551,0.200064,0.936653,0.322352,0
6.04261,4.36886,7.90738,0.0280494,1.25466,-0.525486,-0.659308,FGM,0.200064,0.322352,0.114551,0.200064,0.936653,0.322352,0
6.04648,4.36886,7.90738,0.0280494,1.25466,-0.525486,-0.659308,FGM,0.203168,0.309809,0.125057,0.203168,0.936653,0.309809,0
6.05065,4.38146,7.90695,0.0230692,1.26634,-0.463005,-0.586323,FGM,0.203168,0.309809,0.125057,0.203168,0.936653,0.309809,0
6.05451,4.38146,7.90695,0.0230692,1.26634,-0.463005,-0.586323,FGM,0.203168,0.309809,0.125057,0.203168,0.936653,0.309809,0
6.0592,4.39417,7.90652,0.0186192,1.27793,-0.447965,-0.572469,FGM,0.203168,0.309809,0.125057,0.203168,0.936653,0.309809,0
6.06254,4.39417,7.90652,0.0186192,1.27793,-0.447965,-0.572469,FGM,0.203168,0.309809,0.125057,0.203168,0.936653,0.309809,0
6.06644,4.39417,7.90652,0.0186192,1.27793,-0.447965,-0.572469,FGM,0.203168,0.309809,0.125057,0.203168,0.936653,0.309809,0
6.07043,4.407,7.90604,0.0141398,1.28897,-0.432546,-0.557538,FGM,0.203168,0.309809,0.125057,0.203168,0.936653,0.309809,0
6.0744,4.407,7.90604,0.0141398,1.28897,-0.432546,-0.557538,FGM,0.203168,0.309809,0.125057,0.203168,0.936653,0.309809,0
6.0794,4.41993,7.90555,0.00987849,1.29948,-0.437482,-0.568498,FGM,0.203168,0.309809,0.125057,0.203168,0.936653,0.309809,0
6.08242,4.41993,7.90555,0.00987849,1.29948,-0.437482,-0.568498,FGM,0.203168,0.309809,0.125057,0.203168,0.936653,0.309809,0
6.08641,4.41993,7.90555,0.00987849,1.29948,-0.437482,-0.568498,FGM,0.203168,0.309809,0.125057,0.203168,0.936653,0.309809,0
6.09064,4.43296,7.90499,0.00545257,1.30949,-0.430927,-0.564294,FGM,0.203168,0.309809,0.125057,0.203168,0.936653,0.309809,0
6.09488,4.43296,7.90499,0.00545257,1.30949,-0.430927,-0.564294,FGM,0.203168,0.309809,0.125057,0.203168,0.936653,0.309809,0
6.09938,4.44609,7.9044,0.00118552,1.31902,-0.439694,-0.579967,FGM,0.216906,0.311196,0.133425,0.216906,0.936653,0.311196,0
6.10244,4.44609,7.9044,0.00118552,1.31902,-0.439694,-0.579967,FGM,0.216906,0.311196,0.133425,0.216906,0.936653,0.311196,0
6.10648,4.44609,7.9044,0.00118552,1.31902,-0.439694,-0.579967,FGM,0.216906,0.311196,0.133425,0.216906,0.936653,0.311196,0
6.11061,4.45932,7.90374,-0.00327284,1.32847,-0.434956,-0.577827,FGM,0.216906,0.311196,0.133425,0.216906,0.936653,0.311196,0
6.11454,4.45932,7.90374,-0.00327284,1.32847,-0.434956,-0.577827,FGM,0.216906,0.311196,0.133425,0.216906,0.936653,0.311196,0
6.11939,4.47263,7.90306,-0.00732481,1.33747,-0.36769,-0.491774,FGM,0.216906,0.311196,0.133425,0.216906,0.936653,0.311196,0
6.12253,4.47263,7.90306,-0.00732481,1.33747,-0.36769,-0.491774,FGM,0.216906,0.311196,0.133425,0.216906,0.936653,0.311196,0
6.12635,4.47263,7.90306,-0.00732481,1.33747,-0.36769,-0.491774,FGM,0.216906,0.311196,0.133425,0.216906,0.936653,0.311196,0
6.1305,4.48603,7.9024,-0.0107976,1.34604,-0.34808,-0.46853,FGM,0.216906,0.311196,0.133425,0.216906,0.936653,0.311196,0
6.13451,4.48603,7.9024,-0.0107976,1.34604,-0.34808,-0.46853,FGM,0.216906,0.311196,0.133425,0.216906,0.936653,0.311196,0
6.13935,4.49951,7.9017,-0.0142631,1.3542,-0.3297,-0.446481,FGM,0.216906,0.311196,0.133425,0.216906,0.936653,0.311196,0
6.14243,4.49951,7.9017,-0.0142631,1.3542,-0.3297,-0.446481,FGM,0.216906,0.311196,0.133425,0.216906,0.936653,0.311196,0
6.14646,4.49951,7.9017,-0.0142631,1.3542,-0.3297,-0.446481,FGM,0.206664,0.30309,0.233207,0.206664,0.594108,0.30309,0
6.15054,4.51308,7.90102,-0.0172188,1.36198,-0.254404,-0.346493,FGM,0.206664,0.30309,0.233207,0.206664,0.594108,0.30309,0
6.1545,4.51308,7.90102,-0.0172188,1.36198,-0.254404,-0.346493,FGM,0.206664,0.30309,0.233207,0.206664,0.594108,0.30309,0
6.15952,4.52672,7.9004,-0.0192694,1.36968,-0.152332,-0.208646,FGM,0.206664,0.30309,0.233207,0.206664,0.594108,0.30309,0
6.16247,4.52672,7.9004,-0.0192694,1.36968,-0.152332,-0.208646,FGM,0.206664,0.30309,0.233207,0.206664,0.594108,0.30309,0
6.16651,4.52672,7.9004,-0.0192694,1.36968,-0.152332,-0.208646,FGM,0.206664,0.30309,0.233207,0.206664,0.594108,0.30309,0
6.17054,4.54044,7.89988,-0.0202237,1.37701,-0.0368036,-0.0506789,FGM,0.206664,0.30309,0.233207,0.206664,0.594108,0.30309,0
6.17453,4.54044,7.89988,-0.0202237,1.37701,-0.0368036,-0.0506789,FGM,0.206664,0.30309,0.233207,0.206664,0.594108,0.30309,0
6.1793,4.55424,7.89948,-0.0202464,1.384,0.00806738,0.0111652,FGM,0.206664,0.30309,0.233207,0.206664,0.594108,0.30309,0
6.18253,4.55424,7.89948,-0.0202464,1.384,0.00806738,0.0111652,FGM,0.206664,0.30309,0.233207,0.206664,0.594108,0.30309,0
6.18646,4.55424,7.89948,-0.0202464,1.384,0.00806738,0.0111652,FGM,0.206664,0.30309,0.233207,0.206664,0.594108,0.30309,0
6.19053,4.56811,7.89911,-0.0203397,1.39065,-0.0379712,-0.0528045,FGM,0.206664,0.30309,0.233207,0.206664,0.594108,0.30309,0
6.19438,4.56811,7.89911,-0.0203397,1.39065,-0.0379712,-0.0528045,FGM,0.206664,0.30309,0.233207,0.206664,0.594108,0.30309,0
6.19945,4.58204,7.89873,-0.020873,1.39698,-0.0488423,-0.0682319,FGM,0.207212,0.288122,0.233388,0.207212,0.594108,0.288122,0
6.20253,4.58204,7.89873,-0.020873,1.39698,-0.0488423,-0.0682319,FGM,0.207212,0.288122,0.233388,0.207212,0.594108,0.288122,0
6.20647,4.58204,7.89873,-0.020873,1.39698,-0.0488423,-0.0682319,FGM,0.207212,0.288122,0.233388,0.207212,0.594108,0.288122,0
6.2104,4.59604,7.89837,-0.0210886,1.40328,0.0149147,0.0209294,FGM,0.207212,0.288122,0.233388,0.207212,0.594108,0.288122,0
6.21451,4.59604,7.89837,-0.0210886,1.40328,0.0149147,0.0209294,FGM,0.207212,0.288122,0.233388,0.207212,0.594108,0.288122,0
6.21938,4.6101,7.8981,-0.020466,1.40927,0.114016,0.160678,FGM,0.207212,0.288122,0.233388,0.207212,0.594108,0.288122,0
6.22244,4.6101,7.8981,-0.020466,1.40927,0.114016,0.160678,FGM,0.207212,0.288122,0.233388,0.207212,0.594108,0.288122,0
6.22643,4.6101,7.8981,-0.020466,1.40927,0.114016,0.160678,FGM,0.207212,0.288122,0.233388,0.207212,0.594108,0.288122,0
6.23043,4.62422,7.89793,-0.0190211,1.41497,0.151809,0.214806,FGM,0.207212,0.288122,0.233388,0.207212,0.594108,0.288122,0
6.23448,4.62422,7.89793,-0.0190211,1.41497,0.151809,0.214806,FGM,0.207212,0.288122,0.233388,0.207212,0.594108,0.288122,0
6.23919,4.6384,7.89781,-0.0176993,1.42041,0.101658,0.144397,FGM,0.207212,0.288122,0.233388,0.207212,0.594108,0.288122,0
6.24244,4.6384,7.89781,-0.0176993,1.42041,0.101658,0.144397,FGM,0.207212,0.288122,0.233388,0.207212,0.594108,0.288122,0
6.24627,4.6384,7.89781,-0.0176993,1.42041,0.101658,0.144397,FGM,0.20874,0.310609,0.233209,0.20874,0.594108,0.310609,0
6.25048,4.65263,7.89767,-0.0168497,1.42574,0.0883923,0.126024,FGM,0.20874,0.310609,0.233209,0.20874,0.594108,0.310609,0
6.25449,4.65263,7.89767,-0.0168497,1.42574,0.0883923,0.126024,FGM,0.20874,0.310609,0.233209,0.20874,0.594108,0.310609,0
6.25935,4.66691,7.89755,-0.0159643,1.43081,0.0727576,0.104102,FGM,0.20874,0.310609,0.233209,0.20874,0.594108,0.310609,0
6.26243,4.66691,7.89755,-0.0159643,1.43081,0.0727576,0.104102,FGM,0.20874,0.310609,0.233209,0.20874,0.594108,0.310609,0
6.2665,4.66691,7.89755,-0.0159643,1.43081,0.0727576,0.104102,FGM,0.20874,0.310609,0.233209,0.20874,0.594108,0.310609,0
6.27031,4.68124,7.8974,-0.0155826,1.43565,-0.0040162,-0.00576584,FGM,0.20874,0.310609,0.233209,0.20874,0.594108,0.310609,0
6.27453,4.68124,7.8974,-0.0155826,1.43565,-0.0040162,-0.00576584,FGM,0.20874,0.310609,0.233209,0.20874,0.594108,0.310609,0
6.27918,4.69562,7.89715,-0.0161361,1.44025,-0.110389,-0.158988,FGM,0.20874,0.310609,0.233209,0.20874,0.594108,0.310609,0
6.28234,4.69562,7.89715,-0.0161361,1.44025,-0.110389,-0.158988,FGM,0.20874,0.310609,0.233209,0.20874,0.594108,0.310609,0
6.28656,4.69562,7.89715,-0.0161361,1.44025,-0.110389,-0.158988,FGM,0.20874,0.310609,0.233209,0.20874,0.594108,0.310609,0
6.29047,4.71004,7.89677,-0.0178367,1.44463,-0.231601,-0.334579,FGM,0.20874,0.310609,0.233209,0.20874,0.594108,0.310609,0
6.29443,4.71004,7.89677,-0.0178367,1.44463,-0.231601,-0.334579,FGM,0.20874,0.310609,0.233209,0.20874,0.594108,0.310609,0
6.29936,4.72449,7.89624,-0.0205228,1.44881,-0.281062,-0.407206,FGM,0.209828,0.29382,0.123197,0.209828,0.94099,0.29382,0
6.30273,4.72449,7.89624,-0.0205228,1.44881,-0.281062,-0.407206,FGM,0.209828,0.29382,0.123197,0.209828,0.94099,0.29382,0
6.30659,4.72449,7.89624,-0.0205228,1.44881,-0.281062,-0.407206,FGM,0.209828,0.29382,0.123197,0.209828,0.94099,0.29382,0
6.31052,4.73899,7.89563,-0.0231669,1.45291,-0.236036,-0.342939,FGM,0.209828,0.29382,0.123197,0.209828,0.94099,0.29382,0
6.31458,4.73899,7.89563,-0.0231669,1.45291,-0.236036,-0.342939,FGM,0.209828,0.29382,0.123197,0.209828,0.94099,0.29382,0
6.31919,4.75353,7.89503,-0.0251024,1.45682,-0.145348,-0.211746,FGM,0.209828,0.29382,0.123197,0.209828,0.94099,0.29382,0
6.32241,4.75353,7.89503,-0.0251024,1.45682,-0.145348,-0.211746,FGM,0.209828,0.29382,0.123197,0.209828,0.94099,0.29382,0
6.32648,4.75353,7.89503,-0.0251024,1.45682,-0.145348,-0.211746,FGM,0.209828,0.29382,0.123197,0.209828,0.94099,0.29382,0
6.33082,4.7681,7.89447,-0.0262743,1.46055,-0.111789,-0.163273,FGM,0.209828,0.29382,0.123197,0.209828,0.94099,0.29382,0
6.33451,4.7681,7.89447,-0.0262743,1.46055,-0.111789,-0.163273,FGM,0.209828,0.29382,0.123197,0.209828,0.94099,0.29382,0
6.33896,4.78271,7.89389,-0.027609,1.46409,-0.16601,-0.243055,FGM,0.209828,0.29382,0.123197,0.209828,0.94099,0.29382,0
6.34236,4.78271,7.89389,-0.027609,1.46409,-0.16601,-0.243055,FGM,0.209828,0.29382,0.123197,0.209828,0.94099,0.29382,0
6.34636,4.78271,7.89389,-0.027609,1.46409,-0.16601,-0.243055,FRENET,0.126894,0.94099,0.126894,0.0483329,0.94099,0.369526,0
6.35048,4.79736,7.89324,-0.0294542,1.46747,-0.182659,-0.268047,FRENET,0.126894,0.94099,0.126894,0.0483329,0.94099,0.369526,0
6.35435,4.79736,7.89324,-0.0294542,1.46747,-0.182659,-0.268047,FRENET,0.126894,0.94099,0.126894,0.0483329,0.94099,0.369526,0
6.35928,4.81187,7.89259,-0.0310041,1.43879,-0.115576,-0.16629,FRENET,0.126894,0.94099,0.126894,0.0483329,0.94099,0.369526,0
6.36243,4.81187,7.89259,-0.0310041,1.43879,-0.115576,-0.16629,FRENET,0.126894,0.94099,0.126894,0.0483329,0.94099,0.369526,0
6.36646,4.81187,7.89259,-0.0310041,1.43879,-0.115576,-0.16629,FRENET,0.126894,0.94099,0.126894,0.0483329,0.94099,0.369526,0
6.37048,4.82614,7.89202,-0.0316445,1.41556,-0.00756413,-0.0107075,FRENET,0.126894,0.94099,0.126894,0.0483329,0.94099,0.369526,0
6.37425,4.82614,7.89202,-0.0316445,1.41556,-0.00756413,-0.0107075,FRENET,0.126894,0.94099,0.126894,0.0483329,0.94099,0.369526,0
6.37965,4.84031,7.89156,-0.0311775,1.42008,0.103824,0.147437,FRENET,0.126894,0.94099,0.126894,0.0483329,0.94099,0.369526,0
6.38255,4.84031,7.89156,-0.0311775,1.42008,0.103824,0.147437,FRENET,0.126894,0.94099,0.126894,0.0483329,0.94099,0.369526,0
6.38655,4.84031,7.89156,-0.0311775,1.42008,0.103824,0.147437,FRENET,0.126894,0.94099,0.126894,0.0483329,0.94099,0.369526,0
6.39044,4.85452,7.89124,-0.0295319,1.42438,0.226763,0.322995,FRENET,0.126894,0.94099,0.126894,0.0483329,0.94099,0.369526,0
6.39452,4.85452,7.89124,-0.0295319,1.42438,0.226763,0.322995,FRENET,0.126894,0.94099,0.126894,0.0483329,0.94099,0.369526,0
6.39911,4.86879,7.89108,-0.026892,1.42847,0.276483,0.394948,FRENET,0.139088,0.94099,0.139088,0,0.94099,0.310519,0
6.40253,4.86879,7.89108,-0.026892,1.42847,0.276483,0.394948,FRENET,0.139088,0.94099,0.139088,0,0.94099,0.310519,0
6.40641,4.86879,7.89108,-0.026892,1.42847,0.276483,0.394948,FRENET,0.139088,0.94099,0.139088,0,0.94099,0.310519,0
6.41039,4.88309,7.89102,-0.0240225,1.43237,0.311257,0.445836,FRENET,0.139088,0.94099,0.139088,0,0.94099,0.310519,0
6.41447,4.88309,7.89102,-0.0240225,1.43237,0.311257,0.445836,FRENET,0.139088,0.94099,0.139088,0,0.94099,0.310519,0
6.41916,4.89743,7.89106,-0.0207742,1.43608,0.319364,0.458633,FRENET,0.139088,0.94099,0.139088,0,0.94099,0.310519,0
6.42253,4.89743,7.89106,-0.0207742,1.43608,0.319364,0.458633,FRENET,0.139088,0.94099,0.139088,0,0.94099,0.310519,0
6.42635,4.89743,7.89106,-0.0207742,1.43608,0.319364,0.458633,FRENET,0.139088,0.94099,0.139088,0,0.94099,0.310519,0
6.43052,4.91181,7.89117,-0.0175897,1.43962,0.334055,0.480912,FRENET,0.139088,0.94099,0.139088,0,0.94099,0.310519,0
6.43449,4.91181,7.89117,-0.0175897,1.43962,0.334055,0.480912,FRENET,0.139088,0.94099,0.139088,0,0.94099,0.310519,0
6.43917,4.92622,7.89136,-0.014169,1.44299,0.332273,0.479466,FRENET,0.139088,0.94099,0.139088,0,0.94099,0.310519,0
6.4425,4.92622,7.89136,-0.014169,1.44299,0.332273,0.479466,FRENET,0.139088,0.94099,0.139088,0,0.94099,0.310519,0
6.44647,4.92622,7.89136,-0.014169,1.44299,0.332273,0.479466,FRENET,0.147955,0.938069,0.147955,0.211658,0.938069,0.297971,0
6.45036,4.94067,7.89161,-0.010884,1.4462,0.341884,0.494432,FRENET,0.147955,0.938069,0.147955,0.211658,0.938069,0.297971,0
6.45437,4.94067,7.89161,-0.010884,1.4462,0.341884,0.494432,FRENET,0.147955,0.938069,0.147955,0.211658,0.938069,0.297971,0
6.45935,4.95498,7.89192,-0.00735493,1.41655,0.341691,0.484024,FRENET,0.147955,0.938069,0.147955,0.211658,0.938069,0.297971,0
6.46237,4.95498,7.89192,-0.00735493,1.41655,0.341691,0.484024,FRENET,0.147955,0.938069,0.147955,0.211658,0.938069,0.297971,0
6.4667,4.95498,7.89192,-0.00735493,1.41655,0.341691,0.484024,FRENET,0.147955,0.938069,0.147955,0.211658,0.938069,0.297971,0
6.47063,4.96902,7.89227,-0.00399954,1.39255,0.348335,0.485072,FRENET,0.147955,0.938069,0.147955,0.211658,0.938069,0.297971,0
6.47455,4.96902,7.89227,-0.00399954,1.39255,0.348335,0.485072,FRENET,0.147955,0.938069,0.147955,0.211658,0.938069,0.297971,0
6.47934,4.98284,7.8927,-0.000188963,1.3731,0.422242,0.579783,FRENET,0.147955,0.938069,0.147955,0.211658,0.938069,0.297971,0
6.48255,4.98284,7.8927,-0.000188963,1.3731,0.422242,0.579783,FRENET,0.147955,0.938069,0.147955,0.211658,0.938069,0.297971,0
6.48652,4.98284,7.8927,-0.000188963,1.3731,0.422242,0.579783,FRENET,0.147955,0.938069,0.147955,0.211658,0.938069,0.297971,0
6.49029,4.99648,7.89326,0.00423568,1.35736,0.439101,0.596018,FRENET,0.147955,0.938069,0.147955,0.211658,0.938069,0.297971,0
6.4944,4.99648,7.89326,0.00423568,1.35736,0.439101,0.596018,FRENET,0.147955,0.938069,0.147955,0.211658,0.938069,0.297971,0
6.49941,5.00998,7.89389,0.00861654,1.34461,0.454157,0.610665,FRENET,0.106709,0.938069,0.106709,0.212086,0.938069,0.300979,0
6.50259,5.00998,7.89389,0.00861654,1.34461,0.454157,0.610665,FRENET,0.106709,0.938069,0.106709,0.212086,0.938069,0.300979,0
6.50642,5.00998,7.89389,0.00861654,1.34461,0.454157,0.610665,FRENET,0.106709,0.938069,0.106709,0.212086,0.938069,0.300979,0
6.51046,5.02335,7.89462,0.0132172,1.33429,0.44676,0.596106,FRENET,0.106709,0.938069,0.106709,0.212086,0.938069,0.300979,0
6.5146,5.02335,7.89462,0.0132172,1.33429,0.44676,0.596106,FRENET,0.106709,0.938069,0.106709,0.212086,0.938069,0.300979,0
6.51938,5.03663,7.8954,0.017621,1.32593,0.452448,0.599913,FRENET,0.106709,0.938069,0.106709,0.212086,0.938069,0.300979,0
6.52251,5.03663,7.8954,0.017621,1.32593,0.452448,0.599913,FRENET,0.106709,0.938069,0.106709,0.212086,0.938069,0.300979,0
6.52657,5.03663,7.8954,0.017621,1.32593,0.452448,0.599913,FRENET,0.106709,0.938069,0.106709,0.212086,0.938069,0.300979,0
6.53047,5.04983,7.89626,0.0221854,1.31916,0.442124,0.58323,FRENET,0.106709,0.938069,0.106709,0.212086,0.938069,0.300979,0
6.53458,5.04983,7.89626,0.0221854,1.31916,0.442124,0.58323,FRENET,0.106709,0.938069,0.106709,0.212086,0.938069,0.300979,0
6.53931,5.06296,7.89718,0.0265403,1.31367,0.447309,0.587618,FRENET,0.106709,0.938069,0.106709,0.212086,0.938069,0.300979,0
6.54242,5.06296,7.89718,0.0265403,1.31367,0.447309,0.587618,FRENET,0.106709,0.938069,0.106709,0.212086,0.938069,0.300979,0
6.5464,5.06296,7.89718,0.0265403,1.31367,0.447309,0.587618,FRENET,0.111135,0.938069,0.111135,0.213597,0.938069,0.304324,0
6.55058,5.0761,7.89817,0.0310386,1.32111,0.436214,0.576286,FRENET,0.111135,0.938069,0.111135,0.213597,0.938069,0.304324,0
6.55434,5.0761,7.89817,0.0310386,1.32111,0.436214,0.576286,FRENET,0.111135,0.938069,0.111135,0.213597,0.938069,0.304324,0
6.55937,5.0893,7.89921,0.0353472,1.32819,0.4432,0.588654,FRENET,0.111135,0.938069,0.111135,0.213597,0.938069,0.304324,0
6.56243,5.0893,7.89921,0.0353472,1.32819,0.4432,0.588654,FRENET,0.111135,0.938069,0.111135,0.213597,0.938069,0.304324,0
6.56658,5.0893,7.89921,0.0353472,1.32819,0.4432,0.588654,FRENET,0.111135,0.938069,0.111135,0.213597,0.938069,0.304324,0
6.57084,5.10257,7.90034,0.0398368,1.33494,0.437584,0.584146,FRENET,0.111135,0.938069,0.111135,0.213597,0.938069,0.304324,0
6.57451,5.10257,7.90034,0.0398368,1.33494,0.437584,0.584146,FRENET,0.111135,0.938069,0.111135,0.213597,0.938069,0.304324,0
6.57948,5.1159,7.90149,0.0439083,1.34136,0.36893,0.494868,FRENET,0.111135,0.938069,0.111135,0.213597,0.938069,0.304324,0
6.58254,5.1159,7.90149,0.0439083,1.34136,0.36893,0.494868,FRENET,0.111135,0.938069,0.111135,0.213597,0.938069,0.304324,0
6.58656,5.1159,7.90149,0.0439083,1.34136,0.36893,0.494868,FRENET,0.111135,0.938069,0.111135,0.213597,0.938069,0.304324,0
6.59071,5.1293,7.90261,0.0471259,1.34748,0.270917,0.365056,FRENET,0.111135,0.938069,0.111135,0.213597,0.938069,0.304324,0
6.59465,5.1293,7.90261,0.0471259,1.34748,0.270917,0.365056,FRENET,0.111135,0.938069,0.111135,0.213597,0.938069,0.304324,0
6.59919,5.14276,7.90368,0.0495462,1.35331,0.236493,0.320048,FRENET,0.117357,0.934716,0.117357,0.215529,0.934716,0.31552,0
6.6025,5.14276,7.90368,0.0495462,1.35331,0.236493,0.320048,FRENET,0.117357,0.934716,0.117357,0.215529,0.934716,0.31552,0
6.60658,5.14276,7.90368,0.0495462,1.35331,0.236493,0.320048,FRENET,0.117357,0.934716,0.117357,0.215529,0.934716,0.31552,0
6.61066,5.15615,7.90474,0.0518468,1.33268,0.207029,0.275903,FRENET,0.117357,0.934716,0.117357,0.215529,0.934716,0.31552,0
6.61467,5.15615,7.90474,0.0518468,1.33268,0.207029,0.275903,FRENET,0.117357,0.934716,0.117357,0.215529,0.934716,0.31552,0
6.61926,5.16935,7.90576,0.053802,1.31597,0.204516,0.269138,FRENET,0.117357,0.934716,0.117357,0.215529,0.934716,0.31552,0
6.62264,5.16935,7.90576,0.053802,1.31597,0.204516,0.269138,FRENET,0.117357,0.934716,0.117357,0.215529,0.934716,0.31552,0
6.62652,5.16935,7.90576,0.053802,1.31597,0.204516,0.269138,FRENET,0.117357,0.934716,0.117357,0.215529,0.934716,0.31552,0
6.63049,5.1824,7.90682,0.0561509,1.30245,0.273963,0.356822,FRENET,0.117357,0.934716,0.117357,0.215529,0.934716,0.31552,0
6.63457,5.1824,7.90682,0.0561509,1.30245,0.273963,0.356822,FRENET,0.117357,0.934716,0.117357,0.215529,0.934716,0.31552,0
6.63922,5.19532,7.90795,0.0590864,1.29149,0.290052,0.3746,FRENET,0.117357,0.934716,0.117357,0.215529,0.934716,0.31552,0
6.6425,5.19532,7.90795,0.0590864,1.29149,0.290052,0.3746,FRENET,0.117357,0.934716,0.117357,0.215529,0.934716,0.31552,0
6.64641,5.19532,7.90795,0.0590864,1.29149,0.290052,0.3746,FGM,0.217858,0.315666,0.105587,0.217858,0.934716,0.315666,0
6.65058,5.20814,7.90911,0.0619857,1.28262,0.306746,0.393439,FGM,0.217858,0.315666,0.105587,0.217858,0.934716,0.315666,0
6.65464,5.20814,7.90911,0.0619857,1.28262,0.306746,0.393439,FGM,0.217858,0.315666,0.105587,0.217858,0.934716,0.315666,0
6.65925,5.22097,7.91035,0.0650968,1.29616,0.299411,0.388085,FGM,0.217858,0.315666,0.105587,0.217858,0.934716,0.315666,0
6.6624,5.22097,7.91035,0.0650968,1.29616,0.299411,0.388085,FGM,0.217858,0.315666,0.105587,0.217858,0.934716,0.315666,0
6.66654,5.22097,7.91035,0.0650968,1.29616,0.299411,0.388085,FGM,0.217858,0.315666,0.105587,0.217858,0.934716,0.315666,0
6.67057,5.23394,7.91163,0.0680511,1.30906,0.308533,0.403889,FGM,0.217858,0.315666,0.105587,0.217858,0.934716,0.315666,0
6.6745,5.23394,7.91163,0.0680511,1.30906,0.308533,0.403889,FGM,0.217858,0.315666,0.105587,0.217858,0.934716,0.315666,0
6.67917,5.24702,7.91298,0.0712007,1.32135,0.30456,0.402429,FGM,0.217858,0.315666,0.105587,0.217858,0.934716,0.315666,0
6.68252,5.24702,7.91298,0.0712007,1.32135,0.30456,0.402429,FGM,0.217858,0.315666,0.105587,0.217858,0.934716,0.315666,0
6.68639,5.24702,7.91298,0.0712007,1.32135,0.30456,0.402429,FGM,0.217858,0.315666,0.105587,0.217858,0.934716,0.315666,0
6.69061,5.26022,7.91435,0.0739553,1.33305,0.238651,0.318133,FGM,0.217858,0.315666,0.105587,0.217858,0.934716,0.315666,0
6.69448,5.26022,7.91435,0.0739553,1.33305,0.238651,0.318133,FGM,0.217858,0.315666,0.105587,0.217858,0.934716,0.315666,0
6.69941,5.27354,7.91569,0.0758836,1.34419,0.143274,0.192588,FGM,0.219722,0.322744,0.114503,0.219722,0.934716,0.322744,0
6.70258,5.27354,7.91569,0.0758836,1.34419,0.143274,0.192588,FGM,0.219722,0.322744,0.114503,0.219722,0.934716,0.322744,0
6.70635,5.27354,7.91569,0.0758836,1.34419,0.143274,0.192588,FGM,0.219722,0.322744,0.114503,0.219722,0.934716,0.322744,0
6.71049,5.28698,7.91693,0.0767749,1.35523,0.0330175,0.0447462,FGM,0.219722,0.322744,0.114503,0.219722,0.934716,0.322744,0
6.71471,5.28698,7.91693,0.0767749,1.35523,0.0330175,0.0447462,FGM,0.219722,0.322744,0.114503,0.219722,0.934716,0.322744,0
6.71942,5.30054,7.91806,0.0765167,1.36574,-0.0858031,-0.117185,FGM,0.219722,0.322744,0.114503,0.219722,0.934716,0.322744,0
6.72249,5.30054,7.91806,0.0765167,1.36574,-0.0858031,-0.117185,FGM,0.219722,0.322744,0.114503,0.219722,0.934716,0.322744,0
6.72656,5.30054,7.91806,0.0765167,1.36574,-0.0858031,-0.117185,FGM,0.219722,0.322744,0.114503,0.219722,0.934716,0.322744,0
6.73058,5.31421,7.91903,0.0750412,1.37575,-0.210002,-0.28891,FGM,0.219722,0.322744,0.114503,0.219722,0.934716,0.322744,0
6.73452,5.31421,7.91903,0.0750412,1.37575,-0.210002,-0.28891,FGM,0.219722,0.322744,0.114503,0.219722,0.934716,0.322744,0
6.73919,5.32799,7.91981,0.0723039,1.38529,-0.33794,-0.468144,FGM,0.219722,0.322744,0.114503,0.219722,0.934716,0.322744,0
6.74252,5.32799,7.91981,0.0723039,1.38529,-0.33794,-0.468144,FGM,0.219722,0.322744,0.114503,0.219722,0.934716,0.322744,0
6.74652,5.32799,7.91981,0.0723039,1.38529,-0.33794,-0.468144,FGM,0.220831,0.331373,0.100262,0.220831,0.937844,0.331373,0
6.75051,5.34188,7.92039,0.0682724,1.39437,-0.468712,-0.653559,FGM,0.220831,0.331373,0.100262,0.220831,0.937844,0.331373,0
6.75443,5.34188,7.92039,0.0682724,1.39437,-0.468712,-0.653559,FGM,0.220831,0.331373,0.100262,0.220831,0.937844,0.331373,0
6.75919,5.35586,7.92076,0.0631856,1.40333,-0.524,-0.735342,FGM,0.220831,0.331373,0.100262,0.220831,0.937844,0.331373,0
6.76239,5.35586,7.92076,0.0631856,1.40333,-0.524,-0.735342,FGM,0.220831,0.331373,0.100262,0.220831,0.937844,0.331373,0
6.76647,5.35586,7.92076,0.0631856,1.40333,-0.524,-0.735342,FGM,0.220831,0.331373,0.100262,0.220831,0.937844,0.331373,0
6.77079,5.36994,7.92098,0.0578151,1.41185,-0.563453,-0.795513,FGM,0.220831,0.331373,0.100262,0.220831,0.937844,0.331373,0
6.77463,5.36994,7.92098,0.0578151,1.41185,-0.563453,-0.795513,FGM,0.220831,0.331373,0.100262,0.220831,0.937844,0.331373,0
6.77957,5.3841,7.92104,0.0520245,1.41997,-0.575831,-0.817665,FGM,0.220831,0.331373,0.100262,0.220831,0.937844,0.331373,0
6.78268,5.3841,7.92104,0.0520245,1.41997,-0.575831,-0.817665,FGM,0.220831,0.331373,0.100262,0.220831,0.937844,0.331373,0
6.7866,5.3841,7.92104,0.0520245,1.41997,-0.575831,-0.817665,FGM,0.220831,0.331373,0.100262,0.220831,0.937844,0.331373,0
6.79058,5.39833,7.92103,0.0465202,1.42771,-0.515978,-0.736667,FGM,0.220831,0.331373,0.100262,0.220831,0.937844,0.331373,0
6.79459,5.39833,7.92103,0.0465202,1.42771,-0.515978,-0.736667,FGM,0.220831,0.331373,0.100262,0.220831,0.937844,0.331373,0
6.80004,5.41265,7.92098,0.0415484,1.43508,-0.499071,-0.716206,FGM,0.22124,0.324791,0.119885,0.22124,0.937844,0.324791,0
6.80283,5.41265,7.92098,0.0415484,1.43508,-0.499071,-0.716206,FGM,0.22124,0.324791,0.119885,0.22124,0.937844,0.324791,0
6.80661,5.41265,7.92098,0.0415484,1.43508,-0.499071,-0.716206,FGM,0.22124,0.324791,0.119885,0.22124,0.937844,0.324791,0
6.81052,5.42703,7.92085,0.0365614,1.44228,-0.482914,-0.696496,FGM,0.22124,0.324791,0.119885,0.22124,0.937844,0.324791,0
6.81449,5.42703,7.92085,0.0365614,1.44228,-0.482914,-0.696496,FGM,0.22124,0.324791,0.119885,0.22124,0.937844,0.324791,0
6.81935,5.44149,7.92068,0.0318064,1.44913,-0.485911,-0.704148,FGM,0.22124,0.324791,0.119885,0.22124,0.937844,0.324791,0
6.82262,5.44149,7.92068,0.0318064,1.44913,-0.485911,-0.704148,FGM,0.22124,0.324791,0.119885,0.22124,0.937844,0.324791,0
6.82665,5.44149,7.92068,0.0318064,1.44913,-0.485911,-0.704148,FGM,0.22124,0.324791,0.119885,0.22124,0.937844,0.324791,0
6.83053,5.45601,7.92044,0.026898,1.45566,-0.479002,-0.697264,FGM,0.22124,0.324791,0.119885,0.22124,0.937844,0.324791,0
6.83456,5.45601,7.92044,0.026898,1.45566,-0.479002,-0.697264,FGM,0.22124,0.324791,0.119885,0.22124,0.937844,0.324791,0
6.83921,5.4706,7.92014,0.0221584,1.46188,-0.486176,-0.710731,FGM,0.22124,0.324791,0.119885,0.22124,0.937844,0.324791,0
6.84249,5.4706,7.92014,0.0221584,1.46188,-0.486176,-0.710731,FGM,0.22124,0.324791,0.119885,0.22124,0.937844,0.324791,0
6.84656,5.4706,7.92014,0.0221584,1.46188,-0.486176,-0.710731,FGM,0.221602,0.307935,0.106689,0.221602,0.937844,0.307935,0
6.85053,5.48524,7.91976,0.017236,1.4678,-0.481216,-0.706329,FGM,0.221602,0.307935,0.106689,0.221602,0.937844,0.307935,0
6.85442,5.48524,7.91976,0.017236,1.4678,-0.481216,-0.706329,FGM,0.221602,0.307935,0.106689,0.221602,0.937844,0.307935,0
6.85934,5.49994,7.91932,0.0124699,1.47358,-0.489159,-0.720816,FGM,0.221602,0.307935,0.106689,0.221602,0.937844,0.307935,0
6.86249,5.49994,7.91932,0.0124699,1.47358,-0.489159,-0.720816,FGM,0.221602,0.307935,0.106689,0.221602,0.937844,0.307935,0
6.86649,5.49994,7.91932,0.0124699,1.47358,-0.489159,-0.720816,FGM,0.221602,0.307935,0.106689,0.221602,0.937844,0.307935,0
6.87038,5.51469,7.9188,0.00751537,1.47909,-0.484577,-0.716731,FGM,0.221602,0.307935,0.106689,0.221602,0.937844,0.307935,0
6.87458,5.51469,7.9188,0.00751537,1.47909,-0.484577,-0.716731,FGM,0.221602,0.307935,0.106689,0.221602,0.937844,0.307935,0
6.87936,5.5295,7.91822,0.00271509,1.48433,-0.492625,-0.731219,FGM,0.221602,0.307935,0.106689,0.221602,0.937844,0.307935,0
6.88246,5.5295,7.91822,0.00271509,1.48433,-0.492625,-0.731219,FGM,0.221602,0.307935,0.106689,0.221602,0.937844,0.307935,0
6.88655,5.5295,7.91822,0.00271509,1.48433,-0.492625,-0.731219,FGM,0.221602,0.307935,0.106689,0.221602,0.937844,0.307935,0
6.89059,5.54435,7.91756,-0.0022744,1.48932,-0.488064,-0.726885,FGM,0.221602,0.307935,0.106689,0.221602,0.937844,0.307935,0
6.89447,5.54435,7.91756,-0.0022744,1.48932,-0.488064,-0.726885,FGM,0.221602,0.307935,0.106689,0.221602,0.937844,0.307935,0
6.89932,5.55925,7.91684,-0.0071089,1.49408,-0.496004,-0.741069,FGM,0.222514,0.305894,0.238365,0.222514,0.59802,0.305894,0
6.90241,5.55925,7.91684,-0.0071089,1.49408,-0.496004,-0.741069,FGM,0.222514,0.305894,0.238365,0.222514,0.59802,0.305894,0
6.90662,5.55925,7.91684,-0.0071089,1.49408,-0.496004,-0.741069,FGM,0.222514,0.305894,0.238365,0.222514,0.59802,0.305894,0
6.91049,5.57419,7.91602,-0.0121318,1.49864,-0.491352,-0.73636,FGM,0.222514,0.305894,0.238365,0.222514,0.59802,0.305894,0
6.91447,5.57419,7.91602,-0.0121318,1.49864,-0.491352,-0.73636,FGM,0.222514,0.305894,0.238365,0.222514,0.59802,0.305894,0
6.91922,5.58918,7.91515,-0.0169984,1.50298,-0.499142,-0.750201,FGM,0.222514,0.305894,0.238365,0.222514,0.59802,0.305894,0
6.92254,5.58918,7.91515,-0.0169984,1.50298,-0.499142,-0.750201,FGM,0.222514,0.305894,0.238365,0.222514,0.59802,0.305894,0
6.92648,5.58918,7.91515,-0.0169984,1.50298,-0.499142,-0.750201,FGM,0.222514,0.305894,0.238365,0.222514,0.59802,0.305894,0
6.9304,5.6042,7.91419,-0.0220523,1.50712,-0.494396,-0.745113,FGM,0.222514,0.305894,0.238365,0.222514,0.59802,0.305894,0
6.93452,5.6042,7.91419,-0.0220523,1.50712,-0.494396,-0.745113,FGM,0.222514,0.305894,0.238365,0.222514,0.59802,0.305894,0
6.93921,5.61925,7.91316,-0.0269484,1.51106,-0.502038,-0.758608,FGM,0.222514,0.305894,0.238365,0.222514,0.59802,0.305894,0
6.94238,5.61925,7.91316,-0.0269484,1.51106,-0.502038,-0.758608,FGM,0.222514,0.305894,0.238365,0.222514,0.59802,0.305894,0
6.94642,5.61925,7.91316,-0.0269484,1.51106,-0.502038,-0.758608,FGM,0.222895,0.301625,0.238207,0.222895,0.59802,0.301625,0
6.9503,5.63434,7.91205,-0.0320311,1.51475,-0.497199,-0.753131,FGM,0.222895,0.301625,0.238207,0.222895,0.59802,0.301625,0
6.95434,5.63434,7.91205,-0.0320311,1.51475,-0.497199,-0.753131,FGM,0.222895,0.301625,0.238207,0.222895,0.59802,0.301625,0
6.95919,5.64946,7.91087,-0.0369543,1.51826,-0.504695,-0.766258,FGM,0.222895,0.301625,0.238207,0.222895,0.59802,0.301625,0
6.96238,5.64946,7.91087,-0.0369543,1.51826,-0.504695,-0.766258,FGM,0.222895,0.301625,0.238207,0.222895,0.59802,0.301625,0
6.96633,5.64946,7.91087,-0.0369543,1.51826,-0.504695,-0.766258,FGM,0.222895,0.301625,0.238207,0.222895,0.59802,0.301625,0
6.97033,5.66461,7.9096,-0.0420629,1.52161,-0.499728,-0.76039,FGM,0.222895,0.301625,0.238207,0.222895,0.59802,0.301625,0
6.97436,5.66461,7.9096,-0.0420629,1.52161,-0.499728,-0.76039,FGM,0.222895,0.301625,0.238207,0.222895,0.59802,0.301625,0
6.97921,5.67978,7.90829,-0.0467363,1.5248,-0.426409,-0.650187,FGM,0.222895,0.301625,0.238207,0.222895,0.59802,0.301625,0
6.9825,5.67978,7.90829,-0.0467363,1.5248,-0.426409,-0.650187,FGM,0.222895,0.301625,0.238207,0.222895,0.59802,0.301625,0
6.98657,5.67978,7.90829,-0.0467363,1.5248,-0.426409,-0.650187,FGM,0.222895,0.301625,0.238207,0.222895,0.59802,0.301625,0
6.99053,5.69499,7.90698,-0.0507593,1.52783,-0.39972,-0.610705,FGM,0.222895,0.301625,0.238207,0.222895,0.59802,0.301625,0
6.9945,5.69499,7.90698,-0.0507593,1.52783,-0.39972,-0.610705,FGM,0.222895,0.301625,0.238207,0.222895,0.59802,0.301625,0
6.99932,5.71022,7.90562,-0.0547211,1.53072,-0.377407,-0.577706,FRENET,0.238144,0.59802,0.238144,0,0.59802,0.301558,0
7.00244,5.71022,7.90562,-0.0547211,1.53072,-0.377407,-0.577706,FRENET,0.238144,0.59802,0.238144,0,0.59802,0.301558,0
7.0067,5.71022,7.90562,-0.0547211,1.53072,-0.377407,-0.577706,FRENET,0.238144,0.59802,0.238144,0,0.59802,0.301558,0
7.01075,5.72554,7.90424,-0.0583894,1.54653,-0.374027,-0.578446,FRENET,0.238144,0.59802,0.238144,0,0.59802,0.301558,0
7.01454,5.72554,7.90424,-0.0583894,1.54653,-0.374027,-0.578446,FRENET,0.238144,0.59802,0.238144,0,0.59802,0.301558,0
7.01945,5.74102,7.90278,-0.0621648,1.56159,-0.365453,-0.570688,FRENET,0.238144,0.59802,0.238144,0,0.59802,0.301558,0
7.02263,5.74102,7.90278,-0.0621648,1.56159,-0.365453,-0.570688,FRENET,0.238144,0.59802,0.238144,0,0.59802,0.301558,0
7.02672,5.74102,7.90278,-0.0621648,1.56159,-0.365453,-0.570688,FRENET,0.238144,0.59802,0.238144,0,0.59802,0.301558,0
7.03059,5.75663,7.9013,-0.0655006,1.57593,-0.29365,-0.462772,FRENET,0.238144,0.59802,0.238144,0,0.59802,0.301558,0
7.03444,5.75663,7.9013,-0.0655006,1.57593,-0.29365,-0.462772,FRENET,0.238144,0.59802,0.238144,0,0.59802,0.301558,0
7.03917,5.7724,7.89986,-0.0679319,1.58959,-0.188274,-0.299278,FRENET,0.238144,0.59802,0.238144,0,0.59802,0.301558,0
7.04263,5.7724,7.89986,-0.0679319,1.58959,-0.188274,-0.299278,FRENET,0.238144,0.59802,0.238144,0,0.59802,0.301558,0
7.04644,5.7724,7.89986,-0.0679319,1.58959,-0.188274,-0.299278,FRENET,0.241317,0.599417,0.241317,0.221495,0.599417,0.291747,0
7.05062,5.7883,7.8985,-0.069206,1.6026,-0.0640918,-0.102714,FRENET,0.241317,0.599417,0.241317,0.221495,0.599417,0.291747,0
7.05449,5.7883,7.8985,-0.069206,1.6026,-0.0640918,-0.102714,FRENET,0.241317,0.599417,0.241317,0.221495,0.599417,0.291747,0
7.05921,5.80429,7.89727,-0.0691447,1.60584,0.0773971,0.124287,FRENET,0.241317,0.599417,0.241317,0.221495,0.599417,0.291747,0
7.06234,5.80429,7.89727,-0.0691447,1.60584,0.0773971,0.124287,FRENET,0.241317,0.599417,0.241317,0.221495,0.599417,0.291747,0
7.06659,5.80429,7.89727,-0.0691447,1.60584,0.0773971,0.124287,FRENET,0.241317,0.599417,0.241317,0.221495,0.599417,0.291747,0
7.07062,5.82033,7.89619,-0.0679207,1.60893,0.141997,0.228463,FRENET,0.241317,0.599417,0.241317,0.221495,0.599417,0.291747,0
7.07453,5.82033,7.89619,-0.0679207,1.60893,0.141997,0.228463,FRENET,0.241317,0.599417,0.241317,0.221495,0.599417,0.291747,0
7.07949,5.83641,7.8952,-0.0663507,1.61187,0.185026,0.298239,FRENET,0.241317,0.599417,0.241317,0.221495,0.599417,0.291747,0
7.0825,5.83641,7.8952,-0.0663507,1.61187,0.185026,0.298239,FRENET,0.241317,0.599417,0.241317,0.221495,0.599417,0.291747,0
7.0865,5.83641,7.8952,-0.0663507,1.61187,0.185026,0.298239,FRENET,0.241317,0.599417,0.241317,0.221495,0.599417,0.291747,0
7.09029,5.85251,7.89431,-0.0643321,1.61467,0.199303,0.321809,FRENET,0.241317,0.599417,0.241317,0.221495,0.599417,0.291747,0
7.09451,5.85251,7.89431,-0.0643321,1.61467,0.199303,0.321809,FRENET,0.241317,0.599417,0.241317,0.221495,0.599417,0.291747,0
7.09918,5.86865,7.89347,-0.0623345,1.61734,0.216288,0.349811,FRENET,0.241796,0.599417,0.241796,0.0543188,0.599417,0.373318,0
7.10248,5.86865,7.89347,-0.0623345,1.61734,0.216288,0.349811,FRENET,0.241796,0.599417,0.241796,0.0543188,0.599417,0.373318,0
7.1065,5.86865,7.89347,-0.0623345,1.61734,0.216288,0.349811,FRENET,0.241796,0.599417,0.241796,0.0543188,0.599417,0.373318,0
7.11055,5.88487,7.89271,-0.060096,1.63071,0.214984,0.350575,FRENET,0.241796,0.599417,0.241796,0.0543188,0.599417,0.373318,0
7.11436,5.88487,7.89271,-0.060096,1.63071,0.214984,0.350575,FRENET,0.241796,0.599417,0.241796,0.0543188,0.599417,0.373318,0
7.11934,5.90123,7.89198,-0.0579819,1.64344,0.224164,0.368399,FRENET,0.241796,0.599417,0.241796,0.0543188,0.599417,0.373318,0
7.12245,5.90123,7.89198,-0.0579819,1.64344,0.224164,0.368399,FRENET,0.241796,0.599417,0.241796,0.0543188,0.599417,0.373318,0
7.12626,5.90123,7.89198,-0.0579819,1.64344,0.224164,0.368399,FRENET,0.241796,0.599417,0.241796,0.0543188,0.599417,0.373318,0
7.13057,5.91771,7.8913,-0.0556675,1.65556,0.22215,0.367783,FRENET,0.241796,0.599417,0.241796,0.0543188,0.599417,0.373318,0
7.13441,5.91771,7.8913,-0.0556675,1.65556,0.22215,0.367783,FRENET,0.241796,0.599417,0.241796,0.0543188,0.599417,0.373318,0
7.13912,5.93431,7.89066,-0.0534867,1.66711,0.230412,0.384123,FRENET,0.241796,0.599417,0.241796,0.0543188,0.599417,0.373318,0
7.1425,5.93431,7.89066,-0.0534867,1.66711,0.230412,0.384123,FRENET,0.241796,0.599417,0.241796,0.0543188,0.599417,0.373318,0
7.14643,5.93431,7.89066,-0.0534867,1.66711,0.230412,0.384123,FRENET,0.242309,0.599417,0.242309,0.219742,0.599417,0.308258,0
7.15023,5.95103,7.89007,-0.0511133,1.67811,0.227642,0.382008,FRENET,0.242309,0.599417,0.242309,0.219742,0.599417,0.308258,0
7.15459,5.95103,7.89007,-0.0511133,1.67811,0.227642,0.382008,FRENET,0.242309,0.599417,0.242309,0.219742,0.599417,0.308258,0
7.15927,5.96785,7.8895,-0.0488816,1.68859,0.23519,0.397138,FRENET,0.242309,0.599417,0.242309,0.219742,0.599417,0.308258,0
7.16256,5.96785,7.8895,-0.0488816,1.68859,0.23519,0.397138,FRENET,0.242309,0.599417,0.242309,0.219742,0.599417,0.308258,0
7.16664,5.96785,7.8895,-0.0488816,1.68859,0.23519,0.397138,FRENET,0.242309,0.599417,0.242309,0.219742,0.599417,0.308258,0
7.17056,5.98478,7.88899,-0.0464629,1.69856,0.231908,0.39391,FRENET,0.242309,0.599417,0.242309,0.219742,0.599417,0.308258,0
7.17446,5.98478,7.88899,-0.0464629,1.69856,0.231908,0.39391,FRENET,0.242309,0.599417,0.242309,0.219742,0.599417,0.308258,0
7.17924,6.0018,7.8885,-0.0441913,1.70807,0.238977,0.40819,FRENET,0.242309,0.599417,0.242309,0.219742,0.599417,0.308258,0
7.18247,6.0018,7.8885,-0.0441913,1.70807,0.238977,0.40819,FRENET,0.242309,0.599417,0.242309,0.219742,0.599417,0.308258,0
7.1866,6.0018,7.8885,-0.0441913,1.70807,0.238977,0.40819,FRENET,0.242309,0.599417,0.242309,0.219742,0.599417,0.308258,0
7.19059,6.01892,7.88806,-0.0417361,1.71712,0.235372,0.404161,FRENET,0.242309,0.599417,0.242309,0.219742,0.599417,0.308258,0
7.19454,6.01892,7.88806,-0.0417361,1.71712,0.235372,0.404161,FRENET,0.242309,0.599417,0.242309,0.219742,0.599417,0.308258,0
7.19946,6.03613,7.88765,-0.0394318,1.72574,0.24212,0.417837,FRENET,0.136991,0.941746,0.136991,0.217849,0.941746,0.28073,0
7.20259,6.03613,7.88765,-0.0394318,1.72574,0.24212,0.417837,FRENET,0.136991,0.941746,0.136991,0.217849,0.941746,0.28073,0
7.20644,6.03613,7.88765,-0.0394318,1.72574,0.24212,0.417837,FRENET,0.136991,0.941746,0.136991,0.217849,0.941746,0.28073,0
7.21055,6.05307,7.8873,-0.0368635,1.66178,0.246625,0.409835,FRENET,0.136991,0.941746,0.136991,0.217849,0.941746,0.28073,0
7.21463,6.05307,7.8873,-0.0368635,1.66178,0.246625,0.409835,FRENET,0.136991,0.941746,0.136991,0.217849,0.941746,0.28073,0
7.21961,6.06942,7.88698,-0.0344599,1.60998,0.254654,0.409987,FRENET,0.136991,0.941746,0.136991,0.217849,0.941746,0.28073,0
7.22272,6.06942,7.88698,-0.0344599,1.60998,0.254654,0.409987,FRENET,0.136991,0.941746,0.136991,0.217849,0.941746,0.28073,0
7.22676,6.06942,7.88698,-0.0344599,1.60998,0.254654,0.409987,FRENET,0.136991,0.941746,0.136991,0.217849,0.941746,0.28073,0
7.23075,6.08531,7.88676,-0.0315458,1.56803,0.337852,0.529763,FRENET,0.136991,0.941746,0.136991,0.217849,0.941746,0.28073,0
7.23471,6.08531,7.88676,-0.0315458,1.56803,0.337852,0.529763,FRENET,0.136991,0.941746,0.136991,0.217849,0.941746,0.28073,0
7.23947,6.10082,7.88669,-0.0276202,1.53406,0.451828,0.693134,FRENET,0.136991,0.941746,0.136991,0.217849,0.941746,0.28073,0
7.24251,6.10082,7.88669,-0.0276202,1.53406,0.451828,0.693134,FRENET,0.136991,0.941746,0.136991,0.217849,0.941746,0.28073,0
7.24665,6.10082,7.88669,-0.0276202,1.53406,0.451828,0.693134,FRENET,0.145392,0.941746,0.145392,0.0728291,0.941746,0.386043,0
7.25063,6.11602,7.88679,-0.0227981,1.50656,0.485897,0.732031,FRENET,0.145392,0.941746,0.145392,0.0728291,0.941746,0.386043,0
7.2546,6.11602,7.88679,-0.0227981,1.50656,0.485897,0.732031,FRENET,0.145392,0.941746,0.145392,0.0728291,0.941746,0.386043,0
7.2594,6.13098,7.887,-0.017924,1.48428,0.505474,0.750266,FRENET,0.145392,0.941746,0.145392,0.0728291,0.941746,0.386043,0
7.26247,6.13098,7.887,-0.017924,1.48428,0.505474,0.750266,FRENET,0.145392,0.941746,0.145392,0.0728291,0.941746,0.386043,0
7.26645,6.13098,7.887,-0.017924,1.48428,0.505474,0.750266,FRENET,0.145392,0.941746,0.145392,0.0728291,0.941746,0.386043,0
7.27062,6.14573,7.88734,-0.0128061,1.46624,0.498204,0.730488,FRENET,0.145392,0.941746,0.145392,0.0728291,0.941746,0.386043,0
7.27453,6.14573,7.88734,-0.0128061,1.46624,0.498204,0.730488,FRENET,0.145392,0.941746,0.145392,0.0728291,0.941746,0.386043,0
7.27935,6.16031,7.88776,-0.0079035,1.45164,0.501022,0.727301,FRENET,0.145392,0.941746,0.145392,0.0728291,0.941746,0.386043,0
7.28259,6.16031,7.88776,-0.0079035,1.45164,0.501022,0.727301,FRENET,0.145392,0.941746,0.145392,0.0728291,0.941746,0.386043,0
7.28658,6.16031,7.88776,-0.0079035,1.45164,0.501022,0.727301,FRENET,0.145392,0.941746,0.145392,0.0728291,0.941746,0.386043,0
7.29058,6.17476,7.88828,-0.00286456,1.43981,0.48841,0.703216,FRENET,0.145392,0.941746,0.145392,0.0728291,0.941746,0.386043,0
7.2944,6.17476,7.88828,-0.00286456,1.43981,0.48841,0.703216,FRENET,0.145392,0.941746,0.145392,0.0728291,0.941746,0.386043,0
7.29945,6.1891,7.88887,0.00193594,1.43023,0.490415,0.701404,FGM,0.215866,0.295468,0.1197,0.215866,0.941746,0.295468,0
7.30255,6.1891,7.88887,0.00193594,1.43023,0.490415,0.701404,FGM,0.215866,0.295468,0.1197,0.215866,0.941746,0.295468,0
7.30645,6.1891,7.88887,0.00193594,1.43023,0.490415,0.701404,FGM,0.215866,0.295468,0.1197,0.215866,0.941746,0.295468,0
7.3107,6.20341,7.88955,0.0068473,1.43645,0.476231,0.684083,FGM,0.215866,0.295468,0.1197,0.215866,0.941746,0.295468,0
7.31449,6.20341,7.88955,0.0068473,1.43645,0.476231,0.684083,FGM,0.215866,0.295468,0.1197,0.215866,0.941746,0.295468,0
7.31939,6.21779,7.8903,0.0115428,1.44238,0.480689,0.693337,FGM,0.215866,0.295468,0.1197,0.215866,0.941746,0.295468,0
7.32257,6.21779,7.8903,0.0115428,1.44238,0.480689,0.693337,FGM,0.215866,0.295468,0.1197,0.215866,0.941746,0.295468,0
7.32668,6.21779,7.8903,0.0115428,1.44238,0.480689,0.693337,FGM,0.215866,0.295468,0.1197,0.215866,0.941746,0.295468,0
7.33065,6.23221,7.89115,0.016404,1.44803,0.474615,0.687256,FGM,0.215866,0.295468,0.1197,0.215866,0.941746,0.295468,0
7.33454,6.23221,7.89115,0.016404,1.44803,0.474615,0.687256,FGM,0.215866,0.295468,0.1197,0.215866,0.941746,0.295468,0
7.33933,6.24669,7.89203,0.0208338,1.45341,0.403201,0.586015,FGM,0.215866,0.295468,0.1197,0.215866,0.941746,0.295468,0
7.34247,6.24669,7.89203,0.0208338,1.45341,0.403201,0.586015,FGM,0.215866,0.295468,0.1197,0.215866,0.941746,0.295468,0
7.3465,6.24669,7.89203,0.0208338,1.45341,0.403201,0.586015,FGM,0.216959,0.294029,0.133238,0.216959,0.941746,0.294029,0
7.3506,6.26123,7.89289,0.024369,1.45853,0.299809,0.43728,FGM,0.216959,0.294029,0.133238,0.216959,0.941746,0.294029,0
7.35453,6.26123,7.89289,0.024369,1.45853,0.299809,0.43728,FGM,0.216959,0.294029,0.133238,0.216959,0.941746,0.294029,0
7.35926,6.27582,7.89367,0.0267796,1.46355,0.180255,0.263813,FGM,0.216959,0.294029,0.133238,0.216959,0.941746,0.294029,0
7.3625,6.27582,7.89367,0.0267796,1.46355,0.180255,0.263813,FGM,0.216959,0.294029,0.133238,0.216959,0.941746,0.294029,0
7.36649,6.27582,7.89367,0.0267796,1.46355,0.180255,0.263813,FGM,0.216959,0.294029,0.133238,0.216959,0.941746,0.294029,0
7.37055,6.29046,7.89435,0.0279467,1.46834,0.052037,0.0764079,FGM,0.216959,0.294029,0.133238,0.216959,0.941746,0.294029,0
7.37461,6.29046,7.89435,0.0279467,1.46834,0.052037,0.0764079,FGM,0.216959,0.294029,0.133238,0.216959,0.941746,0.294029,0
7.379,6.30516,7.89488,0.0278045,1.47289,-0.0811289,-0.119494,FGM,0.216959,0.294029,0.133238,0.216959,0.941746,0.294029,0
7.38229,6.30516,7.89488,0.0278045,1.47289,-0.0811289,-0.119494,FGM,0.216959,0.294029,0.133238,0.216959,0.941746,0.294029,0
7.38636,6.30516,7.89488,0.0278045,1.47289,-0.0811289,-0.119494,FGM,0.216959,0.294029,0.133238,0.216959,0.941746,0.294029,0
7.39046,6.3199,7.89524,0.0263141,1.47723,-0.217353,-0.321081,FGM,0.216959,0.294029,0.133238,0.216959,0.941746,0.294029,0
7.39443,6.3199,7.89524,0.0263141,1.47723,-0.217353,-0.321081,FGM,0.216959,0.294029,0.133238,0.216959,0.941746,0.294029,0
7.39927,6.3347,7.89539,0.0234505,1.48137,-0.355634,-0.526824,FGM,0.217588,0.304658,0.135316,0.217588,0.934003,0.304658,0
7.40251,6.3347,7.89539,0.0234505,1.48137,-0.355634,-0.526824,FGM,0.217588,0.304658,0.135316,0.217588,0.934003,0.304658,0
7.40644,6.3347,7.89539,0.0234505,1.48137,-0.355634,-0.526824,FGM,0.217588,0.304658,0.135316,0.217588,0.934003,0.304658,0
7.41047,6.34953,7.89535,0.0194685,1.48541,-0.415331,-0.616935,FGM,0.217588,0.304658,0.135316,0.217588,0.934003,0.304658,0
7.41443,6.34953,7.89535,0.0194685,1.48541,-0.415331,-0.616935,FGM,0.217588,0.304658,0.135316,0.217588,0.934003,0.304658,0
7.41922,6.3644,7.89515,0.0151791,1.48925,-0.455813,-0.678821,FGM,0.217588,0.304658,0.135316,0.217588,0.934003,0.304658,0
7.42247,6.3644,7.89515,0.0151791,1.48925,-0.455813,-0.678821,FGM,0.217588,0.304658,0.135316,0.217588,0.934003,0.304658,0
7.42651,6.3644,7.89515,0.0151791,1.48925,-0.455813,-0.678821,FGM,0.217588,0.304658,0.135316,0.217588,0.934003,0.304658,0
7.43056,6.37931,7.89482,0.0104641,1.49292,-0.46792,-0.698566,FGM,0.217588,0.304658,0.135316,0.217588,0.934003,0.304658,0
7.43437,6.37931,7.89482,0.0104641,1.49292,-0.46792,-0.698566,FGM,0.217588,0.304658,0.135316,0.217588,0.934003,0.304658,0
7.43926,6.39425,7.89439,0.00578231,1.49641,-0.484701,-0.72531,FGM,0.217588,0.304658,0.135316,0.217588,0.934003,0.304658,0
7.44248,6.39425,7.89439,0.00578231,1.49641,-0.484701,-0.72531,FGM,0.217588,0.304658,0.135316,0.217588,0.934003,0.304658,0
7.44658,6.39425,7.89439,0.00578231,1.49641,-0.484701,-0.72531,FGM,0,0.329521,0.114825,0,0.934003,0.329521,0
7.45062,6.40922,7.89384,0.000845771,1.49973,-0.484759,-0.727008,FGM,0,0.329521,0.114825,0,0.934003,0.329521,0
7.45452,6.40922,7.89384,0.000845771,1.49973,-0.484759,-0.727008,FGM,0,0.329521,0.114825,0,0.934003,0.329521,0
7.45923,6.42459,7.89321,-0.00366448,1.5774,-0.416926,-0.657659,FGM,0,0.329521,0.114825,0,0.934003,0.329521,0
7.46253,6.42459,7.89321,-0.00366448,1.5774,-0.416926,-0.657659,FGM,0,0.329521,0.114825,0,0.934003,0.329521,0
7.46651,6.42459,7.89321,-0.00366448,1.5774,-0.416926,-0.657659,FGM,0,0.329521,0.114825,0,0.934003,0.329521,0
7.47048,6.44072,7.89255,-0.00745631,1.65138,-0.339221,-0.560181,FGM,0,0.329521,0.114825,0,0.934003,0.329521,0
7.47443,6.44072,7.89255,-0.00745631,1.65138,-0.339221,-0.560181,FGM,0,0.329521,0.114825,0,0.934003,0.329521,0
7.47913,6.45758,7.89191,-0.0103945,1.72183,-0.245879,-0.423363,FGM,0,0.329521,0.114825,0,0.934003,0.329521,0
7.48256,6.45758,7.89191,-0.0103945,1.72183,-0.245879,-0.423363,FGM,0,0.329521,0.114825,0,0.934003,0.329521,0
7.48644,6.45758,7.89191,-0.0103945,1.72183,-0.245879,-0.423363,FGM,0,0.329521,0.114825,0,0.934003,0.329521,0
7.49052,6.47512,7.89131,-0.0125219,1.78894,-0.196606,-0.351717,FGM,0,0.329521,0.114825,0,0.934003,0.329521,0
7.49452,6.47512,7.89131,-0.0125219,1.78894,-0.196606,-0.351717,FGM,0,0.329521,0.114825,0,0.934003,0.329521,0
7.49925,6.49332,7.89073,-0.0143557,1.85286,-0.160489,-0.297363,FGM,0.216395,0.313344,0.122831,0.216395,0.934003,0.313344,0
7.50237,6.49332,7.89073,-0.0143557,1.85286,-0.160489,-0.297363,FGM,0.216395,0.313344,0.122831,0.216395,0.934003,0.313344,0
7.50624,6.49332,7.89073,-0.0143557,1.85286,-0.160489,-0.297363,FGM,0.216395,0.313344,0.122831,0.216395,0.934003,0.313344,0
7.51048,6.51156,7.89019,-0.0156659,1.79754,-0.127684,-0.229516,FGM,0.216395,0.313344,0.122831,0.216395,0.934003,0.313344,0
7.51487,6.51156,7.89019,-0.0156659,1.79754,-0.127684,-0.229516,FGM,0.216395,0.313344,0.122831,0.216395,0.934003,0.313344,0
7.51922,6.52931,7.88968,-0.0169008,1.75274,-0.100761,-0.176607,FGM,0.216395,0.313344,0.122831,0.216395,0.934003,0.313344,0
7.52243,6.52931,7.88968,-0.0169008,1.75274,-0.100761,-0.176607,FGM,0.216395,0.313344,0.122831,0.216395,0.934003,0.313344,0
7.52646,6.52931,7.88968,-0.0169008,1.75274,-0.100761,-0.176607,FGM,0.216395,0.313344,0.122831,0.216395,0.934003,0.313344,0
7.53045,6.54665,7.88924,-0.0174569,1.71646,-0.00130522,-0.00224035,FGM,0.216395,0.313344,0.122831,0.216395,0.934003,0.313344,0
7.53441,6.54665,7.88924,-0.0174569,1.71646,-0.00130522,-0.00224035,FGM,0.216395,0.313344,0.122831,0.216395,0.934003,0.313344,0
7.53921,6.56366,7.88893,-0.0168329,1.68708,0.130512,0.220184,FGM,0.216395,0.313344,0.122831,0.216395,0.934003,0.313344,0
7.54237,6.56366,7.88893,-0.0168329,1.68708,0.130512,0.220184,FGM,0.216395,0.313344,0.122831,0.216395,0.934003,0.313344,0
7.5465,6.56366,7.88893,-0.0168329,1.68708,0.130512,0.220184,FGM,0.213406,0.316646,0.133247,0.213406,0.933793,0.316646,0
7.5504,6.58041,7.88878,-0.0148159,1.66329,0.274998,0.4574,FGM,0.213406,0.316646,0.133247,0.213406,0.933793,0.316646,0
7.55439,6.58041,7.88878,-0.0148159,1.66329,0.274998,0.4574,FGM,0.213406,0.316646,0.133247,0.213406,0.933793,0.316646,0
7.5593,6.59694,7.88883,-0.0113211,1.64194,0.424865,0.697602,FGM,0.213406,0.316646,0.133247,0.213406,0.933793,0.316646,0
7.56251,6.59694,7.88883,-0.0113211,1.64194,0.424865,0.697602,FGM,0.213406,0.316646,0.133247,0.213406,0.933793,0.316646,0
7.56634,6.59694,7.88883,-0.0113211,1.64194,0.424865,0.697602,FGM,0.213406,0.316646,0.133247,0.213406,0.933793,0.316646,0
7.57062,6.61327,7.88909,-0.00663442,1.62465,0.484892,0.78778,FGM,0.213406,0.316646,0.133247,0.213406,0.933793,0.316646,0
7.57464,6.61327,7.88909,-0.00663442,1.62465,0.484892,0.78778,FGM,0.213406,0.316646,0.133247,0.213406,0.933793,0.316646,0
7.57965,6.62944,7.88947,-0.00197836,1.61065,0.432956,0.697341,FGM,0.213406,0.316646,0.133247,0.213406,0.933793,0.316646,0
7.58251,6.62944,7.88947,-0.00197836,1.61065,0.432956,0.697341,FGM,0.213406,0.316646,0.133247,0.213406,0.933793,0.316646,0
7.58655,6.62944,7.88947,-0.00197836,1.61065,0.432956,0.697341,FGM,0.213406,0.316646,0.133247,0.213406,0.933793,0.316646,0
7.59065,6.64549,7.88988,0.00185689,1.59931,0.327755,0.524183,FGM,0.213406,0.316646,0.133247,0.213406,0.933793,0.316646,0
7.59458,6.64549,7.88988,0.00185689,1.59931,0.327755,0.524183,FGM,0.213406,0.316646,0.133247,0.213406,0.933793,0.316646,0
7.59941,6.66143,7.89025,0.00450072,1.59013,0.198062,0.314945,FGM,0.211587,0.303029,0.139775,0.211587,0.933793,0.303029,0
7.60259,6.66143,7.89025,0.00450072,1.59013,0.198062,0.314945,FGM,0.211587,0.303029,0.139775,0.211587,0.933793,0.303029,0
7.60652,6.66143,7.89025,0.00450072,1.59013,0.198062,0.314945,FGM,0.211587,0.303029,0.139775,0.211587,0.933793,0.303029,0
7.61101,6.67729,7.89054,0.00578358,1.58161,0.0571543,0.0903956,FGM,0.211587,0.303029,0.139775,0.211587,0.933793,0.303029,0
7.61468,6.67729,7.89054,0.00578358,1.58161,0.0571543,0.0903956,FGM,0.211587,0.303029,0.139775,0.211587,0.933793,0.303029,0
7.6194,6.69307,7.8907,0.00563291,1.5747,-0.0879099,-0.138432,FGM,0.211587,0.303029,0.139775,0.211587,0.933793,0.303029,0
7.62251,6.69307,7.8907,0.00563291,1.5747,-0.0879099,-0.138432,FGM,0.211587,0.303029,0.139775,0.211587,0.933793,0.303029,0
7.62655,6.69307,7.8907,0.00563291,1.5747,-0.0879099,-0.138432,FGM,0.211587,0.303029,0.139775,0.211587,0.933793,0.303029,0
7.63046,6.70879,7.8907,0.00402354,1.56911,-0.234274,-0.367602,FGM,0.211587,0.303029,0.139775,0.211587,0.933793,0.303029,0
7.63453,6.70879,7.8907,0.00402354,1.56911,-0.234274,-0.367602,FGM,0.211587,0.303029,0.139775,0.211587,0.933793,0.303029,0
7.63935,6.72445,7.89049,0.000949075,1.56458,-0.380805,-0.595801,FGM,0.211587,0.303029,0.139775,0.211587,0.933793,0.303029,0
7.64257,6.72445,7.89049,0.000949075,1.56458,-0.380805,-0.595801,FGM,0.211587,0.303029,0.139775,0.211587,0.933793,0.303029,0
7.64644,6.72445,7.89049,0.000949075,1.56458,-0.380805,-0.595801,FGM,0.211587,0.303029,0.139775,0.211587,0.933793,0.303029,0
7.65058,6.74007,7.89006,-0.0035899,1.56092,-0.527133,-0.822811,FGM,0.210832,0.300131,0.125658,0.210832,0.933793,0.300131,0
7.6547,6.74007,7.89006,-0.0035899,1.56092,-0.527133,-0.822811,FGM,0.210832,0.300131,0.125658,0.210832,0.933793,0.300131,0
7.65927,6.75565,7.88939,-0.00931088,1.55738,-0.590527,-0.919676,FGM,0.210832,0.300131,0.125658,0.210832,0.933793,0.300131,0
7.66253,6.75565,7.88939,-0.00931088,1.55738,-0.590527,-0.919676,FGM,0.210832,0.300131,0.125658,0.210832,0.933793,0.300131,0
7.66654,6.75565,7.88939,-0.00931088,1.55738,-0.590527,-0.919676,FGM,0.210832,0.300131,0.125658,0.210832,0.933793,0.300131,0
7.67061,6.77119,7.88858,-0.0150692,1.55452,-0.54808,-0.852,FGM,0.210832,0.300131,0.125658,0.210832,0.933793,0.300131,0
7.67453,6.77119,7.88858,-0.0150692,1.55452,-0.54808,-0.852,FGM,0.210832,0.300131,0.125658,0.210832,0.933793,0.300131,0
7.67914,6.7867,7.88772,-0.0201095,1.5522,-0.453549,-0.703998,FGM,0.210832,0.300131,0.125658,0.210832,0.933793,0.300131,0
7.68227,6.7867,7.88772,-0.0201095,1.5522,-0.453549,-0.703998,FGM,0.210832,0.300131,0.125658,0.210832,0.933793,0.300131,0
7.68628,6.7867,7.88772,-0.0201095,1.5522,-0.453549,-0.703998,FGM,0.210832,0.300131,0.125658,0.210832,0.933793,0.300131,0
7.69025,6.80219,7.88684,-0.024341,1.55032,-0.415953,-0.644862,FGM,0.210832,0.300131,0.125658,0.210832,0.933793,0.300131,0
7.6942,6.80219,7.88684,-0.024341,1.55032,-0.415953,-0.644862,FGM,0.210832,0.300131,0.125658,0.210832,0.933793,0.300131,0
7.69916,6.81766,7.8859,-0.028434,1.5488,-0.387755,-0.600556,FRENET,0.132472,0.935884,0.132472,0.0810331,0.935884,0.390703,0
7.70248,6.81766,7.8859,-0.028434,1.5488,-0.387755,-0.600556,FRENET,0.132472,0.935884,0.132472,0.0810331,0.935884,0.390703,0
7.70632,6.81766,7.8859,-0.028434,1.5488,-0.387755,-0.600556,FRENET,0.132472,0.935884,0.132472,0.0810331,0.935884,0.390703,0
7.7103,6.83288,7.88498,-0.0318922,1.50207,-0.293556,-0.440942,FRENET,0.132472,0.935884,0.132472,0.0810331,0.935884,0.390703,0
7.71426,6.83288,7.88498,-0.0318922,1.50207,-0.293556,-0.440942,FRENET,0.132472,0.935884,0.132472,0.0810331,0.935884,0.390703,0
7.71893,6.84769,7.88415,-0.0342042,1.46422,-0.164878,-0.241419,FRENET,0.132472,0.935884,0.132472,0.0810331,0.935884,0.390703,0
7.72221,6.84769,7.88415,-0.0342042,1.46422,-0.164878,-0.241419,FRENET,0.132472,0.935884,0.132472,0.0810331,0.935884,0.390703,0
7.72635,6.84769,7.88415,-0.0342042,1.46422,-0.164878,-0.241419,FRENET,0.132472,0.935884,0.132472,0.0810331,0.935884,0.390703,0
7.7302,6.86216,7.88344,-0.0351689,1.43358,-0.0268345,-0.0384693,FRENET,0.132472,0.935884,0.132472,0.0810331,0.935884,0.390703,0
7.73439,6.86216,7.88344,-0.0351689,1.43358,-0.0268345,-0.0384693,FRENET,0.132472,0.935884,0.132472,0.0810331,0.935884,0.390703,0
7.73908,6.87636,7.88288,-0.0347516,1.40876,0.110566,0.155761,FRENET,0.132472,0.935884,0.132472,0.0810331,0.935884,0.390703,0
7.74228,6.87636,7.88288,-0.0347516,1.40876,0.110566,0.155761,FRENET,0.132472,0.935884,0.132472,0.0810331,0.935884,0.390703,0
7.74645,6.87636,7.88288,-0.0347516,1.40876,0.110566,0.155761,FRENET,0.140357,0.935884,0.140357,0.210726,0.935884,0.279365,0
7.75051,6.89034,7.8825,-0.0329777,1.38866,0.24425,0.339181,FRENET,0.140357,0.935884,0.140357,0.210726,0.935884,0.279365,0
7.75436,6.89034,7.8825,-0.0329777,1.38866,0.24425,0.339181,FRENET,0.140357,0.935884,0.140357,0.210726,0.935884,0.279365,0
7.75923,6.90415,7.88232,-0.0298867,1.37239,0.374007,0.513283,FRENET,0.140357,0.935884,0.140357,0.210726,0.935884,0.279365,0
7.76248,6.90415,7.88232,-0.0298867,1.37239,0.374007,0.513283,FRENET,0.140357,0.935884,0.140357,0.210726,0.935884,0.279365,0
7.76646,6.90415,7.88232,-0.0298867,1.37239,0.374007,0.513283,FRENET,0.140357,0.935884,0.140357,0.210726,0.935884,0.279365,0
7.7703,6.91789,7.88233,-0.0258643,1.37706,0.407953,0.561778,FRENET,0.140357,0.935884,0.140357,0.210726,0.935884,0.279365,0
7.77419,6.91789,7.88233,-0.0258643,1.37706,0.407953,0.561778,FRENET,0.140357,0.935884,0.140357,0.210726,0.935884,0.279365,0
7.77915,6.93169,7.88246,-0.0217185,1.38152,0.436145,0.602542,FRENET,0.140357,0.935884,0.140357,0.210726,0.935884,0.279365,0
7.78236,6.93169,7.88246,-0.0217185,1.38152,0.436145,0.602542,FRENET,0.140357,0.935884,0.140357,0.210726,0.935884,0.279365,0
7.78646,6.93169,7.88246,-0.0217185,1.38152,0.436145,0.602542,FRENET,0.140357,0.935884,0.140357,0.210726,0.935884,0.279365,0
7.79028,6.94552,7.88272,-0.0172387,1.38576,0.441194,0.611388,FRENET,0.140357,0.935884,0.140357,0.210726,0.935884,0.279365,0
7.79427,6.94552,7.88272,-0.0172387,1.38576,0.441194,0.611388,FRENET,0.140357,0.935884,0.140357,0.210726,0.935884,0.279365,0
7.79991,6.95939,7.88304,-0.0131084,1.3898,0.37621,0.522857,FRENET,0.128379,0.935884,0.128379,0,0.935884,0.324177,0
7.8026,6.95939,7.88304,-0.0131084,1.3898,0.37621,0.522857,FRENET,0.128379,0.935884,0.128379,0,0.935884,0.324177,0
7.80651,6.95939,7.88304,-0.0131084,1.3898,0.37621,0.522857,FRENET,0.128379,0.935884,0.128379,0,0.935884,0.324177,0
7.81042,6.97331,7.88338,-0.00954846,1.39365,0.357087,0.497653,FRENET,0.128379,0.935884,0.128379,0,0.935884,0.324177,0
7.81442,6.97331,7.88338,-0.00954846,1.39365,0.357087,0.497653,FRENET,0.128379,0.935884,0.128379,0,0.935884,0.324177,0
7.81934,6.98726,7.88376,-0.00599053,1.39731,0.338835,0.473458,FRENET,0.128379,0.935884,0.128379,0,0.935884,0.324177,0
7.82281,6.98726,7.88376,-0.00599053,1.39731,0.338835,0.473458,FRENET,0.128379,0.935884,0.128379,0,0.935884,0.324177,0
7.82657,6.98726,7.88376,-0.00599053,1.39731,0.338835,0.473458,FRENET,0.128379,0.935884,0.128379,0,0.935884,0.324177,0
7.83051,7.00124,7.88417,-0.00268379,1.4008,0.340735,0.477302,FRENET,0.128379,0.935884,0.128379,0,0.935884,0.324177,0
7.83465,7.00124,7.88417,-0.00268379,1.4008,0.340735,0.477302,FRENET,0.128379,0.935884,0.128379,0,0.935884,0.324177,0
7.83925,7.01526,7.88463,0.00076556,1.40413,0.332055,0.466247,FRENET,0.128379,0.935884,0.128379,0,0.935884,0.324177,0
7.8424,7.01526,7.88463,0.00076556,1.40413,0.332055,0.466247,FRENET,0.128379,0.935884,0.128379,0,0.935884,0.324177,0
7.84649,7.01526,7.88463,0.00076556,1.40413,0.332055,0.466247,FRENET,0.113417,0.934578,0.113417,0.213082,0.934578,0.297854,0
7.8505,7.02931,7.88513,0.00402927,1.4073,0.33829,0.476074,FRENET,0.113417,0.934578,0.113417,0.213082,0.934578,0.297854,0
7.85444,7.02931,7.88513,0.00402927,1.4073,0.33829,0.476074,FRENET,0.113417,0.934578,0.113417,0.213082,0.934578,0.297854,0
7.85933,7.04325,7.88568,0.00749278,1.3843,0.333546,0.461727,FRENET,0.113417,0.934578,0.113417,0.213082,0.934578,0.297854,0
7.86249,7.04325,7.88568,0.00749278,1.3843,0.333546,0.461727,FRENET,0.113417,0.934578,0.113417,0.213082,0.934578,0.297854,0
7.86658,7.04325,7.88568,0.00749278,1.3843,0.333546,0.461727,FRENET,0.113417,0.934578,0.113417,0.213082,0.934578,0.297854,0
7.87057,7.05699,7.88624,0.0107628,1.36567,0.339354,0.463446,FRENET,0.113417,0.934578,0.113417,0.213082,0.934578,0.297854,0
7.8745,7.05699,7.88624,0.0107628,1.36567,0.339354,0.463446,FRENET,0.113417,0.934578,0.113417,0.213082,0.934578,0.297854,0
7.8798,7.07056,7.88689,0.0144795,1.35059,0.412316,0.556871,FRENET,0.113417,0.934578,0.113417,0.213082,0.934578,0.297854,0
7.8826,7.07056,7.88689,0.0144795,1.35059,0.412316,0.556871,FRENET,0.113417,0.934578,0.113417,0.213082,0.934578,0.297854,0
7.88659,7.07056,7.88689,0.0144795,1.35059,0.412316,0.556871,FRENET,0.113417,0.934578,0.113417,0.213082,0.934578,0.297854,0
7.89056,7.08398,7.88765,0.0188063,1.33838,0.429767,0.57519,FRENET,0.113417,0.934578,0.113417,0.213082,0.934578,0.297854,0
7.89445,7.08398,7.88765,0.0188063,1.33838,0.429767,0.57519,FRENET,0.113417,0.934578,0.113417,0.213082,0.934578,0.297854,0
7.89914,7.09729,7.88848,0.0231005,1.32849,0.445943,0.592429,FRENET,0.114783,0.934578,0.114783,0.214879,0.934578,0.297893,0
7.90248,7.09729,7.88848,0.0231005,1.32849,0.445943,0.592429,FRENET,0.114783,0.934578,0.114783,0.214879,0.934578,0.297893,0
7.90652,7.09729,7.88848,0.0231005,1.32849,0.445943,0.592429,FRENET,0.114783,0.934578,0.114783,0.214879,0.934578,0.297893,0
7.91057,7.1105,7.8894,0.0276247,1.32048,0.439774,0.580712,FRENET,0.114783,0.934578,0.114783,0.214879,0.934578,0.297893,0
7.91471,7.1105,7.8894,0.0276247,1.32048,0.439774,0.580712,FRENET,0.114783,0.934578,0.114783,0.214879,0.934578,0.297893,0
7.91938,7.1237,7.89038,0.031952,1.32671,0.443966,0.589013,FRENET,0.114783,0.934578,0.114783,0.214879,0.934578,0.297893,0
7.92255,7.1237,7.89038,0.031952,1.32671,0.443966,0.589013,FRENET,0.114783,0.934578,0.114783,0.214879,0.934578,0.297893,0
7.92656,7.1237,7.89038,0.031952,1.32671,0.443966,0.589013,FRENET,0.114783,0.934578,0.114783,0.214879,0.934578,0.297893,0
7.93045,7.13696,7.89144,0.0364428,1.33264,0.437187,0.582614,FRENET,0.114783,0.934578,0.114783,0.214879,0.934578,0.297893,0
7.93449,7.13696,7.89144,0.0364428,1.33264,0.437187,0.582614,FRENET,0.114783,0.934578,0.114783,0.214879,0.934578,0.297893,0
7.93922,7.15027,7.89254,0.0405069,1.33829,0.36791,0.492371,FRENET,0.114783,0.934578,0.114783,0.214879,0.934578,0.297893,0
7.94241,7.15027,7.89254,0.0405069,1.33829,0.36791,0.492371,FRENET,0.114783,0.934578,0.114783,0.214879,0.934578,0.297893,0
7.94651,7.15027,7.89254,0.0405069,1.33829,0.36791,0.492371,FRENET,0.108531,0.934578,0.108531,0.216112,0.934578,0.308171,0
7.95053,7.16363,7.8936,0.0437126,1.34367,0.269601,0.362255,FRENET,0.108531,0.934578,0.108531,0.216112,0.934578,0.308171,0
7.95453,7.16363,7.8936,0.0437126,1.34367,0.269601,0.362255,FRENET,0.108531,0.934578,0.108531,0.216112,0.934578,0.308171,0
7.95941,7.17706,7.89462,0.0461197,1.3488,0.235287,0.317356,FRENET,0.108531,0.934578,0.108531,0.216112,0.934578,0.308171,0
7.96247,7.17706,7.89462,0.0461197,1.3488,0.235287,0.317356,FRENET,0.108531,0.934578,0.108531,0.216112,0.934578,0.308171,0
7.96657,7.17706,7.89462,0.0461197,1.3488,0.235287,0.317356,FRENET,0.108531,0.934578,0.108531,0.216112,0.934578,0.308171,0
7.97055,7.19053,7.89563,0.0484157,1.35368,0.209242,0.283247,FRENET,0.108531,0.934578,0.108531,0.216112,0.934578,0.308171,0
7.97443,7.19053,7.89563,0.0484157,1.35368,0.209242,0.283247,FRENET,0.108531,0.934578,0.108531,0.216112,0.934578,0.308171,0
7.97941,7.20406,7.89663,0.0504053,1.35833,0.207334,0.281629,FRENET,0.108531,0.934578,0.108531,0.216112,0.934578,0.308171,0
7.98258,7.20406,7.89663,0.0504053,1.35833,0.207334,0.281629,FRENET,0.108531,0.934578,0.108531,0.216112,0.934578,0.308171,0
7.98655,7.20406,7.89663,0.0504053,1.35833,0.207334,0.281629,FRENET,0.108531,0.934578,0.108531,0.216112,0.934578,0.308171,0
7.99053,7.21762,7.89765,0.0525071,1.36276,0.19619,0.26736,FRENET,0.108531,0.934578,0.108531,0.216112,0.934578,0.308171,0
7.99452,7.21762,7.89765,0.0525071,1.36276,0.19619,0.26736,FRENET,0.108531,0.934578,0.108531,0.216112,0.934578,0.308171,0
7.99947,7.23123,7.89868,0.0544057,1.36698,0.201228,0.275076,FGM,0.216964,0.306172,0.125769,0.216964,0.930303,0.306172,0
8.00264,7.23123,7.89868,0.0544057,1.36698,0.201228,0.275076,FGM,0.216964,0.306172,0.125769,0.216964,0.930303,0.306172,0
8.0066,7.23123,7.89868,0.0544057,1.36698,0.201228,0.275076,FGM,0.216964,0.306172,0.125769,0.216964,0.930303,0.306172,0
8.01054,7.24491,7.89974,0.0564629,1.37655,0.19351,0.266376,FGM,0.216964,0.306172,0.125769,0.216964,0.930303,0.306172,0
8.01455,7.24491,7.89974,0.0564629,1.37655,0.19351,0.266376,FGM,0.216964,0.306172,0.125769,0.216964,0.930303,0.306172,0
8.01929,7.25868,7.90081,0.058346,1.38566,0.200229,0.277449,FGM,0.216964,0.306172,0.125769,0.216964,0.930303,0.306172,0
8.02253,7.25868,7.90081,0.058346,1.38566,0.200229,0.277449,FGM,0.216964,0.306172,0.125769,0.216964,0.930303,0.306172,0
8.02649,7.25868,7.90081,0.058346,1.38566,0.200229,0.277449,FGM,0.216964,0.306172,0.125769,0.216964,0.930303,0.306172,0
8.03049,7.27253,7.90193,0.0604029,1.39434,0.194178,0.270751,FGM,0.216964,0.306172,0.125769,0.216964,0.930303,0.306172,0
8.03456,7.27253,7.90193,0.0604029,1.39434,0.194178,0.270751,FGM,0.216964,0.306172,0.125769,0.216964,0.930303,0.306172,0
8.03928,7.28648,7.90303,0.0620331,1.4026,0.123877,0.17375,FGM,0.216964,0.306172,0.125769,0.216964,0.930303,0.306172,0
8.04254,7.28648,7.90303,0.0620331,1.4026,0.123877,0.17375,FGM,0.216964,0.306172,0.125769,0.216964,0.930303,0.306172,0
8.04649,7.28648,7.90303,0.0620331,1.4026,0.123877,0.17375,FGM,0.218845,0.306526,0.097771,0.218845,0.930303,0.306526,0
8.05053,7.3005,7.90408,0.062785,1.41048,0.0226128,0.0318948,FGM,0.218845,0.306526,0.097771,0.218845,0.930303,0.306526,0
8.0546,7.3005,7.90408,0.062785,1.41048,0.0226128,0.0318948,FGM,0.218845,0.306526,0.097771,0.218845,0.930303,0.306526,0
8.05938,7.31461,7.90501,0.0624371,1.41825,-0.0941875,-0.133582,FGM,0.218845,0.306526,0.097771,0.218845,0.930303,0.306526,0
8.06235,7.31461,7.90501,0.0624371,1.41825,-0.0941875,-0.133582,FGM,0.218845,0.306526,0.097771,0.218845,0.930303,0.306526,0
8.06647,7.31461,7.90501,0.0624371,1.41825,-0.0941875,-0.133582,FGM,0.218845,0.306526,0.097771,0.218845,0.930303,0.306526,0
8.0706,7.32881,7.90579,0.0608739,1.42566,-0.219569,-0.31303,FGM,0.218845,0.306526,0.097771,0.218845,0.930303,0.306526,0
8.07455,7.32881,7.90579,0.0608739,1.42566,-0.219569,-0.31303,FGM,0.218845,0.306526,0.097771,0.218845,0.930303,0.306526,0
8.07932,7.34309,7.9064,0.0580291,1.43271,-0.350033,-0.501495,FGM,0.218845,0.306526,0.097771,0.218845,0.930303,0.306526,0
8.08255,7.34309,7.9064,0.0580291,1.43271,-0.350033,-0.501495,FGM,0.218845,0.306526,0.097771,0.218845,0.930303,0.306526,0
8.08658,7.34309,7.9064,0.0580291,1.43271,-0.350033,-0.501495,FGM,0.218845,0.306526,0.097771,0.218845,0.930303,0.306526,0
8.09052,7.35745,7.90679,0.0538621,1.43943,-0.483804,-0.696401,FGM,0.218845,0.306526,0.097771,0.218845,0.930303,0.306526,0
8.09453,7.35745,7.90679,0.0538621,1.43943,-0.483804,-0.696401,FGM,0.218845,0.306526,0.097771,0.218845,0.930303,0.306526,0
8.0994,7.37187,7.90696,0.0486122,1.44583,-0.541133,-0.782384,FGM,0.220392,0.312186,0.122829,0.220392,0.930303,0.312186,0
8.10258,7.37187,7.90696,0.0486122,1.44583,-0.541133,-0.782384,FGM,0.220392,0.312186,0.122829,0.220392,0.930303,0.312186,0
8.10646,7.37187,7.90696,0.0486122,1.44583,-0.541133,-0.782384,FGM,0.220392,0.312186,0.122829,0.220392,0.930303,0.312186,0
8.11032,7.38636,7.90699,0.0430687,1.45207,-0.580926,-0.843546,FGM,0.220392,0.312186,0.122829,0.220392,0.930303,0.312186,0
8.11439,7.38636,7.90699,0.0430687,1.45207,-0.580926,-0.843546,FGM,0.220392,0.312186,0.122829,0.220392,0.930303,0.312186,0
8.11926,7.40091,7.90685,0.037103,1.45802,-0.593175,-0.864862,FGM,0.220392,0.312186,0.122829,0.220392,0.930303,0.312186,0
8.12252,7.40091,7.90685,0.037103,1.45802,-0.593175,-0.864862,FGM,0.220392,0.312186,0.122829,0.220392,0.930303,0.312186,0
8.12645,7.40091,7.90685,0.037103,1.45802,-0.593175,-0.864862,FGM,0.220392,0.312186,0.122829,0.220392,0.930303,0.312186,0
8.13049,7.41552,7.90663,0.0314331,1.46369,-0.531562,-0.77804,FGM,0.220392,0.312186,0.122829,0.220392,0.930303,0.312186,0
8.13462,7.41552,7.90663,0.0314331,1.46369,-0.531562,-0.77804,FGM,0.220392,0.312186,0.122829,0.220392,0.930303,0.312186,0
8.13934,7.43018,7.90637,0.0263152,1.46908,-0.512867,-0.753444,FGM,0.220392,0.312186,0.122829,0.220392,0.930303,0.312186,0
8.14246,7.43018,7.90637,0.0263152,1.46908,-0.512867,-0.753444,FGM,0.220392,0.312186,0.122829,0.220392,0.930303,0.312186,0
8.14644,7.43018,7.90637,0.0263152,1.46908,-0.512867,-0.753444,FGM,0.220392,0.312186,0.122829,0.220392,0.930303,0.312186,0
8.15065,7.44489,7.90603,0.021196,1.47433,-0.495496,-0.730523,FGM,0.219822,0.304047,0.127867,0.219822,0.933467,0.304047,0
8.15439,7.44489,7.90603,0.021196,1.47433,-0.495496,-0.730523,FGM,0.219822,0.304047,0.127867,0.219822,0.933467,0.304047,0
8.15919,7.45966,7.90564,0.0163214,1.47932,-0.497402,-0.735818,FGM,0.219822,0.304047,0.127867,0.219822,0.933467,0.304047,0
8.16247,7.45966,7.90564,0.0163214,1.47932,-0.497402,-0.735818,FGM,0.219822,0.304047,0.127867,0.219822,0.933467,0.304047,0
8.16637,7.45966,7.90564,0.0163214,1.47932,-0.497402,-0.735818,FGM,0.219822,0.304047,0.127867,0.219822,0.933467,0.304047,0
8.17045,7.47446,7.90516,0.0113014,1.48408,-0.489754,-0.726834,FGM,0.219822,0.304047,0.127867,0.219822,0.933467,0.304047,0
8.17446,7.47446,7.90516,0.0113014,1.48408,-0.489754,-0.726834,FGM,0.219822,0.304047,0.127867,0.219822,0.933467,0.304047,0
8.17914,7.48932,7.90464,0.00645865,1.48861,-0.496172,-0.738607,FGM,0.219822,0.304047,0.127867,0.219822,0.933467,0.304047,0
8.18222,7.48932,7.90464,0.00645865,1.48861,-0.496172,-0.738607,FGM,0.219822,0.304047,0.127867,0.219822,0.933467,0.304047,0
8.18648,7.48932,7.90464,0.00645865,1.48861,-0.496172,-0.738607,FGM,0.219822,0.304047,0.127867,0.219822,0.933467,0.304047,0
8.19043,7.50421,7.90402,0.00143862,1.49293,-0.490664,-0.732526,FGM,0.219822,0.304047,0.127867,0.219822,0.933467,0.304047,0
8.19438,7.50421,7.90402,0.00143862,1.49293,-0.490664,-0.732526,FGM,0.219822,0.304047,0.127867,0.219822,0.933467,0.304047,0
8.19913,7.51915,7.90335,-0.00341851,1.49704,-0.498022,-0.745557,FGM,0.220131,0.299824,0.123812,0.220131,0.933467,0.299824,0
8.20238,7.51915,7.90335,-0.00341851,1.49704,-0.498022,-0.745557,FGM,0.220131,0.299824,0.123812,0.220131,0.933467,0.299824,0
8.20627,7.51915,7.90335,-0.00341851,1.49704,-0.498022,-0.745557,FGM,0.220131,0.299824,0.123812,0.220131,0.933467,0.299824,0
8.21033,7.53412,7.90259,-0.00845962,1.50098,-0.492948,-0.739902,FGM,0.220131,0.299824,0.123812,0.220131,0.933467,0.299824,0
8.21433,7.53412,7.90259,-0.00845962,1.50098,-0.492948,-0.739902,FGM,0.220131,0.299824,0.123812,0.220131,0.933467,0.299824,0
8.2191,7.54913,7.90177,-0.0133403,1.50473,-0.500434,-0.753017,FGM,0.220131,0.299824,0.123812,0.220131,0.933467,0.299824,0
8.22222,7.54913,7.90177,-0.0133403,1.50473,-0.500434,-0.753017,FGM,0.220131,0.299824,0.123812,0.220131,0.933467,0.299824,0
8.22635,7.54913,7.90177,-0.0133403,1.50473,-0.500434,-0.753017,FGM,0.220131,0.299824,0.123812,0.220131,0.933467,0.299824,0
8.23024,7.56416,7.90087,-0.018406,1.5083,-0.495412,-0.74723,FGM,0.220131,0.299824,0.123812,0.220131,0.933467,0.299824,0
8.23435,7.56416,7.90087,-0.018406,1.5083,-0.495412,-0.74723,FGM,0.220131,0.299824,0.123812,0.220131,0.933467,0.299824,0
8.23918,7.57923,7.8999,-0.0233109,1.5117,-0.502842,-0.760148,FGM,0.220131,0.299824,0.123812,0.220131,0.933467,0.299824,0
8.24242,7.57923,7.8999,-0.0233109,1.5117,-0.502842,-0.760148,FGM,0.220131,0.299824,0.123812,0.220131,0.933467,0.299824,0
8.24632,7.57923,7.8999,-0.0233109,1.5117,-0.502842,-0.760148,FGM,0.220131,0.299824,0.123812,0.220131,0.933467,0.299824,0
8.25043,7.5947,7.89881,-0.0282736,1.59004,-0.483792,-0.769247,FGM,0.0517732,0.372785,0.122575,0.0517732,0.933467,0.372785,0
8.25444,7.5947,7.89881,-0.0282736,1.59004,-0.483792,-0.769247,FGM,0.0517732,0.372785,0.122575,0.0517732,0.933467,0.372785,0
8.25916,7.61093,7.89762,-0.0330846,1.66465,-0.491998,-0.819002,FGM,0.0517732,0.372785,0.122575,0.0517732,0.933467,0.372785,0
8.26249,7.61093,7.89762,-0.0330846,1.66465,-0.491998,-0.819002,FGM,0.0517732,0.372785,0.122575,0.0517732,0.933467,0.372785,0
8.26631,7.61093,7.89762,-0.0330846,1.66465,-0.491998,-0.819002,FGM,0.0517732,0.372785,0.122575,0.0517732,0.933467,0.372785,0
8.27047,7.62788,7.89629,-0.0381073,1.73571,-0.501236,-0.869999,FGM,0.0517732,0.372785,0.122575,0.0517732,0.933467,0.372785,0
8.27438,7.62788,7.89629,-0.0381073,1.73571,-0.501236,-0.869999,FGM,0.0517732,0.372785,0.122575,0.0517732,0.933467,0.372785,0
8.27918,7.64552,7.89487,-0.0429491,1.80339,-0.459941,-0.829451,FGM,0.0517732,0.372785,0.122575,0.0517732,0.933467,0.372785,0
8.28231,7.64552,7.89487,-0.0429491,1.80339,-0.459941,-0.829451,FGM,0.0517732,0.372785,0.122575,0.0517732,0.933467,0.372785,0
8.28659,7.64552,7.89487,-0.0429491,1.80339,-0.459941,-0.829451,FGM,0.0517732,0.372785,0.122575,0.0517732,0.933467,0.372785,0
8.29058,7.66382,7.8934,-0.0471939,1.86785,-0.384016,-0.717284,FGM,0.0517732,0.372785,0.122575,0.0517732,0.933467,0.372785,0
8.29449,7.66382,7.8934,-0.0471939,1.86785,-0.384016,-0.717284,FGM,0.0517732,0.372785,0.122575,0.0517732,0.933467,0.372785,0
8.29935,7.68275,7.89192,-0.0505437,1.92925,-0.282265,-0.544559,FGM,0.218291,0.284481,0.135273,0.218291,0.941828,0.284481,0
8.30242,7.68275,7.89192,-0.0505437,1.92925,-0.282265,-0.544559,FGM,0.218291,0.284481,0.135273,0.218291,0.941828,0.284481,0
8.30651,7.68275,7.89192,-0.0505437,1.92925,-0.282265,-0.544559,FGM,0.218291,0.284481,0.135273,0.218291,0.941828,0.284481,0
8.31037,7.70165,7.89057,-0.0523601,1.86114,-0.0805582,-0.14993,FGM,0.218291,0.284481,0.135273,0.218291,0.941828,0.284481,0
8.31447,7.70165,7.89057,-0.0523601,1.86114,-0.0805582,-0.14993,FGM,0.218291,0.284481,0.135273,0.218291,0.941828,0.284481,0
8.31962,7.71995,7.88942,-0.0525612,1.80599,0.00744141,0.0134391,FGM,0.218291,0.284481,0.135273,0.218291,0.941828,0.284481,0
8.32259,7.71995,7.88942,-0.0525612,1.80599,0.00744141,0.0134391,FGM,0.218291,0.284481,0.135273,0.218291,0.941828,0.284481,0
8.3268,7.71995,7.88942,-0.0525612,1.80599,0.00744141,0.0134391,FGM,0.218291,0.284481,0.135273,0.218291,0.941828,0.284481,0
8.33107,7.73775,7.88836,-0.0523079,1.76133,0.058458,0.102964,FGM,0.218291,0.284481,0.135273,0.218291,0.941828,0.284481,0
8.33494,7.73775,7.88836,-0.0523079,1.76133,0.058458,0.102964,FGM,0.218291,0.284481,0.135273,0.218291,0.941828,0.284481,0
8.33966,7.75516,7.88745,-0.051221,1.72516,0.166605,0.28742,FGM,0.218291,0.284481,0.135273,0.218291,0.941828,0.284481,0
8.34266,7.75516,7.88745,-0.051221,1.72516,0.166605,0.28742,FGM,0.218291,0.284481,0.135273,0.218291,0.941828,0.284481,0
8.34659,7.75516,7.88745,-0.051221,1.72516,0.166605,0.28742,FGM,0.215108,0.278388,0.138934,0.215108,0.941828,0.278388,0
8.35053,7.77225,7.88671,-0.0489073,1.69587,0.300039,0.508827,FGM,0.215108,0.278388,0.138934,0.215108,0.941828,0.278388,0
8.35439,7.77225,7.88671,-0.0489073,1.69587,0.300039,0.508827,FGM,0.215108,0.278388,0.138934,0.215108,0.941828,0.278388,0
8.3593,7.78907,7.88618,-0.0451883,1.66943,0.44556,0.743832,FGM,0.215108,0.278388,0.138934,0.215108,0.941828,0.278388,0
8.36255,7.78907,7.88618,-0.0451883,1.66943,0.44556,0.743832,FGM,0.215108,0.278388,0.138934,0.215108,0.941828,0.278388,0
8.36644,7.78907,7.88618,-0.0451883,1.66943,0.44556,0.743832,FGM,0.215108,0.278388,0.138934,0.215108,0.941828,0.278388,0
8.37061,7.80565,7.88588,-0.0403126,1.64802,0.501998,0.827305,FGM,0.215108,0.278388,0.138934,0.215108,0.941828,0.278388,0
8.37446,7.80565,7.88588,-0.0403126,1.64802,0.501998,0.827305,FGM,0.215108,0.278388,0.138934,0.215108,0.941828,0.278388,0
8.37932,7.82205,7.8857,-0.0355073,1.63069,0.445755,0.726886,FGM,0.215108,0.278388,0.138934,0.215108,0.941828,0.278388,0
8.38282,7.82205,7.8857,-0.0355073,1.63069,0.445755,0.726886,FGM,0.215108,0.278388,0.138934,0.215108,0.941828,0.278388,0
8.38688,7.82205,7.8857,-0.0355073,1.63069,0.445755,0.726886,FGM,0.215108,0.278388,0.138934,0.215108,0.941828,0.278388,0
8.39067,7.83828,7.88556,-0.0315654,1.61665,0.336393,0.543829,FGM,0.215108,0.278388,0.138934,0.215108,0.941828,0.278388,0
8.39483,7.83828,7.88556,-0.0315654,1.61665,0.336393,0.543829,FGM,0.215108,0.278388,0.138934,0.215108,0.941828,0.278388,0
8.39934,7.85439,7.88539,-0.0288536,1.60528,0.20314,0.326095,FRENET,0.124245,0.941828,0.124245,0,0.941828,0.323967,0
8.40256,7.85439,7.88539,-0.0288536,1.60528,0.20314,0.326095,FRENET,0.124245,0.941828,0.124245,0,0.941828,0.323967,0
8.40659,7.85439,7.88539,-0.0288536,1.60528,0.20314,0.326095,FRENET,0.124245,0.941828,0.124245,0,0.941828,0.323967,0
8.41054,7.87037,7.88514,-0.027543,1.59101,0.0577232,0.0918384,FRENET,0.124245,0.941828,0.124245,0,0.941828,0.323967,0
8.4145,7.87037,7.88514,-0.027543,1.59101,0.0577232,0.0918384,FRENET,0.124245,0.941828,0.124245,0,0.941828,0.323967,0
8.41923,7.88622,7.88476,-0.0277042,1.57946,-0.0904599,-0.142878,FRENET,0.124245,0.941828,0.124245,0,0.941828,0.323967,0
8.42245,7.88622,7.88476,-0.0277042,1.57946,-0.0904599,-0.142878,FRENET,0.124245,0.941828,0.124245,0,0.941828,0.323967,0
8.42632,7.88622,7.88476,-0.0277042,1.57946,-0.0904599,-0.142878,FRENET,0.124245,0.941828,0.124245,0,0.941828,0.323967,0
8.43043,7.90196,7.88425,-0.0290574,1.57011,-0.153187,-0.240521,FRENET,0.124245,0.941828,0.124245,0,0.941828,0.323967,0
8.43428,7.90196,7.88425,-0.0290574,1.57011,-0.153187,-0.240521,FRENET,0.124245,0.941828,0.124245,0,0.941828,0.323967,0
8.43914,7.91761,7.88369,-0.0304313,1.56254,-0.108392,-0.169366,FRENET,0.124245,0.941828,0.124245,0,0.941828,0.323967,0
8.4423,7.91761,7.88369,-0.0304313,1.56254,-0.108392,-0.169366,FRENET,0.124245,0.941828,0.124245,0,0.941828,0.323967,0
8.44643,7.91761,7.88369,-0.0304313,1.56254,-0.108392,-0.169366,FRENET,0.129913,0.939795,0.129913,0,0.939795,0.323571,0
8.45046,7.9332,7.88315,-0.0310633,1.5564,-0.0115709,-0.0180089,FRENET,0.129913,0.939795,0.129913,0,0.939795,0.323571,0
8.45451,7.9332,7.88315,-0.0310633,1.5564,-0.0115709,-0.0180089,FRENET,0.129913,0.939795,0.129913,0,0.939795,0.323571,0
8.45936,7.94856,7.88271,-0.0305106,1.51841,0.124743,0.18941,FRENET,0.129913,0.939795,0.129913,0,0.939795,0.323571,0
8.46255,7.94856,7.88271,-0.0305106,1.51841,0.124743,0.18941,FRENET,0.129913,0.939795,0.129913,0,0.939795,0.323571,0
8.46647,7.94856,7.88271,-0.0305106,1.51841,0.124743,0.18941,FRENET,0.129913,0.939795,0.129913,0,0.939795,0.323571,0
8.47064,7.96359,7.88243,-0.0285688,1.48764,0.264531,0.393528,FRENET,0.129913,0.939795,0.129913,0,0.939795,0.323571,0
8.47442,7.96359,7.88243,-0.0285688,1.48764,0.264531,0.393528,FRENET,0.129913,0.939795,0.129913,0,0.939795,0.323571,0
8.47928,7.97834,7.88233,-0.0252396,1.46273,0.40168,0.587549,FRENET,0.129913,0.939795,0.129913,0,0.939795,0.323571,0
8.48251,7.97834,7.88233,-0.0252396,1.46273,0.40168,0.587549,FRENET,0.129913,0.939795,0.129913,0,0.939795,0.323571,0
8.48638,7.97834,7.88233,-0.0252396,1.46273,0.40168,0.587549,FRENET,0.129913,0.939795,0.129913,0,0.939795,0.323571,0
8.49058,7.99287,7.88242,-0.0208555,1.44255,0.447378,0.645366,FRENET,0.129913,0.939795,0.129913,0,0.939795,0.323571,0
8.49441,7.99287,7.88242,-0.0208555,1.44255,0.447378,0.645366,FRENET,0.129913,0.939795,0.129913,0,0.939795,0.323571,0
8.49924,8.00721,7.88263,-0.0163258,1.42622,0.474003,0.67603,FRENET,0.144095,0.939795,0.144095,0,0.939795,0.305055,0
8.50248,8.00721,7.88263,-0.0163258,1.42622,0.474003,0.67603,FRENET,0.144095,0.939795,0.144095,0,0.939795,0.305055,0
8.50654,8.00721,7.88263,-0.0163258,1.42622,0.474003,0.67603,FRENET,0.144095,0.939795,0.144095,0,0.939795,0.305055,0
8.51043,8.0214,7.88297,-0.0114986,1.41299,0.471396,0.666075,FRENET,0.144095,0.939795,0.144095,0,0.939795,0.305055,0
8.51461,8.0214,7.88297,-0.0114986,1.41299,0.471396,0.666075,FRENET,0.144095,0.939795,0.144095,0,0.939795,0.305055,0
8.51923,8.03547,7.8834,-0.00684321,1.40227,0.4779,0.670145,FRENET,0.144095,0.939795,0.144095,0,0.939795,0.305055,0
8.52248,8.03547,7.8834,-0.00684321,1.40227,0.4779,0.670145,FRENET,0.144095,0.939795,0.144095,0,0.939795,0.305055,0
8.52645,8.03547,7.8834,-0.00684321,1.40227,0.4779,0.670145,FRENET,0.144095,0.939795,0.144095,0,0.939795,0.305055,0
8.53053,8.04944,7.88392,-0.00202234,1.39359,0.467893,0.652053,FRENET,0.144095,0.939795,0.144095,0,0.939795,0.305055,0
8.53443,8.04944,7.88392,-0.00202234,1.39359,0.467893,0.652053,FRENET,0.144095,0.939795,0.144095,0,0.939795,0.305055,0
8.53917,8.06333,7.88452,0.00258583,1.38657,0.472182,0.654713,FRENET,0.144095,0.939795,0.144095,0,0.939795,0.305055,0
8.54256,8.06333,7.88452,0.00258583,1.38657,0.472182,0.654713,FRENET,0.144095,0.939795,0.144095,0,0.939795,0.305055,0
8.5465,8.06333,7.88452,0.00258583,1.38657,0.472182,0.654713,FRENET,0.141914,0.939795,0.141914,0,0.939795,0.327591,0
8.55048,8.07715,7.8852,0.00734762,1.38088,0.462158,0.638184,FRENET,0.141914,0.939795,0.141914,0,0.939795,0.327591,0
8.55446,8.07715,7.8852,0.00734762,1.38088,0.462158,0.638184,FRENET,0.141914,0.939795,0.141914,0,0.939795,0.327591,0
8.55913,8.09098,7.88594,0.0118892,1.38837,0.464433,0.644803,FRENET,0.141914,0.939795,0.141914,0,0.939795,0.327591,0
8.56249,8.09098,7.88594,0.0118892,1.38837,0.464433,0.644803,FRENET,0.141914,0.939795,0.141914,0,0.939795,0.327591,0
8.56649,8.09098,7.88594,0.0118892,1.38837,0.464433,0.644803,FRENET,0.141914,0.939795,0.141914,0,0.939795,0.327591,0
8.57042,8.10487,7.88676,0.0165821,1.3955,0.45746,0.638383,FRENET,0.141914,0.939795,0.141914,0,0.939795,0.327591,0
8.57434,8.10487,7.88676,0.0165821,1.3955,0.45746,0.638383,FRENET,0.141914,0.939795,0.141914,0,0.939795,0.327591,0
8.57916,8.11883,7.88763,0.0208451,1.40229,0.387283,0.543083,FRENET,0.141914,0.939795,0.141914,0,0.939795,0.327591,0
8.58223,8.11883,7.88763,0.0208451,1.40229,0.387283,0.543083,FRENET,0.141914,0.939795,0.141914,0,0.939795,0.327591,0
8.58643,8.11883,7.88763,0.0208451,1.40229,0.387283,0.543083,FRENET,0.141914,0.939795,0.141914,0,0.939795,0.327591,0
8.59099,8.13286,7.88848,0.0243669,1.40876,0.32585,0.459043,FRENET,0.141914,0.939795,0.141914,0,0.939795,0.327591,0
8.59487,8.13286,7.88848,0.0243669,1.40876,0.32585,0.459043,FRENET,0.141914,0.939795,0.141914,0,0.939795,0.327591,0
8.59963,8.14696,7.88931,0.0273294,1.41492,0.258036,0.3651,FRENET,0.112643,0.932499,0.112643,0.214725,0.932499,0.302866,0
8.60224,8.14696,7.88931,0.0273294,1.41492,0.258036,0.3651,FRENET,0.112643,0.932499,0.112643,0.214725,0.932499,0.302866,0
8.60638,8.14696,7.88931,0.0273294,1.41492,0.258036,0.3651,FRENET,0.112643,0.932499,0.112643,0.214725,0.932499,0.302866,0
8.61027,8.16095,7.89009,0.0296647,1.38718,0.233368,0.323724,FRENET,0.112643,0.932499,0.112643,0.214725,0.932499,0.302866,0
8.61432,8.16095,7.89009,0.0296647,1.38718,0.233368,0.323724,FRENET,0.112643,0.932499,0.112643,0.214725,0.932499,0.302866,0
8.61907,8.17468,7.89087,0.031964,1.36472,0.208933,0.285136,FRENET,0.112643,0.932499,0.112643,0.214725,0.932499,0.302866,0
8.62258,8.17468,7.89087,0.031964,1.36472,0.208933,0.285136,FRENET,0.112643,0.932499,0.112643,0.214725,0.932499,0.302866,0
8.62657,8.17468,7.89087,0.031964,1.36472,0.208933,0.285136,FRENET,0.112643,0.932499,0.112643,0.214725,0.932499,0.302866,0
8.63054,8.18822,7.89163,0.0339477,1.34653,0.20803,0.280119,FRENET,0.112643,0.932499,0.112643,0.214725,0.932499,0.302866,0
8.63427,8.18822,7.89163,0.0339477,1.34653,0.20803,0.280119,FRENET,0.112643,0.932499,0.112643,0.214725,0.932499,0.302866,0
8.63916,8.20159,7.89243,0.0363388,1.3318,0.278934,0.371486,FRENET,0.112643,0.932499,0.112643,0.214725,0.932499,0.302866,0
8.64243,8.20159,7.89243,0.0363388,1.3318,0.278934,0.371486,FRENET,0.112643,0.932499,0.112643,0.214725,0.932499,0.302866,0
8.64632,8.20159,7.89243,0.0363388,1.3318,0.278934,0.371486,FRENET,0.112643,0.932499,0.112643,0.214725,0.932499,0.302866,0
8.6504,8.21482,7.89331,0.0393298,1.31988,0.2961,0.390816,FRENET,0.103136,0.932499,0.103136,0.215595,0.932499,0.303542,0
8.65442,8.21482,7.89331,0.0393298,1.31988,0.2961,0.390816,FRENET,0.103136,0.932499,0.103136,0.215595,0.932499,0.303542,0
8.65933,8.22793,7.89423,0.042291,1.31022,0.313024,0.41013,FRENET,0.103136,0.932499,0.103136,0.215595,0.932499,0.303542,0
8.66243,8.22793,7.89423,0.042291,1.31022,0.313024,0.41013,FRENET,0.103136,0.932499,0.103136,0.215595,0.932499,0.303542,0
8.66644,8.22793,7.89423,0.042291,1.31022,0.313024,0.41013,FRENET,0.103136,0.932499,0.103136,0.215595,0.932499,0.303542,0
8.67025,8.24096,7.89522,0.04549,1.3024,0.307611,0.400632,FRENET,0.103136,0.932499,0.103136,0.215595,0.932499,0.303542,0
8.67441,8.24096,7.89522,0.04549,1.3024,0.307611,0.400632,FRENET,0.103136,0.932499,0.103136,0.215595,0.932499,0.303542,0
8.67909,8.25391,7.89623,0.0485139,1.29606,0.315386,0.40876,FRENET,0.103136,0.932499,0.103136,0.215595,0.932499,0.303542,0
8.68241,8.25391,7.89623,0.0485139,1.29606,0.315386,0.40876,FRENET,0.103136,0.932499,0.103136,0.215595,0.932499,0.303542,0
8.68657,8.25391,7.89623,0.0485139,1.29606,0.315386,0.40876,FRENET,0.103136,0.932499,0.103136,0.215595,0.932499,0.303542,0
8.69048,8.2668,7.89731,0.0517157,1.29093,0.30663,0.395839,FRENET,0.103136,0.932499,0.103136,0.215595,0.932499,0.303542,0
8.69446,8.2668,7.89731,0.0517157,1.29093,0.30663,0.395839,FRENET,0.103136,0.932499,0.103136,0.215595,0.932499,0.303542,0
8.69953,8.27964,7.89841,0.0547241,1.28678,0.31334,0.403199,FGM,0.217826,0.311189,0.117126,0.217826,0.932499,0.311189,0
8.70262,8.27964,7.89841,0.0547241,1.28678,0.31334,0.403199,FGM,0.217826,0.311189,0.117126,0.217826,0.932499,0.311189,0
8.7063,8.27964,7.89841,0.0547241,1.28678,0.31334,0.403199,FGM,0.217826,0.311189,0.117126,0.217826,0.932499,0.311189,0
8.71052,8.29253,7.89958,0.0578877,1.3002,0.303612,0.394755,FGM,0.217826,0.311189,0.117126,0.217826,0.932499,0.311189,0
8.71441,8.29253,7.89958,0.0578877,1.3002,0.303612,0.394755,FGM,0.217826,0.311189,0.117126,0.217826,0.932499,0.311189,0
8.71913,8.30554,7.90078,0.0608766,1.31298,0.311391,0.40885,FGM,0.217826,0.311189,0.117126,0.217826,0.932499,0.311189,0
8.72241,8.30554,7.90078,0.0608766,1.31298,0.311391,0.40885,FGM,0.217826,0.311189,0.117126,0.217826,0.932499,0.311189,0
8.72614,8.30554,7.90078,0.0608766,1.31298,0.311391,0.40885,FGM,0.217826,0.311189,0.117126,0.217826,0.932499,0.311189,0
8.73035,8.31867,7.90205,0.0640507,1.32515,0.30667,0.406385,FGM,0.217826,0.311189,0.117126,0.217826,0.932499,0.311189,0
8.73439,8.31867,7.90205,0.0640507,1.32515,0.30667,0.406385,FGM,0.217826,0.311189,0.117126,0.217826,0.932499,0.311189,0
8.73902,8.33191,7.90334,0.0668234,1.33675,0.240203,0.321091,FGM,0.217826,0.311189,0.117126,0.217826,0.932499,0.311189,0
8.74252,8.33191,7.90334,0.0668234,1.33675,0.240203,0.321091,FGM,0.217826,0.311189,0.117126,0.217826,0.932499,0.311189,0
8.74628,8.33191,7.90334,0.0668234,1.33675,0.240203,0.321091,FGM,0.217826,0.311189,0.117126,0.217826,0.932499,0.311189,0
8.75033,8.34528,7.90459,0.0687648,1.34779,0.144347,0.19455,FGM,0.220398,0.313278,0.103963,0.220398,0.930898,0.313278,0
8.75436,8.34528,7.90459,0.0687648,1.34779,0.144347,0.19455,FGM,0.220398,0.313278,0.103963,0.220398,0.930898,0.313278,0
8.75907,8.35876,7.90574,0.0696646,1.35872,0.0336579,0.0457318,FGM,0.220398,0.313278,0.103963,0.220398,0.930898,0.313278,0
8.76227,8.35876,7.90574,0.0696646,1.35872,0.0336579,0.0457318,FGM,0.220398,0.313278,0.103963,0.220398,0.930898,0.313278,0
8.76643,8.35876,7.90574,0.0696646,1.35872,0.0336579,0.0457318,FGM,0.220398,0.313278,0.103963,0.220398,0.930898,0.313278,0
8.77049,8.37236,7.90678,0.0694108,1.36913,-0.0855548,-0.117136,FGM,0.220398,0.313278,0.103963,0.220398,0.930898,0.313278,0
8.77441,8.37236,7.90678,0.0694108,1.36913,-0.0855548,-0.117136,FGM,0.220398,0.313278,0.103963,0.220398,0.930898,0.313278,0
8.77908,8.38607,7.90765,0.067936,1.37905,-0.21011,-0.289752,FGM,0.220398,0.313278,0.103963,0.220398,0.930898,0.313278,0
8.78248,8.38607,7.90765,0.067936,1.37905,-0.21011,-0.289752,FGM,0.220398,0.313278,0.103963,0.220398,0.930898,0.313278,0
8.78642,8.38607,7.90765,0.067936,1.37905,-0.21011,-0.289752,FGM,0.220398,0.313278,0.103963,0.220398,0.930898,0.313278,0
8.7905,8.39989,7.90834,0.065196,1.38849,-0.338375,-0.469831,FGM,0.220398,0.313278,0.103963,0.220398,0.930898,0.313278,0
8.7943,8.39989,7.90834,0.065196,1.38849,-0.338375,-0.469831,FGM,0.220398,0.313278,0.103963,0.220398,0.930898,0.313278,0
8.79909,8.41382,7.90882,0.0611586,1.39748,-0.469448,-0.656047,FGM,0.221321,0.313251,0.125068,0.221321,0.930898,0.313251,0
8.80236,8.41382,7.90882,0.0611586,1.39748,-0.469448,-0.656047,FGM,0.221321,0.313251,0.125068,0.221321,0.930898,0.313251,0
8.80622,8.41382,7.90882,0.0611586,1.39748,-0.469448,-0.656047,FGM,0.221321,0.313251,0.125068,0.221321,0.930898,0.313251,0
8.81031,8.42783,7.90909,0.0560632,1.40634,-0.52496,-0.738274,FGM,0.221321,0.313251,0.125068,0.221321,0.930898,0.313251,0
8.81458,8.42783,7.90909,0.0560632,1.40634,-0.52496,-0.738274,FGM,0.221321,0.313251,0.125068,0.221321,0.930898,0.313251,0
8.81938,8.44194,7.90921,0.0506826,1.41478,-0.564513,-0.798663,FGM,0.221321,0.313251,0.125068,0.221321,0.930898,0.313251,0
8.82249,8.44194,7.90921,0.0506826,1.41478,-0.564513,-0.798663,FGM,0.221321,0.313251,0.125068,0.221321,0.930898,0.313251,0
8.82638,8.44194,7.90921,0.0506826,1.41478,-0.564513,-0.798663,FGM,0.221321,0.313251,0.125068,0.221321,0.930898,0.313251,0
8.83054,8.45612,7.90918,0.044881,1.42282,-0.57695,-0.820897,FGM,0.221321,0.313251,0.125068,0.221321,0.930898,0.313251,0
8.83449,8.45612,7.90918,0.044881,1.42282,-0.57695,-0.820897,FGM,0.221321,0.313251,0.125068,0.221321,0.930898,0.313251,0
8.83936,8.47039,7.90904,0.0391004,1.43048,-0.595266,-0.851513,FGM,0.221321,0.313251,0.125068,0.221321,0.930898,0.313251,0
8.84244,8.47039,7.90904,0.0391004,1.43048,-0.595266,-0.851513,FGM,0.221321,0.313251,0.125068,0.221321,0.930898,0.313251,0
8.84655,8.47039,7.90904,0.0391004,1.43048,-0.595266,-0.851513,FGM,0.222068,0.304213,0.110559,0.222068,0.930898,0.304213,0
8.85088,8.48473,7.90878,0.0330515,1.43777,-0.596906,-0.858212,FGM,0.222068,0.304213,0.110559,0.222068,0.930898,0.304213,0
8.85449,8.48473,7.90878,0.0330515,1.43777,-0.596906,-0.858212,FGM,0.222068,0.304213,0.110559,0.222068,0.930898,0.304213,0
8.85947,8.49914,7.90844,0.027371,1.44489,-0.530736,-0.766854,FGM,0.222068,0.304213,0.110559,0.222068,0.930898,0.304213,0
8.86252,8.49914,7.90844,0.027371,1.44489,-0.530736,-0.766854,FGM,0.222068,0.304213,0.110559,0.222068,0.930898,0.304213,0
8.86645,8.49914,7.90844,0.027371,1.44489,-0.530736,-0.766854,FGM,0.222068,0.304213,0.110559,0.222068,0.930898,0.304213,0
8.87046,8.51362,7.90808,0.0222725,1.45167,-0.510023,-0.740386,FGM,0.222068,0.304213,0.110559,0.222068,0.930898,0.304213,0
8.87448,8.51362,7.90808,0.0222725,1.45167,-0.510023,-0.740386,FGM,0.222068,0.304213,0.110559,0.222068,0.930898,0.304213,0
8.87954,8.52816,7.90766,0.0171876,1.45813,-0.491699,-0.716961,FGM,0.222068,0.304213,0.110559,0.222068,0.930898,0.304213,0
8.88252,8.52816,7.90766,0.0171876,1.45813,-0.491699,-0.716961,FGM,0.222068,0.304213,0.110559,0.222068,0.930898,0.304213,0
8.88655,8.52816,7.90766,0.0171876,1.45813,-0.491699,-0.716961,FGM,0.222068,0.304213,0.110559,0.222068,0.930898,0.304213,0
8.89049,8.54276,7.9072,0.0123528,1.46428,-0.493232,-0.722232,FGM,0.222068,0.304213,0.110559,0.222068,0.930898,0.304213,0
8.89462,8.54276,7.9072,0.0123528,1.46428,-0.493232,-0.722232,FGM,0.222068,0.304213,0.110559,0.222068,0.930898,0.304213,0
8.89943,8.55743,7.90666,0.00737576,1.47015,-0.485428,-0.713649,FGM,0.223217,0.301053,0.15109,0.223217,0.936932,0.301053,0
8.90247,8.55743,7.90666,0.00737576,1.47015,-0.485428,-0.713649,FGM,0.223217,0.301053,0.15109,0.223217,0.936932,0.301053,0
8.90645,8.55743,7.90666,0.00737576,1.47015,-0.485428,-0.713649,FGM,0.223217,0.301053,0.15109,0.223217,0.936932,0.301053,0
8.91067,8.57214,7.90606,0.00257589,1.47584,-0.491875,-0.725928,FGM,0.223217,0.301053,0.15109,0.223217,0.936932,0.301053,0
8.9145,8.57214,7.90606,0.00257589,1.47584,-0.491875,-0.725928,FGM,0.223217,0.301053,0.15109,0.223217,0.936932,0.301053,0
8.91933,8.58691,7.90539,-0.00240132,1.48126,-0.486484,-0.720609,FGM,0.223217,0.301053,0.15109,0.223217,0.936932,0.301053,0
8.92252,8.58691,7.90539,-0.00240132,1.48126,-0.486484,-0.720609,FGM,0.223217,0.301053,0.15109,0.223217,0.936932,0.301053,0
8.92636,8.58691,7.90539,-0.00240132,1.48126,-0.486484,-0.720609,FGM,0.223217,0.301053,0.15109,0.223217,0.936932,0.301053,0
8.93078,8.60173,7.90466,-0.00721804,1.48642,-0.494055,-0.734375,FGM,0.223217,0.301053,0.15109,0.223217,0.936932,0.301053,0
8.93456,8.60173,7.90466,-0.00721804,1.48642,-0.494055,-0.734375,FGM,0.223217,0.301053,0.15109,0.223217,0.936932,0.301053,0
8.93918,8.6166,7.90384,-0.0122203,1.49134,-0.489216,-0.729588,FGM,0.223217,0.301053,0.15109,0.223217,0.936932,0.301053,0
8.94233,8.6166,7.90384,-0.0122203,1.49134,-0.489216,-0.729588,FGM,0.223217,0.301053,0.15109,0.223217,0.936932,0.301053,0
8.94647,8.6166,7.90384,-0.0122203,1.49134,-0.489216,-0.729588,FGM,0.222707,0.296918,0.131823,0.222707,0.936932,0.296918,0
8.95055,8.63151,7.90296,-0.0170653,1.49603,-0.496968,-0.743478,FGM,0.222707,0.296918,0.131823,0.222707,0.936932,0.296918,0
8.95445,8.63151,7.90296,-0.0170653,1.49603,-0.496968,-0.743478,FGM,0.222707,0.296918,0.131823,0.222707,0.936932,0.296918,0
8.95916,8.64646,7.902,-0.0220973,1.50052,-0.492201,-0.738557,FGM,0.222707,0.296918,0.131823,0.222707,0.936932,0.296918,0
8.9625,8.64646,7.902,-0.0220973,1.50052,-0.492201,-0.738557,FGM,0.222707,0.296918,0.131823,0.222707,0.936932,0.296918,0
8.96643,8.64646,7.902,-0.0220973,1.50052,-0.492201,-0.738557,FGM,0.222707,0.296918,0.131823,0.222707,0.936932,0.296918,0
8.97041,8.66146,7.90098,-0.0269718,1.5048,-0.4999,-0.752247,FGM,0.222707,0.296918,0.131823,0.222707,0.936932,0.296918,0
8.97422,8.66146,7.90098,-0.0269718,1.5048,-0.4999,-0.752247,FGM,0.222707,0.296918,0.131823,0.222707,0.936932,0.296918,0
8.97913,8.67648,7.89986,-0.0320331,1.50887,-0.495097,-0.747036,FGM,0.222707,0.296918,0.131823,0.222707,0.936932,0.296918,0
8.98235,8.67648,7.89986,-0.0320331,1.50887,-0.495097,-0.747036,FGM,0.222707,0.296918,0.131823,0.222707,0.936932,0.296918,0
8.9865,8.67648,7.89986,-0.0320331,1.50887,-0.495097,-0.747036,FGM,0.222707,0.296918,0.131823,0.222707,0.936932,0.296918,0
8.99047,8.69155,7.89871,-0.0366629,1.51275,-0.422367,-0.638935,FGM,0.222707,0.296918,0.131823,0.222707,0.936932,0.296918,0
8.99433,8.69155,7.89871,-0.0366629,1.51275,-0.422367,-0.638935,FGM,0.222707,0.296918,0.131823,0.222707,0.936932,0.296918,0
8.99912,8.70665,7.89756,-0.0406485,1.51644,-0.396231,-0.600863,FGM,0,0.307446,0.119703,0,0.936932,0.307446,0
9.00238,8.70665,7.89756,-0.0406485,1.51644,-0.396231,-0.600863,FGM,0,0.307446,0.119703,0,0.936932,0.307446,0
9.0064,8.70665,7.89756,-0.0406485,1.51644,-0.396231,-0.600863,FGM,0,0.307446,0.119703,0,0.936932,0.307446,0
9.01026,8.72216,7.89633,-0.0445241,1.59546,-0.372167,-0.593779,FGM,0,0.307446,0.119703,0,0.936932,0.307446,0
9.01423,8.72216,7.89633,-0.0445241,1.59546,-0.372167,-0.593779,FGM,0,0.307446,0.119703,0,0.936932,0.307446,0
9.01913,8.73844,7.89502,-0.0481795,1.67072,-0.37235,-0.622094,FGM,0,0.307446,0.119703,0,0.936932,0.307446,0
9.02232,8.73844,7.89502,-0.0481795,1.67072,-0.37235,-0.622094,FGM,0,0.307446,0.119703,0,0.936932,0.307446,0
9.02636,8.73844,7.89502,-0.0481795,1.67072,-0.37235,-0.622094,FGM,0,0.307446,0.119703,0,0.936932,0.307446,0
9.03037,8.75545,7.89361,-0.0519629,1.74241,-0.373188,-0.650245,FGM,0,0.307446,0.119703,0,0.936932,0.307446,0
9.03427,8.75545,7.89361,-0.0519629,1.74241,-0.373188,-0.650245,FGM,0,0.307446,0.119703,0,0.936932,0.307446,0
9.03912,8.77315,7.89212,-0.0554838,1.81068,-0.324007,-0.586674,FGM,0,0.307446,0.119703,0,0.936932,0.307446,0
9.04228,8.77315,7.89212,-0.0554838,1.81068,-0.324007,-0.586674,FGM,0,0.307446,0.119703,0,0.936932,0.307446,0
9.04666,8.77315,7.89212,-0.0554838,1.81068,-0.324007,-0.586674,FGM,0,0.307446,0.119703,0,0.936932,0.307446,0
9.05057,8.79152,7.89061,-0.0583318,1.87571,-0.240802,-0.451674,FRENET,0.146206,0.943906,0.146206,0.00359102,0.943906,0.328301,0
9.05468,8.79152,7.89061,-0.0583318,1.87571,-0.240802,-0.451674,FRENET,0.146206,0.943906,0.146206,0.00359102,0.943906,0.328301,0
9.05923,8.80974,7.88919,-0.0601624,1.78061,-0.160908,-0.286514,FRENET,0.146206,0.943906,0.146206,0.00359102,0.943906,0.328301,0
9.06239,8.80974,7.88919,-0.0601624,1.78061,-0.160908,-0.286514,FRENET,0.146206,0.943906,0.146206,0.00359102,0.943906,0.328301,0
9.0664,8.80974,7.88919,-0.0601624,1.78061,-0.160908,-0.286514,FRENET,0.146206,0.943906,0.146206,0.00359102,0.943906,0.328301,0
9.07029,8.82711,7.88787,-0.0616114,1.7025,-0.110624,-0.188337,FRENET,0.146206,0.943906,0.146206,0.00359102,0.943906,0.328301,0
9.07439,8.82711,7.88787,-0.0616114,1.7025,-0.110624,-0.188337,FRENET,0.146206,0.943906,0.146206,0.00359102,0.943906,0.328301,0
9.07918,8.84378,7.88667,-0.0621805,1.63924,0.00506365,0.00830056,FRENET,0.146206,0.943906,0.146206,0.00359102,0.943906,0.328301,0
9.08226,8.84378,7.88667,-0.0621805,1.63924,0.00506365,0.00830056,FRENET,0.146206,0.943906,0.146206,0.00359102,0.943906,0.328301,0
9.08641,8.84378,7.88667,-0.0621805,1.63924,0.00506365,0.00830056,FRENET,0.146206,0.943906,0.146206,0.00359102,0.943906,0.328301,0
9.09042,8.85988,7.88565,-0.0614526,1.58802,0.144002,0.228678,FRENET,0.146206,0.943906,0.146206,0.00359102,0.943906,0.328301,0
9.0944,8.85988,7.88565,-0.0614526,1.58802,0.144002,0.228678,FRENET,0.146206,0.943906,0.146206,0.00359102,0.943906,0.328301,0
9.09899,8.87571,7.88481,-0.0594392,1.58304,0.262596,0.4157,FRENET,0.138667,0.943906,0.138667,0.0355577,0.943906,0.354897,0
9.10245,8.87571,7.88481,-0.0594392,1.58304,0.262596,0.4157,FRENET,0.138667,0.943906,0.138667,0.0355577,0.943906,0.354897,0
9.10653,8.87571,7.88481,-0.0594392,1.58304,0.262596,0.4157,FRENET,0.138667,0.943906,0.138667,0.0355577,0.943906,0.354897,0
9.11055,8.89151,7.88415,-0.0561562,1.579,0.395993,0.625275,FRENET,0.138667,0.943906,0.138667,0.0355577,0.943906,0.354897,0
9.1145,8.89151,7.88415,-0.0561562,1.579,0.395993,0.625275,FRENET,0.138667,0.943906,0.138667,0.0355577,0.943906,0.354897,0
9.11938,8.90728,7.88371,-0.0517826,1.57574,0.453186,0.714102,FRENET,0.138667,0.943906,0.138667,0.0355577,0.943906,0.354897,0
9.1225,8.90728,7.88371,-0.0517826,1.57574,0.453186,0.714102,FRENET,0.138667,0.943906,0.138667,0.0355577,0.943906,0.354897,0
9.12651,8.90728,7.88371,-0.0517826,1.57574,0.453186,0.714102,FRENET,0.138667,0.943906,0.138667,0.0355577,0.943906,0.354897,0
9.13056,8.92302,7.88337,-0.0474137,1.57309,0.407911,0.641682,FRENET,0.138667,0.943906,0.138667,0.0355577,0.943906,0.354897,0
9.13454,8.92302,7.88337,-0.0474137,1.57309,0.407911,0.641682,FRENET,0.138667,0.943906,0.138667,0.0355577,0.943906,0.354897,0
9.13926,8.93873,7.8831,-0.0435016,1.57095,0.394629,0.619941,FRENET,0.138667,0.943906,0.138667,0.0355577,0.943906,0.354897,0
9.14249,8.93873,7.8831,-0.0435016,1.57095,0.394629,0.619941,FRENET,0.138667,0.943906,0.138667,0.0355577,0.943906,0.354897,0
9.1465,8.93873,7.8831,-0.0435016,1.57095,0.394629,0.619941,FRENET,0.13579,0.943906,0.13579,0.0583151,0.943906,0.373,0
9.15061,8.95443,7.88291,-0.0395529,1.56921,0.37874,0.594323,FRENET,0.13579,0.943906,0.13579,0.0583151,0.943906,0.373,0
9.15453,8.95443,7.88291,-0.0395529,1.56921,0.37874,0.594323,FRENET,0.13579,0.943906,0.13579,0.0583151,0.943906,0.373,0
9.15924,8.97012,7.88276,-0.0358504,1.56781,0.379983,0.595741,FRENET,0.13579,0.943906,0.13579,0.0583151,0.943906,0.373,0
9.16245,8.97012,7.88276,-0.0358504,1.56781,0.379983,0.595741,FRENET,0.13579,0.943906,0.13579,0.0583151,0.943906,0.373,0
9.16653,8.97012,7.88276,-0.0358504,1.56781,0.379983,0.595741,FRENET,0.13579,0.943906,0.13579,0.0583151,0.943906,0.373,0
9.17043,8.98579,7.8827,-0.0320076,1.56667,0.371306,0.581714,FRENET,0.13579,0.943906,0.13579,0.0583151,0.943906,0.373,0
9.17445,8.98579,7.8827,-0.0320076,1.56667,0.371306,0.581714,FRENET,0.13579,0.943906,0.13579,0.0583151,0.943906,0.373,0
9.17933,9.00145,7.88269,-0.0283591,1.56575,0.376118,0.588907,FRENET,0.13579,0.943906,0.13579,0.0583151,0.943906,0.373,0
9.18253,9.00145,7.88269,-0.0283591,1.56575,0.376118,0.588907,FRENET,0.13579,0.943906,0.13579,0.0583151,0.943906,0.373,0
9.18655,9.00145,7.88269,-0.0283591,1.56575,0.376118,0.588907,FRENET,0.13579,0.943906,0.13579,0.0583151,0.943906,0.373,0
9.19045,9.01711,7.88275,-0.0245451,1.565,0.369235,0.577854,FRENET,0.13579,0.943906,0.13579,0.0583151,0.943906,0.373,0
9.19446,9.01711,7.88275,-0.0245451,1.565,0.369235,0.577854,FRENET,0.13579,0.943906,0.13579,0.0583151,0.943906,0.373,0
9.19914,9.03275,7.88285,-0.0209121,1.5644,0.374945,0.586564,FRENET,0.142914,0.93846,0.142914,0,0.93846,0.314508,0
9.20251,9.03275,7.88285,-0.0209121,1.5644,0.374945,0.586564,FRENET,0.142914,0.93846,0.142914,0,0.93846,0.314508,0
9.20649,9.03275,7.88285,-0.0209121,1.5644,0.374945,0.586564,FRENET,0.142914,0.93846,0.142914,0,0.93846,0.314508,0
9.21048,9.04817,7.88303,-0.017043,1.51997,0.375317,0.570469,FRENET,0.142914,0.93846,0.142914,0,0.93846,0.314508,0
9.21458,9.04817,7.88303,-0.017043,1.51997,0.375317,0.570469,FRENET,0.142914,0.93846,0.142914,0,0.93846,0.314508,0
9.21921,9.06319,7.88325,-0.0133646,1.48398,0.380013,0.563933,FRENET,0.142914,0.93846,0.142914,0,0.93846,0.314508,0
9.22247,9.06319,7.88325,-0.0133646,1.48398,0.380013,0.563933,FRENET,0.142914,0.93846,0.142914,0,0.93846,0.314508,0
9.22648,9.06319,7.88325,-0.0133646,1.48398,0.380013,0.563933,FRENET,0.142914,0.93846,0.142914,0,0.93846,0.314508,0
9.23045,9.07788,7.88356,-0.0092339,1.45485,0.455196,0.662239,FRENET,0.142914,0.93846,0.142914,0,0.93846,0.314508,0
9.23447,9.07788,7.88356,-0.0092339,1.45485,0.455196,0.662239,FRENET,0.142914,0.93846,0.142914,0,0.93846,0.314508,0
9.23912,9.09244,7.884,-0.00454818,1.45739,0.462935,0.674674,FRENET,0.142914,0.93846,0.142914,0,0.93846,0.314508,0
9.24238,9.09244,7.884,-0.00454818,1.45739,0.462935,0.674674,FRENET,0.142914,0.93846,0.142914,0,0.93846,0.314508,0
9.2465,9.09244,7.884,-0.00454818,1.45739,0.462935,0.674674,FRENET,0.121709,0.93846,0.121709,0.217884,0.93846,0.304217,0
9.2504,9.10701,7.88453,7.05976e-05,1.4598,0.477439,0.696968,FRENET,0.121709,0.93846,0.121709,0.217884,0.93846,0.304217,0
9.25434,9.10701,7.88453,7.05976e-05,1.4598,0.477439,0.696968,FRENET,0.121709,0.93846,0.121709,0.217884,0.93846,0.304217,0
9.25923,9.12161,7.88517,0.00492552,1.46211,0.475693,0.695514,FRENET,0.121709,0.93846,0.121709,0.217884,0.93846,0.304217,0
9.26234,9.12161,7.88517,0.00492552,1.46211,0.475693,0.695514,FRENET,0.121709,0.93846,0.121709,0.217884,0.93846,0.304217,0
9.26643,9.12161,7.88517,0.00492552,1.46211,0.475693,0.695514,FRENET,0.121709,0.93846,0.121709,0.217884,0.93846,0.304217,0
9.27051,9.13623,7.88586,0.00937126,1.4643,0.404877,0.592863,FRENET,0.121709,0.93846,0.121709,0.217884,0.93846,0.304217,0
9.27461,9.13623,7.88586,0.00937126,1.4643,0.404877,0.592863,FRENET,0.121709,0.93846,0.121709,0.217884,0.93846,0.304217,0
9.27918,9.15086,7.88656,0.0131924,1.46639,0.380959,0.558635,FRENET,0.121709,0.93846,0.121709,0.217884,0.93846,0.304217,0
9.28249,9.15086,7.88656,0.0131924,1.46639,0.380959,0.558635,FRENET,0.121709,0.93846,0.121709,0.217884,0.93846,0.304217,0
9.2868,9.15086,7.88656,0.0131924,1.46639,0.380959,0.558635,FRENET,0.121709,0.93846,0.121709,0.217884,0.93846,0.304217,0
9.29061,9.16552,7.88731,0.0169748,1.46838,0.360037,0.528672,FRENET,0.121709,0.93846,0.121709,0.217884,0.93846,0.304217,0
9.29454,9.16552,7.88731,0.0169748,1.46838,0.360037,0.528672,FRENET,0.121709,0.93846,0.121709,0.217884,0.93846,0.304217,0
9.29912,9.18019,7.88807,0.0204815,1.47028,0.359691,0.528847,FRENET,0.11951,0.93846,0.11951,0.000224763,0.93846,0.336714,0
9.30257,9.18019,7.88807,0.0204815,1.47028,0.359691,0.528847,FRENET,0.11951,0.93846,0.11951,0.000224763,0.93846,0.336714,0
9.30663,9.18019,7.88807,0.0204815,1.47028,0.359691,0.528847,FRENET,0.11951,0.93846,0.11951,0.000224763,0.93846,0.336714,0
9.31061,9.19488,7.8889,0.0241151,1.47209,0.350015,0.515253,FRENET,0.11951,0.93846,0.11951,0.000224763,0.93846,0.336714,0
9.31462,9.19488,7.8889,0.0241151,1.47209,0.350015,0.515253,FRENET,0.11951,0.93846,0.11951,0.000224763,0.93846,0.336714,0
9.31921,9.20958,7.88975,0.0275521,1.47381,0.355061,0.523291,FRENET,0.11951,0.93846,0.11951,0.000224763,0.93846,0.336714,0
9.32253,9.20958,7.88975,0.0275521,1.47381,0.355061,0.523291,FRENET,0.11951,0.93846,0.11951,0.000224763,0.93846,0.336714,0
9.32654,9.20958,7.88975,0.0275521,1.47381,0.355061,0.523291,FRENET,0.11951,0.93846,0.11951,0.000224763,0.93846,0.336714,0
9.33063,9.2243,7.89067,0.0311543,1.47545,0.348023,0.513489,FRENET,0.11951,0.93846,0.11951,0.000224763,0.93846,0.336714,0
9.33461,9.2243,7.89067,0.0311543,1.47545,0.348023,0.513489,FRENET,0.11951,0.93846,0.11951,0.000224763,0.93846,0.336714,0
9.33912,9.23903,7.89162,0.0345786,1.47701,0.354352,0.52338,FRENET,0.11951,0.93846,0.11951,0.000224763,0.93846,0.336714,0
9.34247,9.23903,7.89162,0.0345786,1.47701,0.354352,0.52338,FRENET,0.11951,0.93846,0.11951,0.000224763,0.93846,0.336714,0
9.34649,9.23903,7.89162,0.0345786,1.47701,0.354352,0.52338,FRENET,0.11951,0.93846,0.11951,0.000224763,0.93846,0.336714,0
9.35087,9.25378,7.89264,0.0381775,1.47849,0.347969,0.514469,FGM,0.218296,0.30355,0.125329,0.218296,0.931105,0.30355,0
9.35457,9.25378,7.89264,0.0381775,1.47849,0.347969,0.514469,FGM,0.218296,0.30355,0.125329,0.218296,0.931105,0.30355,0
9.3595,9.26854,7.89369,0.0416009,1.48286,0.354117,0.525105,FGM,0.218296,0.30355,0.125329,0.218296,0.931105,0.30355,0
9.36248,9.26854,7.89369,0.0416009,1.48286,0.354117,0.525105,FGM,0.218296,0.30355,0.125329,0.218296,0.931105,0.30355,0
9.36656,9.26854,7.89369,0.0416009,1.48286,0.354117,0.525105,FGM,0.218296,0.30355,0.125329,0.218296,0.931105,0.30355,0
9.3708,9.28335,7.89481,0.0451986,1.48701,0.348242,0.517839,FGM,0.218296,0.30355,0.125329,0.218296,0.931105,0.30355,0
9.37457,9.28335,7.89481,0.0451986,1.48701,0.348242,0.517839,FGM,0.218296,0.30355,0.125329,0.218296,0.931105,0.30355,0
9.3792,9.2982,7.89595,0.0483577,1.49097,0.275207,0.410325,FGM,0.218296,0.30355,0.125329,0.218296,0.931105,0.30355,0
9.38267,9.2982,7.89595,0.0483577,1.49097,0.275207,0.410325,FGM,0.218296,0.30355,0.125329,0.218296,0.931105,0.30355,0
9.38643,9.2982,7.89595,0.0483577,1.49097,0.275207,0.410325,FGM,0.218296,0.30355,0.125329,0.218296,0.931105,0.30355,0
9.39051,9.31309,7.89704,0.0505998,1.49474,0.169037,0.252666,FGM,0.218296,0.30355,0.125329,0.218296,0.931105,0.30355,0
9.39452,9.31309,7.89704,0.0505998,1.49474,0.169037,0.252666,FGM,0.218296,0.30355,0.125329,0.218296,0.931105,0.30355,0
9.39914,9.32802,7.89804,0.0516859,1.49833,0.0460711,0.0690298,FGM,0.218291,0.312639,0.110402,0.218291,0.931105,0.312639,0
9.40256,9.32802,7.89804,0.0516859,1.49833,0.0460711,0.0690298,FGM,0.218291,0.312639,0.110402,0.218291,0.931105,0.312639,0
9.40645,9.32802,7.89804,0.0516859,1.49833,0.0460711,0.0690298,FGM,0.218291,0.312639,0.110402,0.218291,0.931105,0.312639,0
9.41063,9.34299,7.89891,0.0514936,1.50185,-0.0856777,-0.128675,FGM,0.218291,0.312639,0.110402,0.218291,0.931105,0.312639,0
9.41452,9.34299,7.89891,0.0514936,1.50185,-0.0856777,-0.128675,FGM,0.218291,0.312639,0.110402,0.218291,0.931105,0.312639,0
9.419,9.35801,7.89961,0.0499566,1.5052,-0.222358,-0.334693,FGM,0.218291,0.312639,0.110402,0.218291,0.931105,0.312639,0
9.42254,9.35801,7.89961,0.0499566,1.5052,-0.222358,-0.334693,FGM,0.218291,0.312639,0.110402,0.218291,0.931105,0.312639,0
9.4263,9.35801,7.89961,0.0499566,1.5052,-0.222358,-0.334693,FGM,0.218291,0.312639,0.110402,0.218291,0.931105,0.312639,0
9.43048,9.37307,7.90012,0.0470368,1.50839,-0.361966,-0.545985,FGM,0.218291,0.312639,0.110402,0.218291,0.931105,0.312639,0
9.43439,9.37307,7.90012,0.0470368,1.50839,-0.361966,-0.545985,FGM,0.218291,0.312639,0.110402,0.218291,0.931105,0.312639,0
9.43923,9.38817,7.90042,0.0429849,1.51143,-0.422862,-0.639126,FGM,0.218291,0.312639,0.110402,0.218291,0.931105,0.312639,0
9.44253,9.38817,7.90042,0.0429849,1.51143,-0.422862,-0.639126,FGM,0.218291,0.312639,0.110402,0.218291,0.931105,0.312639,0
9.44652,9.38817,7.90042,0.0429849,1.51143,-0.422862,-0.639126,FGM,0.219102,0.313869,0.120036,0.219102,0.931105,0.313869,0
9.45062,9.4033,7.90058,0.0386179,1.51432,-0.463805,-0.702349,FGM,0.219102,0.313869,0.120036,0.219102,0.931105,0.313869,0
9.45437,9.4033,7.90058,0.0386179,1.51432,-0.463805,-0.702349,FGM,0.219102,0.313869,0.120036,0.219102,0.931105,0.313869,0
9.45934,9.41845,7.9006,0.0338213,1.51706,-0.476144,-0.722341,FGM,0.219102,0.313869,0.120036,0.219102,0.931105,0.313869,0
9.46254,9.41845,7.9006,0.0338213,1.51706,-0.476144,-0.722341,FGM,0.219102,0.313869,0.120036,0.219102,0.931105,0.313869,0
9.46663,9.41845,7.9006,0.0338213,1.51706,-0.476144,-0.722341,FGM,0.219102,0.313869,0.120036,0.219102,0.931105,0.313869,0
9.47051,9.43364,7.90054,0.0293329,1.51968,-0.411958,-0.626043,FGM,0.219102,0.313869,0.120036,0.219102,0.931105,0.313869,0
9.47453,9.43364,7.90054,0.0293329,1.51968,-0.411958,-0.626043,FGM,0.219102,0.313869,0.120036,0.219102,0.931105,0.313869,0
9.47939,9.44884,7.90046,0.0254261,1.52216,-0.390457,-0.59434,FGM,0.219102,0.313869,0.120036,0.219102,0.931105,0.313869,0
9.48256,9.44884,7.90046,0.0254261,1.52216,-0.390457,-0.59434,FGM,0.219102,0.313869,0.120036,0.219102,0.931105,0.313869,0
9.48646,9.44884,7.90046,0.0254261,1.52216,-0.390457,-0.59434,FGM,0.219102,0.313869,0.120036,0.219102,0.931105,0.313869,0
9.4905,9.46408,7.90029,0.0212655,1.52453,-0.451999,-0.689087,FGM,0.219102,0.313869,0.120036,0.219102,0.931105,0.313869,0
9.4945,9.46408,7.90029,0.0212655,1.52453,-0.451999,-0.689087,FGM,0.219102,0.313869,0.120036,0.219102,0.931105,0.313869,0
9.49944,9.47933,7.89999,0.0165335,1.52679,-0.47362,-0.723117,FGM,0.218068,0.304394,0.12983,0.218068,0.931524,0.304394,0
9.50269,9.47933,7.89999,0.0165335,1.52679,-0.47362,-0.723117,FGM,0.218068,0.304394,0.12983,0.218068,0.931524,0.304394,0
9.50651,9.47933,7.89999,0.0165335,1.52679,-0.47362,-0.723117,FGM,0.218068,0.304394,0.12983,0.218068,0.931524,0.304394,0
9.51058,9.49461,7.89964,0.0120485,1.5289,-0.413126,-0.631629,FGM,0.218068,0.304394,0.12983,0.218068,0.931524,0.304394,0
9.51455,9.49461,7.89964,0.0120485,1.5289,-0.413126,-0.631629,FGM,0.218068,0.304394,0.12983,0.218068,0.931524,0.304394,0
9.51917,9.5099,7.89929,0.00839837,1.53091,-0.311778,-0.477306,FGM,0.218068,0.304394,0.12983,0.218068,0.931524,0.304394,0
9.52242,9.5099,7.89929,0.00839837,1.53091,-0.311778,-0.477306,FGM,0.218068,0.304394,0.12983,0.218068,0.931524,0.304394,0
9.52651,9.5099,7.89929,0.00839837,1.53091,-0.311778,-0.477306,FGM,0.218068,0.304394,0.12983,0.218068,0.931524,0.304394,0
9.53051,9.52522,7.89898,0.00560151,1.53283,-0.270935,-0.415297,FGM,0.218068,0.304394,0.12983,0.218068,0.931524,0.304394,0
9.53455,9.52522,7.89898,0.00560151,1.53283,-0.270935,-0.415297,FGM,0.218068,0.304394,0.12983,0.218068,0.931524,0.304394,0
9.53931,9.54055,7.89863,0.00269196,1.53466,-0.322491,-0.494914,FGM,0.218068,0.304394,0.12983,0.218068,0.931524,0.304394,0
9.54244,9.54055,7.89863,0.00269196,1.53466,-0.322491,-0.494914,FGM,0.218068,0.304394,0.12983,0.218068,0.931524,0.304394,0
9.54646,9.54055,7.89863,0.00269196,1.53466,-0.322491,-0.494914,FGM,0.217555,0.303898,0.133822,0.217555,0.931524,0.303898,0
9.55053,9.5559,7.8982,-0.000715263,1.5364,-0.338725,-0.520415,FGM,0.217555,0.303898,0.133822,0.217555,0.931524,0.303898,0
9.55458,9.5559,7.8982,-0.000715263,1.5364,-0.338725,-0.520415,FGM,0.217555,0.303898,0.133822,0.217555,0.931524,0.303898,0
9.55936,9.57126,7.89774,-0.00383304,1.53801,-0.274833,-0.422695,FGM,0.217555,0.303898,0.133822,0.217555,0.931524,0.303898,0
9.56234,9.57126,7.89774,-0.00383304,1.53801,-0.274833,-0.422695,FGM,0.217555,0.303898,0.133822,0.217555,0.931524,0.303898,0
9.56645,9.57126,7.89774,-0.00383304,1.53801,-0.274833,-0.422695,FGM,0.217555,0.303898,0.133822,0.217555,0.931524,0.303898,0
9.57042,9.58665,7.89732,-0.00608752,1.53954,-0.171066,-0.263364,FGM,0.217555,0.303898,0.133822,0.217555,0.931524,0.303898,0
9.57435,9.58665,7.89732,-0.00608752,1.53954,-0.171066,-0.263364,FGM,0.217555,0.303898,0.133822,0.217555,0.931524,0.303898,0
9.57916,9.60204,7.89697,-0.00746834,1.541,-0.128579,-0.19814,FGM,0.217555,0.303898,0.133822,0.217555,0.931524,0.303898,0
9.58244,9.60204,7.89697,-0.00746834,1.541,-0.128579,-0.19814,FGM,0.217555,0.303898,0.133822,0.217555,0.931524,0.303898,0
9.58646,9.60204,7.89697,-0.00746834,1.541,-0.128579,-0.19814,FGM,0.217555,0.303898,0.133822,0.217555,0.931524,0.303898,0
9.59052,9.61746,7.89661,-0.00894957,1.5424,-0.179297,-0.276547,FGM,0.217555,0.303898,0.133822,0.217555,0.931524,0.303898,0
9.59443,9.61746,7.89661,-0.00894957,1.5424,-0.179297,-0.276547,FGM,0.217555,0.303898,0.133822,0.217555,0.931524,0.303898,0
9.59918,9.63288,7.89619,-0.0109222,1.54372,-0.195017,-0.301052,FGM,0.0711749,0.385925,0.109355,0.0711749,0.931524,0.385925,0
9.60252,9.63288,7.89619,-0.0109222,1.54372,-0.195017,-0.301052,FGM,0.0711749,0.385925,0.109355,0.0711749,0.931524,0.385925,0
9.60654,9.63288,7.89619,-0.0109222,1.54372,-0.195017,-0.301052,FGM,0.0711749,0.385925,0.109355,0.0711749,0.931524,0.385925,0
9.61059,9.64869,7.89575,-0.0126458,1.61947,-0.144193,-0.233517,FGM,0.0711749,0.385925,0.109355,0.0711749,0.931524,0.385925,0
9.61439,9.64869,7.89575,-0.0126458,1.61947,-0.144193,-0.233517,FGM,0.0711749,0.385925,0.109355,0.0711749,0.931524,0.385925,0
9.61909,9.66524,7.89534,-0.0137123,1.69162,-0.0650178,-0.109986,FGM,0.0711749,0.385925,0.109355,0.0711749,0.931524,0.385925,0
9.62287,9.66524,7.89534,-0.0137123,1.69162,-0.0650178,-0.109986,FGM,0.0711749,0.385925,0.109355,0.0711749,0.931524,0.385925,0
9.62682,9.66524,7.89534,-0.0137123,1.69162,-0.0650178,-0.109986,FGM,0.0711749,0.385925,0.109355,0.0711749,0.931524,0.385925,0
9.63063,9.6825,7.89498,-0.0140711,1.76034,-0.0227551,-0.0400567,FGM,0.0711749,0.385925,0.109355,0.0711749,0.931524,0.385925,0
9.63458,9.6825,7.89498,-0.0140711,1.76034,-0.0227551,-0.0400567,FGM,0.0711749,0.385925,0.109355,0.0711749,0.931524,0.385925,0
9.63967,9.70043,7.89464,-0.0143911,1.82579,-0.0508021,-0.0927539,FGM,0.0711749,0.385925,0.109355,0.0711749,0.931524,0.385925,0
9.64294,9.70043,7.89464,-0.0143911,1.82579,-0.0508021,-0.0927539,FGM,0.0711749,0.385925,0.109355,0.0711749,0.931524,0.385925,0
9.64658,9.70043,7.89464,-0.0143911,1.82579,-0.0508021,-0.0927539,FGM,0.0305593,0.342792,0.145232,0.0305593,0.938301,0.342792,0
9.6507,9.71899,7.89426,-0.0150212,1.88813,-0.0613636,-0.115862,FGM,0.0305593,0.342792,0.145232,0.0305593,0.938301,0.342792,0
9.65459,9.71899,7.89426,-0.0150212,1.88813,-0.0613636,-0.115862,FGM,0.0305593,0.342792,0.145232,0.0305593,0.938301,0.342792,0
9.65952,9.73816,7.89387,-0.0156338,1.94691,-0.0731977,-0.142509,FGM,0.0305593,0.342792,0.145232,0.0305593,0.938301,0.342792,0
9.66248,9.73816,7.89387,-0.0156338,1.94691,-0.0731977,-0.142509,FGM,0.0305593,0.342792,0.145232,0.0305593,0.938301,0.342792,0
9.66635,9.73816,7.89387,-0.0156338,1.94691,-0.0731977,-0.142509,FGM,0.0305593,0.342792,0.145232,0.0305593,0.938301,0.342792,0
9.67052,9.75791,7.89344,-0.0164445,2.0029,-0.0756012,-0.151421,FGM,0.0305593,0.342792,0.145232,0.0305593,0.938301,0.342792,0
9.67439,9.75791,7.89344,-0.0164445,2.0029,-0.0756012,-0.151421,FGM,0.0305593,0.342792,0.145232,0.0305593,0.938301,0.342792,0
9.67938,9.7782,7.893,-0.017173,2.05622,-0.0829736,-0.170612,FGM,0.0305593,0.342792,0.145232,0.0305593,0.938301,0.342792,0
9.68252,9.7782,7.893,-0.017173,2.05622,-0.0829736,-0.170612,FGM,0.0305593,0.342792,0.145232,0.0305593,0.938301,0.342792,0
9.68634,9.7782,7.893,-0.017173,2.05622,-0.0829736,-0.170612,FGM,0.0305593,0.342792,0.145232,0.0305593,0.938301,0.342792,0
9.69031,9.79901,7.89253,-0.0180701,2.10701,-0.0829878,-0.174856,FGM,0.0305593,0.342792,0.145232,0.0305593,0.938301,0.342792,0
9.69443,9.79901,7.89253,-0.0180701,2.10701,-0.0829878,-0.174856,FGM,0.0305593,0.342792,0.145232,0.0305593,0.938301,0.342792,0
9.69931,9.82032,7.89203,-0.0188627,2.15538,-0.0888901,-0.191592,FGM,0.21131,0.289574,0.142952,0.21131,0.938301,0.289574,0
9.70253,9.82032,7.89203,-0.0188627,2.15538,-0.0888901,-0.191592,FGM,0.21131,0.289574,0.142952,0.21131,0.938301,0.289574,0
9.70633,9.82032,7.89203,-0.0188627,2.15538,-0.0888901,-0.191592,FGM,0.21131,0.289574,0.142952,0.21131,0.938301,0.289574,0
9.71038,9.84139,7.89151,-0.0199129,2.06028,-0.0950597,-0.19585,FGM,0.21131,0.289574,0.142952,0.21131,0.938301,0.289574,0
9.71438,9.84139,7.89151,-0.0199129,2.06028,-0.0950597,-0.19585,FGM,0.21131,0.289574,0.142952,0.21131,0.938301,0.289574,0
9.71934,9.86151,7.89102,-0.0208156,1.96518,-0.10912,-0.214441,FGM,0.21131,0.289574,0.142952,0.21131,0.938301,0.289574,0
9.72238,9.86151,7.89102,-0.0208156,1.96518,-0.10912,-0.214441,FGM,0.21131,0.289574,0.142952,0.21131,0.938301,0.289574,0
9.72644,9.86151,7.89102,-0.0208156,1.96518,-0.10912,-0.214441,FGM,0.21131,0.289574,0.142952,0.21131,0.938301,0.289574,0
9.73043,9.88075,7.89051,-0.0219919,1.88489,-0.102211,-0.192655,FGM,0.21131,0.289574,0.142952,0.21131,0.938301,0.289574,0
9.73447,9.88075,7.89051,-0.0219919,1.88489,-0.102211,-0.192655,FGM,0.21131,0.289574,0.142952,0.21131,0.938301,0.289574,0
9.73922,9.89927,7.89005,-0.0225612,1.81986,-5.57478e-05,-0.000101453,FGM,0.21131,0.289574,0.142952,0.21131,0.938301,0.289574,0
9.74244,9.89927,7.89005,-0.0225612,1.81986,-5.57478e-05,-0.000101453,FGM,0.21131,0.289574,0.142952,0.21131,0.938301,0.289574,0
9.74661,9.89927,7.89005,-0.0225612,1.81986,-5.57478e-05,-0.000101453,FRENET,0.121435,0.938301,0.121435,0.00715085,0.938301,0.324893,0
9.75062,9.9172,7.88971,-0.021877,1.76721,0.142186,0.251272,FRENET,0.121435,0.938301,0.121435,0.00715085,0.938301,0.324893,0
9.75445,9.9172,7.88971,-0.021877,1.76721,0.142186,0.251272,FRENET,0.121435,0.938301,0.121435,0.00715085,0.938301,0.324893,0
9.75937,9.93462,7.8895,-0.0200109,1.71764,0.201166,0.345532,FRENET,0.121435,0.938301,0.121435,0.00715085,0.938301,0.324893,0
9.76244,9.93462,7.8895,-0.0200109,1.71764,0.201166,0.345532,FRENET,0.121435,0.938301,0.121435,0.00715085,0.938301,0.324893,0
9.76653,9.93462,7.8895,-0.0200109,1.71764,0.201166,0.345532,FRENET,0.121435,0.938301,0.121435,0.00715085,0.938301,0.324893,0
9.77064,9.9516,7.88932,-0.0182382,1.67751,0.139049,0.233255,FRENET,0.121435,0.938301,0.121435,0.00715085,0.938301,0.324893,0
9.77435,9.9516,7.88932,-0.0182382,1.67751,0.139049,0.233255,FRENET,0.121435,0.938301,0.121435,0.00715085,0.938301,0.324893,0
9.77918,9.96821,7.88914,-0.0170779,1.645,0.116303,0.191319,FRENET,0.121435,0.938301,0.121435,0.00715085,0.938301,0.324893,0
9.78228,9.96821,7.88914,-0.0170779,1.645,0.116303,0.191319,FRENET,0.121435,0.938301,0.121435,0.00715085,0.938301,0.324893,0
9.78625,9.96821,7.88914,-0.0170779,1.645,0.116303,0.191319,FRENET,0.121435,0.938301,0.121435,0.00715085,0.938301,0.324893,0
9.79037,9.98453,7.88901,-0.0156298,1.61868,0.184763,0.299072,FRENET,0.121435,0.938301,0.121435,0.00715085,0.938301,0.324893,0
9.79427,9.98453,7.88901,-0.0156298,1.61868,0.184763,0.299072,FRENET,0.121435,0.938301,0.121435,0.00715085,0.938301,0.324893,0
9.79906,10.0006,7.889,-0.0132571,1.59737,0.295327,0.471745,FRENET,0.123921,0.937807,0.123921,0.204278,0.937807,0.299656,0
9.80244,10.0006,7.889,-0.0132571,1.59737,0.295327,0.471745,FRENET,0.123921,0.937807,0.123921,0.204278,0.937807,0.299656,0
9.80646,10.0006,7.889,-0.0132571,1.59737,0.295327,0.471745,FRENET,0.123921,0.937807,0.123921,0.204278,0.937807,0.299656,0
9.8105,10.0163,7.88913,-0.00987481,1.54506,0.34936,0.539783,FRENET,0.123921,0.937807,0.123921,0.204278,0.937807,0.299656,0
9.81449,10.0163,7.88913,-0.00987481,1.54506,0.34936,0.539783,FRENET,0.123921,0.937807,0.123921,0.204278,0.937807,0.299656,0
9.81936,10.0316,7.88934,-0.00633114,1.50271,0.37609,0.565155,FRENET,0.123921,0.937807,0.123921,0.204278,0.937807,0.299656,0
9.82253,10.0316,7.88934,-0.00633114,1.50271,0.37609,0.565155,FRENET,0.123921,0.937807,0.123921,0.204278,0.937807,0.299656,0
9.82646,10.0316,7.88934,-0.00633114,1.50271,0.37609,0.565155,FRENET,0.123921,0.937807,0.123921,0.204278,0.937807,0.299656,0
9.83061,10.0464,7.88969,-0.00218729,1.46841,0.460541,0.676263,FRENET,0.123921,0.937807,0.123921,0.204278,0.937807,0.299656,0
9.83457,10.0464,7.88969,-0.00218729,1.46841,0.460541,0.676263,FRENET,0.123921,0.937807,0.123921,0.204278,0.937807,0.299656,0
9.83939,10.0609,7.89018,0.00263243,1.44064,0.478382,0.689175,FRENET,0.123921,0.937807,0.123921,0.204278,0.937807,0.299656,0
9.84239,10.0609,7.89018,0.00263243,1.44064,0.478382,0.689175,FRENET,0.123921,0.937807,0.123921,0.204278,0.937807,0.299656,0
9.84652,10.0609,7.89018,0.00263243,1.44064,0.478382,0.689175,FRENET,0.129013,0.937807,0.129013,0.204432,0.937807,0.301805,0
9.85055,10.0752,7.89077,0.00738746,1.41815,0.490281,0.69529,FRENET,0.129013,0.937807,0.129013,0.204432,0.937807,0.301805,0
9.85445,10.0752,7.89077,0.00738746,1.41815,0.490281,0.69529,FRENET,0.129013,0.937807,0.129013,0.204432,0.937807,0.301805,0
9.85904,10.0893,7.89146,0.01233,1.39993,0.478691,0.670134,FRENET,0.129013,0.937807,0.129013,0.204432,0.937807,0.301805,0
9.86222,10.0893,7.89146,0.01233,1.39993,0.478691,0.670134,FRENET,0.129013,0.937807,0.129013,0.204432,0.937807,0.301805,0
9.86629,10.0893,7.89146,0.01233,1.39993,0.478691,0.670134,FRENET,0.129013,0.937807,0.129013,0.204432,0.937807,0.301805,0
9.87025,10.1033,7.89224,0.0169988,1.4045,0.474494,0.666425,FRENET,0.129013,0.937807,0.129013,0.204432,0.937807,0.301805,0
9.8745,10.1033,7.89224,0.0169988,1.4045,0.474494,0.666425,FRENET,0.129013,0.937807,0.129013,0.204432,0.937807,0.301805,0
9.8791,10.1173,7.89311,0.0217755,1.40884,0.46437,0.654224,FRENET,0.129013,0.937807,0.129013,0.204432,0.937807,0.301805,0
9.88235,10.1173,7.89311,0.0217755,1.40884,0.46437,0.654224,FRENET,0.129013,0.937807,0.129013,0.204432,0.937807,0.301805,0
9.88651,10.1173,7.89311,0.0217755,1.40884,0.46437,0.654224,FRENET,0.129013,0.937807,0.129013,0.204432,0.937807,0.301805,0
9.89075,10.1314,7.89403,0.0260942,1.41298,0.391586,0.553305,FRENET,0.129013,0.937807,0.129013,0.204432,0.937807,0.301805,0
9.89456,10.1314,7.89403,0.0260942,1.41298,0.391586,0.553305,FRENET,0.129013,0.937807,0.129013,0.204432,0.937807,0.301805,0
9.89921,10.1455,7.89493,0.0295146,1.41693,0.288715,0.409088,FRENET,0.10651,0.937807,0.10651,0.205009,0.937807,0.310344,0
9.90249,10.1455,7.89493,0.0295146,1.41693,0.288715,0.409088,FRENET,0.10651,0.937807,0.10651,0.205009,0.937807,0.310344,0
9.90638,10.1455,7.89493,0.0295146,1.41693,0.288715,0.409088,FRENET,0.10651,0.937807,0.10651,0.205009,0.937807,0.310344,0
9.91052,10.1597,7.89579,0.0320914,1.42068,0.25027,0.355554,FRENET,0.10651,0.937807,0.10651,0.205009,0.937807,0.310344,0
9.91453,10.1597,7.89579,0.0320914,1.42068,0.25027,0.355554,FRENET,0.10651,0.937807,0.10651,0.205009,0.937807,0.310344,0
9.91919,10.1739,7.89664,0.0345259,1.42426,0.222167,0.316424,FRENET,0.10651,0.937807,0.10651,0.205009,0.937807,0.310344,0
9.92248,10.1739,7.89664,0.0345259,1.42426,0.222167,0.316424,FRENET,0.10651,0.937807,0.10651,0.205009,0.937807,0.310344,0
9.92629,10.1739,7.89664,0.0345259,1.42426,0.222167,0.316424,FRENET,0.10651,0.937807,0.10651,0.205009,0.937807,0.310344,0
9.93038,10.1881,7.89749,0.0366354,1.42767,0.218491,0.311933,FRENET,0.10651,0.937807,0.10651,0.205009,0.937807,0.310344,0
9.93426,10.1881,7.89749,0.0366354,1.42767,0.218491,0.311933,FRENET,0.10651,0.937807,0.10651,0.205009,0.937807,0.310344,0
9.93899,10.2024,7.89836,0.0388457,1.43091,0.206836,0.295964,FRENET,0.10651,0.937807,0.10651,0.205009,0.937807,0.310344,0
9.94233,10.2024,7.89836,0.0388457,1.43091,0.206836,0.295964,FRENET,0.10651,0.937807,0.10651,0.205009,0.937807,0.310344,0
9.94652,10.2024,7.89836,0.0388457,1.43091,0.206836,0.295964,FRENET,0.111688,0.934054,0.111688,0.205069,0.934054,0.309491,0
9.95043,10.2167,7.89923,0.0408464,1.43401,0.211032,0.30262,FRENET,0.111688,0.934054,0.111688,0.205069,0.934054,0.309491,0
9.95429,10.2167,7.89923,0.0408464,1.43401,0.211032,0.30262,FRENET,0.111688,0.934054,0.111688,0.205069,0.934054,0.309491,0
9.95901,10.2309,7.90013,0.0430191,1.41176,0.203559,0.287375,FRENET,0.111688,0.934054,0.111688,0.205069,0.934054,0.309491,0
9.96232,10.2309,7.90013,0.0430191,1.41176,0.203559,0.287375,FRENET,0.111688,0.934054,0.111688,0.205069,0.934054,0.309491,0
9.96633,10.2309,7.90013,0.0430191,1.41176,0.203559,0.287375,FRENET,0.111688,0.934054,0.111688,0.205069,0.934054,0.309491,0
9.97019,10.2449,7.90102,0.044989,1.39374,0.209449,0.291918,FRENET,0.111688,0.934054,0.111688,0.205069,0.934054,0.309491,0
9.97445,10.2449,7.90102,0.044989,1.39374,0.209449,0.291918,FRENET,0.111688,0.934054,0.111688,0.205069,0.934054,0.309491,0
9.9791,10.2587,7.90195,0.0471272,1.37915,0.199334,0.274911,FRENET,0.111688,0.934054,0.111688,0.205069,0.934054,0.309491,0
9.98235,10.2587,7.90195,0.0471272,1.37915,0.199334,0.274911,FRENET,0.111688,0.934054,0.111688,0.205069,0.934054,0.309491,0
9.98639,10.2587,7.90195,0.0471272,1.37915,0.199334,0.274911,FRENET,0.111688,0.934054,0.111688,0.205069,0.934054,0.309491,0
9.99029,10.2724,7.90287,0.0490522,1.36734,0.204477,0.279588,FRENET,0.111688,0.934054,0.111688,0.205069,0.934054,0.309491,0
9.99437,10.2724,7.90287,0.0490522,1.36734,0.204477,0.279588,FRENET,0.111688,0.934054,0.111688,0.205069,0.934054,0.309491,0
9.99932,10.286,7.90383,0.0511402,1.35777,0.194701,0.264358,FRENET,0.123784,0.934054,0.123784,0.207366,0.934054,0.313021,0
10.0023,10.286,7.90383,0.0511402,1.35777,0.194701,0.264358,FRENET,0.123784,0.934054,0.123784,0.207366,0.934054,0.313021,0
10.0063,10.286,7.90383,0.0511402,1.35777,0.194701,0.264358,FRENET,0.123784,0.934054,0.123784,0.207366,0.934054,0.313021,0
10.0104,10.2995,7.9048,0.053023,1.35002,0.200382,0.270519,FRENET,0.123784,0.934054,0.123784,0.207366,0.934054,0.313021,0
10.0144,10.2995,7.9048,0.053023,1.35002,0.200382,0.270519,FRENET,0.123784,0.934054,0.123784,0.207366,0.934054,0.313021,0
10.0192,10.313,7.9058,0.0550725,1.34375,0.191319,0.257084,FRENET,0.123784,0.934054,0.123784,0.207366,0.934054,0.313021,0
10.0224,10.313,7.9058,0.0550725,1.34375,0.191319,0.257084,FRENET,0.123784,0.934054,0.123784,0.207366,0.934054,0.313021,0
10.0263,10.313,7.9058,0.0550725,1.34375,0.191319,0.257084,FRENET,0.123784,0.934054,0.123784,0.207366,0.934054,0.313021,0
10.0305,10.3263,7.90681,0.0569255,1.33866,0.197577,0.26449,FRENET,0.123784,0.934054,0.123784,0.207366,0.934054,0.313021,0
10.0346,10.3263,7.90681,0.0569255,1.33866,0.197577,0.26449,FRENET,0.123784,0.934054,0.123784,0.207366,0.934054,0.313021,0
10.0391,10.3397,7.90785,0.0589492,1.33455,0.189078,0.252334,FRENET,0.123784,0.934054,0.123784,0.207366,0.934054,0.313021,0
10.0425,10.3397,7.90785,0.0589492,1.33455,0.189078,0.252334,FRENET,0.123784,0.934054,0.123784,0.207366,0.934054,0.313021,0
10.0464,10.3397,7.90785,0.0589492,1.33455,0.189078,0.252334,FRENET,0.0950053,0.934054,0.0950053,0.207818,0.934054,0.32802,0
10.0506,10.3529,7.90891,0.0607826,1.33122,0.195751,0.260587,FRENET,0.0950053,0.934054,0.0950053,0.207818,0.934054,0.32802,0
10.0546,10.3529,7.90891,0.0607826,1.33122,0.195751,0.260587,FRENET,0.0950053,0.934054,0.0950053,0.207818,0.934054,0.32802,0
10.0591,10.3662,7.91,0.0627895,1.32852,0.187631,0.249271,FRENET,0.0950053,0.934054,0.0950053,0.207818,0.934054,0.32802,0
10.0625,10.3662,7.91,0.0627895,1.32852,0.187631,0.249271,FRENET,0.0950053,0.934054,0.0950053,0.207818,0.934054,0.32802,0
10.0666,10.3662,7.91,0.0627895,1.32852,0.187631,0.249271,FRENET,0.0950053,0.934054,0.0950053,0.207818,0.934054,0.32802,0
10.0705,10.3794,7.9111,0.0646103,1.32633,0.194574,0.258071,FRENET,0.0950053,0.934054,0.0950053,0.207818,0.934054,0.32802,0
10.0745,10.3794,7.9111,0.0646103,1.32633,0.194574,0.258071,FRENET,0.0950053,0.934054,0.0950053,0.207818,0.934054,0.32802,0
10.0792,10.3926,7.91224,0.0666064,1.32457,0.186699,0.247294,FRENET,0.0950053,0.934054,0.0950053,0.207818,0.934054,0.32802,0
10.0824,10.3926,7.91224,0.0666064,1.32457,0.186699,0.247294,FRENET,0.0950053,0.934054,0.0950053,0.207818,0.934054,0.32802,0
10.0865,10.3926,7.91224,0.0666064,1.32457,0.186699,0.247294,FRENET,0.0950053,0.934054,0.0950053,0.207818,0.934054,0.32802,0
10.0905,10.4058,7.91339,0.0684191,1.32313,0.193816,0.256444,FRENET,0.0950053,0.934054,0.0950053,0.207818,0.934054,0.32802,0
10.0944,10.4058,7.91339,0.0684191,1.32313,0.193816,0.256444,FRENET,0.0950053,0.934054,0.0950053,0.207818,0.934054,0.32802,0
10.0991,10.419,7.91458,0.0704083,1.32197,0.186097,0.246015,FGM,0.210776,0.322639,0.103261,0.210776,0.93583,0.322639,0
10.1025,10.419,7.91458,0.0704083,1.32197,0.186097,0.246015,FGM,0.210776,0.322639,0.103261,0.210776,0.93583,0.322639,0
10.1064,10.419,7.91458,0.0704083,1.32197,0.186097,0.246015,FGM,0.210776,0.322639,0.103261,0.210776,0.93583,0.322639,0
10.1106,10.4322,7.91579,0.0722136,1.33232,0.192332,0.256248,FGM,0.210776,0.322639,0.103261,0.210776,0.93583,0.322639,0
10.1145,10.4322,7.91579,0.0722136,1.33232,0.192332,0.256248,FGM,0.210776,0.322639,0.103261,0.210776,0.93583,0.322639,0
10.1194,10.4455,7.91704,0.0741899,1.34218,0.186028,0.249683,FGM,0.210776,0.322639,0.103261,0.210776,0.93583,0.322639,0
10.1226,10.4455,7.91704,0.0741899,1.34218,0.186028,0.249683,FGM,0.210776,0.322639,0.103261,0.210776,0.93583,0.322639,0
10.1266,10.4455,7.91704,0.0741899,1.34218,0.186028,0.249683,FGM,0.210776,0.322639,0.103261,0.210776,0.93583,0.322639,0
10.1305,10.4589,7.91829,0.0757445,1.35157,0.11713,0.158309,FGM,0.210776,0.322639,0.103261,0.210776,0.93583,0.322639,0
10.1346,10.4589,7.91829,0.0757445,1.35157,0.11713,0.158309,FGM,0.210776,0.322639,0.103261,0.210776,0.93583,0.322639,0
10.1392,10.4724,7.91947,0.0764417,1.36051,0.018582,0.0252811,FGM,0.210776,0.322639,0.103261,0.210776,0.93583,0.322639,0
10.1425,10.4724,7.91947,0.0764417,1.36051,0.018582,0.0252811,FGM,0.210776,0.322639,0.103261,0.210776,0.93583,0.322639,0
10.1464,10.4724,7.91947,0.0764417,1.36051,0.018582,0.0252811,FGM,0.212309,0.334796,0.0971821,0.212309,0.93583,0.334796,0
10.1505,10.4861,7.92055,0.0760697,1.36903,-0.0948917,-0.129909,FGM,0.212309,0.334796,0.0971821,0.212309,0.93583,0.334796,0
10.1546,10.4861,7.92055,0.0760697,1.36903,-0.0948917,-0.129909,FGM,0.212309,0.334796,0.0971821,0.212309,0.93583,0.334796,0
10.1593,10.4998,7.92149,0.0745193,1.37752,-0.216271,-0.297916,FGM,0.212309,0.334796,0.0971821,0.212309,0.93583,0.334796,0
10.1625,10.4998,7.92149,0.0745193,1.37752,-0.216271,-0.297916,FGM,0.212309,0.334796,0.0971821,0.212309,0.93583,0.334796,0
10.1664,10.4998,7.92149,0.0745193,1.37752,-0.216271,-0.297916,FGM,0.212309,0.334796,0.0971821,0.212309,0.93583,0.334796,0
10.1703,10.5135,7.92225,0.0717277,1.3856,-0.342695,-0.474838,FGM,0.212309,0.334796,0.0971821,0.212309,0.93583,0.334796,0
10.1745,10.5135,7.92225,0.0717277,1.3856,-0.342695,-0.474838,FGM,0.212309,0.334796,0.0971821,0.212309,0.93583,0.334796,0
10.1794,10.5274,7.9228,0.067654,1.3933,-0.47248,-0.658305,FGM,0.212309,0.334796,0.0971821,0.212309,0.93583,0.334796,0
10.1826,10.5274,7.9228,0.067654,1.3933,-0.47248,-0.658305,FGM,0.212309,0.334796,0.0971821,0.212309,0.93583,0.334796,0
10.1866,10.5274,7.9228,0.067654,1.3933,-0.47248,-0.658305,FGM,0.212309,0.334796,0.0971821,0.212309,0.93583,0.334796,0
10.1906,10.5414,7.92315,0.0625339,1.40063,-0.526711,-0.737727,FGM,0.212309,0.334796,0.0971821,0.212309,0.93583,0.334796,0
10.1946,10.5414,7.92315,0.0625339,1.40063,-0.526711,-0.737727,FGM,0.212309,0.334796,0.0971821,0.212309,0.93583,0.334796,0
10.1992,10.5554,7.92335,0.0571422,1.40761,-0.565116,-0.795466,FGM,0.212942,0.33539,0.117768,0.212942,0.93583,0.33539,0
10.2025,10.5554,7.92335,0.0571422,1.40761,-0.565116,-0.795466,FGM,0.212942,0.33539,0.117768,0.212942,0.93583,0.33539,0
10.2065,10.5554,7.92335,0.0571422,1.40761,-0.565116,-0.795466,FGM,0.212942,0.33539,0.117768,0.212942,0.93583,0.33539,0
10.2104,10.5695,7.92341,0.0513409,1.41451,-0.576242,-0.815099,FGM,0.212942,0.33539,0.117768,0.212942,0.93583,0.33539,0
10.2145,10.5695,7.92341,0.0513409,1.41451,-0.576242,-0.815099,FGM,0.212942,0.33539,0.117768,0.212942,0.93583,0.33539,0
10.2191,10.5837,7.92335,0.0455724,1.42107,-0.593687,-0.843672,FGM,0.212942,0.33539,0.117768,0.212942,0.93583,0.33539,0
10.2223,10.5837,7.92335,0.0455724,1.42107,-0.593687,-0.843672,FGM,0.212942,0.33539,0.117768,0.212942,0.93583,0.33539,0
10.2265,10.5837,7.92335,0.0455724,1.42107,-0.593687,-0.843672,FGM,0.212942,0.33539,0.117768,0.212942,0.93583,0.33539,0
10.2304,10.598,7.92318,0.0395434,1.42733,-0.594456,-0.848482,FGM,0.212942,0.33539,0.117768,0.212942,0.93583,0.33539,0
10.2343,10.598,7.92318,0.0395434,1.42733,-0.594456,-0.848482,FGM,0.212942,0.33539,0.117768,0.212942,0.93583,0.33539,0
10.2392,10.6123,7.92294,0.0338913,1.43328,-0.52752,-0.756084,FGM,0.212942,0.33539,0.117768,0.212942,0.93583,0.33539,0
10.2424,10.6123,7.92294,0.0338913,1.43328,-0.52752,-0.756084,FGM,0.212942,0.33539,0.117768,0.212942,0.93583,0.33539,0
10.2466,10.6123,7.92294,0.0338913,1.43328,-0.52752,-0.756084,FGM,0.212942,0.33539,0.117768,0.212942,0.93583,0.33539,0
10.2506,10.6266,7.92267,0.0288268,1.43895,-0.506578,-0.728942,FGM,0.214215,0.320826,0.128547,0.214215,0.941655,0.320826,0
10.2545,10.6266,7.92267,0.0288268,1.43895,-0.506578,-0.728942,FGM,0.214215,0.320826,0.128547,0.214215,0.941655,0.320826,0
10.2594,10.641,7.92234,0.0237778,1.44449,-0.487884,-0.704746,FGM,0.214215,0.320826,0.128547,0.214215,0.941655,0.320826,0
10.2625,10.641,7.92234,0.0237778,1.44449,-0.487884,-0.704746,FGM,0.214215,0.320826,0.128547,0.214215,0.941655,0.320826,0
10.2666,10.641,7.92234,0.0237778,1.44449,-0.487884,-0.704746,FGM,0.214215,0.320826,0.128547,0.214215,0.941655,0.320826,0
10.2706,10.6555,7.922,0.0192512,1.44977,-0.410083,-0.594527,FGM,0.214215,0.320826,0.128547,0.214215,0.941655,0.320826,0
10.2746,10.6555,7.922,0.0192512,1.44977,-0.410083,-0.594527,FGM,0.214215,0.320826,0.128547,0.214215,0.941655,0.320826,0
10.2795,10.67,7.92167,0.0153961,1.4548,-0.382764,-0.556845,FGM,0.214215,0.320826,0.128547,0.214215,0.941655,0.320826,0
10.2826,10.67,7.92167,0.0153961,1.4548,-0.382764,-0.556845,FGM,0.214215,0.320826,0.128547,0.214215,0.941655,0.320826,0
10.2865,10.67,7.92167,0.0153961,1.4548,-0.382764,-0.556845,FGM,0.214215,0.320826,0.128547,0.214215,0.941655,0.320826,0
10.2904,10.6846,7.92128,0.0113357,1.45958,-0.439769,-0.64188,FGM,0.214215,0.320826,0.128547,0.214215,0.941655,0.320826,0
10.2946,10.6846,7.92128,0.0113357,1.45958,-0.439769,-0.64188,FGM,0.214215,0.320826,0.128547,0.214215,0.941655,0.320826,0
10.2993,10.6992,7.9208,0.00674401,1.46414,-0.458133,-0.670772,FGM,0.21408,0.308591,0.11866,0.21408,0.941655,0.308591,0
10.3026,10.6992,7.9208,0.00674401,1.46414,-0.458133,-0.670772,FGM,0.21408,0.308591,0.11866,0.21408,0.941655,0.308591,0
10.3065,10.6992,7.9208,0.00674401,1.46414,-0.458133,-0.670772,FGM,0.21408,0.308591,0.11866,0.21408,0.941655,0.308591,0
10.3107,10.7139,7.92027,0.00241684,1.4686,-0.397495,-0.583761,FGM,0.21408,0.308591,0.11866,0.21408,0.941655,0.308591,0
10.3145,10.7139,7.92027,0.00241684,1.4686,-0.397495,-0.583761,FGM,0.21408,0.308591,0.11866,0.21408,0.941655,0.308591,0
10.3194,10.7286,7.91976,-0.00108689,1.47284,-0.298433,-0.439544,FGM,0.21408,0.308591,0.11866,0.21408,0.941655,0.308591,0
10.3225,10.7286,7.91976,-0.00108689,1.47284,-0.298433,-0.439544,FGM,0.21408,0.308591,0.11866,0.21408,0.941655,0.308591,0
10.3265,10.7286,7.91976,-0.00108689,1.47284,-0.298433,-0.439544,FGM,0.21408,0.308591,0.11866,0.21408,0.941655,0.308591,0
10.3307,10.7433,7.91929,-0.0037633,1.47688,-0.260028,-0.384031,FGM,0.21408,0.308591,0.11866,0.21408,0.941655,0.308591,0
10.3346,10.7433,7.91929,-0.0037633,1.47688,-0.260028,-0.384031,FGM,0.21408,0.308591,0.11866,0.21408,0.941655,0.308591,0
10.3395,10.7581,7.9188,-0.0065663,1.48073,-0.311762,-0.461635,FGM,0.21408,0.308591,0.11866,0.21408,0.941655,0.308591,0
10.3424,10.7581,7.9188,-0.0065663,1.48073,-0.311762,-0.461635,FGM,0.21408,0.308591,0.11866,0.21408,0.941655,0.308591,0
10.3465,10.7581,7.9188,-0.0065663,1.48073,-0.311762,-0.461635,FGM,0.214287,0.312245,0.138394,0.214287,0.941655,0.312245,0
10.3505,10.7729,7.91823,-0.00986321,1.4844,-0.327449,-0.486065,FGM,0.214287,0.312245,0.138394,0.214287,0.941655,0.312245,0
10.3545,10.7729,7.91823,-0.00986321,1.4844,-0.327449,-0.486065,FGM,0.214287,0.312245,0.138394,0.214287,0.941655,0.312245,0
10.3594,10.7877,7.91764,-0.0128723,1.4879,-0.26461,-0.393714,FGM,0.214287,0.312245,0.138394,0.214287,0.941655,0.312245,0
10.3625,10.7877,7.91764,-0.0128723,1.4879,-0.26461,-0.393714,FGM,0.214287,0.312245,0.138394,0.214287,0.941655,0.312245,0
10.3666,10.7877,7.91764,-0.0128723,1.4879,-0.26461,-0.393714,FGM,0.214287,0.312245,0.138394,0.214287,0.941655,0.312245,0
10.3705,10.8026,7.91709,-0.0150361,1.49124,-0.163346,-0.243588,FGM,0.214287,0.312245,0.138394,0.214287,0.941655,0.312245,0
10.3746,10.8026,7.91709,-0.0150361,1.49124,-0.163346,-0.243588,FGM,0.214287,0.312245,0.138394,0.214287,0.941655,0.312245,0
10.3793,10.8175,7.9166,-0.0163523,1.49442,-0.123203,-0.184118,FGM,0.214287,0.312245,0.138394,0.214287,0.941655,0.312245,0
10.3826,10.8175,7.9166,-0.0163523,1.49442,-0.123203,-0.184118,FGM,0.214287,0.312245,0.138394,0.214287,0.941655,0.312245,0
10.3866,10.8175,7.9166,-0.0163523,1.49442,-0.123203,-0.184118,FGM,0.214287,0.312245,0.138394,0.214287,0.941655,0.312245,0
10.3906,10.8325,7.91611,-0.0177828,1.49745,-0.17424,-0.260916,FGM,0.214287,0.312245,0.138394,0.214287,0.941655,0.312245,0
10.395,10.8325,7.91611,-0.0177828,1.49745,-0.17424,-0.260916,FGM,0.214287,0.312245,0.138394,0.214287,0.941655,0.312245,0
10.3992,10.8475,7.91557,-0.0197028,1.50034,-0.189559,-0.284403,FGM,0.214302,0.30788,0.244294,0.214302,0.601916,0.30788,0
10.4026,10.8475,7.91557,-0.0197028,1.50034,-0.189559,-0.284403,FGM,0.214302,0.30788,0.244294,0.214302,0.601916,0.30788,0
10.4065,10.8475,7.91557,-0.0197028,1.50034,-0.189559,-0.284403,FGM,0.214302,0.30788,0.244294,0.214302,0.601916,0.30788,0
10.4109,10.8625,7.91503,-0.0213291,1.50314,-0.125896,-0.189239,FGM,0.214302,0.30788,0.244294,0.214302,0.601916,0.30788,0
10.4145,10.8625,7.91503,-0.0213291,1.50314,-0.125896,-0.189239,FGM,0.214302,0.30788,0.244294,0.214302,0.601916,0.30788,0
10.4195,10.8775,7.91454,-0.0221,1.5058,-0.0234255,-0.0352742,FGM,0.214302,0.30788,0.244294,0.214302,0.601916,0.30788,0
10.4225,10.8775,7.91454,-0.0221,1.5058,-0.0234255,-0.0352742,FGM,0.214302,0.30788,0.244294,0.214302,0.601916,0.30788,0
10.4268,10.8775,7.91454,-0.0221,1.5058,-0.0234255,-0.0352742,FGM,0.214302,0.30788,0.244294,0.214302,0.601916,0.30788,0
10.4318,10.8926,7.91415,-0.0220113,1.50834,0.0177755,0.0268115,FGM,0.214302,0.30788,0.244294,0.214302,0.601916,0.30788,0
10.4345,10.8926,7.91415,-0.0220113,1.50834,0.0177755,0.0268115,FGM,0.214302,0.30788,0.244294,0.214302,0.601916,0.30788,0
10.4395,10.9077,7.91377,-0.0220297,1.51076,-0.0328997,-0.0497035,FGM,0.214302,0.30788,0.244294,0.214302,0.601916,0.30788,0
10.4425,10.9077,7.91377,-0.0220297,1.51076,-0.0328997,-0.0497035,FGM,0.214302,0.30788,0.244294,0.214302,0.601916,0.30788,0
10.4463,10.9077,7.91377,-0.0220297,1.51076,-0.0328997,-0.0497035,FGM,0.214918,0.30864,0.243075,0.214918,0.601916,0.30864,0
10.4503,10.9228,7.91336,-0.0225356,1.51301,-0.0480704,-0.0727308,FGM,0.214918,0.30864,0.243075,0.214918,0.601916,0.30864,0
10.4544,10.9228,7.91336,-0.0225356,1.51301,-0.0480704,-0.0727308,FGM,0.214918,0.30864,0.243075,0.214918,0.601916,0.30864,0
10.4589,10.9379,7.91297,-0.0227446,1.51515,0.0161535,0.0244749,FGM,0.214918,0.30864,0.243075,0.214918,0.601916,0.30864,0
10.4623,10.9379,7.91297,-0.0227446,1.51515,0.0161535,0.0244749,FGM,0.214918,0.30864,0.243075,0.214918,0.601916,0.30864,0
10.4662,10.9379,7.91297,-0.0227446,1.51515,0.0161535,0.0244749,FGM,0.214918,0.30864,0.243075,0.214918,0.601916,0.30864,0
10.4705,10.9531,7.91263,-0.022366,1.51718,0.0385408,0.0584735,FGM,0.214918,0.30864,0.243075,0.214918,0.601916,0.30864,0
10.4744,10.9531,7.91263,-0.022366,1.51718,0.0385408,0.0584735,FGM,0.214918,0.30864,0.243075,0.214918,0.601916,0.30864,0
10.479,10.9683,7.9123,-0.0222311,1.51912,-0.0218587,-0.0332061,FGM,0.214918,0.30864,0.243075,0.214918,0.601916,0.30864,0
10.4824,10.9683,7.9123,-0.0222311,1.51912,-0.0218587,-0.0332061,FGM,0.214918,0.30864,0.243075,0.214918,0.601916,0.30864,0
10.4862,10.9683,7.9123,-0.0222311,1.51912,-0.0218587,-0.0332061,FGM,0.214918,0.30864,0.243075,0.214918,0.601916,0.30864,0
10.4903,10.9835,7.91189,-0.0229308,1.52097,-0.123213,-0.187403,FGM,0.214918,0.30864,0.243075,0.214918,0.601916,0.30864,0
10.4942,10.9835,7.91189,-0.0229308,1.52097,-0.123213,-0.187403,FGM,0.214918,0.30864,0.243075,0.214918,0.601916,0.30864,0
10.499,10.9987,7.91138,-0.0244838,1.52273,-0.164042,-0.249792,FGM,0.214049,0.306717,0.242925,0.214049,0.601916,0.306717,0
10.5022,10.9987,7.91138,-0.0244838,1.52273,-0.164042,-0.249792,FGM,0.214049,0.306717,0.242925,0.214049,0.601916,0.306717,0
10.5062,10.9987,7.91138,-0.0244838,1.52273,-0.164042,-0.249792,FGM,0.214049,0.306717,0.242925,0.214049,0.601916,0.306717,0
10.5103,11.0139,7.91084,-0.0259252,1.52439,-0.11276,-0.17189,FGM,0.214049,0.306717,0.242925,0.214049,0.601916,0.306717,0
10.5143,11.0139,7.91084,-0.0259252,1.52439,-0.11276,-0.17189,FGM,0.214049,0.306717,0.242925,0.214049,0.601916,0.306717,0
10.5192,11.0291,7.91034,-0.026597,1.52597,-0.0158817,-0.024235,FGM,0.214049,0.306717,0.242925,0.214049,0.601916,0.306717,0
10.5224,11.0291,7.91034,-0.026597,1.52597,-0.0158817,-0.024235,FGM,0.214049,0.306717,0.242925,0.214049,0.601916,0.306717,0
10.5264,11.0291,7.91034,-0.026597,1.52597,-0.0158817,-0.024235,FGM,0.214049,0.306717,0.242925,0.214049,0.601916,0.306717,0
10.5305,11.0444,7.90991,-0.0264476,1.52747,0.0226485,0.034595,FGM,0.214049,0.306717,0.242925,0.214049,0.601916,0.306717,0
10.5344,11.0444,7.90991,-0.0264476,1.52747,0.0226485,0.034595,FGM,0.214049,0.306717,0.242925,0.214049,0.601916,0.306717,0
10.5391,11.0597,7.90948,-0.0264278,1.5289,-0.0300504,-0.0459442,FGM,0.214049,0.306717,0.242925,0.214049,0.601916,0.306717,0
10.5422,11.0597,7.90948,-0.0264278,1.5289,-0.0300504,-0.0459442,FGM,0.214049,0.306717,0.242925,0.214049,0.601916,0.306717,0
10.5464,11.0597,7.90948,-0.0264278,1.5289,-0.0300504,-0.0459442,FGM,0.213709,0.302876,0.229286,0.213709,0.599424,0.302876,0
10.5506,11.075,7.90902,-0.0269129,1.53027,-0.0466086,-0.0713236,FGM,0.213709,0.302876,0.229286,0.213709,0.599424,0.302876,0
10.5544,11.075,7.90902,-0.0269129,1.53027,-0.0466086,-0.0713236,FGM,0.213709,0.302876,0.229286,0.213709,0.599424,0.302876,0
10.5591,11.0903,7.90857,-0.0271096,1.53151,0.0172834,0.0264696,FGM,0.213709,0.302876,0.229286,0.213709,0.599424,0.302876,0
10.5623,11.0903,7.90857,-0.0271096,1.53151,0.0172834,0.0264696,FGM,0.213709,0.302876,0.229286,0.213709,0.599424,0.302876,0
10.5662,11.0903,7.90857,-0.0271096,1.53151,0.0172834,0.0264696,FGM,0.213709,0.302876,0.229286,0.213709,0.599424,0.302876,0
10.5703,11.1056,7.9082,-0.0264429,1.53269,0.121052,0.185536,FGM,0.213709,0.302876,0.229286,0.213709,0.599424,0.302876,0
10.5745,11.1056,7.9082,-0.0264429,1.53269,0.121052,0.185536,FGM,0.213709,0.302876,0.229286,0.213709,0.599424,0.302876,0
10.5792,11.1209,7.90794,-0.024903,1.53382,0.163405,0.250634,FGM,0.213709,0.302876,0.229286,0.213709,0.599424,0.302876,0
10.5823,11.1209,7.90794,-0.024903,1.53382,0.163405,0.250634,FGM,0.213709,0.302876,0.229286,0.213709,0.599424,0.302876,0
10.5863,11.1209,7.90794,-0.024903,1.53382,0.163405,0.250634,FGM,0.213709,0.302876,0.229286,0.213709,0.599424,0.302876,0
10.5903,11.1363,7.90772,-0.0234646,1.53489,0.112662,0.172924,FGM,0.213709,0.302876,0.229286,0.213709,0.599424,0.302876,0
10.5943,11.1363,7.90772,-0.0234646,1.53489,0.112662,0.172924,FGM,0.213709,0.302876,0.229286,0.213709,0.599424,0.302876,0
10.5991,11.1516,7.90748,-0.0225167,1.53592,0.0971838,0.149266,FGM,0.21328,0.307842,0.243192,0.21328,0.599424,0.307842,0
10.6023,11.1516,7.90748,-0.0225167,1.53592,0.0971838,0.149266,FGM,0.21328,0.307842,0.243192,0.21328,0.599424,0.307842,0
10.6063,11.1516,7.90748,-0.0225167,1.53592,0.0971838,0.149266,FGM,0.21328,0.307842,0.243192,0.21328,0.599424,0.307842,0
10.6103,11.167,7.90726,-0.0215485,1.5368,0.0803761,0.123522,FGM,0.21328,0.307842,0.243192,0.21328,0.599424,0.307842,0
10.6144,11.167,7.90726,-0.0215485,1.5368,0.0803761,0.123522,FGM,0.21328,0.307842,0.243192,0.21328,0.599424,0.307842,0
10.6196,11.1823,7.90701,-0.0211079,1.53764,-0.000195956,-0.000301309,FGM,0.21328,0.307842,0.243192,0.21328,0.599424,0.307842,0
10.6229,11.1823,7.90701,-0.0211079,1.53764,-0.000195956,-0.000301309,FGM,0.21328,0.307842,0.243192,0.21328,0.599424,0.307842,0
10.6264,11.1823,7.90701,-0.0211079,1.53764,-0.000195956,-0.000301309,FGM,0.21328,0.307842,0.243192,0.21328,0.599424,0.307842,0
10.6306,11.1977,7.90667,-0.0216516,1.53843,-0.112533,-0.173124,FGM,0.21328,0.307842,0.243192,0.21328,0.599424,0.307842,0
10.6343,11.1977,7.90667,-0.0216516,1.53843,-0.112533,-0.173124,FGM,0.21328,0.307842,0.243192,0.21328,0.599424,0.307842,0
10.6391,11.2131,7.90618,-0.0234087,1.5392,-0.240909,-0.370805,FGM,0.21328,0.307842,0.243192,0.21328,0.599424,0.307842,0
10.6424,11.2131,7.90618,-0.0234087,1.5392,-0.240909,-0.370805,FGM,0.21328,0.307842,0.243192,0.21328,0.599424,0.307842,0
10.6463,11.2131,7.90618,-0.0234087,1.5392,-0.240909,-0.370805,FGM,0.21328,0.307842,0.243192,0.21328,0.599424,0.307842,0
10.6504,11.2285,7.90554,-0.0262182,1.53985,-0.295926,-0.455681,FGM,0.214153,0.304759,0.242087,0.214153,0.599424,0.304759,0
10.6542,11.2285,7.90554,-0.0262182,1.53985,-0.295926,-0.455681,FGM,0.214153,0.304759,0.242087,0.214153,0.599424,0.304759,0
10.6592,11.2439,7.90483,-0.0290175,1.54047,-0.251536,-0.387485,FGM,0.214153,0.304759,0.242087,0.214153,0.599424,0.304759,0
10.6626,11.2439,7.90483,-0.0290175,1.54047,-0.251536,-0.387485,FGM,0.214153,0.304759,0.242087,0.214153,0.599424,0.304759,0
10.6666,11.2439,7.90483,-0.0290175,1.54047,-0.251536,-0.387485,FGM,0.214153,0.304759,0.242087,0.214153,0.599424,0.304759,0
10.6705,11.2593,7.90409,-0.0313725,1.54107,-0.239374,-0.368891,FGM,0.214153,0.304759,0.242087,0.214153,0.599424,0.304759,0
10.6747,11.2593,7.90409,-0.0313725,1.54107,-0.239374,-0.368891,FGM,0.214153,0.304759,0.242087,0.214153,0.599424,0.304759,0
10.6793,11.2746,7.90327,-0.0340507,1.54163,-0.306095,-0.471885,FGM,0.214153,0.304759,0.242087,0.214153,0.599424,0.304759,0
10.6825,11.2746,7.90327,-0.0340507,1.54163,-0.306095,-0.471885,FGM,0.214153,0.304759,0.242087,0.214153,0.599424,0.304759,0
10.6864,11.2746,7.90327,-0.0340507,1.54163,-0.306095,-0.471885,FGM,0.214153,0.304759,0.242087,0.214153,0.599424,0.304759,0
10.6905,11.29,7.90235,-0.0373384,1.54217,-0.330208,-0.509236,FGM,0.214153,0.304759,0.242087,0.214153,0.599424,0.304759,0
10.6944,11.29,7.90235,-0.0373384,1.54217,-0.330208,-0.509236,FGM,0.214153,0.304759,0.242087,0.214153,0.599424,0.304759,0
10.6993,11.3054,7.90138,-0.0403923,1.54268,-0.270064,-0.416623,FGM,0.213783,0.296163,0.214864,0.213783,0.596508,0.296163,0
10.7026,11.3054,7.90138,-0.0403923,1.54268,-0.270064,-0.416623,FGM,0.213783,0.296163,0.214864,0.213783,0.596508,0.296163,0
10.7065,11.3054,7.90138,-0.0403923,1.54268,-0.270064,-0.416623,FGM,0.213783,0.296163,0.214864,0.213783,0.596508,0.296163,0
10.7104,11.3208,7.90043,-0.0426086,1.5431,-0.167954,-0.259171,FGM,0.213783,0.296163,0.214864,0.213783,0.596508,0.296163,0
10.7145,11.3208,7.90043,-0.0426086,1.5431,-0.167954,-0.259171,FGM,0.213783,0.296163,0.214864,0.213783,0.596508,0.296163,0
10.7193,11.3362,7.89956,-0.0436853,1.54351,-0.044714,-0.0690164,FGM,0.213783,0.296163,0.214864,0.213783,0.596508,0.296163,0
10.7225,11.3362,7.89956,-0.0436853,1.54351,-0.044714,-0.0690164,FGM,0.213783,0.296163,0.214864,0.213783,0.596508,0.296163,0
10.7264,11.3362,7.89956,-0.0436853,1.54351,-0.044714,-0.0690164,FGM,0.213783,0.296163,0.214864,0.213783,0.596508,0.296163,0
10.7305,11.3517,7.8988,-0.0437473,1.54389,0.00753149,0.0116278,FGM,0.213783,0.296163,0.214864,0.213783,0.596508,0.296163,0
10.7346,11.3517,7.8988,-0.0437473,1.54389,0.00753149,0.0116278,FGM,0.213783,0.296163,0.214864,0.213783,0.596508,0.296163,0
10.7392,11.3671,7.89805,-0.0438411,1.54426,-0.0385557,-0.0595399,FGM,0.213783,0.296163,0.214864,0.213783,0.596508,0.296163,0
10.7426,11.3671,7.89805,-0.0438411,1.54426,-0.0385557,-0.0595399,FGM,0.213783,0.296163,0.214864,0.213783,0.596508,0.296163,0
10.7465,11.3671,7.89805,-0.0438411,1.54426,-0.0385557,-0.0595399,FGM,0.213108,0.299364,0.237126,0.213108,0.596508,0.299364,0
10.7504,11.3825,7.89728,-0.0443929,1.5446,-0.0517712,-0.079966,FGM,0.213108,0.299364,0.237126,0.213108,0.596508,0.299364,0
10.7545,11.3825,7.89728,-0.0443929,1.5446,-0.0517712,-0.079966,FGM,0.213108,0.299364,0.237126,0.213108,0.596508,0.299364,0
10.7593,11.3979,7.89653,-0.0446291,1.54483,0.0144275,0.022288,FGM,0.213108,0.299364,0.237126,0.213108,0.596508,0.299364,0
10.7625,11.3979,7.89653,-0.0446291,1.54483,0.0144275,0.022288,FGM,0.213108,0.299364,0.237126,0.213108,0.596508,0.299364,0
10.7664,11.3979,7.89653,-0.0446291,1.54483,0.0144275,0.022288,FGM,0.213108,0.299364,0.237126,0.213108,0.596508,0.299364,0
10.7704,11.4134,7.89588,-0.0439813,1.54505,0.120054,0.185491,FGM,0.213108,0.299364,0.237126,0.213108,0.596508,0.299364,0
10.7746,11.4134,7.89588,-0.0439813,1.54505,0.120054,0.185491,FGM,0.213108,0.299364,0.237126,0.213108,0.596508,0.299364,0
10.7793,11.4288,7.89533,-0.0424448,1.54526,0.163571,0.25276,FGM,0.213108,0.299364,0.237126,0.213108,0.596508,0.299364,0
10.7824,11.4288,7.89533,-0.0424448,1.54526,0.163571,0.25276,FGM,0.213108,0.299364,0.237126,0.213108,0.596508,0.299364,0
10.7864,11.4288,7.89533,-0.0424448,1.54526,0.163571,0.25276,FGM,0.213108,0.299364,0.237126,0.213108,0.596508,0.299364,0
10.7903,11.4443,7.89482,-0.041003,1.54546,0.113044,0.174706,FGM,0.213108,0.299364,0.237126,0.213108,0.596508,0.299364,0
10.7944,11.4443,7.89482,-0.041003,1.54546,0.113044,0.174706,FGM,0.213108,0.299364,0.237126,0.213108,0.596508,0.299364,0
10.7991,11.4597,7.89431,-0.0400514,1.54565,0.0975738,0.150815,FGM,0.212616,0.297371,0.236131,0.212616,0.596508,0.297371,0
10.8024,11.4597,7.89431,-0.0400514,1.54565,0.0975738,0.150815,FGM,0.212616,0.297371,0.236131,0.212616,0.596508,0.297371,0
10.8064,11.4597,7.89431,-0.0400514,1.54565,0.0975738,0.150815,FGM,0.212616,0.297371,0.236131,0.212616,0.596508,0.297371,0
10.8104,11.4751,7.89381,-0.0390791,1.54572,0.0807606,0.124833,FGM,0.212616,0.297371,0.236131,0.212616,0.596508,0.297371,0
10.8144,11.4751,7.89381,-0.0390791,1.54572,0.0807606,0.124833,FGM,0.212616,0.297371,0.236131,0.212616,0.596508,0.297371,0
10.8191,11.4906,7.89331,-0.0383575,1.54578,0.0817412,0.126354,FGM,0.212616,0.297371,0.236131,0.212616,0.596508,0.297371,0
10.8224,11.4906,7.89331,-0.0383575,1.54578,0.0817412,0.126354,FGM,0.212616,0.297371,0.236131,0.212616,0.596508,0.297371,0
10.8263,11.4906,7.89331,-0.0383575,1.54578,0.0817412,0.126354,FGM,0.212616,0.297371,0.236131,0.212616,0.596508,0.297371,0
10.8306,11.506,7.89283,-0.0374981,1.54584,0.0729617,0.112787,FGM,0.212616,0.297371,0.236131,0.212616,0.596508,0.297371,0
10.8344,11.506,7.89283,-0.0374981,1.54584,0.0729617,0.112787,FGM,0.212616,0.297371,0.236131,0.212616,0.596508,0.297371,0
10.8391,11.5215,7.89232,-0.0371109,1.5459,-0.00404686,-0.00625605,FGM,0.212616,0.297371,0.236131,0.212616,0.596508,0.297371,0
10.8426,11.5215,7.89232,-0.0371109,1.5459,-0.00404686,-0.00625605,FGM,0.212616,0.297371,0.236131,0.212616,0.596508,0.297371,0
10.8468,11.5215,7.89232,-0.0371109,1.5459,-0.00404686,-0.00625605,FGM,0.212616,0.297371,0.236131,0.212616,0.596508,0.297371,0
10.8508,11.5369,7.89173,-0.0376851,1.54596,-0.115027,-0.177828,FRENET,0.135886,0.942468,0.135886,0,0.942468,0.325388,0
10.8547,11.5369,7.89173,-0.0376851,1.54596,-0.115027,-0.177828,FRENET,0.135886,0.942468,0.135886,0,0.942468,0.325388,0
10.8592,11.5523,7.89102,-0.0392496,1.51841,-0.169369,-0.25717,FRENET,0.135886,0.942468,0.135886,0,0.942468,0.325388,0
10.8624,11.5523,7.89102,-0.0392496,1.51841,-0.169369,-0.25717,FRENET,0.135886,0.942468,0.135886,0,0.942468,0.325388,0
10.8663,11.5523,7.89102,-0.0392496,1.51841,-0.169369,-0.25717,FRENET,0.135886,0.942468,0.135886,0,0.942468,0.325388,0
10.8705,11.5673,7.89025,-0.0410323,1.4961,-0.202534,-0.303011,FRENET,0.135886,0.942468,0.135886,0,0.942468,0.325388,0
10.8744,11.5673,7.89025,-0.0410323,1.4961,-0.202534,-0.303011,FRENET,0.135886,0.942468,0.135886,0,0.942468,0.325388,0
10.8793,11.5822,7.88942,-0.0431729,1.47803,-0.204886,-0.302828,FRENET,0.135886,0.942468,0.135886,0,0.942468,0.325388,0
10.8823,11.5822,7.88942,-0.0431729,1.47803,-0.204886,-0.302828,FRENET,0.135886,0.942468,0.135886,0,0.942468,0.325388,0
10.8864,11.5822,7.88942,-0.0431729,1.47803,-0.204886,-0.302828,FRENET,0.135886,0.942468,0.135886,0,0.942468,0.325388,0
10.8904,11.5968,7.88858,-0.0448874,1.4634,-0.128627,-0.188233,FRENET,0.135886,0.942468,0.135886,0,0.942468,0.325388,0
10.8944,11.5968,7.88858,-0.0448874,1.4634,-0.128627,-0.188233,FRENET,0.135886,0.942468,0.135886,0,0.942468,0.325388,0
10.8991,11.6114,7.88781,-0.0456414,1.45155,-0.0180093,-0.0261414,FRENET,0.143815,0.942468,0.143815,0.0245214,0.942468,0.351697,0
10.9024,11.6114,7.88781,-0.0456414,1.45155,-0.0180093,-0.0261414,FRENET,0.143815,0.942468,0.143815,0.0245214,0.942468,0.351697,0
10.9064,11.6114,7.88781,-0.0456414,1.45155,-0.0180093,-0.0261414,FRENET,0.143815,0.942468,0.143815,0.0245214,0.942468,0.351697,0
10.9104,11.6258,7.88714,-0.0452063,1.44196,0.106873,0.154107,FRENET,0.143815,0.942468,0.143815,0.0245214,0.942468,0.351697,0
10.9143,11.6258,7.88714,-0.0452063,1.44196,0.106873,0.154107,FRENET,0.143815,0.942468,0.143815,0.0245214,0.942468,0.351697,0
10.9192,11.6402,7.88663,-0.04349,1.43419,0.23722,0.340219,FRENET,0.143815,0.942468,0.143815,0.0245214,0.942468,0.351697,0
10.9224,11.6402,7.88663,-0.04349,1.43419,0.23722,0.340219,FRENET,0.143815,0.942468,0.143815,0.0245214,0.942468,0.351697,0
10.9264,11.6402,7.88663,-0.04349,1.43419,0.23722,0.340219,FRENET,0.143815,0.942468,0.143815,0.0245214,0.942468,0.351697,0
10.9304,11.6545,7.8863,-0.0404592,1.4279,0.369369,0.52742,FRENET,0.143815,0.942468,0.143815,0.0245214,0.942468,0.351697,0
10.9343,11.6545,7.8863,-0.0404592,1.4279,0.369369,0.52742,FRENET,0.143815,0.942468,0.143815,0.0245214,0.942468,0.351697,0
10.9393,11.6688,7.88616,-0.0363835,1.4228,0.419591,0.596994,FRENET,0.143815,0.942468,0.143815,0.0245214,0.942468,0.351697,0
10.9424,11.6688,7.88616,-0.0363835,1.4228,0.419591,0.596994,FRENET,0.143815,0.942468,0.143815,0.0245214,0.942468,0.351697,0
10.9463,11.6688,7.88616,-0.0363835,1.4228,0.419591,0.596994,FRENET,0.143815,0.942468,0.143815,0.0245214,0.942468,0.351697,0
10.9506,11.683,7.88615,-0.0320942,1.41868,0.452594,0.642084,FRENET,0.127692,0.942468,0.127692,0.212096,0.942468,0.288336,0
10.9543,11.683,7.88615,-0.0320942,1.41868,0.452594,0.642084,FRENET,0.127692,0.942468,0.127692,0.212096,0.942468,0.288336,0
10.9592,11.6972,7.88626,-0.0274466,1.41533,0.457329,0.647273,FRENET,0.127692,0.942468,0.127692,0.212096,0.942468,0.288336,0
10.9623,11.6972,7.88626,-0.0274466,1.41533,0.457329,0.647273,FRENET,0.127692,0.942468,0.127692,0.212096,0.942468,0.288336,0
10.9664,11.6972,7.88626,-0.0274466,1.41533,0.457329,0.647273,FRENET,0.127692,0.942468,0.127692,0.212096,0.942468,0.288336,0
10.9705,11.7113,7.88647,-0.0229164,1.42341,0.466096,0.663443,FRENET,0.127692,0.942468,0.127692,0.212096,0.942468,0.288336,0
10.9743,11.7113,7.88647,-0.0229164,1.42341,0.466096,0.663443,FRENET,0.127692,0.942468,0.127692,0.212096,0.942468,0.288336,0
10.9792,11.7256,7.88677,-0.0181859,1.43109,0.463015,0.662617,FRENET,0.127692,0.942468,0.127692,0.212096,0.942468,0.288336,0
10.9824,11.7256,7.88677,-0.0181859,1.43109,0.463015,0.662617,FRENET,0.127692,0.942468,0.127692,0.212096,0.942468,0.288336,0
10.9863,11.7256,7.88677,-0.0181859,1.43109,0.463015,0.662617,FRENET,0.127692,0.942468,0.127692,0.212096,0.942468,0.288336,0
10.9904,11.74,7.88713,-0.0138571,1.43842,0.394576,0.567565,FRENET,0.127692,0.942468,0.127692,0.212096,0.942468,0.288336,0
10.9943,11.74,7.88713,-0.0138571,1.43842,0.394576,0.567565,FRENET,0.127692,0.942468,0.127692,0.212096,0.942468,0.288336,0
10.9991,11.7544,7.88749,-0.0101272,1.44539,0.372589,0.538536,FRENET,0.145331,0.936697,0.145331,0.213227,0.936697,0.311646,0
11.0024,11.7544,7.88749,-0.0101272,1.44539,0.372589,0.538536,FRENET,0.145331,0.936697,0.145331,0.213227,0.936697,0.311646,0
11.0066,11.7544,7.88749,-0.0101272,1.44539,0.372589,0.538536,FRENET,0.145331,0.936697,0.145331,0.213227,0.936697,0.311646,0
11.0109,11.7687,7.88789,-0.00639889,1.4209,0.354152,0.503217,FRENET,0.145331,0.936697,0.145331,0.213227,0.936697,0.311646,0
11.0142,11.7687,7.88789,-0.00639889,1.4209,0.354152,0.503217,FRENET,0.145331,0.936697,0.145331,0.213227,0.936697,0.311646,0
11.0191,11.7828,7.8883,-0.00295971,1.40108,0.353496,0.495275,FRENET,0.145331,0.936697,0.145331,0.213227,0.936697,0.311646,0
11.0223,11.7828,7.8883,-0.00295971,1.40108,0.353496,0.495275,FRENET,0.145331,0.936697,0.145331,0.213227,0.936697,0.311646,0
11.0264,11.7828,7.8883,-0.00295971,1.40108,0.353496,0.495275,FRENET,0.145331,0.936697,0.145331,0.213227,0.936697,0.311646,0
11.0306,11.7967,7.88878,0.000885508,1.38502,0.424448,0.587869,FRENET,0.145331,0.936697,0.145331,0.213227,0.936697,0.311646,0
11.0343,11.7967,7.88878,0.000885508,1.38502,0.424448,0.587869,FRENET,0.145331,0.936697,0.145331,0.213227,0.936697,0.311646,0
11.0391,11.8105,7.88938,0.00533133,1.37202,0.441594,0.605875,FRENET,0.145331,0.936697,0.145331,0.213227,0.936697,0.311646,0
11.0423,11.8105,7.88938,0.00533133,1.37202,0.441594,0.605875,FRENET,0.145331,0.936697,0.145331,0.213227,0.936697,0.311646,0
11.0465,11.8105,7.88938,0.00533133,1.37202,0.441594,0.605875,FRENET,0.113097,0.936697,0.113097,0.0115446,0.936697,0.346362,0
11.0504,11.8241,7.89005,0.00974172,1.36149,0.457369,0.622702,FRENET,0.113097,0.936697,0.113097,0.0115446,0.936697,0.346362,0
11.0547,11.8241,7.89005,0.00974172,1.36149,0.457369,0.622702,FRENET,0.113097,0.936697,0.113097,0.0115446,0.936697,0.346362,0
11.0595,11.8377,7.89081,0.0143799,1.35296,0.451193,0.610446,FRENET,0.113097,0.936697,0.113097,0.0115446,0.936697,0.346362,0
11.0625,11.8377,7.89081,0.0143799,1.35296,0.451193,0.610446,FRENET,0.113097,0.936697,0.113097,0.0115446,0.936697,0.346362,0
11.0667,11.8377,7.89081,0.0143799,1.35296,0.451193,0.610446,FRENET,0.113097,0.936697,0.113097,0.0115446,0.936697,0.346362,0
11.0705,11.8512,7.89162,0.0188326,1.34606,0.457574,0.61592,FRENET,0.113097,0.936697,0.113097,0.0115446,0.936697,0.346362,0
11.0746,11.8512,7.89162,0.0188326,1.34606,0.457574,0.61592,FRENET,0.113097,0.936697,0.113097,0.0115446,0.936697,0.346362,0
11.0794,11.8646,7.89251,0.0234524,1.34046,0.448149,0.600727,FRENET,0.113097,0.936697,0.113097,0.0115446,0.936697,0.346362,0
11.0825,11.8646,7.89251,0.0234524,1.34046,0.448149,0.600727,FRENET,0.113097,0.936697,0.113097,0.0115446,0.936697,0.346362,0
11.0863,11.8646,7.89251,0.0234524,1.34046,0.448149,0.600727,FRENET,0.113097,0.936697,0.113097,0.0115446,0.936697,0.346362,0
11.0904,11.8779,7.89346,0.0278702,1.33594,0.453697,0.606109,FRENET,0.113097,0.936697,0.113097,0.0115446,0.936697,0.346362,0
11.0946,11.8779,7.89346,0.0278702,1.33594,0.453697,0.606109,FRENET,0.113097,0.936697,0.113097,0.0115446,0.936697,0.346362,0
11.0992,11.8912,7.89448,0.032451,1.33227,0.444458,0.592138,FRENET,0.118671,0.936697,0.118671,0.214926,0.936697,0.30176,0
11.1023,11.8912,7.89448,0.032451,1.33227,0.444458,0.592138,FRENET,0.118671,0.936697,0.118671,0.214926,0.936697,0.30176,0
11.1065,11.8912,7.89448,0.032451,1.33227,0.444458,0.592138,FRENET,0.118671,0.936697,0.118671,0.214926,0.936697,0.30176,0
11.1104,11.9045,7.89555,0.0368259,1.33972,0.448626,0.601032,FRENET,0.118671,0.936697,0.118671,0.214926,0.936697,0.30176,0
11.1146,11.9045,7.89555,0.0368259,1.33972,0.448626,0.601032,FRENET,0.118671,0.936697,0.118671,0.214926,0.936697,0.30176,0
11.1191,11.9179,7.8967,0.0413635,1.34681,0.441995,0.595284,FRENET,0.118671,0.936697,0.118671,0.214926,0.936697,0.30176,0
11.1225,11.9179,7.8967,0.0413635,1.34681,0.441995,0.595284,FRENET,0.118671,0.936697,0.118671,0.214926,0.936697,0.30176,0
11.1263,11.9179,7.8967,0.0413635,1.34681,0.441995,0.595284,FRENET,0.118671,0.936697,0.118671,0.214926,0.936697,0.30176,0
11.1304,11.9314,7.89788,0.0454763,1.35357,0.372819,0.504636,FRENET,0.118671,0.936697,0.118671,0.214926,0.936697,0.30176,0
11.1344,11.9314,7.89788,0.0454763,1.35357,0.372819,0.504636,FRENET,0.118671,0.936697,0.118671,0.214926,0.936697,0.30176,0
11.1393,11.9449,7.89903,0.0487301,1.36,0.27426,0.372994,FRENET,0.118671,0.936697,0.118671,0.214926,0.936697,0.30176,0
11.1424,11.9449,7.89903,0.0487301,1.36,0.27426,0.372994,FRENET,0.118671,0.936697,0.118671,0.214926,0.936697,0.30176,0
11.1465,11.9449,7.89903,0.0487301,1.36,0.27426,0.372994,FRENET,0.115141,0.936697,0.115141,0.217547,0.936697,0.317163,0
11.1506,11.9585,7.90013,0.0511807,1.36613,0.23919,0.326765,FRENET,0.115141,0.936697,0.115141,0.217547,0.936697,0.317163,0
11.1544,11.9585,7.90013,0.0511807,1.36613,0.23919,0.326765,FRENET,0.115141,0.936697,0.115141,0.217547,0.936697,0.317163,0
11.1592,11.9721,7.90123,0.0535134,1.37197,0.212803,0.29196,FRENET,0.115141,0.936697,0.115141,0.217547,0.936697,0.317163,0
11.1625,11.9721,7.90123,0.0535134,1.37197,0.212803,0.29196,FRENET,0.115141,0.936697,0.115141,0.217547,0.936697,0.317163,0
11.1664,11.9721,7.90123,0.0535134,1.37197,0.212803,0.29196,FRENET,0.115141,0.936697,0.115141,0.217547,0.936697,0.317163,0
11.1704,11.9858,7.90232,0.0555368,1.37753,0.21044,0.289888,FRENET,0.115141,0.936697,0.115141,0.217547,0.936697,0.317163,0
11.1743,11.9858,7.90232,0.0555368,1.37753,0.21044,0.289888,FRENET,0.115141,0.936697,0.115141,0.217547,0.936697,0.317163,0
11.1793,11.9996,7.90343,0.0576689,1.38283,0.199278,0.275567,FRENET,0.115141,0.936697,0.115141,0.217547,0.936697,0.317163,0
11.1824,11.9996,7.90343,0.0576689,1.38283,0.199278,0.275567,FRENET,0.115141,0.936697,0.115141,0.217547,0.936697,0.317163,0
11.1864,11.9996,7.90343,0.0576689,1.38283,0.199278,0.275567,FRENET,0.115141,0.936697,0.115141,0.217547,0.936697,0.317163,0
11.1903,12.0134,7.90454,0.0595977,1.38787,0.204095,0.283258,FRENET,0.115141,0.936697,0.115141,0.217547,0.936697,0.317163,0
11.1945,12.0134,7.90454,0.0595977,1.38787,0.204095,0.283258,FRENET,0.115141,0.936697,0.115141,0.217547,0.936697,0.317163,0
11.1992,12.0272,7.90568,0.0616867,1.39268,0.196503,0.273665,FGM,0.218848,0.316021,0.130727,0.218848,0.932408,0.316021,0
11.2025,12.0272,7.90568,0.0616867,1.39268,0.196503,0.273665,FGM,0.218848,0.316021,0.130727,0.218848,0.932408,0.316021,0
11.2065,12.0272,7.90568,0.0616867,1.39268,0.196503,0.273665,FGM,0.218848,0.316021,0.130727,0.218848,0.932408,0.316021,0
11.2104,12.0412,7.90684,0.0635971,1.40125,0.202771,0.284133,FGM,0.218848,0.316021,0.130727,0.218848,0.932408,0.316021,0
11.2144,12.0412,7.90684,0.0635971,1.40125,0.202771,0.284133,FGM,0.218848,0.316021,0.130727,0.218848,0.932408,0.316021,0
11.2192,12.0552,7.90804,0.0656786,1.40941,0.196562,0.277037,FGM,0.218848,0.316021,0.130727,0.218848,0.932408,0.316021,0
11.2224,12.0552,7.90804,0.0656786,1.40941,0.196562,0.277037,FGM,0.218848,0.316021,0.130727,0.218848,0.932408,0.316021,0
11.2265,12.0552,7.90804,0.0656786,1.40941,0.196562,0.277037,FGM,0.218848,0.316021,0.130727,0.218848,0.932408,0.316021,0
11.2305,12.0693,7.90923,0.0673302,1.41719,0.125742,0.178201,FGM,0.218848,0.316021,0.130727,0.218848,0.932408,0.316021,0
11.2345,12.0693,7.90923,0.0673302,1.41719,0.125742,0.178201,FGM,0.218848,0.316021,0.130727,0.218848,0.932408,0.316021,0
11.2392,12.0834,7.91036,0.0680968,1.4246,0.0236411,0.0336791,FGM,0.218848,0.316021,0.130727,0.218848,0.932408,0.316021,0
11.2424,12.0834,7.91036,0.0680968,1.4246,0.0236411,0.0336791,FGM,0.218848,0.316021,0.130727,0.218848,0.932408,0.316021,0
11.2464,12.0834,7.91036,0.0680968,1.4246,0.0236411,0.0336791,FGM,0.218848,0.316021,0.130727,0.218848,0.932408,0.316021,0
11.2505,12.0977,7.91138,0.0677535,1.43165,-0.0943318,-0.135051,FGM,0.218896,0.324012,0.117262,0.218896,0.932408,0.324012,0
11.2545,12.0977,7.91138,0.0677535,1.43165,-0.0943318,-0.135051,FGM,0.218896,0.324012,0.117262,0.218896,0.932408,0.324012,0
11.2594,12.112,7.91225,0.0661836,1.43857,-0.220755,-0.317572,FGM,0.218896,0.324012,0.117262,0.218896,0.932408,0.324012,0
11.2625,12.112,7.91225,0.0661836,1.43857,-0.220755,-0.317572,FGM,0.218896,0.324012,0.117262,0.218896,0.932408,0.324012,0
11.267,12.112,7.91225,0.0661836,1.43857,-0.220755,-0.317572,FGM,0.218896,0.324012,0.117262,0.218896,0.932408,0.324012,0
11.271,12.1264,7.91293,0.0633217,1.44516,-0.352283,-0.509105,FGM,0.218896,0.324012,0.117262,0.218896,0.932408,0.324012,0
11.2744,12.1264,7.91293,0.0633217,1.44516,-0.352283,-0.509105,FGM,0.218896,0.324012,0.117262,0.218896,0.932408,0.324012,0
11.2792,12.1409,7.91343,0.0593947,1.45143,-0.408195,-0.592467,FGM,0.218896,0.324012,0.117262,0.218896,0.932408,0.324012,0
11.2825,12.1409,7.91343,0.0593947,1.45143,-0.408195,-0.592467,FGM,0.218896,0.324012,0.117262,0.218896,0.932408,0.324012,0
11.2865,12.1409,7.91343,0.0593947,1.45143,-0.408195,-0.592467,FGM,0.218896,0.324012,0.117262,0.218896,0.932408,0.324012,0
11.2905,12.1554,7.9138,0.0551859,1.45741,-0.446963,-0.651408,FGM,0.218896,0.324012,0.117262,0.218896,0.932408,0.324012,0
11.2947,12.1554,7.9138,0.0551859,1.45741,-0.446963,-0.651408,FGM,0.218896,0.324012,0.117262,0.218896,0.932408,0.324012,0
11.3,12.17,7.91404,0.0505643,1.4631,-0.458322,-0.670572,FGM,0.219445,0.32478,0.121129,0.219445,0.932408,0.32478,0
11.3024,12.17,7.91404,0.0505643,1.4631,-0.458322,-0.670572,FGM,0.219445,0.32478,0.121129,0.219445,0.932408,0.32478,0
11.3066,12.17,7.91404,0.0505643,1.4631,-0.458322,-0.670572,FGM,0.219445,0.32478,0.121129,0.219445,0.932408,0.32478,0
11.3104,12.1847,7.91418,0.0459786,1.46869,-0.475041,-0.697687,FGM,0.219445,0.32478,0.121129,0.219445,0.932408,0.32478,0
11.3146,12.1847,7.91418,0.0459786,1.46869,-0.475041,-0.697687,FGM,0.219445,0.32478,0.121129,0.219445,0.932408,0.32478,0
11.3193,12.1994,7.91419,0.0408686,1.47401,-0.554752,-0.81771,FGM,0.219445,0.32478,0.121129,0.219445,0.932408,0.32478,0
11.3224,12.1994,7.91419,0.0408686,1.47401,-0.554752,-0.81771,FGM,0.219445,0.32478,0.121129,0.219445,0.932408,0.32478,0
11.3267,12.1994,7.91419,0.0408686,1.47401,-0.554752,-0.81771,FGM,0.219445,0.32478,0.121129,0.219445,0.932408,0.32478,0
11.3306,12.2141,7.91405,0.035058,1.47908,-0.585667,-0.866247,FGM,0.219445,0.32478,0.121129,0.219445,0.932408,0.32478,0
11.3348,12.2141,7.91405,0.035058,1.47908,-0.585667,-0.866247,FGM,0.219445,0.32478,0.121129,0.219445,0.932408,0.32478,0
11.3394,12.229,7.9138,0.0294166,1.4839,-0.532076,-0.78955,FGM,0.219445,0.32478,0.121129,0.219445,0.932408,0.32478,0
11.3426,12.229,7.9138,0.0294166,1.4839,-0.532076,-0.78955,FGM,0.219445,0.32478,0.121129,0.219445,0.932408,0.32478,0
11.3465,12.229,7.9138,0.0294166,1.4839,-0.532076,-0.78955,FGM,0.220716,0.312443,0.121925,0.220716,0.936495,0.312443,0
11.3508,12.2438,7.91352,0.0242745,1.4885,-0.516672,-0.769067,FGM,0.220716,0.312443,0.121925,0.220716,0.936495,0.312443,0
11.3545,12.2438,7.91352,0.0242745,1.4885,-0.516672,-0.769067,FGM,0.220716,0.312443,0.121925,0.220716,0.936495,0.312443,0
11.3595,12.2587,7.91315,0.0191088,1.49293,-0.50072,-0.747542,FGM,0.220716,0.312443,0.121925,0.220716,0.936495,0.312443,0
11.3625,12.2587,7.91315,0.0191088,1.49293,-0.50072,-0.747542,FGM,0.220716,0.312443,0.121925,0.220716,0.936495,0.312443,0
11.3667,12.2587,7.91315,0.0191088,1.49293,-0.50072,-0.747542,FGM,0.220716,0.312443,0.121925,0.220716,0.936495,0.312443,0
11.3707,12.2737,7.91273,0.0141795,1.49716,-0.503041,-0.75313,FGM,0.220716,0.312443,0.121925,0.220716,0.936495,0.312443,0
11.3746,12.2737,7.91273,0.0141795,1.49716,-0.503041,-0.75313,FGM,0.220716,0.312443,0.121925,0.220716,0.936495,0.312443,0
11.3793,12.2886,7.91223,0.00910205,1.50118,-0.49553,-0.743877,FGM,0.220716,0.312443,0.121925,0.220716,0.936495,0.312443,0
11.3826,12.2886,7.91223,0.00910205,1.50118,-0.49553,-0.743877,FGM,0.220716,0.312443,0.121925,0.220716,0.936495,0.312443,0
11.3865,12.2886,7.91223,0.00910205,1.50118,-0.49553,-0.743877,FGM,0.220716,0.312443,0.121925,0.220716,0.936495,0.312443,0
11.3907,12.3037,7.91167,0.00420232,1.50501,-0.501811,-0.755228,FGM,0.220716,0.312443,0.121925,0.220716,0.936495,0.312443,0
11.3945,12.3037,7.91167,0.00420232,1.50501,-0.501811,-0.755228,FGM,0.220716,0.312443,0.121925,0.220716,0.936495,0.312443,0
11.3994,12.3187,7.91102,-0.000873752,1.50865,-0.496196,-0.748587,FGM,0.219892,0.309878,0.120805,0.219892,0.936495,0.309878,0
11.4026,12.3187,7.91102,-0.000873752,1.50865,-0.496196,-0.748587,FGM,0.219892,0.309878,0.120805,0.219892,0.936495,0.309878,0
11.4066,12.3187,7.91102,-0.000873752,1.50865,-0.496196,-0.748587,FGM,0.219892,0.309878,0.120805,0.219892,0.936495,0.309878,0
11.4106,12.3338,7.91031,-0.00578488,1.51213,-0.503321,-0.761086,FGM,0.219892,0.309878,0.120805,0.219892,0.936495,0.309878,0
11.4145,12.3338,7.91031,-0.00578488,1.51213,-0.503321,-0.761086,FGM,0.219892,0.309878,0.120805,0.219892,0.936495,0.309878,0
11.4193,12.3489,7.90951,-0.0108784,1.51544,-0.498103,-0.754843,FGM,0.219892,0.309878,0.120805,0.219892,0.936495,0.309878,0
11.4225,12.3489,7.90951,-0.0108784,1.51544,-0.498103,-0.754843,FGM,0.219892,0.309878,0.120805,0.219892,0.936495,0.309878,0
11.4266,12.3489,7.90951,-0.0108784,1.51544,-0.498103,-0.754843,FGM,0.219892,0.309878,0.120805,0.219892,0.936495,0.309878,0
11.4307,12.3641,7.90865,-0.0158093,1.51859,-0.505352,-0.767422,FGM,0.219892,0.309878,0.120805,0.219892,0.936495,0.309878,0
11.4347,12.3641,7.90865,-0.0158093,1.51859,-0.505352,-0.767422,FGM,0.219892,0.309878,0.120805,0.219892,0.936495,0.309878,0
11.4396,12.3792,7.9077,-0.0209235,1.52159,-0.500177,-0.761065,FGM,0.219892,0.309878,0.120805,0.219892,0.936495,0.309878,0
11.4425,12.3792,7.9077,-0.0209235,1.52159,-0.500177,-0.761065,FGM,0.219892,0.309878,0.120805,0.219892,0.936495,0.309878,0
11.4467,12.3792,7.9077,-0.0209235,1.52159,-0.500177,-0.761065,FGM,0.220746,0.300879,0.121928,0.220746,0.936495,0.300879,0
11.4512,12.3944,7.90669,-0.0258749,1.52445,-0.50738,-0.773475,FGM,0.220746,0.300879,0.121928,0.220746,0.936495,0.300879,0
11.455,12.3944,7.90669,-0.0258749,1.52445,-0.50738,-0.773475,FGM,0.220746,0.300879,0.121928,0.220746,0.936495,0.300879,0
11.4594,12.4097,7.90559,-0.0310094,1.52709,-0.502178,-0.766871,FGM,0.220746,0.300879,0.121928,0.220746,0.936495,0.300879,0
11.4626,12.4097,7.90559,-0.0310094,1.52709,-0.502178,-0.766871,FGM,0.220746,0.300879,0.121928,0.220746,0.936495,0.300879,0
11.4667,12.4097,7.90559,-0.0310094,1.52709,-0.502178,-0.766871,FGM,0.220746,0.300879,0.121928,0.220746,0.936495,0.300879,0
11.4706,12.4249,7.90445,-0.0357049,1.52961,-0.428351,-0.655209,FGM,0.220746,0.300879,0.121928,0.220746,0.936495,0.300879,0
11.4744,12.4249,7.90445,-0.0357049,1.52961,-0.428351,-0.655209,FGM,0.220746,0.300879,0.121928,0.220746,0.936495,0.300879,0
11.4793,12.4402,7.9033,-0.0397451,1.532,-0.401292,-0.614781,FGM,0.220746,0.300879,0.121928,0.220746,0.936495,0.300879,0
11.4824,12.4402,7.9033,-0.0397451,1.532,-0.401292,-0.614781,FGM,0.220746,0.300879,0.121928,0.220746,0.936495,0.300879,0
11.4864,12.4402,7.9033,-0.0397451,1.532,-0.401292,-0.614781,FGM,0.220746,0.300879,0.121928,0.220746,0.936495,0.300879,0
11.4905,12.4554,7.90211,-0.0437214,1.53428,-0.378705,-0.581041,FGM,0.220746,0.300879,0.121928,0.220746,0.936495,0.300879,0
11.4946,12.4554,7.90211,-0.0437214,1.53428,-0.378705,-0.581041,FGM,0.220746,0.300879,0.121928,0.220746,0.936495,0.300879,0
11.4993,12.4708,7.90092,-0.0471309,1.53646,-0.29563,-0.454224,FGM,0.220659,0.319126,0.236795,0.220659,0.596001,0.319126,0
11.5026,12.4708,7.90092,-0.0471309,1.53646,-0.29563,-0.454224,FGM,0.220659,0.319126,0.236795,0.220659,0.596001,0.319126,0
11.5066,12.4708,7.90092,-0.0471309,1.53646,-0.29563,-0.454224,FGM,0.220659,0.319126,0.236795,0.220659,0.596001,0.319126,0
11.5106,12.4861,7.89979,-0.0495395,1.53844,-0.182297,-0.280454,FGM,0.220659,0.319126,0.236795,0.220659,0.596001,0.319126,0
11.5147,12.4861,7.89979,-0.0495395,1.53844,-0.182297,-0.280454,FGM,0.220659,0.319126,0.236795,0.220659,0.596001,0.319126,0
11.5193,12.5014,7.89875,-0.0507286,1.54034,-0.05358,-0.0825312,FGM,0.220659,0.319126,0.236795,0.220659,0.596001,0.319126,0
11.5225,12.5014,7.89875,-0.0507286,1.54034,-0.05358,-0.0825312,FGM,0.220659,0.319126,0.236795,0.220659,0.596001,0.319126,0
11.5264,12.5014,7.89875,-0.0507286,1.54034,-0.05358,-0.0825312,FGM,0.220659,0.319126,0.236795,0.220659,0.596001,0.319126,0
11.5305,12.5168,7.89784,-0.0508624,1.54214,0.00186292,0.00287288,FGM,0.220659,0.319126,0.236795,0.220659,0.596001,0.319126,0
11.5346,12.5168,7.89784,-0.0508624,1.54214,0.00186292,0.00287288,FGM,0.220659,0.319126,0.236795,0.220659,0.596001,0.319126,0
11.5393,12.5322,7.89695,-0.0510005,1.54385,-0.0418897,-0.0646716,FGM,0.220659,0.319126,0.236795,0.220659,0.596001,0.319126,0
11.5424,12.5322,7.89695,-0.0510005,1.54385,-0.0418897,-0.0646716,FGM,0.220659,0.319126,0.236795,0.220659,0.596001,0.319126,0
11.5463,12.5322,7.89695,-0.0510005,1.54385,-0.0418897,-0.0646716,FGM,0.220659,0.319126,0.236795,0.220659,0.596001,0.319126,0
11.5509,12.5477,7.89605,-0.0515782,1.54549,-0.0538539,-0.0832307,FRENET,0.237853,0.596001,0.237853,0,0.596001,0.332417,0
11.5546,12.5477,7.89605,-0.0515782,1.54549,-0.0538539,-0.0832307,FRENET,0.237853,0.596001,0.237853,0,0.596001,0.332417,0
11.5594,12.5631,7.89518,-0.0518378,1.55106,0.0116151,0.0180157,FRENET,0.237853,0.596001,0.237853,0,0.596001,0.332417,0
11.5624,12.5631,7.89518,-0.0518378,1.55106,0.0116151,0.0180157,FRENET,0.237853,0.596001,0.237853,0,0.596001,0.332417,0
11.5665,12.5631,7.89518,-0.0518378,1.55106,0.0116151,0.0180157,FRENET,0.237853,0.596001,0.237853,0,0.596001,0.332417,0
11.5705,12.5786,7.89439,-0.0512235,1.55637,0.116158,0.180785,FRENET,0.237853,0.596001,0.237853,0,0.596001,0.332417,0
11.5745,12.5786,7.89439,-0.0512235,1.55637,0.116158,0.180785,FRENET,0.237853,0.596001,0.237853,0,0.596001,0.332417,0
11.5794,12.5942,7.89371,-0.0497244,1.56143,0.160548,0.250685,FRENET,0.237853,0.596001,0.237853,0,0.596001,0.332417,0
11.5824,12.5942,7.89371,-0.0497244,1.56143,0.160548,0.250685,FRENET,0.237853,0.596001,0.237853,0,0.596001,0.332417,0
11.5864,12.5942,7.89371,-0.0497244,1.56143,0.160548,0.250685,FRENET,0.237853,0.596001,0.237853,0,0.596001,0.332417,0
11.5903,12.6098,7.8931,-0.048028,1.56625,0.192821,0.302006,FRENET,0.237853,0.596001,0.237853,0,0.596001,0.332417,0
11.5944,12.6098,7.8931,-0.048028,1.56625,0.192821,0.302006,FRENET,0.237853,0.596001,0.237853,0,0.596001,0.332417,0
11.5994,12.6255,7.89257,-0.0459651,1.57083,0.201081,0.315865,FRENET,0.237465,0.596001,0.237465,0,0.596001,0.308514,0
11.6026,12.6255,7.89257,-0.0459651,1.57083,0.201081,0.315865,FRENET,0.237465,0.596001,0.237465,0,0.596001,0.308514,0
11.6065,12.6255,7.89257,-0.0459651,1.57083,0.201081,0.315865,FRENET,0.237465,0.596001,0.237465,0,0.596001,0.308514,0
11.6106,12.6412,7.89209,-0.0439665,1.5752,0.214978,0.338634,FRENET,0.237465,0.596001,0.237465,0,0.596001,0.308514,0
11.6146,12.6412,7.89209,-0.0439665,1.5752,0.214978,0.338634,FRENET,0.237465,0.596001,0.237465,0,0.596001,0.308514,0
11.6196,12.657,7.89166,-0.0417349,1.57937,0.213769,0.33762,FRENET,0.237465,0.596001,0.237465,0,0.596001,0.308514,0
11.6226,12.657,7.89166,-0.0417349,1.57937,0.213769,0.33762,FRENET,0.237465,0.596001,0.237465,0,0.596001,0.308514,0
11.6266,12.657,7.89166,-0.0417349,1.57937,0.213769,0.33762,FRENET,0.237465,0.596001,0.237465,0,0.596001,0.308514,0
11.6309,12.6729,7.89127,-0.039645,1.59423,0.220701,0.351848,FRENET,0.237465,0.596001,0.237465,0,0.596001,0.308514,0
11.6346,12.6729,7.89127,-0.039645,1.59423,0.220701,0.351848,FRENET,0.237465,0.596001,0.237465,0,0.596001,0.308514,0
11.6396,12.6889,7.89093,-0.037373,1.60839,0.217406,0.349674,FRENET,0.237465,0.596001,0.237465,0,0.596001,0.308514,0
11.6425,12.6889,7.89093,-0.037373,1.60839,0.217406,0.349674,FRENET,0.237465,0.596001,0.237465,0,0.596001,0.308514,0
11.6467,12.6889,7.89093,-0.037373,1.60839,0.217406,0.349674,FRENET,0.131425,0.942579,0.131425,0.218571,0.942579,0.309187,0
11.6504,12.705,7.89059,-0.0355076,1.62187,0.14712,0.23861,FRENET,0.131425,0.942579,0.131425,0.218571,0.942579,0.309187,0
11.6546,12.705,7.89059,-0.0355076,1.62187,0.14712,0.23861,FRENET,0.131425,0.942579,0.131425,0.218571,0.942579,0.309187,0
11.6593,12.721,7.89021,-0.0343194,1.57899,0.116149,0.183398,FRENET,0.131425,0.942579,0.131425,0.218571,0.942579,0.309187,0
11.6625,12.721,7.89021,-0.0343194,1.57899,0.116149,0.183398,FRENET,0.131425,0.942579,0.131425,0.218571,0.942579,0.309187,0
11.6666,12.721,7.89021,-0.0343194,1.57899,0.116149,0.183398,FRENET,0.131425,0.942579,0.131425,0.218571,0.942579,0.309187,0
11.6706,12.7366,7.88985,-0.0332023,1.54427,0.0893866,0.138037,FRENET,0.131425,0.942579,0.131425,0.218571,0.942579,0.309187,0
11.6746,12.7366,7.88985,-0.0332023,1.54427,0.0893866,0.138037,FRENET,0.131425,0.942579,0.131425,0.218571,0.942579,0.309187,0
11.6794,12.7519,7.88947,-0.0324254,1.51615,0.0869183,0.131781,FRENET,0.131425,0.942579,0.131425,0.218571,0.942579,0.309187,0
11.6827,12.7519,7.88947,-0.0324254,1.51615,0.0869183,0.131781,FRENET,0.131425,0.942579,0.131425,0.218571,0.942579,0.309187,0
11.6867,12.7519,7.88947,-0.0324254,1.51615,0.0869183,0.131781,FRENET,0.131425,0.942579,0.131425,0.218571,0.942579,0.309187,0
11.6906,12.767,7.88914,-0.031223,1.49337,0.163199,0.243717,FRENET,0.131425,0.942579,0.131425,0.218571,0.942579,0.309187,0
11.6945,12.767,7.88914,-0.031223,1.49337,0.163199,0.243717,FRENET,0.131425,0.942579,0.131425,0.218571,0.942579,0.309187,0
11.6994,12.7818,7.88892,-0.0290616,1.47493,0.273469,0.403349,FRENET,0.149339,0.942579,0.149339,0.064981,0.942579,0.380474,0
11.7026,12.7818,7.88892,-0.0290616,1.47493,0.273469,0.403349,FRENET,0.149339,0.942579,0.149339,0.064981,0.942579,0.380474,0
11.7066,12.7818,7.88892,-0.0290616,1.47493,0.273469,0.403349,FRENET,0.149339,0.942579,0.149339,0.064981,0.942579,0.380474,0
11.7105,12.7965,7.88887,-0.0257176,1.46,0.397371,0.580162,FRENET,0.149339,0.942579,0.149339,0.064981,0.942579,0.380474,0
11.7144,12.7965,7.88887,-0.0257176,1.46,0.397371,0.580162,FRENET,0.149339,0.942579,0.149339,0.064981,0.942579,0.380474,0
11.7193,12.811,7.88898,-0.0213937,1.44791,0.441222,0.638848,FRENET,0.149339,0.942579,0.149339,0.064981,0.942579,0.380474,0
11.7224,12.811,7.88898,-0.0213937,1.44791,0.441222,0.638848,FRENET,0.149339,0.942579,0.149339,0.064981,0.942579,0.380474,0
11.7265,12.811,7.88898,-0.0213937,1.44791,0.441222,0.638848,FRENET,0.149339,0.942579,0.149339,0.064981,0.942579,0.380474,0
11.7306,12.8255,7.88921,-0.0169163,1.43812,0.469369,0.675007,FRENET,0.149339,0.942579,0.149339,0.064981,0.942579,0.380474,0
11.7344,12.8255,7.88921,-0.0169163,1.43812,0.469369,0.675007,FRENET,0.149339,0.942579,0.149339,0.064981,0.942579,0.380474,0
11.7394,12.8398,7.88956,-0.012121,1.43019,0.470027,0.672225,FRENET,0.149339,0.942579,0.149339,0.064981,0.942579,0.380474,0
11.7424,12.8398,7.88956,-0.012121,1.43019,0.470027,0.672225,FRENET,0.149339,0.942579,0.149339,0.064981,0.942579,0.380474,0
11.7465,12.8398,7.88956,-0.012121,1.43019,0.470027,0.672225,FRENET,0.129904,0.942579,0.129904,0,0.942579,0.319877,0
11.7505,12.8541,7.88999,-0.00746363,1.42376,0.479112,0.682142,FRENET,0.129904,0.942579,0.129904,0,0.942579,0.319877,0
11.7545,12.8541,7.88999,-0.00746363,1.42376,0.479112,0.682142,FRENET,0.129904,0.942579,0.129904,0,0.942579,0.319877,0
11.7593,12.8683,7.89052,-0.00261781,1.41856,0.471823,0.66931,FRENET,0.129904,0.942579,0.129904,0,0.942579,0.319877,0
11.7625,12.8683,7.89052,-0.00261781,1.41856,0.471823,0.66931,FRENET,0.129904,0.942579,0.129904,0,0.942579,0.319877,0
11.7664,12.8683,7.89052,-0.00261781,1.41856,0.471823,0.66931,FRENET,0.129904,0.942579,0.129904,0,0.942579,0.319877,0
11.7705,12.8824,7.89111,0.00204006,1.41435,0.477779,0.675748,FRENET,0.129904,0.942579,0.129904,0,0.942579,0.319877,0
11.7745,12.8824,7.89111,0.00204006,1.41435,0.477779,0.675748,FRENET,0.129904,0.942579,0.129904,0,0.942579,0.319877,0
11.7793,12.8966,7.8918,0.00684698,1.4223,0.46759,0.665052,FRENET,0.129904,0.942579,0.129904,0,0.942579,0.319877,0
11.7825,12.8966,7.8918,0.00684698,1.4223,0.46759,0.665052,FRENET,0.129904,0.942579,0.129904,0,0.942579,0.319877,0
11.7864,12.8966,7.8918,0.00684698,1.4223,0.46759,0.665052,FRENET,0.129904,0.942579,0.129904,0,0.942579,0.319877,0
11.7906,12.9108,7.89255,0.0114684,1.42986,0.474169,0.677996,FRENET,0.129904,0.942579,0.129904,0,0.942579,0.319877,0
11.7945,12.9108,7.89255,0.0114684,1.42986,0.474169,0.677996,FRENET,0.129904,0.942579,0.129904,0,0.942579,0.319877,0
11.7992,12.9251,7.8934,0.0162706,1.43707,0.469334,0.674464,FRENET,0.132075,0.942579,0.132075,0,0.942579,0.328085,0
11.8026,12.9251,7.8934,0.0162706,1.43707,0.469334,0.674464,FRENET,0.132075,0.942579,0.132075,0,0.942579,0.328085,0
11.8064,12.9251,7.8934,0.0162706,1.43707,0.469334,0.674464,FRENET,0.132075,0.942579,0.132075,0,0.942579,0.328085,0
11.8106,12.9395,7.89427,0.0206545,1.44393,0.399322,0.576594,FRENET,0.132075,0.942579,0.132075,0,0.942579,0.328085,0
11.8146,12.9395,7.89427,0.0206545,1.44393,0.399322,0.576594,FRENET,0.132075,0.942579,0.132075,0,0.942579,0.328085,0
11.8193,12.9539,7.89513,0.0241582,1.45047,0.297366,0.43132,FRENET,0.132075,0.942579,0.132075,0,0.942579,0.328085,0
11.8225,12.9539,7.89513,0.0241582,1.45047,0.297366,0.43132,FRENET,0.132075,0.942579,0.132075,0,0.942579,0.328085,0
11.8265,12.9539,7.89513,0.0241582,1.45047,0.297366,0.43132,FRENET,0.132075,0.942579,0.132075,0,0.942579,0.328085,0
11.8306,12.9685,7.89594,0.0268189,1.4567,0.258043,0.375889,FRENET,0.132075,0.942579,0.132075,0,0.942579,0.328085,0
11.8345,12.9685,7.89594,0.0268189,1.4567,0.258043,0.375889,FRENET,0.132075,0.942579,0.132075,0,0.942579,0.328085,0
11.8394,12.983,7.89675,0.0293278,1.46263,0.229498,0.335669,FRENET,0.132075,0.942579,0.132075,0,0.942579,0.328085,0
11.8424,12.983,7.89675,0.0293278,1.46263,0.229498,0.335669,FRENET,0.132075,0.942579,0.132075,0,0.942579,0.328085,0
11.8464,12.983,7.89675,0.0293278,1.46263,0.229498,0.335669,FRENET,0.132075,0.942579,0.132075,0,0.942579,0.328085,0
11.8507,12.9977,7.89754,0.0315075,1.46827,0.224999,0.330359,FGM,0.219945,0.302645,0.122891,0.219945,0.93554,0.302645,0
11.8545,12.9977,7.89754,0.0315075,1.46827,0.224999,0.330359,FGM,0.219945,0.302645,0.122891,0.219945,0.93554,0.302645,0
11.8594,13.0124,7.89836,0.0337816,1.47341,0.213321,0.31431,FGM,0.219945,0.302645,0.122891,0.219945,0.93554,0.302645,0
11.8624,13.0124,7.89836,0.0337816,1.47341,0.213321,0.31431,FGM,0.219945,0.302645,0.122891,0.219945,0.93554,0.302645,0
11.8667,13.0124,7.89836,0.0337816,1.47341,0.213321,0.31431,FGM,0.219945,0.302645,0.122891,0.219945,0.93554,0.302645,0
11.8707,13.0271,7.89919,0.035846,1.47831,0.217089,0.320924,FGM,0.219945,0.302645,0.122891,0.219945,0.93554,0.302645,0
11.8746,13.0271,7.89919,0.035846,1.47831,0.217089,0.320924,FGM,0.219945,0.302645,0.122891,0.219945,0.93554,0.302645,0
11.8795,13.0419,7.90005,0.0380646,1.48297,0.209603,0.310835,FGM,0.219945,0.302645,0.122891,0.219945,0.93554,0.302645,0
11.8825,13.0419,7.90005,0.0380646,1.48297,0.209603,0.310835,FGM,0.219945,0.302645,0.122891,0.219945,0.93554,0.302645,0
11.8866,13.0419,7.90005,0.0380646,1.48297,0.209603,0.310835,FGM,0.219945,0.302645,0.122891,0.219945,0.93554,0.302645,0
11.8906,13.0567,7.9009,0.0398322,1.48741,0.135623,0.201726,FGM,0.219945,0.302645,0.122891,0.219945,0.93554,0.302645,0
11.8945,13.0567,7.9009,0.0398322,1.48741,0.135623,0.201726,FGM,0.219945,0.302645,0.122891,0.219945,0.93554,0.302645,0
11.8993,13.0716,7.90168,0.0406753,1.49163,0.0288899,0.0430931,FGM,0.22028,0.304537,0.107982,0.22028,0.93554,0.304537,0
11.9026,13.0716,7.90168,0.0406753,1.49163,0.0288899,0.0430931,FGM,0.22028,0.304537,0.107982,0.22028,0.93554,0.304537,0
11.9065,13.0716,7.90168,0.0406753,1.49163,0.0288899,0.0430931,FGM,0.22028,0.304537,0.107982,0.22028,0.93554,0.304537,0
11.9104,13.0865,7.90234,0.0403581,1.4957,-0.0944207,-0.141225,FGM,0.22028,0.304537,0.107982,0.22028,0.93554,0.304537,0
11.9147,13.0865,7.90234,0.0403581,1.4957,-0.0944207,-0.141225,FGM,0.22028,0.304537,0.107982,0.22028,0.93554,0.304537,0
11.9191,13.1015,7.90284,0.0387591,1.49956,-0.226493,-0.33964,FGM,0.22028,0.304537,0.107982,0.22028,0.93554,0.304537,0
11.9223,13.1015,7.90284,0.0387591,1.49956,-0.226493,-0.33964,FGM,0.22028,0.304537,0.107982,0.22028,0.93554,0.304537,0
11.9264,13.1015,7.90284,0.0387591,1.49956,-0.226493,-0.33964,FGM,0.22028,0.304537,0.107982,0.22028,0.93554,0.304537,0
11.9312,13.1165,7.90316,0.0358126,1.50325,-0.363446,-0.546348,FGM,0.22028,0.304537,0.107982,0.22028,0.93554,0.304537,0
11.9347,13.1165,7.90316,0.0358126,1.50325,-0.363446,-0.546348,FGM,0.22028,0.304537,0.107982,0.22028,0.93554,0.304537,0
11.9393,13.1315,7.90328,0.0317539,1.50675,-0.422931,-0.637253,FGM,0.22028,0.304537,0.107982,0.22028,0.93554,0.304537,0
11.9426,13.1315,7.90328,0.0317539,1.50675,-0.422931,-0.637253,FGM,0.22028,0.304537,0.107982,0.22028,0.93554,0.304537,0
11.9464,13.1315,7.90328,0.0317539,1.50675,-0.422931,-0.637253,FGM,0.22028,0.304537,0.107982,0.22028,0.93554,0.304537,0
11.9506,13.1466,7.90326,0.0273899,1.5101,-0.46317,-0.699431,FGM,0.220478,0.312442,0.131383,0.220478,0.93554,0.312442,0
11.9544,13.1466,7.90326,0.0273899,1.5101,-0.46317,-0.699431,FGM,0.220478,0.312442,0.131383,0.220478,0.93554,0.312442,0
11.9592,13.1617,7.9031,0.0226018,1.51333,-0.475159,-0.71907,FGM,0.220478,0.312442,0.131383,0.220478,0.93554,0.312442,0
11.9625,13.1617,7.9031,0.0226018,1.51333,-0.475159,-0.71907,FGM,0.220478,0.312442,0.131383,0.220478,0.93554,0.312442,0
11.9665,13.1617,7.9031,0.0226018,1.51333,-0.475159,-0.71907,FGM,0.220478,0.312442,0.131383,0.220478,0.93554,0.312442,0
11.9706,13.1769,7.90284,0.0178491,1.5164,-0.491663,-0.745559,FGM,0.220478,0.312442,0.131383,0.220478,0.93554,0.312442,0
11.9746,13.1769,7.90284,0.0178491,1.5164,-0.491663,-0.745559,FGM,0.220478,0.312442,0.131383,0.220478,0.93554,0.312442,0
11.9796,13.192,7.90247,0.0128435,1.51933,-0.4916,-0.746903,FGM,0.220478,0.312442,0.131383,0.220478,0.93554,0.312442,0
11.9823,13.192,7.90247,0.0128435,1.51933,-0.4916,-0.746903,FGM,0.220478,0.312442,0.131383,0.220478,0.93554,0.312442,0
11.9865,13.192,7.90247,0.0128435,1.51933,-0.4916,-0.746903,FGM,0.220478,0.312442,0.131383,0.220478,0.93554,0.312442,0
11.9905,13.2072,7.90202,0.00796183,1.52212,-0.501757,-0.763735,FGM,0.220478,0.312442,0.131383,0.220478,0.93554,0.312442,0
11.9944,13.2072,7.90202,0.00796183,1.52212,-0.501757,-0.763735,FGM,0.220478,0.312442,0.131383,0.220478,0.93554,0.312442,0
11.9992,13.2225,7.90146,0.0028742,1.52478,-0.498273,-0.759756,FGM,0.219604,0.305841,0.141056,0.219604,0.934599,0.305841,0
12.0023,13.2225,7.90146,0.0028742,1.52478,-0.498273,-0.759756,FGM,0.219604,0.305841,0.141056,0.219604,0.934599,0.305841,0
12.0066,13.2225,7.90146,0.0028742,1.52478,-0.498273,-0.759756,FGM,0.219604,0.305841,0.141056,0.219604,0.934599,0.305841,0
12.0105,13.2377,7.90086,-0.00178825,1.52726,-0.425557,-0.649935,FGM,0.219604,0.305841,0.141056,0.219604,0.934599,0.305841,0
12.0144,13.2377,7.90086,-0.00178825,1.52726,-0.425557,-0.649935,FGM,0.219604,0.305841,0.141056,0.219604,0.934599,0.305841,0
12.0192,13.253,7.90027,-0.00552907,1.52962,-0.318257,-0.486811,FGM,0.219604,0.305841,0.141056,0.219604,0.934599,0.305841,0
12.0225,13.253,7.90027,-0.00552907,1.52962,-0.318257,-0.486811,FGM,0.219604,0.305841,0.141056,0.219604,0.934599,0.305841,0
12.0263,13.253,7.90027,-0.00552907,1.52962,-0.318257,-0.486811,FGM,0.219604,0.305841,0.141056,0.219604,0.934599,0.305841,0
12.0303,13.2683,7.89972,-0.00837391,1.53186,-0.274393,-0.420332,FGM,0.219604,0.305841,0.141056,0.219604,0.934599,0.305841,0
12.0344,13.2683,7.89972,-0.00837391,1.53186,-0.274393,-0.420332,FGM,0.219604,0.305841,0.141056,0.219604,0.934599,0.305841,0
12.0392,13.2836,7.89915,-0.0113089,1.53401,-0.324288,-0.497459,FGM,0.219604,0.305841,0.141056,0.219604,0.934599,0.305841,0
12.0424,13.2836,7.89915,-0.0113089,1.53401,-0.324288,-0.497459,FGM,0.219604,0.305841,0.141056,0.219604,0.934599,0.305841,0
12.0464,13.2836,7.89915,-0.0113089,1.53401,-0.324288,-0.497459,FGM,0.219604,0.305841,0.141056,0.219604,0.934599,0.305841,0
12.0506,13.2989,7.8985,-0.0147292,1.53604,-0.339678,-0.521761,FGM,0,0.320597,0.143387,0,0.934599,0.320597,0
12.0544,13.2989,7.8985,-0.0147292,1.53604,-0.339678,-0.521761,FGM,0,0.320597,0.143387,0,0.934599,0.320597,0
12.0593,13.3147,7.8978,-0.0178687,1.6129,-0.284381,-0.458678,FGM,0,0.320597,0.143387,0,0.934599,0.320597,0
12.0625,13.3147,7.8978,-0.0178687,1.6129,-0.284381,-0.458678,FGM,0,0.320597,0.143387,0,0.934599,0.320597,0
12.0664,13.3147,7.8978,-0.0178687,1.6129,-0.284381,-0.458678,FGM,0,0.320597,0.143387,0,0.934599,0.320597,0
12.0705,13.3312,7.89709,-0.0203425,1.6861,-0.206915,-0.34888,FGM,0,0.320597,0.143387,0,0.934599,0.320597,0
12.0744,13.3312,7.89709,-0.0203425,1.6861,-0.206915,-0.34888,FGM,0,0.320597,0.143387,0,0.934599,0.320597,0
12.0792,13.3483,7.8964,-0.0221387,1.75582,-0.168403,-0.295686,FGM,0,0.320597,0.143387,0,0.934599,0.320597,0
12.0826,13.3483,7.8964,-0.0221387,1.75582,-0.168403,-0.295686,FGM,0,0.320597,0.143387,0,0.934599,0.320597,0
12.0865,13.3483,7.8964,-0.0221387,1.75582,-0.168403,-0.295686,FGM,0,0.320597,0.143387,0,0.934599,0.320597,0
12.0905,13.3662,7.8957,-0.0237293,1.82223,-0.139724,-0.254609,FGM,0,0.320597,0.143387,0,0.934599,0.320597,0
12.0945,13.3662,7.8957,-0.0237293,1.82223,-0.139724,-0.254609,FGM,0,0.320597,0.143387,0,0.934599,0.320597,0
12.0993,13.3847,7.89502,-0.0249947,1.88548,-0.127045,-0.23954,FGM,0.217965,0.301035,0.139408,0.217965,0.934599,0.301035,0
12.1026,13.3847,7.89502,-0.0249947,1.88548,-0.127045,-0.23954,FGM,0.217965,0.301035,0.139408,0.217965,0.934599,0.301035,0
12.1065,13.3847,7.89502,-0.0249947,1.88548,-0.127045,-0.23954,FGM,0.217965,0.301035,0.139408,0.217965,0.934599,0.301035,0
12.1105,13.4033,7.89434,-0.0262432,1.82525,-0.102592,-0.187257,FGM,0.217965,0.301035,0.139408,0.217965,0.934599,0.301035,0
12.1145,13.4033,7.89434,-0.0262432,1.82525,-0.102592,-0.187257,FGM,0.217965,0.301035,0.139408,0.217965,0.934599,0.301035,0
12.1193,13.4213,7.8937,-0.0271476,1.77648,-0.100332,-0.178238,FGM,0.217965,0.301035,0.139408,0.217965,0.934599,0.301035,0
12.1225,13.4213,7.8937,-0.0271476,1.77648,-0.100332,-0.178238,FGM,0.217965,0.301035,0.139408,0.217965,0.934599,0.301035,0
12.1266,13.4213,7.8937,-0.0271476,1.77648,-0.100332,-0.178238,FGM,0.217965,0.301035,0.139408,0.217965,0.934599,0.301035,0
12.1305,13.4388,7.89306,-0.0281899,1.73699,-0.0881924,-0.153189,FGM,0.217965,0.301035,0.139408,0.217965,0.934599,0.301035,0
12.1346,13.4388,7.89306,-0.0281899,1.73699,-0.0881924,-0.153189,FGM,0.217965,0.301035,0.139408,0.217965,0.934599,0.301035,0
12.1393,13.456,7.89248,-0.0286649,1.705,0.00300746,0.00512772,FGM,0.217965,0.301035,0.139408,0.217965,0.934599,0.301035,0
12.1425,13.456,7.89248,-0.0286649,1.705,0.00300746,0.00512772,FGM,0.217965,0.301035,0.139408,0.217965,0.934599,0.301035,0
12.1464,13.456,7.89248,-0.0286649,1.705,0.00300746,0.00512772,FGM,0.217965,0.301035,0.139408,0.217965,0.934599,0.301035,0
12.1506,13.473,7.89201,-0.0280225,1.6791,0.130211,0.218637,FGM,0.214651,0.314409,0.134635,0.214651,0.940075,0.314409,0
12.1546,13.473,7.89201,-0.0280225,1.6791,0.130211,0.218637,FGM,0.214651,0.314409,0.134635,0.214651,0.940075,0.314409,0
12.1594,13.4896,7.8917,-0.0260136,1.65586,0.273734,0.453267,FGM,0.214651,0.314409,0.134635,0.214651,0.940075,0.314409,0
12.1624,13.4896,7.8917,-0.0260136,1.65586,0.273734,0.453267,FGM,0.214651,0.314409,0.134635,0.214651,0.940075,0.314409,0
12.1663,13.4896,7.8917,-0.0260136,1.65586,0.273734,0.453267,FGM,0.214651,0.314409,0.134635,0.214651,0.940075,0.314409,0
12.1706,13.5061,7.89156,-0.0228481,1.63704,0.332088,0.543644,FGM,0.214651,0.314409,0.134635,0.214651,0.940075,0.314409,0
12.1746,13.5061,7.89156,-0.0228481,1.63704,0.332088,0.543644,FGM,0.214651,0.314409,0.134635,0.214651,0.940075,0.314409,0
12.1794,13.5224,7.8915,-0.019722,1.6218,0.279814,0.453804,FGM,0.214651,0.314409,0.134635,0.214651,0.940075,0.314409,0
12.1826,13.5224,7.8915,-0.019722,1.6218,0.279814,0.453804,FGM,0.214651,0.314409,0.134635,0.214651,0.940075,0.314409,0
12.1867,13.5224,7.8915,-0.019722,1.6218,0.279814,0.453804,FGM,0.214651,0.314409,0.134635,0.214651,0.940075,0.314409,0
12.1906,13.5385,7.89145,-0.0174175,1.60946,0.174691,0.28116,FGM,0.214651,0.314409,0.134635,0.214651,0.940075,0.314409,0
12.1947,13.5385,7.89145,-0.0174175,1.60946,0.174691,0.28116,FGM,0.214651,0.314409,0.134635,0.214651,0.940075,0.314409,0
12.1992,13.5546,7.89133,-0.0163031,1.59947,0.0451748,0.0722556,FGM,0.215181,0.324562,0.118295,0.215181,0.940075,0.324562,0
12.2025,13.5546,7.89133,-0.0163031,1.59947,0.0451748,0.0722556,FGM,0.215181,0.324562,0.118295,0.215181,0.940075,0.324562,0
12.2066,13.5546,7.89133,-0.0163031,1.59947,0.0451748,0.0722556,FGM,0.215181,0.324562,0.118295,0.215181,0.940075,0.324562,0
12.2106,13.5705,7.8911,-0.0165485,1.5903,-0.095657,-0.152123,FGM,0.215181,0.324562,0.118295,0.215181,0.940075,0.324562,0
12.2146,13.5705,7.8911,-0.0165485,1.5903,-0.095657,-0.152123,FGM,0.215181,0.324562,0.118295,0.215181,0.940075,0.324562,0
12.2192,13.5864,7.89074,-0.0179374,1.58288,-0.155753,-0.246537,FGM,0.215181,0.324562,0.118295,0.215181,0.940075,0.324562,0
12.2224,13.5864,7.89074,-0.0179374,1.58288,-0.155753,-0.246537,FGM,0.215181,0.324562,0.118295,0.215181,0.940075,0.324562,0
12.2264,13.5864,7.89074,-0.0179374,1.58288,-0.155753,-0.246537,FGM,0.215181,0.324562,0.118295,0.215181,0.940075,0.324562,0
12.2305,13.6022,7.89031,-0.01962,1.57686,-0.194641,-0.306923,FGM,0.215181,0.324562,0.118295,0.215181,0.940075,0.324562,0
12.2346,13.6022,7.89031,-0.01962,1.57686,-0.194641,-0.306923,FGM,0.215181,0.324562,0.118295,0.215181,0.940075,0.324562,0
12.239,13.6179,7.88976,-0.0219994,1.572,-0.288135,-0.452946,FGM,0.215181,0.324562,0.118295,0.215181,0.940075,0.324562,0
12.2425,13.6179,7.88976,-0.0219994,1.572,-0.288135,-0.452946,FGM,0.215181,0.324562,0.118295,0.215181,0.940075,0.324562,0
12.2466,13.6179,7.88976,-0.0219994,1.572,-0.288135,-0.452946,FGM,0.21309,0.312751,0.119258,0.21309,0.940075,0.312751,0
12.2506,13.6336,7.88908,-0.0251805,1.56805,-0.324904,-0.509467,FGM,0.21309,0.312751,0.119258,0.21309,0.940075,0.312751,0
12.2545,13.6336,7.88908,-0.0251805,1.56805,-0.324904,-0.509467,FGM,0.21309,0.312751,0.119258,0.21309,0.940075,0.312751,0
12.2592,13.6493,7.88833,-0.0282084,1.5642,-0.269131,-0.420975,FGM,0.21309,0.312751,0.119258,0.21309,0.940075,0.312751,0
12.2625,13.6493,7.88833,-0.0282084,1.5642,-0.269131,-0.420975,FGM,0.21309,0.312751,0.119258,0.21309,0.940075,0.312751,0
12.2665,13.6493,7.88833,-0.0282084,1.5642,-0.269131,-0.420975,FGM,0.21309,0.312751,0.119258,0.21309,0.940075,0.312751,0
12.2705,13.6649,7.8876,-0.0304199,1.56108,-0.167483,-0.261455,FGM,0.21309,0.312751,0.119258,0.21309,0.940075,0.312751,0
12.2743,13.6649,7.8876,-0.0304199,1.56108,-0.167483,-0.261455,FGM,0.21309,0.312751,0.119258,0.21309,0.940075,0.312751,0
12.2793,13.6804,7.88692,-0.0317702,1.55855,-0.126227,-0.196732,FGM,0.21309,0.312751,0.119258,0.21309,0.940075,0.312751,0
12.2824,13.6804,7.88692,-0.0317702,1.55855,-0.126227,-0.196732,FGM,0.21309,0.312751,0.119258,0.21309,0.940075,0.312751,0
12.2865,13.6804,7.88692,-0.0317702,1.55855,-0.126227,-0.196732,FGM,0.21309,0.312751,0.119258,0.21309,0.940075,0.312751,0
12.2906,13.696,7.88621,-0.0332375,1.55651,-0.17894,-0.278522,FGM,0.21309,0.312751,0.119258,0.21309,0.940075,0.312751,0
12.2946,13.696,7.88621,-0.0332375,1.55651,-0.17894,-0.278522,FGM,0.21309,0.312751,0.119258,0.21309,0.940075,0.312751,0
12.2994,13.7115,7.88544,-0.0352128,1.55485,-0.195569,-0.30408,FRENET,0.124346,0.936684,0.124346,0,0.936684,0.312412,0
12.3024,13.7115,7.88544,-0.0352128,1.55485,-0.195569,-0.30408,FRENET,0.124346,0.936684,0.124346,0,0.936684,0.312412,0
12.3065,13.7115,7.88544,-0.0352128,1.55485,-0.195569,-0.30408,FRENET,0.124346,0.936684,0.124346,0,0.936684,0.312412,0
12.3106,13.7268,7.88468,-0.036874,1.50127,-0.123287,-0.185086,FRENET,0.124346,0.936684,0.124346,0,0.936684,0.312412,0
12.3144,13.7268,7.88468,-0.036874,1.50127,-0.123287,-0.185086,FRENET,0.124346,0.936684,0.124346,0,0.936684,0.312412,0
12.3192,13.7416,7.884,-0.0375468,1.45788,-0.00591624,-0.00862516,FRENET,0.124346,0.936684,0.124346,0,0.936684,0.312412,0
12.3224,13.7416,7.884,-0.0375468,1.45788,-0.00591624,-0.00862516,FRENET,0.124346,0.936684,0.124346,0,0.936684,0.312412,0
12.3264,13.7416,7.884,-0.0375468,1.45788,-0.00591624,-0.00862516,FRENET,0.124346,0.936684,0.124346,0,0.936684,0.312412,0
12.3305,13.756,7.88347,-0.0369613,1.42274,0.12493,0.177743,FRENET,0.124346,0.936684,0.124346,0,0.936684,0.312412,0
12.3345,13.756,7.88347,-0.0369613,1.42274,0.12493,0.177743,FRENET,0.124346,0.936684,0.124346,0,0.936684,0.312412,0
12.3392,13.7701,7.88309,-0.0350572,1.39428,0.256529,0.357674,FRENET,0.124346,0.936684,0.124346,0,0.936684,0.312412,0
12.3427,13.7701,7.88309,-0.0350572,1.39428,0.256529,0.357674,FRENET,0.124346,0.936684,0.124346,0,0.936684,0.312412,0
12.3466,13.7701,7.88309,-0.0350572,1.39428,0.256529,0.357674,FRENET,0.124346,0.936684,0.124346,0,0.936684,0.312412,0
12.3508,13.7839,7.88288,-0.0321484,1.37124,0.297322,0.407701,FRENET,0.145055,0.936684,0.145055,0.212845,0.936684,0.285822,0
12.3544,13.7839,7.88288,-0.0321484,1.37124,0.297322,0.407701,FRENET,0.145055,0.936684,0.145055,0.212845,0.936684,0.285822,0
12.3595,13.7975,7.88277,-0.0291307,1.35258,0.322199,0.4358,FRENET,0.145055,0.936684,0.145055,0.212845,0.936684,0.285822,0
12.3625,13.7975,7.88277,-0.0291307,1.35258,0.322199,0.4358,FRENET,0.145055,0.936684,0.145055,0.212845,0.936684,0.285822,0
12.3665,13.7975,7.88277,-0.0291307,1.35258,0.322199,0.4358,FRENET,0.145055,0.936684,0.145055,0.212845,0.936684,0.285822,0
12.3705,13.811,7.88276,-0.0258279,1.33747,0.318175,0.42555,FRENET,0.145055,0.936684,0.145055,0.212845,0.936684,0.285822,0
12.3745,13.811,7.88276,-0.0258279,1.33747,0.318175,0.42555,FRENET,0.145055,0.936684,0.145055,0.212845,0.936684,0.285822,0
12.3793,13.8243,7.88281,-0.0227037,1.32523,0.325208,0.430977,FRENET,0.145055,0.936684,0.145055,0.212845,0.936684,0.285822,0
12.3825,13.8243,7.88281,-0.0227037,1.32523,0.325208,0.430977,FRENET,0.145055,0.936684,0.145055,0.212845,0.936684,0.285822,0
12.3864,13.8243,7.88281,-0.0227037,1.32523,0.325208,0.430977,FRENET,0.145055,0.936684,0.145055,0.212845,0.936684,0.285822,0
12.3906,13.8375,7.88293,-0.0194094,1.31532,0.315022,0.414356,FRENET,0.145055,0.936684,0.145055,0.212845,0.936684,0.285822,0
12.3944,13.8375,7.88293,-0.0194094,1.31532,0.315022,0.414356,FRENET,0.145055,0.936684,0.145055,0.212845,0.936684,0.285822,0
12.3993,13.8506,7.8831,-0.0163257,1.3073,0.320381,0.418834,FRENET,0.130324,0.936684,0.130324,0,0.936684,0.3231,0
12.4025,13.8506,7.8831,-0.0163257,1.3073,0.320381,0.418834,FRENET,0.130324,0.936684,0.130324,0,0.936684,0.3231,0
12.4067,13.8506,7.8831,-0.0163257,1.3073,0.320381,0.418834,FRENET,0.130324,0.936684,0.130324,0,0.936684,0.3231,0
12.4104,13.8636,7.88333,-0.0130807,1.3008,0.310332,0.40368,FRENET,0.130324,0.936684,0.130324,0,0.936684,0.3231,0
12.4147,13.8636,7.88333,-0.0130807,1.3008,0.310332,0.40368,FRENET,0.130324,0.936684,0.130324,0,0.936684,0.3231,0
12.4192,13.8766,7.8836,-0.0100401,1.29554,0.316266,0.409735,FRENET,0.130324,0.936684,0.130324,0,0.936684,0.3231,0
12.4228,13.8766,7.8836,-0.0100401,1.29554,0.316266,0.409735,FRENET,0.130324,0.936684,0.130324,0,0.936684,0.3231,0
12.4265,13.8766,7.8836,-0.0100401,1.29554,0.316266,0.409735,FRENET,0.130324,0.936684,0.130324,0,0.936684,0.3231,0
12.4304,13.8895,7.88392,-0.00683327,1.29128,0.306943,0.396348,FRENET,0.130324,0.936684,0.130324,0,0.936684,0.3231,0
12.4344,13.8895,7.88392,-0.00683327,1.29128,0.306943,0.396348,FRENET,0.130324,0.936684,0.130324,0,0.936684,0.3231,0
12.4393,13.9024,7.88427,-0.00382263,1.28783,0.313479,0.403707,FRENET,0.130324,0.936684,0.130324,0,0.936684,0.3231,0
12.4424,13.9024,7.88427,-0.00382263,1.28783,0.313479,0.403707,FRENET,0.130324,0.936684,0.130324,0,0.936684,0.3231,0
12.4466,13.9024,7.88427,-0.00382263,1.28783,0.313479,0.403707,FRENET,0.142131,0.936684,0.142131,0.215654,0.936684,0.298645,0
12.4505,13.9153,7.88468,-0.000641276,1.28503,0.304703,0.391553,FRENET,0.142131,0.936684,0.142131,0.215654,0.936684,0.298645,0
12.4544,13.9153,7.88468,-0.000641276,1.28503,0.304703,0.391553,FRENET,0.142131,0.936684,0.142131,0.215654,0.936684,0.298645,0
12.4591,13.9281,7.88512,0.00234961,1.28277,0.311653,0.399779,FRENET,0.142131,0.936684,0.142131,0.215654,0.936684,0.298645,0
12.4626,13.9281,7.88512,0.00234961,1.28277,0.311653,0.399779,FRENET,0.142131,0.936684,0.142131,0.215654,0.936684,0.298645,0
12.4665,13.9281,7.88512,0.00234961,1.28277,0.311653,0.399779,FRENET,0.142131,0.936684,0.142131,0.215654,0.936684,0.298645,0
12.4707,13.9409,7.88561,0.00551429,1.28094,0.303237,0.388427,FRENET,0.142131,0.936684,0.142131,0.215654,0.936684,0.298645,0
12.4746,13.9409,7.88561,0.00551429,1.28094,0.303237,0.388427,FRENET,0.142131,0.936684,0.142131,0.215654,0.936684,0.298645,0
12.4795,13.9537,7.88612,0.00849223,1.27945,0.310455,0.397213,FRENET,0.142131,0.936684,0.142131,0.215654,0.936684,0.298645,0
12.4825,13.9537,7.88612,0.00849223,1.27945,0.310455,0.397213,FRENET,0.142131,0.936684,0.142131,0.215654,0.936684,0.298645,0
12.4865,13.9537,7.88612,0.00849223,1.27945,0.310455,0.397213,FRENET,0.142131,0.936684,0.142131,0.215654,0.936684,0.298645,0
12.4905,13.9665,7.88669,0.011646,1.27825,0.302274,0.386382,FRENET,0.142131,0.936684,0.142131,0.215654,0.936684,0.298645,0
12.4944,13.9665,7.88669,0.011646,1.27825,0.302274,0.386382,FRENET,0.142131,0.936684,0.142131,0.215654,0.936684,0.298645,0
12.5002,13.9792,7.88728,0.0146154,1.27728,0.309668,0.395532,FRENET,0.135601,0.934142,0.135601,0.218281,0.934142,0.292658,0
12.503,13.9792,7.88728,0.0146154,1.27728,0.309668,0.395532,FRENET,0.135601,0.934142,0.135601,0.218281,0.934142,0.292658,0
12.5065,13.9792,7.88728,0.0146154,1.27728,0.309668,0.395532,FRENET,0.135601,0.934142,0.135601,0.218281,0.934142,0.292658,0
12.5106,13.992,7.88793,0.0177607,1.27792,0.301586,0.385403,FRENET,0.135601,0.934142,0.135601,0.218281,0.934142,0.292658,0
12.5145,13.992,7.88793,0.0177607,1.27792,0.301586,0.385403,FRENET,0.135601,0.934142,0.135601,0.218281,0.934142,0.292658,0
12.5194,14.0048,7.8886,0.0207248,1.27853,0.309183,0.3953,FRENET,0.135601,0.934142,0.135601,0.218281,0.934142,0.292658,0
12.5226,14.0048,7.8886,0.0207248,1.27853,0.309183,0.3953,FRENET,0.135601,0.934142,0.135601,0.218281,0.934142,0.292658,0
12.5266,14.0048,7.8886,0.0207248,1.27853,0.309183,0.3953,FRENET,0.135601,0.934142,0.135601,0.218281,0.934142,0.292658,0
12.5306,14.0175,7.88933,0.0238681,1.27911,0.30158,0.385755,FRENET,0.135601,0.934142,0.135601,0.218281,0.934142,0.292658,0
12.5345,14.0175,7.88933,0.0238681,1.27911,0.30158,0.385755,FRENET,0.135601,0.934142,0.135601,0.218281,0.934142,0.292658,0
12.5392,14.0303,7.89008,0.0268332,1.27966,0.309354,0.39587,FRENET,0.135601,0.934142,0.135601,0.218281,0.934142,0.292658,0
12.5425,14.0303,7.89008,0.0268332,1.27966,0.309354,0.39587,FRENET,0.135601,0.934142,0.135601,0.218281,0.934142,0.292658,0
12.5464,14.0303,7.89008,0.0268332,1.27966,0.309354,0.39587,FRENET,0.135601,0.934142,0.135601,0.218281,0.934142,0.292658,0
12.5506,14.0431,7.89089,0.0299786,1.28019,0.301821,0.386388,FRENET,0.116028,0.934142,0.116028,0.219762,0.934142,0.301343,0
12.5545,14.0431,7.89089,0.0299786,1.28019,0.301821,0.386388,FRENET,0.116028,0.934142,0.116028,0.219762,0.934142,0.301343,0
12.5594,14.0559,7.89172,0.0329462,1.28069,0.309606,0.396511,FRENET,0.116028,0.934142,0.116028,0.219762,0.934142,0.301343,0
12.5625,14.0559,7.89172,0.0329462,1.28069,0.309606,0.396511,FRENET,0.116028,0.934142,0.116028,0.219762,0.934142,0.301343,0
12.5665,14.0559,7.89172,0.0329462,1.28069,0.309606,0.396511,FRENET,0.116028,0.934142,0.116028,0.219762,0.934142,0.301343,0
12.5705,14.0686,7.8926,0.0360942,1.28117,0.302075,0.38701,FRENET,0.116028,0.934142,0.116028,0.219762,0.934142,0.301343,0
12.5745,14.0686,7.8926,0.0360942,1.28117,0.302075,0.38701,FRENET,0.116028,0.934142,0.116028,0.219762,0.934142,0.301343,0
12.5792,14.0814,7.89351,0.0390643,1.28163,0.309847,0.397109,FRENET,0.116028,0.934142,0.116028,0.219762,0.934142,0.301343,0
12.5824,14.0814,7.89351,0.0390643,1.28163,0.309847,0.397109,FRENET,0.116028,0.934142,0.116028,0.219762,0.934142,0.301343,0
12.5865,14.0814,7.89351,0.0390643,1.28163,0.309847,0.397109,FRENET,0.116028,0.934142,0.116028,0.219762,0.934142,0.301343,0
12.5906,14.0942,7.89447,0.0422146,1.28206,0.30231,0.38758,FRENET,0.116028,0.934142,0.116028,0.219762,0.934142,0.301343,0
12.5946,14.0942,7.89447,0.0422146,1.28206,0.30231,0.38758,FRENET,0.116028,0.934142,0.116028,0.219762,0.934142,0.301343,0
12.5996,14.107,7.89546,0.045187,1.28248,0.310066,0.397652,FGM,0.222886,0.298947,0.133234,0.222886,0.934142,0.298947,0
12.6028,14.107,7.89546,0.045187,1.28248,0.310066,0.397652,FGM,0.222886,0.298947,0.133234,0.222886,0.934142,0.298947,0
12.6068,14.107,7.89546,0.045187,1.28248,0.310066,0.397652,FGM,0.222886,0.298947,0.133234,0.222886,0.934142,0.298947,0
12.6112,14.1198,7.89651,0.0483271,1.29695,0.301983,0.391656,FGM,0.222886,0.298947,0.133234,0.222886,0.934142,0.298947,0
12.6147,14.1198,7.89651,0.0483271,1.29695,0.301983,0.391656,FGM,0.222886,0.298947,0.133234,0.222886,0.934142,0.298947,0
12.6197,14.1328,7.89759,0.051304,1.31073,0.310433,0.406894,FGM,0.222886,0.298947,0.133234,0.222886,0.934142,0.298947,0
12.623,14.1328,7.89759,0.051304,1.31073,0.310433,0.406894,FGM,0.222886,0.298947,0.133234,0.222886,0.934142,0.298947,0
12.6266,14.1328,7.89759,0.051304,1.31073,0.310433,0.406894,FGM,0.222886,0.298947,0.133234,0.222886,0.934142,0.298947,0
12.6306,14.146,7.89874,0.0544702,1.32386,0.306087,0.405216,FGM,0.222886,0.298947,0.133234,0.222886,0.934142,0.298947,0
12.6345,14.146,7.89874,0.0544702,1.32386,0.306087,0.405216,FGM,0.222886,0.298947,0.133234,0.222886,0.934142,0.298947,0
12.6392,14.1592,7.8999,0.0572395,1.33636,0.240101,0.320861,FGM,0.222886,0.298947,0.133234,0.222886,0.934142,0.298947,0
12.6428,14.1592,7.8999,0.0572395,1.33636,0.240101,0.320861,FGM,0.222886,0.298947,0.133234,0.222886,0.934142,0.298947,0
12.6465,14.1592,7.8999,0.0572395,1.33636,0.240101,0.320861,FGM,0.224238,0.310697,0.102676,0.224238,0.930511,0.310697,0
12.6505,14.1726,7.90102,0.0591821,1.34827,0.144679,0.195067,FGM,0.224238,0.310697,0.102676,0.224238,0.930511,0.310697,0
12.6548,14.1726,7.90102,0.0591821,1.34827,0.144679,0.195067,FGM,0.224238,0.310697,0.102676,0.224238,0.930511,0.310697,0
12.6594,14.1861,7.90205,0.0600869,1.36003,0.034303,0.0466533,FGM,0.224238,0.310697,0.102676,0.224238,0.930511,0.310697,0
12.6626,14.1861,7.90205,0.0600869,1.36003,0.034303,0.0466533,FGM,0.224238,0.310697,0.102676,0.224238,0.930511,0.310697,0
12.6666,14.1861,7.90205,0.0600869,1.36003,0.034303,0.0466533,FGM,0.224238,0.310697,0.102676,0.224238,0.930511,0.310697,0
12.6706,14.1997,7.90296,0.0598404,1.37124,-0.0847551,-0.11622,FGM,0.224238,0.310697,0.102676,0.224238,0.930511,0.310697,0
12.6746,14.1997,7.90296,0.0598404,1.37124,-0.0847551,-0.11622,FGM,0.224238,0.310697,0.102676,0.224238,0.930511,0.310697,0
12.6795,14.2135,7.90371,0.0583737,1.38191,-0.209318,-0.289258,FGM,0.224238,0.310697,0.102676,0.224238,0.930511,0.310697,0
12.6827,14.2135,7.90371,0.0583737,1.38191,-0.209318,-0.289258,FGM,0.224238,0.310697,0.102676,0.224238,0.930511,0.310697,0
12.6868,14.2135,7.90371,0.0583737,1.38191,-0.209318,-0.289258,FGM,0.224238,0.310697,0.102676,0.224238,0.930511,0.310697,0
12.6912,14.2273,7.90427,0.0556409,1.39208,-0.337744,-0.470165,FGM,0.224238,0.310697,0.102676,0.224238,0.930511,0.310697,0
12.6945,14.2273,7.90427,0.0556409,1.39208,-0.337744,-0.470165,FGM,0.224238,0.310697,0.102676,0.224238,0.930511,0.310697,0
12.6995,14.2413,7.90464,0.0518702,1.40176,-0.39187,-0.549307,FGM,0.225892,0.308138,0.135608,0.225892,0.930511,0.308138,0
12.7027,14.2413,7.90464,0.0518702,1.40176,-0.39187,-0.549307,FGM,0.225892,0.308138,0.135608,0.225892,0.930511,0.308138,0
12.7067,14.2413,7.90464,0.0518702,1.40176,-0.39187,-0.549307,FGM,0.225892,0.308138,0.135608,0.225892,0.930511,0.308138,0
12.7106,14.2553,7.90489,0.0478263,1.41127,-0.43027,-0.607227,FGM,0.225892,0.308138,0.135608,0.225892,0.930511,0.308138,0
12.7146,14.2553,7.90489,0.0478263,1.41127,-0.43027,-0.607227,FGM,0.225892,0.308138,0.135608,0.225892,0.930511,0.308138,0
12.7195,14.2695,7.90501,0.0433714,1.42033,-0.441971,-0.627745,FGM,0.225892,0.308138,0.135608,0.225892,0.930511,0.308138,0
12.7224,14.2695,7.90501,0.0433714,1.42033,-0.441971,-0.627745,FGM,0.225892,0.308138,0.135608,0.225892,0.930511,0.308138,0
12.7265,14.2695,7.90501,0.0433714,1.42033,-0.441971,-0.627745,FGM,0.225892,0.308138,0.135608,0.225892,0.930511,0.308138,0
12.7307,14.2837,7.90504,0.0389434,1.42896,-0.459682,-0.656868,FGM,0.225892,0.308138,0.135608,0.225892,0.930511,0.308138,0
12.7345,14.2837,7.90504,0.0389434,1.42896,-0.459682,-0.656868,FGM,0.225892,0.308138,0.135608,0.225892,0.930511,0.308138,0
12.7393,14.2981,7.90496,0.034253,1.43718,-0.460876,-0.662361,FGM,0.225892,0.308138,0.135608,0.225892,0.930511,0.308138,0
12.7424,14.2981,7.90496,0.034253,1.43718,-0.460876,-0.662361,FGM,0.225892,0.308138,0.135608,0.225892,0.930511,0.308138,0
12.7464,14.2981,7.90496,0.034253,1.43718,-0.460876,-0.662361,FGM,0.226007,0.297667,0.112069,0.226007,0.930511,0.297667,0
12.7505,14.3125,7.90482,0.029668,1.44501,-0.472851,-0.683274,FGM,0.226007,0.297667,0.112069,0.226007,0.930511,0.297667,0
12.7544,14.3125,7.90482,0.029668,1.44501,-0.472851,-0.683274,FGM,0.226007,0.297667,0.112069,0.226007,0.930511,0.297667,0
12.7593,14.327,7.90458,0.0248635,1.45263,-0.470828,-0.683938,FGM,0.226007,0.297667,0.112069,0.226007,0.930511,0.297667,0
12.7625,14.327,7.90458,0.0248635,1.45263,-0.470828,-0.683938,FGM,0.226007,0.297667,0.112069,0.226007,0.930511,0.297667,0
12.7665,14.327,7.90458,0.0248635,1.45263,-0.470828,-0.683938,FGM,0.226007,0.297667,0.112069,0.226007,0.930511,0.297667,0
12.7705,14.3415,7.90428,0.0201899,1.45989,-0.480811,-0.701931,FGM,0.226007,0.297667,0.112069,0.226007,0.930511,0.297667,0
12.7745,14.3415,7.90428,0.0201899,1.45989,-0.480811,-0.701931,FGM,0.226007,0.297667,0.112069,0.226007,0.930511,0.297667,0
12.779,14.3562,7.90389,0.0153118,1.4668,-0.477651,-0.70062,FGM,0.226007,0.297667,0.112069,0.226007,0.930511,0.297667,0
12.7826,14.3562,7.90389,0.0153118,1.4668,-0.477651,-0.70062,FGM,0.226007,0.297667,0.112069,0.226007,0.930511,0.297667,0
12.7868,14.3562,7.90389,0.0153118,1.4668,-0.477651,-0.70062,FGM,0.226007,0.297667,0.112069,0.226007,0.930511,0.297667,0
12.7905,14.3709,7.90344,0.0105747,1.47339,-0.48677,-0.7172,FGM,0.226007,0.297667,0.112069,0.226007,0.930511,0.297667,0
12.7945,14.3709,7.90344,0.0105747,1.47339,-0.48677,-0.7172,FGM,0.226007,0.297667,0.112069,0.226007,0.930511,0.297667,0
12.7994,14.3856,7.9029,0.00563985,1.47966,-0.483044,-0.714741,FGM,0.226949,0.298691,0.22298,0.226949,0.586764,0.298691,0
12.8026,14.3856,7.9029,0.00563985,1.47966,-0.483044,-0.714741,FGM,0.226949,0.298691,0.22298,0.226949,0.586764,0.298691,0
12.8065,14.3856,7.9029,0.00563985,1.47966,-0.483044,-0.714741,FGM,0.226949,0.298691,0.22298,0.226949,0.586764,0.298691,0
12.8106,14.4004,7.9023,0.000851653,1.4857,-0.49165,-0.730443,FGM,0.226949,0.298691,0.22298,0.226949,0.586764,0.298691,0
12.8146,14.4004,7.9023,0.000851653,1.4857,-0.49165,-0.730443,FGM,0.226949,0.298691,0.22298,0.226949,0.586764,0.298691,0
12.8192,14.4153,7.90161,-0.00413043,1.49144,-0.487599,-0.727227,FGM,0.226949,0.298691,0.22298,0.226949,0.586764,0.298691,0
12.8225,14.4153,7.90161,-0.00413043,1.49144,-0.487599,-0.727227,FGM,0.226949,0.298691,0.22298,0.226949,0.586764,0.298691,0
12.8266,14.4153,7.90161,-0.00413043,1.49144,-0.487599,-0.727227,FGM,0.226949,0.298691,0.22298,0.226949,0.586764,0.298691,0
12.8305,14.4302,7.90086,-0.00896244,1.49692,-0.495893,-0.742313,FGM,0.226949,0.298691,0.22298,0.226949,0.586764,0.298691,0
12.8345,14.4302,7.90086,-0.00896244,1.49692,-0.495893,-0.742313,FGM,0.226949,0.298691,0.22298,0.226949,0.586764,0.298691,0
12.8393,14.4452,7.90002,-0.013986,1.50214,-0.491624,-0.738485,FGM,0.226949,0.298691,0.22298,0.226949,0.586764,0.298691,0
12.8425,14.4452,7.90002,-0.013986,1.50214,-0.491624,-0.738485,FGM,0.226949,0.298691,0.22298,0.226949,0.586764,0.298691,0
12.8464,14.4452,7.90002,-0.013986,1.50214,-0.491624,-0.738485,FGM,0.0542681,0.374342,0.222745,0.0542681,0.586764,0.374342,0
12.8505,14.4602,7.89912,-0.0188568,1.5071,-0.499666,-0.753047,FGM,0.0542681,0.374342,0.222745,0.0542681,0.586764,0.374342,0
12.8544,14.4602,7.89912,-0.0188568,1.5071,-0.499666,-0.753047,FGM,0.0542681,0.374342,0.222745,0.0542681,0.586764,0.374342,0
12.8592,14.4757,7.89811,-0.0237892,1.58825,-0.481181,-0.764234,FGM,0.0542681,0.374342,0.222745,0.0542681,0.586764,0.374342,0
12.8625,14.4757,7.89811,-0.0237892,1.58825,-0.481181,-0.764234,FGM,0.0542681,0.374342,0.222745,0.0542681,0.586764,0.374342,0
12.8664,14.4757,7.89811,-0.0237892,1.58825,-0.481181,-0.764234,FGM,0.0542681,0.374342,0.222745,0.0542681,0.586764,0.374342,0
12.8705,14.4919,7.89698,-0.0285776,1.66553,-0.489879,-0.815908,FGM,0.0542681,0.374342,0.222745,0.0542681,0.586764,0.374342,0
12.8744,14.4919,7.89698,-0.0285776,1.66553,-0.489879,-0.815908,FGM,0.0542681,0.374342,0.222745,0.0542681,0.586764,0.374342,0
12.8792,14.5089,7.89573,-0.0335812,1.73914,-0.499716,-0.869076,FGM,0.0542681,0.374342,0.222745,0.0542681,0.586764,0.374342,0
12.8824,14.5089,7.89573,-0.0335812,1.73914,-0.499716,-0.869076,FGM,0.0542681,0.374342,0.222745,0.0542681,0.586764,0.374342,0
12.8863,14.5089,7.89573,-0.0335812,1.73914,-0.499716,-0.869076,FGM,0.0542681,0.374342,0.222745,0.0542681,0.586764,0.374342,0
12.8905,14.5266,7.89439,-0.0384138,1.80925,-0.459666,-0.831651,FGM,0.0542681,0.374342,0.222745,0.0542681,0.586764,0.374342,0
12.8944,14.5266,7.89439,-0.0384138,1.80925,-0.459666,-0.831651,FGM,0.0542681,0.374342,0.222745,0.0542681,0.586764,0.374342,0
12.8993,14.5449,7.89299,-0.0426626,1.87603,-0.385113,-0.722482,FGM,0,0.31757,0.225774,0,0.586764,0.31757,0
12.9026,14.5449,7.89299,-0.0426626,1.87603,-0.385113,-0.722482,FGM,0,0.31757,0.225774,0,0.586764,0.31757,0
12.9063,14.5449,7.89299,-0.0426626,1.87603,-0.385113,-0.722482,FGM,0,0.31757,0.225774,0,0.586764,0.31757,0
12.9105,14.564,7.8916,-0.0460285,1.93908,-0.284335,-0.551348,FGM,0,0.31757,0.225774,0,0.586764,0.31757,0
12.9144,14.564,7.8916,-0.0460285,1.93908,-0.284335,-0.551348,FGM,0,0.31757,0.225774,0,0.586764,0.31757,0
12.9193,14.5836,7.89025,-0.0482786,1.99914,-0.162834,-0.325529,FGM,0,0.31757,0.225774,0,0.586764,0.31757,0
12.9225,14.5836,7.89025,-0.0482786,1.99914,-0.162834,-0.325529,FGM,0,0.31757,0.225774,0,0.586764,0.31757,0
12.9264,14.5836,7.89025,-0.0482786,1.99914,-0.162834,-0.325529,FGM,0,0.31757,0.225774,0,0.586764,0.31757,0
12.9305,14.6038,7.88897,-0.0494472,2.05634,-0.089479,-0.183999,FGM,0,0.31757,0.225774,0,0.586764,0.31757,0
12.9344,14.6038,7.88897,-0.0494472,2.05634,-0.089479,-0.183999,FGM,0,0.31757,0.225774,0,0.586764,0.31757,0
12.9392,14.6246,7.8877,-0.0503428,2.11082,-0.101377,-0.213989,FGM,0,0.31757,0.225774,0,0.586764,0.31757,0
12.9425,14.6246,7.8877,-0.0503428,2.11082,-0.101377,-0.213989,FGM,0,0.31757,0.225774,0,0.586764,0.31757,0
12.9465,14.6246,7.8877,-0.0503428,2.11082,-0.101377,-0.213989,FGM,0.221856,0.277751,0.238451,0.221856,0.586764,0.277751,0
12.9506,14.646,7.88641,-0.0514276,2.16271,-0.10177,-0.220099,FGM,0.221856,0.277751,0.238451,0.221856,0.586764,0.277751,0
12.9546,14.646,7.88641,-0.0514276,2.16271,-0.10177,-0.220099,FGM,0.221856,0.277751,0.238451,0.221856,0.586764,0.277751,0
12.9592,14.6671,7.88514,-0.0523511,2.06761,-0.10767,-0.22262,FGM,0.221856,0.277751,0.238451,0.221856,0.586764,0.277751,0
12.9625,14.6671,7.88514,-0.0523511,2.06761,-0.10767,-0.22262,FGM,0.221856,0.277751,0.238451,0.221856,0.586764,0.277751,0
12.9663,14.6671,7.88514,-0.0523511,2.06761,-0.10767,-0.22262,FGM,0.221856,0.277751,0.238451,0.221856,0.586764,0.277751,0
12.9705,14.6872,7.88391,-0.0535075,1.97518,-0.0992323,-0.196001,FGM,0.221856,0.277751,0.238451,0.221856,0.586764,0.277751,0
12.9746,14.6872,7.88391,-0.0535075,1.97518,-0.0992323,-0.196001,FGM,0.221856,0.277751,0.238451,0.221856,0.586764,0.277751,0
12.9794,14.7066,7.88278,-0.0540339,1.90032,0.00606781,0.0115308,FGM,0.221856,0.277751,0.238451,0.221856,0.586764,0.277751,0
12.9826,14.7066,7.88278,-0.0540339,1.90032,0.00606781,0.0115308,FGM,0.221856,0.277751,0.238451,0.221856,0.586764,0.277751,0
12.9865,14.7066,7.88278,-0.0540339,1.90032,0.00606781,0.0115308,FGM,0.221856,0.277751,0.238451,0.221856,0.586764,0.277751,0
12.9906,14.7253,7.88179,-0.0532685,1.8397,0.152762,0.281037,FGM,0.221856,0.277751,0.238451,0.221856,0.586764,0.277751,0
12.9944,14.7253,7.88179,-0.0532685,1.8397,0.152762,0.281037,FGM,0.221856,0.277751,0.238451,0.221856,0.586764,0.277751,0
12.9994,14.7434,7.881,-0.0509538,1.79061,0.312822,0.560143,FRENET,0.170821,0.828074,0.170821,0.0643318,0.828074,0.381062,0
13.0024,14.7434,7.881,-0.0509538,1.79061,0.312822,0.560143,FRENET,0.170821,0.828074,0.170821,0.0643318,0.828074,0.381062,0
13.0066,14.7434,7.881,-0.0509538,1.79061,0.312822,0.560143,FRENET,0.170821,0.828074,0.170821,0.0643318,0.828074,0.381062,0
13.0106,14.7608,7.88041,-0.0471691,1.69551,0.403973,0.684941,FRENET,0.170821,0.828074,0.170821,0.0643318,0.828074,0.381062,0
13.0145,14.7608,7.88041,-0.0471691,1.69551,0.403973,0.684941,FRENET,0.170821,0.828074,0.170821,0.0643318,0.828074,0.381062,0
13.0193,14.7773,7.87993,-0.0433692,1.60041,0.336322,0.538253,FRENET,0.170821,0.828074,0.170821,0.0643318,0.828074,0.381062,0
13.0226,14.7773,7.87993,-0.0433692,1.60041,0.336322,0.538253,FRENET,0.170821,0.828074,0.170821,0.0643318,0.828074,0.381062,0
13.0265,14.7773,7.87993,-0.0433692,1.60041,0.336322,0.538253,FRENET,0.170821,0.828074,0.170821,0.0643318,0.828074,0.381062,0
13.0306,14.7928,7.87949,-0.040282,1.50531,0.309014,0.465162,FRENET,0.170821,0.828074,0.170821,0.0643318,0.828074,0.381062,0
13.0346,14.7928,7.87949,-0.040282,1.50531,0.309014,0.465162,FRENET,0.170821,0.828074,0.170821,0.0643318,0.828074,0.381062,0
13.0394,14.8074,7.87916,-0.0368861,1.41021,0.381747,0.538344,FRENET,0.170821,0.828074,0.170821,0.0643318,0.828074,0.381062,0
13.0426,14.8074,7.87916,-0.0368861,1.41021,0.381747,0.538344,FRENET,0.170821,0.828074,0.170821,0.0643318,0.828074,0.381062,0
13.0466,14.8074,7.87916,-0.0368861,1.41021,0.381747,0.538344,FRENET,0.145726,0.828074,0.145726,0,0.828074,0.312173,0
13.0506,14.821,7.879,-0.0325465,1.31511,0.489129,0.643259,FRENET,0.145726,0.828074,0.145726,0,0.828074,0.312173,0
13.0547,14.821,7.879,-0.0325465,1.31511,0.489129,0.643259,FRENET,0.145726,0.828074,0.145726,0,0.828074,0.312173,0
13.0592,14.8337,7.87902,-0.0274996,1.22962,0.485912,0.597489,FRENET,0.145726,0.828074,0.145726,0,0.828074,0.312173,0
13.0626,14.8337,7.87902,-0.0274996,1.22962,0.485912,0.597489,FRENET,0.145726,0.828074,0.145726,0,0.828074,0.312173,0
13.0666,14.8337,7.87902,-0.0274996,1.22962,0.485912,0.597489,FRENET,0.145726,0.828074,0.145726,0,0.828074,0.312173,0
13.0705,14.8457,7.87913,-0.0228315,1.16039,0.470513,0.54598,FRENET,0.145726,0.828074,0.145726,0,0.828074,0.312173,0
13.0745,14.8457,7.87913,-0.0228315,1.16039,0.470513,0.54598,FRENET,0.145726,0.828074,0.145726,0,0.828074,0.312173,0
13.0793,14.857,7.87935,-0.0182545,1.10433,0.423137,0.467283,FRENET,0.145726,0.828074,0.145726,0,0.828074,0.312173,0
13.0827,14.857,7.87935,-0.0182545,1.10433,0.423137,0.467283,FRENET,0.145726,0.828074,0.145726,0,0.828074,0.312173,0
13.0866,14.857,7.87935,-0.0182545,1.10433,0.423137,0.467283,FRENET,0.145726,0.828074,0.145726,0,0.828074,0.312173,0
13.0907,14.8679,7.87962,-0.0142736,1.08164,0.398872,0.431434,FRENET,0.145726,0.828074,0.145726,0,0.828074,0.312173,0
13.0945,14.8679,7.87962,-0.0142736,1.08164,0.398872,0.431434,FRENET,0.145726,0.828074,0.145726,0,0.828074,0.312173,0
13.0993,14.8785,7.87998,-0.0103113,1.04055,0.370961,0.386005,FRENET,0.157593,0.828074,0.157593,0.02277,0.828074,0.356366,0
13.1025,14.8785,7.87998,-0.0103113,1.04055,0.370961,0.386005,FRENET,0.157593,0.828074,0.157593,0.02277,0.828074,0.356366,0
13.1065,14.8785,7.87998,-0.0103113,1.04055,0.370961,0.386005,FRENET,0.157593,0.828074,0.157593,0.02277,0.828074,0.356366,0
13.1106,14.8888,7.88034,-0.00701617,1.00728,0.281827,0.28388,FRENET,0.157593,0.828074,0.157593,0.02277,0.828074,0.356366,0
13.1146,14.8888,7.88034,-0.00701617,1.00728,0.281827,0.28388,FRENET,0.157593,0.828074,0.157593,0.02277,0.828074,0.356366,0
13.1193,14.8987,7.88067,-0.00443019,0.980344,0.262817,0.257651,FRENET,0.157593,0.828074,0.157593,0.02277,0.828074,0.356366,0
13.1225,14.8987,7.88067,-0.00443019,0.980344,0.262817,0.257651,FRENET,0.157593,0.828074,0.157593,0.02277,0.828074,0.356366,0
13.1266,14.8987,7.88067,-0.00443019,0.980344,0.262817,0.257651,FRENET,0.157593,0.828074,0.157593,0.02277,0.828074,0.356366,0
13.1306,14.9084,7.88104,-0.00158001,0.958527,0.316257,0.303141,FRENET,0.157593,0.828074,0.157593,0.02277,0.828074,0.356366,0
13.1348,14.9084,7.88104,-0.00158001,0.958527,0.316257,0.303141,FRENET,0.157593,0.828074,0.157593,0.02277,0.828074,0.356366,0
13.1393,14.9179,7.8815,0.00168358,0.94086,0.31182,0.293379,FRENET,0.157593,0.828074,0.157593,0.02277,0.828074,0.356366,0
13.1424,14.9179,7.8815,0.00168358,0.94086,0.31182,0.293379,FRENET,0.157593,0.828074,0.157593,0.02277,0.828074,0.356366,0
13.1465,14.9179,7.8815,0.00168358,0.94086,0.31182,0.293379,FRENET,0.129526,0.98179,0.129526,0.223092,0.98179,0.283425,0
13.1505,14.9272,7.88198,0.00475643,0.926554,0.322697,0.298996,FRENET,0.129526,0.98179,0.129526,0.223092,0.98179,0.283425,0
13.1546,14.9272,7.88198,0.00475643,0.926554,0.322697,0.298996,FRENET,0.129526,0.98179,0.129526,0.223092,0.98179,0.283425,0
13.1592,14.9365,7.88251,0.00799459,0.931371,0.307613,0.286502,FRENET,0.129526,0.98179,0.129526,0.223092,0.98179,0.283425,0
13.1627,14.9365,7.88251,0.00799459,0.931371,0.307613,0.286502,FRENET,0.129526,0.98179,0.129526,0.223092,0.98179,0.283425,0
13.1665,14.9365,7.88251,0.00799459,0.931371,0.307613,0.286502,FRENET,0.129526,0.98179,0.129526,0.223092,0.98179,0.283425,0
13.1705,14.9458,7.88308,0.0110296,0.935959,0.31891,0.298487,FRENET,0.129526,0.98179,0.129526,0.223092,0.98179,0.283425,0
13.1745,14.9458,7.88308,0.0110296,0.935959,0.31891,0.298487,FRENET,0.129526,0.98179,0.129526,0.223092,0.98179,0.283425,0
13.1792,14.9552,7.88369,0.014264,0.94033,0.309059,0.290617,FRENET,0.129526,0.98179,0.129526,0.223092,0.98179,0.283425,0
13.1825,14.9552,7.88369,0.014264,0.94033,0.309059,0.290617,FRENET,0.129526,0.98179,0.129526,0.223092,0.98179,0.283425,0
13.1865,14.9552,7.88369,0.014264,0.94033,0.309059,0.290617,FRENET,0.129526,0.98179,0.129526,0.223092,0.98179,0.283425,0
13.1906,14.9646,7.88432,0.0173219,0.944492,0.321543,0.303695,FRENET,0.129526,0.98179,0.129526,0.223092,0.98179,0.283425,0
13.1944,14.9646,7.88432,0.0173219,0.944492,0.321543,0.303695,FRENET,0.129526,0.98179,0.129526,0.223092,0.98179,0.283425,0
13.1991,14.974,7.885,0.0205847,0.948457,0.312002,0.295921,FRENET,0.128532,0.98179,0.128532,0.227906,0.98179,0.288074,0
13.2024,14.974,7.885,0.0205847,0.948457,0.312002,0.295921,FRENET,0.128532,0.98179,0.128532,0.227906,0.98179,0.288074,0
13.2063,14.974,7.885,0.0205847,0.948457,0.312002,0.295921,FRENET,0.128532,0.98179,0.128532,0.227906,0.98179,0.288074,0
13.2103,14.9835,7.8857,0.0236714,0.952233,0.324299,0.308808,FRENET,0.128532,0.98179,0.128532,0.227906,0.98179,0.288074,0
13.2145,14.9835,7.8857,0.0236714,0.952233,0.324299,0.308808,FRENET,0.128532,0.98179,0.128532,0.227906,0.98179,0.288074,0
13.2192,14.993,7.88645,0.0269614,0.955829,0.314705,0.300804,FRENET,0.128532,0.98179,0.128532,0.227906,0.98179,0.288074,0
13.2223,14.993,7.88645,0.0269614,0.955829,0.314705,0.300804,FRENET,0.128532,0.98179,0.128532,0.227906,0.98179,0.288074,0
13.2265,14.993,7.88645,0.0269614,0.955829,0.314705,0.300804,FRENET,0.128532,0.98179,0.128532,0.227906,0.98179,0.288074,0
13.2305,15.0025,7.88721,0.030074,0.959255,0.326765,0.313451,FRENET,0.128532,0.98179,0.128532,0.227906,0.98179,0.288074,0
13.2345,15.0025,7.88721,0.030074,0.959255,0.326765,0.313451,FRENET,0.128532,0.98179,0.128532,0.227906,0.98179,0.288074,0
13.2392,15.0121,7.88802,0.0333884,0.962517,0.317119,0.305233,FRENET,0.128532,0.98179,0.128532,0.227906,0.98179,0.288074,0
13.2423,15.0121,7.88802,0.0333884,0.962517,0.317119,0.305233,FRENET,0.128532,0.98179,0.128532,0.227906,0.98179,0.288074,0
13.2464,15.0121,7.88802,0.0333884,0.962517,0.317119,0.305233,FRENET,0.0974192,0.98179,0.0974192,0,0.98179,0.349404,0
13.2505,15.0217,7.88886,0.0365242,0.965625,0.328978,0.317669,FRENET,0.0974192,0.98179,0.0974192,0,0.98179,0.349404,0
13.2543,15.0217,7.88886,0.0365242,0.965625,0.328978,0.317669,FRENET,0.0974192,0.98179,0.0974192,0,0.98179,0.349404,0
13.2593,15.0313,7.88974,0.0398604,0.968584,0.319293,0.309262,FRENET,0.0974192,0.98179,0.0974192,0,0.98179,0.349404,0
13.2623,15.0313,7.88974,0.0398604,0.968584,0.319293,0.309262,FRENET,0.0974192,0.98179,0.0974192,0,0.98179,0.349404,0
13.2666,15.0313,7.88974,0.0398604,0.968584,0.319293,0.309262,FRENET,0.0974192,0.98179,0.0974192,0,0.98179,0.349404,0
13.2706,15.041,7.89064,0.0430171,0.971403,0.330977,0.321512,FRENET,0.0974192,0.98179,0.0974192,0,0.98179,0.349404,0
13.2744,15.041,7.89064,0.0430171,0.971403,0.330977,0.321512,FRENET,0.0974192,0.98179,0.0974192,0,0.98179,0.349404,0
13.279,15.0507,7.89158,0.046373,0.974088,0.32126,0.312936,FRENET,0.0974192,0.98179,0.0974192,0,0.98179,0.349404,0
13.2823,15.0507,7.89158,0.046373,0.974088,0.32126,0.312936,FRENET,0.0974192,0.98179,0.0974192,0,0.98179,0.349404,0
13.2863,15.0507,7.89158,0.046373,0.974088,0.32126,0.312936,FRENET,0.0974192,0.98179,0.0974192,0,0.98179,0.349404,0
13.2903,15.0604,7.89255,0.0495487,0.976646,0.332789,0.325017,FRENET,0.0974192,0.98179,0.0974192,0,0.98179,0.349404,0
13.2945,15.0604,7.89255,0.0495487,0.976646,0.332789,0.325017,FRENET,0.0974192,0.98179,0.0974192,0,0.98179,0.349404,0
13.2992,15.0701,7.89356,0.0529225,0.979081,0.323044,0.316286,FRENET,0,0.255043,0,0.239295,0.255043,0.299974,0
13.3025,15.0701,7.89356,0.0529225,0.979081,0.323044,0.316286,FRENET,0,0.255043,0,0.239295,0.255043,0.299974,0
13.3064,15.0701,7.89356,0.0529225,0.979081,0.323044,0.316286,FRENET,0,0.255043,0,0.239295,0.255043,0.299974,0
13.3104,15.0798,7.89459,0.0561151,0.966961,0.334719,0.32366,FRENET,0,0.255043,0,0.239295,0.255043,0.299974,0
13.3145,15.0798,7.89459,0.0561151,0.966961,0.334719,0.32366,FRENET,0,0.255043,0,0.239295,0.255043,0.299974,0
13.3191,15.0894,7.89565,0.0594921,0.957145,0.320364,0.306635,FRENET,0,0.255043,0,0.239295,0.255043,0.299974,0
13.3224,15.0894,7.89565,0.0594921,0.957145,0.320364,0.306635,FRENET,0,0.255043,0,0.239295,0.255043,0.299974,0
13.3264,15.0894,7.89565,0.0594921,0.957145,0.320364,0.306635,FRENET,0,0.255043,0,0.239295,0.255043,0.299974,0
13.3303,15.0988,7.8967,0.0623894,0.949197,0.252653,0.239817,FRENET,0,0.255043,0,0.239295,0.255043,0.299974,0
13.3343,15.0988,7.8967,0.0623894,0.949197,0.252653,0.239817,FRENET,0,0.255043,0,0.239295,0.255043,0.299974,0
13.3391,15.1082,7.89768,0.0645061,0.942761,0.168719,0.159062,FRENET,0,0.255043,0,0.239295,0.255043,0.299974,0
13.3424,15.1082,7.89768,0.0645061,0.942761,0.168719,0.159062,FRENET,0,0.255043,0,0.239295,0.255043,0.299974,0
13.3464,15.1082,7.89768,0.0645061,0.942761,0.168719,0.159062,FRENET,0,0.255043,0,0.239295,0.255043,0.299974,0
13.3505,15.1176,7.89856,0.0657543,0.937548,0.0803557,0.0753374,FGM,0.245032,0.307969,0,0.245032,0.255043,0.307969,0
13.3544,15.1176,7.89856,0.0657543,0.937548,0.0803557,0.0753374,FGM,0.245032,0.307969,0,0.245032,0.255043,0.307969,0
13.3593,15.1271,7.89935,0.0662076,0.970761,0.00711619,0.00690812,FGM,0.245032,0.307969,0,0.245032,0.255043,0.307969,0
13.3625,15.1271,7.89935,0.0662076,0.970761,0.00711619,0.00690812,FGM,0.245032,0.307969,0,0.245032,0.255043,0.307969,0
13.3665,15.1271,7.89935,0.0662076,0.970761,0.00711619,0.00690812,FGM,0.245032,0.307969,0,0.245032,0.255043,0.307969,0
13.3705,15.1369,7.90004,0.0658621,1.00239,-0.077967,-0.0781536,FGM,0.245032,0.307969,0,0.245032,0.255043,0.307969,0
13.3743,15.1369,7.90004,0.0658621,1.00239,-0.077967,-0.0781536,FGM,0.245032,0.307969,0,0.245032,0.255043,0.307969,0
13.3793,15.1471,7.90061,0.064623,1.03252,-0.171048,-0.176611,FGM,0.245032,0.307969,0,0.245032,0.255043,0.307969,0
13.3823,15.1471,7.90061,0.064623,1.03252,-0.171048,-0.176611,FGM,0.245032,0.307969,0,0.245032,0.255043,0.307969,0
13.3865,15.1471,7.90061,0.064623,1.03252,-0.171048,-0.176611,FGM,0.245032,0.307969,0,0.245032,0.255043,0.307969,0
13.3904,15.1576,7.90104,0.0624199,1.06122,-0.270503,-0.287063,FGM,0.245032,0.307969,0,0.245032,0.255043,0.307969,0
13.3943,15.1576,7.90104,0.0624199,1.06122,-0.270503,-0.287063,FGM,0.245032,0.307969,0,0.245032,0.255043,0.307969,0
13.3991,15.1683,7.90132,0.0594194,1.08855,-0.307511,-0.334741,FGM,0.249831,0.299629,0,0.249831,0.255043,0.299629,0
13.4024,15.1683,7.90132,0.0594194,1.08855,-0.307511,-0.334741,FGM,0.249831,0.299629,0,0.249831,0.255043,0.299629,0
13.4064,15.1683,7.90132,0.0594194,1.08855,-0.307511,-0.334741,FGM,0.249831,0.299629,0,0.249831,0.255043,0.299629,0
13.4105,15.1793,7.90153,0.0562431,1.1146,-0.341544,-0.380686,FGM,0.249831,0.299629,0,0.249831,0.255043,0.299629,0
13.4143,15.1793,7.90153,0.0562431,1.1146,-0.341544,-0.380686,FGM,0.249831,0.299629,0,0.249831,0.255043,0.299629,0
13.4191,15.1906,7.90164,0.0526907,1.13942,-0.351423,-0.400418,FGM,0.249831,0.299629,0,0.249831,0.255043,0.299629,0
13.4224,15.1906,7.90164,0.0526907,1.13942,-0.351423,-0.400418,FGM,0.249831,0.299629,0,0.249831,0.255043,0.299629,0
13.4264,15.1906,7.90164,0.0526907,1.13942,-0.351423,-0.400418,FGM,0.249831,0.299629,0,0.249831,0.255043,0.299629,0
13.4304,15.2021,7.90171,0.0491512,1.16305,-0.372124,-0.432799,FGM,0.249831,0.299629,0,0.249831,0.255043,0.299629,0
13.4344,15.2021,7.90171,0.0491512,1.16305,-0.372124,-0.432799,FGM,0.249831,0.299629,0,0.249831,0.255043,0.299629,0
13.4392,15.2139,7.9017,0.0453299,1.18556,-0.375359,-0.445011,FGM,0.249831,0.299629,0,0.249831,0.255043,0.299629,0
13.4424,15.2139,7.9017,0.0453299,1.18556,-0.375359,-0.445011,FGM,0.249831,0.299629,0,0.249831,0.255043,0.299629,0
13.4466,15.2139,7.9017,0.0453299,1.18556,-0.375359,-0.445011,FGM,0.252665,0.291584,0,0.252665,0.255043,0.291584,0
13.4505,15.2258,7.90166,0.0415748,1.207,-0.391756,-0.47285,FGM,0.252665,0.291584,0,0.252665,0.255043,0.291584,0
13.4546,15.2258,7.90166,0.0415748,1.207,-0.391756,-0.47285,FGM,0.252665,0.291584,0,0.252665,0.255043,0.291584,0
13.4592,15.238,7.90154,0.037571,1.2286,-0.392568,-0.482307,FGM,0.252665,0.291584,0,0.252665,0.255043,0.291584,0
13.4625,15.238,7.90154,0.037571,1.2286,-0.392568,-0.482307,FGM,0.252665,0.291584,0,0.252665,0.255043,0.291584,0
13.4664,15.238,7.90154,0.037571,1.2286,-0.392568,-0.482307,FGM,0.252665,0.291584,0,0.252665,0.255043,0.291584,0
13.4704,15.2504,7.90139,0.0336537,1.24916,-0.4071,-0.508534,FGM,0.252665,0.291584,0,0.252665,0.255043,0.291584,0
13.4744,15.2504,7.90139,0.0336537,1.24916,-0.4071,-0.508534,FGM,0.252665,0.291584,0,0.252665,0.255043,0.291584,0
13.4792,15.263,7.90118,0.0294996,1.26876,-0.407183,-0.516616,FGM,0.252665,0.291584,0,0.252665,0.255043,0.291584,0
13.4825,15.263,7.90118,0.0294996,1.26876,-0.407183,-0.516616,FGM,0.252665,0.291584,0,0.252665,0.255043,0.291584,0
13.4864,15.263,7.90118,0.0294996,1.26876,-0.407183,-0.516616,FGM,0.252665,0.291584,0,0.252665,0.255043,0.291584,0
13.4905,15.2757,7.90092,0.025442,1.28742,-0.420653,-0.541555,FGM,0.252665,0.291584,0,0.252665,0.255043,0.291584,0
13.4945,15.2757,7.90092,0.025442,1.28742,-0.420653,-0.541555,FGM,0.252665,0.291584,0,0.252665,0.255043,0.291584,0
13.4994,15.2887,7.9006,0.0211553,1.30519,-0.420096,-0.548304,FGM,0.256095,0.296445,0.148061,0.256095,0.821552,0.296445,0
13.5026,15.2887,7.9006,0.0211553,1.30519,-0.420096,-0.548304,FGM,0.256095,0.296445,0.148061,0.256095,0.821552,0.296445,0
13.5068,15.2887,7.9006,0.0211553,1.30519,-0.420096,-0.548304,FGM,0.256095,0.296445,0.148061,0.256095,0.821552,0.296445,0
13.5107,15.3019,7.90023,0.0169753,1.3255,-0.432249,-0.572945,FGM,0.256095,0.296445,0.148061,0.256095,0.821552,0.296445,0
13.5148,15.3019,7.90023,0.0169753,1.3255,-0.432249,-0.572945,FGM,0.256095,0.296445,0.148061,0.256095,0.821552,0.296445,0
13.5194,15.3152,7.89979,0.0125735,1.34484,-0.431827,-0.58074,FGM,0.256095,0.296445,0.148061,0.256095,0.821552,0.296445,0
13.5225,15.3152,7.89979,0.0125735,1.34484,-0.431827,-0.58074,FGM,0.256095,0.296445,0.148061,0.256095,0.821552,0.296445,0
13.5264,15.3152,7.89979,0.0125735,1.34484,-0.431827,-0.58074,FGM,0.256095,0.296445,0.148061,0.256095,0.821552,0.296445,0
13.5303,15.3287,7.89929,0.00827376,1.36327,-0.444343,-0.60576,FGM,0.256095,0.296445,0.148061,0.256095,0.821552,0.296445,0
13.5344,15.3287,7.89929,0.00827376,1.36327,-0.444343,-0.60576,FGM,0.256095,0.296445,0.148061,0.256095,0.821552,0.296445,0
13.539,15.3424,7.89873,0.00375031,1.38082,-0.443908,-0.612957,FGM,0.256095,0.296445,0.148061,0.256095,0.821552,0.296445,0
13.5426,15.3424,7.89873,0.00375031,1.38082,-0.443908,-0.612957,FGM,0.256095,0.296445,0.148061,0.256095,0.821552,0.296445,0
13.5465,15.3424,7.89873,0.00375031,1.38082,-0.443908,-0.612957,FGM,0,0.326167,0.101546,0,0.821552,0.326167,0
13.5505,15.3563,7.89811,-0.000667398,1.39753,-0.455922,-0.637167,FGM,0,0.326167,0.101546,0,0.821552,0.326167,0
13.5545,15.3563,7.89811,-0.000667398,1.39753,-0.455922,-0.637167,FGM,0,0.326167,0.101546,0,0.821552,0.326167,0
13.5592,15.3707,7.89739,-0.00520017,1.49263,-0.445695,-0.665259,FGM,0,0.326167,0.101546,0,0.821552,0.326167,0
13.5626,15.3707,7.89739,-0.00520017,1.49263,-0.445695,-0.665259,FGM,0,0.326167,0.101546,0,0.821552,0.326167,0
13.5665,15.3707,7.89739,-0.00520017,1.49263,-0.445695,-0.665259,FGM,0,0.326167,0.101546,0,0.821552,0.326167,0
13.5705,15.3861,7.89659,-0.00966333,1.58714,-0.458906,-0.728347,FGM,0,0.326167,0.101546,0,0.821552,0.326167,0
13.5745,15.3861,7.89659,-0.00966333,1.58714,-0.458906,-0.728347,FGM,0,0.326167,0.101546,0,0.821552,0.326167,0
13.5793,15.4024,7.89568,-0.0143726,1.67715,-0.472853,-0.793044,FGM,0,0.326167,0.101546,0,0.821552,0.326167,0
13.5823,15.4024,7.89568,-0.0143726,1.67715,-0.472853,-0.793044,FGM,0,0.326167,0.101546,0,0.821552,0.326167,0
13.5865,15.4024,7.89568,-0.0143726,1.67715,-0.472853,-0.793044,FGM,0,0.326167,0.101546,0,0.821552,0.326167,0
13.5906,15.4196,7.89468,-0.0189773,1.76287,-0.441452,-0.778224,FGM,0,0.326167,0.101546,0,0.821552,0.326167,0
13.5945,15.4196,7.89468,-0.0189773,1.76287,-0.441452,-0.778224,FGM,0,0.326167,0.101546,0,0.821552,0.326167,0
13.5992,15.4376,7.89364,-0.0230947,1.84453,-0.377195,-0.695745,FGM,0.071802,0.386048,0.121681,0.071802,0.821552,0.386048,0
13.6025,15.4376,7.89364,-0.0230947,1.84453,-0.377195,-0.695745,FGM,0.071802,0.386048,0.121681,0.071802,0.821552,0.386048,0
13.6063,15.4376,7.89364,-0.0230947,1.84453,-0.377195,-0.695745,FGM,0.071802,0.386048,0.121681,0.071802,0.821552,0.386048,0
13.611,15.4564,7.89261,-0.0264333,1.92202,-0.286803,-0.551242,FGM,0.071802,0.386048,0.121681,0.071802,0.821552,0.386048,0
13.6147,15.4564,7.89261,-0.0264333,1.92202,-0.286803,-0.551242,FGM,0.071802,0.386048,0.121681,0.071802,0.821552,0.386048,0
13.6196,15.476,7.89161,-0.0289565,1.99584,-0.233714,-0.466454,FGM,0.071802,0.386048,0.121681,0.071802,0.821552,0.386048,0
13.6228,15.476,7.89161,-0.0289565,1.99584,-0.233714,-0.466454,FGM,0.071802,0.386048,0.121681,0.071802,0.821552,0.386048,0
13.6265,15.476,7.89161,-0.0289565,1.99584,-0.233714,-0.466454,FGM,0.071802,0.386048,0.121681,0.071802,0.821552,0.386048,0
13.6304,15.4963,7.8906,-0.0311381,2.06614,-0.193387,-0.399564,FGM,0.071802,0.386048,0.121681,0.071802,0.821552,0.386048,0
13.6343,15.4963,7.8906,-0.0311381,2.06614,-0.193387,-0.399564,FGM,0.071802,0.386048,0.121681,0.071802,0.821552,0.386048,0
13.6392,15.5172,7.88963,-0.0326766,2.1331,-0.108283,-0.230978,FGM,0.071802,0.386048,0.121681,0.071802,0.821552,0.386048,0
13.6425,15.5172,7.88963,-0.0326766,2.1331,-0.108283,-0.230978,FGM,0.071802,0.386048,0.121681,0.071802,0.821552,0.386048,0
13.6464,15.5172,7.88963,-0.0326766,2.1331,-0.108283,-0.230978,FGM,0.252902,0.304321,0.331709,0.252902,0.59106,0.304321,0
13.6509,15.5389,7.88871,-0.0334128,2.19688,-0.0549949,-0.120817,FGM,0.252902,0.304321,0.331709,0.252902,0.59106,0.304321,0
13.6547,15.5389,7.88871,-0.0334128,2.19688,-0.0549949,-0.120817,FGM,0.252902,0.304321,0.331709,0.252902,0.59106,0.304321,0
13.6594,15.5604,7.88786,-0.033573,2.1055,0.0380677,0.0801516,FGM,0.252902,0.304321,0.331709,0.252902,0.59106,0.304321,0
13.6626,15.5604,7.88786,-0.033573,2.1055,0.0380677,0.0801516,FGM,0.252902,0.304321,0.331709,0.252902,0.59106,0.304321,0
13.6666,15.5604,7.88786,-0.033573,2.1055,0.0380677,0.0801516,FGM,0.252902,0.304321,0.331709,0.252902,0.59106,0.304321,0
13.6705,15.581,7.88713,-0.0328801,2.03151,0.0728985,0.148094,FGM,0.252902,0.304321,0.331709,0.252902,0.59106,0.304321,0
13.6744,15.581,7.88713,-0.0328801,2.03151,0.0728985,0.148094,FGM,0.252902,0.304321,0.331709,0.252902,0.59106,0.304321,0
13.6794,15.601,7.88646,-0.0321256,1.97159,0.097526,0.192281,FGM,0.252902,0.304321,0.331709,0.252902,0.59106,0.304321,0
13.6825,15.601,7.88646,-0.0321256,1.97159,0.097526,0.192281,FGM,0.252902,0.304321,0.331709,0.252902,0.59106,0.304321,0
13.6864,15.601,7.88646,-0.0321256,1.97159,0.097526,0.192281,FGM,0.252902,0.304321,0.331709,0.252902,0.59106,0.304321,0
13.6904,15.6205,7.88589,-0.0306935,1.92307,0.199227,0.383126,FGM,0.252902,0.304321,0.331709,0.252902,0.59106,0.304321,0
13.6944,15.6205,7.88589,-0.0306935,1.92307,0.199227,0.383126,FGM,0.252902,0.304321,0.331709,0.252902,0.59106,0.304321,0
13.6993,15.6395,7.88549,-0.0280396,1.88377,0.337004,0.63484,FGM,0.247243,0.30901,0.347586,0.247243,0.59106,0.30901,0
13.7025,15.6395,7.88549,-0.0280396,1.88377,0.337004,0.63484,FGM,0.247243,0.30901,0.347586,0.247243,0.59106,0.30901,0
13.7065,15.6395,7.88549,-0.0280396,1.88377,0.337004,0.63484,FGM,0.247243,0.30901,0.347586,0.247243,0.59106,0.30901,0
13.7105,15.6582,7.88527,-0.0242295,1.84699,0.396782,0.732854,FGM,0.247243,0.30901,0.347586,0.247243,0.59106,0.30901,0
13.7144,15.6582,7.88527,-0.0242295,1.84699,0.396782,0.732854,FGM,0.247243,0.30901,0.347586,0.247243,0.59106,0.30901,0
13.7193,15.6765,7.88515,-0.0204943,1.81721,0.335951,0.610494,FGM,0.247243,0.30901,0.347586,0.247243,0.59106,0.30901,0
13.7224,15.6765,7.88515,-0.0204943,1.81721,0.335951,0.610494,FGM,0.247243,0.30901,0.347586,0.247243,0.59106,0.30901,0
13.7263,15.6765,7.88515,-0.0204943,1.81721,0.335951,0.610494,FGM,0.247243,0.30901,0.347586,0.247243,0.59106,0.30901,0
13.7305,15.6945,7.88504,-0.0176986,1.79309,0.216206,0.387677,FGM,0.247243,0.30901,0.347586,0.247243,0.59106,0.30901,0
13.7344,15.6945,7.88504,-0.0176986,1.79309,0.216206,0.387677,FGM,0.247243,0.30901,0.347586,0.247243,0.59106,0.30901,0
13.7392,15.7124,7.88487,-0.0162533,1.77356,0.0695617,0.123372,FGM,0.247243,0.30901,0.347586,0.247243,0.59106,0.30901,0
13.7425,15.7124,7.88487,-0.0162533,1.77356,0.0695617,0.123372,FGM,0.247243,0.30901,0.347586,0.247243,0.59106,0.30901,0
13.7464,15.7124,7.88487,-0.0162533,1.77356,0.0695617,0.123372,FGM,0.243951,0.278224,0.347392,0.243951,0.59106,0.278224,0
13.751,15.73,7.88459,-0.0163381,1.75774,-0.0880377,-0.154747,FGM,0.243951,0.278224,0.347392,0.243951,0.59106,0.278224,0
13.7544,15.73,7.88459,-0.0163381,1.75774,-0.0880377,-0.154747,FGM,0.243951,0.278224,0.347392,0.243951,0.59106,0.278224,0
13.7591,15.7475,7.88419,-0.0177265,1.74219,-0.161918,-0.282092,FGM,0.243951,0.278224,0.347392,0.243951,0.59106,0.278224,0
13.7625,15.7475,7.88419,-0.0177265,1.74219,-0.161918,-0.282092,FGM,0.243951,0.278224,0.347392,0.243951,0.59106,0.278224,0
13.7669,15.7475,7.88419,-0.0177265,1.74219,-0.161918,-0.282092,FGM,0.243951,0.278224,0.347392,0.243951,0.59106,0.278224,0
13.771,15.7649,7.88372,-0.0195093,1.7296,-0.208221,-0.36014,FGM,0.243951,0.278224,0.347392,0.243951,0.59106,0.278224,0
13.7745,15.7649,7.88372,-0.0195093,1.7296,-0.208221,-0.36014,FGM,0.243951,0.278224,0.347392,0.243951,0.59106,0.278224,0
13.7792,15.7821,7.88313,-0.0220616,1.71941,-0.309356,-0.53191,FGM,0.243951,0.278224,0.347392,0.243951,0.59106,0.278224,0
13.7824,15.7821,7.88313,-0.0220616,1.71941,-0.309356,-0.53191,FGM,0.243951,0.278224,0.347392,0.243951,0.59106,0.278224,0
13.7864,15.7821,7.88313,-0.0220616,1.71941,-0.309356,-0.53191,FGM,0.243951,0.278224,0.347392,0.243951,0.59106,0.278224,0
13.7904,15.7993,7.88241,-0.0254865,1.71115,-0.351949,-0.602238,FGM,0.243951,0.278224,0.347392,0.243951,0.59106,0.278224,0
13.7945,15.7993,7.88241,-0.0254865,1.71115,-0.351949,-0.602238,FGM,0.243951,0.278224,0.347392,0.243951,0.59106,0.278224,0
13.7993,15.8163,7.88159,-0.0290807,1.70447,-0.381914,-0.65096,FGM,0.241008,0.279951,0.286481,0.241008,0.587364,0.279951,0
13.8024,15.8163,7.88159,-0.0290807,1.70447,-0.381914,-0.65096,FGM,0.241008,0.279951,0.286481,0.241008,0.587364,0.279951,0
13.8065,15.8163,7.88159,-0.0290807,1.70447,-0.381914,-0.65096,FGM,0.241008,0.279951,0.286481,0.241008,0.587364,0.279951,0
13.8106,15.8333,7.88065,-0.0330305,1.69708,-0.388518,-0.659344,FGM,0.241008,0.279951,0.286481,0.241008,0.587364,0.279951,0
13.8146,15.8333,7.88065,-0.0330305,1.69708,-0.388518,-0.659344,FGM,0.241008,0.279951,0.286481,0.241008,0.587364,0.279951,0
13.8193,15.8502,7.87965,-0.0368864,1.69109,-0.399758,-0.676028,FGM,0.241008,0.279951,0.286481,0.241008,0.587364,0.279951,0
13.8227,15.8502,7.87965,-0.0368864,1.69109,-0.399758,-0.676028,FGM,0.241008,0.279951,0.286481,0.241008,0.587364,0.279951,0
13.8266,15.8502,7.87965,-0.0368864,1.69109,-0.399758,-0.676028,FGM,0.241008,0.279951,0.286481,0.241008,0.587364,0.279951,0
13.8307,15.8671,7.87855,-0.0409553,1.68625,-0.395953,-0.667674,FGM,0.241008,0.279951,0.286481,0.241008,0.587364,0.279951,0
13.8345,15.8671,7.87855,-0.0409553,1.68625,-0.395953,-0.667674,FGM,0.241008,0.279951,0.286481,0.241008,0.587364,0.279951,0
13.8393,15.8839,7.87739,-0.0448579,1.68232,-0.402136,-0.676522,FGM,0.241008,0.279951,0.286481,0.241008,0.587364,0.279951,0
13.8424,15.8839,7.87739,-0.0448579,1.68232,-0.402136,-0.676522,FGM,0.241008,0.279951,0.286481,0.241008,0.587364,0.279951,0
13.8466,15.8839,7.87739,-0.0448579,1.68232,-0.402136,-0.676522,FRENET,0.285635,0.587364,0.285635,0.000484814,0.587364,0.327835,0
13.8508,15.9006,7.87614,-0.0489371,1.67914,-0.396066,-0.665052,FRENET,0.285635,0.587364,0.285635,0.000484814,0.587364,0.327835,0
13.8546,15.9006,7.87614,-0.0489371,1.67914,-0.396066,-0.665052,FRENET,0.285635,0.587364,0.285635,0.000484814,0.587364,0.327835,0
13.8594,15.9175,7.87482,-0.052789,1.71258,-0.391262,-0.67007,FRENET,0.285635,0.587364,0.285635,0.000484814,0.587364,0.327835,0
13.8626,15.9175,7.87482,-0.052789,1.71258,-0.391262,-0.67007,FRENET,0.285635,0.587364,0.285635,0.000484814,0.587364,0.327835,0
13.8665,15.9175,7.87482,-0.052789,1.71258,-0.391262,-0.67007,FRENET,0.285635,0.587364,0.285635,0.000484814,0.587364,0.327835,0
13.8704,15.9348,7.87339,-0.056747,1.74443,-0.386409,-0.674065,FRENET,0.285635,0.587364,0.285635,0.000484814,0.587364,0.327835,0
13.8747,15.9348,7.87339,-0.056747,1.74443,-0.386409,-0.674065,FRENET,0.285635,0.587364,0.285635,0.000484814,0.587364,0.327835,0
13.8795,15.9523,7.8719,-0.060325,1.77477,-0.321142,-0.569954,FRENET,0.285635,0.587364,0.285635,0.000484814,0.587364,0.327835,0
13.8826,15.9523,7.8719,-0.060325,1.77477,-0.321142,-0.569954,FRENET,0.285635,0.587364,0.285635,0.000484814,0.587364,0.327835,0
13.8865,15.9523,7.8719,-0.060325,1.77477,-0.321142,-0.569954,FRENET,0.285635,0.587364,0.285635,0.000484814,0.587364,0.327835,0
13.8906,15.9701,7.87041,-0.063053,1.80366,-0.219539,-0.395974,FRENET,0.285635,0.587364,0.285635,0.000484814,0.587364,0.327835,0
13.8945,15.9701,7.87041,-0.063053,1.80366,-0.219539,-0.395974,FRENET,0.285635,0.587364,0.285635,0.000484814,0.587364,0.327835,0
13.8994,15.9882,7.86897,-0.0646397,1.83118,-0.0946494,-0.17332,FRENET,0.284712,0.587364,0.284712,0.0289767,0.587364,0.349634,0
13.9025,15.9882,7.86897,-0.0646397,1.83118,-0.0946494,-0.17332,FRENET,0.284712,0.587364,0.284712,0.0289767,0.587364,0.349634,0
13.9066,15.9882,7.86897,-0.0646397,1.83118,-0.0946494,-0.17332,FRENET,0.284712,0.587364,0.284712,0.0289767,0.587364,0.349634,0
13.9106,16.0066,7.86764,-0.0648929,1.85739,0.0461567,0.0857312,FRENET,0.284712,0.587364,0.284712,0.0289767,0.587364,0.349634,0
13.9146,16.0066,7.86764,-0.0648929,1.85739,0.0461567,0.0857312,FRENET,0.284712,0.587364,0.284712,0.0289767,0.587364,0.349634,0
13.9192,16.0253,7.86643,-0.0639362,1.88236,0.122525,0.230635,FRENET,0.284712,0.587364,0.284712,0.0289767,0.587364,0.349634,0
13.9224,16.0253,7.86643,-0.0639362,1.88236,0.122525,0.230635,FRENET,0.284712,0.587364,0.284712,0.0289767,0.587364,0.349634,0
13.9266,16.0253,7.86643,-0.0639362,1.88236,0.122525,0.230635,FRENET,0.284712,0.587364,0.284712,0.0289767,0.587364,0.349634,0
13.9306,16.0442,7.8653,-0.0624991,1.90613,0.176126,0.33572,FRENET,0.284712,0.587364,0.284712,0.0289767,0.587364,0.349634,0
13.9344,16.0442,7.8653,-0.0624991,1.90613,0.176126,0.33572,FRENET,0.284712,0.587364,0.284712,0.0289767,0.587364,0.349634,0
13.9392,16.0633,7.86426,-0.0605131,1.92878,0.203104,0.391744,FRENET,0.284712,0.587364,0.284712,0.0289767,0.587364,0.349634,0
13.9425,16.0633,7.86426,-0.0605131,1.92878,0.203104,0.391744,FRENET,0.284712,0.587364,0.284712,0.0289767,0.587364,0.349634,0
13.9465,16.0633,7.86426,-0.0605131,1.92878,0.203104,0.391744,FRENET,0.290189,0.587364,0.290189,0.0532287,0.587364,0.371921,0
13.9504,16.0827,7.86328,-0.0584282,1.95035,0.227949,0.44458,FRENET,0.290189,0.587364,0.290189,0.0532287,0.587364,0.371921,0
13.9545,16.0827,7.86328,-0.0584282,1.95035,0.227949,0.44458,FRENET,0.290189,0.587364,0.290189,0.0532287,0.587364,0.371921,0
13.9591,16.1023,7.86238,-0.0560162,1.9709,0.237878,0.468834,FRENET,0.290189,0.587364,0.290189,0.0532287,0.587364,0.371921,0
13.9622,16.1023,7.86238,-0.0560162,1.9709,0.237878,0.468834,FRENET,0.290189,0.587364,0.290189,0.0532287,0.587364,0.371921,0
13.9665,16.1023,7.86238,-0.0560162,1.9709,0.237878,0.468834,FRENET,0.290189,0.587364,0.290189,0.0532287,0.587364,0.371921,0
13.9708,16.1221,7.86152,-0.0536411,1.99046,0.252247,0.502088,FRENET,0.290189,0.587364,0.290189,0.0532287,0.587364,0.371921,0
13.9746,16.1221,7.86152,-0.0536411,1.99046,0.252247,0.502088,FRENET,0.290189,0.587364,0.290189,0.0532287,0.587364,0.371921,0
13.9793,16.1421,7.86073,-0.0510206,2.0091,0.255665,0.513657,FRENET,0.290189,0.587364,0.290189,0.0532287,0.587364,0.371921,0
13.9824,16.1421,7.86073,-0.0510206,2.0091,0.255665,0.513657,FRENET,0.290189,0.587364,0.290189,0.0532287,0.587364,0.371921,0
13.9865,16.1421,7.86073,-0.0510206,2.0091,0.255665,0.513657,FRENET,0.290189,0.587364,0.290189,0.0532287,0.587364,0.371921,0
13.9905,16.1622,7.85999,-0.0484911,2.02685,0.265778,0.538692,FRENET,0.290189,0.587364,0.290189,0.0532287,0.587364,0.371921,0
13.9946,16.1622,7.85999,-0.0484911,2.02685,0.265778,0.538692,FRENET,0.290189,0.587364,0.290189,0.0532287,0.587364,0.371921,0
13.9993,16.1826,7.8593,-0.0457496,2.04376,0.266424,0.544506,FRENET,0.153386,1.07566,0.153386,0.0592111,1.07566,0.372535,0
14.0024,16.1826,7.8593,-0.0457496,2.04376,0.266424,0.544506,FRENET,0.153386,1.07566,0.153386,0.0592111,1.07566,0.372535,0
14.0064,16.1826,7.8593,-0.0457496,2.04376,0.266424,0.544506,FRENET,0.153386,1.07566,0.153386,0.0592111,1.07566,0.372535,0
14.0105,16.2025,7.85868,-0.0430009,1.94866,0.303873,0.592145,FRENET,0.153386,1.07566,0.153386,0.0592111,1.07566,0.372535,0
14.0143,16.2025,7.85868,-0.0430009,1.94866,0.303873,0.592145,FRENET,0.153386,1.07566,0.153386,0.0592111,1.07566,0.372535,0
14.0192,16.2215,7.85816,-0.0398092,1.85356,0.307242,0.569491,FRENET,0.153386,1.07566,0.153386,0.0592111,1.07566,0.372535,0
14.0224,16.2215,7.85816,-0.0398092,1.85356,0.307242,0.569491,FRENET,0.153386,1.07566,0.153386,0.0592111,1.07566,0.372535,0
14.0265,16.2215,7.85816,-0.0398092,1.85356,0.307242,0.569491,FRENET,0.153386,1.07566,0.153386,0.0592111,1.07566,0.372535,0
14.0305,16.2396,7.85769,-0.0368094,1.75846,0.315952,0.555587,FRENET,0.153386,1.07566,0.153386,0.0592111,1.07566,0.372535,0
14.0347,16.2396,7.85769,-0.0368094,1.75846,0.315952,0.555587,FRENET,0.153386,1.07566,0.153386,0.0592111,1.07566,0.372535,0
14.0394,16.2567,7.85735,-0.0332288,1.67033,0.410983,0.686477,FRENET,0.153386,1.07566,0.153386,0.0592111,1.07566,0.372535,0
14.0425,16.2567,7.85735,-0.0332288,1.67033,0.410983,0.686477,FRENET,0.153386,1.07566,0.153386,0.0592111,1.07566,0.372535,0
14.0465,16.2567,7.85735,-0.0332288,1.67033,0.410983,0.686477,FRENET,0.153997,1.07566,0.153997,0.0614959,1.07566,0.371387,0
14.0503,16.2731,7.8572,-0.0285425,1.59897,0.531306,0.849541,FRENET,0.153997,1.07566,0.153997,0.0614959,1.07566,0.371387,0
14.0545,16.2731,7.8572,-0.0285425,1.59897,0.531306,0.849541,FRENET,0.153997,1.07566,0.153997,0.0614959,1.07566,0.371387,0
14.0593,16.2888,7.85723,-0.0229699,1.54117,0.553626,0.853234,FRENET,0.153997,1.07566,0.153997,0.0614959,1.07566,0.371387,0
14.0624,16.2888,7.85723,-0.0229699,1.54117,0.553626,0.853234,FRENET,0.153997,1.07566,0.153997,0.0614959,1.07566,0.371387,0
14.0665,16.2888,7.85723,-0.0229699,1.54117,0.553626,0.853234,FRENET,0.153997,1.07566,0.153997,0.0614959,1.07566,0.371387,0
14.0706,16.304,7.85739,-0.0175087,1.49438,0.557613,0.833283,FRENET,0.153997,1.07566,0.153997,0.0614959,1.07566,0.371387,0
14.0744,16.304,7.85739,-0.0175087,1.49438,0.557613,0.833283,FRENET,0.153997,1.07566,0.153997,0.0614959,1.07566,0.371387,0
14.0792,16.3187,7.85769,-0.0119545,1.45648,0.532619,0.775747,FRENET,0.153997,1.07566,0.153997,0.0614959,1.07566,0.371387,0
14.0823,16.3187,7.85769,-0.0119545,1.45648,0.532619,0.775747,FRENET,0.153997,1.07566,0.153997,0.0614959,1.07566,0.371387,0
14.0864,16.3187,7.85769,-0.0119545,1.45648,0.532619,0.775747,FRENET,0.153997,1.07566,0.153997,0.0614959,1.07566,0.371387,0
14.0904,16.3331,7.85808,-0.00678903,1.42579,0.521517,0.743573,FRENET,0.153997,1.07566,0.153997,0.0614959,1.07566,0.371387,0
14.0943,16.3331,7.85808,-0.00678903,1.42579,0.521517,0.743573,FRENET,0.153997,1.07566,0.153997,0.0614959,1.07566,0.371387,0
14.0992,16.3472,7.85858,-0.00160728,1.40093,0.496254,0.695219,FRENET,0.144228,1.07566,0.144228,0.224722,1.07566,0.297899,0
14.1025,16.3472,7.85858,-0.00160728,1.40093,0.496254,0.695219,FRENET,0.144228,1.07566,0.144228,0.224722,1.07566,0.297899,0
14.1066,16.3472,7.85858,-0.00160728,1.40093,0.496254,0.695219,FRENET,0.144228,1.07566,0.144228,0.224722,1.07566,0.297899,0
14.1106,16.3611,7.85914,0.00322114,1.38081,0.489811,0.676335,FRENET,0.144228,1.07566,0.144228,0.224722,1.07566,0.297899,0
14.1144,16.3611,7.85914,0.00322114,1.38081,0.489811,0.676335,FRENET,0.144228,1.07566,0.144228,0.224722,1.07566,0.297899,0
14.1192,16.3748,7.85981,0.00811453,1.36451,0.470647,0.642202,FRENET,0.144228,1.07566,0.144228,0.224722,1.07566,0.297899,0
14.1223,16.3748,7.85981,0.00811453,1.36451,0.470647,0.642202,FRENET,0.144228,1.07566,0.144228,0.224722,1.07566,0.297899,0
14.1264,16.3748,7.85981,0.00811453,1.36451,0.470647,0.642202,FRENET,0.144228,1.07566,0.144228,0.224722,1.07566,0.297899,0
14.1305,16.3884,7.86053,0.012718,1.35131,0.46958,0.63455,FRENET,0.144228,1.07566,0.144228,0.224722,1.07566,0.297899,0
14.1343,16.3884,7.86053,0.012718,1.35131,0.46958,0.63455,FRENET,0.144228,1.07566,0.144228,0.224722,1.07566,0.297899,0
14.1391,16.4018,7.86133,0.0174317,1.34063,0.455003,0.609989,FRENET,0.144228,1.07566,0.144228,0.224722,1.07566,0.297899,0
14.1425,16.4018,7.86133,0.0174317,1.34063,0.455003,0.609989,FRENET,0.144228,1.07566,0.144228,0.224722,1.07566,0.297899,0
14.1466,16.4018,7.86133,0.0174317,1.34063,0.455003,0.609989,FRENET,0.145951,1.24664,0.145951,0.0987577,1.24664,0.399708,0
14.1503,16.4152,7.86219,0.021899,1.33197,0.457395,0.609236,FRENET,0.145951,1.24664,0.145951,0.0987577,1.24664,0.399708,0
14.1545,16.4152,7.86219,0.021899,1.33197,0.457395,0.609236,FRENET,0.145951,1.24664,0.145951,0.0987577,1.24664,0.399708,0
14.1593,16.4284,7.86312,0.026503,1.32594,0.445455,0.590645,FRENET,0.145951,1.24664,0.145951,0.0987577,1.24664,0.399708,0
14.1624,16.4284,7.86312,0.026503,1.32594,0.445455,0.590645,FRENET,0.145951,1.24664,0.145951,0.0987577,1.24664,0.399708,0
14.1664,16.4284,7.86312,0.026503,1.32594,0.445455,0.590645,FRENET,0.145951,1.24664,0.145951,0.0987577,1.24664,0.399708,0
14.1704,16.4416,7.8641,0.0308876,1.32105,0.44997,0.594432,FRENET,0.145951,1.24664,0.145951,0.0987577,1.24664,0.399708,0
14.1745,16.4416,7.8641,0.0308876,1.32105,0.44997,0.594432,FRENET,0.145951,1.24664,0.145951,0.0987577,1.24664,0.399708,0
14.1792,16.4548,7.86515,0.0354276,1.31709,0.440043,0.579576,FRENET,0.145951,1.24664,0.145951,0.0987577,1.24664,0.399708,0
14.1824,16.4548,7.86515,0.0354276,1.31709,0.440043,0.579576,FRENET,0.145951,1.24664,0.145951,0.0987577,1.24664,0.399708,0
14.1866,16.4548,7.86515,0.0354276,1.31709,0.440043,0.579576,FRENET,0.145951,1.24664,0.145951,0.0987577,1.24664,0.399708,0
14.1905,16.4679,7.86622,0.039494,1.31388,0.365434,0.480138,FRENET,0.145951,1.24664,0.145951,0.0987577,1.24664,0.399708,0
14.1944,16.4679,7.86622,0.039494,1.31388,0.365434,0.480138,FRENET,0.145951,1.24664,0.145951,0.0987577,1.24664,0.399708,0
14.1993,16.481,7.86725,0.0426525,1.31129,0.262887,0.344721,FGM,0.227719,0.283915,0.144147,0.227719,1.24664,0.283915,0
14.2025,16.481,7.86725,0.0426525,1.31129,0.262887,0.344721,FGM,0.227719,0.283915,0.144147,0.227719,1.24664,0.283915,0
14.2066,16.481,7.86725,0.0426525,1.31129,0.262887,0.344721,FGM,0.227719,0.283915,0.144147,0.227719,1.24664,0.283915,0
14.2105,16.4941,7.86823,0.0450051,1.32528,0.230358,0.30529,FGM,0.227719,0.283915,0.144147,0.227719,1.24664,0.283915,0
14.2145,16.4941,7.86823,0.0450051,1.32528,0.230358,0.30529,FGM,0.227719,0.283915,0.144147,0.227719,1.24664,0.283915,0
14.2191,16.5074,7.86922,0.0472572,1.33862,0.205952,0.275691,FGM,0.227719,0.283915,0.144147,0.227719,1.24664,0.283915,0
14.2223,16.5074,7.86922,0.0472572,1.33862,0.205952,0.275691,FGM,0.227719,0.283915,0.144147,0.227719,1.24664,0.283915,0
14.2263,16.5074,7.86922,0.0472572,1.33862,0.205952,0.275691,FGM,0.227719,0.283915,0.144147,0.227719,1.24664,0.283915,0
14.2304,16.5208,7.87017,0.048965,1.35131,0.129089,0.174439,FGM,0.227719,0.283915,0.144147,0.227719,1.24664,0.283915,0
14.2344,16.5208,7.87017,0.048965,1.35131,0.129089,0.174439,FGM,0.227719,0.283915,0.144147,0.227719,1.24664,0.283915,0
14.2391,16.5344,7.87105,0.0497612,1.36341,0.0269442,0.0367359,FGM,0.227719,0.283915,0.144147,0.227719,1.24664,0.283915,0
14.2424,16.5344,7.87105,0.0497612,1.36341,0.0269442,0.0367359,FGM,0.227719,0.283915,0.144147,0.227719,1.24664,0.283915,0
14.2464,16.5344,7.87105,0.0497612,1.36341,0.0269442,0.0367359,FGM,0.227719,0.283915,0.144147,0.227719,1.24664,0.283915,0
14.2506,16.548,7.8718,0.0494625,1.37492,-0.0883779,-0.121513,FGM,0.230003,0.289607,0.150133,0.230003,1.24664,0.289607,0
14.2545,16.548,7.8718,0.0494625,1.37492,-0.0883779,-0.121513,FGM,0.230003,0.289607,0.150133,0.230003,1.24664,0.289607,0
14.2591,16.5618,7.8724,0.0479704,1.38622,-0.211061,-0.292578,FGM,0.230003,0.289607,0.150133,0.230003,1.24664,0.289607,0
14.2624,16.5618,7.8724,0.0479704,1.38622,-0.211061,-0.292578,FGM,0.230003,0.289607,0.150133,0.230003,1.24664,0.289607,0
14.2664,16.5618,7.8724,0.0479704,1.38622,-0.211061,-0.292578,FGM,0.230003,0.289607,0.150133,0.230003,1.24664,0.289607,0
14.2705,16.5757,7.87281,0.0452246,1.39698,-0.338751,-0.473229,FGM,0.230003,0.289607,0.150133,0.230003,1.24664,0.289607,0
14.2744,16.5757,7.87281,0.0452246,1.39698,-0.338751,-0.473229,FGM,0.230003,0.289607,0.150133,0.230003,1.24664,0.289607,0
14.2791,16.5898,7.87304,0.0414444,1.40723,-0.392876,-0.552866,FGM,0.230003,0.289607,0.150133,0.230003,1.24664,0.289607,0
14.2824,16.5898,7.87304,0.0414444,1.40723,-0.392876,-0.552866,FGM,0.230003,0.289607,0.150133,0.230003,1.24664,0.289607,0
14.2864,16.5898,7.87304,0.0414444,1.40723,-0.392876,-0.552866,FGM,0.230003,0.289607,0.150133,0.230003,1.24664,0.289607,0
14.2904,16.6039,7.87314,0.037389,1.41699,-0.431521,-0.611461,FGM,0.230003,0.289607,0.150133,0.230003,1.24664,0.289607,0
14.2945,16.6039,7.87314,0.037389,1.41699,-0.431521,-0.611461,FGM,0.230003,0.289607,0.150133,0.230003,1.24664,0.289607,0
14.2991,16.6181,7.87311,0.0329205,1.42629,-0.443461,-0.632503,FGM,0.230993,0.285252,0.214728,0.230993,1.02433,0.285252,0
14.3024,16.6181,7.87311,0.0329205,1.42629,-0.443461,-0.632503,FGM,0.230993,0.285252,0.214728,0.230993,1.02433,0.285252,0
14.3065,16.6181,7.87311,0.0329205,1.42629,-0.443461,-0.632503,FGM,0.230993,0.285252,0.214728,0.230993,1.02433,0.285252,0
14.3105,16.6324,7.87299,0.0284773,1.4354,-0.461198,-0.662003,FGM,0.230993,0.285252,0.214728,0.230993,1.02433,0.285252,0
14.3145,16.6324,7.87299,0.0284773,1.4354,-0.461198,-0.662003,FGM,0.230993,0.285252,0.214728,0.230993,1.02433,0.285252,0
14.3191,16.6468,7.87276,0.0237711,1.44408,-0.462582,-0.668005,FGM,0.230993,0.285252,0.214728,0.230993,1.02433,0.285252,0
14.3224,16.6468,7.87276,0.0237711,1.44408,-0.462582,-0.668005,FGM,0.230993,0.285252,0.214728,0.230993,1.02433,0.285252,0
14.3265,16.6468,7.87276,0.0237711,1.44408,-0.462582,-0.668005,FGM,0.230993,0.285252,0.214728,0.230993,1.02433,0.285252,0
14.3305,16.6613,7.87247,0.0191682,1.45234,-0.474663,-0.689373,FGM,0.230993,0.285252,0.214728,0.230993,1.02433,0.285252,0
14.3346,16.6613,7.87247,0.0191682,1.45234,-0.474663,-0.689373,FGM,0.230993,0.285252,0.214728,0.230993,1.02433,0.285252,0
14.3391,16.6758,7.87208,0.0143445,1.46022,-0.47288,-0.690508,FGM,0.230993,0.285252,0.214728,0.230993,1.02433,0.285252,0
14.3423,16.6758,7.87208,0.0143445,1.46022,-0.47288,-0.690508,FGM,0.230993,0.285252,0.214728,0.230993,1.02433,0.285252,0
14.3464,16.6758,7.87208,0.0143445,1.46022,-0.47288,-0.690508,FGM,0.230993,0.285252,0.214728,0.230993,1.02433,0.285252,0
14.3504,16.6905,7.87162,0.00964976,1.46772,-0.482953,-0.708838,FGM,0.230538,0.267303,0.230449,0.230538,1.02433,0.267303,0
14.3549,16.6905,7.87162,0.00964976,1.46772,-0.482953,-0.708838,FGM,0.230538,0.267303,0.230449,0.230538,1.02433,0.267303,0
14.3594,16.7052,7.87108,0.00474973,1.47495,-0.479931,-0.707874,FGM,0.230538,0.267303,0.230449,0.230538,1.02433,0.267303,0
14.3626,16.7052,7.87108,0.00474973,1.47495,-0.479931,-0.707874,FGM,0.230538,0.267303,0.230449,0.230538,1.02433,0.267303,0
14.3665,16.7052,7.87108,0.00474973,1.47495,-0.479931,-0.707874,FGM,0.230538,0.267303,0.230449,0.230538,1.02433,0.267303,0
14.3704,16.7199,7.87047,-1.05828e-05,1.48184,-0.489097,-0.724764,FGM,0.230538,0.267303,0.230449,0.230538,1.02433,0.267303,0
14.3745,16.7199,7.87047,-1.05828e-05,1.48184,-0.489097,-0.724764,FGM,0.230538,0.267303,0.230449,0.230538,1.02433,0.267303,0
14.3795,16.7348,7.86977,-0.00496933,1.4884,-0.485525,-0.722656,FGM,0.230538,0.267303,0.230449,0.230538,1.02433,0.267303,0
14.3826,16.7348,7.86977,-0.00496933,1.4884,-0.485525,-0.722656,FGM,0.230538,0.267303,0.230449,0.230538,1.02433,0.267303,0
14.3865,16.7348,7.86977,-0.00496933,1.4884,-0.485525,-0.722656,FGM,0.230538,0.267303,0.230449,0.230538,1.02433,0.267303,0
14.3905,16.7497,7.86901,-0.00978281,1.49465,-0.494192,-0.738646,FGM,0.230538,0.267303,0.230449,0.230538,1.02433,0.267303,0
14.3944,16.7497,7.86901,-0.00978281,1.49465,-0.494192,-0.738646,FGM,0.230538,0.267303,0.230449,0.230538,1.02433,0.267303,0
14.399,16.7646,7.86816,-0.0147909,1.50061,-0.49028,-0.735718,FGM,0.231623,0.294304,0.258618,0.231623,1.02433,0.294304,0
14.4026,16.7646,7.86816,-0.0147909,1.50061,-0.49028,-0.735718,FGM,0.231623,0.294304,0.258618,0.231623,1.02433,0.294304,0
14.4066,16.7646,7.86816,-0.0147909,1.50061,-0.49028,-0.735718,FGM,0.231623,0.294304,0.258618,0.231623,1.02433,0.294304,0
14.4106,16.7796,7.86725,-0.01965,1.5063,-0.498596,-0.751037,FGM,0.231623,0.294304,0.258618,0.231623,1.02433,0.294304,0
14.4146,16.7796,7.86725,-0.01965,1.5063,-0.498596,-0.751037,FGM,0.231623,0.294304,0.258618,0.231623,1.02433,0.294304,0
14.42,16.7947,7.86625,-0.024701,1.51173,-0.494451,-0.747477,FGM,0.231623,0.294304,0.258618,0.231623,1.02433,0.294304,0
14.4231,16.7947,7.86625,-0.024701,1.51173,-0.494451,-0.747477,FGM,0.231623,0.294304,0.258618,0.231623,1.02433,0.294304,0
14.4267,16.7947,7.86625,-0.024701,1.51173,-0.494451,-0.747477,FGM,0.231623,0.294304,0.258618,0.231623,1.02433,0.294304,0
14.4305,16.8098,7.8652,-0.0293286,1.5169,-0.422584,-0.641018,FGM,0.231623,0.294304,0.258618,0.231623,1.02433,0.294304,0
14.4347,16.8098,7.8652,-0.0293286,1.5169,-0.422584,-0.641018,FGM,0.231623,0.294304,0.258618,0.231623,1.02433,0.294304,0
14.4395,16.825,7.86416,-0.033319,1.52182,-0.396824,-0.603896,FGM,0.231623,0.294304,0.258618,0.231623,1.02433,0.294304,0
14.4429,16.825,7.86416,-0.033319,1.52182,-0.396824,-0.603896,FGM,0.231623,0.294304,0.258618,0.231623,1.02433,0.294304,0
14.4465,16.825,7.86416,-0.033319,1.52182,-0.396824,-0.603896,FGM,0.0658495,0.376678,0.263191,0.0658495,1.03196,0.376678,0
14.4503,16.8402,7.86307,-0.037255,1.52651,-0.375235,-0.572801,FGM,0.0658495,0.376678,0.263191,0.0658495,1.03196,0.376678,0
14.4545,16.8402,7.86307,-0.037255,1.52651,-0.375235,-0.572801,FGM,0.0658495,0.376678,0.263191,0.0658495,1.03196,0.376678,0
14.4594,16.8558,7.86192,-0.0408805,1.60796,-0.364894,-0.586733,FGM,0.0658495,0.376678,0.263191,0.0658495,1.03196,0.376678,0
14.4626,16.8558,7.86192,-0.0408805,1.60796,-0.364894,-0.586733,FGM,0.0658495,0.376678,0.263191,0.0658495,1.03196,0.376678,0
14.4665,16.8558,7.86192,-0.0408805,1.60796,-0.364894,-0.586733,FGM,0.0658495,0.376678,0.263191,0.0658495,1.03196,0.376678,0
14.4704,16.8722,7.86068,-0.0445658,1.68553,-0.36221,-0.610515,FGM,0.0658495,0.376678,0.263191,0.0658495,1.03196,0.376678,0
14.4744,16.8722,7.86068,-0.0445658,1.68553,-0.36221,-0.610515,FGM,0.0658495,0.376678,0.263191,0.0658495,1.03196,0.376678,0
14.4791,16.8894,7.85936,-0.0479808,1.75941,-0.314383,-0.553129,FGM,0.0658495,0.376678,0.263191,0.0658495,1.03196,0.376678,0
14.4826,16.8894,7.85936,-0.0479808,1.75941,-0.314383,-0.553129,FGM,0.0658495,0.376678,0.263191,0.0658495,1.03196,0.376678,0
14.4866,16.8894,7.85936,-0.0479808,1.75941,-0.314383,-0.553129,FGM,0.0658495,0.376678,0.263191,0.0658495,1.03196,0.376678,0
14.4905,16.9073,7.85802,-0.050749,1.82978,-0.234712,-0.429473,FGM,0.0658495,0.376678,0.263191,0.0658495,1.03196,0.376678,0
14.4945,16.9073,7.85802,-0.050749,1.82978,-0.234712,-0.429473,FGM,0.0658495,0.376678,0.263191,0.0658495,1.03196,0.376678,0
14.4991,16.9259,7.8567,-0.0525924,1.89681,-0.130571,-0.247669,FGM,0.0422753,0.358544,0.265936,0.0422753,1.03196,0.358544,0
14.5023,16.9259,7.8567,-0.0525924,1.89681,-0.130571,-0.247669,FGM,0.0422753,0.358544,0.265936,0.0422753,1.03196,0.358544,0
14.5065,16.9259,7.8567,-0.0525924,1.89681,-0.130571,-0.247669,FGM,0.0422753,0.358544,0.265936,0.0422753,1.03196,0.358544,0
14.5105,16.9451,7.85544,-0.053502,1.96005,-0.0687473,-0.134748,FGM,0.0422753,0.358544,0.265936,0.0422753,1.03196,0.358544,0
14.5143,16.9451,7.85544,-0.053502,1.96005,-0.0687473,-0.134748,FGM,0.0422753,0.358544,0.265936,0.0422753,1.03196,0.358544,0
14.5192,16.965,7.8542,-0.0540027,2.02029,-0.0218206,-0.044084,FGM,0.0422753,0.358544,0.265936,0.0422753,1.03196,0.358544,0
14.5225,16.965,7.8542,-0.0540027,2.02029,-0.0218206,-0.044084,FGM,0.0422753,0.358544,0.265936,0.0422753,1.03196,0.358544,0
14.5264,16.965,7.8542,-0.0540027,2.02029,-0.0218206,-0.044084,FGM,0.0422753,0.358544,0.265936,0.0422753,1.03196,0.358544,0
14.5304,16.9854,7.853,-0.0540092,2.07767,0.00578142,0.0120119,FGM,0.0422753,0.358544,0.265936,0.0422753,1.03196,0.358544,0
14.5344,16.9854,7.853,-0.0540092,2.07767,0.00578142,0.0120119,FGM,0.0422753,0.358544,0.265936,0.0422753,1.03196,0.358544,0
14.5396,17.0064,7.8518,-0.053883,2.13231,0.0311514,0.0664245,FGM,0.0422753,0.358544,0.265936,0.0422753,1.03196,0.358544,0
14.5426,17.0064,7.8518,-0.053883,2.13231,0.0311514,0.0664245,FGM,0.0422753,0.358544,0.265936,0.0422753,1.03196,0.358544,0
14.5465,17.0064,7.8518,-0.053883,2.13231,0.0311514,0.0664245,FRENET,0.256611,1.03196,0.256611,0.0551368,1.03196,0.380494,0
14.5506,17.028,7.85063,-0.0534334,2.18436,0.0446643,0.0975631,FRENET,0.256611,1.03196,0.256611,0.0551368,1.03196,0.380494,0
14.5546,17.028,7.85063,-0.0534334,2.18436,0.0446643,0.0975631,FRENET,0.256611,1.03196,0.256611,0.0551368,1.03196,0.380494,0
14.5594,17.0494,7.8495,-0.0528772,2.09643,0.0867126,0.181787,FRENET,0.256611,1.03196,0.256611,0.0551368,1.03196,0.380494,0
14.5627,17.0494,7.8495,-0.0528772,2.09643,0.0867126,0.181787,FRENET,0.256611,1.03196,0.256611,0.0551368,1.03196,0.380494,0
14.5666,17.0494,7.8495,-0.0528772,2.09643,0.0867126,0.181787,FRENET,0.256611,1.03196,0.256611,0.0551368,1.03196,0.380494,0
14.5708,17.0702,7.84846,-0.0518955,2.07277,0.089747,0.186025,FRENET,0.256611,1.03196,0.256611,0.0551368,1.03196,0.380494,0
14.5746,17.0702,7.84846,-0.0518955,2.07277,0.089747,0.186025,FRENET,0.256611,1.03196,0.256611,0.0551368,1.03196,0.380494,0
14.5794,17.0908,7.84744,-0.0510453,2.05362,0.0985107,0.202303,FRENET,0.256611,1.03196,0.256611,0.0551368,1.03196,0.380494,0
14.5826,17.0908,7.84744,-0.0510453,2.05362,0.0985107,0.202303,FRENET,0.256611,1.03196,0.256611,0.0551368,1.03196,0.380494,0
14.5866,17.0908,7.84744,-0.0510453,2.05362,0.0985107,0.202303,FRENET,0.256611,1.03196,0.256611,0.0551368,1.03196,0.380494,0
14.5905,17.1112,7.8465,-0.0496738,2.0381,0.186176,0.379446,FRENET,0.256611,1.03196,0.256611,0.0551368,1.03196,0.380494,0
14.5945,17.1112,7.8465,-0.0496738,2.0381,0.186176,0.379446,FRENET,0.256611,1.03196,0.256611,0.0551368,1.03196,0.380494,0
14.5995,17.1315,7.84567,-0.0474936,2.02554,0.227228,0.46026,FRENET,0.119352,1.07092,0.119352,0.0543425,1.07092,0.377292,0
14.6026,17.1315,7.84567,-0.0474936,2.02554,0.227228,0.46026,FRENET,0.119352,1.07092,0.119352,0.0543425,1.07092,0.377292,0
14.6065,17.1315,7.84567,-0.0474936,2.02554,0.227228,0.46026,FRENET,0.119352,1.07092,0.119352,0.0543425,1.07092,0.377292,0
14.6106,17.1513,7.84494,-0.0450106,1.93044,0.287222,0.554466,FRENET,0.119352,1.07092,0.119352,0.0543425,1.07092,0.377292,0
14.6145,17.1513,7.84494,-0.0450106,1.93044,0.287222,0.554466,FRENET,0.119352,1.07092,0.119352,0.0543425,1.07092,0.377292,0
14.6193,17.1701,7.84433,-0.0419233,1.83534,0.301473,0.553306,FRENET,0.119352,1.07092,0.119352,0.0543425,1.07092,0.377292,0
14.6226,17.1701,7.84433,-0.0419233,1.83534,0.301473,0.553306,FRENET,0.119352,1.07092,0.119352,0.0543425,1.07092,0.377292,0
14.6266,17.1701,7.84433,-0.0419233,1.83534,0.301473,0.553306,FRENET,0.119352,1.07092,0.119352,0.0543425,1.07092,0.377292,0
14.6305,17.188,7.8438,-0.0389531,1.74024,0.31503,0.548228,FRENET,0.119352,1.07092,0.119352,0.0543425,1.07092,0.377292,0
14.6345,17.188,7.8438,-0.0389531,1.74024,0.31503,0.548228,FRENET,0.119352,1.07092,0.119352,0.0543425,1.07092,0.377292,0
14.6393,17.2049,7.8434,-0.0353532,1.64514,0.415095,0.682889,FRENET,0.119352,1.07092,0.119352,0.0543425,1.07092,0.377292,0
14.6425,17.2049,7.8434,-0.0353532,1.64514,0.415095,0.682889,FRENET,0.119352,1.07092,0.119352,0.0543425,1.07092,0.377292,0
14.6466,17.2049,7.8434,-0.0353532,1.64514,0.415095,0.682889,FRENET,0.11179,1.07092,0.11179,0.0547876,1.07092,0.370693,0
14.6505,17.2209,7.8432,-0.0305479,1.55004,0.549079,0.851095,FRENET,0.11179,1.07092,0.11179,0.0547876,1.07092,0.370693,0
14.6546,17.2209,7.8432,-0.0305479,1.55004,0.549079,0.851095,FRENET,0.11179,1.07092,0.11179,0.0547876,1.07092,0.370693,0
14.6596,17.2359,7.84319,-0.0247408,1.45494,0.575523,0.837352,FRENET,0.11179,1.07092,0.11179,0.0547876,1.07092,0.370693,0
14.6629,17.2359,7.84319,-0.0247408,1.45494,0.575523,0.837352,FRENET,0.11179,1.07092,0.11179,0.0547876,1.07092,0.370693,0
14.6667,17.2359,7.84319,-0.0247408,1.45494,0.575523,0.837352,FRENET,0.11179,1.07092,0.11179,0.0547876,1.07092,0.370693,0
14.6705,17.25,7.8433,-0.0190646,1.35984,0.579574,0.788128,FRENET,0.11179,1.07092,0.11179,0.0547876,1.07092,0.370693,0
14.6747,17.25,7.8433,-0.0190646,1.35984,0.579574,0.788128,FRENET,0.11179,1.07092,0.11179,0.0547876,1.07092,0.370693,0
14.6797,17.2631,7.84352,-0.0133308,1.26474,0.538308,0.68082,FRENET,0.11179,1.07092,0.11179,0.0547876,1.07092,0.370693,0
14.6823,17.2631,7.84352,-0.0133308,1.26474,0.538308,0.68082,FRENET,0.11179,1.07092,0.11179,0.0547876,1.07092,0.370693,0
14.6869,17.2631,7.84352,-0.0133308,1.26474,0.538308,0.68082,FRENET,0.11179,1.07092,0.11179,0.0547876,1.07092,0.370693,0
14.6919,17.2753,7.8438,-0.00823916,1.18377,0.505869,0.598835,FRENET,0.11179,1.07092,0.11179,0.0547876,1.07092,0.370693,0
14.6951,17.2753,7.8438,-0.00823916,1.18377,0.505869,0.598835,FRENET,0.11179,1.07092,0.11179,0.0547876,1.07092,0.370693,0
14.6994,17.2869,7.84418,-0.00342654,1.13972,0.440663,0.502232,FRENET,0.108611,1.07092,0.108611,0.0405005,1.07092,0.352638,0
14.7028,17.2869,7.84418,-0.00342654,1.13972,0.440663,0.502232,FRENET,0.108611,1.07092,0.108611,0.0405005,1.07092,0.352638,0
14.7066,17.2869,7.84418,-0.00342654,1.13972,0.440663,0.502232,FRENET,0.108611,1.07092,0.108611,0.0405005,1.07092,0.352638,0
14.7105,17.2981,7.84462,0.000765582,1.08253,0.422291,0.457143,FRENET,0.108611,1.07092,0.108611,0.0405005,1.07092,0.352638,0
14.7145,17.2981,7.84462,0.000765582,1.08253,0.422291,0.457143,FRENET,0.108611,1.07092,0.108611,0.0405005,1.07092,0.352638,0
14.7192,17.3086,7.84512,0.00488506,1.03622,0.380658,0.394446,FRENET,0.108611,1.07092,0.108611,0.0405005,1.07092,0.352638,0
14.7225,17.3086,7.84512,0.00488506,1.03622,0.380658,0.394446,FRENET,0.108611,1.07092,0.108611,0.0405005,1.07092,0.352638,0
14.7266,17.3086,7.84512,0.00488506,1.03622,0.380658,0.394446,FRENET,0.108611,1.07092,0.108611,0.0405005,1.07092,0.352638,0
14.7305,17.3188,7.84565,0.00851665,0.99872,0.369885,0.369411,FRENET,0.108611,1.07092,0.108611,0.0405005,1.07092,0.352638,0
14.7347,17.3188,7.84565,0.00851665,0.99872,0.369885,0.369411,FRENET,0.108611,1.07092,0.108611,0.0405005,1.07092,0.352638,0
14.7393,17.3286,7.84623,0.0121633,0.968351,0.339062,0.328331,FRENET,0.108611,1.07092,0.108611,0.0405005,1.07092,0.352638,0
14.7427,17.3286,7.84623,0.0121633,0.968351,0.339062,0.328331,FRENET,0.108611,1.07092,0.108611,0.0405005,1.07092,0.352638,0
14.7466,17.3286,7.84623,0.0121633,0.968351,0.339062,0.328331,FRENET,0.108611,1.07092,0.108611,0.0405005,1.07092,0.352638,0
14.7506,17.3382,7.84683,0.0154359,0.943757,0.33825,0.319226,FRENET,0.10204,1.07092,0.10204,0.0410011,1.07092,0.360516,0
14.7548,17.3382,7.84683,0.0154359,0.943757,0.33825,0.319226,FRENET,0.10204,1.07092,0.10204,0.0410011,1.07092,0.360516,0
14.7594,17.3475,7.84747,0.0188045,0.923842,0.314999,0.291009,FRENET,0.10204,1.07092,0.10204,0.0410011,1.07092,0.360516,0
14.7628,17.3475,7.84747,0.0188045,0.923842,0.314999,0.291009,FRENET,0.10204,1.07092,0.10204,0.0410011,1.07092,0.360516,0
14.7668,17.3475,7.84747,0.0188045,0.923842,0.314999,0.291009,FRENET,0.10204,1.07092,0.10204,0.0410011,1.07092,0.360516,0
14.7706,17.3566,7.84812,0.0218706,0.907714,0.320014,0.290481,FRENET,0.10204,1.07092,0.10204,0.0410011,1.07092,0.360516,0
14.7746,17.3566,7.84812,0.0218706,0.907714,0.320014,0.290481,FRENET,0.10204,1.07092,0.10204,0.0410011,1.07092,0.360516,0
14.7794,17.3656,7.8488,0.0250773,0.894654,0.300832,0.269141,FRENET,0.10204,1.07092,0.10204,0.0410011,1.07092,0.360516,0
14.7828,17.3656,7.8488,0.0250773,0.894654,0.300832,0.269141,FRENET,0.10204,1.07092,0.10204,0.0410011,1.07092,0.360516,0
14.7867,17.3656,7.8488,0.0250773,0.894654,0.300832,0.269141,FRENET,0.10204,1.07092,0.10204,0.0410011,1.07092,0.360516,0
14.7906,17.3745,7.8495,0.0280206,0.884078,0.309045,0.27322,FRENET,0.10204,1.07092,0.10204,0.0410011,1.07092,0.360516,0
14.7946,17.3745,7.8495,0.0280206,0.884078,0.309045,0.27322,FRENET,0.10204,1.07092,0.10204,0.0410011,1.07092,0.360516,0
14.7998,17.3832,7.85023,0.0311285,0.875514,0.292102,0.255739,FRENET,0.159826,1.37296,0.159826,0.0609498,1.37296,0.374088,0
14.8027,17.3832,7.85023,0.0311285,0.875514,0.292102,0.255739,FRENET,0.159826,1.37296,0.159826,0.0609498,1.37296,0.374088,0
14.8065,17.3832,7.85023,0.0311285,0.875514,0.292102,0.255739,FRENET,0.159826,1.37296,0.159826,0.0609498,1.37296,0.374088,0
14.8108,17.3919,7.85097,0.0339966,0.875277,0.302226,0.264532,FRENET,0.159826,1.37296,0.159826,0.0609498,1.37296,0.374088,0
14.8146,17.3919,7.85097,0.0339966,0.875277,0.302226,0.264532,FRENET,0.159826,1.37296,0.159826,0.0609498,1.37296,0.374088,0
14.8194,17.4007,7.85175,0.0370511,0.875086,0.288937,0.252845,FRENET,0.159826,1.37296,0.159826,0.0609498,1.37296,0.374088,0
14.8227,17.4007,7.85175,0.0370511,0.875086,0.288937,0.252845,FRENET,0.159826,1.37296,0.159826,0.0609498,1.37296,0.374088,0
14.8266,17.4007,7.85175,0.0370511,0.875086,0.288937,0.252845,FRENET,0.159826,1.37296,0.159826,0.0609498,1.37296,0.374088,0
14.8307,17.4094,7.85252,0.0396689,0.87493,0.228445,0.199874,FRENET,0.159826,1.37296,0.159826,0.0609498,1.37296,0.374088,0
14.8347,17.4094,7.85252,0.0396689,0.87493,0.228445,0.199874,FRENET,0.159826,1.37296,0.159826,0.0609498,1.37296,0.374088,0
14.8395,17.4181,7.85325,0.0418175,0.874805,0.225495,0.197264,FRENET,0.159826,1.37296,0.159826,0.0609498,1.37296,0.374088,0
14.8425,17.4181,7.85325,0.0418175,0.874805,0.225495,0.197264,FRENET,0.159826,1.37296,0.159826,0.0609498,1.37296,0.374088,0
14.8465,17.4181,7.85325,0.0418175,0.874805,0.225495,0.197264,FRENET,0.159826,1.37296,0.159826,0.0609498,1.37296,0.374088,0
14.8507,17.4268,7.85399,0.0440764,0.874703,0.207662,0.181643,FRENET,0.16505,1.37296,0.16505,0,1.37296,0.343381,0
14.8547,17.4268,7.85399,0.0440764,0.874703,0.207662,0.181643,FRENET,0.16505,1.37296,0.16505,0,1.37296,0.343381,0
14.8596,17.4355,7.85473,0.0461041,0.874621,0.218268,0.190902,FRENET,0.16505,1.37296,0.16505,0,1.37296,0.343381,0
14.8626,17.4355,7.85473,0.0461041,0.874621,0.218268,0.190902,FRENET,0.16505,1.37296,0.16505,0,1.37296,0.343381,0
14.8666,17.4355,7.85473,0.0461041,0.874621,0.218268,0.190902,FRENET,0.16505,1.37296,0.16505,0,1.37296,0.343381,0
14.8707,17.4442,7.85549,0.0483191,0.874554,0.204932,0.179224,FRENET,0.16505,1.37296,0.16505,0,1.37296,0.343381,0
14.8744,17.4442,7.85549,0.0483191,0.874554,0.204932,0.179224,FRENET,0.16505,1.37296,0.16505,0,1.37296,0.343381,0
14.8794,17.453,7.85625,0.0503294,0.8745,0.217131,0.189881,FRENET,0.16505,1.37296,0.16505,0,1.37296,0.343381,0
14.8824,17.453,7.85625,0.0503294,0.8745,0.217131,0.189881,FRENET,0.16505,1.37296,0.16505,0,1.37296,0.343381,0
14.8866,17.453,7.85625,0.0503294,0.8745,0.217131,0.189881,FRENET,0.16505,1.37296,0.16505,0,1.37296,0.343381,0
14.8906,17.4617,7.85704,0.0525368,0.874456,0.204409,0.178747,FRENET,0.16505,1.37296,0.16505,0,1.37296,0.343381,0
14.8945,17.4617,7.85704,0.0525368,0.874456,0.204409,0.178747,FRENET,0.16505,1.37296,0.16505,0,1.37296,0.343381,0
14.8996,17.4704,7.85783,0.0545433,0.874421,0.21687,0.189635,FRENET,0.16505,1.37296,0.16505,0,1.37296,0.343381,0
14.9026,17.4704,7.85783,0.0545433,0.874421,0.21687,0.189635,FRENET,0.143057,1.37296,0.143057,0.070398,1.37296,0.385098,0
14.9066,17.4704,7.85783,0.0545433,0.874421,0.21687,0.189635,FRENET,0.143057,1.37296,0.143057,0.070398,1.37296,0.385098,0
14.9105,17.4791,7.85866,0.0567488,0.874392,0.204269,0.178611,FRENET,0.143057,1.37296,0.143057,0.070398,1.37296,0.385098,0
14.9146,17.4791,7.85866,0.0567488,0.874392,0.204269,0.178611,FRENET,0.143057,1.37296,0.143057,0.070398,1.37296,0.385098,0
14.9194,17.4878,7.85949,0.0587542,0.874369,0.21679,0.189555,FRENET,0.143057,1.37296,0.143057,0.070398,1.37296,0.385098,0
14.9227,17.4878,7.85949,0.0587542,0.874369,0.21679,0.189555,FRENET,0.143057,1.37296,0.143057,0.070398,1.37296,0.385098,0
14.9266,17.4878,7.85949,0.0587542,0.874369,0.21679,0.189555,FRENET,0.143057,1.37296,0.143057,0.070398,1.37296,0.385098,0
14.9306,17.4965,7.86035,0.0609591,0.87435,0.204222,0.178561,FRENET,0.143057,1.37296,0.143057,0.070398,1.37296,0.385098,0
14.9346,17.4965,7.86035,0.0609591,0.87435,0.204222,0.178561,FRENET,0.143057,1.37296,0.143057,0.070398,1.37296,0.385098,0
14.9394,17.5052,7.86121,0.0629642,0.874335,0.216761,0.189522,FRENET,0.143057,1.37296,0.143057,0.070398,1.37296,0.385098,0
14.9426,17.5052,7.86121,0.0629642,0.874335,0.216761,0.189522,FRENET,0.143057,1.37296,0.143057,0.070398,1.37296,0.385098,0
14.9465,17.5052,7.86121,0.0629642,0.874335,0.216761,0.189522,FRENET,0.143057,1.37296,0.143057,0.070398,1.37296,0.385098,0
14.9506,17.5139,7.86211,0.0651688,0.874322,0.204203,0.178539,FRENET,0.143057,1.37296,0.143057,0.070398,1.37296,0.385098,0
14.9546,17.5139,7.86211,0.0651688,0.874322,0.204203,0.178539,FRENET,0,0.771711,0,0,0.771711,0.236268,0
14.9594,17.5225,7.863,0.0671691,0.85389,0.216932,0.185236,FRENET,0,0.771711,0,0,0.771711,0.236268,0
14.9629,17.5225,7.863,0.0671691,0.85389,0.216932,0.185236,FRENET,0,0.771711,0,0,0.771711,0.236268,0
14.9667,17.5225,7.863,0.0671691,0.85389,0.216932,0.185236,FRENET,0,0.771711,0,0,0.771711,0.236268,0
14.9706,17.5309,7.86391,0.0693565,0.837343,0.198566,0.166267,FRENET,0,0.771711,0,0,0.771711,0.236268,0
14.9745,17.5309,7.86391,0.0693565,0.837343,0.198566,0.166267,FRENET,0,0.771711,0,0,0.771711,0.236268,0
14.9794,17.5391,7.86478,0.0710486,0.823944,0.133836,0.110273,FRENET,0,0.771711,0,0,0.771711,0.236268,0
14.9826,17.5391,7.86478,0.0710486,0.823944,0.133836,0.110273,FRENET,0,0.771711,0,0,0.771711,0.236268,0
14.9868,17.5391,7.86478,0.0710486,0.823944,0.133836,0.110273,FRENET,0,0.771711,0,0,0.771711,0.236268,0
14.9907,17.5473,7.86556,0.0720155,0.813093,0.0580946,0.0472363,FRENET,0,0.771711,0,0,0.771711,0.236268,0
14.9947,17.5473,7.86556,0.0720155,0.813093,0.0580946,0.0472363,FRENET,0,0.771711,0,0,0.771711,0.236268,0
14.9993,17.5554,7.86625,0.0722115,0.804306,-0.0191666,-0.0154159,FRENET,0,0.771711,0,0,0.771711,0.236268,0
15.0025,17.5554,7.86625,0.0722115,0.804306,-0.0191666,-0.0154159,FRENET,0,0.771711,0,0,0.771711,0.236268,0
15.0065,17.5554,7.86625,0.0722115,0.804306,-0.0191666,-0.0154159,FRENET,0,0.771711,0,0,0.771711,0.239921,0
15.0108,17.5633,7.86684,0.0718656,0.797191,-0.022411,-0.0178658,FRENET,0,0.771711,0,0,0.771711,0.239921,0
15.0147,17.5633,7.86684,0.0718656,0.797191,-0.022411,-0.0178658,FRENET,0,0.771711,0,0,0.771711,0.239921,0
15.0192,17.5713,7.86739,0.0716384,0.791428,-0.0427341,-0.033821,FRENET,0,0.771711,0,0,0.771711,0.239921,0
15.0227,17.5713,7.86739,0.0716384,0.791428,-0.0427341,-0.033821,FRENET,0,0.771711,0,0,0.771711,0.239921,0
15.0267,17.5713,7.86739,0.0716384,0.791428,-0.0427341,-0.033821,FRENET,0,0.771711,0,0,0.771711,0.239921,0
15.0307,17.5791,7.86791,0.0711686,0.786762,-0.0293587,-0.0230983,FRENET,0,0.771711,0,0,0.771711,0.239921,0
15.0345,17.5791,7.86791,0.0711686,0.786762,-0.0293587,-0.0230983,FRENET,0,0.771711,0,0,0.771711,0.239921,0
15.0395,17.587,7.86842,0.0709035,0.782983,-0.0448834,-0.035143,FRENET,0,0.771711,0,0,0.771711,0.239921,0
15.0426,17.587,7.86842,0.0709035,0.782983,-0.0448834,-0.035143,FRENET,0,0.771711,0,0,0.771711,0.239921,0
15.0466,17.587,7.86842,0.0709035,0.782983,-0.0448834,-0.035143,FRENET,0,0.771711,0,0,0.771711,0.239921,0
15.0508,17.5948,7.86891,0.0704226,0.779923,-0.0299248,-0.0233391,FRENET,0,0.771711,0,0,0.771711,0.239921,0
15.0545,17.5948,7.86891,0.0704226,0.779923,-0.0299248,-0.0233391,FRENET,0,0.771711,0,0,0.771711,0.239921,0
15.0593,17.6025,7.86941,0.0701544,0.777445,-0.0450169,-0.0349981,FRENET,0,0.771711,0,0,0.771711,0.240416,0
15.0626,17.6025,7.86941,0.0701544,0.777445,-0.0450169,-0.0349981,FRENET,0,0.771711,0,0,0.771711,0.240416,0
15.0666,17.6025,7.86941,0.0701544,0.777445,-0.0450169,-0.0349981,FRENET,0,0.771711,0,0,0.771711,0.240416,0
15.0707,17.6103,7.86989,0.0696737,0.775438,-0.0298421,-0.0231407,FRENET,0,0.771711,0,0,0.771711,0.240416,0
15.0745,17.6103,7.86989,0.0696737,0.775438,-0.0298421,-0.0231407,FRENET,0,0.771711,0,0,0.771711,0.240416,0
15.0794,17.618,7.87037,0.0694062,0.773813,-0.0449226,-0.0347617,FRENET,0,0.771711,0,0,0.771711,0.240416,0
15.0826,17.618,7.87037,0.0694062,0.773813,-0.0449226,-0.0347617,FRENET,0,0.771711,0,0,0.771711,0.240416,0
15.0866,17.618,7.87037,0.0694062,0.773813,-0.0449226,-0.0347617,FRENET,0,0.771711,0,0,0.771711,0.240416,0
15.0906,17.6257,7.87084,0.0689268,0.772497,-0.0297057,-0.0229476,FRENET,0,0.771711,0,0,0.771711,0.240416,0
15.0948,17.6257,7.87084,0.0689268,0.772497,-0.0297057,-0.0229476,FRENET,0,0.771711,0,0,0.771711,0.240416,0
15.0995,17.6334,7.87132,0.0686604,0.771432,-0.0448213,-0.0345766,FRENET,0,0.771711,0,0,0.771711,0.240416,0
15.1028,17.6334,7.87132,0.0686604,0.771432,-0.0448213,-0.0345766,FRENET,0,0.771711,0,0,0.771711,0.240416,0
15.1066,17.6334,7.87132,0.0686604,0.771432,-0.0448213,-0.0345766,FRENET,0,0.771711,0,0,0.771711,0.240416,0
15.1107,17.6411,7.87178,0.0681822,0.770569,-0.0295961,-0.0228058,FRENET,0.335225,0.567375,0.335225,0,0.567375,0.239815,0
15.1147,17.6411,7.87178,0.0681822,0.770569,-0.0295961,-0.0228058,FRENET,0.335225,0.567375,0.335225,0,0.567375,0.239815,0
15.1192,17.6491,7.87226,0.067903,0.818572,-0.0423028,-0.0346279,FRENET,0.335225,0.567375,0.335225,0,0.567375,0.239815,0
15.1226,17.6491,7.87226,0.067903,0.818572,-0.0423028,-0.0346279,FRENET,0.335225,0.567375,0.335225,0,0.567375,0.239815,0
15.1267,17.6491,7.87226,0.067903,0.818572,-0.0423028,-0.0346279,FRENET,0.335225,0.567375,0.335225,0,0.567375,0.239815,0
15.1305,17.6575,7.87276,0.0674401,0.864293,-0.0344435,-0.0297693,FRENET,0.335225,0.567375,0.335225,0,0.567375,0.239815,0
15.1345,17.6575,7.87276,0.0674401,0.864293,-0.0344435,-0.0297693,FRENET,0.335225,0.567375,0.335225,0,0.567375,0.239815,0
15.1393,17.6663,7.87332,0.0673122,0.90784,0.0149067,0.0135329,FRENET,0.335225,0.567375,0.335225,0,0.567375,0.239815,0
15.1426,17.6663,7.87332,0.0673122,0.90784,0.0149067,0.0135329,FRENET,0.335225,0.567375,0.335225,0,0.567375,0.239815,0
15.1466,17.6663,7.87332,0.0673122,0.90784,0.0149067,0.0135329,FRENET,0.335225,0.567375,0.335225,0,0.567375,0.239815,0
15.1505,17.6756,7.87396,0.0675957,0.949316,0.0231028,0.0219318,FRENET,0.335225,0.567375,0.335225,0,0.567375,0.239815,0
15.1547,17.6756,7.87396,0.0675957,0.949316,0.0231028,0.0219318,FRENET,0.335225,0.567375,0.335225,0,0.567375,0.239815,0
15.1592,17.6852,7.87464,0.0678406,0.98882,0.0404682,0.0400157,FRENET,0.333474,0.567375,0.333474,0,0.567375,0.346698,0
15.1627,17.6852,7.87464,0.0678406,0.98882,0.0404682,0.0400157,FRENET,0.333474,0.567375,0.333474,0,0.567375,0.346698,0
15.1666,17.6852,7.87464,0.0678406,0.98882,0.0404682,0.0400157,FRENET,0.333474,0.567375,0.333474,0,0.567375,0.346698,0
15.1705,17.6953,7.87538,0.0683121,1.02645,0.0376791,0.0386756,FRENET,0.333474,0.567375,0.333474,0,0.567375,0.346698,0
15.1746,17.6953,7.87538,0.0683121,1.02645,0.0376791,0.0386756,FRENET,0.333474,0.567375,0.333474,0,0.567375,0.346698,0
15.1795,17.7057,7.87615,0.0686697,1.06228,0.049274,0.0523429,FRENET,0.333474,0.567375,0.333474,0,0.567375,0.346698,0
15.1826,17.7057,7.87615,0.0686697,1.06228,0.049274,0.0523429,FRENET,0.333474,0.567375,0.333474,0,0.567375,0.346698,0
15.1866,17.7057,7.87615,0.0686697,1.06228,0.049274,0.0523429,FRENET,0.333474,0.567375,0.333474,0,0.567375,0.346698,0
15.1907,17.7165,7.87697,0.0692173,1.09641,0.0444182,0.0487008,FRENET,0.333474,0.567375,0.333474,0,0.567375,0.346698,0
15.1944,17.7165,7.87697,0.0692173,1.09641,0.0444182,0.0487008,FRENET,0.333474,0.567375,0.333474,0,0.567375,0.346698,0
15.1992,17.7276,7.87781,0.0696318,1.12892,0.0540975,0.0610719,FRENET,0.333474,0.567375,0.333474,0,0.567375,0.346698,0
15.2027,17.7276,7.87781,0.0696318,1.12892,0.0540975,0.0610719,FRENET,0.333474,0.567375,0.333474,0,0.567375,0.346698,0
15.2066,17.7276,7.87781,0.0696318,1.12892,0.0540975,0.0610719,FRENET,0.333474,0.567375,0.333474,0,0.567375,0.346698,0
15.2107,17.739,7.87869,0.0702251,1.15989,0.0487493,0.0565437,FRENET,0.332898,0.567375,0.332898,0,0.567375,0.245597,0
15.2148,17.739,7.87869,0.0702251,1.15989,0.0487493,0.0565437,FRENET,0.332898,0.567375,0.332898,0,0.567375,0.245597,0
15.2195,17.7507,7.87959,0.0706776,1.18938,0.0575038,0.0683938,FRENET,0.332898,0.567375,0.332898,0,0.567375,0.245597,0
15.2225,17.7507,7.87959,0.0706776,1.18938,0.0575038,0.0683938,FRENET,0.332898,0.567375,0.332898,0,0.567375,0.245597,0
15.2267,17.7507,7.87959,0.0706776,1.18938,0.0575038,0.0683938,FRENET,0.332898,0.567375,0.332898,0,0.567375,0.245597,0
15.2307,17.7627,7.88053,0.0713048,1.21747,0.0520638,0.063386,FRENET,0.332898,0.567375,0.332898,0,0.567375,0.245597,0
15.2346,17.7627,7.88053,0.0713048,1.21747,0.0520638,0.063386,FRENET,0.332898,0.567375,0.332898,0,0.567375,0.245597,0
15.2393,17.775,7.88149,0.0717872,1.24422,0.0602586,0.0749751,FRENET,0.332898,0.567375,0.332898,0,0.567375,0.245597,0
15.2427,17.775,7.88149,0.0717872,1.24422,0.0602586,0.0749751,FRENET,0.332898,0.567375,0.332898,0,0.567375,0.245597,0
15.2466,17.775,7.88149,0.0717872,1.24422,0.0602586,0.0749751,FRENET,0.332898,0.567375,0.332898,0,0.567375,0.245597,0
15.2507,17.7875,7.88249,0.0724424,1.2697,0.0548396,0.06963,FRENET,0.332898,0.567375,0.332898,0,0.567375,0.245597,0
15.2545,17.7875,7.88249,0.0724424,1.2697,0.0548396,0.06963,FRENET,0.332898,0.567375,0.332898,0,0.567375,0.245597,0
15.2596,17.8003,7.8835,0.0729501,1.29397,0.0626413,0.0810561,FRENET,0.332898,0.567375,0.332898,0,0.567375,0.245597,0
15.2627,17.8003,7.8835,0.0729501,1.29397,0.0626413,0.0810561,FGM,0.294895,0.292948,0.0761952,0.294895,1.06149,0.292948,0
15.2666,17.8003,7.8835,0.0729501,1.29397,0.0626413,0.0810561,FGM,0.294895,0.292948,0.0761952,0.294895,1.06149,0.292948,0
15.2707,17.8132,7.88455,0.0736323,1.31044,0.0571393,0.0748778,FGM,0.294895,0.292948,0.0761952,0.294895,1.06149,0.292948,0
15.2748,17.8132,7.88455,0.0736323,1.31044,0.0571393,0.0748778,FGM,0.294895,0.292948,0.0761952,0.294895,1.06149,0.292948,0
15.2794,17.8264,7.88561,0.0741596,1.32613,0.0648636,0.0860177,FGM,0.294895,0.292948,0.0761952,0.294895,1.06149,0.292948,0
15.2828,17.8264,7.88561,0.0741596,1.32613,0.0648636,0.0860177,FGM,0.294895,0.292948,0.0761952,0.294895,1.06149,0.292948,0
15.2868,17.8264,7.88561,0.0741596,1.32613,0.0648636,0.0860177,FGM,0.294895,0.292948,0.0761952,0.294895,1.06149,0.292948,0
15.2906,17.8397,7.8867,0.0748622,1.34108,0.0590025,0.0791267,FGM,0.294895,0.292948,0.0761952,0.294895,1.06149,0.292948,0
15.2947,17.8397,7.8867,0.0748622,1.34108,0.0590025,0.0791267,FGM,0.294895,0.292948,0.0761952,0.294895,1.06149,0.292948,0
15.2992,17.8531,7.88777,0.0751513,1.35531,-0.0088894,-0.0120479,FGM,0.294895,0.292948,0.0761952,0.294895,1.06149,0.292948,0
15.3026,17.8531,7.88777,0.0751513,1.35531,-0.0088894,-0.0120479,FGM,0.294895,0.292948,0.0761952,0.294895,1.06149,0.292948,0
15.3065,17.8531,7.88777,0.0751513,1.35531,-0.0088894,-0.0120479,FGM,0.294895,0.292948,0.0761952,0.294895,1.06149,0.292948,0
15.3107,17.8667,7.88877,0.0745919,1.36886,-0.106799,-0.146194,FGM,0.294895,0.292948,0.0761952,0.294895,1.06149,0.292948,0
15.3147,17.8667,7.88877,0.0745919,1.36886,-0.106799,-0.146194,FGM,0.296276,0.282768,0.047186,0.296276,1.06149,0.282768,0
15.3195,17.8804,7.88965,0.0729656,1.38168,-0.220461,-0.304607,FGM,0.296276,0.282768,0.047186,0.296276,1.06149,0.282768,0
15.3227,17.8804,7.88965,0.0729656,1.38168,-0.220461,-0.304607,FGM,0.296276,0.282768,0.047186,0.296276,1.06149,0.282768,0
15.3268,17.8804,7.88965,0.0729656,1.38168,-0.220461,-0.304607,FGM,0.296276,0.282768,0.047186,0.296276,1.06149,0.282768,0
15.3309,17.8943,7.89036,0.0701535,1.39389,-0.343121,-0.478275,FGM,0.296276,0.282768,0.047186,0.296276,1.06149,0.282768,0
15.3347,17.8943,7.89036,0.0701535,1.39389,-0.343121,-0.478275,FGM,0.296276,0.282768,0.047186,0.296276,1.06149,0.282768,0
15.3394,17.9083,7.89091,0.0663437,1.40552,-0.394869,-0.554998,FGM,0.296276,0.282768,0.047186,0.296276,1.06149,0.282768,0
15.3427,17.9083,7.89091,0.0663437,1.40552,-0.394869,-0.554998,FGM,0.296276,0.282768,0.047186,0.296276,1.06149,0.282768,0
15.3467,17.9083,7.89091,0.0663437,1.40552,-0.394869,-0.554998,FGM,0.296276,0.282768,0.047186,0.296276,1.06149,0.282768,0
15.3506,17.9224,7.89134,0.0622744,1.4166,-0.43237,-0.612495,FGM,0.296276,0.282768,0.047186,0.296276,1.06149,0.282768,0
15.3546,17.9224,7.89134,0.0622744,1.4166,-0.43237,-0.612495,FGM,0.296276,0.282768,0.047186,0.296276,1.06149,0.282768,0
15.3592,17.9366,7.89165,0.0578002,1.42715,-0.443941,-0.63357,FGM,0.296276,0.282768,0.047186,0.296276,1.06149,0.282768,0
15.3626,17.9366,7.89165,0.0578002,1.42715,-0.443941,-0.63357,FGM,0.296276,0.282768,0.047186,0.296276,1.06149,0.282768,0
15.3666,17.9366,7.89165,0.0578002,1.42715,-0.443941,-0.63357,FGM,0.285538,0.29301,0.0523848,0.285538,1.06149,0.29301,0
15.3706,17.9509,7.89187,0.0533521,1.4372,-0.461633,-0.663459,FGM,0.285538,0.29301,0.0523848,0.285538,1.06149,0.29301,0
15.3747,17.9509,7.89187,0.0533521,1.4372,-0.461633,-0.663459,FGM,0.285538,0.29301,0.0523848,0.285538,1.06149,0.29301,0
15.3794,17.9653,7.892,0.048645,1.44869,-0.462739,-0.670363,FGM,0.285538,0.29301,0.0523848,0.285538,1.06149,0.29301,0
15.3826,17.9653,7.892,0.048645,1.44869,-0.462739,-0.670363,FGM,0.285538,0.29301,0.0523848,0.285538,1.06149,0.29301,0
15.3866,17.9653,7.892,0.048645,1.44869,-0.462739,-0.670363,FGM,0.285538,0.29301,0.0523848,0.285538,1.06149,0.29301,0
15.3905,17.9799,7.89206,0.0440389,1.45963,-0.474988,-0.693305,FGM,0.285538,0.29301,0.0523848,0.285538,1.06149,0.29301,0
15.3945,17.9799,7.89206,0.0440389,1.45963,-0.474988,-0.693305,FGM,0.285538,0.29301,0.0523848,0.285538,1.06149,0.29301,0
15.3992,17.9945,7.89203,0.0392095,1.47004,-0.473944,-0.696719,FGM,0.285538,0.29301,0.0523848,0.285538,1.06149,0.29301,0
15.4026,17.9945,7.89203,0.0392095,1.47004,-0.473944,-0.696719,FGM,0.285538,0.29301,0.0523848,0.285538,1.06149,0.29301,0
15.4066,17.9945,7.89203,0.0392095,1.47004,-0.473944,-0.696719,FGM,0.285538,0.29301,0.0523848,0.285538,1.06149,0.29301,0
15.4107,18.0093,7.89194,0.0345002,1.47997,-0.484584,-0.717168,FGM,0.285538,0.29301,0.0523848,0.285538,1.06149,0.29301,0
15.4147,18.0093,7.89194,0.0345002,1.47997,-0.484584,-0.717168,FGM,0.285538,0.29301,0.0523848,0.285538,1.06149,0.29301,0
15.4193,18.0241,7.89175,0.0295802,1.48942,-0.482472,-0.718603,FGM,0.298188,0.283784,0.0525131,0.298188,1.06149,0.283784,0
15.4225,18.0241,7.89175,0.0295802,1.48942,-0.482472,-0.718603,FGM,0.298188,0.283784,0.0525131,0.298188,1.06149,0.283784,0
15.4267,18.0241,7.89175,0.0295802,1.48942,-0.482472,-0.718603,FGM,0.298188,0.283784,0.0525131,0.298188,1.06149,0.283784,0
15.4305,18.0391,7.89151,0.0247955,1.50265,-0.491215,-0.738123,FGM,0.298188,0.283784,0.0525131,0.298188,1.06149,0.283784,0
15.4347,18.0391,7.89151,0.0247955,1.50265,-0.491215,-0.738123,FGM,0.298188,0.283784,0.0525131,0.298188,1.06149,0.283784,0
15.4393,18.0542,7.89118,0.0198116,1.51525,-0.489036,-0.741011,FGM,0.298188,0.283784,0.0525131,0.298188,1.06149,0.283784,0
15.4427,18.0542,7.89118,0.0198116,1.51525,-0.489036,-0.741011,FGM,0.298188,0.283784,0.0525131,0.298188,1.06149,0.283784,0
15.4467,18.0542,7.89118,0.0198116,1.51525,-0.489036,-0.741011,FGM,0.298188,0.283784,0.0525131,0.298188,1.06149,0.283784,0
15.4506,18.0694,7.89078,0.0149548,1.52725,-0.498895,-0.761936,FGM,0.298188,0.283784,0.0525131,0.298188,1.06149,0.283784,0
15.4549,18.0694,7.89078,0.0149548,1.52725,-0.498895,-0.761936,FGM,0.298188,0.283784,0.0525131,0.298188,1.06149,0.283784,0
15.4594,18.0847,7.8903,0.00989169,1.53868,-0.497047,-0.764796,FGM,0.298188,0.283784,0.0525131,0.298188,1.06149,0.283784,0
15.4626,18.0847,7.8903,0.00989169,1.53868,-0.497047,-0.764796,FGM,0.298188,0.283784,0.0525131,0.298188,1.06149,0.283784,0
15.4666,18.0847,7.8903,0.00989169,1.53868,-0.497047,-0.764796,FGM,0.298188,0.283784,0.0525131,0.298188,1.06149,0.283784,0
15.4707,18.1001,7.88977,0.00522208,1.54956,-0.42841,-0.663849,FGM,0.285711,0.275732,0.220048,0.285711,1.17732,0.275732,0
15.4746,18.1001,7.88977,0.00522208,1.54956,-0.42841,-0.663849,FGM,0.285711,0.275732,0.220048,0.285711,1.17732,0.275732,0
15.4795,18.1157,7.88924,0.00116469,1.56483,-0.403459,-0.631346,FGM,0.285711,0.275732,0.220048,0.285711,1.17732,0.275732,0
15.4827,18.1157,7.88924,0.00116469,1.56483,-0.403459,-0.631346,FGM,0.285711,0.275732,0.220048,0.285711,1.17732,0.275732,0
15.4867,18.1157,7.88924,0.00116469,1.56483,-0.403459,-0.631346,FGM,0.285711,0.275732,0.220048,0.285711,1.17732,0.275732,0
15.4906,18.1314,7.88866,-0.00284279,1.57938,-0.3837,-0.606008,FGM,0.285711,0.275732,0.220048,0.285711,1.17732,0.275732,0
15.4946,18.1314,7.88866,-0.00284279,1.57938,-0.3837,-0.606008,FGM,0.285711,0.275732,0.220048,0.285711,1.17732,0.275732,0
15.4996,18.1472,7.88805,-0.00659044,1.59323,-0.383191,-0.61051,FGM,0.285711,0.275732,0.220048,0.285711,1.17732,0.275732,0
15.5026,18.1472,7.88805,-0.00659044,1.59323,-0.383191,-0.61051,FGM,0.285711,0.275732,0.220048,0.285711,1.17732,0.275732,0
15.5065,18.1472,7.88805,-0.00659044,1.59323,-0.383191,-0.61051,FGM,0.285711,0.275732,0.220048,0.285711,1.17732,0.275732,0
15.5106,18.1632,7.88738,-0.0104648,1.60642,-0.375751,-0.603615,FGM,0.285711,0.275732,0.220048,0.285711,1.17732,0.275732,0
15.5147,18.1632,7.88738,-0.0104648,1.60642,-0.375751,-0.603615,FGM,0.285711,0.275732,0.220048,0.285711,1.17732,0.275732,0
15.5192,18.1793,7.88667,-0.0141672,1.61899,-0.381411,-0.617499,FGM,0,0.332645,0.243628,0,1.17732,0.332645,0
15.5227,18.1793,7.88667,-0.0141672,1.61899,-0.381411,-0.617499,FGM,0,0.332645,0.243628,0,1.17732,0.332645,0
15.5266,18.1793,7.88667,-0.0141672,1.61899,-0.381411,-0.617499,FGM,0,0.332645,0.243628,0,1.17732,0.332645,0
15.5307,18.196,7.88588,-0.0179348,1.71409,-0.365948,-0.627267,FGM,0,0.332645,0.243628,0,1.17732,0.332645,0
15.5343,18.196,7.88588,-0.0179348,1.71409,-0.365948,-0.627267,FGM,0,0.332645,0.243628,0,1.17732,0.332645,0
15.5395,18.2136,7.885,-0.0215571,1.80919,-0.370138,-0.669649,FGM,0,0.332645,0.243628,0,1.17732,0.332645,0
15.5426,18.2136,7.885,-0.0215571,1.80919,-0.370138,-0.669649,FGM,0,0.332645,0.243628,0,1.17732,0.332645,0
15.5467,18.2136,7.885,-0.0215571,1.80919,-0.370138,-0.669649,FGM,0,0.332645,0.243628,0,1.17732,0.332645,0
15.5506,18.2321,7.88402,-0.0253351,1.90069,-0.375711,-0.714108,FGM,0,0.332645,0.243628,0,1.17732,0.332645,0
15.5546,18.2321,7.88402,-0.0253351,1.90069,-0.375711,-0.714108,FGM,0,0.332645,0.243628,0,1.17732,0.332645,0
15.5591,18.2515,7.88297,-0.0289245,1.98784,-0.335471,-0.666862,FGM,0,0.332645,0.243628,0,1.17732,0.332645,0
15.5625,18.2515,7.88297,-0.0289245,1.98784,-0.335471,-0.666862,FGM,0,0.332645,0.243628,0,1.17732,0.332645,0
15.5665,18.2515,7.88297,-0.0289245,1.98784,-0.335471,-0.666862,FGM,0,0.332645,0.243628,0,1.17732,0.332645,0
15.5704,18.2718,7.88189,-0.0319321,2.07084,-0.261101,-0.540699,FRENET,0.257114,1.17732,0.257114,0.0934712,1.17732,0.403095,0
15.5744,18.2718,7.88189,-0.0319321,2.07084,-0.261101,-0.540699,FRENET,0.257114,1.17732,0.257114,0.0934712,1.17732,0.403095,0
15.5792,18.2923,7.88085,-0.034072,2.03534,-0.193791,-0.394431,FRENET,0.257114,1.17732,0.257114,0.0934712,1.17732,0.403095,0
15.5824,18.2923,7.88085,-0.034072,2.03534,-0.193791,-0.394431,FRENET,0.257114,1.17732,0.257114,0.0934712,1.17732,0.403095,0
15.5864,18.2923,7.88085,-0.034072,2.03534,-0.193791,-0.394431,FRENET,0.257114,1.17732,0.257114,0.0934712,1.17732,0.403095,0
15.5906,18.3125,7.87985,-0.0358543,2.0066,-0.147218,-0.295406,FRENET,0.257114,1.17732,0.257114,0.0934712,1.17732,0.403095,0
15.5945,18.3125,7.87985,-0.0358543,2.0066,-0.147218,-0.295406,FRENET,0.257114,1.17732,0.257114,0.0934712,1.17732,0.403095,0
15.5995,18.3324,7.87894,-0.0368105,1.98332,-0.0355187,-0.0704448,FRENET,0.257114,1.17732,0.257114,0.0934712,1.17732,0.403095,0
15.603,18.3324,7.87894,-0.0368105,1.98332,-0.0355187,-0.0704448,FRENET,0.257114,1.17732,0.257114,0.0934712,1.17732,0.403095,0
15.6068,18.3324,7.87894,-0.0368105,1.98332,-0.0355187,-0.0704448,FRENET,0.257114,1.17732,0.257114,0.0934712,1.17732,0.403095,0
15.6106,18.3521,7.87812,-0.0367758,1.96447,0.0179354,0.0352335,FRENET,0.257114,1.17732,0.257114,0.0934712,1.17732,0.403095,0
15.615,18.3521,7.87812,-0.0367758,1.96447,0.0179354,0.0352335,FRENET,0.257114,1.17732,0.257114,0.0934712,1.17732,0.403095,0
15.6193,18.3717,7.87736,-0.0364848,1.9492,0.0554251,0.108035,FRENET,0.257114,1.17732,0.257114,0.0934712,1.17732,0.403095,0
15.6226,18.3717,7.87736,-0.0364848,1.9492,0.0554251,0.108035,FRENET,0.222417,1.13435,0.222417,0.160791,1.13435,0.322734,0
15.6265,18.3717,7.87736,-0.0364848,1.9492,0.0554251,0.108035,FRENET,0.222417,1.13435,0.222417,0.160791,1.13435,0.322734,0
15.6306,18.3909,7.87671,-0.0353602,1.89495,0.177857,0.33703,FRENET,0.222417,1.13435,0.222417,0.160791,1.13435,0.322734,0
15.6346,18.3909,7.87671,-0.0353602,1.89495,0.177857,0.33703,FRENET,0.222417,1.13435,0.222417,0.160791,1.13435,0.322734,0
15.6392,18.4096,7.8762,-0.0332006,1.85102,0.226671,0.419573,FRENET,0.222417,1.13435,0.222417,0.160791,1.13435,0.322734,0
15.6425,18.4096,7.8762,-0.0332006,1.85102,0.226671,0.419573,FRENET,0.222417,1.13435,0.222417,0.160791,1.13435,0.322734,0
15.6466,18.4096,7.8762,-0.0332006,1.85102,0.226671,0.419573,FRENET,0.222417,1.13435,0.222417,0.160791,1.13435,0.322734,0
15.6506,18.4279,7.87577,-0.0308675,1.81544,0.256742,0.466101,FRENET,0.222417,1.13435,0.222417,0.160791,1.13435,0.322734,0
15.6548,18.4279,7.87577,-0.0308675,1.81544,0.256742,0.466101,FRENET,0.222417,1.13435,0.222417,0.160791,1.13435,0.322734,0
15.6595,18.4459,7.87544,-0.0281869,1.78664,0.258432,0.461723,FRENET,0.222417,1.13435,0.222417,0.160791,1.13435,0.322734,0
15.6626,18.4459,7.87544,-0.0281869,1.78664,0.258432,0.461723,FRENET,0.222417,1.13435,0.222417,0.160791,1.13435,0.322734,0
15.6666,18.4459,7.87544,-0.0281869,1.78664,0.258432,0.461723,FRENET,0.222417,1.13435,0.222417,0.160791,1.13435,0.322734,0
15.6706,18.4637,7.87517,-0.0256626,1.76331,0.265069,0.467397,FRENET,0.222417,1.13435,0.222417,0.160791,1.13435,0.322734,0
15.6745,18.4637,7.87517,-0.0256626,1.76331,0.265069,0.467397,FRENET,0.224189,1.13435,0.224189,0.0783711,1.13435,0.387688,0
15.6793,18.4814,7.87498,-0.0230027,1.76947,0.251267,0.44461,FRENET,0.224189,1.13435,0.224189,0.0783711,1.13435,0.387688,0
15.6826,18.4814,7.87498,-0.0230027,1.76947,0.251267,0.44461,FRENET,0.224189,1.13435,0.224189,0.0783711,1.13435,0.387688,0
15.6864,18.4814,7.87498,-0.0230027,1.76947,0.251267,0.44461,FRENET,0.224189,1.13435,0.224189,0.0783711,1.13435,0.387688,0
15.6906,18.4991,7.87483,-0.0205698,1.77534,0.252768,0.448751,FRENET,0.224189,1.13435,0.224189,0.0783711,1.13435,0.387688,0
15.6945,18.4991,7.87483,-0.0205698,1.77534,0.252768,0.448751,FRENET,0.224189,1.13435,0.224189,0.0783711,1.13435,0.387688,0
15.6994,18.5169,7.87476,-0.0179908,1.78094,0.246435,0.438886,FRENET,0.224189,1.13435,0.224189,0.0783711,1.13435,0.387688,0
15.7025,18.5169,7.87476,-0.0179908,1.78094,0.246435,0.438886,FRENET,0.224189,1.13435,0.224189,0.0783711,1.13435,0.387688,0
15.7064,18.5169,7.87476,-0.0179908,1.78094,0.246435,0.438886,FRENET,0.224189,1.13435,0.224189,0.0783711,1.13435,0.387688,0
15.7104,18.5347,7.87469,-0.0158663,1.78627,0.16936,0.302522,FRENET,0.224189,1.13435,0.224189,0.0783711,1.13435,0.387688,0
15.7145,18.5347,7.87469,-0.0158663,1.78627,0.16936,0.302522,FRENET,0.224189,1.13435,0.224189,0.0783711,1.13435,0.387688,0
15.7192,18.5526,7.8746,-0.0144478,1.79134,0.135444,0.242627,FRENET,0.224189,1.13435,0.224189,0.0783711,1.13435,0.387688,0
15.7225,18.5526,7.8746,-0.0144478,1.79134,0.135444,0.242627,FRENET,0.224189,1.13435,0.224189,0.0783711,1.13435,0.387688,0
15.7265,18.5526,7.8746,-0.0144478,1.79134,0.135444,0.242627,FRENET,0.235495,1.13435,0.235495,0.269914,1.13435,0.268201,0
15.7306,18.5705,7.87452,-0.0131522,1.79617,0.109012,0.195804,FRENET,0.235495,1.13435,0.235495,0.269914,1.13435,0.268201,0
15.7345,18.5705,7.87452,-0.0131522,1.79617,0.109012,0.195804,FRENET,0.235495,1.13435,0.235495,0.269914,1.13435,0.268201,0
15.7392,18.5885,7.87443,-0.0121857,1.80078,0.102452,0.184493,FRENET,0.235495,1.13435,0.235495,0.269914,1.13435,0.268201,0
15.7424,18.5885,7.87443,-0.0121857,1.80078,0.102452,0.184493,FRENET,0.235495,1.13435,0.235495,0.269914,1.13435,0.268201,0
15.7468,18.5885,7.87443,-0.0121857,1.80078,0.102452,0.184493,FRENET,0.235495,1.13435,0.235495,0.269914,1.13435,0.268201,0
15.7505,18.6065,7.87435,-0.0111375,1.80516,0.0909097,0.164107,FRENET,0.235495,1.13435,0.235495,0.269914,1.13435,0.268201,0
15.7549,18.6065,7.87435,-0.0111375,1.80516,0.0909097,0.164107,FRENET,0.235495,1.13435,0.235495,0.269914,1.13435,0.268201,0
15.7599,18.6246,7.87427,-0.0103073,1.80934,0.0924712,0.167312,FRENET,0.235495,1.13435,0.235495,0.269914,1.13435,0.268201,0
15.7624,18.6246,7.87427,-0.0103073,1.80934,0.0924712,0.167312,FRENET,0.235495,1.13435,0.235495,0.269914,1.13435,0.268201,0
15.7666,18.6246,7.87427,-0.0103073,1.80934,0.0924712,0.167312,FRENET,0.235495,1.13435,0.235495,0.269914,1.13435,0.268201,0
15.7707,18.6427,7.87421,-0.00933395,1.81332,0.085421,0.154895,FRENET,0.235495,1.13435,0.235495,0.269914,1.13435,0.268201,0
15.7747,18.6427,7.87421,-0.00933395,1.81332,0.085421,0.154895,FRENET,0.235495,1.13435,0.235495,0.269914,1.13435,0.268201,0
15.7795,18.6609,7.87415,-0.00854509,1.8171,0.0894572,0.162553,FRENET,0,1.05701,0,0.0584264,1.05701,0.371774,0
15.7827,18.6609,7.87415,-0.00854509,1.8171,0.0894572,0.162553,FRENET,0,1.05701,0,0.0584264,1.05701,0.371774,0
15.7865,18.6609,7.87415,-0.00854509,1.8171,0.0894572,0.162553,FRENET,0,1.05701,0,0.0584264,1.05701,0.371774,0
15.7906,18.6786,7.87412,-0.0075402,1.722,0.0856823,0.147545,FRENET,0,1.05701,0,0.0584264,1.05701,0.371774,0
15.7945,18.6786,7.87412,-0.0075402,1.722,0.0856823,0.147545,FRENET,0,1.05701,0,0.0584264,1.05701,0.371774,0
15.7994,18.6953,7.87409,-0.00675524,1.6269,0.0957371,0.155755,FRENET,0,1.05701,0,0.0584264,1.05701,0.371774,0
15.8025,18.6953,7.87409,-0.00675524,1.6269,0.0957371,0.155755,FRENET,0,1.05701,0,0.0584264,1.05701,0.371774,0
15.8066,18.6953,7.87409,-0.00675524,1.6269,0.0957371,0.155755,FRENET,0,1.05701,0,0.0584264,1.05701,0.371774,0
15.8105,18.7111,7.87408,-0.00572898,1.5318,0.0839499,0.128595,FRENET,0,1.05701,0,0.0584264,1.05701,0.371774,0
15.8145,18.7111,7.87408,-0.00572898,1.5318,0.0839499,0.128595,FRENET,0,1.05701,0,0.0584264,1.05701,0.371774,0
15.8194,18.726,7.87404,-0.00535856,1.4367,-0.0205869,-0.0295773,FRENET,0,1.05701,0,0.0584264,1.05701,0.371774,0
15.8225,18.726,7.87404,-0.00535856,1.4367,-0.0205869,-0.0295773,FRENET,0,1.05701,0,0.0584264,1.05701,0.371774,0
15.8265,18.726,7.87404,-0.00535856,1.4367,-0.0205869,-0.0295773,FRENET,0,1.05701,0,0.0584264,1.05701,0.371774,0
15.8306,18.7398,7.8739,-0.0062364,1.3416,-0.157737,-0.211621,FRENET,0,1.05701,0,0.26569,1.05701,0.290045,0
15.8346,18.7398,7.8739,-0.0062364,1.3416,-0.157737,-0.211621,FRENET,0,1.05701,0,0.26569,1.05701,0.290045,0
15.8395,18.7528,7.87365,-0.00812961,1.25686,-0.185914,-0.233669,FRENET,0,1.05701,0,0.26569,1.05701,0.290045,0
15.8427,18.7528,7.87365,-0.00812961,1.25686,-0.185914,-0.233669,FRENET,0,1.05701,0,0.26569,1.05701,0.290045,0
15.8466,18.7528,7.87365,-0.00812961,1.25686,-0.185914,-0.233669,FRENET,0,1.05701,0,0.26569,1.05701,0.290045,0
15.8507,18.7651,7.87338,-0.00995966,1.18824,-0.20086,-0.23867,FRENET,0,1.05701,0,0.26569,1.05701,0.290045,0
15.8546,18.7651,7.87338,-0.00995966,1.18824,-0.20086,-0.23867,FRENET,0,1.05701,0,0.26569,1.05701,0.290045,0
15.8594,18.7767,7.87306,-0.0119804,1.13267,-0.179714,-0.203557,FRENET,0,1.05701,0,0.26569,1.05701,0.290045,0
15.8627,18.7767,7.87306,-0.0119804,1.13267,-0.179714,-0.203557,FRENET,0,1.05701,0,0.26569,1.05701,0.290045,0
15.8666,18.7767,7.87306,-0.0119804,1.13267,-0.179714,-0.203557,FRENET,0,1.05701,0,0.26569,1.05701,0.290045,0
15.8705,18.7878,7.87273,-0.0136653,1.08767,-0.180216,-0.196016,FRENET,0,1.05701,0,0.26569,1.05701,0.290045,0
15.8748,18.7878,7.87273,-0.0136653,1.08767,-0.180216,-0.196016,FRENET,0,1.05701,0,0.26569,1.05701,0.290045,0
15.8799,18.7984,7.87237,-0.0154641,1.05123,-0.158389,-0.166504,FGM,0.267431,0.285952,0,0.267431,1.05701,0.285952,0
15.8826,18.7984,7.87237,-0.0154641,1.05123,-0.158389,-0.166504,FGM,0.267431,0.285952,0,0.267431,1.05701,0.285952,0
15.8866,18.7984,7.87237,-0.0154641,1.05123,-0.158389,-0.166504,FGM,0.267431,0.285952,0,0.267431,1.05701,0.285952,0
15.8908,18.8091,7.87199,-0.0169452,1.08601,-0.157115,-0.170628,FGM,0.267431,0.285952,0,0.267431,1.05701,0.285952,0
15.8947,18.8091,7.87199,-0.0169452,1.08601,-0.157115,-0.170628,FGM,0.267431,0.285952,0,0.267431,1.05701,0.285952,0
15.8996,18.8201,7.87156,-0.0185555,1.11913,-0.150282,-0.168185,FGM,0.267431,0.285952,0,0.267431,1.05701,0.285952,0
15.9025,18.8201,7.87156,-0.0185555,1.11913,-0.150282,-0.168185,FGM,0.267431,0.285952,0,0.267431,1.05701,0.285952,0
15.9067,18.8201,7.87156,-0.0185555,1.11913,-0.150282,-0.168185,FGM,0.267431,0.285952,0,0.267431,1.05701,0.285952,0
15.9106,18.8315,7.87111,-0.0200321,1.15068,-0.161045,-0.18531,FGM,0.267431,0.285952,0,0.267431,1.05701,0.285952,0
15.9146,18.8315,7.87111,-0.0200321,1.15068,-0.161045,-0.18531,FGM,0.267431,0.285952,0,0.267431,1.05701,0.285952,0
15.9194,18.8431,7.8706,-0.0219347,1.18072,-0.226302,-0.2672,FGM,0.267431,0.285952,0,0.267431,1.05701,0.285952,0
15.9227,18.8431,7.8706,-0.0219347,1.18072,-0.226302,-0.2672,FGM,0.267431,0.285952,0,0.267431,1.05701,0.285952,0
15.9267,18.8431,7.8706,-0.0219347,1.18072,-0.226302,-0.2672,FGM,0.267431,0.285952,0,0.267431,1.05701,0.285952,0
15.9306,18.8551,7.86999,-0.0244065,1.20934,-0.2487,-0.300763,FGM,0.0490622,0.370601,0,0.0490622,1.18357,0.370601,0
15.9348,18.8551,7.86999,-0.0244065,1.20934,-0.2487,-0.300763,FGM,0.0490622,0.370601,0,0.0490622,1.18357,0.370601,0
15.9394,18.8676,7.86929,-0.0268856,1.30444,-0.260647,-0.339998,FGM,0.0490622,0.370601,0,0.0490622,1.18357,0.370601,0
15.9427,18.8676,7.86929,-0.0268856,1.30444,-0.260647,-0.339998,FGM,0.0490622,0.370601,0,0.0490622,1.18357,0.370601,0
15.9468,18.8676,7.86929,-0.0268856,1.30444,-0.260647,-0.339998,FGM,0.0490622,0.370601,0,0.0490622,1.18357,0.370601,0
15.9506,18.8811,7.8685,-0.0296001,1.39954,-0.272794,-0.381786,FGM,0.0490622,0.370601,0,0.0490622,1.18357,0.370601,0
15.9546,18.8811,7.8685,-0.0296001,1.39954,-0.272794,-0.381786,FGM,0.0490622,0.370601,0,0.0490622,1.18357,0.370601,0
15.9593,18.8955,7.86763,-0.0322155,1.49464,-0.244595,-0.365582,FGM,0.0490622,0.370601,0,0.0490622,1.18357,0.370601,0
15.9626,18.8955,7.86763,-0.0322155,1.49464,-0.244595,-0.365582,FGM,0.0490622,0.370601,0,0.0490622,1.18357,0.370601,0
15.9665,18.8955,7.86763,-0.0322155,1.49464,-0.244595,-0.365582,FGM,0.0490622,0.370601,0,0.0490622,1.18357,0.370601,0
15.9706,18.9109,7.86673,-0.0344049,1.58974,-0.189126,-0.300661,FGM,0.0490622,0.370601,0,0.0490622,1.18357,0.370601,0
15.9747,18.9109,7.86673,-0.0344049,1.58974,-0.189126,-0.300661,FGM,0.0490622,0.370601,0,0.0490622,1.18357,0.370601,0
15.9792,18.9273,7.86585,-0.03593,1.68484,-0.112477,-0.189505,FGM,0.0490622,0.370601,0,0.0490622,1.18357,0.370601,0
15.9827,18.9273,7.86585,-0.03593,1.68484,-0.112477,-0.189505,FGM,0.0417219,0.362154,0,0.0417219,1.18357,0.362154,0
15.9866,18.9273,7.86585,-0.03593,1.68484,-0.112477,-0.189505,FGM,0.0417219,0.362154,0,0.0417219,1.18357,0.362154,0
15.9907,18.9446,7.865,-0.0367584,1.77668,-0.0669579,-0.118963,FGM,0.0417219,0.362154,0,0.0417219,1.18357,0.362154,0
15.9946,18.9446,7.865,-0.0367584,1.77668,-0.0669579,-0.118963,FGM,0.0417219,0.362154,0,0.0417219,1.18357,0.362154,0
15.9994,18.9628,7.86417,-0.037282,1.86415,-0.0292828,-0.0545875,FGM,0.0417219,0.362154,0,0.0417219,1.18357,0.362154,0
16.0028,18.9628,7.86417,-0.037282,1.86415,-0.0292828,-0.0545875,FGM,0.0417219,0.362154,0,0.0417219,1.18357,0.362154,0
16.0066,18.9628,7.86417,-0.037282,1.86415,-0.0292828,-0.0545875,FGM,0.0417219,0.362154,0,0.0417219,1.18357,0.362154,0
16.0106,18.9818,7.86336,-0.0373946,1.94746,-0.00552484,-0.0107594,FGM,0.0417219,0.362154,0,0.0417219,1.18357,0.362154,0
16.0145,18.9818,7.86336,-0.0373946,1.94746,-0.00552484,-0.0107594,FGM,0.0417219,0.362154,0,0.0417219,1.18357,0.362154,0
16.0193,19.0017,7.86256,-0.0373835,2.02681,0.0178778,0.0362349,FGM,0.0417219,0.362154,0,0.0417219,1.18357,0.362154,0
16.0224,19.0017,7.86256,-0.0373835,2.02681,0.0178778,0.0362349,FGM,0.0417219,0.362154,0,0.0417219,1.18357,0.362154,0
16.0265,19.0017,7.86256,-0.0373835,2.02681,0.0178778,0.0362349,FGM,0.0417219,0.362154,0,0.0417219,1.18357,0.362154,0
16.0305,19.0223,7.86177,-0.0370746,2.10239,0.0316954,0.0666361,FGM,0.0417219,0.362154,0,0.0417219,1.18357,0.362154,0
16.0346,19.0223,7.86177,-0.0370746,2.10239,0.0316954,0.0666361,FGM,0.0726011,0.383063,0,0.0726011,1.18357,0.383063,0
16.0393,19.0436,7.86099,-0.036731,2.17126,0.0482741,0.104816,FGM,0.0726011,0.383063,0,0.0726011,1.18357,0.383063,0
16.0426,19.0436,7.86099,-0.036731,2.17126,0.0482741,0.104816,FGM,0.0726011,0.383063,0,0.0726011,1.18357,0.383063,0
16.0466,19.0436,7.86099,-0.036731,2.17126,0.0482741,0.104816,FGM,0.0726011,0.383063,0,0.0726011,1.18357,0.383063,0
16.0506,19.0657,7.86022,-0.0361431,2.23686,0.0566513,0.126721,FGM,0.0726011,0.383063,0,0.0726011,1.18357,0.383063,0
16.0545,19.0657,7.86022,-0.0361431,2.23686,0.0566513,0.126721,FGM,0.0726011,0.383063,0,0.0726011,1.18357,0.383063,0
16.0593,19.0883,7.85944,-0.035578,2.29933,0.0683539,0.157168,FGM,0.0726011,0.383063,0,0.0726011,1.18357,0.383063,0
16.0626,19.0883,7.85944,-0.035578,2.29933,0.0683539,0.157168,FGM,0.0726011,0.383063,0,0.0726011,1.18357,0.383063,0
16.0666,19.0883,7.85944,-0.035578,2.29933,0.0683539,0.157168,FGM,0.0726011,0.383063,0,0.0726011,1.18357,0.383063,0
16.0707,19.1116,7.85869,-0.0348062,2.35884,0.0730801,0.172384,FGM,0.0726011,0.383063,0,0.0726011,1.18357,0.383063,0
16.0747,19.1116,7.85869,-0.0348062,2.35884,0.0730801,0.172384,FGM,0.0726011,0.383063,0,0.0726011,1.18357,0.383063,0
16.0794,19.1355,7.85792,-0.0340939,2.41551,0.0819286,0.1979,FGM,0.0726011,0.383063,0,0.0726011,1.18357,0.383063,0
16.0828,19.1355,7.85792,-0.0340939,2.41551,0.0819286,0.1979,FGM,0.0726011,0.383063,0,0.0726011,1.18357,0.383063,0
16.0867,19.1355,7.85792,-0.0340939,2.41551,0.0819286,0.1979,FGM,0.0826765,0.401368,0,0.0826765,1.18357,0.401368,0
16.0907,19.1599,7.85718,-0.0331959,2.4695,0.0844701,0.208599,FGM,0.0826765,0.401368,0,0.0826765,1.18357,0.401368,0
16.0947,19.1599,7.85718,-0.0331959,2.4695,0.0844701,0.208599,FGM,0.0826765,0.401368,0,0.0826765,1.18357,0.401368,0
16.0994,19.1848,7.85644,-0.0323798,2.51854,0.0918919,0.231433,FGM,0.0826765,0.401368,0,0.0826765,1.18357,0.401368,0
16.1027,19.1848,7.85644,-0.0323798,2.51854,0.0918919,0.231433,FGM,0.0826765,0.401368,0,0.0826765,1.18357,0.401368,0
16.1065,19.1848,7.85644,-0.0323798,2.51854,0.0918919,0.231433,FGM,0.0826765,0.401368,0,0.0826765,1.18357,0.401368,0
16.1108,19.2102,7.85571,-0.031386,2.56524,0.0931644,0.238989,FGM,0.0826765,0.401368,0,0.0826765,1.18357,0.401368,0
16.1149,19.2102,7.85571,-0.031386,2.56524,0.0931644,0.238989,FGM,0.0826765,0.401368,0,0.0826765,1.18357,0.401368,0
16.1196,19.2361,7.85499,-0.0304917,2.60973,0.099268,0.259063,FGM,0.0826765,0.401368,0,0.0826765,1.18357,0.401368,0
16.123,19.2361,7.85499,-0.0304917,2.60973,0.099268,0.259063,FGM,0.0826765,0.401368,0,0.0826765,1.18357,0.401368,0
16.1268,19.2361,7.85499,-0.0304917,2.60973,0.099268,0.259063,FGM,0.0826765,0.401368,0,0.0826765,1.18357,0.401368,0
16.1307,19.2624,7.85429,-0.0294277,2.6521,0.099556,0.264033,FGM,0.0826765,0.401368,0,0.0826765,1.18357,0.401368,0
16.1345,19.2624,7.85429,-0.0294277,2.6521,0.099556,0.264033,FGM,0.0826765,0.401368,0,0.0826765,1.18357,0.401368,0
16.1395,19.2891,7.85359,-0.028475,2.69246,0.10488,0.282386,FGM,0.095268,0.424191,0.245913,0.095268,1.42988,0.424191,0
16.1425,19.2891,7.85359,-0.028475,2.69246,0.10488,0.282386,FGM,0.095268,0.424191,0.245913,0.095268,1.42988,0.424191,0
16.1466,19.2891,7.85359,-0.028475,2.69246,0.10488,0.282386,FGM,0.095268,0.424191,0.245913,0.095268,1.42988,0.424191,0
16.1507,19.3162,7.85292,-0.0273523,2.72644,0.105048,0.286408,FGM,0.095268,0.424191,0.245913,0.095268,1.42988,0.424191,0
16.1547,19.3162,7.85292,-0.0273523,2.72644,0.105048,0.286408,FGM,0.095268,0.424191,0.245913,0.095268,1.42988,0.424191,0
16.1594,19.3436,7.85226,-0.0263481,2.75881,0.110271,0.304215,FGM,0.095268,0.424191,0.245913,0.095268,1.42988,0.424191,0
16.1628,19.3436,7.85226,-0.0263481,2.75881,0.110271,0.304215,FGM,0.095268,0.424191,0.245913,0.095268,1.42988,0.424191,0
16.1667,19.3436,7.85226,-0.0263481,2.75881,0.110271,0.304215,FGM,0.095268,0.424191,0.245913,0.095268,1.42988,0.424191,0
16.1707,19.3713,7.85163,-0.0251746,2.78963,0.10963,0.305828,FGM,0.095268,0.424191,0.245913,0.095268,1.42988,0.424191,0
16.1747,19.3713,7.85163,-0.0251746,2.78963,0.10963,0.305828,FGM,0.095268,0.424191,0.245913,0.095268,1.42988,0.424191,0
16.1793,19.3994,7.85101,-0.0241288,2.81899,0.11426,0.322098,FGM,0.095268,0.424191,0.245913,0.095268,1.42988,0.424191,0
16.1825,19.3994,7.85101,-0.0241288,2.81899,0.11426,0.322098,FGM,0.095268,0.424191,0.245913,0.095268,1.42988,0.424191,0
16.1866,19.3994,7.85101,-0.0241288,2.81899,0.11426,0.322098,FRENET,0.25217,1.42988,0.25217,0.10615,1.42988,0.451152,0
16.1907,19.4277,7.85042,-0.0229166,2.84696,0.113195,0.322261,FRENET,0.25217,1.42988,0.25217,0.10615,1.42988,0.451152,0
16.1947,19.4277,7.85042,-0.0229166,2.84696,0.113195,0.322261,FRENET,0.25217,1.42988,0.25217,0.10615,1.42988,0.451152,0
16.1995,19.4557,7.84985,-0.0217809,2.75186,0.136841,0.376568,FRENET,0.25217,1.42988,0.25217,0.10615,1.42988,0.451152,0
16.2028,19.4557,7.84985,-0.0217809,2.75186,0.136841,0.376568,FRENET,0.25217,1.42988,0.25217,0.10615,1.42988,0.451152,0
16.2065,19.4557,7.84985,-0.0217809,2.75186,0.136841,0.376568,FRENET,0.25217,1.42988,0.25217,0.10615,1.42988,0.451152,0
16.2107,19.4827,7.84935,-0.0202572,2.65676,0.142642,0.378966,FRENET,0.25217,1.42988,0.25217,0.10615,1.42988,0.451152,0
16.2147,19.4827,7.84935,-0.0202572,2.65676,0.142642,0.378966,FRENET,0.25217,1.42988,0.25217,0.10615,1.42988,0.451152,0
16.2194,19.5088,7.84888,-0.0188863,2.56166,0.15515,0.397442,FRENET,0.25217,1.42988,0.25217,0.10615,1.42988,0.451152,0
16.2224,19.5088,7.84888,-0.0188863,2.56166,0.15515,0.397442,FRENET,0.25217,1.42988,0.25217,0.10615,1.42988,0.451152,0
16.2266,19.5088,7.84888,-0.0188863,2.56166,0.15515,0.397442,FRENET,0.25217,1.42988,0.25217,0.10615,1.42988,0.451152,0
16.2305,19.534,7.84848,-0.0172292,2.4702,0.151748,0.374847,FRENET,0.25217,1.42988,0.25217,0.10615,1.42988,0.451152,0
16.2345,19.534,7.84848,-0.0172292,2.4702,0.151748,0.374847,FRENET,0.25217,1.42988,0.25217,0.10615,1.42988,0.451152,0
16.2393,19.5583,7.8481,-0.0158105,2.39613,0.154678,0.370629,FRENET,0.231917,1.42988,0.231917,0.10689,1.42988,0.432524,0
16.2425,19.5583,7.8481,-0.0158105,2.39613,0.154678,0.370629,FRENET,0.231917,1.42988,0.231917,0.10689,1.42988,0.432524,0
16.2467,19.5583,7.8481,-0.0158105,2.39613,0.154678,0.370629,FRENET,0.231917,1.42988,0.231917,0.10689,1.42988,0.432524,0
16.2505,19.582,7.84778,-0.0142128,2.33616,0.143348,0.334884,FRENET,0.231917,1.42988,0.231917,0.10689,1.42988,0.432524,0
16.2547,19.582,7.84778,-0.0142128,2.33616,0.143348,0.334884,FRENET,0.231917,1.42988,0.231917,0.10689,1.42988,0.432524,0
16.2594,19.6051,7.84748,-0.0128936,2.28759,0.141627,0.323983,FRENET,0.231917,1.42988,0.231917,0.10689,1.42988,0.432524,0
16.2626,19.6051,7.84748,-0.0128936,2.28759,0.141627,0.323983,FRENET,0.231917,1.42988,0.231917,0.10689,1.42988,0.432524,0
16.2665,19.6051,7.84748,-0.0128936,2.28759,0.141627,0.323983,FRENET,0.231917,1.42988,0.231917,0.10689,1.42988,0.432524,0
16.2708,19.6278,7.84725,-0.0114403,2.24826,0.129288,0.290673,FRENET,0.231917,1.42988,0.231917,0.10689,1.42988,0.432524,0
16.2746,19.6278,7.84725,-0.0114403,2.24826,0.129288,0.290673,FRENET,0.231917,1.42988,0.231917,0.10689,1.42988,0.432524,0
16.2793,19.6501,7.84703,-0.010255,2.21641,0.127726,0.283093,FRENET,0.231917,1.42988,0.231917,0.10689,1.42988,0.432524,0
16.2828,19.6501,7.84703,-0.010255,2.21641,0.127726,0.283093,FRENET,0.231917,1.42988,0.231917,0.10689,1.42988,0.432524,0
16.2866,19.6501,7.84703,-0.010255,2.21641,0.127726,0.283093,FRENET,0.231917,1.42988,0.231917,0.10689,1.42988,0.432524,0
16.2907,19.6721,7.84687,-0.00893752,2.19061,0.117027,0.256361,FRENET,0.108768,1.05402,0.108768,0.0921677,1.05402,0.410397,0
16.2947,19.6721,7.84687,-0.00893752,2.19061,0.117027,0.256361,FRENET,0.108768,1.05402,0.108768,0.0921677,1.05402,0.410397,0
16.2996,19.6935,7.84672,-0.00782112,2.09551,0.129779,0.271953,FRENET,0.108768,1.05402,0.108768,0.0921677,1.05402,0.410397,0
16.3025,19.6935,7.84672,-0.00782112,2.09551,0.129779,0.271953,FRENET,0.108768,1.05402,0.108768,0.0921677,1.05402,0.410397,0
16.3068,19.6935,7.84672,-0.00782112,2.09551,0.129779,0.271953,FRENET,0.108768,1.05402,0.108768,0.0921677,1.05402,0.410397,0
16.3107,19.714,7.84663,-0.00642977,2.00041,0.123262,0.246575,FRENET,0.108768,1.05402,0.108768,0.0921677,1.05402,0.410397,0
16.3145,19.714,7.84663,-0.00642977,2.00041,0.123262,0.246575,FRENET,0.108768,1.05402,0.108768,0.0921677,1.05402,0.410397,0
16.3194,19.7336,7.84655,-0.00528887,1.90531,0.129166,0.246102,FRENET,0.108768,1.05402,0.108768,0.0921677,1.05402,0.410397,0
16.3226,19.7336,7.84655,-0.00528887,1.90531,0.129166,0.246102,FRENET,0.108768,1.05402,0.108768,0.0921677,1.05402,0.410397,0
16.3267,19.7336,7.84655,-0.00528887,1.90531,0.129166,0.246102,FRENET,0.108768,1.05402,0.108768,0.0921677,1.05402,0.410397,0
16.3307,19.7521,7.84655,-0.00353421,1.81021,0.23383,0.423282,FRENET,0.108768,1.05402,0.108768,0.0921677,1.05402,0.410397,0
16.3346,19.7521,7.84655,-0.00353421,1.81021,0.23383,0.423282,FRENET,0.108768,1.05402,0.108768,0.0921677,1.05402,0.410397,0
16.3393,19.7698,7.8467,-0.000471732,1.71511,0.383459,0.657675,FRENET,0.108768,1.05402,0.108768,0.0921677,1.05402,0.410397,0
16.3425,19.7698,7.8467,-0.000471732,1.71511,0.383459,0.657675,FRENET,0.107639,1.05402,0.107639,0.0930029,1.05402,0.402735,0
16.3467,19.7698,7.8467,-0.000471732,1.71511,0.383459,0.657675,FRENET,0.107639,1.05402,0.107639,0.0930029,1.05402,0.402735,0
16.3506,19.7864,7.847,0.00378468,1.62001,0.431822,0.699558,FRENET,0.107639,1.05402,0.107639,0.0930029,1.05402,0.402735,0
16.3547,19.7864,7.847,0.00378468,1.62001,0.431822,0.699558,FRENET,0.107639,1.05402,0.107639,0.0930029,1.05402,0.402735,0
16.3595,19.8022,7.84734,0.00771764,1.53726,0.339389,0.52173,FRENET,0.107639,1.05402,0.107639,0.0930029,1.05402,0.402735,0
16.3627,19.8022,7.84734,0.00771764,1.53726,0.339389,0.52173,FRENET,0.107639,1.05402,0.107639,0.0930029,1.05402,0.402735,0
16.3667,19.8022,7.84734,0.00771764,1.53726,0.339389,0.52173,FRENET,0.107639,1.05402,0.107639,0.0930029,1.05402,0.402735,0
16.3705,19.8172,7.84769,0.0107555,1.47025,0.296347,0.435704,FRENET,0.107639,1.05402,0.107639,0.0930029,1.05402,0.402735,0
16.3745,19.8172,7.84769,0.0107555,1.47025,0.296347,0.435704,FRENET,0.107639,1.05402,0.107639,0.0930029,1.05402,0.402735,0
16.3793,19.8317,7.84808,0.013593,1.41598,0.252407,0.357404,FRENET,0.107639,1.05402,0.107639,0.0930029,1.05402,0.402735,0
16.3826,19.8317,7.84808,0.013593,1.41598,0.252407,0.357404,FRENET,0.107639,1.05402,0.107639,0.0930029,1.05402,0.402735,0
16.3865,19.8317,7.84808,0.013593,1.41598,0.252407,0.357404,FRENET,0.107639,1.05402,0.107639,0.0930029,1.05402,0.402735,0
16.3906,19.8456,7.84849,0.0159249,1.37204,0.237504,0.325864,FRENET,0.107639,1.05402,0.107639,0.0930029,1.05402,0.402735,0
16.3948,19.8456,7.84849,0.0159249,1.37204,0.237504,0.325864,FRENET,0.193855,1.32274,0.193855,0.21208,1.32274,0.271826,0
16.3993,19.8594,7.84896,0.0182065,1.38723,0.206673,0.286703,FRENET,0.193855,1.32274,0.193855,0.21208,1.32274,0.271826,0
16.4026,19.8594,7.84896,0.0182065,1.38723,0.206673,0.286703,FRENET,0.193855,1.32274,0.193855,0.21208,1.32274,0.271826,0
16.4068,19.8594,7.84896,0.0182065,1.38723,0.206673,0.286703,FRENET,0.193855,1.32274,0.193855,0.21208,1.32274,0.271826,0
16.411,19.8733,7.84946,0.0201694,1.4017,0.204291,0.286355,FRENET,0.193855,1.32274,0.193855,0.21208,1.32274,0.271826,0
16.4148,19.8733,7.84946,0.0201694,1.4017,0.204291,0.286355,FRENET,0.193855,1.32274,0.193855,0.21208,1.32274,0.271826,0
16.4196,19.8874,7.85004,0.0225065,1.41548,0.271769,0.384685,FRENET,0.193855,1.32274,0.193855,0.21208,1.32274,0.271826,0
16.4227,19.8874,7.85004,0.0225065,1.41548,0.271769,0.384685,FRENET,0.193855,1.32274,0.193855,0.21208,1.32274,0.271826,0
16.4267,19.8874,7.85004,0.0225065,1.41548,0.271769,0.384685,FRENET,0.193855,1.32274,0.193855,0.21208,1.32274,0.271826,0
16.4308,19.9016,7.85074,0.0254515,1.42861,0.296892,0.424143,FRENET,0.193855,1.32274,0.193855,0.21208,1.32274,0.271826,0
16.4345,19.9016,7.85074,0.0254515,1.42861,0.296892,0.424143,FRENET,0.193855,1.32274,0.193855,0.21208,1.32274,0.271826,0
16.4395,19.9159,7.8515,0.0284641,1.44111,0.320487,0.461857,FRENET,0.193855,1.32274,0.193855,0.21208,1.32274,0.271826,0
16.4428,19.9159,7.8515,0.0284641,1.44111,0.320487,0.461857,FRENET,0.188356,1.32274,0.188356,0.0789924,1.32274,0.381719,0
16.4466,19.9159,7.8515,0.0284641,1.44111,0.320487,0.461857,FRENET,0.188356,1.32274,0.188356,0.0789924,1.32274,0.381719,0
16.4507,19.9304,7.85236,0.0317783,1.45302,0.324755,0.471876,FRENET,0.188356,1.32274,0.188356,0.0789924,1.32274,0.381719,0
16.4547,19.9304,7.85236,0.0317783,1.45302,0.324755,0.471876,FRENET,0.188356,1.32274,0.188356,0.0789924,1.32274,0.381719,0
16.4593,19.9449,7.85327,0.0350104,1.46436,0.337895,0.4948,FRENET,0.188356,1.32274,0.188356,0.0789924,1.32274,0.381719,0
16.4625,19.9449,7.85327,0.0350104,1.46436,0.337895,0.4948,FRENET,0.188356,1.32274,0.188356,0.0789924,1.32274,0.381719,0
16.4667,19.9449,7.85327,0.0350104,1.46436,0.337895,0.4948,FRENET,0.188356,1.32274,0.188356,0.0789924,1.32274,0.381719,0
16.4706,19.9596,7.85426,0.0384692,1.47516,0.336832,0.496883,FRENET,0.188356,1.32274,0.188356,0.0789924,1.32274,0.381719,0
16.4748,19.9596,7.85426,0.0384692,1.47516,0.336832,0.496883,FRENET,0.188356,1.32274,0.188356,0.0789924,1.32274,0.381719,0
16.4797,19.9744,7.85531,0.0418051,1.48545,0.346947,0.515373,FRENET,0.188356,1.32274,0.188356,0.0789924,1.32274,0.381719,0
16.4825,19.9744,7.85531,0.0418051,1.48545,0.346947,0.515373,FRENET,0.188356,1.32274,0.188356,0.0789924,1.32274,0.381719,0
16.4866,19.9744,7.85531,0.0418051,1.48545,0.346947,0.515373,FRENET,0.188356,1.32274,0.188356,0.0789924,1.32274,0.381719,0
16.4907,19.9892,7.85642,0.0453454,1.49525,0.344207,0.514677,FRENET,0.188356,1.32274,0.188356,0.0789924,1.32274,0.381719,0
16.4947,19.9892,7.85642,0.0453454,1.49525,0.344207,0.514677,FRENET,0.174519,1.32274,0.174519,0,1.32274,0.283513,0
16.4996,20.0042,7.85759,0.0487487,1.50459,0.353181,0.531392,FRENET,0.174519,1.32274,0.174519,0,1.32274,0.283513,0
16.5027,20.0042,7.85759,0.0487487,1.50459,0.353181,0.531392,FRENET,0.174519,1.32274,0.174519,0,1.32274,0.283513,0
16.5066,20.0042,7.85759,0.0487487,1.50459,0.353181,0.531392,FRENET,0.174519,1.32274,0.174519,0,1.32274,0.283513,0
16.5107,20.0192,7.85883,0.052348,1.51348,0.349761,0.529356,FRENET,0.174519,1.32274,0.174519,0,1.32274,0.283513,0
16.5146,20.0192,7.85883,0.052348,1.51348,0.349761,0.529356,FRENET,0.174519,1.32274,0.174519,0,1.32274,0.283513,0
16.5193,20.0344,7.8601,0.0556695,1.52194,0.318727,0.485084,FRENET,0.174519,1.32274,0.174519,0,1.32274,0.283513,0
16.5225,20.0344,7.8601,0.0556695,1.52194,0.318727,0.485084,FRENET,0.174519,1.32274,0.174519,0,1.32274,0.283513,0
16.5266,20.0344,7.8601,0.0556695,1.52194,0.318727,0.485084,FRENET,0.174519,1.32274,0.174519,0,1.32274,0.283513,0
16.5307,20.0496,7.86139,0.0586391,1.53001,0.264549,0.404763,FRENET,0.174519,1.32274,0.174519,0,1.32274,0.283513,0
16.5346,20.0496,7.86139,0.0586391,1.53001,0.264549,0.404763,FRENET,0.174519,1.32274,0.174519,0,1.32274,0.283513,0
16.5394,20.0648,7.86268,0.0610965,1.53769,0.246892,0.379644,FRENET,0.174519,1.32274,0.174519,0,1.32274,0.283513,0
16.5426,20.0648,7.86268,0.0610965,1.53769,0.246892,0.379644,FRENET,0.174519,1.32274,0.174519,0,1.32274,0.283513,0
16.5468,20.0648,7.86268,0.0610965,1.53769,0.246892,0.379644,FRENET,0.121986,2.28753,0.121986,0.119037,2.28753,0.411712,0
16.5506,20.0802,7.86399,0.063555,1.54501,0.229355,0.354354,FRENET,0.121986,2.28753,0.121986,0.119037,2.28753,0.411712,0
16.5546,20.0802,7.86399,0.063555,1.54501,0.229355,0.354354,FRENET,0.121986,2.28753,0.121986,0.119037,2.28753,0.411712,0
16.5594,20.0951,7.86526,0.0657672,1.44991,0.237504,0.344358,FRENET,0.121986,2.28753,0.121986,0.119037,2.28753,0.411712,0
16.5627,20.0951,7.86526,0.0657672,1.44991,0.237504,0.344358,FRENET,0.121986,2.28753,0.121986,0.119037,2.28753,0.411712,0
16.5666,20.0951,7.86526,0.0657672,1.44991,0.237504,0.344358,FRENET,0.121986,2.28753,0.121986,0.119037,2.28753,0.411712,0
16.5707,20.1091,7.86649,0.0681822,1.35481,0.219106,0.296847,FRENET,0.121986,2.28753,0.121986,0.119037,2.28753,0.411712,0
16.5747,20.1091,7.86649,0.0681822,1.35481,0.219106,0.296847,FRENET,0.121986,2.28753,0.121986,0.119037,2.28753,0.411712,0
16.5793,20.1222,7.86765,0.0702495,1.276,0.218854,0.279257,FRENET,0.121986,2.28753,0.121986,0.119037,2.28753,0.411712,0
16.5826,20.1222,7.86765,0.0702495,1.276,0.218854,0.279257,FRENET,0.121986,2.28753,0.121986,0.119037,2.28753,0.411712,0
16.5865,20.1222,7.86765,0.0702495,1.276,0.218854,0.279257,FRENET,0.121986,2.28753,0.121986,0.119037,2.28753,0.411712,0
16.5907,20.1346,7.86878,0.0724288,1.21218,0.194039,0.23521,FRENET,0.121986,2.28753,0.121986,0.119037,2.28753,0.411712,0
16.5946,20.1346,7.86878,0.0724288,1.21218,0.194039,0.23521,FRENET,0.121986,2.28753,0.121986,0.119037,2.28753,0.411712,0
16.5994,20.1464,7.86987,0.0742458,1.1605,0.192709,0.223638,FGM,0.209343,0.330395,0.0959087,0.209343,2.28753,0.330395,0
16.6024,20.1464,7.86987,0.0742458,1.1605,0.192709,0.223638,FGM,0.209343,0.330395,0.0959087,0.209343,2.28753,0.330395,0
16.6067,20.1464,7.86987,0.0742458,1.1605,0.192709,0.223638,FGM,0.209343,0.330395,0.0959087,0.209343,2.28753,0.330395,0
16.6107,20.158,7.87099,0.0761261,1.17908,0.170231,0.200716,FGM,0.209343,0.330395,0.0959087,0.209343,2.28753,0.330395,0
16.6146,20.158,7.87099,0.0761261,1.17908,0.170231,0.200716,FGM,0.209343,0.330395,0.0959087,0.209343,2.28753,0.330395,0
16.6194,20.1699,7.87214,0.0777576,1.19677,0.174055,0.208304,FGM,0.209343,0.330395,0.0959087,0.209343,2.28753,0.330395,0
16.6228,20.1699,7.87214,0.0777576,1.19677,0.174055,0.208304,FGM,0.209343,0.330395,0.0959087,0.209343,2.28753,0.330395,0
16.6266,20.1699,7.87214,0.0777576,1.19677,0.174055,0.208304,FGM,0.209343,0.330395,0.0959087,0.209343,2.28753,0.330395,0
16.6307,20.1819,7.87334,0.0795438,1.21363,0.166866,0.202514,FGM,0.209343,0.330395,0.0959087,0.209343,2.28753,0.330395,0
16.6346,20.1819,7.87334,0.0795438,1.21363,0.166866,0.202514,FGM,0.209343,0.330395,0.0959087,0.209343,2.28753,0.330395,0
16.6393,20.194,7.87454,0.0809268,1.22968,0.102621,0.126191,FGM,0.209343,0.330395,0.0959087,0.209343,2.28753,0.330395,0
16.6427,20.194,7.87454,0.0809268,1.22968,0.102621,0.126191,FGM,0.209343,0.330395,0.0959087,0.209343,2.28753,0.330395,0
16.6466,20.194,7.87454,0.0809268,1.22968,0.102621,0.126191,FGM,0.209343,0.330395,0.0959087,0.209343,2.28753,0.330395,0
16.6508,20.2063,7.87569,0.0815164,1.24497,0.0119262,0.0148478,FGM,0.217485,0.300357,0.102903,0.217485,2.28753,0.300357,0
16.6548,20.2063,7.87569,0.0815164,1.24497,0.0119262,0.0148478,FGM,0.217485,0.300357,0.102903,0.217485,2.28753,0.300357,0
16.6594,20.2188,7.87674,0.0811246,1.26018,-0.0921152,-0.116081,FGM,0.217485,0.300357,0.102903,0.217485,2.28753,0.300357,0
16.6627,20.2188,7.87674,0.0811246,1.26018,-0.0921152,-0.116081,FGM,0.217485,0.300357,0.102903,0.217485,2.28753,0.300357,0
16.6668,20.2188,7.87674,0.0811246,1.26018,-0.0921152,-0.116081,FGM,0.217485,0.300357,0.102903,0.217485,2.28753,0.300357,0
16.6708,20.2315,7.87766,0.0796477,1.27466,-0.204367,-0.260498,FGM,0.217485,0.300357,0.102903,0.217485,2.28753,0.300357,0
16.6747,20.2315,7.87766,0.0796477,1.27466,-0.204367,-0.260498,FGM,0.217485,0.300357,0.102903,0.217485,2.28753,0.300357,0
16.6795,20.2442,7.87841,0.077019,1.28845,-0.322101,-0.415011,FGM,0.217485,0.300357,0.102903,0.217485,2.28753,0.300357,0
16.6826,20.2442,7.87841,0.077019,1.28845,-0.322101,-0.415011,FGM,0.217485,0.300357,0.102903,0.217485,2.28753,0.300357,0
16.6869,20.2442,7.87841,0.077019,1.28845,-0.322101,-0.415011,FGM,0.217485,0.300357,0.102903,0.217485,2.28753,0.300357,0
16.691,20.2572,7.87897,0.0731916,1.30158,-0.443896,-0.577768,FGM,0.217485,0.300357,0.102903,0.217485,2.28753,0.300357,0
16.6946,20.2572,7.87897,0.0731916,1.30158,-0.443896,-0.577768,FGM,0.217485,0.300357,0.102903,0.217485,2.28753,0.300357,0
16.6994,20.2703,7.87934,0.0683839,1.3141,-0.493576,-0.648606,FGM,0.219955,0.295857,0.110356,0.219955,2.28753,0.295857,0
16.7026,20.2703,7.87934,0.0683839,1.3141,-0.493576,-0.648606,FGM,0.219955,0.295857,0.110356,0.219955,2.28753,0.295857,0
16.7066,20.2703,7.87934,0.0683839,1.3141,-0.493576,-0.648606,FGM,0.219955,0.295857,0.110356,0.219955,2.28753,0.295857,0
16.7107,20.2835,7.87958,0.0633305,1.32646,-0.530714,-0.703972,FGM,0.219955,0.295857,0.110356,0.219955,2.28753,0.295857,0
16.7147,20.2835,7.87958,0.0633305,1.32646,-0.530714,-0.703972,FGM,0.219955,0.295857,0.110356,0.219955,2.28753,0.295857,0
16.7194,20.2968,7.87968,0.0578742,1.33824,-0.542058,-0.725403,FGM,0.219955,0.295857,0.110356,0.219955,2.28753,0.295857,0
16.7225,20.2968,7.87968,0.0578742,1.33824,-0.542058,-0.725403,FGM,0.219955,0.295857,0.110356,0.219955,2.28753,0.295857,0
16.7266,20.2968,7.87968,0.0578742,1.33824,-0.542058,-0.725403,FGM,0.219955,0.295857,0.110356,0.219955,2.28753,0.295857,0
16.7307,20.3102,7.87972,0.0526971,1.34946,-0.484778,-0.654187,FGM,0.219955,0.295857,0.110356,0.219955,2.28753,0.295857,0
16.7348,20.3102,7.87972,0.0526971,1.34946,-0.484778,-0.654187,FGM,0.219955,0.295857,0.110356,0.219955,2.28753,0.295857,0
16.7395,20.3238,7.87972,0.0480209,1.36014,-0.470953,-0.640563,FGM,0.219955,0.295857,0.110356,0.219955,2.28753,0.295857,0
16.7426,20.3238,7.87972,0.0480209,1.36014,-0.470953,-0.640563,FGM,0.219955,0.295857,0.110356,0.219955,2.28753,0.295857,0
16.7467,20.3238,7.87972,0.0480209,1.36014,-0.470953,-0.640563,FGM,0.219955,0.295857,0.110356,0.219955,2.28753,0.295857,0
16.7505,20.3374,7.87967,0.0433056,1.37032,-0.456711,-0.62584,FGM,0.222156,0.298527,0,0.222156,1.88594,0.298527,0
16.7548,20.3374,7.87967,0.0433056,1.37032,-0.456711,-0.62584,FGM,0.222156,0.298527,0,0.222156,1.88594,0.298527,0
16.7593,20.3512,7.87958,0.0388025,1.38037,-0.461516,-0.637064,FGM,0.222156,0.298527,0,0.222156,1.88594,0.298527,0
16.7628,20.3512,7.87958,0.0388025,1.38037,-0.461516,-0.637064,FGM,0.222156,0.298527,0,0.222156,1.88594,0.298527,0
16.767,20.3512,7.87958,0.0388025,1.38037,-0.461516,-0.637064,FGM,0.222156,0.298527,0,0.222156,1.88594,0.298527,0
16.7706,20.365,7.87943,0.0341332,1.38995,-0.455662,-0.633347,FGM,0.222156,0.298527,0,0.222156,1.88594,0.298527,0
16.7746,20.365,7.87943,0.0341332,1.38995,-0.455662,-0.633347,FGM,0.222156,0.298527,0,0.222156,1.88594,0.298527,0
16.7794,20.379,7.87922,0.0296196,1.39907,-0.464149,-0.649377,FGM,0.222156,0.298527,0,0.222156,1.88594,0.298527,0
16.7826,20.379,7.87922,0.0296196,1.39907,-0.464149,-0.649377,FGM,0.222156,0.298527,0,0.222156,1.88594,0.298527,0
16.7866,20.379,7.87922,0.0296196,1.39907,-0.464149,-0.649377,FGM,0.222156,0.298527,0,0.222156,1.88594,0.298527,0
16.7907,20.393,7.87895,0.0249141,1.40776,-0.459971,-0.647528,FGM,0.222156,0.298527,0,0.222156,1.88594,0.298527,0
16.7946,20.393,7.87895,0.0249141,1.40776,-0.459971,-0.647528,FGM,0.222156,0.298527,0,0.222156,1.88594,0.298527,0
16.7993,20.4071,7.87862,0.0203541,1.41603,-0.469046,-0.664184,FGM,0.222156,0.298527,0,0.222156,1.88594,0.298527,0
16.8025,20.4071,7.87862,0.0203541,1.41603,-0.469046,-0.664184,FGM,0.222156,0.298527,0,0.222156,1.88594,0.298527,0
16.8066,20.4071,7.87862,0.0203541,1.41603,-0.469046,-0.664184,FGM,0.236144,0.288551,0,0.236144,1.88594,0.288551,0
16.8106,20.4213,7.87822,0.0155979,1.42392,-0.46512,-0.662292,FGM,0.236144,0.288551,0,0.236144,1.88594,0.288551,0
16.8145,20.4213,7.87822,0.0155979,1.42392,-0.46512,-0.662292,FGM,0.236144,0.288551,0,0.236144,1.88594,0.288551,0
16.8194,20.4356,7.87776,0.010987,1.43165,-0.474087,-0.678728,FGM,0.236144,0.288551,0,0.236144,1.88594,0.288551,0
16.8226,20.4356,7.87776,0.010987,1.43165,-0.474087,-0.678728,FGM,0.236144,0.288551,0,0.236144,1.88594,0.288551,0
16.8266,20.4356,7.87776,0.010987,1.43165,-0.474087,-0.678728,FGM,0.236144,0.288551,0,0.236144,1.88594,0.288551,0
16.8306,20.4499,7.87723,0.00618038,1.43903,-0.470134,-0.676535,FGM,0.236144,0.288551,0,0.236144,1.88594,0.288551,0
16.8346,20.4499,7.87723,0.00618038,1.43903,-0.470134,-0.676535,FGM,0.236144,0.288551,0,0.236144,1.88594,0.288551,0
16.8394,20.4643,7.87663,0.00152002,1.44605,-0.478981,-0.69263,FGM,0.236144,0.288551,0,0.236144,1.88594,0.288551,0
16.8425,20.4643,7.87663,0.00152002,1.44605,-0.478981,-0.69263,FGM,0.236144,0.288551,0,0.236144,1.88594,0.288551,0
16.8466,20.4643,7.87663,0.00152002,1.44605,-0.478981,-0.69263,FGM,0.236144,0.288551,0,0.236144,1.88594,0.288551,0
16.8505,20.4788,7.87596,-0.00333522,1.45273,-0.474927,-0.689943,FGM,0.236144,0.288551,0,0.236144,1.88594,0.288551,0
16.8545,20.4788,7.87596,-0.00333522,1.45273,-0.474927,-0.689943,FGM,0.222115,0.328246,0,0.222115,1.88594,0.328246,0
16.8594,20.4934,7.87523,-0.00804217,1.45921,-0.483535,-0.70558,FGM,0.222115,0.328246,0,0.222115,1.88594,0.328246,0
16.8625,20.4934,7.87523,-0.00804217,1.45921,-0.483535,-0.70558,FGM,0.222115,0.328246,0,0.222115,1.88594,0.328246,0
16.8665,20.4934,7.87523,-0.00804217,1.45921,-0.483535,-0.70558,FGM,0.222115,0.328246,0,0.222115,1.88594,0.328246,0
16.8706,20.508,7.87441,-0.0129424,1.46538,-0.479348,-0.702425,FGM,0.222115,0.328246,0,0.222115,1.88594,0.328246,0
16.8746,20.508,7.87441,-0.0129424,1.46538,-0.479348,-0.702425,FGM,0.222115,0.328246,0,0.222115,1.88594,0.328246,0
16.8794,20.5226,7.87356,-0.0174234,1.47125,-0.408537,-0.601061,FGM,0.222115,0.328246,0,0.222115,1.88594,0.328246,0
16.8826,20.5226,7.87356,-0.0174234,1.47125,-0.408537,-0.601061,FGM,0.222115,0.328246,0,0.222115,1.88594,0.328246,0
16.8866,20.5226,7.87356,-0.0174234,1.47125,-0.408537,-0.601061,FGM,0.222115,0.328246,0,0.222115,1.88594,0.328246,0
16.8905,20.5373,7.87274,-0.0210112,1.47685,-0.304886,-0.450269,FGM,0.222115,0.328246,0,0.222115,1.88594,0.328246,0
16.8947,20.5373,7.87274,-0.0210112,1.47685,-0.304886,-0.450269,FGM,0.222115,0.328246,0,0.222115,1.88594,0.328246,0
16.8995,20.5521,7.87196,-0.0237388,1.48218,-0.263983,-0.391269,FGM,0.222115,0.328246,0,0.222115,1.88594,0.328246,0
16.9026,20.5521,7.87196,-0.0237388,1.48218,-0.263983,-0.391269,FGM,0.222115,0.328246,0,0.222115,1.88594,0.328246,0
16.9066,20.5521,7.87196,-0.0237388,1.48218,-0.263983,-0.391269,FGM,0.040232,0.361515,0.0318802,0.040232,2.20427,0.361515,0
16.9106,20.5669,7.87118,-0.0263022,1.48725,-0.2345,-0.34876,FGM,0.040232,0.361515,0.0318802,0.040232,2.20427,0.361515,0
16.9146,20.5669,7.87118,-0.0263022,1.48725,-0.2345,-0.34876,FGM,0.040232,0.361515,0.0318802,0.040232,2.20427,0.361515,0
16.9194,20.5822,7.87039,-0.0285554,1.56775,-0.229284,-0.359459,FGM,0.040232,0.361515,0.0318802,0.040232,2.20427,0.361515,0
16.9226,20.5822,7.87039,-0.0285554,1.56775,-0.229284,-0.359459,FGM,0.040232,0.361515,0.0318802,0.040232,2.20427,0.361515,0
16.9267,20.5822,7.87039,-0.0285554,1.56775,-0.229284,-0.359459,FGM,0.040232,0.361515,0.0318802,0.040232,2.20427,0.361515,0
16.9307,20.5982,7.86955,-0.0308766,1.64441,-0.224261,-0.368778,FGM,0.040232,0.361515,0.0318802,0.040232,2.20427,0.361515,0
16.9344,20.5982,7.86955,-0.0308766,1.64441,-0.224261,-0.368778,FGM,0.040232,0.361515,0.0318802,0.040232,2.20427,0.361515,0
16.9394,20.615,7.86868,-0.0328886,1.71743,-0.171588,-0.294691,FGM,0.040232,0.361515,0.0318802,0.040232,2.20427,0.361515,0
16.9426,20.615,7.86868,-0.0328886,1.71743,-0.171588,-0.294691,FGM,0.040232,0.361515,0.0318802,0.040232,2.20427,0.361515,0
16.9466,20.615,7.86868,-0.0328886,1.71743,-0.171588,-0.294691,FGM,0.040232,0.361515,0.0318802,0.040232,2.20427,0.361515,0
16.9507,20.6325,7.86783,-0.034202,1.78698,-0.0866418,-0.154827,FGM,0.040232,0.361515,0.0318802,0.040232,2.20427,0.361515,0
16.9546,20.6325,7.86783,-0.034202,1.78698,-0.0866418,-0.154827,FGM,0.040232,0.361515,0.0318802,0.040232,2.20427,0.361515,0
16.9593,20.6507,7.86704,-0.0347468,1.85323,-0.0386207,-0.0715728,FRENET,0.0102093,2.20427,0.0102093,0,2.20427,0.25755,0
16.9625,20.6507,7.86704,-0.0347468,1.85323,-0.0386207,-0.0715728,FRENET,0.0102093,2.20427,0.0102093,0,2.20427,0.25755,0
16.9667,20.6507,7.86704,-0.0347468,1.85323,-0.0386207,-0.0715728,FRENET,0.0102093,2.20427,0.0102093,0,2.20427,0.25755,0
16.9707,20.6687,7.86631,-0.0347725,1.75813,0.04808,0.0845308,FRENET,0.0102093,2.20427,0.0102093,0,2.20427,0.25755,0
16.9746,20.6687,7.86631,-0.0347725,1.75813,0.04808,0.0845308,FRENET,0.0102093,2.20427,0.0102093,0,2.20427,0.25755,0
16.9794,20.6858,7.86571,-0.0340054,1.66303,0.0748448,0.124469,FRENET,0.0102093,2.20427,0.0102093,0,2.20427,0.25755,0
16.9826,20.6858,7.86571,-0.0340054,1.66303,0.0748448,0.124469,FRENET,0.0102093,2.20427,0.0102093,0,2.20427,0.25755,0
16.9867,20.6858,7.86571,-0.0340054,1.66303,0.0748448,0.124469,FRENET,0.0102093,2.20427,0.0102093,0,2.20427,0.25755,0
16.9905,20.702,7.86516,-0.0332522,1.56793,0.0979989,0.153655,FRENET,0.0102093,2.20427,0.0102093,0,2.20427,0.25755,0
16.9946,20.702,7.86516,-0.0332522,1.56793,0.0979989,0.153655,FRENET,0.0102093,2.20427,0.0102093,0,2.20427,0.25755,0
16.9994,20.7172,7.86473,-0.0317987,1.47283,0.201886,0.297342,FRENET,0.0102093,2.20427,0.0102093,0,2.20427,0.25755,0
17.0026,20.7172,7.86473,-0.0317987,1.47283,0.201886,0.297342,FRENET,0.0102093,2.20427,0.0102093,0,2.20427,0.25755,0
17.0067,20.7172,7.86473,-0.0317987,1.47283,0.201886,0.297342,FRENET,0.0215316,2.20427,0.0215316,0.0558956,2.20427,0.371638,0
17.0107,20.7315,7.86443,-0.0295196,1.38297,0.221246,0.305976,FRENET,0.0215316,2.20427,0.0215316,0.0558956,2.20427,0.371638,0
17.0147,20.7315,7.86443,-0.0295196,1.38297,0.221246,0.305976,FRENET,0.0215316,2.20427,0.0215316,0.0558956,2.20427,0.371638,0
17.0193,20.7449,7.8642,-0.0273693,1.31021,0.230305,0.301748,FRENET,0.0215316,2.20427,0.0215316,0.0558956,2.20427,0.371638,0
17.0227,20.7449,7.8642,-0.0273693,1.31021,0.230305,0.301748,FRENET,0.0215316,2.20427,0.0215316,0.0558956,2.20427,0.371638,0
17.0268,20.7449,7.8642,-0.0273693,1.31021,0.230305,0.301748,FRENET,0.0215316,2.20427,0.0215316,0.0558956,2.20427,0.371638,0
17.0306,20.7577,7.86405,-0.0250685,1.25128,0.206878,0.258863,FRENET,0.0215316,2.20427,0.0215316,0.0558956,2.20427,0.371638,0
17.0347,20.7577,7.86405,-0.0250685,1.25128,0.206878,0.258863,FRENET,0.0215316,2.20427,0.0215316,0.0558956,2.20427,0.371638,0
17.0393,20.77,7.86394,-0.0231321,1.20356,0.203294,0.244678,FRENET,0.0215316,2.20427,0.0215316,0.0558956,2.20427,0.371638,0
17.0426,20.77,7.86394,-0.0231321,1.20356,0.203294,0.244678,FRENET,0.0215316,2.20427,0.0215316,0.0558956,2.20427,0.371638,0
17.0466,20.77,7.86394,-0.0231321,1.20356,0.203294,0.244678,FRENET,0.0215316,2.20427,0.0215316,0.0558956,2.20427,0.371638,0
17.0507,20.7818,7.86389,-0.0211106,1.16492,0.180396,0.210148,FRENET,0.0215316,2.20427,0.0215316,0.0558956,2.20427,0.371638,0
17.0547,20.7818,7.86389,-0.0211106,1.16492,0.180396,0.210148,FRENET,0.0215316,2.20427,0.0215316,0.0558956,2.20427,0.371638,0
17.0594,20.7933,7.86386,-0.0194116,1.13363,0.181224,0.205442,FRENET,0,1.73421,0,0,1.73421,0.32798,0
17.0627,20.7933,7.86386,-0.0194116,1.13363,0.181224,0.205442,FRENET,0,1.73421,0,0,1.73421,0.32798,0
17.0667,20.7933,7.86386,-0.0194116,1.13363,0.181224,0.205442,FRENET,0,1.73421,0,0,1.73421,0.32798,0
17.0706,20.8044,7.86388,-0.0175632,1.07593,0.16374,0.176173,FRENET,0,1.73421,0,0,1.73421,0.32798,0
17.0746,20.8044,7.86388,-0.0175632,1.07593,0.16374,0.176173,FRENET,0,1.73421,0,0,1.73421,0.32798,0
17.0792,20.8149,7.8639,-0.0160194,1.02921,0.168074,0.172983,FRENET,0,1.73421,0,0,1.73421,0.32798,0
17.0825,20.8149,7.8639,-0.0160194,1.02921,0.168074,0.172983,FRENET,0,1.73421,0,0,1.73421,0.32798,0
17.0866,20.8149,7.8639,-0.0160194,1.02921,0.168074,0.172983,FRENET,0,1.73421,0,0,1.73421,0.32798,0
17.0905,20.825,7.86396,-0.0143347,0.99137,0.146903,0.145635,FRENET,0,1.73421,0,0,1.73421,0.32798,0
17.0945,20.825,7.86396,-0.0143347,0.99137,0.146903,0.145635,FRENET,0,1.73421,0,0,1.73421,0.32798,0
17.0991,20.8348,7.864,-0.01322,0.960729,0.0697333,0.0669948,FRENET,0,1.73421,0,0,1.73421,0.32798,0
17.1025,20.8348,7.864,-0.01322,0.960729,0.0697333,0.0669948,FRENET,0,1.73421,0,0,1.73421,0.32798,0
17.1065,20.8348,7.864,-0.01322,0.960729,0.0697333,0.0669948,FRENET,0,1.73421,0,0,1.73421,0.32798,0
17.1106,20.8443,7.86397,-0.0129615,0.935916,-0.0193996,-0.0181564,FRENET,0,1.73421,0,0.226934,1.73421,0.273741,0
17.1145,20.8443,7.86397,-0.0129615,0.935916,-0.0193996,-0.0181564,FRENET,0,1.73421,0,0.226934,1.73421,0.273741,0
17.1193,20.8535,7.86382,-0.0135979,0.915822,-0.107979,-0.0988895,FRENET,0,1.73421,0,0.226934,1.73421,0.273741,0
17.1226,20.8535,7.86382,-0.0135979,0.915822,-0.107979,-0.0988895,FRENET,0,1.73421,0,0.226934,1.73421,0.273741,0
17.1265,20.8535,7.86382,-0.0135979,0.915822,-0.107979,-0.0988895,FRENET,0,1.73421,0,0.226934,1.73421,0.273741,0
17.1307,20.8626,7.86356,-0.015106,0.899551,-0.193569,-0.174125,FRENET,0,1.73421,0,0.226934,1.73421,0.273741,0
17.1345,20.8626,7.86356,-0.015106,0.899551,-0.193569,-0.174125,FRENET,0,1.73421,0,0.226934,1.73421,0.273741,0
17.1394,20.8715,7.86318,-0.0172097,0.886374,-0.199771,-0.177072,FRENET,0,1.73421,0,0.226934,1.73421,0.273741,0
17.1424,20.8715,7.86318,-0.0172097,0.886374,-0.199771,-0.177072,FRENET,0,1.73421,0,0.226934,1.73421,0.273741,0
17.1467,20.8715,7.86318,-0.0172097,0.886374,-0.199771,-0.177072,FRENET,0,1.73421,0,0.226934,1.73421,0.273741,0
17.1506,20.8803,7.86275,-0.0191966,0.875703,-0.216829,-0.189878,FRENET,0,1.73421,0,0.226934,1.73421,0.273741,0
17.1544,20.8803,7.86275,-0.0191966,0.875703,-0.216829,-0.189878,FRENET,0,1.73421,0,0.226934,1.73421,0.273741,0
17.1593,20.889,7.86227,-0.0214023,0.867062,-0.203117,-0.176115,FRENET,0,1.73421,0,0,1.73421,0.341119,0
17.1626,20.889,7.86227,-0.0214023,0.867062,-0.203117,-0.176115,FRENET,0,1.73421,0,0,1.73421,0.341119,0
17.1665,20.889,7.86227,-0.0214023,0.867062,-0.203117,-0.176115,FRENET,0,1.73421,0,0,1.73421,0.341119,0
17.1705,20.8976,7.86177,-0.0233895,0.860064,-0.215073,-0.184976,FRENET,0,1.73421,0,0,1.73421,0.341119,0
17.1747,20.8976,7.86177,-0.0233895,0.860064,-0.215073,-0.184976,FRENET,0,1.73421,0,0,1.73421,0.341119,0
17.1792,20.9062,7.86124,-0.0255693,0.854398,-0.20029,-0.171127,FRENET,0,1.73421,0,0,1.73421,0.341119,0
17.1827,20.9062,7.86124,-0.0255693,0.854398,-0.20029,-0.171127,FRENET,0,1.73421,0,0,1.73421,0.341119,0
17.1867,20.9062,7.86124,-0.0255693,0.854398,-0.20029,-0.171127,FRENET,0,1.73421,0,0,1.73421,0.341119,0
17.1907,20.9147,7.8607,-0.0275293,0.849809,-0.212429,-0.180524,FRENET,0,1.73421,0,0,1.73421,0.341119,0
17.1947,20.9147,7.8607,-0.0275293,0.849809,-0.212429,-0.180524,FRENET,0,1.73421,0,0,1.73421,0.341119,0
17.1993,20.9231,7.86013,-0.0296838,0.846093,-0.197963,-0.167495,FRENET,0,1.73421,0,0,1.73421,0.341119,0
17.2026,20.9231,7.86013,-0.0296838,0.846093,-0.197963,-0.167495,FRENET,0,1.73421,0,0,1.73421,0.341119,0
17.2066,20.9231,7.86013,-0.0296838,0.846093,-0.197963,-0.167495,FRENET,0,1.73421,0,0,1.73421,0.341119,0
17.2105,20.9316,7.85956,-0.0316232,0.843084,-0.210527,-0.177492,FRENET,0.187724,2.9432,0.187724,0.0453286,2.9432,0.36271,0
17.2147,20.9316,7.85956,-0.0316232,0.843084,-0.210527,-0.177492,FRENET,0.187724,2.9432,0.187724,0.0453286,2.9432,0.36271,0
17.2195,20.94,7.85895,-0.0337564,0.853451,-0.197873,-0.168875,FRENET,0.187724,2.9432,0.187724,0.0453286,2.9432,0.36271,0
17.2226,20.94,7.85895,-0.0337564,0.853451,-0.197873,-0.168875,FRENET,0.187724,2.9432,0.187724,0.0453286,2.9432,0.36271,0
17.2268,20.94,7.85895,-0.0337564,0.853451,-0.197873,-0.168875,FRENET,0.187724,2.9432,0.187724,0.0453286,2.9432,0.36271,0
17.2306,20.9486,7.85833,-0.0357071,0.863325,-0.21165,-0.182723,FRENET,0.187724,2.9432,0.187724,0.0453286,2.9432,0.36271,0
17.2347,20.9486,7.85833,-0.0357071,0.863325,-0.21165,-0.182723,FRENET,0.187724,2.9432,0.187724,0.0453286,2.9432,0.36271,0
17.2397,20.9572,7.85768,-0.0378694,0.87273,-0.201751,-0.176074,FRENET,0.187724,2.9432,0.187724,0.0453286,2.9432,0.36271,0
17.2426,20.9572,7.85768,-0.0378694,0.87273,-0.201751,-0.176074,FRENET,0.187724,2.9432,0.187724,0.0453286,2.9432,0.36271,0
17.2467,20.9572,7.85768,-0.0378694,0.87273,-0.201751,-0.176074,FRENET,0.187724,2.9432,0.187724,0.0453286,2.9432,0.36271,0
17.2506,20.966,7.85703,-0.0396461,0.890954,-0.147862,-0.131738,FRENET,0.187724,2.9432,0.187724,0.0453286,2.9432,0.36271,0
17.2546,20.966,7.85703,-0.0396461,0.890954,-0.147862,-0.131738,FRENET,0.187724,2.9432,0.187724,0.0453286,2.9432,0.36271,0
17.2593,20.975,7.85643,-0.0407822,0.908311,-0.0769364,-0.0698822,FRENET,0.187724,2.9432,0.187724,0.0453286,2.9432,0.36271,0
17.2625,20.975,7.85643,-0.0407822,0.908311,-0.0769364,-0.0698822,FRENET,0.196602,2.9432,0.196602,0.000280277,2.9432,0.335367,0
17.2666,20.975,7.85643,-0.0407822,0.908311,-0.0769364,-0.0698822,FRENET,0.196602,2.9432,0.196602,0.000280277,2.9432,0.335367,0
17.2706,20.9842,7.85592,-0.04116,0.924844,0.00269387,0.00249141,FRENET,0.196602,2.9432,0.196602,0.000280277,2.9432,0.335367,0
17.2746,20.9842,7.85592,-0.04116,0.924844,0.00269387,0.00249141,FRENET,0.196602,2.9432,0.196602,0.000280277,2.9432,0.335367,0
17.2793,20.9935,7.85552,-0.0407117,0.94059,0.0878311,0.082613,FRENET,0.196602,2.9432,0.196602,0.000280277,2.9432,0.335367,0
17.2826,20.9935,7.85552,-0.0407117,0.94059,0.0878311,0.082613,FRENET,0.196602,2.9432,0.196602,0.000280277,2.9432,0.335367,0
17.2865,20.9935,7.85552,-0.0407117,0.94059,0.0878311,0.082613,FRENET,0.196602,2.9432,0.196602,0.000280277,2.9432,0.335367,0
17.2907,21.003,7.85525,-0.0393905,0.955587,0.177049,0.169185,FRENET,0.196602,2.9432,0.196602,0.000280277,2.9432,0.335367,0
17.2946,21.003,7.85525,-0.0393905,0.955587,0.177049,0.169185,FRENET,0.196602,2.9432,0.196602,0.000280277,2.9432,0.335367,0
17.2993,21.0126,7.85511,-0.0373891,0.969871,0.199397,0.19339,FRENET,0.196602,2.9432,0.196602,0.000280277,2.9432,0.335367,0
17.3027,21.0126,7.85511,-0.0373891,0.969871,0.199397,0.19339,FRENET,0.196602,2.9432,0.196602,0.000280277,2.9432,0.335367,0
17.3067,21.0126,7.85511,-0.0373891,0.969871,0.199397,0.19339,FRENET,0.196602,2.9432,0.196602,0.000280277,2.9432,0.335367,0
17.3106,21.0224,7.85503,-0.0353465,0.983476,0.224893,0.221177,FRENET,0.196602,2.9432,0.196602,0.000280277,2.9432,0.335367,0
17.3145,21.0224,7.85503,-0.0353465,0.983476,0.224893,0.221177,FRENET,0.186619,2.9432,0.186619,0.00568649,2.9432,0.339037,0
17.319,21.0323,7.85502,-0.0330082,0.996434,0.223964,0.223166,FRENET,0.186619,2.9432,0.186619,0.00568649,2.9432,0.339037,0
17.3224,21.0323,7.85502,-0.0330082,0.996434,0.223964,0.223166,FRENET,0.186619,2.9432,0.186619,0.00568649,2.9432,0.339037,0
17.3267,21.0323,7.85502,-0.0330082,0.996434,0.223964,0.223166,FRENET,0.186619,2.9432,0.186619,0.00568649,2.9432,0.339037,0
17.3307,21.0423,7.85503,-0.0307782,1.00878,0.239514,0.241616,FRENET,0.186619,2.9432,0.186619,0.00568649,2.9432,0.339037,0
17.3346,21.0423,7.85503,-0.0307782,1.00878,0.239514,0.241616,FRENET,0.186619,2.9432,0.186619,0.00568649,2.9432,0.339037,0
17.3392,21.0524,7.85509,-0.0283181,1.02053,0.234386,0.239199,FRENET,0.186619,2.9432,0.186619,0.00568649,2.9432,0.339037,0
17.3426,21.0524,7.85509,-0.0283181,1.02053,0.234386,0.239199,FRENET,0.186619,2.9432,0.186619,0.00568649,2.9432,0.339037,0
17.3465,21.0524,7.85509,-0.0283181,1.02053,0.234386,0.239199,FRENET,0.186619,2.9432,0.186619,0.00568649,2.9432,0.339037,0
17.3506,21.0627,7.85518,-0.0259977,1.03173,0.24743,0.25528,FRENET,0.186619,2.9432,0.186619,0.00568649,2.9432,0.339037,0
17.3544,21.0627,7.85518,-0.0259977,1.03173,0.24743,0.25528,FRENET,0.186619,2.9432,0.186619,0.00568649,2.9432,0.339037,0
17.3595,21.0731,7.8553,-0.0234647,1.04239,0.241207,0.251432,FRENET,0.186619,2.9432,0.186619,0.00568649,2.9432,0.339037,0
17.3626,21.0731,7.8553,-0.0234647,1.04239,0.241207,0.251432,FRENET,0.186619,2.9432,0.186619,0.00568649,2.9432,0.339037,0
17.3665,21.0731,7.8553,-0.0234647,1.04239,0.241207,0.251432,FRENET,0.185074,2.9432,0.185074,0.00506491,2.9432,0.339947,0
17.3706,21.0835,7.85544,-0.0210815,1.05255,0.253244,0.266552,FRENET,0.185074,2.9432,0.185074,0.00506491,2.9432,0.339947,0
17.3745,21.0835,7.85544,-0.0210815,1.05255,0.253244,0.266552,FRENET,0.185074,2.9432,0.185074,0.00506491,2.9432,0.339947,0
17.3793,21.0941,7.85562,-0.0184925,1.06222,0.246641,0.261988,FRENET,0.185074,2.9432,0.185074,0.00506491,2.9432,0.339947,0
17.3825,21.0941,7.85562,-0.0184925,1.06222,0.246641,0.261988,FRENET,0.185074,2.9432,0.185074,0.00506491,2.9432,0.339947,0
17.3866,21.0941,7.85562,-0.0184925,1.06222,0.246641,0.261988,FRENET,0.185074,2.9432,0.185074,0.00506491,2.9432,0.339947,0
17.3906,21.1048,7.85582,-0.0160578,1.07144,0.258105,0.276543,FRENET,0.185074,2.9432,0.185074,0.00506491,2.9432,0.339947,0
17.3946,21.1048,7.85582,-0.0160578,1.07144,0.258105,0.276543,FRENET,0.185074,2.9432,0.185074,0.00506491,2.9432,0.339947,0
17.3993,21.1155,7.85606,-0.0134211,1.08021,0.25133,0.271489,FRENET,0.185074,2.9432,0.185074,0.00506491,2.9432,0.339947,0
17.4027,21.1155,7.85606,-0.0134211,1.08021,0.25133,0.271489,FRENET,0.185074,2.9432,0.185074,0.00506491,2.9432,0.339947,0
17.4066,21.1155,7.85606,-0.0134211,1.08021,0.25133,0.271489,FRENET,0.185074,2.9432,0.185074,0.00506491,2.9432,0.339947,0
17.4106,21.1264,7.85631,-0.0109417,1.08857,0.262383,0.285622,FRENET,0.185074,2.9432,0.185074,0.00506491,2.9432,0.339947,0
17.4145,21.1264,7.85631,-0.0109417,1.08857,0.262383,0.285622,FRENET,0.185074,2.9432,0.185074,0.00506491,2.9432,0.339947,0
17.4193,21.1373,7.85661,-0.00826275,1.09653,0.255504,0.280168,FRENET,0,1.91164,0,0.0706232,1.91164,0.380327,0
17.4226,21.1373,7.85661,-0.00826275,1.09653,0.255504,0.280168,FRENET,0,1.91164,0,0.0706232,1.91164,0.380327,0
17.4266,21.1373,7.85661,-0.00826275,1.09653,0.255504,0.280168,FRENET,0,1.91164,0,0.0706232,1.91164,0.380327,0
17.4306,21.1482,7.85692,-0.00574157,1.07954,0.267568,0.28885,FRENET,0,1.91164,0,0.0706232,1.91164,0.380327,0
17.4346,21.1482,7.85692,-0.00574157,1.07954,0.267568,0.28885,FRENET,0,1.91164,0,0.0706232,1.91164,0.380327,0
17.4391,21.1589,7.85727,-0.00302733,1.06578,0.255162,0.271947,FRENET,0,1.91164,0,0.0706232,1.91164,0.380327,0
17.4425,21.1589,7.85727,-0.00302733,1.06578,0.255162,0.271947,FRENET,0,1.91164,0,0.0706232,1.91164,0.380327,0
17.4466,21.1589,7.85727,-0.00302733,1.06578,0.255162,0.271947,FRENET,0,1.91164,0,0.0706232,1.91164,0.380327,0
17.4505,21.1695,7.8576,-0.000799133,1.05464,0.183517,0.193543,FRENET,0,1.91164,0,0.0706232,1.91164,0.380327,0
17.4546,21.1695,7.8576,-0.000799133,1.05464,0.183517,0.193543,FRENET,0,1.91164,0,0.0706232,1.91164,0.380327,0
17.4593,21.18,7.85786,0.000592311,1.04561,0.0924678,0.0966856,FRENET,0,1.91164,0,0.0706232,1.91164,0.380327,0
17.4626,21.18,7.85786,0.000592311,1.04561,0.0924678,0.0966856,FRENET,0,1.91164,0,0.0706232,1.91164,0.380327,0
17.4667,21.18,7.85786,0.000592311,1.04561,0.0924678,0.0966856,FRENET,0,1.91164,0,0,1.91164,0.314037,0
17.4706,21.1904,7.85803,0.00103724,1.03831,-0.00421522,-0.0043767,FRENET,0,1.91164,0,0,1.91164,0.314037,0
17.4746,21.1904,7.85803,0.00103724,1.03831,-0.00421522,-0.0043767,FRENET,0,1.91164,0,0,1.91164,0.314037,0
17.4796,21.2008,7.85806,0.000507115,1.03239,-0.102046,-0.105351,FRENET,0,1.91164,0,0,1.91164,0.314037,0
17.4825,21.2008,7.85806,0.000507115,1.03239,-0.102046,-0.105351,FRENET,0,1.91164,0,0,1.91164,0.314037,0
17.4866,21.2008,7.85806,0.000507115,1.03239,-0.102046,-0.105351,FRENET,0,1.91164,0,0,1.91164,0.314037,0
17.4905,21.2111,7.85797,-0.000747888,1.0276,-0.122973,-0.126366,FRENET,0,1.91164,0,0,1.91164,0.314037,0
17.4946,21.2111,7.85797,-0.000747888,1.0276,-0.122973,-0.126366,FRENET,0,1.91164,0,0,1.91164,0.314037,0
17.4996,21.2213,7.85782,-0.00200163,1.02372,-0.144637,-0.148068,FRENET,0,1.91164,0,0,1.91164,0.314037,0
17.5027,21.2213,7.85782,-0.00200163,1.02372,-0.144637,-0.148068,FRENET,0,1.91164,0,0,1.91164,0.314037,0
17.5066,21.2213,7.85782,-0.00200163,1.02372,-0.144637,-0.148068,FRENET,0,1.91164,0,0,1.91164,0.314037,0
17.5107,21.2315,7.85761,-0.00351713,1.02058,-0.138471,-0.14132,FRENET,0,1.91164,0,0,1.91164,0.314037,0
17.5146,21.2315,7.85761,-0.00351713,1.02058,-0.138471,-0.14132,FRENET,0,1.91164,0,0,1.91164,0.314037,0
17.5193,21.2417,7.85738,-0.0048671,1.01803,-0.150362,-0.153073,FRENET,0,1.91164,0,0,1.91164,0.224628,0
17.5226,21.2417,7.85738,-0.0048671,1.01803,-0.150362,-0.153073,FRENET,0,1.91164,0,0,1.91164,0.224628,0
17.5266,21.2417,7.85738,-0.0048671,1.01803,-0.150362,-0.153073,FRENET,0,1.91164,0,0,1.91164,0.224628,0
17.5307,21.2519,7.85711,-0.00641781,1.01597,-0.140579,-0.142824,FRENET,0,1.91164,0,0,1.91164,0.224628,0
17.5345,21.2519,7.85711,-0.00641781,1.01597,-0.140579,-0.142824,FRENET,0,1.91164,0,0,1.91164,0.224628,0
17.5393,21.262,7.85683,-0.0077809,1.0143,-0.151082,-0.153243,FRENET,0,1.91164,0,0,1.91164,0.224628,0
17.5426,21.262,7.85683,-0.0077809,1.0143,-0.151082,-0.153243,FRENET,0,1.91164,0,0,1.91164,0.224628,0
17.5466,21.262,7.85683,-0.0077809,1.0143,-0.151082,-0.153243,FRENET,0,1.91164,0,0,1.91164,0.224628,0
17.5506,21.2722,7.85652,-0.00933536,1.01295,-0.140745,-0.142567,FRENET,0,1.91164,0,0,1.91164,0.224628,0
17.5547,21.2722,7.85652,-0.00933536,1.01295,-0.140745,-0.142567,FRENET,0,1.91164,0,0,1.91164,0.224628,0
17.5593,21.2823,7.85621,-0.010699,1.01186,-0.151024,-0.152814,FRENET,0,1.91164,0,0,1.91164,0.224628,0
17.5626,21.2823,7.85621,-0.010699,1.01186,-0.151024,-0.152814,FRENET,0,1.91164,0,0,1.91164,0.224628,0
17.5666,21.2823,7.85621,-0.010699,1.01186,-0.151024,-0.152814,FRENET,0,1.91164,0,0,1.91164,0.224628,0
17.5706,21.2924,7.85587,-0.0122522,1.01097,-0.1406,-0.142142,FRENET,0,1.79612,0,0,1.79612,0.342097,0
17.5746,21.2924,7.85587,-0.0122522,1.01097,-0.1406,-0.142142,FRENET,0,1.79612,0,0,1.79612,0.342097,0
17.5793,21.3023,7.85553,-0.0136105,0.974301,-0.152498,-0.148579,FRENET,0,1.79612,0,0,1.79612,0.342097,0
17.5826,21.3023,7.85553,-0.0136105,0.974301,-0.152498,-0.148579,FRENET,0,1.79612,0,0,1.79612,0.342097,0
17.5866,21.3023,7.85553,-0.0136105,0.974301,-0.152498,-0.148579,FRENET,0,1.79612,0,0,1.79612,0.342097,0
17.5907,21.3119,7.85517,-0.0151606,0.944608,-0.135341,-0.127844,FRENET,0,1.79612,0,0,1.79612,0.342097,0
17.5945,21.3119,7.85517,-0.0151606,0.944608,-0.135341,-0.127844,FRENET,0,1.79612,0,0,1.79612,0.342097,0
17.5994,21.3212,7.85482,-0.0164493,0.920562,-0.144318,-0.132854,FRENET,0,1.79612,0,0,1.79612,0.342097,0
17.6025,21.3212,7.85482,-0.0164493,0.920562,-0.144318,-0.132854,FRENET,0,1.79612,0,0,1.79612,0.342097,0
17.6065,21.3212,7.85482,-0.0164493,0.920562,-0.144318,-0.132854,FRENET,0,1.79612,0,0,1.79612,0.342097,0
17.6106,21.3303,7.85443,-0.0181675,0.901089,-0.206018,-0.18564,FRENET,0,1.79612,0,0,1.79612,0.342097,0
17.6146,21.3303,7.85443,-0.0181675,0.901089,-0.206018,-0.18564,FRENET,0,1.79612,0,0,1.79612,0.342097,0
17.6192,21.3393,7.85395,-0.0204431,0.903898,-0.240394,-0.217292,FRENET,0,1.79612,0,0,1.79612,0.342097,0
17.6225,21.3393,7.85395,-0.0204431,0.903898,-0.240394,-0.217292,FRENET,0,1.79612,0,0.0195738,1.79612,0.355473,0
17.6266,21.3393,7.85395,-0.0204431,0.903898,-0.240394,-0.217292,FRENET,0,1.79612,0,0.0195738,1.79612,0.355473,0
17.6308,21.3484,7.8534,-0.0230408,0.906574,-0.2892,-0.262182,FRENET,0,1.79612,0,0.0195738,1.79612,0.355473,0
17.6345,21.3484,7.8534,-0.0230408,0.906574,-0.2892,-0.262182,FRENET,0,1.79612,0,0.0195738,1.79612,0.355473,0
17.6394,21.3574,7.85275,-0.0260538,0.909123,-0.290959,-0.264517,FRENET,0,1.79612,0,0.0195738,1.79612,0.355473,0
17.6427,21.3574,7.85275,-0.0260538,0.909123,-0.290959,-0.264517,FRENET,0,1.79612,0,0.0195738,1.79612,0.355473,0
17.6466,21.3574,7.85275,-0.0260538,0.909123,-0.290959,-0.264517,FRENET,0,1.79612,0,0.0195738,1.79612,0.355473,0
17.6506,21.3665,7.85208,-0.0287229,0.91155,-0.235526,-0.214694,FRENET,0,1.79612,0,0.0195738,1.79612,0.355473,0
17.6546,21.3665,7.85208,-0.0287229,0.91155,-0.235526,-0.214694,FRENET,0,1.79612,0,0.0195738,1.79612,0.355473,0
17.6592,21.3756,7.85146,-0.0307155,0.913862,-0.160436,-0.146616,FRENET,0,1.79612,0,0.0195738,1.79612,0.355473,0
17.6625,21.3756,7.85146,-0.0307155,0.913862,-0.160436,-0.146616,FRENET,0,1.79612,0,0.0195738,1.79612,0.355473,0
17.6666,21.3756,7.85146,-0.0307155,0.913862,-0.160436,-0.146616,FRENET,0,1.79612,0,0.0195738,1.79612,0.355473,0
17.6707,21.3847,7.85089,-0.032148,0.916064,-0.150826,-0.138166,FRENET,0,1.79612,0,0.0231306,1.79612,0.354388,0
17.6747,21.3847,7.85089,-0.032148,0.916064,-0.150826,-0.138166,FRENET,0,1.79612,0,0.0231306,1.79612,0.354388,0
17.6793,21.3939,7.85033,-0.0336494,0.918161,-0.131825,-0.121037,FRENET,0,1.79612,0,0.0231306,1.79612,0.354388,0
17.6824,21.3939,7.85033,-0.0336494,0.918161,-0.131825,-0.121037,FRENET,0,1.79612,0,0.0231306,1.79612,0.354388,0
17.6865,21.3939,7.85033,-0.0336494,0.918161,-0.131825,-0.121037,FRENET,0,1.79612,0,0.0231306,1.79612,0.354388,0
17.6907,21.4031,7.84979,-0.0349121,0.920159,-0.140701,-0.129467,FRENET,0,1.79612,0,0.0231306,1.79612,0.354388,0
17.6946,21.4031,7.84979,-0.0349121,0.920159,-0.140701,-0.129467,FRENET,0,1.79612,0,0.0231306,1.79612,0.354388,0
17.6992,21.4123,7.84924,-0.0363523,0.922061,-0.12819,-0.118199,FRENET,0,1.79612,0,0.0231306,1.79612,0.354388,0
17.7025,21.4123,7.84924,-0.0363523,0.922061,-0.12819,-0.118199,FRENET,0,1.79612,0,0.0231306,1.79612,0.354388,0
17.7065,21.4123,7.84924,-0.0363523,0.922061,-0.12819,-0.118199,FRENET,0,1.79612,0,0.0231306,1.79612,0.354388,0
17.7106,21.4215,7.84869,-0.037593,0.923873,-0.139391,-0.12878,FRENET,0,1.79612,0,0.0231306,1.79612,0.354388,0
17.7146,21.4215,7.84869,-0.037593,0.923873,-0.139391,-0.12878,FRENET,0,1.79612,0,0.0231306,1.79612,0.354388,0
17.7194,21.4307,7.84811,-0.039026,0.925599,-0.127879,-0.118364,FRENET,0,1.79612,0,0.0231306,1.79612,0.354388,0
17.7225,21.4307,7.84811,-0.039026,0.925599,-0.127879,-0.118364,FRENET,0.123197,2.8432,0.123197,0,2.8432,0.339506,0
17.7266,21.4307,7.84811,-0.039026,0.925599,-0.127879,-0.118364,FRENET,0.123197,2.8432,0.123197,0,2.8432,0.339506,0
17.7306,21.4399,7.84754,-0.0402633,0.916965,-0.13972,-0.128119,FRENET,0.123197,2.8432,0.123197,0,2.8432,0.339506,0
17.7348,21.4399,7.84754,-0.0402633,0.916965,-0.13972,-0.128119,FRENET,0.123197,2.8432,0.123197,0,2.8432,0.339506,0
17.7395,21.449,7.84695,-0.0416956,0.909973,-0.12643,-0.115048,FRENET,0.123197,2.8432,0.123197,0,2.8432,0.339506,0
17.7426,21.449,7.84695,-0.0416956,0.909973,-0.12643,-0.115048,FRENET,0.123197,2.8432,0.123197,0,2.8432,0.339506,0
17.7465,21.449,7.84695,-0.0416956,0.909973,-0.12643,-0.115048,FRENET,0.123197,2.8432,0.123197,0,2.8432,0.339506,0
17.7505,21.4581,7.8464,-0.0426738,0.90431,-0.0629043,-0.056885,FRENET,0.123197,2.8432,0.123197,0,2.8432,0.339506,0
17.7546,21.4581,7.8464,-0.0426738,0.90431,-0.0629043,-0.056885,FRENET,0.123197,2.8432,0.123197,0,2.8432,0.339506,0
17.7594,21.4671,7.84592,-0.0429185,0.899725,0.0159242,0.0143274,FRENET,0.123197,2.8432,0.123197,0,2.8432,0.339506,0
17.7627,21.4671,7.84592,-0.0429185,0.899725,0.0159242,0.0143274,FRENET,0.123197,2.8432,0.123197,0,2.8432,0.339506,0
17.7667,21.4671,7.84592,-0.0429185,0.899725,0.0159242,0.0143274,FRENET,0.123197,2.8432,0.123197,0,2.8432,0.339506,0
17.7709,21.4761,7.84555,-0.0423458,0.896012,0.0992311,0.0889122,FRENET,0.123197,2.8432,0.123197,0,2.8432,0.339506,0
17.7749,21.4761,7.84555,-0.0423458,0.896012,0.0992311,0.0889122,FRENET,0.138762,2.8432,0.138762,0,2.8432,0.338165,0
17.7792,21.485,7.8453,-0.0409321,0.893005,0.183719,0.164062,FRENET,0.138762,2.8432,0.138762,0,2.8432,0.338165,0
17.7826,21.485,7.8453,-0.0409321,0.893005,0.183719,0.164062,FRENET,0.138762,2.8432,0.138762,0,2.8432,0.338165,0
17.7867,21.485,7.8453,-0.0409321,0.893005,0.183719,0.164062,FRENET,0.138762,2.8432,0.138762,0,2.8432,0.338165,0
17.7906,21.4939,7.84521,-0.0386719,0.89057,0.268419,0.239046,FRENET,0.138762,2.8432,0.138762,0,2.8432,0.338165,0
17.7945,21.4939,7.84521,-0.0386719,0.89057,0.268419,0.239046,FRENET,0.138762,2.8432,0.138762,0,2.8432,0.338165,0
17.7993,21.5028,7.84524,-0.0358011,0.888598,0.27952,0.248381,FRENET,0.138762,2.8432,0.138762,0,2.8432,0.338165,0
17.8027,21.5028,7.84524,-0.0358011,0.888598,0.27952,0.248381,FRENET,0.138762,2.8432,0.138762,0,2.8432,0.338165,0
17.8066,21.5028,7.84524,-0.0358011,0.888598,0.27952,0.248381,FRENET,0.138762,2.8432,0.138762,0,2.8432,0.338165,0
17.8107,21.5117,7.84533,-0.0329946,0.887001,0.299797,0.265921,FRENET,0.138762,2.8432,0.138762,0,2.8432,0.338165,0
17.8145,21.5117,7.84533,-0.0329946,0.887001,0.299797,0.265921,FRENET,0.138762,2.8432,0.138762,0,2.8432,0.338165,0
17.8193,21.5205,7.84551,-0.0298244,0.885708,0.326755,0.28941,FRENET,0.138762,2.8432,0.138762,0,2.8432,0.338165,0
17.8227,21.5205,7.84551,-0.0298244,0.885708,0.326755,0.28941,FRENET,0.138762,2.8432,0.138762,0,2.8432,0.338165,0
17.8265,21.5205,7.84551,-0.0298244,0.885708,0.326755,0.28941,FRENET,0.125003,2.8432,0.125003,0.0274868,2.8432,0.359726,0
17.8305,21.5294,7.84575,-0.0265015,0.884661,0.335495,0.296799,FRENET,0.125003,2.8432,0.125003,0.0274868,2.8432,0.359726,0
17.8345,21.5294,7.84575,-0.0265015,0.884661,0.335495,0.296799,FRENET,0.125003,2.8432,0.125003,0.0274868,2.8432,0.359726,0
17.8393,21.5382,7.84605,-0.0230111,0.883813,0.374962,0.331396,FRENET,0.125003,2.8432,0.125003,0.0274868,2.8432,0.359726,0
17.8424,21.5382,7.84605,-0.0230111,0.883813,0.374962,0.331396,FRENET,0.125003,2.8432,0.125003,0.0274868,2.8432,0.359726,0
17.8468,21.5382,7.84605,-0.0230111,0.883813,0.374962,0.331396,FRENET,0.125003,2.8432,0.125003,0.0274868,2.8432,0.359726,0
17.8506,21.5471,7.84643,-0.0191683,0.883126,0.371303,0.327908,FRENET,0.125003,2.8432,0.125003,0.0274868,2.8432,0.359726,0
17.8546,21.5471,7.84643,-0.0191683,0.883126,0.371303,0.327908,FRENET,0.125003,2.8432,0.125003,0.0274868,2.8432,0.359726,0
17.8593,21.5559,7.84685,-0.0154745,0.88257,0.386642,0.341238,FRENET,0.125003,2.8432,0.125003,0.0274868,2.8432,0.359726,0
17.8627,21.5559,7.84685,-0.0154745,0.88257,0.386642,0.341238,FRENET,0.125003,2.8432,0.125003,0.0274868,2.8432,0.359726,0
17.8669,21.5559,7.84685,-0.0154745,0.88257,0.386642,0.341238,FRENET,0.125003,2.8432,0.125003,0.0274868,2.8432,0.359726,0
17.8708,21.5647,7.84733,-0.0115645,0.88212,0.375204,0.330975,FRENET,0.125003,2.8432,0.125003,0.0274868,2.8432,0.359726,0
17.8745,21.5647,7.84733,-0.0115645,0.88212,0.375204,0.330975,FRENET,0.125003,2.8432,0.125003,0.0274868,2.8432,0.359726,0
17.8792,21.5736,7.84782,-0.0080619,0.904246,0.321428,0.29065,FRENET,0,2.52046,0,0.0157842,2.52046,0.365111,0
17.8824,21.5736,7.84782,-0.0080619,0.904246,0.321428,0.29065,FRENET,0,2.52046,0,0.0157842,2.52046,0.365111,0
17.8866,21.5736,7.84782,-0.0080619,0.904246,0.321428,0.29065,FRENET,0,2.52046,0,0.0157842,2.52046,0.365111,0
17.8906,21.5827,7.84829,-0.00495699,0.92532,0.321288,0.297294,FRENET,0,2.52046,0,0.0157842,2.52046,0.365111,0
17.8947,21.5827,7.84829,-0.00495699,0.92532,0.321288,0.297294,FRENET,0,2.52046,0,0.0157842,2.52046,0.365111,0
17.8993,21.5921,7.84879,-0.00171324,0.945392,0.311137,0.294147,FRENET,0,2.52046,0,0.0157842,2.52046,0.365111,0
17.9025,21.5921,7.84879,-0.00171324,0.945392,0.311137,0.294147,FRENET,0,2.52046,0,0.0157842,2.52046,0.365111,0
17.9066,21.5921,7.84879,-0.00171324,0.945392,0.311137,0.294147,FRENET,0,2.52046,0,0.0157842,2.52046,0.365111,0
17.9106,21.6016,7.84928,0.00115142,0.96451,0.255855,0.246775,FRENET,0,2.52046,0,0.0157842,2.52046,0.365111,0
17.9146,21.6016,7.84928,0.00115142,0.96451,0.255855,0.246775,FRENET,0,2.52046,0,0.0157842,2.52046,0.365111,0
17.9193,21.6113,7.84972,0.00335262,0.982718,0.181793,0.178651,FRENET,0,2.52046,0,0.0157842,2.52046,0.365111,0
17.9225,21.6113,7.84972,0.00335262,0.982718,0.181793,0.178651,FRENET,0,2.52046,0,0.0157842,2.52046,0.365111,0
17.9265,21.6113,7.84972,0.00335262,0.982718,0.181793,0.178651,FRENET,0,2.52046,0,0,2.52046,0.269991,0
17.9305,21.6213,7.85006,0.00475917,1.00006,0.0981161,0.0981221,FRENET,0,2.52046,0,0,2.52046,0.269991,0
17.9345,21.6213,7.85006,0.00475917,1.00006,0.0981161,0.0981221,FRENET,0,2.52046,0,0,2.52046,0.269991,0
17.9392,21.6313,7.8503,0.00529626,1.01658,0.00838344,0.00852243,FRENET,0,2.52046,0,0,2.52046,0.269991,0
17.9426,21.6313,7.8503,0.00529626,1.01658,0.00838344,0.00852243,FRENET,0,2.52046,0,0,2.52046,0.269991,0
17.9465,21.6313,7.8503,0.00529626,1.01658,0.00838344,0.00852243,FRENET,0,2.52046,0,0,2.52046,0.269991,0
17.9506,21.6416,7.8504,0.00491251,1.03231,-0.0858172,-0.0885901,FRENET,0,2.52046,0,0,2.52046,0.269991,0
17.9546,21.6416,7.8504,0.00491251,1.03231,-0.0858172,-0.0885901,FRENET,0,2.52046,0,0,2.52046,0.269991,0
17.9592,21.652,7.85036,0.00356789,1.0473,-0.183657,-0.192343,FRENET,0,2.52046,0,0,2.52046,0.269991,0
17.9624,21.652,7.85036,0.00356789,1.0473,-0.183657,-0.192343,FRENET,0,2.52046,0,0,2.52046,0.269991,0
17.9667,21.652,7.85036,0.00356789,1.0473,-0.183657,-0.192343,FRENET,0,2.52046,0,0,2.52046,0.269991,0
17.9707,21.6625,7.85017,0.00146574,1.06157,-0.213067,-0.226185,FRENET,0,2.52046,0,0,2.52046,0.269991,0
17.9746,21.6625,7.85017,0.00146574,1.06157,-0.213067,-0.226185,FRENET,0,2.52046,0,0,2.52046,0.269991,0
17.9793,21.6732,7.8499,-0.000728263,1.07516,-0.240741,-0.258836,FRENET,0,2.52046,0,0.012826,2.52046,0.404979,0
17.9824,21.6732,7.8499,-0.000728263,1.07516,-0.240741,-0.258836,FRENET,0,2.52046,0,0.012826,2.52046,0.404979,0
17.9867,21.6732,7.8499,-0.000728263,1.07516,-0.240741,-0.258836,FRENET,0,2.52046,0,0.012826,2.52046,0.404979,0
17.9905,21.684,7.84954,-0.00323822,1.08811,-0.2427,-0.264084,FRENET,0,2.52046,0,0.012826,2.52046,0.404979,0
17.9946,21.684,7.84954,-0.00323822,1.08811,-0.2427,-0.264084,FRENET,0,2.52046,0,0.012826,2.52046,0.404979,0
17.9992,21.6949,7.84915,-0.00565823,1.10044,-0.258264,-0.284204,FRENET,0,2.52046,0,0.012826,2.52046,0.404979,0
18.0025,21.6949,7.84915,-0.00565823,1.10044,-0.258264,-0.284204,FRENET,0,2.52046,0,0.012826,2.52046,0.404979,0
18.0064,21.6949,7.84915,-0.00565823,1.10044,-0.258264,-0.284204,FRENET,0,2.52046,0,0.012826,2.52046,0.404979,0
18.0105,21.706,7.84869,-0.00831221,1.11219,-0.254766,-0.283347,FRENET,0,2.52046,0,0.012826,2.52046,0.404979,0
18.0147,21.706,7.84869,-0.00831221,1.11219,-0.254766,-0.283347,FRENET,0,2.52046,0,0.012826,2.52046,0.404979,0
18.0193,21.7172,7.8482,-0.0108323,1.13526,-0.266233,-0.302244,FRENET,0,2.52046,0,0.012826,2.52046,0.404979,0
18.0226,21.7172,7.8482,-0.0108323,1.13526,-0.266233,-0.302244,FRENET,0,2.52046,0,0.012826,2.52046,0.404979,0
18.0265,21.7172,7.8482,-0.0108323,1.13526,-0.266233,-0.302244,FRENET,0,2.52046,0,0.012826,2.52046,0.404979,0
18.0307,21.7287,7.84765,-0.0135635,1.15724,-0.263593,-0.305039,FRENET,0,2.32598,0,0,2.32598,0.422393,0
18.0346,21.7287,7.84765,-0.0135635,1.15724,-0.263593,-0.305039,FRENET,0,2.32598,0,0,2.32598,0.422393,0
18.0393,21.7399,7.84713,-0.0158764,1.08806,-0.186436,-0.202854,FRENET,0,2.32598,0,0,2.32598,0.422393,0
18.0426,21.7399,7.84713,-0.0158764,1.08806,-0.186436,-0.202854,FRENET,0,2.32598,0,0,2.32598,0.422393,0
18.0466,21.7399,7.84713,-0.0158764,1.08806,-0.186436,-0.202854,FRENET,0,2.32598,0,0,2.32598,0.422393,0
18.0507,21.7505,7.84668,-0.0175334,1.03204,-0.173285,-0.178837,FRENET,0,2.32598,0,0,2.32598,0.422393,0
18.0546,21.7505,7.84668,-0.0175334,1.03204,-0.173285,-0.178837,FRENET,0,2.32598,0,0,2.32598,0.422393,0
18.0593,21.7606,7.84621,-0.0195284,0.986675,-0.234587,-0.231461,FRENET,0,2.32598,0,0,2.32598,0.422393,0
18.0624,21.7606,7.84621,-0.0195284,0.986675,-0.234587,-0.231461,FRENET,0,2.32598,0,0,2.32598,0.422393,0
18.0667,21.7606,7.84621,-0.0195284,0.986675,-0.234587,-0.231461,FRENET,0,2.32598,0,0,2.32598,0.422393,0
18.0704,21.7702,7.84568,-0.0219774,0.949938,-0.22817,-0.216747,FRENET,0,2.32598,0,0,2.32598,0.422393,0
18.0745,21.7702,7.84568,-0.0219774,0.949938,-0.22817,-0.216747,FRENET,0,2.32598,0,0,2.32598,0.422393,0
18.0793,21.7796,7.84516,-0.0241972,0.920189,-0.237154,-0.218227,FRENET,0,2.32598,0,0.0132362,2.32598,0.397958,0
18.0826,21.7796,7.84516,-0.0241972,0.920189,-0.237154,-0.218227,FRENET,0,2.32598,0,0.0132362,2.32598,0.397958,0
18.0866,21.7796,7.84516,-0.0241972,0.920189,-0.237154,-0.218227,FRENET,0,2.32598,0,0.0132362,2.32598,0.397958,0
18.0905,21.7886,7.84459,-0.0265751,0.896098,-0.216597,-0.194092,FRENET,0,2.32598,0,0.0132362,2.32598,0.397958,0
18.0945,21.7886,7.84459,-0.0265751,0.896098,-0.216597,-0.194092,FRENET,0,2.32598,0,0.0132362,2.32598,0.397958,0
18.0994,21.7975,7.84403,-0.0286682,0.876589,-0.224173,-0.196508,FRENET,0,2.32598,0,0.0132362,2.32598,0.397958,0
18.1024,21.7975,7.84403,-0.0286682,0.876589,-0.224173,-0.196508,FRENET,0,2.32598,0,0.0132362,2.32598,0.397958,0
18.1066,21.7975,7.84403,-0.0286682,0.876589,-0.224173,-0.196508,FRENET,0,2.32598,0,0.0132362,2.32598,0.397958,0
18.1106,21.8061,7.84344,-0.0309204,0.860791,-0.205086,-0.176536,FRENET,0,2.32598,0,0.0132362,2.32598,0.397958,0
18.1146,21.8061,7.84344,-0.0309204,0.860791,-0.205086,-0.176536,FRENET,0,2.32598,0,0.0132362,2.32598,0.397958,0
18.1191,21.8147,7.84286,-0.032912,0.847998,-0.214973,-0.182297,FRENET,0,2.32598,0,0.0132362,2.32598,0.397958,0
18.1225,21.8147,7.84286,-0.032912,0.847998,-0.214973,-0.182297,FRENET,0,2.32598,0,0.0132362,2.32598,0.397958,0
18.1266,21.8147,7.84286,-0.032912,0.847998,-0.214973,-0.182297,FRENET,0,2.32598,0,0.0132362,2.32598,0.397958,0
18.1304,21.8231,7.84225,-0.0350802,0.837638,-0.197604,-0.165521,FRENET,0,2.32598,0,0,2.32598,0.37279,0
18.1345,21.8231,7.84225,-0.0350802,0.837638,-0.197604,-0.165521,FRENET,0,2.32598,0,0,2.32598,0.37279,0
18.1393,21.8314,7.84164,-0.0370068,0.829248,-0.209135,-0.173425,FRENET,0,2.32598,0,0,2.32598,0.37279,0
18.1425,21.8314,7.84164,-0.0370068,0.829248,-0.209135,-0.173425,FRENET,0,2.32598,0,0,2.32598,0.37279,0
18.1464,21.8314,7.84164,-0.0370068,0.829248,-0.209135,-0.173425,FRENET,0,2.32598,0,0,2.32598,0.37279,0
18.1504,21.8396,7.841,-0.0391215,0.822454,-0.192838,-0.158601,FRENET,0,2.32598,0,0,2.32598,0.37279,0
18.1544,21.8396,7.841,-0.0391215,0.822454,-0.192838,-0.158601,FRENET,0,2.32598,0,0,2.32598,0.37279,0
18.1591,21.8478,7.84037,-0.0410067,0.816953,-0.205405,-0.167806,FRENET,0,2.32598,0,0,2.32598,0.37279,0
18.1625,21.8478,7.84037,-0.0410067,0.816953,-0.205405,-0.167806,FRENET,0,2.32598,0,0,2.32598,0.37279,0
18.1666,21.8478,7.84037,-0.0410067,0.816953,-0.205405,-0.167806,FRENET,0,2.32598,0,0,2.32598,0.37279,0
18.1706,21.8559,7.83971,-0.0430872,0.812497,-0.189768,-0.154186,FRENET,0,2.32598,0,0,2.32598,0.37279,0
18.1746,21.8559,7.83971,-0.0430872,0.812497,-0.189768,-0.154186,FRENET,0,2.32598,0,0,2.32598,0.37279,0
18.1792,21.864,7.83904,-0.0449456,0.80889,-0.202995,-0.1642,FRENET,0,2.32598,0,0,2.32598,0.37279,0
18.1825,21.864,7.83904,-0.0449456,0.80889,-0.202995,-0.1642,FRENET,0,2.14612,0,0,2.14612,0.356844,0
18.1867,21.864,7.83904,-0.0449456,0.80889,-0.202995,-0.1642,FRENET,0,2.14612,0,0,2.14612,0.356844,0
18.1907,21.872,7.83836,-0.0470054,0.800193,-0.186985,-0.149625,FRENET,0,2.14612,0,0,2.14612,0.356844,0
18.1945,21.872,7.83836,-0.0470054,0.800193,-0.186985,-0.149625,FRENET,0,2.14612,0,0,2.14612,0.356844,0
18.1992,21.8799,7.83768,-0.0488341,0.793151,-0.200289,-0.158859,FRENET,0,2.14612,0,0,2.14612,0.356844,0
18.2026,21.8799,7.83768,-0.0488341,0.793151,-0.200289,-0.158859,FRENET,0,2.14612,0,0,2.14612,0.356844,0
18.2067,21.8799,7.83768,-0.0488341,0.793151,-0.200289,-0.158859,FRENET,0,2.14612,0,0,2.14612,0.356844,0
18.2106,21.8878,7.83697,-0.0508607,0.787448,-0.183626,-0.144596,FRENET,0,2.14612,0,0,2.14612,0.356844,0
18.2145,21.8878,7.83697,-0.0508607,0.787448,-0.183626,-0.144596,FRENET,0,2.14612,0,0,2.14612,0.356844,0
18.2193,21.8956,7.83627,-0.052658,0.78283,-0.197381,-0.154516,FRENET,0,2.14612,0,0,2.14612,0.356844,0
18.2226,21.8956,7.83627,-0.052658,0.78283,-0.197381,-0.154516,FRENET,0,2.14612,0,0,2.14612,0.356844,0
18.2266,21.8956,7.83627,-0.052658,0.78283,-0.197381,-0.154516,FRENET,0,2.14612,0,0,2.14612,0.356844,0
18.2306,21.9034,7.83555,-0.0546571,0.77909,-0.181119,-0.141108,FRENET,0,2.14612,0,0,2.14612,0.356844,0
18.2346,21.9034,7.83555,-0.0546571,0.77909,-0.181119,-0.141108,FRENET,0,2.14612,0,0,2.14612,0.35027,0
18.2395,21.9112,7.83482,-0.0564325,0.776062,-0.195403,-0.151645,FRENET,0,2.14612,0,0,2.14612,0.35027,0
18.2426,21.9112,7.83482,-0.0564325,0.776062,-0.195403,-0.151645,FRENET,0,2.14612,0,0,2.14612,0.35027,0
18.2464,21.9112,7.83482,-0.0564325,0.776062,-0.195403,-0.151645,FRENET,0,2.14612,0,0,2.14612,0.35027,0
18.2506,21.9189,7.83407,-0.0584133,0.773609,-0.179463,-0.138834,FRENET,0,2.14612,0,0,2.14612,0.35027,0
18.2546,21.9189,7.83407,-0.0584133,0.773609,-0.179463,-0.138834,FRENET,0,2.14612,0,0,2.14612,0.35027,0
18.2593,21.9266,7.83334,-0.059954,0.771623,-0.122624,-0.0946193,FRENET,0,2.14612,0,0,2.14612,0.35027,0
18.2626,21.9266,7.83334,-0.059954,0.771623,-0.122624,-0.0946193,FRENET,0,2.14612,0,0,2.14612,0.35027,0
18.2667,21.9266,7.83334,-0.059954,0.771623,-0.122624,-0.0946193,FRENET,0,2.14612,0,0,2.14612,0.35027,0
18.2707,21.9342,7.83266,-0.0610652,0.770015,-0.125291,-0.0964758,FRENET,0,2.14612,0,0,2.14612,0.35027,0
18.2746,21.9342,7.83266,-0.0610652,0.770015,-0.125291,-0.0964758,FRENET,0,2.14612,0,0,2.14612,0.35027,0
18.2792,21.9419,7.83198,-0.0623214,0.768713,-0.10592,-0.0814219,FRENET,0,2.14612,0,0,2.14612,0.35027,0
18.2825,21.9419,7.83198,-0.0623214,0.768713,-0.10592,-0.0814219,FRENET,0,2.14612,0,0,2.14612,0.371039,0
18.2865,21.9419,7.83198,-0.0623214,0.768713,-0.10592,-0.0814219,FRENET,0,2.14612,0,0,2.14612,0.371039,0
18.2905,21.9496,7.83132,-0.0633446,0.774542,-0.119667,-0.0926873,FRENET,0,2.14612,0,0,2.14612,0.371039,0
18.2945,21.9496,7.83132,-0.0633446,0.774542,-0.119667,-0.0926873,FRENET,0,2.14612,0,0,2.14612,0.371039,0
18.2991,21.9573,7.83063,-0.0645716,0.780094,-0.105409,-0.0822292,FRENET,0,2.14612,0,0,2.14612,0.371039,0
18.3028,21.9573,7.83063,-0.0645716,0.780094,-0.105409,-0.0822292,FRENET,0,2.14612,0,0,2.14612,0.371039,0
18.3067,21.9573,7.83063,-0.0645716,0.780094,-0.105409,-0.0822292,FRENET,0,2.14612,0,0,2.14612,0.371039,0
18.3106,21.9651,7.82996,-0.0653813,0.785382,-0.0504908,-0.0396546,FRENET,0,2.14612,0,0,2.14612,0.371039,0
18.3146,21.9651,7.82996,-0.0653813,0.785382,-0.0504908,-0.0396546,FRENET,0,2.14612,0,0,2.14612,0.371039,0
18.3192,21.973,7.82935,-0.0657719,0.790419,-0.0521076,-0.0411868,FRENET,0,2.14612,0,0,2.14612,0.371039,0
18.3224,21.973,7.82935,-0.0657719,0.790419,-0.0521076,-0.0411868,FRENET,0,2.14612,0,0,2.14612,0.371039,0
18.3265,21.973,7.82935,-0.0657719,0.790419,-0.0521076,-0.0411868,FRENET,0,2.14612,0,0,2.14612,0.371039,0
18.3307,21.9809,7.82873,-0.0662978,0.795216,-0.0339344,-0.0269852,FRENET,0,2.14612,0,0,2.14612,0.371039,0
18.3345,21.9809,7.82873,-0.0662978,0.795216,-0.0339344,-0.0269852,FRENET,0,2.14612,0,0,2.14612,0.368447,0
18.3392,21.9888,7.82813,-0.0665966,0.799785,-0.0465228,-0.0372082,FRENET,0,2.14612,0,0,2.14612,0.368447,0
18.3425,21.9888,7.82813,-0.0665966,0.799785,-0.0465228,-0.0372082,FRENET,0,2.14612,0,0,2.14612,0.368447,0
18.3464,21.9888,7.82813,-0.0665966,0.799785,-0.0465228,-0.0372082,FRENET,0,2.14612,0,0,2.14612,0.368447,0
18.3505,21.9968,7.82752,-0.0670911,0.804137,-0.0322088,-0.0259003,FRENET,0,2.14612,0,0,2.14612,0.368447,0
18.3545,21.9968,7.82752,-0.0670911,0.804137,-0.0322088,-0.0259003,FRENET,0,2.14612,0,0,2.14612,0.368447,0
18.3592,22.0049,7.82692,-0.0673801,0.808282,-0.0459036,-0.037103,FRENET,0,2.14612,0,0,2.14612,0.368447,0
18.3624,22.0049,7.82692,-0.0673801,0.808282,-0.0459036,-0.037103,FRENET,0,2.14612,0,0,2.14612,0.368447,0
18.3665,22.0049,7.82692,-0.0673801,0.808282,-0.0459036,-0.037103,FRENET,0,2.14612,0,0,2.14612,0.368447,0
18.3705,22.013,7.8263,-0.067872,0.812229,-0.0322662,-0.0262076,FRENET,0,2.14612,0,0,2.14612,0.368447,0
18.3743,22.013,7.8263,-0.067872,0.812229,-0.0322662,-0.0262076,FRENET,0,2.14612,0,0,2.14612,0.368447,0
18.3792,22.0211,7.82569,-0.0681623,0.815989,-0.045999,-0.0375347,FRENET,0,2.14612,0,0,2.14612,0.368447,0
18.3824,22.0211,7.82569,-0.0681623,0.815989,-0.045999,-0.0375347,FRENET,0,2.14612,0,0,2.14612,0.368447,0
18.3864,22.0211,7.82569,-0.0681623,0.815989,-0.045999,-0.0375347,FRENET,0,2.40473,0,0,2.40473,0.379859,0
18.3905,22.0292,7.82506,-0.0686562,0.819571,-0.0326037,-0.026721,FRENET,0,2.40473,0,0,2.40473,0.379859,0
18.3947,22.0292,7.82506,-0.0686562,0.819571,-0.0326037,-0.026721,FRENET,0,2.40473,0,0,2.40473,0.379859,0
18.3992,22.0374,7.82444,-0.0689491,0.821234,-0.0463096,-0.0380311,FRENET,0,2.40473,0,0,2.40473,0.379859,0
18.4025,22.0374,7.82444,-0.0689491,0.821234,-0.0463096,-0.0380311,FRENET,0,2.40473,0,0,2.40473,0.379859,0
18.4066,22.0374,7.82444,-0.0689491,0.821234,-0.0463096,-0.0380311,FRENET,0,2.40473,0,0,2.40473,0.379859,0
18.4105,22.0456,7.82381,-0.0694462,0.822819,-0.0327878,-0.0269784,FRENET,0,2.40473,0,0,2.40473,0.379859,0
18.4144,22.0456,7.82381,-0.0694462,0.822819,-0.0327878,-0.0269784,FRENET,0,2.40473,0,0,2.40473,0.379859,0
18.4192,22.0538,7.82318,-0.0697407,0.824328,-0.0464217,-0.0382668,FRENET,0,2.40473,0,0,2.40473,0.379859,0
18.4225,22.0538,7.82318,-0.0697407,0.824328,-0.0464217,-0.0382668,FRENET,0,2.40473,0,0,2.40473,0.379859,0
18.4265,22.0538,7.82318,-0.0697407,0.824328,-0.0464217,-0.0382668,FRENET,0,2.40473,0,0,2.40473,0.379859,0
18.4306,22.062,7.82251,-0.0704644,0.825766,-0.104447,-0.0862491,FRENET,0,2.40473,0,0,2.40473,0.379859,0
18.4346,22.062,7.82251,-0.0704644,0.825766,-0.104447,-0.0862491,FRENET,0,2.40473,0,0,2.40473,0.379859,0
18.4393,22.0703,7.82177,-0.0716343,0.827135,-0.105047,-0.0868878,FRENET,0,2.40473,0,0,2.40473,0.40108,0
18.4427,22.0703,7.82177,-0.0716343,0.827135,-0.105047,-0.0868878,FRENET,0,2.40473,0,0,2.40473,0.40108,0
18.4467,22.0703,7.82177,-0.0716343,0.827135,-0.105047,-0.0868878,FRENET,0,2.40473,0,0,2.40473,0.40108,0
18.4505,22.0785,7.82102,-0.0726812,0.828439,-0.123358,-0.102195,FRENET,0,2.40473,0,0,2.40473,0.40108,0
18.4545,22.0785,7.82102,-0.0726812,0.828439,-0.123358,-0.102195,FRENET,0,2.40473,0,0,2.40473,0.40108,0
18.4591,22.0868,7.82023,-0.0739603,0.829681,-0.111771,-0.0927344,FRENET,0,2.40473,0,0,2.40473,0.40108,0
18.4624,22.0868,7.82023,-0.0739603,0.829681,-0.111771,-0.0927344,FRENET,0,2.40473,0,0,2.40473,0.40108,0
18.4669,22.0868,7.82023,-0.0739603,0.829681,-0.111771,-0.0927344,FRENET,0,2.40473,0,0,2.40473,0.40108,0
18.471,22.0951,7.81943,-0.07505,0.838822,-0.125753,-0.105485,FRENET,0,2.40473,0,0,2.40473,0.40108,0
18.4745,22.0951,7.81943,-0.07505,0.838822,-0.125753,-0.105485,FRENET,0,2.40473,0,0,2.40473,0.40108,0
18.4794,22.1035,7.8186,-0.0763488,0.847528,-0.114611,-0.0971358,FRENET,0,2.40473,0,0,2.40473,0.40108,0
18.4825,22.1035,7.8186,-0.0763488,0.847528,-0.114611,-0.0971358,FRENET,0,2.40473,0,0,2.40473,0.40108,0
18.4867,22.1035,7.8186,-0.0763488,0.847528,-0.114611,-0.0971358,FRENET,0,2.40473,0,0,2.40473,0.337237,0
18.4907,22.1119,7.81778,-0.077244,0.855821,-0.0582755,-0.0498734,FRENET,0,2.40473,0,0,2.40473,0.337237,0
18.4945,22.1119,7.81778,-0.077244,0.855821,-0.0582755,-0.0498734,FRENET,0,2.40473,0,0,2.40473,0.337237,0
18.4994,22.1205,7.817,-0.0777006,0.863719,-0.0563114,-0.0486372,FRENET,0,2.40473,0,0,2.40473,0.337237,0
18.5026,22.1205,7.817,-0.0777006,0.863719,-0.0563114,-0.0486372,FRENET,0,2.40473,0,0,2.40473,0.337237,0
18.5066,22.1205,7.817,-0.0777006,0.863719,-0.0563114,-0.0486372,FRENET,0,2.40473,0,0,2.40473,0.337237,0
18.5105,22.1291,7.81623,-0.078269,0.871241,-0.0393212,-0.0342582,FRENET,0,2.40473,0,0,2.40473,0.337237,0
18.5145,22.1291,7.81623,-0.078269,0.871241,-0.0393212,-0.0342582,FRENET,0,2.40473,0,0,2.40473,0.337237,0
18.5191,22.1379,7.81546,-0.0786155,0.878406,-0.0496448,-0.0436083,FRENET,0,2.40473,0,0,2.40473,0.337237,0
18.5225,22.1379,7.81546,-0.0786155,0.878406,-0.0496448,-0.0436083,FRENET,0,2.40473,0,0,2.40473,0.337237,0
18.5264,22.1379,7.81546,-0.0786155,0.878406,-0.0496448,-0.0436083,FRENET,0,2.40473,0,0,2.40473,0.337237,0
18.5309,22.1466,7.81469,-0.0791451,0.88523,-0.0371862,-0.0329183,FRENET,0,2.40473,0,0,2.40473,0.337237,0
18.5345,22.1466,7.81469,-0.0791451,0.88523,-0.0371862,-0.0329183,FRENET,0,2.40473,0,0,2.40473,0.337237,0
18.5392,22.1555,7.81392,-0.0794792,0.89173,-0.0488963,-0.0436023,FRENET,0,2.18129,0,0.0199694,2.18129,0.212239,0
18.5424,22.1555,7.81392,-0.0794792,0.89173,-0.0488963,-0.0436023,FRENET,0,2.18129,0,0.0199694,2.18129,0.212239,0
18.5466,22.1555,7.81392,-0.0794792,0.89173,-0.0488963,-0.0436023,FRENET,0,2.18129,0,0.0199694,2.18129,0.212239,0
18.5506,22.1644,7.81313,-0.0800058,0.898304,-0.037311,-0.0335166,FRENET,0,2.18129,0,0.0199694,2.18129,0.212239,0
18.5545,22.1644,7.81313,-0.0800058,0.898304,-0.037311,-0.0335166,FRENET,0,2.18129,0,0.0199694,2.18129,0.212239,0
18.5593,22.1734,7.81234,-0.0803422,0.904566,-0.0490884,-0.0444037,FRENET,0,2.18129,0,0.0199694,2.18129,0.212239,0
18.5625,22.1734,7.81234,-0.0803422,0.904566,-0.0490884,-0.0444037,FRENET,0,2.18129,0,0.0199694,2.18129,0.212239,0
18.5664,22.1734,7.81234,-0.0803422,0.904566,-0.0490884,-0.0444037,FRENET,0,2.18129,0,0.0199694,2.18129,0.212239,0
18.5705,22.1824,7.81154,-0.0808722,0.910531,-0.0378271,-0.0344427,FRENET,0,2.18129,0,0.0199694,2.18129,0.212239,0
18.5745,22.1824,7.81154,-0.0808722,0.910531,-0.0378271,-0.0344427,FRENET,0,2.18129,0,0.0199694,2.18129,0.212239,0
18.579,22.1915,7.81073,-0.0812134,0.916212,-0.0494887,-0.0453421,FRENET,0,2.18129,0,0.0199694,2.18129,0.212239,0
18.5823,22.1915,7.81073,-0.0812134,0.916212,-0.0494887,-0.0453421,FRENET,0,2.18129,0,0.0199694,2.18129,0.212239,0
18.5865,22.1915,7.81073,-0.0812134,0.916212,-0.0494887,-0.0453421,FRENET,0,2.18129,0,0.0199694,2.18129,0.212239,0
18.5904,22.2007,7.80991,-0.0817482,0.921622,-0.0384036,-0.0353936,FRENET,0,2.18129,0,0,2.18129,0.402484,0
18.5945,22.2007,7.80991,-0.0817482,0.921622,-0.0384036,-0.0353936,FRENET,0,2.18129,0,0,2.18129,0.402484,0
18.5992,22.2099,7.80909,-0.0820946,0.926776,-0.049913,-0.0462581,FRENET,0,2.18129,0,0,2.18129,0.402484,0
18.6025,22.2099,7.80909,-0.0820946,0.926776,-0.049913,-0.0462581,FRENET,0,2.18129,0,0,2.18129,0.402484,0
18.6063,22.2099,7.80909,-0.0820946,0.926776,-0.049913,-0.0462581,FRENET,0,2.18129,0,0,2.18129,0.402484,0
18.6105,22.2191,7.80825,-0.0826341,0.931684,-0.038956,-0.0362947,FRENET,0,2.18129,0,0,2.18129,0.402484,0
18.6145,22.2191,7.80825,-0.0826341,0.931684,-0.038956,-0.0362947,FRENET,0,2.18129,0,0,2.18129,0.402484,0
18.6191,22.2284,7.80741,-0.0829854,0.936359,-0.0503177,-0.0471154,FRENET,0,2.18129,0,0,2.18129,0.402484,0
18.6224,22.2284,7.80741,-0.0829854,0.936359,-0.0503177,-0.0471154,FRENET,0,2.18129,0,0,2.18129,0.402484,0
18.6264,22.2284,7.80741,-0.0829854,0.936359,-0.0503177,-0.0471154,FRENET,0,2.18129,0,0,2.18129,0.402484,0
18.6304,22.2378,7.80656,-0.0835293,0.940812,-0.0394652,-0.0371293,FRENET,0,2.18129,0,0,2.18129,0.402484,0
18.6343,22.2378,7.80656,-0.0835293,0.940812,-0.0394652,-0.0371293,FRENET,0,2.18129,0,0,2.18129,0.402484,0
18.639,22.2472,7.80571,-0.0838852,0.945053,-0.0506923,-0.0479069,FRENET,0,2.18129,0,0,2.18129,0.402484,0
18.6426,22.2472,7.80571,-0.0838852,0.945053,-0.0506923,-0.0479069,FRENET,0,2.18129,0,0.0187301,2.18129,0.208488,0
18.6465,22.2472,7.80571,-0.0838852,0.945053,-0.0506923,-0.0479069,FRENET,0,2.18129,0,0.0187301,2.18129,0.208488,0
18.6505,22.2566,7.80483,-0.0844332,0.949092,-0.0399292,-0.0378965,FRENET,0,2.18129,0,0.0187301,2.18129,0.208488,0
18.6545,22.2566,7.80483,-0.0844332,0.949092,-0.0399292,-0.0378965,FRENET,0,2.18129,0,0.0187301,2.18129,0.208488,0
18.6591,22.2661,7.80396,-0.0847932,0.952939,-0.0510357,-0.048634,FRENET,0,2.18129,0,0.0187301,2.18129,0.208488,0
18.6624,22.2661,7.80396,-0.0847932,0.952939,-0.0510357,-0.048634,FRENET,0,2.18129,0,0.0187301,2.18129,0.208488,0
18.6666,22.2661,7.80396,-0.0847932,0.952939,-0.0510357,-0.048634,FRENET,0,2.18129,0,0.0187301,2.18129,0.208488,0
18.6703,22.2756,7.80308,-0.085345,0.956603,-0.0403503,-0.0385993,FRENET,0,2.18129,0,0.0187301,2.18129,0.208488,0
18.6744,22.2756,7.80308,-0.085345,0.956603,-0.0403503,-0.0385993,FRENET,0,2.18129,0,0.0187301,2.18129,0.208488,0
18.679,22.2851,7.80219,-0.0857087,0.960093,-0.0513493,-0.0493001,FRENET,0,2.18129,0,0.0187301,2.18129,0.208488,0
18.6824,22.2851,7.80219,-0.0857087,0.960093,-0.0513493,-0.0493001,FRENET,0,2.18129,0,0.0187301,2.18129,0.208488,0
18.6864,22.2851,7.80219,-0.0857087,0.960093,-0.0513493,-0.0493001,FRENET,0,2.18129,0,0.0187301,2.18129,0.208488,0
18.6905,22.2947,7.80129,-0.0862639,0.963418,-0.0407321,-0.0392421,FRENET,0,2.21183,0,0,2.21183,0.40415,0
18.6944,22.2947,7.80129,-0.0862639,0.963418,-0.0407321,-0.0392421,FRENET,0,2.21183,0,0,2.21183,0.40415,0
18.6992,22.3043,7.80039,-0.0866298,0.961356,-0.0518711,-0.0498666,FRENET,0,2.21183,0,0,2.21183,0.40415,0
18.7026,22.3043,7.80039,-0.0866298,0.961356,-0.0518711,-0.0498666,FRENET,0,2.21183,0,0,2.21183,0.40415,0
18.7064,22.3043,7.80039,-0.0866298,0.961356,-0.0518711,-0.0498666,FRENET,0,2.21183,0,0,2.21183,0.40415,0
18.7104,22.3138,7.79948,-0.0871897,0.959686,-0.0406784,-0.0390385,FRENET,0,2.21183,0,0,2.21183,0.40415,0
18.7144,22.3138,7.79948,-0.0871897,0.959686,-0.0406784,-0.0390385,FRENET,0,2.21183,0,0,2.21183,0.40415,0
18.7191,22.3234,7.79858,-0.0875547,0.958334,-0.051736,-0.0495803,FRENET,0,2.21183,0,0,2.21183,0.40415,0
18.7226,22.3234,7.79858,-0.0875547,0.958334,-0.051736,-0.0495803,FRENET,0,2.21183,0,0,2.21183,0.40415,0
18.7266,22.3234,7.79858,-0.0875547,0.958334,-0.051736,-0.0495803,FRENET,0,2.21183,0,0,2.21183,0.40415,0
18.7303,22.3329,7.79766,-0.088113,0.957239,-0.0405358,-0.0388025,FRENET,0,2.21183,0,0,2.21183,0.40415,0
18.7345,22.3329,7.79766,-0.088113,0.957239,-0.0405358,-0.0388025,FRENET,0,2.21183,0,0,2.21183,0.40415,0
18.7391,22.3424,7.79675,-0.0884769,0.956352,-0.0516144,-0.0493616,FRENET,0,2.21183,0,0,2.21183,0.40415,0
18.7425,22.3424,7.79675,-0.0884769,0.956352,-0.0516144,-0.0493616,FRENET,0,2.21183,0,0,2.21183,0.442265,0
18.7465,22.3424,7.79675,-0.0884769,0.956352,-0.0516144,-0.0493616,FRENET,0,2.21183,0,0,2.21183,0.442265,0
18.7505,22.352,7.79583,-0.0890339,0.955634,-0.0404327,-0.0386389,FRENET,0,2.21183,0,0,2.21183,0.442265,0
18.7546,22.352,7.79583,-0.0890339,0.955634,-0.0404327,-0.0386389,FRENET,0,2.21183,0,0,2.21183,0.442265,0
18.7593,22.3615,7.79491,-0.089397,0.955053,-0.0515324,-0.0492161,FRENET,0,2.21183,0,0,2.21183,0.442265,0
18.7624,22.3615,7.79491,-0.089397,0.955053,-0.0515324,-0.0492161,FRENET,0,2.21183,0,0,2.21183,0.442265,0
18.7664,22.3615,7.79491,-0.089397,0.955053,-0.0515324,-0.0492161,FRENET,0,2.21183,0,0,2.21183,0.442265,0
18.7708,22.371,7.79398,-0.0899532,0.954582,-0.0403648,-0.0385315,FRENET,0,2.21183,0,0,2.21183,0.442265,0
18.7746,22.371,7.79398,-0.0899532,0.954582,-0.0403648,-0.0385315,FRENET,0,2.21183,0,0,2.21183,0.442265,0
18.7792,22.3805,7.79306,-0.0903157,0.9542,-0.0514787,-0.049121,FRENET,0,2.21183,0,0,2.21183,0.442265,0
18.7824,22.3805,7.79306,-0.0903157,0.9542,-0.0514787,-0.049121,FRENET,0,2.21183,0,0,2.21183,0.442265,0
18.7865,22.3805,7.79306,-0.0903157,0.9542,-0.0514787,-0.049121,FRENET,0,2.21183,0,0,2.21183,0.442265,0
18.7905,22.39,7.79212,-0.0908713,0.953892,-0.0403204,-0.0384613,FRENET,0,2.21183,0,0,2.21183,0.442265,0
18.7944,22.39,7.79212,-0.0908713,0.953892,-0.0403204,-0.0384613,FRENET,0,2.21183,0,0,2.21183,0.428656,0
18.799,22.3995,7.79118,-0.0912335,0.953642,-0.0514437,-0.0490588,FRENET,0,2.21183,0,0,2.21183,0.428656,0
18.8026,22.3995,7.79118,-0.0912335,0.953642,-0.0514437,-0.0490588,FRENET,0,2.21183,0,0,2.21183,0.428656,0
18.8066,22.3995,7.79118,-0.0912335,0.953642,-0.0514437,-0.0490588,FRENET,0,2.21183,0,0,2.21183,0.428656,0
18.811,22.4089,7.79023,-0.0917888,0.953439,-0.0402914,-0.0384154,FRENET,0,2.21183,0,0,2.21183,0.428656,0
18.8145,22.4089,7.79023,-0.0917888,0.953439,-0.0402914,-0.0384154,FRENET,0,2.21183,0,0,2.21183,0.428656,0
18.8195,22.4184,7.7893,-0.0921507,0.953275,-0.0514207,-0.0490181,FRENET,0,2.21183,0,0,2.21183,0.428656,0
18.8226,22.4184,7.7893,-0.0921507,0.953275,-0.0514207,-0.0490181,FRENET,0,2.21183,0,0,2.21183,0.428656,0
18.8267,22.4184,7.7893,-0.0921507,0.953275,-0.0514207,-0.0490181,FRENET,0,2.21183,0,0,2.21183,0.428656,0
18.8305,22.4279,7.78834,-0.0927058,0.953142,-0.0402724,-0.0383853,FRENET,0,2.21183,0,0,2.21183,0.428656,0
18.8345,22.4279,7.78834,-0.0927058,0.953142,-0.0402724,-0.0383853,FRENET,0,2.21183,0,0,2.21183,0.428656,0
18.8394,22.4374,7.78739,-0.0930676,0.953035,-0.0514058,-0.0489915,FRENET,0,2.21183,0,0,2.21183,0.428656,0
18.8424,22.4374,7.78739,-0.0930676,0.953035,-0.0514058,-0.0489915,FRENET,0,2.21183,0,0,2.21183,0.428656,0
18.8465,22.4374,7.78739,-0.0930676,0.953035,-0.0514058,-0.0489915,FRENET,0,3.00206,0,0,3.00206,0.463002,0
18.8506,22.4469,7.78642,-0.0936225,0.952948,-0.04026,-0.0383656,FRENET,0,3.00206,0,0,3.00206,0.463002,0
18.8549,22.4469,7.78642,-0.0936225,0.952948,-0.04026,-0.0383656,FRENET,0,3.00206,0,0,3.00206,0.463002,0
18.8595,22.4564,7.78546,-0.0939856,0.959336,-0.051104,-0.0490259,FRENET,0,3.00206,0,0,3.00206,0.463002,0
18.8625,22.4564,7.78546,-0.0939856,0.959336,-0.051104,-0.0490259,FRENET,0,3.00206,0,0,3.00206,0.463002,0
18.8667,22.4564,7.78546,-0.0939856,0.959336,-0.051104,-0.0490259,FRENET,0,3.00206,0,0,3.00206,0.463002,0
18.8708,22.466,7.78448,-0.0945384,0.96542,-0.0407668,-0.0393571,FRENET,0,3.00206,0,0,3.00206,0.463002,0
18.8748,22.466,7.78448,-0.0945384,0.96542,-0.0407668,-0.0393571,FRENET,0,3.00206,0,0,3.00206,0.463002,0
18.8795,22.4756,7.7835,-0.0949067,0.971214,-0.0515738,-0.0500892,FRENET,0,3.00206,0,0,3.00206,0.463002,0
18.8829,22.4756,7.7835,-0.0949067,0.971214,-0.0515738,-0.0500892,FRENET,0,3.00206,0,0,3.00206,0.463002,0
18.8867,22.4756,7.7835,-0.0949067,0.971214,-0.0515738,-0.0500892,FRENET,0,3.00206,0,0,3.00206,0.463002,0
18.8906,22.4853,7.78249,-0.0954649,0.976734,-0.041383,-0.0404201,FRENET,0,3.00206,0,0,3.00206,0.463002,0
18.8946,22.4853,7.78249,-0.0954649,0.976734,-0.041383,-0.0404201,FRENET,0,3.00206,0,0,3.00206,0.455785,0
18.8992,22.495,7.78149,-0.0958387,0.981991,-0.0520487,-0.0511113,FRENET,0,3.00206,0,0,3.00206,0.455785,0
18.9025,22.495,7.78149,-0.0958387,0.981991,-0.0520487,-0.0511113,FRENET,0,3.00206,0,0,3.00206,0.455785,0
18.9066,22.495,7.78149,-0.0958387,0.981991,-0.0520487,-0.0511113,FRENET,0,3.00206,0,0,3.00206,0.455785,0
18.9105,22.5048,7.78046,-0.096522,0.986997,-0.0785494,-0.0775281,FRENET,0,3.00206,0,0,3.00206,0.455785,0
18.9144,22.5048,7.78046,-0.096522,0.986997,-0.0785494,-0.0775281,FRENET,0,3.00206,0,0,3.00206,0.455785,0
18.9192,22.5147,7.77937,-0.0974873,0.991766,-0.12505,-0.12402,FRENET,0,3.00206,0,0,3.00206,0.455785,0
18.9223,22.5147,7.77937,-0.0974873,0.991766,-0.12505,-0.12402,FRENET,0,3.00206,0,0,3.00206,0.455785,0
18.9266,22.5147,7.77937,-0.0974873,0.991766,-0.12505,-0.12402,FRENET,0,3.00206,0,0,3.00206,0.455785,0
18.9305,22.5246,7.77822,-0.0988521,1.00636,-0.128159,-0.128974,FRENET,0,3.00206,0,0,3.00206,0.455785,0
18.9346,22.5246,7.77822,-0.0988521,1.00636,-0.128159,-0.128974,FRENET,0,3.00206,0,0,3.00206,0.455785,0
18.9395,22.5346,7.77703,-0.100129,1.02025,-0.14421,-0.147131,FRENET,0,3.00206,0,0,3.00206,0.455785,0
18.9424,22.5346,7.77703,-0.100129,1.02025,-0.14421,-0.147131,FRENET,0,3.00206,0,0,3.00206,0.455785,0
18.9466,22.5346,7.77703,-0.100129,1.02025,-0.14421,-0.147131,FRENET,0,3.00206,0,0,3.00206,0.516324,0
18.9507,22.5448,7.77578,-0.101636,1.03349,-0.139015,-0.143671,FRENET,0,3.00206,0,0,3.00206,0.516324,0
18.9545,22.5448,7.77578,-0.101636,1.03349,-0.139015,-0.143671,FRENET,0,3.00206,0,0,3.00206,0.516324,0
18.9592,22.5552,7.77453,-0.102762,1.0461,-0.0793379,-0.0829952,FRENET,0,3.00206,0,0,3.00206,0.516324,0
18.9628,22.5552,7.77453,-0.102762,1.0461,-0.0793379,-0.0829952,FRENET,0,3.00206,0,0,3.00206,0.516324,0
18.9665,22.5552,7.77453,-0.102762,1.0461,-0.0793379,-0.0829952,FRENET,0,3.00206,0,0,3.00206,0.516324,0
18.9704,22.5656,7.77334,-0.103159,1.05811,0.00267106,0.00282626,FRENET,0,3.00206,0,0,3.00206,0.516324,0
18.9744,22.5656,7.77334,-0.103159,1.05811,0.00267106,0.00282626,FRENET,0,3.00206,0,0,3.00206,0.516324,0
18.9793,22.5762,7.77221,-0.102918,1.06954,0.0226517,0.0242269,FRENET,0,3.00206,0,0,3.00206,0.516324,0
18.9825,22.5762,7.77221,-0.102918,1.06954,0.0226517,0.0242269,FRENET,0,3.00206,0,0,3.00206,0.516324,0
18.9866,22.5762,7.77221,-0.102918,1.06954,0.0226517,0.0242269,FRENET,0,3.00206,0,0,3.00206,0.516324,0
18.9906,22.5869,7.77111,-0.102662,1.08043,0.0440488,0.0475919,FRENET,0,3.00206,0,0,3.00206,0.516324,0
18.9946,22.5869,7.77111,-0.102662,1.08043,0.0440488,0.0475919,FRENET,0,3.00206,0,0,3.00206,0.516324,0
18.9994,22.5977,7.77004,-0.102144,1.09081,0.0411758,0.0449149,FRENET,0,2.84021,0,0.0187697,2.84021,0.196075,0
19.0026,22.5977,7.77004,-0.102144,1.09081,0.0411758,0.0449149,FRENET,0,2.84021,0,0.0187697,2.84021,0.196075,0
19.0066,22.5977,7.77004,-0.102144,1.09081,0.0411758,0.0449149,FRENET,0,2.84021,0,0.0187697,2.84021,0.196075,0
19.0105,22.6083,7.76901,-0.101752,1.03648,0.0589469,0.0610976,FRENET,0,2.84021,0,0.0187697,2.84021,0.196075,0
19.0145,22.6083,7.76901,-0.101752,1.03648,0.0589469,0.0610976,FRENET,0,2.84021,0,0.0187697,2.84021,0.196075,0
19.0192,22.6184,7.76805,-0.101116,0.992493,0.0447236,0.0443878,FRENET,0,2.84021,0,0.0187697,2.84021,0.196075,0
19.0225,22.6184,7.76805,-0.101116,0.992493,0.0447236,0.0443878,FRENET,0,2.84021,0,0.0187697,2.84021,0.196075,0
19.0265,22.6184,7.76805,-0.101116,0.992493,0.0447236,0.0443878,FRENET,0,2.84021,0,0.0187697,2.84021,0.196075,0
19.0306,22.6281,7.76709,-0.101002,0.956868,-0.0286738,-0.0274371,FRENET,0,2.84021,0,0.0187697,2.84021,0.196075,0
19.0344,22.6281,7.76709,-0.101002,0.956868,-0.0286738,-0.0274371,FRENET,0,2.84021,0,0.0187697,2.84021,0.196075,0
19.0391,22.6374,7.76611,-0.101444,0.928019,-0.0324747,-0.0301372,FRENET,0,2.84021,0,0.0187697,2.84021,0.196075,0
19.0427,22.6374,7.76611,-0.101444,0.928019,-0.0324747,-0.0301372,FRENET,0,2.84021,0,0.0187697,2.84021,0.196075,0
19.0466,22.6374,7.76611,-0.101444,0.928019,-0.0324747,-0.0301372,FRENET,0,2.84021,0,0,2.84021,0.513052,0
19.0505,22.6466,7.76515,-0.101754,0.904657,-0.0499039,-0.0451459,FRENET,0,2.84021,0,0,2.84021,0.513052,0
19.0544,22.6466,7.76515,-0.101754,0.904657,-0.0499039,-0.0451459,FRENET,0,2.84021,0,0,2.84021,0.513052,0
19.0592,22.6555,7.76418,-0.102296,0.885739,-0.0365114,-0.0323396,FRENET,0,2.84021,0,0,2.84021,0.513052,0
19.0625,22.6555,7.76418,-0.102296,0.885739,-0.0365114,-0.0323396,FRENET,0,2.84021,0,0,2.84021,0.513052,0
19.0665,22.6555,7.76418,-0.102296,0.885739,-0.0365114,-0.0323396,FRENET,0,2.84021,0,0,2.84021,0.513052,0
19.0706,22.6642,7.76323,-0.102619,0.870419,-0.0495511,-0.0431302,FRENET,0,2.84021,0,0,2.84021,0.513052,0
19.0746,22.6642,7.76323,-0.102619,0.870419,-0.0495511,-0.0431302,FRENET,0,2.84021,0,0,2.84021,0.513052,0
19.0793,22.6728,7.76227,-0.103149,0.858012,-0.0350898,-0.0301075,FRENET,0,2.84021,0,0,2.84021,0.513052,0
19.0825,22.6728,7.76227,-0.103149,0.858012,-0.0350898,-0.0301075,FRENET,0,2.84021,0,0,2.84021,0.513052,0
19.0865,22.6728,7.76227,-0.103149,0.858012,-0.0350898,-0.0301075,FRENET,0,2.84021,0,0,2.84021,0.513052,0
19.0906,22.6813,7.76134,-0.103459,0.847966,-0.0482989,-0.0409558,FRENET,0,2.84021,0,0,2.84021,0.513052,0
19.0946,22.6813,7.76134,-0.103459,0.847966,-0.0482989,-0.0409558,FRENET,0,2.84021,0,0,2.84021,0.513052,0
19.0992,22.6896,7.7604,-0.103976,0.83983,-0.0339313,-0.0284965,FRENET,0,2.84021,0,0,2.84021,0.498378,0
19.1025,22.6896,7.7604,-0.103976,0.83983,-0.0339313,-0.0284965,FRENET,0,2.84021,0,0,2.84021,0.498378,0
19.1066,22.6896,7.7604,-0.103976,0.83983,-0.0339313,-0.0284965,FRENET,0,2.84021,0,0,2.84021,0.498378,0
19.1107,22.698,7.75947,-0.104277,0.833242,-0.0474542,-0.0395408,FRENET,0,2.84021,0,0,2.84021,0.498378,0
19.1146,22.698,7.75947,-0.104277,0.833242,-0.0474542,-0.0395408,FRENET,0,2.84021,0,0,2.84021,0.498378,0
19.1193,22.7062,7.75853,-0.104785,0.827907,-0.0331728,-0.027464,FRENET,0,2.84021,0,0,2.84021,0.498378,0
19.1225,22.7062,7.75853,-0.104785,0.827907,-0.0331728,-0.027464,FRENET,0,2.84021,0,0,2.84021,0.498378,0
19.1266,22.7062,7.75853,-0.104785,0.827907,-0.0331728,-0.027464,FRENET,0,2.84021,0,0,2.84021,0.498378,0
19.1306,22.7144,7.75761,-0.105081,0.823586,-0.0469081,-0.0386329,FRENET,0,2.84021,0,0,2.84021,0.498378,0
19.1346,22.7144,7.75761,-0.105081,0.823586,-0.0469081,-0.0386329,FRENET,0,2.84021,0,0,2.84021,0.498378,0
19.1392,22.7226,7.75668,-0.105581,0.829821,-0.0334196,-0.0277323,FRENET,0,2.84021,0,0,2.84021,0.498378,0
19.1426,22.7226,7.75668,-0.105581,0.829821,-0.0334196,-0.0277323,FRENET,0,2.84021,0,0,2.84021,0.498378,0
19.1466,22.7226,7.75668,-0.105581,0.829821,-0.0334196,-0.0277323,FRENET,0,2.84021,0,0,2.84021,0.498378,0
19.1507,22.7309,7.75574,-0.105881,0.83576,-0.0465185,-0.0388784,FRENET,0,1.81167,0,0,1.81167,0.516603,0
19.1545,22.7309,7.75574,-0.105881,0.83576,-0.0465185,-0.0388784,FRENET,0,1.81167,0,0,1.81167,0.516603,0
19.1592,22.7392,7.75478,-0.106382,0.838211,-0.033617,-0.0281782,FRENET,0,1.81167,0,0,1.81167,0.516603,0
19.1624,22.7392,7.75478,-0.106382,0.838211,-0.033617,-0.0281782,FRENET,0,1.81167,0,0,1.81167,0.516603,0
19.1666,22.7392,7.75478,-0.106382,0.838211,-0.033617,-0.0281782,FRENET,0,1.81167,0,0,1.81167,0.516603,0
19.1706,22.7476,7.75386,-0.106458,0.840545,0.0245923,0.0206709,FRENET,0,1.81167,0,0,1.81167,0.516603,0
19.1746,22.7476,7.75386,-0.106458,0.840545,0.0245923,0.0206709,FRENET,0,1.81167,0,0,1.81167,0.516603,0
19.1793,22.7559,7.75301,-0.105858,0.842769,0.0975055,0.0821746,FRENET,0,1.81167,0,0,1.81167,0.516603,0
19.1826,22.7559,7.75301,-0.105858,0.842769,0.0975055,0.0821746,FRENET,0,1.81167,0,0,1.81167,0.516603,0
19.1865,22.7559,7.75301,-0.105858,0.842769,0.0975055,0.0821746,FRENET,0,1.81167,0,0,1.81167,0.516603,0
19.1906,22.7643,7.75227,-0.104496,0.844886,0.17567,0.148422,FRENET,0,1.81167,0,0,1.81167,0.516603,0
19.1946,22.7643,7.75227,-0.104496,0.844886,0.17567,0.148422,FRENET,0,1.81167,0,0,1.81167,0.516603,0
19.1994,22.7728,7.75163,-0.102566,0.846903,0.184313,0.156095,FRENET,0,1.81167,0,0,1.81167,0.537673,0
19.2027,22.7728,7.75163,-0.102566,0.846903,0.184313,0.156095,FRENET,0,1.81167,0,0,1.81167,0.537673,0
19.2065,22.7728,7.75163,-0.102566,0.846903,0.184313,0.156095,FRENET,0,1.81167,0,0,1.81167,0.537673,0
19.2106,22.7812,7.75104,-0.10071,0.848824,0.2052,0.174179,FRENET,0,1.81167,0,0,1.81167,0.537673,0
19.2145,22.7812,7.75104,-0.10071,0.848824,0.2052,0.174179,FRENET,0,1.81167,0,0,1.81167,0.537673,0
19.2192,22.7897,7.75049,-0.0986025,0.850654,0.195584,0.166374,FRENET,0,1.81167,0,0,1.81167,0.537673,0
19.2227,22.7897,7.75049,-0.0986025,0.850654,0.195584,0.166374,FRENET,0,1.81167,0,0,1.81167,0.537673,0
19.2265,22.7897,7.75049,-0.0986025,0.850654,0.195584,0.166374,FRENET,0,1.81167,0,0,1.81167,0.537673,0
19.2306,22.7982,7.74997,-0.0966729,0.852396,0.210131,0.179115,FRENET,0,1.81167,0,0,1.81167,0.537673,0
19.2345,22.7982,7.74997,-0.0966729,0.852396,0.210131,0.179115,FRENET,0,1.81167,0,0,1.81167,0.537673,0
19.2391,22.8067,7.74948,-0.0945306,0.854056,0.19823,0.1693,FRENET,0,1.81167,0,0,1.81167,0.537673,0
19.2425,22.8067,7.74948,-0.0945306,0.854056,0.19823,0.1693,FRENET,0,1.81167,0,0,1.81167,0.537673,0
19.2465,22.8067,7.74948,-0.0945306,0.854056,0.19823,0.1693,FRENET,0,1.81167,0,0,1.81167,0.537673,0
19.2505,22.8153,7.74899,-0.0925805,0.855637,0.211739,0.181172,FRENET,0,1.81167,0,0.0121879,1.81167,0.191652,0
19.2545,22.8153,7.74899,-0.0925805,0.855637,0.211739,0.181172,FRENET,0,1.81167,0,0.0121879,1.81167,0.191652,0
19.2592,22.8238,7.74854,-0.0904246,0.857143,0.19944,0.170948,FRENET,0,1.81167,0,0.0121879,1.81167,0.191652,0
19.2626,22.8238,7.74854,-0.0904246,0.857143,0.19944,0.170948,FRENET,0,1.81167,0,0.0121879,1.81167,0.191652,0
19.2664,22.8238,7.74854,-0.0904246,0.857143,0.19944,0.170948,FRENET,0,1.81167,0,0.0121879,1.81167,0.191652,0
19.2704,22.8324,7.74809,-0.0884639,0.858577,0.212659,0.182584,FRENET,0,1.81167,0,0.0121879,1.81167,0.191652,0
19.2745,22.8324,7.74809,-0.0884639,0.858577,0.212659,0.182584,FRENET,0,1.81167,0,0.0121879,1.81167,0.191652,0
19.2792,22.841,7.74767,-0.0862993,0.859943,0.200276,0.172226,FRENET,0,1.81167,0,0.0121879,1.81167,0.191652,0
19.2824,22.841,7.74767,-0.0862993,0.859943,0.200276,0.172226,FRENET,0,1.81167,0,0.0121879,1.81167,0.191652,0
19.2865,22.841,7.74767,-0.0862993,0.859943,0.200276,0.172226,FRENET,0,1.81167,0,0.0121879,1.81167,0.191652,0
19.2906,22.8496,7.74726,-0.0843309,0.861244,0.213362,0.183757,FRENET,0,1.81167,0,0.0121879,1.81167,0.191652,0
19.2946,22.8496,7.74726,-0.0843309,0.861244,0.213362,0.183757,FRENET,0,1.81167,0,0.0121879,1.81167,0.191652,0
19.2992,22.8582,7.74688,-0.0821595,0.862483,0.200966,0.17333,FRENET,0,1.81167,0,0.0121879,1.81167,0.191652,0
19.3025,22.8582,7.74688,-0.0821595,0.862483,0.200966,0.17333,FRENET,0,2.61615,0,0,2.61615,0.584392,0
19.3064,22.8582,7.74688,-0.0821595,0.862483,0.200966,0.17333,FRENET,0,2.61615,0,0,2.61615,0.584392,0
19.3105,22.8667,7.74651,-0.0801911,0.83713,0.214157,0.179277,FRENET,0,2.61615,0,0,2.61615,0.584392,0
19.3145,22.8667,7.74651,-0.0801911,0.83713,0.214157,0.179277,FRENET,0,2.61615,0,0,2.61615,0.584392,0
19.3199,22.8749,7.74617,-0.0780367,0.816599,0.194038,0.158451,FRENET,0,2.61615,0,0,2.61615,0.584392,0
19.3227,22.8749,7.74617,-0.0780367,0.816599,0.194038,0.158451,FRENET,0,2.61615,0,0,2.61615,0.584392,0
19.3265,22.8749,7.74617,-0.0780367,0.816599,0.194038,0.158451,FRENET,0,2.61615,0,0,2.61615,0.584392,0
19.3307,22.883,7.74583,-0.0763926,0.799973,0.128851,0.103077,FRENET,0,2.61615,0,0,2.61615,0.584392,0
19.3346,22.883,7.74583,-0.0763926,0.799973,0.128851,0.103077,FRENET,0,2.61615,0,0,2.61615,0.584392,0
19.3393,22.8909,7.74542,-0.0754713,0.786509,0.054137,0.0425792,FRENET,0,2.61615,0,0,2.61615,0.584392,0
19.3426,22.8909,7.74542,-0.0754713,0.786509,0.054137,0.0425792,FRENET,0,2.61615,0,0,2.61615,0.584392,0
19.3466,22.8909,7.74542,-0.0754713,0.786509,0.054137,0.0425792,FRENET,0,2.61615,0,0,2.61615,0.584392,0
19.3505,22.8988,7.74493,-0.0752762,0.790196,-0.0165697,-0.0130933,FRENET,0,2.61615,0,0,2.61615,0.584392,0
19.3545,22.8988,7.74493,-0.0752762,0.790196,-0.0165697,-0.0130933,FRENET,0,2.61615,0,0,2.61615,0.58178,0
19.3592,22.9067,7.74432,-0.0758107,0.793708,-0.0908964,-0.0721453,FRENET,0,2.61615,0,0,2.61615,0.58178,0
19.3626,22.9067,7.74432,-0.0758107,0.793708,-0.0908964,-0.0721453,FRENET,0,2.61615,0,0,2.61615,0.58178,0
19.3665,22.9067,7.74432,-0.0758107,0.793708,-0.0908964,-0.0721453,FRENET,0,2.61615,0,0,2.61615,0.58178,0
19.3706,22.9146,7.74361,-0.0768788,0.797053,-0.096443,-0.0768702,FRENET,0,2.61615,0,0,2.61615,0.58178,0
19.3745,22.9146,7.74361,-0.0768788,0.797053,-0.096443,-0.0768702,FRENET,0,2.61615,0,0,2.61615,0.58178,0
19.3791,22.9226,7.74288,-0.0776359,0.800239,-0.0470942,-0.0376866,FRENET,0,2.61615,0,0,2.61615,0.58178,0
19.3825,22.9226,7.74288,-0.0776359,0.800239,-0.0470942,-0.0376866,FRENET,0,2.61615,0,0,2.61615,0.58178,0
19.3864,22.9226,7.74288,-0.0776359,0.800239,-0.0470942,-0.0376866,FRENET,0,2.61615,0,0,2.61615,0.58178,0
19.3905,22.9305,7.74218,-0.0780047,0.803274,-0.0506604,-0.0406942,FRENET,0,2.61615,0,0,2.61615,0.58178,0
19.3945,22.9305,7.74218,-0.0780047,0.803274,-0.0506604,-0.0406942,FRENET,0,2.61615,0,0,2.61615,0.58178,0
19.3998,22.9386,7.74147,-0.0785228,0.806164,-0.033579,-0.0270702,FRENET,0,2.61615,0,0,2.61615,0.58178,0
19.4025,22.9386,7.74147,-0.0785228,0.806164,-0.033579,-0.0270702,FRENET,0,1.8355,0,0,1.8355,0.602593,0
19.4065,22.9386,7.74147,-0.0785228,0.806164,-0.033579,-0.0270702,FRENET,0,1.8355,0,0,1.8355,0.602593,0
19.4106,22.9467,7.74077,-0.0788229,0.817708,-0.0461246,-0.0377165,FRENET,0,1.8355,0,0,1.8355,0.602593,0
19.4145,22.9467,7.74077,-0.0788229,0.817708,-0.0461246,-0.0377165,FRENET,0,1.8355,0,0,1.8355,0.602593,0
19.4191,22.9549,7.74005,-0.079317,0.828704,-0.0334071,-0.0276846,FRENET,0,1.8355,0,0,1.8355,0.602593,0
19.4226,22.9549,7.74005,-0.079317,0.828704,-0.0334071,-0.0276846,FRENET,0,1.8355,0,0,1.8355,0.602593,0
19.4265,22.9549,7.74005,-0.079317,0.828704,-0.0334071,-0.0276846,FRENET,0,1.8355,0,0,1.8355,0.602593,0
19.4305,22.9632,7.73935,-0.0794002,0.839177,0.0228422,0.0191686,FRENET,0,1.8355,0,0,1.8355,0.602593,0
19.4346,22.9632,7.73935,-0.0794002,0.839177,0.0228422,0.0191686,FRENET,0,1.8355,0,0,1.8355,0.602593,0
19.4392,22.9716,7.7387,-0.0790443,0.849152,0.0251691,0.0213724,FRENET,0,1.8355,0,0,1.8355,0.602593,0
19.4425,22.9716,7.7387,-0.0790443,0.849152,0.0251691,0.0213724,FRENET,0,1.8355,0,0,1.8355,0.602593,0
19.4465,22.9716,7.7387,-0.0790443,0.849152,0.0251691,0.0213724,FRENET,0,1.8355,0,0,1.8355,0.602593,0
19.4506,22.9801,7.73805,-0.078793,0.858652,0.0430744,0.0369859,FRENET,0,1.8355,0,0,1.8355,0.602593,0
19.4545,22.9801,7.73805,-0.078793,0.858652,0.0430744,0.0369859,FRENET,0,1.8355,0,0,1.8355,0.180424,0
19.4592,22.9887,7.73743,-0.0783123,0.867701,0.0334709,0.0290427,FRENET,0,1.8355,0,0,1.8355,0.180424,0
19.4627,22.9887,7.73743,-0.0783123,0.867701,0.0334709,0.0290427,FRENET,0,1.8355,0,0,1.8355,0.180424,0
19.4667,22.9887,7.73743,-0.0783123,0.867701,0.0334709,0.0290427,FRENET,0,1.8355,0,0,1.8355,0.180424,0
19.4706,22.9974,7.7368,-0.078006,0.876319,0.0467775,0.0409921,FRENET,0,1.8355,0,0,1.8355,0.180424,0
19.4746,22.9974,7.7368,-0.078006,0.876319,0.0467775,0.0409921,FRENET,0,1.8355,0,0,1.8355,0.180424,0
19.4791,23.0062,7.73619,-0.0774973,0.884528,0.0357797,0.0316482,FRENET,0,1.8355,0,0,1.8355,0.180424,0
19.4825,23.0062,7.73619,-0.0774973,0.884528,0.0357797,0.0316482,FRENET,0,1.8355,0,0,1.8355,0.180424,0
19.4865,23.0062,7.73619,-0.0774973,0.884528,0.0357797,0.0316482,FRENET,0,1.8355,0,0,1.8355,0.180424,0
19.4905,23.015,7.73556,-0.0771731,0.892346,0.0480996,0.0429215,FRENET,0,1.8355,0,0,1.8355,0.180424,0
19.495,23.015,7.73556,-0.0771731,0.892346,0.0480996,0.0429215,FRENET,0,1.8355,0,0,1.8355,0.180424,0
19.4992,23.024,7.73494,-0.0766523,0.899793,0.0369839,0.0332778,FRENET,0,1.8355,0,0,1.8355,0.180424,0
19.5025,23.024,7.73494,-0.0766523,0.899793,0.0369839,0.0332778,FRENET,0,1.8355,0,0,1.8355,0.180424,0
19.5065,23.024,7.73494,-0.0766523,0.899793,0.0369839,0.0332778,FRENET,0,2.75324,0,0,2.75324,0.217526,0
19.5106,23.033,7.73431,-0.076318,0.906886,0.0488899,0.0443375,FRENET,0,2.75324,0,0,2.75324,0.217526,0
19.5146,23.033,7.73431,-0.076318,0.906886,0.0488899,0.0443375,FRENET,0,2.75324,0,0,2.75324,0.217526,0
19.5192,23.042,7.7337,-0.0757846,0.89728,0.0368384,0.0330543,FRENET,0,2.75324,0,0,2.75324,0.217526,0
19.5225,23.042,7.7337,-0.0757846,0.89728,0.0368384,0.0330543,FRENET,0,2.75324,0,0,2.75324,0.217526,0
19.5266,23.042,7.7337,-0.0757846,0.89728,0.0368384,0.0330543,FRENET,0,2.75324,0,0,2.75324,0.217526,0
19.5307,23.0509,7.73309,-0.0754552,0.889501,0.0495046,0.0440344,FRENET,0,2.75324,0,0,2.75324,0.217526,0
19.5346,23.0509,7.73309,-0.0754552,0.889501,0.0495046,0.0440344,FRENET,0,2.75324,0,0,2.75324,0.217526,0
19.5391,23.0598,7.7325,-0.0749231,0.883202,0.0364399,0.0321838,FRENET,0,2.75324,0,0,2.75324,0.217526,0
19.5427,23.0598,7.7325,-0.0749231,0.883202,0.0364399,0.0321838,FRENET,0,2.75324,0,0,2.75324,0.217526,0
19.5465,23.0598,7.7325,-0.0749231,0.883202,0.0364399,0.0321838,FRENET,0,2.75324,0,0,2.75324,0.217526,0
19.5506,23.0685,7.73187,-0.074836,0.878101,-0.0252774,-0.0221961,FRENET,0,2.75324,0,0,2.75324,0.217526,0
19.5544,23.0685,7.73187,-0.074836,0.878101,-0.0252774,-0.0221961,FRENET,0,2.75324,0,0,2.75324,0.217526,0
19.5591,23.0773,7.73117,-0.075461,0.87397,-0.101648,-0.0888377,FRENET,0,2.75324,0,0.00729377,2.75324,0.211006,0
19.5625,23.0773,7.73117,-0.075461,0.87397,-0.101648,-0.0888377,FRENET,0,2.75324,0,0.00729377,2.75324,0.211006,0
19.5665,23.0773,7.73117,-0.075461,0.87397,-0.101648,-0.0888377,FRENET,0,2.75324,0,0.00729377,2.75324,0.211006,0
19.5703,23.086,7.73036,-0.0768778,0.870625,-0.182334,-0.158744,FRENET,0,2.75324,0,0.00729377,2.75324,0.211006,0
19.5745,23.086,7.73036,-0.0768778,0.870625,-0.182334,-0.158744,FRENET,0,2.75324,0,0.00729377,2.75324,0.211006,0
19.5791,23.0946,7.72942,-0.0791094,0.867916,-0.264216,-0.229318,FRENET,0,2.75324,0,0.00729377,2.75324,0.211006,0
19.5823,23.0946,7.72942,-0.0791094,0.867916,-0.264216,-0.229318,FRENET,0,2.75324,0,0.00729377,2.75324,0.211006,0
19.5864,23.0946,7.72942,-0.0791094,0.867916,-0.264216,-0.229318,FRENET,0,2.75324,0,0.00729377,2.75324,0.211006,0
19.5904,23.1032,7.72836,-0.0819282,0.865722,-0.273166,-0.236486,FRENET,0,2.75324,0,0.00729377,2.75324,0.211006,0
19.5945,23.1032,7.72836,-0.0819282,0.865722,-0.273166,-0.236486,FRENET,0,2.75324,0,0.00729377,2.75324,0.211006,0
19.599,23.1118,7.72725,-0.0846679,0.863946,-0.293122,-0.253241,FRENET,0,2.75324,0,0.00729377,2.75324,0.211006,0
19.6025,23.1118,7.72725,-0.0846679,0.863946,-0.293122,-0.253241,FRENET,0,2.75324,0,0.00729377,2.75324,0.211006,0
19.6065,23.1118,7.72725,-0.0846679,0.863946,-0.293122,-0.253241,FRENET,0,2.75324,0,0,2.75324,0.22066,0
19.6105,23.1203,7.72607,-0.0876502,0.862507,-0.282538,-0.243691,FRENET,0,2.75324,0,0,2.75324,0.22066,0
19.6145,23.1203,7.72607,-0.0876502,0.862507,-0.282538,-0.243691,FRENET,0,2.75324,0,0,2.75324,0.22066,0
19.6192,23.1289,7.72487,-0.0904436,0.861342,-0.296146,-0.255083,FRENET,0,2.75324,0,0,2.75324,0.22066,0
19.6224,23.1289,7.72487,-0.0904436,0.861342,-0.296146,-0.255083,FRENET,0,2.75324,0,0,2.75324,0.22066,0
19.6263,23.1289,7.72487,-0.0904436,0.861342,-0.296146,-0.255083,FRENET,0,2.75324,0,0,2.75324,0.22066,0
19.6304,23.1374,7.72363,-0.0934424,0.860399,-0.283383,-0.243823,FRENET,0,2.75324,0,0,2.75324,0.22066,0
19.6344,23.1374,7.72363,-0.0934424,0.860399,-0.283383,-0.243823,FRENET,0,2.75324,0,0,2.75324,0.22066,0
19.6391,23.1459,7.72237,-0.0962397,0.859635,-0.296234,-0.254653,FRENET,0,2.75324,0,0,2.75324,0.22066,0
19.6425,23.1459,7.72237,-0.0962397,0.859635,-0.296234,-0.254653,FRENET,0,2.75324,0,0,2.75324,0.22066,0
19.6464,23.1459,7.72237,-0.0962397,0.859635,-0.296234,-0.254653,FRENET,0,2.75324,0,0,2.75324,0.22066,0
19.6505,23.1544,7.72107,-0.0992376,0.859016,-0.283193,-0.243268,FRENET,0,2.75324,0,0,2.75324,0.22066,0
19.6544,23.1544,7.72107,-0.0992376,0.859016,-0.283193,-0.243268,FRENET,0,2.75324,0,0,2.75324,0.22066,0
19.659,23.1629,7.71977,-0.102033,0.858515,-0.295968,-0.254093,FRENET,0,3.50473,0,0,3.50473,0.215407,0
19.6624,23.1629,7.71977,-0.102033,0.858515,-0.295968,-0.254093,FRENET,0,3.50473,0,0,3.50473,0.215407,0
19.6664,23.1629,7.71977,-0.102033,0.858515,-0.295968,-0.254093,FRENET,0,3.50473,0,0,3.50473,0.215407,0
19.6704,23.1713,7.71842,-0.105028,0.856444,-0.28269,-0.242108,FRENET,0,3.50473,0,0,3.50473,0.215407,0
19.6743,23.1713,7.71842,-0.105028,0.856444,-0.28269,-0.242108,FRENET,0,3.50473,0,0,3.50473,0.215407,0
19.679,23.1798,7.71707,-0.107816,0.854767,-0.295256,-0.252375,FRENET,0,3.50473,0,0,3.50473,0.215407,0
19.6823,23.1798,7.71707,-0.107816,0.854767,-0.295256,-0.252375,FRENET,0,3.50473,0,0,3.50473,0.215407,0
19.6865,23.1798,7.71707,-0.107816,0.854767,-0.295256,-0.252375,FRENET,0,3.50473,0,0,3.50473,0.215407,0
19.6907,23.1882,7.71568,-0.110802,0.853409,-0.281653,-0.240365,FRENET,0,3.50473,0,0,3.50473,0.215407,0
19.6947,23.1882,7.71568,-0.110802,0.853409,-0.281653,-0.240365,FRENET,0,3.50473,0,0,3.50473,0.215407,0
19.6992,23.1966,7.7143,-0.11335,0.852309,-0.221634,-0.188901,FRENET,0,3.50473,0,0,3.50473,0.215407,0
19.7026,23.1966,7.7143,-0.11335,0.852309,-0.221634,-0.188901,FRENET,0,3.50473,0,0,3.50473,0.215407,0
19.7065,23.1966,7.7143,-0.11335,0.852309,-0.221634,-0.188901,FRENET,0,3.50473,0,0,3.50473,0.215407,0
19.7106,23.205,7.71298,-0.115203,0.851419,-0.147151,-0.125287,FRENET,0,3.50473,0,0,3.50473,0.22589,0
19.7145,23.205,7.71298,-0.115203,0.851419,-0.147151,-0.125287,FRENET,0,3.50473,0,0,3.50473,0.22589,0
19.7192,23.2135,7.71176,-0.116282,0.850698,-0.0679979,-0.0578456,FRENET,0,3.50473,0,0,3.50473,0.22589,0
19.7225,23.2135,7.71176,-0.116282,0.850698,-0.0679979,-0.0578456,FRENET,0,3.50473,0,0,3.50473,0.22589,0
19.7263,23.2135,7.71176,-0.116282,0.850698,-0.0679979,-0.0578456,FRENET,0,3.50473,0,0,3.50473,0.22589,0
19.7305,23.2219,7.71062,-0.11679,0.850114,-0.0597452,-0.0507902,FRENET,0,3.50473,0,0,3.50473,0.22589,0
19.7344,23.2219,7.71062,-0.11679,0.850114,-0.0597452,-0.0507902,FRENET,0,3.50473,0,0,3.50473,0.22589,0
19.7392,23.2303,7.70951,-0.117377,0.849641,-0.0392742,-0.0333689,FRENET,0,3.50473,0,0,3.50473,0.22589,0
19.7423,23.2303,7.70951,-0.117377,0.849641,-0.0392742,-0.0333689,FRENET,0,3.50473,0,0,3.50473,0.22589,0
19.7465,23.2303,7.70951,-0.117377,0.849641,-0.0392742,-0.0333689,FRENET,0,3.50473,0,0,3.50473,0.22589,0
19.7505,23.2388,7.70845,-0.117487,0.849258,0.0227889,0.0193536,FRENET,0,3.50473,0,0,3.50473,0.22589,0
19.7547,23.2388,7.70845,-0.117487,0.849258,0.0227889,0.0193536,FRENET,0,3.50473,0,0,3.50473,0.22589,0
19.7595,23.2472,7.70746,-0.117122,0.848947,0.0254147,0.0215757,FGM,0.0939035,0.153272,0,0.0939035,3.26535,0.153272,0
19.7628,23.2472,7.70746,-0.117122,0.848947,0.0254147,0.0215757,FGM,0.0939035,0.153272,0,0.0939035,3.26535,0.153272,0
19.7671,23.2472,7.70746,-0.117122,0.848947,0.0254147,0.0215757,FGM,0.0939035,0.153272,0,0.0939035,3.26535,0.153272,0
19.7728,23.2557,7.70649,-0.116874,0.86428,0.0422009,0.0364734,FGM,0.0939035,0.153272,0,0.0939035,3.26535,0.153272,0
19.7757,23.2557,7.70649,-0.116874,0.86428,0.0422009,0.0364734,FGM,0.0939035,0.153272,0,0.0939035,3.26535,0.153272,0
19.7798,23.2644,7.70553,-0.116401,0.878884,0.0334505,0.0293991,FGM,0.0939035,0.153272,0,0.0939035,3.26535,0.153272,0
19.7829,23.2644,7.70553,-0.116401,0.878884,0.0334505,0.0293991,FGM,0.0939035,0.153272,0,0.0939035,3.26535,0.153272,0
19.7868,23.2644,7.70553,-0.116401,0.878884,0.0334505,0.0293991,FGM,0.0939035,0.153272,0,0.0939035,3.26535,0.153272,0
19.7918,23.2732,7.70452,-0.116315,0.892793,-0.0225515,-0.0201339,FGM,0.0939035,0.153272,0,0.0939035,3.26535,0.153272,0
19.7949,23.2732,7.70452,-0.116315,0.892793,-0.0225515,-0.0201339,FGM,0.0939035,0.153272,0,0.0939035,3.26535,0.153272,0
19.7997,23.2821,7.70343,-0.116899,0.906041,-0.0966395,-0.0875594,FGM,0.0939035,0.153272,0,0.0939035,3.26535,0.153272,0
19.8025,23.2821,7.70343,-0.116899,0.906041,-0.0966395,-0.0875594,FGM,0.0939035,0.153272,0,0.0939035,3.26535,0.153272,0
19.8067,23.2821,7.70343,-0.116899,0.906041,-0.0966395,-0.0875594,FGM,0.0939035,0.153272,0,0.0939035,3.26535,0.153272,0
19.8107,23.2911,7.70222,-0.118272,0.918659,-0.179117,-0.164547,FGM,0.0863723,0.157202,0,0.0863723,3.26535,0.157202,0
19.8149,23.2911,7.70222,-0.118272,0.918659,-0.179117,-0.164547,FGM,0.0863723,0.157202,0,0.0863723,3.26535,0.157202,0
19.8199,23.3003,7.70087,-0.120269,0.929861,-0.196251,-0.182486,FGM,0.0863723,0.157202,0,0.0863723,3.26535,0.157202,0
19.8228,23.3003,7.70087,-0.120269,0.929861,-0.196251,-0.182486,FGM,0.0863723,0.157202,0,0.0863723,3.26535,0.157202,0
19.8267,23.3003,7.70087,-0.120269,0.929861,-0.196251,-0.182486,FGM,0.0863723,0.157202,0,0.0863723,3.26535,0.157202,0
19.8309,23.3095,7.69949,-0.122036,0.940531,-0.148793,-0.139944,FGM,0.0863723,0.157202,0,0.0863723,3.26535,0.157202,0
19.8348,23.3095,7.69949,-0.122036,0.940531,-0.148793,-0.139944,FGM,0.0863723,0.157202,0,0.0863723,3.26535,0.157202,0
19.8396,23.3189,7.69812,-0.123181,0.950693,-0.0770119,-0.0732146,FGM,0.0863723,0.157202,0,0.0863723,3.26535,0.157202,0
19.8427,23.3189,7.69812,-0.123181,0.950693,-0.0770119,-0.0732146,FGM,0.0863723,0.157202,0,0.0863723,3.26535,0.157202,0
19.847,23.3189,7.69812,-0.123181,0.950693,-0.0770119,-0.0732146,FGM,0.0863723,0.157202,0,0.0863723,3.26535,0.157202,0
19.8507,23.3283,7.69683,-0.123547,0.960371,0.00536386,0.0051513,FGM,0.0863723,0.157202,0,0.0863723,3.26535,0.157202,0
19.8548,23.3283,7.69683,-0.123547,0.960371,0.00536386,0.0051513,FGM,0.0863723,0.157202,0,0.0863723,3.26535,0.157202,0
19.8596,23.3379,7.69563,-0.123058,0.96959,0.0932671,0.0904308,FGM,0.0863723,0.157202,0,0.0863723,3.26535,0.157202,0
19.8625,23.3379,7.69563,-0.123058,0.96959,0.0932671,0.0904308,FGM,0,0.2362,0,0,3.26535,0.2362,0
19.8667,23.3379,7.69563,-0.123058,0.96959,0.0932671,0.0904308,FGM,0,0.2362,0,0,3.26535,0.2362,0
19.8708,23.3476,7.69456,-0.121668,0.977492,0.185001,0.180837,FGM,0,0.2362,0,0,3.26535,0.2362,0
19.8747,23.3476,7.69456,-0.121668,0.977492,0.185001,0.180837,FGM,0,0.2362,0,0,3.26535,0.2362,0
19.8795,23.3574,7.69364,-0.119351,0.985018,0.278823,0.274646,FGM,0,0.2362,0,0,3.26535,0.2362,0
19.8826,23.3574,7.69364,-0.119351,0.985018,0.278823,0.274646,FGM,0,0.2362,0,0,3.26535,0.2362,0
19.8867,23.3574,7.69364,-0.119351,0.985018,0.278823,0.274646,FGM,0,0.2362,0,0,3.26535,0.2362,0
19.8905,23.3672,7.69284,-0.116324,0.992187,0.301743,0.299385,FGM,0,0.2362,0,0,3.26535,0.2362,0
19.8946,23.3672,7.69284,-0.116324,0.992187,0.301743,0.299385,FGM,0,0.2362,0,0,3.26535,0.2362,0
19.8996,23.3771,7.6921,-0.113502,0.999015,0.253809,0.253559,FGM,0,0.2362,0,0,3.26535,0.2362,0
19.9027,23.3771,7.6921,-0.113502,0.999015,0.253809,0.253559,FGM,0,0.2362,0,0,3.26535,0.2362,0
19.9068,23.3771,7.6921,-0.113502,0.999015,0.253809,0.253559,FGM,0,0.2362,0,0,3.26535,0.2362,0
19.9105,23.3871,7.69133,-0.111321,1.00552,0.178917,0.179905,FGM,0,0.2362,0,0,3.26535,0.2362,0
19.9147,23.3871,7.69133,-0.111321,1.00552,0.178917,0.179905,FGM,0.0681054,0.154152,0.0075331,0.0681054,3.03691,0.154152,0
19.9196,23.3972,7.69049,-0.109958,1.01087,0.0923309,0.0933341,FGM,0.0681054,0.154152,0.0075331,0.0681054,3.03691,0.154152,0
19.9227,23.3972,7.69049,-0.109958,1.01087,0.0923309,0.0933341,FGM,0.0681054,0.154152,0.0075331,0.0681054,3.03691,0.154152,0
19.9267,23.3972,7.69049,-0.109958,1.01087,0.0923309,0.0933341,FGM,0.0681054,0.154152,0.0075331,0.0681054,3.03691,0.154152,0
19.9307,23.4073,7.68953,-0.109491,1.01596,0.000368112,0.000373987,FGM,0.0681054,0.154152,0.0075331,0.0681054,3.03691,0.154152,0
19.9346,23.4073,7.68953,-0.109491,1.01596,0.000368112,0.000373987,FGM,0.0681054,0.154152,0.0075331,0.0681054,3.03691,0.154152,0
19.9393,23.4174,7.68845,-0.109959,1.02081,-0.0945633,-0.0965312,FGM,0.0681054,0.154152,0.0075331,0.0681054,3.03691,0.154152,0
19.9425,23.4174,7.68845,-0.109959,1.02081,-0.0945633,-0.0965312,FGM,0.0681054,0.154152,0.0075331,0.0681054,3.03691,0.154152,0
19.9466,23.4174,7.68845,-0.109959,1.02081,-0.0945633,-0.0965312,FGM,0.0681054,0.154152,0.0075331,0.0681054,3.03691,0.154152,0
19.9505,23.4276,7.68721,-0.111388,1.02543,-0.191399,-0.196267,FGM,0.0681054,0.154152,0.0075331,0.0681054,3.03691,0.154152,0
19.9546,23.4276,7.68721,-0.111388,1.02543,-0.191399,-0.196267,FGM,0.0681054,0.154152,0.0075331,0.0681054,3.03691,0.154152,0
19.9594,23.4377,7.68581,-0.113792,1.02983,-0.289616,-0.298255,FGM,0.0681054,0.154152,0.0075331,0.0681054,3.03691,0.154152,0
19.9631,23.4377,7.68581,-0.113792,1.02983,-0.289616,-0.298255,FGM,0.0665952,0.162445,0.00925904,0.0665952,3.03691,0.162445,0
19.9667,23.4377,7.68581,-0.113792,1.02983,-0.289616,-0.298255,FGM,0.0665952,0.162445,0.00925904,0.0665952,3.03691,0.162445,0
19.9708,23.4479,7.68423,-0.117187,1.03304,-0.389417,-0.402283,FGM,0.0665952,0.162445,0.00925904,0.0665952,3.03691,0.162445,0
19.9747,23.4479,7.68423,-0.117187,1.03304,-0.389417,-0.402283,FGM,0.0665952,0.162445,0.00925904,0.0665952,3.03691,0.162445,0
19.9792,23.4581,7.68246,-0.121582,1.03609,-0.48952,-0.507189,FGM,0.0665952,0.162445,0.00925904,0.0665952,3.03691,0.162445,0
19.9825,23.4581,7.68246,-0.121582,1.03609,-0.48952,-0.507189,FGM,0.0665952,0.162445,0.00925904,0.0665952,3.03691,0.162445,0
19.9865,23.4581,7.68246,-0.121582,1.03609,-0.48952,-0.507189,FGM,0.0665952,0.162445,0.00925904,0.0665952,3.03691,0.162445,0
19.9905,23.4683,7.68051,-0.126733,1.039,-0.515462,-0.535567,FGM,0.0665952,0.162445,0.00925904,0.0665952,3.03691,0.162445,0
19.9945,23.4683,7.68051,-0.126733,1.039,-0.515462,-0.535567,FGM,0.0665952,0.162445,0.00925904,0.0665952,3.03691,0.162445,0
19.9993,23.4785,7.67848,-0.131686,1.04177,-0.465942,-0.485406,FGM,0.0665952,0.162445,0.00925904,0.0665952,3.03691,0.162445,0
20.0025,23.4785,7.67848,-0.131686,1.04177,-0.465942,-0.485406,FGM,0.0665952,0.162445,0.00925904,0.0665952,3.03691,0.162445,0
20.0066,23.4785,7.67848,-0.131686,1.04177,-0.465942,-0.485406,FGM,0.0665952,0.162445,0.00925904,0.0665952,3.03691,0.162445,0
20.0106,23.4887,7.67643,-0.135972,1.04441,-0.387686,-0.404904,FGM,0.0665952,0.162445,0.00925904,0.0665952,3.03691,0.162445,0
20.0146,23.4887,7.67643,-0.135972,1.04441,-0.387686,-0.404904,FGM,0,0.253993,0.586116,0,0.2292,0.253993,0
20.0192,23.499,7.67442,-0.139406,1.04633,-0.297536,-0.311321,FGM,0,0.253993,0.586116,0,0.2292,0.253993,0
20.0224,23.499,7.67442,-0.139406,1.04633,-0.297536,-0.311321,FGM,0,0.253993,0.586116,0,0.2292,0.253993,0
20.0266,23.499,7.67442,-0.139406,1.04633,-0.297536,-0.311321,FGM,0,0.253993,0.586116,0,0.2292,0.253993,0
20.0305,23.5093,7.67249,-0.141908,1.04816,-0.202202,-0.21194,FGM,0,0.253993,0.586116,0,0.2292,0.253993,0
20.0344,23.5093,7.67249,-0.141908,1.04816,-0.202202,-0.21194,FGM,0,0.253993,0.586116,0,0.2292,0.253993,0
20.0394,23.5196,7.67066,-0.143442,1.0499,-0.104355,-0.109562,FGM,0,0.253993,0.586116,0,0.2292,0.253993,0
20.0426,23.5196,7.67066,-0.143442,1.0499,-0.104355,-0.109562,FGM,0,0.253993,0.586116,0,0.2292,0.253993,0
20.0466,23.5196,7.67066,-0.143442,1.0499,-0.104355,-0.109562,FGM,0,0.253993,0.586116,0,0.2292,0.253993,0
20.0505,23.53,7.66896,-0.143991,1.05156,-0.00512566,-0.00538991,FGM,0,0.253993,0.586116,0,0.2292,0.253993,0
20.0544,23.53,7.66896,-0.143991,1.05156,-0.00512566,-0.00538991,FGM,0,0.253993,0.586116,0,0.2292,0.253993,0
20.0599,23.5404,7.6674,-0.143542,1.05313,0.0949636,0.100009,FGM,0,0.253993,0.586116,0,0.2292,0.253993,0
20.0626,23.5404,7.6674,-0.143542,1.05313,0.0949636,0.100009,FRENET,0.586688,0.2292,0.586688,0.0475991,0.2292,0.160317,0
20.0666,23.5404,7.6674,-0.143542,1.05313,0.0949636,0.100009,FRENET,0.586688,0.2292,0.586688,0.0475991,0.2292,0.160317,0
20.0714,23.5504,7.66606,-0.141777,0.958034,0.242938,0.232742,FRENET,0.586688,0.2292,0.586688,0.0475991,0.2292,0.160317,0
20.0746,23.5504,7.66606,-0.141777,0.958034,0.242938,0.232742,FRENET,0.586688,0.2292,0.586688,0.0475991,0.2292,0.160317,0
20.0801,23.5594,7.66502,-0.138823,0.862934,0.338279,0.291912,FRENET,0.586688,0.2292,0.586688,0.0475991,0.2292,0.160317,0
20.0826,23.5594,7.66502,-0.138823,0.862934,0.338279,0.291912,FRENET,0.586688,0.2292,0.586688,0.0475991,0.2292,0.160317,0
20.0866,23.5594,7.66502,-0.138823,0.862934,0.338279,0.291912,FRENET,0.586688,0.2292,0.586688,0.0475991,0.2292,0.160317,0
20.0904,23.5675,7.66421,-0.135397,0.767834,0.301255,0.231314,FRENET,0.586688,0.2292,0.586688,0.0475991,0.2292,0.160317,0
20.0946,23.5675,7.66421,-0.135397,0.767834,0.301255,0.231314,FRENET,0.586688,0.2292,0.586688,0.0475991,0.2292,0.160317,0
20.1001,23.5747,7.66352,-0.13286,0.672734,0.19542,0.131466,FRENET,0.586688,0.2292,0.586688,0.0475991,0.2292,0.160317,0
20.1025,23.5747,7.66352,-0.13286,0.672734,0.19542,0.131466,FRENET,0.586688,0.2292,0.586688,0.0475991,0.2292,0.160317,0
20.1066,23.5747,7.66352,-0.13286,0.672734,0.19542,0.131466,FRENET,0.586688,0.2292,0.586688,0.0475991,0.2292,0.160317,0
20.1105,23.5809,7.66288,-0.13142,0.577634,0.0947687,0.0547416,FRENET,0.586688,0.2292,0.586688,0.0475991,0.2292,0.160317,0
20.1145,23.5809,7.66288,-0.13142,0.577634,0.0947687,0.0547416,FRENET,0,4.01118,0,0.0359401,4.01118,0.170266,0
20.1201,23.5867,7.66223,-0.130789,0.591999,0.0377089,0.0223236,FRENET,0,4.01118,0,0.0359401,4.01118,0.170266,0
20.1225,23.5867,7.66223,-0.130789,0.591999,0.0377089,0.0223236,FRENET,0,4.01118,0,0.0359401,4.01118,0.170266,0
20.1266,23.5867,7.66223,-0.130789,0.591999,0.0377089,0.0223236,FRENET,0,4.01118,0,0.0359401,4.01118,0.170266,0
20.1304,23.5927,7.66152,-0.130527,0.605682,0.0459267,0.027817,FRENET,0,4.01118,0,0.0359401,4.01118,0.170266,0
20.1345,23.5927,7.66152,-0.130527,0.605682,0.0459267,0.027817,FRENET,0,4.01118,0,0.0359401,4.01118,0.170266,0
20.1399,23.5988,7.66082,-0.12991,0.618713,0.0875175,0.0541483,FRENET,0,4.01118,0,0.0359401,4.01118,0.170266,0
20.1426,23.5988,7.66082,-0.12991,0.618713,0.0875175,0.0541483,FRENET,0,4.01118,0,0.0359401,4.01118,0.170266,0
20.1466,23.5988,7.66082,-0.12991,0.618713,0.0875175,0.0541483,FRENET,0,4.01118,0,0.0359401,4.01118,0.170266,0
20.1505,23.605,7.66014,-0.12896,0.631126,0.0767795,0.0484575,FRENET,0,4.01118,0,0.0359401,4.01118,0.170266,0
20.1545,23.605,7.66014,-0.12896,0.631126,0.0767795,0.0484575,FRENET,0,4.01118,0,0.0359401,4.01118,0.170266,0
20.16,23.6113,7.65946,-0.128181,0.642948,0.0998176,0.0641775,FRENET,0,4.01118,0,0.0359401,4.01118,0.170266,0
20.1625,23.6113,7.65946,-0.128181,0.642948,0.0998176,0.0641775,FRENET,0,4.01118,0,0.0359401,4.01118,0.170266,0
20.1665,23.6113,7.65946,-0.128181,0.642948,0.0998176,0.0641775,FRENET,0,4.01118,0,0.0878416,4.01118,0.457038,0
20.1705,23.6178,7.65879,-0.127152,0.654207,0.0839054,0.0548915,FRENET,0,4.01118,0,0.0878416,4.01118,0.457038,0
20.1748,23.6178,7.65879,-0.127152,0.654207,0.0839054,0.0548915,FRENET,0,4.01118,0,0.0878416,4.01118,0.457038,0
20.1801,23.6243,7.6581,-0.126321,0.664932,0.103844,0.069049,FRENET,0,4.01118,0,0.0878416,4.01118,0.457038,0
20.1825,23.6243,7.6581,-0.126321,0.664932,0.103844,0.069049,FRENET,0,4.01118,0,0.0878416,4.01118,0.457038,0
20.1868,23.6243,7.6581,-0.126321,0.664932,0.103844,0.069049,FRENET,0,4.01118,0,0.0878416,4.01118,0.457038,0
20.1906,23.631,7.65742,-0.125254,0.675146,0.0878318,0.0592993,FRENET,0,4.01118,0,0.0878416,4.01118,0.457038,0
20.1947,23.631,7.65742,-0.125254,0.675146,0.0878318,0.0592993,FRENET,0,4.01118,0,0.0878416,4.01118,0.457038,0
20.2002,23.6377,7.65673,-0.124389,0.684875,0.106615,0.0730178,FRENET,0,4.01118,0,0.0878416,4.01118,0.457038,0
20.2024,23.6377,7.65673,-0.124389,0.684875,0.106615,0.0730178,FRENET,0,4.01118,0,0.0878416,4.01118,0.457038,0
20.2068,23.6377,7.65673,-0.124389,0.684875,0.106615,0.0730178,FRENET,0,4.01118,0,0.0878416,4.01118,0.457038,0
20.2107,23.6446,7.65604,-0.123294,0.694141,0.0910273,0.0631858,FRENET,0,4.01118,0,0.0878416,4.01118,0.457038,0
20.2146,23.6446,7.65604,-0.123294,0.694141,0.0910273,0.0631858,FRENET,0,4.01118,0,0.0878416,4.01118,0.457038,0
20.2199,23.6516,7.65535,-0.1224,0.702967,0.109016,0.0766343,FRENET,0,2.71196,0,0.0726622,2.71196,0.447552,0
20.2225,23.6516,7.65535,-0.1224,0.702967,0.109016,0.0766343,FRENET,0,2.71196,0,0.0726622,2.71196,0.447552,0
20.2264,23.6516,7.65535,-0.1224,0.702967,0.109016,0.0766343,FRENET,0,2.71196,0,0.0726622,2.71196,0.447552,0
20.2304,23.6586,7.65465,-0.121281,0.718655,0.0948605,0.068172,FRENET,0,2.71196,0,0.0726622,2.71196,0.447552,0
20.2346,23.6586,7.65465,-0.121281,0.718655,0.0948605,0.068172,FRENET,0,2.71196,0,0.0726622,2.71196,0.447552,0
20.24,23.6659,7.65394,-0.120348,0.733597,0.111933,0.0821134,FRENET,0,2.71196,0,0.0726622,2.71196,0.447552,0
20.2426,23.6659,7.65394,-0.120348,0.733597,0.111933,0.0821134,FRENET,0,2.71196,0,0.0726622,2.71196,0.447552,0
20.2466,23.6659,7.65394,-0.120348,0.733597,0.111933,0.0821134,FRENET,0,2.71196,0,0.0726622,2.71196,0.447552,0
20.2505,23.6732,7.65324,-0.119192,0.747829,0.0991967,0.0741822,FRENET,0,2.71196,0,0.0726622,2.71196,0.447552,0
20.2546,23.6732,7.65324,-0.119192,0.747829,0.0991967,0.0741822,FRENET,0,2.71196,0,0.0726622,2.71196,0.447552,0
20.26,23.6807,7.65251,-0.118218,0.761384,0.115548,0.0879766,FRENET,0,2.71196,0,0.0726622,2.71196,0.447552,0
20.2628,23.6807,7.65251,-0.118218,0.761384,0.115548,0.0879766,FRENET,0,2.71196,0,0.0726622,2.71196,0.447552,0
20.2667,23.6807,7.65251,-0.118218,0.761384,0.115548,0.0879766,FRENET,0,2.71196,0,0.0705543,2.71196,0.468793,0
20.2706,23.6884,7.6518,-0.117024,0.774295,0.10336,0.0800311,FRENET,0,2.71196,0,0.0705543,2.71196,0.468793,0
20.2747,23.6884,7.6518,-0.117024,0.774295,0.10336,0.0800311,FRENET,0,2.71196,0,0.0705543,2.71196,0.468793,0
20.2802,23.6962,7.65106,-0.116011,0.786591,0.118939,0.0935564,FRENET,0,2.71196,0,0.0705543,2.71196,0.468793,0
20.2825,23.6962,7.65106,-0.116011,0.786591,0.118939,0.0935564,FRENET,0,2.71196,0,0.0705543,2.71196,0.468793,0
20.2865,23.6962,7.65106,-0.116011,0.786591,0.118939,0.0935564,FRENET,0,2.71196,0,0.0705543,2.71196,0.468793,0
20.2906,23.704,7.65034,-0.114783,0.798303,0.10714,0.0855303,FRENET,0,2.71196,0,0.0705543,2.71196,0.468793,0
20.2948,23.704,7.65034,-0.114783,0.798303,0.10714,0.0855303,FRENET,0,2.71196,0,0.0705543,2.71196,0.468793,0
20.2999,23.7121,7.6496,-0.113734,0.809458,0.122052,0.0987961,FRENET,0,2.71196,0,0.0705543,2.71196,0.468793,0
20.3028,23.7121,7.6496,-0.113734,0.809458,0.122052,0.0987961,FRENET,0,2.71196,0,0.0705543,2.71196,0.468793,0
20.3067,23.7121,7.6496,-0.113734,0.809458,0.122052,0.0987961,FRENET,0,2.71196,0,0.0705543,2.71196,0.468793,0
20.3105,23.7202,7.64888,-0.112474,0.820083,0.11056,0.0906682,FRENET,0,2.71196,0,0.0705543,2.71196,0.468793,0
20.3146,23.7202,7.64888,-0.112474,0.820083,0.11056,0.0906682,FRENET,0,2.71196,0,0.0705543,2.71196,0.468793,0
20.32,23.7284,7.64814,-0.111393,0.830202,0.124901,0.103693,FRENET,0.569267,0.185207,0.569267,0.0601021,0.185207,0.451997,0
20.3224,23.7284,7.64814,-0.111393,0.830202,0.124901,0.103693,FRENET,0.569267,0.185207,0.569267,0.0601021,0.185207,0.451997,0
20.3266,23.7284,7.64814,-0.111393,0.830202,0.124901,0.103693,FRENET,0.569267,0.185207,0.569267,0.0601021,0.185207,0.451997,0
20.3304,23.7362,7.64746,-0.11007,0.735102,0.101268,0.0744422,FRENET,0.569267,0.185207,0.569267,0.0601021,0.185207,0.451997,0
20.335,23.7362,7.64746,-0.11007,0.735102,0.101268,0.0744422,FRENET,0.569267,0.185207,0.569267,0.0601021,0.185207,0.451997,0
20.34,23.743,7.64685,-0.109129,0.640002,0.120874,0.0773594,FRENET,0.569267,0.185207,0.569267,0.0601021,0.185207,0.451997,0
20.3424,23.743,7.64685,-0.109129,0.640002,0.120874,0.0773594,FRENET,0.569267,0.185207,0.569267,0.0601021,0.185207,0.451997,0
20.3466,23.743,7.64685,-0.109129,0.640002,0.120874,0.0773594,FRENET,0.569267,0.185207,0.569267,0.0601021,0.185207,0.451997,0
20.3507,23.7489,7.64635,-0.107974,0.544902,0.0678852,0.0369908,FRENET,0.569267,0.185207,0.569267,0.0601021,0.185207,0.451997,0
20.3545,23.7489,7.64635,-0.107974,0.544902,0.0678852,0.0369908,FRENET,0.569267,0.185207,0.569267,0.0601021,0.185207,0.451997,0
20.3599,23.7539,7.64584,-0.1077,0.449802,0.0190505,0.00856895,FRENET,0.569267,0.185207,0.569267,0.0601021,0.185207,0.451997,0
20.3624,23.7539,7.64584,-0.1077,0.449802,0.0190505,0.00856895,FRENET,0.569267,0.185207,0.569267,0.0601021,0.185207,0.451997,0
20.3666,23.7539,7.64584,-0.1077,0.449802,0.0190505,0.00856895,FRENET,0.569267,0.185207,0.569267,0.0601021,0.185207,0.451997,0
20.3706,23.7579,7.6454,-0.10789,0.36425,-0.0162614,-0.0059232,FRENET,0.573241,0.190677,0.573241,0.0573265,0.190677,0.433747,0
20.3745,23.7579,7.6454,-0.10789,0.36425,-0.0162614,-0.0059232,FRENET,0.573241,0.190677,0.573241,0.0573265,0.190677,0.433747,0
20.3798,23.7612,7.64504,-0.108364,0.294969,-0.0381992,-0.0112676,FRENET,0.573241,0.190677,0.573241,0.0573265,0.190677,0.433747,0
20.3823,23.7612,7.64504,-0.108364,0.294969,-0.0381992,-0.0112676,FRENET,0.573241,0.190677,0.573241,0.0573265,0.190677,0.433747,0
20.3867,23.7612,7.64504,-0.108364,0.294969,-0.0381992,-0.0112676,FRENET,0.573241,0.190677,0.573241,0.0573265,0.190677,0.433747,0
20.3904,23.7639,7.64475,-0.108757,0.238866,-0.00410617,-0.000980826,FRENET,0.573241,0.190677,0.573241,0.0573265,0.190677,0.433747,0
20.3947,23.7639,7.64475,-0.108757,0.238866,-0.00410617,-0.000980826,FRENET,0.573241,0.190677,0.573241,0.0573265,0.190677,0.433747,0
20.4,23.766,7.64452,-0.109068,0.193434,-0.0184925,-0.00357708,FRENET,0.573241,0.190677,0.573241,0.0573265,0.190677,0.433747,0
20.4024,23.766,7.64452,-0.109068,0.193434,-0.0184925,-0.00357708,FRENET,0.573241,0.190677,0.573241,0.0573265,0.190677,0.433747,0
20.4064,23.766,7.64452,-0.109068,0.193434,-0.0184925,-0.00357708,FRENET,0.573241,0.190677,0.573241,0.0573265,0.190677,0.433747,0
20.4105,23.7677,7.64433,-0.10949,0.156643,-0.0266311,-0.00417157,FRENET,0.573241,0.190677,0.573241,0.0573265,0.190677,0.433747,0
20.4146,23.7677,7.64433,-0.10949,0.156643,-0.0266311,-0.00417157,FRENET,0.573241,0.190677,0.573241,0.0573265,0.190677,0.433747,0
20.4199,23.7692,7.64417,-0.10997,0.126849,-0.0303922,-0.00385523,FRENET,0.571058,0.190677,0.571058,0.0580845,0.190677,0.467439,0
20.4226,23.7692,7.64417,-0.10997,0.126849,-0.0303922,-0.00385523,FRENET,0.571058,0.190677,0.571058,0.0580845,0.190677,0.467439,0
20.4268,23.7692,7.64417,-0.10997,0.126849,-0.0303922,-0.00385523,FRENET,0.571058,0.190677,0.571058,0.0580845,0.190677,0.467439,0
20.4303,23.7703,7.64405,-0.110363,0.102723,-0.0109064,-0.00112034,FRENET,0.571058,0.190677,0.571058,0.0580845,0.190677,0.467439,0
20.4345,23.7703,7.64405,-0.110363,0.102723,-0.0109064,-0.00112034,FRENET,0.571058,0.190677,0.571058,0.0580845,0.190677,0.467439,0
20.44,23.7712,7.64394,-0.110678,0.0831847,-0.0133728,-0.00111242,FRENET,0.571058,0.190677,0.571058,0.0580845,0.190677,0.467439,0
20.4426,23.7712,7.64394,-0.110678,0.0831847,-0.0133728,-0.00111242,FRENET,0.571058,0.190677,0.571058,0.0580845,0.190677,0.467439,0
20.4466,23.7712,7.64394,-0.110678,0.0831847,-0.0133728,-0.00111242,FRENET,0.571058,0.190677,0.571058,0.0580845,0.190677,0.467439,0
20.4505,23.772,7.64386,-0.110936,0.067363,-0.000594535,-4.00496e-05,FRENET,0.571058,0.190677,0.571058,0.0580845,0.190677,0.467439,0
20.4546,23.772,7.64386,-0.110936,0.067363,-0.000594535,-4.00496e-05,FRENET,0.571058,0.190677,0.571058,0.0580845,0.190677,0.467439,0
20.4601,23.7726,7.64379,-0.111143,0.0545506,-0.00221195,-0.000120663,FRENET,0.571058,0.190677,0.571058,0.0580845,0.190677,0.467439,0
20.4624,23.7726,7.64379,-0.111143,0.0545506,-0.00221195,-0.000120663,FRENET,0.571058,0.190677,0.571058,0.0580845,0.190677,0.467439,0
20.4667,23.7726,7.64379,-0.111143,0.0545506,-0.00221195,-0.000120663,FRENET,0.571058,0.190677,0.571058,0.0580845,0.190677,0.467439,0
20.4704,23.7731,7.64374,-0.111312,0.044175,0.00616775,0.000272461,FRENET,0.0141132,2.60312,0.0141132,0.0522086,2.60312,0.445139,0
20.4746,23.7731,7.64374,-0.111312,0.044175,0.00616775,0.000272461,FRENET,0.0141132,2.60312,0.0141132,0.0522086,2.60312,0.445139,0
20.4801,23.7737,7.64367,-0.111538,0.0866309,-0.014716,-0.00127486,FRENET,0.0141132,2.60312,0.0141132,0.0522086,2.60312,0.445139,0
20.4824,23.7737,7.64367,-0.111538,0.0866309,-0.014716,-0.00127486,FRENET,0.0141132,2.60312,0.0141132,0.0522086,2.60312,0.445139,0
20.4867,23.7737,7.64367,-0.111538,0.0866309,-0.014716,-0.00127486,FRENET,0.0141132,2.60312,0.0141132,0.0522086,2.60312,0.445139,0
20.4905,23.7748,7.64355,-0.111898,0.127068,-0.0180062,-0.00228801,FRENET,0.0141132,2.60312,0.0141132,0.0522086,2.60312,0.445139,0
20.4945,23.7748,7.64355,-0.111898,0.127068,-0.0180062,-0.00228801,FRENET,0.0141132,2.60312,0.0141132,0.0522086,2.60312,0.445139,0
20.4999,23.7762,7.64338,-0.112251,0.165582,-0.0130868,-0.00216695,FRENET,0.0141132,2.60312,0.0141132,0.0522086,2.60312,0.445139,0
20.5025,23.7762,7.64338,-0.112251,0.165582,-0.0130868,-0.00216695,FRENET,0.0141132,2.60312,0.0141132,0.0522086,2.60312,0.445139,0
20.5066,23.7762,7.64338,-0.112251,0.165582,-0.0130868,-0.00216695,FRENET,0.0141132,2.60312,0.0141132,0.0522086,2.60312,0.445139,0
20.5111,23.7781,7.64318,-0.112515,0.202265,-0.000557901,-0.000112844,FRENET,0.0141132,2.60312,0.0141132,0.0522086,2.60312,0.445139,0
20.5147,23.7781,7.64318,-0.112515,0.202265,-0.000557901,-0.000112844,FRENET,0.0141132,2.60312,0.0141132,0.0522086,2.60312,0.445139,0
20.521,23.7802,7.64293,-0.112619,0.237204,0.0190505,0.00451885,FRENET,0,2.60312,0,0.0518134,2.60312,0.470634,0
20.5237,23.7802,7.64293,-0.112619,0.237204,0.0190505,0.00451885,FRENET,0,2.60312,0,0.0518134,2.60312,0.470634,0
20.5267,23.7802,7.64293,-0.112619,0.237204,0.0190505,0.00451885,FRENET,0,2.60312,0,0.0518134,2.60312,0.470634,0
20.5321,23.7828,7.64264,-0.112493,0.270481,0.045272,0.0122452,FRENET,0,2.60312,0,0.0518134,2.60312,0.470634,0
20.5349,23.7828,7.64264,-0.112493,0.270481,0.045272,0.0122452,FRENET,0,2.60312,0,0.0518134,2.60312,0.470634,0
20.5401,23.7856,7.64232,-0.112074,0.302176,0.0776989,0.0234787,FRENET,0,2.60312,0,0.0518134,2.60312,0.470634,0
20.5426,23.7856,7.64232,-0.112074,0.302176,0.0776989,0.0234787,FRENET,0,2.60312,0,0.0518134,2.60312,0.470634,0
20.5467,23.7856,7.64232,-0.112074,0.302176,0.0776989,0.0234787,FRENET,0,2.60312,0,0.0518134,2.60312,0.470634,0
20.5506,23.7888,7.64197,-0.111615,0.332364,0.0512712,0.0170407,FRENET,0,2.60312,0,0.0518134,2.60312,0.470634,0
20.5546,23.7888,7.64197,-0.111615,0.332364,0.0512712,0.0170407,FRENET,0,2.60312,0,0.0518134,2.60312,0.470634,0
20.56,23.7922,7.64158,-0.111108,0.361116,0.0891385,0.0321893,FRENET,0,2.60312,0,0.0518134,2.60312,0.470634,0
20.5625,23.7922,7.64158,-0.111108,0.361116,0.0891385,0.0321893,FRENET,0,2.60312,0,0.0518134,2.60312,0.470634,0
20.5666,23.7922,7.64158,-0.111108,0.361116,0.0891385,0.0321893,FRENET,0,2.60312,0,0.0518134,2.60312,0.470634,0
20.5719,23.7959,7.64117,-0.110565,0.388501,0.0567134,0.0220332,FRENET,0,2.31662,0,0.0504851,2.31662,0.440233,0
20.5745,23.7959,7.64117,-0.110565,0.388501,0.0567134,0.0220332,FRENET,0,2.31662,0,0.0504851,2.31662,0.440233,0
20.5802,23.8,7.64072,-0.109973,0.421363,0.100831,0.0424866,FRENET,0,2.31662,0,0.0504851,2.31662,0.440233,0
20.5824,23.8,7.64072,-0.109973,0.421363,0.100831,0.0424866,FRENET,0,2.31662,0,0.0504851,2.31662,0.440233,0
20.5867,23.8,7.64072,-0.109973,0.421363,0.100831,0.0424866,FRENET,0,2.31662,0,0.0504851,2.31662,0.440233,0
20.5906,23.8043,7.64025,-0.10934,0.452661,0.0629333,0.0284875,FRENET,0,2.31662,0,0.0504851,2.31662,0.440233,0
20.5947,23.8043,7.64025,-0.10934,0.452661,0.0629333,0.0284875,FRENET,0,2.31662,0,0.0504851,2.31662,0.440233,0
20.6001,23.809,7.63974,-0.108657,0.482471,0.112692,0.0543706,FRENET,0,2.31662,0,0.0504851,2.31662,0.440233,0
20.6024,23.809,7.63974,-0.108657,0.482471,0.112692,0.0543706,FRENET,0,2.31662,0,0.0504851,2.31662,0.440233,0
20.6067,23.809,7.63974,-0.108657,0.482471,0.112692,0.0543706,FRENET,0,2.31662,0,0.0504851,2.31662,0.440233,0
20.6105,23.8139,7.63922,-0.107905,0.510864,0.0697883,0.0356523,FRENET,0,2.31662,0,0.0504851,2.31662,0.440233,0
20.6146,23.8139,7.63922,-0.107905,0.510864,0.0697883,0.0356523,FRENET,0,2.31662,0,0.0504851,2.31662,0.440233,0
20.6199,23.8191,7.63876,-0.107272,0.537907,0.091171,0.0490415,FRENET,0,2.31662,0,0.0504851,2.31662,0.440233,0
20.6225,23.8191,7.63876,-0.107272,0.537907,0.091171,0.0490415,FRENET,0,2.31662,0,0.0448222,2.31662,0.469468,0
20.6268,23.8191,7.63876,-0.107272,0.537907,0.091171,0.0490415,FRENET,0,2.31662,0,0.0448222,2.31662,0.469468,0
20.6304,23.8246,7.6383,-0.106381,0.563664,0.0709214,0.0399758,FRENET,0,2.31662,0,0.0448222,2.31662,0.469468,0
20.6344,23.8246,7.6383,-0.106381,0.563664,0.0709214,0.0399758,FRENET,0,2.31662,0,0.0448222,2.31662,0.469468,0
20.6401,23.8303,7.63782,-0.105673,0.588196,0.0934239,0.0549515,FRENET,0,2.31662,0,0.0448222,2.31662,0.469468,0
20.6425,23.8303,7.63782,-0.105673,0.588196,0.0934239,0.0549515,FRENET,0,2.31662,0,0.0448222,2.31662,0.469468,0
20.6465,23.8303,7.63782,-0.105673,0.588196,0.0934239,0.0549515,FRENET,0,2.31662,0,0.0448222,2.31662,0.469468,0
20.6503,23.8363,7.63734,-0.104717,0.611562,0.077215,0.0472217,FRENET,0,2.31662,0,0.0448222,2.31662,0.469468,0
20.6545,23.8363,7.63734,-0.104717,0.611562,0.077215,0.0472217,FRENET,0,2.31662,0,0.0448222,2.31662,0.469468,0
20.66,23.8425,7.63683,-0.103942,0.633816,0.0985989,0.0624936,FRENET,0,2.31662,0,0.0448222,2.31662,0.469468,0
20.6625,23.8425,7.63683,-0.103942,0.633816,0.0985989,0.0624936,FRENET,0,2.31662,0,0.0448222,2.31662,0.469468,0
20.6666,23.8425,7.63683,-0.103942,0.633816,0.0985989,0.0624936,FRENET,0,2.31662,0,0.0448222,2.31662,0.469468,0
20.6706,23.849,7.63633,-0.102925,0.655012,0.0841503,0.0551195,FRENET,0,2.31662,0,0.0448222,2.31662,0.469468,0
20.6745,23.849,7.63633,-0.102925,0.655012,0.0841503,0.0551195,FRENET,0.0419122,1.98904,0.0419122,0.0194215,1.98904,0.458322,0
20.6799,23.8556,7.6358,-0.102089,0.670699,0.10394,0.0697125,FRENET,0.0419122,1.98904,0.0419122,0.0194215,1.98904,0.458322,0
20.6826,23.8556,7.6358,-0.102089,0.670699,0.10394,0.0697125,FRENET,0.0419122,1.98904,0.0419122,0.0194215,1.98904,0.458322,0
20.6865,23.8556,7.6358,-0.102089,0.670699,0.10394,0.0697125,FRENET,0.0419122,1.98904,0.0419122,0.0194215,1.98904,0.458322,0
20.6905,23.8623,7.63528,-0.101018,0.685639,0.089341,0.0612556,FRENET,0.0419122,1.98904,0.0419122,0.0194215,1.98904,0.458322,0
20.6945,23.8623,7.63528,-0.101018,0.685639,0.089341,0.0612556,FRENET,0.0419122,1.98904,0.0419122,0.0194215,1.98904,0.458322,0
20.6999,23.8692,7.63472,-0.10033,0.699869,0.0417672,0.0292315,FRENET,0.0419122,1.98904,0.0419122,0.0194215,1.98904,0.458322,0
20.7025,23.8692,7.63472,-0.10033,0.699869,0.0417672,0.0292315,FRENET,0.0419122,1.98904,0.0419122,0.0194215,1.98904,0.458322,0
20.7066,23.8692,7.63472,-0.10033,0.699869,0.0417672,0.0292315,FRENET,0.0419122,1.98904,0.0419122,0.0194215,1.98904,0.458322,0
20.7105,23.8763,7.63409,-0.100004,0.713422,0.0479231,0.0341894,FRENET,0.0419122,1.98904,0.0419122,0.0194215,1.98904,0.458322,0
20.7147,23.8763,7.63409,-0.100004,0.713422,0.0479231,0.0341894,FRENET,0.0419122,1.98904,0.0419122,0.0194215,1.98904,0.458322,0
20.72,23.8834,7.63346,-0.0995215,0.72633,0.0293551,0.0213215,FRENET,0.0419122,1.98904,0.0419122,0.0194215,1.98904,0.458322,0
20.7227,23.8834,7.63346,-0.0995215,0.72633,0.0293551,0.0213215,FRENET,0.0231316,1.98904,0.0231316,0.063249,1.98904,0.621162,0
20.7264,23.8834,7.63346,-0.0995215,0.72633,0.0293551,0.0213215,FRENET,0.0231316,1.98904,0.0231316,0.063249,1.98904,0.621162,0
20.7306,23.8907,7.63279,-0.0992593,0.738625,0.0437253,0.0322966,FRENET,0.0231316,1.98904,0.0231316,0.063249,1.98904,0.621162,0
20.7345,23.8907,7.63279,-0.0992593,0.738625,0.0437253,0.0322966,FRENET,0.0231316,1.98904,0.0231316,0.063249,1.98904,0.621162,0
20.7398,23.8981,7.63212,-0.0987959,0.750336,0.0288554,0.0216512,FRENET,0.0231316,1.98904,0.0231316,0.063249,1.98904,0.621162,0
20.7424,23.8981,7.63212,-0.0987959,0.750336,0.0288554,0.0216512,FRENET,0.0231316,1.98904,0.0231316,0.063249,1.98904,0.621162,0
20.7464,23.8981,7.63212,-0.0987959,0.750336,0.0288554,0.0216512,FRENET,0.0231316,1.98904,0.0231316,0.063249,1.98904,0.621162,0
20.7504,23.9057,7.63144,-0.0985339,0.761489,0.0437018,0.0332785,FRENET,0.0231316,1.98904,0.0231316,0.063249,1.98904,0.621162,0
20.7544,23.9057,7.63144,-0.0985339,0.761489,0.0437018,0.0332785,FRENET,0.0231316,1.98904,0.0231316,0.063249,1.98904,0.621162,0
20.7596,23.9133,7.63075,-0.0980662,0.772112,0.0298036,0.0230118,FRENET,0.0231316,1.98904,0.0231316,0.063249,1.98904,0.621162,0
20.7625,23.9133,7.63075,-0.0980662,0.772112,0.0298036,0.0230118,FRENET,0.0231316,1.98904,0.0231316,0.063249,1.98904,0.621162,0
20.7666,23.9133,7.63075,-0.0980662,0.772112,0.0298036,0.0230118,FRENET,0.0231316,1.98904,0.0231316,0.063249,1.98904,0.621162,0
20.7705,23.921,7.63004,-0.0977956,0.78223,0.0442901,0.0346451,FRENET,0.0231316,1.98904,0.0231316,0.063249,1.98904,0.621162,0
20.7745,23.921,7.63004,-0.0977956,0.78223,0.0442901,0.0346451,FRENET,0.564757,0.164803,0.564757,0.0546214,0.164803,0.632222,0
20.7799,23.9284,7.62941,-0.0971483,0.68713,0.0676811,0.0465058,FRENET,0.564757,0.164803,0.564757,0.0546214,0.164803,0.632222,0
20.7825,23.9284,7.62941,-0.0971483,0.68713,0.0676811,0.0465058,FRENET,0.564757,0.164803,0.564757,0.0546214,0.164803,0.632222,0
20.7866,23.9284,7.62941,-0.0971483,0.68713,0.0676811,0.0465058,FRENET,0.564757,0.164803,0.564757,0.0546214,0.164803,0.632222,0
20.7905,23.9347,7.62888,-0.0963331,0.59203,0.111515,0.0660203,FRENET,0.564757,0.164803,0.564757,0.0546214,0.164803,0.632222,0
20.7945,23.9347,7.62888,-0.0963331,0.59203,0.111515,0.0660203,FRENET,0.564757,0.164803,0.564757,0.0546214,0.164803,0.632222,0
20.7998,23.9402,7.62846,-0.0954283,0.49693,0.093481,0.0464535,FRENET,0.564757,0.164803,0.564757,0.0546214,0.164803,0.632222,0
20.8024,23.9402,7.62846,-0.0954283,0.49693,0.093481,0.0464535,FRENET,0.564757,0.164803,0.564757,0.0546214,0.164803,0.632222,0
20.8064,23.9402,7.62846,-0.0954283,0.49693,0.093481,0.0464535,FRENET,0.564757,0.164803,0.564757,0.0546214,0.164803,0.632222,0
20.8104,23.9446,7.62803,-0.0952028,0.402414,0.0453066,0.018232,FRENET,0.564757,0.164803,0.564757,0.0546214,0.164803,0.632222,0
20.8145,23.9446,7.62803,-0.0952028,0.402414,0.0453066,0.018232,FRENET,0.564757,0.164803,0.564757,0.0546214,0.164803,0.632222,0
20.8198,23.9483,7.62768,-0.0953731,0.325875,0.0137149,0.00446935,FRENET,0.564757,0.164803,0.564757,0.0546214,0.164803,0.632222,0
20.8225,23.9483,7.62768,-0.0953731,0.325875,0.0137149,0.00446935,FRENET,0.564757,0.164803,0.564757,0.0546214,0.164803,0.632222,0
20.8265,23.9483,7.62768,-0.0953731,0.325875,0.0137149,0.00446935,FRENET,0,2.7704,0,0.0853541,2.7704,0.637089,0
20.8305,23.9512,7.6274,-0.0957971,0.263893,-0.00591173,-0.00156007,FRENET,0,2.7704,0,0.0853541,2.7704,0.637089,0
20.8346,23.9512,7.6274,-0.0957971,0.263893,-0.00591173,-0.00156007,FRENET,0,2.7704,0,0.0853541,2.7704,0.637089,0
20.84,23.954,7.62713,-0.0962031,0.298,0.0164172,0.00489234,FRENET,0,2.7704,0,0.0853541,2.7704,0.637089,0
20.8427,23.954,7.62713,-0.0962031,0.298,0.0164172,0.00489234,FRENET,0,2.7704,0,0.0853541,2.7704,0.637089,0
20.8466,23.954,7.62713,-0.0962031,0.298,0.0164172,0.00489234,FRENET,0,2.7704,0,0.0853541,2.7704,0.637089,0
20.8504,23.9571,7.62683,-0.0966629,0.330484,-0.0188362,-0.00622506,FRENET,0,2.7704,0,0.0853541,2.7704,0.637089,0
20.8544,23.9571,7.62683,-0.0966629,0.330484,-0.0188362,-0.00622506,FRENET,0,2.7704,0,0.0853541,2.7704,0.637089,0
20.8601,23.9606,7.62649,-0.0971637,0.361424,0.0102686,0.00371133,FRENET,0,2.7704,0,0.0853541,2.7704,0.637089,0
20.8627,23.9606,7.62649,-0.0971637,0.361424,0.0102686,0.00371133,FRENET,0,2.7704,0,0.0853541,2.7704,0.637089,0
20.8668,23.9606,7.62649,-0.0971637,0.361424,0.0102686,0.00371133,FRENET,0,2.7704,0,0.0853541,2.7704,0.637089,0
20.871,23.9643,7.62613,-0.0973436,0.390893,0.0453066,0.01771,FRENET,0,2.7704,0,0.0853541,2.7704,0.637089,0
20.8746,23.9643,7.62613,-0.0973436,0.390893,0.0453066,0.01771,FRENET,0,2.7704,0,0.0853541,2.7704,0.637089,0
20.8801,23.9683,7.62573,-0.0971451,0.418961,0.0859223,0.0359981,FRENET,0,2.7704,0,0.00697541,2.7704,0.493116,0
20.8823,23.9683,7.62573,-0.0971451,0.418961,0.0859223,0.0359981,FRENET,0,2.7704,0,0.00697541,2.7704,0.493116,0
20.8864,23.9683,7.62573,-0.0971451,0.418961,0.0859223,0.0359981,FRENET,0,2.7704,0,0.00697541,2.7704,0.493116,0
20.8904,23.9727,7.62532,-0.096514,0.445694,0.13181,0.0587469,FRENET,0,2.7704,0,0.00697541,2.7704,0.493116,0
20.8944,23.9727,7.62532,-0.096514,0.445694,0.13181,0.0587469,FRENET,0,2.7704,0,0.00697541,2.7704,0.493116,0
20.8998,23.9772,7.62488,-0.0953988,0.471156,0.182709,0.0860845,FRENET,0,2.7704,0,0.00697541,2.7704,0.493116,0
20.9025,23.9772,7.62488,-0.0953988,0.471156,0.182709,0.0860845,FRENET,0,2.7704,0,0.00697541,2.7704,0.493116,0
20.9065,23.9772,7.62488,-0.0953988,0.471156,0.182709,0.0860845,FRENET,0,2.7704,0,0.00697541,2.7704,0.493116,0
20.9103,23.982,7.62442,-0.0942272,0.495407,0.141459,0.0700795,FRENET,0,2.7704,0,0.00697541,2.7704,0.493116,0
20.9143,23.982,7.62442,-0.0942272,0.495407,0.141459,0.0700795,FRENET,0,2.7704,0,0.00697541,2.7704,0.493116,0
20.9198,23.9871,7.62406,-0.0928601,0.518505,0.104087,0.0539694,FRENET,0,2.7704,0,0.00697541,2.7704,0.493116,0
20.9224,23.9871,7.62406,-0.0928601,0.518505,0.104087,0.0539694,FRENET,0,2.7704,0,0.00697541,2.7704,0.493116,0
20.9265,23.9871,7.62406,-0.0928601,0.518505,0.104087,0.0539694,FRENET,0.541071,0.170212,0.541071,0,0.170212,0.53412,0
20.9305,23.9924,7.62377,-0.0915937,0.540504,0.103719,0.0560607,FRENET,0.541071,0.170212,0.541071,0,0.170212,0.53412,0
20.9346,23.9924,7.62377,-0.0915937,0.540504,0.103719,0.0560607,FRENET,0.541071,0.170212,0.541071,0,0.170212,0.53412,0
20.9398,23.9973,7.62336,-0.0904064,0.445404,0.121447,0.054093,FRENET,0.541071,0.170212,0.541071,0,0.170212,0.53412,0
20.9425,23.9973,7.62336,-0.0904064,0.445404,0.121447,0.054093,FRENET,0.541071,0.170212,0.541071,0,0.170212,0.53412,0
20.9466,23.9973,7.62336,-0.0904064,0.445404,0.121447,0.054093,FRENET,0.541071,0.170212,0.541071,0,0.170212,0.53412,0
20.9504,24.0013,7.623,-0.0894209,0.360688,0.0615589,0.0222036,FRENET,0.541071,0.170212,0.541071,0,0.170212,0.53412,0

--- Experiment Summary ---
Scenario,Mux_playground_WS0.5053_WT0.8522_WC1.4159_WCL2.7225_WD2.5519_DM0.2394_Opp_bumper_slow_1.5.csv
Mode,MUX_OBSTACLE
Finish Reason,GOAL REACHED
Duration (s),20.95
Total Dist (m),34.06
Collision,NO
FRENET Usage (%),56.94
FGM Usage (%),43.06
Max Speed (m/s),3.72
Max Lat Acc (m/s^2),1.71
Global Min Dist (m),0.00
Global Unsafe Ratio,0.97
Global Track RMS (m),1.17
Global Lat Acc RMS,0.43
FGM Min Dist (m),0.00
FGM Unsafe Ratio,0.96
FGM Track RMS (m),0.33
